01544500 1995 1 1 236.0489 A
01544500 1995 1 2 151.7994 A
01544500 1995 1 3 157.0364 A
01544500 1995 1 4 152.0622 A
01544500 1995 1 5 149.8135 A
01544500 1995 1 6 182.0533 A
01544500 1995 1 7 171.2144 A
01544500 1995 1 8 194.6008 A
01544500 1995 1 9 230.2842 A
01544500 1995 1 10 207.4452 A
01544500 1995 1 11 236.3121 A
01544500 1995 1 12 214.7181 A
01544500 1995 1 13 223.0460 A
01544500 1995 1 14 215.0162 A
01544500 1995 1 15 246.1870 A
01544500 1995 1 16 198.2284 A
01544500 1995 1 17 210.3451 A
01544500 1995 1 18 199.8399 A
01544500 1995 1 19 213.5924 A
01544500 1995 1 20 218.8608 A
01544500 1995 1 21 224.9556 A
01544500 1995 1 22 194.3696 A
01544500 1995 1 23 185.3190 A
01544500 1995 1 24 270.3289 A
01544500 1995 1 25 305.7201 A
01544500 1995 1 26 329.2091 A
01544500 1995 1 27 242.5113 A
01544500 1995 1 28 235.5097 A
01544500 1995 1 29 276.8533 A
01544500 1995 1 30 243.6453 A
01544500 1995 1 31 267.5803 A
01544500 1995 2 1 298.6839 A
01544500 1995 2 2 349.8495 A
01544500 1995 2 3 367.5574 A
01544500 1995 2 4 264.2154 A
01544500 1995 2 5 261.4105 A
01544500 1995 2 6 369.3133 A
01544500 1995 2 7 338.8594 A
01544500 1995 2 8 289.0551 A
01544500 1995 2 9 336.4853 A
01544500 1995 2 10 352.0369 A
01544500 1995 2 11 329.1052 A
01544500 1995 2 12 326.4114 A
01544500 1995 2 13 322.6933 A
01544500 1995 2 14 348.4237 A
01544500 1995 2 15 430.9672 A
01544500 1995 2 16 426.8793 A
01544500 1995 2 17 352.3959 A
01544500 1995 2 18 357.9685 A
01544500 1995 2 19 438.8304 A
01544500 1995 2 20 445.7170 A
01544500 1995 2 21 407.3266 A
01544500 1995 2 22 386.9295 A
01544500 1995 2 23 437.8468 A
01544500 1995 2 24 421.7798 A
01544500 1995 2 25 439.2014 A
01544500 1995 2 26 414.9850 A
01544500 1995 2 27 566.1763 A
01544500 1995 2 28 467.1088 A
01544500 1995 3 1 495.8991 A
01544500 1995 3 2 461.7761 A
01544500 1995 3 3 469.0965 A
01544500 1995 3 4 489.4693 A
01544500 1995 3 5 508.4089 A
01544500 1995 3 6 530.0061 A
01544500 1995 3 7 492.9105 A
01544500 1995 3 8 538.2172 A
01544500 1995 3 9 684.3987 A
01544500 1995 3 10 857.6807 A
01544500 1995 3 11 884.0594 A
01544500 1995 3 12 813.4498 A
01544500 1995 3 13 795.5762 A
01544500 1995 3 14 765.3196 A
01544500 1995 3 15 759.7822 A
01544500 1995 3 16 789.4142 A
01544500 1995 3 17 858.8895 A
01544500 1995 3 18 939.1292 A
01544500 1995 3 19 927.1744 A
01544500 1995 3 20 893.4033 A
01544500 1995 3 21 966.9594 A
01544500 1995 3 22 952.8752 A
01544500 1995 3 23 996.4806 A
01544500 1995 3 24 1016.7980 A
01544500 1995 3 25 975.6740 A
01544500 1995 3 26 1046.6038 A
01544500 1995 3 27 1075.4473 A
01544500 1995 3 28 1259.6113 A
01544500 1995 3 29 1097.7221 A
01544500 1995 3 30 1223.1303 A
01544500 1995 3 31 1279.0410 A
01544500 1995 4 1 1128.8816 A
01544500 1995 4 2 1179.4393 A
01544500 1995 4 3 1218.4856 A
01544500 1995 4 4 1162.5155 A
01544500 1995 4 5 1139.8610 A
01544500 1995 4 6 1335.4242 A
01544500 1995 4 7 1173.7415 A
01544500 1995 4 8 1189.2689 A
01544500 1995 4 9 1192.1198 A
01544500 1995 4 10 1180.2335 A
01544500 1995 4 11 1181.9034 A
01544500 1995 4 12 1161.4925 A
01544500 1995 4 13 1248.6050 A
01544500 1995 4 14 1297.3924 A
01544500 1995 4 15 1347.4924 A
01544500 1995 4 16 1240.7876 A
01544500 1995 4 17 1259.7969 A
01544500 1995 4 18 1314.4732 A
01544500 1995 4 19 1306.0315 A
01544500 1995 4 20 1295.6343 A
01544500 1995 4 21 1470.5848 A
01544500 1995 4 22 1371.2944 A
01544500 1995 4 23 1472.3438 A
01544500 1995 4 24 1516.8544 A
01544500 1995 4 25 1462.2398 A
01544500 1995 4 26 1438.2985 A
01544500 1995 4 27 1408.7601 A
01544500 1995 4 28 1418.6869 A
01544500 1995 4 29 1617.5025 A
01544500 1995 4 30 1466.0250 A
01544500 1995 5 1 1514.7836 A
01544500 1995 5 2 1484.1385 A
01544500 1995 5 3 1531.0653 A
01544500 1995 5 4 1496.2986 A
01544500 1995 5 5 1620.0877 A
01544500 1995 5 6 1567.6612 A
01544500 1995 5 7 1624.9401 A
01544500 1995 5 8 1624.2972 A
01544500 1995 5 9 1639.0950 A
01544500 1995 5 10 1745.6565 A
01544500 1995 5 11 1632.9054 A
01544500 1995 5 12 1625.0215 A
01544500 1995 5 13 1606.8167 A
01544500 1995 5 14 1621.1969 A
01544500 1995 5 15 1748.6322 A
01544500 1995 5 16 1653.3562 A
01544500 1995 5 17 1691.7458 A
01544500 1995 5 18 1774.3558 A
01544500 1995 5 19 1688.1466 A
01544500 1995 5 20 1854.5511 A
01544500 1995 5 21 1701.1659 A
01544500 1995 5 22 1815.3291 A
01544500 1995 5 23 1836.7653 A
01544500 1995 5 24 1733.4669 A
01544500 1995 5 25 1763.1255 A
01544500 1995 5 26 1722.9517 A
01544500 1995 5 27 1823.0782 A
01544500 1995 5 28 1805.3336 A
01544500 1995 5 29 1735.8575 A
01544500 1995 5 30 1776.0026 A
01544500 1995 5 31 1749.1291 A
01544500 1995 6 1 1813.1869 A
01544500 1995 6 2 1801.2590 A
01544500 1995 6 3 1799.1094 A
01544500 1995 6 4 1890.3556 A
01544500 1995 6 5 1827.1011 A
01544500 1995 6 6 1812.9066 A
01544500 1995 6 7 1813.1697 A
01544500 1995 6 8 1900.6541 A
01544500 1995 6 9 2032.8198 A
01544500 1995 6 10 1843.7836 A
01544500 1995 6 11 1900.2581 A
01544500 1995 6 12 1872.9444 A
01544500 1995 6 13 1979.4406 A
01544500 1995 6 14 2093.2297 A
01544500 1995 6 15 1977.8045 A
01544500 1995 6 16 1941.6512 A
01544500 1995 6 17 2108.4757 A
01544500 1995 6 18 1963.7708 A
01544500 1995 6 19 2028.3252 A
01544500 1995 6 20 2054.9504 A
01544500 1995 6 21 2002.0709 A
01544500 1995 6 22 2184.0142 A
01544500 1995 6 23 2072.0135 A
01544500 1995 6 24 2065.3627 A
01544500 1995 6 25 2074.3221 A
01544500 1995 6 26 2169.2648 A
01544500 1995 6 27 2073.0774 A
01544500 1995 6 28 2122.0920 A
01544500 1995 6 29 2060.7037 A
01544500 1995 6 30 2127.6777 A
01544500 1995 7 1 2104.8462 A
01544500 1995 7 2 2200.0478 A
01544500 1995 7 3 2205.9007 A
01544500 1995 7 4 2163.8776 A
01544500 1995 7 5 2089.6156 A
01544500 1995 7 6 2113.8661 A
01544500 1995 7 7 2241.7731 A
01544500 1995 7 8 2204.6035 A
01544500 1995 7 9 2228.4712 A
01544500 1995 7 10 2169.6226 A
01544500 1995 7 11 2266.1967 A
01544500 1995 7 12 2230.4659 A
01544500 1995 7 13 2240.8582 A
01544500 1995 7 14 2263.5622 A
01544500 1995 7 15 2227.8093 A
01544500 1995 7 16 2271.7891 A
01544500 1995 7 17 2213.1009 A
01544500 1995 7 18 2233.1159 A
01544500 1995 7 19 2321.0988 A
01544500 1995 7 20 2251.7653 A
01544500 1995 7 21 2245.4071 A
01544500 1995 7 22 2388.7155 A
01544500 1995 7 23 2309.2571 A
01544500 1995 7 24 2277.3997 A
01544500 1995 7 25 2327.8062 A
01544500 1995 7 26 2342.1031 A
01544500 1995 7 27 2311.8268 A
01544500 1995 7 28 2333.8367 A
01544500 1995 7 29 2316.6901 A
01544500 1995 7 30 2370.8456 A
01544500 1995 7 31 2408.2466 A
01544500 1995 8 1 2457.2460 A
01544500 1995 8 2 2383.5382 A
01544500 1995 8 3 2360.8998 A
01544500 1995 8 4 2445.4285 A
01544500 1995 8 5 2437.5676 A
01544500 1995 8 6 2402.2351 A
01544500 1995 8 7 2670.4407 A
01544500 1995 8 8 2487.6911 A
01544500 1995 8 9 2558.1226 A
01544500 1995 8 10 2482.9026 A
01544500 1995 8 11 2522.3873 A
01544500 1995 8 12 2553.3883 A
01544500 1995 8 13 2491.5848 A
01544500 1995 8 14 2560.6736 A
01544500 1995 8 15 2510.8452 A
01544500 1995 8 16 2542.2795 A
01544500 1995 8 17 2684.4815 A
01544500 1995 8 18 2535.8442 A
01544500 1995 8 19 2538.7934 A
01544500 1995 8 20 2546.5594 A
01544500 1995 8 21 2545.9170 A
01544500 1995 8 22 2513.0933 A
01544500 1995 8 23 2611.2627 A
01544500 1995 8 24 2615.1972 A
01544500 1995 8 25 2564.5087 A
01544500 1995 8 26 2555.3284 A
01544500 1995 8 27 2543.4981 A
01544500 1995 8 28 2607.7646 A
01544500 1995 8 29 2587.2599 A
01544500 1995 8 30 2602.0728 A
01544500 1995 8 31 2559.8358 A
01544500 1995 9 1 2637.7703 A
01544500 1995 9 2 2624.3221 A
01544500 1995 9 3 2717.7667 A
01544500 1995 9 4 2589.2630 A
01544500 1995 9 5 2619.8144 A
01544500 1995 9 6 2639.9197 A
01544500 1995 9 7 2731.3322 A
01544500 1995 9 8 2819.1590 A
01544500 1995 9 9 2623.4213 A
01544500 1995 9 10 2667.6403 A
01544500 1995 9 11 2681.2052 A
01544500 1995 9 12 2712.2762 A
01544500 1995 9 13 2690.3633 A
01544500 1995 9 14 2658.2449 A
01544500 1995 9 15 2742.9621 A
01544500 1995 9 16 2711.3737 A
01544500 1995 9 17 2677.7357 A
01544500 1995 9 18 2670.5999 A
01544500 1995 9 19 2721.3278 A
01544500 1995 9 20 2694.8183 A
01544500 1995 9 21 2681.2055 A
01544500 1995 9 22 2724.2073 A
01544500 1995 9 23 2688.7706 A
01544500 1995 9 24 2708.0514 A
01544500 1995 9 25 2705.4547 A
01544500 1995 9 26 2700.4046 A
01544500 1995 9 27 2741.6590 A
01544500 1995 9 28 2700.8539 A
01544500 1995 9 29 2715.8184 A
01544500 1995 9 30 2692.8875 A
01544500 1995 10 1 2715.0363 A
01544500 1995 10 2 2719.3754 A
01544500 1995 10 3 2700.6306 A
01544500 1995 10 4 2705.3963 A
01544500 1995 10 5 2764.3800 A
01544500 1995 10 6 2802.8678 A
01544500 1995 10 7 2741.0405 A
01544500 1995 10 8 2723.4074 A
01544500 1995 10 9 2723.5331 A
01544500 1995 10 10 2713.7480 A
01544500 1995 10 11 2710.4702 A
01544500 1995 10 12 2715.4475 A
01544500 1995 10 13 2743.6575 A
01544500 1995 10 14 2699.6467 A
01544500 1995 10 15 2723.6895 A
01544500 1995 10 16 2750.0371 A
01544500 1995 10 17 2756.2834 A
01544500 1995 10 18 2708.1570 A
01544500 1995 10 19 2711.3379 A
01544500 1995 10 20 2719.7022 A
01544500 1995 10 21 2779.0350 A
01544500 1995 10 22 2787.4579 A
01544500 1995 10 23 2795.2882 A
01544500 1995 10 24 2797.6665 A
01544500 1995 10 25 2758.3301 A
01544500 1995 10 26 2739.3065 A
01544500 1995 10 27 2769.8700 A
01544500 1995 10 28 2743.0511 A
01544500 1995 10 29 2750.2889 A
01544500 1995 10 30 2754.6355 A
01544500 1995 10 31 2807.4304 A
01544500 1995 11 1 2770.9405 A
01544500 1995 11 2 2749.3206 A
01544500 1995 11 3 2743.7604 A
01544500 1995 11 4 2823.1628 A
01544500 1995 11 5 2829.0141 A
01544500 1995 11 6 2776.5290 A
01544500 1995 11 7 2774.6584 A
01544500 1995 11 8 2820.1073 A
01544500 1995 11 9 2809.0561 A
01544500 1995 11 10 2813.0579 A
01544500 1995 11 11 2828.4077 A
01544500 1995 11 12 2764.9203 A
01544500 1995 11 13 2755.6236 A
01544500 1995 11 14 2780.9798 A
01544500 1995 11 15 2781.4442 A
01544500 1995 11 16 2791.0315 A
01544500 1995 11 17 2779.5767 A
01544500 1995 11 18 2922.1997 A
01544500 1995 11 19 2803.1658 A
01544500 1995 11 20 2818.6350 A
01544500 1995 11 21 2801.9285 A
01544500 1995 11 22 2826.0942 A
01544500 1995 11 23 2790.2756 A
01544500 1995 11 24 2792.0600 A
01544500 1995 11 25 2810.2020 A
01544500 1995 11 26 2858.4482 A
01544500 1995 11 27 2797.1202 A
01544500 1995 11 28 2801.1923 A
01544500 1995 11 29 2837.9943 A
01544500 1995 11 30 2828.0507 A
01544500 1995 12 1 2797.9573 A
01544500 1995 12 2 2809.2103 A
01544500 1995 12 3 2863.6098 A
01544500 1995 12 4 2833.3283 A
01544500 1995 12 5 2858.9783 A
01544500 1995 12 6 2877.8428 A
01544500 1995 12 7 2936.0281 A
01544500 1995 12 8 2928.8437 A
01544500 1995 12 9 2876.6949 A
01544500 1995 12 10 2894.8482 A
01544500 1995 12 11 2914.5301 A
01544500 1995 12 12 2864.3704 A
01544500 1995 12 13 3013.0475 A
01544500 1995 12 14 2899.7417 A
01544500 1995 12 15 2928.1814 A
01544500 1995 12 16 2946.9879 A
01544500 1995 12 17 2954.5734 A
01544500 1995 12 18 2942.9013 A
01544500 1995 12 19 2942.4012 A
01544500 1995 12 20 2905.0313 A
01544500 1995 12 21 2940.1161 A
01544500 1995 12 22 2934.3169 A
01544500 1995 12 23 2922.0866 A
01544500 1995 12 24 2930.7289 A
01544500 1995 12 25 2987.1051 A
01544500 1995 12 26 2908.5873 A
01544500 1995 12 27 2935.8322 A
01544500 1995 12 28 2922.8305 A
01544500 1995 12 29 2918.0404 A
01544500 1995 12 30 2928.2974 A
01544500 1995 12 31 2982.1767 A
01544500 1996 1 1 2939.1651 A
01544500 1996 1 2 2902.1004 A
01544500 1996 1 3 2910.6199 A
01544500 1996 1 4 3019.5077 A
01544500 1996 1 5 2924.4610 A
01544500 1996 1 6 2941.4337 A
01544500 1996 1 7 3014.1822 A
01544500 1996 1 8 3012.7435 A
01544500 1996 1 9 2958.1029 A
01544500 1996 1 10 2991.3794 A
01544500 1996 1 11 2957.2650 A
01544500 1996 1 12 3015.4886 A
01544500 1996 1 13 2948.8439 A
01544500 1996 1 14 3009.7986 A
01544500 1996 1 15 3027.0890 A
01544500 1996 1 16 3220.8994 A
01544500 1996 1 17 3061.4974 A
01544500 1996 1 18 3067.4409 A
01544500 1996 1 19 3034.2163 A
01544500 1996 1 20 3033.1911 A
01544500 1996 1 21 3029.2370 A
01544500 1996 1 22 3063.2466 A
01544500 1996 1 23 3055.5065 A
01544500 1996 1 24 3246.0401 A
01544500 1996 1 25 3110.5974 A
01544500 1996 1 26 3068.4375 A
01544500 1996 1 27 3074.7664 A
01544500 1996 1 28 3100.0980 A
01544500 1996 1 29 3170.9320 A
01544500 1996 1 30 3130.3843 A
01544500 1996 1 31 3168.9109 A
01544500 1996 2 1 3140.3382 A
01544500 1996 2 2 3178.9403 A
01544500 1996 2 3 3157.5879 A
01544500 1996 2 4 3261.5989 A
01544500 1996 2 5 3215.1198 A
01544500 1996 2 6 3272.0603 A
01544500 1996 2 7 3245.8067 A
01544500 1996 2 8 3248.1336 A
01544500 1996 2 9 3286.0509 A
01544500 1996 2 10 3246.9241 A
01544500 1996 2 11 3235.7551 A
01544500 1996 2 12 3263.9302 A
01544500 1996 2 13 3235.1746 A
01544500 1996 2 14 3241.9785 A
01544500 1996 2 15 3230.0480 A
01544500 1996 2 16 3242.1086 A
01544500 1996 2 17 3321.0656 A
01544500 1996 2 18 3333.2261 A
01544500 1996 2 19 3276.5858 A
01544500 1996 2 20 3311.6183 A
01544500 1996 2 21 3317.2939 A
01544500 1996 2 22 3325.1642 A
01544500 1996 2 23 3314.7986 A
01544500 1996 2 24 3312.9781 A
01544500 1996 2 25 3327.3249 A
01544500 1996 2 26 3369.8725 A
01544500 1996 2 27 3369.6385 A
01544500 1996 2 28 3503.8476 A
01544500 1996 2 29 3377.5435 A
01544500 1996 3 1 3389.5744 A
01544500 1996 3 2 3408.5907 A
01544500 1996 3 3 3420.9617 A
01544500 1996 3 4 3447.0148 A
01544500 1996 3 5 3509.4103 A
01544500 1996 3 6 3504.0916 A
01544500 1996 3 7 3509.6214 A
01544500 1996 3 8 3505.5775 A
01544500 1996 3 9 3448.0364 A
01544500 1996 3 10 3538.4124 A
01544500 1996 3 11 3569.4883 A
01544500 1996 3 12 3692.4613 A
01544500 1996 3 13 3586.2365 A
01544500 1996 3 14 3575.9688 A
01544500 1996 3 15 3564.3759 A
01544500 1996 3 16 3604.5392 A
01544500 1996 3 17 3635.9378 A
01544500 1996 3 18 3652.9123 A
01544500 1996 3 19 3696.3757 A
01544500 1996 3 20 3748.8741 A
01544500 1996 3 21 3717.7831 A
01544500 1996 3 22 3695.9741 A
01544500 1996 3 23 3670.1361 A
01544500 1996 3 24 3648.0487 A
01544500 1996 3 25 3775.5990 A
01544500 1996 3 26 3833.5043 A
01544500 1996 3 27 3700.1028 A
01544500 1996 3 28 3710.8398 A
01544500 1996 3 29 3711.0651 A
01544500 1996 3 30 3829.7054 A
01544500 1996 3 31 3759.0985 A
01544500 1996 4 1 3808.3454 A
01544500 1996 4 2 3729.9678 A
01544500 1996 4 3 3791.1745 A
01544500 1996 4 4 3960.7230 A
01544500 1996 4 5 3925.3466 A
01544500 1996 4 6 3912.6204 A
01544500 1996 4 7 3821.1288 A
01544500 1996 4 8 3822.0923 A
01544500 1996 4 9 3844.4671 A
01544500 1996 4 10 3947.1015 A
01544500 1996 4 11 4240.4793 A
01544500 1996 4 12 3906.6701 A
01544500 1996 4 13 4001.9232 A
01544500 1996 4 14 4085.7627 A
01544500 1996 4 15 4008.6577 A
01544500 1996 4 16 4091.6967 A
01544500 1996 4 17 4069.0540 A
01544500 1996 4 18 4030.4054 A
01544500 1996 4 19 4108.0407 A
01544500 1996 4 20 4004.7164 A
01544500 1996 4 21 4085.7390 A
01544500 1996 4 22 4047.9420 A
01544500 1996 4 23 4053.6632 A
01544500 1996 4 24 4020.4547 A
01544500 1996 4 25 4052.9282 A
01544500 1996 4 26 4035.3438 A
01544500 1996 4 27 4033.7320 A
01544500 1996 4 28 4176.2577 A
01544500 1996 4 29 4353.1091 A
01544500 1996 4 30 4124.0512 A
01544500 1996 5 1 4140.3247 A
01544500 1996 5 2 4171.6043 A
01544500 1996 5 3 4148.1528 A
01544500 1996 5 4 4250.1764 A
01544500 1996 5 5 4313.6381 A
01544500 1996 5 6 4213.2955 A
01544500 1996 5 7 4406.1944 A
01544500 1996 5 8 4588.2091 A
01544500 1996 5 9 4324.9906 A
01544500 1996 5 10 4375.5618 A
01544500 1996 5 11 4316.2361 A
01544500 1996 5 12 4330.5397 A
01544500 1996 5 13 4386.3326 A
01544500 1996 5 14 4413.5837 A
01544500 1996 5 15 4401.7203 A
01544500 1996 5 16 4382.4373 A
01544500 1996 5 17 4470.8797 A
01544500 1996 5 18 4365.6945 A
01544500 1996 5 19 4377.2959 A
01544500 1996 5 20 4416.5590 A
01544500 1996 5 21 4370.0732 A
01544500 1996 5 22 4430.0299 A
01544500 1996 5 23 4401.3450 A
01544500 1996 5 24 4396.2453 A
01544500 1996 5 25 4442.2354 A
01544500 1996 5 26 4483.7567 A
01544500 1996 5 27 4467.8000 A
01544500 1996 5 28 4441.7985 A
01544500 1996 5 29 4480.4603 A
01544500 1996 5 30 4431.6861 A
01544500 1996 5 31 4499.6170 A
01544500 1996 6 1 4558.7308 A
01544500 1996 6 2 4492.5195 A
01544500 1996 6 3 4498.8562 A
01544500 1996 6 4 4490.8890 A
01544500 1996 6 5 4490.1700 A
01544500 1996 6 6 4537.2889 A
01544500 1996 6 7 4662.0525 A
01544500 1996 6 8 4540.1047 A
01544500 1996 6 9 4708.9944 A
01544500 1996 6 10 4588.3705 A
01544500 1996 6 11 4589.7636 A
01544500 1996 6 12 4575.3803 A
01544500 1996 6 13 4913.3742 A
01544500 1996 6 14 4693.6274 A
01544500 1996 6 15 4693.8147 A
01544500 1996 6 16 4644.6087 A
01544500 1996 6 17 4641.0801 A
01544500 1996 6 18 4751.5541 A
01544500 1996 6 19 4762.0985 A
01544500 1996 6 20 4898.9255 A
01544500 1996 6 21 4760.6183 A
01544500 1996 6 22 4763.9360 A
01544500 1996 6 23 4893.4274 A
01544500 1996 6 24 4772.4527 A
01544500 1996 6 25 4906.6462 A
01544500 1996 6 26 4826.4694 A
01544500 1996 6 27 4989.4575 A
01544500 1996 6 28 5038.1533 A
01544500 1996 6 29 5003.1154 A
01544500 1996 6 30 4891.4591 A
01544500 1996 7 1 4891.7761 A
01544500 1996 7 2 5140.2588 A
01544500 1996 7 3 4973.6319 A
01544500 1996 7 4 5026.4788 A
01544500 1996 7 5 4997.8664 A
01544500 1996 7 6 4964.8353 A
01544500 1996 7 7 4979.9333 A
01544500 1996 7 8 4960.1963 A
01544500 1996 7 9 5046.0708 A
01544500 1996 7 10 5015.7503 A
01544500 1996 7 11 5055.7829 A
01544500 1996 7 12 5059.0596 A
01544500 1996 7 13 5093.5079 A
01544500 1996 7 14 5101.9465 A
01544500 1996 7 15 5043.6347 A
01544500 1996 7 16 5148.0310 A
01544500 1996 7 17 5269.4056 A
01544500 1996 7 18 5263.6096 A
01544500 1996 7 19 5171.9966 A
01544500 1996 7 20 5150.3798 A
01544500 1996 7 21 5127.0103 A
01544500 1996 7 22 5187.9981 A
01544500 1996 7 23 5176.6599 A
01544500 1996 7 24 5159.6157 A
01544500 1996 7 25 5139.2653 A
01544500 1996 7 26 5150.4000 A
01544500 1996 7 27 5167.7136 A
01544500 1996 7 28 5213.5799 A
01544500 1996 7 29 5216.3195 A
01544500 1996 7 30 5311.6724 A
01544500 1996 7 31 5197.1646 A
01544500 1996 8 1 5229.3970 A
01544500 1996 8 2 5216.4143 A
01544500 1996 8 3 5199.7444 A
01544500 1996 8 4 5218.1134 A
01544500 1996 8 5 5245.6048 A
01544500 1996 8 6 5284.3496 A
01544500 1996 8 7 5265.3557 A
01544500 1996 8 8 5213.0373 A
01544500 1996 8 9 5224.3973 A
01544500 1996 8 10 5219.4377 A
01544500 1996 8 11 5229.2853 A
01544500 1996 8 12 5233.3210 A
01544500 1996 8 13 5220.9892 A
01544500 1996 8 14 5362.7801 A
01544500 1996 8 15 5255.1551 A
01544500 1996 8 16 5290.0714 A
01544500 1996 8 17 5254.7214 A
01544500 1996 8 18 5288.7316 A
01544500 1996 8 19 5266.7344 A
01544500 1996 8 20 5270.3718 A
01544500 1996 8 21 5371.0174 A
01544500 1996 8 22 5265.8115 A
01544500 1996 8 23 5378.8576 A
01544500 1996 8 24 5454.2601 A
01544500 1996 8 25 5473.2298 A
01544500 1996 8 26 5399.8668 A
01544500 1996 8 27 5472.5498 A
01544500 1996 8 28 5376.1870 A
01544500 1996 8 29 5368.7485 A
01544500 1996 8 30 5483.0889 A
01544500 1996 8 31 5392.6909 A
01544500 1996 9 1 5381.3210 A
01544500 1996 9 2 5476.1829 A
01544500 1996 9 3 5435.1810 A
01544500 1996 9 4 5418.7527 A
01544500 1996 9 5 5444.1587 A
01544500 1996 9 6 5452.5941 A
01544500 1996 9 7 5402.7333 A
01544500 1996 9 8 5471.6370 A
01544500 1996 9 9 5436.8015 A
01544500 1996 9 10 5461.1036 A
01544500 1996 9 11 5472.9600 A
01544500 1996 9 12 5477.0480 A
01544500 1996 9 13 5502.3213 A
01544500 1996 9 14 5461.0472 A
01544500 1996 9 15 5488.2995 A
01544500 1996 9 16 5433.1746 A
01544500 1996 9 17 5448.3364 A
01544500 1996 9 18 5451.9703 A
01544500 1996 9 19 5455.8804 A
01544500 1996 9 20 5472.0691 A
01544500 1996 9 21 5476.8473 A
01544500 1996 9 22 5434.7212 A
01544500 1996 9 23 5463.7224 A
01544500 1996 9 24 5439.9021 A
01544500 1996 9 25 5455.9869 A
01544500 1996 9 26 5456.6805 A
01544500 1996 9 27 5495.4064 A
01544500 1996 9 28 5494.0054 A
01544500 1996 9 29 5480.3630 A
01544500 1996 9 30 5519.1010 A
01544500 1996 10 1 5471.0061 A
01544500 1996 10 2 5465.4106 A
01544500 1996 10 3 5565.8510 A
01544500 1996 10 4 5592.9502 A
01544500 1996 10 5 5536.2058 A
01544500 1996 10 6 5609.4795 A
01544500 1996 10 7 5531.2883 A
01544500 1996 10 8 5559.1431 A
01544500 1996 10 9 5555.9958 A
01544500 1996 10 10 5553.4962 A
01544500 1996 10 11 5561.5564 A
01544500 1996 10 12 5513.6070 A
01544500 1996 10 13 5562.1913 A
01544500 1996 10 14 5552.2622 A
01544500 1996 10 15 5542.7349 A
01544500 1996 10 16 5527.3863 A
01544500 1996 10 17 5536.7003 A
01544500 1996 10 18 5614.8969 A
01544500 1996 10 19 5551.9757 A
01544500 1996 10 20 5568.2872 A
01544500 1996 10 21 5634.0404 A
01544500 1996 10 22 5570.4427 A
01544500 1996 10 23 5583.6957 A
01544500 1996 10 24 5530.7654 A
01544500 1996 10 25 5565.0654 A
01544500 1996 10 26 5610.6762 A
01544500 1996 10 27 5612.2354 A
01544500 1996 10 28 5612.5763 A
01544500 1996 10 29 5601.8350 A
01544500 1996 10 30 5580.6447 A
01544500 1996 10 31 5580.7231 A
01544500 1996 11 1 5620.3870 A
01544500 1996 11 2 5599.0567 A
01544500 1996 11 3 5594.5164 A
01544500 1996 11 4 5574.7412 A
01544500 1996 11 5 5588.1752 A
01544500 1996 11 6 5588.9279 A
01544500 1996 11 7 5574.3903 A
01544500 1996 11 8 5593.3757 A
01544500 1996 11 9 5616.0786 A
01544500 1996 11 10 5631.2355 A
01544500 1996 11 11 5634.0519 A
01544500 1996 11 12 5651.6151 A
01544500 1996 11 13 5606.4421 A
01544500 1996 11 14 5687.3634 A
01544500 1996 11 15 5606.3007 A
01544500 1996 11 16 5609.4602 A
01544500 1996 11 17 5696.2816 A
01544500 1996 11 18 5706.5008 A
01544500 1996 11 19 5673.8710 A
01544500 1996 11 20 5629.3139 A
01544500 1996 11 21 5637.7086 A
01544500 1996 11 22 5687.9330 A
01544500 1996 11 23 5715.1870 A
01544500 1996 11 24 5689.9625 A
01544500 1996 11 25 5731.8848 A
01544500 1996 11 26 5690.4633 A
01544500 1996 11 27 5718.0078 A
01544500 1996 11 28 5721.6318 A
01544500 1996 11 29 5857.1945 A
01544500 1996 11 30 5722.9518 A
01544500 1996 12 1 5722.1570 A
01544500 1996 12 2 5772.3217 A
01544500 1996 12 3 5737.2135 A
01544500 1996 12 4 5746.4113 A
01544500 1996 12 5 5722.1466 A
01544500 1996 12 6 5726.3593 A
01544500 1996 12 7 5844.8706 A
01544500 1996 12 8 5756.7011 A
01544500 1996 12 9 5751.7880 A
01544500 1996 12 10 5750.8619 A
01544500 1996 12 11 5746.5877 A
01544500 1996 12 12 5738.4877 A
01544500 1996 12 13 5820.6835 A
01544500 1996 12 14 5796.4894 A
01544500 1996 12 15 5752.8547 A
01544500 1996 12 16 5767.0556 A
01544500 1996 12 17 5787.5955 A
01544500 1996 12 18 5805.8645 A
01544500 1996 12 19 5788.9429 A
01544500 1996 12 20 5761.8326 A
01544500 1996 12 21 5742.9270 A
01544500 1996 12 22 5760.6388 A
01544500 1996 12 23 5763.9021 A
01544500 1996 12 24 5744.2180 A
01544500 1996 12 25 5746.9366 A
01544500 1996 12 26 5827.6391 A
01544500 1996 12 27 5757.6105 A
01544500 1996 12 28 5852.5997 A
01544500 1996 12 29 5778.0260 A
01544500 1996 12 30 5898.6513 A
01544500 1996 12 31 5850.0416 A
01544500 1997 1 1 5816.1724 A
01544500 1997 1 2 5826.5397 A
01544500 1997 1 3 5787.5387 A
01544500 1997 1 4 5792.2620 A
01544500 1997 1 5 5833.9932 A
01544500 1997 1 6 5815.0234 A
01544500 1997 1 7 5849.1227 A
01544500 1997 1 8 5843.1891 A
01544500 1997 1 9 5939.9662 A
01544500 1997 1 10 5856.6278 A
01544500 1997 1 11 5946.9540 A
01544500 1997 1 12 5937.7786 A
01544500 1997 1 13 5921.0298 A
01544500 1997 1 14 5929.8193 A
01544500 1997 1 15 5900.6197 A
01544500 1997 1 16 5906.1694 A
01544500 1997 1 17 5947.0033 A
01544500 1997 1 18 5965.4721 A
01544500 1997 1 19 5937.1450 A
01544500 1997 1 20 5907.6089 A
01544500 1997 1 21 6037.7891 A
01544500 1997 1 22 6000.6122 A
01544500 1997 1 23 5963.9320 A
01544500 1997 1 24 6084.3274 A
01544500 1997 1 25 6052.3911 A
01544500 1997 1 26 5982.3970 A
01544500 1997 1 27 5994.8253 A
01544500 1997 1 28 6023.8203 A
01544500 1997 1 29 6046.9962 A
01544500 1997 1 30 6007.0116 A
01544500 1997 1 31 6002.7030 A
01544500 1997 2 1 6009.6851 A
01544500 1997 2 2 6025.8524 A
01544500 1997 2 3 6057.2910 A
01544500 1997 2 4 6092.2496 A
01544500 1997 2 5 6037.3851 A
01544500 1997 2 6 6032.0024 A
01544500 1997 2 7 6033.4612 A
01544500 1997 2 8 6017.6588 A
01544500 1997 2 9 6067.1432 A
01544500 1997 2 10 6029.5451 A
01544500 1997 2 11 6194.2831 A
01544500 1997 2 12 6238.6715 A
01544500 1997 2 13 6199.5371 A
01544500 1997 2 14 6139.3495 A
01544500 1997 2 15 6155.1828 A
01544500 1997 2 16 6145.3502 A
01544500 1997 2 17 6146.7992 A
01544500 1997 2 18 6135.5657 A
01544500 1997 2 19 6292.3179 A
01544500 1997 2 20 6145.2900 A
01544500 1997 2 21 6205.9718 A
01544500 1997 2 22 6268.1233 A
01544500 1997 2 23 6220.7716 A
01544500 1997 2 24 6219.2295 A
01544500 1997 2 25 6220.5834 A
01544500 1997 2 26 6163.6969 A
01544500 1997 2 27 6197.9646 A
01544500 1997 2 28 6266.2960 A
01544500 1997 3 1 6269.0366 A
01544500 1997 3 2 6296.4878 A
01544500 1997 3 3 6302.4431 A
01544500 1997 3 4 6323.7260 A
01544500 1997 3 5 6265.2213 A
01544500 1997 3 6 6314.6095 A
01544500 1997 3 7 6462.3036 A
01544500 1997 3 8 6421.4059 A
01544500 1997 3 9 6398.1308 A
01544500 1997 3 10 6413.6436 A
01544500 1997 3 11 6364.7210 A
01544500 1997 3 12 6521.5560 A
01544500 1997 3 13 6404.2791 A
01544500 1997 3 14 6429.5138 A
01544500 1997 3 15 6525.9416 A
01544500 1997 3 16 6487.9286 A
01544500 1997 3 17 6484.2567 A
01544500 1997 3 18 6468.1787 A
01544500 1997 3 19 6565.6007 A
01544500 1997 3 20 6544.5689 A
01544500 1997 3 21 6613.8179 A
01544500 1997 3 22 6670.2373 A
01544500 1997 3 23 6619.5063 A
01544500 1997 3 24 6774.1223 A
01544500 1997 3 25 6731.9801 A
01544500 1997 3 26 6763.8924 A
01544500 1997 3 27 6825.7863 A
01544500 1997 3 28 6777.1611 A
01544500 1997 3 29 6896.2539 A
01544500 1997 3 30 6808.6076 A
01544500 1997 3 31 6873.7108 A
01544500 1997 4 1 6932.3694 A
01544500 1997 4 2 6874.2011 A
01544500 1997 4 3 6838.0227 A
01544500 1997 4 4 6822.1463 A
01544500 1997 4 5 6914.4651 A
01544500 1997 4 6 6970.0654 A
01544500 1997 4 7 6840.0124 A
01544500 1997 4 8 6889.7919 A
01544500 1997 4 9 6887.1174 A
01544500 1997 4 10 6849.5732 A
01544500 1997 4 11 6913.8681 A
01544500 1997 4 12 6862.5836 A
01544500 1997 4 13 6922.1086 A
01544500 1997 4 14 6908.5438 A
01544500 1997 4 15 6908.7262 A
01544500 1997 4 16 6871.7433 A
01544500 1997 4 17 6970.8373 A
01544500 1997 4 18 6890.6875 A
01544500 1997 4 19 6987.9829 A
01544500 1997 4 20 6919.3605 A
01544500 1997 4 21 6925.3942 A
01544500 1997 4 22 6965.3094 A
01544500 1997 4 23 6945.6088 A
01544500 1997 4 24 6989.6903 A
01544500 1997 4 25 7066.5714 A
01544500 1997 4 26 6999.0577 A
01544500 1997 4 27 7062.5434 A
01544500 1997 4 28 7084.2523 A
01544500 1997 4 29 7039.1355 A
01544500 1997 4 30 7034.2242 A
01544500 1997 5 1 7030.2403 A
01544500 1997 5 2 7029.3664 A
01544500 1997 5 3 7085.6186 A
01544500 1997 5 4 7032.2843 A
01544500 1997 5 5 7112.6411 A
01544500 1997 5 6 7176.7916 A
01544500 1997 5 7 7078.0462 A
01544500 1997 5 8 7148.9985 A
01544500 1997 5 9 7161.4098 A
01544500 1997 5 10 7109.1371 A
01544500 1997 5 11 7356.8636 A
01544500 1997 5 12 7149.1770 A
01544500 1997 5 13 7264.9679 A
01544500 1997 5 14 7191.7572 A
01544500 1997 5 15 7377.9463 A
01544500 1997 5 16 7197.4237 A
01544500 1997 5 17 7333.6992 A
01544500 1997 5 18 7248.2672 A
01544500 1997 5 19 7311.7837 A
01544500 1997 5 20 7255.9695 A
01544500 1997 5 21 7322.4470 A
01544500 1997 5 22 7371.0031 A
01544500 1997 5 23 7295.7351 A
01544500 1997 5 24 7280.5337 A
01544500 1997 5 25 7409.6180 A
01544500 1997 5 26 7393.9054 A
01544500 1997 5 27 7385.4419 A
01544500 1997 5 28 7360.8346 A
01544500 1997 5 29 7336.0091 A
01544500 1997 5 30 7343.0888 A
01544500 1997 5 31 7341.3754 A
01544500 1997 6 1 7440.8119 A
01544500 1997 6 2 7328.6355 A
01544500 1997 6 3 7400.7311 A
01544500 1997 6 4 7357.4943 A
01544500 1997 6 5 7490.3684 A
01544500 1997 6 6 7576.4905 A
01544500 1997 6 7 7621.5934 A
01544500 1997 6 8 7538.6352 A
01544500 1997 6 9 7647.9316 A
01544500 1997 6 10 7523.2212 A
01544500 1997 6 11 7568.0972 A
01544500 1997 6 12 7587.2373 A
01544500 1997 6 13 7507.9017 A
01544500 1997 6 14 7619.8004 A
01544500 1997 6 15 7606.6337 A
01544500 1997 6 16 7749.2875 A
01544500 1997 6 17 7633.7216 A
01544500 1997 6 18 7858.0769 A
01544500 1997 6 19 7647.5013 A
01544500 1997 6 20 7808.8049 A
01544500 1997 6 21 7867.8047 A
01544500 1997 6 22 7718.8448 A
01544500 1997 6 23 7807.7810 A
01544500 1997 6 24 7771.5432 A
01544500 1997 6 25 7759.1447 A
01544500 1997 6 26 7773.9571 A
01544500 1997 6 27 7860.2107 A
01544500 1997 6 28 7902.8521 A
01544500 1997 6 29 7843.1511 A
01544500 1997 6 30 7844.7468 A
01544500 1997 7 1 7895.3412 A
01544500 1997 7 2 7907.1501 A
01544500 1997 7 3 7895.5004 A
01544500 1997 7 4 7835.1567 A
01544500 1997 7 5 7931.7964 A
01544500 1997 7 6 7870.8111 A
01544500 1997 7 7 8037.3390 A
01544500 1997 7 8 7969.1345 A
01544500 1997 7 9 8023.3185 A
01544500 1997 7 10 8039.6706 A
01544500 1997 7 11 8098.7918 A
01544500 1997 7 12 7943.8536 A
01544500 1997 7 13 7964.8034 A
01544500 1997 7 14 8241.5333 A
01544500 1997 7 15 8132.9247 A
01544500 1997 7 16 8077.8160 A
01544500 1997 7 17 8032.3742 A
01544500 1997 7 18 8071.7556 A
01544500 1997 7 19 8067.5149 A
01544500 1997 7 20 8069.0611 A
01544500 1997 7 21 8096.8593 A
01544500 1997 7 22 8162.6907 A
01544500 1997 7 23 8159.9601 A
01544500 1997 7 24 8186.3650 A
01544500 1997 7 25 8134.5449 A
01544500 1997 7 26 8098.7828 A
01544500 1997 7 27 8129.4638 A
01544500 1997 7 28 8142.1725 A
01544500 1997 7 29 8172.5859 A
01544500 1997 7 30 8170.5463 A
01544500 1997 7 31 8173.1234 A
01544500 1997 8 1 8327.4543 A
01544500 1997 8 2 8234.6901 A
01544500 1997 8 3 8226.4492 A
01544500 1997 8 4 8240.6806 A
01544500 1997 8 5 8201.0443 A
01544500 1997 8 6 8277.0280 A
01544500 1997 8 7 8257.2321 A
01544500 1997 8 8 8213.8184 A
01544500 1997 8 9 8359.7344 A
01544500 1997 8 10 8250.9202 A
01544500 1997 8 11 8298.6674 A
01544500 1997 8 12 8273.6996 A
01544500 1997 8 13 8284.3295 A
01544500 1997 8 14 8346.4812 A
01544500 1997 8 15 8253.4906 A
01544500 1997 8 16 8300.7235 A
01544500 1997 8 17 8405.0060 A
01544500 1997 8 18 8356.8317 A
01544500 1997 8 19 8356.0484 A
01544500 1997 8 20 8366.4408 A
01544500 1997 8 21 8361.2420 A
01544500 1997 8 22 8348.9129 A
01544500 1997 8 23 8361.0351 A
01544500 1997 8 24 8339.8909 A
01544500 1997 8 25 8416.5125 A
01544500 1997 8 26 8355.3588 A
01544500 1997 8 27 8346.8969 A
01544500 1997 8 28 8373.9370 A
01544500 1997 8 29 8371.3353 A
01544500 1997 8 30 8332.8845 A
01544500 1997 8 31 8371.5798 A
01544500 1997 9 1 8410.5710 A
01544500 1997 9 2 8345.4175 A
01544500 1997 9 3 8363.5684 A
01544500 1997 9 4 8362.2545 A
01544500 1997 9 5 8466.2342 A
01544500 1997 9 6 8395.8681 A
01544500 1997 9 7 8360.0451 A
01544500 1997 9 8 8467.4288 A
01544500 1997 9 9 8407.2763 A
01544500 1997 9 10 8413.9016 A
01544500 1997 9 11 8392.6248 A
01544500 1997 9 12 8391.5784 A
01544500 1997 9 13 8379.5804 A
01544500 1997 9 14 8407.6422 A
01544500 1997 9 15 8385.3570 A
01544500 1997 9 16 8478.2133 A
01544500 1997 9 17 8405.0055 A
01544500 1997 9 18 8432.1253 A
01544500 1997 9 19 8413.0620 A
01544500 1997 9 20 8412.7681 A
01544500 1997 9 21 8439.5584 A
01544500 1997 9 22 8386.3921 A
01544500 1997 9 23 8448.8950 A
01544500 1997 9 24 8550.6364 A
01544500 1997 9 25 8422.6911 A
01544500 1997 9 26 8447.1192 A
01544500 1997 9 27 8566.9576 A
01544500 1997 9 28 8442.1098 A
01544500 1997 9 29 8459.6201 A
01544500 1997 9 30 8452.0775 A
01544500 1997 10 1 8436.2704 A
01544500 1997 10 2 8435.6261 A
01544500 1997 10 3 8445.7254 A
01544500 1997 10 4 8443.8214 A
01544500 1997 10 5 8438.8953 A
01544500 1997 10 6 8408.5017 A
01544500 1997 10 7 8465.6467 A
01544500 1997 10 8 8439.3487 A
01544500 1997 10 9 8432.0156 A
01544500 1997 10 10 8401.9210 A
01544500 1997 10 11 8448.1854 A
01544500 1997 10 12 8427.3786 A
01544500 1997 10 13 8444.9054 A
01544500 1997 10 14 8422.2452 A
01544500 1997 10 15 8449.7329 A
01544500 1997 10 16 8449.9532 A
01544500 1997 10 17 8443.9297 A
01544500 1997 10 18 8425.9072 A
01544500 1997 10 19 8424.3534 A
01544500 1997 10 20 8434.0775 A
01544500 1997 10 21 8476.8550 A
01544500 1997 10 22 8437.1076 A
01544500 1997 10 23 8423.4997 A
01544500 1997 10 24 8430.7936 A
01544500 1997 10 25 8423.3525 A
01544500 1997 10 26 8476.1292 A
01544500 1997 10 27 8419.6904 A
01544500 1997 10 28 8497.5017 A
01544500 1997 10 29 8464.4516 A
01544500 1997 10 30 8442.3278 A
01544500 1997 10 31 8417.3951 A
01544500 1997 11 1 8489.0801 A
01544500 1997 11 2 8464.6523 A
01544500 1997 11 3 8529.9421 A
01544500 1997 11 4 8454.7994 A
01544500 1997 11 5 8469.8534 A
01544500 1997 11 6 8462.1299 A
01544500 1997 11 7 8459.5601 A
01544500 1997 11 8 8475.2923 A
01544500 1997 11 9 8490.2353 A
01544500 1997 11 10 8543.1173 A
01544500 1997 11 11 8515.3395 A
01544500 1997 11 12 8559.6436 A
01544500 1997 11 13 8482.3109 A
01544500 1997 11 14 8467.2664 A
01544500 1997 11 15 8496.3282 A
01544500 1997 11 16 8489.9291 A
01544500 1997 11 17 8509.8085 A
01544500 1997 11 18 8519.6620 A
01544500 1997 11 19 8530.4782 A
01544500 1997 11 20 8532.3046 A
01544500 1997 11 21 8493.5658 A
01544500 1997 11 22 8488.3086 A
01544500 1997 11 23 8483.3304 A
01544500 1997 11 24 8516.2108 A
01544500 1997 11 25 8564.9311 A
01544500 1997 11 26 8509.3058 A
01544500 1997 11 27 8507.8249 A
01544500 1997 11 28 8492.3567 A
01544500 1997 11 29 8500.5860 A
01544500 1997 11 30 8647.4515 A
01544500 1997 12 1 8632.7038 A
01544500 1997 12 2 8593.0546 A
01544500 1997 12 3 8678.2349 A
01544500 1997 12 4 8654.9001 A
01544500 1997 12 5 8631.5415 A
01544500 1997 12 6 8637.0820 A
01544500 1997 12 7 8605.3796 A
01544500 1997 12 8 8608.4856 A
01544500 1997 12 9 8586.2188 A
01544500 1997 12 10 8596.6681 A
01544500 1997 12 11 8643.7779 A
01544500 1997 12 12 8613.8552 A
01544500 1997 12 13 8619.7974 A
01544500 1997 12 14 8630.1892 A
01544500 1997 12 15 8635.0619 A
01544500 1997 12 16 8691.6653 A
01544500 1997 12 17 8661.8914 A
01544500 1997 12 18 8613.6047 A
01544500 1997 12 19 8610.0829 A
01544500 1997 12 20 8635.2044 A
01544500 1997 12 21 8613.1947 A
01544500 1997 12 22 8634.1641 A
01544500 1997 12 23 8649.6887 A
01544500 1997 12 24 8610.8119 A
01544500 1997 12 25 8632.2946 A
01544500 1997 12 26 8630.4483 A
01544500 1997 12 27 8647.4731 A
01544500 1997 12 28 8612.8657 A
01544500 1997 12 29 8771.3520 A
01544500 1997 12 30 8712.2432 A
01544500 1997 12 31 8649.1054 A
01544500 1998 1 1 8724.3382 A
01544500 1998 1 2 8657.7468 A
01544500 1998 1 3 8729.0029 A
01544500 1998 1 4 8676.7943 A
01544500 1998 1 5 8707.2668 A
01544500 1998 1 6 8780.7829 A
01544500 1998 1 7 8781.4321 A
01544500 1998 1 8 8765.9626 A
01544500 1998 1 9 8730.0714 A
01544500 1998 1 10 8760.8323 A
01544500 1998 1 11 8722.0787 A
01544500 1998 1 12 8712.6614 A
01544500 1998 1 13 8751.9541 A
01544500 1998 1 14 8794.2804 A
01544500 1998 1 15 8737.5904 A
01544500 1998 1 16 8754.9853 A
01544500 1998 1 17 8745.7669 A
01544500 1998 1 18 8725.1578 A
01544500 1998 1 19 8796.8447 A
01544500 1998 1 20 8748.3592 A
01544500 1998 1 21 8734.1006 A
01544500 1998 1 22 8765.7683 A
01544500 1998 1 23 8762.0446 A
01544500 1998 1 24 8732.1926 A
01544500 1998 1 25 8749.1785 A
01544500 1998 1 26 8749.4771 A
01544500 1998 1 27 8800.5572 A
01544500 1998 1 28 8763.5967 A
01544500 1998 1 29 8750.5120 A
01544500 1998 1 30 8771.0562 A
01544500 1998 1 31 8815.4825 A
01544500 1998 2 1 8761.8108 A
01544500 1998 2 2 8807.5470 A
01544500 1998 2 3 8896.3281 A
01544500 1998 2 4 8821.8811 A
01544500 1998 2 5 8859.6898 A
01544500 1998 2 6 8821.7391 A
01544500 1998 2 7 8924.8153 A
01544500 1998 2 8 8854.6899 A
01544500 1998 2 9 8915.3291 A
01544500 1998 2 10 8954.0533 A
01544500 1998 2 11 8865.7377 A
01544500 1998 2 12 8965.4240 A
01544500 1998 2 13 8964.5261 A
01544500 1998 2 14 8875.8375 A
01544500 1998 2 15 8947.1617 A
01544500 1998 2 16 8883.8357 A
01544500 1998 2 17 8959.9401 A
01544500 1998 2 18 8896.5332 A
01544500 1998 2 19 8930.9194 A
01544500 1998 2 20 8879.1433 A
01544500 1998 2 21 8947.1389 A
01544500 1998 2 22 8921.7428 A
01544500 1998 2 23 8963.2977 A
01544500 1998 2 24 9001.9403 A
01544500 1998 2 25 8979.5134 A
01544500 1998 2 26 8981.8721 A
01544500 1998 2 27 9104.4108 A
01544500 1998 2 28 9079.9270 A
01544500 1998 3 1 9050.5003 A
01544500 1998 3 2 9040.0485 A
01544500 1998 3 3 9014.0380 A
01544500 1998 3 4 9012.1136 A
01544500 1998 3 5 9392.8286 A
01544500 1998 3 6 9217.8216 A
01544500 1998 3 7 9341.3630 A
01544500 1998 3 8 9186.8344 A
01544500 1998 3 9 9217.4418 A
01544500 1998 3 10 9295.2374 A
01544500 1998 3 11 9599.7471 A
01544500 1998 3 12 9351.0472 A
01544500 1998 3 13 9367.9460 A
01544500 1998 3 14 9387.9755 A
01544500 1998 3 15 9422.1218 A
01544500 1998 3 16 9478.8758 A
01544500 1998 3 17 9441.6560 A
01544500 1998 3 18 9499.6400 A
01544500 1998 3 19 9477.6066 A
01544500 1998 3 20 9584.1490 A
01544500 1998 3 21 9601.6159 A
01544500 1998 3 22 9544.3376 A
01544500 1998 3 23 9554.0866 A
01544500 1998 3 24 9486.3131 A
01544500 1998 3 25 9499.6741 A
01544500 1998 3 26 9702.2444 A
01544500 1998 3 27 9568.3172 A
01544500 1998 3 28 9557.8324 A
01544500 1998 3 29 9548.2189 A
01544500 1998 3 30 9571.7663 A
01544500 1998 3 31 9674.1287 A
01544500 1998 4 1 9636.2670 A
01544500 1998 4 2 9575.9429 A
01544500 1998 4 3 9678.5084 A
01544500 1998 4 4 9685.3143 A
01544500 1998 4 5 9740.5266 A
01544500 1998 4 6 9677.4763 A
01544500 1998 4 7 9673.3786 A
01544500 1998 4 8 9820.4968 A
01544500 1998 4 9 9735.4373 A
01544500 1998 4 10 9747.4400 A
01544500 1998 4 11 9736.6416 A
01544500 1998 4 12 10081.4111 A
01544500 1998 4 13 9999.5802 A
01544500 1998 4 14 9843.7980 A
01544500 1998 4 15 9845.3261 A
01544500 1998 4 16 9909.7893 A
01544500 1998 4 17 9951.5182 A
01544500 1998 4 18 9853.2283 A
01544500 1998 4 19 9844.4021 A
01544500 1998 4 20 9957.3388 A
01544500 1998 4 21 9945.5134 A
01544500 1998 4 22 9880.9660 A
01544500 1998 4 23 9938.3354 A
01544500 1998 4 24 9955.6064 A
01544500 1998 4 25 9986.7207 A
01544500 1998 4 26 9949.6650 A
01544500 1998 4 27 9979.3027 A
01544500 1998 4 28 10109.7715 A
01544500 1998 4 29 10013.0702 A
01544500 1998 4 30 9986.4162 A
01544500 1998 5 1 10037.3626 A
01544500 1998 5 2 9985.7606 A
01544500 1998 5 3 10020.2050 A
01544500 1998 5 4 10017.8202 A
01544500 1998 5 5 10047.5996 A
01544500 1998 5 6 10040.3532 A
01544500 1998 5 7 10026.7300 A
01544500 1998 5 8 10050.9267 A
01544500 1998 5 9 9998.0325 A
01544500 1998 5 10 10131.4117 A
01544500 1998 5 11 10015.4547 A
01544500 1998 5 12 10176.1955 A
01544500 1998 5 13 10234.3762 A
01544500 1998 5 14 10119.9934 A
01544500 1998 5 15 10112.8321 A
01544500 1998 5 16 10132.0505 A
01544500 1998 5 17 10390.6287 A
01544500 1998 5 18 10188.8392 A
01544500 1998 5 19 10191.4929 A
01544500 1998 5 20 10175.7420 A
01544500 1998 5 21 10182.6700 A
01544500 1998 5 22 10188.5343 A
01544500 1998 5 23 10226.9201 A
01544500 1998 5 24 10190.8512 A
01544500 1998 5 25 10274.6723 A
01544500 1998 5 26 10340.6106 A
01544500 1998 5 27 10330.7455 A
01544500 1998 5 28 10291.0571 A
01544500 1998 5 29 10303.9065 A
01544500 1998 5 30 10307.1279 A
01544500 1998 5 31 10406.0110 A
01544500 1998 6 1 10424.6210 A
01544500 1998 6 2 10363.1652 A
01544500 1998 6 3 10322.8027 A
01544500 1998 6 4 10399.8890 A
01544500 1998 6 5 10419.3742 A
01544500 1998 6 6 10365.3270 A
01544500 1998 6 7 10361.6565 A
01544500 1998 6 8 10359.2127 A
01544500 1998 6 9 10353.8024 A
01544500 1998 6 10 10348.8012 A
01544500 1998 6 11 10373.4511 A
01544500 1998 6 12 10362.1331 A
01544500 1998 6 13 10389.3213 A
01544500 1998 6 14 10455.6930 A
01544500 1998 6 15 10401.1598 A
01544500 1998 6 16 10555.5632 A
01544500 1998 6 17 10606.5510 A
01544500 1998 6 18 10531.7792 A
01544500 1998 6 19 10563.6083 A
01544500 1998 6 20 10575.8043 A
01544500 1998 6 21 10502.2561 A
01544500 1998 6 22 10611.2288 A
01544500 1998 6 23 10487.8890 A
01544500 1998 6 24 10551.8409 A
01544500 1998 6 25 10525.0055 A
01544500 1998 6 26 10520.4440 A
01544500 1998 6 27 10542.2140 A
01544500 1998 6 28 10601.1654 A
01544500 1998 6 29 10545.7442 A
01544500 1998 6 30 10582.9861 A
01544500 1998 7 1 10641.1928 A
01544500 1998 7 2 10591.3590 A
01544500 1998 7 3 10578.7578 A
01544500 1998 7 4 10582.3228 A
01544500 1998 7 5 10617.7811 A
01544500 1998 7 6 10543.5666 A
01544500 1998 7 7 10616.5709 A
01544500 1998 7 8 10657.5104 A
01544500 1998 7 9 10628.7179 A
01544500 1998 7 10 10767.5427 A
01544500 1998 7 11 10674.5351 A
01544500 1998 7 12 10690.4784 A
01544500 1998 7 13 10674.4132 A
01544500 1998 7 14 10703.5184 A
01544500 1998 7 15 10826.2493 A
01544500 1998 7 16 10795.8220 A
01544500 1998 7 17 10843.0340 A
01544500 1998 7 18 10776.1350 A
01544500 1998 7 19 10743.0916 A
01544500 1998 7 20 10754.8170 A
01544500 1998 7 21 10724.4372 A
01544500 1998 7 22 10762.7865 A
01544500 1998 7 23 10797.0377 A
01544500 1998 7 24 10790.4884 A
01544500 1998 7 25 10801.9635 A
01544500 1998 7 26 10907.9181 A
01544500 1998 7 27 10852.6011 A
01544500 1998 7 28 10939.2225 A
01544500 1998 7 29 10872.2604 A
01544500 1998 7 30 10869.0073 A
01544500 1998 7 31 11017.4033 A
01544500 1998 8 1 10921.8256 A
01544500 1998 8 2 10943.4275 A
01544500 1998 8 3 10906.2651 A
01544500 1998 8 4 10900.9802 A
01544500 1998 8 5 10991.1256 A
01544500 1998 8 6 10908.1741 A
01544500 1998 8 7 10931.4905 A
01544500 1998 8 8 10893.5465 A
01544500 1998 8 9 10895.4962 A
01544500 1998 8 10 10929.2446 A
01544500 1998 8 11 10914.4898 A
01544500 1998 8 12 10950.0954 A
01544500 1998 8 13 10984.0024 A
01544500 1998 8 14 10992.2904 A
01544500 1998 8 15 10958.4188 A
01544500 1998 8 16 10972.9700 A
01544500 1998 8 17 10965.3533 A
01544500 1998 8 18 10956.7531 A
01544500 1998 8 19 10992.1470 A
01544500 1998 8 20 10942.8678 A
01544500 1998 8 21 10970.3818 A
01544500 1998 8 22 10953.4405 A
01544500 1998 8 23 10942.5419 A
01544500 1998 8 24 10975.1115 A
01544500 1998 8 25 10949.7735 A
01544500 1998 8 26 11033.4382 A
01544500 1998 8 27 10977.9529 A
01544500 1998 8 28 10950.8014 A
01544500 1998 8 29 10961.7193 A
01544500 1998 8 30 10961.0598 A
01544500 1998 8 31 11070.7226 A
01544500 1998 9 1 10970.7255 A
01544500 1998 9 2 11005.5884 A
01544500 1998 9 3 11018.5929 A
01544500 1998 9 4 10981.9746 A
01544500 1998 9 5 10980.2934 A
01544500 1998 9 6 10985.0918 A
01544500 1998 9 7 11005.0971 A
01544500 1998 9 8 11017.6241 A
01544500 1998 9 9 10974.2838 A
01544500 1998 9 10 11011.1902 A
01544500 1998 9 11 10974.0786 A
01544500 1998 9 12 10970.6924 A
01544500 1998 9 13 10962.4400 A
01544500 1998 9 14 10994.9542 A
01544500 1998 9 15 11032.8517 A
01544500 1998 9 16 11012.5179 A
01544500 1998 9 17 11021.9537 A
01544500 1998 9 18 11026.9160 A
01544500 1998 9 19 11024.6461 A
01544500 1998 9 20 11053.6726 A
01544500 1998 9 21 11049.2222 A
01544500 1998 9 22 11033.2378 A
01544500 1998 9 23 11045.5446 A
01544500 1998 9 24 11016.5767 A
01544500 1998 9 25 11016.0357 A
01544500 1998 9 26 11032.6620 A
01544500 1998 9 27 11018.3592 A
01544500 1998 9 28 11037.9855 A
01544500 1998 9 29 11019.3908 A
01544500 1998 9 30 11009.1690 A
01544500 1998 10 1 11039.6344 A
01544500 1998 10 2 11108.2301 A
01544500 1998 10 3 11055.6376 A
01544500 1998 10 4 11031.4325 A
01544500 1998 10 5 11089.7622 A
01544500 1998 10 6 11109.3869 A
01544500 1998 10 7 11068.0961 A
01544500 1998 10 8 11292.2740 A
01544500 1998 10 9 11107.5248 A
01544500 1998 10 10 11125.5887 A
01544500 1998 10 11 11128.3089 A
01544500 1998 10 12 11086.4068 A
01544500 1998 10 13 11119.9640 A
01544500 1998 10 14 11127.7763 A
01544500 1998 10 15 11127.1158 A
01544500 1998 10 16 11112.0324 A
01544500 1998 10 17 11084.4513 A
01544500 1998 10 18 11120.9535 A
01544500 1998 10 19 11139.7367 A
01544500 1998 10 20 11093.3368 A
01544500 1998 10 21 11091.3686 A
01544500 1998 10 22 11171.8239 A
01544500 1998 10 23 11135.1424 A
01544500 1998 10 24 11106.6110 A
01544500 1998 10 25 11101.6943 A
01544500 1998 10 26 11121.3447 A
01544500 1998 10 27 11222.6735 A
01544500 1998 10 28 11157.1014 A
01544500 1998 10 29 11123.3856 A
01544500 1998 10 30 11127.3993 A
01544500 1998 10 31 11136.3374 A
01544500 1998 11 1 11099.6212 A
01544500 1998 11 2 11138.7565 A
01544500 1998 11 3 11142.5096 A
01544500 1998 11 4 11134.9285 A
01544500 1998 11 5 11153.3509 A
01544500 1998 11 6 11147.1313 A
01544500 1998 11 7 11205.0222 A
01544500 1998 11 8 11155.6328 A
01544500 1998 11 9 11209.6610 A
01544500 1998 11 10 11169.6837 A
01544500 1998 11 11 11182.4967 A
01544500 1998 11 12 11147.1021 A
01544500 1998 11 13 11154.9285 A
01544500 1998 11 14 11159.7658 A
01544500 1998 11 15 11163.7616 A
01544500 1998 11 16 11159.6684 A
01544500 1998 11 17 11225.8910 A
01544500 1998 11 18 11209.2587 A
01544500 1998 11 19 11218.5999 A
01544500 1998 11 20 11240.8832 A
01544500 1998 11 21 11172.5217 A
01544500 1998 11 22 11196.1379 A
01544500 1998 11 23 11204.7971 A
01544500 1998 11 24 11200.7384 A
01544500 1998 11 25 11259.5808 A
01544500 1998 11 26 11206.7944 A
01544500 1998 11 27 11221.3674 A
01544500 1998 11 28 11203.5735 A
01544500 1998 11 29 11203.9937 A
01544500 1998 11 30 11248.3060 A
01544500 1998 12 1 11204.1833 A
01544500 1998 12 2 11202.0710 A
01544500 1998 12 3 11208.9757 A
01544500 1998 12 4 11202.6192 A
01544500 1998 12 5 11209.8410 A
01544500 1998 12 6 11227.5305 A
01544500 1998 12 7 11207.6072 A
01544500 1998 12 8 11294.5242 A
01544500 1998 12 9 11222.8818 A
01544500 1998 12 10 11266.2398 A
01544500 1998 12 11 11300.1826 A
01544500 1998 12 12 11254.6096 A
01544500 1998 12 13 11245.3302 A
01544500 1998 12 14 11252.6174 A
01544500 1998 12 15 11236.6042 A
01544500 1998 12 16 11297.0644 A
01544500 1998 12 17 11283.7538 A
01544500 1998 12 18 11265.4787 A
01544500 1998 12 19 11365.5271 A
01544500 1998 12 20 11283.8649 A
01544500 1998 12 21 11286.6175 A
01544500 1998 12 22 11276.0138 A
01544500 1998 12 23 11267.7348 A
01544500 1998 12 24 11280.9246 A
01544500 1998 12 25 11272.3291 A
01544500 1998 12 26 11295.5302 A
01544500 1998 12 27 11268.0290 A
01544500 1998 12 28 11279.2771 A
01544500 1998 12 29 11346.9021 A
01544500 1998 12 30 11285.0822 A
01544500 1998 12 31 11265.2497 A
01544500 1999 1 1 11296.0966 A
01544500 1999 1 2 11284.3089 A
01544500 1999 1 3 11327.7130 A
01544500 1999 1 4 11294.1185 A
01544500 1999 1 5 11276.7411 A
01544500 1999 1 6 11333.3671 A
01544500 1999 1 7 11300.6353 A
01544500 1999 1 8 11298.9462 A
01544500 1999 1 9 11373.5088 A
01544500 1999 1 10 11337.2171 A
01544500 1999 1 11 11312.4465 A
01544500 1999 1 12 11331.0947 A
01544500 1999 1 13 11361.4619 A
01544500 1999 1 14 11332.4739 A
01544500 1999 1 15 11330.0338 A
01544500 1999 1 16 11324.6291 A
01544500 1999 1 17 11307.3435 A
01544500 1999 1 18 11338.2956 A
01544500 1999 1 19 11326.6042 A
01544500 1999 1 20 11386.7694 A
01544500 1999 1 21 11357.1713 A
01544500 1999 1 22 11441.1452 A
01544500 1999 1 23 11429.4554 A
01544500 1999 1 24 11371.2544 A
01544500 1999 1 25 11423.3364 A
01544500 1999 1 26 11384.6745 A
01544500 1999 1 27 11411.8952 A
01544500 1999 1 28 11407.2354 A
01544500 1999 1 29 11405.4864 A
01544500 1999 1 30 11399.3469 A
01544500 1999 1 31 11415.8488 A
01544500 1999 2 1 11400.5048 A
01544500 1999 2 2 11427.0233 A
01544500 1999 2 3 11444.7452 A
01544500 1999 2 4 11468.1991 A
01544500 1999 2 5 11416.9890 A
01544500 1999 2 6 11428.4611 A
01544500 1999 2 7 11446.6590 A
01544500 1999 2 8 11590.1222 A
01544500 1999 2 9 11484.7411 A
01544500 1999 2 10 11456.5951 A
01544500 1999 2 11 11487.3386 A
01544500 1999 2 12 11486.0645 A
01544500 1999 2 13 11483.9453 A
01544500 1999 2 14 11540.8548 A
01544500 1999 2 15 11479.5253 A
01544500 1999 2 16 11548.6758 A
01544500 1999 2 17 11527.4491 A
01544500 1999 2 18 11585.0482 A
01544500 1999 2 19 11514.6529 A
01544500 1999 2 20 11566.5640 A
01544500 1999 2 21 11546.0850 A
01544500 1999 2 22 11583.4023 A
01544500 1999 2 23 11670.5141 A
01544500 1999 2 24 11611.3504 A
01544500 1999 2 25 11642.1519 A
01544500 1999 2 26 11579.1779 A
01544500 1999 2 27 11611.5690 A
01544500 1999 2 28 11617.5687 A
01544500 1999 3 1 11644.4466 A
01544500 1999 3 2 11610.0541 A
01544500 1999 3 3 11865.3733 A
01544500 1999 3 4 11711.3387 A
01544500 1999 3 5 11703.1920 A
01544500 1999 3 6 11673.1338 A
01544500 1999 3 7 11767.3887 A
01544500 1999 3 8 11811.1106 A
01544500 1999 3 9 11747.0510 A
01544500 1999 3 10 11798.6974 A
01544500 1999 3 11 11758.3662 A
01544500 1999 3 12 11847.5457 A
01544500 1999 3 13 11862.1577 A
01544500 1999 3 14 11856.9958 A
01544500 1999 3 15 11901.6042 A
01544500 1999 3 16 11902.2241 A
01544500 1999 3 17 11955.9774 A
01544500 1999 3 18 11973.5736 A
01544500 1999 3 19 12185.6555 A
01544500 1999 3 20 12106.0307 A
01544500 1999 3 21 12102.6222 A
01544500 1999 3 22 12172.1381 A
01544500 1999 3 23 12054.8414 A
01544500 1999 3 24 12094.4707 A
01544500 1999 3 25 12086.6208 A
01544500 1999 3 26 12450.2264 A
01544500 1999 3 27 12175.8423 A
01544500 1999 3 28 12138.0716 A
01544500 1999 3 29 12148.8603 A
01544500 1999 3 30 12125.6389 A
01544500 1999 3 31 12136.0441 A
01544500 1999 4 1 12214.0519 A
01544500 1999 4 2 12170.6431 A
01544500 1999 4 3 12143.2289 A
01544500 1999 4 4 12198.6904 A
01544500 1999 4 5 12135.3520 A
01544500 1999 4 6 12150.3479 A
01544500 1999 4 7 12201.7740 A
01544500 1999 4 8 12168.2005 A
01544500 1999 4 9 12243.8492 A
01544500 1999 4 10 12438.9482 A
01544500 1999 4 11 12205.1360 A
01544500 1999 4 12 12327.5143 A
01544500 1999 4 13 12326.5442 A
01544500 1999 4 14 12354.5964 A
01544500 1999 4 15 12352.1207 A
01544500 1999 4 16 12286.2071 A
01544500 1999 4 17 12303.1052 A
01544500 1999 4 18 12353.1786 A
01544500 1999 4 19 12266.4817 A
01544500 1999 4 20 12422.0221 A
01544500 1999 4 21 12665.8595 A
01544500 1999 4 22 12616.6323 A
01544500 1999 4 23 12463.1459 A
01544500 1999 4 24 12421.7322 A
01544500 1999 4 25 12410.2248 A
01544500 1999 4 26 12530.3831 A
01544500 1999 4 27 12500.8497 A
01544500 1999 4 28 12519.5630 A
01544500 1999 4 29 12453.7463 A
01544500 1999 4 30 12485.3757 A
01544500 1999 5 1 12445.4928 A
01544500 1999 5 2 12524.9948 A
01544500 1999 5 3 12531.1883 A
01544500 1999 5 4 12563.6905 A
01544500 1999 5 5 12500.9405 A
01544500 1999 5 6 12637.5422 A
01544500 1999 5 7 12580.3687 A
01544500 1999 5 8 12613.8692 A
01544500 1999 5 9 12583.4540 A
01544500 1999 5 10 12552.1538 A
01544500 1999 5 11 12643.8827 A
01544500 1999 5 12 12610.2254 A
01544500 1999 5 13 12729.1143 A
01544500 1999 5 14 12609.8497 A
01544500 1999 5 15 12598.4985 A
01544500 1999 5 16 12634.2216 A
01544500 1999 5 17 12753.5465 A
01544500 1999 5 18 12708.1208 A
01544500 1999 5 19 12713.4634 A
01544500 1999 5 20 12683.5526 A
01544500 1999 5 21 12777.3321 A
01544500 1999 5 22 12725.3398 A
01544500 1999 5 23 12696.1887 A
01544500 1999 5 24 12761.2441 A
01544500 1999 5 25 12724.4632 A
01544500 1999 5 26 12695.8924 A
01544500 1999 5 27 12702.9849 A
01544500 1999 5 28 12773.6736 A
01544500 1999 5 29 12883.2004 A
01544500 1999 5 30 12756.9780 A
01544500 1999 5 31 12829.3602 A
01544500 1999 6 1 12741.0179 A
01544500 1999 6 2 12919.6210 A
01544500 1999 6 3 12861.9461 A
01544500 1999 6 4 12865.6526 A
01544500 1999 6 5 12873.7814 A
01544500 1999 6 6 12828.4494 A
01544500 1999 6 7 12993.9823 A
01544500 1999 6 8 13134.4471 A
01544500 1999 6 9 12966.8500 A
01544500 1999 6 10 12947.2362 A
01544500 1999 6 11 12927.8541 A
01544500 1999 6 12 12948.9217 A
01544500 1999 6 13 12936.3877 A
01544500 1999 6 14 12926.3371 A
01544500 1999 6 15 12967.0242 A
01544500 1999 6 16 12954.0788 A
01544500 1999 6 17 13026.8278 A
01544500 1999 6 18 12967.8881 A
01544500 1999 6 19 13050.2297 A
01544500 1999 6 20 13015.6673 A
01544500 1999 6 21 13062.6755 A
01544500 1999 6 22 13006.3603 A
01544500 1999 6 23 13233.2817 A
01544500 1999 6 24 13048.8899 A
01544500 1999 6 25 13054.2635 A
01544500 1999 6 26 13111.4785 A
01544500 1999 6 27 13076.7581 A
01544500 1999 6 28 13075.6386 A
01544500 1999 6 29 13128.8294 A
01544500 1999 6 30 13142.3297 A
01544500 1999 7 1 13050.4724 A
01544500 1999 7 2 13171.9316 A
01544500 1999 7 3 13176.7515 A
01544500 1999 7 4 13165.1692 A
01544500 1999 7 5 13192.2429 A
01544500 1999 7 6 13226.6355 A
01544500 1999 7 7 13160.6213 A
01544500 1999 7 8 13159.6751 A
01544500 1999 7 9 13264.2277 A
01544500 1999 7 10 13183.4155 A
01544500 1999 7 11 13230.1629 A
01544500 1999 7 12 13164.0624 A
01544500 1999 7 13 13193.4078 A
01544500 1999 7 14 13295.8868 A
01544500 1999 7 15 13231.6025 A
01544500 1999 7 16 13250.0079 A
01544500 1999 7 17 13278.8933 A
01544500 1999 7 18 13250.6963 A
01544500 1999 7 19 13254.6592 A
01544500 1999 7 20 13259.2776 A
01544500 1999 7 21 13221.2427 A
01544500 1999 7 22 13244.7243 A
01544500 1999 7 23 13301.3526 A
01544500 1999 7 24 13320.9572 A
01544500 1999 7 25 13250.2752 A
01544500 1999 7 26 13282.0372 A
01544500 1999 7 27 13282.9314 A
01544500 1999 7 28 13308.5137 A
01544500 1999 7 29 13277.0247 A
01544500 1999 7 30 13288.9438 A
01544500 1999 7 31 13301.6703 A
01544500 1999 8 1 13364.6989 A
01544500 1999 8 2 13326.0021 A
01544500 1999 8 3 13303.9117 A
01544500 1999 8 4 13314.3225 A
01544500 1999 8 5 13466.7505 A
01544500 1999 8 6 13419.3548 A
01544500 1999 8 7 13365.5396 A
01544500 1999 8 8 13358.5539 A
01544500 1999 8 9 13407.5211 A
01544500 1999 8 10 13393.2139 A
01544500 1999 8 11 13363.7416 A
01544500 1999 8 12 13341.3083 A
01544500 1999 8 13 13369.1807 A
01544500 1999 8 14 13395.5091 A
01544500 1999 8 15 13369.9431 A
01544500 1999 8 16 13377.3122 A
01544500 1999 8 17 13346.9799 A
01544500 1999 8 18 13380.8931 A
01544500 1999 8 19 13383.6847 A
01544500 1999 8 20 13384.1310 A
01544500 1999 8 21 13392.9336 A
01544500 1999 8 22 13414.0960 A
01544500 1999 8 23 13408.8363 A
01544500 1999 8 24 13365.9435 A
01544500 1999 8 25 13402.8349 A
01544500 1999 8 26 13358.3839 A
01544500 1999 8 27 13391.1519 A
01544500 1999 8 28 13419.6371 A
01544500 1999 8 29 13402.1827 A
01544500 1999 8 30 13385.5679 A
01544500 1999 8 31 13418.8353 A
01544500 1999 9 1 13402.2079 A
01544500 1999 9 2 13415.5808 A
01544500 1999 9 3 13477.0859 A
01544500 1999 9 4 13529.4311 A
01544500 1999 9 5 13441.8868 A
01544500 1999 9 6 13422.7577 A
01544500 1999 9 7 13435.4651 A
01544500 1999 9 8 13469.6721 A
01544500 1999 9 9 13425.2176 A
01544500 1999 9 10 13436.7622 A
01544500 1999 9 11 13444.9028 A
01544500 1999 9 12 13491.3922 A
01544500 1999 9 13 13441.3647 A
01544500 1999 9 14 13433.1977 A
01544500 1999 9 15 13438.1131 A
01544500 1999 9 16 13455.2149 A
01544500 1999 9 17 13421.0297 A
01544500 1999 9 18 13514.7567 A
01544500 1999 9 19 13437.3244 A
01544500 1999 9 20 13444.1584 A
01544500 1999 9 21 13421.2882 A
01544500 1999 9 22 13474.9562 A
01544500 1999 9 23 13502.5490 A
01544500 1999 9 24 13455.4431 A
01544500 1999 9 25 13424.8187 A
01544500 1999 9 26 13432.0967 A
01544500 1999 9 27 13514.2308 A
01544500 1999 9 28 13514.1617 A
01544500 1999 9 29 13520.5634 A
01544500 1999 9 30 13460.4818 A
01544500 1999 10 1 13509.5739 A
01544500 1999 10 2 13486.8283 A
01544500 1999 10 3 13465.0999 A
01544500 1999 10 4 13531.5218 A
01544500 1999 10 5 13488.0978 A
01544500 1999 10 6 13478.3413 A
01544500 1999 10 7 13518.0717 A
01544500 1999 10 8 13475.4296 A
01544500 1999 10 9 13477.4669 A
01544500 1999 10 10 13526.6807 A
01544500 1999 10 11 13523.3789 A
01544500 1999 10 12 13505.7714 A
01544500 1999 10 13 13504.0761 A
01544500 1999 10 14 13486.4730 A
01544500 1999 10 15 13550.0501 A
01544500 1999 10 16 13498.1567 A
01544500 1999 10 17 13498.8686 A
01544500 1999 10 18 13498.7228 A
01544500 1999 10 19 13526.2819 A
01544500 1999 10 20 13581.1470 A
01544500 1999 10 21 13518.9699 A
01544500 1999 10 22 13507.1803 A
01544500 1999 10 23 13586.7170 A
01544500 1999 10 24 13514.0256 A
01544500 1999 10 25 13652.5475 A
01544500 1999 10 26 13607.6677 A
01544500 1999 10 27 13569.9705 A
01544500 1999 10 28 13561.4872 A
01544500 1999 10 29 13553.7214 A
01544500 1999 10 30 13626.4822 A
01544500 1999 10 31 13551.9264 A
01544500 1999 11 1 13615.5539 A
01544500 1999 11 2 13556.7976 A
01544500 1999 11 3 13558.2549 A
01544500 1999 11 4 13589.8243 A
01544500 1999 11 5 13650.3185 A
01544500 1999 11 6 13576.9940 A
01544500 1999 11 7 13577.7272 A
01544500 1999 11 8 13638.4106 A
01544500 1999 11 9 13580.0989 A
01544500 1999 11 10 13591.6548 A
01544500 1999 11 11 13564.9304 A
01544500 1999 11 12 13578.6770 A
01544500 1999 11 13 13591.5456 A
01544500 1999 11 14 13590.4706 A
01544500 1999 11 15 13590.9008 A
01544500 1999 11 16 13591.4622 A
01544500 1999 11 17 13587.6622 A
01544500 1999 11 18 13580.8350 A
01544500 1999 11 19 13612.3805 A
01544500 1999 11 20 13556.1531 A
01544500 1999 11 21 13573.8165 A
01544500 1999 11 22 13609.8485 A
01544500 1999 11 23 13565.7594 A
01544500 1999 11 24 13594.9043 A
01544500 1999 11 25 13598.5120 A
01544500 1999 11 26 13569.8385 A
01544500 1999 11 27 13569.3813 A
01544500 1999 11 28 13579.6534 A
01544500 1999 11 29 13578.5272 A
01544500 1999 11 30 13726.3136 A
01544500 1999 12 1 13619.6533 A
01544500 1999 12 2 13689.5358 A
01544500 1999 12 3 13621.2635 A
01544500 1999 12 4 13629.3238 A
01544500 1999 12 5 13609.7268 A
01544500 1999 12 6 13630.5700 A
01544500 1999 12 7 13637.1818 A
01544500 1999 12 8 13696.4086 A
01544500 1999 12 9 13636.9561 A
01544500 1999 12 10 13666.1374 A
01544500 1999 12 11 13622.2724 A
01544500 1999 12 12 13621.7793 A
01544500 1999 12 13 13632.6804 A
01544500 1999 12 14 13630.2658 A
01544500 1999 12 15 13611.8300 A
01544500 1999 12 16 13626.5138 A
01544500 1999 12 17 13759.1750 A
01544500 1999 12 18 13676.0199 A
01544500 1999 12 19 13660.2489 A
01544500 1999 12 20 13645.2269 A
01544500 1999 12 21 13666.4801 A
01544500 1999 12 22 13706.8060 A
01544500 1999 12 23 13666.5921 A
01544500 1999 12 24 13676.5953 A
01544500 1999 12 25 13661.5465 A
01544500 1999 12 26 13706.7218 A
01544500 1999 12 27 13692.6350 A
01544500 1999 12 28 13650.4764 A
01544500 1999 12 29 13777.2570 A
01544500 1999 12 30 13703.8428 A
01544500 1999 12 31 13808.2927 A
01544500 2000 1 1 13728.0996 A
01544500 2000 1 2 13718.3090 A
01544500 2000 1 3 13711.7990 A
01544500 2000 1 4 13720.2706 A
01544500 2000 1 5 13709.7358 A
01544500 2000 1 6 13719.5747 A
01544500 2000 1 7 13732.6914 A
01544500 2000 1 8 13703.7914 A
01544500 2000 1 9 13682.3909 A
01544500 2000 1 10 13745.5777 A
01544500 2000 1 11 13700.7164 A
01544500 2000 1 12 13698.2724 A
01544500 2000 1 13 13778.7604 A
01544500 2000 1 14 13740.1165 A
01544500 2000 1 15 13724.9524 A
01544500 2000 1 16 13756.3447 A
01544500 2000 1 17 13721.0583 A
01544500 2000 1 18 13754.3559 A
01544500 2000 1 19 13767.4230 A
01544500 2000 1 20 13725.2414 A
01544500 2000 1 21 13726.1323 A
01544500 2000 1 22 13732.2866 A
01544500 2000 1 23 13749.9068 A
01544500 2000 1 24 13826.7142 A
01544500 2000 1 25 13823.8311 A
01544500 2000 1 26 13837.8022 A
01544500 2000 1 27 13788.3861 A
01544500 2000 1 28 13901.3333 A
01544500 2000 1 29 13793.3974 A
01544500 2000 1 30 13795.9324 A
01544500 2000 1 31 13775.6030 A
01544500 2000 2 1 13937.4051 A
01544500 2000 2 2 13825.1112 A
01544500 2000 2 3 13854.1177 A
01544500 2000 2 4 13816.4390 A
01544500 2000 2 5 13871.9685 A
01544500 2000 2 6 13828.5147 A
01544500 2000 2 7 13819.3861 A
01544500 2000 2 8 13917.3087 A
01544500 2000 2 9 13873.4293 A
01544500 2000 2 10 13866.9121 A
01544500 2000 2 11 13898.1075 A
01544500 2000 2 12 13862.0980 A
01544500 2000 2 13 13896.1275 A
01544500 2000 2 14 13953.8950 A
01544500 2000 2 15 13886.8491 A
01544500 2000 2 16 13901.0968 A
01544500 2000 2 17 14005.2426 A
01544500 2000 2 18 14092.1011 A
01544500 2000 2 19 13918.4611 A
01544500 2000 2 20 13945.7811 A
01544500 2000 2 21 13989.8691 A
01544500 2000 2 22 14074.8593 A
01544500 2000 2 23 14034.0593 A
01544500 2000 2 24 14095.3912 A
01544500 2000 2 25 14009.8459 A
01544500 2000 2 26 13992.5661 A
01544500 2000 2 27 14124.2303 A
01544500 2000 2 28 14120.5849 A
01544500 2000 2 29 14072.5975 A
01544500 2000 3 1 14111.9269 A
01544500 2000 3 2 14115.9878 A
01544500 2000 3 3 14092.1218 A
01544500 2000 3 4 14152.5349 A
01544500 2000 3 5 14172.7278 A
01544500 2000 3 6 14231.8346 A
01544500 2000 3 7 14253.9782 A
01544500 2000 3 8 14224.5079 A
01544500 2000 3 9 14303.5209 A
01544500 2000 3 10 14214.4294 A
01544500 2000 3 11 14480.1158 A
01544500 2000 3 12 14301.7249 A
01544500 2000 3 13 14356.9780 A
01544500 2000 3 14 14566.5607 A
01544500 2000 3 15 14421.0485 A
01544500 2000 3 16 14432.5736 A
01544500 2000 3 17 14463.8579 A
01544500 2000 3 18 14444.4551 A
01544500 2000 3 19 14476.8087 A
01544500 2000 3 20 14442.7334 A
01544500 2000 3 21 14685.0025 A
01544500 2000 3 22 14529.1413 A
01544500 2000 3 23 14578.4653 A
01544500 2000 3 24 14493.8033 A
01544500 2000 3 25 14494.9635 A
01544500 2000 3 26 14646.2162 A
01544500 2000 3 27 14552.4329 A
01544500 2000 3 28 14545.6616 A
01544500 2000 3 29 14566.6420 A
01544500 2000 3 30 14575.2341 A
01544500 2000 3 31 14584.5776 A
01544500 2000 4 1 14534.6680 A
01544500 2000 4 2 14640.2075 A
01544500 2000 4 3 14631.2852 A
01544500 2000 4 4 14695.4336 A
01544500 2000 4 5 14716.5065 A
01544500 2000 4 6 14607.0933 A
01544500 2000 4 7 14855.5173 A
01544500 2000 4 8 14747.8830 A
01544500 2000 4 9 14797.3999 A
01544500 2000 4 10 14937.7135 A
01544500 2000 4 11 14713.0047 A
01544500 2000 4 12 14759.9485 A
01544500 2000 4 13 14723.2599 A
01544500 2000 4 14 14785.7891 A
01544500 2000 4 15 14724.8630 A
01544500 2000 4 16 14799.3106 A
01544500 2000 4 17 14811.0719 A
01544500 2000 4 18 14749.7220 A
01544500 2000 4 19 14815.9190 A
01544500 2000 4 20 14956.1457 A
01544500 2000 4 21 14874.4630 A
01544500 2000 4 22 14787.7717 A
01544500 2000 4 23 14929.1247 A
01544500 2000 4 24 14910.1052 A
01544500 2000 4 25 14935.5853 A
01544500 2000 4 26 14842.9231 A
01544500 2000 4 27 14896.4159 A
01544500 2000 4 28 15150.3714 A
01544500 2000 4 29 14924.1448 A
01544500 2000 4 30 15127.0758 A
01544500 2000 5 1 15027.9346 A
01544500 2000 5 2 15097.8962 A
01544500 2000 5 3 15196.7839 A
01544500 2000 5 4 15190.0935 A
01544500 2000 5 5 15076.9039 A
01544500 2000 5 6 15065.9554 A
01544500 2000 5 7 15121.3797 A
01544500 2000 5 8 15225.6064 A
01544500 2000 5 9 15209.0869 A
01544500 2000 5 10 15133.6441 A
01544500 2000 5 11 15264.7661 A
01544500 2000 5 12 15170.6927 A
01544500 2000 5 13 15198.1437 A
01544500 2000 5 14 15148.1480 A
01544500 2000 5 15 15141.5151 A
01544500 2000 5 16 15233.6471 A
01544500 2000 5 17 15258.6078 A
01544500 2000 5 18 15188.5026 A
01544500 2000 5 19 15294.7741 A
01544500 2000 5 20 15204.8320 A
01544500 2000 5 21 15194.0486 A
01544500 2000 5 22 15443.2672 A
01544500 2000 5 23 15253.2555 A
01544500 2000 5 24 15432.9002 A
01544500 2000 5 25 15307.3773 A
01544500 2000 5 26 15441.9546 A
01544500 2000 5 27 15365.5055 A
01544500 2000 5 28 15293.2130 A
01544500 2000 5 29 15410.4731 A
01544500 2000 5 30 15400.7907 A
01544500 2000 5 31 15406.2143 A
01544500 2000 6 1 15354.3449 A
01544500 2000 6 2 15484.4955 A
01544500 2000 6 3 15596.1352 A
01544500 2000 6 4 15586.9107 A
01544500 2000 6 5 15485.6955 A
01544500 2000 6 6 15466.0328 A
01544500 2000 6 7 15442.0343 A
01544500 2000 6 8 15452.0686 A
01544500 2000 6 9 15546.3954 A
01544500 2000 6 10 15551.5301 A
01544500 2000 6 11 15464.7323 A
01544500 2000 6 12 15637.7058 A
01544500 2000 6 13 15666.5468 A
01544500 2000 6 14 15740.6595 A
01544500 2000 6 15 15596.0751 A
01544500 2000 6 16 15696.6172 A
01544500 2000 6 17 15702.7056 A
01544500 2000 6 18 15790.4022 A
01544500 2000 6 19 15623.7406 A
01544500 2000 6 20 15647.5991 A
01544500 2000 6 21 15751.0331 A
01544500 2000 6 22 15775.9906 A
01544500 2000 6 23 15704.9699 A
01544500 2000 6 24 15752.4661 A
01544500 2000 6 25 15717.2230 A
01544500 2000 6 26 15786.8153 A
01544500 2000 6 27 15901.2827 A
01544500 2000 6 28 15960.1751 A
01544500 2000 6 29 15829.0409 A
01544500 2000 6 30 15915.0535 A
01544500 2000 7 1 15919.5554 A
01544500 2000 7 2 16113.6650 A
01544500 2000 7 3 15883.7406 A
01544500 2000 7 4 15903.2474 A
01544500 2000 7 5 15887.8494 A
01544500 2000 7 6 15972.9600 A
01544500 2000 7 7 15965.4999 A
01544500 2000 7 8 15947.7411 A
01544500 2000 7 9 15911.1967 A
01544500 2000 7 10 16003.9133 A
01544500 2000 7 11 15944.5608 A
01544500 2000 7 12 15966.6183 A
01544500 2000 7 13 15948.3128 A
01544500 2000 7 14 16059.0980 A
01544500 2000 7 15 15997.9507 A
01544500 2000 7 16 15976.4398 A
01544500 2000 7 17 15992.6485 A
01544500 2000 7 18 16002.8373 A
01544500 2000 7 19 15971.1157 A
01544500 2000 7 20 16090.7585 A
01544500 2000 7 21 16004.5913 A
01544500 2000 7 22 16004.6808 A
01544500 2000 7 23 16375.6881 A
01544500 2000 7 24 16078.4320 A
01544500 2000 7 25 16062.4083 A
01544500 2000 7 26 16069.8005 A
01544500 2000 7 27 16068.7705 A
01544500 2000 7 28 16135.5238 A
01544500 2000 7 29 16074.6766 A
01544500 2000 7 30 16174.8319 A
01544500 2000 7 31 16100.7290 A
01544500 2000 8 1 16091.1783 A
01544500 2000 8 2 16163.0397 A
01544500 2000 8 3 16150.0865 A
01544500 2000 8 4 16129.9347 A
01544500 2000 8 5 16109.0915 A
01544500 2000 8 6 16152.4334 A
01544500 2000 8 7 16234.0251 A
01544500 2000 8 8 16150.3677 A
01544500 2000 8 9 16214.4590 A
01544500 2000 8 10 16147.7156 A
01544500 2000 8 11 16146.3967 A
01544500 2000 8 12 16168.7319 A
01544500 2000 8 13 16187.1312 A
01544500 2000 8 14 16176.8376 A
01544500 2000 8 15 16197.2374 A
01544500 2000 8 16 16194.7719 A
01544500 2000 8 17 16235.5501 A
01544500 2000 8 18 16275.2799 A
01544500 2000 8 19 16197.9689 A
01544500 2000 8 20 16199.4895 A
01544500 2000 8 21 16187.5208 A
01544500 2000 8 22 16185.2926 A
01544500 2000 8 23 16203.5149 A
01544500 2000 8 24 16167.6210 A
01544500 2000 8 25 16206.0200 A
01544500 2000 8 26 16270.7498 A
01544500 2000 8 27 16228.4015 A
01544500 2000 8 28 16240.1461 A
01544500 2000 8 29 16227.8161 A
01544500 2000 8 30 16227.5753 A
01544500 2000 8 31 16254.7909 A
01544500 2000 9 1 16230.7987 A
01544500 2000 9 2 16245.4462 A
01544500 2000 9 3 16300.6180 A
01544500 2000 9 4 16351.7626 A
01544500 2000 9 5 16243.6667 A
01544500 2000 9 6 16282.1022 A
01544500 2000 9 7 16278.1514 A
01544500 2000 9 8 16253.7333 A
01544500 2000 9 9 16309.3908 A
01544500 2000 9 10 16281.6147 A
01544500 2000 9 11 16241.5081 A
01544500 2000 9 12 16303.1686 A
01544500 2000 9 13 16275.2249 A
01544500 2000 9 14 16294.7439 A
01544500 2000 9 15 16349.0219 A
01544500 2000 9 16 16304.0092 A
01544500 2000 9 17 16345.0785 A
01544500 2000 9 18 16302.7388 A
01544500 2000 9 19 16368.2779 A
01544500 2000 9 20 16331.1986 A
01544500 2000 9 21 16303.4418 A
01544500 2000 9 22 16310.1240 A
01544500 2000 9 23 16373.1351 A
01544500 2000 9 24 16317.3751 A
01544500 2000 9 25 16320.8016 A
01544500 2000 9 26 16306.8815 A
01544500 2000 9 27 16292.3163 A
01544500 2000 9 28 16387.6078 A
01544500 2000 9 29 16332.6443 A
01544500 2000 9 30 16313.0573 A
01544500 2000 10 1 16334.6059 A
01544500 2000 10 2 16332.4926 A
01544500 2000 10 3 16383.5172 A
01544500 2000 10 4 16352.6257 A
01544500 2000 10 5 16312.3634 A
01544500 2000 10 6 16350.7567 A
01544500 2000 10 7 16347.4266 A
01544500 2000 10 8 16321.9230 A
01544500 2000 10 9 16321.3027 A
01544500 2000 10 10 16461.1782 A
01544500 2000 10 11 16334.5906 A
01544500 2000 10 12 16327.0934 A
01544500 2000 10 13 16359.7323 A
01544500 2000 10 14 16357.1932 A
01544500 2000 10 15 16355.6867 A
01544500 2000 10 16 16368.0592 A
01544500 2000 10 17 16340.2024 A
01544500 2000 10 18 16348.3887 A
01544500 2000 10 19 16354.4450 A
01544500 2000 10 20 16422.4425 A
01544500 2000 10 21 16374.5449 A
01544500 2000 10 22 16371.3150 A
01544500 2000 10 23 16368.4663 A
01544500 2000 10 24 16384.5888 A
01544500 2000 10 25 16401.6150 A
01544500 2000 10 26 16352.2214 A
01544500 2000 10 27 16340.7048 A
01544500 2000 10 28 16338.3581 A
01544500 2000 10 29 16380.3974 A
01544500 2000 10 30 16357.9245 A
01544500 2000 10 31 16391.3396 A
01544500 2000 11 1 16405.0758 A
01544500 2000 11 2 16365.9777 A
01544500 2000 11 3 16369.3511 A
01544500 2000 11 4 16383.4062 A
01544500 2000 11 5 16361.7679 A
01544500 2000 11 6 16403.7038 A
01544500 2000 11 7 16366.4895 A
01544500 2000 11 8 16395.0469 A
01544500 2000 11 9 16500.5122 A
01544500 2000 11 10 16476.1478 A
01544500 2000 11 11 16442.5912 A
01544500 2000 11 12 16421.2768 A
01544500 2000 11 13 16389.9631 A
01544500 2000 11 14 16428.9088 A
01544500 2000 11 15 16396.5686 A
01544500 2000 11 16 16414.8104 A
01544500 2000 11 17 16464.2427 A
01544500 2000 11 18 16522.1179 A
01544500 2000 11 19 16489.8656 A
01544500 2000 11 20 16471.1659 A
01544500 2000 11 21 16514.9260 A
01544500 2000 11 22 16468.2567 A
01544500 2000 11 23 16450.0639 A
01544500 2000 11 24 16441.0753 A
01544500 2000 11 25 16465.0388 A
01544500 2000 11 26 16449.0794 A
01544500 2000 11 27 16461.9513 A
01544500 2000 11 28 16504.5377 A
01544500 2000 11 29 16468.1068 A
01544500 2000 11 30 16494.9065 A
01544500 2000 12 1 16473.4792 A
01544500 2000 12 2 16527.8361 A
01544500 2000 12 3 16490.0008 A
01544500 2000 12 4 16504.3549 A
01544500 2000 12 5 16536.9774 A
01544500 2000 12 6 16485.6960 A
01544500 2000 12 7 16487.8620 A
01544500 2000 12 8 16510.6794 A
01544500 2000 12 9 16565.8978 A
01544500 2000 12 10 16539.9259 A
01544500 2000 12 11 16584.0820 A
01544500 2000 12 12 16522.6038 A
01544500 2000 12 13 16520.1082 A
01544500 2000 12 14 16517.2152 A
01544500 2000 12 15 16517.6728 A
01544500 2000 12 16 16515.4704 A
01544500 2000 12 17 16512.7824 A
01544500 2000 12 18 16498.8459 A
01544500 2000 12 19 16520.2645 A
01544500 2000 12 20 16504.7908 A
01544500 2000 12 21 16501.9845 A
01544500 2000 12 22 16491.0475 A
01544500 2000 12 23 16542.5856 A
01544500 2000 12 24 16550.4655 A
01544500 2000 12 25 16530.8523 A
01544500 2000 12 26 16701.6336 A
01544500 2000 12 27 16530.0140 A
01544500 2000 12 28 16626.5595 A
01544500 2000 12 29 16607.4032 A
01544500 2000 12 30 16602.6068 A
01544500 2000 12 31 16643.8737 A
01544500 2001 1 1 16599.9882 A
01544500 2001 1 2 16682.6752 A
01544500 2001 1 3 16589.8735 A
01544500 2001 1 4 16633.2362 A
01544500 2001 1 5 16618.6450 A
01544500 2001 1 6 16645.3941 A
01544500 2001 1 7 16703.7888 A
01544500 2001 1 8 16733.0176 A
01544500 2001 1 9 16680.8703 A
01544500 2001 1 10 16696.1451 A
01544500 2001 1 11 16670.0416 A
01544500 2001 1 12 16668.4025 A
01544500 2001 1 13 16691.2277 A
01544500 2001 1 14 16715.8107 A
01544500 2001 1 15 16718.2779 A
01544500 2001 1 16 16725.5667 A
01544500 2001 1 17 16714.1762 A
01544500 2001 1 18 16724.8965 A
01544500 2001 1 19 16678.5265 A
01544500 2001 1 20 16862.1919 A
01544500 2001 1 21 16804.4051 A
01544500 2001 1 22 16749.3209 A
01544500 2001 1 23 16746.4640 A
01544500 2001 1 24 16801.1436 A
01544500 2001 1 25 16774.1483 A
01544500 2001 1 26 16822.8420 A
01544500 2001 1 27 16780.1711 A
01544500 2001 1 28 16857.6751 A
01544500 2001 1 29 16863.6886 A
01544500 2001 1 30 16825.9810 A
01544500 2001 1 31 16787.7821 A
01544500 2001 2 1 16765.5189 A
01544500 2001 2 2 16862.6378 A
01544500 2001 2 3 16780.1128 A
01544500 2001 2 4 16810.5492 A
01544500 2001 2 5 16834.6126 A
01544500 2001 2 6 16934.0039 A
01544500 2001 2 7 16838.2371 A
01544500 2001 2 8 16905.1370 A
01544500 2001 2 9 16880.0063 A
01544500 2001 2 10 16856.1278 A
01544500 2001 2 11 16884.3509 A
01544500 2001 2 12 16855.9132 A
01544500 2001 2 13 16830.5613 A
01544500 2001 2 14 16931.6761 A
01544500 2001 2 15 16888.7394 A
01544500 2001 2 16 16863.0049 A
01544500 2001 2 17 16976.8852 A
01544500 2001 2 18 16950.8178 A
01544500 2001 2 19 16921.2124 A
01544500 2001 2 20 16912.0545 A
01544500 2001 2 21 16933.4078 A
01544500 2001 2 22 16950.7173 A
01544500 2001 2 23 16900.6216 A
01544500 2001 2 24 16945.1419 A
01544500 2001 2 25 17003.5750 A
01544500 2001 2 26 16969.1834 A
01544500 2001 2 27 16942.8893 A
01544500 2001 2 28 17065.4079 A
01544500 2001 3 1 17029.6882 A
01544500 2001 3 2 17042.0127 A
01544500 2001 3 3 17030.0529 A
01544500 2001 3 4 17057.0937 A
01544500 2001 3 5 17197.7107 A
01544500 2001 3 6 17112.6729 A
01544500 2001 3 7 17060.7716 A
01544500 2001 3 8 17068.0390 A
01544500 2001 3 9 17053.7417 A
01544500 2001 3 10 17080.8023 A
01544500 2001 3 11 17125.0657 A
01544500 2001 3 12 17170.2990 A
01544500 2001 3 13 17163.5914 A
01544500 2001 3 14 17165.0814 A
01544500 2001 3 15 17218.3789 A
01544500 2001 3 16 17165.9089 A
01544500 2001 3 17 17216.3180 A
01544500 2001 3 18 17221.9836 A
01544500 2001 3 19 17474.4936 A
01544500 2001 3 20 17299.7866 A
01544500 2001 3 21 17411.0939 A
01544500 2001 3 22 17410.7268 A
01544500 2001 3 23 17359.8097 A
01544500 2001 3 24 17543.2275 A
01544500 2001 3 25 17484.7358 A
01544500 2001 3 26 17470.5257 A
01544500 2001 3 27 17480.4848 A
01544500 2001 3 28 17538.6118 A
01544500 2001 3 29 17615.6343 A
01544500 2001 3 30 17465.2069 A
01544500 2001 3 31 17477.3304 A
01544500 2001 4 1 17507.7445 A
01544500 2001 4 2 17498.8350 A
01544500 2001 4 3 17493.3038 A
01544500 2001 4 4 17489.0008 A
01544500 2001 4 5 17507.7384 A
01544500 2001 4 6 17603.5550 A
01544500 2001 4 7 17492.3851 A
01544500 2001 4 8 17686.8715 A
01544500 2001 4 9 17681.0683 A
01544500 2001 4 10 17599.2297 A
01544500 2001 4 11 17699.4197 A
01544500 2001 4 12 17602.9026 A
01544500 2001 4 13 17771.2303 A
01544500 2001 4 14 17655.9281 A
01544500 2001 4 15 17639.3657 A
01544500 2001 4 16 17656.9736 A
01544500 2001 4 17 17649.1946 A
01544500 2001 4 18 17721.3930 A
01544500 2001 4 19 17692.9977 A
01544500 2001 4 20 17699.7798 A
01544500 2001 4 21 17723.5672 A
01544500 2001 4 22 17948.9964 A
01544500 2001 4 23 17737.6675 A
01544500 2001 4 24 17720.4929 A
01544500 2001 4 25 17762.1818 A
01544500 2001 4 26 17811.7886 A
01544500 2001 4 27 17743.9464 A
01544500 2001 4 28 18214.6305 A
01544500 2001 4 29 18079.6369 A
01544500 2001 4 30 18048.5553 A
01544500 2001 5 1 17952.9804 A
01544500 2001 5 2 18155.2337 A
01544500 2001 5 3 17984.0945 A
01544500 2001 5 4 17960.9990 A
01544500 2001 5 5 18001.3168 A
01544500 2001 5 6 18128.2801 A
01544500 2001 5 7 18004.1603 A
01544500 2001 5 8 18113.7124 A
01544500 2001 5 9 18030.9472 A
01544500 2001 5 10 18097.4607 A
01544500 2001 5 11 18013.5191 A
01544500 2001 5 12 18013.9135 A
01544500 2001 5 13 18040.8161 A
01544500 2001 5 14 18201.7533 A
01544500 2001 5 15 18036.1769 A
01544500 2001 5 16 18062.4097 A
01544500 2001 5 17 18096.9528 A
01544500 2001 5 18 18069.5829 A
01544500 2001 5 19 18200.2221 A
01544500 2001 5 20 18236.3277 A
01544500 2001 5 21 18194.6550 A
01544500 2001 5 22 18260.0545 A
01544500 2001 5 23 18183.5689 A
01544500 2001 5 24 18292.3571 A
01544500 2001 5 25 18210.3470 A
01544500 2001 5 26 18310.5349 A
01544500 2001 5 27 18261.9542 A
01544500 2001 5 28 18208.3666 A
01544500 2001 5 29 18310.3191 A
01544500 2001 5 30 18344.7841 A
01544500 2001 5 31 18393.2543 A
01544500 2001 6 1 18259.9076 A
01544500 2001 6 2 18301.9423 A
01544500 2001 6 3 18385.9152 A
01544500 2001 6 4 18351.1738 A
01544500 2001 6 5 18454.5754 A
01544500 2001 6 6 18327.8055 A
01544500 2001 6 7 18332.2950 A
01544500 2001 6 8 18378.9985 A
01544500 2001 6 9 18320.4184 A
01544500 2001 6 10 18356.5563 A
01544500 2001 6 11 18410.4641 A
01544500 2001 6 12 18356.0645 A
01544500 2001 6 13 18511.6358 A
01544500 2001 6 14 18360.1737 A
01544500 2001 6 15 18558.0049 A
01544500 2001 6 16 18468.1043 A
01544500 2001 6 17 18625.8219 A
01544500 2001 6 18 18506.9323 A
01544500 2001 6 19 18491.9346 A
01544500 2001 6 20 18508.5427 A
01544500 2001 6 21 18478.2908 A
01544500 2001 6 22 18603.7801 A
01544500 2001 6 23 18566.1003 A
01544500 2001 6 24 18514.7738 A
01544500 2001 6 25 18698.0002 A
01544500 2001 6 26 18571.5643 A
01544500 2001 6 27 18543.6289 A
01544500 2001 6 28 18548.1507 A
01544500 2001 6 29 18551.3948 A
01544500 2001 6 30 18791.3244 A
01544500 2001 7 1 18715.3153 A
01544500 2001 7 2 18634.3595 A
01544500 2001 7 3 18643.3125 A
01544500 2001 7 4 18738.4476 A
01544500 2001 7 5 18630.5145 A
01544500 2001 7 6 18646.9843 A
01544500 2001 7 7 18907.0441 A
01544500 2001 7 8 18670.2245 A
01544500 2001 7 9 18686.1588 A
01544500 2001 7 10 18698.1241 A
01544500 2001 7 11 18704.3316 A
01544500 2001 7 12 18687.2410 A
01544500 2001 7 13 18684.2417 A
01544500 2001 7 14 18703.9332 A
01544500 2001 7 15 18732.5425 A
01544500 2001 7 16 18941.3825 A
01544500 2001 7 17 18736.4402 A
01544500 2001 7 18 18772.7600 A
01544500 2001 7 19 18817.1033 A
01544500 2001 7 20 18741.6281 A
01544500 2001 7 21 18808.1604 A
01544500 2001 7 22 18795.2698 A
01544500 2001 7 23 18763.0804 A
01544500 2001 7 24 18849.0794 A
01544500 2001 7 25 19005.9140 A
01544500 2001 7 26 18818.4698 A
01544500 2001 7 27 18806.1218 A
01544500 2001 7 28 18837.1186 A
01544500 2001 7 29 18856.2391 A
01544500 2001 7 30 18889.3161 A
01544500 2001 7 31 18970.6450 A
01544500 2001 8 1 18944.9214 A
01544500 2001 8 2 18988.7029 A
01544500 2001 8 3 18950.0190 A
01544500 2001 8 4 18932.1461 A
01544500 2001 8 5 18909.7621 A
01544500 2001 8 6 18893.2383 A
01544500 2001 8 7 18944.6260 A
01544500 2001 8 8 18908.3525 A
01544500 2001 8 9 18898.4672 A
01544500 2001 8 10 18951.8744 A
01544500 2001 8 11 18905.9665 A
01544500 2001 8 12 19083.1322 A
01544500 2001 8 13 18992.1245 A
01544500 2001 8 14 18949.4966 A
01544500 2001 8 15 19049.6032 A
01544500 2001 8 16 19027.2556 A
01544500 2001 8 17 18956.7660 A
01544500 2001 8 18 18954.5823 A
01544500 2001 8 19 19023.1715 A
01544500 2001 8 20 18959.6649 A
01544500 2001 8 21 19115.4368 A
01544500 2001 8 22 19046.6197 A
01544500 2001 8 23 19009.5773 A
01544500 2001 8 24 19019.4027 A
01544500 2001 8 25 19083.0807 A
01544500 2001 8 26 19051.2308 A
01544500 2001 8 27 19063.1082 A
01544500 2001 8 28 19025.5013 A
01544500 2001 8 29 19008.6209 A
01544500 2001 8 30 19073.1884 A
01544500 2001 8 31 19066.6501 A
01544500 2001 9 1 19087.1602 A
01544500 2001 9 2 19038.5819 A
01544500 2001 9 3 19040.4568 A
01544500 2001 9 4 19111.2972 A
01544500 2001 9 5 19134.6743 A
01544500 2001 9 6 19109.7383 A
01544500 2001 9 7 19118.5712 A
01544500 2001 9 8 19072.9791 A
01544500 2001 9 9 19092.3098 A
01544500 2001 9 10 19087.6736 A
01544500 2001 9 11 19123.7494 A
01544500 2001 9 12 19074.9557 A
01544500 2001 9 13 19237.9283 A
01544500 2001 9 14 19093.2660 A
01544500 2001 9 15 19122.4973 A
01544500 2001 9 16 19105.4447 A
01544500 2001 9 17 19092.8371 A
01544500 2001 9 18 19101.7109 A
01544500 2001 9 19 19164.7678 A
01544500 2001 9 20 19172.7075 A
01544500 2001 9 21 19145.1203 A
01544500 2001 9 22 19120.8606 A
01544500 2001 9 23 19190.9558 A
01544500 2001 9 24 19155.1256 A
01544500 2001 9 25 19139.8554 A
01544500 2001 9 26 19136.8599 A
01544500 2001 9 27 19132.4044 A
01544500 2001 9 28 19143.6546 A
01544500 2001 9 29 19148.3912 A
01544500 2001 9 30 19166.0592 A
01544500 2001 10 1 19132.1036 A
01544500 2001 10 2 19120.1768 A
01544500 2001 10 3 19157.3802 A
01544500 2001 10 4 19119.9949 A
01544500 2001 10 5 19146.4664 A
01544500 2001 10 6 19110.6072 A
01544500 2001 10 7 19137.3359 A
01544500 2001 10 8 19146.2487 A
01544500 2001 10 9 19185.3186 A
01544500 2001 10 10 19158.1833 A
01544500 2001 10 11 19145.8143 A
01544500 2001 10 12 19121.8243 A
01544500 2001 10 13 19159.2835 A
01544500 2001 10 14 19203.5442 A
01544500 2001 10 15 19177.6523 A
01544500 2001 10 16 19167.8394 A
01544500 2001 10 17 19172.4202 A
01544500 2001 10 18 19164.4442 A
01544500 2001 10 19 19173.1136 A
01544500 2001 10 20 19158.6424 A
01544500 2001 10 21 19170.7671 A
01544500 2001 10 22 19136.3921 A
01544500 2001 10 23 19192.9600 A
01544500 2001 10 24 19214.9432 A
01544500 2001 10 25 19178.3255 A
01544500 2001 10 26 19161.5334 A
01544500 2001 10 27 19182.4981 A
01544500 2001 10 28 19187.0642 A
01544500 2001 10 29 19245.7554 A
01544500 2001 10 30 19222.0869 A
01544500 2001 10 31 19247.8803 A
01544500 2001 11 1 19213.8056 A
01544500 2001 11 2 19185.1087 A
01544500 2001 11 3 19205.5516 A
01544500 2001 11 4 19212.7657 A
01544500 2001 11 5 19219.3105 A
01544500 2001 11 6 19177.0787 A
01544500 2001 11 7 19251.7633 A
01544500 2001 11 8 19239.2857 A
01544500 2001 11 9 19203.8246 A
01544500 2001 11 10 19227.4253 A
01544500 2001 11 11 19226.1710 A
01544500 2001 11 12 19257.9098 A
01544500 2001 11 13 19314.8036 A
01544500 2001 11 14 19264.0361 A
01544500 2001 11 15 19229.2643 A
01544500 2001 11 16 19246.0599 A
01544500 2001 11 17 19262.1935 A
01544500 2001 11 18 19355.1341 A
01544500 2001 11 19 19241.5006 A
01544500 2001 11 20 19250.6817 A
01544500 2001 11 21 19298.4594 A
01544500 2001 11 22 19292.6041 A
01544500 2001 11 23 19281.5814 A
01544500 2001 11 24 19293.0356 A
01544500 2001 11 25 19263.7118 A
01544500 2001 11 26 19323.8020 A
01544500 2001 11 27 19300.5024 A
01544500 2001 11 28 19326.9709 A
01544500 2001 11 29 19292.7946 A
01544500 2001 11 30 19399.4623 A
01544500 2001 12 1 19305.3923 A
01544500 2001 12 2 19314.5187 A
01544500 2001 12 3 19323.8843 A
01544500 2001 12 4 19284.8121 A
01544500 2001 12 5 19340.5216 A
01544500 2001 12 6 19351.7630 A
01544500 2001 12 7 19323.4745 A
01544500 2001 12 8 19327.9795 A
01544500 2001 12 9 19309.1687 A
01544500 2001 12 10 19336.0566 A
01544500 2001 12 11 19321.4463 A
01544500 2001 12 12 19324.3301 A
01544500 2001 12 13 19365.1541 A
01544500 2001 12 14 19388.1834 A
01544500 2001 12 15 19378.4020 A
01544500 2001 12 16 19351.0753 A
01544500 2001 12 17 19396.4429 A
01544500 2001 12 18 19382.0856 A
01544500 2001 12 19 19405.8171 A
01544500 2001 12 20 19419.8209 A
01544500 2001 12 21 19486.0549 A
01544500 2001 12 22 19416.0575 A
01544500 2001 12 23 19403.4365 A
01544500 2001 12 24 19426.6801 A
01544500 2001 12 25 19454.4051 A
01544500 2001 12 26 19430.8146 A
01544500 2001 12 27 19416.6955 A
01544500 2001 12 28 19418.3717 A
01544500 2001 12 29 19397.1178 A
01544500 2001 12 30 19403.7543 A
01544500 2001 12 31 19426.4865 A
01544500 2002 1 1 19408.1918 A
01544500 2002 1 2 19421.7269 A
01544500 2002 1 3 19397.7819 A
01544500 2002 1 4 19435.8897 A
01544500 2002 1 5 19437.3717 A
01544500 2002 1 6 19434.5856 A
01544500 2002 1 7 19415.7311 A
01544500 2002 1 8 19426.4739 A
01544500 2002 1 9 19429.6903 A
01544500 2002 1 10 19428.4092 A
01544500 2002 1 11 19418.5052 A
01544500 2002 1 12 19445.5369 A
01544500 2002 1 13 19492.5806 A
01544500 2002 1 14 19478.2082 A
01544500 2002 1 15 19461.5790 A
01544500 2002 1 16 19551.8816 A
01544500 2002 1 17 19528.5570 A
01544500 2002 1 18 19472.0070 A
01544500 2002 1 19 19458.7786 A
01544500 2002 1 20 19471.8141 A
01544500 2002 1 21 19508.3004 A
01544500 2002 1 22 19550.1126 A
01544500 2002 1 23 19492.3986 A
01544500 2002 1 24 19487.0847 A
01544500 2002 1 25 19500.6445 A
01544500 2002 1 26 19535.7751 A
01544500 2002 1 27 19499.1243 A
01544500 2002 1 28 19520.9015 A
01544500 2002 1 29 19501.8721 A
01544500 2002 1 30 19563.7058 A
01544500 2002 1 31 19653.3397 A
01544500 2002 2 1 19518.5593 A
01544500 2002 2 2 19534.1565 A
01544500 2002 2 3 19534.0036 A
01544500 2002 2 4 19581.0383 A
01544500 2002 2 5 19542.1085 A
01544500 2002 2 6 19554.1967 A
01544500 2002 2 7 19528.4233 A
01544500 2002 2 8 19648.7465 A
01544500 2002 2 9 19735.4309 A
01544500 2002 2 10 19656.1075 A
01544500 2002 2 11 19673.9453 A
01544500 2002 2 12 19636.6768 A
01544500 2002 2 13 19598.7967 A
01544500 2002 2 14 19639.3559 A
01544500 2002 2 15 19788.1739 A
01544500 2002 2 16 19654.3203 A
01544500 2002 2 17 19690.8439 A
01544500 2002 2 18 19724.4548 A
01544500 2002 2 19 19787.9342 A
01544500 2002 2 20 19772.5570 A
01544500 2002 2 21 19716.1748 A
01544500 2002 2 22 19843.3326 A
01544500 2002 2 23 19787.9661 A
01544500 2002 2 24 19810.6134 A
01544500 2002 2 25 19769.6640 A
01544500 2002 2 26 19772.7742 A
01544500 2002 2 27 19760.7955 A
01544500 2002 2 28 19777.4478 A
01544500 2002 3 1 19786.9944 A
01544500 2002 3 2 19791.3348 A
01544500 2002 3 3 19796.4047 A
01544500 2002 3 4 19825.8238 A
01544500 2002 3 5 19838.0605 A
01544500 2002 3 6 19862.0941 A
01544500 2002 3 7 19899.5982 A
01544500 2002 3 8 19861.8582 A
01544500 2002 3 9 19833.3178 A
01544500 2002 3 10 19988.3780 A
01544500 2002 3 11 19966.2784 A
01544500 2002 3 12 19901.9062 A
01544500 2002 3 13 19918.9494 A
01544500 2002 3 14 20080.4030 A
01544500 2002 3 15 19990.7129 A
01544500 2002 3 16 19999.8428 A
01544500 2002 3 17 20057.5030 A
01544500 2002 3 18 20041.4308 A
01544500 2002 3 19 20050.4544 A
01544500 2002 3 20 20028.7708 A
01544500 2002 3 21 20108.3127 A
01544500 2002 3 22 20101.4308 A
01544500 2002 3 23 20174.0545 A
01544500 2002 3 24 20078.8210 A
01544500 2002 3 25 20142.1665 A
01544500 2002 3 26 20095.9101 A
01544500 2002 3 27 20101.4325 A
01544500 2002 3 28 20158.2328 A
01544500 2002 3 29 20173.1701 A
01544500 2002 3 30 20130.6295 A
01544500 2002 3 31 20440.4474 A
01544500 2002 4 1 20244.6494 A
01544500 2002 4 2 20160.2249 A
01544500 2002 4 3 20185.8907 A
01544500 2002 4 4 20263.2552 A
01544500 2002 4 5 20217.8607 A
01544500 2002 4 6 20313.9276 A
01544500 2002 4 7 20208.4774 A
01544500 2002 4 8 20370.5305 A
01544500 2002 4 9 20227.6840 A
01544500 2002 4 10 20573.2632 A
01544500 2002 4 11 20451.5537 A
01544500 2002 4 12 20630.3007 A
01544500 2002 4 13 20425.3900 A
01544500 2002 4 14 20502.6212 A
01544500 2002 4 15 20672.3871 A
01544500 2002 4 16 20485.4470 A
01544500 2002 4 17 20672.4697 A
01544500 2002 4 18 20781.4920 A
01544500 2002 4 19 20598.2142 A
01544500 2002 4 20 20546.9672 A
01544500 2002 4 21 20693.2613 A
01544500 2002 4 22 20684.8909 A
01544500 2002 4 23 20617.8574 A
01544500 2002 4 24 20722.3145 A
01544500 2002 4 25 20649.2149 A
01544500 2002 4 26 20616.0143 A
01544500 2002 4 27 20699.4656 A
01544500 2002 4 28 20728.4804 A
01544500 2002 4 29 20728.8837 A
01544500 2002 4 30 20798.2050 A
01544500 2002 5 1 20849.9041 A
01544500 2002 5 2 20806.9176 A
01544500 2002 5 3 20718.4653 A
01544500 2002 5 4 20720.5082 A
01544500 2002 5 5 20748.1928 A
01544500 2002 5 6 20796.9348 A
01544500 2002 5 7 20882.0784 A
01544500 2002 5 8 20931.5032 A
01544500 2002 5 9 20806.4049 A
01544500 2002 5 10 20848.4084 A
01544500 2002 5 11 20851.2491 A
01544500 2002 5 12 20856.5436 A
01544500 2002 5 13 20808.1534 A
01544500 2002 5 14 20853.3356 A
01544500 2002 5 15 20841.9461 A
01544500 2002 5 16 20938.0894 A
01544500 2002 5 17 20844.6525 A
01544500 2002 5 18 20887.1227 A
01544500 2002 5 19 20887.2116 A
01544500 2002 5 20 20977.1327 A
01544500 2002 5 21 20905.3169 A
01544500 2002 5 22 20960.2379 A
01544500 2002 5 23 20916.0218 A
01544500 2002 5 24 21002.0418 A
01544500 2002 5 25 20965.0790 A
01544500 2002 5 26 21175.8632 A
01544500 2002 5 27 21060.8805 A
01544500 2002 5 28 21035.9236 A
01544500 2002 5 29 21055.3858 A
01544500 2002 5 30 21067.2147 A
01544500 2002 5 31 20995.0351 A
01544500 2002 6 1 21032.6178 A
01544500 2002 6 2 21022.6312 A
01544500 2002 6 3 21294.2633 A
01544500 2002 6 4 21049.7906 A
01544500 2002 6 5 21104.5922 A
01544500 2002 6 6 21108.2766 A
01544500 2002 6 7 21141.4667 A
01544500 2002 6 8 21169.4734 A
01544500 2002 6 9 21137.7650 A
01544500 2002 6 10 21107.5251 A
01544500 2002 6 11 21210.0444 A
01544500 2002 6 12 21104.7997 A
01544500 2002 6 13 21160.9478 A
01544500 2002 6 14 21157.6950 A
01544500 2002 6 15 21196.0085 A
01544500 2002 6 16 21142.7056 A
01544500 2002 6 17 21257.4888 A
01544500 2002 6 18 21239.7706 A
01544500 2002 6 19 21246.9838 A
01544500 2002 6 20 21193.4588 A
01544500 2002 6 21 21172.1213 A
01544500 2002 6 22 21270.6486 A
01544500 2002 6 23 21486.1649 A
01544500 2002 6 24 21302.7335 A
01544500 2002 6 25 21625.1618 A
01544500 2002 6 26 21295.4494 A
01544500 2002 6 27 21366.3645 A
01544500 2002 6 28 21323.0446 A
01544500 2002 6 29 21326.3492 A
01544500 2002 6 30 21435.1208 A
01544500 2002 7 1 21337.0534 A
01544500 2002 7 2 21422.8808 A
01544500 2002 7 3 21440.0861 A
01544500 2002 7 4 21376.3915 A
01544500 2002 7 5 21399.8065 A
01544500 2002 7 6 21374.2470 A
01544500 2002 7 7 21461.8471 A
01544500 2002 7 8 21504.1509 A
01544500 2002 7 9 21417.5792 A
01544500 2002 7 10 21425.6490 A
01544500 2002 7 11 21424.4274 A
01544500 2002 7 12 21439.3133 A
01544500 2002 7 13 21405.2662 A
01544500 2002 7 14 21474.4137 A
01544500 2002 7 15 21418.6381 A
01544500 2002 7 16 21514.5103 A
01544500 2002 7 17 21452.7788 A
01544500 2002 7 18 21613.5770 A
01544500 2002 7 19 21600.7955 A
01544500 2002 7 20 21602.5978 A
01544500 2002 7 21 21510.5205 A
01544500 2002 7 22 21560.6463 A
01544500 2002 7 23 21584.6459 A
01544500 2002 7 24 21518.2479 A
01544500 2002 7 25 21621.0119 A
01544500 2002 7 26 21559.1094 A
01544500 2002 7 27 21539.1873 A
01544500 2002 7 28 21555.9935 A
01544500 2002 7 29 21593.6990 A
01544500 2002 7 30 21538.6275 A
01544500 2002 7 31 21556.6656 A
01544500 2002 8 1 21552.2806 A
01544500 2002 8 2 21692.8089 A
01544500 2002 8 3 21596.4617 A
01544500 2002 8 4 21868.2724 A
01544500 2002 8 5 21670.2652 A
01544500 2002 8 6 21643.3547 A
01544500 2002 8 7 21703.4291 A
01544500 2002 8 8 21691.1141 A
01544500 2002 8 9 21767.7336 A
01544500 2002 8 10 21684.6557 A
01544500 2002 8 11 21710.2809 A
01544500 2002 8 12 21685.7654 A
01544500 2002 8 13 21740.4272 A
01544500 2002 8 14 21682.0144 A
01544500 2002 8 15 21679.5422 A
01544500 2002 8 16 21659.1159 A
01544500 2002 8 17 21751.0643 A
01544500 2002 8 18 21747.2209 A
01544500 2002 8 19 21721.4395 A
01544500 2002 8 20 21777.4050 A
01544500 2002 8 21 21862.2513 A
01544500 2002 8 22 21742.5728 A
01544500 2002 8 23 21841.8771 A
01544500 2002 8 24 21809.7228 A
01544500 2002 8 25 21764.4049 A
01544500 2002 8 26 21762.0966 A
01544500 2002 8 27 21782.2600 A
01544500 2002 8 28 21910.5046 A
01544500 2002 8 29 21835.9526 A
01544500 2002 8 30 21828.5992 A
01544500 2002 8 31 21812.9244 A
01544500 2002 9 1 21803.8982 A
01544500 2002 9 2 21841.4049 A
01544500 2002 9 3 21969.5016 A
01544500 2002 9 4 21854.6125 A
01544500 2002 9 5 21829.8655 A
01544500 2002 9 6 21856.4847 A
01544500 2002 9 7 21814.0491 A
01544500 2002 9 8 21861.9535 A
01544500 2002 9 9 21831.2483 A
01544500 2002 9 10 21807.2986 A
01544500 2002 9 11 21868.6336 A
01544500 2002 9 12 21851.7656 A
01544500 2002 9 13 21846.0891 A
01544500 2002 9 14 21847.0797 A
01544500 2002 9 15 21829.2836 A
01544500 2002 9 16 21892.2473 A
01544500 2002 9 17 21861.6757 A
01544500 2002 9 18 21843.0453 A
01544500 2002 9 19 21834.5894 A
01544500 2002 9 20 21821.8616 A
01544500 2002 9 21 21836.9581 A
01544500 2002 9 22 21802.4891 A
01544500 2002 9 23 21827.7887 A
01544500 2002 9 24 21858.4927 A
01544500 2002 9 25 21843.7201 A
01544500 2002 9 26 21863.8318 A
01544500 2002 9 27 21842.7313 A
01544500 2002 9 28 21844.8440 A
01544500 2002 9 29 21814.1293 A
01544500 2002 9 30 21817.0873 A
01544500 2002 10 1 21836.4270 A
01544500 2002 10 2 21847.0072 A
01544500 2002 10 3 21941.7023 A
01544500 2002 10 4 21855.4701 A
01544500 2002 10 5 21843.5131 A
01544500 2002 10 6 21944.2624 A
01544500 2002 10 7 21920.1947 A
01544500 2002 10 8 21869.5595 A
01544500 2002 10 9 21899.0337 A
01544500 2002 10 10 21912.9835 A
01544500 2002 10 11 21884.0972 A
01544500 2002 10 12 21891.8865 A
01544500 2002 10 13 21906.9959 A
01544500 2002 10 14 21912.5156 A
01544500 2002 10 15 21932.5739 A
01544500 2002 10 16 21960.0325 A
01544500 2002 10 17 21894.1018 A
01544500 2002 10 18 21897.3254 A
01544500 2002 10 19 21865.2933 A
01544500 2002 10 20 21895.5511 A
01544500 2002 10 21 21878.0146 A
01544500 2002 10 22 21933.8341 A
01544500 2002 10 23 21931.3212 A
01544500 2002 10 24 21882.8945 A
01544500 2002 10 25 21945.6129 A
01544500 2002 10 26 21977.3003 A
01544500 2002 10 27 21917.3388 A
01544500 2002 10 28 21910.2307 A
01544500 2002 10 29 21932.0100 A
01544500 2002 10 30 21927.6080 A
01544500 2002 10 31 21917.8179 A
01544500 2002 11 1 21908.5915 A
01544500 2002 11 2 21941.5760 A
01544500 2002 11 3 21917.9806 A
01544500 2002 11 4 21950.7403 A
01544500 2002 11 5 21908.3245 A
01544500 2002 11 6 21955.0547 A
01544500 2002 11 7 22077.8757 A
01544500 2002 11 8 21972.7912 A
01544500 2002 11 9 22048.8481 A
01544500 2002 11 10 22019.5488 A
01544500 2002 11 11 22008.0976 A
01544500 2002 11 12 21975.7744 A
01544500 2002 11 13 21990.9970 A
01544500 2002 11 14 22005.7263 A
01544500 2002 11 15 22085.6954 A
01544500 2002 11 16 21996.1083 A
01544500 2002 11 17 22006.1819 A
01544500 2002 11 18 21986.6073 A
01544500 2002 11 19 22002.8184 A
01544500 2002 11 20 21998.6697 A
01544500 2002 11 21 21995.6404 A
01544500 2002 11 22 22089.9927 A
01544500 2002 11 23 22020.9816 A
01544500 2002 11 24 21992.9347 A
01544500 2002 11 25 22015.9756 A
01544500 2002 11 26 22053.3947 A
01544500 2002 11 27 22011.2543 A
01544500 2002 11 28 22116.6972 A
01544500 2002 11 29 22059.4008 A
01544500 2002 11 30 22119.6831 A
01544500 2002 12 1 22073.5600 A
01544500 2002 12 2 22038.8374 A
01544500 2002 12 3 22076.7845 A
01544500 2002 12 4 22134.6963 A
01544500 2002 12 5 22132.7089 A
01544500 2002 12 6 22103.6340 A
01544500 2002 12 7 22100.1791 A
01544500 2002 12 8 22107.2905 A
01544500 2002 12 9 22071.9277 A
01544500 2002 12 10 22108.8784 A
01544500 2002 12 11 22101.0633 A
01544500 2002 12 12 22093.1970 A
01544500 2002 12 13 22094.1232 A
01544500 2002 12 14 22088.1211 A
01544500 2002 12 15 22092.4037 A
01544500 2002 12 16 22103.0887 A
01544500 2002 12 17 22158.1096 A
01544500 2002 12 18 22128.3991 A
01544500 2002 12 19 22121.5627 A
01544500 2002 12 20 22103.2949 A
01544500 2002 12 21 22139.6918 A
01544500 2002 12 22 22097.8754 A
01544500 2002 12 23 22146.3964 A
01544500 2002 12 24 22120.9206 A
01544500 2002 12 25 22115.7560 A
01544500 2002 12 26 22125.1883 A
01544500 2002 12 27 22091.0880 A
01544500 2002 12 28 22140.7082 A
01544500 2002 12 29 22105.4820 A
01544500 2002 12 30 22213.6946 A
01544500 2002 12 31 22132.5267 A
01544500 2003 1 1 22135.3175 A
01544500 2003 1 2 22155.2079 A
01544500 2003 1 3 22174.3338 A
01544500 2003 1 4 22179.9581 A
01544500 2003 1 5 22267.2607 A
01544500 2003 1 6 22171.8201 A
01544500 2003 1 7 22143.3676 A
01544500 2003 1 8 22241.3314 A
01544500 2003 1 9 22215.1342 A
01544500 2003 1 10 22265.2486 A
01544500 2003 1 11 22219.8131 A
01544500 2003 1 12 22181.7179 A
01544500 2003 1 13 22196.8288 A
01544500 2003 1 14 22216.9939 A
01544500 2003 1 15 22228.9326 A
01544500 2003 1 16 22200.5367 A
01544500 2003 1 17 22214.5913 A
01544500 2003 1 18 22186.0370 A
01544500 2003 1 19 22212.3283 A
01544500 2003 1 20 22232.5726 A
01544500 2003 1 21 22263.9721 A
01544500 2003 1 22 22263.7240 A
01544500 2003 1 23 22316.4466 A
01544500 2003 1 24 22240.9860 A
01544500 2003 1 25 22229.8754 A
01544500 2003 1 26 22254.0256 A
01544500 2003 1 27 22280.8427 A
01544500 2003 1 28 22237.1581 A
01544500 2003 1 29 22230.2297 A
01544500 2003 1 30 22262.1418 A
01544500 2003 1 31 22232.7518 A
01544500 2003 2 1 22265.6895 A
01544500 2003 2 2 22208.7672 A
01544500 2003 2 3 22300.1849 A
01544500 2003 2 4 22246.1014 A
01544500 2003 2 5 22265.2057 A
01544500 2003 2 6 22339.6909 A
01544500 2003 2 7 22279.7397 A
01544500 2003 2 8 22375.6367 A
01544500 2003 2 9 22316.3308 A
01544500 2003 2 10 22343.7423 A
01544500 2003 2 11 22323.1684 A
01544500 2003 2 12 22408.9908 A
01544500 2003 2 13 22360.0681 A
01544500 2003 2 14 22324.4857 A
01544500 2003 2 15 22444.0594 A
01544500 2003 2 16 22445.2567 A
01544500 2003 2 17 22355.9329 A
01544500 2003 2 18 22381.3141 A
01544500 2003 2 19 22568.2405 A
01544500 2003 2 20 22452.5693 A
01544500 2003 2 21 22407.4599 A
01544500 2003 2 22 22421.2652 A
01544500 2003 2 23 22411.3721 A
01544500 2003 2 24 22440.9169 A
01544500 2003 2 25 22666.9600 A
01544500 2003 2 26 22642.7034 A
01544500 2003 2 27 22512.1352 A
01544500 2003 2 28 22559.7447 A
01544500 2003 3 1 22555.4966 A
01544500 2003 3 2 22598.3750 A
01544500 2003 3 3 22580.0089 A
01544500 2003 3 4 22593.1335 A
01544500 2003 3 5 22612.7241 A
01544500 2003 3 6 22594.1216 A
01544500 2003 3 7 22743.8347 A
01544500 2003 3 8 22636.2101 A
01544500 2003 3 9 22680.3303 A
01544500 2003 3 10 22773.9051 A
01544500 2003 3 11 22745.0340 A
01544500 2003 3 12 22718.1470 A
01544500 2003 3 13 22812.3849 A
01544500 2003 3 14 22964.6443 A
01544500 2003 3 15 22858.1316 A
01544500 2003 3 16 22842.7377 A
01544500 2003 3 17 22897.3814 A
01544500 2003 3 18 22855.0800 A
01544500 2003 3 19 22895.7857 A
01544500 2003 3 20 22981.9948 A
01544500 2003 3 21 22977.0066 A
01544500 2003 3 22 22952.6556 A
01544500 2003 3 23 23079.4872 A
01544500 2003 3 24 22950.4045 A
01544500 2003 3 25 23086.2765 A
01544500 2003 3 26 23266.7113 A
01544500 2003 3 27 23149.7868 A
01544500 2003 3 28 23164.0812 A
01544500 2003 3 29 23100.7792 A
01544500 2003 3 30 23074.1306 A
01544500 2003 3 31 23118.6066 A
01544500 2003 4 1 23079.4268 A
01544500 2003 4 2 23142.1924 A
01544500 2003 4 3 23149.0165 A
01544500 2003 4 4 23133.3757 A
01544500 2003 4 5 23156.6282 A
01544500 2003 4 6 23202.5610 A
01544500 2003 4 7 23120.9649 A
01544500 2003 4 8 23301.9600 A
01544500 2003 4 9 23256.9072 A
01544500 2003 4 10 23253.2992 A
01544500 2003 4 11 23208.4607 A
01544500 2003 4 12 23197.2403 A
01544500 2003 4 13 23341.3053 A
01544500 2003 4 14 23303.5301 A
01544500 2003 4 15 23450.0689 A
01544500 2003 4 16 23269.6194 A
01544500 2003 4 17 23325.8243 A
01544500 2003 4 18 23259.3434 A
01544500 2003 4 19 23346.0396 A
01544500 2003 4 20 23394.9443 A
01544500 2003 4 21 23397.9282 A
01544500 2003 4 22 23435.1660 A
01544500 2003 4 23 23353.5716 A
01544500 2003 4 24 23340.4315 A
01544500 2003 4 25 23342.9190 A
01544500 2003 4 26 23460.0252 A
01544500 2003 4 27 23504.4996 A
01544500 2003 4 28 23369.2699 A
01544500 2003 4 29 23546.3169 A
01544500 2003 4 30 23570.9061 A
01544500 2003 5 1 23500.5978 A
01544500 2003 5 2 23510.1762 A
01544500 2003 5 3 23482.5761 A
01544500 2003 5 4 23503.6344 A
01544500 2003 5 5 23473.3994 A
01544500 2003 5 6 23503.0336 A
01544500 2003 5 7 23467.3324 A
01544500 2003 5 8 23660.5148 A
01544500 2003 5 9 23632.5995 A
01544500 2003 5 10 23517.3012 A
01544500 2003 5 11 23605.0817 A
01544500 2003 5 12 23639.6669 A
01544500 2003 5 13 23586.6910 A
01544500 2003 5 14 23563.4324 A
01544500 2003 5 15 23553.6728 A
01544500 2003 5 16 23614.7428 A
01544500 2003 5 17 23645.6935 A
01544500 2003 5 18 23583.1309 A
01544500 2003 5 19 23664.7544 A
01544500 2003 5 20 23698.9571 A
01544500 2003 5 21 23702.5031 A
01544500 2003 5 22 23832.0248 A
01544500 2003 5 23 23754.9119 A
01544500 2003 5 24 24028.9466 A
01544500 2003 5 25 23862.4955 A
01544500 2003 5 26 23771.1382 A
01544500 2003 5 27 23894.3944 A
01544500 2003 5 28 23965.1917 A
01544500 2003 5 29 24222.1255 A
01544500 2003 5 30 24078.9547 A
01544500 2003 5 31 23978.6172 A
01544500 2003 6 1 24024.2211 A
01544500 2003 6 2 24012.3845 A
01544500 2003 6 3 24091.3399 A
01544500 2003 6 4 24123.8692 A
01544500 2003 6 5 24166.0493 A
01544500 2003 6 6 24278.0001 A
01544500 2003 6 7 24072.2404 A
01544500 2003 6 8 24130.1768 A
01544500 2003 6 9 24409.0026 A
01544500 2003 6 10 24185.7383 A
01544500 2003 6 11 24168.2164 A
01544500 2003 6 12 24210.3408 A
01544500 2003 6 13 24255.9970 A
01544500 2003 6 14 24339.7900 A
01544500 2003 6 15 24254.9225 A
01544500 2003 6 16 24282.6240 A
01544500 2003 6 17 24236.3890 A
01544500 2003 6 18 24250.4248 A
01544500 2003 6 19 24285.1749 A
01544500 2003 6 20 24303.5243 A
01544500 2003 6 21 24396.5462 A
01544500 2003 6 22 24298.3950 A
01544500 2003 6 23 24385.0000 A
01544500 2003 6 24 24413.0604 A
01544500 2003 6 25 24627.1214 A
01544500 2003 6 26 24480.0132 A
01544500 2003 6 27 24397.7020 A
01544500 2003 6 28 24406.4303 A
01544500 2003 6 29 24389.3343 A
01544500 2003 6 30 24406.4559 A
01544500 2003 7 1 24399.2745 A
01544500 2003 7 2 24373.5765 A
01544500 2003 7 3 24429.1731 A
01544500 2003 7 4 24398.3532 A
01544500 2003 7 5 24377.8296 A
01544500 2003 7 6 24438.0644 A
01544500 2003 7 7 24410.0398 A
01544500 2003 7 8 24501.6667 A
01544500 2003 7 9 24419.2819 A
01544500 2003 7 10 24539.1216 A
01544500 2003 7 11 24551.8304 A
01544500 2003 7 12 24529.3103 A
01544500 2003 7 13 24469.8449 A
01544500 2003 7 14 24451.3321 A
01544500 2003 7 15 24542.0253 A
01544500 2003 7 16 24484.7358 A
01544500 2003 7 17 24595.5785 A
01544500 2003 7 18 24499.9154 A
01544500 2003 7 19 24509.9742 A
01544500 2003 7 20 24588.9536 A
01544500 2003 7 21 24536.9045 A
01544500 2003 7 22 24542.7373 A
01544500 2003 7 23 24587.7110 A
01544500 2003 7 24 24628.1112 A
01544500 2003 7 25 24540.4682 A
01544500 2003 7 26 24591.6110 A
01544500 2003 7 27 24570.0454 A
01544500 2003 7 28 24642.2794 A
01544500 2003 7 29 24559.2358 A
01544500 2003 7 30 24594.6108 A
01544500 2003 7 31 24614.3479 A
01544500 2003 8 1 24574.4549 A
01544500 2003 8 2 24647.4285 A
01544500 2003 8 3 24601.9644 A
01544500 2003 8 4 24647.8277 A
01544500 2003 8 5 24702.2905 A
01544500 2003 8 6 24612.7586 A
01544500 2003 8 7 24601.9337 A
01544500 2003 8 8 24648.6684 A
01544500 2003 8 9 24628.2843 A
01544500 2003 8 10 24602.2503 A
01544500 2003 8 11 24689.1045 A
01544500 2003 8 12 24627.9156 A
01544500 2003 8 13 24783.2760 A
01544500 2003 8 14 24710.2551 A
01544500 2003 8 15 24685.1673 A
01544500 2003 8 16 24665.4562 A
01544500 2003 8 17 24660.1081 A
01544500 2003 8 18 24684.0513 A
01544500 2003 8 19 24720.1795 A
01544500 2003 8 20 24673.9260 A
01544500 2003 8 21 24764.2118 A
01544500 2003 8 22 24703.4651 A
01544500 2003 8 23 24754.1803 A
01544500 2003 8 24 24685.5224 A
01544500 2003 8 25 24685.6077 A
01544500 2003 8 26 24721.1298 A
01544500 2003 8 27 24728.3591 A
01544500 2003 8 28 24739.4676 A
01544500 2003 8 29 24699.1225 A
01544500 2003 8 30 24708.5538 A
01544500 2003 8 31 24708.2617 A
01544500 2003 9 1 24848.1272 A
01544500 2003 9 2 24746.9146 A
01544500 2003 9 3 24800.4211 A
01544500 2003 9 4 24740.7538 A
01544500 2003 9 5 24723.6797 A
01544500 2003 9 6 24753.0285 A
01544500 2003 9 7 24753.3630 A
01544500 2003 9 8 24756.5901 A
01544500 2003 9 9 24750.9368 A
01544500 2003 9 10 24733.2159 A
01544500 2003 9 11 24747.9737 A
01544500 2003 9 12 24755.1278 A
01544500 2003 9 13 24803.3961 A
01544500 2003 9 14 24731.8990 A
01544500 2003 9 15 24769.7906 A
01544500 2003 9 16 24747.4255 A
01544500 2003 9 17 24847.8937 A
01544500 2003 9 18 24766.5524 A
01544500 2003 9 19 24741.5945 A
01544500 2003 9 20 24814.7779 A
01544500 2003 9 21 24780.7087 A
01544500 2003 9 22 24775.2808 A
01544500 2003 9 23 24788.6143 A
01544500 2003 9 24 24767.4423 A
01544500 2003 9 25 24861.2306 A
01544500 2003 9 26 24795.0027 A
01544500 2003 9 27 24763.0684 A
01544500 2003 9 28 24803.7357 A
01544500 2003 9 29 24772.3658 A
01544500 2003 9 30 24808.4575 A
01544500 2003 10 1 24773.4315 A
01544500 2003 10 2 24795.9081 A
01544500 2003 10 3 24802.8589 A
01544500 2003 10 4 24870.3210 A
01544500 2003 10 5 24809.1417 A
01544500 2003 10 6 24782.5700 A
01544500 2003 10 7 24808.8662 A
01544500 2003 10 8 24820.4967 A
01544500 2003 10 9 24791.6413 A
01544500 2003 10 10 24857.9260 A
01544500 2003 10 11 24799.3463 A
01544500 2003 10 12 24825.8892 A
01544500 2003 10 13 24940.1585 A
01544500 2003 10 14 24819.1463 A
01544500 2003 10 15 24920.3539 A
01544500 2003 10 16 24902.7895 A
01544500 2003 10 17 24862.1398 A
01544500 2003 10 18 24844.9622 A
01544500 2003 10 19 24859.6482 A
01544500 2003 10 20 24892.6873 A
01544500 2003 10 21 24853.7070 A
01544500 2003 10 22 24849.9350 A
01544500 2003 10 23 24855.1576 A
01544500 2003 10 24 24858.3392 A
01544500 2003 10 25 24873.9955 A
01544500 2003 10 26 24868.2295 A
01544500 2003 10 27 24845.4200 A
01544500 2003 10 28 24843.1992 A
01544500 2003 10 29 24886.9832 A
01544500 2003 10 30 24874.1819 A
01544500 2003 10 31 24860.1990 A
01544500 2003 11 1 24865.4939 A
01544500 2003 11 2 24881.4972 A
01544500 2003 11 3 24914.1842 A
01544500 2003 11 4 24861.5301 A
01544500 2003 11 5 24906.5425 A
01544500 2003 11 6 24924.5457 A
01544500 2003 11 7 24863.3938 A
01544500 2003 11 8 24900.1049 A
01544500 2003 11 9 24902.0591 A
01544500 2003 11 10 24869.1340 A
01544500 2003 11 11 24900.8044 A
01544500 2003 11 12 24890.3745 A
01544500 2003 11 13 24950.1414 A
01544500 2003 11 14 24890.3688 A
01544500 2003 11 15 24971.8505 A
01544500 2003 11 16 24892.1854 A
01544500 2003 11 17 24904.8414 A
01544500 2003 11 18 24916.6105 A
01544500 2003 11 19 24909.1586 A
01544500 2003 11 20 24956.7258 A
01544500 2003 11 21 24924.3003 A
01544500 2003 11 22 24948.7393 A
01544500 2003 11 23 24954.7381 A
01544500 2003 11 24 24984.1402 A
01544500 2003 11 25 24966.2418 A
01544500 2003 11 26 24989.5692 A
01544500 2003 11 27 24925.2217 A
01544500 2003 11 28 25049.1811 A
01544500 2003 11 29 24964.7985 A
01544500 2003 11 30 24937.7772 A
01544500 2003 12 1 24951.3785 A
01544500 2003 12 2 24976.0368 A
01544500 2003 12 3 25020.5200 A
01544500 2003 12 4 24998.7911 A
01544500 2003 12 5 25124.4170 A
01544500 2003 12 6 25036.0761 A
01544500 2003 12 7 25018.5213 A
01544500 2003 12 8 25033.6275 A
01544500 2003 12 9 25004.3327 A
01544500 2003 12 10 25079.0930 A
01544500 2003 12 11 25049.7052 A
01544500 2003 12 12 25099.3546 A
01544500 2003 12 13 25122.3942 A
01544500 2003 12 14 25094.4270 A
01544500 2003 12 15 25036.6203 A
01544500 2003 12 16 25098.9023 A
01544500 2003 12 17 25116.1457 A
01544500 2003 12 18 25126.4802 A
01544500 2003 12 19 25089.9611 A
01544500 2003 12 20 25102.0031 A
01544500 2003 12 21 25219.9995 A
01544500 2003 12 22 25120.0768 A
01544500 2003 12 23 25092.7876 A
01544500 2003 12 24 25128.2309 A
01544500 2003 12 25 25156.7034 A
01544500 2003 12 26 25135.4705 A
01544500 2003 12 27 25110.7823 A
01544500 2003 12 28 25151.5307 A
01544500 2003 12 29 25143.4309 A
01544500 2003 12 30 25101.3490 A
01544500 2003 12 31 25111.3025 A
01544500 2004 1 1 25184.4674 A
01544500 2004 1 2 25134.0124 A
01544500 2004 1 3 25130.8021 A
01544500 2004 1 4 25226.9545 A
01544500 2004 1 5 25146.8398 A
01544500 2004 1 6 25162.4008 A
01544500 2004 1 7 25164.3330 A
01544500 2004 1 8 25201.0528 A
01544500 2004 1 9 25155.0900 A
01544500 2004 1 10 25173.0543 A
01544500 2004 1 11 25213.3820 A
01544500 2004 1 12 25160.5691 A
01544500 2004 1 13 25246.4937 A
01544500 2004 1 14 25179.2026 A
01544500 2004 1 15 25209.6943 A
01544500 2004 1 16 25190.8129 A
01544500 2004 1 17 25258.2398 A
01544500 2004 1 18 25228.6858 A
01544500 2004 1 19 25191.6837 A
01544500 2004 1 20 25225.9427 A
01544500 2004 1 21 25219.7216 A
01544500 2004 1 22 25276.0421 A
01544500 2004 1 23 25283.5305 A
01544500 2004 1 24 25264.8081 A
01544500 2004 1 25 25213.1240 A
01544500 2004 1 26 25234.1757 A
01544500 2004 1 27 25279.1381 A
01544500 2004 1 28 25256.4008 A
01544500 2004 1 29 25407.8630 A
01544500 2004 1 30 25261.4389 A
01544500 2004 1 31 25257.5115 A
01544500 2004 2 1 25317.6705 A
01544500 2004 2 2 25314.4427 A
01544500 2004 2 3 25324.8222 A
01544500 2004 2 4 25320.2218 A
01544500 2004 2 5 25545.7964 A
01544500 2004 2 6 25327.1222 A
01544500 2004 2 7 25342.8090 A
01544500 2004 2 8 25421.1698 A
01544500 2004 2 9 25361.5689 A
01544500 2004 2 10 25414.5163 A
01544500 2004 2 11 25442.8625 A
01544500 2004 2 12 25398.5518 A
01544500 2004 2 13 25389.1371 A
01544500 2004 2 14 25513.6119 A
01544500 2004 2 15 25391.5150 A
01544500 2004 2 16 25402.2765 A
01544500 2004 2 17 25483.7425 A
01544500 2004 2 18 25416.7227 A
01544500 2004 2 19 25553.6504 A
01544500 2004 2 20 25455.2741 A
01544500 2004 2 21 25490.8131 A
01544500 2004 2 22 25474.1896 A
01544500 2004 2 23 25588.9336 A
01544500 2004 2 24 25583.4806 A
01544500 2004 2 25 25503.7398 A
01544500 2004 2 26 25499.3244 A
01544500 2004 2 27 25527.4875 A
01544500 2004 2 28 25574.1276 A
01544500 2004 2 29 25603.5500 A
01544500 2004 3 1 25718.5150 A
01544500 2004 3 2 25571.7114 A
01544500 2004 3 3 25666.3589 A
01544500 2004 3 4 25695.0681 A
01544500 2004 3 5 25716.5317 A
01544500 2004 3 6 25703.0968 A
01544500 2004 3 7 25875.5134 A
01544500 2004 3 8 25817.7805 A
01544500 2004 3 9 25806.0316 A
01544500 2004 3 10 25788.0769 A
01544500 2004 3 11 25751.2883 A
01544500 2004 3 12 25777.9190 A
01544500 2004 3 13 25858.2694 A
01544500 2004 3 14 25826.3869 A
01544500 2004 3 15 25808.7405 A
01544500 2004 3 16 25846.6488 A
01544500 2004 3 17 25817.3896 A
01544500 2004 3 18 25876.3210 A
01544500 2004 3 19 26055.6698 A
01544500 2004 3 20 25930.1553 A
01544500 2004 3 21 25996.5776 A
01544500 2004 3 22 26038.7772 A
01544500 2004 3 23 26085.1927 A
01544500 2004 3 24 26001.1608 A
01544500 2004 3 25 26211.7932 A
01544500 2004 3 26 26133.3201 A
01544500 2004 3 27 26177.9590 A
01544500 2004 3 28 26205.4365 A
01544500 2004 3 29 26110.2756 A
01544500 2004 3 30 26058.7625 A
01544500 2004 3 31 26244.3541 A
01544500 2004 4 1 26098.0882 A
01544500 2004 4 2 26161.5989 A
01544500 2004 4 3 26182.3999 A
01544500 2004 4 4 26123.7794 A
01544500 2004 4 5 26267.6970 A
01544500 2004 4 6 26174.4222 A
01544500 2004 4 7 26251.1045 A
01544500 2004 4 8 26296.4445 A
01544500 2004 4 9 26195.4733 A
01544500 2004 4 10 26242.4780 A
01544500 2004 4 11 26233.7907 A
01544500 2004 4 12 26214.9793 A
01544500 2004 4 13 26274.3348 A
01544500 2004 4 14 26508.5874 A
01544500 2004 4 15 26370.0138 A
01544500 2004 4 16 26327.4688 A
01544500 2004 4 17 26409.2318 A
01544500 2004 4 18 26323.9945 A
01544500 2004 4 19 26339.3100 A
01544500 2004 4 20 26351.0744 A
01544500 2004 4 21 26593.6406 A
01544500 2004 4 22 26409.6258 A
01544500 2004 4 23 26458.4070 A
01544500 2004 4 24 26382.1112 A
01544500 2004 4 25 26600.0062 A
01544500 2004 4 26 26471.2588 A
01544500 2004 4 27 26426.4361 A
01544500 2004 4 28 26444.4006 A
01544500 2004 4 29 26510.0666 A
01544500 2004 4 30 26430.5349 A
01544500 2004 5 1 26552.6581 A
01544500 2004 5 2 26504.4071 A
01544500 2004 5 3 26493.4375 A
01544500 2004 5 4 26472.1920 A
01544500 2004 5 5 26744.6641 A
01544500 2004 5 6 26722.1761 A
01544500 2004 5 7 27021.7186 A
01544500 2004 5 8 26710.1393 A
01544500 2004 5 9 26686.2734 A
01544500 2004 5 10 26672.2343 A
01544500 2004 5 11 26676.7490 A
01544500 2004 5 12 26708.8025 A
01544500 2004 5 13 26798.2666 A
01544500 2004 5 14 26712.6779 A
01544500 2004 5 15 26708.8833 A
01544500 2004 5 16 26727.0338 A
01544500 2004 5 17 26695.7279 A
01544500 2004 5 18 26724.9014 A
01544500 2004 5 19 26682.2508 A
01544500 2004 5 20 26709.9695 A
01544500 2004 5 21 26788.1337 A
01544500 2004 5 22 26764.7425 A
01544500 2004 5 23 26734.6044 A
01544500 2004 5 24 26842.2762 A
01544500 2004 5 25 26804.7472 A
01544500 2004 5 26 26776.6434 A
01544500 2004 5 27 26850.4584 A
01544500 2004 5 28 26795.1424 A
01544500 2004 5 29 26785.8079 A
01544500 2004 5 30 26791.3166 A
01544500 2004 5 31 26794.7729 A
01544500 2004 6 1 26877.1451 A
01544500 2004 6 2 26854.9656 A
01544500 2004 6 3 26954.6511 A
01544500 2004 6 4 26827.8315 A
01544500 2004 6 5 27289.8309 A
01544500 2004 6 6 27066.3017 A
01544500 2004 6 7 26985.3315 A
01544500 2004 6 8 26967.4256 A
01544500 2004 6 9 26949.2476 A
01544500 2004 6 10 27110.8807 A
01544500 2004 6 11 27002.2085 A
01544500 2004 6 12 27000.3515 A
01544500 2004 6 13 27063.6288 A
01544500 2004 6 14 27143.5596 A
01544500 2004 6 15 27079.8470 A
01544500 2004 6 16 27014.9156 A
01544500 2004 6 17 27063.6128 A
01544500 2004 6 18 27064.5504 A
01544500 2004 6 19 27138.3607 A
01544500 2004 6 20 27184.0362 A
01544500 2004 6 21 27063.1356 A
01544500 2004 6 22 27124.0130 A
01544500 2004 6 23 27139.7563 A
01544500 2004 6 24 27107.6568 A
01544500 2004 6 25 27097.1949 A
01544500 2004 6 26 27222.4792 A
01544500 2004 6 27 27118.4029 A
01544500 2004 6 28 27142.4369 A
01544500 2004 6 29 27100.2226 A
01544500 2004 6 30 27228.7289 A
01544500 2004 7 1 27158.4525 A
01544500 2004 7 2 27132.3783 A
01544500 2004 7 3 27129.0384 A
01544500 2004 7 4 27125.3206 A
01544500 2004 7 5 27173.0000 A
01544500 2004 7 6 27128.9745 A
01544500 2004 7 7 27169.3705 A
01544500 2004 7 8 27210.5487 A
01544500 2004 7 9 27139.0712 A
01544500 2004 7 10 27229.7966 A
01544500 2004 7 11 27274.8583 A
01544500 2004 7 12 27221.6869 A
01544500 2004 7 13 27217.0459 A
01544500 2004 7 14 27227.3876 A
01544500 2004 7 15 27172.3932 A
01544500 2004 7 16 27258.3349 A
01544500 2004 7 17 27194.0641 A
01544500 2004 7 18 27321.4833 A
01544500 2004 7 19 27274.6536 A
01544500 2004 7 20 27315.6595 A
01544500 2004 7 21 27390.0201 A
01544500 2004 7 22 27330.9998 A
01544500 2004 7 23 27287.5061 A
01544500 2004 7 24 27286.7977 A
01544500 2004 7 25 27267.2504 A
01544500 2004 7 26 27318.7009 A
01544500 2004 7 27 27343.9823 A
01544500 2004 7 28 27300.2776 A
01544500 2004 7 29 27329.3504 A
01544500 2004 7 30 27402.7816 A
01544500 2004 7 31 27408.3751 A
01544500 2004 8 1 27426.9440 A
01544500 2004 8 2 27339.5592 A
01544500 2004 8 3 27482.5382 A
01544500 2004 8 4 27377.7429 A
01544500 2004 8 5 27363.8240 A
01544500 2004 8 6 27452.8819 A
01544500 2004 8 7 27475.7373 A
01544500 2004 8 8 27453.5908 A
01544500 2004 8 9 27437.2475 A
01544500 2004 8 10 27410.0147 A
01544500 2004 8 11 27499.9402 A
01544500 2004 8 12 27431.8520 A
01544500 2004 8 13 27466.7204 A
01544500 2004 8 14 27475.9230 A
01544500 2004 8 15 27530.1951 A
01544500 2004 8 16 27476.2028 A
01544500 2004 8 17 27565.3315 A
01544500 2004 8 18 27473.5032 A
01544500 2004 8 19 27484.5830 A
01544500 2004 8 20 27475.8127 A
01544500 2004 8 21 27481.5116 A
01544500 2004 8 22 27490.5425 A
01544500 2004 8 23 27460.3051 A
01544500 2004 8 24 27463.5181 A
01544500 2004 8 25 27473.3928 A
01544500 2004 8 26 27451.4299 A
01544500 2004 8 27 27519.1208 A
01544500 2004 8 28 27662.6526 A
01544500 2004 8 29 27533.3601 A
01544500 2004 8 30 27520.5780 A
01544500 2004 8 31 27504.7396 A
01544500 2004 9 1 27517.4953 A
01544500 2004 9 2 27506.4044 A
01544500 2004 9 3 27503.5725 A
01544500 2004 9 4 27507.9882 A
01544500 2004 9 5 27643.5613 A
01544500 2004 9 6 27539.8047 A
01544500 2004 9 7 27562.9751 A
01544500 2004 9 8 27536.0963 A
01544500 2004 9 9 27538.1053 A
01544500 2004 9 10 27657.7961 A
01544500 2004 9 11 27603.5271 A
01544500 2004 9 12 27557.9971 A
01544500 2004 9 13 27560.4396 A
01544500 2004 9 14 27547.6652 A
01544500 2004 9 15 27570.3785 A
01544500 2004 9 16 27655.3825 A
01544500 2004 9 17 27646.7776 A
01544500 2004 9 18 27627.6529 A
01544500 2004 9 19 27587.7446 A
01544500 2004 9 20 27596.6004 A
01544500 2004 9 21 27599.2610 A
01544500 2004 9 22 27613.7184 A
01544500 2004 9 23 27605.1982 A
01544500 2004 9 24 27612.3248 A
01544500 2004 9 25 27613.9315 A
01544500 2004 9 26 27613.9290 A
01544500 2004 9 27 27601.2170 A
01544500 2004 9 28 27621.9616 A
01544500 2004 9 29 27618.1602 A
01544500 2004 9 30 27569.6647 A
01544500 2004 10 1 27600.7950 A
01544500 2004 10 2 27598.4671 A
01544500 2004 10 3 27633.5016 A
01544500 2004 10 4 27601.8453 A
01544500 2004 10 5 27594.8247 A
01544500 2004 10 6 27606.4734 A
01544500 2004 10 7 27632.3724 A
01544500 2004 10 8 27621.7037 A
01544500 2004 10 9 27603.7474 A
01544500 2004 10 10 27662.5147 A
01544500 2004 10 11 27645.9876 A
01544500 2004 10 12 27594.8749 A
01544500 2004 10 13 27625.8343 A
01544500 2004 10 14 27631.6563 A
01544500 2004 10 15 27584.4692 A
01544500 2004 10 16 27631.8334 A
01544500 2004 10 17 27630.5190 A
01544500 2004 10 18 27649.8184 A
01544500 2004 10 19 27599.2984 A
01544500 2004 10 20 27609.6532 A
01544500 2004 10 21 27602.0694 A
01544500 2004 10 22 27641.0247 A
01544500 2004 10 23 27627.6107 A
01544500 2004 10 24 27614.2214 A
01544500 2004 10 25 27596.2608 A
01544500 2004 10 26 27590.9705 A
01544500 2004 10 27 27627.7844 A
01544500 2004 10 28 27614.4961 A
01544500 2004 10 29 27604.8878 A
01544500 2004 10 30 27609.4640 A
01544500 2004 10 31 27598.0655 A
01544500 2004 11 1 27628.4821 A
01544500 2004 11 2 27598.9560 A
01544500 2004 11 3 27597.2935 A
01544500 2004 11 4 27653.1454 A
01544500 2004 11 5 27655.5171 A
01544500 2004 11 6 27622.7695 A
01544500 2004 11 7 27614.7960 A
01544500 2004 11 8 27606.1017 A
01544500 2004 11 9 27626.9936 A
01544500 2004 11 10 27649.0698 A
01544500 2004 11 11 27620.4078 A
01544500 2004 11 12 27633.9832 A
01544500 2004 11 13 27629.2307 A
01544500 2004 11 14 27634.1672 A
01544500 2004 11 15 27670.0484 A
01544500 2004 11 16 27614.7409 A
01544500 2004 11 17 27621.6659 A
01544500 2004 11 18 27625.2218 A
01544500 2004 11 19 27720.8421 A
01544500 2004 11 20 27635.8068 A
01544500 2004 11 21 27639.6307 A
01544500 2004 11 22 27645.1084 A
01544500 2004 11 23 27672.9720 A
01544500 2004 11 24 27636.8028 A
01544500 2004 11 25 27672.3595 A
01544500 2004 11 26 27672.3367 A
01544500 2004 11 27 27647.6249 A
01544500 2004 11 28 27652.2900 A
01544500 2004 11 29 27671.1752 A
01544500 2004 11 30 27661.8762 A
01544500 2004 12 1 27658.8539 A
01544500 2004 12 2 27654.4793 A
01544500 2004 12 3 27653.5015 A
01544500 2004 12 4 27663.9344 A
01544500 2004 12 5 27673.3874 A
01544500 2004 12 6 27638.3916 A
01544500 2004 12 7 27726.7410 A
01544500 2004 12 8 27677.4591 A
01544500 2004 12 9 27736.0571 A
01544500 2004 12 10 27685.7178 A
01544500 2004 12 11 27669.3451 A
01544500 2004 12 12 27716.4438 A
01544500 2004 12 13 27682.1002 A
01544500 2004 12 14 27678.2532 A
01544500 2004 12 15 27703.9718 A
01544500 2004 12 16 27720.5222 A
01544500 2004 12 17 27678.7958 A
01544500 2004 12 18 27688.2539 A
01544500 2004 12 19 27782.4401 A
01544500 2004 12 20 27718.5622 A
01544500 2004 12 21 28027.4063 A
01544500 2004 12 22 27770.5649 A
01544500 2004 12 23 27766.9891 A
01544500 2004 12 24 27771.7693 A
01544500 2004 12 25 27805.0330 A
01544500 2004 12 26 27765.8485 A
01544500 2004 12 27 27817.0473 A
01544500 2004 12 28 27838.4239 A
01544500 2004 12 29 27828.3541 A
01544500 2004 12 30 27808.0519 A
01544500 2004 12 31 27792.6474 A
01544500 2005 1 1 27866.2704 A
01544500 2005 1 2 27889.5276 A
01544500 2005 1 3 27826.7947 A
01544500 2005 1 4 27803.4137 A
01544500 2005 1 5 27809.6764 A
01544500 2005 1 6 27860.6974 A
01544500 2005 1 7 27817.7465 A
01544500 2005 1 8 27843.1908 A
01544500 2005 1 9 27797.5380 A
01544500 2005 1 10 27808.2949 A
01544500 2005 1 11 27902.2458 A
01544500 2005 1 12 27844.4094 A
01544500 2005 1 13 27897.6035 A
01544500 2005 1 14 27860.6968 A
01544500 2005 1 15 27848.3145 A
01544500 2005 1 16 27891.5199 A
01544500 2005 1 17 27917.9602 A
01544500 2005 1 18 27931.6335 A
01544500 2005 1 19 27860.2226 A
01544500 2005 1 20 28014.9166 A
01544500 2005 1 21 27901.5778 A
01544500 2005 1 22 27914.7808 A
01544500 2005 1 23 27912.7713 A
01544500 2005 1 24 27909.8445 A
01544500 2005 1 25 27975.9215 A
01544500 2005 1 26 27983.5534 A
01544500 2005 1 27 28051.7629 A
01544500 2005 1 28 28014.6653 A
01544500 2005 1 29 27970.4754 A
01544500 2005 1 30 27957.3487 A
01544500 2005 1 31 27972.8726 A
01544500 2005 2 1 28010.7121 A
01544500 2005 2 2 27981.4601 A
01544500 2005 2 3 27955.2613 A
01544500 2005 2 4 28020.2976 A
01544500 2005 2 5 28025.2444 A
01544500 2005 2 6 28048.9283 A
01544500 2005 2 7 28060.9694 A
01544500 2005 2 8 28013.8297 A
01544500 2005 2 9 28007.5685 A
01544500 2005 2 10 28003.3235 A
01544500 2005 2 11 28064.6827 A
01544500 2005 2 12 28127.5912 A
01544500 2005 2 13 28111.4590 A
01544500 2005 2 14 28103.9234 A
01544500 2005 2 15 28046.6611 A
01544500 2005 2 16 28071.9437 A
01544500 2005 2 17 28035.5259 A
01544500 2005 2 18 28075.8164 A
01544500 2005 2 19 28183.8726 A
01544500 2005 2 20 28155.7443 A
01544500 2005 2 21 28079.7752 A
01544500 2005 2 22 28110.5773 A
01544500 2005 2 23 28097.4991 A
01544500 2005 2 24 28151.4067 A
01544500 2005 2 25 28220.5921 A
01544500 2005 2 26 28270.2741 A
01544500 2005 2 27 28166.0315 A
01544500 2005 2 28 28168.1155 A
01544500 2005 3 1 28198.2866 A
01544500 2005 3 2 28405.4042 A
01544500 2005 3 3 28350.3604 A
01544500 2005 3 4 28236.4670 A
01544500 2005 3 5 28414.4285 A
01544500 2005 3 6 28292.6253 A
01544500 2005 3 7 28359.8399 A
01544500 2005 3 8 28400.1048 A
01544500 2005 3 9 28375.4642 A
01544500 2005 3 10 28398.6910 A
01544500 2005 3 11 28373.5798 A
01544500 2005 3 12 28447.2077 A
01544500 2005 3 13 28402.1569 A
01544500 2005 3 14 28417.1026 A
01544500 2005 3 15 28431.6944 A
01544500 2005 3 16 28544.1296 A
01544500 2005 3 17 28706.3204 A
01544500 2005 3 18 28458.9824 A
01544500 2005 3 19 28544.5500 A
01544500 2005 3 20 28631.4365 A
01544500 2005 3 21 28606.3553 A
01544500 2005 3 22 28663.2607 A
01544500 2005 3 23 28590.5140 A
01544500 2005 3 24 28708.2151 A
01544500 2005 3 25 28945.7444 A
01544500 2005 3 26 28761.0476 A
01544500 2005 3 27 28815.8570 A
01544500 2005 3 28 28925.6310 A
01544500 2005 3 29 28888.4142 A
01544500 2005 3 30 28907.5187 A
01544500 2005 3 31 28869.0920 A
01544500 2005 4 1 28820.6705 A
01544500 2005 4 2 28874.2209 A
01544500 2005 4 3 28867.2091 A
01544500 2005 4 4 29073.1890 A
01544500 2005 4 5 28900.0100 A
01544500 2005 4 6 28889.1684 A
01544500 2005 4 7 28991.8177 A
01544500 2005 4 8 28906.2810 A
01544500 2005 4 9 28949.8509 A
01544500 2005 4 10 28949.5908 A
01544500 2005 4 11 28916.3894 A
01544500 2005 4 12 28968.2285 A
01544500 2005 4 13 28949.5394 A
01544500 2005 4 14 28956.3611 A
01544500 2005 4 15 28971.5014 A
01544500 2005 4 16 28925.5962 A
01544500 2005 4 17 29031.1290 A
01544500 2005 4 18 29055.8039 A
01544500 2005 4 19 29026.3782 A
01544500 2005 4 20 29019.9586 A
01544500 2005 4 21 29012.4463 A
01544500 2005 4 22 28983.7492 A
01544500 2005 4 23 29439.3068 A
01544500 2005 4 24 29138.5847 A
01544500 2005 4 25 29154.3099 A
01544500 2005 4 26 29118.9754 A
01544500 2005 4 27 29117.1541 A
01544500 2005 4 28 29181.6002 A
01544500 2005 4 29 29268.1870 A
01544500 2005 4 30 29175.8149 A
01544500 2005 5 1 29403.6381 A
01544500 2005 5 2 29441.9058 A
01544500 2005 5 3 29240.7392 A
01544500 2005 5 4 29246.6837 A
01544500 2005 5 5 29320.4489 A
01544500 2005 5 6 29267.2083 A
01544500 2005 5 7 29250.9106 A
01544500 2005 5 8 29424.0171 A
01544500 2005 5 9 29363.5879 A
01544500 2005 5 10 29479.4486 A
01544500 2005 5 11 29381.2283 A
01544500 2005 5 12 29389.7559 A
01544500 2005 5 13 29457.8193 A
01544500 2005 5 14 29408.2871 A
01544500 2005 5 15 29463.8236 A
01544500 2005 5 16 29674.7423 A
01544500 2005 5 17 29713.6371 A
01544500 2005 5 18 29589.6485 A
01544500 2005 5 19 29616.3447 A
01544500 2005 5 20 29535.5087 A
01544500 2005 5 21 29612.5499 A
01544500 2005 5 22 29740.1221 A
01544500 2005 5 23 29671.3389 A
01544500 2005 5 24 29647.7928 A
01544500 2005 5 25 29577.0245 A
01544500 2005 5 26 29621.4389 A
01544500 2005 5 27 29665.0877 A
01544500 2005 5 28 29614.6787 A
01544500 2005 5 29 29583.8500 A
01544500 2005 5 30 29822.5227 A
01544500 2005 5 31 29657.8468 A
01544500 2005 6 1 29729.6238 A
01544500 2005 6 2 29658.6215 A
01544500 2005 6 3 29662.1751 A
01544500 2005 6 4 29657.9856 A
01544500 2005 6 5 29690.1374 A
01544500 2005 6 6 29920.0492 A
01544500 2005 6 7 29824.1171 A
01544500 2005 6 8 29766.0158 A
01544500 2005 6 9 29789.2012 A
01544500 2005 6 10 29793.9139 A
01544500 2005 6 11 29941.4557 A
01544500 2005 6 12 29807.8010 A
01544500 2005 6 13 29857.3243 A
01544500 2005 6 14 29789.3241 A
01544500 2005 6 15 29891.4435 A
01544500 2005 6 16 29926.9090 A
01544500 2005 6 17 30004.8401 A
01544500 2005 6 18 30047.2957 A
01544500 2005 6 19 29909.2577 A
01544500 2005 6 20 30017.6785 A
01544500 2005 6 21 29964.2342 A
01544500 2005 6 22 30031.6096 A
01544500 2005 6 23 29953.2108 A
01544500 2005 6 24 30110.8803 A
01544500 2005 6 25 30203.9994 A
01544500 2005 6 26 30002.3790 A
01544500 2005 6 27 30010.7768 A
01544500 2005 6 28 30011.7566 A
01544500 2005 6 29 30089.4436 A
01544500 2005 6 30 30047.0890 A
01544500 2005 7 1 30154.8965 A
01544500 2005 7 2 30063.0740 A
01544500 2005 7 3 30191.5883 A
01544500 2005 7 4 30133.7198 A
01544500 2005 7 5 30240.8192 A
01544500 2005 7 6 30140.4102 A
01544500 2005 7 7 30163.6090 A
01544500 2005 7 8 30149.8596 A
01544500 2005 7 9 30179.1250 A
01544500 2005 7 10 30152.4363 A
01544500 2005 7 11 30207.7784 A
01544500 2005 7 12 30194.7900 A
01544500 2005 7 13 30168.8248 A
01544500 2005 7 14 30395.6974 A
01544500 2005 7 15 30270.8356 A
01544500 2005 7 16 30190.3271 A
01544500 2005 7 17 30190.2542 A
01544500 2005 7 18 30211.7328 A
01544500 2005 7 19 30256.3037 A
01544500 2005 7 20 30338.3369 A
01544500 2005 7 21 30224.5067 A
01544500 2005 7 22 30238.3271 A
01544500 2005 7 23 30224.5605 A
01544500 2005 7 24 30271.0683 A
01544500 2005 7 25 30265.4690 A
01544500 2005 7 26 30222.2565 A
01544500 2005 7 27 30234.7343 A
01544500 2005 7 28 30380.6696 A
01544500 2005 7 29 30249.9488 A
01544500 2005 7 30 30454.0850 A
01544500 2005 7 31 30277.1597 A
01544500 2005 8 1 30346.3769 A
01544500 2005 8 2 30279.1242 A
01544500 2005 8 3 30260.9922 A
01544500 2005 8 4 30360.7387 A
01544500 2005 8 5 30294.7235 A
01544500 2005 8 6 30526.6799 A
01544500 2005 8 7 30421.0583 A
01544500 2005 8 8 30357.1758 A
01544500 2005 8 9 30347.3833 A
01544500 2005 8 10 30369.4829 A
01544500 2005 8 11 30415.7518 A
01544500 2005 8 12 30406.0026 A
01544500 2005 8 13 30368.0432 A
01544500 2005 8 14 30418.3920 A
01544500 2005 8 15 30424.7999 A
01544500 2005 8 16 30423.6541 A
01544500 2005 8 17 30423.0399 A
01544500 2005 8 18 30386.8413 A
01544500 2005 8 19 30437.4613 A
01544500 2005 8 20 30448.5524 A
01544500 2005 8 21 30502.1788 A
01544500 2005 8 22 30472.5911 A
01544500 2005 8 23 30441.1954 A
01544500 2005 8 24 30433.0216 A
01544500 2005 8 25 30555.9730 A
01544500 2005 8 26 30467.9510 A
01544500 2005 8 27 30454.2500 A
01544500 2005 8 28 30482.1520 A
01544500 2005 8 29 30427.3400 A
01544500 2005 8 30 30493.2762 A
01544500 2005 8 31 30463.8514 A
01544500 2005 9 1 30471.6757 A
01544500 2005 9 2 30475.7225 A
01544500 2005 9 3 30505.3388 A
01544500 2005 9 4 30461.4010 A
01544500 2005 9 5 30453.1964 A
01544500 2005 9 6 30451.2854 A
01544500 2005 9 7 30460.4610 A
01544500 2005 9 8 30535.1303 A
01544500 2005 9 9 30492.1339 A
01544500 2005 9 10 30468.3334 A
01544500 2005 9 11 30522.9500 A
01544500 2005 9 12 30478.7194 A
01544500 2005 9 13 30500.8880 A
01544500 2005 9 14 30466.9921 A
01544500 2005 9 15 30458.7969 A
01544500 2005 9 16 30480.5536 A
01544500 2005 9 17 30492.5095 A
01544500 2005 9 18 30472.7148 A
01544500 2005 9 19 30482.7179 A
01544500 2005 9 20 30563.6404 A
01544500 2005 9 21 30491.6135 A
01544500 2005 9 22 30521.0878 A
01544500 2005 9 23 30518.0390 A
01544500 2005 9 24 30504.5120 A
01544500 2005 9 25 30560.6673 A
01544500 2005 9 26 30527.2171 A
01544500 2005 9 27 30523.3031 A
01544500 2005 9 28 30529.9790 A
01544500 2005 9 29 30481.6294 A
01544500 2005 9 30 30551.7004 A
01544500 2005 10 1 30498.6953 A
01544500 2005 10 2 30562.9321 A
01544500 2005 10 3 30575.9398 A
01544500 2005 10 4 30599.1236 A
01544500 2005 10 5 30585.2707 A
01544500 2005 10 6 30664.8915 A
01544500 2005 10 7 30638.7217 A
01544500 2005 10 8 30563.9622 A
01544500 2005 10 9 30582.2628 A
01544500 2005 10 10 30578.1895 A
01544500 2005 10 11 30595.6768 A
01544500 2005 10 12 30619.0730 A
01544500 2005 10 13 30599.9697 A
01544500 2005 10 14 30617.9504 A
01544500 2005 10 15 30595.4907 A
01544500 2005 10 16 30583.1103 A
01544500 2005 10 17 30611.9465 A
01544500 2005 10 18 30586.3364 A
01544500 2005 10 19 30592.7379 A
01544500 2005 10 20 30596.4966 A
01544500 2005 10 21 30582.8020 A
01544500 2005 10 22 30584.4387 A
01544500 2005 10 23 30595.8977 A
01544500 2005 10 24 30578.1874 A
01544500 2005 10 25 30568.6852 A
01544500 2005 10 26 30584.4918 A
01544500 2005 10 27 30595.5915 A
01544500 2005 10 28 30574.6628 A
01544500 2005 10 29 30600.8179 A
01544500 2005 10 30 30569.2857 A
01544500 2005 10 31 30593.6144 A
01544500 2005 11 1 30617.0809 A
01544500 2005 11 2 30679.3977 A
01544500 2005 11 3 30709.3514 A
01544500 2005 11 4 30608.5072 A
01544500 2005 11 5 30654.0424 A
01544500 2005 11 6 30606.2025 A
01544500 2005 11 7 30616.3958 A
01544500 2005 11 8 30612.7082 A
01544500 2005 11 9 30591.3411 A
01544500 2005 11 10 30600.2107 A
01544500 2005 11 11 30624.4920 A
01544500 2005 11 12 30620.3984 A
01544500 2005 11 13 30645.4978 A
01544500 2005 11 14 30622.9584 A
01544500 2005 11 15 30662.3962 A
01544500 2005 11 16 30673.6385 A
01544500 2005 11 17 30628.3050 A
01544500 2005 11 18 30661.9392 A
01544500 2005 11 19 30653.1021 A
01544500 2005 11 20 30634.5208 A
01544500 2005 11 21 30651.5981 A
01544500 2005 11 22 30628.3601 A
01544500 2005 11 23 30628.0355 A
01544500 2005 11 24 30608.4379 A
01544500 2005 11 25 30609.4553 A
01544500 2005 11 26 30635.2561 A
01544500 2005 11 27 30688.4072 A
01544500 2005 11 28 30697.0770 A
01544500 2005 11 29 30777.9304 A
01544500 2005 11 30 30694.0355 A
01544500 2005 12 1 30737.6404 A
01544500 2005 12 2 30705.7690 A
01544500 2005 12 3 30798.0186 A
01544500 2005 12 4 30713.1572 A
01544500 2005 12 5 30709.5543 A
01544500 2005 12 6 30794.8179 A
01544500 2005 12 7 30714.6140 A
01544500 2005 12 8 30699.0942 A
01544500 2005 12 9 30798.1655 A
01544500 2005 12 10 30743.1141 A
01544500 2005 12 11 30708.7660 A
01544500 2005 12 12 30767.2532 A
01544500 2005 12 13 30751.3459 A
01544500 2005 12 14 30790.4676 A
01544500 2005 12 15 30758.4064 A
01544500 2005 12 16 30732.2365 A
01544500 2005 12 17 30747.7833 A
01544500 2005 12 18 30768.9378 A
01544500 2005 12 19 30756.6862 A
01544500 2005 12 20 30773.8255 A
01544500 2005 12 21 30743.2330 A
01544500 2005 12 22 30759.1249 A
01544500 2005 12 23 30753.5511 A
01544500 2005 12 24 30766.8801 A
01544500 2005 12 25 30744.6544 A
01544500 2005 12 26 30767.4809 A
01544500 2005 12 27 30739.7659 A
01544500 2005 12 28 30784.8601 A
01544500 2005 12 29 30725.8681 A
01544500 2005 12 30 30813.2191 A
01544500 2005 12 31 30793.9223 A
01544500 2006 1 1 30791.9476 A
01544500 2006 1 2 30784.5875 A
01544500 2006 1 3 30765.8493 A
01544500 2006 1 4 30795.7528 A
01544500 2006 1 5 30832.5947 A
01544500 2006 1 6 30835.1355 A
01544500 2006 1 7 30779.5611 A
01544500 2006 1 8 30853.0112 A
01544500 2006 1 9 30836.3895 A
01544500 2006 1 10 30852.2419 A
01544500 2006 1 11 30856.8998 A
01544500 2006 1 12 30824.1551 A
01544500 2006 1 13 30919.2936 A
01544500 2006 1 14 30857.9632 A
01544500 2006 1 15 30867.6680 A
01544500 2006 1 16 30904.6867 A
01544500 2006 1 17 30903.2547 A
01544500 2006 1 18 30871.5805 A
01544500 2006 1 19 30854.7848 A
01544500 2006 1 20 30843.8077 A
01544500 2006 1 21 30844.8353 A
01544500 2006 1 22 30907.7135 A
01544500 2006 1 23 30876.9289 A
01544500 2006 1 24 30867.7620 A
01544500 2006 1 25 30875.7193 A
01544500 2006 1 26 30864.8733 A
01544500 2006 1 27 30856.7432 A
01544500 2006 1 28 30890.1411 A
01544500 2006 1 29 30873.7323 A
01544500 2006 1 30 30907.5318 A
01544500 2006 1 31 30937.1879 A
01544500 2006 2 1 30948.2130 A
01544500 2006 2 2 30961.8755 A
01544500 2006 2 3 30916.2830 A
01544500 2006 2 4 30885.7607 A
01544500 2006 2 5 30921.7831 A
01544500 2006 2 6 30959.6374 A
01544500 2006 2 7 30996.3661 A
01544500 2006 2 8 31012.5086 A
01544500 2006 2 9 30994.6417 A
01544500 2006 2 10 30936.1404 A
01544500 2006 2 11 30999.2410 A
01544500 2006 2 12 31090.2527 A
01544500 2006 2 13 31056.0637 A
01544500 2006 2 14 31014.0872 A
01544500 2006 2 15 31017.1174 A
01544500 2006 2 16 30997.9420 A
01544500 2006 2 17 31064.9093 A
01544500 2006 2 18 31016.2041 A
01544500 2006 2 19 30999.1583 A
01544500 2006 2 20 31061.8581 A
01544500 2006 2 21 31055.1389 A
01544500 2006 2 22 31132.0251 A
01544500 2006 2 23 31305.8420 A
01544500 2006 2 24 31065.5534 A
01544500 2006 2 25 31169.2690 A
01544500 2006 2 26 31403.7542 A
01544500 2006 2 27 31211.4488 A
01544500 2006 2 28 31273.6748 A
01544500 2006 3 1 31211.8537 A
01544500 2006 3 2 31310.4930 A
01544500 2006 3 3 31340.1378 A
01544500 2006 3 4 31286.7110 A
01544500 2006 3 5 31265.0943 A
01544500 2006 3 6 31333.7121 A
01544500 2006 3 7 31447.5438 A
01544500 2006 3 8 31312.4394 A
01544500 2006 3 9 31384.8462 A
01544500 2006 3 10 31446.7619 A
01544500 2006 3 11 31500.6315 A
01544500 2006 3 12 31457.9239 A
01544500 2006 3 13 31735.4411 A
01544500 2006 3 14 31503.2240 A
01544500 2006 3 15 31538.4736 A
01544500 2006 3 16 31815.7524 A
01544500 2006 3 17 31585.0040 A
01544500 2006 3 18 31603.2386 A
01544500 2006 3 19 31623.6965 A
01544500 2006 3 20 31626.7067 A
01544500 2006 3 21 31754.0261 A
01544500 2006 3 22 31776.0632 A
01544500 2006 3 23 31869.7639 A
01544500 2006 3 24 31831.3471 A
01544500 2006 3 25 31771.3938 A
01544500 2006 3 26 31749.2735 A
01544500 2006 3 27 31817.6359 A
01544500 2006 3 28 31834.4079 A
01544500 2006 3 29 31814.8105 A
01544500 2006 3 30 31749.0193 A
01544500 2006 3 31 31804.4413 A
01544500 2006 4 1 31795.9710 A
01544500 2006 4 2 31874.6001 A
01544500 2006 4 3 31781.3625 A
01544500 2006 4 4 31805.0234 A
01544500 2006 4 5 31794.4738 A
01544500 2006 4 6 32039.1626 A
01544500 2006 4 7 31904.9839 A
01544500 2006 4 8 31988.3407 A
01544500 2006 4 9 32049.3347 A
01544500 2006 4 10 31986.5908 A
01544500 2006 4 11 32033.6841 A
01544500 2006 4 12 32137.9398 A
01544500 2006 4 13 32076.4145 A
01544500 2006 4 14 31985.5375 A
01544500 2006 4 15 32123.2245 A
01544500 2006 4 16 32035.4341 A
01544500 2006 4 17 32048.1385 A
01544500 2006 4 18 32110.1134 A
01544500 2006 4 19 32039.4706 A
01544500 2006 4 20 32102.5882 A
01544500 2006 4 21 32119.7722 A
01544500 2006 4 22 32054.0550 A
01544500 2006 4 23 32133.7131 A
01544500 2006 4 24 32074.9209 A
01544500 2006 4 25 32074.3252 A
01544500 2006 4 26 32217.7331 A
01544500 2006 4 27 32106.3762 A
01544500 2006 4 28 32141.8194 A
01544500 2006 4 29 32102.2687 A
01544500 2006 4 30 32095.7481 A
01544500 2006 5 1 32184.9603 A
01544500 2006 5 2 32423.5371 A
01544500 2006 5 3 32201.2649 A
01544500 2006 5 4 32216.8270 A
01544500 2006 5 5 32270.6772 A
01544500 2006 5 6 32435.4760 A
01544500 2006 5 7 32332.5785 A
01544500 2006 5 8 32303.1220 A
01544500 2006 5 9 32307.9812 A
01544500 2006 5 10 32295.8615 A
01544500 2006 5 11 32694.3024 A
01544500 2006 5 12 32358.4316 A
01544500 2006 5 13 32657.8299 A
01544500 2006 5 14 32442.1758 A
01544500 2006 5 15 32512.0269 A
01544500 2006 5 16 32524.2339 A
01544500 2006 5 17 32447.9926 A
01544500 2006 5 18 32436.9602 A
01544500 2006 5 19 32449.6709 A
01544500 2006 5 20 32458.8017 A
01544500 2006 5 21 32516.0238 A
01544500 2006 5 22 32511.3838 A
01544500 2006 5 23 32584.4185 A
01544500 2006 5 24 32625.1675 A
01544500 2006 5 25 32541.5987 A
01544500 2006 5 26 32523.3324 A
01544500 2006 5 27 32532.3359 A
01544500 2006 5 28 32747.0897 A
01544500 2006 5 29 32587.1100 A
01544500 2006 5 30 32574.3890 A
01544500 2006 5 31 32597.7427 A
01544500 2006 6 1 32699.6350 A
01544500 2006 6 2 32728.9726 A
01544500 2006 6 3 32618.1764 A
01544500 2006 6 4 32671.9910 A
01544500 2006 6 5 32636.8891 A
01544500 2006 6 6 32666.1381 A
01544500 2006 6 7 32610.7613 A
01544500 2006 6 8 32766.2670 A
01544500 2006 6 9 32773.8409 A
01544500 2006 6 10 32823.0267 A
01544500 2006 6 11 32993.6162 A
01544500 2006 6 12 32926.3910 A
01544500 2006 6 13 33035.6350 A
01544500 2006 6 14 32813.8508 A
01544500 2006 6 15 32830.1325 A
01544500 2006 6 16 32929.7626 A
01544500 2006 6 17 32886.0441 A
01544500 2006 6 18 32876.4575 A
01544500 2006 6 19 32995.5934 A
01544500 2006 6 20 32996.5732 A
01544500 2006 6 21 33143.1753 A
01544500 2006 6 22 33182.4026 A
01544500 2006 6 23 33090.1813 A
01544500 2006 6 24 33023.1842 A
01544500 2006 6 25 33081.4039 A
01544500 2006 6 26 33331.1863 A
01544500 2006 6 27 33106.0804 A
01544500 2006 6 28 33133.6676 A
01544500 2006 6 29 33101.3449 A
01544500 2006 6 30 33216.0207 A
01544500 2006 7 1 33135.5583 A
01544500 2006 7 2 33149.1726 A
01544500 2006 7 3 33211.3689 A
01544500 2006 7 4 33137.2535 A
01544500 2006 7 5 33112.2412 A
01544500 2006 7 6 33202.5296 A
01544500 2006 7 7 33487.6652 A
01544500 2006 7 8 33198.2355 A
01544500 2006 7 9 33258.1748 A
01544500 2006 7 10 33346.3177 A
01544500 2006 7 11 33276.0120 A
01544500 2006 7 12 33397.1405 A
01544500 2006 7 13 33294.8454 A
01544500 2006 7 14 33347.4008 A
01544500 2006 7 15 33389.2012 A
01544500 2006 7 16 33286.5683 A
01544500 2006 7 17 33348.7728 A
01544500 2006 7 18 33386.8055 A
01544500 2006 7 19 33313.9264 A
01544500 2006 7 20 33322.1299 A
01544500 2006 7 21 33357.8298 A
01544500 2006 7 22 33352.4352 A
01544500 2006 7 23 33496.7991 A
01544500 2006 7 24 33429.9998 A
01544500 2006 7 25 33359.4634 A
01544500 2006 7 26 33523.0077 A
01544500 2006 7 27 33418.3217 A
01544500 2006 7 28 33439.1702 A
01544500 2006 7 29 33595.4935 A
01544500 2006 7 30 33467.0009 A
01544500 2006 7 31 33537.5095 A
01544500 2006 8 1 33474.2080 A
01544500 2006 8 2 33596.5709 A
01544500 2006 8 3 33491.6065 A
01544500 2006 8 4 33508.8078 A
01544500 2006 8 5 33478.5462 A
01544500 2006 8 6 33554.7006 A
01544500 2006 8 7 33512.4481 A
01544500 2006 8 8 33571.1595 A
01544500 2006 8 9 33555.5450 A
01544500 2006 8 10 33567.7289 A
01544500 2006 8 11 33536.2193 A
01544500 2006 8 12 33574.2641 A
01544500 2006 8 13 33535.0951 A
01544500 2006 8 14 33522.0485 A
01544500 2006 8 15 33701.0468 A
01544500 2006 8 16 33694.6945 A
01544500 2006 8 17 33563.7396 A
01544500 2006 8 18 33595.0361 A
01544500 2006 8 19 33606.2646 A
01544500 2006 8 20 33579.3268 A
01544500 2006 8 21 33592.9138 A
01544500 2006 8 22 33601.5072 A
01544500 2006 8 23 33628.1855 A
01544500 2006 8 24 33620.6626 A
01544500 2006 8 25 33648.1426 A
01544500 2006 8 26 33631.5008 A
01544500 2006 8 27 33646.4736 A
01544500 2006 8 28 33603.0980 A
01544500 2006 8 29 33604.3765 A
01544500 2006 8 30 33761.2306 A
01544500 2006 8 31 33738.3820 A
01544500 2006 9 1 33672.6469 A
01544500 2006 9 2 33655.5717 A
01544500 2006 9 3 33732.3751 A
01544500 2006 9 4 33665.3236 A
01544500 2006 9 5 33852.7385 A
01544500 2006 9 6 33722.2981 A
01544500 2006 9 7 33693.5084 A
01544500 2006 9 8 33710.2078 A
01544500 2006 9 9 33709.6353 A
01544500 2006 9 10 33888.4701 A
01544500 2006 9 11 33769.8649 A
01544500 2006 9 12 33777.5698 A
01544500 2006 9 13 33723.7558 A
01544500 2006 9 14 33785.4965 A
01544500 2006 9 15 33823.5274 A
01544500 2006 9 16 33751.0568 A
01544500 2006 9 17 33761.4006 A
01544500 2006 9 18 33770.3611 A
01544500 2006 9 19 33787.1813 A
01544500 2006 9 20 33784.7661 A
01544500 2006 9 21 33767.3232 A
01544500 2006 9 22 33763.1993 A
01544500 2006 9 23 33788.2693 A
01544500 2006 9 24 33809.8803 A
01544500 2006 9 25 33771.7232 A
01544500 2006 9 26 33755.2255 A
01544500 2006 9 27 33751.8125 A
01544500 2006 9 28 33773.8669 A
01544500 2006 9 29 33911.1562 A
01544500 2006 9 30 33860.2430 A
01544500 2006 10 1 33792.3188 A
01544500 2006 10 2 33813.7535 A
01544500 2006 10 3 33797.2209 A
01544500 2006 10 4 33786.4879 A
01544500 2006 10 5 33912.2324 A
01544500 2006 10 6 33833.3278 A
01544500 2006 10 7 33789.3851 A
01544500 2006 10 8 33820.8435 A
01544500 2006 10 9 33848.7957 A
01544500 2006 10 10 33844.3830 A
01544500 2006 10 11 34028.9175 A
01544500 2006 10 12 33928.1373 A
01544500 2006 10 13 33868.7072 A
01544500 2006 10 14 33939.6651 A
01544500 2006 10 15 33892.6867 A
01544500 2006 10 16 33874.9913 A
01544500 2006 10 17 33949.6401 A
01544500 2006 10 18 33907.6678 A
01544500 2006 10 19 33969.8011 A
01544500 2006 10 20 33937.6426 A
01544500 2006 10 21 33911.5348 A
01544500 2006 10 22 33912.0007 A
01544500 2006 10 23 33940.7275 A
01544500 2006 10 24 33894.3121 A
01544500 2006 10 25 34075.3855 A
01544500 2006 10 26 33941.9553 A
01544500 2006 10 27 33937.3408 A
01544500 2006 10 28 33918.2978 A
01544500 2006 10 29 33951.4370 A
01544500 2006 10 30 33928.9094 A
01544500 2006 10 31 34020.5734 A
01544500 2006 11 1 33950.6213 A
01544500 2006 11 2 33979.8868 A
01544500 2006 11 3 33931.6221 A
01544500 2006 11 4 33957.6815 A
01544500 2006 11 5 33947.9603 A
01544500 2006 11 6 33925.0631 A
01544500 2006 11 7 33951.0853 A
01544500 2006 11 8 33968.9627 A
01544500 2006 11 9 33943.7414 A
01544500 2006 11 10 33979.3604 A
01544500 2006 11 11 33957.6451 A
01544500 2006 11 12 33922.6465 A
01544500 2006 11 13 33941.2418 A
01544500 2006 11 14 33968.2321 A
01544500 2006 11 15 33953.6285 A
01544500 2006 11 16 33959.4520 A
01544500 2006 11 17 33923.3938 A
01544500 2006 11 18 33961.2774 A
01544500 2006 11 19 34086.7538 A
01544500 2006 11 20 33984.9418 A
01544500 2006 11 21 33993.2992 A
01544500 2006 11 22 33954.8482 A
01544500 2006 11 23 33961.2855 A
01544500 2006 11 24 33962.3164 A
01544500 2006 11 25 33945.9522 A
01544500 2006 11 26 34021.6307 A
01544500 2006 11 27 33958.6147 A
01544500 2006 11 28 34011.4879 A
01544500 2006 11 29 34003.4607 A
01544500 2006 11 30 34032.5653 A
01544500 2006 12 1 34035.3926 A
01544500 2006 12 2 34152.4504 A
01544500 2006 12 3 34009.1116 A
01544500 2006 12 4 33992.7004 A
01544500 2006 12 5 34020.1098 A
01544500 2006 12 6 34038.2064 A
01544500 2006 12 7 34080.0729 A
01544500 2006 12 8 34024.0330 A
01544500 2006 12 9 34049.0271 A
01544500 2006 12 10 34043.5971 A
01544500 2006 12 11 34050.8748 A
01544500 2006 12 12 34022.6137 A
01544500 2006 12 13 34040.6945 A
01544500 2006 12 14 34019.8968 A
01544500 2006 12 15 34068.6046 A
01544500 2006 12 16 34023.6758 A
01544500 2006 12 17 34029.8407 A
01544500 2006 12 18 34028.0223 A
01544500 2006 12 19 34075.2430 A
01544500 2006 12 20 34042.3596 A
01544500 2006 12 21 34009.3180 A
01544500 2006 12 22 34097.3783 A
01544500 2006 12 23 34042.9011 A
01544500 2006 12 24 34079.5117 A
01544500 2006 12 25 34043.5921 A
01544500 2006 12 26 34099.8171 A
01544500 2006 12 27 34091.8131 A
01544500 2006 12 28 34087.2008 A
01544500 2006 12 29 34075.1278 A
01544500 2006 12 30 34077.0629 A
01544500 2006 12 31 34060.3752 A
01544500 2007 1 1 34105.7122 A
01544500 2007 1 2 34062.2593 A
01544500 2007 1 3 34063.1773 A
01544500 2007 1 4 34074.0302 A
01544500 2007 1 5 34066.3017 A
01544500 2007 1 6 34061.6044 A
01544500 2007 1 7 34075.0577 A
01544500 2007 1 8 34052.6306 A
01544500 2007 1 9 34066.7036 A
01544500 2007 1 10 34046.5294 A
01544500 2007 1 11 34098.5175 A
01544500 2007 1 12 34087.5256 A
01544500 2007 1 13 34074.4723 A
01544500 2007 1 14 34091.0851 A
01544500 2007 1 15 34096.3259 A
01544500 2007 1 16 34094.7972 A
01544500 2007 1 17 34159.8036 A
01544500 2007 1 18 34070.8604 A
01544500 2007 1 19 34199.7239 A
01544500 2007 1 20 34122.3892 A
01544500 2007 1 21 34081.0480 A
01544500 2007 1 22 34118.8374 A
01544500 2007 1 23 34134.9481 A
01544500 2007 1 24 34176.4258 A
01544500 2007 1 25 34113.3955 A
01544500 2007 1 26 34183.0758 A
01544500 2007 1 27 34218.8924 A
01544500 2007 1 28 34186.1486 A
01544500 2007 1 29 34253.4068 A
01544500 2007 1 30 34226.7659 A
01544500 2007 1 31 34242.0566 A
01544500 2007 2 1 34194.1754 A
01544500 2007 2 2 34186.4907 A
01544500 2007 2 3 34254.2850 A
01544500 2007 2 4 34276.7800 A
01544500 2007 2 5 34205.7590 A
01544500 2007 2 6 34227.9669 A
01544500 2007 2 7 34291.6991 A
01544500 2007 2 8 34304.6338 A
01544500 2007 2 9 34315.4890 A
01544500 2007 2 10 34338.4896 A
01544500 2007 2 11 34294.7220 A
01544500 2007 2 12 34306.4749 A
01544500 2007 2 13 34328.8422 A
01544500 2007 2 14 34386.6186 A
01544500 2007 2 15 34300.9847 A
01544500 2007 2 16 34334.1915 A
01544500 2007 2 17 34360.6452 A
01544500 2007 2 18 34319.4062 A
01544500 2007 2 19 34418.6777 A
01544500 2007 2 20 34355.6046 A
01544500 2007 2 21 34432.7557 A
01544500 2007 2 22 34367.1059 A
01544500 2007 2 23 34342.5862 A
01544500 2007 2 24 34340.1390 A
01544500 2007 2 25 34377.2408 A
01544500 2007 2 26 34519.5802 A
01544500 2007 2 27 34402.0110 A
01544500 2007 2 28 34390.4796 A
01544500 2007 3 1 34504.3758 A
01544500 2007 3 2 34456.0860 A
01544500 2007 3 3 34557.1033 A
01544500 2007 3 4 34474.9615 A
01544500 2007 3 5 34580.1481 A
01544500 2007 3 6 34557.0254 A
01544500 2007 3 7 34643.1530 A
01544500 2007 3 8 34588.0474 A
01544500 2007 3 9 34717.1053 A
01544500 2007 3 10 34626.3402 A
01544500 2007 3 11 34688.1958 A
01544500 2007 3 12 34594.4466 A
01544500 2007 3 13 34782.0249 A
01544500 2007 3 14 34727.0319 A
01544500 2007 3 15 34722.7591 A
01544500 2007 3 16 34719.4004 A
01544500 2007 3 17 34743.4521 A
01544500 2007 3 18 34723.3850 A
01544500 2007 3 19 34857.4777 A
01544500 2007 3 20 34874.2314 A
01544500 2007 3 21 34796.3476 A
01544500 2007 3 22 34819.8020 A
01544500 2007 3 23 35187.3562 A
01544500 2007 3 24 34948.9183 A
01544500 2007 3 25 34871.6811 A
01544500 2007 3 26 35182.5694 A
01544500 2007 3 27 35210.8947 A
01544500 2007 3 28 35098.5119 A
01544500 2007 3 29 35079.1412 A
01544500 2007 3 30 35036.3825 A
01544500 2007 3 31 35020.8334 A
01544500 2007 4 1 35000.4760 A
01544500 2007 4 2 35024.0976 A
01544500 2007 4 3 35035.3143 A
01544500 2007 4 4 35026.0997 A
01544500 2007 4 5 35045.7318 A
01544500 2007 4 6 35337.0157 A
01544500 2007 4 7 35127.4192 A
01544500 2007 4 8 35175.3193 A
01544500 2007 4 9 35167.7317 A
01544500 2007 4 10 35136.9528 A
01544500 2007 4 11 35089.2835 A
01544500 2007 4 12 35370.5275 A
01544500 2007 4 13 35280.8030 A
01544500 2007 4 14 35405.6258 A
01544500 2007 4 15 35304.3772 A
01544500 2007 4 16 35407.7221 A
01544500 2007 4 17 35296.0112 A
01544500 2007 4 18 35279.3822 A
01544500 2007 4 19 35379.4073 A
01544500 2007 4 20 35285.9374 A
01544500 2007 4 21 35398.3841 A
01544500 2007 4 22 35323.9013 A
01544500 2007 4 23 35339.1305 A
01544500 2007 4 24 35382.7077 A
01544500 2007 4 25 35340.0078 A
01544500 2007 4 26 35352.4829 A
01544500 2007 4 27 35414.3965 A
01544500 2007 4 28 35480.1777 A
01544500 2007 4 29 35925.5691 A
01544500 2007 4 30 35626.4111 A
01544500 2007 5 1 35603.6890 A
01544500 2007 5 2 35512.8714 A
01544500 2007 5 3 35866.5463 A
01544500 2007 5 4 35826.2068 A
01544500 2007 5 5 35622.4574 A
01544500 2007 5 6 35752.6341 A
01544500 2007 5 7 35719.9460 A
01544500 2007 5 8 35804.0413 A
01544500 2007 5 9 35752.1677 A
01544500 2007 5 10 35756.3975 A
01544500 2007 5 11 35943.6649 A
01544500 2007 5 12 36019.0922 A
01544500 2007 5 13 35798.6132 A
01544500 2007 5 14 35804.5074 A
01544500 2007 5 15 35781.1255 A
01544500 2007 5 16 35804.2001 A
01544500 2007 5 17 35791.3308 A
01544500 2007 5 18 36056.9030 A
01544500 2007 5 19 35906.8113 A
01544500 2007 5 20 35885.9646 A
01544500 2007 5 21 35968.0265 A
01544500 2007 5 22 35924.4061 A
01544500 2007 5 23 35927.6923 A
01544500 2007 5 24 35900.1886 A
01544500 2007 5 25 35915.6464 A
01544500 2007 5 26 35913.1477 A
01544500 2007 5 27 35897.7648 A
01544500 2007 5 28 36002.2873 A
01544500 2007 5 29 35977.6067 A
01544500 2007 5 30 35936.7018 A
01544500 2007 5 31 35992.1098 A
01544500 2007 6 1 36139.1817 A
01544500 2007 6 2 36100.7924 A
01544500 2007 6 3 36075.2823 A
01544500 2007 6 4 36006.5992 A
01544500 2007 6 5 36265.1346 A
01544500 2007 6 6 36096.8585 A
01544500 2007 6 7 36224.4808 A
01544500 2007 6 8 36195.6287 A
01544500 2007 6 9 36123.9242 A
01544500 2007 6 10 36113.4008 A
01544500 2007 6 11 36223.5478 A
01544500 2007 6 12 36188.4331 A
01544500 2007 6 13 36116.7610 A
01544500 2007 6 14 36188.1079 A
01544500 2007 6 15 36164.4922 A
01544500 2007 6 16 36200.2364 A
01544500 2007 6 17 36230.7425 A
01544500 2007 6 18 36164.3228 A
01544500 2007 6 19 36272.0122 A
01544500 2007 6 20 36178.7053 A
01544500 2007 6 21 36295.2628 A
01544500 2007 6 22 36311.1876 A
01544500 2007 6 23 36325.8058 A
01544500 2007 6 24 36222.0958 A
01544500 2007 6 25 36205.8479 A
01544500 2007 6 26 36271.9358 A
01544500 2007 6 27 36337.5401 A
01544500 2007 6 28 36285.7027 A
01544500 2007 6 29 36315.3921 A
01544500 2007 6 30 36335.3696 A
01544500 2007 7 1 36312.4417 A
01544500 2007 7 2 36327.9932 A
01544500 2007 7 3 36346.8450 A
01544500 2007 7 4 36390.4592 A
01544500 2007 7 5 36491.3478 A
01544500 2007 7 6 36345.5106 A
01544500 2007 7 7 36437.9942 A
01544500 2007 7 8 36417.0172 A
01544500 2007 7 9 36527.0115 A
01544500 2007 7 10 36524.6772 A
01544500 2007 7 11 36408.0248 A
01544500 2007 7 12 36446.0544 A
01544500 2007 7 13 36458.7128 A
01544500 2007 7 14 36429.4785 A
01544500 2007 7 15 36585.7431 A
01544500 2007 7 16 36442.6032 A
01544500 2007 7 17 36476.4167 A
01544500 2007 7 18 36457.3649 A
01544500 2007 7 19 36482.8283 A
01544500 2007 7 20 36464.7643 A
01544500 2007 7 21 36536.3275 A
01544500 2007 7 22 36482.6219 A
01544500 2007 7 23 36460.5394 A
01544500 2007 7 24 36480.8303 A
01544500 2007 7 25 36492.4839 A
01544500 2007 7 26 36505.5731 A
01544500 2007 7 27 36499.2526 A
01544500 2007 7 28 36506.0170 A
01544500 2007 7 29 36488.5149 A
01544500 2007 7 30 36534.9405 A
01544500 2007 7 31 36569.7985 A
01544500 2007 8 1 36527.4058 A
01544500 2007 8 2 36568.4990 A
01544500 2007 8 3 36547.0939 A
01544500 2007 8 4 36539.0291 A
01544500 2007 8 5 36508.0258 A
01544500 2007 8 6 36524.8967 A
01544500 2007 8 7 36731.8092 A
01544500 2007 8 8 36753.2983 A
01544500 2007 8 9 36725.0182 A
01544500 2007 8 10 36650.2066 A
01544500 2007 8 11 36649.7966 A
01544500 2007 8 12 36780.3261 A
01544500 2007 8 13 36655.1143 A
01544500 2007 8 14 36663.4354 A
01544500 2007 8 15 36706.7404 A
01544500 2007 8 16 36708.4842 A
01544500 2007 8 17 36689.4453 A
01544500 2007 8 18 36709.8255 A
01544500 2007 8 19 36676.9369 A
01544500 2007 8 20 36688.7398 A
01544500 2007 8 21 36689.3747 A
01544500 2007 8 22 36658.6909 A
01544500 2007 8 23 36671.9948 A
01544500 2007 8 24 36765.2674 A
01544500 2007 8 25 36865.6386 A
01544500 2007 8 26 36775.9305 A
01544500 2007 8 27 36814.5374 A
01544500 2007 8 28 36759.3003 A
01544500 2007 8 29 36755.0702 A
01544500 2007 8 30 36724.5693 A
01544500 2007 8 31 36775.5864 A
01544500 2007 9 1 36777.1019 A
01544500 2007 9 2 36822.9112 A
01544500 2007 9 3 36775.7821 A
01544500 2007 9 4 36773.8105 A
01544500 2007 9 5 36756.4285 A
01544500 2007 9 6 36752.1096 A
01544500 2007 9 7 36785.7738 A
01544500 2007 9 8 36777.5028 A
01544500 2007 9 9 36803.5259 A
01544500 2007 9 10 36822.3104 A
01544500 2007 9 11 36946.8376 A
01544500 2007 9 12 36798.1221 A
01544500 2007 9 13 36834.3171 A
01544500 2007 9 14 36825.1621 A
01544500 2007 9 15 36789.9166 A
01544500 2007 9 16 36860.5377 A
01544500 2007 9 17 36854.1307 A
01544500 2007 9 18 36873.5690 A
01544500 2007 9 19 36871.1167 A
01544500 2007 9 20 36896.0948 A
01544500 2007 9 21 36861.9732 A
01544500 2007 9 22 36843.3730 A
01544500 2007 9 23 36869.1482 A
01544500 2007 9 24 36858.1243 A
01544500 2007 9 25 36823.7129 A
01544500 2007 9 26 36842.3997 A
01544500 2007 9 27 36860.1424 A
01544500 2007 9 28 36859.8483 A
01544500 2007 9 29 36846.9720 A
01544500 2007 9 30 36810.4806 A
01544500 2007 10 1 36833.4640 A
01544500 2007 10 2 36828.6731 A
01544500 2007 10 3 36866.5955 A
01544500 2007 10 4 36910.7400 A
01544500 2007 10 5 36844.9823 A
01544500 2007 10 6 36882.7143 A
01544500 2007 10 7 36924.4353 A
01544500 2007 10 8 36846.7397 A
01544500 2007 10 9 36961.8594 A
01544500 2007 10 10 36905.5043 A
01544500 2007 10 11 36875.2451 A
01544500 2007 10 12 36878.0004 A
01544500 2007 10 13 36885.0730 A
01544500 2007 10 14 36879.1299 A
01544500 2007 10 15 36881.1796 A
01544500 2007 10 16 36891.4985 A
01544500 2007 10 17 36909.7631 A
01544500 2007 10 18 36856.6497 A
01544500 2007 10 19 36879.2647 A
01544500 2007 10 20 36873.8916 A
01544500 2007 10 21 36870.0262 A
01544500 2007 10 22 36865.6643 A
01544500 2007 10 23 36903.3971 A
01544500 2007 10 24 36887.6334 A
01544500 2007 10 25 36908.2595 A
01544500 2007 10 26 36877.5110 A
01544500 2007 10 27 36869.2715 A
01544500 2007 10 28 36869.2225 A
01544500 2007 10 29 36880.2048 A
01544500 2007 10 30 36956.9286 A
01544500 2007 10 31 36885.4142 A
01544500 2007 11 1 36891.0826 A
01544500 2007 11 2 36898.1699 A
01544500 2007 11 3 36888.1701 A
01544500 2007 11 4 36891.0821 A
01544500 2007 11 5 36937.4414 A
01544500 2007 11 6 36928.4511 A
01544500 2007 11 7 36892.0042 A
01544500 2007 11 8 36949.0931 A
01544500 2007 11 9 36896.1656 A
01544500 2007 11 10 36930.2997 A
01544500 2007 11 11 36949.0281 A
01544500 2007 11 12 36929.6607 A
01544500 2007 11 13 36919.0134 A
01544500 2007 11 14 37051.7157 A
01544500 2007 11 15 36952.2675 A
01544500 2007 11 16 36939.0546 A
01544500 2007 11 17 36933.2747 A
01544500 2007 11 18 36991.7768 A
01544500 2007 11 19 36947.6759 A
01544500 2007 11 20 36920.2646 A
01544500 2007 11 21 37010.8418 A
01544500 2007 11 22 36959.4870 A
01544500 2007 11 23 37021.9052 A
01544500 2007 11 24 37018.2880 A
01544500 2007 11 25 36970.8984 A
01544500 2007 11 26 37030.3048 A
01544500 2007 11 27 36969.9335 A
01544500 2007 11 28 36986.9722 A
01544500 2007 11 29 36985.3446 A
01544500 2007 11 30 36991.5865 A
01544500 2007 12 1 36974.8309 A
01544500 2007 12 2 37013.3157 A
01544500 2007 12 3 36993.2016 A
01544500 2007 12 4 37001.2800 A
01544500 2007 12 5 37010.5542 A
01544500 2007 12 6 36992.5268 A
01544500 2007 12 7 36998.9696 A
01544500 2007 12 8 36997.9911 A
01544500 2007 12 9 37019.0558 A
01544500 2007 12 10 37054.7892 A
01544500 2007 12 11 36998.5315 A
01544500 2007 12 12 37017.3613 A
01544500 2007 12 13 37023.6024 A
01544500 2007 12 14 37017.8408 A
01544500 2007 12 15 37007.2107 A
01544500 2007 12 16 37143.9503 A
01544500 2007 12 17 37031.2558 A
01544500 2007 12 18 37026.5726 A
01544500 2007 12 19 37039.6972 A
01544500 2007 12 20 37008.2413 A
01544500 2007 12 21 37028.6633 A
01544500 2007 12 22 37088.5967 A
01544500 2007 12 23 37096.5192 A
01544500 2007 12 24 37085.4431 A
01544500 2007 12 25 37087.6277 A
01544500 2007 12 26 37046.0751 A
01544500 2007 12 27 37040.2186 A
01544500 2007 12 28 37194.8843 A
01544500 2007 12 29 37049.9387 A
01544500 2007 12 30 37101.9315 A
01544500 2007 12 31 37158.7131 A
01544500 2008 1 1 37107.7116 A
01544500 2008 1 2 37066.7765 A
01544500 2008 1 3 37180.3593 A
01544500 2008 1 4 37094.6689 A
01544500 2008 1 5 37144.0992 A
01544500 2008 1 6 37135.8701 A
01544500 2008 1 7 37096.6762 A
01544500 2008 1 8 37084.2623 A
01544500 2008 1 9 37120.2921 A
01544500 2008 1 10 37168.1354 A
01544500 2008 1 11 37149.6840 A
01544500 2008 1 12 37111.7163 A
01544500 2008 1 13 37101.7456 A
01544500 2008 1 14 37125.0262 A
01544500 2008 1 15 37095.8610 A
01544500 2008 1 16 37137.5383 A
01544500 2008 1 17 37142.0138 A
01544500 2008 1 18 37096.8240 A
01544500 2008 1 19 37170.6436 A
01544500 2008 1 20 37182.9711 A
01544500 2008 1 21 37202.2814 A
01544500 2008 1 22 37214.9562 A
01544500 2008 1 23 37173.6651 A
01544500 2008 1 24 37203.0659 A
01544500 2008 1 25 37308.4632 A
01544500 2008 1 26 37264.5452 A
01544500 2008 1 27 37306.7312 A
01544500 2008 1 28 37226.4944 A
01544500 2008 1 29 37205.7950 A
01544500 2008 1 30 37305.0569 A
01544500 2008 1 31 37239.1161 A
01544500 2008 2 1 37301.9101 A
01544500 2008 2 2 37238.6346 A
01544500 2008 2 3 37258.6904 A
01544500 2008 2 4 37258.6796 A
01544500 2008 2 5 37250.6997 A
01544500 2008 2 6 37245.8739 A
01544500 2008 2 7 37503.7891 A
01544500 2008 2 8 37311.2992 A
01544500 2008 2 9 37382.2580 A
01544500 2008 2 10 37442.6551 A
01544500 2008 2 11 37362.4782 A
01544500 2008 2 12 37326.9684 A
01544500 2008 2 13 37330.1687 A
01544500 2008 2 14 37354.4505 A
01544500 2008 2 15 37525.2691 A
01544500 2008 2 16 37399.4578 A
01544500 2008 2 17 37483.7333 A
01544500 2008 2 18 37364.0836 A
01544500 2008 2 19 37486.7655 A
01544500 2008 2 20 37432.9932 A
01544500 2008 2 21 37435.4547 A
01544500 2008 2 22 37450.2543 A
01544500 2008 2 23 37572.0571 A
01544500 2008 2 24 37468.6735 A
01544500 2008 2 25 37469.5062 A
01544500 2008 2 26 37530.5308 A
01544500 2008 2 27 37474.0638 A
01544500 2008 2 28 37567.2131 A
01544500 2008 2 29 37527.2748 A
01544500 2008 3 1 37611.7805 A
01544500 2008 3 2 37667.5324 A
01544500 2008 3 3 37541.9222 A
01544500 2008 3 4 37675.1945 A
01544500 2008 3 5 37612.7416 A
01544500 2008 3 6 37703.4933 A
01544500 2008 3 7 37650.2951 A
01544500 2008 3 8 37721.2823 A
01544500 2008 3 9 37671.2737 A
01544500 2008 3 10 37821.7380 A
01544500 2008 3 11 37815.6587 A
01544500 2008 3 12 37802.1471 A
01544500 2008 3 13 37863.6983 A
01544500 2008 3 14 37927.3013 A
01544500 2008 3 15 37823.2495 A
01544500 2008 3 16 37899.6567 A
01544500 2008 3 17 37996.0129 A
01544500 2008 3 18 37908.0764 A
01544500 2008 3 19 37948.6642 A
01544500 2008 3 20 37973.0851 A
01544500 2008 3 21 38010.8345 A
01544500 2008 3 22 38198.7126 A
01544500 2008 3 23 38027.2786 A
01544500 2008 3 24 38014.4716 A
01544500 2008 3 25 38050.4494 A
01544500 2008 3 26 37993.3936 A
01544500 2008 3 27 38071.7550 A
01544500 2008 3 28 38524.2466 A
01544500 2008 3 29 38131.9822 A
01544500 2008 3 30 38261.1372 A
01544500 2008 3 31 38146.9107 A
01544500 2008 4 1 38179.2481 A
01544500 2008 4 2 38148.5412 A
01544500 2008 4 3 38158.2505 A
01544500 2008 4 4 38255.9040 A
01544500 2008 4 5 38178.3003 A
01544500 2008 4 6 38220.5074 A
01544500 2008 4 7 38167.6063 A
01544500 2008 4 8 38179.4211 A
01544500 2008 4 9 38206.4759 A
01544500 2008 4 10 38202.9517 A
01544500 2008 4 11 38175.4673 A
01544500 2008 4 12 38224.9792 A
01544500 2008 4 13 38229.9881 A
01544500 2008 4 14 38187.2403 A
01544500 2008 4 15 38225.8793 A
01544500 2008 4 16 38256.3914 A
01544500 2008 4 17 38220.8932 A
01544500 2008 4 18 38236.3454 A
01544500 2008 4 19 38235.3787 A
01544500 2008 4 20 38233.3382 A
01544500 2008 4 21 38261.9858 A
01544500 2008 4 22 38267.0343 A
01544500 2008 4 23 38254.4823 A
01544500 2008 4 24 38217.2610 A
01544500 2008 4 25 38269.1464 A
01544500 2008 4 26 38319.7290 A
01544500 2008 4 27 38253.7321 A
01544500 2008 4 28 38265.3986 A
01544500 2008 4 29 38248.6595 A
01544500 2008 4 30 38276.5901 A
01544500 2008 5 1 38327.0724 A
01544500 2008 5 2 38290.8941 A
01544500 2008 5 3 38309.2150 A
01544500 2008 5 4 38333.8953 A
01544500 2008 5 5 38464.3148 A
01544500 2008 5 6 38297.0721 A
01544500 2008 5 7 38482.2344 A
01544500 2008 5 8 38371.1072 A
01544500 2008 5 9 38342.4420 A
01544500 2008 5 10 38528.2637 A
01544500 2008 5 11 38408.4102 A
01544500 2008 5 12 38404.2315 A
01544500 2008 5 13 38426.0503 A
01544500 2008 5 14 38377.3931 A
01544500 2008 5 15 38518.2548 A
01544500 2008 5 16 38459.4477 A
01544500 2008 5 17 38405.1214 A
01544500 2008 5 18 38419.9683 A
01544500 2008 5 19 38404.7448 A
01544500 2008 5 20 38422.9305 A
01544500 2008 5 21 38514.8321 A
01544500 2008 5 22 38478.5767 A
01544500 2008 5 23 38462.8243 A
01544500 2008 5 24 38541.7354 A
01544500 2008 5 25 38434.4608 A
01544500 2008 5 26 38459.7972 A
01544500 2008 5 27 38490.9497 A
01544500 2008 5 28 38466.1148 A
01544500 2008 5 29 38452.1001 A
01544500 2008 5 30 38657.6635 A
01544500 2008 5 31 38558.1853 A
01544500 2008 6 1 38620.1433 A
01544500 2008 6 2 38537.7770 A
01544500 2008 6 3 38531.2889 A
01544500 2008 6 4 38514.7102 A
01544500 2008 6 5 38596.2350 A
01544500 2008 6 6 38665.1834 A
01544500 2008 6 7 38967.4808 A
01544500 2008 6 8 38698.6425 A
01544500 2008 6 9 39124.5156 A
01544500 2008 6 10 38817.1911 A
01544500 2008 6 11 38746.7961 A
01544500 2008 6 12 38778.1259 A
01544500 2008 6 13 38801.7661 A
01544500 2008 6 14 38910.5818 A
01544500 2008 6 15 38931.6354 A
01544500 2008 6 16 38841.9831 A
01544500 2008 6 17 39058.6965 A
01544500 2008 6 18 38892.1945 A
01544500 2008 6 19 38871.5427 A
01544500 2008 6 20 38851.1929 A
01544500 2008 6 21 38863.1379 A
01544500 2008 6 22 38868.5477 A
01544500 2008 6 23 38899.4162 A
01544500 2008 6 24 38909.2200 A
01544500 2008 6 25 38933.3888 A
01544500 2008 6 26 38982.6055 A
01544500 2008 6 27 38987.4301 A
01544500 2008 6 28 38965.8533 A
01544500 2008 6 29 38966.7335 A
01544500 2008 6 30 38975.0668 A
01544500 2008 7 1 39018.8654 A
01544500 2008 7 2 39038.6392 A
01544500 2008 7 3 38954.1327 A
01544500 2008 7 4 39068.6282 A
01544500 2008 7 5 39184.4727 A
01544500 2008 7 6 39015.9001 A
01544500 2008 7 7 39153.7335 A
01544500 2008 7 8 39019.7263 A
01544500 2008 7 9 39083.7111 A
01544500 2008 7 10 39134.8423 A
01544500 2008 7 11 39069.1709 A
01544500 2008 7 12 39129.8726 A
01544500 2008 7 13 39113.3817 A
01544500 2008 7 14 39114.1084 A
01544500 2008 7 15 39111.8283 A
01544500 2008 7 16 39155.4154 A
01544500 2008 7 17 39094.7278 A
01544500 2008 7 18 39110.1109 A
01544500 2008 7 19 39094.1009 A
01544500 2008 7 20 39089.1355 A
01544500 2008 7 21 39082.1152 A
01544500 2008 7 22 39088.1361 A
01544500 2008 7 23 39151.2217 A
01544500 2008 7 24 39102.3761 A
01544500 2008 7 25 39086.1862 A
01544500 2008 7 26 39188.4582 A
01544500 2008 7 27 39105.5729 A
01544500 2008 7 28 39202.4358 A
01544500 2008 7 29 39159.3007 A
01544500 2008 7 30 39187.5900 A
01544500 2008 7 31 39150.8100 A
01544500 2008 8 1 39151.4705 A
01544500 2008 8 2 39192.5847 A
01544500 2008 8 3 39193.1472 A
01544500 2008 8 4 39153.1464 A
01544500 2008 8 5 39268.4609 A
01544500 2008 8 6 39168.6337 A
01544500 2008 8 7 39235.0602 A
01544500 2008 8 8 39384.6815 A
01544500 2008 8 9 39194.5287 A
01544500 2008 8 10 39281.4242 A
01544500 2008 8 11 39217.2503 A
01544500 2008 8 12 39206.6257 A
01544500 2008 8 13 39310.4345 A
01544500 2008 8 14 39264.2615 A
01544500 2008 8 15 39226.1898 A
01544500 2008 8 16 39280.4968 A
01544500 2008 8 17 39240.6555 A
01544500 2008 8 18 39255.2185 A
01544500 2008 8 19 39227.3561 A
01544500 2008 8 20 39298.0384 A
01544500 2008 8 21 39256.3397 A
01544500 2008 8 22 39269.0741 A
01544500 2008 8 23 39286.7406 A
01544500 2008 8 24 39251.2120 A
01544500 2008 8 25 39257.8364 A
01544500 2008 8 26 39344.5777 A
01544500 2008 8 27 39269.9849 A
01544500 2008 8 28 39281.4417 A
01544500 2008 8 29 39290.9340 A
01544500 2008 8 30 39275.3620 A
01544500 2008 8 31 39378.6408 A
01544500 2008 9 1 39292.0308 A
01544500 2008 9 2 39288.9626 A
01544500 2008 9 3 39305.2934 A
01544500 2008 9 4 39318.1372 A
01544500 2008 9 5 39295.6545 A
01544500 2008 9 6 39330.6275 A
01544500 2008 9 7 39320.2560 A
01544500 2008 9 8 39319.3988 A
01544500 2008 9 9 39358.2152 A
01544500 2008 9 10 39312.6637 A
01544500 2008 9 11 39333.2188 A
01544500 2008 9 12 39290.4190 A
01544500 2008 9 13 39323.8827 A
01544500 2008 9 14 39378.2216 A
01544500 2008 9 15 39358.3549 A
01544500 2008 9 16 39384.4232 A
01544500 2008 9 17 39328.8349 A
01544500 2008 9 18 39371.4281 A
01544500 2008 9 19 39333.2144 A
01544500 2008 9 20 39385.2463 A
01544500 2008 9 21 39338.8583 A
01544500 2008 9 22 39371.5321 A
01544500 2008 9 23 39375.7086 A
01544500 2008 9 24 39361.5247 A
01544500 2008 9 25 39372.2161 A
01544500 2008 9 26 39372.4548 A
01544500 2008 9 27 39348.1171 A
01544500 2008 9 28 39362.6401 A
01544500 2008 9 29 39369.2457 A
01544500 2008 9 30 39377.0915 A
01544500 2008 10 1 39365.4955 A
01544500 2008 10 2 39352.6088 A
01544500 2008 10 3 39363.5201 A
01544500 2008 10 4 39346.7247 A
01544500 2008 10 5 39435.2255 A
01544500 2008 10 6 39345.7790 A
01544500 2008 10 7 39348.9442 A
01544500 2008 10 8 39380.8097 A
01544500 2008 10 9 39416.5705 A
01544500 2008 10 10 39424.7535 A
01544500 2008 10 11 39413.0707 A
01544500 2008 10 12 39372.8314 A
01544500 2008 10 13 39390.2179 A
01544500 2008 10 14 39391.7769 A
01544500 2008 10 15 39397.5442 A
01544500 2008 10 16 39400.8524 A
01544500 2008 10 17 39374.7017 A
01544500 2008 10 18 39381.8377 A
01544500 2008 10 19 39417.4408 A
01544500 2008 10 20 39376.7916 A
01544500 2008 10 21 39375.0857 A
01544500 2008 10 22 39417.5068 A
01544500 2008 10 23 39391.2280 A
01544500 2008 10 24 39376.1204 A
01544500 2008 10 25 39372.9701 A
01544500 2008 10 26 39406.8618 A
01544500 2008 10 27 39419.2729 A
01544500 2008 10 28 39393.4679 A
01544500 2008 10 29 39368.8052 A
01544500 2008 10 30 39388.6519 A
01544500 2008 10 31 39456.9873 A
01544500 2008 11 1 39399.2166 A
01544500 2008 11 2 39425.8584 A
01544500 2008 11 3 39463.9015 A
01544500 2008 11 4 39485.5060 A
01544500 2008 11 5 39419.8807 A
01544500 2008 11 6 39429.6653 A
01544500 2008 11 7 39438.8919 A
01544500 2008 11 8 39399.7971 A
01544500 2008 11 9 39479.6712 A
01544500 2008 11 10 39424.0854 A
01544500 2008 11 11 39409.6993 A
01544500 2008 11 12 39433.3033 A
01544500 2008 11 13 39461.0886 A
01544500 2008 11 14 39429.0332 A
01544500 2008 11 15 39447.6302 A
01544500 2008 11 16 39434.1440 A
01544500 2008 11 17 39460.1849 A
01544500 2008 11 18 39437.3177 A
01544500 2008 11 19 39465.1738 A
01544500 2008 11 20 39436.7187 A
01544500 2008 11 21 39433.1914 A
01544500 2008 11 22 39483.6434 A
01544500 2008 11 23 39445.2434 A
01544500 2008 11 24 39484.7258 A
01544500 2008 11 25 39466.2233 A
01544500 2008 11 26 39445.0488 A
01544500 2008 11 27 39448.3610 A
01544500 2008 11 28 39429.6105 A
01544500 2008 11 29 39430.8830 A
01544500 2008 11 30 39471.6854 A
01544500 2008 12 1 39494.1761 A
01544500 2008 12 2 39488.1368 A
01544500 2008 12 3 39435.3300 A
01544500 2008 12 4 39462.2184 A
01544500 2008 12 5 39452.8515 A
01544500 2008 12 6 39494.4711 A
01544500 2008 12 7 39470.3876 A
01544500 2008 12 8 39474.6209 A
01544500 2008 12 9 39480.1211 A
01544500 2008 12 10 39525.7622 A
01544500 2008 12 11 39466.6339 A
01544500 2008 12 12 39499.2853 A
01544500 2008 12 13 39505.1024 A
01544500 2008 12 14 39470.7053 A
01544500 2008 12 15 39511.8425 A
01544500 2008 12 16 39472.3747 A
01544500 2008 12 17 39471.2216 A
01544500 2008 12 18 39476.8817 A
01544500 2008 12 19 39476.9328 A
01544500 2008 12 20 39517.8100 A
01544500 2008 12 21 39537.7266 A
01544500 2008 12 22 39515.6741 A
01544500 2008 12 23 39532.0168 A
01544500 2008 12 24 39544.6953 A
01544500 2008 12 25 39502.1073 A
01544500 2008 12 26 39527.7363 A
01544500 2008 12 27 39511.6948 A
01544500 2008 12 28 39514.6440 A
01544500 2008 12 29 39516.3271 A
01544500 2008 12 30 39533.0838 A
01544500 2008 12 31 39510.0844 A
01544500 2009 1 1 39505.0029 A
01544500 2009 1 2 39501.1770 A
01544500 2009 1 3 39499.7253 A
01544500 2009 1 4 39529.0384 A
01544500 2009 1 5 39553.6410 A
01544500 2009 1 6 39580.6824 A
01544500 2009 1 7 39514.1871 A
01544500 2009 1 8 39600.6003 A
01544500 2009 1 9 39656.5706 A
01544500 2009 1 10 39577.5646 A
01544500 2009 1 11 39583.3091 A
01544500 2009 1 12 39791.8120 A
01544500 2009 1 13 39615.9358 A
01544500 2009 1 14 39621.8492 A
01544500 2009 1 15 39631.9335 A
01544500 2009 1 16 39617.1339 A
01544500 2009 1 17 39604.4239 A
01544500 2009 1 18 39634.4664 A
01544500 2009 1 19 39657.2053 A
01544500 2009 1 20 39619.6060 A
01544500 2009 1 21 39646.1496 A
01544500 2009 1 22 39692.5726 A
01544500 2009 1 23 39608.9391 A
01544500 2009 1 24 39717.5088 A
01544500 2009 1 25 39647.4807 A
01544500 2009 1 26 39695.3674 A
01544500 2009 1 27 39754.2977 A
01544500 2009 1 28 39770.4056 A
01544500 2009 1 29 39698.6341 A
01544500 2009 1 30 39693.3796 A
01544500 2009 1 31 39793.0869 A
01544500 2009 2 1 39802.0992 A
01544500 2009 2 2 39699.1177 A
01544500 2009 2 3 39723.7488 A
01544500 2009 2 4 39748.1266 A
01544500 2009 2 5 39707.5951 A
01544500 2009 2 6 39813.6487 A
01544500 2009 2 7 39724.6582 A
01544500 2009 2 8 39794.0541 A
01544500 2009 2 9 39847.3203 A
01544500 2009 2 10 39970.9796 A
01544500 2009 2 11 39827.5324 A
01544500 2009 2 12 39804.2632 A
01544500 2009 2 13 39825.3825 A
01544500 2009 2 14 39793.3163 A
01544500 2009 2 15 39872.9635 A
01544500 2009 2 16 39820.8810 A
01544500 2009 2 17 39912.2756 A
01544500 2009 2 18 39929.0139 A
01544500 2009 2 19 39935.0023 A
01544500 2009 2 20 39911.8547 A
01544500 2009 2 21 39895.1658 A
01544500 2009 2 22 39895.0699 A
01544500 2009 2 23 39882.1629 A
01544500 2009 2 24 39890.6424 A
01544500 2009 2 25 39989.3049 A
01544500 2009 2 26 39998.3408 A
01544500 2009 2 27 40013.7949 A
01544500 2009 2 28 40052.9383 A
01544500 2009 3 1 40028.9317 A
01544500 2009 3 2 40028.9134 A
01544500 2009 3 3 39982.9417 A
01544500 2009 3 4 40022.7787 A
01544500 2009 3 5 40120.3028 A
01544500 2009 3 6 40028.7470 A
01544500 2009 3 7 40070.7036 A
01544500 2009 3 8 40014.2829 A
01544500 2009 3 9 40143.0110 A
01544500 2009 3 10 40091.0230 A
01544500 2009 3 11 40153.1991 A
01544500 2009 3 12 40153.3941 A
01544500 2009 3 13 40157.3214 A
01544500 2009 3 14 40192.6571 A
01544500 2009 3 15 40239.4399 A
01544500 2009 3 16 40225.0895 A
01544500 2009 3 17 40223.6365 A
01544500 2009 3 18 40245.9358 A
01544500 2009 3 19 40253.3036 A
01544500 2009 3 20 40249.8111 A
01544500 2009 3 21 40206.0163 A
01544500 2009 3 22 40338.9060 A
01544500 2009 3 23 40391.2050 A
01544500 2009 3 24 40406.3552 A
01544500 2009 3 25 40354.3558 A
01544500 2009 3 26 40385.1890 A
01544500 2009 3 27 40380.7099 A
01544500 2009 3 28 40373.1798 A
01544500 2009 3 29 40369.9913 A
01544500 2009 3 30 40397.2188 A
01544500 2009 3 31 40466.0497 A
01544500 2009 4 1 40540.8866 A
01544500 2009 4 2 40403.1310 A
01544500 2009 4 3 40442.3405 A
01544500 2009 4 4 40439.2367 A
01544500 2009 4 5 40390.3735 A
01544500 2009 4 6 40473.1237 A
01544500 2009 4 7 40413.7735 A
01544500 2009 4 8 40473.8429 A
01544500 2009 4 9 40578.3224 A
01544500 2009 4 10 40598.5513 A
01544500 2009 4 11 40544.2207 A
01544500 2009 4 12 40535.3340 A
01544500 2009 4 13 40562.9947 A
01544500 2009 4 14 40552.8850 A
01544500 2009 4 15 40544.8219 A
01544500 2009 4 16 40593.7785 A
01544500 2009 4 17 40527.1733 A
01544500 2009 4 18 40683.5801 A
01544500 2009 4 19 40636.7576 A
01544500 2009 4 20 40554.3654 A
01544500 2009 4 21 40585.7722 A
01544500 2009 4 22 40677.2547 A
01544500 2009 4 23 40987.0380 A
01544500 2009 4 24 40734.8749 A
01544500 2009 4 25 40697.9122 A
01544500 2009 4 26 40671.8330 A
01544500 2009 4 27 40693.4402 A
01544500 2009 4 28 40733.3818 A
01544500 2009 4 29 40983.4569 A
01544500 2009 4 30 40830.0287 A
01544500 2009 5 1 40845.1012 A
01544500 2009 5 2 40838.5447 A
01544500 2009 5 3 41037.3162 A
01544500 2009 5 4 40858.2681 A
01544500 2009 5 5 41088.3632 A
01544500 2009 5 6 41089.6838 A
01544500 2009 5 7 40920.1807 A
01544500 2009 5 8 40925.8372 A
01544500 2009 5 9 41052.8654 A
01544500 2009 5 10 41101.4256 A
01544500 2009 5 11 41015.4924 A
01544500 2009 5 12 41065.9635 A
01544500 2009 5 13 41138.5917 A
01544500 2009 5 14 41032.0754 A
01544500 2009 5 15 41053.6109 A
01544500 2009 5 16 41048.7767 A
01544500 2009 5 17 41050.6990 A
01544500 2009 5 18 41188.2703 A
01544500 2009 5 19 41179.9959 A
01544500 2009 5 20 41104.1957 A
01544500 2009 5 21 41158.5541 A
01544500 2009 5 22 41149.7993 A
01544500 2009 5 23 41185.5337 A
01544500 2009 5 24 41170.1412 A
01544500 2009 5 25 41158.5499 A
01544500 2009 5 26 41198.6118 A
01544500 2009 5 27 41172.4453 A
01544500 2009 5 28 41264.8328 A
01544500 2009 5 29 41250.2443 A
01544500 2009 5 30 41186.0596 A
01544500 2009 5 31 41461.6658 A
01544500 2009 6 1 41358.2491 A
01544500 2009 6 2 41249.6623 A
01544500 2009 6 3 41284.9533 A
01544500 2009 6 4 41243.5904 A
01544500 2009 6 5 41290.4879 A
01544500 2009 6 6 41252.0802 A
01544500 2009 6 7 41529.8821 A
01544500 2009 6 8 41340.8507 A
01544500 2009 6 9 41379.5567 A
01544500 2009 6 10 41433.2199 A
01544500 2009 6 11 41319.5082 A
01544500 2009 6 12 41339.1100 A
01544500 2009 6 13 41323.4825 A
01544500 2009 6 14 41625.5012 A
01544500 2009 6 15 41400.3410 A
01544500 2009 6 16 41394.0973 A
01544500 2009 6 17 41503.2798 A
01544500 2009 6 18 41397.7989 A
01544500 2009 6 19 41510.2055 A
01544500 2009 6 20 41472.8298 A
01544500 2009 6 21 41459.4339 A
01544500 2009 6 22 41598.5994 A
01544500 2009 6 23 41567.0887 A
01544500 2009 6 24 41534.1802 A
01544500 2009 6 25 41509.0928 A
01544500 2009 6 26 41557.8438 A
01544500 2009 6 27 41582.6810 A
01544500 2009 6 28 41516.7991 A
01544500 2009 6 29 41553.5059 A
01544500 2009 6 30 41725.2146 A
01544500 2009 7 1 41591.5966 A
01544500 2009 7 2 41658.2937 A
01544500 2009 7 3 41646.6469 A
01544500 2009 7 4 41729.1077 A
01544500 2009 7 5 41637.7105 A
01544500 2009 7 6 41624.4579 A
01544500 2009 7 7 41675.5014 A
01544500 2009 7 8 41629.2899 A
01544500 2009 7 9 41663.1746 A
01544500 2009 7 10 41637.3561 A
01544500 2009 7 11 41593.1195 A
01544500 2009 7 12 41635.8250 A
01544500 2009 7 13 41737.4176 A
01544500 2009 7 14 41810.8211 A
01544500 2009 7 15 41737.1179 A
01544500 2009 7 16 41693.7088 A
01544500 2009 7 17 41691.6756 A
01544500 2009 7 18 41711.2190 A
01544500 2009 7 19 41711.5978 A
01544500 2009 7 20 41829.4314 A
01544500 2009 7 21 41750.0016 A
01544500 2009 7 22 41704.8397 A
01544500 2009 7 23 41802.1602 A
01544500 2009 7 24 41736.0473 A
01544500 2009 7 25 41749.4936 A
01544500 2009 7 26 41737.1356 A
01544500 2009 7 27 41838.2670 A
01544500 2009 7 28 41831.5347 A
01544500 2009 7 29 41753.8929 A
01544500 2009 7 30 41990.6184 A
01544500 2009 7 31 41831.5466 A
01544500 2009 8 1 41794.4908 A
01544500 2009 8 2 41809.2478 A
01544500 2009 8 3 41929.4872 A
01544500 2009 8 4 41843.0608 A
01544500 2009 8 5 41982.8821 A
01544500 2009 8 6 41846.8045 A
01544500 2009 8 7 41916.9921 A
01544500 2009 8 8 41863.6895 A
01544500 2009 8 9 41877.3554 A
01544500 2009 8 10 41855.5151 A
01544500 2009 8 11 41851.2831 A
01544500 2009 8 12 41871.9310 A
01544500 2009 8 13 41925.9005 A
01544500 2009 8 14 41904.9457 A
01544500 2009 8 15 41918.5499 A
01544500 2009 8 16 41878.0258 A
01544500 2009 8 17 41955.2767 A
01544500 2009 8 18 41982.2312 A
01544500 2009 8 19 41905.0010 A
01544500 2009 8 20 41920.0260 A
01544500 2009 8 21 41953.0745 A
01544500 2009 8 22 41913.8597 A
01544500 2009 8 23 41896.1696 A
01544500 2009 8 24 41888.4421 A
01544500 2009 8 25 41897.2471 A
01544500 2009 8 26 41911.2420 A
01544500 2009 8 27 41928.6921 A
01544500 2009 8 28 42082.3847 A
01544500 2009 8 29 41964.8233 A
01544500 2009 8 30 41951.1193 A
01544500 2009 8 31 41943.2904 A
01544500 2009 9 1 41946.7651 A
01544500 2009 9 2 41947.1016 A
01544500 2009 9 3 41974.8965 A
01544500 2009 9 4 41998.3698 A
01544500 2009 9 5 41944.7712 A
01544500 2009 9 6 41974.5796 A
01544500 2009 9 7 42038.9026 A
01544500 2009 9 8 41962.6755 A
01544500 2009 9 9 41958.8611 A
01544500 2009 9 10 41960.8133 A
01544500 2009 9 11 42021.6934 A
01544500 2009 9 12 41960.4473 A
01544500 2009 9 13 41967.4661 A
01544500 2009 9 14 41956.7115 A
01544500 2009 9 15 41992.7360 A
01544500 2009 9 16 41979.7248 A
01544500 2009 9 17 42007.9085 A
01544500 2009 9 18 41995.2328 A
01544500 2009 9 19 42038.2487 A
01544500 2009 9 20 42023.0065 A
01544500 2009 9 21 42016.5710 A
01544500 2009 9 22 42025.5158 A
01544500 2009 9 23 42017.5362 A
01544500 2009 9 24 42007.8923 A
01544500 2009 9 25 42038.4284 A
01544500 2009 9 26 42046.6535 A
01544500 2009 9 27 42053.0053 A
01544500 2009 9 28 42020.5010 A
01544500 2009 9 29 41989.6356 A
01544500 2009 9 30 42028.4594 A
01544500 2009 10 1 42005.2610 A
01544500 2009 10 2 42024.0652 A
01544500 2009 10 3 42085.5432 A
01544500 2009 10 4 42111.6753 A
01544500 2009 10 5 42026.9366 A
01544500 2009 10 6 42126.1725 A
01544500 2009 10 7 42043.8126 A
01544500 2009 10 8 42056.3831 A
01544500 2009 10 9 42050.1759 A
01544500 2009 10 10 42041.0638 A
01544500 2009 10 11 42064.5359 A
01544500 2009 10 12 42031.7110 A
01544500 2009 10 13 42040.7874 A
01544500 2009 10 14 42039.6545 A
01544500 2009 10 15 42128.9553 A
01544500 2009 10 16 42074.1324 A
01544500 2009 10 17 42101.6606 A
01544500 2009 10 18 42056.7692 A
01544500 2009 10 19 42060.0836 A
01544500 2009 10 20 42070.9268 A
01544500 2009 10 21 42053.7196 A
01544500 2009 10 22 42119.5750 A
01544500 2009 10 23 42064.4344 A
01544500 2009 10 24 42076.2365 A
01544500 2009 10 25 42051.5337 A
01544500 2009 10 26 42046.6012 A
01544500 2009 10 27 42095.1023 A
01544500 2009 10 28 42122.9982 A
01544500 2009 10 29 42071.7461 A
01544500 2009 10 30 42078.1210 A
01544500 2009 10 31 42081.7094 A
01544500 2009 11 1 42072.2074 A
01544500 2009 11 2 42072.3618 A
01544500 2009 11 3 42073.1075 A
01544500 2009 11 4 42067.4504 A
01544500 2009 11 5 42041.7646 A
01544500 2009 11 6 42132.7990 A
01544500 2009 11 7 42101.5467 A
01544500 2009 11 8 42129.4894 A
01544500 2009 11 9 42119.9452 A
01544500 2009 11 10 42202.2023 A
01544500 2009 11 11 42097.1390 A
01544500 2009 11 12 42117.3224 A
01544500 2009 11 13 42086.3071 A
01544500 2009 11 14 42103.8678 A
01544500 2009 11 15 42126.3274 A
01544500 2009 11 16 42142.5656 A
01544500 2009 11 17 42106.7697 A
01544500 2009 11 18 42082.8292 A
01544500 2009 11 19 42121.4981 A
01544500 2009 11 20 42108.1441 A
01544500 2009 11 21 42142.8621 A
01544500 2009 11 22 42107.4922 A
01544500 2009 11 23 42102.1758 A
01544500 2009 11 24 42106.7206 A
01544500 2009 11 25 42151.8942 A
01544500 2009 11 26 42107.7041 A
01544500 2009 11 27 42113.6230 A
01544500 2009 11 28 42210.6004 A
01544500 2009 11 29 42168.8205 A
01544500 2009 11 30 42204.8644 A
01544500 2009 12 1 42205.1459 A
01544500 2009 12 2 42159.8809 A
01544500 2009 12 3 42159.7645 A
01544500 2009 12 4 42138.9284 A
01544500 2009 12 5 42146.6337 A
01544500 2009 12 6 42132.1689 A
01544500 2009 12 7 42150.9471 A
01544500 2009 12 8 42152.3544 A
01544500 2009 12 9 42181.2519 A
01544500 2009 12 10 42167.7811 A
01544500 2009 12 11 42180.3937 A
01544500 2009 12 12 42170.9785 A
01544500 2009 12 13 42160.1688 A
01544500 2009 12 14 42206.0852 A
01544500 2009 12 15 42190.8705 A
01544500 2009 12 16 42205.1412 A
01544500 2009 12 17 42221.9117 A
01544500 2009 12 18 42201.5351 A
01544500 2009 12 19 42211.6159 A
01544500 2009 12 20 42259.0038 A
01544500 2009 12 21 42186.8332 A
01544500 2009 12 22 42228.4005 A
01544500 2009 12 23 42208.8975 A
01544500 2009 12 24 42195.0311 A
01544500 2009 12 25 42199.7618 A
01544500 2009 12 26 42271.5886 A
01544500 2009 12 27 42273.1972 A
01544500 2009 12 28 42294.3491 A
01544500 2009 12 29 42255.0741 A
01544500 2009 12 30 42257.2455 A
01544500 2009 12 31 42251.5374 A
