14222500 1995 1 1 169.8262 A
14222500 1995 1 2 135.1926 A
14222500 1995 1 3 164.5630 A
14222500 1995 1 4 199.3353 A
14222500 1995 1 5 139.9666 A
14222500 1995 1 6 154.8864 A
14222500 1995 1 7 197.0999 A
14222500 1995 1 8 234.8853 A
14222500 1995 1 9 217.3647 A
14222500 1995 1 10 200.6319 A
14222500 1995 1 11 254.8591 A
14222500 1995 1 12 291.8773 A
14222500 1995 1 13 229.4060 A
14222500 1995 1 14 217.7490 A
14222500 1995 1 15 272.4197 A
14222500 1995 1 16 302.7711 A
14222500 1995 1 17 334.7703 A
14222500 1995 1 18 259.5609 A
14222500 1995 1 19 302.9786 A
14222500 1995 1 20 271.5476 A
14222500 1995 1 21 256.7433 A
14222500 1995 1 22 312.7558 A
14222500 1995 1 23 289.1344 A
14222500 1995 1 24 353.2251 A
14222500 1995 1 25 312.0348 A
14222500 1995 1 26 336.6657 A
14222500 1995 1 27 305.1837 A
14222500 1995 1 28 303.3671 A
14222500 1995 1 29 306.4949 A
14222500 1995 1 30 341.0734 A
14222500 1995 1 31 295.8979 A
14222500 1995 2 1 367.0302 A
14222500 1995 2 2 327.6486 A
14222500 1995 2 3 384.4061 A
14222500 1995 2 4 356.4696 A
14222500 1995 2 5 423.1484 A
14222500 1995 2 6 455.5515 A
14222500 1995 2 7 444.0223 A
14222500 1995 2 8 492.8630 A
14222500 1995 2 9 457.2522 A
14222500 1995 2 10 520.7139 A
14222500 1995 2 11 505.6772 A
14222500 1995 2 12 498.5560 A
14222500 1995 2 13 432.1145 A
14222500 1995 2 14 629.7968 A
14222500 1995 2 15 474.3248 A
14222500 1995 2 16 457.7616 A
14222500 1995 2 17 498.1713 A
14222500 1995 2 18 524.0578 A
14222500 1995 2 19 643.1486 A
14222500 1995 2 20 549.1999 A
14222500 1995 2 21 532.3809 A
14222500 1995 2 22 561.8653 A
14222500 1995 2 23 512.0449 A
14222500 1995 2 24 553.1861 A
14222500 1995 2 25 546.6182 A
14222500 1995 2 26 692.3188 A
14222500 1995 2 27 630.8032 A
14222500 1995 2 28 642.4275 A
14222500 1995 3 1 777.6187 A
14222500 1995 3 2 715.1414 A
14222500 1995 3 3 810.4847 A
14222500 1995 3 4 752.5725 A
14222500 1995 3 5 835.8441 A
14222500 1995 3 6 837.9103 A
14222500 1995 3 7 870.1926 A
14222500 1995 3 8 763.0979 A
14222500 1995 3 9 802.5693 A
14222500 1995 3 10 851.5113 A
14222500 1995 3 11 868.4006 A
14222500 1995 3 12 844.3158 A
14222500 1995 3 13 826.7732 A
14222500 1995 3 14 871.4558 A
14222500 1995 3 15 791.4469 A
14222500 1995 3 16 1161.5309 A
14222500 1995 3 17 1159.4097 A
14222500 1995 3 18 1113.8821 A
14222500 1995 3 19 1021.4989 A
14222500 1995 3 20 1141.8727 A
14222500 1995 3 21 1188.3022 A
14222500 1995 3 22 1107.0665 A
14222500 1995 3 23 1116.1581 A
14222500 1995 3 24 1096.0489 A
14222500 1995 3 25 1081.0175 A
14222500 1995 3 26 1208.2192 A
14222500 1995 3 27 1220.0928 A
14222500 1995 3 28 1216.9340 A
14222500 1995 3 29 1378.8222 A
14222500 1995 3 30 1319.1904 A
14222500 1995 3 31 1198.8371 A
14222500 1995 4 1 1277.1890 A
14222500 1995 4 2 1216.7181 A
14222500 1995 4 3 1401.6553 A
14222500 1995 4 4 1400.4108 A
14222500 1995 4 5 1358.7921 A
14222500 1995 4 6 1382.4431 A
14222500 1995 4 7 1396.0292 A
14222500 1995 4 8 1453.7903 A
14222500 1995 4 9 1473.6611 A
14222500 1995 4 10 1371.5897 A
14222500 1995 4 11 1379.8680 A
14222500 1995 4 12 1536.4274 A
14222500 1995 4 13 1615.1825 A
14222500 1995 4 14 1686.2659 A
14222500 1995 4 15 1805.3774 A
14222500 1995 4 16 1836.7209 A
14222500 1995 4 17 1757.5244 A
14222500 1995 4 18 1633.2578 A
14222500 1995 4 19 1625.1173 A
14222500 1995 4 20 1649.1653 A
14222500 1995 4 21 1836.4444 A
14222500 1995 4 22 1654.3641 A
14222500 1995 4 23 1732.9941 A
14222500 1995 4 24 1743.9203 A
14222500 1995 4 25 1940.2933 A
14222500 1995 4 26 1882.8807 A
14222500 1995 4 27 1775.2373 A
14222500 1995 4 28 1840.2563 A
14222500 1995 4 29 1846.3061 A
14222500 1995 4 30 1816.9909 A
14222500 1995 5 1 1867.2484 A
14222500 1995 5 2 1992.1073 A
14222500 1995 5 3 1945.6791 A
14222500 1995 5 4 1908.2044 A
14222500 1995 5 5 1967.2453 A
14222500 1995 5 6 1881.8490 A
14222500 1995 5 7 2103.9898 A
14222500 1995 5 8 2318.5005 A
14222500 1995 5 9 1997.8643 A
14222500 1995 5 10 2075.5967 A
14222500 1995 5 11 1997.3100 A
14222500 1995 5 12 2108.5738 A
14222500 1995 5 13 2123.8986 A
14222500 1995 5 14 2182.3156 A
14222500 1995 5 15 2136.9978 A
14222500 1995 5 16 2379.4772 A
14222500 1995 5 17 2272.5464 A
14222500 1995 5 18 2171.7605 A
14222500 1995 5 19 2190.9158 A
14222500 1995 5 20 2173.7454 A
14222500 1995 5 21 2179.7781 A
14222500 1995 5 22 2241.0702 A
14222500 1995 5 23 2244.8839 A
14222500 1995 5 24 2349.0228 A
14222500 1995 5 25 2318.1259 A
14222500 1995 5 26 2731.1742 A
14222500 1995 5 27 2338.7451 A
14222500 1995 5 28 2503.2072 A
14222500 1995 5 29 2388.8453 A
14222500 1995 5 30 2419.5244 A
14222500 1995 5 31 2366.9948 A
14222500 1995 6 1 2421.4984 A
14222500 1995 6 2 2384.7748 A
14222500 1995 6 3 2961.3897 A
14222500 1995 6 4 2586.9682 A
14222500 1995 6 5 2664.0690 A
14222500 1995 6 6 2576.0918 A
14222500 1995 6 7 2976.5830 A
14222500 1995 6 8 2820.8417 A
14222500 1995 6 9 2784.0733 A
14222500 1995 6 10 2726.9255 A
14222500 1995 6 11 3011.6757 A
14222500 1995 6 12 2878.0849 A
14222500 1995 6 13 2857.3297 A
14222500 1995 6 14 2907.1348 A
14222500 1995 6 15 3070.7532 A
14222500 1995 6 16 3114.7609 A
14222500 1995 6 17 2927.2608 A
14222500 1995 6 18 2991.7775 A
14222500 1995 6 19 2971.9912 A
14222500 1995 6 20 3025.9015 A
14222500 1995 6 21 3179.7042 A
14222500 1995 6 22 3300.0604 A
14222500 1995 6 23 3030.9202 A
14222500 1995 6 24 3074.0670 A
14222500 1995 6 25 3097.6076 A
14222500 1995 6 26 3294.1176 A
14222500 1995 6 27 3319.9369 A
14222500 1995 6 28 3235.9823 A
14222500 1995 6 29 3149.3078 A
14222500 1995 6 30 3203.8733 A
14222500 1995 7 1 3144.9832 A
14222500 1995 7 2 3228.9005 A
14222500 1995 7 3 3224.3545 A
14222500 1995 7 4 3198.7245 A
14222500 1995 7 5 3239.1097 A
14222500 1995 7 6 3242.5487 A
14222500 1995 7 7 3296.0984 A
14222500 1995 7 8 3226.1791 A
14222500 1995 7 9 3297.0255 A
14222500 1995 7 10 3242.3795 A
14222500 1995 7 11 3232.1700 A
14222500 1995 7 12 3229.9631 A
14222500 1995 7 13 3529.7094 A
14222500 1995 7 14 3284.7841 A
14222500 1995 7 15 3277.6362 A
14222500 1995 7 16 3328.6239 A
14222500 1995 7 17 3343.1198 A
14222500 1995 7 18 3358.2124 A
14222500 1995 7 19 3341.6754 A
14222500 1995 7 20 3358.8905 A
14222500 1995 7 21 3347.6341 A
14222500 1995 7 22 3299.3996 A
14222500 1995 7 23 3581.9207 A
14222500 1995 7 24 3381.0272 A
14222500 1995 7 25 3479.3019 A
14222500 1995 7 26 3430.2073 A
14222500 1995 7 27 3468.6141 A
14222500 1995 7 28 3509.1438 A
14222500 1995 7 29 3420.7560 A
14222500 1995 7 30 3592.8437 A
14222500 1995 7 31 3449.3312 A
14222500 1995 8 1 3472.3988 A
14222500 1995 8 2 3496.9821 A
14222500 1995 8 3 3491.4083 A
14222500 1995 8 4 3475.0875 A
14222500 1995 8 5 3626.8503 A
14222500 1995 8 6 3577.2419 A
14222500 1995 8 7 3551.5690 A
14222500 1995 8 8 3548.0082 A
14222500 1995 8 9 3607.7640 A
14222500 1995 8 10 3648.9939 A
14222500 1995 8 11 3559.1990 A
14222500 1995 8 12 3531.8038 A
14222500 1995 8 13 3557.2434 A
14222500 1995 8 14 3721.2237 A
14222500 1995 8 15 3574.9855 A
14222500 1995 8 16 3559.2491 A
14222500 1995 8 17 3687.4323 A
14222500 1995 8 18 3627.2989 A
14222500 1995 8 19 3795.2592 A
14222500 1995 8 20 3667.2546 A
14222500 1995 8 21 3653.9321 A
14222500 1995 8 22 3667.8803 A
14222500 1995 8 23 3803.2280 A
14222500 1995 8 24 3709.7862 A
14222500 1995 8 25 3711.7432 A
14222500 1995 8 26 3723.4583 A
14222500 1995 8 27 3658.5809 A
14222500 1995 8 28 3680.2028 A
14222500 1995 8 29 3720.1454 A
14222500 1995 8 30 3750.8846 A
14222500 1995 8 31 3778.7744 A
14222500 1995 9 1 3780.1829 A
14222500 1995 9 2 3784.7608 A
14222500 1995 9 3 3736.8632 A
14222500 1995 9 4 3796.6169 A
14222500 1995 9 5 3747.1626 A
14222500 1995 9 6 3906.1664 A
14222500 1995 9 7 3819.6110 A
14222500 1995 9 8 3789.9537 A
14222500 1995 9 9 4083.3246 A
14222500 1995 9 10 3799.6598 A
14222500 1995 9 11 3841.2231 A
14222500 1995 9 12 3847.4606 A
14222500 1995 9 13 3900.0568 A
14222500 1995 9 14 3958.8062 A
14222500 1995 9 15 3877.8295 A
14222500 1995 9 16 3847.2094 A
14222500 1995 9 17 3874.1888 A
14222500 1995 9 18 3979.5366 A
14222500 1995 9 19 3936.2142 A
14222500 1995 9 20 3881.9945 A
14222500 1995 9 21 3898.0034 A
14222500 1995 9 22 3918.8211 A
14222500 1995 9 23 3860.3969 A
14222500 1995 9 24 3954.6135 A
14222500 1995 9 25 3971.2047 A
14222500 1995 9 26 3904.3485 A
14222500 1995 9 27 3986.5524 A
14222500 1995 9 28 3929.2667 A
14222500 1995 9 29 3959.3510 A
14222500 1995 9 30 4040.1809 A
14222500 1995 10 1 4019.8916 A
14222500 1995 10 2 4036.8006 A
14222500 1995 10 3 4032.4303 A
14222500 1995 10 4 4077.8726 A
14222500 1995 10 5 4031.5022 A
14222500 1995 10 6 4008.7566 A
14222500 1995 10 7 3998.4677 A
14222500 1995 10 8 4070.5882 A
14222500 1995 10 9 4081.6096 A
14222500 1995 10 10 4086.0402 A
14222500 1995 10 11 4041.3142 A
14222500 1995 10 12 4083.8148 A
14222500 1995 10 13 4051.0190 A
14222500 1995 10 14 4161.7497 A
14222500 1995 10 15 4084.6165 A
14222500 1995 10 16 4201.4122 A
14222500 1995 10 17 4080.3737 A
14222500 1995 10 18 4074.7711 A
14222500 1995 10 19 4045.7366 A
14222500 1995 10 20 4065.4475 A
14222500 1995 10 21 4297.0963 A
14222500 1995 10 22 4126.5948 A
14222500 1995 10 23 4110.9759 A
14222500 1995 10 24 4119.3778 A
14222500 1995 10 25 4097.0341 A
14222500 1995 10 26 4098.5604 A
14222500 1995 10 27 4139.5964 A
14222500 1995 10 28 4110.3809 A
14222500 1995 10 29 4100.4106 A
14222500 1995 10 30 4129.5518 A
14222500 1995 10 31 4191.6082 A
14222500 1995 11 1 4153.6703 A
14222500 1995 11 2 4156.3902 A
14222500 1995 11 3 4125.5709 A
14222500 1995 11 4 4120.7155 A
14222500 1995 11 5 4112.5396 A
14222500 1995 11 6 4133.9119 A
14222500 1995 11 7 4121.7874 A
14222500 1995 11 8 4162.8459 A
14222500 1995 11 9 4183.9035 A
14222500 1995 11 10 4086.9218 A
14222500 1995 11 11 4094.8484 A
14222500 1995 11 12 4163.4016 A
14222500 1995 11 13 4167.3982 A
14222500 1995 11 14 4137.1138 A
14222500 1995 11 15 4303.3047 A
14222500 1995 11 16 4218.2371 A
14222500 1995 11 17 4239.4102 A
14222500 1995 11 18 4169.9643 A
14222500 1995 11 19 4172.3037 A
14222500 1995 11 20 4246.3278 A
14222500 1995 11 21 4169.9831 A
14222500 1995 11 22 4209.5007 A
14222500 1995 11 23 4274.2059 A
14222500 1995 11 24 4195.1807 A
14222500 1995 11 25 4193.0640 A
14222500 1995 11 26 4199.0903 A
14222500 1995 11 27 4211.8913 A
14222500 1995 11 28 4260.9862 A
14222500 1995 11 29 4188.0370 A
14222500 1995 11 30 4221.7754 A
14222500 1995 12 1 4163.1792 A
14222500 1995 12 2 4229.1013 A
14222500 1995 12 3 4222.2827 A
14222500 1995 12 4 4195.7778 A
14222500 1995 12 5 4205.4170 A
14222500 1995 12 6 4229.7238 A
14222500 1995 12 7 4202.4434 A
14222500 1995 12 8 4247.3200 A
14222500 1995 12 9 4202.4662 A
14222500 1995 12 10 4190.6901 A
14222500 1995 12 11 4203.9434 A
14222500 1995 12 12 4246.9643 A
14222500 1995 12 13 4230.8357 A
14222500 1995 12 14 4232.8564 A
14222500 1995 12 15 4260.0505 A
14222500 1995 12 16 4314.8698 A
14222500 1995 12 17 4250.7651 A
14222500 1995 12 18 4298.6564 A
14222500 1995 12 19 4337.6534 A
14222500 1995 12 20 4361.1768 A
14222500 1995 12 21 4299.7042 A
14222500 1995 12 22 4267.2154 A
14222500 1995 12 23 4305.8219 A
14222500 1995 12 24 4298.3001 A
14222500 1995 12 25 4325.6632 A
14222500 1995 12 26 4286.1361 A
14222500 1995 12 27 4357.7620 A
14222500 1995 12 28 4290.3960 A
14222500 1995 12 29 4398.0427 A
14222500 1995 12 30 4308.9419 A
14222500 1995 12 31 4331.8674 A
14222500 1996 1 1 4303.3599 A
14222500 1996 1 2 4324.9521 A
14222500 1996 1 3 4423.2538 A
14222500 1996 1 4 4314.3337 A
14222500 1996 1 5 4315.8769 A
14222500 1996 1 6 4462.8662 A
14222500 1996 1 7 4391.4296 A
14222500 1996 1 8 4345.0915 A
14222500 1996 1 9 4357.5558 A
14222500 1996 1 10 4461.7701 A
14222500 1996 1 11 4349.5445 A
14222500 1996 1 12 4395.8482 A
14222500 1996 1 13 4378.8493 A
14222500 1996 1 14 4369.2966 A
14222500 1996 1 15 4392.3121 A
14222500 1996 1 16 4342.4637 A
14222500 1996 1 17 4356.6499 A
14222500 1996 1 18 4430.2487 A
14222500 1996 1 19 4474.5072 A
14222500 1996 1 20 4412.3518 A
14222500 1996 1 21 4415.7678 A
14222500 1996 1 22 4417.8913 A
14222500 1996 1 23 4551.6633 A
14222500 1996 1 24 4609.2733 A
14222500 1996 1 25 4600.3597 A
14222500 1996 1 26 4513.3809 A
14222500 1996 1 27 4500.8475 A
14222500 1996 1 28 4543.4156 A
14222500 1996 1 29 4509.4266 A
14222500 1996 1 30 4550.9939 A
14222500 1996 1 31 4525.2977 A
14222500 1996 2 1 4561.3573 A
14222500 1996 2 2 4490.2861 A
14222500 1996 2 3 4563.5670 A
14222500 1996 2 4 4520.3172 A
14222500 1996 2 5 4476.6984 A
14222500 1996 2 6 4549.3226 A
14222500 1996 2 7 4514.3950 A
14222500 1996 2 8 4543.9448 A
14222500 1996 2 9 4628.7789 A
14222500 1996 2 10 4571.5225 A
14222500 1996 2 11 4597.9909 A
14222500 1996 2 12 4700.2486 A
14222500 1996 2 13 4691.5051 A
14222500 1996 2 14 4671.0492 A
14222500 1996 2 15 4779.2468 A
14222500 1996 2 16 4649.6913 A
14222500 1996 2 17 4646.1258 A
14222500 1996 2 18 4915.1058 A
14222500 1996 2 19 4753.4650 A
14222500 1996 2 20 4794.1109 A
14222500 1996 2 21 4746.7151 A
14222500 1996 2 22 4735.1116 A
14222500 1996 2 23 4766.1567 A
14222500 1996 2 24 4804.4069 A
14222500 1996 2 25 4822.8695 A
14222500 1996 2 26 4883.4218 A
14222500 1996 2 27 4847.9865 A
14222500 1996 2 28 4830.8108 A
14222500 1996 2 29 4826.9423 A
14222500 1996 3 1 4820.5294 A
14222500 1996 3 2 4952.8251 A
14222500 1996 3 3 4921.4105 A
14222500 1996 3 4 4970.6538 A
14222500 1996 3 5 4941.2504 A
14222500 1996 3 6 4960.1635 A
14222500 1996 3 7 4998.6743 A
14222500 1996 3 8 4972.8155 A
14222500 1996 3 9 4919.9788 A
14222500 1996 3 10 5011.3092 A
14222500 1996 3 11 5074.8803 A
14222500 1996 3 12 5063.3113 A
14222500 1996 3 13 5188.1248 A
14222500 1996 3 14 5135.1053 A
14222500 1996 3 15 5178.0302 A
14222500 1996 3 16 5179.2965 A
14222500 1996 3 17 5137.5790 A
14222500 1996 3 18 5161.7248 A
14222500 1996 3 19 5178.6994 A
14222500 1996 3 20 5100.5136 A
14222500 1996 3 21 5134.3663 A
14222500 1996 3 22 5221.9914 A
14222500 1996 3 23 5198.1520 A
14222500 1996 3 24 5513.9587 A
14222500 1996 3 25 5332.8900 A
14222500 1996 3 26 5480.3474 A
14222500 1996 3 27 5310.2278 A
14222500 1996 3 28 5284.1764 A
14222500 1996 3 29 5317.7739 A
14222500 1996 3 30 5284.8532 A
14222500 1996 3 31 5324.3812 A
14222500 1996 4 1 5391.6225 A
14222500 1996 4 2 5326.8790 A
14222500 1996 4 3 5314.1270 A
14222500 1996 4 4 5534.0948 A
14222500 1996 4 5 5455.2905 A
14222500 1996 4 6 5500.0235 A
14222500 1996 4 7 5393.8713 A
14222500 1996 4 8 5560.9177 A
14222500 1996 4 9 5464.1357 A
14222500 1996 4 10 5503.9550 A
14222500 1996 4 11 5596.6506 A
14222500 1996 4 12 5587.2588 A
14222500 1996 4 13 5569.7311 A
14222500 1996 4 14 5523.1562 A
14222500 1996 4 15 5585.5910 A
14222500 1996 4 16 5602.9040 A
14222500 1996 4 17 5594.2474 A
14222500 1996 4 18 5607.7354 A
14222500 1996 4 19 5608.7827 A
14222500 1996 4 20 5927.4087 A
14222500 1996 4 21 5606.3361 A
14222500 1996 4 22 5604.6975 A
14222500 1996 4 23 5622.7322 A
14222500 1996 4 24 5803.4902 A
14222500 1996 4 25 5766.7828 A
14222500 1996 4 26 5682.0339 A
14222500 1996 4 27 5730.6634 A
14222500 1996 4 28 5868.2557 A
14222500 1996 4 29 5893.4945 A
14222500 1996 4 30 5739.3430 A
14222500 1996 5 1 5890.3398 A
14222500 1996 5 2 5950.9554 A
14222500 1996 5 3 5848.6877 A
14222500 1996 5 4 5857.9291 A
14222500 1996 5 5 5877.5409 A
14222500 1996 5 6 6302.5398 A
14222500 1996 5 7 6049.7170 A
14222500 1996 5 8 6020.3888 A
14222500 1996 5 9 6053.8248 A
14222500 1996 5 10 5937.6555 A
14222500 1996 5 11 6130.7816 A
14222500 1996 5 12 6309.3748 A
14222500 1996 5 13 6354.2979 A
14222500 1996 5 14 6123.0636 A
14222500 1996 5 15 6227.4509 A
14222500 1996 5 16 6120.6070 A
14222500 1996 5 17 6311.1654 A
14222500 1996 5 18 6158.2516 A
14222500 1996 5 19 6383.6182 A
14222500 1996 5 20 6278.0778 A
14222500 1996 5 21 6177.0079 A
14222500 1996 5 22 6425.2595 A
14222500 1996 5 23 6232.8394 A
14222500 1996 5 24 6259.4198 A
14222500 1996 5 25 6228.8509 A
14222500 1996 5 26 6716.6266 A
14222500 1996 5 27 6468.8373 A
14222500 1996 5 28 6441.5017 A
14222500 1996 5 29 6423.1661 A
14222500 1996 5 30 6952.9454 A
14222500 1996 5 31 6560.5115 A
14222500 1996 6 1 7087.2779 A
14222500 1996 6 2 6682.3284 A
14222500 1996 6 3 6876.1168 A
14222500 1996 6 4 6952.0536 A
14222500 1996 6 5 6741.8667 A
14222500 1996 6 6 6831.4620 A
14222500 1996 6 7 6986.8112 A
14222500 1996 6 8 6758.9923 A
14222500 1996 6 9 6957.3611 A
14222500 1996 6 10 6951.5844 A
14222500 1996 6 11 6976.9777 A
14222500 1996 6 12 6875.1246 A
14222500 1996 6 13 6861.2249 A
14222500 1996 6 14 6893.7284 A
14222500 1996 6 15 6861.8701 A
14222500 1996 6 16 7048.0535 A
14222500 1996 6 17 6907.0971 A
14222500 1996 6 18 7036.6764 A
14222500 1996 6 19 6922.2922 A
14222500 1996 6 20 7110.2021 A
14222500 1996 6 21 6976.4261 A
14222500 1996 6 22 7039.4239 A
14222500 1996 6 23 6976.4858 A
14222500 1996 6 24 7096.0275 A
14222500 1996 6 25 7071.6833 A
14222500 1996 6 26 7124.3179 A
14222500 1996 6 27 7377.8929 A
14222500 1996 6 28 7115.9466 A
14222500 1996 6 29 7092.2116 A
14222500 1996 6 30 7186.4018 A
14222500 1996 7 1 7131.9978 A
14222500 1996 7 2 7145.3103 A
14222500 1996 7 3 7171.3595 A
14222500 1996 7 4 7581.3860 A
14222500 1996 7 5 7247.9955 A
14222500 1996 7 6 7423.1887 A
14222500 1996 7 7 7294.1649 A
14222500 1996 7 8 7353.0171 A
14222500 1996 7 9 7291.5490 A
14222500 1996 7 10 7338.0726 A
14222500 1996 7 11 7294.0013 A
14222500 1996 7 12 7448.4032 A
14222500 1996 7 13 7329.2764 A
14222500 1996 7 14 7328.8533 A
14222500 1996 7 15 7384.6577 A
14222500 1996 7 16 7440.4408 A
14222500 1996 7 17 7398.8899 A
14222500 1996 7 18 7348.7845 A
14222500 1996 7 19 7562.3810 A
14222500 1996 7 20 7429.9609 A
14222500 1996 7 21 7446.1423 A
14222500 1996 7 22 7465.5136 A
14222500 1996 7 23 7676.4344 A
14222500 1996 7 24 7451.4492 A
14222500 1996 7 25 7611.2368 A
14222500 1996 7 26 7456.9731 A
14222500 1996 7 27 7561.5444 A
14222500 1996 7 28 7500.3452 A
14222500 1996 7 29 7678.8875 A
14222500 1996 7 30 7603.7160 A
14222500 1996 7 31 7530.6921 A
14222500 1996 8 1 7631.2928 A
14222500 1996 8 2 7613.2381 A
14222500 1996 8 3 7573.8504 A
14222500 1996 8 4 7841.1977 A
14222500 1996 8 5 7654.4915 A
14222500 1996 8 6 7665.4251 A
14222500 1996 8 7 7652.2205 A
14222500 1996 8 8 7692.4339 A
14222500 1996 8 9 7623.6741 A
14222500 1996 8 10 7648.7945 A
14222500 1996 8 11 7684.9175 A
14222500 1996 8 12 7641.2696 A
14222500 1996 8 13 7669.4871 A
14222500 1996 8 14 7648.2419 A
14222500 1996 8 15 7645.7274 A
14222500 1996 8 16 7806.3843 A
14222500 1996 8 17 7744.6554 A
14222500 1996 8 18 7853.5453 A
14222500 1996 8 19 7703.1247 A
14222500 1996 8 20 7823.8778 A
14222500 1996 8 21 7843.6735 A
14222500 1996 8 22 7748.2380 A
14222500 1996 8 23 7757.7061 A
14222500 1996 8 24 7814.1577 A
14222500 1996 8 25 7776.7456 A
14222500 1996 8 26 7748.3374 A
14222500 1996 8 27 8042.8993 A
14222500 1996 8 28 7811.3862 A
14222500 1996 8 29 7788.5986 A
14222500 1996 8 30 7817.6810 A
14222500 1996 8 31 7843.6021 A
14222500 1996 9 1 7831.6119 A
14222500 1996 9 2 7813.6280 A
14222500 1996 9 3 7827.6543 A
14222500 1996 9 4 7811.5489 A
14222500 1996 9 5 7859.2544 A
14222500 1996 9 6 7813.8172 A
14222500 1996 9 7 7822.6665 A
14222500 1996 9 8 7844.6108 A
14222500 1996 9 9 7865.6332 A
14222500 1996 9 10 8129.8171 A
14222500 1996 9 11 7876.6420 A
14222500 1996 9 12 7958.8024 A
14222500 1996 9 13 7983.9471 A
14222500 1996 9 14 7943.1142 A
14222500 1996 9 15 8009.7814 A
14222500 1996 9 16 7981.7789 A
14222500 1996 9 17 7999.3851 A
14222500 1996 9 18 7950.0682 A
14222500 1996 9 19 8175.2810 A
14222500 1996 9 20 8063.5910 A
14222500 1996 9 21 7993.1640 A
14222500 1996 9 22 7992.6040 A
14222500 1996 9 23 8021.8876 A
14222500 1996 9 24 8017.4252 A
14222500 1996 9 25 8076.8273 A
14222500 1996 9 26 8059.3650 A
14222500 1996 9 27 7977.7932 A
14222500 1996 9 28 8117.3173 A
14222500 1996 9 29 8130.6368 A
14222500 1996 9 30 8091.4215 A
14222500 1996 10 1 8127.0682 A
14222500 1996 10 2 8077.7724 A
14222500 1996 10 3 8075.9678 A
14222500 1996 10 4 8076.1839 A
14222500 1996 10 5 8180.0699 A
14222500 1996 10 6 8086.4996 A
14222500 1996 10 7 8100.4565 A
14222500 1996 10 8 8055.6668 A
14222500 1996 10 9 8074.4633 A
14222500 1996 10 10 8072.8608 A
14222500 1996 10 11 8108.1738 A
14222500 1996 10 12 8145.1912 A
14222500 1996 10 13 8072.7755 A
14222500 1996 10 14 8113.0432 A
14222500 1996 10 15 8089.3612 A
14222500 1996 10 16 8062.2249 A
14222500 1996 10 17 8137.7587 A
14222500 1996 10 18 8078.5171 A
14222500 1996 10 19 8115.3607 A
14222500 1996 10 20 8074.5532 A
14222500 1996 10 21 8136.1786 A
14222500 1996 10 22 8129.0657 A
14222500 1996 10 23 8099.2377 A
14222500 1996 10 24 8095.5631 A
14222500 1996 10 25 8122.5428 A
14222500 1996 10 26 8125.1407 A
14222500 1996 10 27 8124.5386 A
14222500 1996 10 28 8077.3343 A
14222500 1996 10 29 8094.2925 A
14222500 1996 10 30 8101.8974 A
14222500 1996 10 31 8173.5904 A
14222500 1996 11 1 8133.4617 A
14222500 1996 11 2 8128.1863 A
14222500 1996 11 3 8108.1485 A
14222500 1996 11 4 8105.3333 A
14222500 1996 11 5 8102.8695 A
14222500 1996 11 6 8118.4697 A
14222500 1996 11 7 8099.0341 A
14222500 1996 11 8 8092.9981 A
14222500 1996 11 9 8101.9849 A
14222500 1996 11 10 8202.6577 A
14222500 1996 11 11 8128.0942 A
14222500 1996 11 12 8219.6087 A
14222500 1996 11 13 8125.9749 A
14222500 1996 11 14 8112.8202 A
14222500 1996 11 15 8131.6022 A
14222500 1996 11 16 8112.0006 A
14222500 1996 11 17 8153.7698 A
14222500 1996 11 18 8170.7155 A
14222500 1996 11 19 8145.9837 A
14222500 1996 11 20 8159.2345 A
14222500 1996 11 21 8322.9515 A
14222500 1996 11 22 8175.0703 A
14222500 1996 11 23 8230.8880 A
14222500 1996 11 24 8208.1899 A
14222500 1996 11 25 8145.4234 A
14222500 1996 11 26 8162.6871 A
14222500 1996 11 27 8177.5820 A
14222500 1996 11 28 8241.1398 A
14222500 1996 11 29 8214.5176 A
14222500 1996 11 30 8210.0051 A
14222500 1996 12 1 8178.3421 A
14222500 1996 12 2 8166.7520 A
14222500 1996 12 3 8210.4576 A
14222500 1996 12 4 8300.8420 A
14222500 1996 12 5 8296.4767 A
14222500 1996 12 6 8246.4189 A
14222500 1996 12 7 8280.6377 A
14222500 1996 12 8 8283.3596 A
14222500 1996 12 9 8362.2151 A
14222500 1996 12 10 8232.7595 A
14222500 1996 12 11 8259.1388 A
14222500 1996 12 12 8382.7449 A
14222500 1996 12 13 8268.3910 A
14222500 1996 12 14 8293.4073 A
14222500 1996 12 15 8301.1574 A
14222500 1996 12 16 8306.8856 A
14222500 1996 12 17 8428.3683 A
14222500 1996 12 18 8282.4410 A
14222500 1996 12 19 8290.7813 A
14222500 1996 12 20 8287.3316 A
14222500 1996 12 21 8304.3870 A
14222500 1996 12 22 8280.8785 A
14222500 1996 12 23 8306.5927 A
14222500 1996 12 24 8296.6288 A
14222500 1996 12 25 8416.2371 A
14222500 1996 12 26 8338.9149 A
14222500 1996 12 27 8349.0856 A
14222500 1996 12 28 8376.7022 A
14222500 1996 12 29 8341.1444 A
14222500 1996 12 30 8328.2337 A
14222500 1996 12 31 8382.3035 A
14222500 1997 1 1 8324.1922 A
14222500 1997 1 2 8311.9507 A
14222500 1997 1 3 8301.8416 A
14222500 1997 1 4 8306.6205 A
14222500 1997 1 5 8306.3730 A
14222500 1997 1 6 8368.3047 A
14222500 1997 1 7 8299.4195 A
14222500 1997 1 8 8395.5236 A
14222500 1997 1 9 8334.9992 A
14222500 1997 1 10 8347.0947 A
14222500 1997 1 11 8340.2182 A
14222500 1997 1 12 8298.8774 A
14222500 1997 1 13 8394.3160 A
14222500 1997 1 14 8391.1919 A
14222500 1997 1 15 8407.5998 A
14222500 1997 1 16 8355.8903 A
14222500 1997 1 17 8329.1193 A
14222500 1997 1 18 8375.0609 A
14222500 1997 1 19 8342.7753 A
14222500 1997 1 20 8336.4601 A
14222500 1997 1 21 8350.0132 A
14222500 1997 1 22 8486.5476 A
14222500 1997 1 23 8443.5923 A
14222500 1997 1 24 8377.6174 A
14222500 1997 1 25 8408.6649 A
14222500 1997 1 26 8385.7085 A
14222500 1997 1 27 8373.5859 A
14222500 1997 1 28 8380.6848 A
14222500 1997 1 29 8390.0972 A
14222500 1997 1 30 8393.2134 A
14222500 1997 1 31 8428.1370 A
14222500 1997 2 1 8421.5620 A
14222500 1997 2 2 8385.8205 A
14222500 1997 2 3 8397.1836 A
14222500 1997 2 4 8403.1107 A
14222500 1997 2 5 8640.1284 A
14222500 1997 2 6 8506.8237 A
14222500 1997 2 7 8434.7774 A
14222500 1997 2 8 8479.7502 A
14222500 1997 2 9 8590.9683 A
14222500 1997 2 10 8516.9445 A
14222500 1997 2 11 8523.1491 A
14222500 1997 2 12 8476.7714 A
14222500 1997 2 13 8555.4471 A
14222500 1997 2 14 8522.5570 A
14222500 1997 2 15 8578.4222 A
14222500 1997 2 16 8603.6572 A
14222500 1997 2 17 8674.9249 A
14222500 1997 2 18 8657.0999 A
14222500 1997 2 19 8626.0558 A
14222500 1997 2 20 8552.4927 A
14222500 1997 2 21 8589.0349 A
14222500 1997 2 22 8601.8316 A
14222500 1997 2 23 8664.1864 A
14222500 1997 2 24 8655.3103 A
14222500 1997 2 25 8723.3972 A
14222500 1997 2 26 8721.5303 A
14222500 1997 2 27 8736.2650 A
14222500 1997 2 28 8685.1946 A
14222500 1997 3 1 8916.5835 A
14222500 1997 3 2 8821.6773 A
14222500 1997 3 3 8829.6886 A
14222500 1997 3 4 8831.8415 A
14222500 1997 3 5 9009.2289 A
14222500 1997 3 6 9073.6404 A
14222500 1997 3 7 8980.2565 A
14222500 1997 3 8 9018.8474 A
14222500 1997 3 9 8964.9342 A
14222500 1997 3 10 9128.9379 A
14222500 1997 3 11 9128.0950 A
14222500 1997 3 12 9016.0215 A
14222500 1997 3 13 9107.1764 A
14222500 1997 3 14 9015.3714 A
14222500 1997 3 15 9088.6042 A
14222500 1997 3 16 9205.0210 A
14222500 1997 3 17 9103.4596 A
14222500 1997 3 18 9094.8042 A
14222500 1997 3 19 9257.7398 A
14222500 1997 3 20 9229.8503 A
14222500 1997 3 21 9184.8499 A
14222500 1997 3 22 9263.0018 A
14222500 1997 3 23 9326.7792 A
14222500 1997 3 24 9252.4208 A
14222500 1997 3 25 9673.7834 A
14222500 1997 3 26 9525.7231 A
14222500 1997 3 27 9302.0353 A
14222500 1997 3 28 9526.4066 A
14222500 1997 3 29 9406.1178 A
14222500 1997 3 30 9443.4238 A
14222500 1997 3 31 9365.3122 A
14222500 1997 4 1 9417.5460 A
14222500 1997 4 2 9488.0329 A
14222500 1997 4 3 9698.8593 A
14222500 1997 4 4 9723.3684 A
14222500 1997 4 5 9621.2646 A
14222500 1997 4 6 9522.8715 A
14222500 1997 4 7 9591.6554 A
14222500 1997 4 8 9755.0012 A
14222500 1997 4 9 9607.1197 A
14222500 1997 4 10 9577.0344 A
14222500 1997 4 11 9773.1902 A
14222500 1997 4 12 9605.0948 A
14222500 1997 4 13 9715.1185 A
14222500 1997 4 14 9591.4285 A
14222500 1997 4 15 9664.2464 A
14222500 1997 4 16 9659.6814 A
14222500 1997 4 17 9651.7035 A
14222500 1997 4 18 9631.1528 A
14222500 1997 4 19 9650.5554 A
14222500 1997 4 20 9725.6084 A
14222500 1997 4 21 9698.2534 A
14222500 1997 4 22 10161.2919 A
14222500 1997 4 23 9882.1697 A
14222500 1997 4 24 9779.2057 A
14222500 1997 4 25 9864.0352 A
14222500 1997 4 26 9870.6911 A
14222500 1997 4 27 9830.0576 A
14222500 1997 4 28 10271.1364 A
14222500 1997 4 29 10011.2201 A
14222500 1997 4 30 10084.0464 A
14222500 1997 5 1 9942.5704 A
14222500 1997 5 2 10299.4677 A
14222500 1997 5 3 10112.1308 A
14222500 1997 5 4 10031.6416 A
14222500 1997 5 5 10103.2831 A
14222500 1997 5 6 10072.3739 A
14222500 1997 5 7 10240.7296 A
14222500 1997 5 8 10095.6759 A
14222500 1997 5 9 10062.0744 A
14222500 1997 5 10 10191.3959 A
14222500 1997 5 11 10186.8642 A
14222500 1997 5 12 10276.6704 A
14222500 1997 5 13 10421.7456 A
14222500 1997 5 14 10446.5474 A
14222500 1997 5 15 10744.4269 A
14222500 1997 5 16 10683.1938 A
14222500 1997 5 17 10529.7914 A
14222500 1997 5 18 10510.7238 A
14222500 1997 5 19 10503.3571 A
14222500 1997 5 20 10672.4426 A
14222500 1997 5 21 10527.6851 A
14222500 1997 5 22 10544.0462 A
14222500 1997 5 23 10634.9250 A
14222500 1997 5 24 10522.3157 A
14222500 1997 5 25 10533.2858 A
14222500 1997 5 26 10551.8322 A
14222500 1997 5 27 10809.4304 A
14222500 1997 5 28 10602.2529 A
14222500 1997 5 29 10637.8279 A
14222500 1997 5 30 10612.9924 A
14222500 1997 5 31 10647.2454 A
14222500 1997 6 1 10747.2295 A
14222500 1997 6 2 10712.8916 A
14222500 1997 6 3 10729.3473 A
14222500 1997 6 4 10794.0503 A
14222500 1997 6 5 10798.6092 A
14222500 1997 6 6 10848.9868 A
14222500 1997 6 7 10818.3749 A
14222500 1997 6 8 11009.2302 A
14222500 1997 6 9 10790.2105 A
14222500 1997 6 10 10872.7812 A
14222500 1997 6 11 10910.5341 A
14222500 1997 6 12 11169.0054 A
14222500 1997 6 13 10879.4753 A
14222500 1997 6 14 10981.5006 A
14222500 1997 6 15 10995.6055 A
14222500 1997 6 16 10915.7440 A
14222500 1997 6 17 10984.8346 A
14222500 1997 6 18 10968.1528 A
14222500 1997 6 19 10935.3404 A
14222500 1997 6 20 11011.1264 A
14222500 1997 6 21 11055.3355 A
14222500 1997 6 22 11065.1732 A
14222500 1997 6 23 10988.0742 A
14222500 1997 6 24 11010.7617 A
14222500 1997 6 25 11348.9849 A
14222500 1997 6 26 11051.9744 A
14222500 1997 6 27 11054.8725 A
14222500 1997 6 28 11091.1153 A
14222500 1997 6 29 11044.8008 A
14222500 1997 6 30 11589.6840 A
14222500 1997 7 1 11134.6284 A
14222500 1997 7 2 11150.0539 A
14222500 1997 7 3 11162.2822 A
14222500 1997 7 4 11236.5652 A
14222500 1997 7 5 11129.1910 A
14222500 1997 7 6 11841.0784 A
14222500 1997 7 7 11325.0829 A
14222500 1997 7 8 11248.7974 A
14222500 1997 7 9 11619.8439 A
14222500 1997 7 10 11419.7520 A
14222500 1997 7 11 11432.3738 A
14222500 1997 7 12 11348.0597 A
14222500 1997 7 13 11435.2820 A
14222500 1997 7 14 11404.5266 A
14222500 1997 7 15 11336.6540 A
14222500 1997 7 16 11451.1282 A
14222500 1997 7 17 11394.0377 A
14222500 1997 7 18 11416.3037 A
14222500 1997 7 19 11545.1305 A
14222500 1997 7 20 11644.0559 A
14222500 1997 7 21 11589.4083 A
14222500 1997 7 22 11587.6998 A
14222500 1997 7 23 11625.6020 A
14222500 1997 7 24 11519.8490 A
14222500 1997 7 25 11524.5396 A
14222500 1997 7 26 11654.3446 A
14222500 1997 7 27 11658.5697 A
14222500 1997 7 28 11569.4040 A
14222500 1997 7 29 11607.0371 A
14222500 1997 7 30 11565.6480 A
14222500 1997 7 31 11578.9452 A
14222500 1997 8 1 11673.6380 A
14222500 1997 8 2 11672.9571 A
14222500 1997 8 3 11683.5828 A
14222500 1997 8 4 11637.6518 A
14222500 1997 8 5 11703.4349 A
14222500 1997 8 6 11662.5073 A
14222500 1997 8 7 11643.6905 A
14222500 1997 8 8 11742.2289 A
14222500 1997 8 9 11653.4492 A
14222500 1997 8 10 11670.0391 A
14222500 1997 8 11 11848.9294 A
14222500 1997 8 12 11691.9053 A
14222500 1997 8 13 11727.2794 A
14222500 1997 8 14 11654.2994 A
14222500 1997 8 15 11704.9492 A
14222500 1997 8 16 11792.8531 A
14222500 1997 8 17 11875.9811 A
14222500 1997 8 18 11807.6209 A
14222500 1997 8 19 11766.1431 A
14222500 1997 8 20 11922.5375 A
14222500 1997 8 21 11925.0660 A
14222500 1997 8 22 11872.8701 A
14222500 1997 8 23 11819.3259 A
14222500 1997 8 24 11821.7373 A
14222500 1997 8 25 11824.8402 A
14222500 1997 8 26 11816.9429 A
14222500 1997 8 27 11904.6724 A
14222500 1997 8 28 11846.0420 A
14222500 1997 8 29 11838.2604 A
14222500 1997 8 30 11842.6115 A
14222500 1997 8 31 11824.3981 A
14222500 1997 9 1 11862.0184 A
14222500 1997 9 2 11952.8897 A
14222500 1997 9 3 11882.5611 A
14222500 1997 9 4 11875.4980 A
14222500 1997 9 5 11856.9047 A
14222500 1997 9 6 11842.1463 A
14222500 1997 9 7 11895.2205 A
14222500 1997 9 8 11878.8611 A
14222500 1997 9 9 12008.7040 A
14222500 1997 9 10 12103.2322 A
14222500 1997 9 11 11970.4295 A
14222500 1997 9 12 11947.6620 A
14222500 1997 9 13 11940.7663 A
14222500 1997 9 14 12023.0272 A
14222500 1997 9 15 11993.8382 A
14222500 1997 9 16 11973.4531 A
14222500 1997 9 17 12180.8882 A
14222500 1997 9 18 11971.4117 A
14222500 1997 9 19 12040.6569 A
14222500 1997 9 20 11998.4796 A
14222500 1997 9 21 12004.7710 A
14222500 1997 9 22 12019.2154 A
14222500 1997 9 23 12044.4572 A
14222500 1997 9 24 11996.2540 A
14222500 1997 9 25 12107.0616 A
14222500 1997 9 26 12073.2131 A
14222500 1997 9 27 12035.6783 A
14222500 1997 9 28 12008.5124 A
14222500 1997 9 29 12252.6035 A
14222500 1997 9 30 12196.3851 A
14222500 1997 10 1 12072.3430 A
14222500 1997 10 2 12075.2235 A
14222500 1997 10 3 12116.5516 A
14222500 1997 10 4 12101.0275 A
14222500 1997 10 5 12084.0876 A
14222500 1997 10 6 12116.1749 A
14222500 1997 10 7 12150.0574 A
14222500 1997 10 8 12119.1398 A
14222500 1997 10 9 12178.5259 A
14222500 1997 10 10 12080.5856 A
14222500 1997 10 11 12131.1627 A
14222500 1997 10 12 12128.0084 A
14222500 1997 10 13 12144.4688 A
14222500 1997 10 14 12185.3886 A
14222500 1997 10 15 12103.7279 A
14222500 1997 10 16 12175.7997 A
14222500 1997 10 17 12335.5853 A
14222500 1997 10 18 12337.1738 A
14222500 1997 10 19 12178.7854 A
14222500 1997 10 20 12198.4543 A
14222500 1997 10 21 12312.9123 A
14222500 1997 10 22 12206.0506 A
14222500 1997 10 23 12277.1611 A
14222500 1997 10 24 12157.2800 A
14222500 1997 10 25 12187.6965 A
14222500 1997 10 26 12293.9430 A
14222500 1997 10 27 12240.8414 A
14222500 1997 10 28 12211.2792 A
14222500 1997 10 29 12291.5886 A
14222500 1997 10 30 12235.9557 A
14222500 1997 10 31 12229.3645 A
14222500 1997 11 1 12216.9808 A
14222500 1997 11 2 12219.2088 A
14222500 1997 11 3 12288.6943 A
14222500 1997 11 4 12215.2964 A
14222500 1997 11 5 12245.8486 A
14222500 1997 11 6 12221.9094 A
14222500 1997 11 7 12328.5606 A
14222500 1997 11 8 12254.5024 A
14222500 1997 11 9 12282.7961 A
14222500 1997 11 10 12214.2974 A
14222500 1997 11 11 12245.4832 A
14222500 1997 11 12 12236.7477 A
14222500 1997 11 13 12222.9202 A
14222500 1997 11 14 12209.9415 A
14222500 1997 11 15 12194.3600 A
14222500 1997 11 16 12199.9299 A
14222500 1997 11 17 12197.4190 A
14222500 1997 11 18 12225.6021 A
14222500 1997 11 19 12472.4528 A
14222500 1997 11 20 12307.1989 A
14222500 1997 11 21 12286.5213 A
14222500 1997 11 22 12278.1313 A
14222500 1997 11 23 12313.2457 A
14222500 1997 11 24 12271.2306 A
14222500 1997 11 25 12394.8706 A
14222500 1997 11 26 12354.6059 A
14222500 1997 11 27 12299.9757 A
14222500 1997 11 28 12292.6866 A
14222500 1997 11 29 12310.0431 A
14222500 1997 11 30 12316.9430 A
14222500 1997 12 1 12325.5088 A
14222500 1997 12 2 12384.0554 A
14222500 1997 12 3 12411.1216 A
14222500 1997 12 4 12334.9644 A
14222500 1997 12 5 12359.4956 A
14222500 1997 12 6 12292.4297 A
14222500 1997 12 7 12313.0982 A
14222500 1997 12 8 12354.2432 A
14222500 1997 12 9 12349.5692 A
14222500 1997 12 10 12341.4354 A
14222500 1997 12 11 12319.9602 A
14222500 1997 12 12 12328.7567 A
14222500 1997 12 13 12427.0956 A
14222500 1997 12 14 12377.7998 A
14222500 1997 12 15 12383.3324 A
14222500 1997 12 16 12375.2386 A
14222500 1997 12 17 12337.4022 A
14222500 1997 12 18 12332.9478 A
14222500 1997 12 19 12379.5965 A
14222500 1997 12 20 12388.1713 A
14222500 1997 12 21 12336.1535 A
14222500 1997 12 22 12427.2340 A
14222500 1997 12 23 12374.7537 A
14222500 1997 12 24 12369.7379 A
14222500 1997 12 25 12407.1291 A
14222500 1997 12 26 12411.8574 A
14222500 1997 12 27 12374.3099 A
14222500 1997 12 28 12379.3838 A
14222500 1997 12 29 12444.7316 A
14222500 1997 12 30 12354.7966 A
14222500 1997 12 31 12376.6325 A
14222500 1998 1 1 12358.7125 A
14222500 1998 1 2 12435.6788 A
14222500 1998 1 3 12386.2785 A
14222500 1998 1 4 12357.8489 A
14222500 1998 1 5 12409.4556 A
14222500 1998 1 6 12463.2436 A
14222500 1998 1 7 12404.5860 A
14222500 1998 1 8 12435.6287 A
14222500 1998 1 9 12424.0429 A
14222500 1998 1 10 12421.5694 A
14222500 1998 1 11 12461.2740 A
14222500 1998 1 12 12432.7929 A
14222500 1998 1 13 12548.0484 A
14222500 1998 1 14 12433.6602 A
14222500 1998 1 15 12563.1239 A
14222500 1998 1 16 12472.3811 A
14222500 1998 1 17 12457.9949 A
14222500 1998 1 18 12456.4121 A
14222500 1998 1 19 12491.1107 A
14222500 1998 1 20 12429.1436 A
14222500 1998 1 21 12461.4183 A
14222500 1998 1 22 12442.6467 A
14222500 1998 1 23 12473.7965 A
14222500 1998 1 24 12499.5943 A
14222500 1998 1 25 12814.5519 A
14222500 1998 1 26 12565.7119 A
14222500 1998 1 27 12561.3249 A
14222500 1998 1 28 12573.8841 A
14222500 1998 1 29 12571.1706 A
14222500 1998 1 30 12529.6045 A
14222500 1998 1 31 12565.6838 A
14222500 1998 2 1 12539.0656 A
14222500 1998 2 2 12556.1150 A
14222500 1998 2 3 12879.6470 A
14222500 1998 2 4 12606.6962 A
14222500 1998 2 5 12821.3570 A
14222500 1998 2 6 13007.6234 A
14222500 1998 2 7 12686.3825 A
14222500 1998 2 8 12755.3236 A
14222500 1998 2 9 12734.3416 A
14222500 1998 2 10 12745.9038 A
14222500 1998 2 11 12775.0639 A
14222500 1998 2 12 12745.9285 A
14222500 1998 2 13 12769.2224 A
14222500 1998 2 14 12966.9613 A
14222500 1998 2 15 12864.8040 A
14222500 1998 2 16 13055.8588 A
14222500 1998 2 17 12873.6274 A
14222500 1998 2 18 12862.1796 A
14222500 1998 2 19 12842.7911 A
14222500 1998 2 20 12935.7947 A
14222500 1998 2 21 12832.1091 A
14222500 1998 2 22 13115.3556 A
14222500 1998 2 23 12886.1733 A
14222500 1998 2 24 12919.0089 A
14222500 1998 2 25 12909.7647 A
14222500 1998 2 26 12941.1535 A
14222500 1998 2 27 12950.7688 A
14222500 1998 2 28 13064.5262 A
14222500 1998 3 1 13004.8757 A
14222500 1998 3 2 13066.9829 A
14222500 1998 3 3 13203.9518 A
14222500 1998 3 4 13045.7144 A
14222500 1998 3 5 13109.8052 A
14222500 1998 3 6 13077.8846 A
14222500 1998 3 7 13104.7800 A
14222500 1998 3 8 13088.1326 A
14222500 1998 3 9 13323.3702 A
14222500 1998 3 10 13236.3713 A
14222500 1998 3 11 13339.7182 A
14222500 1998 3 12 13260.1243 A
14222500 1998 3 13 13206.0658 A
14222500 1998 3 14 13282.0477 A
14222500 1998 3 15 13498.5711 A
14222500 1998 3 16 13340.9382 A
14222500 1998 3 17 13577.0385 A
14222500 1998 3 18 13590.3142 A
14222500 1998 3 19 13622.0943 A
14222500 1998 3 20 13539.0327 A
14222500 1998 3 21 13589.1527 A
14222500 1998 3 22 13666.9000 A
14222500 1998 3 23 13761.5714 A
14222500 1998 3 24 13753.2190 A
14222500 1998 3 25 13694.6309 A
14222500 1998 3 26 13699.8416 A
14222500 1998 3 27 13763.8614 A
14222500 1998 3 28 13739.7416 A
14222500 1998 3 29 14117.9706 A
14222500 1998 3 30 13923.4428 A
14222500 1998 3 31 13911.4516 A
14222500 1998 4 1 13834.2292 A
14222500 1998 4 2 13790.6594 A
14222500 1998 4 3 13794.8753 A
14222500 1998 4 4 14253.5989 A
14222500 1998 4 5 13916.9331 A
14222500 1998 4 6 14002.8842 A
14222500 1998 4 7 13929.5835 A
14222500 1998 4 8 13899.4032 A
14222500 1998 4 9 13958.0874 A
14222500 1998 4 10 14163.7096 A
14222500 1998 4 11 13968.8237 A
14222500 1998 4 12 13954.2301 A
14222500 1998 4 13 13975.6576 A
14222500 1998 4 14 14071.3699 A
14222500 1998 4 15 13993.8312 A
14222500 1998 4 16 14103.5973 A
14222500 1998 4 17 14064.9600 A
14222500 1998 4 18 14009.9677 A
14222500 1998 4 19 14571.1609 A
14222500 1998 4 20 14134.5366 A
14222500 1998 4 21 14130.3708 A
14222500 1998 4 22 14195.7284 A
14222500 1998 4 23 14220.3184 A
14222500 1998 4 24 14203.6475 A
14222500 1998 4 25 14245.2695 A
14222500 1998 4 26 14453.2710 A
14222500 1998 4 27 14419.4656 A
14222500 1998 4 28 14301.6936 A
14222500 1998 4 29 14556.5442 A
14222500 1998 4 30 14325.3278 A
14222500 1998 5 1 14336.5208 A
14222500 1998 5 2 14626.4860 A
14222500 1998 5 3 14869.3085 A
14222500 1998 5 4 14503.9372 A
14222500 1998 5 5 14579.1277 A
14222500 1998 5 6 14505.2596 A
14222500 1998 5 7 14480.6601 A
14222500 1998 5 8 14610.6379 A
14222500 1998 5 9 14533.4348 A
14222500 1998 5 10 14505.9812 A
14222500 1998 5 11 14677.0278 A
14222500 1998 5 12 14735.5605 A
14222500 1998 5 13 14832.7234 A
14222500 1998 5 14 14629.2138 A
14222500 1998 5 15 14673.7139 A
14222500 1998 5 16 14615.8836 A
14222500 1998 5 17 14635.5620 A
14222500 1998 5 18 14832.4203 A
14222500 1998 5 19 14763.4872 A
14222500 1998 5 20 14743.6791 A
14222500 1998 5 21 14932.2113 A
14222500 1998 5 22 14794.0192 A
14222500 1998 5 23 14744.2141 A
14222500 1998 5 24 14729.4443 A
14222500 1998 5 25 14810.7040 A
14222500 1998 5 26 14748.7488 A
14222500 1998 5 27 14789.4627 A
14222500 1998 5 28 14820.4640 A
14222500 1998 5 29 14997.3243 A
14222500 1998 5 30 14805.2209 A
14222500 1998 5 31 14925.6806 A
14222500 1998 6 1 14934.3376 A
14222500 1998 6 2 14963.1075 A
14222500 1998 6 3 14970.3258 A
14222500 1998 6 4 14943.6139 A
14222500 1998 6 5 15046.8022 A
14222500 1998 6 6 15063.5677 A
14222500 1998 6 7 15209.6251 A
14222500 1998 6 8 15629.0676 A
14222500 1998 6 9 15569.2401 A
14222500 1998 6 10 15200.6179 A
14222500 1998 6 11 15254.0561 A
14222500 1998 6 12 15249.3006 A
14222500 1998 6 13 15623.6327 A
14222500 1998 6 14 15713.5804 A
14222500 1998 6 15 15579.9012 A
14222500 1998 6 16 15485.0708 A
14222500 1998 6 17 15482.2561 A
14222500 1998 6 18 15682.5937 A
14222500 1998 6 19 15494.7846 A
14222500 1998 6 20 15658.8848 A
14222500 1998 6 21 15515.6921 A
14222500 1998 6 22 15854.2298 A
14222500 1998 6 23 15730.6545 A
14222500 1998 6 24 15674.2275 A
14222500 1998 6 25 15652.1542 A
14222500 1998 6 26 15626.1783 A
14222500 1998 6 27 15686.8612 A
14222500 1998 6 28 16007.9453 A
14222500 1998 6 29 15749.2411 A
14222500 1998 6 30 15700.7504 A
14222500 1998 7 1 15686.8842 A
14222500 1998 7 2 15692.8007 A
14222500 1998 7 3 15804.3149 A
14222500 1998 7 4 15732.4849 A
14222500 1998 7 5 15746.0448 A
14222500 1998 7 6 15930.6259 A
14222500 1998 7 7 15788.2845 A
14222500 1998 7 8 16001.5726 A
14222500 1998 7 9 15837.2206 A
14222500 1998 7 10 15895.9530 A
14222500 1998 7 11 15868.4969 A
14222500 1998 7 12 15863.7890 A
14222500 1998 7 13 15896.8516 A
14222500 1998 7 14 16131.6915 A
14222500 1998 7 15 15964.5877 A
14222500 1998 7 16 16104.2375 A
14222500 1998 7 17 16013.2959 A
14222500 1998 7 18 15933.1120 A
14222500 1998 7 19 15975.9766 A
14222500 1998 7 20 15949.0381 A
14222500 1998 7 21 15955.3877 A
14222500 1998 7 22 16044.1192 A
14222500 1998 7 23 15998.5016 A
14222500 1998 7 24 15929.9219 A
14222500 1998 7 25 15952.8297 A
14222500 1998 7 26 16075.2340 A
14222500 1998 7 27 15981.9538 A
14222500 1998 7 28 16008.4347 A
14222500 1998 7 29 16036.7258 A
14222500 1998 7 30 16272.3042 A
14222500 1998 7 31 16366.4278 A
14222500 1998 8 1 16141.5169 A
14222500 1998 8 2 16197.4783 A
14222500 1998 8 3 16154.2327 A
14222500 1998 8 4 16250.6164 A
14222500 1998 8 5 16129.9267 A
14222500 1998 8 6 16178.8560 A
14222500 1998 8 7 16213.4222 A
14222500 1998 8 8 16236.0284 A
14222500 1998 8 9 16204.0377 A
14222500 1998 8 10 16401.4211 A
14222500 1998 8 11 16332.7906 A
14222500 1998 8 12 16317.4213 A
14222500 1998 8 13 16253.2376 A
14222500 1998 8 14 16276.6864 A
14222500 1998 8 15 16461.0743 A
14222500 1998 8 16 16285.2080 A
14222500 1998 8 17 16320.7162 A
14222500 1998 8 18 16265.4337 A
14222500 1998 8 19 16323.0858 A
14222500 1998 8 20 16416.8156 A
14222500 1998 8 21 16424.1191 A
14222500 1998 8 22 16642.9518 A
14222500 1998 8 23 16401.3616 A
14222500 1998 8 24 16518.5273 A
14222500 1998 8 25 16446.4996 A
14222500 1998 8 26 16546.6600 A
14222500 1998 8 27 16458.0231 A
14222500 1998 8 28 16436.5282 A
14222500 1998 8 29 16667.9788 A
14222500 1998 8 30 16622.8519 A
14222500 1998 8 31 16539.4181 A
14222500 1998 9 1 16524.1328 A
14222500 1998 9 2 16535.9992 A
14222500 1998 9 3 16602.2900 A
14222500 1998 9 4 16645.4403 A
14222500 1998 9 5 16609.3324 A
14222500 1998 9 6 16632.7544 A
14222500 1998 9 7 16557.1488 A
14222500 1998 9 8 16555.0876 A
14222500 1998 9 9 16546.2141 A
14222500 1998 9 10 16609.4051 A
14222500 1998 9 11 16578.8829 A
14222500 1998 9 12 16583.0861 A
14222500 1998 9 13 16588.9884 A
14222500 1998 9 14 16685.0285 A
14222500 1998 9 15 16579.3190 A
14222500 1998 9 16 16601.7455 A
14222500 1998 9 17 16638.7723 A
14222500 1998 9 18 16575.4336 A
14222500 1998 9 19 16657.0096 A
14222500 1998 9 20 16674.1649 A
14222500 1998 9 21 16632.5890 A
14222500 1998 9 22 16632.2809 A
14222500 1998 9 23 16914.2377 A
14222500 1998 9 24 16711.8458 A
14222500 1998 9 25 16658.0394 A
14222500 1998 9 26 16666.6384 A
14222500 1998 9 27 16689.1244 A
14222500 1998 9 28 16657.4721 A
14222500 1998 9 29 16671.8510 A
14222500 1998 9 30 16659.0175 A
14222500 1998 10 1 16656.4182 A
14222500 1998 10 2 16676.0080 A
14222500 1998 10 3 16723.8991 A
14222500 1998 10 4 16887.6414 A
14222500 1998 10 5 16685.1327 A
14222500 1998 10 6 16734.8577 A
14222500 1998 10 7 16722.5053 A
14222500 1998 10 8 16747.0180 A
14222500 1998 10 9 16711.3547 A
14222500 1998 10 10 16775.8562 A
14222500 1998 10 11 16811.4143 A
14222500 1998 10 12 16796.6748 A
14222500 1998 10 13 16713.2350 A
14222500 1998 10 14 16870.2399 A
14222500 1998 10 15 16799.5963 A
14222500 1998 10 16 16882.4163 A
14222500 1998 10 17 16784.7059 A
14222500 1998 10 18 16780.5549 A
14222500 1998 10 19 16784.5891 A
14222500 1998 10 20 16771.1375 A
14222500 1998 10 21 16839.4289 A
14222500 1998 10 22 16763.8946 A
14222500 1998 10 23 16850.3047 A
14222500 1998 10 24 16778.4616 A
14222500 1998 10 25 16774.1451 A
14222500 1998 10 26 16857.2148 A
14222500 1998 10 27 16793.2785 A
14222500 1998 10 28 16822.8744 A
14222500 1998 10 29 16802.3459 A
14222500 1998 10 30 16780.9095 A
14222500 1998 10 31 16831.8844 A
14222500 1998 11 1 16785.5445 A
14222500 1998 11 2 16905.6658 A
14222500 1998 11 3 16847.1037 A
14222500 1998 11 4 16870.9487 A
14222500 1998 11 5 16835.7196 A
14222500 1998 11 6 16814.1156 A
14222500 1998 11 7 16904.0925 A
14222500 1998 11 8 16828.0587 A
14222500 1998 11 9 16873.5858 A
14222500 1998 11 10 16837.5028 A
14222500 1998 11 11 16938.8852 A
14222500 1998 11 12 16824.7521 A
14222500 1998 11 13 17018.2810 A
14222500 1998 11 14 16888.8979 A
14222500 1998 11 15 16872.7752 A
14222500 1998 11 16 16879.5740 A
14222500 1998 11 17 16886.3762 A
14222500 1998 11 18 16901.6206 A
14222500 1998 11 19 17094.1508 A
14222500 1998 11 20 16912.6993 A
14222500 1998 11 21 16924.9362 A
14222500 1998 11 22 16910.4570 A
14222500 1998 11 23 16879.0695 A
14222500 1998 11 24 16996.6903 A
14222500 1998 11 25 16932.1146 A
14222500 1998 11 26 16943.3127 A
14222500 1998 11 27 17012.6374 A
14222500 1998 11 28 16964.5493 A
14222500 1998 11 29 16935.0244 A
14222500 1998 11 30 17018.9193 A
14222500 1998 12 1 17006.1218 A
14222500 1998 12 2 16986.6619 A
14222500 1998 12 3 17078.6803 A
14222500 1998 12 4 17077.0336 A
14222500 1998 12 5 16982.3785 A
14222500 1998 12 6 17110.5526 A
14222500 1998 12 7 17023.7168 A
14222500 1998 12 8 17037.1325 A
14222500 1998 12 9 17017.1489 A
14222500 1998 12 10 17119.2981 A
14222500 1998 12 11 17045.7620 A
14222500 1998 12 12 17057.7848 A
14222500 1998 12 13 17081.6327 A
14222500 1998 12 14 17223.4405 A
14222500 1998 12 15 17082.4419 A
14222500 1998 12 16 17085.9735 A
14222500 1998 12 17 17075.7658 A
14222500 1998 12 18 17131.6041 A
14222500 1998 12 19 17189.2992 A
14222500 1998 12 20 17233.0168 A
14222500 1998 12 21 17201.4625 A
14222500 1998 12 22 17122.3649 A
14222500 1998 12 23 17211.8361 A
14222500 1998 12 24 17168.9155 A
14222500 1998 12 25 17140.6473 A
14222500 1998 12 26 17160.0243 A
14222500 1998 12 27 17205.0025 A
14222500 1998 12 28 17176.2576 A
14222500 1998 12 29 17140.3601 A
14222500 1998 12 30 17149.7502 A
14222500 1998 12 31 17271.4113 A
14222500 1999 1 1 17180.6596 A
14222500 1999 1 2 17184.5116 A
14222500 1999 1 3 17143.6989 A
14222500 1999 1 4 17183.9418 A
14222500 1999 1 5 17176.5397 A
14222500 1999 1 6 17346.8782 A
14222500 1999 1 7 17260.7452 A
14222500 1999 1 8 17199.1910 A
14222500 1999 1 9 17174.8856 A
14222500 1999 1 10 17288.5584 A
14222500 1999 1 11 17320.2318 A
14222500 1999 1 12 17290.9221 A
14222500 1999 1 13 17294.1313 A
14222500 1999 1 14 17258.1381 A
14222500 1999 1 15 17267.0187 A
14222500 1999 1 16 17280.1670 A
14222500 1999 1 17 17222.8059 A
14222500 1999 1 18 17240.7250 A
14222500 1999 1 19 17239.1737 A
14222500 1999 1 20 17224.7880 A
14222500 1999 1 21 17260.5233 A
14222500 1999 1 22 17281.2741 A
14222500 1999 1 23 17342.7281 A
14222500 1999 1 24 17393.4806 A
14222500 1999 1 25 17286.1677 A
14222500 1999 1 26 17427.5932 A
14222500 1999 1 27 17367.2287 A
14222500 1999 1 28 17291.8241 A
14222500 1999 1 29 17289.8153 A
14222500 1999 1 30 17421.0094 A
14222500 1999 1 31 17352.4576 A
14222500 1999 2 1 17365.2028 A
14222500 1999 2 2 17326.4572 A
14222500 1999 2 3 17387.0663 A
14222500 1999 2 4 17398.1033 A
14222500 1999 2 5 17366.7159 A
14222500 1999 2 6 17377.0214 A
14222500 1999 2 7 17638.4962 A
14222500 1999 2 8 17762.2619 A
14222500 1999 2 9 17550.1683 A
14222500 1999 2 10 17616.8713 A
14222500 1999 2 11 17476.0926 A
14222500 1999 2 12 17537.4655 A
14222500 1999 2 13 17587.5482 A
14222500 1999 2 14 17529.8180 A
14222500 1999 2 15 17514.0321 A
14222500 1999 2 16 17567.2363 A
14222500 1999 2 17 17701.1101 A
14222500 1999 2 18 17627.0186 A
14222500 1999 2 19 17798.6340 A
14222500 1999 2 20 17593.8421 A
14222500 1999 2 21 17858.3436 A
14222500 1999 2 22 17646.3066 A
14222500 1999 2 23 17864.5597 A
14222500 1999 2 24 17716.4181 A
14222500 1999 2 25 17734.1124 A
14222500 1999 2 26 17743.8285 A
14222500 1999 2 27 17821.9156 A
14222500 1999 2 28 17719.0525 A
14222500 1999 3 1 17734.5749 A
14222500 1999 3 2 17746.4573 A
14222500 1999 3 3 17749.1253 A
14222500 1999 3 4 17850.9510 A
14222500 1999 3 5 17863.7196 A
14222500 1999 3 6 18053.0432 A
14222500 1999 3 7 17867.1692 A
14222500 1999 3 8 18010.8821 A
14222500 1999 3 9 17923.9075 A
14222500 1999 3 10 17911.8046 A
14222500 1999 3 11 17988.3150 A
14222500 1999 3 12 18044.1267 A
14222500 1999 3 13 18046.8006 A
14222500 1999 3 14 18028.3601 A
14222500 1999 3 15 18123.9714 A
14222500 1999 3 16 18117.9455 A
14222500 1999 3 17 18040.1066 A
14222500 1999 3 18 18809.1999 A
14222500 1999 3 19 18267.0776 A
14222500 1999 3 20 18295.0270 A
14222500 1999 3 21 18355.8090 A
14222500 1999 3 22 18369.3301 A
14222500 1999 3 23 18446.3578 A
14222500 1999 3 24 18397.7091 A
14222500 1999 3 25 18550.9594 A
14222500 1999 3 26 18603.7164 A
14222500 1999 3 27 18572.3116 A
14222500 1999 3 28 18562.1994 A
14222500 1999 3 29 18541.4035 A
14222500 1999 3 30 18528.4874 A
14222500 1999 3 31 18571.1782 A
14222500 1999 4 1 18547.8605 A
14222500 1999 4 2 18798.0664 A
14222500 1999 4 3 18575.6559 A
14222500 1999 4 4 18707.0644 A
14222500 1999 4 5 18685.3084 A
14222500 1999 4 6 18610.5240 A
14222500 1999 4 7 18640.2103 A
14222500 1999 4 8 18684.5190 A
14222500 1999 4 9 18715.7126 A
14222500 1999 4 10 18855.0649 A
14222500 1999 4 11 18681.4423 A
14222500 1999 4 12 18929.4822 A
14222500 1999 4 13 19081.2415 A
14222500 1999 4 14 18882.7806 A
14222500 1999 4 15 18848.3809 A
14222500 1999 4 16 19260.8205 A
14222500 1999 4 17 19158.0060 A
14222500 1999 4 18 18959.2481 A
14222500 1999 4 19 19119.7934 A
14222500 1999 4 20 18983.7096 A
14222500 1999 4 21 19164.9794 A
14222500 1999 4 22 18980.4369 A
14222500 1999 4 23 19057.9055 A
14222500 1999 4 24 19031.9624 A
14222500 1999 4 25 19205.5983 A
14222500 1999 4 26 19033.7249 A
14222500 1999 4 27 19221.0601 A
14222500 1999 4 28 19094.4905 A
14222500 1999 4 29 19293.2038 A
14222500 1999 4 30 19405.5559 A
14222500 1999 5 1 19185.8660 A
14222500 1999 5 2 19263.3533 A
14222500 1999 5 3 19798.1005 A
14222500 1999 5 4 19289.4639 A
14222500 1999 5 5 19276.4372 A
14222500 1999 5 6 19551.0327 A
14222500 1999 5 7 19606.6055 A
14222500 1999 5 8 19926.2197 A
14222500 1999 5 9 19481.0781 A
14222500 1999 5 10 19638.2461 A
14222500 1999 5 11 19520.8987 A
14222500 1999 5 12 19710.4174 A
14222500 1999 5 13 19605.9838 A
14222500 1999 5 14 19556.6451 A
14222500 1999 5 15 19552.4330 A
14222500 1999 5 16 19608.6596 A
14222500 1999 5 17 19558.6188 A
14222500 1999 5 18 19640.4000 A
14222500 1999 5 19 19881.1187 A
14222500 1999 5 20 19766.2682 A
14222500 1999 5 21 19683.5755 A
14222500 1999 5 22 19866.2490 A
14222500 1999 5 23 19740.0689 A
14222500 1999 5 24 19761.5446 A
14222500 1999 5 25 19771.5948 A
14222500 1999 5 26 19931.4067 A
14222500 1999 5 27 19789.8407 A
14222500 1999 5 28 19765.9466 A
14222500 1999 5 29 19905.7995 A
14222500 1999 5 30 20077.1046 A
14222500 1999 5 31 19866.3972 A
14222500 1999 6 1 19876.2354 A
14222500 1999 6 2 19875.8598 A
14222500 1999 6 3 19855.1188 A
14222500 1999 6 4 20002.1943 A
14222500 1999 6 5 19869.1633 A
14222500 1999 6 6 19905.7425 A
14222500 1999 6 7 20104.9205 A
14222500 1999 6 8 19985.1397 A
14222500 1999 6 9 19896.8845 A
14222500 1999 6 10 20288.1671 A
14222500 1999 6 11 20275.8860 A
14222500 1999 6 12 20352.9681 A
14222500 1999 6 13 20178.8252 A
14222500 1999 6 14 20140.1852 A
14222500 1999 6 15 20124.1378 A
14222500 1999 6 16 20121.3175 A
14222500 1999 6 17 20111.9770 A
14222500 1999 6 18 20107.2850 A
14222500 1999 6 19 20148.7592 A
14222500 1999 6 20 20219.8064 A
14222500 1999 6 21 20197.9958 A
14222500 1999 6 22 20354.3440 A
14222500 1999 6 23 20183.9096 A
14222500 1999 6 24 20306.4834 A
14222500 1999 6 25 20278.3585 A
14222500 1999 6 26 20246.8076 A
14222500 1999 6 27 20276.4367 A
14222500 1999 6 28 20470.8998 A
14222500 1999 6 29 20503.5293 A
14222500 1999 6 30 20473.2193 A
14222500 1999 7 1 20332.2843 A
14222500 1999 7 2 20640.7043 A
14222500 1999 7 3 20397.9897 A
14222500 1999 7 4 20377.8841 A
14222500 1999 7 5 20414.0528 A
14222500 1999 7 6 20471.5990 A
14222500 1999 7 7 20417.1943 A
14222500 1999 7 8 20639.6427 A
14222500 1999 7 9 20531.9966 A
14222500 1999 7 10 20549.0017 A
14222500 1999 7 11 20566.5623 A
14222500 1999 7 12 20718.6035 A
14222500 1999 7 13 20571.3959 A
14222500 1999 7 14 20536.1326 A
14222500 1999 7 15 20653.2703 A
14222500 1999 7 16 20743.3743 A
14222500 1999 7 17 20613.0071 A
14222500 1999 7 18 20626.3062 A
14222500 1999 7 19 20647.1091 A
14222500 1999 7 20 20609.9052 A
14222500 1999 7 21 20588.8952 A
14222500 1999 7 22 20599.5302 A
14222500 1999 7 23 20603.5858 A
14222500 1999 7 24 20680.4647 A
14222500 1999 7 25 20658.9717 A
14222500 1999 7 26 20771.5352 A
14222500 1999 7 27 20660.6426 A
14222500 1999 7 28 20664.4792 A
14222500 1999 7 29 20802.1231 A
14222500 1999 7 30 20801.6221 A
14222500 1999 7 31 20677.6225 A
14222500 1999 8 1 20726.8119 A
14222500 1999 8 2 20792.3582 A
14222500 1999 8 3 20759.9457 A
14222500 1999 8 4 20730.1852 A
14222500 1999 8 5 20728.9388 A
14222500 1999 8 6 20864.3902 A
14222500 1999 8 7 20739.6189 A
14222500 1999 8 8 21070.7655 A
14222500 1999 8 9 20823.0550 A
14222500 1999 8 10 20791.8092 A
14222500 1999 8 11 20815.6257 A
14222500 1999 8 12 20796.0621 A
14222500 1999 8 13 20799.5013 A
14222500 1999 8 14 20782.5491 A
14222500 1999 8 15 20907.6086 A
14222500 1999 8 16 20813.9140 A
14222500 1999 8 17 20927.5716 A
14222500 1999 8 18 20879.0753 A
14222500 1999 8 19 20892.6354 A
14222500 1999 8 20 20927.6044 A
14222500 1999 8 21 20884.9679 A
14222500 1999 8 22 20840.7308 A
14222500 1999 8 23 20949.4755 A
14222500 1999 8 24 20919.6460 A
14222500 1999 8 25 21033.8240 A
14222500 1999 8 26 21025.0989 A
14222500 1999 8 27 20950.0403 A
14222500 1999 8 28 21010.1403 A
14222500 1999 8 29 20927.7506 A
14222500 1999 8 30 21036.8244 A
14222500 1999 8 31 21058.1728 A
14222500 1999 9 1 20963.3957 A
14222500 1999 9 2 20976.7512 A
14222500 1999 9 3 20957.7966 A
14222500 1999 9 4 21092.0008 A
14222500 1999 9 5 20993.4094 A
14222500 1999 9 6 21045.4838 A
14222500 1999 9 7 21041.3618 A
14222500 1999 9 8 21042.7011 A
14222500 1999 9 9 20984.7233 A
14222500 1999 9 10 20999.0709 A
14222500 1999 9 11 21111.2904 A
14222500 1999 9 12 21010.6837 A
14222500 1999 9 13 21034.1060 A
14222500 1999 9 14 21027.2689 A
14222500 1999 9 15 21087.4575 A
14222500 1999 9 16 21306.9894 A
14222500 1999 9 17 21120.3918 A
14222500 1999 9 18 21201.5006 A
14222500 1999 9 19 21161.6357 A
14222500 1999 9 20 21098.6709 A
14222500 1999 9 21 21164.9495 A
14222500 1999 9 22 21279.0229 A
14222500 1999 9 23 21253.3581 A
14222500 1999 9 24 21170.2539 A
14222500 1999 9 25 21229.9870 A
14222500 1999 9 26 21175.2455 A
14222500 1999 9 27 21192.9059 A
14222500 1999 9 28 21209.1032 A
14222500 1999 9 29 21172.9304 A
14222500 1999 9 30 21177.1098 A
14222500 1999 10 1 21142.0872 A
14222500 1999 10 2 21189.0135 A
14222500 1999 10 3 21166.4758 A
14222500 1999 10 4 21196.8010 A
14222500 1999 10 5 21191.5772 A
14222500 1999 10 6 21308.2410 A
14222500 1999 10 7 21416.2135 A
14222500 1999 10 8 21259.2471 A
14222500 1999 10 9 21257.7608 A
14222500 1999 10 10 21230.5980 A
14222500 1999 10 11 21240.3635 A
14222500 1999 10 12 21268.2013 A
14222500 1999 10 13 21214.3607 A
14222500 1999 10 14 21344.8751 A
14222500 1999 10 15 21303.9160 A
14222500 1999 10 16 21262.9757 A
14222500 1999 10 17 21263.9059 A
14222500 1999 10 18 21267.4670 A
14222500 1999 10 19 21244.2203 A
14222500 1999 10 20 21327.6584 A
14222500 1999 10 21 21254.9430 A
14222500 1999 10 22 21355.6765 A
14222500 1999 10 23 21331.1043 A
14222500 1999 10 24 21342.4263 A
14222500 1999 10 25 21405.0692 A
14222500 1999 10 26 21293.7051 A
14222500 1999 10 27 21389.2275 A
14222500 1999 10 28 21323.4384 A
14222500 1999 10 29 21318.9792 A
14222500 1999 10 30 21322.7880 A
14222500 1999 10 31 21320.3360 A
14222500 1999 11 1 21483.4796 A
14222500 1999 11 2 21371.5131 A
14222500 1999 11 3 21374.8204 A
14222500 1999 11 4 21371.3465 A
14222500 1999 11 5 21317.6557 A
14222500 1999 11 6 21407.9418 A
14222500 1999 11 7 21398.2873 A
14222500 1999 11 8 21333.7329 A
14222500 1999 11 9 21492.5830 A
14222500 1999 11 10 21386.7758 A
14222500 1999 11 11 21387.4300 A
14222500 1999 11 12 21433.8649 A
14222500 1999 11 13 21395.5715 A
14222500 1999 11 14 21361.6655 A
14222500 1999 11 15 21391.7635 A
14222500 1999 11 16 21356.5975 A
14222500 1999 11 17 21491.0861 A
14222500 1999 11 18 21407.8108 A
14222500 1999 11 19 21396.0564 A
14222500 1999 11 20 21467.3426 A
14222500 1999 11 21 21442.5482 A
14222500 1999 11 22 21405.1315 A
14222500 1999 11 23 21425.4387 A
14222500 1999 11 24 21446.5022 A
14222500 1999 11 25 21427.3764 A
14222500 1999 11 26 21557.6151 A
14222500 1999 11 27 21435.9850 A
14222500 1999 11 28 21436.4503 A
14222500 1999 11 29 21441.3226 A
14222500 1999 11 30 21440.6817 A
14222500 1999 12 1 21423.3350 A
14222500 1999 12 2 21438.9598 A
14222500 1999 12 3 21475.3227 A
14222500 1999 12 4 21453.0084 A
14222500 1999 12 5 21419.1282 A
14222500 1999 12 6 21510.0580 A
14222500 1999 12 7 21487.2697 A
14222500 1999 12 8 21449.3603 A
14222500 1999 12 9 21485.0178 A
14222500 1999 12 10 21427.1135 A
14222500 1999 12 11 21507.0646 A
14222500 1999 12 12 21474.4672 A
14222500 1999 12 13 21441.3994 A
14222500 1999 12 14 21548.1296 A
14222500 1999 12 15 21550.3903 A
14222500 1999 12 16 21505.2604 A
14222500 1999 12 17 21491.7210 A
14222500 1999 12 18 21525.2642 A
14222500 1999 12 19 21566.6399 A
14222500 1999 12 20 21496.2568 A
14222500 1999 12 21 21555.6246 A
14222500 1999 12 22 21543.6160 A
14222500 1999 12 23 21535.0125 A
14222500 1999 12 24 21520.8912 A
14222500 1999 12 25 21591.2603 A
14222500 1999 12 26 21557.9564 A
14222500 1999 12 27 21530.7860 A
14222500 1999 12 28 21540.3638 A
14222500 1999 12 29 21578.0844 A
14222500 1999 12 30 21581.3191 A
14222500 1999 12 31 21509.7912 A
14222500 2000 1 1 21545.2004 A
14222500 2000 1 2 21546.4382 A
14222500 2000 1 3 21556.8474 A
14222500 2000 1 4 21641.5618 A
14222500 2000 1 5 21564.1569 A
14222500 2000 1 6 21548.3609 A
14222500 2000 1 7 21564.3087 A
14222500 2000 1 8 21683.3127 A
14222500 2000 1 9 21545.0781 A
14222500 2000 1 10 21604.2264 A
14222500 2000 1 11 21597.4277 A
14222500 2000 1 12 21600.9693 A
14222500 2000 1 13 21619.1011 A
14222500 2000 1 14 21607.8319 A
14222500 2000 1 15 21681.6491 A
14222500 2000 1 16 21687.7933 A
14222500 2000 1 17 21651.7731 A
14222500 2000 1 18 21691.2866 A
14222500 2000 1 19 21642.3626 A
14222500 2000 1 20 21677.9291 A
14222500 2000 1 21 21608.2744 A
14222500 2000 1 22 21796.5875 A
14222500 2000 1 23 21729.5358 A
14222500 2000 1 24 21737.5144 A
14222500 2000 1 25 21719.0898 A
14222500 2000 1 26 21880.5294 A
14222500 2000 1 27 21840.3021 A
14222500 2000 1 28 21708.8347 A
14222500 2000 1 29 21791.3022 A
14222500 2000 1 30 21820.0477 A
14222500 2000 1 31 21963.6311 A
14222500 2000 2 1 21801.8916 A
14222500 2000 2 2 21807.5769 A
14222500 2000 2 3 21833.2340 A
14222500 2000 2 4 21857.4873 A
14222500 2000 2 5 21816.9377 A
14222500 2000 2 6 21789.7848 A
14222500 2000 2 7 21889.8248 A
14222500 2000 2 8 21809.2347 A
14222500 2000 2 9 21916.3167 A
14222500 2000 2 10 21872.8868 A
14222500 2000 2 11 21840.7424 A
14222500 2000 2 12 21929.7099 A
14222500 2000 2 13 21848.9576 A
14222500 2000 2 14 21858.1708 A
14222500 2000 2 15 21947.1113 A
14222500 2000 2 16 21939.3118 A
14222500 2000 2 17 21963.1022 A
14222500 2000 2 18 22005.5031 A
14222500 2000 2 19 22002.5741 A
14222500 2000 2 20 21995.8254 A
14222500 2000 2 21 21945.6236 A
14222500 2000 2 22 22013.6327 A
14222500 2000 2 23 22040.7021 A
14222500 2000 2 24 21992.4336 A
14222500 2000 2 25 22121.1059 A
14222500 2000 2 26 22074.3849 A
14222500 2000 2 27 22049.8671 A
14222500 2000 2 28 22263.1914 A
14222500 2000 2 29 22508.5638 A
14222500 2000 3 1 22137.6330 A
14222500 2000 3 2 22176.8926 A
14222500 2000 3 3 22169.5779 A
14222500 2000 3 4 22296.9693 A
14222500 2000 3 5 22183.1308 A
14222500 2000 3 6 22255.2179 A
14222500 2000 3 7 22228.6838 A
14222500 2000 3 8 22315.5666 A
14222500 2000 3 9 22272.9705 A
14222500 2000 3 10 22379.1869 A
14222500 2000 3 11 22248.7890 A
14222500 2000 3 12 22318.7942 A
14222500 2000 3 13 22274.9084 A
14222500 2000 3 14 22462.3039 A
14222500 2000 3 15 22398.7810 A
14222500 2000 3 16 22468.7702 A
14222500 2000 3 17 22384.1251 A
14222500 2000 3 18 22397.6177 A
14222500 2000 3 19 22447.6006 A
14222500 2000 3 20 22539.9851 A
14222500 2000 3 21 22491.3366 A
14222500 2000 3 22 22667.9495 A
14222500 2000 3 23 22644.8849 A
14222500 2000 3 24 22872.9881 A
14222500 2000 3 25 22556.2205 A
14222500 2000 3 26 22808.3954 A
14222500 2000 3 27 22746.5790 A
14222500 2000 3 28 22665.0392 A
14222500 2000 3 29 22749.4153 A
14222500 2000 3 30 22676.8751 A
14222500 2000 3 31 22648.6638 A
14222500 2000 4 1 22969.2307 A
14222500 2000 4 2 22702.9971 A
14222500 2000 4 3 22727.4188 A
14222500 2000 4 4 22786.5708 A
14222500 2000 4 5 22872.5877 A
14222500 2000 4 6 22957.0563 A
14222500 2000 4 7 22744.4125 A
14222500 2000 4 8 22857.0008 A
14222500 2000 4 9 22819.8605 A
14222500 2000 4 10 22938.1480 A
14222500 2000 4 11 22797.9586 A
14222500 2000 4 12 23019.3036 A
14222500 2000 4 13 22844.9853 A
14222500 2000 4 14 22951.7738 A
14222500 2000 4 15 22990.5691 A
14222500 2000 4 16 22876.2067 A
14222500 2000 4 17 23020.9277 A
14222500 2000 4 18 23084.7736 A
14222500 2000 4 19 22948.9989 A
14222500 2000 4 20 22954.0100 A
14222500 2000 4 21 22956.2437 A
14222500 2000 4 22 23065.0191 A
14222500 2000 4 23 23105.9930 A
14222500 2000 4 24 23291.1431 A
14222500 2000 4 25 23175.2439 A
14222500 2000 4 26 23234.8280 A
14222500 2000 4 27 23180.1115 A
14222500 2000 4 28 23107.1608 A
14222500 2000 4 29 23376.0702 A
14222500 2000 4 30 23162.5554 A
14222500 2000 5 1 23355.9842 A
14222500 2000 5 2 23233.9510 A
14222500 2000 5 3 23323.8572 A
14222500 2000 5 4 23586.3094 A
14222500 2000 5 5 23476.6378 A
14222500 2000 5 6 23440.4917 A
14222500 2000 5 7 23344.8630 A
14222500 2000 5 8 23384.1120 A
14222500 2000 5 9 23340.2557 A
14222500 2000 5 10 23310.7496 A
14222500 2000 5 11 23473.5452 A
14222500 2000 5 12 23485.0568 A
14222500 2000 5 13 23586.5136 A
14222500 2000 5 14 23553.0414 A
14222500 2000 5 15 23452.5149 A
14222500 2000 5 16 23560.3287 A
14222500 2000 5 17 24008.0264 A
14222500 2000 5 18 23851.4525 A
14222500 2000 5 19 23782.9231 A
14222500 2000 5 20 23800.9275 A
14222500 2000 5 21 23717.7597 A
14222500 2000 5 22 23718.3763 A
14222500 2000 5 23 23872.7648 A
14222500 2000 5 24 23783.2101 A
14222500 2000 5 25 23887.6456 A
14222500 2000 5 26 23796.4385 A
14222500 2000 5 27 24023.4958 A
14222500 2000 5 28 23921.2184 A
14222500 2000 5 29 23945.8790 A
14222500 2000 5 30 23901.7815 A
14222500 2000 5 31 23965.9030 A
14222500 2000 6 1 24063.7348 A
14222500 2000 6 2 24042.7039 A
14222500 2000 6 3 24011.9007 A
14222500 2000 6 4 23947.5468 A
14222500 2000 6 5 24077.9120 A
14222500 2000 6 6 24002.3574 A
14222500 2000 6 7 24063.0497 A
14222500 2000 6 8 23971.2838 A
14222500 2000 6 9 23976.1749 A
14222500 2000 6 10 24387.4764 A
14222500 2000 6 11 24149.4989 A
14222500 2000 6 12 24379.2196 A
14222500 2000 6 13 24115.9061 A
14222500 2000 6 14 24229.6497 A
14222500 2000 6 15 24351.3958 A
14222500 2000 6 16 24262.6926 A
14222500 2000 6 17 24303.4520 A
14222500 2000 6 18 24299.7073 A
14222500 2000 6 19 24224.7877 A
14222500 2000 6 20 24486.8079 A
14222500 2000 6 21 24444.7489 A
14222500 2000 6 22 24305.5352 A
14222500 2000 6 23 24319.4420 A
14222500 2000 6 24 24306.1957 A
14222500 2000 6 25 24626.1448 A
14222500 2000 6 26 24885.9111 A
14222500 2000 6 27 24495.4811 A
14222500 2000 6 28 24467.3079 A
14222500 2000 6 29 24516.8966 A
14222500 2000 6 30 24523.4960 A
14222500 2000 7 1 24585.2216 A
14222500 2000 7 2 24679.5360 A
14222500 2000 7 3 24532.7767 A
14222500 2000 7 4 24505.7484 A
14222500 2000 7 5 24760.9190 A
14222500 2000 7 6 24618.5061 A
14222500 2000 7 7 24758.1074 A
14222500 2000 7 8 24763.6051 A
14222500 2000 7 9 24637.6791 A
14222500 2000 7 10 24613.3751 A
14222500 2000 7 11 24636.3504 A
14222500 2000 7 12 24740.1425 A
14222500 2000 7 13 24643.3336 A
14222500 2000 7 14 24677.7379 A
14222500 2000 7 15 24685.5015 A
14222500 2000 7 16 24625.2453 A
14222500 2000 7 17 24706.2795 A
14222500 2000 7 18 24692.6094 A
14222500 2000 7 19 24679.2795 A
14222500 2000 7 20 24730.4032 A
14222500 2000 7 21 24933.6607 A
14222500 2000 7 22 24711.6504 A
14222500 2000 7 23 24813.7529 A
14222500 2000 7 24 24730.7584 A
14222500 2000 7 25 24752.0182 A
14222500 2000 7 26 24850.3646 A
14222500 2000 7 27 24754.5141 A
14222500 2000 7 28 24816.0951 A
14222500 2000 7 29 25143.1968 A
14222500 2000 7 30 24845.2108 A
14222500 2000 7 31 24985.6173 A
14222500 2000 8 1 24919.0525 A
14222500 2000 8 2 24950.2994 A
14222500 2000 8 3 25047.3513 A
14222500 2000 8 4 25065.3356 A
14222500 2000 8 5 25014.6460 A
14222500 2000 8 6 24962.5478 A
14222500 2000 8 7 24973.0100 A
14222500 2000 8 8 24966.4507 A
14222500 2000 8 9 24989.7561 A
14222500 2000 8 10 24968.1546 A
14222500 2000 8 11 25071.8793 A
14222500 2000 8 12 25014.2983 A
14222500 2000 8 13 24978.1329 A
14222500 2000 8 14 25223.7807 A
14222500 2000 8 15 25045.6752 A
14222500 2000 8 16 25085.4028 A
14222500 2000 8 17 25115.0775 A
14222500 2000 8 18 25119.2551 A
14222500 2000 8 19 25056.8734 A
14222500 2000 8 20 25090.6851 A
14222500 2000 8 21 25075.3821 A
14222500 2000 8 22 25076.5249 A
14222500 2000 8 23 25112.3342 A
14222500 2000 8 24 25155.1644 A
14222500 2000 8 25 25089.0443 A
14222500 2000 8 26 25267.4472 A
14222500 2000 8 27 25137.3384 A
14222500 2000 8 28 25137.9609 A
14222500 2000 8 29 25116.0378 A
14222500 2000 8 30 25332.7618 A
14222500 2000 8 31 25150.5338 A
14222500 2000 9 1 25324.0283 A
14222500 2000 9 2 25303.9290 A
14222500 2000 9 3 25188.5318 A
14222500 2000 9 4 25243.2951 A
14222500 2000 9 5 25200.1408 A
14222500 2000 9 6 25269.6487 A
14222500 2000 9 7 25274.1607 A
14222500 2000 9 8 25268.9057 A
14222500 2000 9 9 25276.4263 A
14222500 2000 9 10 25225.8822 A
14222500 2000 9 11 25225.1571 A
14222500 2000 9 12 25301.1644 A
14222500 2000 9 13 25287.2245 A
14222500 2000 9 14 25233.4981 A
14222500 2000 9 15 25267.3299 A
14222500 2000 9 16 25226.6880 A
14222500 2000 9 17 25287.8900 A
14222500 2000 9 18 25234.0636 A
14222500 2000 9 19 25265.4510 A
14222500 2000 9 20 25277.7854 A
14222500 2000 9 21 25279.4463 A
14222500 2000 9 22 25242.4080 A
14222500 2000 9 23 25389.0459 A
14222500 2000 9 24 25269.5546 A
14222500 2000 9 25 25334.2393 A
14222500 2000 9 26 25340.5829 A
14222500 2000 9 27 25328.8562 A
14222500 2000 9 28 25304.3471 A
14222500 2000 9 29 25322.0277 A
14222500 2000 9 30 25377.3481 A
14222500 2000 10 1 25307.7525 A
14222500 2000 10 2 25390.6520 A
14222500 2000 10 3 25450.3731 A
14222500 2000 10 4 25369.9077 A
14222500 2000 10 5 25360.5481 A
14222500 2000 10 6 25428.5470 A
14222500 2000 10 7 25573.7849 A
14222500 2000 10 8 25403.9428 A
14222500 2000 10 9 25431.1482 A
14222500 2000 10 10 25367.3492 A
14222500 2000 10 11 25372.5101 A
14222500 2000 10 12 25446.9910 A
14222500 2000 10 13 25438.9828 A
14222500 2000 10 14 25463.2919 A
14222500 2000 10 15 25432.2338 A
14222500 2000 10 16 25415.3143 A
14222500 2000 10 17 25472.0676 A
14222500 2000 10 18 25513.7696 A
14222500 2000 10 19 25486.1429 A
14222500 2000 10 20 25417.6344 A
14222500 2000 10 21 25470.0395 A
14222500 2000 10 22 25420.2778 A
14222500 2000 10 23 25425.3385 A
14222500 2000 10 24 25402.6958 A
14222500 2000 10 25 25407.4389 A
14222500 2000 10 26 25460.6609 A
14222500 2000 10 27 25533.5561 A
14222500 2000 10 28 25532.4919 A
14222500 2000 10 29 25470.8922 A
14222500 2000 10 30 25504.4958 A
14222500 2000 10 31 25473.0339 A
14222500 2000 11 1 25530.3437 A
14222500 2000 11 2 25517.3287 A
14222500 2000 11 3 25549.5374 A
14222500 2000 11 4 25470.3371 A
14222500 2000 11 5 25682.9329 A
14222500 2000 11 6 25502.2966 A
14222500 2000 11 7 25507.4674 A
14222500 2000 11 8 25567.6293 A
14222500 2000 11 9 25513.5068 A
14222500 2000 11 10 25631.7476 A
14222500 2000 11 11 25635.0093 A
14222500 2000 11 12 25595.7756 A
14222500 2000 11 13 25537.0923 A
14222500 2000 11 14 25619.8855 A
14222500 2000 11 15 25566.8268 A
14222500 2000 11 16 25554.3575 A
14222500 2000 11 17 25585.8055 A
14222500 2000 11 18 25580.2388 A
14222500 2000 11 19 25572.3608 A
14222500 2000 11 20 25623.6320 A
14222500 2000 11 21 25588.2434 A
14222500 2000 11 22 25560.5214 A
14222500 2000 11 23 25547.6104 A
14222500 2000 11 24 25654.6194 A
14222500 2000 11 25 25724.9906 A
14222500 2000 11 26 25613.6952 A
14222500 2000 11 27 25633.9700 A
14222500 2000 11 28 25657.7427 A
14222500 2000 11 29 25623.4020 A
14222500 2000 11 30 25603.4666 A
14222500 2000 12 1 25680.1561 A
14222500 2000 12 2 25620.5958 A
14222500 2000 12 3 25576.3777 A
14222500 2000 12 4 25660.8435 A
14222500 2000 12 5 25679.8417 A
14222500 2000 12 6 25640.0806 A
14222500 2000 12 7 25722.9006 A
14222500 2000 12 8 25695.4833 A
14222500 2000 12 9 25648.4123 A
14222500 2000 12 10 25674.6950 A
14222500 2000 12 11 25696.4670 A
14222500 2000 12 12 25653.6237 A
14222500 2000 12 13 25720.6481 A
14222500 2000 12 14 25668.7254 A
14222500 2000 12 15 25745.0396 A
14222500 2000 12 16 25757.0595 A
14222500 2000 12 17 25713.5743 A
14222500 2000 12 18 25703.8211 A
14222500 2000 12 19 25799.1007 A
14222500 2000 12 20 25742.7044 A
14222500 2000 12 21 25760.7198 A
14222500 2000 12 22 25792.3436 A
14222500 2000 12 23 25838.0240 A
14222500 2000 12 24 25726.1680 A
14222500 2000 12 25 26041.2025 A
14222500 2000 12 26 25795.0926 A
14222500 2000 12 27 25827.6186 A
14222500 2000 12 28 25801.3293 A
14222500 2000 12 29 25863.8701 A
14222500 2000 12 30 25872.4904 A
14222500 2000 12 31 25825.8041 A
14222500 2001 1 1 25922.3160 A
14222500 2001 1 2 25912.3464 A
14222500 2001 1 3 25848.1347 A
14222500 2001 1 4 25945.7444 A
14222500 2001 1 5 25882.8775 A
14222500 2001 1 6 25880.5075 A
14222500 2001 1 7 26000.6088 A
14222500 2001 1 8 25956.1304 A
14222500 2001 1 9 25924.4268 A
14222500 2001 1 10 25917.4036 A
14222500 2001 1 11 26041.6865 A
14222500 2001 1 12 25963.5041 A
14222500 2001 1 13 25932.0726 A
14222500 2001 1 14 25981.6248 A
14222500 2001 1 15 25954.0909 A
14222500 2001 1 16 25985.3507 A
14222500 2001 1 17 26001.4323 A
14222500 2001 1 18 25990.3617 A
14222500 2001 1 19 25973.3726 A
14222500 2001 1 20 25985.4257 A
14222500 2001 1 21 26027.5719 A
14222500 2001 1 22 25972.1111 A
14222500 2001 1 23 26016.1492 A
14222500 2001 1 24 26082.3320 A
14222500 2001 1 25 26011.7186 A
14222500 2001 1 26 26036.2868 A
14222500 2001 1 27 25973.5074 A
14222500 2001 1 28 26023.8607 A
14222500 2001 1 29 25992.5630 A
14222500 2001 1 30 26036.6061 A
14222500 2001 1 31 26029.4535 A
14222500 2001 2 1 26069.4027 A
14222500 2001 2 2 26076.9409 A
14222500 2001 2 3 26071.4522 A
14222500 2001 2 4 26149.6002 A
14222500 2001 2 5 26272.4096 A
14222500 2001 2 6 26103.3183 A
14222500 2001 2 7 26178.2889 A
14222500 2001 2 8 26143.6558 A
14222500 2001 2 9 26102.9711 A
14222500 2001 2 10 26176.4523 A
14222500 2001 2 11 26192.4515 A
14222500 2001 2 12 26225.0734 A
14222500 2001 2 13 26209.4615 A
14222500 2001 2 14 26214.9452 A
14222500 2001 2 15 26218.2251 A
14222500 2001 2 16 26313.9610 A
14222500 2001 2 17 26275.3090 A
14222500 2001 2 18 26261.0117 A
14222500 2001 2 19 26273.8468 A
14222500 2001 2 20 26263.9883 A
14222500 2001 2 21 26291.7279 A
14222500 2001 2 22 26398.4376 A
14222500 2001 2 23 26292.7703 A
14222500 2001 2 24 26333.3072 A
14222500 2001 2 25 26295.0175 A
14222500 2001 2 26 26433.9353 A
14222500 2001 2 27 26645.8828 A
14222500 2001 2 28 26682.6979 A
14222500 2001 3 1 26417.4158 A
14222500 2001 3 2 26432.7622 A
14222500 2001 3 3 26504.4344 A
14222500 2001 3 4 26610.2318 A
14222500 2001 3 5 26486.8329 A
14222500 2001 3 6 26464.9107 A
14222500 2001 3 7 26515.7789 A
14222500 2001 3 8 26514.2626 A
14222500 2001 3 9 26539.3168 A
14222500 2001 3 10 26559.8879 A
14222500 2001 3 11 26635.0596 A
14222500 2001 3 12 26545.4115 A
14222500 2001 3 13 26648.1253 A
14222500 2001 3 14 26671.5943 A
14222500 2001 3 15 26664.0129 A
14222500 2001 3 16 26615.4757 A
14222500 2001 3 17 26628.5965 A
14222500 2001 3 18 26692.3709 A
14222500 2001 3 19 26713.7189 A
14222500 2001 3 20 26865.9529 A
14222500 2001 3 21 26905.7286 A
14222500 2001 3 22 26969.9167 A
14222500 2001 3 23 26908.7674 A
14222500 2001 3 24 26955.2438 A
14222500 2001 3 25 26998.4332 A
14222500 2001 3 26 27008.8397 A
14222500 2001 3 27 27051.7220 A
14222500 2001 3 28 26891.2308 A
14222500 2001 3 29 26989.7674 A
14222500 2001 3 30 26986.3716 A
14222500 2001 3 31 26994.0826 A
14222500 2001 4 1 27500.0699 A
14222500 2001 4 2 27086.9074 A
14222500 2001 4 3 27172.2169 A
14222500 2001 4 4 27194.7850 A
14222500 2001 4 5 27104.8282 A
14222500 2001 4 6 27168.5756 A
14222500 2001 4 7 27162.1687 A
14222500 2001 4 8 27296.9103 A
14222500 2001 4 9 27139.6211 A
14222500 2001 4 10 27102.7644 A
14222500 2001 4 11 27311.5811 A
14222500 2001 4 12 27153.4306 A
14222500 2001 4 13 27530.5101 A
14222500 2001 4 14 27479.7377 A
14222500 2001 4 15 27345.4426 A
14222500 2001 4 16 27487.6703 A
14222500 2001 4 17 27502.0891 A
14222500 2001 4 18 27404.2113 A
14222500 2001 4 19 27391.0434 A
14222500 2001 4 20 27626.2876 A
14222500 2001 4 21 27527.6010 A
14222500 2001 4 22 27528.5605 A
14222500 2001 4 23 27497.8850 A
14222500 2001 4 24 27487.2842 A
14222500 2001 4 25 27492.2681 A
14222500 2001 4 26 27564.9865 A
14222500 2001 4 27 27479.1849 A
14222500 2001 4 28 27486.7645 A
14222500 2001 4 29 27572.1232 A
14222500 2001 4 30 27606.9519 A
14222500 2001 5 1 27563.3782 A
14222500 2001 5 2 28266.6116 A
14222500 2001 5 3 27675.1306 A
14222500 2001 5 4 27705.9811 A
14222500 2001 5 5 27694.0543 A
14222500 2001 5 6 27730.0534 A
14222500 2001 5 7 27680.6952 A
14222500 2001 5 8 27720.0137 A
14222500 2001 5 9 28055.5001 A
14222500 2001 5 10 27783.2668 A
14222500 2001 5 11 27888.0972 A
14222500 2001 5 12 27810.4039 A
14222500 2001 5 13 27846.8907 A
14222500 2001 5 14 27755.9712 A
14222500 2001 5 15 27846.2949 A
14222500 2001 5 16 27797.8576 A
14222500 2001 5 17 27788.8115 A
14222500 2001 5 18 27889.3774 A
14222500 2001 5 19 27910.5478 A
14222500 2001 5 20 27859.4521 A
14222500 2001 5 21 28012.1532 A
14222500 2001 5 22 27845.0273 A
14222500 2001 5 23 27932.6134 A
14222500 2001 5 24 27972.0227 A
14222500 2001 5 25 28017.6713 A
14222500 2001 5 26 28098.6575 A
14222500 2001 5 27 27983.1119 A
14222500 2001 5 28 28081.0713 A
14222500 2001 5 29 28053.1085 A
14222500 2001 5 30 27998.6629 A
14222500 2001 5 31 28259.8993 A
14222500 2001 6 1 28102.4781 A
14222500 2001 6 2 28130.7350 A
14222500 2001 6 3 28133.3685 A
14222500 2001 6 4 28155.1045 A
14222500 2001 6 5 28311.8649 A
14222500 2001 6 6 28212.6661 A
14222500 2001 6 7 28353.5836 A
14222500 2001 6 8 28231.5903 A
14222500 2001 6 9 28200.4598 A
14222500 2001 6 10 28172.7635 A
14222500 2001 6 11 28228.7358 A
14222500 2001 6 12 28204.6041 A
14222500 2001 6 13 28284.6970 A
14222500 2001 6 14 28384.1825 A
14222500 2001 6 15 28369.2063 A
14222500 2001 6 16 28504.1980 A
14222500 2001 6 17 28344.8147 A
14222500 2001 6 18 28514.5462 A
14222500 2001 6 19 28484.4512 A
14222500 2001 6 20 28454.8287 A
14222500 2001 6 21 28365.6526 A
14222500 2001 6 22 28449.4126 A
14222500 2001 6 23 28481.1067 A
14222500 2001 6 24 28811.9390 A
14222500 2001 6 25 28592.3904 A
14222500 2001 6 26 28491.0294 A
14222500 2001 6 27 28693.8176 A
14222500 2001 6 28 28625.2310 A
14222500 2001 6 29 28717.0276 A
14222500 2001 6 30 28686.8929 A
14222500 2001 7 1 28767.5019 A
14222500 2001 7 2 28808.3460 A
14222500 2001 7 3 29029.7914 A
14222500 2001 7 4 28925.1565 A
14222500 2001 7 5 28811.6964 A
14222500 2001 7 6 28764.4713 A
14222500 2001 7 7 28784.7245 A
14222500 2001 7 8 28781.1054 A
14222500 2001 7 9 28786.7727 A
14222500 2001 7 10 28789.2968 A
14222500 2001 7 11 28820.5434 A
14222500 2001 7 12 28786.8683 A
14222500 2001 7 13 28878.1927 A
14222500 2001 7 14 28892.4848 A
14222500 2001 7 15 28848.4788 A
14222500 2001 7 16 29162.0561 A
14222500 2001 7 17 29005.2482 A
14222500 2001 7 18 29001.5164 A
14222500 2001 7 19 29155.7428 A
14222500 2001 7 20 29007.9809 A
14222500 2001 7 21 29075.1505 A
14222500 2001 7 22 29190.0155 A
14222500 2001 7 23 29473.4641 A
14222500 2001 7 24 29099.7326 A
14222500 2001 7 25 29115.5129 A
14222500 2001 7 26 29343.2242 A
14222500 2001 7 27 29222.1673 A
14222500 2001 7 28 29212.6452 A
14222500 2001 7 29 29251.2568 A
14222500 2001 7 30 29426.3600 A
14222500 2001 7 31 29364.3910 A
14222500 2001 8 1 29326.0655 A
14222500 2001 8 2 29275.9826 A
14222500 2001 8 3 29305.1511 A
14222500 2001 8 4 29374.1037 A
14222500 2001 8 5 29362.8064 A
14222500 2001 8 6 29591.6323 A
14222500 2001 8 7 29458.9872 A
14222500 2001 8 8 29423.0151 A
14222500 2001 8 9 29509.3865 A
14222500 2001 8 10 29725.9503 A
14222500 2001 8 11 29642.1784 A
14222500 2001 8 12 29489.7128 A
14222500 2001 8 13 29555.9495 A
14222500 2001 8 14 29623.4609 A
14222500 2001 8 15 29727.1435 A
14222500 2001 8 16 29573.2672 A
14222500 2001 8 17 29644.2861 A
14222500 2001 8 18 29579.6724 A
14222500 2001 8 19 29562.1207 A
14222500 2001 8 20 29587.9036 A
14222500 2001 8 21 29664.3248 A
14222500 2001 8 22 29760.0941 A
14222500 2001 8 23 29608.8625 A
14222500 2001 8 24 29624.0653 A
14222500 2001 8 25 29698.5585 A
14222500 2001 8 26 29690.3813 A
14222500 2001 8 27 29682.2968 A
14222500 2001 8 28 29668.4694 A
14222500 2001 8 29 29639.0404 A
14222500 2001 8 30 29861.4026 A
14222500 2001 8 31 29806.2499 A
14222500 2001 9 1 29719.0397 A
14222500 2001 9 2 29793.3856 A
14222500 2001 9 3 29813.8256 A
14222500 2001 9 4 29766.1870 A
14222500 2001 9 5 29700.5858 A
14222500 2001 9 6 29816.6352 A
14222500 2001 9 7 29734.8198 A
14222500 2001 9 8 29769.7800 A
14222500 2001 9 9 29848.8900 A
14222500 2001 9 10 29773.4120 A
14222500 2001 9 11 29789.0999 A
14222500 2001 9 12 29762.7337 A
14222500 2001 9 13 29753.0613 A
14222500 2001 9 14 29835.1499 A
14222500 2001 9 15 29819.8262 A
14222500 2001 9 16 29831.0265 A
14222500 2001 9 17 29877.3470 A
14222500 2001 9 18 29806.4156 A
14222500 2001 9 19 29811.7863 A
14222500 2001 9 20 29816.0546 A
14222500 2001 9 21 29812.2916 A
14222500 2001 9 22 29806.1473 A
14222500 2001 9 23 29846.1330 A
14222500 2001 9 24 29953.2820 A
14222500 2001 9 25 29829.3303 A
14222500 2001 9 26 29906.1006 A
14222500 2001 9 27 29948.7149 A
14222500 2001 9 28 29851.1220 A
14222500 2001 9 29 29849.9449 A
14222500 2001 9 30 29882.7993 A
14222500 2001 10 1 29955.0694 A
14222500 2001 10 2 29956.3978 A
14222500 2001 10 3 29889.4301 A
14222500 2001 10 4 29900.4422 A
14222500 2001 10 5 29881.6713 A
14222500 2001 10 6 29871.2202 A
14222500 2001 10 7 29935.7292 A
14222500 2001 10 8 29934.0252 A
14222500 2001 10 9 29915.3157 A
14222500 2001 10 10 29894.2369 A
14222500 2001 10 11 29977.0759 A
14222500 2001 10 12 29948.2093 A
14222500 2001 10 13 29977.0808 A
14222500 2001 10 14 29931.9767 A
14222500 2001 10 15 29971.0088 A
14222500 2001 10 16 29906.1996 A
14222500 2001 10 17 29984.0130 A
14222500 2001 10 18 29962.0860 A
14222500 2001 10 19 29964.8101 A
14222500 2001 10 20 29932.5568 A
14222500 2001 10 21 29948.4815 A
14222500 2001 10 22 29952.1701 A
14222500 2001 10 23 29944.1161 A
14222500 2001 10 24 29959.3263 A
14222500 2001 10 25 29964.3916 A
14222500 2001 10 26 29938.3324 A
14222500 2001 10 27 29987.1681 A
14222500 2001 10 28 29962.1602 A
14222500 2001 10 29 29950.6961 A
14222500 2001 10 30 30020.3895 A
14222500 2001 10 31 29957.9841 A
14222500 2001 11 1 30056.7963 A
14222500 2001 11 2 30007.8284 A
14222500 2001 11 3 29996.6303 A
14222500 2001 11 4 30050.7896 A
14222500 2001 11 5 29980.4215 A
14222500 2001 11 6 29994.9981 A
14222500 2001 11 7 30025.0132 A
14222500 2001 11 8 29975.9620 A
14222500 2001 11 9 30044.4725 A
14222500 2001 11 10 30032.7853 A
14222500 2001 11 11 30020.2520 A
14222500 2001 11 12 29996.3522 A
14222500 2001 11 13 30000.3179 A
14222500 2001 11 14 29987.1110 A
14222500 2001 11 15 30015.2507 A
14222500 2001 11 16 30117.8213 A
14222500 2001 11 17 30033.2849 A
14222500 2001 11 18 30108.6773 A
14222500 2001 11 19 30094.7257 A
14222500 2001 11 20 30077.6680 A
14222500 2001 11 21 30044.0131 A
14222500 2001 11 22 30038.7462 A
14222500 2001 11 23 30037.0162 A
14222500 2001 11 24 30070.7294 A
14222500 2001 11 25 30101.5674 A
14222500 2001 11 26 30083.6192 A
14222500 2001 11 27 30074.6688 A
14222500 2001 11 28 30171.3230 A
14222500 2001 11 29 30146.9644 A
14222500 2001 11 30 30135.5718 A
14222500 2001 12 1 30085.0972 A
14222500 2001 12 2 30131.3141 A
14222500 2001 12 3 30102.4498 A
14222500 2001 12 4 30109.6377 A
14222500 2001 12 5 30170.5955 A
14222500 2001 12 6 30114.7248 A
14222500 2001 12 7 30241.1381 A
14222500 2001 12 8 30136.5681 A
14222500 2001 12 9 30180.8327 A
14222500 2001 12 10 30238.7337 A
14222500 2001 12 11 30161.3628 A
14222500 2001 12 12 30136.4256 A
14222500 2001 12 13 30125.5794 A
14222500 2001 12 14 30215.0978 A
14222500 2001 12 15 30176.2213 A
14222500 2001 12 16 30330.2501 A
14222500 2001 12 17 30224.4964 A
14222500 2001 12 18 30229.2997 A
14222500 2001 12 19 30163.2845 A
14222500 2001 12 20 30206.7025 A
14222500 2001 12 21 30373.9216 A
14222500 2001 12 22 30270.2000 A
14222500 2001 12 23 30354.4244 A
14222500 2001 12 24 30276.9336 A
14222500 2001 12 25 30240.7339 A
14222500 2001 12 26 30252.8317 A
14222500 2001 12 27 30288.8511 A
14222500 2001 12 28 30332.6902 A
14222500 2001 12 29 30261.9384 A
14222500 2001 12 30 30274.6882 A
14222500 2001 12 31 30294.6454 A
14222500 2002 1 1 30254.3247 A
14222500 2002 1 2 30238.2905 A
14222500 2002 1 3 30272.1975 A
14222500 2002 1 4 30279.4028 A
14222500 2002 1 5 30268.0854 A
14222500 2002 1 6 30295.5174 A
14222500 2002 1 7 30361.1220 A
14222500 2002 1 8 30297.2164 A
14222500 2002 1 9 30447.3428 A
14222500 2002 1 10 30305.3627 A
14222500 2002 1 11 30373.5652 A
14222500 2002 1 12 30344.3133 A
14222500 2002 1 13 30309.6647 A
14222500 2002 1 14 30305.4233 A
14222500 2002 1 15 30352.5542 A
14222500 2002 1 16 30342.4705 A
14222500 2002 1 17 30363.5715 A
14222500 2002 1 18 30307.9478 A
14222500 2002 1 19 30296.2733 A
14222500 2002 1 20 30313.0559 A
14222500 2002 1 21 30360.8510 A
14222500 2002 1 22 30310.2099 A
14222500 2002 1 23 30465.4727 A
14222500 2002 1 24 30388.8788 A
14222500 2002 1 25 30435.2101 A
14222500 2002 1 26 30348.3804 A
14222500 2002 1 27 30371.8988 A
14222500 2002 1 28 30413.8043 A
14222500 2002 1 29 30373.5843 A
14222500 2002 1 30 30358.4901 A
14222500 2002 1 31 30365.9377 A
14222500 2002 2 1 30388.9959 A
14222500 2002 2 2 30392.2409 A
14222500 2002 2 3 30427.1441 A
14222500 2002 2 4 30420.6599 A
14222500 2002 2 5 30476.9484 A
14222500 2002 2 6 30731.2083 A
14222500 2002 2 7 30497.6649 A
14222500 2002 2 8 30525.7691 A
14222500 2002 2 9 30519.2154 A
14222500 2002 2 10 30479.3782 A
14222500 2002 2 11 30487.6344 A
14222500 2002 2 12 30512.7445 A
14222500 2002 2 13 30505.5062 A
14222500 2002 2 14 30522.3534 A
14222500 2002 2 15 30477.4021 A
14222500 2002 2 16 30516.2342 A
14222500 2002 2 17 30506.9264 A
14222500 2002 2 18 30521.6147 A
14222500 2002 2 19 30574.0461 A
14222500 2002 2 20 30523.3387 A
14222500 2002 2 21 30533.2904 A
14222500 2002 2 22 30526.0498 A
14222500 2002 2 23 30599.3221 A
14222500 2002 2 24 30840.4361 A
14222500 2002 2 25 30668.8871 A
14222500 2002 2 26 30688.2993 A
14222500 2002 2 27 30648.5914 A
14222500 2002 2 28 30831.2163 A
14222500 2002 3 1 30800.8295 A
14222500 2002 3 2 30702.1437 A
14222500 2002 3 3 30723.5668 A
14222500 2002 3 4 30750.6343 A
14222500 2002 3 5 30745.1865 A
14222500 2002 3 6 30696.4294 A
14222500 2002 3 7 30716.7150 A
14222500 2002 3 8 30698.0435 A
14222500 2002 3 9 30806.5730 A
14222500 2002 3 10 30826.3012 A
14222500 2002 3 11 30845.8322 A
14222500 2002 3 12 30813.6339 A
14222500 2002 3 13 30805.2545 A
14222500 2002 3 14 30762.7104 A
14222500 2002 3 15 30832.8694 A
14222500 2002 3 16 30823.5150 A
14222500 2002 3 17 31243.0081 A
14222500 2002 3 18 30935.5031 A
14222500 2002 3 19 31019.8394 A
14222500 2002 3 20 31069.7346 A
14222500 2002 3 21 30973.5495 A
14222500 2002 3 22 31084.3709 A
14222500 2002 3 23 31054.3962 A
14222500 2002 3 24 31005.8298 A
14222500 2002 3 25 31366.6828 A
14222500 2002 3 26 31138.8718 A
14222500 2002 3 27 31226.2081 A
14222500 2002 3 28 31301.8477 A
14222500 2002 3 29 31186.1580 A
14222500 2002 3 30 31474.0137 A
14222500 2002 3 31 31211.9184 A
14222500 2002 4 1 31235.5185 A
14222500 2002 4 2 31546.7388 A
14222500 2002 4 3 32060.3309 A
14222500 2002 4 4 31682.2726 A
14222500 2002 4 5 31574.0028 A
14222500 2002 4 6 31512.7010 A
14222500 2002 4 7 31501.9109 A
14222500 2002 4 8 31768.0628 A
14222500 2002 4 9 31663.8796 A
14222500 2002 4 10 31618.6280 A
14222500 2002 4 11 31705.3688 A
14222500 2002 4 12 31644.9386 A
14222500 2002 4 13 31698.2683 A
14222500 2002 4 14 31814.3462 A
14222500 2002 4 15 31644.4730 A
14222500 2002 4 16 31737.2247 A
14222500 2002 4 17 31652.4522 A
14222500 2002 4 18 31750.8759 A
14222500 2002 4 19 31899.6287 A
14222500 2002 4 20 31815.7296 A
14222500 2002 4 21 31781.1860 A
14222500 2002 4 22 31815.6884 A
14222500 2002 4 23 31739.9299 A
14222500 2002 4 24 31859.1383 A
14222500 2002 4 25 31763.4056 A
14222500 2002 4 26 31838.1307 A
14222500 2002 4 27 31801.8951 A
14222500 2002 4 28 31887.2348 A
14222500 2002 4 29 31878.5792 A
14222500 2002 4 30 31871.5284 A
14222500 2002 5 1 31802.9169 A
14222500 2002 5 2 31905.6202 A
14222500 2002 5 3 31883.4280 A
14222500 2002 5 4 31906.4256 A
14222500 2002 5 5 31932.8007 A
14222500 2002 5 6 31897.2260 A
14222500 2002 5 7 31980.2924 A
14222500 2002 5 8 31989.4389 A
14222500 2002 5 9 31886.0014 A
14222500 2002 5 10 31981.5388 A
14222500 2002 5 11 32122.6272 A
14222500 2002 5 12 32044.7444 A
14222500 2002 5 13 31972.9356 A
14222500 2002 5 14 32108.7743 A
14222500 2002 5 15 31954.4887 A
14222500 2002 5 16 32000.9419 A
14222500 2002 5 17 31966.6229 A
14222500 2002 5 18 32047.6261 A
14222500 2002 5 19 32352.8773 A
14222500 2002 5 20 32083.2439 A
14222500 2002 5 21 32110.4943 A
14222500 2002 5 22 32636.2859 A
14222500 2002 5 23 32228.7874 A
14222500 2002 5 24 32206.4132 A
14222500 2002 5 25 32191.1279 A
14222500 2002 5 26 32359.2554 A
14222500 2002 5 27 32250.6366 A
14222500 2002 5 28 32303.5562 A
14222500 2002 5 29 32286.7196 A
14222500 2002 5 30 32248.9740 A
14222500 2002 5 31 32640.2110 A
14222500 2002 6 1 32431.3440 A
14222500 2002 6 2 32376.0895 A
14222500 2002 6 3 32455.4348 A
14222500 2002 6 4 32369.6853 A
14222500 2002 6 5 32840.1984 A
14222500 2002 6 6 32451.8024 A
14222500 2002 6 7 32670.9740 A
14222500 2002 6 8 32525.8738 A
14222500 2002 6 9 32707.9149 A
14222500 2002 6 10 32596.8368 A
14222500 2002 6 11 32573.5356 A
14222500 2002 6 12 32559.2415 A
14222500 2002 6 13 32540.5907 A
14222500 2002 6 14 32581.7236 A
14222500 2002 6 15 32611.1838 A
14222500 2002 6 16 32581.4532 A
14222500 2002 6 17 32620.0198 A
14222500 2002 6 18 32627.4499 A
14222500 2002 6 19 32622.1360 A
14222500 2002 6 20 32615.4660 A
14222500 2002 6 21 32852.5854 A
14222500 2002 6 22 32997.8434 A
14222500 2002 6 23 32785.3543 A
14222500 2002 6 24 32840.2007 A
14222500 2002 6 25 32791.5847 A
14222500 2002 6 26 32759.2579 A
14222500 2002 6 27 32741.9092 A
14222500 2002 6 28 32779.4211 A
14222500 2002 6 29 32844.5771 A
14222500 2002 6 30 32873.5358 A
14222500 2002 7 1 32862.7776 A
14222500 2002 7 2 32918.7350 A
14222500 2002 7 3 32864.1250 A
14222500 2002 7 4 32922.8336 A
14222500 2002 7 5 32907.8601 A
14222500 2002 7 6 32941.1509 A
14222500 2002 7 7 33096.8826 A
14222500 2002 7 8 33247.7232 A
14222500 2002 7 9 32990.2234 A
14222500 2002 7 10 33434.3500 A
14222500 2002 7 11 33210.3018 A
14222500 2002 7 12 33159.6307 A
14222500 2002 7 13 33268.8970 A
14222500 2002 7 14 33127.8134 A
14222500 2002 7 15 33256.7647 A
14222500 2002 7 16 33209.4399 A
14222500 2002 7 17 33334.0165 A
14222500 2002 7 18 33322.3852 A
14222500 2002 7 19 33431.1162 A
14222500 2002 7 20 33243.4019 A
14222500 2002 7 21 33367.3863 A
14222500 2002 7 22 33295.6864 A
14222500 2002 7 23 33388.1624 A
14222500 2002 7 24 33333.0411 A
14222500 2002 7 25 33341.6286 A
14222500 2002 7 26 33324.0077 A
14222500 2002 7 27 33277.3385 A
14222500 2002 7 28 33437.8812 A
14222500 2002 7 29 33390.5584 A
14222500 2002 7 30 33385.2317 A
14222500 2002 7 31 33416.1331 A
14222500 2002 8 1 33617.1316 A
14222500 2002 8 2 33470.4393 A
14222500 2002 8 3 33445.8036 A
14222500 2002 8 4 33446.2636 A
14222500 2002 8 5 33512.1481 A
14222500 2002 8 6 33440.8082 A
14222500 2002 8 7 33468.9026 A
14222500 2002 8 8 33462.4425 A
14222500 2002 8 9 33529.5377 A
14222500 2002 8 10 33504.0829 A
14222500 2002 8 11 33546.0629 A
14222500 2002 8 12 33482.2761 A
14222500 2002 8 13 33487.0037 A
14222500 2002 8 14 33490.7460 A
14222500 2002 8 15 33600.5307 A
14222500 2002 8 16 33535.3018 A
14222500 2002 8 17 33538.2032 A
14222500 2002 8 18 33605.4248 A
14222500 2002 8 19 33549.9929 A
14222500 2002 8 20 33573.8934 A
14222500 2002 8 21 33649.2969 A
14222500 2002 8 22 33525.3915 A
14222500 2002 8 23 33584.4926 A
14222500 2002 8 24 33647.5258 A
14222500 2002 8 25 33591.4250 A
14222500 2002 8 26 33627.9980 A
14222500 2002 8 27 33602.8925 A
14222500 2002 8 28 33608.0000 A
14222500 2002 8 29 33583.0354 A
14222500 2002 8 30 33630.2211 A
14222500 2002 8 31 33615.9930 A
14222500 2002 9 1 33641.0610 A
14222500 2002 9 2 33693.6268 A
14222500 2002 9 3 33640.4345 A
14222500 2002 9 4 33645.4946 A
14222500 2002 9 5 33578.0909 A
14222500 2002 9 6 33633.4089 A
14222500 2002 9 7 33647.1010 A
14222500 2002 9 8 33695.2622 A
14222500 2002 9 9 33642.5514 A
14222500 2002 9 10 33716.0444 A
14222500 2002 9 11 33709.7857 A
14222500 2002 9 12 33676.2050 A
14222500 2002 9 13 33788.6649 A
14222500 2002 9 14 33889.0492 A
14222500 2002 9 15 33820.3003 A
14222500 2002 9 16 33731.4495 A
14222500 2002 9 17 33705.2547 A
14222500 2002 9 18 33718.4693 A
14222500 2002 9 19 33729.8116 A
14222500 2002 9 20 33833.9341 A
14222500 2002 9 21 33916.0825 A
14222500 2002 9 22 33834.8908 A
14222500 2002 9 23 33797.4582 A
14222500 2002 9 24 33783.8552 A
14222500 2002 9 25 33822.9799 A
14222500 2002 9 26 33850.5578 A
14222500 2002 9 27 33974.6843 A
14222500 2002 9 28 33911.4581 A
14222500 2002 9 29 33839.8729 A
14222500 2002 9 30 33839.7188 A
14222500 2002 10 1 33852.5692 A
14222500 2002 10 2 33889.2066 A
14222500 2002 10 3 33854.1672 A
14222500 2002 10 4 33883.4625 A
14222500 2002 10 5 33881.8739 A
14222500 2002 10 6 33898.0925 A
14222500 2002 10 7 33877.4118 A
14222500 2002 10 8 33902.9767 A
14222500 2002 10 9 33904.7888 A
14222500 2002 10 10 33908.6867 A
14222500 2002 10 11 33930.7006 A
14222500 2002 10 12 33868.3364 A
14222500 2002 10 13 34045.8334 A
14222500 2002 10 14 33992.2216 A
14222500 2002 10 15 33989.5384 A
14222500 2002 10 16 33934.0177 A
14222500 2002 10 17 33917.6716 A
14222500 2002 10 18 33921.7407 A
14222500 2002 10 19 34013.9883 A
14222500 2002 10 20 33968.1423 A
14222500 2002 10 21 33949.8449 A
14222500 2002 10 22 33982.5968 A
14222500 2002 10 23 33941.3258 A
14222500 2002 10 24 33981.6995 A
14222500 2002 10 25 33962.9593 A
14222500 2002 10 26 34006.9206 A
14222500 2002 10 27 34002.6623 A
14222500 2002 10 28 34092.8301 A
14222500 2002 10 29 34067.9693 A
14222500 2002 10 30 34023.1313 A
14222500 2002 10 31 33990.8430 A
14222500 2002 11 1 34003.6248 A
14222500 2002 11 2 33998.5742 A
14222500 2002 11 3 34012.4878 A
14222500 2002 11 4 34091.9555 A
14222500 2002 11 5 34052.6790 A
14222500 2002 11 6 34032.1194 A
14222500 2002 11 7 34033.5670 A
14222500 2002 11 8 34126.5978 A
14222500 2002 11 9 34019.7055 A
14222500 2002 11 10 34054.4391 A
14222500 2002 11 11 34030.8614 A
14222500 2002 11 12 34043.3344 A
14222500 2002 11 13 34137.6955 A
14222500 2002 11 14 34039.9686 A
14222500 2002 11 15 34063.1017 A
14222500 2002 11 16 34070.4492 A
14222500 2002 11 17 34185.3015 A
14222500 2002 11 18 34118.7316 A
14222500 2002 11 19 34125.9634 A
14222500 2002 11 20 34068.4648 A
14222500 2002 11 21 34137.0329 A
14222500 2002 11 22 34105.8560 A
14222500 2002 11 23 34093.7950 A
14222500 2002 11 24 34139.7313 A
14222500 2002 11 25 34132.6618 A
14222500 2002 11 26 34086.0329 A
14222500 2002 11 27 34084.1927 A
14222500 2002 11 28 34166.5744 A
14222500 2002 11 29 34103.7417 A
14222500 2002 11 30 34123.7525 A
14222500 2002 12 1 34153.5572 A
14222500 2002 12 2 34196.2929 A
14222500 2002 12 3 34154.8631 A
14222500 2002 12 4 34167.7590 A
14222500 2002 12 5 34207.3231 A
14222500 2002 12 6 34132.0510 A
14222500 2002 12 7 34146.8182 A
14222500 2002 12 8 34138.6201 A
14222500 2002 12 9 34168.8772 A
14222500 2002 12 10 34181.6427 A
14222500 2002 12 11 34134.5800 A
14222500 2002 12 12 34175.2629 A
14222500 2002 12 13 34200.9650 A
14222500 2002 12 14 34145.9563 A
14222500 2002 12 15 34262.4004 A
14222500 2002 12 16 34211.1133 A
14222500 2002 12 17 34200.9319 A
14222500 2002 12 18 34160.1692 A
14222500 2002 12 19 34170.6845 A
14222500 2002 12 20 34149.2830 A
14222500 2002 12 21 34146.9827 A
14222500 2002 12 22 34219.6657 A
14222500 2002 12 23 34234.6854 A
14222500 2002 12 24 34300.3737 A
14222500 2002 12 25 34200.1143 A
14222500 2002 12 26 34304.6453 A
14222500 2002 12 27 34223.5197 A
14222500 2002 12 28 34257.7579 A
14222500 2002 12 29 34277.3645 A
14222500 2002 12 30 34258.2349 A
14222500 2002 12 31 34335.5257 A
14222500 2003 1 1 34425.1128 A
14222500 2003 1 2 34364.9291 A
14222500 2003 1 3 34397.2113 A
14222500 2003 1 4 34406.0541 A
14222500 2003 1 5 34352.2695 A
14222500 2003 1 6 34320.6466 A
14222500 2003 1 7 34350.8847 A
14222500 2003 1 8 34348.5161 A
14222500 2003 1 9 34325.8419 A
14222500 2003 1 10 34330.5471 A
14222500 2003 1 11 34305.8933 A
14222500 2003 1 12 34447.6710 A
14222500 2003 1 13 34453.3377 A
14222500 2003 1 14 34537.2368 A
14222500 2003 1 15 34361.9250 A
14222500 2003 1 16 34383.1161 A
14222500 2003 1 17 34402.5099 A
14222500 2003 1 18 34470.7912 A
14222500 2003 1 19 34387.2528 A
14222500 2003 1 20 34389.1741 A
14222500 2003 1 21 34407.7750 A
14222500 2003 1 22 34437.2796 A
14222500 2003 1 23 34460.9765 A
14222500 2003 1 24 34435.9453 A
14222500 2003 1 25 34432.7943 A
14222500 2003 1 26 34591.0921 A
14222500 2003 1 27 34425.4563 A
14222500 2003 1 28 34462.4042 A
14222500 2003 1 29 34520.4616 A
14222500 2003 1 30 34483.4858 A
14222500 2003 1 31 34543.1119 A
14222500 2003 2 1 34462.9634 A
14222500 2003 2 2 34432.3638 A
14222500 2003 2 3 34445.9671 A
14222500 2003 2 4 34606.8978 A
14222500 2003 2 5 34596.4245 A
14222500 2003 2 6 34576.0376 A
14222500 2003 2 7 34515.9723 A
14222500 2003 2 8 34539.9857 A
14222500 2003 2 9 34603.7667 A
14222500 2003 2 10 34577.1516 A
14222500 2003 2 11 34681.5852 A
14222500 2003 2 12 34541.0143 A
14222500 2003 2 13 34601.3932 A
14222500 2003 2 14 34681.0271 A
14222500 2003 2 15 34623.4040 A
14222500 2003 2 16 34607.3473 A
14222500 2003 2 17 34626.3203 A
14222500 2003 2 18 34719.4392 A
14222500 2003 2 19 34636.6889 A
14222500 2003 2 20 34927.4464 A
14222500 2003 2 21 34686.8228 A
14222500 2003 2 22 34933.5925 A
14222500 2003 2 23 34977.7484 A
14222500 2003 2 24 34763.0224 A
14222500 2003 2 25 34807.1978 A
14222500 2003 2 26 34912.9300 A
14222500 2003 2 27 34789.0660 A
14222500 2003 2 28 34811.5494 A
14222500 2003 3 1 34822.5569 A
14222500 2003 3 2 34966.6353 A
14222500 2003 3 3 35056.9494 A
14222500 2003 3 4 35054.3299 A
14222500 2003 3 5 34980.1619 A
14222500 2003 3 6 35026.4110 A
14222500 2003 3 7 35232.7530 A
14222500 2003 3 8 35086.4881 A
14222500 2003 3 9 35086.2870 A
14222500 2003 3 10 35043.2648 A
14222500 2003 3 11 35043.3101 A
14222500 2003 3 12 35186.1463 A
14222500 2003 3 13 35573.1144 A
14222500 2003 3 14 35285.1605 A
14222500 2003 3 15 35234.0500 A
14222500 2003 3 16 35463.4353 A
14222500 2003 3 17 35426.2280 A
14222500 2003 3 18 35428.0382 A
14222500 2003 3 19 35532.3388 A
14222500 2003 3 20 35438.7859 A
14222500 2003 3 21 35605.7915 A
14222500 2003 3 22 35451.0677 A
14222500 2003 3 23 35546.2101 A
14222500 2003 3 24 35523.6702 A
14222500 2003 3 25 35678.8861 A
14222500 2003 3 26 35669.1184 A
14222500 2003 3 27 35873.7426 A
14222500 2003 3 28 35664.3161 A
14222500 2003 3 29 35785.4707 A
14222500 2003 3 30 35865.6463 A
14222500 2003 3 31 35717.9235 A
14222500 2003 4 1 35674.2559 A
14222500 2003 4 2 35752.4506 A
14222500 2003 4 3 35795.6580 A
14222500 2003 4 4 35752.7356 A
14222500 2003 4 5 35735.4300 A
14222500 2003 4 6 35757.3664 A
14222500 2003 4 7 35735.0391 A
14222500 2003 4 8 35819.6900 A
14222500 2003 4 9 36173.6541 A
14222500 2003 4 10 36226.3686 A
14222500 2003 4 11 35977.5068 A
14222500 2003 4 12 35923.2598 A
14222500 2003 4 13 35978.0946 A
14222500 2003 4 14 35936.3977 A
14222500 2003 4 15 36002.0893 A
14222500 2003 4 16 36175.1694 A
14222500 2003 4 17 36015.7445 A
14222500 2003 4 18 36139.0997 A
14222500 2003 4 19 36074.3475 A
14222500 2003 4 20 36231.5674 A
14222500 2003 4 21 36135.3229 A
14222500 2003 4 22 36323.9268 A
14222500 2003 4 23 36125.7047 A
14222500 2003 4 24 36301.3400 A
14222500 2003 4 25 36222.5395 A
14222500 2003 4 26 36301.2496 A
14222500 2003 4 27 36374.5791 A
14222500 2003 4 28 36279.5121 A
14222500 2003 4 29 36354.9109 A
14222500 2003 4 30 36275.9584 A
14222500 2003 5 1 36589.5017 A
14222500 2003 5 2 36414.8968 A
14222500 2003 5 3 36734.4653 A
14222500 2003 5 4 36686.4081 A
14222500 2003 5 5 36442.1644 A
14222500 2003 5 6 36552.5281 A
14222500 2003 5 7 36626.6682 A
14222500 2003 5 8 36536.6458 A
14222500 2003 5 9 36686.2646 A
14222500 2003 5 10 36617.8530 A
14222500 2003 5 11 36604.6257 A
14222500 2003 5 12 36740.8258 A
14222500 2003 5 13 37148.8530 A
14222500 2003 5 14 36733.1846 A
14222500 2003 5 15 36965.9904 A
14222500 2003 5 16 36767.8523 A
14222500 2003 5 17 36756.9661 A
14222500 2003 5 18 36734.9553 A
14222500 2003 5 19 37208.4557 A
14222500 2003 5 20 37050.4864 A
14222500 2003 5 21 36937.5613 A
14222500 2003 5 22 36875.1485 A
14222500 2003 5 23 36858.5237 A
14222500 2003 5 24 37094.8370 A
14222500 2003 5 25 37127.6710 A
14222500 2003 5 26 36942.9797 A
14222500 2003 5 27 37026.3297 A
14222500 2003 5 28 36964.7954 A
14222500 2003 5 29 36952.1015 A
14222500 2003 5 30 37000.1605 A
14222500 2003 5 31 37025.5170 A
14222500 2003 6 1 37129.3701 A
14222500 2003 6 2 37132.5590 A
14222500 2003 6 3 37061.4970 A
14222500 2003 6 4 37141.3149 A
14222500 2003 6 5 37586.6936 A
14222500 2003 6 6 37142.2283 A
14222500 2003 6 7 37423.4457 A
14222500 2003 6 8 37202.2491 A
14222500 2003 6 9 37241.1432 A
14222500 2003 6 10 37245.0079 A
14222500 2003 6 11 37228.9115 A
14222500 2003 6 12 37213.5395 A
14222500 2003 6 13 37320.6645 A
14222500 2003 6 14 37214.8246 A
14222500 2003 6 15 37275.6276 A
14222500 2003 6 16 37302.5164 A
14222500 2003 6 17 37258.3497 A
14222500 2003 6 18 37220.5923 A
14222500 2003 6 19 37556.0305 A
14222500 2003 6 20 37322.4115 A
14222500 2003 6 21 37382.9256 A
14222500 2003 6 22 37328.9425 A
14222500 2003 6 23 37301.7072 A
14222500 2003 6 24 37417.6346 A
14222500 2003 6 25 37358.7302 A
14222500 2003 6 26 37390.2558 A
14222500 2003 6 27 37448.5069 A
14222500 2003 6 28 37417.1167 A
14222500 2003 6 29 37413.1456 A
14222500 2003 6 30 37385.9842 A
14222500 2003 7 1 37383.3127 A
14222500 2003 7 2 37437.5471 A
14222500 2003 7 3 37505.2915 A
14222500 2003 7 4 37416.0282 A
14222500 2003 7 5 37434.4895 A
14222500 2003 7 6 37512.8353 A
14222500 2003 7 7 37428.7366 A
14222500 2003 7 8 37888.4159 A
14222500 2003 7 9 37534.0878 A
14222500 2003 7 10 38000.9093 A
14222500 2003 7 11 37610.9077 A
14222500 2003 7 12 37752.5539 A
14222500 2003 7 13 37632.1518 A
14222500 2003 7 14 37662.8265 A
14222500 2003 7 15 37807.3816 A
14222500 2003 7 16 37721.1624 A
14222500 2003 7 17 37867.6749 A
14222500 2003 7 18 37886.8607 A
14222500 2003 7 19 37749.9631 A
14222500 2003 7 20 37791.1829 A
14222500 2003 7 21 37805.6338 A
14222500 2003 7 22 37977.5599 A
14222500 2003 7 23 37853.6323 A
14222500 2003 7 24 37832.3812 A
14222500 2003 7 25 37811.4022 A
14222500 2003 7 26 37834.4321 A
14222500 2003 7 27 37830.9972 A
14222500 2003 7 28 37994.9657 A
14222500 2003 7 29 37926.1800 A
14222500 2003 7 30 37874.5573 A
14222500 2003 7 31 37848.9172 A
14222500 2003 8 1 37826.1508 A
14222500 2003 8 2 37870.1876 A
14222500 2003 8 3 37914.1054 A
14222500 2003 8 4 37995.7044 A
14222500 2003 8 5 37879.2298 A
14222500 2003 8 6 37910.7789 A
14222500 2003 8 7 38175.8014 A
14222500 2003 8 8 38155.7166 A
14222500 2003 8 9 37996.5690 A
14222500 2003 8 10 37975.2373 A
14222500 2003 8 11 38090.9826 A
14222500 2003 8 12 38102.3610 A
14222500 2003 8 13 38025.7857 A
14222500 2003 8 14 38064.4323 A
14222500 2003 8 15 38039.6528 A
14222500 2003 8 16 38022.9084 A
14222500 2003 8 17 38049.0761 A
14222500 2003 8 18 38048.9554 A
14222500 2003 8 19 37991.6764 A
14222500 2003 8 20 38119.3968 A
14222500 2003 8 21 38090.3065 A
14222500 2003 8 22 38067.7822 A
14222500 2003 8 23 38178.2077 A
14222500 2003 8 24 38231.6763 A
14222500 2003 8 25 38230.8641 A
14222500 2003 8 26 38136.5635 A
14222500 2003 8 27 38113.3619 A
14222500 2003 8 28 38225.4595 A
14222500 2003 8 29 38143.3786 A
14222500 2003 8 30 38125.0299 A
14222500 2003 8 31 38169.9037 A
14222500 2003 9 1 38191.1369 A
14222500 2003 9 2 38138.5367 A
14222500 2003 9 3 38192.9166 A
14222500 2003 9 4 38143.1980 A
14222500 2003 9 5 38198.1264 A
14222500 2003 9 6 38174.0759 A
14222500 2003 9 7 38180.6042 A
14222500 2003 9 8 38163.6041 A
14222500 2003 9 9 38165.2217 A
14222500 2003 9 10 38213.4312 A
14222500 2003 9 11 38235.9885 A
14222500 2003 9 12 38381.1928 A
14222500 2003 9 13 38321.8468 A
14222500 2003 9 14 38223.4118 A
14222500 2003 9 15 38310.6083 A
14222500 2003 9 16 38281.3672 A
14222500 2003 9 17 38282.7288 A
14222500 2003 9 18 38346.5644 A
14222500 2003 9 19 38251.6189 A
14222500 2003 9 20 38272.5837 A
14222500 2003 9 21 38272.1741 A
14222500 2003 9 22 38287.2753 A
14222500 2003 9 23 38277.5544 A
14222500 2003 9 24 38264.5184 A
14222500 2003 9 25 38265.3253 A
14222500 2003 9 26 38238.4021 A
14222500 2003 9 27 38257.8942 A
14222500 2003 9 28 38281.0564 A
14222500 2003 9 29 38307.6150 A
14222500 2003 9 30 38275.4070 A
14222500 2003 10 1 38268.7023 A
14222500 2003 10 2 38282.6063 A
14222500 2003 10 3 38431.5799 A
14222500 2003 10 4 38278.2503 A
14222500 2003 10 5 38319.4710 A
14222500 2003 10 6 38379.5994 A
14222500 2003 10 7 38337.8743 A
14222500 2003 10 8 38413.8710 A
14222500 2003 10 9 38386.5367 A
14222500 2003 10 10 38401.5140 A
14222500 2003 10 11 38354.1759 A
14222500 2003 10 12 38336.9644 A
14222500 2003 10 13 38322.6315 A
14222500 2003 10 14 38378.9527 A
14222500 2003 10 15 38400.2435 A
14222500 2003 10 16 38398.1216 A
14222500 2003 10 17 38397.4014 A
14222500 2003 10 18 38382.8627 A
14222500 2003 10 19 38343.7665 A
14222500 2003 10 20 38370.1755 A
14222500 2003 10 21 38493.8049 A
14222500 2003 10 22 38419.3133 A
14222500 2003 10 23 38424.7412 A
14222500 2003 10 24 38424.8277 A
14222500 2003 10 25 38388.4801 A
14222500 2003 10 26 38377.9849 A
14222500 2003 10 27 38429.5977 A
14222500 2003 10 28 38412.1508 A
14222500 2003 10 29 38400.4700 A
14222500 2003 10 30 38375.1071 A
14222500 2003 10 31 38386.7753 A
14222500 2003 11 1 38444.6297 A
14222500 2003 11 2 38382.0549 A
14222500 2003 11 3 38402.3581 A
14222500 2003 11 4 38391.3664 A
14222500 2003 11 5 38421.9753 A
14222500 2003 11 6 38417.0562 A
14222500 2003 11 7 38391.2686 A
14222500 2003 11 8 38376.0090 A
14222500 2003 11 9 38385.7680 A
14222500 2003 11 10 38458.5320 A
14222500 2003 11 11 38388.6325 A
14222500 2003 11 12 38376.3011 A
14222500 2003 11 13 38402.7279 A
14222500 2003 11 14 38423.3604 A
14222500 2003 11 15 38404.7786 A
14222500 2003 11 16 38421.0005 A
14222500 2003 11 17 38480.7652 A
14222500 2003 11 18 38535.1632 A
14222500 2003 11 19 38447.4614 A
14222500 2003 11 20 38574.0931 A
14222500 2003 11 21 38465.5237 A
14222500 2003 11 22 38505.4291 A
14222500 2003 11 23 38515.1668 A
14222500 2003 11 24 38524.8887 A
14222500 2003 11 25 38529.4947 A
14222500 2003 11 26 38491.5434 A
14222500 2003 11 27 38489.5042 A
14222500 2003 11 28 38568.7528 A
14222500 2003 11 29 38506.3630 A
14222500 2003 11 30 38503.7680 A
14222500 2003 12 1 38515.6322 A
14222500 2003 12 2 38526.1375 A
14222500 2003 12 3 38509.9918 A
14222500 2003 12 4 38506.3485 A
14222500 2003 12 5 38499.6112 A
14222500 2003 12 6 38515.8182 A
14222500 2003 12 7 38573.5673 A
14222500 2003 12 8 38562.1251 A
14222500 2003 12 9 38541.3587 A
14222500 2003 12 10 38488.7387 A
14222500 2003 12 11 38514.8783 A
14222500 2003 12 12 38524.1429 A
14222500 2003 12 13 38621.7248 A
14222500 2003 12 14 38650.7534 A
14222500 2003 12 15 38560.5170 A
14222500 2003 12 16 38571.6227 A
14222500 2003 12 17 38544.4017 A
14222500 2003 12 18 38583.3546 A
14222500 2003 12 19 38530.2332 A
14222500 2003 12 20 38556.9292 A
14222500 2003 12 21 38536.3562 A
14222500 2003 12 22 38562.8341 A
14222500 2003 12 23 38536.0543 A
14222500 2003 12 24 38591.4791 A
14222500 2003 12 25 38557.8952 A
14222500 2003 12 26 38645.2870 A
14222500 2003 12 27 38563.1319 A
14222500 2003 12 28 38629.8370 A
14222500 2003 12 29 38606.3133 A
14222500 2003 12 30 38571.2310 A
14222500 2003 12 31 38635.1179 A
14222500 2004 1 1 38572.2784 A
14222500 2004 1 2 38597.3340 A
14222500 2004 1 3 38605.6321 A
14222500 2004 1 4 38610.4290 A
14222500 2004 1 5 38580.9923 A
14222500 2004 1 6 38601.3897 A
14222500 2004 1 7 38597.0788 A
14222500 2004 1 8 38612.6271 A
14222500 2004 1 9 38594.2655 A
14222500 2004 1 10 38786.7469 A
14222500 2004 1 11 38655.2639 A
14222500 2004 1 12 38645.9763 A
14222500 2004 1 13 38665.5625 A
14222500 2004 1 14 38673.2103 A
14222500 2004 1 15 38628.0924 A
14222500 2004 1 16 38665.0707 A
14222500 2004 1 17 38670.7353 A
14222500 2004 1 18 38640.4623 A
14222500 2004 1 19 38671.9426 A
14222500 2004 1 20 38732.4302 A
14222500 2004 1 21 38673.4865 A
14222500 2004 1 22 38679.7003 A
14222500 2004 1 23 38739.7359 A
14222500 2004 1 24 38744.3066 A
14222500 2004 1 25 38693.1066 A
14222500 2004 1 26 38794.3063 A
14222500 2004 1 27 38673.0518 A
14222500 2004 1 28 38683.3708 A
14222500 2004 1 29 38690.6273 A
14222500 2004 1 30 38666.3317 A
14222500 2004 1 31 38696.2166 A
14222500 2004 2 1 38701.3402 A
14222500 2004 2 2 38740.4794 A
14222500 2004 2 3 38675.4358 A
14222500 2004 2 4 38720.7159 A
14222500 2004 2 5 38715.4649 A
14222500 2004 2 6 38853.1804 A
14222500 2004 2 7 38732.2897 A
14222500 2004 2 8 38850.6983 A
14222500 2004 2 9 38810.2709 A
14222500 2004 2 10 38911.7849 A
14222500 2004 2 11 38864.7867 A
14222500 2004 2 12 38861.0685 A
14222500 2004 2 13 38832.4819 A
14222500 2004 2 14 38850.6204 A
14222500 2004 2 15 38877.3271 A
14222500 2004 2 16 38885.6363 A
14222500 2004 2 17 38864.9339 A
14222500 2004 2 18 39050.2845 A
14222500 2004 2 19 38901.7065 A
14222500 2004 2 20 38915.1554 A
14222500 2004 2 21 38938.1477 A
14222500 2004 2 22 38890.2074 A
14222500 2004 2 23 38938.7666 A
14222500 2004 2 24 39042.7838 A
14222500 2004 2 25 38915.9749 A
14222500 2004 2 26 38927.6123 A
14222500 2004 2 27 38925.5810 A
14222500 2004 2 28 38935.2647 A
14222500 2004 2 29 39039.5220 A
14222500 2004 3 1 39024.0622 A
14222500 2004 3 2 39035.7160 A
14222500 2004 3 3 39040.6760 A
14222500 2004 3 4 39063.8691 A
14222500 2004 3 5 39119.8510 A
14222500 2004 3 6 39092.1312 A
14222500 2004 3 7 39046.6432 A
14222500 2004 3 8 39108.0281 A
14222500 2004 3 9 39157.0496 A
14222500 2004 3 10 39302.1959 A
14222500 2004 3 11 39370.8972 A
14222500 2004 3 12 39230.5557 A
14222500 2004 3 13 39512.0707 A
14222500 2004 3 14 39372.0074 A
14222500 2004 3 15 39350.7961 A
14222500 2004 3 16 39731.0352 A
14222500 2004 3 17 39454.8143 A
14222500 2004 3 18 39457.3956 A
14222500 2004 3 19 39428.6082 A
14222500 2004 3 20 39413.8717 A
14222500 2004 3 21 39583.1312 A
14222500 2004 3 22 39572.9918 A
14222500 2004 3 23 39582.0736 A
14222500 2004 3 24 39585.3838 A
14222500 2004 3 25 39592.6709 A
14222500 2004 3 26 39823.7402 A
14222500 2004 3 27 39816.3090 A
14222500 2004 3 28 39749.7845 A
14222500 2004 3 29 39729.9658 A
14222500 2004 3 30 39635.3694 A
14222500 2004 3 31 39639.1330 A
14222500 2004 4 1 39708.8342 A
14222500 2004 4 2 39657.7031 A
14222500 2004 4 3 39689.8780 A
14222500 2004 4 4 39855.0314 A
14222500 2004 4 5 39746.6586 A
14222500 2004 4 6 39807.3981 A
14222500 2004 4 7 39813.4795 A
14222500 2004 4 8 39873.7333 A
14222500 2004 4 9 39908.6457 A
14222500 2004 4 10 39939.9153 A
14222500 2004 4 11 39788.6206 A
14222500 2004 4 12 40007.7585 A
14222500 2004 4 13 39929.9571 A
14222500 2004 4 14 39924.0864 A
14222500 2004 4 15 39903.5919 A
14222500 2004 4 16 39873.8020 A
14222500 2004 4 17 39852.7242 A
14222500 2004 4 18 39869.6162 A
14222500 2004 4 19 39868.3299 A
14222500 2004 4 20 39828.4027 A
14222500 2004 4 21 40011.4148 A
14222500 2004 4 22 39970.8853 A
14222500 2004 4 23 39963.8233 A
14222500 2004 4 24 40164.5815 A
14222500 2004 4 25 39933.5400 A
14222500 2004 4 26 40207.8312 A
14222500 2004 4 27 40017.3787 A
14222500 2004 4 28 40143.0906 A
14222500 2004 4 29 40024.2700 A
14222500 2004 4 30 40263.8935 A
14222500 2004 5 1 40072.6579 A
14222500 2004 5 2 40125.3678 A
14222500 2004 5 3 40344.3680 A
14222500 2004 5 4 40242.3667 A
14222500 2004 5 5 40195.7077 A
14222500 2004 5 6 40342.5074 A
14222500 2004 5 7 40230.5171 A
14222500 2004 5 8 40389.7239 A
14222500 2004 5 9 40307.5351 A
14222500 2004 5 10 40209.0383 A
14222500 2004 5 11 40300.5081 A
14222500 2004 5 12 40327.0342 A
14222500 2004 5 13 40391.3547 A
14222500 2004 5 14 40470.9515 A
14222500 2004 5 15 40333.8071 A
14222500 2004 5 16 40421.5101 A
14222500 2004 5 17 40362.3388 A
14222500 2004 5 18 40726.7080 A
14222500 2004 5 19 40565.3967 A
14222500 2004 5 20 40628.0970 A
14222500 2004 5 21 40765.7609 A
14222500 2004 5 22 40610.5955 A
14222500 2004 5 23 40780.7898 A
14222500 2004 5 24 40723.3867 A
14222500 2004 5 25 40752.1907 A
14222500 2004 5 26 40664.1013 A
14222500 2004 5 27 40829.8043 A
14222500 2004 5 28 40799.7289 A
14222500 2004 5 29 40742.3637 A
14222500 2004 5 30 40702.5062 A
14222500 2004 5 31 40810.2103 A
14222500 2004 6 1 40739.5770 A
14222500 2004 6 2 40805.3114 A
14222500 2004 6 3 40823.8106 A
14222500 2004 6 4 40927.5236 A
14222500 2004 6 5 41059.2169 A
14222500 2004 6 6 41036.4456 A
14222500 2004 6 7 40971.3826 A
14222500 2004 6 8 41013.5428 A
14222500 2004 6 9 40937.9384 A
14222500 2004 6 10 41224.2969 A
14222500 2004 6 11 40975.6185 A
14222500 2004 6 12 40976.9323 A
14222500 2004 6 13 40994.9920 A
14222500 2004 6 14 40984.3514 A
14222500 2004 6 15 41077.9060 A
14222500 2004 6 16 41629.3762 A
14222500 2004 6 17 41461.0366 A
14222500 2004 6 18 41252.2666 A
14222500 2004 6 19 41180.4086 A
14222500 2004 6 20 41349.1983 A
14222500 2004 6 21 41453.9745 A
14222500 2004 6 22 41297.4264 A
14222500 2004 6 23 41351.3691 A
14222500 2004 6 24 41266.0380 A
14222500 2004 6 25 41384.5696 A
14222500 2004 6 26 41350.8380 A
14222500 2004 6 27 41305.3785 A
14222500 2004 6 28 41359.1000 A
14222500 2004 6 29 41334.6993 A
14222500 2004 6 30 41331.0963 A
14222500 2004 7 1 41375.5134 A
14222500 2004 7 2 41335.7121 A
14222500 2004 7 3 41470.3522 A
14222500 2004 7 4 41485.7356 A
14222500 2004 7 5 41382.4004 A
14222500 2004 7 6 41779.7982 A
14222500 2004 7 7 41471.9822 A
14222500 2004 7 8 41538.3521 A
14222500 2004 7 9 41459.6197 A
14222500 2004 7 10 41479.6144 A
14222500 2004 7 11 41623.0175 A
14222500 2004 7 12 41680.3680 A
14222500 2004 7 13 41776.0913 A
14222500 2004 7 14 41768.7873 A
14222500 2004 7 15 41637.2388 A
14222500 2004 7 16 41799.6916 A
14222500 2004 7 17 41622.3203 A
14222500 2004 7 18 41690.9939 A
14222500 2004 7 19 41774.9295 A
14222500 2004 7 20 41724.4810 A
14222500 2004 7 21 41809.6228 A
14222500 2004 7 22 41981.6435 A
14222500 2004 7 23 41775.3538 A
14222500 2004 7 24 42038.3078 A
14222500 2004 7 25 41922.0338 A
14222500 2004 7 26 42054.7163 A
14222500 2004 7 27 42041.1875 A
14222500 2004 7 28 42172.8548 A
14222500 2004 7 29 42176.8872 A
14222500 2004 7 30 42073.4395 A
14222500 2004 7 31 42125.8991 A
14222500 2004 8 1 42062.6538 A
14222500 2004 8 2 42121.5431 A
14222500 2004 8 3 42146.6373 A
14222500 2004 8 4 42154.9648 A
14222500 2004 8 5 42066.3217 A
14222500 2004 8 6 42124.5764 A
14222500 2004 8 7 42083.9689 A
14222500 2004 8 8 42102.5294 A
14222500 2004 8 9 42074.1624 A
14222500 2004 8 10 42287.2258 A
14222500 2004 8 11 42171.6161 A
14222500 2004 8 12 42449.0701 A
14222500 2004 8 13 42216.8040 A
14222500 2004 8 14 42265.5347 A
14222500 2004 8 15 42330.3800 A
14222500 2004 8 16 42388.4358 A
14222500 2004 8 17 42333.5521 A
14222500 2004 8 18 42246.9971 A
14222500 2004 8 19 42392.0361 A
14222500 2004 8 20 42267.2869 A
14222500 2004 8 21 42326.7516 A
14222500 2004 8 22 42296.6707 A
14222500 2004 8 23 42291.8630 A
14222500 2004 8 24 42281.0038 A
14222500 2004 8 25 42284.8516 A
14222500 2004 8 26 42283.9416 A
14222500 2004 8 27 42274.0424 A
14222500 2004 8 28 42338.1084 A
14222500 2004 8 29 42284.9037 A
14222500 2004 8 30 42339.4437 A
14222500 2004 8 31 42577.0898 A
14222500 2004 9 1 42453.4210 A
14222500 2004 9 2 42362.0121 A
14222500 2004 9 3 42507.8414 A
14222500 2004 9 4 42397.9406 A
14222500 2004 9 5 42437.1760 A
14222500 2004 9 6 42449.9882 A
14222500 2004 9 7 42460.6838 A
14222500 2004 9 8 42447.1602 A
14222500 2004 9 9 42432.6809 A
14222500 2004 9 10 42464.4478 A
14222500 2004 9 11 42454.2637 A
14222500 2004 9 12 42541.6723 A
14222500 2004 9 13 42462.2339 A
14222500 2004 9 14 42600.4986 A
14222500 2004 9 15 42511.3130 A
14222500 2004 9 16 42483.0435 A
14222500 2004 9 17 42564.7390 A
14222500 2004 9 18 42493.3183 A
14222500 2004 9 19 42483.7185 A
14222500 2004 9 20 42554.9422 A
14222500 2004 9 21 42504.4023 A
14222500 2004 9 22 42544.3863 A
14222500 2004 9 23 42521.1020 A
14222500 2004 9 24 42553.4924 A
14222500 2004 9 25 42548.7831 A
14222500 2004 9 26 42518.2975 A
14222500 2004 9 27 42641.1444 A
14222500 2004 9 28 42622.6299 A
14222500 2004 9 29 42538.2269 A
14222500 2004 9 30 42506.6856 A
14222500 2004 10 1 42532.5570 A
14222500 2004 10 2 42535.5938 A
14222500 2004 10 3 42598.8401 A
14222500 2004 10 4 42548.6426 A
14222500 2004 10 5 42546.5561 A
14222500 2004 10 6 42528.0826 A
14222500 2004 10 7 42541.3263 A
14222500 2004 10 8 42578.5103 A
14222500 2004 10 9 42558.4808 A
14222500 2004 10 10 42630.3847 A
14222500 2004 10 11 42633.3162 A
14222500 2004 10 12 42568.2963 A
14222500 2004 10 13 42578.2794 A
14222500 2004 10 14 42625.1957 A
14222500 2004 10 15 42583.9445 A
14222500 2004 10 16 42584.1281 A
14222500 2004 10 17 42590.1947 A
14222500 2004 10 18 42651.0358 A
14222500 2004 10 19 42613.3890 A
14222500 2004 10 20 42584.9994 A
14222500 2004 10 21 42605.6487 A
14222500 2004 10 22 42615.2617 A
14222500 2004 10 23 42601.8413 A
14222500 2004 10 24 42638.3660 A
14222500 2004 10 25 42609.9184 A
14222500 2004 10 26 42592.7351 A
14222500 2004 10 27 42624.4705 A
14222500 2004 10 28 42635.3542 A
14222500 2004 10 29 42595.2893 A
14222500 2004 10 30 42646.7747 A
14222500 2004 10 31 42688.7583 A
14222500 2004 11 1 42647.0983 A
14222500 2004 11 2 42670.6720 A
14222500 2004 11 3 42624.9652 A
14222500 2004 11 4 42647.9066 A
14222500 2004 11 5 42691.2156 A
14222500 2004 11 6 42650.1375 A
14222500 2004 11 7 42690.5874 A
14222500 2004 11 8 42678.7863 A
14222500 2004 11 9 42719.7002 A
14222500 2004 11 10 42706.2911 A
14222500 2004 11 11 42695.7322 A
14222500 2004 11 12 42736.4747 A
14222500 2004 11 13 42731.7944 A
14222500 2004 11 14 42723.3063 A
14222500 2004 11 15 42697.7249 A
14222500 2004 11 16 42693.6897 A
14222500 2004 11 17 42706.5545 A
14222500 2004 11 18 42692.9729 A
14222500 2004 11 19 42701.9897 A
14222500 2004 11 20 42708.6364 A
14222500 2004 11 21 42731.8693 A
14222500 2004 11 22 42742.9618 A
14222500 2004 11 23 42710.8721 A
14222500 2004 11 24 42726.0343 A
14222500 2004 11 25 42719.6401 A
14222500 2004 11 26 42732.0426 A
14222500 2004 11 27 42707.8663 A
14222500 2004 11 28 42714.2131 A
14222500 2004 11 29 42701.8117 A
14222500 2004 11 30 42794.1554 A
14222500 2004 12 1 42731.1779 A
14222500 2004 12 2 42696.2536 A
14222500 2004 12 3 42765.7230 A
14222500 2004 12 4 42761.0163 A
14222500 2004 12 5 42746.8560 A
14222500 2004 12 6 42743.9265 A
14222500 2004 12 7 42732.2210 A
14222500 2004 12 8 42768.7462 A
14222500 2004 12 9 42757.8650 A
14222500 2004 12 10 42740.2753 A
14222500 2004 12 11 42722.4623 A
14222500 2004 12 12 42816.8911 A
14222500 2004 12 13 42788.4387 A
14222500 2004 12 14 42764.6409 A
14222500 2004 12 15 42790.6056 A
14222500 2004 12 16 42746.4189 A
14222500 2004 12 17 42796.6732 A
14222500 2004 12 18 42769.4401 A
14222500 2004 12 19 42764.1349 A
14222500 2004 12 20 42782.1877 A
14222500 2004 12 21 42750.3160 A
14222500 2004 12 22 42773.9964 A
14222500 2004 12 23 42796.4928 A
14222500 2004 12 24 42759.6687 A
14222500 2004 12 25 42794.6964 A
14222500 2004 12 26 42789.9960 A
14222500 2004 12 27 42826.6804 A
14222500 2004 12 28 42760.1079 A
14222500 2004 12 29 42790.6540 A
14222500 2004 12 30 42814.2531 A
14222500 2004 12 31 42814.2272 A
14222500 2005 1 1 42791.5479 A
14222500 2005 1 2 42806.6194 A
14222500 2005 1 3 42797.1113 A
14222500 2005 1 4 42782.9363 A
14222500 2005 1 5 42763.5755 A
14222500 2005 1 6 42806.6485 A
14222500 2005 1 7 42864.2865 A
14222500 2005 1 8 42793.8523 A
14222500 2005 1 9 42836.0271 A
14222500 2005 1 10 42898.2829 A
14222500 2005 1 11 43047.0171 A
14222500 2005 1 12 42813.4075 A
14222500 2005 1 13 42850.0985 A
14222500 2005 1 14 42929.2052 A
14222500 2005 1 15 43093.6309 A
14222500 2005 1 16 42867.0487 A
14222500 2005 1 17 42868.1407 A
14222500 2005 1 18 42928.0549 A
14222500 2005 1 19 42896.7127 A
14222500 2005 1 20 42948.8877 A
14222500 2005 1 21 42948.7460 A
14222500 2005 1 22 42991.4734 A
14222500 2005 1 23 43024.5947 A
14222500 2005 1 24 42933.9584 A
14222500 2005 1 25 42990.6038 A
14222500 2005 1 26 42983.0961 A
14222500 2005 1 27 42935.3813 A
14222500 2005 1 28 42962.5303 A
14222500 2005 1 29 43020.3395 A
14222500 2005 1 30 43218.0069 A
14222500 2005 1 31 43013.2915 A
14222500 2005 2 1 43052.3775 A
14222500 2005 2 2 43041.9834 A
14222500 2005 2 3 43048.1606 A
14222500 2005 2 4 43080.2559 A
14222500 2005 2 5 43056.8411 A
14222500 2005 2 6 43138.3499 A
14222500 2005 2 7 43388.5076 A
14222500 2005 2 8 43148.3278 A
14222500 2005 2 9 43262.0842 A
14222500 2005 2 10 43144.6498 A
14222500 2005 2 11 43196.3034 A
14222500 2005 2 12 43171.0829 A
14222500 2005 2 13 43190.5995 A
14222500 2005 2 14 43196.7214 A
14222500 2005 2 15 43158.7834 A
14222500 2005 2 16 43187.6457 A
14222500 2005 2 17 43404.6371 A
14222500 2005 2 18 43282.9055 A
14222500 2005 2 19 43231.1449 A
14222500 2005 2 20 43251.7467 A
14222500 2005 2 21 43231.0164 A
14222500 2005 2 22 43254.3746 A
14222500 2005 2 23 43254.6412 A
14222500 2005 2 24 43255.6004 A
14222500 2005 2 25 43410.3014 A
14222500 2005 2 26 43822.5981 A
14222500 2005 2 27 43372.0939 A
14222500 2005 2 28 43740.5519 A
14222500 2005 3 1 43467.6059 A
14222500 2005 3 2 43502.3945 A
14222500 2005 3 3 43477.0089 A
14222500 2005 3 4 43553.0668 A
14222500 2005 3 5 43556.8436 A
14222500 2005 3 6 43569.4954 A
14222500 2005 3 7 43724.9703 A
14222500 2005 3 8 43623.3284 A
14222500 2005 3 9 43553.5133 A
14222500 2005 3 10 43595.1520 A
14222500 2005 3 11 43693.4815 A
14222500 2005 3 12 43594.4663 A
14222500 2005 3 13 43563.1452 A
14222500 2005 3 14 44084.2675 A
14222500 2005 3 15 43837.7581 A
14222500 2005 3 16 43828.4674 A
14222500 2005 3 17 43896.2667 A
14222500 2005 3 18 43828.5488 A
14222500 2005 3 19 43789.1823 A
14222500 2005 3 20 43932.9189 A
14222500 2005 3 21 43883.6004 A
14222500 2005 3 22 43936.6586 A
14222500 2005 3 23 43932.4053 A
14222500 2005 3 24 44055.0850 A
14222500 2005 3 25 43993.2821 A
14222500 2005 3 26 43900.5956 A
14222500 2005 3 27 44088.0785 A
14222500 2005 3 28 44000.6075 A
14222500 2005 3 29 44019.4330 A
14222500 2005 3 30 44020.0641 A
14222500 2005 3 31 43982.2955 A
14222500 2005 4 1 44156.0726 A
14222500 2005 4 2 44021.7875 A
14222500 2005 4 3 44211.7610 A
14222500 2005 4 4 44011.9764 A
14222500 2005 4 5 44060.1238 A
14222500 2005 4 6 44188.1032 A
14222500 2005 4 7 44508.4998 A
14222500 2005 4 8 44152.2691 A
14222500 2005 4 9 44364.3502 A
14222500 2005 4 10 44224.1028 A
14222500 2005 4 11 44423.9446 A
14222500 2005 4 12 44346.7430 A
14222500 2005 4 13 44211.5021 A
14222500 2005 4 14 44297.2266 A
14222500 2005 4 15 44684.6429 A
14222500 2005 4 16 44402.9182 A
14222500 2005 4 17 44389.5589 A
14222500 2005 4 18 44373.8154 A
14222500 2005 4 19 44390.7620 A
14222500 2005 4 20 44670.7836 A
14222500 2005 4 21 44534.9041 A
14222500 2005 4 22 44645.0115 A
14222500 2005 4 23 44510.3871 A
14222500 2005 4 24 44814.8682 A
14222500 2005 4 25 44556.0463 A
14222500 2005 4 26 44566.2202 A
14222500 2005 4 27 44677.2286 A
14222500 2005 4 28 44812.4875 A
14222500 2005 4 29 44628.1777 A
14222500 2005 4 30 45117.0139 A
14222500 2005 5 1 44684.4423 A
14222500 2005 5 2 44956.1919 A
14222500 2005 5 3 44746.7311 A
14222500 2005 5 4 44991.1320 A
14222500 2005 5 5 44837.1705 A
14222500 2005 5 6 44842.7592 A
14222500 2005 5 7 44836.8383 A
14222500 2005 5 8 45195.3766 A
14222500 2005 5 9 44912.5309 A
14222500 2005 5 10 44991.2497 A
14222500 2005 5 11 44906.0027 A
14222500 2005 5 12 44998.3589 A
14222500 2005 5 13 45019.9490 A
14222500 2005 5 14 44917.5142 A
14222500 2005 5 15 45055.1785 A
14222500 2005 5 16 45108.5282 A
14222500 2005 5 17 44999.1342 A
14222500 2005 5 18 44997.3760 A
14222500 2005 5 19 45496.1570 A
14222500 2005 5 20 45163.2582 A
14222500 2005 5 21 45277.8695 A
14222500 2005 5 22 45158.6100 A
14222500 2005 5 23 45120.8486 A
14222500 2005 5 24 45197.0249 A
14222500 2005 5 25 45171.3125 A
14222500 2005 5 26 45167.3702 A
14222500 2005 5 27 45161.0525 A
14222500 2005 5 28 45319.1815 A
14222500 2005 5 29 45142.0376 A
14222500 2005 5 30 45428.4136 A
14222500 2005 5 31 45234.0931 A
14222500 2005 6 1 45313.3304 A
14222500 2005 6 2 45534.4394 A
14222500 2005 6 3 45465.4461 A
14222500 2005 6 4 45293.6513 A
14222500 2005 6 5 45336.0735 A
14222500 2005 6 6 45468.4804 A
14222500 2005 6 7 45424.4808 A
14222500 2005 6 8 45375.2172 A
14222500 2005 6 9 45683.9894 A
14222500 2005 6 10 45481.7638 A
14222500 2005 6 11 45440.1401 A
14222500 2005 6 12 45484.9520 A
14222500 2005 6 13 45456.2582 A
14222500 2005 6 14 45884.7508 A
14222500 2005 6 15 45653.1078 A
14222500 2005 6 16 45697.3411 A
14222500 2005 6 17 45625.6100 A
14222500 2005 6 18 45740.6611 A
14222500 2005 6 19 46171.7222 A
14222500 2005 6 20 46025.6590 A
14222500 2005 6 21 45875.8906 A
14222500 2005 6 22 45840.5760 A
14222500 2005 6 23 45938.1929 A
14222500 2005 6 24 45950.0575 A
14222500 2005 6 25 45885.1070 A
14222500 2005 6 26 45924.9394 A
14222500 2005 6 27 45886.0230 A
14222500 2005 6 28 45957.5757 A
14222500 2005 6 29 45936.7199 A
14222500 2005 6 30 46062.2728 A
14222500 2005 7 1 45952.1358 A
14222500 2005 7 2 45981.4439 A
14222500 2005 7 3 45957.6571 A
14222500 2005 7 4 45992.0363 A
14222500 2005 7 5 45999.9973 A
14222500 2005 7 6 46160.4953 A
14222500 2005 7 7 46090.3442 A
14222500 2005 7 8 46063.4234 A
14222500 2005 7 9 46017.4275 A
14222500 2005 7 10 46029.0746 A
14222500 2005 7 11 46044.7599 A
14222500 2005 7 12 46102.4583 A
14222500 2005 7 13 46184.5043 A
14222500 2005 7 14 46095.3495 A
14222500 2005 7 15 46150.8281 A
14222500 2005 7 16 46303.5118 A
14222500 2005 7 17 46335.6707 A
14222500 2005 7 18 46221.6739 A
14222500 2005 7 19 46351.4045 A
14222500 2005 7 20 46437.3951 A
14222500 2005 7 21 46413.8764 A
14222500 2005 7 22 46326.8036 A
14222500 2005 7 23 46349.7605 A
14222500 2005 7 24 46347.5745 A
14222500 2005 7 25 46467.9121 A
14222500 2005 7 26 46354.1761 A
14222500 2005 7 27 46566.3985 A
14222500 2005 7 28 46412.3881 A
14222500 2005 7 29 46448.4445 A
14222500 2005 7 30 46582.6334 A
14222500 2005 7 31 46567.0787 A
14222500 2005 8 1 46432.8671 A
14222500 2005 8 2 46595.0530 A
14222500 2005 8 3 46522.7440 A
14222500 2005 8 4 46535.5093 A
14222500 2005 8 5 46666.2668 A
14222500 2005 8 6 46540.1241 A
14222500 2005 8 7 46708.4553 A
14222500 2005 8 8 46571.5169 A
14222500 2005 8 9 46554.0034 A
14222500 2005 8 10 46583.8908 A
14222500 2005 8 11 46558.7995 A
14222500 2005 8 12 46562.0258 A
14222500 2005 8 13 46572.7922 A
14222500 2005 8 14 46703.3000 A
14222500 2005 8 15 46650.8833 A
14222500 2005 8 16 46624.7378 A
14222500 2005 8 17 46839.6323 A
14222500 2005 8 18 46818.6817 A
14222500 2005 8 19 46673.0713 A
14222500 2005 8 20 46668.4938 A
14222500 2005 8 21 46775.8087 A
14222500 2005 8 22 46848.1532 A
14222500 2005 8 23 46770.9352 A
14222500 2005 8 24 46758.3162 A
14222500 2005 8 25 46734.2817 A
14222500 2005 8 26 46797.7222 A
14222500 2005 8 27 46769.4350 A
14222500 2005 8 28 46731.0131 A
14222500 2005 8 29 46727.5166 A
14222500 2005 8 30 46841.0032 A
14222500 2005 8 31 46734.3372 A
14222500 2005 9 1 46758.6675 A
14222500 2005 9 2 47001.4076 A
14222500 2005 9 3 46791.9210 A
14222500 2005 9 4 46943.3561 A
14222500 2005 9 5 46817.4921 A
14222500 2005 9 6 46832.5198 A
14222500 2005 9 7 46828.8719 A
14222500 2005 9 8 46839.2558 A
14222500 2005 9 9 46834.3200 A
14222500 2005 9 10 46829.6508 A
14222500 2005 9 11 46864.2870 A
14222500 2005 9 12 46835.0839 A
14222500 2005 9 13 46808.8430 A
14222500 2005 9 14 46854.3058 A
14222500 2005 9 15 46806.2805 A
14222500 2005 9 16 46835.1987 A
14222500 2005 9 17 46898.4199 A
14222500 2005 9 18 46828.3378 A
14222500 2005 9 19 46854.2803 A
14222500 2005 9 20 46893.3688 A
14222500 2005 9 21 46834.8467 A
14222500 2005 9 22 46892.9329 A
14222500 2005 9 23 46880.9560 A
14222500 2005 9 24 46843.6445 A
14222500 2005 9 25 46851.6691 A
14222500 2005 9 26 46842.7702 A
14222500 2005 9 27 46902.0705 A
14222500 2005 9 28 46861.4552 A
14222500 2005 9 29 46904.9626 A
14222500 2005 9 30 46859.6758 A
14222500 2005 10 1 46869.8402 A
14222500 2005 10 2 46834.5141 A
14222500 2005 10 3 46875.5547 A
14222500 2005 10 4 46895.7184 A
14222500 2005 10 5 46852.7478 A
14222500 2005 10 6 46919.3461 A
14222500 2005 10 7 47017.5525 A
14222500 2005 10 8 46890.4503 A
14222500 2005 10 9 46903.8557 A
14222500 2005 10 10 46905.3783 A
14222500 2005 10 11 46938.7557 A
14222500 2005 10 12 46937.2211 A
14222500 2005 10 13 46903.9961 A
14222500 2005 10 14 46911.0039 A
14222500 2005 10 15 46909.6826 A
14222500 2005 10 16 46945.5973 A
14222500 2005 10 17 46919.4828 A
14222500 2005 10 18 46896.8491 A
14222500 2005 10 19 46877.1076 A
14222500 2005 10 20 46934.3911 A
14222500 2005 10 21 46878.8120 A
14222500 2005 10 22 46875.1128 A
14222500 2005 10 23 46940.6348 A
14222500 2005 10 24 46923.3752 A
14222500 2005 10 25 46944.2903 A
14222500 2005 10 26 46958.6095 A
14222500 2005 10 27 46966.3127 A
14222500 2005 10 28 46918.3727 A
14222500 2005 10 29 47014.8858 A
14222500 2005 10 30 46927.2132 A
14222500 2005 10 31 46989.1935 A
14222500 2005 11 1 46957.5191 A
14222500 2005 11 2 46949.2856 A
14222500 2005 11 3 46973.0034 A
14222500 2005 11 4 46956.2257 A
14222500 2005 11 5 46948.3017 A
14222500 2005 11 6 46954.2717 A
14222500 2005 11 7 46927.3442 A
14222500 2005 11 8 46934.4419 A
14222500 2005 11 9 46969.6684 A
14222500 2005 11 10 46994.0128 A
14222500 2005 11 11 46980.2068 A
14222500 2005 11 12 47003.4431 A
14222500 2005 11 13 47036.1595 A
14222500 2005 11 14 47037.7709 A
14222500 2005 11 15 47007.1597 A
14222500 2005 11 16 47001.0743 A
14222500 2005 11 17 46963.1160 A
14222500 2005 11 18 46996.0912 A
14222500 2005 11 19 47081.8136 A
14222500 2005 11 20 47070.4127 A
14222500 2005 11 21 47027.0750 A
14222500 2005 11 22 47044.3545 A
14222500 2005 11 23 47034.8530 A
14222500 2005 11 24 47122.5116 A
14222500 2005 11 25 47087.8417 A
14222500 2005 11 26 47064.6152 A
14222500 2005 11 27 47014.1195 A
14222500 2005 11 28 47028.1786 A
14222500 2005 11 29 47063.9387 A
14222500 2005 11 30 47064.0844 A
14222500 2005 12 1 47024.3340 A
14222500 2005 12 2 47035.7098 A
14222500 2005 12 3 47029.9317 A
14222500 2005 12 4 47036.6416 A
14222500 2005 12 5 47117.4698 A
14222500 2005 12 6 47096.6976 A
14222500 2005 12 7 47044.7628 A
14222500 2005 12 8 47061.6689 A
14222500 2005 12 9 47020.4192 A
14222500 2005 12 10 47085.9970 A
14222500 2005 12 11 47045.7362 A
14222500 2005 12 12 47077.1700 A
14222500 2005 12 13 47033.0827 A
14222500 2005 12 14 47091.1951 A
14222500 2005 12 15 47051.2280 A
14222500 2005 12 16 47159.1069 A
14222500 2005 12 17 47061.8362 A
14222500 2005 12 18 47066.5826 A
14222500 2005 12 19 47078.5150 A
14222500 2005 12 20 47065.1512 A
14222500 2005 12 21 47068.6831 A
14222500 2005 12 22 47051.9657 A
14222500 2005 12 23 47056.8364 A
14222500 2005 12 24 47042.8964 A
14222500 2005 12 25 47094.3136 A
14222500 2005 12 26 47112.6690 A
14222500 2005 12 27 47143.6161 A
14222500 2005 12 28 47115.1538 A
14222500 2005 12 29 47076.0107 A
14222500 2005 12 30 47124.1588 A
14222500 2005 12 31 47115.7108 A
14222500 2006 1 1 47127.7353 A
14222500 2006 1 2 47217.8107 A
14222500 2006 1 3 47152.7914 A
14222500 2006 1 4 47100.5118 A
14222500 2006 1 5 47138.8877 A
14222500 2006 1 6 47127.9510 A
14222500 2006 1 7 47302.8200 A
14222500 2006 1 8 47211.1501 A
14222500 2006 1 9 47167.1495 A
14222500 2006 1 10 47287.6836 A
14222500 2006 1 11 47169.6620 A
14222500 2006 1 12 47183.6941 A
14222500 2006 1 13 47170.2199 A
14222500 2006 1 14 47165.1874 A
14222500 2006 1 15 47189.7178 A
14222500 2006 1 16 47265.7354 A
14222500 2006 1 17 47231.6510 A
14222500 2006 1 18 47201.2312 A
14222500 2006 1 19 47160.8838 A
14222500 2006 1 20 47230.8380 A
14222500 2006 1 21 47244.5157 A
14222500 2006 1 22 47206.4612 A
14222500 2006 1 23 47255.5668 A
14222500 2006 1 24 47186.8185 A
14222500 2006 1 25 47242.8510 A
14222500 2006 1 26 47297.7044 A
14222500 2006 1 27 47290.2591 A
14222500 2006 1 28 47329.8916 A
14222500 2006 1 29 47270.0288 A
14222500 2006 1 30 47274.0679 A
14222500 2006 1 31 47325.7678 A
14222500 2006 2 1 47376.3737 A
14222500 2006 2 2 47292.3661 A
14222500 2006 2 3 47565.1581 A
14222500 2006 2 4 47319.6594 A
14222500 2006 2 5 47305.9386 A
14222500 2006 2 6 47303.0270 A
14222500 2006 2 7 47319.3833 A
14222500 2006 2 8 47333.1031 A
14222500 2006 2 9 47480.6691 A
14222500 2006 2 10 47397.3873 A
14222500 2006 2 11 47481.5284 A
14222500 2006 2 12 47390.8936 A
14222500 2006 2 13 47394.5403 A
14222500 2006 2 14 47417.3474 A
14222500 2006 2 15 47416.8062 A
14222500 2006 2 16 47427.6211 A
14222500 2006 2 17 47592.2766 A
14222500 2006 2 18 47483.0428 A
14222500 2006 2 19 47457.8883 A
14222500 2006 2 20 47413.2503 A
14222500 2006 2 21 47571.7096 A
14222500 2006 2 22 47534.7639 A
14222500 2006 2 23 47673.2834 A
14222500 2006 2 24 47557.0996 A
14222500 2006 2 25 47529.7601 A
14222500 2006 2 26 47564.3286 A
14222500 2006 2 27 47536.2246 A
14222500 2006 2 28 47657.6018 A
14222500 2006 3 1 47648.2025 A
14222500 2006 3 2 47721.7595 A
14222500 2006 3 3 47575.0164 A
14222500 2006 3 4 47588.2483 A
14222500 2006 3 5 47741.0304 A
14222500 2006 3 6 47628.7857 A
14222500 2006 3 7 47618.2207 A
14222500 2006 3 8 47650.3100 A
14222500 2006 3 9 47660.0766 A
14222500 2006 3 10 47808.1780 A
14222500 2006 3 11 47814.6653 A
14222500 2006 3 12 47738.2137 A
14222500 2006 3 13 47811.1400 A
14222500 2006 3 14 48025.8192 A
14222500 2006 3 15 47835.1439 A
14222500 2006 3 16 48016.0511 A
14222500 2006 3 17 47940.3138 A
14222500 2006 3 18 48276.1808 A
14222500 2006 3 19 48070.5834 A
14222500 2006 3 20 48207.3080 A
14222500 2006 3 21 48055.5807 A
14222500 2006 3 22 48078.4815 A
14222500 2006 3 23 48212.1697 A
14222500 2006 3 24 48151.6990 A
14222500 2006 3 25 48227.3473 A
14222500 2006 3 26 48187.1961 A
14222500 2006 3 27 48182.2101 A
14222500 2006 3 28 48165.5330 A
14222500 2006 3 29 48516.0562 A
14222500 2006 3 30 48190.1576 A
14222500 2006 3 31 48462.5989 A
14222500 2006 4 1 48290.7331 A
14222500 2006 4 2 48251.7782 A
14222500 2006 4 3 48439.0630 A
14222500 2006 4 4 48343.3959 A
14222500 2006 4 5 48335.5923 A
14222500 2006 4 6 48391.8207 A
14222500 2006 4 7 48356.9823 A
14222500 2006 4 8 48474.4557 A
14222500 2006 4 9 48417.5149 A
14222500 2006 4 10 48397.5783 A
14222500 2006 4 11 48489.2539 A
14222500 2006 4 12 48385.0125 A
14222500 2006 4 13 48539.5006 A
14222500 2006 4 14 48507.7263 A
14222500 2006 4 15 48766.8723 A
14222500 2006 4 16 48640.7586 A
14222500 2006 4 17 48682.3343 A
14222500 2006 4 18 48709.2754 A
14222500 2006 4 19 48857.3071 A
14222500 2006 4 20 48700.5204 A
14222500 2006 4 21 48643.4854 A
14222500 2006 4 22 48790.2312 A
14222500 2006 4 23 48754.9873 A
14222500 2006 4 24 48705.3056 A
14222500 2006 4 25 48682.0376 A
14222500 2006 4 26 48696.7430 A
14222500 2006 4 27 48785.3216 A
14222500 2006 4 28 48732.5392 A
14222500 2006 4 29 48793.7027 A
14222500 2006 4 30 48734.1328 A
14222500 2006 5 1 49009.4315 A
14222500 2006 5 2 48805.8824 A
14222500 2006 5 3 48926.0936 A
14222500 2006 5 4 48918.3850 A
14222500 2006 5 5 48937.4782 A
14222500 2006 5 6 48836.5302 A
14222500 2006 5 7 49105.7201 A
14222500 2006 5 8 48928.5815 A
14222500 2006 5 9 48943.2603 A
14222500 2006 5 10 49102.1327 A
14222500 2006 5 11 49079.4580 A
14222500 2006 5 12 49049.5456 A
14222500 2006 5 13 49193.3717 A
14222500 2006 5 14 49015.5120 A
14222500 2006 5 15 49030.4164 A
14222500 2006 5 16 49292.0797 A
14222500 2006 5 17 49074.7865 A
14222500 2006 5 18 49190.6116 A
14222500 2006 5 19 49207.9340 A
14222500 2006 5 20 49206.5060 A
14222500 2006 5 21 49236.7388 A
14222500 2006 5 22 49179.1054 A
14222500 2006 5 23 49215.7821 A
14222500 2006 5 24 49232.8910 A
14222500 2006 5 25 49201.2256 A
14222500 2006 5 26 49198.9938 A
14222500 2006 5 27 49302.0194 A
14222500 2006 5 28 49423.1221 A
14222500 2006 5 29 49235.4468 A
14222500 2006 5 30 49372.5479 A
14222500 2006 5 31 49312.1870 A
14222500 2006 6 1 49411.7129 A
14222500 2006 6 2 49293.9052 A
14222500 2006 6 3 49280.7201 A
14222500 2006 6 4 49402.4126 A
14222500 2006 6 5 49356.6662 A
14222500 2006 6 6 49300.2265 A
14222500 2006 6 7 49314.0121 A
14222500 2006 6 8 49394.5844 A
14222500 2006 6 9 49383.4814 A
14222500 2006 6 10 49346.9114 A
14222500 2006 6 11 49385.5211 A
14222500 2006 6 12 49504.4356 A
14222500 2006 6 13 49520.3210 A
14222500 2006 6 14 49549.8238 A
14222500 2006 6 15 49435.8837 A
14222500 2006 6 16 49693.2528 A
14222500 2006 6 17 49559.2045 A
14222500 2006 6 18 49505.6472 A
14222500 2006 6 19 49651.8905 A
14222500 2006 6 20 49911.4806 A
14222500 2006 6 21 49695.7429 A
14222500 2006 6 22 49627.1788 A
14222500 2006 6 23 49730.9234 A
14222500 2006 6 24 49683.5328 A
14222500 2006 6 25 49659.6626 A
14222500 2006 6 26 49619.5353 A
14222500 2006 6 27 49657.4646 A
14222500 2006 6 28 49626.4433 A
14222500 2006 6 29 49664.3343 A
14222500 2006 6 30 49618.2680 A
14222500 2006 7 1 49777.3741 A
14222500 2006 7 2 49730.8017 A
14222500 2006 7 3 49744.6400 A
14222500 2006 7 4 49749.2093 A
14222500 2006 7 5 50090.0960 A
14222500 2006 7 6 49805.3042 A
14222500 2006 7 7 49865.1620 A
14222500 2006 7 8 50025.0994 A
14222500 2006 7 9 49921.5625 A
14222500 2006 7 10 49942.6254 A
14222500 2006 7 11 49912.4622 A
14222500 2006 7 12 49893.7490 A
14222500 2006 7 13 49854.9501 A
14222500 2006 7 14 49939.5549 A
14222500 2006 7 15 49937.7545 A
14222500 2006 7 16 49967.1746 A
14222500 2006 7 17 50072.2832 A
14222500 2006 7 18 50134.9877 A
14222500 2006 7 19 50205.9989 A
14222500 2006 7 20 50025.1327 A
14222500 2006 7 21 50394.5309 A
14222500 2006 7 22 50072.4019 A
14222500 2006 7 23 50223.3128 A
14222500 2006 7 24 50265.5595 A
14222500 2006 7 25 50153.8109 A
14222500 2006 7 26 50205.3533 A
14222500 2006 7 27 50264.9072 A
14222500 2006 7 28 50194.7309 A
14222500 2006 7 29 50218.1767 A
14222500 2006 7 30 50234.3021 A
14222500 2006 7 31 50216.1388 A
14222500 2006 8 1 50349.0664 A
14222500 2006 8 2 50283.1741 A
14222500 2006 8 3 50231.2067 A
14222500 2006 8 4 50202.8534 A
14222500 2006 8 5 50342.6850 A
14222500 2006 8 6 50356.8982 A
14222500 2006 8 7 50299.5397 A
14222500 2006 8 8 50263.3898 A
14222500 2006 8 9 50395.0191 A
14222500 2006 8 10 50466.2546 A
14222500 2006 8 11 50349.1179 A
14222500 2006 8 12 50498.0655 A
14222500 2006 8 13 50355.1485 A
14222500 2006 8 14 50442.8000 A
14222500 2006 8 15 50454.7189 A
14222500 2006 8 16 50478.3017 A
14222500 2006 8 17 50549.5096 A
14222500 2006 8 18 50619.7802 A
14222500 2006 8 19 50522.0370 A
14222500 2006 8 20 50680.8845 A
14222500 2006 8 21 50693.6149 A
14222500 2006 8 22 50525.3434 A
14222500 2006 8 23 50530.7123 A
14222500 2006 8 24 50546.2642 A
14222500 2006 8 25 50522.6550 A
14222500 2006 8 26 50550.3573 A
14222500 2006 8 27 50527.1622 A
14222500 2006 8 28 50558.9858 A
14222500 2006 8 29 50829.6682 A
14222500 2006 8 30 50592.7118 A
14222500 2006 8 31 50595.8888 A
14222500 2006 9 1 50589.8951 A
14222500 2006 9 2 50668.3187 A
14222500 2006 9 3 50583.7320 A
14222500 2006 9 4 50644.6902 A
14222500 2006 9 5 50641.1458 A
14222500 2006 9 6 50709.4949 A
14222500 2006 9 7 50720.7185 A
14222500 2006 9 8 50707.4674 A
14222500 2006 9 9 50688.3935 A
14222500 2006 9 10 50677.5561 A
14222500 2006 9 11 50647.2127 A
14222500 2006 9 12 50670.6122 A
14222500 2006 9 13 50673.0504 A
14222500 2006 9 14 50807.1388 A
14222500 2006 9 15 50725.9714 A
14222500 2006 9 16 50813.8801 A
14222500 2006 9 17 50683.9813 A
14222500 2006 9 18 50741.2387 A
14222500 2006 9 19 50707.0630 A
14222500 2006 9 20 50807.3636 A
14222500 2006 9 21 50759.4818 A
14222500 2006 9 22 50854.4488 A
14222500 2006 9 23 50838.0317 A
14222500 2006 9 24 50748.0101 A
14222500 2006 9 25 50903.9671 A
14222500 2006 9 26 50950.9869 A
14222500 2006 9 27 50794.6553 A
14222500 2006 9 28 50884.4806 A
14222500 2006 9 29 50854.4124 A
14222500 2006 9 30 50843.6071 A
14222500 2006 10 1 50904.6291 A
14222500 2006 10 2 50916.0766 A
14222500 2006 10 3 50913.8560 A
14222500 2006 10 4 50838.3528 A
14222500 2006 10 5 50857.3442 A
14222500 2006 10 6 50849.9620 A
14222500 2006 10 7 50887.9179 A
14222500 2006 10 8 50844.1121 A
14222500 2006 10 9 50866.7487 A
14222500 2006 10 10 50872.0505 A
14222500 2006 10 11 50862.8636 A
14222500 2006 10 12 50910.7544 A
14222500 2006 10 13 50995.7724 A
14222500 2006 10 14 50936.4211 A
14222500 2006 10 15 50922.5482 A
14222500 2006 10 16 50885.6320 A
14222500 2006 10 17 50920.5522 A
14222500 2006 10 18 50967.0839 A
14222500 2006 10 19 50899.4020 A
14222500 2006 10 20 50920.2510 A
14222500 2006 10 21 50914.3538 A
14222500 2006 10 22 50974.7137 A
14222500 2006 10 23 51090.1699 A
14222500 2006 10 24 50977.9838 A
14222500 2006 10 25 50986.2986 A
14222500 2006 10 26 50995.5978 A
14222500 2006 10 27 51021.9476 A
14222500 2006 10 28 50994.1791 A
14222500 2006 10 29 51002.4011 A
14222500 2006 10 30 51026.7368 A
14222500 2006 10 31 51018.9929 A
14222500 2006 11 1 50963.6167 A
14222500 2006 11 2 50984.1222 A
14222500 2006 11 3 51016.0963 A
14222500 2006 11 4 50959.8534 A
14222500 2006 11 5 50966.2180 A
14222500 2006 11 6 51017.5373 A
14222500 2006 11 7 50995.5070 A
14222500 2006 11 8 50998.9324 A
14222500 2006 11 9 51034.6154 A
14222500 2006 11 10 51058.3884 A
14222500 2006 11 11 51015.5403 A
14222500 2006 11 12 51023.3588 A
14222500 2006 11 13 51002.2633 A
14222500 2006 11 14 51040.2236 A
14222500 2006 11 15 51044.7377 A
14222500 2006 11 16 51046.4363 A
14222500 2006 11 17 51082.1670 A
14222500 2006 11 18 51071.9502 A
14222500 2006 11 19 51059.8601 A
14222500 2006 11 20 51044.3603 A
14222500 2006 11 21 51083.5699 A
14222500 2006 11 22 51079.2788 A
14222500 2006 11 23 51023.1958 A
14222500 2006 11 24 51023.8320 A
14222500 2006 11 25 51015.3886 A
14222500 2006 11 26 51026.8226 A
14222500 2006 11 27 51061.1520 A
14222500 2006 11 28 51021.1914 A
14222500 2006 11 29 51011.5480 A
14222500 2006 11 30 51105.7735 A
14222500 2006 12 1 51046.2787 A
14222500 2006 12 2 51090.3584 A
14222500 2006 12 3 51075.9699 A
14222500 2006 12 4 51049.0105 A
14222500 2006 12 5 51053.2132 A
14222500 2006 12 6 51066.6620 A
14222500 2006 12 7 51069.3358 A
14222500 2006 12 8 51042.7239 A
14222500 2006 12 9 51061.8694 A
14222500 2006 12 10 51135.6219 A
14222500 2006 12 11 51060.6717 A
14222500 2006 12 12 51062.9695 A
14222500 2006 12 13 51169.2218 A
14222500 2006 12 14 51100.5409 A
14222500 2006 12 15 51129.2055 A
14222500 2006 12 16 51101.3558 A
14222500 2006 12 17 51098.1935 A
14222500 2006 12 18 51188.8924 A
14222500 2006 12 19 51132.2076 A
14222500 2006 12 20 51113.4813 A
14222500 2006 12 21 51113.4397 A
14222500 2006 12 22 51113.0746 A
14222500 2006 12 23 51233.1937 A
14222500 2006 12 24 51202.1074 A
14222500 2006 12 25 51144.8968 A
14222500 2006 12 26 51176.7916 A
14222500 2006 12 27 51152.7572 A
14222500 2006 12 28 51194.1361 A
14222500 2006 12 29 51147.9713 A
14222500 2006 12 30 51152.3226 A
14222500 2006 12 31 51134.5220 A
14222500 2007 1 1 51210.5825 A
14222500 2007 1 2 51229.9430 A
14222500 2007 1 3 51144.2059 A
14222500 2007 1 4 51170.8251 A
14222500 2007 1 5 51261.9611 A
14222500 2007 1 6 51175.2894 A
14222500 2007 1 7 51203.9801 A
14222500 2007 1 8 51181.3724 A
14222500 2007 1 9 51190.7791 A
14222500 2007 1 10 51223.0729 A
14222500 2007 1 11 51208.3164 A
14222500 2007 1 12 51269.7086 A
14222500 2007 1 13 51191.4739 A
14222500 2007 1 14 51315.0285 A
14222500 2007 1 15 51258.6774 A
14222500 2007 1 16 51199.4171 A
14222500 2007 1 17 51202.9378 A
14222500 2007 1 18 51230.5723 A
14222500 2007 1 19 51419.1694 A
14222500 2007 1 20 51331.3672 A
14222500 2007 1 21 51424.2994 A
14222500 2007 1 22 51282.9421 A
14222500 2007 1 23 51292.5655 A
14222500 2007 1 24 51431.2552 A
14222500 2007 1 25 51503.1708 A
14222500 2007 1 26 51449.6205 A
14222500 2007 1 27 51490.0354 A
14222500 2007 1 28 51446.3988 A
14222500 2007 1 29 51392.3435 A
14222500 2007 1 30 51525.8731 A
14222500 2007 1 31 51454.1567 A
14222500 2007 2 1 51749.9637 A
14222500 2007 2 2 51442.4475 A
14222500 2007 2 3 51520.2372 A
14222500 2007 2 4 51513.8492 A
14222500 2007 2 5 51729.4744 A
14222500 2007 2 6 51532.6561 A
14222500 2007 2 7 51549.0799 A
14222500 2007 2 8 51657.5587 A
14222500 2007 2 9 51666.3013 A
14222500 2007 2 10 51534.3822 A
14222500 2007 2 11 51652.8206 A
14222500 2007 2 12 51572.6022 A
14222500 2007 2 13 51596.8978 A
14222500 2007 2 14 51709.6292 A
14222500 2007 2 15 51691.0904 A
14222500 2007 2 16 51685.0909 A
14222500 2007 2 17 51650.3278 A
14222500 2007 2 18 51634.7892 A
14222500 2007 2 19 51768.8244 A
14222500 2007 2 20 51678.4972 A
14222500 2007 2 21 51750.9082 A
14222500 2007 2 22 51704.1285 A
14222500 2007 2 23 51689.6332 A
14222500 2007 2 24 51663.3445 A
14222500 2007 2 25 51925.4449 A
14222500 2007 2 26 51776.9943 A
14222500 2007 2 27 51699.8164 A
14222500 2007 2 28 51837.9141 A
14222500 2007 3 1 52053.9035 A
14222500 2007 3 2 52063.6261 A
14222500 2007 3 3 51900.1129 A
14222500 2007 3 4 51962.0252 A
14222500 2007 3 5 51926.5188 A
14222500 2007 3 6 52343.6359 A
14222500 2007 3 7 51984.9122 A
14222500 2007 3 8 51978.3423 A
14222500 2007 3 9 52159.8511 A
14222500 2007 3 10 52170.3819 A
14222500 2007 3 11 52139.5865 A
14222500 2007 3 12 52200.8556 A
14222500 2007 3 13 52195.8341 A
14222500 2007 3 14 52088.7952 A
14222500 2007 3 15 52167.7177 A
14222500 2007 3 16 52100.7157 A
14222500 2007 3 17 52228.7496 A
14222500 2007 3 18 52259.8633 A
14222500 2007 3 19 52260.0927 A
14222500 2007 3 20 52255.2469 A
14222500 2007 3 21 52380.0284 A
14222500 2007 3 22 52525.8734 A
14222500 2007 3 23 52417.5212 A
14222500 2007 3 24 52345.9976 A
14222500 2007 3 25 52360.8715 A
14222500 2007 3 26 52527.0755 A
14222500 2007 3 27 52444.4415 A
14222500 2007 3 28 52729.9984 A
14222500 2007 3 29 52547.2402 A
14222500 2007 3 30 52800.3628 A
14222500 2007 3 31 52593.9036 A
14222500 2007 4 1 52561.2530 A
14222500 2007 4 2 52556.1257 A
14222500 2007 4 3 52707.0574 A
14222500 2007 4 4 52703.1225 A
14222500 2007 4 5 52823.5639 A
14222500 2007 4 6 52850.7076 A
14222500 2007 4 7 52734.9580 A
14222500 2007 4 8 52943.9507 A
14222500 2007 4 9 53027.2978 A
14222500 2007 4 10 52886.3322 A
14222500 2007 4 11 53188.4628 A
14222500 2007 4 12 52931.8926 A
14222500 2007 4 13 53014.4268 A
14222500 2007 4 14 53069.4632 A
14222500 2007 4 15 53011.0644 A
14222500 2007 4 16 52963.9476 A
14222500 2007 4 17 53242.8069 A
14222500 2007 4 18 53063.6177 A
14222500 2007 4 19 53184.7782 A
14222500 2007 4 20 53055.6964 A
14222500 2007 4 21 53130.0523 A
14222500 2007 4 22 53324.5029 A
14222500 2007 4 23 53285.0853 A
14222500 2007 4 24 53263.9947 A
14222500 2007 4 25 53139.2825 A
14222500 2007 4 26 53302.0301 A
14222500 2007 4 27 53180.4673 A
14222500 2007 4 28 53302.4112 A
14222500 2007 4 29 53409.9923 A
14222500 2007 4 30 53216.8213 A
14222500 2007 5 1 53403.2251 A
14222500 2007 5 2 53423.4606 A
14222500 2007 5 3 53320.7481 A
14222500 2007 5 4 53389.2721 A
14222500 2007 5 5 53363.5680 A
14222500 2007 5 6 53316.7009 A
14222500 2007 5 7 53324.9597 A
14222500 2007 5 8 53378.6273 A
14222500 2007 5 9 53582.6016 A
14222500 2007 5 10 53554.5383 A
14222500 2007 5 11 53558.3802 A
14222500 2007 5 12 53594.7363 A
14222500 2007 5 13 53673.8709 A
14222500 2007 5 14 53515.6488 A
14222500 2007 5 15 53535.7909 A
14222500 2007 5 16 53738.9586 A
14222500 2007 5 17 53613.0208 A
14222500 2007 5 18 53638.8935 A
14222500 2007 5 19 53600.8916 A
14222500 2007 5 20 53575.7448 A
14222500 2007 5 21 53857.5685 A
14222500 2007 5 22 53944.9351 A
14222500 2007 5 23 53727.3171 A
14222500 2007 5 24 54522.9095 A
14222500 2007 5 25 53916.7263 A
14222500 2007 5 26 54131.1894 A
14222500 2007 5 27 54034.7959 A
14222500 2007 5 28 53976.3647 A
14222500 2007 5 29 54095.0811 A
14222500 2007 5 30 53964.2899 A
14222500 2007 5 31 54276.5326 A
14222500 2007 6 1 54056.4737 A
14222500 2007 6 2 54107.2545 A
14222500 2007 6 3 54089.3103 A
14222500 2007 6 4 54147.8187 A
14222500 2007 6 5 54117.4243 A
14222500 2007 6 6 54142.9774 A
14222500 2007 6 7 54112.6518 A
14222500 2007 6 8 54059.1662 A
14222500 2007 6 9 54181.8383 A
14222500 2007 6 10 54120.6252 A
14222500 2007 6 11 54307.7620 A
14222500 2007 6 12 54140.9413 A
14222500 2007 6 13 54200.4381 A
14222500 2007 6 14 54276.5693 A
14222500 2007 6 15 54312.1215 A
14222500 2007 6 16 54347.4929 A
14222500 2007 6 17 54230.9968 A
14222500 2007 6 18 54295.4435 A
14222500 2007 6 19 54222.6554 A
14222500 2007 6 20 54239.3680 A
14222500 2007 6 21 54263.8668 A
14222500 2007 6 22 54250.3553 A
14222500 2007 6 23 54270.5448 A
14222500 2007 6 24 54325.1407 A
14222500 2007 6 25 54750.6746 A
14222500 2007 6 26 54407.3680 A
14222500 2007 6 27 54396.5250 A
14222500 2007 6 28 54363.1884 A
14222500 2007 6 29 54465.9272 A
14222500 2007 6 30 54496.9129 A
14222500 2007 7 1 54386.5106 A
14222500 2007 7 2 54398.7525 A
14222500 2007 7 3 54440.7267 A
14222500 2007 7 4 54397.0699 A
14222500 2007 7 5 54506.6559 A
14222500 2007 7 6 54434.4755 A
14222500 2007 7 7 54441.2560 A
14222500 2007 7 8 54479.3184 A
14222500 2007 7 9 54425.4692 A
14222500 2007 7 10 54480.9600 A
14222500 2007 7 11 54498.0629 A
14222500 2007 7 12 54428.8943 A
14222500 2007 7 13 54546.1350 A
14222500 2007 7 14 54457.5682 A
14222500 2007 7 15 54633.7096 A
14222500 2007 7 16 54617.4405 A
14222500 2007 7 17 54629.9755 A
14222500 2007 7 18 54847.2887 A
14222500 2007 7 19 54689.8668 A
14222500 2007 7 20 54813.8690 A
14222500 2007 7 21 54672.1780 A
14222500 2007 7 22 54732.5860 A
14222500 2007 7 23 54747.6403 A
14222500 2007 7 24 55020.3119 A
14222500 2007 7 25 54879.2859 A
14222500 2007 7 26 54989.6845 A
14222500 2007 7 27 54827.6894 A
14222500 2007 7 28 54875.8302 A
14222500 2007 7 29 54841.6716 A
14222500 2007 7 30 55102.9155 A
14222500 2007 7 31 54872.4797 A
14222500 2007 8 1 54977.3104 A
14222500 2007 8 2 54877.3790 A
14222500 2007 8 3 55092.1754 A
14222500 2007 8 4 54971.1630 A
14222500 2007 8 5 54955.1750 A
14222500 2007 8 6 54997.2034 A
14222500 2007 8 7 54906.9855 A
14222500 2007 8 8 55080.9969 A
14222500 2007 8 9 55133.2366 A
14222500 2007 8 10 55123.1028 A
14222500 2007 8 11 55128.5041 A
14222500 2007 8 12 55093.3986 A
14222500 2007 8 13 55056.6964 A
14222500 2007 8 14 55105.7554 A
14222500 2007 8 15 55048.5696 A
14222500 2007 8 16 55026.4052 A
14222500 2007 8 17 55149.8069 A
14222500 2007 8 18 55121.0699 A
14222500 2007 8 19 55088.6285 A
14222500 2007 8 20 55101.6754 A
14222500 2007 8 21 55102.9081 A
14222500 2007 8 22 55085.2511 A
14222500 2007 8 23 55042.3232 A
14222500 2007 8 24 55122.7767 A
14222500 2007 8 25 55135.0664 A
14222500 2007 8 26 55137.7652 A
14222500 2007 8 27 55116.1785 A
14222500 2007 8 28 55185.5494 A
14222500 2007 8 29 55139.3207 A
14222500 2007 8 30 55157.9713 A
14222500 2007 8 31 55341.9020 A
14222500 2007 9 1 55304.3104 A
14222500 2007 9 2 55267.3397 A
14222500 2007 9 3 55246.0359 A
14222500 2007 9 4 55257.4673 A
14222500 2007 9 5 55272.2878 A
14222500 2007 9 6 55229.0913 A
14222500 2007 9 7 55278.6976 A
14222500 2007 9 8 55242.3755 A
14222500 2007 9 9 55334.5983 A
14222500 2007 9 10 55385.8604 A
14222500 2007 9 11 55289.6622 A
14222500 2007 9 12 55334.5774 A
14222500 2007 9 13 55291.0665 A
14222500 2007 9 14 55257.8311 A
14222500 2007 9 15 55255.3193 A
14222500 2007 9 16 55269.3454 A
14222500 2007 9 17 55244.6189 A
14222500 2007 9 18 55311.4180 A
14222500 2007 9 19 55555.7138 A
14222500 2007 9 20 55366.0889 A
14222500 2007 9 21 55402.0113 A
14222500 2007 9 22 55330.7477 A
14222500 2007 9 23 55359.6431 A
14222500 2007 9 24 55409.8716 A
14222500 2007 9 25 55417.9937 A
14222500 2007 9 26 55403.9079 A
14222500 2007 9 27 55360.0927 A
14222500 2007 9 28 55450.3604 A
14222500 2007 9 29 55368.6489 A
14222500 2007 9 30 55359.3869 A
14222500 2007 10 1 55374.9540 A
14222500 2007 10 2 55398.3607 A
14222500 2007 10 3 55384.8551 A
14222500 2007 10 4 55370.3894 A
14222500 2007 10 5 55389.9323 A
14222500 2007 10 6 55402.7350 A
14222500 2007 10 7 55446.2318 A
14222500 2007 10 8 55393.0485 A
14222500 2007 10 9 55427.8087 A
14222500 2007 10 10 55420.3006 A
14222500 2007 10 11 55449.7183 A
14222500 2007 10 12 55465.2400 A
14222500 2007 10 13 55422.3532 A
14222500 2007 10 14 55467.8692 A
14222500 2007 10 15 55422.4037 A
14222500 2007 10 16 55466.5702 A
14222500 2007 10 17 55377.6679 A
14222500 2007 10 18 55442.1940 A
14222500 2007 10 19 55424.5500 A
14222500 2007 10 20 55439.8870 A
14222500 2007 10 21 55466.2135 A
14222500 2007 10 22 55568.1390 A
14222500 2007 10 23 55476.4428 A
14222500 2007 10 24 55468.6200 A
14222500 2007 10 25 55453.7632 A
14222500 2007 10 26 55457.5774 A
14222500 2007 10 27 55429.3323 A
14222500 2007 10 28 55507.7197 A
14222500 2007 10 29 55499.2694 A
14222500 2007 10 30 55520.8535 A
14222500 2007 10 31 55497.5636 A
14222500 2007 11 1 55441.1768 A
14222500 2007 11 2 55481.9303 A
14222500 2007 11 3 55485.6982 A
14222500 2007 11 4 55554.6982 A
14222500 2007 11 5 55604.6139 A
14222500 2007 11 6 55508.7072 A
14222500 2007 11 7 55501.4352 A
14222500 2007 11 8 55483.2508 A
14222500 2007 11 9 55478.9862 A
14222500 2007 11 10 55542.3691 A
14222500 2007 11 11 55499.9354 A
14222500 2007 11 12 55578.0866 A
14222500 2007 11 13 55559.0888 A
14222500 2007 11 14 55510.6061 A
14222500 2007 11 15 55511.0748 A
14222500 2007 11 16 55532.6269 A
14222500 2007 11 17 55508.3694 A
14222500 2007 11 18 55532.0726 A
14222500 2007 11 19 55506.7660 A
14222500 2007 11 20 55496.5763 A
14222500 2007 11 21 55527.8025 A
14222500 2007 11 22 55598.8201 A
14222500 2007 11 23 55539.0009 A
14222500 2007 11 24 55521.1004 A
14222500 2007 11 25 55621.7629 A
14222500 2007 11 26 55540.7429 A
14222500 2007 11 27 55542.7480 A
14222500 2007 11 28 55633.3638 A
14222500 2007 11 29 55557.7356 A
14222500 2007 11 30 55681.1538 A
14222500 2007 12 1 55596.2087 A
14222500 2007 12 2 55641.9404 A
14222500 2007 12 3 55613.3114 A
14222500 2007 12 4 55626.6859 A
14222500 2007 12 5 55591.4700 A
14222500 2007 12 6 55621.8528 A
14222500 2007 12 7 55618.1835 A
14222500 2007 12 8 55599.5585 A
14222500 2007 12 9 55668.3990 A
14222500 2007 12 10 55614.7784 A
14222500 2007 12 11 55601.7780 A
14222500 2007 12 12 55586.6186 A
14222500 2007 12 13 55599.9725 A
14222500 2007 12 14 55644.9902 A
14222500 2007 12 15 55635.8141 A
14222500 2007 12 16 55656.4235 A
14222500 2007 12 17 55608.5084 A
14222500 2007 12 18 55642.7490 A
14222500 2007 12 19 55622.4367 A
14222500 2007 12 20 55623.5746 A
14222500 2007 12 21 55613.1853 A
14222500 2007 12 22 55651.0980 A
14222500 2007 12 23 55671.0802 A
14222500 2007 12 24 55657.8798 A
14222500 2007 12 25 55618.6163 A
14222500 2007 12 26 55645.9849 A
14222500 2007 12 27 55664.0084 A
14222500 2007 12 28 55758.7121 A
14222500 2007 12 29 55679.3886 A
14222500 2007 12 30 55645.8153 A
14222500 2007 12 31 55620.8366 A
14222500 2008 1 1 55675.5108 A
14222500 2008 1 2 55659.7913 A
14222500 2008 1 3 55674.3034 A
14222500 2008 1 4 55653.0435 A
14222500 2008 1 5 55662.8433 A
14222500 2008 1 6 55745.2170 A
14222500 2008 1 7 55738.8548 A
14222500 2008 1 8 55744.2560 A
14222500 2008 1 9 55782.0391 A
14222500 2008 1 10 55747.0191 A
14222500 2008 1 11 55819.9825 A
14222500 2008 1 12 55744.7413 A
14222500 2008 1 13 55710.4637 A
14222500 2008 1 14 55759.9784 A
14222500 2008 1 15 55791.6725 A
14222500 2008 1 16 55763.6347 A
14222500 2008 1 17 55730.2087 A
14222500 2008 1 18 55788.7417 A
14222500 2008 1 19 55791.9959 A
14222500 2008 1 20 55753.2437 A
14222500 2008 1 21 55754.1857 A
14222500 2008 1 22 55753.9527 A
14222500 2008 1 23 55760.7236 A
14222500 2008 1 24 55741.1016 A
14222500 2008 1 25 55729.0384 A
14222500 2008 1 26 55836.7366 A
14222500 2008 1 27 55723.3430 A
14222500 2008 1 28 55735.5734 A
14222500 2008 1 29 55977.0247 A
14222500 2008 1 30 55797.4634 A
14222500 2008 1 31 55777.1695 A
14222500 2008 2 1 55797.6455 A
14222500 2008 2 2 55868.4573 A
14222500 2008 2 3 55832.1752 A
14222500 2008 2 4 55788.9728 A
14222500 2008 2 5 55783.6515 A
14222500 2008 2 6 55825.4532 A
14222500 2008 2 7 55798.9446 A
14222500 2008 2 8 55834.0127 A
14222500 2008 2 9 55935.4632 A
14222500 2008 2 10 55895.8048 A
14222500 2008 2 11 55844.9872 A
14222500 2008 2 12 55845.1948 A
14222500 2008 2 13 56073.7301 A
14222500 2008 2 14 55860.5549 A
14222500 2008 2 15 55900.2690 A
14222500 2008 2 16 55911.2841 A
14222500 2008 2 17 56009.5039 A
14222500 2008 2 18 56166.6588 A
14222500 2008 2 19 55964.5649 A
14222500 2008 2 20 56030.0855 A
14222500 2008 2 21 55978.1617 A
14222500 2008 2 22 56055.3175 A
14222500 2008 2 23 56041.9103 A
14222500 2008 2 24 56236.4591 A
14222500 2008 2 25 56070.2781 A
14222500 2008 2 26 56173.1953 A
14222500 2008 2 27 56103.6622 A
14222500 2008 2 28 56046.0143 A
14222500 2008 2 29 56230.7855 A
14222500 2008 3 1 56090.5874 A
14222500 2008 3 2 56203.1904 A
14222500 2008 3 3 56190.7477 A
14222500 2008 3 4 56146.8420 A
14222500 2008 3 5 56238.3373 A
14222500 2008 3 6 56324.0781 A
14222500 2008 3 7 56310.9277 A
14222500 2008 3 8 56406.3547 A
14222500 2008 3 9 56277.7293 A
14222500 2008 3 10 56340.5544 A
14222500 2008 3 11 56292.3381 A
14222500 2008 3 12 56341.6236 A
14222500 2008 3 13 56337.3642 A
14222500 2008 3 14 56358.1991 A
14222500 2008 3 15 56429.9768 A
14222500 2008 3 16 56485.9722 A
14222500 2008 3 17 56417.4364 A
14222500 2008 3 18 56465.8384 A
14222500 2008 3 19 56475.4630 A
14222500 2008 3 20 56596.0857 A
14222500 2008 3 21 56479.8182 A
14222500 2008 3 22 56575.4452 A
14222500 2008 3 23 56523.2854 A
14222500 2008 3 24 56731.6660 A
14222500 2008 3 25 56496.2273 A
14222500 2008 3 26 56731.0623 A
14222500 2008 3 27 56548.8711 A
14222500 2008 3 28 56786.3696 A
14222500 2008 3 29 56613.4799 A
14222500 2008 3 30 56699.8402 A
14222500 2008 3 31 56644.8720 A
14222500 2008 4 1 56722.2847 A
14222500 2008 4 2 56731.8080 A
14222500 2008 4 3 56660.3805 A
14222500 2008 4 4 56717.7346 A
14222500 2008 4 5 56668.4502 A
14222500 2008 4 6 56682.5870 A
14222500 2008 4 7 57273.6850 A
14222500 2008 4 8 56767.6779 A
14222500 2008 4 9 56863.5907 A
14222500 2008 4 10 56820.3726 A
14222500 2008 4 11 56829.2597 A
14222500 2008 4 12 56845.8808 A
14222500 2008 4 13 56901.3962 A
14222500 2008 4 14 56950.0681 A
14222500 2008 4 15 56867.3007 A
14222500 2008 4 16 56870.5855 A
14222500 2008 4 17 56857.8324 A
14222500 2008 4 18 56858.0458 A
14222500 2008 4 19 56967.6979 A
14222500 2008 4 20 56997.3887 A
14222500 2008 4 21 57006.0116 A
14222500 2008 4 22 56974.0990 A
14222500 2008 4 23 57008.2854 A
14222500 2008 4 24 57164.5148 A
14222500 2008 4 25 57160.6445 A
14222500 2008 4 26 57048.5182 A
14222500 2008 4 27 57046.9660 A
14222500 2008 4 28 57267.2674 A
14222500 2008 4 29 57119.4592 A
14222500 2008 4 30 57086.0596 A
14222500 2008 5 1 57216.7167 A
14222500 2008 5 2 57333.7695 A
14222500 2008 5 3 57167.5598 A
14222500 2008 5 4 57360.0805 A
14222500 2008 5 5 57559.9393 A
14222500 2008 5 6 57404.0492 A
14222500 2008 5 7 57261.6016 A
14222500 2008 5 8 57341.3797 A
14222500 2008 5 9 57586.8217 A
14222500 2008 5 10 57566.1374 A
14222500 2008 5 11 57467.3828 A
14222500 2008 5 12 57521.2898 A
14222500 2008 5 13 57623.7637 A
14222500 2008 5 14 57470.2466 A
14222500 2008 5 15 57590.3518 A
14222500 2008 5 16 57678.0880 A
14222500 2008 5 17 57563.0252 A
14222500 2008 5 18 57586.4079 A
14222500 2008 5 19 57803.1620 A
14222500 2008 5 20 57649.1422 A
14222500 2008 5 21 57621.9960 A
14222500 2008 5 22 57594.8699 A
14222500 2008 5 23 57683.9471 A
14222500 2008 5 24 57656.4932 A
14222500 2008 5 25 57639.7630 A
14222500 2008 5 26 57719.6612 A
14222500 2008 5 27 57903.1269 A
14222500 2008 5 28 57887.2739 A
14222500 2008 5 29 57902.0626 A
14222500 2008 5 30 57770.1309 A
14222500 2008 5 31 57897.2014 A
14222500 2008 6 1 57772.6210 A
14222500 2008 6 2 57885.2607 A
14222500 2008 6 3 57820.9620 A
14222500 2008 6 4 57887.5066 A
14222500 2008 6 5 57849.5290 A
14222500 2008 6 6 57881.6022 A
14222500 2008 6 7 57832.5485 A
14222500 2008 6 8 58380.5745 A
14222500 2008 6 9 58015.6953 A
14222500 2008 6 10 58181.6300 A
14222500 2008 6 11 58105.5025 A
14222500 2008 6 12 57994.2935 A
14222500 2008 6 13 58097.2803 A
14222500 2008 6 14 58020.7740 A
14222500 2008 6 15 58032.7027 A
14222500 2008 6 16 58076.1087 A
14222500 2008 6 17 58059.3974 A
14222500 2008 6 18 58030.1407 A
14222500 2008 6 19 58032.0207 A
14222500 2008 6 20 58198.0136 A
14222500 2008 6 21 58286.8704 A
14222500 2008 6 22 58237.1098 A
14222500 2008 6 23 58371.0657 A
14222500 2008 6 24 58703.9956 A
14222500 2008 6 25 58346.9693 A
14222500 2008 6 26 58449.7043 A
14222500 2008 6 27 58347.5305 A
14222500 2008 6 28 58321.8292 A
14222500 2008 6 29 58596.1499 A
14222500 2008 6 30 58368.6168 A
14222500 2008 7 1 58406.4552 A
14222500 2008 7 2 58443.3560 A
14222500 2008 7 3 58884.2389 A
14222500 2008 7 4 58565.3006 A
14222500 2008 7 5 58529.0021 A
14222500 2008 7 6 58682.3938 A
14222500 2008 7 7 58581.2809 A
14222500 2008 7 8 58590.7127 A
14222500 2008 7 9 58673.8142 A
14222500 2008 7 10 58604.6515 A
14222500 2008 7 11 58871.1854 A
14222500 2008 7 12 58922.5173 A
14222500 2008 7 13 58826.1347 A
14222500 2008 7 14 58684.0425 A
14222500 2008 7 15 58745.6150 A
14222500 2008 7 16 58835.7896 A
14222500 2008 7 17 58801.2410 A
14222500 2008 7 18 58801.0258 A
14222500 2008 7 19 58836.8133 A
14222500 2008 7 20 58748.1419 A
14222500 2008 7 21 58795.1192 A
14222500 2008 7 22 58781.4122 A
14222500 2008 7 23 58768.0339 A
14222500 2008 7 24 58839.0121 A
14222500 2008 7 25 58807.5985 A
14222500 2008 7 26 58773.4291 A
14222500 2008 7 27 58764.3525 A
14222500 2008 7 28 58879.7958 A
14222500 2008 7 29 58791.4479 A
14222500 2008 7 30 58779.4598 A
14222500 2008 7 31 58958.2735 A
14222500 2008 8 1 58795.0160 A
14222500 2008 8 2 58835.8587 A
14222500 2008 8 3 58840.5175 A
14222500 2008 8 4 58927.2299 A
14222500 2008 8 5 58855.3574 A
14222500 2008 8 6 58863.3150 A
14222500 2008 8 7 58872.6666 A
14222500 2008 8 8 58878.9182 A
14222500 2008 8 9 58835.5214 A
14222500 2008 8 10 58845.3834 A
14222500 2008 8 11 58948.3654 A
14222500 2008 8 12 58871.0052 A
14222500 2008 8 13 59011.2945 A
14222500 2008 8 14 59076.9445 A
14222500 2008 8 15 59063.5253 A
14222500 2008 8 16 59094.1796 A
14222500 2008 8 17 59021.9393 A
14222500 2008 8 18 58994.1205 A
14222500 2008 8 19 59101.9815 A
14222500 2008 8 20 59169.6001 A
14222500 2008 8 21 59115.6347 A
14222500 2008 8 22 59046.9003 A
14222500 2008 8 23 59060.2787 A
14222500 2008 8 24 59211.6287 A
14222500 2008 8 25 59088.3220 A
14222500 2008 8 26 59154.6824 A
14222500 2008 8 27 59102.8743 A
14222500 2008 8 28 59180.0678 A
14222500 2008 8 29 59153.1580 A
14222500 2008 8 30 59187.6470 A
14222500 2008 8 31 59233.3525 A
14222500 2008 9 1 59199.2009 A
14222500 2008 9 2 59174.1968 A
14222500 2008 9 3 59356.2277 A
14222500 2008 9 4 59336.7002 A
14222500 2008 9 5 59334.1505 A
14222500 2008 9 6 59253.0180 A
14222500 2008 9 7 59244.1156 A
14222500 2008 9 8 59228.9558 A
14222500 2008 9 9 59286.4286 A
14222500 2008 9 10 59267.9742 A
14222500 2008 9 11 59449.2084 A
14222500 2008 9 12 59426.3845 A
14222500 2008 9 13 59290.2633 A
14222500 2008 9 14 59280.2263 A
14222500 2008 9 15 59294.9371 A
14222500 2008 9 16 59444.7121 A
14222500 2008 9 17 59576.5468 A
14222500 2008 9 18 59462.2328 A
14222500 2008 9 19 59463.7836 A
14222500 2008 9 20 59375.1896 A
14222500 2008 9 21 59409.9136 A
14222500 2008 9 22 59551.5666 A
14222500 2008 9 23 59422.8158 A
14222500 2008 9 24 59476.7882 A
14222500 2008 9 25 59504.1709 A
14222500 2008 9 26 59435.2330 A
14222500 2008 9 27 59500.4184 A
14222500 2008 9 28 59404.7917 A
14222500 2008 9 29 59432.4828 A
14222500 2008 9 30 59472.2586 A
14222500 2008 10 1 59590.1723 A
14222500 2008 10 2 59479.9831 A
14222500 2008 10 3 59561.3692 A
14222500 2008 10 4 59471.3759 A
14222500 2008 10 5 59496.6698 A
14222500 2008 10 6 59475.3647 A
14222500 2008 10 7 59517.4888 A
14222500 2008 10 8 59552.9701 A
14222500 2008 10 9 59530.2668 A
14222500 2008 10 10 59523.7215 A
14222500 2008 10 11 59519.3008 A
14222500 2008 10 12 59475.0063 A
14222500 2008 10 13 59474.4408 A
14222500 2008 10 14 59483.4929 A
14222500 2008 10 15 59488.7319 A
14222500 2008 10 16 59485.0313 A
14222500 2008 10 17 59487.1174 A
14222500 2008 10 18 59562.9287 A
14222500 2008 10 19 59459.6133 A
14222500 2008 10 20 59546.4684 A
14222500 2008 10 21 59510.2650 A
14222500 2008 10 22 59663.6597 A
14222500 2008 10 23 59558.0107 A
14222500 2008 10 24 59518.5884 A
14222500 2008 10 25 59545.0443 A
14222500 2008 10 26 59532.5791 A
14222500 2008 10 27 59569.1791 A
14222500 2008 10 28 59566.0558 A
14222500 2008 10 29 59528.8862 A
14222500 2008 10 30 59549.2820 A
14222500 2008 10 31 59542.0530 A
14222500 2008 11 1 59576.4446 A
14222500 2008 11 2 59670.5228 A
14222500 2008 11 3 59594.4022 A
14222500 2008 11 4 59616.5783 A
14222500 2008 11 5 59571.2943 A
14222500 2008 11 6 59639.1666 A
14222500 2008 11 7 59643.5905 A
14222500 2008 11 8 59611.2366 A
14222500 2008 11 9 59679.6226 A
14222500 2008 11 10 59646.9974 A
14222500 2008 11 11 59638.8616 A
14222500 2008 11 12 59621.2655 A
14222500 2008 11 13 59674.2103 A
14222500 2008 11 14 59641.9837 A
14222500 2008 11 15 59652.1752 A
14222500 2008 11 16 59692.5029 A
14222500 2008 11 17 59649.6671 A
14222500 2008 11 18 59656.0644 A
14222500 2008 11 19 59644.0072 A
14222500 2008 11 20 59627.6531 A
14222500 2008 11 21 59608.5016 A
14222500 2008 11 22 59629.9816 A
14222500 2008 11 23 59609.6435 A
14222500 2008 11 24 59585.9048 A
14222500 2008 11 25 59625.3741 A
14222500 2008 11 26 59740.3965 A
14222500 2008 11 27 59596.8807 A
14222500 2008 11 28 59676.1618 A
14222500 2008 11 29 59611.5788 A
14222500 2008 11 30 59632.0496 A
14222500 2008 12 1 59636.4425 A
14222500 2008 12 2 59610.2854 A
14222500 2008 12 3 59637.7113 A
14222500 2008 12 4 59608.2660 A
14222500 2008 12 5 59687.8760 A
14222500 2008 12 6 59641.4785 A
14222500 2008 12 7 59829.7987 A
14222500 2008 12 8 59655.6145 A
14222500 2008 12 9 59682.2050 A
14222500 2008 12 10 59730.9218 A
14222500 2008 12 11 59665.1330 A
14222500 2008 12 12 59730.4361 A
14222500 2008 12 13 59679.1634 A
14222500 2008 12 14 59724.9756 A
14222500 2008 12 15 59735.3100 A
14222500 2008 12 16 59713.7320 A
14222500 2008 12 17 59766.5539 A
14222500 2008 12 18 59684.6042 A
14222500 2008 12 19 59869.9889 A
14222500 2008 12 20 59760.6491 A
14222500 2008 12 21 59864.0665 A
14222500 2008 12 22 59738.4021 A
14222500 2008 12 23 59793.2501 A
14222500 2008 12 24 59783.5748 A
14222500 2008 12 25 59768.6372 A
14222500 2008 12 26 59794.8694 A
14222500 2008 12 27 60062.3497 A
14222500 2008 12 28 59901.2038 A
14222500 2008 12 29 59820.7627 A
14222500 2008 12 30 59945.3544 A
14222500 2008 12 31 59867.3364 A
14222500 2009 1 1 59860.0204 A
14222500 2009 1 2 59921.2675 A
14222500 2009 1 3 59869.0989 A
14222500 2009 1 4 59969.4542 A
14222500 2009 1 5 59854.9143 A
14222500 2009 1 6 59995.6460 A
14222500 2009 1 7 59898.4465 A
14222500 2009 1 8 59881.2110 A
14222500 2009 1 9 59924.4889 A
14222500 2009 1 10 60157.3405 A
14222500 2009 1 11 59932.5727 A
14222500 2009 1 12 59947.0509 A
14222500 2009 1 13 59958.5264 A
14222500 2009 1 14 59981.5837 A
14222500 2009 1 15 60055.8806 A
14222500 2009 1 16 60034.6291 A
14222500 2009 1 17 59957.9319 A
14222500 2009 1 18 59999.0792 A
14222500 2009 1 19 59967.5640 A
14222500 2009 1 20 59987.5258 A
14222500 2009 1 21 59973.5816 A
14222500 2009 1 22 59998.8454 A
14222500 2009 1 23 60010.4442 A
14222500 2009 1 24 59971.9899 A
14222500 2009 1 25 60031.7062 A
14222500 2009 1 26 59973.2129 A
14222500 2009 1 27 59991.5010 A
14222500 2009 1 28 60004.5812 A
14222500 2009 1 29 60001.1991 A
14222500 2009 1 30 59991.5847 A
14222500 2009 1 31 59980.5022 A
14222500 2009 2 1 60005.4291 A
14222500 2009 2 2 60017.8910 A
14222500 2009 2 3 60110.3270 A
14222500 2009 2 4 60112.3831 A
14222500 2009 2 5 60129.3697 A
14222500 2009 2 6 60036.3135 A
14222500 2009 2 7 60194.2365 A
14222500 2009 2 8 60049.4087 A
14222500 2009 2 9 60089.1377 A
14222500 2009 2 10 60104.0849 A
14222500 2009 2 11 60214.7385 A
14222500 2009 2 12 60101.6042 A
14222500 2009 2 13 60556.3377 A
14222500 2009 2 14 60215.1515 A
14222500 2009 2 15 60220.3161 A
14222500 2009 2 16 60227.9294 A
14222500 2009 2 17 60295.5337 A
14222500 2009 2 18 60319.1199 A
14222500 2009 2 19 60215.9583 A
14222500 2009 2 20 60304.2900 A
14222500 2009 2 21 60376.7653 A
14222500 2009 2 22 60444.5882 A
14222500 2009 2 23 60273.7882 A
14222500 2009 2 24 60539.9606 A
14222500 2009 2 25 60489.7055 A
14222500 2009 2 26 60521.2458 A
14222500 2009 2 27 60647.7229 A
14222500 2009 2 28 60627.2245 A
14222500 2009 3 1 60579.5729 A
14222500 2009 3 2 60533.7611 A
14222500 2009 3 3 60486.7413 A
14222500 2009 3 4 60552.5995 A
14222500 2009 3 5 60736.7204 A
14222500 2009 3 6 60580.4610 A
14222500 2009 3 7 60601.9793 A
14222500 2009 3 8 60700.1673 A
14222500 2009 3 9 60650.9738 A
14222500 2009 3 10 60733.5113 A
14222500 2009 3 11 60713.1088 A
14222500 2009 3 12 60723.7342 A
14222500 2009 3 13 60779.7578 A
14222500 2009 3 14 60711.7252 A
14222500 2009 3 15 60796.6947 A
14222500 2009 3 16 60804.2784 A
14222500 2009 3 17 61047.5530 A
14222500 2009 3 18 60835.6304 A
14222500 2009 3 19 60991.2706 A
14222500 2009 3 20 60948.6558 A
14222500 2009 3 21 61039.4047 A
14222500 2009 3 22 60995.1443 A
14222500 2009 3 23 61020.3427 A
14222500 2009 3 24 61107.2040 A
14222500 2009 3 25 61072.0207 A
14222500 2009 3 26 61047.2391 A
14222500 2009 3 27 61088.6841 A
14222500 2009 3 28 61206.9962 A
14222500 2009 3 29 61021.2615 A
14222500 2009 3 30 61099.1647 A
14222500 2009 3 31 61039.6226 A
14222500 2009 4 1 61193.1512 A
14222500 2009 4 2 61053.5115 A
14222500 2009 4 3 61083.1437 A
14222500 2009 4 4 61100.3312 A
14222500 2009 4 5 61134.6631 A
14222500 2009 4 6 61167.1579 A
14222500 2009 4 7 61348.8987 A
14222500 2009 4 8 61435.7196 A
14222500 2009 4 9 61395.4680 A
14222500 2009 4 10 61285.7690 A
14222500 2009 4 11 61340.0834 A
14222500 2009 4 12 61262.9412 A
14222500 2009 4 13 61320.1153 A
14222500 2009 4 14 61561.7517 A
14222500 2009 4 15 61690.6374 A
14222500 2009 4 16 61627.2009 A
14222500 2009 4 17 61553.9380 A
14222500 2009 4 18 61539.0690 A
14222500 2009 4 19 61562.2260 A
14222500 2009 4 20 61588.3444 A
14222500 2009 4 21 61703.4744 A
14222500 2009 4 22 61684.8523 A
14222500 2009 4 23 61623.5029 A
14222500 2009 4 24 61752.4256 A
14222500 2009 4 25 61703.5844 A
14222500 2009 4 26 61665.6625 A
14222500 2009 4 27 61648.4973 A
14222500 2009 4 28 61622.6827 A
14222500 2009 4 29 62209.2263 A
14222500 2009 4 30 61885.4157 A
14222500 2009 5 1 61875.6499 A
14222500 2009 5 2 61787.3534 A
14222500 2009 5 3 61772.0570 A
14222500 2009 5 4 61888.6401 A
14222500 2009 5 5 61855.4054 A
14222500 2009 5 6 61796.9999 A
14222500 2009 5 7 61816.8371 A
14222500 2009 5 8 61860.2963 A
14222500 2009 5 9 61926.1371 A
14222500 2009 5 10 61858.2837 A
14222500 2009 5 11 61872.2094 A
14222500 2009 5 12 61820.7173 A
14222500 2009 5 13 61947.1167 A
14222500 2009 5 14 61881.6778 A
14222500 2009 5 15 62172.7807 A
14222500 2009 5 16 62187.2985 A
14222500 2009 5 17 62093.0244 A
14222500 2009 5 18 62139.9459 A
14222500 2009 5 19 62361.0301 A
14222500 2009 5 20 62277.0256 A
14222500 2009 5 21 62225.9119 A
14222500 2009 5 22 62153.5052 A
14222500 2009 5 23 62278.4771 A
14222500 2009 5 24 62145.6386 A
14222500 2009 5 25 62462.9058 A
14222500 2009 5 26 62219.0487 A
14222500 2009 5 27 62273.4413 A
14222500 2009 5 28 62214.8409 A
14222500 2009 5 29 62509.2962 A
14222500 2009 5 30 62342.3211 A
14222500 2009 5 31 62432.9972 A
14222500 2009 6 1 62306.0278 A
14222500 2009 6 2 62908.7052 A
14222500 2009 6 3 62488.3579 A
14222500 2009 6 4 62708.8431 A
14222500 2009 6 5 62554.3896 A
14222500 2009 6 6 62518.8482 A
14222500 2009 6 7 62598.1518 A
14222500 2009 6 8 62786.8749 A
14222500 2009 6 9 62647.0480 A
14222500 2009 6 10 62632.7266 A
14222500 2009 6 11 62705.3453 A
14222500 2009 6 12 62835.4640 A
14222500 2009 6 13 62853.1291 A
14222500 2009 6 14 62819.0908 A
14222500 2009 6 15 62832.3394 A
14222500 2009 6 16 62773.6703 A
14222500 2009 6 17 62806.4867 A
14222500 2009 6 18 62814.2191 A
14222500 2009 6 19 62906.5862 A
14222500 2009 6 20 62992.7540 A
14222500 2009 6 21 62865.2443 A
14222500 2009 6 22 62951.7317 A
14222500 2009 6 23 62816.6300 A
14222500 2009 6 24 62952.6614 A
14222500 2009 6 25 62850.0785 A
14222500 2009 6 26 62857.3877 A
14222500 2009 6 27 62848.4822 A
14222500 2009 6 28 62828.7255 A
14222500 2009 6 29 62876.1827 A
14222500 2009 6 30 63059.2316 A
14222500 2009 7 1 62870.3943 A
14222500 2009 7 2 63018.2092 A
14222500 2009 7 3 63114.1465 A
14222500 2009 7 4 63175.8694 A
14222500 2009 7 5 63007.2498 A
14222500 2009 7 6 63018.9214 A
14222500 2009 7 7 63012.4157 A
14222500 2009 7 8 63207.4077 A
14222500 2009 7 9 63087.1605 A
14222500 2009 7 10 63059.9036 A
14222500 2009 7 11 63044.8880 A
14222500 2009 7 12 63153.7433 A
14222500 2009 7 13 63065.7829 A
14222500 2009 7 14 63162.9169 A
14222500 2009 7 15 63130.2663 A
14222500 2009 7 16 63501.9722 A
14222500 2009 7 17 63183.5413 A
14222500 2009 7 18 63220.1571 A
14222500 2009 7 19 63275.1031 A
14222500 2009 7 20 63267.4361 A
14222500 2009 7 21 63225.4055 A
14222500 2009 7 22 63198.3251 A
14222500 2009 7 23 63254.9640 A
14222500 2009 7 24 63370.2369 A
14222500 2009 7 25 63278.6397 A
14222500 2009 7 26 63245.1766 A
14222500 2009 7 27 63492.1979 A
14222500 2009 7 28 63335.9336 A
14222500 2009 7 29 63375.3158 A
14222500 2009 7 30 63324.2576 A
14222500 2009 7 31 63436.6558 A
14222500 2009 8 1 63349.3001 A
14222500 2009 8 2 63322.9663 A
14222500 2009 8 3 63424.5024 A
14222500 2009 8 4 63335.4260 A
14222500 2009 8 5 63413.2879 A
14222500 2009 8 6 63390.8801 A
14222500 2009 8 7 63351.4282 A
14222500 2009 8 8 63382.7195 A
14222500 2009 8 9 63387.7884 A
14222500 2009 8 10 63438.9739 A
14222500 2009 8 11 63418.2675 A
14222500 2009 8 12 63439.1767 A
14222500 2009 8 13 63384.5522 A
14222500 2009 8 14 63400.2914 A
14222500 2009 8 15 63460.6908 A
14222500 2009 8 16 63525.8450 A
14222500 2009 8 17 63570.5588 A
14222500 2009 8 18 63555.3513 A
14222500 2009 8 19 63444.5652 A
14222500 2009 8 20 63506.9700 A
14222500 2009 8 21 63469.8817 A
14222500 2009 8 22 63517.9176 A
14222500 2009 8 23 63541.5033 A
14222500 2009 8 24 63619.8626 A
14222500 2009 8 25 63536.1640 A
14222500 2009 8 26 63528.1240 A
14222500 2009 8 27 63487.7207 A
14222500 2009 8 28 63764.3310 A
14222500 2009 8 29 63597.2043 A
14222500 2009 8 30 63593.4404 A
14222500 2009 8 31 63639.0921 A
14222500 2009 9 1 63601.6059 A
14222500 2009 9 2 63592.4963 A
14222500 2009 9 3 63607.4625 A
14222500 2009 9 4 63593.4343 A
14222500 2009 9 5 63671.0468 A
14222500 2009 9 6 63692.2473 A
14222500 2009 9 7 63681.4221 A
14222500 2009 9 8 63593.0987 A
14222500 2009 9 9 63743.7152 A
14222500 2009 9 10 63625.6666 A
14222500 2009 9 11 63635.5575 A
14222500 2009 9 12 63675.7796 A
14222500 2009 9 13 63643.3549 A
14222500 2009 9 14 63614.9613 A
14222500 2009 9 15 63713.3670 A
14222500 2009 9 16 63676.5709 A
14222500 2009 9 17 63690.3517 A
14222500 2009 9 18 63670.9847 A
14222500 2009 9 19 63651.1384 A
14222500 2009 9 20 63713.1233 A
14222500 2009 9 21 63659.8349 A
14222500 2009 9 22 63843.6590 A
14222500 2009 9 23 64024.1009 A
14222500 2009 9 24 63793.2602 A
14222500 2009 9 25 63770.9852 A
14222500 2009 9 26 63741.3212 A
14222500 2009 9 27 63802.7382 A
14222500 2009 9 28 63788.8515 A
14222500 2009 9 29 63926.0307 A
14222500 2009 9 30 63807.0907 A
14222500 2009 10 1 63815.5394 A
14222500 2009 10 2 63855.4347 A
14222500 2009 10 3 63843.4971 A
14222500 2009 10 4 63976.5473 A
14222500 2009 10 5 63903.9687 A
14222500 2009 10 6 63838.3382 A
14222500 2009 10 7 63996.3851 A
14222500 2009 10 8 63894.1576 A
14222500 2009 10 9 63866.2980 A
14222500 2009 10 10 63937.1915 A
14222500 2009 10 11 63878.0795 A
14222500 2009 10 12 63877.9172 A
14222500 2009 10 13 63919.6793 A
14222500 2009 10 14 63860.1209 A
14222500 2009 10 15 63869.5923 A
14222500 2009 10 16 63847.1346 A
14222500 2009 10 17 63896.5860 A
14222500 2009 10 18 63880.4796 A
14222500 2009 10 19 63936.6122 A
14222500 2009 10 20 64024.4046 A
14222500 2009 10 21 63901.6721 A
14222500 2009 10 22 63940.2329 A
14222500 2009 10 23 63907.0464 A
14222500 2009 10 24 64000.3107 A
14222500 2009 10 25 64036.9272 A
14222500 2009 10 26 63940.0717 A
14222500 2009 10 27 63934.7217 A
14222500 2009 10 28 63961.8109 A
14222500 2009 10 29 63922.3775 A
14222500 2009 10 30 63981.5174 A
14222500 2009 10 31 63963.8790 A
14222500 2009 11 1 63951.3306 A
14222500 2009 11 2 63958.9118 A
14222500 2009 11 3 63962.3344 A
14222500 2009 11 4 63935.9929 A
14222500 2009 11 5 63990.3601 A
14222500 2009 11 6 63976.5092 A
14222500 2009 11 7 63989.5618 A
14222500 2009 11 8 63986.1296 A
14222500 2009 11 9 64011.2374 A
14222500 2009 11 10 64106.1538 A
14222500 2009 11 11 63999.3020 A
14222500 2009 11 12 64007.8013 A
14222500 2009 11 13 64080.5052 A
14222500 2009 11 14 64024.1117 A
14222500 2009 11 15 64116.9069 A
14222500 2009 11 16 63996.5236 A
14222500 2009 11 17 64084.8875 A
14222500 2009 11 18 64013.0810 A
14222500 2009 11 19 64034.6587 A
14222500 2009 11 20 64021.6863 A
14222500 2009 11 21 64000.0343 A
14222500 2009 11 22 63992.4683 A
14222500 2009 11 23 64021.2284 A
14222500 2009 11 24 64040.7609 A
14222500 2009 11 25 64020.7951 A
14222500 2009 11 26 64157.8674 A
14222500 2009 11 27 64001.1082 A
14222500 2009 11 28 64126.5358 A
14222500 2009 11 29 64092.2796 A
14222500 2009 11 30 64063.0167 A
14222500 2009 12 1 64041.5546 A
14222500 2009 12 2 64186.2755 A
14222500 2009 12 3 64107.1993 A
14222500 2009 12 4 64100.5201 A
14222500 2009 12 5 64065.2575 A
14222500 2009 12 6 64080.4755 A
14222500 2009 12 7 64221.3945 A
14222500 2009 12 8 64080.4891 A
14222500 2009 12 9 64174.1768 A
14222500 2009 12 10 64126.1782 A
14222500 2009 12 11 64110.3127 A
14222500 2009 12 12 64117.0829 A
14222500 2009 12 13 64089.8731 A
14222500 2009 12 14 64169.5796 A
14222500 2009 12 15 64122.2119 A
14222500 2009 12 16 64133.7145 A
14222500 2009 12 17 64218.0424 A
14222500 2009 12 18 64142.4738 A
14222500 2009 12 19 64145.1669 A
14222500 2009 12 20 64206.5264 A
14222500 2009 12 21 64121.0638 A
14222500 2009 12 22 64108.4348 A
14222500 2009 12 23 64126.9069 A
14222500 2009 12 24 64115.1788 A
14222500 2009 12 25 64145.5101 A
14222500 2009 12 26 64152.1688 A
14222500 2009 12 27 64180.4581 A
14222500 2009 12 28 64251.5516 A
14222500 2009 12 29 64197.1122 A
14222500 2009 12 30 64134.0743 A
14222500 2009 12 31 64187.7182 A
