38.6 -91.2 basin centroid
Elevation: 200.0 m  Area: 280.0 km2

Year Mnth Day Hr dayl(s) prcp(mm/day) srad(W/m2) swe(mm) tmax(C) tmin(C) vp(Pa)
1995 1 1 12 35377.2 1.912 121.68 0.16 -1.35 -8.48 459.8
1995 1 2 12 35407.2 2.285 114.09 0.16 -0.09 -7.68 468.1
1995 1 3 12 35439.5 1.128 94.82 0.16 1.43 -8.17 469.4
1995 1 4 12 35474.1 0.245 89.70 0.16 -1.60 -9.91 470.5
1995 1 5 12 35511.0 0.432 89.17 0.16 -5.06 -14.11 304.4
1995 1 6 12 35550.1 0.160 97.95 0.16 0.41 -7.25 444.1
1995 1 7 12 35591.5 0.410 101.03 0.16 1.09 -7.23 413.7
1995 1 8 12 35635.2 0.345 97.86 0.16 -4.30 -14.78 304.7
1995 1 9 12 35681.2 1.042 102.02 0.16 -0.58 -8.87 433.9
1995 1 10 12 35729.3 3.829 109.08 0.16 -0.15 -7.77 431.8
1995 1 11 12 35779.7 0.368 73.80 0.16 -2.34 -10.24 438.6
1995 1 12 12 35832.2 3.166 86.82 0.16 -2.44 -9.18 411.2
1995 1 13 12 35887.0 0.918 117.37 0.16 -1.45 -9.59 398.0
1995 1 14 12 35943.9 1.806 115.90 0.16 -0.69 -10.16 411.8
1995 1 15 12 36003.0 1.019 111.77 0.16 -1.96 -11.85 342.5
1995 1 16 12 36064.1 0.523 122.11 0.16 -1.03 -9.53 413.0
1995 1 17 12 36127.5 0.179 96.91 0.16 -1.51 -9.99 396.6
1995 1 18 12 36192.9 3.964 96.52 0.16 -1.18 -9.64 436.0
1995 1 19 12 36260.3 0.825 98.83 0.16 -1.91 -9.67 370.5
1995 1 20 12 36329.9 2.027 101.08 0.16 -1.13 -8.70 421.1
1995 1 21 12 36401.5 1.899 121.29 0.16 -2.00 -9.74 416.0
1995 1 22 12 36475.1 2.298 123.97 0.16 -0.02 -7.70 445.1
1995 1 23 12 36550.6 1.297 121.19 0.16 0.50 -7.51 439.0
1995 1 24 12 36628.2 3.107 111.75 0.16 -2.45 -11.17 348.7
1995 1 25 12 36707.7 3.205 114.65 0.16 1.47 -8.46 394.7
1995 1 26 12 36789.1 2.073 100.01 0.16 -0.50 -7.79 437.8
1995 1 27 12 36872.4 0.183 108.30 0.16 0.01 -8.01 407.7
1995 1 28 12 36957.6 4.383 92.98 0.16 -0.54 -10.21 436.5
1995 1 29 12 37044.7 2.053 137.53 0.16 0.61 -6.50 495.2
1995 1 30 12 37133.6 2.159 111.64 0.16 -0.93 -10.42 406.8
1995 1 31 12 37224.2 0.435 122.42 0.16 -1.83 -11.02 412.5
1995 2 1 12 37316.7 1.403 138.96 0.16 0.94 -8.00 430.9
1995 2 2 12 37410.8 1.340 144.14 0.16 0.56 -8.39 391.5
1995 2 3 12 37506.7 8.248 122.91 0.16 -1.64 -10.60 375.8
1995 2 4 12 37604.3 1.312 128.93 0.16 -1.60 -10.07 379.1
1995 2 5 12 37703.6 0.070 101.76 0.16 -0.27 -8.70 428.4
1995 2 6 12 37804.5 0.634 125.82 0.16 1.24 -6.77 427.7
1995 2 7 12 37906.9 2.615 159.24 0.16 2.94 -5.15 481.0
1995 2 8 12 38011.0 1.167 116.89 0.16 -0.60 -8.12 460.0
1995 2 9 12 38116.5 5.028 147.01 0.16 -1.32 -9.62 388.4
1995 2 10 12 38223.6 2.973 131.05 0.16 0.05 -9.03 375.8
1995 2 11 12 38332.2 0.269 135.15 0.16 0.56 -8.18 431.3
1995 2 12 12 38442.2 2.074 159.02 0.16 -0.37 -8.37 452.1
1995 2 13 12 38553.6 2.614 99.01 0.16 0.99 -7.30 489.7
1995 2 14 12 38666.4 1.375 145.32 0.16 2.95 -5.00 484.0
1995 2 15 12 38780.5 0.436 144.32 0.16 -2.20 -10.65 384.8
1995 2 16 12 38896.0 0.282 138.36 0.16 1.61 -7.06 474.4
1995 2 17 12 39012.7 3.127 137.24 0.16 0.20 -8.40 460.8
1995 2 18 12 39130.6 2.599 140.31 0.16 -1.24 -10.72 395.5
1995 2 19 12 39249.8 1.589 172.50 0.16 -1.29 -10.96 318.6
1995 2 20 12 39370.1 2.002 121.97 0.16 0.76 -7.40 404.8
1995 2 21 12 39491.6 2.167 137.89 0.16 0.08 -7.97 454.8
1995 2 22 12 39614.2 2.097 162.89 0.16 2.00 -7.06 475.3
1995 2 23 12 39737.8 1.189 146.44 0.16 4.10 -3.60 529.1
1995 2 24 12 39862.5 2.113 164.43 0.16 2.05 -6.19 490.2
1995 2 25 12 39988.1 4.941 157.94 0.16 3.91 -4.30 481.5
1995 2 26 12 40114.7 1.070 124.79 0.16 0.25 -9.10 459.6
1995 2 27 12 40242.2 0.114 162.82 0.16 0.19 -9.70 345.7
1995 2 28 12 40370.6 8.624 155.83 0.16 0.89 -5.89 502.7
1995 3 1 12 40499.8 1.121 160.98 0.16 2.02 -5.76 484.9
1995 3 2 12 40629.8 1.833 147.25 0.16 0.28 -8.86 418.7
1995 3 3 12 40760.6 1.914 151.88 0.16 2.57 -6.77 459.4
1995 3 4 12 40892.1 0.407 154.15 0.16 2.26 -6.63 477.9
1995 3 5 12 41024.3 3.930 152.15 0.16 1.67 -5.82 486.6
1995 3 6 12 41157.2 1.029 161.31 0.16 2.82 -4.89 527.6
1995 3 7 12 41290.6 6.886 172.39 0.16 2.81 -6.29 455.4
1995 3 8 12 41424.6 4.460 155.24 0.16 4.04 -4.35 526.5
1995 3 9 12 41559.2 0.234 165.54 0.16 -0.86 -8.95 428.6
1995 3 10 12 41694.2 2.357 173.91 0.16 0.89 -7.37 407.2
1995 3 11 12 41829.7 1.237 165.20 0.16 4.51 -3.65 504.6
1995 3 12 12 41965.5 0.629 172.12 0.16 3.49 -5.50 519.0
1995 3 13 12 42101.8 2.418 169.08 0.16 3.59 -5.36 511.5
1995 3 14 12 42238.3 0.500 158.12 0.16 3.60 -5.45 456.9
1995 3 15 12 42375.2 8.442 169.34 0.16 3.21 -6.42 470.9
1995 3 16 12 42512.3 0.415 173.56 0.16 1.22 -7.20 431.6
1995 3 17 12 42649.6 7.441 137.26 0.16 3.82 -4.71 528.8
1995 3 18 12 42787.0 1.675 143.67 0.16 4.67 -3.79 544.4
1995 3 19 12 42924.6 0.097 169.62 0.16 3.86 -3.87 467.4
1995 3 20 12 43062.3 1.338 160.18 0.16 4.57 -3.15 545.4
1995 3 21 12 43200.0 5.275 169.10 0.16 3.92 -4.84 492.6
1995 3 22 12 43337.7 0.401 162.09 0.16 8.42 -0.84 583.4
1995 3 23 12 43475.4 2.225 185.86 0.16 5.08 -3.28 569.1
1995 3 24 12 43613.0 2.852 203.15 0.16 4.87 -3.56 534.1
1995 3 25 12 43750.4 2.928 204.05 0.16 5.37 -2.82 524.0
1995 3 26 12 43887.7 5.346 156.53 0.16 7.64 -1.60 574.3
1995 3 27 12 44024.8 2.191 190.28 0.16 8.28 -0.40 624.7
1995 3 28 12 44161.7 5.810 196.49 0.16 4.02 -3.73 523.7
1995 3 29 12 44298.2 2.968 179.96 0.16 7.49 -1.24 557.1
1995 3 30 12 44434.5 2.807 196.05 0.16 8.43 -0.07 599.4
1995 3 31 12 44570.3 1.671 191.30 0.16 7.52 -1.17 523.3
1995 4 1 12 44705.8 1.081 218.41 0.16 6.60 -2.29 556.1
1995 4 2 12 44840.8 9.063 188.73 0.16 7.12 -1.15 564.0
1995 4 3 12 44975.4 0.631 186.61 0.16 7.82 -1.71 551.3
1995 4 4 12 45109.4 0.144 224.11 0.16 6.73 -1.22 552.4
1995 4 5 12 45242.8 1.854 196.19 0.16 7.47 -1.72 530.9
1995 4 6 12 45375.7 4.582 207.25 0.16 9.76 2.35 671.4
1995 4 7 12 45507.9 0.308 195.99 0.16 11.68 2.33 619.5
1995 4 8 12 45639.4 13.009 198.89 0.16 8.91 1.74 646.2
1995 4 9 12 45770.2 6.241 217.30 0.16 9.77 2.31 680.3
1995 4 10 12 45900.2 2.231 204.97 0.16 10.28 1.55 552.9
1995 4 11 12 46029.4 2.887 233.12 0.16 7.09 -2.13 539.9
1995 4 12 12 46157.8 5.020 203.15 0.16 10.91 2.58 684.2
1995 4 13 12 46285.3 0.086 212.72 0.16 10.27 1.52 630.7
1995 4 14 12 46411.9 0.074 188.31 0.16 7.92 0.11 608.2
1995 4 15 12 46537.5 1.889 223.95 0.16 10.66 1.49 666.5
1995 4 16 12 46662.2 3.396 213.75 0.16 7.83 -0.43 570.9
1995 4 17 12 46785.8 1.209 235.33 0.16 10.59 1.60 644.8
1995 4 18 12 46908.4 0.660 213.34 0.16 12.21 3.87 665.9
1995 4 19 12 47029.9 5.070 205.47 0.16 11.81 2.71 646.1
1995 4 20 12 47150.2 2.087 220.27 0.16 9.78 0.80 545.5
1995 4 21 12 47269.4 1.824 193.12 0.16 11.89 2.35 617.3
1995 4 22 12 47387.3 0.646 209.32 0.16 12.48 4.13 647.9
1995 4 23 12 47504.0 1.635 240.13 0.16 10.02 1.66 640.4
1995 4 24 12 47619.5 0.733 235.84 0.16 12.65 4.32 726.7
1995 4 25 12 47733.6 5.879 226.67 0.16 12.81 5.26 717.9
1995 4 26 12 47846.4 0.658 209.79 0.16 9.42 1.76 634.7
1995 4 27 12 47957.8 3.796 245.07 0.16 11.61 2.33 685.4
1995 4 28 12 48067.8 8.306 206.89 0.16 12.10 3.20 710.6
1995 4 29 12 48176.4 1.189 249.19 0.16 11.55 2.54 625.6
1995 4 30 12 48283.5 3.077 213.83 0.16 11.93 4.18 694.2
1995 5 1 12 48389.0 9.280 230.31 0.16 12.79 4.12 673.3
1995 5 2 12 48493.1 2.409 204.89 0.16 13.82 5.62 700.7
1995 5 3 12 48595.5 0.498 258.69 0.16 15.41 7.39 754.5
1995 5 4 12 48696.4 0.084 230.36 0.16 15.57 7.20 761.9
1995 5 5 12 48795.7 6.658 237.64 0.16 16.66 8.94 844.9
1995 5 6 12 48893.3 4.325 235.71 0.16 13.45 4.45 722.1
1995 5 7 12 48989.2 0.216 252.77 0.16 19.25 11.01 805.6
1995 5 8 12 49083.3 3.714 245.83 0.16 16.45 6.76 725.6
1995 5 9 12 49175.8 2.757 274.96 0.16 14.75 7.16 746.0
1995 5 10 12 49266.4 1.333 254.21 0.16 13.35 4.53 717.7
1995 5 11 12 49355.3 7.154 232.76 0.16 16.13 8.12 754.6
1995 5 12 12 49442.4 0.077 254.31 0.16 14.07 4.76 713.8
1995 5 13 12 49527.6 15.590 210.52 0.16 16.29 7.51 778.0
1995 5 14 12 49610.9 6.331 282.55 0.16 18.46 11.02 881.3
1995 5 15 12 49692.3 1.366 266.28 0.16 16.32 6.88 750.5
1995 5 16 12 49771.8 5.577 256.43 0.16 16.54 8.65 777.9
1995 5 17 12 49849.4 3.360 241.86 0.16 16.54 8.18 749.0
1995 5 18 12 49924.9 2.510 247.68 0.16 17.04 9.20 775.5
1995 5 19 12 49998.5 4.138 272.05 0.16 18.57 9.78 832.5
1995 5 20 12 50070.1 3.476 255.92 0.16 16.33 7.68 762.9
1995 5 21 12 50139.7 2.849 253.28 0.16 15.16 6.91 741.6
1995 5 22 12 50207.1 2.483 254.42 0.16 18.54 10.14 739.3
1995 5 23 12 50272.5 4.950 233.17 0.16 15.54 7.26 692.2
1995 5 24 12 50335.9 0.850 281.22 0.16 17.98 9.70 789.0
1995 5 25 12 50397.0 4.358 277.28 0.16 17.30 8.46 785.1
1995 5 26 12 50456.1 8.245 265.52 0.16 15.71 6.77 763.3
1995 5 27 12 50513.0 5.180 261.69 0.16 18.42 10.42 844.8
1995 5 28 12 50567.8 5.447 231.87 0.16 18.74 11.08 823.1
1995 5 29 12 50620.3 5.908 289.90 0.16 19.11 11.87 820.8
1995 5 30 12 50670.7 0.773 233.55 0.16 18.07 9.86 768.3
1995 5 31 12 50718.8 0.600 248.20 0.16 18.24 10.10 822.6
1995 6 1 12 50764.8 2.652 246.90 0.16 20.59 11.80 845.1
1995 6 2 12 50808.5 1.637 264.67 0.16 19.18 11.64 795.7
1995 6 3 12 50849.9 2.448 269.73 0.16 19.71 10.64 791.7
1995 6 4 12 50889.0 2.443 252.95 0.16 17.34 9.50 815.5
1995 6 5 12 50925.9 2.104 242.26 0.16 20.23 10.26 812.5
1995 6 6 12 50960.5 1.439 236.68 0.16 18.24 9.73 834.8
1995 6 7 12 50992.8 1.627 278.20 0.16 19.06 11.68 817.4
1995 6 8 12 51022.8 0.083 263.66 0.16 20.17 11.74 835.2
1995 6 9 12 51050.5 0.395 267.34 0.16 22.77 13.94 911.4
1995 6 10 12 51075.8 1.469 263.23 0.16 19.36 10.10 777.2
1995 6 11 12 51098.8 2.709 271.91 0.16 19.10 10.66 745.1
1995 6 12 12 51119.5 0.841 230.40 0.16 24.91 16.75 930.9
1995 6 13 12 51137.8 2.764 277.50 0.16 21.45 13.87 871.0
1995 6 14 12 51153.7 2.742 225.02 0.16 20.67 13.13 838.9
1995 6 15 12 51167.4 3.220 226.71 0.16 21.15 13.78 866.2
1995 6 16 12 51178.6 1.272 264.61 0.16 20.93 11.21 842.2
1995 6 17 12 51187.5 0.949 286.60 0.16 22.06 14.87 883.5
1995 6 18 12 51194.0 0.275 268.80 0.16 24.19 15.17 949.0
1995 6 19 12 51198.1 7.215 276.99 0.16 21.12 11.54 817.3
1995 6 20 12 51199.9 1.015 276.62 0.16 19.51 10.82 798.5
1995 6 21 12 51199.3 3.328 254.24 0.16 23.08 15.01 877.6
1995 6 22 12 51196.4 2.907 240.78 0.16 21.40 12.38 854.7
1995 6 23 12 51191.0 0.293 267.55 0.16 20.90 13.36 863.4
1995 6 24 12 51183.3 0.267 266.06 0.16 16.12 6.82 734.3
1995 6 25 12 51173.3 0.747 267.75 0.16 22.87 15.38 903.4
1995 6 26 12 51160.8 1.080 254.00 0.16 21.42 12.18 851.8
1995 6 27 12 51146.1 10.383 264.32 0.16 22.28 14.44 820.6
1995 6 28 12 51128.9 1.920 253.92 0.16 23.70 16.15 908.0
1995 6 29 12 51109.4 2.165 247.66 0.16 23.42 15.97 945.8
1995 6 30 12 51087.6 0.296 259.90 0.16 22.26 13.28 843.8
1995 7 1 12 51063.4 1.990 248.51 0.16 22.24 13.17 820.4
1995 7 2 12 51036.9 1.003 266.39 0.16 21.87 13.58 828.9
1995 7 3 12 51008.1 3.105 252.48 0.16 24.54 16.42 897.3
1995 7 4 12 50976.9 4.201 247.38 0.16 22.62 14.33 903.5
1995 7 5 12 50943.5 1.483 269.39 0.16 21.62 12.72 813.0
1995 7 6 12 50907.8 0.779 226.20 0.16 23.73 15.39 902.0
1995 7 7 12 50869.7 1.727 242.79 0.16 21.04 13.13 866.3
1995 7 8 12 50829.4 3.764 259.14 0.16 21.80 13.83 860.9
1995 7 9 12 50786.9 1.605 244.42 0.16 23.52 15.27 888.8
1995 7 10 12 50742.1 1.567 254.99 0.16 23.90 16.72 909.3
1995 7 11 12 50695.1 6.104 233.42 0.16 24.41 15.58 957.7
1995 7 12 12 50645.8 3.281 276.79 0.16 22.72 14.74 887.0
1995 7 13 12 50594.3 6.478 246.75 0.16 22.15 13.02 875.7
1995 7 14 12 50540.7 0.560 249.46 0.16 22.98 15.32 926.1
1995 7 15 12 50484.8 0.462 231.46 0.16 25.05 16.12 930.3
1995 7 16 12 50426.8 0.004 254.84 0.16 23.90 16.49 962.8
1995 7 17 12 50366.7 0.901 256.96 0.16 25.13 17.57 942.4
1995 7 18 12 50304.5 1.508 238.42 0.16 22.18 13.90 845.2
1995 7 19 12 50240.1 0.787 260.29 0.16 22.54 14.35 872.9
1995 7 20 12 50173.7 1.046 231.17 0.16 25.16 16.10 900.5
1995 7 21 12 50105.1 0.490 237.81 0.16 22.04 14.54 908.1
1995 7 22 12 50034.6 0.823 236.84 0.16 23.31 14.61 949.2
1995 7 23 12 49962.0 0.158 243.99 0.16 21.47 12.76 904.4
1995 7 24 12 49887.4 1.034 249.18 0.16 22.34 14.97 888.4
1995 7 25 12 49810.8 3.001 276.56 0.16 25.41 18.51 966.0
1995 7 26 12 49732.3 0.878 264.43 0.16 21.18 13.03 860.0
1995 7 27 12 49651.8 4.115 225.72 0.16 23.49 15.23 900.6
1995 7 28 12 49569.5 5.111 252.62 0.16 21.64 12.72 807.4
1995 7 29 12 49485.2 3.009 230.52 0.16 25.30 16.60 948.4
1995 7 30 12 49399.1 1.888 259.60 0.16 24.73 16.25 904.8
1995 7 31 12 49311.1 0.741 228.92 0.16 23.42 17.25 904.4
1995 8 1 12 49221.3 1.987 239.50 0.16 24.22 14.42 902.4
1995 8 2 12 49129.8 0.258 236.57 0.16 19.44 10.98 873.6
1995 8 3 12 49036.5 4.901 258.73 0.16 23.20 13.26 881.8
1995 8 4 12 48941.4 1.446 219.76 0.16 22.04 13.76 897.9
1995 8 5 12 48844.7 0.204 230.39 0.16 20.87 13.42 879.6
1995 8 6 12 48746.2 0.845 237.09 0.16 20.67 11.67 827.1
1995 8 7 12 48646.2 0.979 237.70 0.16 21.71 13.64 926.5
1995 8 8 12 48544.5 1.021 219.51 0.16 24.59 16.46 906.9
1995 8 9 12 48441.3 6.695 232.47 0.16 20.63 13.14 864.6
1995 8 10 12 48336.4 3.565 210.55 0.16 22.52 14.12 865.8
1995 8 11 12 48230.1 1.375 203.74 0.16 19.44 10.37 776.5
1995 8 12 12 48122.3 3.876 225.20 0.16 25.53 18.32 1021.8
1995 8 13 12 48013.0 0.962 195.39 0.16 23.42 15.10 823.2
1995 8 14 12 47902.3 0.998 227.40 0.16 20.62 10.74 799.2
1995 8 15 12 47790.2 3.367 234.31 0.16 21.17 11.89 857.8
1995 8 16 12 47676.7 0.250 235.16 0.16 24.74 17.03 963.2
1995 8 17 12 47561.9 1.336 211.14 0.16 24.02 17.41 998.1
1995 8 18 12 47445.8 2.504 212.75 0.16 19.58 10.56 836.2
1995 8 19 12 47328.5 3.543 201.26 0.16 23.75 16.25 927.7
1995 8 20 12 47209.9 2.745 229.89 0.16 21.61 12.54 901.2
1995 8 21 12 47090.2 2.570 216.55 0.16 22.12 13.47 847.5
1995 8 22 12 46969.3 3.588 241.52 0.16 21.89 13.50 809.6
1995 8 23 12 46847.3 2.023 195.20 0.16 18.71 9.26 811.0
1995 8 24 12 46724.2 2.303 209.10 0.16 21.15 13.52 856.6
1995 8 25 12 46600.0 2.449 230.69 0.16 20.59 12.42 801.8
1995 8 26 12 46474.8 0.899 238.00 0.16 20.04 12.99 831.5
1995 8 27 12 46348.7 2.301 222.32 0.16 21.34 11.43 854.7
1995 8 28 12 46221.7 6.617 183.98 0.16 21.67 12.56 830.6
1995 8 29 12 46093.7 0.226 213.14 0.16 20.20 12.14 843.9
1995 8 30 12 45964.9 1.334 193.65 0.16 18.39 9.54 783.5
1995 8 31 12 45835.3 3.338 214.71 0.16 20.02 11.84 828.7
1995 9 1 12 45704.9 0.609 202.54 0.16 22.43 13.85 895.7
1995 9 2 12 45573.7 0.263 227.32 0.16 18.15 8.80 744.5
1995 9 3 12 45441.8 2.627 235.48 0.16 16.62 8.37 723.8
1995 9 4 12 45309.3 0.087 224.87 0.16 22.82 14.77 904.3
1995 9 5 12 45176.2 1.544 188.62 0.16 20.33 12.88 847.2
1995 9 6 12 45042.4 5.521 198.23 0.16 17.91 9.88 783.2
1995 9 7 12 44908.2 0.452 189.24 0.16 18.05 9.62 828.0
1995 9 8 12 44773.4 1.815 208.99 0.16 17.06 8.01 759.5
1995 9 9 12 44638.1 7.109 166.65 0.16 21.95 14.09 893.2
1995 9 10 12 44502.5 0.411 192.07 0.16 21.08 12.55 865.6
1995 9 11 12 44366.4 0.088 160.80 0.16 17.42 9.86 803.1
1995 9 12 12 44230.0 2.420 195.66 0.16 17.52 9.76 777.4
1995 9 13 12 44093.3 3.820 198.34 0.16 19.77 11.07 831.0
1995 9 14 12 43956.3 3.411 182.22 0.16 18.61 10.50 800.8
1995 9 15 12 43819.1 4.725 170.63 0.16 16.60 8.66 721.2
1995 9 16 12 43681.7 0.843 196.45 0.16 17.54 9.64 804.3
1995 9 17 12 43544.2 1.354 164.64 0.16 17.30 10.67 786.5
1995 9 18 12 43406.5 2.633 198.15 0.16 14.23 6.05 709.6
1995 9 19 12 43268.9 4.391 147.92 0.16 16.10 7.62 725.2
1995 9 20 12 43131.1 0.508 170.97 0.16 16.13 6.57 744.9
1995 9 21 12 42993.5 1.091 199.60 0.16 16.34 7.84 818.0
1995 9 22 12 42855.8 0.916 195.32 0.16 14.75 6.26 693.4
1995 9 23 12 42718.3 0.700 174.22 0.16 18.13 9.51 786.0
1995 9 24 12 42580.9 0.742 150.95 0.16 17.40 9.05 812.2
1995 9 25 12 42443.7 1.838 201.96 0.16 14.98 6.54 746.1
1995 9 26 12 42306.7 2.119 169.28 0.16 17.95 10.04 826.2
1995 9 27 12 42170.0 0.695 170.08 0.16 15.79 6.52 717.9
1995 9 28 12 42033.6 0.127 179.87 0.16 16.08 8.29 750.1
1995 9 29 12 41897.5 7.020 168.91 0.16 16.27 9.24 727.2
1995 9 30 12 41761.9 0.466 166.79 0.16 15.68 7.58 712.5
1995 10 1 12 41626.6 1.049 160.86 0.16 15.49 7.32 753.1
1995 10 2 12 41491.8 1.909 192.37 0.16 14.81 6.50 655.7
1995 10 3 12 41357.6 0.244 139.00 0.16 13.77 5.24 739.3
1995 10 4 12 41223.8 8.566 149.24 0.16 13.04 3.97 619.6
1995 10 5 12 41090.7 2.865 178.44 0.16 12.43 4.80 722.4
1995 10 6 12 40958.2 0.281 146.72 0.16 11.34 2.52 614.8
1995 10 7 12 40826.3 4.011 154.39 0.16 15.52 7.39 764.8
1995 10 8 12 40695.1 3.976 172.37 0.16 14.15 5.17 730.1
1995 10 9 12 40564.7 2.811 158.92 0.16 14.68 5.45 714.3
1995 10 10 12 40435.1 0.920 171.33 0.16 14.86 5.44 718.8
1995 10 11 12 40306.3 0.507 127.67 0.16 13.98 5.90 718.4
1995 10 12 12 40178.3 0.156 164.62 0.16 10.38 2.42 629.3
1995 10 13 12 40051.3 0.005 144.03 0.16 10.59 2.60 647.5
1995 10 14 12 39925.2 3.182 117.26 0.16 12.72 4.72 690.9
1995 10 15 12 39800.0 1.045 163.17 0.16 12.62 3.89 750.7
1995 10 16 12 39675.8 0.011 135.78 0.16 11.51 2.69 652.1
1995 10 17 12 39552.7 2.105 153.32 0.16 10.87 2.68 671.4
1995 10 18 12 39430.7 1.618 130.44 0.16 12.46 4.96 692.1
1995 10 19 12 39309.8 1.970 133.94 0.16 13.06 4.34 733.8
1995 10 20 12 39190.1 1.607 141.29 0.16 9.46 1.26 619.3
1995 10 21 12 39071.5 2.113 147.22 0.16 10.59 3.58 615.9
1995 10 22 12 38954.2 0.904 115.80 0.16 10.67 2.03 608.7
1995 10 23 12 38838.1 1.013 139.21 0.16 10.01 1.03 632.3
1995 10 24 12 38723.3 2.846 135.55 0.16 10.00 1.88 621.4
1995 10 25 12 38609.8 0.139 120.57 0.16 11.46 3.48 626.4
1995 10 26 12 38497.7 1.482 139.72 0.16 10.10 1.17 618.4
1995 10 27 12 38387.0 1.758 126.23 0.16 8.83 1.07 603.9
1995 10 28 12 38277.7 1.310 122.84 0.16 10.34 2.32 638.8
1995 10 29 12 38169.9 1.215 121.21 0.16 8.91 0.30 634.5
1995 10 30 12 38063.6 1.156 129.10 0.16 9.64 1.30 641.1
1995 10 31 12 37958.7 1.208 112.45 0.16 8.46 -1.37 594.6
1995 11 1 12 37855.5 0.267 137.81 0.16 6.63 -1.44 575.7
1995 11 2 12 37753.8 1.392 123.53 0.16 7.76 -0.93 538.9
1995 11 3 12 37653.8 2.287 135.50 0.16 7.27 -1.32 534.5
1995 11 4 12 37555.3 0.397 109.14 0.16 8.35 0.65 607.8
1995 11 5 12 37458.6 1.776 116.15 0.16 7.35 -2.78 500.3
1995 11 6 12 37363.5 1.665 127.78 0.16 4.54 -4.15 518.2
1995 11 7 12 37270.2 0.445 102.28 0.16 7.43 -1.20 569.3
1995 11 8 12 37178.7 1.761 116.71 0.16 8.97 0.63 573.3
1995 11 9 12 37088.9 0.145 123.88 0.16 5.74 -0.77 578.3
1995 11 10 12 37000.9 0.725 116.41 0.16 7.36 -1.11 582.6
1995 11 11 12 36914.8 1.082 122.07 0.16 7.09 -0.94 563.5
1995 11 12 12 36830.5 2.054 132.03 0.16 7.18 -2.49 537.6
1995 11 13 12 36748.2 0.851 102.16 0.16 8.22 0.28 640.7
1995 11 14 12 36667.7 0.576 134.36 0.16 7.81 0.77 621.0
1995 11 15 12 36589.2 0.225 111.40 0.16 7.23 -1.25 542.8
1995 11 16 12 36512.6 0.070 131.24 0.16 4.74 -2.74 489.5
1995 11 17 12 36438.0 1.632 85.82 0.16 6.51 -2.36 627.0
1995 11 18 12 36365.4 0.930 143.27 0.16 3.23 -6.68 496.6
1995 11 19 12 36294.9 0.493 116.47 0.16 4.72 -3.34 556.8
1995 11 20 12 36226.3 0.425 104.58 0.16 2.58 -5.98 488.7
1995 11 21 12 36159.9 5.697 103.80 0.16 2.54 -5.65 412.3
1995 11 22 12 36095.5 4.605 121.20 0.16 5.38 -2.97 551.6
1995 11 23 12 36033.3 1.064 103.90 0.16 3.01 -5.17 473.7
1995 11 24 12 35973.2 1.394 123.08 0.16 2.72 -6.69 443.0
1995 11 25 12 35915.2 0.672 88.62 0.16 5.23 -3.09 531.4
1995 11 26 12 35859.3 0.539 119.56 0.16 1.80 -6.61 502.3
1995 11 27 12 35805.7 0.333 100.16 0.16 2.61 -4.40 554.4
1995 11 28 12 35754.2 0.936 134.92 0.16 1.68 -7.36 464.6
1995 11 29 12 35704.9 0.385 105.24 0.16 1.77 -5.23 527.5
1995 11 30 12 35657.9 1.400 106.73 0.16 1.37 -7.50 457.5
1995 12 1 12 35613.1 1.359 92.72 0.16 3.67 -4.83 523.1
1995 12 2 12 35570.6 2.985 99.74 0.16 2.18 -5.11 504.2
1995 12 3 12 35530.3 0.289 83.31 0.16 1.13 -6.12 482.2
1995 12 4 12 35492.2 2.032 118.77 0.16 2.41 -4.30 461.8
1995 12 5 12 35456.5 1.096 91.98 0.16 1.54 -5.79 538.0
1995 12 6 12 35423.1 0.263 84.16 0.16 -0.39 -9.30 390.1
1995 12 7 12 35391.9 1.284 139.51 0.16 0.55 -7.67 459.4
1995 12 8 12 35363.1 1.167 124.39 0.16 2.47 -6.71 446.4
1995 12 9 12 35336.6 0.053 102.95 0.16 2.21 -6.54 466.4
1995 12 10 12 35312.4 1.983 97.39 0.16 2.27 -5.63 442.1
1995 12 11 12 35290.6 3.126 94.06 0.16 2.89 -6.94 451.4
1995 12 12 12 35271.1 2.109 107.22 0.16 3.56 -4.15 508.4
1995 12 13 12 35253.9 1.144 112.66 0.16 -0.66 -8.94 456.8
1995 12 14 12 35239.2 1.147 82.04 0.16 -0.33 -9.12 452.8
1995 12 15 12 35226.7 1.511 96.54 0.16 -0.16 -9.11 416.2
1995 12 16 12 35216.7 1.726 128.13 0.16 0.71 -6.77 434.9
1995 12 17 12 35209.0 2.011 115.45 0.16 2.06 -6.98 482.6
1995 12 18 12 35203.6 2.758 86.39 0.16 -0.45 -8.03 435.7
1995 12 19 12 35200.7 0.808 84.51 0.16 1.06 -6.57 524.6
1995 12 20 12 35200.1 2.662 106.19 0.16 1.40 -6.79 470.8
1995 12 21 12 35201.9 0.638 99.57 0.16 -0.72 -9.21 424.5
1995 12 22 12 35206.0 0.403 89.70 0.16 0.38 -8.41 411.1
1995 12 23 12 35212.5 0.027 115.02 0.16 1.06 -7.28 438.2
1995 12 24 12 35221.4 2.436 115.44 0.16 -0.84 -9.89 388.9
1995 12 25 12 35232.6 1.130 119.44 0.16 3.04 -6.03 447.6
1995 12 26 12 35246.3 0.217 94.41 0.16 0.16 -7.06 507.6
1995 12 27 12 35262.2 0.844 92.25 0.16 0.22 -8.97 415.3
1995 12 28 12 35280.5 0.487 61.16 0.16 0.09 -8.81 361.8
1995 12 29 12 35301.2 0.220 100.50 0.16 -0.03 -7.80 398.4
1995 12 30 12 35324.2 2.385 121.37 0.16 0.22 -8.29 426.3
1995 12 31 12 35349.5 0.831 124.18 0.16 0.48 -7.19 468.1
1996 1 1 12 35377.2 2.044 99.19 0.16 -0.46 -7.90 437.5
1996 1 2 12 35407.2 1.213 74.15 0.16 -2.57 -10.00 413.7
1996 1 3 12 35439.5 0.945 126.35 0.16 1.78 -7.25 447.3
1996 1 4 12 35474.1 2.971 110.60 0.16 -1.51 -9.45 432.5
1996 1 5 12 35511.0 0.230 95.48 0.16 0.48 -8.79 414.1
1996 1 6 12 35550.1 0.540 90.62 0.16 -3.15 -12.37 344.7
1996 1 7 12 35591.5 0.396 113.40 0.16 1.16 -7.62 483.7
1996 1 8 12 35635.2 0.546 107.77 0.16 1.53 -6.71 476.2
1996 1 9 12 35681.2 2.517 100.46 0.16 -1.44 -10.45 414.6
1996 1 10 12 35729.3 1.408 105.17 0.16 1.14 -8.20 460.7
1996 1 11 12 35779.7 0.406 103.69 0.16 -1.81 -9.67 422.3
1996 1 12 12 35832.2 2.473 104.36 0.16 0.34 -8.08 441.4
1996 1 13 12 35887.0 1.958 123.66 0.16 1.26 -7.65 408.0
1996 1 14 12 35943.9 1.124 100.62 0.16 -3.18 -11.03 332.3
1996 1 15 12 36003.0 1.465 117.99 0.16 0.21 -7.82 468.4
1996 1 16 12 36064.1 1.088 85.77 0.16 -0.43 -9.75 422.6
1996 1 17 12 36127.5 3.295 144.25 0.16 -2.33 -10.25 398.0
1996 1 18 12 36192.9 0.234 95.72 0.16 0.28 -8.09 426.7
1996 1 19 12 36260.3 1.092 102.23 0.16 -1.36 -10.32 394.6
1996 1 20 12 36329.9 0.644 88.56 0.16 -2.88 -10.86 361.5
1996 1 21 12 36401.5 0.610 95.51 0.16 3.26 -5.19 469.5
1996 1 22 12 36475.1 1.741 121.45 0.16 1.25 -7.55 439.5
1996 1 23 12 36550.6 2.976 127.68 0.16 -2.60 -9.45 415.8
1996 1 24 12 36628.2 1.121 148.65 0.16 -1.39 -10.15 400.5
1996 1 25 12 36707.7 2.209 99.22 0.16 -0.24 -8.46 465.6
1996 1 26 12 36789.1 2.122 94.68 0.16 -2.28 -9.65 410.7
1996 1 27 12 36872.4 3.744 132.72 0.16 -0.70 -8.88 427.6
1996 1 28 12 36957.6 0.857 109.07 0.16 -1.64 -10.92 325.7
1996 1 29 12 37044.7 1.297 132.52 0.16 -0.64 -9.22 425.2
1996 1 30 12 37133.6 2.492 127.16 0.16 0.11 -8.02 421.3
1996 1 31 12 37224.2 2.394 101.61 0.16 -0.76 -9.27 368.3
1996 2 1 12 37316.7 1.062 126.41 0.16 -0.50 -7.58 395.7
1996 2 2 12 37410.8 1.201 123.63 0.16 -0.85 -8.86 449.7
1996 2 3 12 37506.7 4.164 108.54 0.16 -1.84 -10.44 421.1
1996 2 4 12 37604.3 3.295 118.85 0.16 -2.14 -10.51 407.6
1996 2 5 12 37703.6 2.288 135.21 0.16 -1.34 -9.92 374.7
1996 2 6 12 37804.5 1.939 114.00 0.16 -1.15 -7.66 429.9
1996 2 7 12 37906.9 2.621 112.44 0.16 -0.13 -8.97 414.3
1996 2 8 12 38011.0 1.011 88.27 0.16 0.27 -8.30 442.6
1996 2 9 12 38116.5 6.097 118.51 0.16 1.07 -5.68 504.3
1996 2 10 12 38223.6 0.976 144.81 0.16 1.72 -5.22 550.3
1996 2 11 12 38332.2 2.603 123.19 0.16 -0.72 -9.14 418.7
1996 2 12 12 38442.2 0.251 153.82 0.16 -1.07 -10.18 460.2
1996 2 13 12 38553.6 2.545 142.96 0.16 -0.64 -8.14 439.8
1996 2 14 12 38666.4 1.844 151.97 0.16 1.19 -8.21 421.0
1996 2 15 12 38780.5 1.008 136.29 0.16 1.55 -6.65 467.6
1996 2 16 12 38896.0 2.190 148.50 0.16 0.28 -7.35 417.3
1996 2 17 12 39012.7 5.972 161.58 0.16 1.25 -7.94 371.9
1996 2 18 12 39130.6 0.132 135.85 0.16 -0.07 -7.96 396.5
1996 2 19 12 39249.8 2.362 143.06 0.16 3.49 -4.66 537.6
1996 2 20 12 39370.1 0.680 125.80 0.16 1.83 -6.23 457.1
1996 2 21 12 39491.6 7.904 150.07 0.16 2.56 -5.38 444.1
1996 2 22 12 39614.2 8.650 119.45 0.16 -0.21 -8.03 457.1
1996 2 23 12 39737.8 0.707 138.47 0.16 3.79 -4.74 488.5
1996 2 24 12 39862.5 1.421 138.85 0.16 0.54 -7.24 446.9
1996 2 25 12 39988.1 3.866 165.53 0.16 3.88 -4.41 506.1
1996 2 26 12 40114.7 11.025 142.28 0.16 1.43 -7.19 452.9
1996 2 27 12 40242.2 2.175 143.46 0.16 1.61 -5.42 462.7
1996 2 28 12 40370.6 6.653 147.11 0.16 0.03 -7.73 432.1
1996 2 29 12 40499.8 2.034 143.15 0.16 1.52 -7.01 411.3
1996 3 1 12 40629.8 0.771 145.15 0.16 1.79 -7.12 475.2
1996 3 2 12 40760.6 1.110 161.56 0.16 0.78 -7.91 433.3
1996 3 3 12 40892.1 0.620 167.12 0.16 3.12 -3.90 554.5
1996 3 4 12 41024.3 4.579 172.44 0.16 2.92 -3.98 580.9
1996 3 5 12 41157.2 1.412 154.11 0.16 1.42 -6.83 544.7
1996 3 6 12 41290.6 3.748 202.20 0.16 2.14 -5.73 463.3
1996 3 7 12 41424.6 2.672 148.88 0.16 3.38 -6.10 481.0
1996 3 8 12 41559.2 1.339 168.64 0.16 2.51 -6.85 478.1
1996 3 9 12 41694.2 1.182 164.46 0.16 3.12 -5.41 520.9
1996 3 10 12 41829.7 3.369 194.88 0.16 1.16 -6.51 455.5
1996 3 11 12 41965.5 9.437 172.72 0.16 3.88 -3.90 530.2
1996 3 12 12 42101.8 0.170 182.11 0.16 2.49 -4.65 472.1
1996 3 13 12 42238.3 0.159 205.45 0.16 3.31 -2.44 557.4
1996 3 14 12 42375.2 3.344 171.82 0.16 3.77 -4.12 511.6
1996 3 15 12 42512.3 3.936 171.42 0.16 5.20 -3.76 497.6
1996 3 16 12 42649.6 1.748 152.18 0.16 4.14 -4.84 509.4
1996 3 17 12 42787.0 3.020 192.65 0.16 8.66 0.66 596.7
1996 3 18 12 42924.6 4.680 171.06 0.16 4.29 -4.07 523.2
1996 3 19 12 43062.3 2.759 179.89 0.16 2.55 -5.02 541.9
1996 3 20 12 43200.0 8.642 150.26 0.16 6.45 -2.45 475.5
1996 3 21 12 43337.7 8.923 183.99 0.16 5.26 -3.18 560.9
1996 3 22 12 43475.4 2.126 214.13 0.16 3.55 -4.24 552.6
1996 3 23 12 43613.0 0.131 181.31 0.16 6.00 -2.22 601.9
1996 3 24 12 43750.4 0.033 183.29 0.16 5.21 -2.07 535.7
1996 3 25 12 43887.7 2.952 171.18 0.16 4.41 -4.10 482.1
1996 3 26 12 44024.8 4.132 170.53 0.16 5.46 -4.73 517.0
1996 3 27 12 44161.7 0.836 169.98 0.16 6.86 -1.96 561.9
1996 3 28 12 44298.2 5.875 206.88 0.16 4.66 -2.28 559.5
1996 3 29 12 44434.5 6.921 176.64 0.16 8.03 -0.09 681.4
1996 3 30 12 44570.3 0.216 190.18 0.16 7.68 -0.14 622.2
1996 3 31 12 44705.8 1.856 198.10 0.16 3.71 -5.42 425.6
1996 4 1 12 44840.8 4.121 181.96 0.16 7.67 -0.56 592.9
1996 4 2 12 44975.4 8.827 197.90 0.16 7.01 0.04 604.6
1996 4 3 12 45109.4 10.578 196.64 0.16 8.23 -0.93 535.0
1996 4 4 12 45242.8 1.136 205.41 0.16 8.53 0.49 597.7
1996 4 5 12 45375.7 1.504 190.24 0.16 8.50 0.81 637.8
1996 4 6 12 45507.9 2.759 208.32 0.16 7.42 -0.84 611.3
1996 4 7 12 45639.4 0.333 200.17 0.16 6.36 -1.62 596.9
1996 4 8 12 45770.2 2.028 204.73 0.16 10.91 2.79 708.5
1996 4 9 12 45900.2 1.722 223.21 0.16 7.42 -0.64 570.1
1996 4 10 12 46029.4 2.783 231.09 0.16 9.79 1.26 659.4
1996 4 11 12 46157.8 0.673 174.98 0.16 9.31 1.06 620.9
1996 4 12 12 46285.3 0.955 219.15 0.16 8.36 -0.64 596.9
1996 4 13 12 46411.9 7.047 209.21 0.16 10.93 2.10 631.2
1996 4 14 12 46537.5 2.183 186.07 0.16 10.05 2.68 703.2
1996 4 15 12 46662.2 2.508 222.20 0.16 8.65 0.75 634.1
1996 4 16 12 46785.8 1.599 231.58 0.16 12.81 3.65 678.3
1996 4 17 12 46908.4 0.434 199.51 0.16 12.81 5.29 706.4
1996 4 18 12 47029.9 8.409 196.98 0.16 12.06 2.48 642.8
1996 4 19 12 47150.2 0.363 230.98 0.16 12.69 4.98 724.2
1996 4 20 12 47269.4 3.472 221.38 0.16 13.26 3.84 658.6
1996 4 21 12 47387.3 3.179 218.53 0.16 8.29 -0.45 604.4
1996 4 22 12 47504.0 0.838 243.84 0.16 12.54 4.34 733.8
1996 4 23 12 47619.5 5.890 227.01 0.16 14.56 4.57 708.9
1996 4 24 12 47733.6 2.459 231.42 0.16 13.95 5.21 725.5
1996 4 25 12 47846.4 4.129 233.51 0.16 12.20 3.42 664.6
1996 4 26 12 47957.8 8.236 209.94 0.16 13.42 4.86 686.8
1996 4 27 12 48067.8 0.739 234.39 0.16 14.45 6.52 730.6
1996 4 28 12 48176.4 5.733 204.53 0.16 14.29 6.69 776.4
1996 4 29 12 48283.5 0.450 215.71 0.16 15.02 6.24 740.3
1996 4 30 12 48389.0 5.521 234.47 0.16 10.31 0.91 618.6
1996 5 1 12 48493.1 4.138 221.39 0.16 14.50 6.43 715.8
1996 5 2 12 48595.5 0.503 239.17 0.16 15.37 7.67 761.9
1996 5 3 12 48696.4 1.538 216.46 0.16 14.58 5.35 683.3
1996 5 4 12 48795.7 0.857 245.92 0.16 14.08 4.74 672.2
1996 5 5 12 48893.3 2.686 246.56 0.16 14.19 6.29 689.3
1996 5 6 12 48989.2 2.397 218.42 0.16 13.99 3.88 619.3
1996 5 7 12 49083.3 3.934 232.47 0.16 13.72 5.63 682.5
1996 5 8 12 49175.8 3.131 223.69 0.16 12.81 3.25 641.2
1996 5 9 12 49266.4 0.883 245.01 0.16 13.98 4.50 739.8
1996 5 10 12 49355.3 0.943 230.11 0.16 16.04 7.10 754.0
1996 5 11 12 49442.4 2.772 244.15 0.16 16.71 7.95 809.2
1996 5 12 12 49527.6 9.611 244.56 0.16 14.15 5.26 753.4
1996 5 13 12 49610.9 2.337 220.64 0.16 16.73 8.54 780.2
1996 5 14 12 49692.3 0.758 241.39 0.16 17.37 9.58 790.9
1996 5 15 12 49771.8 1.387 266.38 0.16 17.30 7.24 738.3
1996 5 16 12 49849.4 0.342 241.97 0.16 14.39 4.63 749.1
1996 5 17 12 49924.9 2.650 277.33 0.16 15.43 7.06 695.3
1996 5 18 12 49998.5 2.390 264.57 0.16 17.77 9.81 759.9
1996 5 19 12 50070.1 0.571 275.23 0.16 18.78 10.18 820.8
1996 5 20 12 50139.7 0.503 253.01 0.16 17.29 9.31 807.6
1996 5 21 12 50207.1 6.106 277.39 0.16 18.11 9.20 745.4
1996 5 22 12 50272.5 0.046 272.87 0.16 15.56 5.52 761.4
1996 5 23 12 50335.9 1.785 261.28 0.16 15.56 7.01 732.8
1996 5 24 12 50397.0 3.372 255.81 0.16 17.05 8.39 746.0
1996 5 25 12 50456.1 5.213 232.52 0.16 16.43 7.84 755.9
1996 5 26 12 50513.0 12.416 270.13 0.16 20.01 12.57 880.9
1996 5 27 12 50567.8 1.682 228.04 0.16 17.46 9.48 839.6
1996 5 28 12 50620.3 1.087 253.86 0.16 19.22 11.05 818.2
1996 5 29 12 50670.7 2.991 257.12 0.16 19.23 10.41 779.0
1996 5 30 12 50718.8 0.903 230.12 0.16 19.43 10.18 781.0
1996 5 31 12 50764.8 14.929 254.71 0.16 17.52 10.35 813.3
1996 6 1 12 50808.5 0.280 250.75 0.16 16.57 8.48 825.7
1996 6 2 12 50849.9 1.686 253.87 0.16 18.01 10.27 760.0
1996 6 3 12 50889.0 3.627 249.84 0.16 19.24 11.04 789.4
1996 6 4 12 50925.9 0.466 247.50 0.16 16.90 7.97 757.8
1996 6 5 12 50960.5 10.213 248.72 0.16 17.02 8.76 743.8
1996 6 6 12 50992.8 4.052 280.29 0.16 20.61 11.75 772.0
1996 6 7 12 51022.8 4.904 260.09 0.16 20.46 11.43 771.4
1996 6 8 12 51050.5 5.566 265.27 0.16 20.11 12.81 880.7
1996 6 9 12 51075.8 9.680 275.97 0.16 19.83 9.73 815.4
1996 6 10 12 51098.8 5.051 255.24 0.16 17.27 9.63 806.1
1996 6 11 12 51119.5 7.961 245.17 0.16 20.48 11.72 800.0
1996 6 12 12 51137.8 1.843 288.83 0.16 20.02 10.69 837.9
1996 6 13 12 51153.7 14.393 230.79 0.16 20.63 11.82 846.2
1996 6 14 12 51167.4 8.249 241.97 0.16 17.76 10.23 863.7
1996 6 15 12 51178.6 7.591 285.28 0.16 22.89 15.13 932.4
1996 6 16 12 51187.5 1.401 273.30 0.16 22.30 14.51 900.0
1996 6 17 12 51194.0 0.659 254.00 0.16 21.12 12.16 835.5
1996 6 18 12 51198.1 3.207 252.80 0.16 20.74 11.34 818.6
1996 6 19 12 51199.9 5.439 233.82 0.16 19.55 12.59 816.6
1996 6 20 12 51199.3 7.886 241.10 0.16 21.53 13.07 828.3
1996 6 21 12 51196.4 7.277 261.81 0.16 24.36 16.29 906.9
1996 6 22 12 51191.0 4.091 246.76 0.16 25.25 17.58 934.2
1996 6 23 12 51183.3 0.417 249.32 0.16 21.30 11.92 871.2
1996 6 24 12 51173.3 7.781 254.08 0.16 21.28 12.40 805.2
1996 6 25 12 51160.8 12.194 270.77 0.16 23.62 13.84 863.7
1996 6 26 12 51146.1 1.574 251.97 0.16 20.89 12.68 837.0
1996 6 27 12 51128.9 6.962 256.54 0.16 21.29 12.28 896.5
1996 6 28 12 51109.4 3.649 261.14 0.16 20.73 12.68 878.7
1996 6 29 12 51087.6 2.694 248.68 0.16 21.02 12.41 866.8
1996 6 30 12 51063.4 3.278 272.04 0.16 26.19 17.12 934.3
1996 7 1 12 51036.9 2.690 248.18 0.16 22.60 11.81 901.1
1996 7 2 12 51008.1 0.785 270.03 0.16 22.62 13.79 894.9
1996 7 3 12 50976.9 1.982 252.67 0.16 25.10 17.27 967.6
1996 7 4 12 50943.5 3.911 288.90 0.16 24.46 17.20 912.6
1996 7 5 12 50907.8 0.381 244.60 0.16 22.21 14.52 906.2
1996 7 6 12 50869.7 0.928 230.48 0.16 20.62 11.09 784.9
1996 7 7 12 50829.4 9.349 272.06 0.16 22.87 14.61 850.5
1996 7 8 12 50786.9 4.434 255.94 0.16 24.05 15.68 902.2
1996 7 9 12 50742.1 0.156 254.46 0.16 24.11 17.15 943.5
1996 7 10 12 50695.1 3.291 251.16 0.16 23.37 14.67 889.4
1996 7 11 12 50645.8 1.199 256.02 0.16 23.10 15.23 913.9
1996 7 12 12 50594.3 7.052 243.94 0.16 23.01 14.35 899.1
1996 7 13 12 50540.7 2.837 244.39 0.16 24.25 16.96 970.9
1996 7 14 12 50484.8 4.383 232.29 0.16 21.87 13.92 899.1
1996 7 15 12 50426.8 2.407 269.99 0.16 23.03 15.87 882.0
1996 7 16 12 50366.7 0.371 256.46 0.16 20.56 11.47 862.1
1996 7 17 12 50304.5 3.088 243.10 0.16 24.69 16.59 900.8
1996 7 18 12 50240.1 4.305 267.69 0.16 22.16 15.78 885.2
1996 7 19 12 50173.7 1.726 261.44 0.16 22.14 12.80 875.9
1996 7 20 12 50105.1 2.952 241.66 0.16 21.63 12.97 847.4
1996 7 21 12 50034.6 1.597 264.19 0.16 21.16 11.46 830.7
1996 7 22 12 49962.0 0.306 261.68 0.16 22.23 12.67 871.1
1996 7 23 12 49887.4 0.127 242.09 0.16 24.46 15.82 927.6
1996 7 24 12 49810.8 0.788 241.16 0.16 22.63 14.30 889.8
1996 7 25 12 49732.3 0.228 250.05 0.16 24.28 16.97 907.4
1996 7 26 12 49651.8 0.710 243.61 0.16 22.82 13.45 955.3
1996 7 27 12 49569.5 1.719 254.29 0.16 25.42 16.24 964.5
1996 7 28 12 49485.2 2.117 256.23 0.16 23.14 14.45 853.1
1996 7 29 12 49399.1 6.778 249.58 0.16 21.93 13.14 882.1
1996 7 30 12 49311.1 2.259 273.62 0.16 22.44 13.03 790.4
1996 7 31 12 49221.3 3.754 243.32 0.16 20.77 10.81 839.9
1996 8 1 12 49129.8 2.395 226.80 0.16 24.41 15.85 878.8
1996 8 2 12 49036.5 2.290 226.89 0.16 22.22 13.95 862.1
1996 8 3 12 48941.4 3.583 219.93 0.16 23.52 14.75 886.0
1996 8 4 12 48844.7 2.148 223.94 0.16 24.49 14.93 923.4
1996 8 5 12 48746.2 1.088 268.81 0.16 20.91 13.21 834.4
1996 8 6 12 48646.2 3.516 217.53 0.16 21.63 12.18 831.2
1996 8 7 12 48544.5 6.421 231.42 0.16 21.77 13.74 856.8
1996 8 8 12 48441.3 2.767 237.96 0.16 23.76 14.09 904.6
1996 8 9 12 48336.4 2.678 191.86 0.16 22.86 14.34 878.3
1996 8 10 12 48230.1 0.910 259.40 0.16 24.84 15.82 958.3
1996 8 11 12 48122.3 0.239 239.66 0.16 21.36 13.03 836.5
1996 8 12 12 48013.0 1.597 232.01 0.16 20.19 11.04 852.0
1996 8 13 12 47902.3 0.824 225.69 0.16 22.09 12.99 823.9
1996 8 14 12 47790.2 0.344 271.04 0.16 18.31 9.69 747.3
1996 8 15 12 47676.7 4.104 226.27 0.16 20.27 12.87 831.1
1996 8 16 12 47561.9 2.263 214.65 0.16 22.85 13.74 837.5
1996 8 17 12 47445.8 1.677 219.51 0.16 22.86 13.98 803.0
1996 8 18 12 47328.5 1.426 217.37 0.16 19.99 12.07 849.9
1996 8 19 12 47209.9 2.270 221.08 0.16 23.12 13.64 895.4
1996 8 20 12 47090.2 2.083 219.15 0.16 20.44 12.13 837.7
1996 8 21 12 46969.3 0.122 221.46 0.16 20.68 13.06 855.1
1996 8 22 12 46847.3 2.643 207.66 0.16 21.39 13.46 890.4
1996 8 23 12 46724.2 1.605 230.02 0.16 19.22 10.83 832.4
1996 8 24 12 46600.0 1.569 192.08 0.16 22.15 13.25 909.6
1996 8 25 12 46474.8 4.889 234.27 0.16 21.05 12.65 881.4
1996 8 26 12 46348.7 1.638 213.72 0.16 21.10 14.06 871.9
1996 8 27 12 46221.7 2.480 208.84 0.16 18.81 10.59 753.9
1996 8 28 12 46093.7 1.906 204.55 0.16 24.72 17.41 984.9
1996 8 29 12 45964.9 0.481 234.92 0.16 21.67 14.57 854.1
1996 8 30 12 45835.3 0.635 216.05 0.16 20.76 11.75 837.5
1996 8 31 12 45704.9 2.163 202.80 0.16 20.36 12.98 789.8
1996 9 1 12 45573.7 1.381 200.16 0.16 21.32 13.80 836.0
1996 9 2 12 45441.8 1.934 235.02 0.16 18.35 11.01 813.2
1996 9 3 12 45309.3 2.057 221.94 0.16 20.49 12.25 881.4
1996 9 4 12 45176.2 1.636 225.47 0.16 17.39 10.05 806.8
1996 9 5 12 45042.4 0.232 203.87 0.16 19.20 10.50 746.3
1996 9 6 12 44908.2 1.987 201.21 0.16 23.30 16.12 918.2
1996 9 7 12 44773.4 4.827 190.88 0.16 17.86 9.49 813.1
1996 9 8 12 44638.1 1.399 178.60 0.16 19.02 11.53 824.5
1996 9 9 12 44502.5 0.004 214.76 0.16 19.63 12.54 837.3
1996 9 10 12 44366.4 1.701 187.42 0.16 21.90 13.96 881.9
1996 9 11 12 44230.0 2.460 204.54 0.16 18.49 10.74 822.5
1996 9 12 12 44093.3 2.394 174.27 0.16 18.35 9.16 806.9
1996 9 13 12 43956.3 0.339 194.61 0.16 20.17 12.38 807.0
1996 9 14 12 43819.1 1.593 172.13 0.16 20.59 12.40 832.3
1996 9 15 12 43681.7 0.963 169.90 0.16 18.06 9.05 809.6
1996 9 16 12 43544.2 0.551 201.89 0.16 17.77 10.05 812.9
1996 9 17 12 43406.5 0.161 195.00 0.16 16.44 10.77 822.2
1996 9 18 12 43268.9 0.904 165.72 0.16 17.67 8.32 796.7
1996 9 19 12 43131.1 0.642 183.08 0.16 15.83 7.97 730.9
1996 9 20 12 42993.5 0.963 180.55 0.16 15.38 6.88 741.0
1996 9 21 12 42855.8 2.881 181.36 0.16 16.42 7.72 725.6
1996 9 22 12 42718.3 0.453 160.14 0.16 14.41 7.11 768.9
1996 9 23 12 42580.9 1.624 190.63 0.16 18.43 9.67 801.7
1996 9 24 12 42443.7 1.054 186.31 0.16 16.02 6.60 722.2
1996 9 25 12 42306.7 4.411 196.45 0.16 13.52 5.68 686.6
1996 9 26 12 42170.0 0.170 126.61 0.16 17.19 7.61 784.5
1996 9 27 12 42033.6 0.677 153.92 0.16 15.48 8.07 727.8
1996 9 28 12 41897.5 0.965 167.72 0.16 16.14 8.31 775.3
1996 9 29 12 41761.9 2.059 154.38 0.16 13.79 3.73 618.5
1996 9 30 12 41626.6 0.374 169.20 0.16 13.42 5.26 668.4
1996 10 1 12 41491.8 1.964 146.35 0.16 16.02 8.18 731.8
1996 10 2 12 41357.6 1.288 133.25 0.16 15.33 5.56 700.1
1996 10 3 12 41223.8 1.249 165.72 0.16 11.47 3.25 689.0
1996 10 4 12 41090.7 0.941 143.77 0.16 14.86 6.53 747.6
1996 10 5 12 40958.2 0.732 162.16 0.16 14.79 5.17 679.3
1996 10 6 12 40826.3 0.326 148.11 0.16 13.48 5.83 737.1
1996 10 7 12 40695.1 0.357 168.95 0.16 13.68 5.19 697.0
1996 10 8 12 40564.7 0.807 115.02 0.16 11.88 4.96 701.3
1996 10 9 12 40435.1 0.360 134.13 0.16 14.38 6.93 761.5
1996 10 10 12 40306.3 1.124 169.19 0.16 10.90 2.04 671.2
1996 10 11 12 40178.3 0.344 165.90 0.16 11.08 3.35 675.1
1996 10 12 12 40051.3 0.311 150.18 0.16 11.97 4.73 708.7
1996 10 13 12 39925.2 0.737 123.72 0.16 12.15 3.46 652.2
1996 10 14 12 39800.0 0.469 138.04 0.16 10.05 0.42 653.0
1996 10 15 12 39675.8 3.891 127.57 0.16 11.91 4.57 718.9
1996 10 16 12 39552.7 0.104 152.25 0.16 12.20 3.68 619.2
1996 10 17 12 39430.7 0.029 156.48 0.16 10.89 3.12 632.9
1996 10 18 12 39309.8 1.182 103.70 0.16 11.47 3.18 621.9
1996 10 19 12 39190.1 3.962 160.78 0.16 11.29 3.26 680.0
1996 10 20 12 39071.5 4.219 120.47 0.16 11.20 3.00 680.9
1996 10 21 12 38954.2 2.434 109.19 0.16 10.84 2.67 648.0
1996 10 22 12 38838.1 0.569 146.35 0.16 12.35 3.28 672.5
1996 10 23 12 38723.3 3.579 119.28 0.16 10.39 0.49 581.6
1996 10 24 12 38609.8 0.604 108.41 0.16 10.06 0.89 646.5
1996 10 25 12 38497.7 1.029 144.00 0.16 9.46 1.20 647.2
1996 10 26 12 38387.0 0.445 131.47 0.16 8.10 -1.66 580.7
1996 10 27 12 38277.7 0.730 122.02 0.16 9.09 1.12 664.9
1996 10 28 12 38169.9 0.360 132.78 0.16 7.14 -1.88 635.6
1996 10 29 12 38063.6 0.858 122.24 0.16 8.73 -0.92 620.7
1996 10 30 12 37958.7 1.365 142.79 0.16 8.99 -0.45 585.1
1996 10 31 12 37855.5 1.231 102.53 0.16 10.45 1.27 647.4
1996 11 1 12 37753.8 0.366 116.69 0.16 5.15 -3.76 517.7
1996 11 2 12 37653.8 2.001 116.45 0.16 8.43 0.37 624.1
1996 11 3 12 37555.3 2.788 114.38 0.16 8.90 1.14 632.0
1996 11 4 12 37458.6 0.952 88.41 0.16 6.92 -1.89 526.0
1996 11 5 12 37363.5 0.204 92.56 0.16 8.33 -0.20 576.5
1996 11 6 12 37270.2 2.102 114.49 0.16 5.94 -1.12 565.6
1996 11 7 12 37178.7 0.123 88.46 0.16 5.27 -4.21 522.1
1996 11 8 12 37088.9 0.108 104.68 0.16 8.94 0.23 588.3
1996 11 9 12 37000.9 0.156 131.98 0.16 3.96 -4.66 472.9
1996 11 10 12 36914.8 0.705 93.83 0.16 9.13 1.19 634.5
1996 11 11 12 36830.5 1.366 116.20 0.16 8.23 -0.74 611.7
1996 11 12 12 36748.2 0.163 110.46 0.16 6.97 -1.13 613.3
1996 11 13 12 36667.7 1.081 100.67 0.16 6.11 -2.84 533.7
1996 11 14 12 36589.2 0.128 82.02 0.16 4.78 -2.26 554.7
1996 11 15 12 36512.6 2.444 132.12 0.16 4.52 -3.95 543.2
1996 11 16 12 36438.0 0.735 102.83 0.16 6.35 -1.96 552.6
1996 11 17 12 36365.4 0.543 99.34 0.16 6.52 -2.15 551.0
1996 11 18 12 36294.9 0.954 110.29 0.16 5.77 -0.05 633.7
1996 11 19 12 36226.3 0.065 112.23 0.16 4.22 -5.32 535.0
1996 11 20 12 36159.9 0.569 109.02 0.16 4.61 -4.37 466.7
1996 11 21 12 36095.5 3.170 123.13 0.16 5.05 -2.95 579.1
1996 11 22 12 36033.3 1.965 105.23 0.16 6.08 -0.71 578.8
1996 11 23 12 35973.2 0.731 122.98 0.16 7.30 -0.80 562.7
1996 11 24 12 35915.2 0.711 104.37 0.16 3.55 -5.30 459.3
1996 11 25 12 35859.3 0.209 141.65 0.16 6.17 -0.15 601.2
1996 11 26 12 35805.7 0.369 108.95 0.16 1.93 -7.40 448.6
1996 11 27 12 35754.2 1.052 105.33 0.16 4.73 -5.16 518.6
1996 11 28 12 35704.9 0.428 81.53 0.16 2.91 -5.49 403.9
1996 11 29 12 35657.9 1.224 111.35 0.16 3.45 -4.91 513.6
1996 11 30 12 35613.1 0.448 123.24 0.16 6.38 -1.11 528.2
1996 12 1 12 35570.6 0.066 129.24 0.16 3.17 -5.16 523.4
1996 12 2 12 35530.3 0.702 97.74 0.16 1.51 -7.37 424.9
1996 12 3 12 35492.2 1.257 115.35 0.16 2.67 -6.34 507.6
1996 12 4 12 35456.5 0.246 111.95 0.16 3.48 -4.04 508.5
1996 12 5 12 35423.1 0.613 118.12 0.16 1.07 -7.24 516.2
1996 12 6 12 35391.9 0.025 92.57 0.16 3.01 -4.89 485.3
1996 12 7 12 35363.1 0.076 74.56 0.16 2.08 -6.19 491.2
1996 12 8 12 35336.6 0.669 93.19 0.16 3.10 -3.37 529.2
1996 12 9 12 35312.4 0.867 102.11 0.16 2.52 -4.67 492.2
1996 12 10 12 35290.6 0.183 92.33 0.16 0.35 -7.26 465.7
1996 12 11 12 35271.1 3.145 101.78 0.16 0.90 -7.59 460.9
1996 12 12 12 35253.9 3.292 102.37 0.16 -0.25 -7.42 451.8
1996 12 13 12 35239.2 0.804 98.22 0.16 1.36 -7.65 444.9
1996 12 14 12 35226.7 1.148 104.37 0.16 2.70 -4.49 500.7
1996 12 15 12 35216.7 1.678 90.86 0.16 -0.34 -9.43 430.4
1996 12 16 12 35209.0 3.300 105.92 0.16 0.81 -5.80 491.1
1996 12 17 12 35203.6 1.827 97.85 0.16 1.48 -6.14 517.4
1996 12 18 12 35200.7 0.918 129.72 0.16 -0.25 -10.14 432.8
1996 12 19 12 35200.1 0.585 121.50 0.16 -1.35 -9.15 464.0
1996 12 20 12 35201.9 1.108 108.15 0.16 -1.39 -10.18 388.4
1996 12 21 12 35206.0 2.629 93.42 0.16 0.73 -7.36 429.1
1996 12 22 12 35212.5 0.630 85.48 0.16 0.79 -7.27 409.6
1996 12 23 12 35221.4 2.142 108.35 0.16 -1.04 -9.43 403.6
1996 12 24 12 35232.6 0.759 99.83 0.16 3.16 -5.15 519.4
1996 12 25 12 35246.3 0.875 104.40 0.16 -0.49 -8.36 409.6
1996 12 26 12 35262.2 0.444 89.41 0.16 -0.74 -8.95 406.6
1996 12 27 12 35280.5 0.818 100.47 0.16 1.16 -8.08 450.7
1996 12 28 12 35301.2 0.966 101.45 0.16 2.12 -5.75 543.8
1996 12 29 12 35324.2 0.879 104.26 0.16 0.40 -8.12 400.7
1996 12 30 12 35349.5 0.075 121.65 0.16 -1.37 -9.46 386.6
1996 12 31 12 35377.2 0.011 96.22 0.16 1.66 -7.03 466.3
1997 1 1 12 35377.2 1.669 102.64 0.16 -0.16 -8.69 480.1
1997 1 2 12 35407.2 1.201 129.55 0.16 -1.75 -11.08 335.5
1997 1 3 12 35439.5 1.546 115.71 0.16 -1.91 -9.78 401.2
1997 1 4 12 35474.1 2.986 130.18 0.16 2.58 -6.32 421.1
1997 1 5 12 35511.0 1.595 93.31 0.16 1.53 -7.83 441.3
1997 1 6 12 35550.1 2.490 114.34 0.16 -0.45 -8.63 362.5
1997 1 7 12 35591.5 2.643 116.21 0.16 -1.94 -9.76 427.2
1997 1 8 12 35635.2 0.063 113.83 0.16 -1.39 -10.32 355.7
1997 1 9 12 35681.2 1.116 128.07 0.16 -2.25 -9.51 408.4
1997 1 10 12 35729.3 2.706 72.55 0.16 -2.10 -9.89 445.8
1997 1 11 12 35779.7 1.143 124.95 0.16 -0.91 -8.05 428.4
1997 1 12 12 35832.2 0.899 130.12 0.16 -0.42 -7.75 448.0
1997 1 13 12 35887.0 1.585 102.43 0.16 -2.59 -9.98 382.6
1997 1 14 12 35943.9 1.914 101.10 0.16 1.45 -8.42 424.2
1997 1 15 12 36003.0 3.926 131.54 0.16 -0.05 -9.36 406.1
1997 1 16 12 36064.1 3.378 111.38 0.16 -1.35 -8.71 473.0
1997 1 17 12 36127.5 1.638 116.00 0.16 -0.82 -8.64 435.2
1997 1 18 12 36192.9 3.734 117.43 0.16 1.48 -7.13 456.3
1997 1 19 12 36260.3 1.509 99.76 0.16 -2.07 -10.85 369.5
1997 1 20 12 36329.9 4.720 109.69 0.16 -0.13 -8.86 478.2
1997 1 21 12 36401.5 3.684 91.06 0.16 -2.53 -9.74 435.5
1997 1 22 12 36475.1 0.438 111.20 0.16 -0.23 -8.66 438.5
1997 1 23 12 36550.6 2.942 101.53 0.16 -2.20 -10.91 368.0
1997 1 24 12 36628.2 1.110 105.85 0.16 -0.70 -10.23 458.1
1997 1 25 12 36707.7 2.468 94.46 0.16 -2.07 -11.90 416.6
1997 1 26 12 36789.1 1.310 143.51 0.16 1.53 -6.15 470.7
1997 1 27 12 36872.4 1.140 125.32 0.16 -0.78 -9.50 455.9
1997 1 28 12 36957.6 1.915 121.66 0.16 -0.85 -9.06 407.4
1997 1 29 12 37044.7 0.055 102.23 0.16 -0.78 -8.80 426.1
1997 1 30 12 37133.6 2.530 114.50 0.16 -1.04 -8.86 382.7
1997 1 31 12 37224.2 1.180 118.30 0.16 3.83 -4.01 510.3
1997 2 1 12 37316.7 1.961 118.47 0.16 -0.14 -7.59 424.5
1997 2 2 12 37410.8 0.671 115.69 0.16 -0.85 -9.03 405.4
1997 2 3 12 37506.7 0.346 120.22 0.16 -1.58 -9.92 360.1
1997 2 4 12 37604.3 4.870 136.33 0.16 -0.43 -9.55 422.0
1997 2 5 12 37703.6 7.173 124.72 0.16 1.97 -6.20 451.1
1997 2 6 12 37804.5 0.351 126.23 0.16 -3.26 -12.29 337.1
1997 2 7 12 37906.9 2.777 130.29 0.16 0.62 -8.41 409.1
1997 2 8 12 38011.0 2.422 135.05 0.16 1.17 -6.73 455.6
1997 2 9 12 38116.5 0.511 119.63 0.16 -2.51 -12.13 328.3
1997 2 10 12 38223.6 2.468 143.45 0.16 -1.67 -9.96 403.8
1997 2 11 12 38332.2 1.857 135.81 0.16 -0.34 -8.47 416.5
1997 2 12 12 38442.2 3.207 137.42 0.16 -1.83 -10.33 386.9
1997 2 13 12 38553.6 4.709 143.81 0.16 0.81 -7.94 434.8
1997 2 14 12 38666.4 2.963 138.24 0.16 -2.49 -9.17 413.5
1997 2 15 12 38780.5 5.908 136.42 0.16 0.83 -6.49 476.9
1997 2 16 12 38896.0 1.989 114.76 0.16 0.57 -8.51 473.5
1997 2 17 12 39012.7 1.928 135.73 0.16 0.45 -7.66 452.6
1997 2 18 12 39130.6 12.068 143.36 0.16 1.24 -7.33 442.6
1997 2 19 12 39249.8 0.307 135.95 0.16 0.01 -8.28 456.7
1997 2 20 12 39370.1 4.982 135.09 0.16 0.52 -8.15 456.9
1997 2 21 12 39491.6 0.947 123.22 0.16 -0.41 -9.23 396.2
1997 2 22 12 39614.2 3.534 172.49 0.16 1.24 -7.52 391.5
1997 2 23 12 39737.8 4.176 154.50 0.16 -1.52 -9.95 416.3
1997 2 24 12 39862.5 3.297 150.28 0.16 2.85 -6.06 439.2
1997 2 25 12 39988.1 2.101 152.07 0.16 0.11 -9.31 407.1
1997 2 26 12 40114.7 3.849 130.05 0.16 0.08 -8.53 434.6
1997 2 27 12 40242.2 0.469 161.36 0.16 -0.19 -9.09 374.3
1997 2 28 12 40370.6 6.709 173.77 0.16 4.68 -3.93 494.2
1997 3 1 12 40499.8 1.855 166.69 0.16 1.63 -6.74 441.9
1997 3 2 12 40629.8 0.796 150.51 0.16 2.50 -6.83 502.0
1997 3 3 12 40760.6 5.776 156.22 0.16 2.23 -5.02 485.1
1997 3 4 12 40892.1 1.962 173.70 0.16 1.35 -6.49 484.9
1997 3 5 12 41024.3 1.181 188.26 0.16 3.60 -5.22 522.7
1997 3 6 12 41157.2 1.166 133.96 0.16 1.53 -6.50 470.5
1997 3 7 12 41290.6 3.895 167.65 0.16 2.44 -5.50 437.4
1997 3 8 12 41424.6 7.980 149.85 0.16 2.32 -4.91 509.4
1997 3 9 12 41559.2 6.875 187.18 0.16 3.44 -3.68 522.0
1997 3 10 12 41694.2 0.533 141.23 0.16 3.36 -5.64 459.0
1997 3 11 12 41829.7 1.453 171.35 0.16 3.12 -5.11 527.9
1997 3 12 12 41965.5 1.084 180.01 0.16 4.01 -3.58 500.9
1997 3 13 12 42101.8 0.917 153.08 0.16 4.94 -3.08 521.5
1997 3 14 12 42238.3 4.464 181.13 0.16 0.85 -7.38 442.5
1997 3 15 12 42375.2 0.470 189.74 0.16 5.22 -3.20 528.3
1997 3 16 12 42512.3 2.860 174.32 0.16 5.17 -2.97 592.4
1997 3 17 12 42649.6 1.426 166.07 0.16 3.15 -4.91 472.5
1997 3 18 12 42787.0 0.530 171.90 0.16 5.91 -3.23 496.4
1997 3 19 12 42924.6 4.809 167.39 0.16 6.44 -2.44 538.4
1997 3 20 12 43062.3 1.863 182.90 0.16 4.76 -2.43 569.4
1997 3 21 12 43200.0 2.297 204.30 0.16 5.72 -3.38 577.8
1997 3 22 12 43337.7 1.556 209.88 0.16 5.20 -3.32 518.9
1997 3 23 12 43475.4 1.936 182.56 0.16 6.79 -1.40 599.1
1997 3 24 12 43613.0 1.690 215.28 0.16 6.30 -2.02 563.1
1997 3 25 12 43750.4 1.891 199.07 0.16 5.83 -1.66 615.0
1997 3 26 12 43887.7 11.238 142.11 0.16 5.20 -2.75 518.8
1997 3 27 12 44024.8 7.505 170.07 0.16 6.39 -3.17 518.1
1997 3 28 12 44161.7 2.748 183.75 0.16 8.21 0.18 657.4
1997 3 29 12 44298.2 4.004 186.01 0.16 6.81 -2.64 588.6
1997 3 30 12 44434.5 6.574 178.47 0.16 6.61 -2.15 561.0
1997 3 31 12 44570.3 1.487 185.29 0.16 3.91 -5.92 511.3
1997 4 1 12 44705.8 4.187 189.31 0.16 7.43 -0.68 611.8
1997 4 2 12 44840.8 6.267 213.37 0.16 6.32 -1.39 609.0
1997 4 3 12 44975.4 7.878 197.40 0.16 7.52 -0.58 612.4
1997 4 4 12 45109.4 1.098 216.77 0.16 5.95 -1.92 557.2
1997 4 5 12 45242.8 1.105 233.38 0.16 6.03 -0.48 589.3
1997 4 6 12 45375.7 5.259 199.63 0.16 9.30 1.55 631.8
1997 4 7 12 45507.9 17.673 189.53 0.16 9.77 0.54 631.6
1997 4 8 12 45639.4 3.266 167.55 0.16 9.41 1.74 611.5
1997 4 9 12 45770.2 5.761 191.18 0.16 9.57 2.29 655.2
1997 4 10 12 45900.2 1.797 189.21 0.16 8.50 -1.03 558.1
1997 4 11 12 46029.4 1.607 211.55 0.16 10.93 2.22 696.9
1997 4 12 12 46157.8 4.230 192.69 0.16 7.00 -0.77 596.8
1997 4 13 12 46285.3 7.260 206.99 0.16 10.97 1.91 645.7
1997 4 14 12 46411.9 6.528 209.46 0.16 10.02 1.19 632.7
1997 4 15 12 46537.5 4.524 236.41 0.16 12.55 5.10 710.1
1997 4 16 12 46662.2 3.120 225.08 0.16 10.59 3.04 604.9
1997 4 17 12 46785.8 0.029 212.27 0.16 8.72 -0.26 574.7
1997 4 18 12 46908.4 0.312 219.92 0.16 10.27 0.77 606.7
1997 4 19 12 47029.9 2.292 242.08 0.16 13.55 5.99 731.8
1997 4 20 12 47150.2 2.355 207.62 0.16 13.12 4.58 670.4
1997 4 21 12 47269.4 1.251 215.83 0.16 8.67 0.01 582.4
1997 4 22 12 47387.3 1.465 199.90 0.16 11.33 0.95 596.7
1997 4 23 12 47504.0 0.156 223.52 0.16 10.98 2.84 662.8
1997 4 24 12 47619.5 1.532 210.71 0.16 12.67 5.01 694.9
1997 4 25 12 47733.6 2.092 218.56 0.16 10.61 2.01 632.0
1997 4 26 12 47846.4 2.138 228.75 0.16 13.00 3.73 629.1
1997 4 27 12 47957.8 0.378 207.51 0.16 12.78 3.90 672.2
1997 4 28 12 48067.8 9.762 245.32 0.16 10.69 2.63 716.7
1997 4 29 12 48176.4 0.832 235.74 0.16 14.13 5.60 692.3
1997 4 30 12 48283.5 3.338 229.92 0.16 13.24 5.93 698.2
1997 5 1 12 48389.0 2.257 211.89 0.16 12.40 2.96 619.8
1997 5 2 12 48493.1 1.562 259.36 0.16 12.26 2.54 632.8
1997 5 3 12 48595.5 3.560 204.53 0.16 13.90 5.08 676.1
1997 5 4 12 48696.4 2.468 249.50 0.16 12.61 4.05 657.8
1997 5 5 12 48795.7 0.553 239.99 0.16 13.68 3.18 629.9
1997 5 6 12 48893.3 2.397 248.13 0.16 11.80 3.81 705.6
1997 5 7 12 48989.2 0.409 229.66 0.16 14.17 6.28 747.2
1997 5 8 12 49083.3 0.158 229.19 0.16 16.26 7.69 716.8
1997 5 9 12 49175.8 1.500 228.49 0.16 16.27 8.46 735.2
1997 5 10 12 49266.4 1.523 251.31 0.16 16.47 7.47 772.7
1997 5 11 12 49355.3 2.297 246.83 0.16 14.09 4.98 718.1
1997 5 12 12 49442.4 2.901 234.14 0.16 15.08 6.75 783.7
1997 5 13 12 49527.6 2.824 256.42 0.16 13.84 5.43 732.8
1997 5 14 12 49610.9 2.853 232.33 0.16 16.14 6.95 722.6
1997 5 15 12 49692.3 1.440 238.76 0.16 14.90 6.26 731.5
1997 5 16 12 49771.8 1.024 257.06 0.16 15.73 6.40 793.8
1997 5 17 12 49849.4 1.959 250.60 0.16 16.71 8.19 760.8
1997 5 18 12 49924.9 0.129 253.04 0.16 16.00 7.14 762.9
1997 5 19 12 49998.5 5.386 262.46 0.16 17.60 9.27 813.7
1997 5 20 12 50070.1 6.327 280.19 0.16 17.12 7.53 720.2
1997 5 21 12 50139.7 2.482 247.84 0.16 18.51 9.59 769.8
1997 5 22 12 50207.1 5.440 203.29 0.16 16.61 7.49 797.6
1997 5 23 12 50272.5 5.648 257.81 0.16 16.88 8.13 789.0
1997 5 24 12 50335.9 5.267 260.82 0.16 19.74 10.50 794.8
1997 5 25 12 50397.0 1.722 246.20 0.16 16.28 8.44 735.9
1997 5 26 12 50456.1 1.524 249.11 0.16 18.44 8.59 767.5
1997 5 27 12 50513.0 2.032 234.66 0.16 17.60 7.51 752.0
1997 5 28 12 50567.8 9.304 257.15 0.16 15.83 7.69 740.1
1997 5 29 12 50620.3 0.800 236.69 0.16 16.98 8.30 734.5
1997 5 30 12 50670.7 0.919 240.08 0.16 19.60 12.81 907.3
1997 5 31 12 50718.8 2.963 269.65 0.16 18.94 9.83 796.7
1997 6 1 12 50764.8 2.675 244.64 0.16 19.62 12.47 897.2
1997 6 2 12 50808.5 0.846 254.40 0.16 20.59 12.65 864.2
1997 6 3 12 50849.9 0.908 254.29 0.16 20.60 11.44 808.9
1997 6 4 12 50889.0 4.716 254.73 0.16 20.00 12.21 855.6
1997 6 5 12 50925.9 3.628 250.63 0.16 17.29 7.90 765.4
1997 6 6 12 50960.5 4.937 270.54 0.16 19.88 10.74 814.1
1997 6 7 12 50992.8 0.644 251.81 0.16 20.77 11.00 794.8
1997 6 8 12 51022.8 3.616 239.09 0.16 20.58 11.03 838.6
1997 6 9 12 51050.5 9.497 246.58 0.16 19.48 10.88 749.1
1997 6 10 12 51075.8 5.583 275.14 0.16 21.36 12.56 870.1
1997 6 11 12 51098.8 7.124 254.70 0.16 19.56 12.05 871.8
1997 6 12 12 51119.5 0.403 269.81 0.16 20.45 12.50 856.5
1997 6 13 12 51137.8 4.671 261.79 0.16 20.42 10.90 804.5
1997 6 14 12 51153.7 5.022 260.28 0.16 18.41 10.65 797.2
1997 6 15 12 51167.4 14.974 259.14 0.16 21.13 13.04 896.2
1997 6 16 12 51178.6 7.266 254.92 0.16 23.03 13.21 881.2
1997 6 17 12 51187.5 2.253 254.85 0.16 18.09 10.44 757.8
1997 6 18 12 51194.0 3.872 228.03 0.16 21.10 11.89 806.3
1997 6 19 12 51198.1 2.031 251.71 0.16 20.76 13.10 862.2
1997 6 20 12 51199.9 0.503 257.51 0.16 21.78 14.76 865.8
1997 6 21 12 51199.3 0.239 259.80 0.16 20.62 14.01 923.4
1997 6 22 12 51196.4 5.943 239.33 0.16 21.85 12.92 849.8
1997 6 23 12 51191.0 0.089 271.66 0.16 19.95 11.75 823.1
1997 6 24 12 51183.3 4.313 239.41 0.16 21.92 14.48 888.8
1997 6 25 12 51173.3 6.281 249.69 0.16 21.42 13.59 907.7
1997 6 26 12 51160.8 7.946 259.38 0.16 20.72 12.23 868.2
1997 6 27 12 51146.1 4.537 250.04 0.16 20.35 12.01 779.0
1997 6 28 12 51128.9 2.905 274.59 0.16 25.25 18.51 957.5
1997 6 29 12 51109.4 4.684 248.35 0.16 24.30 16.37 871.4
1997 6 30 12 51087.6 2.646 258.95 0.16 22.09 14.41 862.5
1997 7 1 12 51063.4 1.531 234.68 0.16 22.25 13.21 884.7
1997 7 2 12 51036.9 3.402 260.97 0.16 23.98 16.30 955.4
1997 7 3 12 51008.1 1.504 282.67 0.16 24.47 17.06 940.5
1997 7 4 12 50976.9 4.869 258.80 0.16 22.66 15.09 910.5
1997 7 5 12 50943.5 4.333 258.23 0.16 21.67 11.91 888.0
1997 7 6 12 50907.8 1.158 262.76 0.16 20.93 12.31 850.2
1997 7 7 12 50869.7 0.997 239.07 0.16 22.79 14.24 883.6
1997 7 8 12 50829.4 3.420 256.33 0.16 22.42 13.66 872.2
1997 7 9 12 50786.9 0.544 259.45 0.16 23.39 14.30 898.8
1997 7 10 12 50742.1 1.021 259.37 0.16 23.03 13.70 891.0
1997 7 11 12 50695.1 2.897 279.91 0.16 23.07 14.91 952.0
1997 7 12 12 50645.8 6.978 241.70 0.16 21.92 13.16 874.3
1997 7 13 12 50594.3 0.745 265.16 0.16 22.71 13.10 871.7
1997 7 14 12 50540.7 4.666 235.99 0.16 22.68 15.70 930.6
1997 7 15 12 50484.8 14.297 270.44 0.16 24.19 16.51 888.6
1997 7 16 12 50426.8 3.164 252.71 0.16 19.83 11.06 833.6
1997 7 17 12 50366.7 2.927 271.90 0.16 26.35 16.43 868.2
1997 7 18 12 50304.5 0.741 227.01 0.16 25.15 17.01 978.4
1997 7 19 12 50240.1 3.256 290.90 0.16 22.03 14.64 941.6
1997 7 20 12 50173.7 3.105 258.35 0.16 20.88 12.22 803.7
1997 7 21 12 50105.1 3.357 269.03 0.16 25.25 18.17 966.4
1997 7 22 12 50034.6 2.685 220.77 0.16 23.24 13.69 859.8
1997 7 23 12 49962.0 2.229 248.51 0.16 25.49 18.53 901.2
1997 7 24 12 49887.4 1.028 225.48 0.16 22.42 13.77 905.1
1997 7 25 12 49810.8 1.588 238.97 0.16 21.83 13.37 856.3
1997 7 26 12 49732.3 0.487 207.92 0.16 24.53 16.77 942.9
1997 7 27 12 49651.8 3.234 249.40 0.16 22.13 13.54 865.3
1997 7 28 12 49569.5 0.974 248.57 0.16 21.44 13.23 894.0
1997 7 29 12 49485.2 0.350 278.66 0.16 22.67 15.18 938.0
1997 7 30 12 49399.1 6.622 243.75 0.16 17.68 8.42 772.3
1997 7 31 12 49311.1 4.414 255.79 0.16 21.58 13.51 851.7
1997 8 1 12 49221.3 2.492 247.01 0.16 23.90 15.80 914.6
1997 8 2 12 49129.8 3.197 206.18 0.16 23.65 17.65 947.4
1997 8 3 12 49036.5 1.034 234.68 0.16 20.44 13.53 863.2
1997 8 4 12 48941.4 1.128 264.22 0.16 25.29 16.99 975.0
1997 8 5 12 48844.7 0.879 216.71 0.16 24.29 15.18 903.9
1997 8 6 12 48746.2 0.186 250.33 0.16 21.92 14.10 887.2
1997 8 7 12 48646.2 0.195 246.00 0.16 22.62 14.87 889.4
1997 8 8 12 48544.5 3.054 251.01 0.16 22.11 15.47 922.3
1997 8 9 12 48441.3 4.989 224.55 0.16 23.62 15.17 891.1
1997 8 10 12 48336.4 0.641 235.89 0.16 21.83 13.11 884.8
1997 8 11 12 48230.1 3.264 222.71 0.16 23.21 14.72 911.8
1997 8 12 12 48122.3 2.110 224.61 0.16 25.33 17.12 937.2
1997 8 13 12 48013.0 7.072 268.92 0.16 22.22 14.08 845.7
1997 8 14 12 47902.3 4.708 236.22 0.16 22.81 15.32 970.1
1997 8 15 12 47790.2 0.176 234.79 0.16 21.89 13.07 898.3
1997 8 16 12 47676.7 0.674 220.01 0.16 23.15 15.04 942.2
1997 8 17 12 47561.9 0.216 202.85 0.16 22.74 14.25 888.3
1997 8 18 12 47445.8 0.095 208.76 0.16 22.64 14.04 934.7
1997 8 19 12 47328.5 1.597 216.29 0.16 25.48 16.61 962.8
1997 8 20 12 47209.9 1.721 214.83 0.16 22.42 14.75 928.2
1997 8 21 12 47090.2 1.991 233.63 0.16 18.37 10.27 801.4
1997 8 22 12 46969.3 4.128 226.07 0.16 21.28 13.75 893.9
1997 8 23 12 46847.3 3.752 231.55 0.16 23.50 16.83 1008.8
1997 8 24 12 46724.2 3.519 232.36 0.16 21.49 12.51 855.0
1997 8 25 12 46600.0 1.386 211.92 0.16 19.60 11.04 802.9
1997 8 26 12 46474.8 1.644 202.23 0.16 19.83 12.02 828.1
1997 8 27 12 46348.7 0.375 242.54 0.16 17.45 9.79 827.1
1997 8 28 12 46221.7 0.432 224.28 0.16 21.34 12.22 801.4
1997 8 29 12 46093.7 0.823 225.93 0.16 18.26 9.65 843.3
1997 8 30 12 45964.9 1.562 194.52 0.16 18.99 12.49 839.4
1997 8 31 12 45835.3 2.188 159.18 0.16 19.42 10.42 781.1
1997 9 1 12 45704.9 1.901 208.13 0.16 23.65 15.63 907.2
1997 9 2 12 45573.7 2.705 233.22 0.16 20.45 11.66 876.2
1997 9 3 12 45441.8 2.690 222.96 0.16 16.54 8.23 715.3
1997 9 4 12 45309.3 3.641 187.84 0.16 20.83 11.96 837.3
1997 9 5 12 45176.2 0.619 195.09 0.16 18.85 10.76 824.1
1997 9 6 12 45042.4 0.395 164.63 0.16 20.33 12.90 922.4
1997 9 7 12 44908.2 1.760 168.30 0.16 15.27 6.47 715.2
1997 9 8 12 44773.4 3.964 198.96 0.16 19.71 11.43 854.9
1997 9 9 12 44638.1 1.553 211.33 0.16 19.96 11.87 811.3
1997 9 10 12 44502.5 1.599 180.05 0.16 18.51 9.08 841.9
1997 9 11 12 44366.4 1.987 183.73 0.16 18.16 8.77 806.5
1997 9 12 12 44230.0 1.645 198.58 0.16 15.00 6.45 733.0
1997 9 13 12 44093.3 1.830 197.12 0.16 17.43 10.08 789.1
1997 9 14 12 43956.3 1.589 202.64 0.16 19.39 12.42 869.8
1997 9 15 12 43819.1 0.497 187.75 0.16 16.66 7.96 726.2
1997 9 16 12 43681.7 2.497 189.04 0.16 20.23 11.61 840.7
1997 9 17 12 43544.2 3.410 147.40 0.16 17.92 9.56 748.6
1997 9 18 12 43406.5 0.346 163.83 0.16 15.48 7.47 724.5
1997 9 19 12 43268.9 0.885 183.35 0.16 14.27 6.12 720.6
1997 9 20 12 43131.1 8.127 161.63 0.16 17.55 10.36 806.9
1997 9 21 12 42993.5 1.674 159.99 0.16 13.82 3.85 693.2
1997 9 22 12 42855.8 0.595 186.35 0.16 16.37 7.99 766.7
1997 9 23 12 42718.3 0.541 165.38 0.16 16.29 8.02 760.8
1997 9 24 12 42580.9 0.244 174.33 0.16 14.66 5.07 692.0
1997 9 25 12 42443.7 4.489 138.74 0.16 15.98 8.03 751.1
1997 9 26 12 42306.7 0.051 144.64 0.16 14.12 4.49 629.8
1997 9 27 12 42170.0 0.284 182.35 0.16 14.95 6.06 732.2
1997 9 28 12 42033.6 0.175 174.18 0.16 16.33 8.06 793.6
1997 9 29 12 41897.5 2.727 170.91 0.16 15.45 8.35 760.5
1997 9 30 12 41761.9 1.273 149.02 0.16 15.95 8.21 742.0
1997 10 1 12 41626.6 1.792 178.03 0.16 12.85 5.58 728.2
1997 10 2 12 41491.8 0.999 155.59 0.16 15.26 6.72 751.7
1997 10 3 12 41357.6 1.088 139.22 0.16 17.95 9.88 790.8
1997 10 4 12 41223.8 0.248 131.66 0.16 13.16 3.87 719.1
1997 10 5 12 41090.7 1.284 118.95 0.16 14.51 6.55 740.1
1997 10 6 12 40958.2 0.032 162.72 0.16 13.70 5.59 733.8
1997 10 7 12 40826.3 1.614 155.83 0.16 13.76 6.05 731.3
1997 10 8 12 40695.1 0.775 204.14 0.16 13.54 7.04 736.1
1997 10 9 12 40564.7 1.673 165.10 0.16 15.19 5.64 702.9
1997 10 10 12 40435.1 0.302 154.23 0.16 15.15 6.45 786.1
1997 10 11 12 40306.3 0.928 154.71 0.16 12.63 3.73 659.7
1997 10 12 12 40178.3 0.881 155.22 0.16 10.84 1.91 642.4
1997 10 13 12 40051.3 1.948 132.08 0.16 13.24 5.00 693.2
1997 10 14 12 39925.2 0.927 143.84 0.16 12.84 3.56 654.7
1997 10 15 12 39800.0 0.332 151.43 0.16 12.71 5.64 675.2
1997 10 16 12 39675.8 4.288 150.94 0.16 12.73 4.55 637.1
1997 10 17 12 39552.7 0.877 132.23 0.16 14.59 7.78 806.3
1997 10 18 12 39430.7 1.240 155.74 0.16 12.24 3.97 634.6
1997 10 19 12 39309.8 0.172 148.08 0.16 10.97 3.38 610.9
1997 10 20 12 39190.1 0.324 134.63 0.16 12.93 4.59 678.0
1997 10 21 12 39071.5 0.673 148.88 0.16 10.88 2.32 641.6
1997 10 22 12 38954.2 0.591 140.65 0.16 8.23 -0.68 520.2
1997 10 23 12 38838.1 0.711 120.76 0.16 9.67 1.86 608.0
1997 10 24 12 38723.3 1.646 166.43 0.16 12.37 4.21 679.7
1997 10 25 12 38609.8 1.008 129.70 0.16 7.82 1.06 610.6
1997 10 26 12 38497.7 0.855 139.67 0.16 6.09 -2.61 581.8
1997 10 27 12 38387.0 0.695 157.06 0.16 10.76 1.59 625.5
1997 10 28 12 38277.7 0.952 130.88 0.16 8.89 -0.40 590.3
1997 10 29 12 38169.9 0.858 142.10 0.16 8.81 0.78 610.3
1997 10 30 12 38063.6 0.704 111.61 0.16 9.71 1.86 604.1
1997 10 31 12 37958.7 0.358 124.86 0.16 7.71 -1.27 585.5
1997 11 1 12 37855.5 0.389 123.13 0.16 6.87 -1.29 600.3
1997 11 2 12 37753.8 2.496 115.19 0.16 8.06 0.40 696.2
1997 11 3 12 37653.8 0.220 100.07 0.16 8.93 -0.43 550.3
1997 11 4 12 37555.3 1.205 115.24 0.16 9.31 2.93 612.5
1997 11 5 12 37458.6 1.860 143.13 0.16 8.58 0.42 567.7
1997 11 6 12 37363.5 3.159 131.21 0.16 5.54 -2.88 539.7
1997 11 7 12 37270.2 0.196 112.95 0.16 6.65 -0.78 583.6
1997 11 8 12 37178.7 0.045 94.74 0.16 5.82 -3.01 526.3
1997 11 9 12 37088.9 3.144 98.46 0.16 6.97 -2.52 546.2
1997 11 10 12 37000.9 2.197 110.99 0.16 5.40 -2.76 558.6
1997 11 11 12 36914.8 0.188 113.70 0.16 6.88 -2.95 594.5
1997 11 12 12 36830.5 0.858 125.02 0.16 6.49 -1.92 604.2
1997 11 13 12 36748.2 0.141 127.57 0.16 6.48 0.42 638.8
1997 11 14 12 36667.7 0.551 82.10 0.16 6.55 -1.59 537.6
1997 11 15 12 36589.2 1.426 111.19 0.16 2.64 -5.41 508.1
1997 11 16 12 36512.6 0.970 104.07 0.16 7.33 -0.45 552.5
1997 11 17 12 36438.0 1.135 104.97 0.16 6.95 -0.51 560.9
1997 11 18 12 36365.4 1.452 125.02 0.16 4.33 -4.17 466.4
1997 11 19 12 36294.9 1.010 115.15 0.16 4.40 -3.57 489.8
1997 11 20 12 36226.3 0.691 91.49 0.16 3.07 -5.53 523.9
1997 11 21 12 36159.9 1.038 101.74 0.16 7.73 -1.49 595.1
1997 11 22 12 36095.5 0.061 91.99 0.16 5.49 -2.40 574.9
1997 11 23 12 36033.3 0.100 77.16 0.16 6.39 -2.55 570.0
1997 11 24 12 35973.2 1.027 99.54 0.16 6.92 -2.80 524.6
1997 11 25 12 35915.2 0.749 107.47 0.16 5.48 -2.81 490.7
1997 11 26 12 35859.3 0.006 137.18 0.16 3.79 -5.52 481.2
1997 11 27 12 35805.7 3.304 104.79 0.16 4.66 -4.76 523.1
1997 11 28 12 35754.2 0.933 141.05 0.16 4.01 -4.11 476.8
1997 11 29 12 35704.9 0.427 99.00 0.16 6.02 -2.93 484.1
1997 11 30 12 35657.9 1.485 105.23 0.16 4.77 -3.77 508.6
1997 12 1 12 35613.1 3.686 133.88 0.16 3.57 -4.49 483.4
1997 12 2 12 35570.6 1.751 103.16 0.16 3.15 -5.09 541.4
1997 12 3 12 35530.3 0.347 78.65 0.16 1.13 -7.33 405.0
1997 12 4 12 35492.2 0.329 102.36 0.16 0.75 -7.21 481.6
1997 12 5 12 35456.5 0.037 111.34 0.16 2.96 -6.46 499.9
1997 12 6 12 35423.1 0.110 117.09 0.16 3.70 -5.72 473.7
1997 12 7 12 35391.9 1.446 68.48 0.16 2.58 -5.91 500.3
1997 12 8 12 35363.1 1.585 98.75 0.16 0.56 -7.75 409.3
1997 12 9 12 35336.6 0.337 104.08 0.16 1.72 -6.25 497.0
1997 12 10 12 35312.4 0.124 108.95 0.16 1.27 -6.57 453.0
1997 12 11 12 35290.6 0.123 118.36 0.16 1.57 -6.44 467.2
1997 12 12 12 35271.1 1.662 108.94 0.16 2.19 -5.36 526.4
1997 12 13 12 35253.9 0.030 96.60 0.16 0.56 -7.29 452.3
1997 12 14 12 35239.2 0.439 107.16 0.16 3.01 -5.62 493.3
1997 12 15 12 35226.7 1.033 118.53 0.16 0.48 -8.21 436.1
1997 12 16 12 35216.7 1.396 78.01 0.16 -1.15 -9.40 399.5
1997 12 17 12 35209.0 1.684 111.67 0.16 1.63 -7.42 435.9
1997 12 18 12 35203.6 0.290 79.12 0.16 1.94 -6.86 473.7
1997 12 19 12 35200.7 0.552 107.51 0.16 -0.48 -7.18 452.5
1997 12 20 12 35200.1 1.276 75.49 0.16 0.69 -6.60 505.7
1997 12 21 12 35201.9 0.131 101.50 0.16 0.89 -7.15 472.6
1997 12 22 12 35206.0 3.183 91.67 0.16 1.00 -7.50 413.7
1997 12 23 12 35212.5 0.507 94.66 0.16 1.35 -7.54 453.2
1997 12 24 12 35221.4 0.460 94.73 0.16 3.69 -4.16 509.6
1997 12 25 12 35232.6 0.118 116.58 0.16 -0.01 -7.74 438.5
1997 12 26 12 35246.3 1.643 94.10 0.16 0.40 -7.15 442.7
1997 12 27 12 35262.2 1.646 73.04 0.16 -0.33 -8.75 445.4
1997 12 28 12 35280.5 0.212 94.44 0.16 0.09 -8.23 452.1
1997 12 29 12 35301.2 0.168 104.67 0.16 -0.85 -8.56 428.2
1997 12 30 12 35324.2 1.517 103.75 0.16 -0.37 -9.16 391.5
1997 12 31 12 35349.5 1.397 85.99 0.16 -3.32 -11.34 367.7
1998 1 1 12 35377.2 2.499 118.96 0.16 -0.35 -8.83 355.2
1998 1 2 12 35407.2 1.581 82.84 0.16 -1.12 -9.81 390.3
1998 1 3 12 35439.5 2.331 93.78 0.16 -1.65 -9.54 360.8
1998 1 4 12 35474.1 1.991 102.86 0.16 -0.17 -7.43 405.8
1998 1 5 12 35511.0 0.283 67.51 0.16 -4.70 -14.11 296.6
1998 1 6 12 35550.1 0.553 101.43 0.16 -1.03 -11.97 302.6
1998 1 7 12 35591.5 2.691 122.34 0.16 0.11 -8.09 495.7
1998 1 8 12 35635.2 0.367 82.88 0.16 1.33 -6.42 508.1
1998 1 9 12 35681.2 0.438 110.19 0.16 1.87 -7.60 441.6
1998 1 10 12 35729.3 1.744 150.42 0.16 -1.64 -9.90 429.8
1998 1 11 12 35779.7 0.069 98.93 0.16 -0.30 -8.69 446.7
1998 1 12 12 35832.2 4.747 117.42 0.16 -3.87 -12.61 337.2
1998 1 13 12 35887.0 5.308 153.70 0.16 0.23 -9.02 412.3
1998 1 14 12 35943.9 2.221 108.56 0.16 -1.46 -10.75 443.9
1998 1 15 12 36003.0 2.457 100.70 0.16 -0.76 -10.72 425.9
1998 1 16 12 36064.1 1.267 124.29 0.16 0.56 -8.02 473.4
1998 1 17 12 36127.5 0.715 84.96 0.16 0.34 -8.70 471.7
1998 1 18 12 36192.9 4.663 166.13 0.16 -4.51 -11.94 345.7
1998 1 19 12 36260.3 1.736 98.06 0.16 -2.09 -9.30 452.9
1998 1 20 12 36329.9 3.576 77.43 0.16 -0.92 -8.26 371.3
1998 1 21 12 36401.5 0.389 104.56 0.16 -3.34 -12.10 332.2
1998 1 22 12 36475.1 5.506 130.69 0.16 0.70 -7.52 465.1
1998 1 23 12 36550.6 2.063 137.09 0.16 0.20 -7.65 396.8
1998 1 24 12 36628.2 3.573 98.64 0.16 -1.77 -10.99 371.7
1998 1 25 12 36707.7 0.181 131.42 0.16 -4.02 -13.77 387.7
1998 1 26 12 36789.1 5.508 100.62 0.16 0.42 -8.10 396.8
1998 1 27 12 36872.4 0.696 132.80 0.16 -1.09 -9.40 436.6
1998 1 28 12 36957.6 0.405 139.23 0.16 0.03 -8.60 476.3
1998 1 29 12 37044.7 1.537 109.96 0.16 -0.82 -9.56 384.1
1998 1 30 12 37133.6 1.251 103.53 0.16 -2.76 -10.47 461.8
1998 1 31 12 37224.2 1.576 141.88 0.16 -1.07 -9.71 422.6
1998 2 1 12 37316.7 0.218 121.86 0.16 -2.93 -11.83 390.2
1998 2 2 12 37410.8 4.113 131.12 0.16 -1.72 -9.58 447.3
1998 2 3 12 37506.7 0.119 141.04 0.16 -0.04 -7.27 454.5
1998 2 4 12 37604.3 3.862 143.78 0.16 -2.91 -10.96 393.0
1998 2 5 12 37703.6 3.037 93.94 0.16 -0.01 -7.77 515.4
1998 2 6 12 37804.5 0.459 132.69 0.16 -3.46 -11.33 356.7
1998 2 7 12 37906.9 1.972 123.22 0.16 1.56 -7.81 436.9
1998 2 8 12 38011.0 1.723 135.04 0.16 -1.81 -9.30 421.8
1998 2 9 12 38116.5 2.516 139.29 0.16 0.96 -6.73 478.1
1998 2 10 12 38223.6 0.035 139.40 0.16 -1.83 -10.68 392.0
1998 2 11 12 38332.2 2.772 142.01 0.16 1.42 -7.23 499.2
1998 2 12 12 38442.2 5.080 107.34 0.16 -2.80 -11.51 355.4
1998 2 13 12 38553.6 5.617 132.08 0.16 -0.34 -8.39 432.7
1998 2 14 12 38666.4 1.739 112.50 0.16 -0.82 -9.69 413.7
1998 2 15 12 38780.5 1.013 136.86 0.16 -1.55 -9.29 391.2
1998 2 16 12 38896.0 6.289 166.68 0.16 -0.53 -9.90 408.7
1998 2 17 12 39012.7 3.342 157.01 0.16 0.26 -7.62 390.9
1998 2 18 12 39130.6 3.662 144.81 0.16 -0.46 -9.28 400.6
1998 2 19 12 39249.8 3.820 130.41 0.16 2.36 -5.89 485.5
1998 2 20 12 39370.1 2.473 123.04 0.16 1.57 -7.51 408.8
1998 2 21 12 39491.6 3.995 154.94 0.16 3.02 -4.67 524.8
1998 2 22 12 39614.2 8.145 138.77 0.16 -0.49 -8.67 394.2
1998 2 23 12 39737.8 3.432 147.37 0.16 1.62 -7.13 439.5
1998 2 24 12 39862.5 0.954 142.06 0.16 1.75 -6.31 482.3
1998 2 25 12 39988.1 0.185 138.39 0.16 1.59 -6.30 485.4
1998 2 26 12 40114.7 5.717 129.20 0.16 -1.71 -10.06 434.4
1998 2 27 12 40242.2 2.066 154.27 0.16 1.06 -7.02 449.0
1998 2 28 12 40370.6 3.108 132.78 0.16 -1.52 -9.73 449.8
1998 3 1 12 40499.8 5.222 175.54 0.16 -0.73 -9.11 366.9
1998 3 2 12 40629.8 2.244 138.20 0.16 3.73 -4.35 518.3
1998 3 3 12 40760.6 0.181 170.75 0.16 1.31 -7.55 480.5
1998 3 4 12 40892.1 3.580 149.64 0.16 3.40 -5.40 491.6
1998 3 5 12 41024.3 3.192 167.75 0.16 1.94 -5.24 440.5
1998 3 6 12 41157.2 2.280 160.43 0.16 4.18 -3.62 516.0
1998 3 7 12 41290.6 1.325 160.19 0.16 3.99 -3.99 500.9
1998 3 8 12 41424.6 3.454 154.96 0.16 2.72 -5.36 469.7
1998 3 9 12 41559.2 0.345 165.98 0.16 2.74 -5.36 482.4
1998 3 10 12 41694.2 3.108 153.34 0.16 2.68 -5.56 447.8
1998 3 11 12 41829.7 3.822 158.36 0.16 5.40 -2.45 510.8
1998 3 12 12 41965.5 7.280 167.11 0.16 4.51 -3.96 501.4
1998 3 13 12 42101.8 0.898 157.97 0.16 3.72 -4.93 523.9
1998 3 14 12 42238.3 5.786 191.29 0.16 4.08 -3.85 490.8
1998 3 15 12 42375.2 2.118 169.14 0.16 4.72 -3.95 565.8
1998 3 16 12 42512.3 6.545 176.30 0.16 2.42 -5.02 488.3
1998 3 17 12 42649.6 1.181 166.34 0.16 3.56 -3.66 558.6
1998 3 18 12 42787.0 1.185 161.08 0.16 5.72 -3.22 556.4
1998 3 19 12 42924.6 0.652 165.10 0.16 5.63 -3.89 606.6
1998 3 20 12 43062.3 1.203 171.18 0.16 4.72 -3.56 495.5
1998 3 21 12 43200.0 0.784 198.24 0.16 3.35 -5.11 514.4
1998 3 22 12 43337.7 9.956 179.96 0.16 8.18 -1.26 631.2
1998 3 23 12 43475.4 0.696 192.28 0.16 5.50 -2.76 556.1
1998 3 24 12 43613.0 5.917 208.54 0.16 7.46 -0.39 548.3
1998 3 25 12 43750.4 0.873 176.61 0.16 6.94 -3.09 553.1
1998 3 26 12 43887.7 0.608 170.98 0.16 6.33 -1.67 544.8
1998 3 27 12 44024.8 3.331 179.52 0.16 8.85 0.51 597.0
1998 3 28 12 44161.7 3.593 182.96 0.16 6.89 -0.62 650.3
1998 3 29 12 44298.2 0.947 159.95 0.16 10.52 2.95 683.0
1998 3 30 12 44434.5 0.533 179.99 0.16 7.63 -2.31 534.9
1998 3 31 12 44570.3 2.081 185.25 0.16 8.09 -1.09 639.9
1998 4 1 12 44705.8 3.763 152.56 0.16 8.04 -1.13 533.5
1998 4 2 12 44840.8 2.871 188.96 0.16 7.97 -0.03 584.5
1998 4 3 12 44975.4 1.185 207.29 0.16 8.91 0.82 642.5
1998 4 4 12 45109.4 2.688 198.19 0.16 8.79 -0.63 682.0
1998 4 5 12 45242.8 0.839 186.98 0.16 9.82 1.00 645.7
1998 4 6 12 45375.7 1.445 187.51 0.16 6.90 -2.38 580.7
1998 4 7 12 45507.9 1.424 206.76 0.16 7.82 0.10 672.4
1998 4 8 12 45639.4 7.908 208.70 0.16 8.30 -1.08 581.5
1998 4 9 12 45770.2 2.856 209.09 0.16 9.22 1.27 623.1
1998 4 10 12 45900.2 0.325 204.07 0.16 12.56 4.33 707.9
1998 4 11 12 46029.4 0.788 225.30 0.16 9.62 1.91 658.4
1998 4 12 12 46157.8 7.475 202.35 0.16 9.49 1.19 584.0
1998 4 13 12 46285.3 0.339 192.95 0.16 9.75 1.33 613.9
1998 4 14 12 46411.9 0.762 237.27 0.16 11.57 4.04 707.9
1998 4 15 12 46537.5 4.365 207.56 0.16 10.79 2.11 628.4
1998 4 16 12 46662.2 6.088 211.46 0.16 8.03 -0.73 540.8
1998 4 17 12 46785.8 9.445 201.74 0.16 7.70 -0.03 576.0
1998 4 18 12 46908.4 2.927 233.38 0.16 11.39 3.48 701.4
1998 4 19 12 47029.9 2.097 221.51 0.16 8.34 -0.25 579.7
1998 4 20 12 47150.2 3.189 227.34 0.16 12.64 3.28 679.7
1998 4 21 12 47269.4 9.168 219.09 0.16 11.52 1.90 628.7
1998 4 22 12 47387.3 0.940 239.99 0.16 10.77 1.80 635.7
1998 4 23 12 47504.0 2.118 228.04 0.16 13.58 2.97 693.9
1998 4 24 12 47619.5 3.457 209.52 0.16 14.45 5.55 715.6
1998 4 25 12 47733.6 7.000 216.99 0.16 12.58 3.77 689.0
1998 4 26 12 47846.4 5.135 243.58 0.16 11.44 2.58 636.7
1998 4 27 12 47957.8 0.890 202.52 0.16 13.02 4.27 697.5
1998 4 28 12 48067.8 2.611 241.74 0.16 12.16 4.70 684.5
1998 4 29 12 48176.4 1.033 232.14 0.16 13.54 4.88 700.8
1998 4 30 12 48283.5 0.596 207.09 0.16 11.05 2.20 596.6
1998 5 1 12 48389.0 30.947 234.97 0.16 13.20 5.02 708.0
1998 5 2 12 48493.1 1.134 214.43 0.16 12.67 3.98 689.3
1998 5 3 12 48595.5 10.190 204.39 0.16 14.29 4.40 760.5
1998 5 4 12 48696.4 2.911 240.47 0.16 13.71 3.48 689.1
1998 5 5 12 48795.7 3.494 243.58 0.16 11.73 3.28 701.3
1998 5 6 12 48893.3 3.133 243.72 0.16 15.12 6.77 758.5
1998 5 7 12 48989.2 4.823 250.71 0.16 15.13 7.26 704.2
1998 5 8 12 49083.3 6.963 239.91 0.16 14.70 5.56 755.8
1998 5 9 12 49175.8 2.972 222.40 0.16 15.11 5.77 691.5
1998 5 10 12 49266.4 1.918 259.84 0.16 13.04 4.72 639.6
1998 5 11 12 49355.3 4.428 253.58 0.16 16.37 8.34 761.5
1998 5 12 12 49442.4 12.605 260.85 0.16 14.74 5.16 715.2
1998 5 13 12 49527.6 2.088 238.25 0.16 14.41 6.53 709.5
1998 5 14 12 49610.9 3.255 261.15 0.16 15.22 6.39 752.7
1998 5 15 12 49692.3 1.134 256.06 0.16 16.67 7.94 763.5
1998 5 16 12 49771.8 1.712 275.88 0.16 14.96 6.78 691.4
1998 5 17 12 49849.4 1.714 234.77 0.16 17.53 8.94 797.0
1998 5 18 12 49924.9 2.030 262.77 0.16 17.87 8.43 814.6
1998 5 19 12 49998.5 10.413 242.95 0.16 17.37 9.17 812.1
1998 5 20 12 50070.1 5.214 234.31 0.16 17.41 8.96 729.3
1998 5 21 12 50139.7 4.195 245.44 0.16 17.75 11.20 830.4
1998 5 22 12 50207.1 3.374 250.17 0.16 18.87 9.71 834.3
1998 5 23 12 50272.5 1.759 236.83 0.16 19.38 12.32 841.8
1998 5 24 12 50335.9 4.102 243.69 0.16 16.29 8.52 743.7
1998 5 25 12 50397.0 2.059 264.73 0.16 20.42 10.63 787.9
1998 5 26 12 50456.1 1.011 232.55 0.16 18.07 8.67 726.9
1998 5 27 12 50513.0 2.718 244.11 0.16 18.24 9.52 751.6
1998 5 28 12 50567.8 5.126 241.41 0.16 19.34 10.43 873.0
1998 5 29 12 50620.3 1.182 234.43 0.16 16.80 9.28 747.9
1998 5 30 12 50670.7 15.665 234.05 0.16 19.64 11.02 874.1
1998 5 31 12 50718.8 0.392 246.57 0.16 19.22 11.73 859.5
1998 6 1 12 50764.8 0.606 270.14 0.16 19.42 11.93 868.5
1998 6 2 12 50808.5 18.522 263.36 0.16 18.21 9.97 789.7
1998 6 3 12 50849.9 2.222 245.74 0.16 19.77 12.09 795.1
1998 6 4 12 50889.0 3.279 247.30 0.16 21.12 12.44 833.5
1998 6 5 12 50925.9 2.952 239.20 0.16 19.66 10.16 827.6
1998 6 6 12 50960.5 3.839 242.52 0.16 19.90 12.47 822.9
1998 6 7 12 50992.8 4.709 253.74 0.16 19.17 11.54 833.7
1998 6 8 12 51022.8 6.763 263.07 0.16 20.38 12.01 870.4
1998 6 9 12 51050.5 3.752 276.52 0.16 17.70 7.86 710.1
1998 6 10 12 51075.8 1.812 269.82 0.16 20.24 11.25 800.5
1998 6 11 12 51098.8 0.662 228.58 0.16 21.61 11.69 839.7
1998 6 12 12 51119.5 0.696 244.48 0.16 22.76 14.13 884.8
1998 6 13 12 51137.8 0.328 254.49 0.16 22.16 13.80 833.4
1998 6 14 12 51153.7 5.045 251.42 0.16 22.39 13.96 872.7
1998 6 15 12 51167.4 4.262 281.22 0.16 18.86 9.96 798.5
1998 6 16 12 51178.6 2.742 271.93 0.16 21.22 12.36 814.0
1998 6 17 12 51187.5 5.304 273.52 0.16 20.89 12.67 821.0
1998 6 18 12 51194.0 2.805 233.69 0.16 21.76 12.06 880.3
1998 6 19 12 51198.1 6.961 299.58 0.16 22.55 15.10 898.7
1998 6 20 12 51199.9 4.673 241.29 0.16 21.42 11.81 814.8
1998 6 21 12 51199.3 13.686 234.04 0.16 21.78 12.22 791.8
1998 6 22 12 51196.4 7.283 247.45 0.16 20.88 11.95 754.4
1998 6 23 12 51191.0 1.438 248.14 0.16 21.46 12.92 856.0
1998 6 24 12 51183.3 3.325 268.64 0.16 21.57 14.31 874.2
1998 6 25 12 51173.3 2.944 255.19 0.16 24.42 16.43 933.1
1998 6 26 12 51160.8 1.938 250.42 0.16 21.35 13.20 873.5
1998 6 27 12 51146.1 0.697 246.80 0.16 23.29 14.36 916.2
1998 6 28 12 51128.9 1.848 245.77 0.16 21.71 13.24 803.2
1998 6 29 12 51109.4 0.337 286.07 0.16 21.62 13.50 860.4
1998 6 30 12 51087.6 8.772 274.98 0.16 23.24 15.10 925.6
1998 7 1 12 51063.4 2.819 241.31 0.16 22.90 14.17 891.6
1998 7 2 12 51036.9 6.608 281.96 0.16 23.07 15.15 902.1
1998 7 3 12 51008.1 3.146 255.68 0.16 21.50 14.27 904.1
1998 7 4 12 50976.9 2.452 272.07 0.16 19.40 10.87 819.8
1998 7 5 12 50943.5 12.414 253.85 0.16 21.24 15.24 865.9
1998 7 6 12 50907.8 0.339 264.50 0.16 22.20 15.45 938.6
1998 7 7 12 50869.7 2.980 252.45 0.16 23.16 13.83 871.0
1998 7 8 12 50829.4 1.346 222.31 0.16 21.83 14.10 882.1
1998 7 9 12 50786.9 3.335 275.10 0.16 22.93 13.23 891.3
1998 7 10 12 50742.1 0.920 264.20 0.16 19.63 11.08 774.9
1998 7 11 12 50695.1 5.383 241.35 0.16 24.71 16.33 939.7
1998 7 12 12 50645.8 2.082 231.45 0.16 21.33 12.71 858.0
1998 7 13 12 50594.3 3.970 262.58 0.16 23.00 14.77 926.1
1998 7 14 12 50540.7 1.499 253.14 0.16 22.60 14.55 879.6
1998 7 15 12 50484.8 1.394 263.46 0.16 21.71 11.67 805.2
1998 7 16 12 50426.8 0.927 270.28 0.16 25.03 16.01 868.9
1998 7 17 12 50366.7 2.547 232.08 0.16 23.81 16.07 978.1
1998 7 18 12 50304.5 0.714 254.34 0.16 22.18 14.70 876.0
1998 7 19 12 50240.1 2.577 256.17 0.16 24.85 17.13 925.2
1998 7 20 12 50173.7 2.902 265.52 0.16 22.13 14.06 887.9
1998 7 21 12 50105.1 1.182 222.98 0.16 26.06 18.73 958.5
1998 7 22 12 50034.6 1.962 245.43 0.16 23.31 14.73 889.7
1998 7 23 12 49962.0 4.051 232.15 0.16 23.61 15.48 921.0
1998 7 24 12 49887.4 0.587 240.99 0.16 23.91 15.81 948.4
1998 7 25 12 49810.8 0.021 233.57 0.16 20.13 11.88 843.2
1998 7 26 12 49732.3 1.030 226.87 0.16 20.47 11.11 807.5
1998 7 27 12 49651.8 11.403 239.02 0.16 23.45 14.33 863.2
1998 7 28 12 49569.5 4.586 252.50 0.16 24.48 15.57 953.3
1998 7 29 12 49485.2 2.356 235.47 0.16 24.22 16.16 913.0
1998 7 30 12 49399.1 0.461 243.87 0.16 23.65 15.67 944.6
1998 7 31 12 49311.1 0.722 244.50 0.16 24.19 13.86 832.2
1998 8 1 12 49221.3 6.165 254.12 0.16 21.45 13.91 855.9
1998 8 2 12 49129.8 4.088 239.83 0.16 23.51 14.97 900.7
1998 8 3 12 49036.5 5.148 229.18 0.16 21.99 13.62 864.1
1998 8 4 12 48941.4 1.458 226.78 0.16 17.76 9.97 858.8
1998 8 5 12 48844.7 6.008 211.69 0.16 19.15 9.57 802.7
1998 8 6 12 48746.2 1.740 227.49 0.16 24.35 15.34 921.0
1998 8 7 12 48646.2 0.561 267.92 0.16 24.36 15.71 941.1
1998 8 8 12 48544.5 0.793 234.56 0.16 21.68 13.66 822.7
1998 8 9 12 48441.3 2.045 216.47 0.16 20.27 10.57 843.3
1998 8 10 12 48336.4 7.290 208.75 0.16 22.85 13.64 881.1
1998 8 11 12 48230.1 2.501 235.60 0.16 23.48 13.40 870.9
1998 8 12 12 48122.3 0.334 243.85 0.16 20.84 12.25 815.5
1998 8 13 12 48013.0 1.251 226.76 0.16 21.52 11.70 753.3
1998 8 14 12 47902.3 1.062 254.16 0.16 21.80 13.70 863.3
1998 8 15 12 47790.2 2.537 227.43 0.16 21.61 14.27 854.2
1998 8 16 12 47676.7 1.264 219.02 0.16 22.30 13.37 893.5
1998 8 17 12 47561.9 1.647 230.58 0.16 22.24 14.43 935.5
1998 8 18 12 47445.8 2.075 228.48 0.16 19.13 10.69 830.9
1998 8 19 12 47328.5 2.099 224.48 0.16 23.49 15.59 905.4
1998 8 20 12 47209.9 4.453 218.03 0.16 20.70 12.79 899.6
1998 8 21 12 47090.2 0.457 197.63 0.16 20.25 12.68 823.5
1998 8 22 12 46969.3 2.542 216.24 0.16 20.14 11.64 847.2
1998 8 23 12 46847.3 1.787 224.00 0.16 21.24 13.21 865.5
1998 8 24 12 46724.2 4.636 231.92 0.16 19.87 10.32 829.7
1998 8 25 12 46600.0 0.251 232.04 0.16 19.45 11.10 782.5
1998 8 26 12 46474.8 2.623 228.79 0.16 21.53 13.34 914.6
1998 8 27 12 46348.7 0.871 215.01 0.16 18.56 11.09 831.4
1998 8 28 12 46221.7 0.932 219.52 0.16 21.54 12.72 855.6
1998 8 29 12 46093.7 2.759 210.54 0.16 23.55 14.30 845.2
1998 8 30 12 45964.9 0.094 217.60 0.16 21.14 14.16 908.4
1998 8 31 12 45835.3 1.519 198.31 0.16 21.66 12.40 837.1
1998 9 1 12 45704.9 0.808 188.67 0.16 19.47 11.33 857.0
1998 9 2 12 45573.7 1.845 187.71 0.16 21.15 12.63 849.7
1998 9 3 12 45441.8 1.440 211.08 0.16 21.76 11.99 837.0
1998 9 4 12 45309.3 3.035 205.14 0.16 18.88 10.70 809.7
1998 9 5 12 45176.2 2.570 175.66 0.16 20.12 10.89 795.7
1998 9 6 12 45042.4 0.461 192.39 0.16 18.92 9.66 770.0
1998 9 7 12 44908.2 0.322 215.39 0.16 17.05 9.26 749.6
1998 9 8 12 44773.4 1.818 195.60 0.16 19.64 11.34 856.3
1998 9 9 12 44638.1 4.957 202.68 0.16 19.91 11.92 855.4
1998 9 10 12 44502.5 4.342 198.78 0.16 19.90 10.29 758.8
1998 9 11 12 44366.4 0.374 186.73 0.16 17.28 9.73 838.6
1998 9 12 12 44230.0 0.663 185.33 0.16 19.80 10.39 834.0
1998 9 13 12 44093.3 0.484 175.90 0.16 19.78 11.18 858.1
1998 9 14 12 43956.3 0.734 165.26 0.16 18.87 10.16 795.4
1998 9 15 12 43819.1 4.529 164.46 0.16 18.52 11.24 798.6
1998 9 16 12 43681.7 0.617 202.53 0.16 15.09 6.45 698.2
1998 9 17 12 43544.2 1.674 190.23 0.16 16.93 8.81 749.9
1998 9 18 12 43406.5 3.591 182.05 0.16 17.05 7.60 766.9
1998 9 19 12 43268.9 1.758 189.31 0.16 15.58 7.25 795.7
1998 9 20 12 43131.1 0.034 178.87 0.16 17.86 9.11 809.2
1998 9 21 12 42993.5 0.161 181.28 0.16 16.16 8.32 795.2
1998 9 22 12 42855.8 2.689 182.73 0.16 16.64 8.85 766.0
1998 9 23 12 42718.3 0.344 161.20 0.16 17.74 9.41 778.1
1998 9 24 12 42580.9 1.110 170.61 0.16 17.13 9.59 804.4
1998 9 25 12 42443.7 1.400 164.08 0.16 14.56 5.41 681.6
1998 9 26 12 42306.7 0.573 138.66 0.16 16.37 8.50 814.0
1998 9 27 12 42170.0 4.648 172.49 0.16 16.54 7.54 749.4
1998 9 28 12 42033.6 1.905 155.37 0.16 12.37 4.38 676.7
1998 9 29 12 41897.5 0.536 133.66 0.16 15.45 5.81 676.9
1998 9 30 12 41761.9 0.878 144.63 0.16 12.43 3.41 684.2
1998 10 1 12 41626.6 3.519 177.78 0.16 14.69 5.94 685.8
1998 10 2 12 41491.8 0.678 163.86 0.16 16.67 7.32 785.9
1998 10 3 12 41357.6 1.220 169.18 0.16 14.23 5.64 728.7
1998 10 4 12 41223.8 0.993 160.28 0.16 15.41 6.11 777.3
1998 10 5 12 41090.7 0.062 149.74 0.16 14.34 5.88 682.4
1998 10 6 12 40958.2 2.950 147.23 0.16 15.95 6.33 721.3
1998 10 7 12 40826.3 4.978 149.41 0.16 14.36 6.25 647.8
1998 10 8 12 40695.1 3.059 197.65 0.16 13.22 4.81 688.8
1998 10 9 12 40564.7 0.396 167.92 0.16 14.20 6.58 738.6
1998 10 10 12 40435.1 0.434 150.87 0.16 15.40 6.08 736.8
1998 10 11 12 40306.3 2.378 145.76 0.16 11.27 2.46 593.6
1998 10 12 12 40178.3 0.209 163.43 0.16 11.28 2.52 637.6
1998 10 13 12 40051.3 5.850 143.62 0.16 12.50 2.92 653.4
1998 10 14 12 39925.2 2.362 137.19 0.16 12.87 4.75 779.2
1998 10 15 12 39800.0 6.690 138.97 0.16 14.84 5.73 660.0
1998 10 16 12 39675.8 1.375 136.48 0.16 10.96 2.42 671.3
1998 10 17 12 39552.7 2.190 159.03 0.16 9.66 0.86 645.5
1998 10 18 12 39430.7 2.972 139.04 0.16 12.96 5.50 701.0
1998 10 19 12 39309.8 0.752 163.04 0.16 10.62 2.41 626.3
1998 10 20 12 39190.1 4.507 128.04 0.16 14.00 4.77 724.5
1998 10 21 12 39071.5 1.108 145.68 0.16 12.07 2.96 689.4
1998 10 22 12 38954.2 1.934 147.62 0.16 9.81 0.82 584.5
1998 10 23 12 38838.1 0.206 163.00 0.16 8.75 -0.33 618.7
1998 10 24 12 38723.3 0.971 140.44 0.16 7.79 -0.36 600.7
1998 10 25 12 38609.8 0.633 116.44 0.16 11.60 2.37 623.6
1998 10 26 12 38497.7 0.173 141.01 0.16 12.78 3.47 649.7
1998 10 27 12 38387.0 0.195 112.32 0.16 9.93 0.33 598.6
1998 10 28 12 38277.7 0.333 141.34 0.16 10.47 0.77 600.4
1998 10 29 12 38169.9 0.560 130.07 0.16 8.08 -1.00 592.5
1998 10 30 12 38063.6 0.077 130.02 0.16 7.84 -1.21 654.6
1998 10 31 12 37958.7 0.276 125.41 0.16 8.87 0.94 623.6
1998 11 1 12 37855.5 1.696 123.89 0.16 9.04 0.37 608.1
1998 11 2 12 37753.8 1.928 137.25 0.16 8.72 0.34 617.2
1998 11 3 12 37653.8 0.069 94.57 0.16 7.06 -0.72 587.0
1998 11 4 12 37555.3 1.519 109.90 0.16 7.55 -1.27 587.3
1998 11 5 12 37458.6 4.459 97.33 0.16 5.81 -2.20 519.8
1998 11 6 12 37363.5 1.718 111.63 0.16 5.44 -2.84 484.5
1998 11 7 12 37270.2 0.157 117.59 0.16 6.42 -1.47 585.2
1998 11 8 12 37178.7 0.261 134.78 0.16 5.29 -1.61 590.4
1998 11 9 12 37088.9 0.154 148.04 0.16 7.33 -0.36 583.2
1998 11 10 12 37000.9 0.199 99.21 0.16 8.22 -0.97 552.9
1998 11 11 12 36914.8 1.696 87.07 0.16 6.22 -2.73 524.3
1998 11 12 12 36830.5 3.336 95.27 0.16 6.71 -1.06 574.8
1998 11 13 12 36748.2 0.048 89.55 0.16 6.71 -2.02 519.7
1998 11 14 12 36667.7 1.036 117.21 0.16 2.72 -6.49 451.3
1998 11 15 12 36589.2 5.061 129.97 0.16 3.54 -5.40 459.8
1998 11 16 12 36512.6 0.552 88.98 0.16 8.62 1.40 637.6
1998 11 17 12 36438.0 1.695 93.59 0.16 4.99 -3.49 533.3
1998 11 18 12 36365.4 0.421 106.40 0.16 2.76 -5.37 446.8
1998 11 19 12 36294.9 1.084 135.33 0.16 5.54 -3.99 573.9
1998 11 20 12 36226.3 2.892 106.82 0.16 5.53 -3.25 522.3
1998 11 21 12 36159.9 0.830 106.27 0.16 6.44 -1.10 556.7
1998 11 22 12 36095.5 2.201 142.87 0.16 5.02 -3.00 551.4
1998 11 23 12 36033.3 0.193 108.95 0.16 5.32 -4.26 531.7
1998 11 24 12 35973.2 0.082 120.14 0.16 2.35 -5.71 483.7
1998 11 25 12 35915.2 0.063 134.64 0.16 3.05 -6.15 473.9
1998 11 26 12 35859.3 3.654 83.92 0.16 5.38 -2.65 534.2
1998 11 27 12 35805.7 1.626 101.66 0.16 3.87 -4.85 465.8
1998 11 28 12 35754.2 2.508 107.23 0.16 2.89 -5.68 453.0
1998 11 29 12 35704.9 0.809 102.32 0.16 5.27 -2.07 580.1
1998 11 30 12 35657.9 0.949 94.43 0.16 3.00 -6.83 419.2
1998 12 1 12 35613.1 1.796 108.75 0.16 4.34 -4.69 510.6
1998 12 2 12 35570.6 0.357 117.71 0.16 4.39 -4.44 457.8
1998 12 3 12 35530.3 0.405 89.85 0.16 2.55 -6.90 444.4
1998 12 4 12 35492.2 1.344 94.51 0.16 2.33 -5.08 556.5
1998 12 5 12 35456.5 0.363 106.08 0.16 3.71 -5.76 492.8
1998 12 6 12 35423.1 0.296 58.17 0.16 -1.02 -9.52 420.8
1998 12 7 12 35391.9 4.679 134.20 0.16 1.40 -6.15 521.2
1998 12 8 12 35363.1 0.117 103.10 0.16 2.43 -6.67 419.0
1998 12 9 12 35336.6 1.388 100.24 0.16 2.33 -5.12 492.5
1998 12 10 12 35312.4 0.566 90.47 0.16 -0.43 -8.74 384.1
1998 12 11 12 35290.6 0.544 92.09 0.16 0.16 -8.90 392.4
1998 12 12 12 35271.1 0.097 117.49 0.16 -0.46 -8.93 446.9
1998 12 13 12 35253.9 1.526 114.79 0.16 3.24 -5.21 504.7
1998 12 14 12 35239.2 1.891 112.51 0.16 1.75 -7.98 424.1
1998 12 15 12 35226.7 2.919 88.55 0.16 -0.36 -8.79 432.5
1998 12 16 12 35216.7 0.519 98.81 0.16 0.37 -8.67 452.3
1998 12 17 12 35209.0 0.167 116.86 0.16 0.18 -8.31 391.8
1998 12 18 12 35203.6 2.407 97.28 0.16 1.71 -5.69 433.8
1998 12 19 12 35200.7 3.404 84.27 0.16 -0.86 -9.12 446.0
1998 12 20 12 35200.1 0.500 104.72 0.16 0.31 -6.94 448.2
1998 12 21 12 35201.9 0.089 104.22 0.16 -1.31 -8.95 390.3
1998 12 22 12 35206.0 0.502 92.66 0.16 1.90 -8.39 438.4
1998 12 23 12 35212.5 0.452 87.25 0.16 -0.92 -8.77 512.8
1998 12 24 12 35221.4 0.315 104.11 0.16 -0.12 -7.66 424.9
1998 12 25 12 35232.6 1.274 88.77 0.16 -0.59 -9.03 402.0
1998 12 26 12 35246.3 0.800 93.76 0.16 3.76 -2.45 515.5
1998 12 27 12 35262.2 3.902 90.56 0.16 -1.08 -10.30 409.1
1998 12 28 12 35280.5 1.872 93.17 0.16 1.81 -6.04 468.6
1998 12 29 12 35301.2 0.697 95.33 0.16 0.26 -7.96 440.9
1998 12 30 12 35324.2 0.669 118.90 0.16 0.69 -6.40 413.4
1998 12 31 12 35349.5 1.891 123.23 0.16 0.85 -8.23 388.6
1999 1 1 12 35377.2 0.222 104.18 0.16 0.50 -9.57 364.6
1999 1 2 12 35407.2 0.843 89.65 0.16 -0.75 -9.58 403.5
1999 1 3 12 35439.5 0.215 117.76 0.16 -2.31 -10.62 464.5
1999 1 4 12 35474.1 2.266 78.56 0.16 -1.71 -8.71 465.8
1999 1 5 12 35511.0 0.723 92.03 0.16 0.98 -6.58 445.0
1999 1 6 12 35550.1 2.706 89.77 0.16 0.26 -8.31 396.0
1999 1 7 12 35591.5 2.266 103.54 0.16 -1.34 -10.10 376.3
1999 1 8 12 35635.2 3.058 59.70 0.16 -1.90 -10.49 405.4
1999 1 9 12 35681.2 2.475 100.24 0.16 0.83 -7.05 429.5
1999 1 10 12 35729.3 0.825 101.60 0.16 -0.28 -8.05 417.6
1999 1 11 12 35779.7 5.321 119.62 0.16 0.25 -8.41 399.9
1999 1 12 12 35832.2 2.312 86.33 0.16 -1.38 -8.97 390.3
1999 1 13 12 35887.0 0.327 103.22 0.16 -1.32 -9.16 386.9
1999 1 14 12 35943.9 0.279 109.53 0.16 -1.41 -9.63 414.5
1999 1 15 12 36003.0 0.171 128.67 0.16 -0.28 -9.40 426.0
1999 1 16 12 36064.1 0.208 123.09 0.16 -1.57 -9.48 428.7
1999 1 17 12 36127.5 0.764 95.10 0.16 -2.74 -11.11 376.2
1999 1 18 12 36192.9 0.638 96.54 0.16 -0.81 -9.87 450.5
1999 1 19 12 36260.3 0.034 105.21 0.16 -2.89 -10.88 402.2
1999 1 20 12 36329.9 0.155 131.68 0.16 0.55 -7.95 489.7
1999 1 21 12 36401.5 0.040 106.75 0.16 -2.67 -11.97 409.3
1999 1 22 12 36475.1 0.806 129.51 0.16 -1.05 -9.21 460.4
1999 1 23 12 36550.6 0.765 102.78 0.16 -0.86 -10.30 373.9
1999 1 24 12 36628.2 1.307 95.91 0.16 -0.90 -8.58 403.1
1999 1 25 12 36707.7 0.157 92.96 0.16 1.38 -6.59 502.5
1999 1 26 12 36789.1 1.414 116.09 0.16 0.74 -7.89 429.3
1999 1 27 12 36872.4 1.646 137.31 0.16 -0.97 -10.21 385.7
1999 1 28 12 36957.6 0.266 94.99 0.16 1.31 -6.70 472.9
1999 1 29 12 37044.7 0.237 112.28 0.16 0.62 -7.72 445.9
1999 1 30 12 37133.6 0.985 140.02 0.16 0.33 -8.89 446.8
1999 1 31 12 37224.2 3.842 125.35 0.16 0.14 -9.24 424.6
1999 2 1 12 37316.7 1.620 118.31 0.16 -1.26 -9.17 397.2
1999 2 2 12 37410.8 0.930 118.42 0.16 0.79 -8.45 453.7
1999 2 3 12 37506.7 1.019 119.26 0.16 -0.67 -7.28 442.9
1999 2 4 12 37604.3 0.485 100.76 0.16 -2.21 -11.17 405.1
1999 2 5 12 37703.6 5.574 140.95 0.16 -0.72 -10.68 350.2
1999 2 6 12 37804.5 4.205 143.30 0.16 0.25 -7.67 475.4
1999 2 7 12 37906.9 0.631 116.93 0.16 1.46 -7.16 460.4
1999 2 8 12 38011.0 0.409 141.86 0.16 0.09 -9.20 396.2
1999 2 9 12 38116.5 3.971 147.66 0.16 -1.94 -10.43 392.2
1999 2 10 12 38223.6 1.117 134.80 0.16 -0.82 -8.57 420.3
1999 2 11 12 38332.2 0.282 139.30 0.16 1.98 -6.33 458.9
1999 2 12 12 38442.2 3.898 121.24 0.16 -2.94 -12.86 266.6
1999 2 13 12 38553.6 2.676 135.11 0.16 0.15 -7.62 438.5
1999 2 14 12 38666.4 1.349 113.93 0.16 -0.13 -7.35 434.6
1999 2 15 12 38780.5 2.672 119.31 0.16 -0.63 -9.73 373.4
1999 2 16 12 38896.0 0.494 153.51 0.16 0.96 -7.85 431.2
1999 2 17 12 39012.7 0.787 154.20 0.16 1.16 -7.73 447.4
1999 2 18 12 39130.6 8.203 130.39 0.16 1.56 -6.92 500.1
1999 2 19 12 39249.8 0.876 115.71 0.16 0.01 -10.03 416.7
1999 2 20 12 39370.1 4.790 170.69 0.16 0.22 -8.75 414.5
1999 2 21 12 39491.6 0.853 141.63 0.16 0.31 -8.29 392.3
1999 2 22 12 39614.2 0.811 138.90 0.16 0.39 -7.62 482.3
1999 2 23 12 39737.8 6.157 158.57 0.16 -0.41 -8.78 444.1
1999 2 24 12 39862.5 0.315 144.58 0.16 0.83 -6.80 437.3
1999 2 25 12 39988.1 1.511 138.86 0.16 1.49 -6.76 468.1
1999 2 26 12 40114.7 2.837 163.83 0.16 -0.20 -8.49 389.8
1999 2 27 12 40242.2 5.805 141.78 0.16 0.30 -7.98 417.8
1999 2 28 12 40370.6 2.003 142.99 0.16 1.42 -7.05 445.2
1999 3 1 12 40499.8 2.888 167.53 0.16 0.41 -7.54 468.6
1999 3 2 12 40629.8 1.759 164.06 0.16 3.53 -5.04 507.0
1999 3 3 12 40760.6 6.721 160.60 0.16 1.45 -6.58 451.4
1999 3 4 12 40892.1 0.994 145.24 0.16 5.19 -3.64 526.4
1999 3 5 12 41024.3 2.470 178.87 0.16 4.93 -5.00 495.8
1999 3 6 12 41157.2 4.014 151.02 0.16 4.27 -3.99 478.7
1999 3 7 12 41290.6 1.767 157.23 0.16 5.02 -3.74 558.9
1999 3 8 12 41424.6 0.031 151.73 0.16 2.41 -7.12 459.8
1999 3 9 12 41559.2 2.585 171.22 0.16 2.03 -6.93 466.4
1999 3 10 12 41694.2 3.962 150.06 0.16 4.17 -3.40 540.9
1999 3 11 12 41829.7 7.441 153.05 0.16 1.92 -7.42 439.8
1999 3 12 12 41965.5 1.865 160.07 0.16 2.98 -5.21 465.5
1999 3 13 12 42101.8 1.349 186.96 0.16 5.52 -3.22 515.8
1999 3 14 12 42238.3 3.520 162.90 0.16 3.07 -5.44 484.2
1999 3 15 12 42375.2 6.894 184.22 0.16 2.28 -7.79 447.7
1999 3 16 12 42512.3 0.406 170.02 0.16 3.32 -5.39 488.2
1999 3 17 12 42649.6 5.770 181.36 0.16 4.92 -3.53 570.9
1999 3 18 12 42787.0 2.761 171.96 0.16 6.00 -1.88 562.7
1999 3 19 12 42924.6 3.803 192.02 0.16 5.23 -3.35 520.9
1999 3 20 12 43062.3 1.553 221.35 0.16 4.44 -4.73 533.0
1999 3 21 12 43200.0 0.196 175.76 0.16 4.32 -4.93 478.1
1999 3 22 12 43337.7 2.223 197.29 0.16 5.37 -2.99 536.0
1999 3 23 12 43475.4 0.946 195.18 0.16 6.17 -2.20 573.2
1999 3 24 12 43613.0 4.679 162.14 0.16 5.01 -4.00 508.4
1999 3 25 12 43750.4 4.300 175.48 0.16 5.07 -3.88 523.0
1999 3 26 12 43887.7 0.111 190.99 0.16 3.65 -4.58 487.8
1999 3 27 12 44024.8 0.051 187.91 0.16 5.13 -3.00 575.6
1999 3 28 12 44161.7 5.586 186.43 0.16 3.90 -4.73 499.6
1999 3 29 12 44298.2 1.479 175.55 0.16 8.62 0.40 603.7
1999 3 30 12 44434.5 0.419 183.19 0.16 5.20 -4.90 502.8
1999 3 31 12 44570.3 1.409 185.29 0.16 6.57 -2.38 546.4
1999 4 1 12 44705.8 3.111 168.14 0.16 8.46 0.68 590.7
1999 4 2 12 44840.8 0.324 179.25 0.16 8.94 -0.87 586.7
1999 4 3 12 44975.4 4.658 194.71 0.16 6.78 -2.03 539.1
1999 4 4 12 45109.4 5.286 196.41 0.16 4.32 -4.44 507.2
1999 4 5 12 45242.8 2.107 218.21 0.16 7.92 -0.19 575.7
1999 4 6 12 45375.7 0.556 219.00 0.16 7.99 -1.30 573.2
1999 4 7 12 45507.9 2.161 182.71 0.16 8.24 1.09 588.3
1999 4 8 12 45639.4 0.848 225.06 0.16 6.78 -0.48 602.1
1999 4 9 12 45770.2 7.614 190.60 0.16 7.87 -0.96 585.3
1999 4 10 12 45900.2 12.309 218.59 0.16 11.26 3.32 641.7
1999 4 11 12 46029.4 1.585 219.66 0.16 10.99 1.60 631.4
1999 4 12 12 46157.8 2.861 223.78 0.16 7.56 -1.04 604.9
1999 4 13 12 46285.3 2.099 222.61 0.16 8.04 -0.88 595.1
1999 4 14 12 46411.9 2.980 199.81 0.16 7.46 -2.21 516.5
1999 4 15 12 46537.5 3.711 207.38 0.16 8.43 -0.53 632.1
1999 4 16 12 46662.2 0.598 212.71 0.16 9.98 2.08 607.2
1999 4 17 12 46785.8 0.638 216.27 0.16 9.19 1.38 596.1
1999 4 18 12 46908.4 0.103 212.28 0.16 11.54 3.88 699.3
1999 4 19 12 47029.9 0.649 237.52 0.16 12.06 4.42 686.0
1999 4 20 12 47150.2 3.279 260.90 0.16 10.96 3.14 628.5
1999 4 21 12 47269.4 5.305 229.34 0.16 10.68 2.22 682.1
1999 4 22 12 47387.3 3.613 212.03 0.16 11.89 2.75 624.1
1999 4 23 12 47504.0 19.759 226.72 0.16 9.97 2.53 697.5
1999 4 24 12 47619.5 0.658 231.12 0.16 16.04 8.19 738.7
1999 4 25 12 47733.6 2.849 237.48 0.16 14.37 6.14 682.2
1999 4 26 12 47846.4 4.058 216.36 0.16 12.52 4.88 712.3
1999 4 27 12 47957.8 2.998 231.86 0.16 16.04 7.09 775.3
1999 4 28 12 48067.8 0.316 228.47 0.16 11.21 2.65 682.3
1999 4 29 12 48176.4 2.748 213.85 0.16 15.31 7.45 727.6
1999 4 30 12 48283.5 1.480 208.07 0.16 9.28 -0.26 580.0
1999 5 1 12 48389.0 2.643 243.72 0.16 13.19 5.45 704.7
1999 5 2 12 48493.1 2.754 237.58 0.16 13.14 4.57 738.5
1999 5 3 12 48595.5 0.068 208.57 0.16 14.35 5.14 751.6
1999 5 4 12 48696.4 6.708 236.97 0.16 12.98 3.79 718.2
1999 5 5 12 48795.7 1.042 233.92 0.16 13.07 5.13 686.2
1999 5 6 12 48893.3 0.283 228.31 0.16 14.90 6.55 687.0
1999 5 7 12 48989.2 0.827 247.67 0.16 14.40 6.22 708.5
1999 5 8 12 49083.3 1.258 233.52 0.16 13.48 5.11 689.1
1999 5 9 12 49175.8 10.400 232.46 0.16 13.59 5.36 751.5
1999 5 10 12 49266.4 5.318 235.08 0.16 14.68 5.70 690.3
1999 5 11 12 49355.3 1.803 227.97 0.16 15.88 6.30 705.6
1999 5 12 12 49442.4 0.056 244.94 0.16 16.85 8.02 769.3
1999 5 13 12 49527.6 3.356 242.29 0.16 18.26 9.05 803.4
1999 5 14 12 49610.9 2.138 253.47 0.16 13.74 6.48 796.5
1999 5 15 12 49692.3 6.145 216.56 0.16 13.75 5.72 768.5
1999 5 16 12 49771.8 4.385 235.33 0.16 16.63 7.60 770.6
1999 5 17 12 49849.4 0.260 240.84 0.16 15.84 7.34 672.9
1999 5 18 12 49924.9 2.321 266.56 0.16 17.76 9.62 795.8
1999 5 19 12 49998.5 9.773 242.40 0.16 16.81 8.59 715.8
1999 5 20 12 50070.1 0.829 251.42 0.16 16.97 8.08 735.0
1999 5 21 12 50139.7 0.647 239.23 0.16 16.58 8.65 812.2
1999 5 22 12 50207.1 0.265 239.53 0.16 17.94 10.60 784.5
1999 5 23 12 50272.5 2.793 262.61 0.16 18.60 9.80 761.4
1999 5 24 12 50335.9 1.115 252.67 0.16 14.68 5.07 726.5
1999 5 25 12 50397.0 3.340 263.23 0.16 14.84 4.77 680.9
1999 5 26 12 50456.1 8.140 249.44 0.16 19.77 12.16 851.0
1999 5 27 12 50513.0 1.366 262.08 0.16 15.96 7.86 788.2
1999 5 28 12 50567.8 0.506 232.78 0.16 17.00 7.92 741.2
1999 5 29 12 50620.3 0.089 226.82 0.16 21.19 12.32 874.6
1999 5 30 12 50670.7 0.358 241.40 0.16 19.17 10.74 803.9
1999 5 31 12 50718.8 4.011 250.24 0.16 19.86 12.56 887.3
1999 6 1 12 50764.8 0.501 246.41 0.16 16.34 7.98 720.2
1999 6 2 12 50808.5 0.404 302.77 0.16 20.53 12.48 784.9
1999 6 3 12 50849.9 3.819 285.44 0.16 20.25 12.60 868.9
1999 6 4 12 50889.0 1.316 284.06 0.16 19.21 10.14 824.9
1999 6 5 12 50925.9 7.642 228.85 0.16 19.19 11.04 802.2
1999 6 6 12 50960.5 5.399 244.49 0.16 19.78 10.18 789.9
1999 6 7 12 50992.8 7.955 231.23 0.16 18.42 9.51 807.4
1999 6 8 12 51022.8 2.781 269.78 0.16 20.76 13.75 894.2
1999 6 9 12 51050.5 2.304 265.22 0.16 22.09 14.10 965.7
1999 6 10 12 51075.8 4.223 276.59 0.16 23.76 15.36 899.4
1999 6 11 12 51098.8 7.683 257.76 0.16 23.17 14.19 855.6
1999 6 12 12 51119.5 0.849 260.75 0.16 20.60 11.43 793.3
1999 6 13 12 51137.8 2.357 254.02 0.16 22.34 13.16 933.2
1999 6 14 12 51153.7 4.366 262.41 0.16 22.93 14.12 910.9
1999 6 15 12 51167.4 8.942 264.54 0.16 20.79 13.76 886.4
1999 6 16 12 51178.6 2.456 270.79 0.16 19.90 12.45 863.8
1999 6 17 12 51187.5 3.718 268.12 0.16 20.54 12.84 875.8
1999 6 18 12 51194.0 10.196 279.52 0.16 22.12 13.16 862.7
1999 6 19 12 51198.1 4.330 236.15 0.16 21.21 13.39 902.4
1999 6 20 12 51199.9 1.607 255.13 0.16 21.48 14.20 873.1
1999 6 21 12 51199.3 0.474 268.72 0.16 21.42 11.71 835.3
1999 6 22 12 51196.4 0.320 237.73 0.16 20.24 11.08 782.5
1999 6 23 12 51191.0 1.069 278.92 0.16 21.36 13.82 803.4
1999 6 24 12 51183.3 7.372 271.33 0.16 24.24 14.59 913.9
1999 6 25 12 51173.3 9.906 263.70 0.16 17.84 10.01 759.5
1999 6 26 12 51160.8 0.381 236.42 0.16 20.40 11.51 852.2
1999 6 27 12 51146.1 3.339 239.73 0.16 20.62 13.14 872.6
1999 6 28 12 51128.9 1.445 286.41 0.16 21.02 12.12 878.1
1999 6 29 12 51109.4 1.359 267.27 0.16 21.65 13.51 878.5
1999 6 30 12 51087.6 2.283 264.62 0.16 21.94 15.52 864.7
1999 7 1 12 51063.4 0.686 256.45 0.16 22.10 14.41 879.2
1999 7 2 12 51036.9 2.225 235.12 0.16 21.45 13.05 894.2
1999 7 3 12 51008.1 1.195 278.04 0.16 22.76 13.53 867.3
1999 7 4 12 50976.9 2.362 271.69 0.16 23.04 13.49 835.2
1999 7 5 12 50943.5 1.583 228.21 0.16 20.93 11.70 853.1
1999 7 6 12 50907.8 0.937 256.15 0.16 23.58 14.39 841.8
1999 7 7 12 50869.7 3.122 273.17 0.16 20.87 13.41 885.5
1999 7 8 12 50829.4 5.374 266.65 0.16 24.54 15.74 898.6
1999 7 9 12 50786.9 1.993 282.09 0.16 23.19 14.79 892.4
1999 7 10 12 50742.1 5.561 255.61 0.16 26.34 18.27 939.7
1999 7 11 12 50695.1 2.178 247.68 0.16 22.75 14.64 869.1
1999 7 12 12 50645.8 3.888 270.34 0.16 23.27 15.08 951.9
1999 7 13 12 50594.3 1.694 237.30 0.16 22.06 14.39 880.8
1999 7 14 12 50540.7 2.627 239.53 0.16 25.42 17.34 924.6
1999 7 15 12 50484.8 2.444 264.23 0.16 23.70 15.19 891.7
1999 7 16 12 50426.8 2.960 253.23 0.16 25.86 18.17 860.0
1999 7 17 12 50366.7 0.016 259.80 0.16 20.90 12.28 836.3
1999 7 18 12 50304.5 0.651 254.12 0.16 22.99 15.30 925.3
1999 7 19 12 50240.1 2.969 243.46 0.16 20.83 11.60 835.5
1999 7 20 12 50173.7 2.499 252.07 0.16 23.80 15.08 926.0
1999 7 21 12 50105.1 0.335 283.37 0.16 22.01 12.60 879.9
1999 7 22 12 50034.6 2.979 258.31 0.16 22.22 12.25 802.9
1999 7 23 12 49962.0 0.542 258.03 0.16 21.38 14.73 928.6
1999 7 24 12 49887.4 0.292 277.09 0.16 23.00 14.45 936.4
1999 7 25 12 49810.8 1.236 252.16 0.16 26.98 18.97 964.9
1999 7 26 12 49732.3 0.636 245.95 0.16 22.20 13.76 933.6
1999 7 27 12 49651.8 0.425 230.50 0.16 23.25 13.45 886.2
1999 7 28 12 49569.5 5.388 243.93 0.16 23.93 16.78 963.5
1999 7 29 12 49485.2 0.276 235.02 0.16 20.99 11.69 798.0
1999 7 30 12 49399.1 0.981 240.55 0.16 20.85 13.67 852.3
1999 7 31 12 49311.1 0.884 232.32 0.16 23.14 15.72 898.6
1999 8 1 12 49221.3 4.125 244.45 0.16 22.99 13.53 873.9
1999 8 2 12 49129.8 1.254 215.08 0.16 23.02 14.16 821.4
1999 8 3 12 49036.5 2.710 245.11 0.16 21.14 13.61 858.3
1999 8 4 12 48941.4 1.815 221.21 0.16 23.09 15.12 920.6
1999 8 5 12 48844.7 3.250 262.99 0.16 23.91 15.96 938.6
1999 8 6 12 48746.2 0.832 263.72 0.16 19.38 11.79 807.3
1999 8 7 12 48646.2 2.920 249.33 0.16 22.62 15.34 871.4
1999 8 8 12 48544.5 3.679 242.10 0.16 21.69 12.84 878.5
1999 8 9 12 48441.3 0.007 230.71 0.16 22.20 14.45 912.1
1999 8 10 12 48336.4 4.126 226.99 0.16 22.95 13.43 882.4
1999 8 11 12 48230.1 0.227 200.91 0.16 20.76 13.38 872.0
1999 8 12 12 48122.3 0.968 255.29 0.16 21.74 15.74 873.2
1999 8 13 12 48013.0 3.111 233.17 0.16 19.85 10.60 791.9
1999 8 14 12 47902.3 0.910 233.10 0.16 19.94 11.50 807.9
1999 8 15 12 47790.2 2.581 221.65 0.16 24.11 14.30 935.8
1999 8 16 12 47676.7 1.469 223.15 0.16 21.87 12.98 808.6
1999 8 17 12 47561.9 3.420 218.57 0.16 19.15 9.58 758.9
1999 8 18 12 47445.8 0.212 191.56 0.16 23.71 14.84 939.7
1999 8 19 12 47328.5 3.344 209.52 0.16 17.13 9.37 828.4
1999 8 20 12 47209.9 0.803 219.26 0.16 21.43 14.52 891.3
1999 8 21 12 47090.2 2.126 224.92 0.16 18.55 11.19 817.1
1999 8 22 12 46969.3 0.163 249.59 0.16 19.79 12.13 844.9
1999 8 23 12 46847.3 0.947 214.93 0.16 20.33 11.67 859.8
1999 8 24 12 46724.2 1.890 230.02 0.16 23.98 16.03 898.4
1999 8 25 12 46600.0 1.420 208.03 0.16 20.81 12.15 804.7
1999 8 26 12 46474.8 0.225 212.55 0.16 17.95 9.74 792.2
1999 8 27 12 46348.7 4.044 215.56 0.16 20.57 11.53 818.2
1999 8 28 12 46221.7 5.496 218.56 0.16 19.94 11.17 821.7
1999 8 29 12 46093.7 2.017 203.07 0.16 20.15 12.63 826.1
1999 8 30 12 45964.9 3.273 196.01 0.16 20.26 11.00 876.3
1999 8 31 12 45835.3 5.784 220.91 0.16 19.06 10.00 751.3
1999 9 1 12 45704.9 0.886 210.05 0.16 18.16 8.48 797.8
1999 9 2 12 45573.7 0.068 211.47 0.16 19.34 10.34 818.8
1999 9 3 12 45441.8 2.978 208.81 0.16 20.23 12.01 841.9
1999 9 4 12 45309.3 1.646 177.68 0.16 19.66 9.62 753.8
1999 9 5 12 45176.2 0.198 220.68 0.16 21.36 13.66 870.6
1999 9 6 12 45042.4 2.369 192.12 0.16 20.27 11.67 826.6
1999 9 7 12 44908.2 0.701 199.34 0.16 18.47 9.77 837.3
1999 9 8 12 44773.4 0.444 193.31 0.16 19.23 10.97 847.6
1999 9 9 12 44638.1 0.847 208.09 0.16 17.59 9.24 822.1
1999 9 10 12 44502.5 1.703 173.70 0.16 20.43 12.16 845.8
1999 9 11 12 44366.4 2.274 197.48 0.16 18.35 9.78 827.1
1999 9 12 12 44230.0 0.394 172.87 0.16 17.28 8.60 720.5
1999 9 13 12 44093.3 3.254 193.22 0.16 19.78 11.28 851.9
1999 9 14 12 43956.3 1.652 175.33 0.16 19.66 11.63 783.5
1999 9 15 12 43819.1 0.418 171.49 0.16 16.20 7.97 760.4
1999 9 16 12 43681.7 0.751 210.99 0.16 19.61 12.33 894.2
1999 9 17 12 43544.2 2.922 195.49 0.16 16.06 7.85 685.3
1999 9 18 12 43406.5 5.691 165.46 0.16 15.69 6.69 713.5
1999 9 19 12 43268.9 1.084 175.99 0.16 16.38 8.10 754.5
1999 9 20 12 43131.1 0.806 191.63 0.16 15.03 5.80 663.7
1999 9 21 12 42993.5 1.671 194.31 0.16 16.98 9.55 786.5
1999 9 22 12 42855.8 2.840 153.95 0.16 15.09 5.74 710.0
1999 9 23 12 42718.3 1.907 197.78 0.16 16.49 8.03 767.4
1999 9 24 12 42580.9 0.953 185.20 0.16 16.94 8.25 735.6
1999 9 25 12 42443.7 0.276 156.26 0.16 18.75 9.30 760.9
1999 9 26 12 42306.7 0.636 179.51 0.16 14.31 4.11 700.2
1999 9 27 12 42170.0 0.821 187.16 0.16 18.15 9.79 735.8
1999 9 28 12 42033.6 2.215 167.96 0.16 14.95 8.82 749.1
1999 9 29 12 41897.5 1.033 164.21 0.16 14.55 5.22 775.6
1999 9 30 12 41761.9 0.913 175.68 0.16 17.40 9.27 789.5
1999 10 1 12 41626.6 0.731 168.20 0.16 15.66 8.10 798.0
1999 10 2 12 41491.8 2.223 156.24 0.16 17.11 8.13 762.9
1999 10 3 12 41357.6 0.489 162.74 0.16 14.34 5.03 685.3
1999 10 4 12 41223.8 0.697 151.57 0.16 14.77 6.60 723.3
1999 10 5 12 41090.7 1.554 136.57 0.16 11.93 2.45 632.0
1999 10 6 12 40958.2 0.496 136.18 0.16 13.55 4.39 670.9
1999 10 7 12 40826.3 4.724 158.92 0.16 12.98 4.71 724.2
1999 10 8 12 40695.1 0.107 162.62 0.16 14.84 6.84 752.1
1999 10 9 12 40564.7 0.527 168.27 0.16 12.28 3.97 735.6
1999 10 10 12 40435.1 0.439 156.72 0.16 12.27 5.02 669.0
1999 10 11 12 40306.3 0.299 171.64 0.16 15.04 5.76 749.4
1999 10 12 12 40178.3 2.045 141.35 0.16 12.19 3.64 710.0
1999 10 13 12 40051.3 1.335 142.25 0.16 11.77 2.93 639.6
1999 10 14 12 39925.2 0.883 143.10 0.16 13.39 4.52 676.3
1999 10 15 12 39800.0 0.118 146.38 0.16 10.69 1.76 625.6
1999 10 16 12 39675.8 1.135 155.81 0.16 10.79 1.27 630.3
1999 10 17 12 39552.7 0.147 144.77 0.16 11.32 2.06 667.7
1999 10 18 12 39430.7 0.510 139.80 0.16 13.93 6.02 783.1
1999 10 19 12 39309.8 1.482 147.16 0.16 11.44 3.67 582.8
1999 10 20 12 39190.1 1.448 140.80 0.16 13.22 5.14 757.7
1999 10 21 12 39071.5 0.061 153.46 0.16 9.22 1.68 650.4
1999 10 22 12 38954.2 3.133 134.16 0.16 11.76 3.21 679.7
1999 10 23 12 38838.1 3.281 138.10 0.16 9.77 1.28 626.5
1999 10 24 12 38723.3 0.597 141.21 0.16 9.66 0.21 588.1
1999 10 25 12 38609.8 2.122 141.99 0.16 9.84 0.28 552.6
1999 10 26 12 38497.7 2.520 127.00 0.16 12.55 3.90 704.7
1999 10 27 12 38387.0 2.984 129.49 0.16 8.01 1.02 612.2
1999 10 28 12 38277.7 1.260 125.37 0.16 6.54 -2.50 576.7
1999 10 29 12 38169.9 0.399 137.15 0.16 8.40 1.10 610.2
1999 10 30 12 38063.6 0.260 147.89 0.16 9.57 0.07 562.8
1999 10 31 12 37958.7 0.656 126.81 0.16 8.75 -0.93 628.4
1999 11 1 12 37855.5 1.236 133.34 0.16 8.63 -0.11 632.6
1999 11 2 12 37753.8 0.548 127.96 0.16 8.12 -0.57 570.7
1999 11 3 12 37653.8 3.534 137.98 0.16 9.33 0.79 559.7
1999 11 4 12 37555.3 0.112 103.41 0.16 9.63 1.62 633.6
1999 11 5 12 37458.6 0.534 126.69 0.16 9.94 1.86 578.8
1999 11 6 12 37363.5 1.300 111.69 0.16 6.64 -3.54 496.8
1999 11 7 12 37270.2 0.467 109.50 0.16 4.62 -4.06 498.2
1999 11 8 12 37178.7 0.265 121.50 0.16 4.80 -2.23 556.2
1999 11 9 12 37088.9 1.139 138.04 0.16 5.15 -3.26 557.7
1999 11 10 12 37000.9 2.101 108.89 0.16 5.92 -3.32 558.7
1999 11 11 12 36914.8 0.038 126.59 0.16 5.23 -2.64 558.8
1999 11 12 12 36830.5 0.055 137.57 0.16 6.03 -2.46 582.9
1999 11 13 12 36748.2 0.420 119.24 0.16 8.52 0.14 594.4
1999 11 14 12 36667.7 1.516 99.02 0.16 6.99 -0.96 562.6
1999 11 15 12 36589.2 0.174 113.75 0.16 3.99 -4.98 536.4
1999 11 16 12 36512.6 4.471 141.89 0.16 4.89 -3.20 545.5
1999 11 17 12 36438.0 2.135 98.83 0.16 0.88 -6.90 439.8
1999 11 18 12 36365.4 0.072 100.27 0.16 4.94 -3.74 523.4
1999 11 19 12 36294.9 0.128 113.31 0.16 4.31 -3.74 494.7
1999 11 20 12 36226.3 2.865 121.53 0.16 6.28 -2.20 573.6
1999 11 21 12 36159.9 1.340 103.66 0.16 6.22 -1.33 544.3
1999 11 22 12 36095.5 0.480 127.24 0.16 3.33 -5.88 484.2
1999 11 23 12 36033.3 0.123 100.01 0.16 4.45 -4.22 516.4
1999 11 24 12 35973.2 0.520 87.67 0.16 3.79 -5.76 517.0
1999 11 25 12 35915.2 2.320 114.50 0.16 5.98 -3.65 500.1
1999 11 26 12 35859.3 3.836 106.07 0.16 3.32 -5.61 433.7
1999 11 27 12 35805.7 1.375 92.36 0.16 4.07 -4.42 547.1
1999 11 28 12 35754.2 0.464 116.12 0.16 5.96 -3.06 556.9
1999 11 29 12 35704.9 0.172 117.20 0.16 4.08 -4.03 582.1
1999 11 30 12 35657.9 0.409 100.81 0.16 2.66 -4.99 529.9
1999 12 1 12 35613.1 0.870 111.27 0.16 2.05 -6.57 479.2
1999 12 2 12 35570.6 0.800 61.09 0.16 2.73 -5.71 491.4
1999 12 3 12 35530.3 1.199 107.54 0.16 3.20 -4.75 550.4
1999 12 4 12 35492.2 0.009 98.78 0.16 1.63 -7.10 466.1
1999 12 5 12 35456.5 0.700 93.81 0.16 3.34 -4.74 516.6
1999 12 6 12 35423.1 0.442 78.79 0.16 1.92 -6.26 466.8
1999 12 7 12 35391.9 1.512 105.68 0.16 3.79 -5.42 528.0
1999 12 8 12 35363.1 0.234 103.81 0.16 1.20 -7.51 483.5
1999 12 9 12 35336.6 1.588 131.62 0.16 3.38 -4.89 488.1
1999 12 10 12 35312.4 1.955 106.51 0.16 2.30 -4.86 473.8
1999 12 11 12 35290.6 0.083 86.95 0.16 4.14 -3.85 518.8
1999 12 12 12 35271.1 0.004 90.89 0.16 2.87 -5.18 483.4
1999 12 13 12 35253.9 0.129 112.83 0.16 2.50 -6.56 424.6
1999 12 14 12 35239.2 1.555 123.26 0.16 -1.66 -10.40 367.7
1999 12 15 12 35226.7 2.282 96.43 0.16 -1.77 -9.84 384.1
1999 12 16 12 35216.7 0.227 103.94 0.16 -1.48 -8.86 403.1
1999 12 17 12 35209.0 2.035 92.32 0.16 1.21 -7.66 467.9
1999 12 18 12 35203.6 0.788 107.02 0.16 1.82 -6.66 461.3
1999 12 19 12 35200.7 0.122 100.72 0.16 -0.36 -8.53 449.5
1999 12 20 12 35200.1 1.335 98.83 0.16 2.07 -6.48 526.9
1999 12 21 12 35201.9 0.201 70.43 0.16 0.67 -7.71 460.4
1999 12 22 12 35206.0 0.965 107.39 0.16 -0.37 -7.52 491.0
1999 12 23 12 35212.5 0.173 90.47 0.16 3.57 -4.12 546.0
1999 12 24 12 35221.4 0.518 111.09 0.16 -0.34 -8.18 460.7
1999 12 25 12 35232.6 0.459 102.47 0.16 1.27 -7.82 520.5
1999 12 26 12 35246.3 2.343 126.62 0.16 -0.31 -9.10 437.2
1999 12 27 12 35262.2 2.011 104.23 0.16 1.56 -7.14 470.8
1999 12 28 12 35280.5 2.853 86.95 0.16 -2.59 -11.06 368.5
1999 12 29 12 35301.2 0.430 106.77 0.16 -0.48 -8.45 442.1
1999 12 30 12 35324.2 1.706 111.22 0.16 1.22 -6.49 433.0
1999 12 31 12 35349.5 0.320 104.47 0.16 -1.30 -9.59 390.4
2000 1 1 12 35377.2 2.268 97.52 0.16 -3.12 -12.43 376.8
2000 1 2 12 35407.2 1.253 110.35 0.16 -0.13 -9.66 434.7
2000 1 3 12 35439.5 0.052 111.43 0.16 -2.60 -11.50 376.5
2000 1 4 12 35474.1 2.291 109.92 0.16 -1.41 -10.17 349.4
2000 1 5 12 35511.0 1.393 109.74 0.16 -3.71 -12.26 328.2
2000 1 6 12 35550.1 1.621 118.10 0.16 -2.69 -11.11 405.2
2000 1 7 12 35591.5 1.139 123.98 0.16 -1.22 -9.32 407.9
2000 1 8 12 35635.2 0.177 103.92 0.16 -1.03 -9.25 451.2
2000 1 9 12 35681.2 3.162 118.91 0.16 -0.50 -8.90 400.2
2000 1 10 12 35729.3 0.999 79.48 0.16 -0.09 -8.66 393.7
2000 1 11 12 35779.7 0.244 107.69 0.16 -1.13 -8.58 385.9
2000 1 12 12 35832.2 2.200 140.51 0.16 -0.82 -9.68 439.3
2000 1 13 12 35887.0 0.447 129.01 0.16 0.21 -6.85 498.3
2000 1 14 12 35943.9 0.683 106.97 0.16 -1.33 -8.61 385.9
2000 1 15 12 36003.0 0.292 130.75 0.16 -1.35 -8.86 413.1
2000 1 16 12 36064.1 1.166 95.03 0.16 -0.08 -7.73 443.8
2000 1 17 12 36127.5 3.456 95.95 0.16 -2.08 -12.19 333.6
2000 1 18 12 36192.9 0.767 109.26 0.16 -1.64 -9.40 442.4
2000 1 19 12 36260.3 0.313 85.80 0.16 -1.32 -10.66 442.0
2000 1 20 12 36329.9 3.681 135.67 0.16 -0.57 -8.39 426.6
2000 1 21 12 36401.5 1.123 119.08 0.16 -0.72 -9.17 455.9
2000 1 22 12 36475.1 0.312 93.82 0.16 -0.63 -8.36 420.8
2000 1 23 12 36550.6 0.263 136.22 0.16 -2.73 -13.33 349.7
2000 1 24 12 36628.2 1.532 119.46 0.16 1.80 -6.08 512.7
2000 1 25 12 36707.7 5.089 135.96 0.16 -3.01 -12.67 405.2
2000 1 26 12 36789.1 2.550 116.02 0.16 -0.31 -7.31 465.6
2000 1 27 12 36872.4 1.973 106.72 0.16 0.58 -6.75 476.4
2000 1 28 12 36957.6 1.572 93.14 0.16 0.33 -7.33 481.6
2000 1 29 12 37044.7 0.830 87.96 0.16 -0.91 -8.15 468.4
2000 1 30 12 37133.6 0.964 114.39 0.16 -1.48 -9.55 377.8
2000 1 31 12 37224.2 7.007 120.94 0.16 -0.99 -9.54 437.8
2000 2 1 12 37316.7 0.380 114.40 0.16 0.20 -8.08 441.8
2000 2 2 12 37410.8 4.250 135.76 0.16 0.23 -8.09 456.7
2000 2 3 12 37506.7 4.467 125.32 0.16 -1.50 -10.22 341.8
2000 2 4 12 37604.3 1.869 138.73 0.16 -0.15 -7.41 435.3
2000 2 5 12 37703.6 2.921 117.22 0.16 -0.21 -8.69 456.4
2000 2 6 12 37804.5 1.816 112.09 0.16 -1.96 -9.72 383.8
2000 2 7 12 37906.9 1.632 117.47 0.16 3.55 -4.31 582.1
2000 2 8 12 38011.0 0.997 129.03 0.16 0.50 -7.97 431.3
2000 2 9 12 38116.5 4.671 105.81 0.16 -1.11 -9.45 389.2
2000 2 10 12 38223.6 0.297 120.58 0.16 3.43 -5.13 500.6
2000 2 11 12 38332.2 1.662 126.57 0.16 -2.14 -10.21 413.3
2000 2 12 12 38442.2 10.491 119.08 0.16 0.15 -8.58 457.0
2000 2 13 12 38553.6 2.991 148.12 0.16 0.64 -8.58 427.9
2000 2 14 12 38666.4 0.585 140.06 0.16 0.75 -7.21 437.3
2000 2 15 12 38780.5 1.038 147.58 0.16 0.17 -9.18 473.4
2000 2 16 12 38896.0 3.002 148.20 0.16 0.60 -8.26 410.2
2000 2 17 12 39012.7 1.286 138.77 0.16 1.82 -6.65 502.9
2000 2 18 12 39130.6 8.524 149.88 0.16 -1.20 -9.73 380.2
2000 2 19 12 39249.8 1.667 152.48 0.16 1.82 -6.65 459.7
2000 2 20 12 39370.1 3.700 159.98 0.16 -1.17 -9.39 383.8
2000 2 21 12 39491.6 2.384 125.63 0.16 2.31 -5.84 442.6
2000 2 22 12 39614.2 5.375 134.25 0.16 1.06 -7.28 458.0
2000 2 23 12 39737.8 5.780 168.38 0.16 2.69 -5.16 494.8
2000 2 24 12 39862.5 0.596 130.02 0.16 1.55 -6.17 516.8
2000 2 25 12 39988.1 0.471 171.27 0.16 2.36 -6.89 465.1
2000 2 26 12 40114.7 4.032 138.62 0.16 2.82 -6.68 512.5
2000 2 27 12 40242.2 0.889 159.80 0.16 1.71 -6.96 485.4
2000 2 28 12 40370.6 2.161 123.36 0.16 3.68 -5.39 523.6
2000 2 29 12 40499.8 0.182 171.56 0.16 0.92 -7.28 503.5
2000 3 1 12 40629.8 1.395 150.34 0.16 -1.40 -9.02 397.0
2000 3 2 12 40760.6 6.662 139.93 0.16 1.84 -6.03 430.9
2000 3 3 12 40892.1 1.190 157.06 0.16 2.71 -6.06 478.8
2000 3 4 12 41024.3 3.890 155.45 0.16 3.56 -5.09 445.6
2000 3 5 12 41157.2 5.960 143.22 0.16 1.99 -7.48 448.8
2000 3 6 12 41290.6 10.196 170.24 0.16 3.58 -4.79 463.5
2000 3 7 12 41424.6 0.227 178.25 0.16 3.38 -4.25 536.7
2000 3 8 12 41559.2 0.114 135.17 0.16 3.96 -4.55 544.0
2000 3 9 12 41694.2 0.793 145.05 0.16 1.07 -7.55 497.3
2000 3 10 12 41829.7 2.392 145.29 0.16 4.13 -4.26 523.2
2000 3 11 12 41965.5 6.745 160.56 0.16 1.88 -7.51 520.5
2000 3 12 12 42101.8 0.525 200.77 0.16 3.62 -7.24 438.6
2000 3 13 12 42238.3 2.079 156.22 0.16 4.06 -4.53 514.2
2000 3 14 12 42375.2 0.728 168.41 0.16 3.80 -4.61 508.9
2000 3 15 12 42512.3 0.686 179.33 0.16 4.76 -2.87 588.2
2000 3 16 12 42649.6 0.563 183.22 0.16 3.09 -4.76 480.4
2000 3 17 12 42787.0 10.552 201.45 0.16 5.96 -2.91 498.4
2000 3 18 12 42924.6 4.428 170.33 0.16 3.75 -6.46 448.3
2000 3 19 12 43062.3 3.520 179.45 0.16 6.32 -1.14 547.1
2000 3 20 12 43200.0 6.013 174.25 0.16 6.35 -1.96 579.2
2000 3 21 12 43337.7 4.639 195.51 0.16 7.18 -1.44 555.3
2000 3 22 12 43475.4 0.735 196.41 0.16 4.44 -3.53 531.6
2000 3 23 12 43613.0 2.725 180.84 0.16 6.55 -3.05 515.3
2000 3 24 12 43750.4 1.642 168.29 0.16 5.77 -2.64 501.4
2000 3 25 12 43887.7 5.004 208.98 0.16 5.17 -1.90 544.2
2000 3 26 12 44024.8 3.528 220.88 0.16 6.97 -1.57 638.7
2000 3 27 12 44161.7 4.738 180.76 0.16 4.34 -5.17 453.6
2000 3 28 12 44298.2 2.998 207.57 0.16 5.18 -4.58 513.9
2000 3 29 12 44434.5 1.071 191.89 0.16 3.63 -4.13 528.9
2000 3 30 12 44570.3 5.543 224.51 0.16 9.60 2.38 638.7
2000 3 31 12 44705.8 4.521 168.81 0.16 5.66 -3.57 520.3
2000 4 1 12 44840.8 8.198 198.57 0.16 6.30 -1.63 577.6
2000 4 2 12 44975.4 3.422 185.44 0.16 8.81 -0.35 590.6
2000 4 3 12 45109.4 1.661 212.67 0.16 6.98 -0.73 562.2
2000 4 4 12 45242.8 11.651 216.56 0.16 5.87 -2.48 562.5
2000 4 5 12 45375.7 6.010 202.07 0.16 6.96 -2.22 555.2
2000 4 6 12 45507.9 1.760 185.41 0.16 10.76 2.84 638.6
2000 4 7 12 45639.4 2.024 224.93 0.16 8.33 -1.15 588.5
2000 4 8 12 45770.2 1.430 181.88 0.16 8.94 0.15 625.4
2000 4 9 12 45900.2 7.834 201.25 0.16 9.26 0.84 597.8
2000 4 10 12 46029.4 0.852 194.31 0.16 8.33 -0.87 520.7
2000 4 11 12 46157.8 7.901 185.89 0.16 9.30 0.83 620.1
2000 4 12 12 46285.3 2.548 195.03 0.16 10.38 3.06 647.2
2000 4 13 12 46411.9 1.009 193.45 0.16 7.43 -1.80 587.0
2000 4 14 12 46537.5 3.002 226.61 0.16 9.59 0.66 581.5
2000 4 15 12 46662.2 3.605 221.18 0.16 8.41 -1.18 585.0
2000 4 16 12 46785.8 1.055 224.30 0.16 12.05 4.41 699.8
2000 4 17 12 46908.4 9.440 228.80 0.16 10.77 3.50 661.3
2000 4 18 12 47029.9 3.912 238.12 0.16 8.25 0.67 641.2
2000 4 19 12 47150.2 0.727 206.03 0.16 10.10 1.55 650.8
2000 4 20 12 47269.4 0.340 218.73 0.16 11.30 2.44 722.1
2000 4 21 12 47387.3 6.774 224.72 0.16 10.18 2.70 653.3
2000 4 22 12 47504.0 4.776 206.39 0.16 11.86 2.64 643.8
2000 4 23 12 47619.5 1.106 243.97 0.16 15.55 6.76 727.3
2000 4 24 12 47733.6 3.491 221.82 0.16 12.46 3.85 723.1
2000 4 25 12 47846.4 10.653 221.60 0.16 10.70 4.01 669.9
2000 4 26 12 47957.8 0.516 202.82 0.16 10.87 2.26 626.8
2000 4 27 12 48067.8 0.052 248.94 0.16 13.73 5.61 664.9
2000 4 28 12 48176.4 5.083 230.45 0.16 12.56 5.56 758.3
2000 4 29 12 48283.5 2.078 204.93 0.16 11.34 3.77 659.4
2000 4 30 12 48389.0 2.557 213.85 0.16 12.79 3.46 696.6
2000 5 1 12 48493.1 1.290 251.62 0.16 15.71 7.96 781.4
2000 5 2 12 48595.5 5.137 242.92 0.16 16.19 7.70 714.5
2000 5 3 12 48696.4 1.753 206.55 0.16 13.06 4.48 700.3
2000 5 4 12 48795.7 2.465 259.46 0.16 12.89 2.31 657.4
2000 5 5 12 48893.3 4.404 209.98 0.16 14.55 5.71 674.2
2000 5 6 12 48989.2 10.136 234.99 0.16 13.54 5.74 681.2
2000 5 7 12 49083.3 1.980 237.26 0.16 14.41 5.17 668.8
2000 5 8 12 49175.8 2.348 256.43 0.16 15.88 7.51 719.7
2000 5 9 12 49266.4 5.067 214.91 0.16 14.27 6.15 650.0
2000 5 10 12 49355.3 3.421 247.27 0.16 12.84 4.53 698.9
2000 5 11 12 49442.4 3.128 224.89 0.16 15.26 7.33 761.7
2000 5 12 12 49527.6 0.233 248.85 0.16 17.01 9.09 794.6
2000 5 13 12 49610.9 1.786 274.04 0.16 15.54 7.41 777.2
2000 5 14 12 49692.3 0.494 257.18 0.16 19.09 11.38 837.1
2000 5 15 12 49771.8 3.605 219.01 0.16 16.10 8.91 769.7
2000 5 16 12 49849.4 0.896 243.58 0.16 18.53 9.67 713.0
2000 5 17 12 49924.9 1.551 238.10 0.16 16.87 8.23 834.3
2000 5 18 12 49998.5 9.116 248.07 0.16 15.98 7.13 729.3
2000 5 19 12 50070.1 2.722 255.90 0.16 18.46 11.66 783.2
2000 5 20 12 50139.7 2.561 256.79 0.16 11.71 2.96 668.0
2000 5 21 12 50207.1 2.346 242.32 0.16 19.36 11.36 811.0
2000 5 22 12 50272.5 4.601 245.87 0.16 17.36 8.14 782.6
2000 5 23 12 50335.9 2.590 232.64 0.16 18.04 9.21 795.3
2000 5 24 12 50397.0 15.212 244.07 0.16 19.10 11.48 866.3
2000 5 25 12 50456.1 0.136 255.58 0.16 16.12 6.37 713.9
2000 5 26 12 50513.0 0.220 241.90 0.16 19.10 9.83 792.0
2000 5 27 12 50567.8 2.846 249.30 0.16 19.84 9.74 776.2
2000 5 28 12 50620.3 6.737 259.10 0.16 16.88 7.53 749.1
2000 5 29 12 50670.7 0.572 243.45 0.16 16.16 7.90 828.1
2000 5 30 12 50718.8 1.211 266.20 0.16 21.15 13.17 873.3
2000 5 31 12 50764.8 0.976 271.90 0.16 19.18 9.66 777.9
2000 6 1 12 50808.5 2.920 246.68 0.16 18.05 9.79 755.1
2000 6 2 12 50849.9 19.413 246.79 0.16 21.36 13.00 830.4
2000 6 3 12 50889.0 2.896 275.64 0.16 18.82 10.82 808.3
2000 6 4 12 50925.9 1.763 242.61 0.16 19.82 12.20 818.2
2000 6 5 12 50960.5 17.464 252.78 0.16 19.84 11.72 813.5
2000 6 6 12 50992.8 2.242 266.80 0.16 20.41 12.21 840.9
2000 6 7 12 51022.8 4.775 241.98 0.16 22.12 14.69 863.8
2000 6 8 12 51050.5 0.283 269.89 0.16 20.59 11.38 810.2
2000 6 9 12 51075.8 1.610 248.12 0.16 22.57 14.57 932.4
2000 6 10 12 51098.8 0.387 252.50 0.16 19.98 12.35 859.5
2000 6 11 12 51119.5 4.433 250.86 0.16 19.73 11.81 846.6
2000 6 12 12 51137.8 3.363 255.70 0.16 22.82 15.73 868.8
2000 6 13 12 51153.7 5.213 242.80 0.16 20.54 12.09 852.5
2000 6 14 12 51167.4 1.647 262.78 0.16 21.03 12.96 855.7
2000 6 15 12 51178.6 4.615 267.64 0.16 20.89 13.28 876.6
2000 6 16 12 51187.5 4.585 285.37 0.16 20.88 12.74 835.6
2000 6 17 12 51194.0 1.316 272.47 0.16 22.58 14.77 916.1
2000 6 18 12 51198.1 9.267 307.17 0.16 20.56 13.20 913.1
2000 6 19 12 51199.9 1.336 254.25 0.16 24.68 15.50 885.1
2000 6 20 12 51199.3 1.514 268.25 0.16 21.76 12.60 869.2
2000 6 21 12 51196.4 2.751 284.04 0.16 23.93 16.38 902.5
2000 6 22 12 51191.0 5.972 261.57 0.16 21.15 12.93 859.2
2000 6 23 12 51183.3 0.719 231.41 0.16 22.13 13.36 817.4
2000 6 24 12 51173.3 3.341 257.34 0.16 20.54 11.51 812.7
2000 6 25 12 51160.8 4.813 251.41 0.16 22.05 13.56 889.6
2000 6 26 12 51146.1 2.742 270.89 0.16 21.03 12.43 878.4
2000 6 27 12 51128.9 1.732 263.26 0.16 21.47 13.25 914.1
2000 6 28 12 51109.4 5.020 286.39 0.16 19.88 10.45 797.8
2000 6 29 12 51087.6 1.712 262.48 0.16 24.25 16.40 937.4
2000 6 30 12 51063.4 0.694 269.83 0.16 23.73 16.09 884.4
2000 7 1 12 51036.9 11.466 257.69 0.16 22.42 14.14 895.7
2000 7 2 12 51008.1 3.552 236.15 0.16 23.60 15.30 905.9
2000 7 3 12 50976.9 5.244 252.03 0.16 19.99 10.83 832.8
2000 7 4 12 50943.5 1.074 273.24 0.16 23.09 14.50 835.1
2000 7 5 12 50907.8 1.542 263.80 0.16 21.64 14.02 849.9
2000 7 6 12 50869.7 4.212 268.35 0.16 25.56 18.18 948.1
2000 7 7 12 50829.4 2.326 235.58 0.16 24.25 15.56 913.4
2000 7 8 12 50786.9 2.015 271.30 0.16 20.99 12.65 858.5
2000 7 9 12 50742.1 0.226 276.81 0.16 21.29 12.37 778.2
2000 7 10 12 50695.1 2.689 263.46 0.16 19.61 11.49 877.6
2000 7 11 12 50645.8 9.092 249.15 0.16 20.33 10.83 773.6
2000 7 12 12 50594.3 0.440 233.86 0.16 20.82 12.69 844.0
2000 7 13 12 50540.7 1.673 253.98 0.16 19.78 12.35 860.6
2000 7 14 12 50484.8 0.847 250.20 0.16 24.71 16.15 922.8
2000 7 15 12 50426.8 0.790 270.64 0.16 23.87 15.27 929.5
2000 7 16 12 50366.7 4.103 279.75 0.16 22.81 14.19 940.5
2000 7 17 12 50304.5 4.820 272.95 0.16 22.83 14.74 877.6
2000 7 18 12 50240.1 4.629 235.90 0.16 25.58 16.62 906.5
2000 7 19 12 50173.7 3.424 257.19 0.16 21.85 12.00 868.3
2000 7 20 12 50105.1 2.467 212.13 0.16 22.14 13.57 860.4
2000 7 21 12 50034.6 4.608 226.34 0.16 24.79 15.66 912.9
2000 7 22 12 49962.0 1.650 228.12 0.16 23.44 14.99 906.4
2000 7 23 12 49887.4 2.103 238.72 0.16 24.49 15.33 891.1
2000 7 24 12 49810.8 2.923 248.04 0.16 20.57 12.72 828.1
2000 7 25 12 49732.3 1.929 250.46 0.16 21.74 13.33 861.7
2000 7 26 12 49651.8 0.399 243.93 0.16 23.62 14.64 879.0
2000 7 27 12 49569.5 3.813 237.15 0.16 22.21 13.10 851.8
2000 7 28 12 49485.2 3.257 260.58 0.16 22.07 14.72 925.6
2000 7 29 12 49399.1 0.793 251.31 0.16 24.93 14.76 881.8
2000 7 30 12 49311.1 5.375 225.05 0.16 23.56 16.03 878.2
2000 7 31 12 49221.3 6.172 208.99 0.16 22.22 12.85 850.6
2000 8 1 12 49129.8 2.222 238.33 0.16 21.63 12.68 830.5
2000 8 2 12 49036.5 0.892 248.27 0.16 21.46 13.69 902.0
2000 8 3 12 48941.4 0.905 218.76 0.16 23.22 15.16 946.3
2000 8 4 12 48844.7 0.836 232.20 0.16 23.23 15.17 897.1
2000 8 5 12 48746.2 5.855 258.15 0.16 22.24 12.78 847.9
2000 8 6 12 48646.2 0.801 241.68 0.16 23.24 13.05 867.5
2000 8 7 12 48544.5 0.590 246.60 0.16 24.65 15.08 907.2
2000 8 8 12 48441.3 2.587 234.12 0.16 23.58 15.17 893.0
2000 8 9 12 48336.4 5.005 233.58 0.16 20.82 13.33 867.5
2000 8 10 12 48230.1 0.178 240.48 0.16 24.00 14.72 883.1
2000 8 11 12 48122.3 3.629 232.80 0.16 19.37 10.73 792.5
2000 8 12 12 48013.0 0.986 240.18 0.16 19.35 10.49 826.2
2000 8 13 12 47902.3 5.130 227.19 0.16 22.55 14.77 892.9
2000 8 14 12 47790.2 0.628 221.06 0.16 20.70 12.40 851.8
2000 8 15 12 47676.7 2.449 224.87 0.16 22.50 14.39 864.5
2000 8 16 12 47561.9 4.965 219.40 0.16 21.47 12.76 803.4
2000 8 17 12 47445.8 1.009 220.33 0.16 22.35 14.21 867.2
2000 8 18 12 47328.5 0.734 194.14 0.16 22.43 12.91 814.8
2000 8 19 12 47209.9 3.915 218.70 0.16 17.07 9.60 768.5
2000 8 20 12 47090.2 2.814 190.60 0.16 20.44 11.19 842.7
2000 8 21 12 46969.3 1.282 234.45 0.16 22.33 14.25 898.2
2000 8 22 12 46847.3 3.194 225.75 0.16 20.70 12.46 881.4
2000 8 23 12 46724.2 0.520 191.86 0.16 22.19 14.32 865.9
2000 8 24 12 46600.0 0.290 221.55 0.16 20.38 11.64 841.3
2000 8 25 12 46474.8 2.058 224.32 0.16 17.91 8.58 822.6
2000 8 26 12 46348.7 1.933 207.41 0.16 21.16 13.03 865.6
2000 8 27 12 46221.7 0.252 197.05 0.16 19.86 11.28 839.1
2000 8 28 12 46093.7 2.524 234.80 0.16 17.81 9.83 800.7
2000 8 29 12 45964.9 3.821 225.99 0.16 21.41 12.32 818.6
2000 8 30 12 45835.3 1.228 193.61 0.16 20.80 11.60 842.4
2000 8 31 12 45704.9 1.041 214.33 0.16 18.33 9.30 717.3
2000 9 1 12 45573.7 4.368 225.36 0.16 17.21 8.03 754.8
2000 9 2 12 45441.8 1.586 211.00 0.16 21.41 12.34 861.4
2000 9 3 12 45309.3 0.838 191.61 0.16 20.80 11.84 830.9
2000 9 4 12 45176.2 3.306 191.54 0.16 18.96 9.87 805.1
2000 9 5 12 45042.4 1.000 218.28 0.16 18.23 9.01 773.7
2000 9 6 12 44908.2 4.417 215.64 0.16 18.55 9.09 809.0
2000 9 7 12 44773.4 0.368 225.89 0.16 18.57 10.37 798.4
2000 9 8 12 44638.1 0.354 228.36 0.16 20.91 12.62 767.0
2000 9 9 12 44502.5 5.581 236.78 0.16 20.13 12.68 828.9
2000 9 10 12 44366.4 2.426 168.22 0.16 17.67 9.33 784.6
2000 9 11 12 44230.0 0.689 179.72 0.16 14.96 5.88 736.0
2000 9 12 12 44093.3 1.468 185.57 0.16 20.62 10.73 760.2
2000 9 13 12 43956.3 1.049 183.09 0.16 15.69 7.66 749.0
2000 9 14 12 43819.1 0.975 184.36 0.16 14.85 6.71 714.6
2000 9 15 12 43681.7 2.776 191.32 0.16 17.91 10.61 801.5
2000 9 16 12 43544.2 0.647 211.51 0.16 18.34 10.73 799.9
2000 9 17 12 43406.5 0.308 161.33 0.16 17.93 9.65 776.2
2000 9 18 12 43268.9 0.114 178.22 0.16 15.29 7.85 770.7
2000 9 19 12 43131.1 0.902 154.21 0.16 17.97 8.61 795.4
2000 9 20 12 42993.5 1.657 190.13 0.16 18.01 9.01 755.6
2000 9 21 12 42855.8 0.467 188.38 0.16 15.52 6.62 765.1
2000 9 22 12 42718.3 0.599 188.75 0.16 13.84 3.99 650.7
2000 9 23 12 42580.9 0.322 163.48 0.16 15.27 7.35 726.5
2000 9 24 12 42443.7 0.291 184.24 0.16 16.07 7.97 709.0
2000 9 25 12 42306.7 0.763 146.02 0.16 15.64 7.65 760.5
2000 9 26 12 42170.0 2.258 160.67 0.16 12.35 5.84 697.5
2000 9 27 12 42033.6 0.293 154.05 0.16 11.74 3.34 689.7
2000 9 28 12 41897.5 1.012 182.37 0.16 13.92 6.95 706.2
2000 9 29 12 41761.9 0.887 161.65 0.16 14.85 6.53 752.7
2000 9 30 12 41626.6 0.337 165.81 0.16 16.72 8.63 712.4
2000 10 1 12 41491.8 1.522 148.40 0.16 11.71 3.77 672.6
2000 10 2 12 41357.6 2.258 152.28 0.16 11.81 2.36 693.5
2000 10 3 12 41223.8 5.186 187.02 0.16 14.32 6.77 777.0
2000 10 4 12 41090.7 4.094 159.36 0.16 15.28 7.96 797.3
2000 10 5 12 40958.2 1.754 173.30 0.16 14.13 5.00 693.6
2000 10 6 12 40826.3 0.961 157.00 0.16 11.71 2.52 632.1
2000 10 7 12 40695.1 0.283 154.50 0.16 13.85 4.59 670.6
2000 10 8 12 40564.7 0.199 141.27 0.16 12.56 2.67 659.8
2000 10 9 12 40435.1 0.732 144.17 0.16 15.38 6.35 794.6
2000 10 10 12 40306.3 4.285 143.19 0.16 14.81 6.01 758.1
2000 10 11 12 40178.3 0.391 157.09 0.16 10.98 2.16 638.6
2000 10 12 12 40051.3 0.393 152.57 0.16 15.78 8.00 755.5
2000 10 13 12 39925.2 0.301 145.90 0.16 11.26 2.96 621.7
2000 10 14 12 39800.0 0.733 147.19 0.16 9.73 2.07 602.1
2000 10 15 12 39675.8 0.951 147.85 0.16 11.14 2.25 665.8
2000 10 16 12 39552.7 0.498 160.32 0.16 9.03 1.77 627.2
2000 10 17 12 39430.7 0.232 139.58 0.16 12.38 2.15 662.1
2000 10 18 12 39309.8 0.592 125.69 0.16 10.36 2.93 662.5
2000 10 19 12 39190.1 1.256 156.83 0.16 12.59 3.74 666.3
2000 10 20 12 39071.5 1.174 160.06 0.16 9.79 -0.59 587.2
2000 10 21 12 38954.2 0.248 137.38 0.16 9.04 1.21 661.8
2000 10 22 12 38838.1 0.456 140.47 0.16 7.95 0.59 636.8
2000 10 23 12 38723.3 0.854 129.27 0.16 11.58 3.52 682.4
2000 10 24 12 38609.8 0.630 131.94 0.16 9.30 -0.23 615.8
2000 10 25 12 38497.7 0.685 158.80 0.16 10.32 1.97 678.7
2000 10 26 12 38387.0 3.203 139.48 0.16 9.17 0.71 641.1
2000 10 27 12 38277.7 0.370 109.84 0.16 9.35 0.37 676.2
2000 10 28 12 38169.9 1.103 116.62 0.16 8.36 -0.96 514.7
2000 10 29 12 38063.6 1.263 142.23 0.16 8.97 1.05 624.3
2000 10 30 12 37958.7 3.397 130.03 0.16 9.34 -0.28 598.9
2000 10 31 12 37855.5 0.506 112.19 0.16 8.90 1.37 617.1
2000 11 1 12 37753.8 0.544 122.41 0.16 10.00 1.65 611.1
2000 11 2 12 37653.8 0.264 110.50 0.16 5.77 -2.69 530.0
2000 11 3 12 37555.3 0.567 125.85 0.16 9.63 0.61 619.6
2000 11 4 12 37458.6 1.486 96.00 0.16 5.82 -1.50 603.7
2000 11 5 12 37363.5 1.763 115.32 0.16 7.68 -0.77 617.2
2000 11 6 12 37270.2 1.125 119.31 0.16 7.14 -1.52 556.9
2000 11 7 12 37178.7 2.191 133.12 0.16 9.35 0.06 596.6
2000 11 8 12 37088.9 2.539 119.30 0.16 7.10 -0.72 628.5
2000 11 9 12 37000.9 0.913 105.78 0.16 5.34 -2.45 531.3
2000 11 10 12 36914.8 0.507 93.98 0.16 10.35 2.12 562.5
2000 11 11 12 36830.5 1.112 121.32 0.16 4.46 -3.27 460.4
2000 11 12 12 36748.2 3.397 135.50 0.16 7.98 0.33 615.9
2000 11 13 12 36667.7 0.847 124.07 0.16 6.82 -1.64 562.2
2000 11 14 12 36589.2 0.559 115.81 0.16 5.45 -2.34 599.7
2000 11 15 12 36512.6 0.492 117.80 0.16 5.98 -4.71 458.9
2000 11 16 12 36438.0 0.939 101.61 0.16 5.45 -2.73 536.5
2000 11 17 12 36365.4 0.657 134.13 0.16 5.74 -2.14 583.9
2000 11 18 12 36294.9 1.152 95.65 0.16 4.01 -4.34 545.5
2000 11 19 12 36226.3 0.956 100.01 0.16 7.34 -0.12 621.4
2000 11 20 12 36159.9 1.634 117.93 0.16 7.18 -1.26 593.2
2000 11 21 12 36095.5 0.914 109.66 0.16 3.39 -5.72 515.9
2000 11 22 12 36033.3 1.217 125.81 0.16 5.71 -2.55 540.1
2000 11 23 12 35973.2 2.412 90.39 0.16 1.84 -5.53 523.3
2000 11 24 12 35915.2 1.606 70.79 0.16 4.55 -4.36 520.7
2000 11 25 12 35859.3 0.547 109.21 0.16 3.33 -4.03 504.9
2000 11 26 12 35805.7 2.219 75.80 0.16 4.51 -4.21 520.3
2000 11 27 12 35754.2 1.469 120.95 0.16 3.93 -4.52 515.3
2000 11 28 12 35704.9 1.062 110.20 0.16 4.11 -3.69 502.7
2000 11 29 12 35657.9 0.055 97.44 0.16 1.41 -6.63 421.7
2000 11 30 12 35613.1 1.851 117.04 0.16 3.99 -4.17 507.9
2000 12 1 12 35570.6 0.475 115.61 0.16 3.17 -5.55 428.8
2000 12 2 12 35530.3 4.194 112.14 0.16 6.35 -1.23 570.4
2000 12 3 12 35492.2 0.998 115.27 0.16 1.67 -5.67 495.8
2000 12 4 12 35456.5 2.732 99.32 0.16 1.20 -6.54 476.3
2000 12 5 12 35423.1 0.787 104.81 0.16 3.24 -5.15 537.6
2000 12 6 12 35391.9 0.057 60.79 0.16 2.85 -5.10 477.8
2000 12 7 12 35363.1 3.226 73.20 0.16 0.19 -8.08 409.0
2000 12 8 12 35336.6 0.869 123.50 0.16 2.86 -6.22 512.1
2000 12 9 12 35312.4 1.615 85.43 0.16 0.42 -7.64 485.1
2000 12 10 12 35290.6 1.389 100.28 0.16 3.02 -4.68 516.4
2000 12 11 12 35271.1 0.371 99.79 0.16 -0.18 -7.60 494.9
2000 12 12 12 35253.9 3.033 120.05 0.16 3.66 -5.80 401.5
2000 12 13 12 35239.2 0.073 121.88 0.16 1.61 -6.03 454.1
2000 12 14 12 35226.7 0.091 79.59 0.16 -1.19 -10.98 425.5
2000 12 15 12 35216.7 0.620 81.36 0.16 -0.10 -9.91 426.9
2000 12 16 12 35209.0 1.635 108.83 0.16 0.57 -9.25 456.6
2000 12 17 12 35203.6 1.062 88.63 0.16 -0.20 -7.66 453.2
2000 12 18 12 35200.7 0.948 112.71 0.16 0.73 -7.00 458.8
2000 12 19 12 35200.1 0.693 123.05 0.16 1.53 -5.54 511.1
2000 12 20 12 35201.9 1.398 80.26 0.16 -0.57 -8.24 432.4
2000 12 21 12 35206.0 3.250 111.91 0.16 1.36 -7.39 422.1
2000 12 22 12 35212.5 1.597 93.08 0.16 1.59 -7.17 437.4
2000 12 23 12 35221.4 0.213 114.09 0.16 1.86 -6.49 455.7
2000 12 24 12 35232.6 1.156 89.27 0.16 -1.62 -9.48 384.1
2000 12 25 12 35246.3 1.765 109.57 0.16 0.53 -9.50 402.6
2000 12 26 12 35262.2 1.669 95.05 0.16 -0.93 -8.66 427.5
2000 12 27 12 35280.5 2.275 99.04 0.16 -0.80 -10.11 392.6
2000 12 28 12 35301.2 0.491 88.98 0.16 0.15 -9.86 435.7
2000 12 29 12 35324.2 1.325 100.97 0.16 0.08 -8.09 421.4
2000 12 30 12 35349.5 2.340 88.76 0.16 -2.69 -10.11 417.6
2000 12 31 12 35377.2 1.265 84.73 0.16 -0.95 -9.63 436.5
2001 1 1 12 35377.2 1.235 102.43 0.16 -1.16 -9.07 392.2
2001 1 2 12 35407.2 0.025 98.73 0.16 -0.27 -8.73 437.5
2001 1 3 12 35439.5 2.955 91.20 0.16 0.46 -8.11 410.0
2001 1 4 12 35474.1 2.350 66.54 0.16 0.06 -9.33 401.2
2001 1 5 12 35511.0 0.222 98.74 0.16 -1.01 -9.15 456.4
2001 1 6 12 35550.1 2.710 79.21 0.16 -2.21 -10.60 401.1
2001 1 7 12 35591.5 0.765 105.34 0.16 -0.30 -9.45 417.6
2001 1 8 12 35635.2 1.521 125.25 0.16 -0.32 -9.18 387.5
2001 1 9 12 35681.2 0.441 81.70 0.16 -1.48 -9.67 407.2
2001 1 10 12 35729.3 0.491 94.46 0.16 -4.05 -13.39 358.2
2001 1 11 12 35779.7 1.839 99.89 0.16 -1.39 -10.27 401.6
2001 1 12 12 35832.2 0.443 126.90 0.16 -3.65 -10.06 389.6
2001 1 13 12 35887.0 2.103 105.14 0.16 -2.78 -11.75 375.9
2001 1 14 12 35943.9 2.059 114.96 0.16 0.43 -8.98 376.4
2001 1 15 12 36003.0 2.113 126.95 0.16 -2.02 -8.91 434.6
2001 1 16 12 36064.1 1.966 106.26 0.16 -1.88 -10.81 363.5
2001 1 17 12 36127.5 3.576 111.47 0.16 -1.86 -10.64 395.8
2001 1 18 12 36192.9 4.179 117.19 0.16 1.35 -7.89 450.4
2001 1 19 12 36260.3 0.983 125.25 0.16 -0.63 -9.61 382.9
2001 1 20 12 36329.9 0.423 125.73 0.16 -2.34 -10.33 446.8
2001 1 21 12 36401.5 0.220 105.43 0.16 -0.22 -7.46 471.4
2001 1 22 12 36475.1 0.880 103.76 0.16 -2.04 -9.78 383.6
2001 1 23 12 36550.6 0.389 81.29 0.16 2.08 -5.59 472.8
2001 1 24 12 36628.2 2.164 97.68 0.16 -2.34 -10.20 370.1
2001 1 25 12 36707.7 1.734 109.16 0.16 0.43 -7.50 469.1
2001 1 26 12 36789.1 1.153 114.29 0.16 0.58 -7.57 457.9
2001 1 27 12 36872.4 0.593 92.58 0.16 -1.05 -8.59 439.3
2001 1 28 12 36957.6 1.565 130.06 0.16 0.47 -8.73 473.3
2001 1 29 12 37044.7 0.008 120.31 0.16 -0.48 -8.79 394.9
2001 1 30 12 37133.6 8.371 131.84 0.16 -0.91 -9.35 411.8
2001 1 31 12 37224.2 1.759 105.91 0.16 -1.26 -10.50 415.9
2001 2 1 12 37316.7 1.255 134.46 0.16 -2.19 -11.58 325.1
2001 2 2 12 37410.8 1.533 142.07 0.16 -0.63 -9.02 436.8
2001 2 3 12 37506.7 0.422 128.19 0.16 2.21 -6.23 475.5
2001 2 4 12 37604.3 2.320 107.26 0.16 1.04 -9.23 415.2
2001 2 5 12 37703.6 0.418 118.11 0.16 1.50 -6.00 482.4
2001 2 6 12 37804.5 2.057 120.93 0.16 -0.14 -8.90 382.8
2001 2 7 12 37906.9 2.688 122.94 0.16 -0.71 -8.17 455.1
2001 2 8 12 38011.0 6.151 144.54 0.16 -3.10 -12.61 289.3
2001 2 9 12 38116.5 1.214 126.89 0.16 0.20 -7.09 451.1
2001 2 10 12 38223.6 1.702 115.76 0.16 0.58 -8.68 402.9
2001 2 11 12 38332.2 5.495 144.82 0.16 -0.67 -8.70 431.1
2001 2 12 12 38442.2 6.104 133.79 0.16 -1.26 -9.10 442.4
2001 2 13 12 38553.6 12.613 158.39 0.16 -1.34 -10.58 343.3
2001 2 14 12 38666.4 0.174 144.50 0.16 0.21 -6.93 475.9
2001 2 15 12 38780.5 0.572 141.73 0.16 0.72 -7.49 468.0
2001 2 16 12 38896.0 1.096 151.56 0.16 -0.40 -8.88 386.4
2001 2 17 12 39012.7 3.977 132.83 0.16 1.26 -5.89 469.9
2001 2 18 12 39130.6 0.406 160.24 0.16 1.01 -6.82 444.5
2001 2 19 12 39249.8 3.538 126.89 0.16 1.23 -8.58 454.0
2001 2 20 12 39370.1 3.206 162.01 0.16 5.83 -2.56 555.9
2001 2 21 12 39491.6 1.366 141.58 0.16 1.22 -6.84 437.4
2001 2 22 12 39614.2 1.901 151.43 0.16 2.15 -6.96 476.9
2001 2 23 12 39737.8 1.923 117.85 0.16 1.25 -6.92 458.6
2001 2 24 12 39862.5 2.493 133.65 0.16 1.43 -6.21 510.9
2001 2 25 12 39988.1 3.012 157.76 0.16 -0.17 -9.91 447.3
2001 2 26 12 40114.7 0.605 176.67 0.16 1.80 -6.43 447.4
2001 2 27 12 40242.2 0.620 160.09 0.16 2.30 -5.37 500.8
2001 2 28 12 40370.6 1.355 133.70 0.16 0.49 -6.79 496.3
2001 3 1 12 40499.8 2.031 143.41 0.16 1.24 -8.02 433.0
2001 3 2 12 40629.8 0.750 162.43 0.16 2.38 -5.40 519.8
2001 3 3 12 40760.6 3.341 139.84 0.16 2.38 -6.21 416.0
2001 3 4 12 40892.1 2.270 152.67 0.16 2.28 -5.87 482.2
2001 3 5 12 41024.3 4.425 147.99 0.16 3.00 -6.46 468.9
2001 3 6 12 41157.2 0.490 159.17 0.16 5.75 -2.74 586.1
2001 3 7 12 41290.6 0.836 187.78 0.16 4.48 -5.03 446.8
2001 3 8 12 41424.6 0.552 170.43 0.16 -0.64 -8.85 445.5
2001 3 9 12 41559.2 1.165 170.20 0.16 4.03 -2.97 569.7
2001 3 10 12 41694.2 7.093 172.66 0.16 3.63 -3.00 602.7
2001 3 11 12 41829.7 3.316 156.76 0.16 5.25 -4.01 542.9
2001 3 12 12 41965.5 3.789 177.36 0.16 -0.18 -8.65 414.0
2001 3 13 12 42101.8 2.468 175.40 0.16 3.15 -4.66 519.3
2001 3 14 12 42238.3 1.618 166.52 0.16 1.61 -7.81 438.5
2001 3 15 12 42375.2 0.078 169.54 0.16 4.70 -4.66 545.6
2001 3 16 12 42512.3 2.976 151.53 0.16 4.89 -5.01 462.4
2001 3 17 12 42649.6 7.760 180.21 0.16 5.40 -2.89 534.7
2001 3 18 12 42787.0 1.416 185.66 0.16 2.80 -6.02 463.0
2001 3 19 12 42924.6 2.497 164.10 0.16 3.84 -5.28 484.2
2001 3 20 12 43062.3 10.392 177.99 0.16 4.34 -4.31 508.0
2001 3 21 12 43200.0 4.046 185.75 0.16 3.86 -5.32 513.3
2001 3 22 12 43337.7 0.884 155.72 0.16 4.91 -3.26 578.2
2001 3 23 12 43475.4 0.686 215.26 0.16 5.41 -3.18 521.5
2001 3 24 12 43613.0 4.610 176.59 0.16 5.51 -1.81 530.6
2001 3 25 12 43750.4 1.662 179.96 0.16 4.31 -3.98 498.9
2001 3 26 12 43887.7 3.258 180.51 0.16 5.97 -3.47 567.6
2001 3 27 12 44024.8 2.838 194.55 0.16 8.90 -1.02 581.3
2001 3 28 12 44161.7 0.761 191.64 0.16 5.73 -1.93 547.9
2001 3 29 12 44298.2 1.791 191.64 0.16 8.95 1.92 614.3
2001 3 30 12 44434.5 0.406 210.22 0.16 6.99 0.33 615.1
2001 3 31 12 44570.3 1.772 194.51 0.16 5.77 -1.67 560.5
2001 4 1 12 44705.8 1.459 197.16 0.16 5.66 -3.29 474.7
2001 4 2 12 44840.8 0.335 187.12 0.16 7.68 -1.42 583.6
2001 4 3 12 44975.4 2.713 208.42 0.16 6.92 -0.22 605.7
2001 4 4 12 45109.4 1.720 224.08 0.16 7.37 -1.13 552.8
2001 4 5 12 45242.8 1.837 208.27 0.16 6.49 -1.74 523.3
2001 4 6 12 45375.7 1.986 214.55 0.16 6.68 -1.71 580.6
2001 4 7 12 45507.9 1.687 207.88 0.16 8.32 -0.19 584.3
2001 4 8 12 45639.4 4.354 207.33 0.16 6.03 -2.59 527.7
2001 4 9 12 45770.2 0.004 194.13 0.16 8.22 -0.03 593.6
2001 4 10 12 45900.2 0.374 182.91 0.16 11.77 3.95 638.1
2001 4 11 12 46029.4 1.654 213.79 0.16 10.45 2.82 694.0
2001 4 12 12 46157.8 3.481 223.44 0.16 9.93 2.48 643.1
2001 4 13 12 46285.3 4.645 203.55 0.16 11.59 2.90 636.7
2001 4 14 12 46411.9 2.793 209.04 0.16 8.16 -0.54 585.3
2001 4 15 12 46537.5 3.874 233.62 0.16 7.31 -1.41 549.7
2001 4 16 12 46662.2 1.402 251.29 0.16 10.81 4.05 654.2
2001 4 17 12 46785.8 10.664 246.57 0.16 9.12 0.62 664.0
2001 4 18 12 46908.4 7.388 215.55 0.16 10.35 1.44 614.2
2001 4 19 12 47029.9 3.224 233.43 0.16 10.16 1.33 604.4
2001 4 20 12 47150.2 0.056 231.73 0.16 10.85 2.78 667.7
2001 4 21 12 47269.4 5.002 199.09 0.16 7.69 -2.03 541.9
2001 4 22 12 47387.3 4.152 244.19 0.16 10.36 1.08 627.8
2001 4 23 12 47504.0 1.259 223.62 0.16 9.83 1.88 581.5
2001 4 24 12 47619.5 10.341 216.69 0.16 12.44 4.30 681.0
2001 4 25 12 47733.6 4.214 215.74 0.16 12.69 4.04 700.7
2001 4 26 12 47846.4 0.216 218.65 0.16 12.21 4.15 610.7
2001 4 27 12 47957.8 1.036 238.47 0.16 13.91 6.01 708.5
2001 4 28 12 48067.8 2.340 260.25 0.16 13.24 5.05 723.1
2001 4 29 12 48176.4 1.648 221.13 0.16 16.60 7.66 773.3
2001 4 30 12 48283.5 2.672 235.28 0.16 12.83 3.74 696.3
2001 5 1 12 48389.0 0.226 223.30 0.16 14.31 5.63 698.7
2001 5 2 12 48493.1 3.400 253.70 0.16 13.95 5.38 682.7
2001 5 3 12 48595.5 1.424 227.48 0.16 13.93 4.97 697.4
2001 5 4 12 48696.4 6.046 238.28 0.16 14.86 7.02 748.3
2001 5 5 12 48795.7 0.474 210.67 0.16 13.79 5.79 679.9
2001 5 6 12 48893.3 2.175 239.43 0.16 17.69 9.28 768.0
2001 5 7 12 48989.2 4.121 247.70 0.16 13.96 5.63 700.6
2001 5 8 12 49083.3 4.770 221.44 0.16 16.71 8.47 800.4
2001 5 9 12 49175.8 4.047 240.01 0.16 17.14 7.45 789.4
2001 5 10 12 49266.4 2.445 246.58 0.16 13.13 5.14 692.3
2001 5 11 12 49355.3 4.026 231.35 0.16 14.93 6.66 738.6
2001 5 12 12 49442.4 1.561 271.96 0.16 14.46 7.60 739.2
2001 5 13 12 49527.6 7.126 233.46 0.16 15.55 5.44 685.4
2001 5 14 12 49610.9 0.369 242.02 0.16 17.68 10.32 812.8
2001 5 15 12 49692.3 0.396 246.58 0.16 15.12 7.59 790.5
2001 5 16 12 49771.8 1.134 288.81 0.16 14.95 7.10 706.0
2001 5 17 12 49849.4 0.191 277.00 0.16 15.68 6.19 729.4
2001 5 18 12 49924.9 7.835 248.88 0.16 18.26 9.65 818.3
2001 5 19 12 49998.5 1.455 222.61 0.16 18.67 9.92 845.5
2001 5 20 12 50070.1 4.060 244.31 0.16 15.60 7.93 813.4
2001 5 21 12 50139.7 1.689 245.56 0.16 17.08 8.47 729.6
2001 5 22 12 50207.1 4.641 258.75 0.16 19.72 12.44 881.4
2001 5 23 12 50272.5 3.955 252.63 0.16 16.66 8.33 785.3
2001 5 24 12 50335.9 2.697 269.83 0.16 16.18 7.94 709.6
2001 5 25 12 50397.0 3.070 248.11 0.16 18.34 8.78 759.8
2001 5 26 12 50456.1 3.341 250.46 0.16 15.00 7.79 802.8
2001 5 27 12 50513.0 0.943 247.74 0.16 16.53 8.08 730.4
2001 5 28 12 50567.8 1.429 255.66 0.16 20.54 12.31 823.6
2001 5 29 12 50620.3 1.151 219.64 0.16 14.45 4.96 725.9
2001 5 30 12 50670.7 0.192 259.96 0.16 20.86 12.89 820.9
2001 5 31 12 50718.8 0.813 245.21 0.16 18.80 11.61 842.9
2001 6 1 12 50764.8 2.498 264.73 0.16 18.98 9.28 809.7
2001 6 2 12 50808.5 5.197 269.42 0.16 17.60 9.63 835.8
2001 6 3 12 50849.9 6.394 275.54 0.16 17.66 9.43 804.7
2001 6 4 12 50889.0 4.953 257.62 0.16 16.74 8.36 811.1
2001 6 5 12 50925.9 1.705 268.61 0.16 19.69 10.10 797.4
2001 6 6 12 50960.5 3.056 243.16 0.16 21.54 13.47 831.4
2001 6 7 12 50992.8 2.951 236.48 0.16 20.21 11.97 880.0
2001 6 8 12 51022.8 1.234 247.16 0.16 18.84 10.54 822.3
2001 6 9 12 51050.5 1.083 258.99 0.16 19.19 10.37 820.0
2001 6 10 12 51075.8 2.495 281.86 0.16 21.50 12.75 874.8
2001 6 11 12 51098.8 0.278 279.14 0.16 21.74 14.29 896.7
2001 6 12 12 51119.5 5.553 246.13 0.16 18.47 10.86 830.4
2001 6 13 12 51137.8 0.169 237.28 0.16 19.46 11.85 821.8
2001 6 14 12 51153.7 5.073 264.57 0.16 21.97 11.79 774.6
2001 6 15 12 51167.4 0.383 249.29 0.16 19.98 10.68 786.3
2001 6 16 12 51178.6 3.707 245.76 0.16 17.16 9.79 767.0
2001 6 17 12 51187.5 4.981 273.97 0.16 20.54 11.71 851.2
2001 6 18 12 51194.0 2.085 264.55 0.16 21.12 12.73 845.5
2001 6 19 12 51198.1 3.378 275.37 0.16 19.81 11.26 808.1
2001 6 20 12 51199.9 2.282 283.16 0.16 21.84 13.97 852.5
2001 6 21 12 51199.3 2.896 271.78 0.16 24.79 17.11 963.9
2001 6 22 12 51196.4 14.063 292.82 0.16 20.63 12.44 859.9
2001 6 23 12 51191.0 7.985 239.75 0.16 21.34 12.21 855.5
2001 6 24 12 51183.3 11.908 263.02 0.16 21.44 13.31 863.9
2001 6 25 12 51173.3 0.664 260.78 0.16 20.45 10.10 768.8
2001 6 26 12 51160.8 3.761 292.98 0.16 20.55 12.23 869.1
2001 6 27 12 51146.1 4.127 255.22 0.16 24.20 15.61 914.7
2001 6 28 12 51128.9 2.398 278.30 0.16 21.35 11.78 827.9
2001 6 29 12 51109.4 1.400 251.77 0.16 20.81 12.04 835.9
2001 6 30 12 51087.6 0.946 260.84 0.16 23.09 13.34 850.3
2001 7 1 12 51063.4 2.526 252.17 0.16 23.95 15.31 912.8
2001 7 2 12 51036.9 0.279 246.86 0.16 21.29 11.20 807.0
2001 7 3 12 51008.1 1.150 255.50 0.16 24.27 15.65 909.0
2001 7 4 12 50976.9 0.256 239.85 0.16 22.40 13.35 894.6
2001 7 5 12 50943.5 3.181 258.63 0.16 24.21 14.92 886.1
2001 7 6 12 50907.8 2.824 250.19 0.16 24.06 15.72 939.8
2001 7 7 12 50869.7 2.788 286.15 0.16 22.00 12.27 829.1
2001 7 8 12 50829.4 10.566 266.58 0.16 20.96 13.52 845.6
2001 7 9 12 50786.9 2.299 230.55 0.16 21.99 15.07 912.7
2001 7 10 12 50742.1 2.771 256.92 0.16 20.81 12.34 835.3
2001 7 11 12 50695.1 2.537 225.73 0.16 24.58 14.97 923.5
2001 7 12 12 50645.8 2.632 266.51 0.16 23.45 14.39 872.9
2001 7 13 12 50594.3 5.344 230.63 0.16 21.03 11.41 820.2
2001 7 14 12 50540.7 2.781 247.32 0.16 23.54 15.97 966.7
2001 7 15 12 50484.8 2.730 271.22 0.16 20.45 10.20 832.8
2001 7 16 12 50426.8 0.716 243.14 0.16 21.60 13.00 845.3
2001 7 17 12 50366.7 1.807 249.81 0.16 23.67 15.72 931.3
2001 7 18 12 50304.5 0.646 249.71 0.16 22.50 12.51 863.5
2001 7 19 12 50240.1 5.567 259.33 0.16 23.73 15.83 920.7
2001 7 20 12 50173.7 4.146 258.15 0.16 19.68 10.31 761.3
2001 7 21 12 50105.1 2.419 247.32 0.16 25.84 18.02 972.2
2001 7 22 12 50034.6 4.765 246.73 0.16 22.41 13.75 893.3
2001 7 23 12 49962.0 5.813 238.90 0.16 21.90 14.98 892.8
2001 7 24 12 49887.4 1.610 245.28 0.16 23.99 16.14 920.6
2001 7 25 12 49810.8 5.420 222.60 0.16 20.36 11.08 871.2
2001 7 26 12 49732.3 1.394 240.14 0.16 20.62 12.91 907.2
2001 7 27 12 49651.8 2.204 244.39 0.16 24.54 15.40 924.2
2001 7 28 12 49569.5 0.936 258.09 0.16 24.99 16.31 912.3
2001 7 29 12 49485.2 2.212 253.98 0.16 23.19 14.77 917.0
2001 7 30 12 49399.1 4.369 243.12 0.16 23.58 15.15 836.5
2001 7 31 12 49311.1 4.029 250.84 0.16 20.85 12.60 834.7
2001 8 1 12 49221.3 0.990 230.70 0.16 19.90 12.03 774.2
2001 8 2 12 49129.8 0.494 260.59 0.16 22.86 13.83 870.8
2001 8 3 12 49036.5 0.859 228.31 0.16 24.55 15.72 905.8
2001 8 4 12 48941.4 1.078 201.10 0.16 21.82 13.97 893.1
2001 8 5 12 48844.7 2.304 255.18 0.16 22.25 13.39 858.9
2001 8 6 12 48746.2 10.710 228.71 0.16 24.79 15.09 888.7
2001 8 7 12 48646.2 1.067 260.22 0.16 23.42 16.36 898.9
2001 8 8 12 48544.5 3.985 227.79 0.16 21.62 13.19 867.8
2001 8 9 12 48441.3 5.304 219.41 0.16 24.01 15.64 927.9
2001 8 10 12 48336.4 0.351 228.82 0.16 20.71 10.76 824.0
2001 8 11 12 48230.1 5.269 251.18 0.16 23.02 14.20 876.8
2001 8 12 12 48122.3 2.255 204.68 0.16 21.02 12.97 894.3
2001 8 13 12 48013.0 2.418 223.81 0.16 21.75 12.96 858.9
2001 8 14 12 47902.3 3.044 212.04 0.16 20.93 13.61 900.8
2001 8 15 12 47790.2 7.648 229.14 0.16 23.19 14.06 897.6
2001 8 16 12 47676.7 0.679 227.76 0.16 21.73 15.41 843.6
2001 8 17 12 47561.9 1.883 229.23 0.16 19.94 12.86 812.3
2001 8 18 12 47445.8 0.980 220.46 0.16 18.93 9.00 774.7
2001 8 19 12 47328.5 12.020 238.60 0.16 18.33 10.39 809.8
2001 8 20 12 47209.9 0.247 200.35 0.16 20.98 12.68 856.8
2001 8 21 12 47090.2 1.358 243.33 0.16 21.22 13.24 893.6
2001 8 22 12 46969.3 1.812 234.75 0.16 20.33 12.64 819.5
2001 8 23 12 46847.3 1.654 219.78 0.16 22.17 13.89 870.5
2001 8 24 12 46724.2 1.120 251.71 0.16 18.81 10.97 805.6
2001 8 25 12 46600.0 1.852 223.93 0.16 20.44 12.69 840.2
2001 8 26 12 46474.8 0.223 191.14 0.16 24.69 16.89 924.3
2001 8 27 12 46348.7 2.279 211.66 0.16 16.85 6.91 774.1
2001 8 28 12 46221.7 0.449 202.98 0.16 18.87 9.17 746.7
2001 8 29 12 46093.7 0.041 213.46 0.16 17.68 9.28 815.6
2001 8 30 12 45964.9 4.716 197.72 0.16 21.88 13.21 855.7
2001 8 31 12 45835.3 0.563 223.32 0.16 18.49 10.59 830.7
2001 9 1 12 45704.9 1.361 203.09 0.16 21.80 11.55 796.4
2001 9 2 12 45573.7 2.307 225.05 0.16 18.61 9.04 810.3
2001 9 3 12 45441.8 1.206 184.33 0.16 20.13 10.86 816.7
2001 9 4 12 45309.3 6.420 187.49 0.16 20.90 12.39 866.2
2001 9 5 12 45176.2 0.237 190.74 0.16 19.08 9.82 832.3
2001 9 6 12 45042.4 2.962 195.60 0.16 18.71 8.77 755.7
2001 9 7 12 44908.2 3.110 189.25 0.16 20.44 10.19 828.0
2001 9 8 12 44773.4 1.844 210.43 0.16 17.52 8.07 724.3
2001 9 9 12 44638.1 4.005 202.04 0.16 18.84 10.84 816.3
2001 9 10 12 44502.5 4.996 179.98 0.16 23.09 14.39 897.5
2001 9 11 12 44366.4 1.035 181.87 0.16 17.91 8.84 771.5
2001 9 12 12 44230.0 2.083 190.23 0.16 17.62 8.57 761.6
2001 9 13 12 44093.3 0.661 194.73 0.16 17.26 9.36 813.7
2001 9 14 12 43956.3 0.845 177.31 0.16 17.25 7.61 804.2
2001 9 15 12 43819.1 1.831 195.54 0.16 16.48 8.41 651.0
2001 9 16 12 43681.7 1.128 189.31 0.16 21.49 12.18 871.7
2001 9 17 12 43544.2 1.965 164.50 0.16 17.61 9.78 771.8
2001 9 18 12 43406.5 4.049 197.43 0.16 16.45 8.75 758.7
2001 9 19 12 43268.9 0.844 190.58 0.16 16.34 9.43 843.4
2001 9 20 12 43131.1 5.209 184.91 0.16 15.00 6.76 727.5
2001 9 21 12 42993.5 7.423 185.85 0.16 15.68 8.39 809.9
2001 9 22 12 42855.8 1.501 164.88 0.16 14.72 6.26 704.8
2001 9 23 12 42718.3 0.795 191.19 0.16 15.71 7.33 701.6
2001 9 24 12 42580.9 3.174 186.54 0.16 14.58 6.19 746.6
2001 9 25 12 42443.7 0.775 160.54 0.16 13.87 5.81 734.7
2001 9 26 12 42306.7 1.399 203.73 0.16 13.82 5.33 720.3
2001 9 27 12 42170.0 3.106 181.99 0.16 15.87 8.25 748.7
2001 9 28 12 42033.6 3.379 151.90 0.16 14.50 6.18 716.2
2001 9 29 12 41897.5 0.559 162.76 0.16 14.18 5.56 697.8
2001 9 30 12 41761.9 2.475 175.48 0.16 14.88 6.24 734.2
2001 10 1 12 41626.6 1.922 165.54 0.16 12.52 4.78 740.7
2001 10 2 12 41491.8 5.164 184.77 0.16 14.29 5.85 702.9
2001 10 3 12 41357.6 0.882 147.88 0.16 11.29 1.40 665.4
2001 10 4 12 41223.8 0.601 152.94 0.16 16.22 7.91 762.7
2001 10 5 12 41090.7 0.528 156.42 0.16 17.61 8.18 795.8
2001 10 6 12 40958.2 2.882 163.99 0.16 15.14 5.54 682.7
2001 10 7 12 40826.3 0.505 152.13 0.16 14.95 6.47 712.0
2001 10 8 12 40695.1 1.196 156.41 0.16 13.00 5.11 686.6
2001 10 9 12 40564.7 0.103 163.54 0.16 12.77 2.95 688.0
2001 10 10 12 40435.1 0.692 153.02 0.16 12.65 4.04 661.4
2001 10 11 12 40306.3 0.363 138.16 0.16 16.31 7.30 716.8
2001 10 12 12 40178.3 1.190 128.50 0.16 9.34 1.15 600.6
2001 10 13 12 40051.3 3.077 129.88 0.16 12.63 3.84 701.6
2001 10 14 12 39925.2 0.851 139.98 0.16 14.13 5.56 728.2
2001 10 15 12 39800.0 3.315 133.50 0.16 12.19 4.03 694.7
2001 10 16 12 39675.8 2.067 149.98 0.16 11.08 4.47 639.0
2001 10 17 12 39552.7 0.826 123.69 0.16 12.75 4.82 718.7
2001 10 18 12 39430.7 1.963 137.81 0.16 8.91 0.02 622.6
2001 10 19 12 39309.8 3.353 162.03 0.16 14.73 6.31 710.7
2001 10 20 12 39190.1 0.730 191.58 0.16 10.57 1.36 594.3
2001 10 21 12 39071.5 0.724 133.83 0.16 11.14 3.89 666.4
2001 10 22 12 38954.2 0.512 148.18 0.16 11.78 4.42 692.1
2001 10 23 12 38838.1 4.113 139.69 0.16 7.74 -0.23 608.7
2001 10 24 12 38723.3 0.430 125.12 0.16 10.94 1.73 640.7
2001 10 25 12 38609.8 3.944 137.11 0.16 6.78 -1.14 577.7
2001 10 26 12 38497.7 2.746 149.86 0.16 7.91 -0.16 631.7
2001 10 27 12 38387.0 0.501 125.10 0.16 10.60 1.90 646.3
2001 10 28 12 38277.7 0.696 135.32 0.16 7.53 -1.58 525.7
2001 10 29 12 38169.9 1.958 104.97 0.16 10.41 2.13 667.1
2001 10 30 12 38063.6 1.224 135.45 0.16 7.21 -1.26 621.1
2001 10 31 12 37958.7 0.810 143.37 0.16 8.17 0.31 617.7
2001 11 1 12 37855.5 0.995 116.41 0.16 7.68 0.36 600.9
2001 11 2 12 37753.8 0.826 122.91 0.16 11.08 1.00 585.1
2001 11 3 12 37653.8 0.082 125.55 0.16 8.55 -0.08 582.2
2001 11 4 12 37555.3 1.483 125.09 0.16 8.82 0.58 643.3
2001 11 5 12 37458.6 0.092 114.64 0.16 7.63 -1.19 547.4
2001 11 6 12 37363.5 2.149 148.58 0.16 7.11 -1.32 612.0
2001 11 7 12 37270.2 1.516 109.26 0.16 8.87 1.20 619.3
2001 11 8 12 37178.7 1.449 117.03 0.16 5.58 -3.22 500.2
2001 11 9 12 37088.9 1.163 110.25 0.16 8.39 0.13 592.1
2001 11 10 12 37000.9 0.273 116.88 0.16 8.79 0.36 588.9
2001 11 11 12 36914.8 0.273 133.31 0.16 7.85 1.09 640.0
2001 11 12 12 36830.5 0.811 109.12 0.16 4.55 -2.23 528.7
2001 11 13 12 36748.2 1.210 93.52 0.16 4.42 -4.89 522.7
2001 11 14 12 36667.7 0.949 106.03 0.16 7.20 -0.18 664.2
2001 11 15 12 36589.2 2.255 121.45 0.16 3.66 -5.38 507.2
2001 11 16 12 36512.6 1.530 91.82 0.16 3.23 -6.03 519.9
2001 11 17 12 36438.0 0.221 123.69 0.16 6.06 -1.58 570.1
2001 11 18 12 36365.4 0.279 113.56 0.16 4.78 -2.71 528.7
2001 11 19 12 36294.9 0.804 136.00 0.16 6.77 -1.75 569.8
2001 11 20 12 36226.3 2.567 103.34 0.16 4.25 -3.75 480.8
2001 11 21 12 36159.9 1.926 77.75 0.16 5.32 -3.35 513.1
2001 11 22 12 36095.5 0.931 117.70 0.16 5.84 -2.69 545.0
2001 11 23 12 36033.3 1.226 88.19 0.16 5.94 -1.82 579.7
2001 11 24 12 35973.2 1.293 100.85 0.16 2.68 -5.08 488.2
2001 11 25 12 35915.2 1.482 127.60 0.16 4.29 -5.86 479.3
2001 11 26 12 35859.3 1.275 102.44 0.16 5.61 -1.95 596.6
2001 11 27 12 35805.7 1.534 108.42 0.16 8.12 -1.37 591.4
2001 11 28 12 35754.2 2.832 112.45 0.16 5.77 -2.03 538.5
2001 11 29 12 35704.9 1.480 114.23 0.16 2.09 -6.05 492.4
2001 11 30 12 35657.9 0.244 108.37 0.16 -0.38 -8.86 403.5
2001 12 1 12 35613.1 4.172 91.24 0.16 2.15 -5.15 485.0
2001 12 2 12 35570.6 1.002 91.03 0.16 2.10 -5.33 474.9
2001 12 3 12 35530.3 1.631 114.08 0.16 0.83 -7.63 435.2
2001 12 4 12 35492.2 0.265 114.80 0.16 0.39 -9.10 371.8
2001 12 5 12 35456.5 0.708 107.00 0.16 3.90 -3.96 532.9
2001 12 6 12 35423.1 0.893 102.68 0.16 4.83 -4.46 531.6
2001 12 7 12 35391.9 0.191 104.69 0.16 2.55 -5.48 479.2
2001 12 8 12 35363.1 1.975 58.56 0.16 2.28 -6.46 453.4
2001 12 9 12 35336.6 2.720 81.45 0.16 -1.28 -10.00 389.0
2001 12 10 12 35312.4 2.011 103.26 0.16 0.83 -7.48 417.5
2001 12 11 12 35290.6 0.006 91.13 0.16 1.54 -6.85 422.4
2001 12 12 12 35271.1 2.273 88.31 0.16 4.00 -4.73 478.5
2001 12 13 12 35253.9 0.004 78.39 0.16 1.89 -6.07 447.2
2001 12 14 12 35239.2 0.150 108.05 0.16 0.21 -7.12 454.9
2001 12 15 12 35226.7 3.461 77.97 0.16 2.88 -6.30 489.6
2001 12 16 12 35216.7 1.119 88.77 0.16 4.23 -4.62 504.2
2001 12 17 12 35209.0 5.216 89.33 0.16 0.65 -8.08 407.3
2001 12 18 12 35203.6 0.599 120.02 0.16 0.34 -8.43 424.3
2001 12 19 12 35200.7 1.026 105.62 0.16 1.44 -5.32 497.6
2001 12 20 12 35200.1 4.243 123.92 0.16 0.15 -8.65 418.3
2001 12 21 12 35201.9 0.069 75.61 0.16 1.40 -5.78 484.3
2001 12 22 12 35206.0 1.621 87.33 0.16 -0.69 -9.78 390.3
2001 12 23 12 35212.5 0.234 113.70 0.16 -0.93 -10.32 401.4
2001 12 24 12 35221.4 0.707 102.01 0.16 -0.51 -8.85 452.0
2001 12 25 12 35232.6 1.449 107.39 0.16 0.99 -7.35 490.0
2001 12 26 12 35246.3 0.579 124.41 0.16 -0.93 -9.24 408.8
2001 12 27 12 35262.2 0.262 108.87 0.16 0.39 -7.60 410.5
2001 12 28 12 35280.5 0.092 84.84 0.16 -1.33 -9.30 459.8
2001 12 29 12 35301.2 3.886 100.95 0.16 -2.70 -11.25 386.3
2001 12 30 12 35324.2 0.705 122.62 0.16 0.47 -7.11 435.7
2001 12 31 12 35349.5 1.139 94.36 0.16 -0.62 -8.77 403.0
2002 1 1 12 35377.2 2.292 93.09 0.16 1.90 -4.85 506.1
2002 1 2 12 35407.2 0.479 103.58 0.16 -1.45 -11.42 348.9
2002 1 3 12 35439.5 2.460 107.57 0.16 0.87 -7.37 457.7
2002 1 4 12 35474.1 1.076 108.93 0.16 -2.47 -9.71 397.0
2002 1 5 12 35511.0 4.055 126.75 0.16 -2.78 -10.51 384.2
2002 1 6 12 35550.1 3.529 130.99 0.16 -1.01 -8.72 410.6
2002 1 7 12 35591.5 0.891 95.51 0.16 -1.73 -9.06 445.1
2002 1 8 12 35635.2 2.009 105.61 0.16 1.45 -7.01 442.0
2002 1 9 12 35681.2 5.686 98.25 0.16 -2.64 -11.22 364.8
2002 1 10 12 35729.3 0.996 112.03 0.16 -0.68 -8.58 396.5
2002 1 11 12 35779.7 1.316 121.53 0.16 -1.72 -10.59 386.9
2002 1 12 12 35832.2 1.041 89.83 0.16 0.22 -9.00 362.3
2002 1 13 12 35887.0 3.762 116.98 0.16 -2.07 -9.70 407.6
2002 1 14 12 35943.9 1.446 101.92 0.16 -2.38 -9.84 469.3
2002 1 15 12 36003.0 0.453 98.72 0.16 -3.77 -12.01 379.4
2002 1 16 12 36064.1 0.543 110.70 0.16 0.20 -7.93 419.2
2002 1 17 12 36127.5 0.348 104.06 0.16 -1.22 -9.11 392.4
2002 1 18 12 36192.9 0.333 131.42 0.16 -0.85 -8.05 452.8
2002 1 19 12 36260.3 1.232 109.60 0.16 -0.18 -9.59 367.6
2002 1 20 12 36329.9 1.493 109.98 0.16 -2.60 -11.14 442.3
2002 1 21 12 36401.5 0.803 119.37 0.16 -3.67 -12.53 370.1
2002 1 22 12 36475.1 6.537 95.23 0.16 -2.64 -9.50 376.7
2002 1 23 12 36550.6 1.954 115.87 0.16 -1.22 -7.83 403.5
2002 1 24 12 36628.2 0.580 134.97 0.16 -1.95 -8.90 451.5
2002 1 25 12 36707.7 3.226 100.31 0.16 -1.74 -11.19 422.0
2002 1 26 12 36789.1 2.359 131.90 0.16 -2.71 -12.80 333.2
2002 1 27 12 36872.4 7.759 106.70 0.16 0.24 -8.39 436.7
2002 1 28 12 36957.6 1.456 125.27 0.16 -0.70 -9.16 444.5
2002 1 29 12 37044.7 0.510 91.03 0.16 -1.67 -10.07 339.9
2002 1 30 12 37133.6 1.453 110.77 0.16 -3.08 -11.80 332.5
2002 1 31 12 37224.2 1.008 131.59 0.16 -2.75 -10.75 372.6
2002 2 1 12 37316.7 1.147 128.82 0.16 -2.98 -10.01 402.0
2002 2 2 12 37410.8 3.938 113.46 0.16 -2.61 -11.90 354.9
2002 2 3 12 37506.7 2.409 126.07 0.16 -3.69 -11.68 416.7
2002 2 4 12 37604.3 0.560 120.27 0.16 0.84 -7.74 421.2
2002 2 5 12 37703.6 1.561 107.85 0.16 -1.05 -7.78 408.9
2002 2 6 12 37804.5 1.586 116.93 0.16 3.06 -7.57 472.5
2002 2 7 12 37906.9 3.351 120.82 0.16 -1.85 -8.33 443.1
2002 2 8 12 38011.0 2.479 106.12 0.16 1.30 -6.93 486.5
2002 2 9 12 38116.5 0.728 123.94 0.16 -1.05 -10.20 373.1
2002 2 10 12 38223.6 2.477 103.53 0.16 0.16 -8.74 432.1
2002 2 11 12 38332.2 2.060 125.48 0.16 -0.04 -8.45 448.3
2002 2 12 12 38442.2 3.783 127.98 0.16 -1.99 -9.09 455.1
2002 2 13 12 38553.6 0.355 152.03 0.16 0.57 -6.97 455.8
2002 2 14 12 38666.4 0.165 141.41 0.16 1.82 -5.90 433.5
2002 2 15 12 38780.5 4.195 156.62 0.16 -0.95 -8.73 422.6
2002 2 16 12 38896.0 1.155 129.57 0.16 3.22 -5.28 503.7
2002 2 17 12 39012.7 3.693 137.42 0.16 -1.50 -9.72 430.1
2002 2 18 12 39130.6 3.687 129.30 0.16 0.39 -7.95 415.9
2002 2 19 12 39249.8 4.107 133.51 0.16 2.45 -5.88 456.2
2002 2 20 12 39370.1 0.798 126.89 0.16 0.27 -8.04 461.7
2002 2 21 12 39491.6 0.442 118.81 0.16 0.25 -7.41 458.1
2002 2 22 12 39614.2 0.097 128.59 0.16 -1.95 -10.22 413.7
2002 2 23 12 39737.8 2.717 135.00 0.16 2.59 -5.22 499.1
2002 2 24 12 39862.5 2.139 133.31 0.16 1.00 -8.24 390.3
2002 2 25 12 39988.1 1.135 143.23 0.16 2.55 -6.58 498.0
2002 2 26 12 40114.7 2.171 169.49 0.16 -0.01 -8.46 400.4
2002 2 27 12 40242.2 8.711 131.57 0.16 1.98 -6.30 461.8
2002 2 28 12 40370.6 1.539 178.46 0.16 4.91 -4.23 473.6
2002 3 1 12 40499.8 2.002 133.07 0.16 -0.71 -9.08 403.1
2002 3 2 12 40629.8 9.565 148.56 0.16 3.86 -6.17 467.9
2002 3 3 12 40760.6 3.487 147.29 0.16 3.52 -6.85 478.2
2002 3 4 12 40892.1 0.274 157.81 0.16 4.50 -3.33 429.3
2002 3 5 12 41024.3 3.060 165.86 0.16 2.27 -5.96 464.6
2002 3 6 12 41157.2 0.553 164.40 0.16 1.49 -6.93 458.2
2002 3 7 12 41290.6 5.814 170.02 0.16 2.08 -5.41 503.2
2002 3 8 12 41424.6 4.991 158.07 0.16 0.40 -7.21 439.8
2002 3 9 12 41559.2 1.264 154.11 0.16 2.53 -5.50 493.8
2002 3 10 12 41694.2 0.201 152.17 0.16 3.60 -5.47 447.2
2002 3 11 12 41829.7 3.472 143.42 0.16 2.39 -3.09 551.6
2002 3 12 12 41965.5 2.476 175.59 0.16 1.94 -4.60 537.0
2002 3 13 12 42101.8 2.199 176.30 0.16 6.30 -3.92 525.8
2002 3 14 12 42238.3 7.394 167.42 0.16 6.48 -2.44 587.4
2002 3 15 12 42375.2 1.125 126.73 0.16 3.94 -3.39 583.4
2002 3 16 12 42512.3 2.338 155.76 0.16 4.24 -3.81 581.6
2002 3 17 12 42649.6 0.549 165.43 0.16 4.53 -3.14 549.4
2002 3 18 12 42787.0 1.018 176.83 0.16 3.01 -5.31 498.5
2002 3 19 12 42924.6 0.753 187.58 0.16 3.85 -4.38 555.8
2002 3 20 12 43062.3 2.365 187.51 0.16 5.32 -2.48 569.1
2002 3 21 12 43200.0 1.590 153.95 0.16 4.52 -4.82 558.6
2002 3 22 12 43337.7 4.404 186.30 0.16 6.04 -2.13 531.9
2002 3 23 12 43475.4 0.943 196.69 0.16 5.74 -3.06 567.8
2002 3 24 12 43613.0 0.400 159.46 0.16 6.45 -2.02 596.7
2002 3 25 12 43750.4 2.018 188.31 0.16 5.97 -2.09 560.8
2002 3 26 12 43887.7 4.490 190.45 0.16 7.26 -0.23 589.3
2002 3 27 12 44024.8 13.632 182.55 0.16 8.62 0.30 596.8
2002 3 28 12 44161.7 9.471 198.89 0.16 5.64 -3.15 553.1
2002 3 29 12 44298.2 2.606 190.24 0.16 4.24 -5.44 497.1
2002 3 30 12 44434.5 0.852 208.88 0.16 6.34 -1.49 541.2
2002 3 31 12 44570.3 3.379 213.32 0.16 8.70 -0.45 541.5
2002 4 1 12 44705.8 5.113 201.13 0.16 7.44 -3.24 526.0
2002 4 2 12 44840.8 2.603 182.25 0.16 7.77 1.12 612.6
2002 4 3 12 44975.4 1.071 202.12 0.16 8.08 -0.35 611.0
2002 4 4 12 45109.4 1.891 195.75 0.16 8.88 -0.20 583.1
2002 4 5 12 45242.8 4.163 190.06 0.16 7.56 -1.13 612.9
2002 4 6 12 45375.7 7.895 210.46 0.16 8.14 -1.41 543.8
2002 4 7 12 45507.9 0.452 191.27 0.16 7.98 0.41 609.3
2002 4 8 12 45639.4 0.130 210.77 0.16 9.47 2.19 681.2
2002 4 9 12 45770.2 1.626 200.54 0.16 12.05 4.31 649.2
2002 4 10 12 45900.2 3.485 229.20 0.16 9.22 2.52 692.0
2002 4 11 12 46029.4 2.447 221.11 0.16 9.99 1.25 645.4
2002 4 12 12 46157.8 0.460 181.24 0.16 9.58 0.16 649.8
2002 4 13 12 46285.3 0.889 201.72 0.16 9.81 1.20 646.1
2002 4 14 12 46411.9 4.308 223.91 0.16 10.71 1.81 659.8
2002 4 15 12 46537.5 8.253 199.28 0.16 8.54 0.07 610.4
2002 4 16 12 46662.2 0.936 212.04 0.16 7.46 -0.90 538.4
2002 4 17 12 46785.8 1.994 229.04 0.16 8.63 -0.51 540.8
2002 4 18 12 46908.4 2.238 214.78 0.16 9.37 1.56 601.8
2002 4 19 12 47029.9 2.441 229.01 0.16 11.54 3.45 644.5
2002 4 20 12 47150.2 1.790 235.61 0.16 9.50 1.70 625.8
2002 4 21 12 47269.4 5.532 229.04 0.16 12.34 5.81 691.5
2002 4 22 12 47387.3 4.502 225.92 0.16 10.39 3.61 706.9
2002 4 23 12 47504.0 6.121 191.89 0.16 12.04 3.11 645.8
2002 4 24 12 47619.5 0.201 219.35 0.16 10.91 1.38 611.0
2002 4 25 12 47733.6 2.082 223.72 0.16 13.55 5.17 719.8
2002 4 26 12 47846.4 5.811 237.90 0.16 14.00 4.41 686.5
2002 4 27 12 47957.8 6.165 247.62 0.16 13.40 7.79 779.5
2002 4 28 12 48067.8 8.250 218.58 0.16 12.00 3.53 696.1
2002 4 29 12 48176.4 4.853 230.89 0.16 13.26 4.26 668.7
2002 4 30 12 48283.5 1.282 231.14 0.16 14.70 6.25 779.2
2002 5 1 12 48389.0 0.467 256.22 0.16 12.90 5.72 717.2
2002 5 2 12 48493.1 4.429 264.78 0.16 12.42 4.26 695.5
2002 5 3 12 48595.5 6.649 226.65 0.16 10.42 1.99 629.8
2002 5 4 12 48696.4 0.463 221.76 0.16 14.23 6.34 737.5
2002 5 5 12 48795.7 0.373 208.88 0.16 14.57 7.30 703.9
2002 5 6 12 48893.3 1.125 228.59 0.16 14.19 5.38 739.7
2002 5 7 12 48989.2 7.162 239.50 0.16 13.91 5.77 689.1
2002 5 8 12 49083.3 0.583 232.73 0.16 14.09 6.16 723.0
2002 5 9 12 49175.8 6.343 259.13 0.16 14.66 5.29 682.7
2002 5 10 12 49266.4 2.166 246.43 0.16 16.16 8.33 805.8
2002 5 11 12 49355.3 3.308 228.20 0.16 14.93 6.37 711.0
2002 5 12 12 49442.4 4.297 264.60 0.16 17.75 8.71 775.3
2002 5 13 12 49527.6 1.241 233.91 0.16 17.77 10.19 801.3
2002 5 14 12 49610.9 3.164 244.74 0.16 14.53 6.09 742.7
2002 5 15 12 49692.3 1.048 250.76 0.16 18.05 9.30 769.0
2002 5 16 12 49771.8 3.844 242.25 0.16 17.66 9.22 800.4
2002 5 17 12 49849.4 1.836 253.26 0.16 17.27 9.08 773.6
2002 5 18 12 49924.9 0.837 243.74 0.16 15.03 5.71 731.6
2002 5 19 12 49998.5 0.214 268.02 0.16 17.30 9.63 777.4
2002 5 20 12 50070.1 6.396 239.10 0.16 19.39 9.02 780.2
2002 5 21 12 50139.7 3.796 241.34 0.16 16.37 7.65 749.7
2002 5 22 12 50207.1 0.157 238.06 0.16 18.70 10.58 823.2
2002 5 23 12 50272.5 0.110 264.02 0.16 17.24 8.64 746.0
2002 5 24 12 50335.9 0.606 255.92 0.16 16.12 6.71 750.0
2002 5 25 12 50397.0 3.478 254.77 0.16 17.99 9.62 737.2
2002 5 26 12 50456.1 0.647 257.42 0.16 18.95 9.93 767.7
2002 5 27 12 50513.0 1.368 254.53 0.16 18.65 10.55 801.6
2002 5 28 12 50567.8 1.498 244.92 0.16 18.82 9.92 776.9
2002 5 29 12 50620.3 5.169 252.36 0.16 19.49 10.45 821.3
2002 5 30 12 50670.7 1.126 227.61 0.16 19.51 11.32 889.6
2002 5 31 12 50718.8 6.731 252.92 0.16 18.43 10.49 823.4
2002 6 1 12 50764.8 3.276 279.67 0.16 18.16 7.84 770.9
2002 6 2 12 50808.5 3.249 239.86 0.16 17.98 11.06 797.5
2002 6 3 12 50849.9 7.641 252.90 0.16 19.70 11.72 862.0
2002 6 4 12 50889.0 4.187 283.97 0.16 18.46 10.80 779.4
2002 6 5 12 50925.9 0.592 246.58 0.16 20.67 12.55 846.9
2002 6 6 12 50960.5 6.225 253.22 0.16 18.09 12.89 840.6
2002 6 7 12 50992.8 6.817 222.76 0.16 19.47 12.05 793.5
2002 6 8 12 51022.8 1.695 227.32 0.16 20.78 12.21 887.5
2002 6 9 12 51050.5 5.225 236.01 0.16 20.18 11.99 833.9
2002 6 10 12 51075.8 5.075 258.07 0.16 18.00 9.24 773.7
2002 6 11 12 51098.8 3.113 248.19 0.16 19.73 11.13 776.3
2002 6 12 12 51119.5 4.642 258.71 0.16 23.41 15.29 880.3
2002 6 13 12 51137.8 7.006 273.74 0.16 19.45 11.97 866.0
2002 6 14 12 51153.7 0.893 249.17 0.16 22.48 13.25 858.5
2002 6 15 12 51167.4 4.987 280.98 0.16 21.45 13.88 924.5
2002 6 16 12 51178.6 0.966 263.32 0.16 21.94 13.39 839.3
2002 6 17 12 51187.5 0.841 286.19 0.16 20.40 11.73 938.7
2002 6 18 12 51194.0 1.080 289.11 0.16 21.76 12.87 837.4
2002 6 19 12 51198.1 0.379 274.50 0.16 21.71 13.12 877.4
2002 6 20 12 51199.9 8.661 250.37 0.16 22.61 14.78 837.3
2002 6 21 12 51199.3 5.767 274.59 0.16 20.28 12.13 830.0
2002 6 22 12 51196.4 0.118 244.71 0.16 19.43 11.86 850.2
2002 6 23 12 51191.0 0.667 289.46 0.16 22.39 13.06 898.1
2002 6 24 12 51183.3 0.556 261.22 0.16 19.60 11.12 798.9
2002 6 25 12 51173.3 6.787 296.16 0.16 19.98 11.74 868.8
2002 6 26 12 51160.8 0.917 247.63 0.16 21.92 14.14 905.9
2002 6 27 12 51146.1 1.235 264.43 0.16 24.73 15.00 904.4
2002 6 28 12 51128.9 2.836 259.58 0.16 21.25 13.50 843.2
2002 6 29 12 51109.4 2.382 272.06 0.16 23.25 13.00 821.4
2002 6 30 12 51087.6 1.391 241.80 0.16 20.07 12.28 898.0
2002 7 1 12 51063.4 1.251 241.49 0.16 23.90 16.03 929.2
2002 7 2 12 51036.9 0.874 248.66 0.16 23.31 13.88 874.5
2002 7 3 12 51008.1 2.299 284.70 0.16 21.53 12.87 888.1
2002 7 4 12 50976.9 4.016 263.86 0.16 20.59 13.03 887.7
2002 7 5 12 50943.5 2.447 246.14 0.16 22.45 13.83 856.8
2002 7 6 12 50907.8 1.331 227.53 0.16 22.19 12.66 817.8
2002 7 7 12 50869.7 0.826 265.13 0.16 22.75 14.38 900.1
2002 7 8 12 50829.4 1.430 256.73 0.16 22.69 14.58 868.7
2002 7 9 12 50786.9 1.547 234.79 0.16 21.28 12.53 911.6
2002 7 10 12 50742.1 2.735 260.44 0.16 21.96 12.86 817.8
2002 7 11 12 50695.1 3.568 233.89 0.16 22.36 15.37 937.4
2002 7 12 12 50645.8 7.006 258.13 0.16 21.06 12.42 904.1
2002 7 13 12 50594.3 3.376 267.13 0.16 19.91 12.08 858.4
2002 7 14 12 50540.7 2.574 238.77 0.16 24.54 15.24 857.8
2002 7 15 12 50484.8 3.934 263.98 0.16 21.98 12.26 776.2
2002 7 16 12 50426.8 6.630 243.62 0.16 24.40 15.99 909.3
2002 7 17 12 50366.7 2.246 224.59 0.16 24.74 17.00 976.7
2002 7 18 12 50304.5 2.852 248.56 0.16 22.54 13.51 900.9
2002 7 19 12 50240.1 10.446 257.37 0.16 24.51 15.59 926.2
2002 7 20 12 50173.7 3.027 235.47 0.16 22.19 13.48 902.4
2002 7 21 12 50105.1 2.852 232.11 0.16 26.51 17.42 940.2
2002 7 22 12 50034.6 1.207 253.85 0.16 23.97 15.61 870.7
2002 7 23 12 49962.0 3.279 249.65 0.16 22.59 13.62 910.6
2002 7 24 12 49887.4 0.881 234.78 0.16 24.02 15.43 917.9
2002 7 25 12 49810.8 4.029 273.77 0.16 22.62 13.78 859.8
2002 7 26 12 49732.3 2.730 251.50 0.16 22.64 14.12 914.4
2002 7 27 12 49651.8 5.641 236.97 0.16 19.82 12.74 882.4
2002 7 28 12 49569.5 0.143 294.33 0.16 19.03 11.03 831.9
2002 7 29 12 49485.2 0.313 246.97 0.16 25.72 17.94 988.9
2002 7 30 12 49399.1 0.577 261.89 0.16 20.80 12.04 886.7
2002 7 31 12 49311.1 1.129 244.82 0.16 23.44 15.67 965.5
2002 8 1 12 49221.3 1.097 231.25 0.16 20.91 12.27 884.5
2002 8 2 12 49129.8 0.465 234.40 0.16 23.10 12.96 896.6
2002 8 3 12 49036.5 2.262 228.88 0.16 20.39 13.90 848.8
2002 8 4 12 48941.4 3.468 257.17 0.16 22.80 14.86 884.2
2002 8 5 12 48844.7 0.639 230.74 0.16 22.34 14.29 901.5
2002 8 6 12 48746.2 0.081 243.41 0.16 22.67 14.71 903.1
2002 8 7 12 48646.2 0.729 234.77 0.16 20.39 11.95 879.2
2002 8 8 12 48544.5 1.650 230.12 0.16 22.04 13.60 875.1
2002 8 9 12 48441.3 2.986 233.30 0.16 22.42 14.05 879.0
2002 8 10 12 48336.4 2.310 228.77 0.16 21.65 13.17 846.4
2002 8 11 12 48230.1 1.393 241.08 0.16 21.71 12.69 864.0
2002 8 12 12 48122.3 1.755 214.73 0.16 21.35 13.76 876.6
2002 8 13 12 48013.0 0.602 237.42 0.16 21.35 13.99 898.4
2002 8 14 12 47902.3 0.635 214.68 0.16 23.22 15.66 941.2
2002 8 15 12 47790.2 1.841 212.44 0.16 24.19 15.43 923.1
2002 8 16 12 47676.7 2.117 222.24 0.16 21.90 12.95 836.1
2002 8 17 12 47561.9 6.579 224.47 0.16 19.68 10.95 827.7
2002 8 18 12 47445.8 0.906 217.79 0.16 21.42 13.43 852.7
2002 8 19 12 47328.5 2.022 214.37 0.16 20.61 13.21 889.5
2002 8 20 12 47209.9 0.530 254.70 0.16 19.43 11.71 854.0
2002 8 21 12 47090.2 4.287 218.65 0.16 22.42 14.19 891.5
2002 8 22 12 46969.3 0.172 222.10 0.16 20.71 12.66 777.0
2002 8 23 12 46847.3 11.303 236.41 0.16 19.84 10.29 830.5
2002 8 24 12 46724.2 0.776 188.50 0.16 23.79 14.69 910.8
2002 8 25 12 46600.0 4.245 211.22 0.16 18.99 12.11 876.1
2002 8 26 12 46474.8 2.563 206.36 0.16 20.59 11.33 845.5
2002 8 27 12 46348.7 2.396 224.00 0.16 23.30 15.40 898.5
2002 8 28 12 46221.7 0.059 213.48 0.16 20.79 12.74 833.1
2002 8 29 12 46093.7 1.547 211.09 0.16 21.50 13.47 908.8
2002 8 30 12 45964.9 2.792 209.14 0.16 18.41 10.51 840.1
2002 8 31 12 45835.3 2.251 183.39 0.16 22.98 12.41 870.6
2002 9 1 12 45704.9 2.259 211.79 0.16 19.82 10.75 828.2
2002 9 2 12 45573.7 1.736 194.35 0.16 21.11 12.89 808.6
2002 9 3 12 45441.8 0.329 203.66 0.16 20.55 12.05 812.8
2002 9 4 12 45309.3 0.423 201.05 0.16 20.13 11.58 841.3
2002 9 5 12 45176.2 1.513 225.57 0.16 17.37 6.80 681.6
2002 9 6 12 45042.4 2.736 212.06 0.16 19.43 11.51 824.9
2002 9 7 12 44908.2 1.081 185.04 0.16 16.86 7.67 697.3
2002 9 8 12 44773.4 3.623 213.62 0.16 17.75 8.60 709.6
2002 9 9 12 44638.1 0.533 195.24 0.16 20.34 11.79 863.0
2002 9 10 12 44502.5 1.766 208.17 0.16 17.65 8.50 767.8
2002 9 11 12 44366.4 0.606 221.99 0.16 20.33 12.38 860.1
2002 9 12 12 44230.0 5.338 215.36 0.16 17.97 8.56 778.9
2002 9 13 12 44093.3 5.503 181.79 0.16 17.84 9.44 812.2
2002 9 14 12 43956.3 0.263 197.70 0.16 16.32 8.16 785.4
2002 9 15 12 43819.1 0.764 176.13 0.16 20.28 12.12 838.0
2002 9 16 12 43681.7 4.450 150.14 0.16 18.74 10.58 855.1
2002 9 17 12 43544.2 0.084 195.46 0.16 16.70 7.75 769.3
2002 9 18 12 43406.5 1.764 196.82 0.16 16.85 7.83 741.4
2002 9 19 12 43268.9 0.026 170.82 0.16 13.77 5.52 726.7
2002 9 20 12 43131.1 2.225 167.77 0.16 16.66 7.88 805.6
2002 9 21 12 42993.5 1.308 164.02 0.16 19.15 9.38 832.4
2002 9 22 12 42855.8 0.990 152.52 0.16 16.10 7.43 700.6
2002 9 23 12 42718.3 0.742 189.38 0.16 17.29 8.17 786.1
2002 9 24 12 42580.9 1.460 186.69 0.16 17.53 10.91 842.1
2002 9 25 12 42443.7 0.896 134.28 0.16 16.39 7.53 818.6
2002 9 26 12 42306.7 0.037 185.75 0.16 16.68 9.26 780.9
2002 9 27 12 42170.0 0.113 173.43 0.16 17.53 10.26 806.9
2002 9 28 12 42033.6 0.572 155.37 0.16 12.44 4.08 663.7
2002 9 29 12 41897.5 1.195 165.07 0.16 18.51 9.57 828.0
2002 9 30 12 41761.9 3.343 141.97 0.16 15.37 5.67 725.7
2002 10 1 12 41626.6 0.007 165.47 0.16 14.59 6.55 725.8
2002 10 2 12 41491.8 1.599 179.95 0.16 14.91 4.94 685.7
2002 10 3 12 41357.6 2.412 163.67 0.16 13.46 5.07 648.4
2002 10 4 12 41223.8 1.710 182.78 0.16 16.59 8.78 786.7
2002 10 5 12 41090.7 0.595 178.98 0.16 15.21 5.91 700.7
2002 10 6 12 40958.2 0.395 151.65 0.16 14.34 6.33 728.1
2002 10 7 12 40826.3 0.812 151.25 0.16 14.64 4.17 665.5
2002 10 8 12 40695.1 0.316 150.99 0.16 11.94 3.93 731.7
2002 10 9 12 40564.7 0.641 160.34 0.16 11.84 3.94 610.1
2002 10 10 12 40435.1 1.481 149.73 0.16 13.53 5.90 758.7
2002 10 11 12 40306.3 1.815 148.98 0.16 14.78 6.31 722.2
2002 10 12 12 40178.3 1.255 145.68 0.16 11.42 2.21 646.3
2002 10 13 12 40051.3 0.114 134.78 0.16 12.36 3.66 633.9
2002 10 14 12 39925.2 3.129 146.80 0.16 12.63 4.85 662.8
2002 10 15 12 39800.0 0.007 109.77 0.16 13.45 4.75 666.9
2002 10 16 12 39675.8 1.823 124.72 0.16 12.26 3.89 710.7
2002 10 17 12 39552.7 0.764 129.33 0.16 12.76 5.00 701.8
2002 10 18 12 39430.7 0.335 160.28 0.16 13.04 4.02 705.8
2002 10 19 12 39309.8 0.588 161.78 0.16 12.96 4.60 677.4
2002 10 20 12 39190.1 0.249 134.19 0.16 11.75 4.07 645.4
2002 10 21 12 39071.5 0.331 172.05 0.16 9.11 1.07 665.7
2002 10 22 12 38954.2 0.402 125.78 0.16 11.91 5.17 732.4
2002 10 23 12 38838.1 0.826 145.22 0.16 10.47 2.16 647.7
2002 10 24 12 38723.3 0.956 139.10 0.16 12.03 2.91 667.2
2002 10 25 12 38609.8 1.209 150.83 0.16 11.92 3.55 702.1
2002 10 26 12 38497.7 0.208 138.15 0.16 9.36 -0.54 537.4
2002 10 27 12 38387.0 0.480 124.38 0.16 7.03 -1.49 560.9
2002 10 28 12 38277.7 0.781 136.02 0.16 10.57 2.31 655.4
2002 10 29 12 38169.9 0.968 120.39 0.16 9.62 3.01 680.3
2002 10 30 12 38063.6 0.485 126.54 0.16 7.28 -0.07 581.7
2002 10 31 12 37958.7 0.724 150.88 0.16 10.62 0.93 598.1
2002 11 1 12 37855.5 0.784 112.92 0.16 6.91 -2.12 511.9
2002 11 2 12 37753.8 1.921 108.35 0.16 7.41 -1.12 560.7
2002 11 3 12 37653.8 0.234 132.02 0.16 8.18 -1.93 574.6
2002 11 4 12 37555.3 0.165 109.47 0.16 7.60 0.64 585.5
2002 11 5 12 37458.6 0.139 104.12 0.16 8.86 1.07 617.9
2002 11 6 12 37363.5 0.019 127.90 0.16 6.11 -0.85 610.7
2002 11 7 12 37270.2 0.885 110.34 0.16 8.49 -0.37 624.0
2002 11 8 12 37178.7 0.836 120.45 0.16 5.57 -3.46 549.5
2002 11 9 12 37088.9 0.429 120.35 0.16 8.18 -1.48 543.9
2002 11 10 12 37000.9 1.505 123.89 0.16 5.52 -3.40 546.0
2002 11 11 12 36914.8 1.689 117.08 0.16 9.22 0.45 639.3
2002 11 12 12 36830.5 2.714 109.25 0.16 3.41 -5.44 502.5
2002 11 13 12 36748.2 0.377 121.19 0.16 4.85 -4.47 480.3
2002 11 14 12 36667.7 1.707 101.58 0.16 8.18 -0.58 610.8
2002 11 15 12 36589.2 0.919 95.54 0.16 5.99 -3.38 573.6
2002 11 16 12 36512.6 1.420 125.60 0.16 6.48 -1.83 604.1
2002 11 17 12 36438.0 0.735 114.80 0.16 4.87 -1.81 587.5
2002 11 18 12 36365.4 0.355 125.55 0.16 2.12 -6.57 424.1
2002 11 19 12 36294.9 1.555 106.41 0.16 7.28 -1.63 536.0
2002 11 20 12 36226.3 3.916 100.36 0.16 3.68 -2.95 557.4
2002 11 21 12 36159.9 1.818 98.71 0.16 5.00 -2.04 540.7
2002 11 22 12 36095.5 0.771 128.14 0.16 1.93 -7.15 472.3
2002 11 23 12 36033.3 0.335 99.26 0.16 5.73 -3.55 494.9
2002 11 24 12 35973.2 1.459 109.32 0.16 4.83 -3.36 498.1
2002 11 25 12 35915.2 1.272 101.74 0.16 4.31 -3.69 483.0
2002 11 26 12 35859.3 1.743 107.64 0.16 3.21 -5.37 429.5
2002 11 27 12 35805.7 0.346 92.67 0.16 3.19 -7.20 456.2
2002 11 28 12 35754.2 0.404 100.72 0.16 7.71 -1.08 586.7
2002 11 29 12 35704.9 1.852 70.88 0.16 3.15 -3.55 501.8
2002 11 30 12 35657.9 0.999 118.38 0.16 3.94 -3.91 533.9
2002 12 1 12 35613.1 3.065 91.22 0.16 2.07 -6.62 508.5
2002 12 2 12 35570.6 2.221 109.84 0.16 4.38 -5.63 501.9
2002 12 3 12 35530.3 0.779 82.40 0.16 2.12 -7.27 434.8
2002 12 4 12 35492.2 0.695 83.94 0.16 3.47 -3.70 499.5
2002 12 5 12 35456.5 0.136 71.26 0.16 3.44 -4.67 531.2
2002 12 6 12 35423.1 0.408 80.55 0.16 3.74 -5.24 471.8
2002 12 7 12 35391.9 0.703 94.69 0.16 5.04 -3.72 521.7
2002 12 8 12 35363.1 1.084 97.63 0.16 3.93 -4.83 463.2
2002 12 9 12 35336.6 0.507 126.34 0.16 1.89 -6.08 496.2
2002 12 10 12 35312.4 4.440 99.38 0.16 1.70 -6.56 478.3
2002 12 11 12 35290.6 0.378 77.07 0.16 2.89 -5.36 500.2
2002 12 12 12 35271.1 0.204 95.83 0.16 2.12 -5.42 428.0
2002 12 13 12 35253.9 4.068 126.13 0.16 0.07 -7.89 515.6
2002 12 14 12 35239.2 2.582 138.85 0.16 1.57 -5.22 520.7
2002 12 15 12 35226.7 1.738 110.25 0.16 1.74 -6.48 466.8
2002 12 16 12 35216.7 2.596 82.64 0.16 3.31 -4.54 522.6
2002 12 17 12 35209.0 0.269 83.69 0.16 2.25 -7.20 443.2
2002 12 18 12 35203.6 0.180 72.11 0.16 1.00 -7.07 445.3
2002 12 19 12 35200.7 0.633 94.21 0.16 1.69 -6.43 479.2
2002 12 20 12 35200.1 2.263 90.59 0.16 3.38 -3.11 544.4
2002 12 21 12 35201.9 1.388 89.61 0.16 1.73 -5.79 479.1
2002 12 22 12 35206.0 2.162 87.98 0.16 0.14 -7.36 462.1
2002 12 23 12 35212.5 0.519 103.05 0.16 0.97 -7.67 443.1
2002 12 24 12 35221.4 2.009 93.40 0.16 -3.27 -11.28 339.1
2002 12 25 12 35232.6 0.279 104.01 0.16 -1.33 -10.35 348.6
2002 12 26 12 35246.3 0.692 97.73 0.16 -2.10 -10.25 408.2
2002 12 27 12 35262.2 0.631 104.57 0.16 -0.43 -9.65 380.9
2002 12 28 12 35280.5 1.916 82.08 0.16 -1.10 -10.42 378.7
2002 12 29 12 35301.2 1.693 109.78 0.16 -1.79 -11.07 351.5
2002 12 30 12 35324.2 1.993 83.76 0.16 1.71 -6.29 470.2
2002 12 31 12 35349.5 1.851 87.50 0.16 -0.88 -8.89 453.6
2003 1 1 12 35377.2 0.370 86.19 0.16 1.22 -5.98 455.4
2003 1 2 12 35407.2 2.447 62.11 0.16 3.33 -4.26 506.8
2003 1 3 12 35439.5 0.731 119.07 0.16 -0.67 -8.17 462.4
2003 1 4 12 35474.1 0.115 91.89 0.16 -2.83 -12.49 368.7
2003 1 5 12 35511.0 0.096 106.69 0.16 -0.89 -8.81 486.8
2003 1 6 12 35550.1 1.400 110.48 0.16 0.24 -7.82 470.2
2003 1 7 12 35591.5 1.828 96.06 0.16 -0.42 -8.32 418.9
2003 1 8 12 35635.2 0.206 78.62 0.16 1.01 -7.33 425.1
2003 1 9 12 35681.2 2.602 107.95 0.16 0.18 -7.15 450.5
2003 1 10 12 35729.3 2.612 104.68 0.16 -1.27 -9.30 442.5
2003 1 11 12 35779.7 0.471 118.48 0.16 -1.29 -10.28 397.7
2003 1 12 12 35832.2 0.314 99.18 0.16 0.50 -7.86 462.7
2003 1 13 12 35887.0 0.731 104.70 0.16 0.32 -8.68 399.1
2003 1 14 12 35943.9 1.389 123.38 0.16 0.61 -7.53 490.5
2003 1 15 12 36003.0 0.580 130.04 0.16 -3.10 -12.30 366.7
2003 1 16 12 36064.1 2.402 124.62 0.16 -0.14 -9.01 411.1
2003 1 17 12 36127.5 1.381 111.89 0.16 -1.41 -8.43 461.9
2003 1 18 12 36192.9 2.528 119.90 0.16 0.66 -7.38 447.3
2003 1 19 12 36260.3 1.785 93.95 0.16 -0.80 -9.02 433.6
2003 1 20 12 36329.9 7.961 108.93 0.16 -0.15 -8.56 458.5
2003 1 21 12 36401.5 2.444 130.51 0.16 1.04 -8.86 420.4
2003 1 22 12 36475.1 2.502 118.53 0.16 0.03 -7.59 492.5
2003 1 23 12 36550.6 0.848 108.95 0.16 -0.25 -7.94 395.6
2003 1 24 12 36628.2 2.105 131.11 0.16 0.19 -7.24 425.9
2003 1 25 12 36707.7 0.333 133.02 0.16 -2.65 -10.34 398.0
2003 1 26 12 36789.1 2.509 127.36 0.16 -0.87 -9.14 387.5
2003 1 27 12 36872.4 4.176 100.68 0.16 -3.47 -12.35 369.8
2003 1 28 12 36957.6 1.002 112.78 0.16 -2.10 -9.79 402.1
2003 1 29 12 37044.7 0.247 168.58 0.16 -2.94 -12.77 307.4
2003 1 30 12 37133.6 3.982 128.42 0.16 -0.88 -9.80 411.2
2003 1 31 12 37224.2 2.654 98.54 0.16 -1.30 -9.42 431.8
2003 2 1 12 37316.7 0.159 119.54 0.16 -0.21 -8.36 487.3
2003 2 2 12 37410.8 2.176 91.35 0.16 1.73 -7.50 389.4
2003 2 3 12 37506.7 0.203 117.19 0.16 1.03 -6.93 494.6
2003 2 4 12 37604.3 0.479 123.80 0.16 2.33 -5.99 462.6
2003 2 5 12 37703.6 0.607 149.44 0.16 -1.01 -9.59 456.7
2003 2 6 12 37804.5 2.188 159.41 0.16 -0.56 -9.05 444.1
2003 2 7 12 37906.9 1.898 101.05 0.16 -1.38 -9.86 468.0
2003 2 8 12 38011.0 0.622 131.39 0.16 0.53 -7.91 437.1
2003 2 9 12 38116.5 1.153 123.47 0.16 0.04 -8.25 472.9
2003 2 10 12 38223.6 5.063 120.43 0.16 2.21 -4.83 502.8
2003 2 11 12 38332.2 7.592 140.01 0.16 -0.98 -10.24 416.5
2003 2 12 12 38442.2 4.555 144.98 0.16 -0.48 -8.75 419.9
2003 2 13 12 38553.6 2.854 139.53 0.16 3.89 -4.44 504.1
2003 2 14 12 38666.4 3.389 140.78 0.16 -2.21 -10.29 391.5
2003 2 15 12 38780.5 0.405 137.66 0.16 -0.22 -8.27 454.8
2003 2 16 12 38896.0 0.523 131.83 0.16 4.31 -5.35 521.8
2003 2 17 12 39012.7 1.979 126.22 0.16 -0.36 -7.73 474.0
2003 2 18 12 39130.6 0.078 112.80 0.16 1.08 -7.56 482.3
2003 2 19 12 39249.8 1.715 118.95 0.16 -1.37 -9.74 413.8
2003 2 20 12 39370.1 1.868 124.56 0.16 -0.38 -8.49 437.4
2003 2 21 12 39491.6 0.028 153.30 0.16 -0.48 -8.77 403.0
2003 2 22 12 39614.2 2.504 109.20 0.16 2.69 -5.51 493.4
2003 2 23 12 39737.8 2.162 143.52 0.16 -0.24 -9.20 399.0
2003 2 24 12 39862.5 12.588 159.93 0.16 0.33 -7.28 483.4
2003 2 25 12 39988.1 1.324 140.90 0.16 0.34 -7.71 406.1
2003 2 26 12 40114.7 5.804 136.08 0.16 2.15 -5.79 468.2
2003 2 27 12 40242.2 2.900 148.78 0.16 3.68 -3.40 523.0
2003 2 28 12 40370.6 3.188 141.81 0.16 0.57 -6.82 447.3
2003 3 1 12 40499.8 5.744 154.43 0.16 1.57 -7.86 481.9
2003 3 2 12 40629.8 1.081 184.01 0.16 3.68 -5.07 536.1
2003 3 3 12 40760.6 0.527 164.37 0.16 1.29 -7.40 454.9
2003 3 4 12 40892.1 10.664 152.63 0.16 2.18 -6.17 465.9
2003 3 5 12 41024.3 4.637 178.82 0.16 1.34 -7.04 486.6
2003 3 6 12 41157.2 0.991 140.92 0.16 2.86 -5.00 498.2
2003 3 7 12 41290.6 7.469 183.12 0.16 1.55 -6.14 481.4
2003 3 8 12 41424.6 3.727 159.48 0.16 3.51 -4.90 533.2
2003 3 9 12 41559.2 0.612 157.10 0.16 -1.06 -8.90 424.6
2003 3 10 12 41694.2 1.836 154.08 0.16 2.67 -6.76 495.0
2003 3 11 12 41829.7 0.572 144.01 0.16 5.14 -2.57 540.4
2003 3 12 12 41965.5 4.579 169.00 0.16 7.00 -1.00 552.8
2003 3 13 12 42101.8 4.155 173.72 0.16 4.19 -4.10 500.6
2003 3 14 12 42238.3 0.344 165.14 0.16 3.72 -4.14 543.4
2003 3 15 12 42375.2 8.208 194.00 0.16 3.58 -3.86 592.0
2003 3 16 12 42512.3 1.803 210.72 0.16 4.65 -3.55 470.3
2003 3 17 12 42649.6 0.845 184.18 0.16 4.41 -3.41 515.6
2003 3 18 12 42787.0 5.601 171.52 0.16 3.17 -4.50 508.6
2003 3 19 12 42924.6 0.342 190.73 0.16 4.10 -5.54 498.0
2003 3 20 12 43062.3 2.663 208.60 0.16 6.24 -1.72 561.8
2003 3 21 12 43200.0 1.035 177.99 0.16 5.02 -4.54 572.4
2003 3 22 12 43337.7 0.378 168.78 0.16 6.85 -1.49 540.6
2003 3 23 12 43475.4 2.094 174.33 0.16 7.95 -0.80 581.5
2003 3 24 12 43613.0 1.623 180.90 0.16 3.31 -6.36 453.4
2003 3 25 12 43750.4 6.139 191.27 0.16 8.91 -0.20 599.9
2003 3 26 12 43887.7 1.101 196.27 0.16 4.58 -3.52 450.6
2003 3 27 12 44024.8 0.246 155.62 0.16 4.69 -3.21 579.4
2003 3 28 12 44161.7 2.738 173.65 0.16 6.78 -1.21 583.5
2003 3 29 12 44298.2 2.905 174.83 0.16 6.54 -2.16 551.1
2003 3 30 12 44434.5 2.054 184.84 0.16 6.82 -2.20 568.9
2003 3 31 12 44570.3 5.965 172.31 0.16 8.46 0.36 631.2
2003 4 1 12 44705.8 1.555 178.12 0.16 7.17 -1.99 593.0
2003 4 2 12 44840.8 3.201 166.90 0.16 9.08 0.56 604.9
2003 4 3 12 44975.4 13.169 233.58 0.16 7.07 -1.34 569.2
2003 4 4 12 45109.4 2.289 194.00 0.16 8.08 -1.04 525.8
2003 4 5 12 45242.8 3.645 165.69 0.16 8.14 -0.81 523.0
2003 4 6 12 45375.7 1.269 214.73 0.16 9.54 1.75 678.0
2003 4 7 12 45507.9 2.868 189.66 0.16 7.47 -1.65 563.9
2003 4 8 12 45639.4 2.000 197.68 0.16 8.04 -1.89 531.9
2003 4 9 12 45770.2 1.618 241.86 0.16 7.81 0.06 613.8
2003 4 10 12 45900.2 2.602 184.92 0.16 8.74 0.46 603.9
2003 4 11 12 46029.4 9.418 221.73 0.16 9.05 -0.05 618.7
2003 4 12 12 46157.8 4.426 228.62 0.16 8.03 -0.54 581.9
2003 4 13 12 46285.3 2.283 215.94 0.16 9.92 1.66 658.0
2003 4 14 12 46411.9 4.505 177.79 0.16 9.32 1.61 612.2
2003 4 15 12 46537.5 13.377 220.68 0.16 10.88 2.75 649.0
2003 4 16 12 46662.2 5.960 214.19 0.16 12.19 3.17 675.4
2003 4 17 12 46785.8 1.052 232.59 0.16 12.01 4.43 694.6
2003 4 18 12 46908.4 6.475 217.63 0.16 11.83 2.57 666.4
2003 4 19 12 47029.9 7.045 212.55 0.16 8.24 0.60 595.0
2003 4 20 12 47150.2 0.272 232.85 0.16 9.43 2.29 624.6
2003 4 21 12 47269.4 2.290 228.52 0.16 11.42 2.98 670.3
2003 4 22 12 47387.3 5.938 198.29 0.16 10.34 3.02 661.3
2003 4 23 12 47504.0 0.816 212.03 0.16 10.01 1.58 621.4
2003 4 24 12 47619.5 7.184 197.54 0.16 12.52 4.80 705.3
2003 4 25 12 47733.6 0.659 219.31 0.16 14.23 5.34 692.1
2003 4 26 12 47846.4 1.617 213.63 0.16 15.03 8.40 734.1
2003 4 27 12 47957.8 2.229 252.53 0.16 11.70 1.86 583.8
2003 4 28 12 48067.8 8.765 201.66 0.16 15.07 5.80 723.3
2003 4 29 12 48176.4 5.908 223.84 0.16 11.68 4.87 703.5
2003 4 30 12 48283.5 5.431 214.18 0.16 16.19 7.05 737.3
2003 5 1 12 48389.0 1.468 210.77 0.16 12.26 4.03 657.1
2003 5 2 12 48493.1 3.148 230.83 0.16 13.55 6.42 776.2
2003 5 3 12 48595.5 1.171 224.10 0.16 12.99 4.81 708.9
2003 5 4 12 48696.4 6.131 234.38 0.16 14.45 7.51 766.0
2003 5 5 12 48795.7 7.227 261.77 0.16 12.84 3.52 632.2
2003 5 6 12 48893.3 1.404 239.66 0.16 14.50 7.06 729.5
2003 5 7 12 48989.2 7.488 279.93 0.16 14.72 6.59 762.2
2003 5 8 12 49083.3 1.498 231.34 0.16 12.90 4.27 680.7
2003 5 9 12 49175.8 2.387 239.15 0.16 14.88 7.49 730.4
2003 5 10 12 49266.4 0.723 293.69 0.16 15.36 6.92 694.9
2003 5 11 12 49355.3 0.880 252.82 0.16 17.54 9.34 808.5
2003 5 12 12 49442.4 4.622 207.58 0.16 14.84 5.95 719.6
2003 5 13 12 49527.6 4.634 254.49 0.16 12.98 4.96 714.8
2003 5 14 12 49610.9 3.860 233.46 0.16 12.57 2.60 663.5
2003 5 15 12 49692.3 3.817 224.21 0.16 17.25 9.01 784.1
2003 5 16 12 49771.8 2.568 270.81 0.16 15.09 6.76 791.4
2003 5 17 12 49849.4 2.160 236.98 0.16 16.32 6.68 699.7
2003 5 18 12 49924.9 10.661 246.51 0.16 16.52 7.58 755.9
2003 5 19 12 49998.5 2.209 247.20 0.16 16.19 5.88 735.1
2003 5 20 12 50070.1 2.466 223.70 0.16 20.39 11.91 829.9
2003 5 21 12 50139.7 3.354 223.92 0.16 18.62 11.06 864.9
2003 5 22 12 50207.1 2.449 253.57 0.16 19.12 11.78 820.7
2003 5 23 12 50272.5 0.708 240.07 0.16 17.24 9.10 776.9
2003 5 24 12 50335.9 3.899 252.68 0.16 15.43 6.96 706.1
2003 5 25 12 50397.0 7.924 245.08 0.16 18.79 9.83 752.6
2003 5 26 12 50456.1 1.526 271.80 0.16 17.35 8.55 769.4
2003 5 27 12 50513.0 6.340 244.71 0.16 18.34 10.28 802.3
2003 5 28 12 50567.8 0.792 268.65 0.16 20.13 12.33 846.0
2003 5 29 12 50620.3 5.095 244.38 0.16 18.21 11.05 805.8
2003 5 30 12 50670.7 2.912 274.81 0.16 16.42 6.60 752.9
2003 5 31 12 50718.8 9.025 248.92 0.16 18.61 9.79 813.8
2003 6 1 12 50764.8 1.002 271.73 0.16 20.15 11.00 851.5
2003 6 2 12 50808.5 4.308 248.08 0.16 18.29 10.38 835.2
2003 6 3 12 50849.9 2.527 231.41 0.16 19.24 10.20 809.8
2003 6 4 12 50889.0 0.858 243.63 0.16 18.68 11.69 812.5
2003 6 5 12 50925.9 5.882 262.56 0.16 19.76 10.39 788.6
2003 6 6 12 50960.5 0.460 238.37 0.16 20.18 11.23 832.9
2003 6 7 12 50992.8 1.304 262.36 0.16 19.79 10.90 805.9
2003 6 8 12 51022.8 2.038 248.74 0.16 21.79 13.68 840.0
2003 6 9 12 51050.5 4.488 264.68 0.16 16.40 7.12 736.5
2003 6 10 12 51075.8 0.701 267.10 0.16 21.01 12.32 874.7
2003 6 11 12 51098.8 2.191 252.26 0.16 19.87 11.00 797.5
2003 6 12 12 51119.5 1.399 242.02 0.16 23.43 14.56 895.6
2003 6 13 12 51137.8 5.637 258.81 0.16 25.12 18.37 984.0
2003 6 14 12 51153.7 1.639 253.43 0.16 20.13 10.80 809.1
2003 6 15 12 51167.4 5.248 253.31 0.16 20.92 11.85 819.5
2003 6 16 12 51178.6 4.529 284.45 0.16 20.20 11.80 870.1
2003 6 17 12 51187.5 5.571 252.32 0.16 20.40 12.98 850.3
2003 6 18 12 51194.0 7.199 272.41 0.16 20.08 11.08 822.2
2003 6 19 12 51198.1 0.426 242.77 0.16 23.17 14.19 878.3
2003 6 20 12 51199.9 3.827 258.20 0.16 22.01 14.77 924.2
2003 6 21 12 51199.3 8.166 261.48 0.16 20.77 11.03 827.2
2003 6 22 12 51196.4 2.969 271.66 0.16 19.54 10.17 841.8
2003 6 23 12 51191.0 0.940 254.70 0.16 22.29 13.98 866.7
2003 6 24 12 51183.3 3.637 237.86 0.16 21.83 11.42 809.9
2003 6 25 12 51173.3 0.176 267.71 0.16 21.55 13.43 916.8
2003 6 26 12 51160.8 6.388 260.87 0.16 22.54 13.92 862.9
2003 6 27 12 51146.1 3.793 244.12 0.16 24.41 17.35 932.0
2003 6 28 12 51128.9 5.253 282.62 0.16 20.83 13.12 864.4
2003 6 29 12 51109.4 0.520 248.02 0.16 22.30 12.68 863.8
2003 6 30 12 51087.6 1.305 261.43 0.16 22.18 12.54 826.9
2003 7 1 12 51063.4 0.113 260.37 0.16 22.86 13.89 924.5
2003 7 2 12 51036.9 4.415 284.11 0.16 23.77 16.70 929.3
2003 7 3 12 51008.1 3.130 295.93 0.16 26.58 17.75 967.9
2003 7 4 12 50976.9 2.067 251.28 0.16 24.63 16.88 930.9
2003 7 5 12 50943.5 2.390 252.46 0.16 21.79 14.02 885.4
2003 7 6 12 50907.8 3.288 248.23 0.16 19.82 10.80 862.4
2003 7 7 12 50869.7 8.204 274.22 0.16 20.15 12.68 815.1
2003 7 8 12 50829.4 2.105 261.23 0.16 21.58 12.87 852.8
2003 7 9 12 50786.9 1.454 253.97 0.16 23.63 15.33 826.2
2003 7 10 12 50742.1 0.642 267.53 0.16 23.86 15.61 905.9
2003 7 11 12 50695.1 0.148 244.86 0.16 24.30 15.73 886.3
2003 7 12 12 50645.8 7.641 246.73 0.16 22.06 13.42 847.4
2003 7 13 12 50594.3 5.127 269.83 0.16 21.07 14.51 894.0
2003 7 14 12 50540.7 1.515 248.53 0.16 22.75 14.60 851.4
2003 7 15 12 50484.8 3.242 275.54 0.16 21.65 12.96 863.8
2003 7 16 12 50426.8 0.949 232.61 0.16 23.08 14.62 903.0
2003 7 17 12 50366.7 2.867 225.58 0.16 22.91 14.60 882.9
2003 7 18 12 50304.5 4.357 259.30 0.16 23.91 14.83 868.6
2003 7 19 12 50240.1 0.979 233.81 0.16 21.40 13.66 885.5
2003 7 20 12 50173.7 2.506 272.23 0.16 22.52 15.28 935.4
2003 7 21 12 50105.1 3.301 214.33 0.16 21.96 12.39 846.0
2003 7 22 12 50034.6 2.259 262.14 0.16 26.02 16.81 930.7
2003 7 23 12 49962.0 1.142 262.41 0.16 22.74 14.23 890.8
2003 7 24 12 49887.4 1.658 231.62 0.16 22.68 14.21 890.2
2003 7 25 12 49810.8 0.730 248.70 0.16 23.24 14.95 917.1
2003 7 26 12 49732.3 6.410 250.33 0.16 22.89 13.28 818.7
2003 7 27 12 49651.8 3.431 273.38 0.16 23.92 15.05 897.7
2003 7 28 12 49569.5 1.044 248.40 0.16 22.96 14.20 888.3
2003 7 29 12 49485.2 8.182 242.59 0.16 22.52 14.11 835.2
2003 7 30 12 49399.1 3.750 235.46 0.16 22.63 13.89 832.0
2003 7 31 12 49311.1 0.385 234.01 0.16 23.14 15.76 872.7
2003 8 1 12 49221.3 0.543 241.01 0.16 26.22 16.48 1000.9
2003 8 2 12 49129.8 2.238 244.69 0.16 24.56 15.79 911.7
2003 8 3 12 49036.5 4.687 256.67 0.16 20.81 11.15 801.1
2003 8 4 12 48941.4 1.811 262.28 0.16 23.00 16.03 916.8
2003 8 5 12 48844.7 5.346 229.10 0.16 25.29 16.52 938.5
2003 8 6 12 48746.2 2.324 221.90 0.16 23.19 14.81 927.1
2003 8 7 12 48646.2 1.108 243.12 0.16 21.18 12.85 896.1
2003 8 8 12 48544.5 10.867 197.53 0.16 22.77 14.14 882.3
2003 8 9 12 48441.3 0.525 252.23 0.16 26.01 16.81 942.9
2003 8 10 12 48336.4 2.086 246.75 0.16 20.77 13.06 870.5
2003 8 11 12 48230.1 2.386 243.08 0.16 21.36 14.08 844.6
2003 8 12 12 48122.3 0.615 264.81 0.16 21.27 13.84 894.7
2003 8 13 12 48013.0 0.894 197.54 0.16 21.19 13.43 861.7
2003 8 14 12 47902.3 2.012 228.53 0.16 21.58 12.82 811.4
2003 8 15 12 47790.2 3.180 241.53 0.16 21.28 14.29 948.7
2003 8 16 12 47676.7 3.289 229.22 0.16 22.54 13.76 893.4
2003 8 17 12 47561.9 3.244 245.77 0.16 20.50 11.33 854.3
2003 8 18 12 47445.8 5.351 251.41 0.16 19.96 11.85 821.5
2003 8 19 12 47328.5 0.256 242.79 0.16 24.81 17.64 908.0
2003 8 20 12 47209.9 0.565 222.01 0.16 22.23 12.72 849.2
2003 8 21 12 47090.2 5.790 225.61 0.16 23.72 14.00 847.8
2003 8 22 12 46969.3 6.891 217.55 0.16 21.22 13.57 831.7
2003 8 23 12 46847.3 1.074 238.74 0.16 22.42 14.61 851.7
2003 8 24 12 46724.2 1.147 218.98 0.16 21.65 11.93 840.7
2003 8 25 12 46600.0 1.303 214.95 0.16 22.67 14.62 920.2
2003 8 26 12 46474.8 0.619 219.25 0.16 21.60 14.11 894.7
2003 8 27 12 46348.7 1.525 214.87 0.16 22.76 13.10 853.7
2003 8 28 12 46221.7 3.810 213.10 0.16 21.94 12.97 884.5
2003 8 29 12 46093.7 0.736 205.65 0.16 20.72 12.52 818.6
2003 8 30 12 45964.9 0.636 178.93 0.16 17.82 9.95 816.7
2003 8 31 12 45835.3 1.910 199.85 0.16 19.67 11.57 839.7
2003 9 1 12 45704.9 2.950 198.27 0.16 20.18 11.79 858.5
2003 9 2 12 45573.7 0.558 214.58 0.16 19.53 10.33 799.4
2003 9 3 12 45441.8 0.668 220.00 0.16 18.69 8.89 778.6
2003 9 4 12 45309.3 1.459 184.32 0.16 20.44 12.76 804.2
2003 9 5 12 45176.2 1.188 198.57 0.16 21.43 14.04 895.6
2003 9 6 12 45042.4 4.774 201.98 0.16 22.04 13.75 912.0
2003 9 7 12 44908.2 0.217 209.20 0.16 21.64 13.16 841.1
2003 9 8 12 44773.4 0.735 191.58 0.16 18.10 10.16 793.6
2003 9 9 12 44638.1 0.658 183.37 0.16 15.92 7.12 735.0
2003 9 10 12 44502.5 2.233 183.99 0.16 15.90 7.94 696.8
2003 9 11 12 44366.4 1.109 207.16 0.16 18.05 10.09 775.0
2003 9 12 12 44230.0 2.697 173.09 0.16 18.92 11.19 781.0
2003 9 13 12 44093.3 1.373 178.23 0.16 16.69 8.15 805.1
2003 9 14 12 43956.3 4.854 189.16 0.16 18.43 10.19 748.8
2003 9 15 12 43819.1 2.516 184.01 0.16 19.69 11.93 775.5
2003 9 16 12 43681.7 3.128 176.94 0.16 15.32 8.88 816.0
2003 9 17 12 43544.2 0.176 153.53 0.16 15.22 7.03 703.2
2003 9 18 12 43406.5 2.729 154.64 0.16 19.58 10.82 852.3
2003 9 19 12 43268.9 1.747 190.69 0.16 17.88 9.87 834.9
2003 9 20 12 43131.1 3.390 202.20 0.16 17.13 8.42 768.0
2003 9 21 12 42993.5 1.879 148.82 0.16 16.20 8.80 778.5
2003 9 22 12 42855.8 1.174 160.07 0.16 16.63 9.53 801.2
2003 9 23 12 42718.3 0.908 158.95 0.16 15.90 6.78 745.8
2003 9 24 12 42580.9 3.994 173.84 0.16 17.07 8.54 759.5
2003 9 25 12 42443.7 0.944 178.39 0.16 16.72 7.77 738.3
2003 9 26 12 42306.7 0.219 160.60 0.16 16.26 8.69 814.6
2003 9 27 12 42170.0 2.171 142.33 0.16 16.98 10.74 775.6
2003 9 28 12 42033.6 0.070 192.97 0.16 15.82 7.73 704.8
2003 9 29 12 41897.5 1.155 166.12 0.16 14.98 6.34 712.4
2003 9 30 12 41761.9 1.137 145.80 0.16 14.84 7.26 751.6
2003 10 1 12 41626.6 1.433 151.77 0.16 16.51 7.97 762.9
2003 10 2 12 41491.8 1.709 185.65 0.16 16.11 8.49 743.7
2003 10 3 12 41357.6 1.645 142.13 0.16 14.61 5.50 676.3
2003 10 4 12 41223.8 0.440 193.54 0.16 12.88 3.76 715.9
2003 10 5 12 41090.7 2.828 151.49 0.16 11.38 3.54 668.0
2003 10 6 12 40958.2 1.320 133.84 0.16 15.30 6.50 750.9
2003 10 7 12 40826.3 0.295 149.42 0.16 12.16 3.38 654.9
2003 10 8 12 40695.1 4.805 157.16 0.16 11.99 3.85 640.1
2003 10 9 12 40564.7 0.915 152.15 0.16 12.66 5.07 697.8
2003 10 10 12 40435.1 3.760 157.45 0.16 9.66 1.78 642.8
2003 10 11 12 40306.3 1.977 155.81 0.16 12.28 4.49 697.6
2003 10 12 12 40178.3 0.306 138.53 0.16 13.93 5.38 694.8
2003 10 13 12 40051.3 0.208 165.00 0.16 13.08 4.93 709.9
2003 10 14 12 39925.2 0.040 148.91 0.16 12.75 4.37 675.3
2003 10 15 12 39800.0 0.069 158.65 0.16 11.24 2.59 669.7
2003 10 16 12 39675.8 0.562 148.10 0.16 13.21 5.33 738.8
2003 10 17 12 39552.7 0.550 143.22 0.16 12.62 4.42 716.1
2003 10 18 12 39430.7 1.266 142.78 0.16 8.94 1.06 597.8
2003 10 19 12 39309.8 2.707 146.17 0.16 12.05 3.44 654.4
2003 10 20 12 39190.1 0.935 142.93 0.16 7.52 -0.88 562.4
2003 10 21 12 39071.5 0.670 162.42 0.16 10.10 2.22 654.3
2003 10 22 12 38954.2 0.340 122.83 0.16 11.46 2.12 662.2
2003 10 23 12 38838.1 0.720 113.30 0.16 11.64 3.73 684.9
2003 10 24 12 38723.3 0.710 117.98 0.16 8.03 -0.61 597.4
2003 10 25 12 38609.8 0.746 131.61 0.16 9.07 1.83 616.4
2003 10 26 12 38497.7 0.548 166.89 0.16 11.45 2.51 559.1
2003 10 27 12 38387.0 0.999 138.71 0.16 10.48 2.65 711.1
2003 10 28 12 38277.7 0.014 128.88 0.16 10.30 2.21 641.7
2003 10 29 12 38169.9 1.835 112.29 0.16 12.61 4.75 711.2
2003 10 30 12 38063.6 0.452 121.92 0.16 8.05 0.66 592.1
2003 10 31 12 37958.7 0.633 98.68 0.16 10.62 2.85 617.6
2003 11 1 12 37855.5 0.917 148.87 0.16 8.21 0.06 639.4
2003 11 2 12 37753.8 2.210 109.01 0.16 8.34 -1.00 591.3
2003 11 3 12 37653.8 0.240 162.49 0.16 9.53 -0.07 566.9
2003 11 4 12 37555.3 0.055 138.32 0.16 8.85 0.40 578.6
2003 11 5 12 37458.6 0.089 124.51 0.16 6.30 -2.61 541.9
2003 11 6 12 37363.5 1.052 116.92 0.16 6.81 -0.25 590.3
2003 11 7 12 37270.2 0.812 118.90 0.16 7.39 0.09 569.8
2003 11 8 12 37178.7 0.646 124.73 0.16 6.88 -2.55 587.9
2003 11 9 12 37088.9 0.023 101.03 0.16 9.29 0.51 653.4
2003 11 10 12 37000.9 0.003 116.67 0.16 9.12 -0.07 572.0
2003 11 11 12 36914.8 0.486 92.64 0.16 6.32 -2.60 581.6
2003 11 12 12 36830.5 0.224 124.26 0.16 9.44 2.93 642.4
2003 11 13 12 36748.2 0.520 94.88 0.16 4.99 -3.61 491.6
2003 11 14 12 36667.7 0.772 107.49 0.16 1.52 -7.72 449.9
2003 11 15 12 36589.2 0.091 124.79 0.16 6.99 -0.06 592.5
2003 11 16 12 36512.6 0.031 114.55 0.16 5.61 -4.54 499.7
2003 11 17 12 36438.0 1.432 113.30 0.16 4.49 -3.33 521.9
2003 11 18 12 36365.4 0.632 93.97 0.16 3.55 -4.90 488.9
2003 11 19 12 36294.9 2.013 87.41 0.16 5.67 -3.67 502.6
2003 11 20 12 36226.3 3.615 111.68 0.16 6.70 -2.03 585.8
2003 11 21 12 36159.9 0.412 113.71 0.16 2.26 -6.50 518.8
2003 11 22 12 36095.5 0.692 99.03 0.16 7.27 -0.38 642.3
2003 11 23 12 36033.3 1.570 108.59 0.16 5.31 -2.48 554.5
2003 11 24 12 35973.2 7.727 90.21 0.16 3.26 -7.16 454.6
2003 11 25 12 35915.2 0.227 95.73 0.16 3.81 -3.66 530.1
2003 11 26 12 35859.3 1.617 98.80 0.16 5.26 -5.20 518.0
2003 11 27 12 35805.7 1.377 117.51 0.16 2.03 -7.06 503.4
2003 11 28 12 35754.2 4.105 81.30 0.16 2.21 -5.91 462.6
2003 11 29 12 35704.9 1.019 92.98 0.16 1.18 -7.58 441.2
2003 11 30 12 35657.9 0.659 99.60 0.16 5.21 -3.00 564.6
2003 12 1 12 35613.1 0.579 122.55 0.16 2.78 -4.69 508.4
2003 12 2 12 35570.6 1.680 100.11 0.16 4.85 -2.25 615.9
2003 12 3 12 35530.3 1.740 71.29 0.16 1.55 -7.31 446.7
2003 12 4 12 35492.2 0.978 77.77 0.16 2.63 -6.44 435.5
2003 12 5 12 35456.5 1.053 96.33 0.16 4.56 -3.11 518.7
2003 12 6 12 35423.1 1.928 111.68 0.16 1.81 -5.76 468.2
2003 12 7 12 35391.9 3.552 100.68 0.16 4.33 -3.14 526.8
2003 12 8 12 35363.1 5.434 115.39 0.16 1.67 -6.31 424.8
2003 12 9 12 35336.6 0.932 87.04 0.16 2.69 -4.93 463.8
2003 12 10 12 35312.4 0.483 89.99 0.16 -0.05 -9.23 398.5
2003 12 11 12 35290.6 1.092 89.28 0.16 1.13 -6.06 494.9
2003 12 12 12 35271.1 0.303 90.77 0.16 5.79 -2.23 564.1
2003 12 13 12 35253.9 0.039 132.17 0.16 0.59 -7.41 446.8
2003 12 14 12 35239.2 0.635 123.38 0.16 2.36 -5.63 469.9
2003 12 15 12 35226.7 2.024 107.24 0.16 -0.54 -9.61 405.7
2003 12 16 12 35216.7 3.302 108.86 0.16 0.96 -6.38 481.4
2003 12 17 12 35209.0 0.965 109.26 0.16 2.91 -4.66 472.2
2003 12 18 12 35203.6 0.157 94.49 0.16 0.72 -8.82 393.4
2003 12 19 12 35200.7 2.354 134.73 0.16 0.96 -7.10 429.2
2003 12 20 12 35200.1 3.365 104.37 0.16 -0.20 -7.11 428.9
2003 12 21 12 35201.9 0.785 92.22 0.16 -2.29 -9.35 458.2
2003 12 22 12 35206.0 0.445 104.43 0.16 0.39 -7.96 424.6
2003 12 23 12 35212.5 0.086 81.90 0.16 -0.19 -9.81 401.4
2003 12 24 12 35221.4 1.220 117.42 0.16 0.72 -7.57 481.8
2003 12 25 12 35232.6 0.654 88.00 0.16 -4.02 -11.33 384.8
2003 12 26 12 35246.3 1.423 105.96 0.16 -0.13 -7.80 392.5
2003 12 27 12 35262.2 0.173 96.72 0.16 -1.15 -9.69 380.1
2003 12 28 12 35280.5 0.937 98.06 0.16 -1.32 -9.05 407.5
2003 12 29 12 35301.2 2.345 111.88 0.16 0.03 -11.44 382.1
2003 12 30 12 35324.2 0.852 113.04 0.16 0.54 -8.62 422.8
2003 12 31 12 35349.5 0.073 98.84 0.16 -0.14 -8.68 429.3
2004 1 1 12 35377.2 0.594 99.40 0.16 -2.31 -10.51 427.1
2004 1 2 12 35407.2 0.993 122.89 0.16 -0.70 -9.19 410.5
2004 1 3 12 35439.5 3.339 60.93 0.16 2.22 -5.35 466.6
2004 1 4 12 35474.1 1.961 120.92 0.16 1.02 -6.90 516.4
2004 1 5 12 35511.0 1.693 111.78 0.16 -2.76 -10.66 337.7
2004 1 6 12 35550.1 1.457 132.37 0.16 -0.30 -8.62 454.1
2004 1 7 12 35591.5 0.532 97.03 0.16 -1.04 -10.22 379.4
2004 1 8 12 35635.2 1.132 95.56 0.16 -0.98 -8.99 468.2
2004 1 9 12 35681.2 1.203 81.82 0.16 -1.69 -10.94 386.9
2004 1 10 12 35729.3 0.041 115.48 0.16 -1.50 -8.66 451.0
2004 1 11 12 35779.7 0.591 82.60 0.16 -1.05 -10.44 403.4
2004 1 12 12 35832.2 3.695 121.41 0.16 -0.71 -9.31 393.0
2004 1 13 12 35887.0 0.480 86.04 0.16 -1.74 -8.95 393.9
2004 1 14 12 35943.9 0.357 119.45 0.16 0.03 -7.30 468.6
2004 1 15 12 36003.0 1.033 109.44 0.16 1.25 -6.70 433.6
2004 1 16 12 36064.1 0.240 108.79 0.16 -0.53 -9.98 369.8
2004 1 17 12 36127.5 1.093 120.65 0.16 0.46 -7.69 454.9
2004 1 18 12 36192.9 0.610 74.24 0.16 -3.22 -12.44 314.0
2004 1 19 12 36260.3 1.870 116.42 0.16 0.26 -7.70 454.3
2004 1 20 12 36329.9 1.114 116.52 0.16 0.22 -7.53 457.3
2004 1 21 12 36401.5 2.972 116.38 0.16 -1.81 -9.41 414.0
2004 1 22 12 36475.1 3.731 117.19 0.16 -1.73 -8.92 397.4
2004 1 23 12 36550.6 0.910 90.84 0.16 -0.68 -9.78 410.7
2004 1 24 12 36628.2 1.250 106.47 0.16 -3.87 -12.80 330.5
2004 1 25 12 36707.7 2.150 109.97 0.16 -1.33 -9.56 402.7
2004 1 26 12 36789.1 3.125 146.55 0.16 -1.38 -9.06 431.7
2004 1 27 12 36872.4 0.696 108.36 0.16 -0.48 -10.19 342.5
2004 1 28 12 36957.6 0.311 113.83 0.16 -0.35 -8.10 455.1
2004 1 29 12 37044.7 2.933 129.33 0.16 -0.24 -8.16 422.3
2004 1 30 12 37133.6 9.917 103.24 0.16 -3.81 -12.35 355.3
2004 1 31 12 37224.2 0.213 116.53 0.16 -1.14 -9.07 468.4
2004 2 1 12 37316.7 0.460 126.76 0.16 -1.35 -9.64 391.6
2004 2 2 12 37410.8 3.207 125.66 0.16 0.98 -6.56 456.6
2004 2 3 12 37506.7 2.586 109.20 0.16 -0.82 -8.48 402.1
2004 2 4 12 37604.3 0.249 110.54 0.16 1.60 -7.51 466.9
2004 2 5 12 37703.6 1.944 131.99 0.16 0.18 -8.13 458.7
2004 2 6 12 37804.5 2.458 146.86 0.16 -1.55 -11.58 423.3
2004 2 7 12 37906.9 1.002 132.47 0.16 0.98 -7.95 457.4
2004 2 8 12 38011.0 2.007 151.43 0.16 0.56 -7.42 458.6
2004 2 9 12 38116.5 3.079 100.35 0.16 -1.23 -9.63 387.8
2004 2 10 12 38223.6 4.698 143.73 0.16 -3.23 -12.15 365.5
2004 2 11 12 38332.2 0.750 136.41 0.16 -0.94 -10.20 392.7
2004 2 12 12 38442.2 1.572 124.42 0.16 3.50 -5.18 489.0
2004 2 13 12 38553.6 6.529 137.28 0.16 -1.96 -11.43 364.3
2004 2 14 12 38666.4 1.707 160.15 0.16 -1.25 -9.31 440.8
2004 2 15 12 38780.5 1.961 156.57 0.16 0.26 -7.94 458.6
2004 2 16 12 38896.0 0.028 125.75 0.16 -0.35 -10.09 428.0
2004 2 17 12 39012.7 6.824 143.44 0.16 -0.76 -9.10 419.8
2004 2 18 12 39130.6 9.331 159.67 0.16 2.48 -5.94 483.6
2004 2 19 12 39249.8 8.195 151.98 0.16 0.40 -8.83 426.8
2004 2 20 12 39370.1 0.229 135.23 0.16 -0.08 -9.44 434.5
2004 2 21 12 39491.6 3.112 137.76 0.16 -1.05 -11.77 342.6
2004 2 22 12 39614.2 0.636 115.29 0.16 -1.42 -9.13 406.6
2004 2 23 12 39737.8 0.948 137.06 0.16 -0.75 -7.59 451.9
2004 2 24 12 39862.5 5.558 135.60 0.16 -0.02 -9.27 405.8
2004 2 25 12 39988.1 1.810 131.51 0.16 0.25 -9.06 368.3
2004 2 26 12 40114.7 4.107 153.88 0.16 1.60 -7.39 424.1
2004 2 27 12 40242.2 1.475 147.55 0.16 0.91 -7.57 450.4
2004 2 28 12 40370.6 0.305 148.45 0.16 -1.48 -11.04 408.2
2004 2 29 12 40499.8 3.066 150.48 0.16 2.28 -6.59 415.5
2004 3 1 12 40629.8 7.302 182.90 0.16 1.59 -7.74 467.8
2004 3 2 12 40760.6 8.545 149.53 0.16 2.80 -4.74 527.2
2004 3 3 12 40892.1 4.954 142.37 0.16 0.03 -7.91 425.3
2004 3 4 12 41024.3 2.365 168.68 0.16 2.90 -5.62 508.3
2004 3 5 12 41157.2 4.653 157.99 0.16 3.11 -4.89 528.3
2004 3 6 12 41290.6 0.476 164.51 0.16 1.76 -6.31 493.9
2004 3 7 12 41424.6 0.749 182.13 0.16 4.07 -3.73 453.0
2004 3 8 12 41559.2 9.313 160.20 0.16 1.71 -6.01 506.8
2004 3 9 12 41694.2 1.499 190.37 0.16 4.59 -3.64 525.0
2004 3 10 12 41829.7 1.520 166.91 0.16 2.55 -5.31 512.0
2004 3 11 12 41965.5 2.362 170.54 0.16 4.80 -2.83 508.5
2004 3 12 12 42101.8 0.666 190.17 0.16 3.53 -4.57 495.7
2004 3 13 12 42238.3 8.655 174.50 0.16 5.67 -1.94 577.9
2004 3 14 12 42375.2 28.170 193.99 0.16 3.55 -5.35 482.1
2004 3 15 12 42512.3 1.856 174.41 0.16 5.39 -3.15 581.5
2004 3 16 12 42649.6 0.966 169.89 0.16 1.62 -6.01 472.8
2004 3 17 12 42787.0 0.710 174.33 0.16 3.74 -4.79 496.9
2004 3 18 12 42924.6 6.562 200.84 0.16 3.49 -4.82 545.6
2004 3 19 12 43062.3 5.842 173.46 0.16 3.47 -4.75 529.6
2004 3 20 12 43200.0 2.520 193.65 0.16 6.85 -2.45 595.9
2004 3 21 12 43337.7 4.051 184.73 0.16 6.10 -2.46 529.1
2004 3 22 12 43475.4 14.796 180.79 0.16 6.84 -2.40 531.6
2004 3 23 12 43613.0 0.887 168.16 0.16 6.47 -1.51 583.0
2004 3 24 12 43750.4 4.541 185.63 0.16 5.53 -2.84 510.1
2004 3 25 12 43887.7 4.270 178.52 0.16 5.42 -4.27 539.2
2004 3 26 12 44024.8 6.130 211.07 0.16 5.54 -3.52 528.8
2004 3 27 12 44161.7 0.839 197.63 0.16 4.97 -2.74 589.8
2004 3 28 12 44298.2 9.462 205.37 0.16 8.21 -1.44 575.4
2004 3 29 12 44434.5 1.540 185.60 0.16 8.45 -0.11 609.6
2004 3 30 12 44570.3 3.932 186.57 0.16 7.47 0.09 618.3
2004 3 31 12 44705.8 6.756 192.59 0.16 7.61 -1.53 569.6
2004 4 1 12 44840.8 1.438 195.04 0.16 7.93 0.23 594.0
2004 4 2 12 44975.4 2.803 195.14 0.16 6.63 -0.62 515.0
2004 4 3 12 45109.4 10.698 190.30 0.16 5.97 -2.61 540.2
2004 4 4 12 45242.8 0.575 206.50 0.16 9.15 1.14 644.9
2004 4 5 12 45375.7 4.196 191.60 0.16 8.43 0.26 603.4
2004 4 6 12 45507.9 0.657 230.77 0.16 7.12 -1.60 596.4
2004 4 7 12 45639.4 1.774 208.74 0.16 7.15 -1.00 554.3
2004 4 8 12 45770.2 0.616 221.20 0.16 10.01 1.15 582.9
2004 4 9 12 45900.2 5.930 194.29 0.16 8.99 0.13 589.3
2004 4 10 12 46029.4 10.907 194.91 0.16 10.82 1.54 630.4
2004 4 11 12 46157.8 1.965 217.05 0.16 8.24 -0.86 658.4
2004 4 12 12 46285.3 1.563 214.60 0.16 10.40 2.12 674.2
2004 4 13 12 46411.9 7.784 215.50 0.16 10.65 0.36 609.6
2004 4 14 12 46537.5 0.770 209.25 0.16 11.76 2.46 617.3
2004 4 15 12 46662.2 0.261 197.77 0.16 7.49 -2.14 516.9
2004 4 16 12 46785.8 1.343 208.21 0.16 9.03 -0.08 587.0
2004 4 17 12 46908.4 0.672 216.07 0.16 9.44 1.02 608.0
2004 4 18 12 47029.9 1.310 228.15 0.16 11.59 1.82 600.2
2004 4 19 12 47150.2 6.280 219.43 0.16 9.31 0.01 647.9
2004 4 20 12 47269.4 2.300 217.40 0.16 11.82 3.77 684.0
2004 4 21 12 47387.3 2.519 230.15 0.16 9.62 2.06 669.5
2004 4 22 12 47504.0 2.482 227.05 0.16 10.01 0.75 658.9
2004 4 23 12 47619.5 5.786 254.81 0.16 12.02 3.51 636.1
2004 4 24 12 47733.6 9.531 202.49 0.16 7.76 -0.19 611.3
2004 4 25 12 47846.4 4.668 250.99 0.16 13.67 4.29 705.4
2004 4 26 12 47957.8 6.689 228.98 0.16 10.06 2.93 665.9
2004 4 27 12 48067.8 2.896 227.08 0.16 10.16 1.19 592.9
2004 4 28 12 48176.4 3.399 237.25 0.16 13.52 6.17 750.9
2004 4 29 12 48283.5 0.531 214.49 0.16 11.54 3.15 679.4
2004 4 30 12 48389.0 7.554 231.98 0.16 14.15 5.54 756.3
2004 5 1 12 48493.1 4.152 231.06 0.16 13.22 5.24 689.7
2004 5 2 12 48595.5 13.064 242.29 0.16 15.13 7.27 729.0
2004 5 3 12 48696.4 1.347 241.56 0.16 16.01 6.96 708.8
2004 5 4 12 48795.7 1.956 240.59 0.16 12.81 4.70 668.5
2004 5 5 12 48893.3 4.870 237.74 0.16 14.38 5.35 675.5
2004 5 6 12 48989.2 1.801 249.57 0.16 14.07 6.80 729.7
2004 5 7 12 49083.3 0.767 238.03 0.16 13.24 5.27 722.0
2004 5 8 12 49175.8 0.378 253.25 0.16 16.20 7.81 742.9
2004 5 9 12 49266.4 3.526 222.64 0.16 17.34 9.77 813.6
2004 5 10 12 49355.3 2.299 228.94 0.16 14.76 6.10 722.3
2004 5 11 12 49442.4 1.731 250.96 0.16 15.06 5.58 658.9
2004 5 12 12 49527.6 6.140 233.21 0.16 16.20 7.27 671.7
2004 5 13 12 49610.9 0.316 235.50 0.16 16.00 6.88 758.9
2004 5 14 12 49692.3 5.571 221.05 0.16 11.92 2.01 644.8
2004 5 15 12 49771.8 0.427 231.03 0.16 13.66 6.05 791.1
2004 5 16 12 49849.4 0.385 238.81 0.16 14.89 5.68 684.3
2004 5 17 12 49924.9 7.106 235.58 0.16 16.20 9.41 771.2
2004 5 18 12 49998.5 5.278 254.69 0.16 17.58 9.10 764.1
2004 5 19 12 50070.1 10.888 261.58 0.16 15.13 6.11 703.4
2004 5 20 12 50139.7 1.917 236.53 0.16 18.73 10.04 761.8
2004 5 21 12 50207.1 2.612 279.93 0.16 17.84 9.40 801.3
2004 5 22 12 50272.5 8.721 238.67 0.16 17.53 9.02 779.8
2004 5 23 12 50335.9 4.077 227.19 0.16 19.12 10.03 773.3
2004 5 24 12 50397.0 0.525 283.09 0.16 17.18 9.07 813.5
2004 5 25 12 50456.1 7.179 259.88 0.16 17.63 9.34 761.8
2004 5 26 12 50513.0 5.216 239.56 0.16 17.93 10.31 814.8
2004 5 27 12 50567.8 2.649 266.62 0.16 14.47 6.36 719.0
2004 5 28 12 50620.3 6.328 271.32 0.16 17.26 10.78 790.1
2004 5 29 12 50670.7 5.203 261.49 0.16 17.38 8.85 788.5
2004 5 30 12 50718.8 0.169 264.44 0.16 15.69 7.54 807.2
2004 5 31 12 50764.8 8.789 266.43 0.16 19.32 11.41 831.3
2004 6 1 12 50808.5 3.477 237.36 0.16 19.22 10.76 805.1
2004 6 2 12 50849.9 0.200 247.25 0.16 17.85 8.82 842.3
2004 6 3 12 50889.0 4.433 243.92 0.16 21.87 14.56 909.3
2004 6 4 12 50925.9 7.743 233.55 0.16 22.01 12.83 853.9
2004 6 5 12 50960.5 3.973 259.21 0.16 20.21 11.77 847.1
2004 6 6 12 50992.8 1.326 239.21 0.16 21.63 12.60 876.6
2004 6 7 12 51022.8 0.706 275.48 0.16 21.43 12.09 828.5
2004 6 8 12 51050.5 3.969 257.56 0.16 21.78 13.31 822.5
2004 6 9 12 51075.8 9.316 237.51 0.16 22.79 14.64 947.2
2004 6 10 12 51098.8 2.491 247.38 0.16 17.19 7.63 747.8
2004 6 11 12 51119.5 0.263 271.98 0.16 19.07 10.43 864.0
2004 6 12 12 51137.8 12.862 266.29 0.16 21.45 13.09 871.8
2004 6 13 12 51153.7 8.553 251.21 0.16 21.78 12.71 901.7
2004 6 14 12 51167.4 1.712 279.88 0.16 19.35 10.34 802.7
2004 6 15 12 51178.6 0.110 229.03 0.16 18.11 9.66 764.9
2004 6 16 12 51187.5 0.051 278.66 0.16 17.82 9.22 807.6
2004 6 17 12 51194.0 2.754 247.81 0.16 23.49 15.15 885.8
2004 6 18 12 51198.1 3.200 283.26 0.16 23.19 14.66 909.9
2004 6 19 12 51199.9 4.763 268.80 0.16 20.98 13.17 909.3
2004 6 20 12 51199.3 10.033 270.68 0.16 22.33 15.19 950.9
2004 6 21 12 51196.4 1.738 268.96 0.16 21.01 12.23 798.2
2004 6 22 12 51191.0 0.642 264.51 0.16 21.04 13.67 936.0
2004 6 23 12 51183.3 5.946 255.83 0.16 23.78 15.66 907.8
2004 6 24 12 51173.3 5.332 258.68 0.16 20.87 11.85 842.5
2004 6 25 12 51160.8 1.391 270.13 0.16 24.55 16.02 1017.7
2004 6 26 12 51146.1 4.020 251.13 0.16 22.31 13.37 870.0
2004 6 27 12 51128.9 9.093 250.71 0.16 19.80 12.21 832.2
2004 6 28 12 51109.4 0.775 257.49 0.16 19.94 12.19 829.2
2004 6 29 12 51087.6 6.156 259.61 0.16 24.08 14.64 906.0
2004 6 30 12 51063.4 2.283 251.88 0.16 24.33 15.71 904.7
2004 7 1 12 51036.9 2.529 279.38 0.16 20.36 11.40 834.1
2004 7 2 12 51008.1 1.671 270.70 0.16 20.93 11.92 751.4
2004 7 3 12 50976.9 1.771 269.37 0.16 22.57 13.00 862.0
2004 7 4 12 50943.5 0.815 225.30 0.16 23.79 15.78 912.3
2004 7 5 12 50907.8 7.444 253.44 0.16 24.07 17.22 981.4
2004 7 6 12 50869.7 2.826 234.68 0.16 22.93 15.56 942.2
2004 7 7 12 50829.4 1.542 236.86 0.16 22.26 15.28 889.3
2004 7 8 12 50786.9 1.520 252.74 0.16 22.61 12.85 878.1
2004 7 9 12 50742.1 5.433 256.09 0.16 23.86 15.53 951.3
2004 7 10 12 50695.1 1.293 283.34 0.16 22.91 15.42 873.2
2004 7 11 12 50645.8 1.656 259.56 0.16 23.98 15.57 846.9
2004 7 12 12 50594.3 8.358 275.56 0.16 22.96 13.98 848.3
2004 7 13 12 50540.7 0.307 227.26 0.16 23.54 15.67 906.0
2004 7 14 12 50484.8 3.258 266.95 0.16 25.56 17.63 994.0
2004 7 15 12 50426.8 1.044 288.73 0.16 21.28 12.51 848.1
2004 7 16 12 50366.7 2.830 271.04 0.16 22.35 13.47 815.6
2004 7 17 12 50304.5 10.837 237.53 0.16 24.82 16.77 948.7
2004 7 18 12 50240.1 3.222 278.04 0.16 24.60 16.88 901.0
2004 7 19 12 50173.7 0.792 245.16 0.16 20.90 12.00 837.0
2004 7 20 12 50105.1 0.793 229.47 0.16 22.98 15.33 923.3
2004 7 21 12 50034.6 0.091 237.56 0.16 25.89 18.52 980.1
2004 7 22 12 49962.0 2.466 232.86 0.16 23.49 14.60 889.1
2004 7 23 12 49887.4 4.761 235.17 0.16 23.01 14.28 873.4
2004 7 24 12 49810.8 1.105 224.50 0.16 22.89 13.47 835.7
2004 7 25 12 49732.3 7.481 230.15 0.16 23.16 15.88 880.8
2004 7 26 12 49651.8 2.347 249.33 0.16 21.87 13.31 905.0
2004 7 27 12 49569.5 3.499 246.47 0.16 24.01 15.77 885.8
2004 7 28 12 49485.2 0.312 241.29 0.16 21.53 14.32 913.6
2004 7 29 12 49399.1 6.030 263.25 0.16 23.05 14.02 869.6
2004 7 30 12 49311.1 4.053 252.67 0.16 23.73 15.22 932.0
2004 7 31 12 49221.3 0.595 276.74 0.16 23.06 13.54 840.6
2004 8 1 12 49129.8 7.102 225.63 0.16 23.18 14.04 895.0
2004 8 2 12 49036.5 2.165 228.51 0.16 23.78 14.81 894.0
2004 8 3 12 48941.4 12.878 247.14 0.16 22.24 14.63 880.6
2004 8 4 12 48844.7 0.235 236.39 0.16 22.48 11.98 819.2
2004 8 5 12 48746.2 0.382 228.55 0.16 21.61 13.46 841.5
2004 8 6 12 48646.2 0.514 219.16 0.16 21.51 13.77 856.1
2004 8 7 12 48544.5 1.859 244.00 0.16 21.69 12.61 880.9
2004 8 8 12 48441.3 1.916 213.85 0.16 22.42 13.17 910.9
2004 8 9 12 48336.4 3.562 234.19 0.16 22.51 14.13 887.1
2004 8 10 12 48230.1 2.091 221.07 0.16 23.21 14.45 886.5
2004 8 11 12 48122.3 1.185 252.55 0.16 22.49 12.99 826.4
2004 8 12 12 48013.0 1.383 222.46 0.16 21.04 12.92 866.6
2004 8 13 12 47902.3 0.589 226.29 0.16 22.25 13.28 758.3
2004 8 14 12 47790.2 5.237 201.36 0.16 23.34 15.51 898.7
2004 8 15 12 47676.7 2.706 245.09 0.16 19.64 12.32 856.7
2004 8 16 12 47561.9 1.046 198.84 0.16 21.16 13.12 918.2
2004 8 17 12 47445.8 5.152 228.08 0.16 21.76 13.06 870.8
2004 8 18 12 47328.5 1.620 208.19 0.16 19.48 10.80 822.0
2004 8 19 12 47209.9 2.732 200.56 0.16 23.37 13.64 865.3
2004 8 20 12 47090.2 1.294 206.19 0.16 23.19 14.97 914.2
2004 8 21 12 46969.3 3.918 200.11 0.16 20.45 12.29 827.4
2004 8 22 12 46847.3 0.363 228.68 0.16 18.29 10.22 776.4
2004 8 23 12 46724.2 0.280 207.47 0.16 18.88 10.47 784.7
2004 8 24 12 46600.0 0.306 231.20 0.16 21.84 12.67 879.6
2004 8 25 12 46474.8 0.678 203.90 0.16 20.24 11.68 769.7
2004 8 26 12 46348.7 1.657 197.21 0.16 23.20 15.48 953.0
2004 8 27 12 46221.7 4.994 221.21 0.16 20.75 10.86 818.8
2004 8 28 12 46093.7 4.008 221.79 0.16 16.87 9.74 841.0
2004 8 29 12 45964.9 0.965 219.17 0.16 21.68 14.14 884.0
2004 8 30 12 45835.3 0.353 200.78 0.16 20.91 14.21 864.5
2004 8 31 12 45704.9 0.934 216.19 0.16 17.67 8.31 763.3
2004 9 1 12 45573.7 4.504 181.93 0.16 20.09 11.75 847.2
2004 9 2 12 45441.8 1.303 203.44 0.16 21.51 12.46 859.4
2004 9 3 12 45309.3 1.010 229.00 0.16 18.69 10.33 810.0
2004 9 4 12 45176.2 1.729 193.57 0.16 18.64 10.42 781.2
2004 9 5 12 45042.4 1.608 202.35 0.16 20.43 13.31 881.4
2004 9 6 12 44908.2 0.217 210.66 0.16 18.40 9.40 812.6
2004 9 7 12 44773.4 1.886 171.78 0.16 17.76 9.49 785.9
2004 9 8 12 44638.1 1.890 174.60 0.16 16.85 10.07 754.3
2004 9 9 12 44502.5 0.665 197.63 0.16 18.21 10.80 823.4
2004 9 10 12 44366.4 0.276 194.22 0.16 19.61 11.55 817.4
2004 9 11 12 44230.0 3.772 184.68 0.16 18.23 9.24 733.9
2004 9 12 12 44093.3 3.684 180.64 0.16 20.21 11.62 817.4
2004 9 13 12 43956.3 1.561 182.72 0.16 18.67 10.35 729.5
2004 9 14 12 43819.1 0.916 183.89 0.16 20.62 12.18 849.8
2004 9 15 12 43681.7 0.256 188.56 0.16 15.73 7.10 705.0
2004 9 16 12 43544.2 0.919 214.19 0.16 14.31 5.44 703.7
2004 9 17 12 43406.5 0.725 175.01 0.16 18.21 11.14 826.4
2004 9 18 12 43268.9 2.567 170.36 0.16 16.74 7.83 714.8
2004 9 19 12 43131.1 0.269 150.67 0.16 16.12 6.98 716.0
2004 9 20 12 42993.5 0.972 175.82 0.16 16.67 7.64 761.5
2004 9 21 12 42855.8 0.467 175.71 0.16 17.31 9.82 816.4
2004 9 22 12 42718.3 0.445 183.86 0.16 17.45 9.66 835.8
2004 9 23 12 42580.9 3.695 172.02 0.16 16.45 8.12 779.9
2004 9 24 12 42443.7 1.575 169.34 0.16 17.15 8.04 742.8
2004 9 25 12 42306.7 1.372 179.45 0.16 16.67 8.30 767.1
2004 9 26 12 42170.0 1.341 158.43 0.16 17.23 9.87 860.5
2004 9 27 12 42033.6 1.336 166.39 0.16 15.29 5.51 675.1
2004 9 28 12 41897.5 1.159 191.50 0.16 14.82 5.64 714.2
2004 9 29 12 41761.9 2.451 170.15 0.16 15.83 9.16 762.2
2004 9 30 12 41626.6 0.637 169.83 0.16 12.81 4.48 613.0
2004 10 1 12 41491.8 2.963 149.78 0.16 17.49 10.16 816.9
2004 10 2 12 41357.6 3.190 144.98 0.16 13.52 5.96 693.8
2004 10 3 12 41223.8 1.571 142.75 0.16 14.19 5.07 707.9
2004 10 4 12 41090.7 0.776 174.05 0.16 11.70 3.23 641.4
2004 10 5 12 40958.2 0.633 126.25 0.16 11.95 2.60 634.0
2004 10 6 12 40826.3 0.288 138.80 0.16 15.46 7.03 753.6
2004 10 7 12 40695.1 0.748 166.11 0.16 14.47 5.49 729.5
2004 10 8 12 40564.7 2.074 134.49 0.16 14.71 6.10 696.5
2004 10 9 12 40435.1 1.691 170.14 0.16 10.94 1.95 672.1
2004 10 10 12 40306.3 0.925 134.83 0.16 11.76 2.55 588.0
2004 10 11 12 40178.3 1.549 149.66 0.16 15.01 5.15 729.9
2004 10 12 12 40051.3 0.353 153.25 0.16 12.30 2.50 712.0
2004 10 13 12 39925.2 2.284 123.15 0.16 10.64 3.37 684.3
2004 10 14 12 39800.0 0.648 175.20 0.16 12.64 5.68 673.2
2004 10 15 12 39675.8 2.719 177.98 0.16 11.28 2.12 654.5
2004 10 16 12 39552.7 0.833 120.89 0.16 9.27 2.82 693.4
2004 10 17 12 39430.7 0.304 148.21 0.16 11.28 3.53 710.6
2004 10 18 12 39309.8 0.548 147.78 0.16 10.77 2.26 603.4
2004 10 19 12 39190.1 1.991 143.72 0.16 10.34 2.55 652.2
2004 10 20 12 39071.5 3.567 106.15 0.16 10.39 1.27 603.4
2004 10 21 12 38954.2 0.345 162.66 0.16 9.16 0.75 650.3
2004 10 22 12 38838.1 3.280 134.62 0.16 10.70 1.79 609.2
2004 10 23 12 38723.3 0.242 130.76 0.16 12.72 3.87 650.2
2004 10 24 12 38609.8 1.755 118.42 0.16 8.88 0.59 633.4
2004 10 25 12 38497.7 2.102 126.37 0.16 9.86 0.56 560.3
2004 10 26 12 38387.0 0.681 131.31 0.16 8.84 0.36 624.2
2004 10 27 12 38277.7 0.869 136.30 0.16 9.22 2.32 663.2
2004 10 28 12 38169.9 1.896 140.65 0.16 8.69 0.45 645.6
2004 10 29 12 38063.6 2.516 108.70 0.16 10.46 2.52 586.1
2004 10 30 12 37958.7 0.037 118.66 0.16 8.24 -1.38 583.6
2004 10 31 12 37855.5 0.429 144.38 0.16 9.02 0.47 571.1
2004 11 1 12 37753.8 2.068 108.38 0.16 8.99 0.49 604.4
2004 11 2 12 37653.8 0.210 143.06 0.16 7.76 1.40 569.8
2004 11 3 12 37555.3 1.960 114.40 0.16 7.41 -1.37 577.3
2004 11 4 12 37458.6 0.411 105.20 0.16 7.18 -0.58 572.0
2004 11 5 12 37363.5 0.035 112.83 0.16 5.22 -2.03 538.2
2004 11 6 12 37270.2 0.966 119.92 0.16 5.63 -3.16 514.9
2004 11 7 12 37178.7 1.753 123.38 0.16 10.16 1.03 603.1
2004 11 8 12 37088.9 2.078 103.87 0.16 4.30 -3.87 572.7
2004 11 9 12 37000.9 1.455 130.98 0.16 5.73 -2.89 575.3
2004 11 10 12 36914.8 0.672 141.28 0.16 7.38 -1.82 619.8
2004 11 11 12 36830.5 0.276 139.66 0.16 5.52 -2.42 553.5
2004 11 12 12 36748.2 0.217 97.13 0.16 6.74 -0.26 639.0
2004 11 13 12 36667.7 0.715 139.27 0.16 5.44 -3.66 511.1
2004 11 14 12 36589.2 1.620 106.92 0.16 7.99 0.32 562.2
2004 11 15 12 36512.6 0.714 96.58 0.16 2.69 -6.04 534.5
2004 11 16 12 36438.0 0.736 128.27 0.16 5.10 -3.77 480.6
2004 11 17 12 36365.4 0.173 100.01 0.16 6.13 -2.83 547.6
2004 11 18 12 36294.9 0.459 118.48 0.16 6.37 -1.38 612.6
2004 11 19 12 36226.3 1.348 105.78 0.16 5.39 -2.04 487.2
2004 11 20 12 36159.9 0.072 122.34 0.16 5.74 -2.62 552.3
2004 11 21 12 36095.5 1.023 99.64 0.16 4.54 -2.90 566.4
2004 11 22 12 36033.3 0.993 90.80 0.16 5.40 -2.95 523.1
2004 11 23 12 35973.2 0.430 99.18 0.16 7.01 -2.36 559.8
2004 11 24 12 35915.2 0.713 122.12 0.16 3.02 -4.26 502.7
2004 11 25 12 35859.3 2.400 97.51 0.16 4.63 -3.72 571.9
2004 11 26 12 35805.7 1.348 118.56 0.16 2.77 -5.28 572.0
2004 11 27 12 35754.2 0.631 107.13 0.16 2.39 -6.01 532.0
2004 11 28 12 35704.9 0.467 115.61 0.16 1.76 -7.60 428.8
2004 11 29 12 35657.9 0.387 91.41 0.16 3.85 -5.33 512.4
2004 11 30 12 35613.1 0.422 85.77 0.16 3.29 -4.90 525.6
2004 12 1 12 35570.6 2.495 96.30 0.16 2.92 -6.24 417.3
2004 12 2 12 35530.3 0.141 105.94 0.16 4.98 -3.11 499.8
2004 12 3 12 35492.2 0.385 83.69 0.16 4.23 -4.98 515.6
2004 12 4 12 35456.5 3.114 91.50 0.16 1.76 -7.31 408.2
2004 12 5 12 35423.1 1.194 83.31 0.16 -2.32 -10.24 405.7
2004 12 6 12 35391.9 0.176 94.79 0.16 0.45 -7.62 454.9
2004 12 7 12 35363.1 1.418 114.62 0.16 1.80 -7.35 431.6
2004 12 8 12 35336.6 1.037 87.98 0.16 2.41 -5.95 539.1
2004 12 9 12 35312.4 6.246 101.44 0.16 1.68 -7.68 455.5
2004 12 10 12 35290.6 0.098 93.49 0.16 2.49 -5.51 513.7
2004 12 11 12 35271.1 0.586 86.67 0.16 4.51 -5.54 470.4
2004 12 12 12 35253.9 0.642 115.53 0.16 3.17 -5.01 468.2
2004 12 13 12 35239.2 0.895 94.85 0.16 0.43 -9.03 411.6
2004 12 14 12 35226.7 2.182 98.88 0.16 -0.79 -10.40 428.2
2004 12 15 12 35216.7 2.406 101.70 0.16 0.25 -8.21 442.3
2004 12 16 12 35209.0 0.043 82.45 0.16 -1.73 -8.43 434.2
2004 12 17 12 35203.6 0.118 111.89 0.16 -1.38 -8.22 474.6
2004 12 18 12 35200.7 0.646 106.70 0.16 1.17 -7.13 440.5
2004 12 19 12 35200.1 1.518 95.91 0.16 0.26 -7.44 483.7
2004 12 20 12 35201.9 1.101 104.89 0.16 -0.35 -7.72 444.1
2004 12 21 12 35206.0 2.846 97.54 0.16 1.81 -7.15 412.6
2004 12 22 12 35212.5 0.626 102.06 0.16 2.31 -5.87 458.1
2004 12 23 12 35221.4 0.165 110.13 0.16 1.75 -5.59 481.0
2004 12 24 12 35232.6 0.437 112.26 0.16 0.62 -7.88 461.8
2004 12 25 12 35246.3 0.630 96.45 0.16 -0.45 -8.82 464.9
2004 12 26 12 35262.2 4.001 112.02 0.16 2.44 -5.02 495.9
2004 12 27 12 35280.5 0.899 95.32 0.16 -0.53 -9.15 399.4
2004 12 28 12 35301.2 0.925 100.22 0.16 1.86 -6.39 501.6
2004 12 29 12 35324.2 2.552 89.44 0.16 0.73 -8.11 453.7
2004 12 30 12 35349.5 2.040 101.68 0.16 -0.44 -9.99 396.9
2004 12 31 12 35377.2 0.748 81.77 0.16 3.45 -3.60 506.2
2005 1 1 12 35377.2 1.987 118.15 0.16 1.06 -6.98 492.6
2005 1 2 12 35407.2 1.829 81.78 0.16 -2.78 -11.40 413.5
2005 1 3 12 35439.5 0.350 88.43 0.16 -4.48 -12.55 315.2
2005 1 4 12 35474.1 3.722 99.69 0.16 1.11 -8.20 422.2
2005 1 5 12 35511.0 2.744 119.21 0.16 0.40 -7.64 410.8
2005 1 6 12 35550.1 1.298 114.62 0.16 1.09 -9.17 468.1
2005 1 7 12 35591.5 3.476 102.24 0.16 1.57 -6.82 490.9
2005 1 8 12 35635.2 2.365 94.27 0.16 -3.21 -12.08 367.3
2005 1 9 12 35681.2 3.760 92.05 0.16 -1.60 -10.41 378.2
2005 1 10 12 35729.3 1.538 89.99 0.16 -3.28 -11.74 322.5
2005 1 11 12 35779.7 1.433 101.54 0.16 0.33 -8.07 487.5
2005 1 12 12 35832.2 2.401 102.11 0.16 -0.09 -8.82 350.0
2005 1 13 12 35887.0 3.497 120.54 0.16 -0.02 -8.72 432.9
2005 1 14 12 35943.9 2.436 103.43 0.16 -2.20 -11.57 380.2
2005 1 15 12 36003.0 2.480 122.88 0.16 -1.62 -9.90 438.7
2005 1 16 12 36064.1 0.309 125.15 0.16 -2.39 -9.87 405.0
2005 1 17 12 36127.5 3.058 140.56 0.16 -1.72 -9.30 440.4
2005 1 18 12 36192.9 3.474 117.66 0.16 1.14 -7.23 453.6
2005 1 19 12 36260.3 4.754 114.53 0.16 -0.22 -7.60 422.2
2005 1 20 12 36329.9 2.110 120.12 0.16 -0.93 -9.30 392.3
2005 1 21 12 36401.5 0.447 118.16 0.16 -0.00 -7.74 464.2
2005 1 22 12 36475.1 5.644 121.38 0.16 0.88 -7.80 445.9
2005 1 23 12 36550.6 0.589 92.32 0.16 -3.16 -10.51 407.2
2005 1 24 12 36628.2 3.054 106.44 0.16 -2.92 -11.39 371.9
2005 1 25 12 36707.7 1.516 88.26 0.16 -0.13 -7.78 428.2
2005 1 26 12 36789.1 4.549 142.23 0.16 1.23 -7.51 410.6
2005 1 27 12 36872.4 4.966 99.23 0.16 -0.16 -8.69 442.5
2005 1 28 12 36957.6 4.106 135.42 0.16 0.55 -8.58 456.0
2005 1 29 12 37044.7 2.210 118.69 0.16 -0.21 -8.17 431.4
2005 1 30 12 37133.6 2.960 120.11 0.16 -2.15 -10.83 418.6
2005 1 31 12 37224.2 0.428 133.48 0.16 2.03 -5.50 521.3
2005 2 1 12 37316.7 7.028 101.44 0.16 0.56 -6.79 489.5
2005 2 2 12 37410.8 1.388 142.43 0.16 -3.02 -10.37 440.1
2005 2 3 12 37506.7 3.021 128.04 0.16 -1.95 -10.18 418.5
2005 2 4 12 37604.3 0.437 127.73 0.16 -1.25 -10.61 363.9
2005 2 5 12 37703.6 1.705 169.16 0.16 0.49 -7.56 448.8
2005 2 6 12 37804.5 0.772 143.33 0.16 -0.08 -10.07 361.1
2005 2 7 12 37906.9 2.405 129.73 0.16 -1.12 -9.01 414.8
2005 2 8 12 38011.0 8.271 106.57 0.16 1.12 -7.01 402.4
2005 2 9 12 38116.5 2.946 124.40 0.16 0.00 -9.09 382.6
2005 2 10 12 38223.6 3.127 112.85 0.16 -1.67 -10.24 378.5
2005 2 11 12 38332.2 4.474 123.26 0.16 2.91 -5.76 497.2
2005 2 12 12 38442.2 1.829 130.92 0.16 -0.03 -7.58 448.9
2005 2 13 12 38553.6 2.613 126.10 0.16 1.52 -6.07 468.3
2005 2 14 12 38666.4 1.757 136.73 0.16 0.17 -7.91 470.6
2005 2 15 12 38780.5 0.820 132.69 0.16 -0.91 -8.47 419.9
2005 2 16 12 38896.0 6.757 139.45 0.16 -1.71 -10.76 340.6
2005 2 17 12 39012.7 0.925 136.99 0.16 0.79 -5.54 536.5
2005 2 18 12 39130.6 0.103 143.07 0.16 -1.61 -9.54 415.7
2005 2 19 12 39249.8 1.374 140.16 0.16 0.17 -7.46 442.9
2005 2 20 12 39370.1 0.064 167.45 0.16 1.91 -7.32 494.2
2005 2 21 12 39491.6 0.266 158.67 0.16 0.92 -7.09 472.7
2005 2 22 12 39614.2 1.473 134.38 0.16 1.51 -7.46 443.1
2005 2 23 12 39737.8 10.463 124.43 0.16 0.00 -9.59 390.3
2005 2 24 12 39862.5 3.385 160.92 0.16 0.61 -7.74 407.5
2005 2 25 12 39988.1 1.789 173.34 0.16 1.65 -7.57 423.7
2005 2 26 12 40114.7 0.712 147.77 0.16 1.85 -6.67 470.8
2005 2 27 12 40242.2 2.461 148.31 0.16 2.51 -7.99 484.8
2005 2 28 12 40370.6 5.430 160.72 0.16 1.62 -6.51 518.5
2005 3 1 12 40499.8 0.877 132.77 0.16 -0.97 -9.62 404.9
2005 3 2 12 40629.8 3.092 148.00 0.16 3.68 -3.31 514.5
2005 3 3 12 40760.6 6.935 135.60 0.16 2.92 -7.17 495.5
2005 3 4 12 40892.1 0.892 156.57 0.16 5.28 -3.47 533.2
2005 3 5 12 41024.3 3.100 152.39 0.16 2.11 -5.23 476.9
2005 3 6 12 41157.2 0.070 165.28 0.16 1.37 -5.75 453.1
2005 3 7 12 41290.6 5.271 181.98 0.16 3.43 -4.19 504.2
2005 3 8 12 41424.6 1.711 189.25 0.16 4.25 -2.73 477.3
2005 3 9 12 41559.2 7.188 170.33 0.16 4.58 -3.45 529.9
2005 3 10 12 41694.2 1.329 167.59 0.16 2.19 -6.72 445.0
2005 3 11 12 41829.7 7.666 174.72 0.16 5.22 -3.38 500.0
2005 3 12 12 41965.5 6.976 171.21 0.16 3.19 -5.66 473.3
2005 3 13 12 42101.8 2.611 187.88 0.16 5.65 -2.10 558.7
2005 3 14 12 42238.3 8.885 149.10 0.16 3.51 -4.27 532.7
2005 3 15 12 42375.2 3.254 175.13 0.16 1.73 -6.90 478.9
2005 3 16 12 42512.3 0.559 186.97 0.16 6.11 -1.84 569.4
2005 3 17 12 42649.6 5.309 172.32 0.16 2.82 -4.44 514.5
2005 3 18 12 42787.0 0.231 129.62 0.16 1.95 -6.73 513.6
2005 3 19 12 42924.6 2.011 179.61 0.16 5.26 -2.24 569.0
2005 3 20 12 43062.3 4.860 156.50 0.16 3.35 -3.33 519.5
2005 3 21 12 43200.0 0.934 190.78 0.16 4.03 -5.00 512.5
2005 3 22 12 43337.7 0.413 186.65 0.16 6.55 -1.60 527.1
2005 3 23 12 43475.4 3.348 166.89 0.16 6.20 -1.11 583.5
2005 3 24 12 43613.0 0.931 187.37 0.16 7.00 -2.67 569.8
2005 3 25 12 43750.4 2.847 213.72 0.16 6.19 -0.70 551.5
2005 3 26 12 43887.7 12.697 177.46 0.16 7.71 0.17 612.0
2005 3 27 12 44024.8 2.062 170.67 0.16 5.54 -1.95 533.0
2005 3 28 12 44161.7 5.891 190.16 0.16 4.61 -4.61 512.6
2005 3 29 12 44298.2 0.320 202.24 0.16 6.22 -2.18 549.4
2005 3 30 12 44434.5 5.565 189.27 0.16 8.13 0.10 627.0
2005 3 31 12 44570.3 1.133 186.12 0.16 6.54 -0.40 584.5
2005 4 1 12 44705.8 0.931 198.62 0.16 10.41 2.20 579.1
2005 4 2 12 44840.8 1.140 181.38 0.16 5.21 -3.03 577.5
2005 4 3 12 44975.4 0.833 169.87 0.16 9.12 -1.15 595.3
2005 4 4 12 45109.4 5.375 200.13 0.16 8.00 -1.35 572.2
2005 4 5 12 45242.8 2.716 204.58 0.16 8.37 0.13 603.5
2005 4 6 12 45375.7 3.469 180.28 0.16 5.81 -1.99 554.4
2005 4 7 12 45507.9 2.757 229.78 0.16 8.91 1.45 643.3
2005 4 8 12 45639.4 2.401 210.84 0.16 8.43 -1.39 591.6
2005 4 9 12 45770.2 0.993 203.28 0.16 6.09 -2.09 586.7
2005 4 10 12 45900.2 0.814 197.58 0.16 9.35 1.25 613.5
2005 4 11 12 46029.4 4.867 196.47 0.16 9.56 0.34 543.7
2005 4 12 12 46157.8 1.047 212.78 0.16 8.53 0.20 615.6
2005 4 13 12 46285.3 3.699 179.06 0.16 10.10 1.75 608.5
2005 4 14 12 46411.9 1.960 191.34 0.16 7.41 -0.17 530.2
2005 4 15 12 46537.5 0.667 221.37 0.16 12.87 4.74 707.1
2005 4 16 12 46662.2 13.359 200.81 0.16 8.26 0.29 628.7
2005 4 17 12 46785.8 1.300 232.24 0.16 11.27 1.76 692.3
2005 4 18 12 46908.4 1.065 219.24 0.16 12.04 2.92 613.4
2005 4 19 12 47029.9 4.843 204.54 0.16 8.38 0.20 571.5
2005 4 20 12 47150.2 7.840 212.95 0.16 11.64 3.28 659.3
2005 4 21 12 47269.4 6.522 210.46 0.16 11.91 3.23 661.6
2005 4 22 12 47387.3 0.097 230.32 0.16 14.20 4.58 681.2
2005 4 23 12 47504.0 1.296 208.16 0.16 12.96 4.92 720.9
2005 4 24 12 47619.5 2.475 207.12 0.16 13.22 5.60 664.4
2005 4 25 12 47733.6 11.065 236.26 0.16 12.15 3.34 649.1
2005 4 26 12 47846.4 3.110 242.86 0.16 10.48 2.18 675.6
2005 4 27 12 47957.8 0.895 262.40 0.16 12.09 2.23 639.0
2005 4 28 12 48067.8 1.120 227.16 0.16 11.38 3.11 714.1
2005 4 29 12 48176.4 3.948 227.53 0.16 14.12 6.00 689.6
2005 4 30 12 48283.5 5.171 214.86 0.16 14.73 5.46 739.3
2005 5 1 12 48389.0 2.466 262.68 0.16 13.73 5.47 727.5
2005 5 2 12 48493.1 2.862 233.15 0.16 12.26 3.46 642.6
2005 5 3 12 48595.5 5.025 231.42 0.16 15.31 4.73 698.3
2005 5 4 12 48696.4 0.913 242.42 0.16 10.43 1.59 655.3
2005 5 5 12 48795.7 5.160 249.18 0.16 14.31 7.44 774.2
2005 5 6 12 48893.3 0.357 226.71 0.16 13.11 3.36 675.3
2005 5 7 12 48989.2 3.579 237.62 0.16 16.00 8.06 721.8
2005 5 8 12 49083.3 2.250 226.78 0.16 16.05 8.71 729.0
2005 5 9 12 49175.8 9.099 224.10 0.16 16.37 8.60 808.7
2005 5 10 12 49266.4 2.439 250.35 0.16 13.93 5.48 694.5
2005 5 11 12 49355.3 2.160 245.17 0.16 15.24 5.36 716.6
2005 5 12 12 49442.4 2.833 240.31 0.16 14.39 6.38 734.9
2005 5 13 12 49527.6 1.216 247.90 0.16 17.23 10.35 802.5
2005 5 14 12 49610.9 2.106 235.61 0.16 15.25 6.63 766.3
2005 5 15 12 49692.3 2.934 255.04 0.16 16.08 8.53 778.8
2005 5 16 12 49771.8 0.719 240.68 0.16 13.87 4.69 694.0
2005 5 17 12 49849.4 10.763 216.90 0.16 16.41 8.18 793.7
2005 5 18 12 49924.9 2.796 242.49 0.16 15.94 7.03 712.0
2005 5 19 12 49998.5 1.316 262.17 0.16 18.22 9.56 808.0
2005 5 20 12 50070.1 4.441 272.62 0.16 17.65 6.99 807.5
2005 5 21 12 50139.7 0.233 238.64 0.16 14.50 6.96 716.1
2005 5 22 12 50207.1 6.524 237.24 0.16 17.77 10.96 850.0
2005 5 23 12 50272.5 2.186 256.73 0.16 15.81 7.05 737.8
2005 5 24 12 50335.9 0.839 281.44 0.16 20.49 13.72 908.5
2005 5 25 12 50397.0 3.426 240.73 0.16 17.68 9.03 760.7
2005 5 26 12 50456.1 5.755 232.86 0.16 14.24 5.18 670.8
2005 5 27 12 50513.0 2.500 233.37 0.16 19.15 10.71 805.5
2005 5 28 12 50567.8 0.008 263.53 0.16 17.24 8.66 751.0
2005 5 29 12 50620.3 2.225 250.59 0.16 19.82 11.71 866.3
2005 5 30 12 50670.7 5.340 243.45 0.16 20.47 13.37 864.4
2005 5 31 12 50718.8 7.773 243.04 0.16 16.82 8.69 731.4
2005 6 1 12 50764.8 14.339 256.39 0.16 18.78 10.97 777.7
2005 6 2 12 50808.5 3.361 240.58 0.16 16.46 7.62 705.5
2005 6 3 12 50849.9 2.402 228.32 0.16 18.11 9.14 820.2
2005 6 4 12 50889.0 0.906 243.35 0.16 21.70 13.75 836.9
2005 6 5 12 50925.9 4.634 257.68 0.16 18.39 10.90 823.5
2005 6 6 12 50960.5 1.432 247.90 0.16 18.81 10.36 792.2
2005 6 7 12 50992.8 2.856 271.36 0.16 18.68 11.23 797.6
2005 6 8 12 51022.8 4.612 281.96 0.16 19.35 13.08 865.0
2005 6 9 12 51050.5 1.259 265.01 0.16 21.92 13.70 874.9
2005 6 10 12 51075.8 3.517 228.55 0.16 21.26 13.51 869.8
2005 6 11 12 51098.8 17.920 268.40 0.16 18.77 11.29 878.9
2005 6 12 12 51119.5 3.374 243.41 0.16 22.30 12.92 890.8
2005 6 13 12 51137.8 3.055 260.21 0.16 18.06 9.38 778.0
2005 6 14 12 51153.7 1.566 264.55 0.16 20.58 12.25 822.9
2005 6 15 12 51167.4 11.527 229.47 0.16 19.48 10.28 790.1
2005 6 16 12 51178.6 1.533 259.87 0.16 19.35 11.84 800.6
2005 6 17 12 51187.5 6.786 252.58 0.16 21.63 12.15 847.4
2005 6 18 12 51194.0 1.444 259.33 0.16 21.84 10.85 764.6
2005 6 19 12 51198.1 1.351 245.92 0.16 23.19 14.34 867.0
2005 6 20 12 51199.9 4.291 245.31 0.16 23.85 17.78 913.7
2005 6 21 12 51199.3 1.588 271.86 0.16 23.02 12.75 834.6
2005 6 22 12 51196.4 2.883 260.30 0.16 20.21 14.57 881.7
2005 6 23 12 51191.0 3.005 250.58 0.16 21.73 13.79 840.4
2005 6 24 12 51183.3 2.082 252.92 0.16 21.96 12.88 855.4
2005 6 25 12 51173.3 3.646 276.16 0.16 19.83 10.79 856.8
2005 6 26 12 51160.8 1.746 271.38 0.16 21.83 13.41 922.4
2005 6 27 12 51146.1 2.184 234.14 0.16 20.78 12.23 828.9
2005 6 28 12 51128.9 2.096 272.10 0.16 23.23 16.31 904.1
2005 6 29 12 51109.4 3.263 250.49 0.16 21.68 13.02 883.2
2005 6 30 12 51087.6 1.719 253.46 0.16 21.73 14.03 849.5
2005 7 1 12 51063.4 0.674 246.13 0.16 18.32 10.32 781.2
2005 7 2 12 51036.9 2.144 233.39 0.16 23.05 13.98 896.2
2005 7 3 12 51008.1 2.072 244.64 0.16 21.33 12.58 853.3
2005 7 4 12 50976.9 1.397 221.38 0.16 23.26 15.42 934.1
2005 7 5 12 50943.5 0.703 283.92 0.16 23.30 15.46 917.0
2005 7 6 12 50907.8 7.434 263.57 0.16 23.14 15.86 955.6
2005 7 7 12 50869.7 4.238 255.06 0.16 22.88 15.49 907.7
2005 7 8 12 50829.4 0.773 261.05 0.16 22.83 14.93 928.1
2005 7 9 12 50786.9 1.695 262.74 0.16 22.91 13.92 909.9
2005 7 10 12 50742.1 2.297 259.70 0.16 21.59 13.20 899.5
2005 7 11 12 50695.1 1.268 287.01 0.16 21.74 14.34 884.4
2005 7 12 12 50645.8 0.966 256.73 0.16 21.38 12.61 859.9
2005 7 13 12 50594.3 3.059 241.91 0.16 22.98 15.77 894.0
2005 7 14 12 50540.7 0.689 235.18 0.16 22.60 12.48 882.7
2005 7 15 12 50484.8 2.779 241.88 0.16 22.78 14.41 900.5
2005 7 16 12 50426.8 1.845 242.15 0.16 24.66 16.31 926.4
2005 7 17 12 50366.7 0.690 245.81 0.16 22.44 13.88 863.8
2005 7 18 12 50304.5 2.178 257.68 0.16 21.76 12.98 929.0
2005 7 19 12 50240.1 2.315 275.89 0.16 24.59 16.18 959.3
2005 7 20 12 50173.7 0.421 256.95 0.16 23.44 16.17 918.6
2005 7 21 12 50105.1 1.734 264.45 0.16 22.49 14.22 924.4
2005 7 22 12 50034.6 1.980 244.31 0.16 25.24 17.01 964.1
2005 7 23 12 49962.0 8.985 249.37 0.16 24.31 15.55 939.1
2005 7 24 12 49887.4 2.189 263.70 0.16 25.33 16.74 925.8
2005 7 25 12 49810.8 1.209 227.99 0.16 25.23 17.44 953.4
2005 7 26 12 49732.3 0.633 252.07 0.16 23.27 14.70 889.4
2005 7 27 12 49651.8 0.230 233.48 0.16 19.95 12.86 789.9
2005 7 28 12 49569.5 9.827 241.38 0.16 23.50 14.83 926.8
2005 7 29 12 49485.2 1.024 247.36 0.16 25.06 15.73 920.1
2005 7 30 12 49399.1 0.995 232.28 0.16 24.25 16.44 946.8
2005 7 31 12 49311.1 2.198 234.15 0.16 24.03 15.89 891.8
2005 8 1 12 49221.3 5.071 241.57 0.16 19.87 11.56 824.2
2005 8 2 12 49129.8 4.654 246.16 0.16 19.05 11.88 785.7
2005 8 3 12 49036.5 0.764 256.18 0.16 24.24 15.81 955.6
2005 8 4 12 48941.4 1.735 244.40 0.16 21.73 12.87 860.1
2005 8 5 12 48844.7 0.192 232.53 0.16 21.12 12.66 831.2
2005 8 6 12 48746.2 0.179 237.69 0.16 18.79 9.42 804.6
2005 8 7 12 48646.2 1.710 217.50 0.16 25.05 17.19 910.9
2005 8 8 12 48544.5 0.341 249.15 0.16 22.49 14.12 932.3
2005 8 9 12 48441.3 1.189 234.87 0.16 23.89 14.77 876.9
2005 8 10 12 48336.4 4.465 204.11 0.16 20.82 10.24 769.9
2005 8 11 12 48230.1 2.434 211.38 0.16 23.30 14.85 908.1
2005 8 12 12 48122.3 6.812 242.48 0.16 21.20 14.09 878.9
2005 8 13 12 48013.0 0.794 226.24 0.16 22.67 14.50 880.9
2005 8 14 12 47902.3 0.436 205.09 0.16 22.99 15.81 904.7
2005 8 15 12 47790.2 2.650 216.37 0.16 20.42 11.61 868.2
2005 8 16 12 47676.7 0.725 227.93 0.16 19.70 9.55 784.9
2005 8 17 12 47561.9 0.670 224.49 0.16 20.76 13.00 868.7
2005 8 18 12 47445.8 0.647 243.09 0.16 21.24 13.60 834.9
2005 8 19 12 47328.5 2.500 222.09 0.16 21.72 13.85 873.4
2005 8 20 12 47209.9 0.473 227.89 0.16 20.90 10.44 834.7
2005 8 21 12 47090.2 0.533 214.23 0.16 19.20 10.76 832.7
2005 8 22 12 46969.3 6.435 197.24 0.16 19.98 12.85 872.3
2005 8 23 12 46847.3 2.158 211.01 0.16 21.37 13.08 862.0
2005 8 24 12 46724.2 4.181 225.81 0.16 20.24 12.10 856.7
2005 8 25 12 46600.0 3.360 207.97 0.16 20.74 12.32 861.8
2005 8 26 12 46474.8 0.216 235.50 0.16 19.91 11.82 883.9
2005 8 27 12 46348.7 3.506 232.93 0.16 21.02 12.84 871.6
2005 8 28 12 46221.7 0.694 201.31 0.16 20.40 11.38 815.3
2005 8 29 12 46093.7 2.602 202.95 0.16 19.08 9.98 838.5
2005 8 30 12 45964.9 3.769 203.11 0.16 18.92 10.38 791.9
2005 8 31 12 45835.3 0.126 210.44 0.16 20.17 11.91 824.0
2005 9 1 12 45704.9 1.720 215.54 0.16 18.15 9.97 794.4
2005 9 2 12 45573.7 2.451 183.92 0.16 19.46 11.61 840.2
2005 9 3 12 45441.8 2.026 211.73 0.16 20.05 13.95 896.0
2005 9 4 12 45309.3 0.969 195.20 0.16 23.74 14.63 884.2
2005 9 5 12 45176.2 0.919 185.51 0.16 19.46 12.08 784.5
2005 9 6 12 45042.4 2.188 207.23 0.16 17.36 7.69 759.1
2005 9 7 12 44908.2 1.914 182.44 0.16 17.58 8.58 806.4
2005 9 8 12 44773.4 0.058 187.43 0.16 20.31 11.52 768.4
2005 9 9 12 44638.1 0.402 179.76 0.16 16.71 7.98 719.2
2005 9 10 12 44502.5 1.543 180.66 0.16 19.04 10.01 814.0
2005 9 11 12 44366.4 1.540 203.35 0.16 15.98 8.34 756.6
2005 9 12 12 44230.0 3.153 183.32 0.16 19.31 9.56 788.2
2005 9 13 12 44093.3 0.571 185.81 0.16 17.71 9.23 750.0
2005 9 14 12 43956.3 0.210 156.81 0.16 18.16 8.64 696.5
2005 9 15 12 43819.1 0.082 209.33 0.16 18.88 9.76 766.6
2005 9 16 12 43681.7 1.010 168.13 0.16 13.31 4.79 672.9
2005 9 17 12 43544.2 1.110 197.25 0.16 19.39 11.25 793.2
2005 9 18 12 43406.5 2.479 171.13 0.16 17.23 10.31 860.1
2005 9 19 12 43268.9 0.746 210.56 0.16 16.58 8.72 800.8
2005 9 20 12 43131.1 4.606 182.47 0.16 16.91 8.85 802.0
2005 9 21 12 42993.5 2.296 176.59 0.16 16.84 8.49 740.3
2005 9 22 12 42855.8 0.532 191.00 0.16 15.56 8.18 777.7
2005 9 23 12 42718.3 2.012 165.37 0.16 14.57 6.32 753.7
2005 9 24 12 42580.9 1.233 185.08 0.16 14.55 6.01 702.9
2005 9 25 12 42443.7 0.490 174.45 0.16 16.06 7.67 743.5
2005 9 26 12 42306.7 1.105 167.38 0.16 16.79 8.22 816.6
2005 9 27 12 42170.0 0.749 148.34 0.16 16.82 8.69 756.3
2005 9 28 12 42033.6 0.245 176.52 0.16 15.95 6.94 730.9
2005 9 29 12 41897.5 1.697 154.09 0.16 12.60 6.14 759.6
2005 9 30 12 41761.9 1.394 140.95 0.16 17.48 8.45 762.4
2005 10 1 12 41626.6 0.570 184.80 0.16 14.64 6.00 679.0
2005 10 2 12 41491.8 5.581 164.32 0.16 15.04 6.42 718.4
2005 10 3 12 41357.6 1.327 174.27 0.16 13.15 4.75 702.8
2005 10 4 12 41223.8 0.494 161.46 0.16 12.43 3.00 612.2
2005 10 5 12 41090.7 0.048 160.29 0.16 15.83 10.04 799.9
2005 10 6 12 40958.2 0.185 124.31 0.16 12.83 4.23 649.3
2005 10 7 12 40826.3 6.765 157.47 0.16 13.75 4.67 704.8
2005 10 8 12 40695.1 0.139 149.01 0.16 11.61 4.01 611.2
2005 10 9 12 40564.7 0.584 124.15 0.16 14.50 7.13 730.2
2005 10 10 12 40435.1 1.879 145.04 0.16 13.07 5.53 695.7
2005 10 11 12 40306.3 0.047 142.58 0.16 14.52 5.78 709.1
2005 10 12 12 40178.3 0.214 150.77 0.16 12.42 3.96 681.8
2005 10 13 12 40051.3 0.397 153.80 0.16 14.30 5.55 699.7
2005 10 14 12 39925.2 0.674 128.20 0.16 11.81 2.54 707.5
2005 10 15 12 39800.0 5.871 145.09 0.16 12.74 4.23 684.3
2005 10 16 12 39675.8 0.159 166.99 0.16 10.75 3.35 697.5
2005 10 17 12 39552.7 1.365 157.76 0.16 9.54 2.37 658.2
2005 10 18 12 39430.7 2.536 156.17 0.16 12.24 2.80 684.7
2005 10 19 12 39309.8 0.251 145.42 0.16 10.38 2.51 649.9
2005 10 20 12 39190.1 2.035 147.30 0.16 10.17 1.41 607.9
2005 10 21 12 39071.5 0.666 133.21 0.16 12.03 3.55 592.3
2005 10 22 12 38954.2 0.104 137.02 0.16 12.12 3.01 641.5
2005 10 23 12 38838.1 0.184 146.68 0.16 8.89 0.76 635.2
2005 10 24 12 38723.3 2.908 128.32 0.16 7.62 -1.85 552.5
2005 10 25 12 38609.8 1.268 105.15 0.16 7.89 0.63 616.2
2005 10 26 12 38497.7 0.869 120.77 0.16 7.19 -1.67 612.8
2005 10 27 12 38387.0 0.054 127.86 0.16 7.86 0.39 586.2
2005 10 28 12 38277.7 1.386 126.75 0.16 11.94 3.76 697.1
2005 10 29 12 38169.9 0.161 142.25 0.16 4.88 -4.63 551.0
2005 10 30 12 38063.6 0.868 105.37 0.16 9.30 2.11 659.3
2005 10 31 12 37958.7 2.803 133.07 0.16 7.33 -0.66 557.4
2005 11 1 12 37855.5 0.400 152.13 0.16 9.00 2.11 664.4
2005 11 2 12 37753.8 1.193 115.00 0.16 10.46 1.33 612.3
2005 11 3 12 37653.8 0.543 111.00 0.16 6.21 -2.24 522.1
2005 11 4 12 37555.3 4.572 154.70 0.16 9.64 1.39 534.8
2005 11 5 12 37458.6 1.559 107.56 0.16 7.27 -1.36 604.8
2005 11 6 12 37363.5 0.563 123.45 0.16 6.25 -1.45 520.7
2005 11 7 12 37270.2 0.583 96.96 0.16 6.66 -1.82 564.9
2005 11 8 12 37178.7 0.610 128.54 0.16 6.01 -3.10 533.5
2005 11 9 12 37088.9 0.196 108.63 0.16 2.96 -6.21 450.9
2005 11 10 12 37000.9 1.604 125.97 0.16 7.06 -1.03 596.5
2005 11 11 12 36914.8 0.265 118.61 0.16 5.80 -3.25 533.7
2005 11 12 12 36830.5 0.407 119.35 0.16 3.94 -4.79 504.3
2005 11 13 12 36748.2 1.302 133.68 0.16 4.91 -4.55 508.4
2005 11 14 12 36667.7 0.317 112.00 0.16 3.44 -5.86 518.0
2005 11 15 12 36589.2 0.056 109.57 0.16 8.96 0.37 663.8
2005 11 16 12 36512.6 3.220 100.09 0.16 4.96 -3.62 562.4
2005 11 17 12 36438.0 0.899 116.25 0.16 6.50 -3.00 550.3
2005 11 18 12 36365.4 1.015 130.46 0.16 5.71 -3.48 554.2
2005 11 19 12 36294.9 2.202 124.15 0.16 5.65 -1.96 611.0
2005 11 20 12 36226.3 1.220 112.50 0.16 6.85 -1.19 565.6
2005 11 21 12 36159.9 0.087 114.45 0.16 5.80 -2.02 572.9
2005 11 22 12 36095.5 2.704 130.47 0.16 5.25 -3.49 566.0
2005 11 23 12 36033.3 0.349 111.90 0.16 6.14 -1.01 561.6
2005 11 24 12 35973.2 1.809 117.74 0.16 4.29 -4.84 475.3
2005 11 25 12 35915.2 0.031 123.89 0.16 6.43 -3.26 536.1
2005 11 26 12 35859.3 0.123 117.28 0.16 3.62 -3.29 469.3
2005 11 27 12 35805.7 0.729 104.43 0.16 3.39 -4.29 473.0
2005 11 28 12 35754.2 3.170 113.70 0.16 2.21 -4.73 454.5
2005 11 29 12 35704.9 0.188 103.35 0.16 1.76 -7.25 431.6
2005 11 30 12 35657.9 0.558 86.51 0.16 1.62 -6.62 461.9
2005 12 1 12 35613.1 0.268 107.31 0.16 1.23 -7.32 484.5
2005 12 2 12 35570.6 4.530 133.60 0.16 2.24 -5.76 464.8
2005 12 3 12 35530.3 0.396 71.91 0.16 1.85 -7.78 486.7
2005 12 4 12 35492.2 1.045 93.39 0.16 3.34 -5.29 456.4
2005 12 5 12 35456.5 1.163 108.67 0.16 1.64 -7.18 468.8
2005 12 6 12 35423.1 2.039 86.28 0.16 3.25 -6.14 488.1
2005 12 7 12 35391.9 1.669 92.97 0.16 1.51 -6.81 436.2
2005 12 8 12 35363.1 1.043 96.53 0.16 1.16 -7.52 470.5
2005 12 9 12 35336.6 0.432 107.50 0.16 3.25 -4.93 593.1
2005 12 10 12 35312.4 1.233 124.87 0.16 -0.06 -7.28 442.5
2005 12 11 12 35290.6 2.288 98.40 0.16 2.59 -5.25 511.2
2005 12 12 12 35271.1 0.471 100.27 0.16 1.44 -7.11 461.0
2005 12 13 12 35253.9 0.731 84.62 0.16 0.73 -8.51 487.4
2005 12 14 12 35239.2 4.126 110.78 0.16 1.62 -6.09 468.0
2005 12 15 12 35226.7 2.326 95.08 0.16 0.49 -6.55 482.7
2005 12 16 12 35216.7 0.744 101.10 0.16 4.82 -2.75 517.0
2005 12 17 12 35209.0 0.162 89.88 0.16 0.20 -7.13 434.7
2005 12 18 12 35203.6 1.370 102.10 0.16 2.11 -5.77 494.2
2005 12 19 12 35200.7 5.364 79.71 0.16 0.41 -7.90 432.3
2005 12 20 12 35200.1 1.193 106.35 0.16 -1.11 -9.90 376.1
2005 12 21 12 35201.9 1.440 94.33 0.16 0.74 -7.65 423.7
2005 12 22 12 35206.0 1.285 109.73 0.16 2.63 -6.27 491.5
2005 12 23 12 35212.5 1.997 115.57 0.16 -0.97 -10.36 407.5
2005 12 24 12 35221.4 1.275 86.43 0.16 0.94 -5.93 469.2
2005 12 25 12 35232.6 1.754 102.51 0.16 -1.95 -10.41 412.5
2005 12 26 12 35246.3 2.092 127.66 0.16 -1.19 -9.29 407.4
2005 12 27 12 35262.2 2.627 67.88 0.16 0.65 -8.24 476.0
2005 12 28 12 35280.5 2.008 72.14 0.16 1.30 -6.14 473.0
2005 12 29 12 35301.2 0.328 106.51 0.16 0.08 -8.63 434.2
2005 12 30 12 35324.2 0.423 111.05 0.16 0.85 -7.70 366.5
2005 12 31 12 35349.5 0.665 123.29 0.16 -1.72 -9.92 375.4
2006 1 1 12 35377.2 1.911 103.81 0.16 0.85 -7.42 454.9
2006 1 2 12 35407.2 1.901 94.14 0.16 -0.47 -10.34 391.5
2006 1 3 12 35439.5 1.448 89.40 0.16 -4.47 -13.54 316.0
2006 1 4 12 35474.1 1.595 123.94 0.16 1.00 -6.57 483.6
2006 1 5 12 35511.0 2.443 106.93 0.16 -3.66 -12.60 342.2
2006 1 6 12 35550.1 0.999 103.08 0.16 -1.98 -11.10 364.0
2006 1 7 12 35591.5 0.098 131.23 0.16 1.32 -7.60 468.0
2006 1 8 12 35635.2 0.278 102.66 0.16 -1.68 -10.67 386.6
2006 1 9 12 35681.2 2.005 119.63 0.16 -0.69 -9.40 398.7
2006 1 10 12 35729.3 0.342 116.44 0.16 -1.38 -10.14 431.9
2006 1 11 12 35779.7 1.973 98.46 0.16 -2.89 -12.41 371.0
2006 1 12 12 35832.2 0.655 103.82 0.16 -0.37 -9.21 456.1
2006 1 13 12 35887.0 0.702 115.14 0.16 -0.97 -10.16 329.3
2006 1 14 12 35943.9 1.941 113.27 0.16 -3.66 -12.21 404.6
2006 1 15 12 36003.0 0.177 110.92 0.16 1.10 -8.54 421.5
2006 1 16 12 36064.1 3.539 88.73 0.16 -1.27 -8.44 443.7
2006 1 17 12 36127.5 1.917 75.95 0.16 -2.02 -9.78 389.5
2006 1 18 12 36192.9 3.390 111.01 0.16 -2.41 -10.77 371.0
2006 1 19 12 36260.3 0.086 134.69 0.16 -2.52 -10.61 376.1
2006 1 20 12 36329.9 0.987 100.33 0.16 -1.15 -9.01 400.3
2006 1 21 12 36401.5 0.632 120.23 0.16 -1.82 -10.03 405.3
2006 1 22 12 36475.1 5.475 159.30 0.16 0.22 -7.17 459.6
2006 1 23 12 36550.6 0.424 123.08 0.16 0.13 -8.34 400.2
2006 1 24 12 36628.2 1.278 138.28 0.16 -1.35 -9.81 365.8
2006 1 25 12 36707.7 6.246 107.09 0.16 -0.07 -8.92 387.6
2006 1 26 12 36789.1 0.758 109.04 0.16 -2.30 -11.23 355.2
2006 1 27 12 36872.4 1.875 131.01 0.16 0.96 -6.64 465.9
2006 1 28 12 36957.6 0.742 114.17 0.16 1.13 -7.39 462.0
2006 1 29 12 37044.7 3.172 152.15 0.16 -1.63 -9.70 406.9
2006 1 30 12 37133.6 0.577 116.55 0.16 -2.01 -11.05 353.2
2006 1 31 12 37224.2 3.353 124.15 0.16 -0.26 -8.31 465.4
2006 2 1 12 37316.7 0.826 129.38 0.16 -1.10 -9.89 354.8
2006 2 2 12 37410.8 1.312 115.57 0.16 -0.75 -9.28 420.7
2006 2 3 12 37506.7 4.164 135.15 0.16 -2.29 -11.36 355.5
2006 2 4 12 37604.3 4.562 130.47 0.16 0.02 -7.14 450.5
2006 2 5 12 37703.6 0.308 108.91 0.16 -4.03 -12.64 355.5
2006 2 6 12 37804.5 0.264 118.71 0.16 -1.08 -9.54 422.9
2006 2 7 12 37906.9 1.743 119.90 0.16 0.96 -7.41 489.9
2006 2 8 12 38011.0 2.247 122.78 0.16 -1.38 -11.00 400.9
2006 2 9 12 38116.5 1.164 139.30 0.16 -0.48 -9.09 423.7
2006 2 10 12 38223.6 2.253 112.16 0.16 -0.37 -8.91 422.4
2006 2 11 12 38332.2 0.586 110.86 0.16 0.24 -9.39 417.2
2006 2 12 12 38442.2 6.745 114.39 0.16 0.26 -8.34 472.6
2006 2 13 12 38553.6 2.984 129.16 0.16 1.40 -7.82 483.9
2006 2 14 12 38666.4 0.684 113.54 0.16 0.23 -7.76 442.4
2006 2 15 12 38780.5 0.503 130.90 0.16 0.51 -7.10 411.1
2006 2 16 12 38896.0 0.913 144.58 0.16 0.14 -7.79 388.7
2006 2 17 12 39012.7 1.740 131.58 0.16 2.99 -4.88 509.7
2006 2 18 12 39130.6 2.329 155.81 0.16 1.70 -6.42 464.8
2006 2 19 12 39249.8 2.386 139.39 0.16 2.54 -6.72 500.1
2006 2 20 12 39370.1 6.037 128.34 0.16 1.79 -7.01 462.3
2006 2 21 12 39491.6 0.908 113.35 0.16 2.72 -6.48 460.5
2006 2 22 12 39614.2 6.079 168.67 0.16 0.11 -8.58 430.4
2006 2 23 12 39737.8 1.553 117.96 0.16 2.59 -6.75 449.9
2006 2 24 12 39862.5 0.515 144.48 0.16 1.86 -6.91 462.6
2006 2 25 12 39988.1 0.793 132.42 0.16 2.42 -6.47 540.4
2006 2 26 12 40114.7 1.785 146.67 0.16 0.22 -9.37 426.6
2006 2 27 12 40242.2 1.811 156.31 0.16 2.44 -5.52 536.9
2006 2 28 12 40370.6 0.768 168.66 0.16 4.26 -4.46 553.6
2006 3 1 12 40499.8 1.663 182.16 0.16 1.64 -5.68 477.0
2006 3 2 12 40629.8 2.298 128.25 0.16 3.74 -4.25 566.3
2006 3 3 12 40760.6 2.237 156.64 0.16 1.47 -7.22 525.4
2006 3 4 12 40892.1 0.832 164.75 0.16 2.23 -5.76 503.1
2006 3 5 12 41024.3 1.523 152.46 0.16 -1.47 -9.09 390.9
2006 3 6 12 41157.2 4.260 156.70 0.16 0.22 -9.27 435.6
2006 3 7 12 41290.6 2.489 139.61 0.16 3.10 -5.54 515.4
2006 3 8 12 41424.6 1.386 172.47 0.16 2.69 -6.99 516.4
2006 3 9 12 41559.2 0.802 159.57 0.16 4.40 -4.66 518.4
2006 3 10 12 41694.2 11.033 164.90 0.16 1.58 -6.55 481.1
2006 3 11 12 41829.7 1.801 159.46 0.16 4.58 -2.62 525.1
2006 3 12 12 41965.5 4.234 172.23 0.16 2.96 -5.01 499.2
2006 3 13 12 42101.8 4.423 165.15 0.16 5.08 -3.91 485.7
2006 3 14 12 42238.3 0.637 161.50 0.16 4.10 -4.24 493.4
2006 3 15 12 42375.2 7.313 160.49 0.16 3.49 -5.85 513.3
2006 3 16 12 42512.3 7.403 171.86 0.16 6.29 -2.36 556.6
2006 3 17 12 42649.6 4.728 172.77 0.16 5.62 -1.42 562.3
2006 3 18 12 42787.0 4.926 175.42 0.16 6.45 -3.38 520.8
2006 3 19 12 42924.6 4.399 152.57 0.16 5.14 -4.24 485.5
2006 3 20 12 43062.3 1.432 164.01 0.16 5.76 -2.09 579.4
2006 3 21 12 43200.0 1.742 162.84 0.16 6.83 -0.59 632.7
2006 3 22 12 43337.7 8.487 170.59 0.16 3.98 -4.68 471.7
2006 3 23 12 43475.4 4.536 171.33 0.16 6.09 -1.68 596.8
2006 3 24 12 43613.0 5.955 174.05 0.16 7.95 -0.09 604.8
2006 3 25 12 43750.4 1.529 206.84 0.16 5.98 -1.60 626.1
2006 3 26 12 43887.7 1.068 178.53 0.16 4.83 -5.21 501.6
2006 3 27 12 44024.8 3.017 166.86 0.16 3.89 -3.71 572.8
2006 3 28 12 44161.7 0.756 190.81 0.16 6.99 -0.27 583.9
2006 3 29 12 44298.2 0.202 184.88 0.16 6.48 -1.24 565.9
2006 3 30 12 44434.5 4.283 200.78 0.16 7.76 -0.72 547.1
2006 3 31 12 44570.3 0.816 215.17 0.16 6.85 -0.54 601.1
2006 4 1 12 44705.8 2.073 210.93 0.16 6.08 -2.13 516.3
2006 4 2 12 44840.8 3.551 194.32 0.16 9.23 2.54 698.7
2006 4 3 12 44975.4 7.272 190.05 0.16 9.72 1.70 584.6
2006 4 4 12 45109.4 9.239 200.99 0.16 9.65 2.05 643.0
2006 4 5 12 45242.8 8.802 187.09 0.16 7.27 -0.88 561.8
2006 4 6 12 45375.7 3.150 206.44 0.16 9.08 1.50 598.5
2006 4 7 12 45507.9 2.667 215.95 0.16 9.90 1.30 629.0
2006 4 8 12 45639.4 1.594 205.35 0.16 8.63 0.17 660.6
2006 4 9 12 45770.2 1.759 218.15 0.16 7.79 -1.79 576.5
2006 4 10 12 45900.2 5.746 213.36 0.16 9.08 1.04 609.3
2006 4 11 12 46029.4 5.644 206.79 0.16 10.04 0.86 554.0
2006 4 12 12 46157.8 5.967 200.39 0.16 11.14 1.93 623.4
2006 4 13 12 46285.3 2.465 232.05 0.16 11.30 4.71 645.1
2006 4 14 12 46411.9 6.663 244.16 0.16 10.60 2.65 709.9
2006 4 15 12 46537.5 1.938 201.84 0.16 9.28 1.51 638.1
2006 4 16 12 46662.2 5.436 222.52 0.16 10.15 2.30 707.9
2006 4 17 12 46785.8 2.117 227.59 0.16 7.97 -1.54 596.7
2006 4 18 12 46908.4 0.212 215.88 0.16 7.95 -1.33 529.8
2006 4 19 12 47029.9 0.215 210.60 0.16 9.40 0.46 576.7
2006 4 20 12 47150.2 4.312 226.99 0.16 12.34 4.49 668.0
2006 4 21 12 47269.4 0.469 211.31 0.16 9.21 1.42 635.7
2006 4 22 12 47387.3 6.162 208.88 0.16 12.53 3.09 614.1
2006 4 23 12 47504.0 13.896 249.66 0.16 13.27 5.33 720.1
2006 4 24 12 47619.5 1.608 208.61 0.16 11.08 1.66 643.4
2006 4 25 12 47733.6 5.188 206.67 0.16 10.48 1.36 591.7
2006 4 26 12 47846.4 2.932 226.81 0.16 12.14 3.46 627.1
2006 4 27 12 47957.8 2.403 253.83 0.16 14.31 5.34 708.7
2006 4 28 12 48067.8 3.578 197.90 0.16 13.04 6.39 699.9
2006 4 29 12 48176.4 1.886 212.35 0.16 11.08 2.79 678.2
2006 4 30 12 48283.5 5.678 233.02 0.16 13.30 4.49 713.7
2006 5 1 12 48389.0 2.587 227.88 0.16 11.39 3.80 693.0
2006 5 2 12 48493.1 1.444 221.85 0.16 11.04 3.08 689.0
2006 5 3 12 48595.5 3.550 244.79 0.16 16.05 7.85 762.8
2006 5 4 12 48696.4 1.320 234.64 0.16 13.89 5.58 727.4
2006 5 5 12 48795.7 0.918 236.65 0.16 13.27 4.93 678.2
2006 5 6 12 48893.3 5.081 234.37 0.16 13.77 5.19 707.0
2006 5 7 12 48989.2 3.422 227.33 0.16 13.09 4.54 693.2
2006 5 8 12 49083.3 6.562 261.86 0.16 11.82 3.16 702.5
2006 5 9 12 49175.8 10.492 248.22 0.16 16.87 7.60 769.7
2006 5 10 12 49266.4 1.102 231.53 0.16 14.47 6.91 790.6
2006 5 11 12 49355.3 4.946 225.98 0.16 15.09 6.00 687.9
2006 5 12 12 49442.4 2.300 207.64 0.16 16.35 8.20 732.7
2006 5 13 12 49527.6 3.178 236.71 0.16 15.65 8.13 784.2
2006 5 14 12 49610.9 0.433 254.74 0.16 14.71 6.84 660.5
2006 5 15 12 49692.3 4.506 244.36 0.16 17.34 9.82 811.9
2006 5 16 12 49771.8 4.385 248.19 0.16 17.98 9.81 850.2
2006 5 17 12 49849.4 5.727 240.86 0.16 19.76 10.76 819.1
2006 5 18 12 49924.9 2.922 237.00 0.16 16.44 9.33 804.2
2006 5 19 12 49998.5 8.001 265.69 0.16 17.41 8.90 815.9
2006 5 20 12 50070.1 4.277 245.41 0.16 17.40 9.95 802.8
2006 5 21 12 50139.7 5.862 260.30 0.16 15.16 6.80 696.2
2006 5 22 12 50207.1 7.252 225.45 0.16 15.32 7.40 842.2
2006 5 23 12 50272.5 8.222 271.49 0.16 18.35 9.02 798.8
2006 5 24 12 50335.9 0.023 252.87 0.16 19.96 12.13 835.5
2006 5 25 12 50397.0 1.578 244.01 0.16 18.01 10.46 835.4
2006 5 26 12 50456.1 3.743 240.08 0.16 14.87 5.93 772.1
2006 5 27 12 50513.0 2.884 234.91 0.16 18.64 9.86 800.7
2006 5 28 12 50567.8 1.766 250.79 0.16 19.95 11.16 830.0
2006 5 29 12 50620.3 10.564 240.83 0.16 18.62 10.56 815.1
2006 5 30 12 50670.7 0.303 278.35 0.16 19.84 10.43 826.7
2006 5 31 12 50718.8 0.516 248.27 0.16 18.72 11.22 767.3
2006 6 1 12 50764.8 0.551 282.74 0.16 19.31 9.74 813.5
2006 6 2 12 50808.5 1.806 263.64 0.16 19.19 11.40 815.9
2006 6 3 12 50849.9 4.346 255.04 0.16 19.79 11.55 795.0
2006 6 4 12 50889.0 2.218 229.59 0.16 19.30 11.10 839.8
2006 6 5 12 50925.9 3.911 260.40 0.16 19.77 10.74 789.0
2006 6 6 12 50960.5 1.177 236.00 0.16 20.61 13.46 854.5
2006 6 7 12 50992.8 3.784 247.14 0.16 19.97 13.50 864.1
2006 6 8 12 51022.8 1.579 267.31 0.16 20.91 12.38 841.4
2006 6 9 12 51050.5 1.086 246.53 0.16 21.39 12.59 834.9
2006 6 10 12 51075.8 2.538 243.70 0.16 19.69 11.87 800.2
2006 6 11 12 51098.8 5.814 238.46 0.16 22.23 14.23 833.8
2006 6 12 12 51119.5 6.104 262.90 0.16 21.35 13.63 858.3
2006 6 13 12 51137.8 1.396 266.19 0.16 22.89 13.79 896.1
2006 6 14 12 51153.7 3.062 265.23 0.16 18.94 11.39 824.6
2006 6 15 12 51167.4 9.398 250.99 0.16 20.10 11.52 842.6
2006 6 16 12 51178.6 19.319 249.97 0.16 20.80 12.73 837.5
2006 6 17 12 51187.5 2.805 261.64 0.16 20.58 12.01 881.1
2006 6 18 12 51194.0 4.254 278.63 0.16 21.17 11.96 824.7
2006 6 19 12 51198.1 7.151 262.38 0.16 19.30 10.59 748.3
2006 6 20 12 51199.9 1.538 250.62 0.16 20.92 12.10 813.4
2006 6 21 12 51199.3 4.810 258.58 0.16 21.66 13.92 902.3
2006 6 22 12 51196.4 1.120 266.01 0.16 21.47 12.84 861.6
2006 6 23 12 51191.0 0.313 247.14 0.16 21.26 12.71 889.5
2006 6 24 12 51183.3 1.343 277.58 0.16 21.55 12.73 873.8
2006 6 25 12 51173.3 0.087 256.11 0.16 22.36 12.27 840.1
2006 6 26 12 51160.8 0.185 273.67 0.16 23.14 15.77 879.6
2006 6 27 12 51146.1 2.828 248.09 0.16 23.48 15.36 904.0
2006 6 28 12 51128.9 0.287 268.08 0.16 20.73 12.57 839.7
2006 6 29 12 51109.4 5.742 264.57 0.16 23.31 14.95 864.2
2006 6 30 12 51087.6 3.854 252.23 0.16 23.37 14.24 894.8
2006 7 1 12 51063.4 1.519 274.70 0.16 21.97 13.43 856.5
2006 7 2 12 51036.9 2.505 252.48 0.16 22.08 13.42 895.0
2006 7 3 12 51008.1 4.765 244.83 0.16 20.89 11.99 888.6
2006 7 4 12 50976.9 1.497 261.12 0.16 20.49 12.06 814.1
2006 7 5 12 50943.5 0.429 250.68 0.16 24.11 14.95 913.3
2006 7 6 12 50907.8 8.307 266.87 0.16 23.17 14.50 877.1
2006 7 7 12 50869.7 1.560 267.96 0.16 22.66 14.68 844.4
2006 7 8 12 50829.4 3.091 259.90 0.16 25.07 16.74 935.9
2006 7 9 12 50786.9 4.047 244.48 0.16 23.29 15.33 860.7
2006 7 10 12 50742.1 2.403 253.68 0.16 23.54 15.39 906.5
2006 7 11 12 50695.1 4.558 268.51 0.16 22.68 13.80 891.0
2006 7 12 12 50645.8 2.344 236.99 0.16 22.35 13.47 934.1
2006 7 13 12 50594.3 1.409 265.95 0.16 24.78 15.18 898.6
2006 7 14 12 50540.7 2.988 265.70 0.16 24.99 16.64 938.7
2006 7 15 12 50484.8 1.011 253.63 0.16 21.43 13.03 839.6
2006 7 16 12 50426.8 1.328 285.27 0.16 23.14 15.70 971.0
2006 7 17 12 50366.7 5.619 237.51 0.16 23.31 15.05 936.4
2006 7 18 12 50304.5 0.428 243.70 0.16 19.98 11.03 770.9
2006 7 19 12 50240.1 0.910 232.84 0.16 25.47 16.96 891.7
2006 7 20 12 50173.7 10.531 242.81 0.16 20.24 12.36 885.9
2006 7 21 12 50105.1 2.969 246.88 0.16 22.21 14.85 873.8
2006 7 22 12 50034.6 6.048 256.67 0.16 22.58 14.28 871.7
2006 7 23 12 49962.0 7.063 236.12 0.16 23.93 15.29 887.8
2006 7 24 12 49887.4 1.044 236.46 0.16 23.86 15.18 867.8
2006 7 25 12 49810.8 0.650 269.69 0.16 23.70 15.60 925.9
2006 7 26 12 49732.3 0.382 240.56 0.16 21.59 13.19 845.3
2006 7 27 12 49651.8 0.443 240.29 0.16 21.57 14.41 890.0
2006 7 28 12 49569.5 3.722 252.03 0.16 22.36 13.90 840.0
2006 7 29 12 49485.2 1.446 240.66 0.16 23.03 13.71 817.0
2006 7 30 12 49399.1 5.244 238.41 0.16 22.26 15.84 951.7
2006 7 31 12 49311.1 0.045 255.72 0.16 21.15 11.79 857.4
2006 8 1 12 49221.3 1.267 229.29 0.16 23.75 15.51 915.6
2006 8 2 12 49129.8 1.660 228.27 0.16 19.68 11.14 801.6
2006 8 3 12 49036.5 1.798 218.85 0.16 21.43 11.99 870.7
2006 8 4 12 48941.4 0.146 226.35 0.16 22.07 12.87 891.3
2006 8 5 12 48844.7 5.537 230.21 0.16 21.85 13.33 817.5
2006 8 6 12 48746.2 6.767 244.11 0.16 22.74 15.20 880.6
2006 8 7 12 48646.2 3.050 227.81 0.16 19.77 10.92 841.9
2006 8 8 12 48544.5 1.493 216.57 0.16 22.17 14.79 903.4
2006 8 9 12 48441.3 2.148 242.56 0.16 19.41 11.31 868.5
2006 8 10 12 48336.4 0.965 226.98 0.16 20.68 12.62 813.6
2006 8 11 12 48230.1 2.714 218.37 0.16 21.06 12.55 867.4
2006 8 12 12 48122.3 1.198 200.15 0.16 24.18 16.38 929.3
2006 8 13 12 48013.0 3.170 224.73 0.16 22.55 12.87 835.2
2006 8 14 12 47902.3 1.039 235.72 0.16 22.51 14.29 864.1
2006 8 15 12 47790.2 2.089 210.52 0.16 23.85 14.79 895.3
2006 8 16 12 47676.7 0.314 234.71 0.16 22.25 14.74 864.3
2006 8 17 12 47561.9 0.052 231.99 0.16 21.82 14.74 889.2
2006 8 18 12 47445.8 3.302 215.84 0.16 25.14 16.73 928.8
2006 8 19 12 47328.5 0.869 235.67 0.16 22.23 14.61 933.7
2006 8 20 12 47209.9 0.303 222.42 0.16 20.55 13.53 910.5
2006 8 21 12 47090.2 2.525 212.86 0.16 20.96 14.04 914.8
2006 8 22 12 46969.3 4.120 221.61 0.16 23.22 15.65 932.6
2006 8 23 12 46847.3 1.090 193.65 0.16 22.08 14.48 873.1
2006 8 24 12 46724.2 2.050 217.93 0.16 21.28 14.26 897.4
2006 8 25 12 46600.0 2.046 208.14 0.16 22.53 14.60 878.5
2006 8 26 12 46474.8 2.964 199.99 0.16 22.10 13.77 882.0
2006 8 27 12 46348.7 0.364 202.86 0.16 21.29 12.90 852.3
2006 8 28 12 46221.7 3.286 202.20 0.16 21.04 13.10 858.1
2006 8 29 12 46093.7 0.654 234.57 0.16 19.96 12.14 823.4
2006 8 30 12 45964.9 5.357 223.68 0.16 19.55 9.85 813.0
2006 8 31 12 45835.3 0.958 211.35 0.16 21.57 12.00 829.7
2006 9 1 12 45704.9 0.843 225.89 0.16 21.98 13.34 933.2
2006 9 2 12 45573.7 1.540 202.47 0.16 21.91 13.94 903.9
2006 9 3 12 45441.8 2.148 196.77 0.16 19.53 11.31 836.2
2006 9 4 12 45309.3 2.041 193.71 0.16 18.28 10.19 833.2
2006 9 5 12 45176.2 1.052 198.95 0.16 17.88 10.67 880.2
2006 9 6 12 45042.4 4.942 186.34 0.16 17.65 7.75 756.7
2006 9 7 12 44908.2 5.274 168.96 0.16 18.64 9.15 797.5
2006 9 8 12 44773.4 0.949 171.07 0.16 19.31 12.53 859.6
2006 9 9 12 44638.1 4.466 206.42 0.16 18.58 12.09 846.2
2006 9 10 12 44502.5 3.875 205.43 0.16 18.49 9.35 800.0
2006 9 11 12 44366.4 0.753 192.20 0.16 15.63 6.57 732.3
2006 9 12 12 44230.0 1.700 169.09 0.16 18.58 10.60 820.4
2006 9 13 12 44093.3 1.089 180.53 0.16 16.26 8.36 733.0
2006 9 14 12 43956.3 3.374 187.22 0.16 14.80 6.31 704.7
2006 9 15 12 43819.1 1.952 195.81 0.16 17.22 8.02 758.2
2006 9 16 12 43681.7 3.330 184.18 0.16 17.59 8.54 716.9
2006 9 17 12 43544.2 2.913 174.25 0.16 16.14 8.17 732.0
2006 9 18 12 43406.5 1.753 175.86 0.16 16.43 7.17 731.7
2006 9 19 12 43268.9 1.622 174.57 0.16 17.17 8.76 747.7
2006 9 20 12 43131.1 1.398 187.65 0.16 18.40 11.58 839.0
2006 9 21 12 42993.5 1.416 169.25 0.16 17.89 10.35 839.7
2006 9 22 12 42855.8 0.392 173.65 0.16 16.76 8.56 733.0
2006 9 23 12 42718.3 1.324 174.96 0.16 17.22 9.52 762.6
2006 9 24 12 42580.9 3.865 166.11 0.16 15.45 7.57 747.0
2006 9 25 12 42443.7 0.539 210.13 0.16 16.47 8.40 744.0
2006 9 26 12 42306.7 1.470 172.11 0.16 17.04 9.05 761.9
2006 9 27 12 42170.0 1.622 189.08 0.16 16.86 8.63 772.4
2006 9 28 12 42033.6 0.790 183.16 0.16 14.14 6.79 809.4
2006 9 29 12 41897.5 0.692 170.91 0.16 17.11 9.01 742.7
2006 9 30 12 41761.9 1.171 168.05 0.16 16.96 9.74 818.8
2006 10 1 12 41626.6 2.932 158.26 0.16 17.38 9.16 775.8
2006 10 2 12 41491.8 0.133 142.48 0.16 14.35 5.19 698.4
2006 10 3 12 41357.6 0.187 167.85 0.16 11.36 2.87 632.8
2006 10 4 12 41223.8 0.500 179.91 0.16 15.91 6.88 746.4
2006 10 5 12 41090.7 2.488 165.93 0.16 16.55 8.78 773.3
2006 10 6 12 40958.2 1.215 142.68 0.16 14.41 5.69 703.5
2006 10 7 12 40826.3 0.855 140.28 0.16 13.10 4.39 734.7
2006 10 8 12 40695.1 5.184 152.15 0.16 12.66 5.72 687.9
2006 10 9 12 40564.7 2.903 135.21 0.16 12.85 5.14 686.5
2006 10 10 12 40435.1 0.575 141.19 0.16 15.61 6.58 706.0
2006 10 11 12 40306.3 1.375 145.96 0.16 13.28 4.19 649.5
2006 10 12 12 40178.3 0.058 190.06 0.16 13.46 3.76 648.5
2006 10 13 12 40051.3 1.313 154.11 0.16 11.93 2.94 640.2
2006 10 14 12 39925.2 2.462 144.20 0.16 9.34 1.16 605.9
2006 10 15 12 39800.0 3.674 158.09 0.16 16.41 9.53 807.3
2006 10 16 12 39675.8 2.306 139.11 0.16 9.88 0.78 572.2
2006 10 17 12 39552.7 2.430 118.66 0.16 12.57 3.80 658.4
2006 10 18 12 39430.7 1.259 142.57 0.16 12.27 3.71 693.9
2006 10 19 12 39309.8 1.632 153.90 0.16 12.73 3.34 716.2
2006 10 20 12 39190.1 1.788 156.46 0.16 12.55 3.97 685.4
2006 10 21 12 39071.5 1.242 136.49 0.16 11.65 2.76 704.3
2006 10 22 12 38954.2 0.719 116.59 0.16 11.13 3.07 681.9
2006 10 23 12 38838.1 0.795 127.51 0.16 12.32 4.79 697.8
2006 10 24 12 38723.3 0.332 140.23 0.16 13.20 4.18 682.9
2006 10 25 12 38609.8 0.341 86.23 0.16 8.54 -0.75 562.9
2006 10 26 12 38497.7 1.502 121.44 0.16 8.72 -0.03 575.9
2006 10 27 12 38387.0 1.420 124.68 0.16 10.48 2.63 628.0
2006 10 28 12 38277.7 0.537 152.12 0.16 10.36 2.04 659.6
2006 10 29 12 38169.9 1.349 135.03 0.16 10.06 0.71 599.1
2006 10 30 12 38063.6 0.267 122.72 0.16 7.39 -0.81 582.2
2006 10 31 12 37958.7 1.421 140.01 0.16 8.62 0.65 655.5
2006 11 1 12 37855.5 3.363 111.84 0.16 8.24 -0.68 587.1
2006 11 2 12 37753.8 0.014 148.33 0.16 7.69 -0.59 610.8
2006 11 3 12 37653.8 1.174 137.67 0.16 9.59 0.82 606.9
2006 11 4 12 37555.3 0.722 94.13 0.16 8.75 0.90 616.4
2006 11 5 12 37458.6 1.531 99.27 0.16 7.57 -0.38 565.1
2006 11 6 12 37363.5 1.987 115.64 0.16 8.28 0.31 626.6
2006 11 7 12 37270.2 0.421 112.95 0.16 7.27 -2.04 550.4
2006 11 8 12 37178.7 2.044 104.90 0.16 8.78 1.28 659.5
2006 11 9 12 37088.9 0.228 113.63 0.16 6.63 -1.30 588.8
2006 11 10 12 37000.9 1.237 127.86 0.16 7.54 -1.63 573.2
2006 11 11 12 36914.8 1.916 105.46 0.16 4.61 -2.99 570.3
2006 11 12 12 36830.5 0.375 107.33 0.16 6.01 -1.67 558.1
2006 11 13 12 36748.2 0.507 105.15 0.16 3.74 -4.23 474.9
2006 11 14 12 36667.7 0.292 123.92 0.16 6.33 -1.36 621.7
2006 11 15 12 36589.2 1.214 93.00 0.16 5.21 -1.60 580.1
2006 11 16 12 36512.6 0.940 95.39 0.16 3.26 -4.07 499.0
2006 11 17 12 36438.0 0.229 64.00 0.16 4.14 -3.17 532.2
2006 11 18 12 36365.4 2.477 119.06 0.16 8.43 -0.91 581.7
2006 11 19 12 36294.9 0.035 142.80 0.16 5.36 -3.08 542.6
2006 11 20 12 36226.3 2.509 140.74 0.16 4.62 -4.10 546.3
2006 11 21 12 36159.9 0.802 99.12 0.16 7.45 -0.54 568.5
2006 11 22 12 36095.5 0.407 107.16 0.16 3.39 -6.59 438.2
2006 11 23 12 36033.3 0.734 101.20 0.16 0.95 -7.34 443.2
2006 11 24 12 35973.2 2.601 115.24 0.16 4.06 -5.30 508.8
2006 11 25 12 35915.2 1.220 129.17 0.16 3.41 -4.09 509.7
2006 11 26 12 35859.3 1.539 119.43 0.16 4.58 -3.10 576.9
2006 11 27 12 35805.7 0.367 87.00 0.16 6.55 -0.84 581.6
2006 11 28 12 35754.2 0.526 108.40 0.16 2.44 -5.18 439.6
2006 11 29 12 35704.9 1.751 83.99 0.16 1.20 -7.05 468.1
2006 11 30 12 35657.9 2.499 90.44 0.16 2.77 -5.43 413.3
2006 12 1 12 35613.1 0.951 91.33 0.16 1.07 -8.29 431.5
2006 12 2 12 35570.6 0.061 110.70 0.16 2.80 -7.09 412.0
2006 12 3 12 35530.3 0.334 110.12 0.16 3.59 -4.49 493.2
2006 12 4 12 35492.2 0.089 76.59 0.16 4.09 -4.93 490.8
2006 12 5 12 35456.5 2.128 103.24 0.16 1.89 -7.95 472.4
2006 12 6 12 35423.1 0.301 107.05 0.16 1.67 -6.66 401.6
2006 12 7 12 35391.9 0.406 108.96 0.16 1.88 -7.75 472.3
2006 12 8 12 35363.1 3.612 95.97 0.16 2.82 -5.40 486.8
2006 12 9 12 35336.6 0.042 84.11 0.16 1.09 -8.29 460.3
2006 12 10 12 35312.4 0.213 99.38 0.16 3.35 -6.21 483.7
2006 12 11 12 35290.6 0.110 77.16 0.16 0.80 -7.75 411.4
2006 12 12 12 35271.1 0.647 94.23 0.16 3.13 -4.71 494.6
2006 12 13 12 35253.9 0.371 86.41 0.16 0.06 -9.27 393.6
2006 12 14 12 35239.2 0.284 86.88 0.16 2.26 -5.37 480.0
2006 12 15 12 35226.7 4.253 98.72 0.16 0.03 -8.38 478.8
2006 12 16 12 35216.7 0.020 111.50 0.16 0.86 -8.09 401.6
2006 12 17 12 35209.0 0.018 120.68 0.16 2.21 -5.75 537.7
2006 12 18 12 35203.6 1.481 90.01 0.16 -0.19 -10.00 429.5
2006 12 19 12 35200.7 0.343 89.68 0.16 3.43 -4.37 549.0
2006 12 20 12 35200.1 2.040 86.49 0.16 1.28 -6.12 414.0
2006 12 21 12 35201.9 0.559 79.52 0.16 0.97 -7.09 422.1
2006 12 22 12 35206.0 0.026 89.66 0.16 2.93 -5.74 458.5
2006 12 23 12 35212.5 0.050 99.84 0.16 2.90 -6.30 482.1
2006 12 24 12 35221.4 2.839 101.14 0.16 0.83 -7.60 440.0
2006 12 25 12 35232.6 0.996 109.41 0.16 1.39 -7.39 445.1
2006 12 26 12 35246.3 0.914 95.77 0.16 -0.47 -9.19 386.4
2006 12 27 12 35262.2 0.792 120.16 0.16 0.07 -7.02 460.5
2006 12 28 12 35280.5 2.652 101.58 0.16 -2.50 -10.38 381.0
2006 12 29 12 35301.2 0.429 101.95 0.16 0.47 -8.40 441.3
2006 12 30 12 35324.2 3.778 93.59 0.16 2.02 -7.41 379.4
2006 12 31 12 35349.5 0.694 100.40 0.16 0.21 -7.96 436.0
2007 1 1 12 35377.2 2.145 90.46 0.16 0.93 -9.44 419.1
2007 1 2 12 35407.2 0.553 110.93 0.16 -1.31 -10.28 441.9
2007 1 3 12 35439.5 1.602 119.11 0.16 -3.54 -11.12 329.1
2007 1 4 12 35474.1 4.938 93.01 0.16 -3.49 -10.81 372.6
2007 1 5 12 35511.0 1.480 98.24 0.16 -2.92 -10.14 400.5
2007 1 6 12 35550.1 1.646 125.48 0.16 -1.14 -8.26 447.2
2007 1 7 12 35591.5 3.380 109.18 0.16 -1.52 -10.75 438.8
2007 1 8 12 35635.2 3.424 106.72 0.16 -1.93 -8.19 411.2
2007 1 9 12 35681.2 2.416 98.39 0.16 -0.67 -10.39 382.6
2007 1 10 12 35729.3 1.140 108.83 0.16 -3.21 -11.34 412.9
2007 1 11 12 35779.7 0.017 98.25 0.16 0.84 -7.13 443.8
2007 1 12 12 35832.2 2.376 106.69 0.16 0.18 -7.97 490.6
2007 1 13 12 35887.0 0.235 134.52 0.16 -0.25 -9.26 341.5
2007 1 14 12 35943.9 0.131 107.33 0.16 0.33 -7.30 450.8
2007 1 15 12 36003.0 0.509 117.70 0.16 -2.75 -11.36 358.0
2007 1 16 12 36064.1 0.344 112.08 0.16 -2.36 -10.43 353.3
2007 1 17 12 36127.5 0.111 125.11 0.16 -2.10 -10.06 440.7
2007 1 18 12 36192.9 1.060 107.08 0.16 -1.47 -10.28 378.3
2007 1 19 12 36260.3 1.911 119.51 0.16 -0.16 -8.19 428.5
2007 1 20 12 36329.9 1.285 101.58 0.16 -4.17 -13.18 367.1
2007 1 21 12 36401.5 8.659 126.75 0.16 -1.05 -8.74 402.0
2007 1 22 12 36475.1 6.126 101.85 0.16 0.73 -8.46 423.8
2007 1 23 12 36550.6 0.178 99.36 0.16 -3.53 -12.84 384.8
2007 1 24 12 36628.2 0.446 94.72 0.16 -0.69 -8.55 396.9
2007 1 25 12 36707.7 1.324 150.92 0.16 -0.65 -8.66 433.6
2007 1 26 12 36789.1 0.685 103.85 0.16 -1.08 -8.84 434.1
2007 1 27 12 36872.4 0.269 123.30 0.16 -0.65 -9.33 436.0
2007 1 28 12 36957.6 5.271 124.22 0.16 -1.20 -9.33 476.8
2007 1 29 12 37044.7 0.432 130.34 0.16 -2.64 -11.19 367.1
2007 1 30 12 37133.6 0.769 135.79 0.16 -0.29 -6.94 477.5
2007 1 31 12 37224.2 10.252 145.63 0.16 -3.86 -12.73 409.2
2007 2 1 12 37316.7 1.386 138.90 0.16 0.39 -7.23 475.6
2007 2 2 12 37410.8 1.420 120.09 0.16 -0.21 -10.09 394.7
2007 2 3 12 37506.7 0.339 131.87 0.16 -0.17 -6.80 503.8
2007 2 4 12 37604.3 4.724 129.03 0.16 0.47 -9.70 353.7
2007 2 5 12 37703.6 5.394 126.52 0.16 2.01 -7.11 461.0
2007 2 6 12 37804.5 4.311 126.71 0.16 -2.85 -11.87 355.3
2007 2 7 12 37906.9 6.021 151.54 0.16 -0.02 -8.25 490.2
2007 2 8 12 38011.0 5.690 117.62 0.16 1.36 -7.72 411.9
2007 2 9 12 38116.5 1.784 121.07 0.16 2.93 -6.72 449.3
2007 2 10 12 38223.6 2.514 128.96 0.16 -2.61 -11.57 358.3
2007 2 11 12 38332.2 1.303 118.05 0.16 -0.57 -7.67 461.5
2007 2 12 12 38442.2 2.470 123.95 0.16 2.65 -7.19 492.5
2007 2 13 12 38553.6 2.992 133.44 0.16 -0.54 -10.77 406.3
2007 2 14 12 38666.4 1.910 111.20 0.16 -1.47 -10.56 407.9
2007 2 15 12 38780.5 1.008 125.55 0.16 3.87 -5.82 477.5
2007 2 16 12 38896.0 0.810 132.58 0.16 -2.76 -10.90 398.4
2007 2 17 12 39012.7 4.063 141.81 0.16 1.35 -6.37 464.7
2007 2 18 12 39130.6 3.333 138.93 0.16 -0.42 -8.48 460.6
2007 2 19 12 39249.8 0.834 164.63 0.16 -0.49 -9.68 437.8
2007 2 20 12 39370.1 1.409 144.46 0.16 1.86 -7.62 489.9
2007 2 21 12 39491.6 1.062 152.29 0.16 1.37 -6.36 469.2
2007 2 22 12 39614.2 4.014 135.43 0.16 1.13 -7.65 444.1
2007 2 23 12 39737.8 6.740 140.75 0.16 1.93 -5.55 498.0
2007 2 24 12 39862.5 1.742 163.84 0.16 -0.22 -9.05 378.9
2007 2 25 12 39988.1 0.448 138.38 0.16 1.86 -6.78 452.0
2007 2 26 12 40114.7 0.325 143.11 0.16 1.45 -6.26 493.2
2007 2 27 12 40242.2 2.886 140.87 0.16 2.95 -4.34 557.0
2007 2 28 12 40370.6 4.373 156.77 0.16 0.51 -6.63 479.8
2007 3 1 12 40499.8 0.799 128.97 0.16 2.25 -6.27 506.2
2007 3 2 12 40629.8 2.114 163.22 0.16 3.53 -5.56 498.4
2007 3 3 12 40760.6 2.217 147.25 0.16 3.54 -5.89 529.9
2007 3 4 12 40892.1 0.497 144.39 0.16 0.45 -7.04 462.4
2007 3 5 12 41024.3 2.835 162.82 0.16 1.83 -6.37 434.8
2007 3 6 12 41157.2 6.255 172.02 0.16 4.06 -5.67 469.0
2007 3 7 12 41290.6 2.362 156.54 0.16 4.55 -3.03 557.9
2007 3 8 12 41424.6 9.882 160.53 0.16 5.60 -3.57 505.7
2007 3 9 12 41559.2 1.864 160.65 0.16 2.50 -5.54 450.1
2007 3 10 12 41694.2 7.726 177.92 0.16 3.42 -5.50 501.4
2007 3 11 12 41829.7 2.600 171.43 0.16 5.84 -4.12 516.5
2007 3 12 12 41965.5 5.019 142.55 0.16 3.30 -5.66 461.8
2007 3 13 12 42101.8 1.768 176.81 0.16 5.68 -1.55 605.0
2007 3 14 12 42238.3 3.824 157.00 0.16 3.02 -5.12 468.4
2007 3 15 12 42375.2 0.759 166.95 0.16 4.25 -5.04 529.8
2007 3 16 12 42512.3 5.300 167.34 0.16 4.42 -4.09 521.9
2007 3 17 12 42649.6 0.950 184.60 0.16 4.85 -0.83 544.6
2007 3 18 12 42787.0 2.613 177.75 0.16 2.63 -6.46 499.9
2007 3 19 12 42924.6 6.158 166.41 0.16 5.12 -2.17 543.1
2007 3 20 12 43062.3 2.185 180.79 0.16 2.72 -6.71 467.6
2007 3 21 12 43200.0 7.199 200.98 0.16 5.18 -2.73 609.7
2007 3 22 12 43337.7 5.525 190.14 0.16 3.34 -3.96 550.6
2007 3 23 12 43475.4 1.032 194.61 0.16 5.49 -1.46 515.2
2007 3 24 12 43613.0 3.827 207.90 0.16 5.77 -4.11 511.7
2007 3 25 12 43750.4 1.108 180.60 0.16 7.04 -1.61 562.8
2007 3 26 12 43887.7 5.773 177.89 0.16 7.96 -0.17 593.7
2007 3 27 12 44024.8 2.448 190.44 0.16 5.23 -2.23 516.0
2007 3 28 12 44161.7 0.417 177.06 0.16 6.16 -2.32 546.3
2007 3 29 12 44298.2 4.329 184.15 0.16 4.91 -4.66 486.6
2007 3 30 12 44434.5 1.542 185.71 0.16 9.65 2.09 640.5
2007 3 31 12 44570.3 2.106 184.59 0.16 9.63 1.10 554.3
2007 4 1 12 44705.8 4.102 179.51 0.16 6.50 -3.18 530.4
2007 4 2 12 44840.8 0.243 185.84 0.16 7.24 -0.82 590.6
2007 4 3 12 44975.4 2.495 213.46 0.16 6.75 -1.49 508.5
2007 4 4 12 45109.4 1.459 191.91 0.16 6.94 -0.95 583.1
2007 4 5 12 45242.8 3.272 215.12 0.16 9.21 -0.15 595.1
2007 4 6 12 45375.7 18.081 190.14 0.16 8.36 -0.29 590.3
2007 4 7 12 45507.9 1.850 218.77 0.16 6.11 -1.82 612.0
2007 4 8 12 45639.4 2.485 209.32 0.16 8.81 0.81 593.4
2007 4 9 12 45770.2 0.210 172.44 0.16 11.41 4.01 696.3
2007 4 10 12 45900.2 3.333 218.09 0.16 8.98 2.74 629.2
2007 4 11 12 46029.4 2.479 232.63 0.16 10.03 1.76 614.6
2007 4 12 12 46157.8 5.550 201.98 0.16 12.34 3.28 652.9
2007 4 13 12 46285.3 0.397 211.73 0.16 10.11 0.72 628.8
2007 4 14 12 46411.9 0.342 202.62 0.16 12.37 3.98 688.2
2007 4 15 12 46537.5 3.117 226.94 0.16 9.66 0.31 606.2
2007 4 16 12 46662.2 3.595 197.88 0.16 10.68 3.23 706.4
2007 4 17 12 46785.8 3.598 223.95 0.16 10.30 1.68 628.8
2007 4 18 12 46908.4 4.163 233.61 0.16 11.35 2.38 666.8
2007 4 19 12 47029.9 2.403 201.54 0.16 9.99 1.46 559.5
2007 4 20 12 47150.2 3.098 240.14 0.16 9.21 0.88 639.7
2007 4 21 12 47269.4 1.858 222.35 0.16 11.03 3.21 701.8
2007 4 22 12 47387.3 3.175 231.54 0.16 12.27 4.10 708.7
2007 4 23 12 47504.0 0.462 235.78 0.16 11.44 1.26 640.1
2007 4 24 12 47619.5 4.877 219.47 0.16 10.21 1.89 659.5
2007 4 25 12 47733.6 1.185 228.16 0.16 12.32 5.52 705.0
2007 4 26 12 47846.4 2.218 230.63 0.16 11.45 3.12 650.0
2007 4 27 12 47957.8 7.628 226.07 0.16 15.26 7.90 807.7
2007 4 28 12 48067.8 0.352 230.38 0.16 13.06 5.26 669.2
2007 4 29 12 48176.4 0.421 241.61 0.16 13.27 4.39 665.1
2007 4 30 12 48283.5 2.951 241.35 0.16 15.18 6.84 732.3
2007 5 1 12 48389.0 2.464 243.59 0.16 14.86 6.50 739.4
2007 5 2 12 48493.1 0.677 204.09 0.16 13.44 5.04 698.8
2007 5 3 12 48595.5 1.138 221.32 0.16 14.57 7.01 715.9
2007 5 4 12 48696.4 1.759 236.20 0.16 14.57 6.74 741.3
2007 5 5 12 48795.7 3.647 242.95 0.16 14.18 4.89 729.6
2007 5 6 12 48893.3 6.681 253.37 0.16 13.55 5.74 730.8
2007 5 7 12 48989.2 1.629 205.42 0.16 12.31 3.25 628.7
2007 5 8 12 49083.3 4.519 242.86 0.16 15.88 5.83 714.1
2007 5 9 12 49175.8 4.696 243.67 0.16 15.56 6.53 706.1
2007 5 10 12 49266.4 1.792 233.68 0.16 16.21 8.02 770.6
2007 5 11 12 49355.3 0.661 247.28 0.16 13.68 4.76 685.7
2007 5 12 12 49442.4 2.280 237.48 0.16 12.43 5.18 667.4
2007 5 13 12 49527.6 1.078 220.86 0.16 14.26 6.48 705.8
2007 5 14 12 49610.9 1.191 207.24 0.16 16.27 7.70 750.0
2007 5 15 12 49692.3 6.228 231.19 0.16 13.30 4.46 676.8
2007 5 16 12 49771.8 7.319 246.41 0.16 16.15 8.55 745.6
2007 5 17 12 49849.4 8.157 235.18 0.16 16.25 6.41 732.5
2007 5 18 12 49924.9 0.299 241.18 0.16 19.27 10.44 802.0
2007 5 19 12 49998.5 2.360 254.54 0.16 14.68 6.34 685.3
2007 5 20 12 50070.1 4.968 233.25 0.16 16.45 7.43 772.1
2007 5 21 12 50139.7 1.862 220.30 0.16 17.27 8.31 821.1
2007 5 22 12 50207.1 2.162 236.37 0.16 19.58 12.00 901.1
2007 5 23 12 50272.5 1.741 257.49 0.16 17.39 8.52 772.2
2007 5 24 12 50335.9 0.166 246.99 0.16 18.81 10.13 818.4
2007 5 25 12 50397.0 3.731 243.74 0.16 17.45 10.27 779.2
2007 5 26 12 50456.1 3.906 256.17 0.16 17.69 9.75 789.9
2007 5 27 12 50513.0 4.601 282.52 0.16 16.81 7.97 756.0
2007 5 28 12 50567.8 8.530 267.95 0.16 17.31 9.00 779.7
2007 5 29 12 50620.3 1.804 262.81 0.16 17.26 9.16 801.2
2007 5 30 12 50670.7 5.380 271.19 0.16 19.44 10.42 825.3
2007 5 31 12 50718.8 8.265 247.05 0.16 17.20 8.88 792.0
2007 6 1 12 50764.8 4.344 210.49 0.16 18.21 8.76 814.0
2007 6 2 12 50808.5 0.909 250.43 0.16 19.26 11.07 843.8
2007 6 3 12 50849.9 0.075 243.40 0.16 17.58 9.79 871.6
2007 6 4 12 50889.0 2.262 271.64 0.16 17.72 9.12 748.7
2007 6 5 12 50925.9 2.138 254.21 0.16 17.91 10.15 828.6
2007 6 6 12 50960.5 6.348 265.25 0.16 19.74 12.54 882.1
2007 6 7 12 50992.8 0.121 276.14 0.16 19.56 12.82 816.2
2007 6 8 12 51022.8 1.655 235.29 0.16 18.90 11.91 847.4
2007 6 9 12 51050.5 4.698 247.78 0.16 19.32 11.22 845.5
2007 6 10 12 51075.8 0.851 250.64 0.16 21.26 12.40 824.5
2007 6 11 12 51098.8 0.222 264.52 0.16 20.77 11.96 804.1
2007 6 12 12 51119.5 4.111 233.47 0.16 21.15 11.87 842.4
2007 6 13 12 51137.8 2.743 246.05 0.16 20.95 13.08 834.2
2007 6 14 12 51153.7 1.305 268.08 0.16 18.68 9.84 797.8
2007 6 15 12 51167.4 1.493 290.17 0.16 22.34 14.08 902.0
2007 6 16 12 51178.6 3.658 255.93 0.16 21.77 14.38 891.4
2007 6 17 12 51187.5 0.601 259.61 0.16 20.57 11.07 813.5
2007 6 18 12 51194.0 1.457 263.60 0.16 19.38 11.40 823.3
2007 6 19 12 51198.1 6.639 239.95 0.16 20.19 12.18 820.1
2007 6 20 12 51199.9 1.758 257.02 0.16 20.30 11.78 841.0
2007 6 21 12 51199.3 1.024 249.19 0.16 21.56 13.38 863.2
2007 6 22 12 51196.4 3.100 252.02 0.16 23.86 15.05 896.0
2007 6 23 12 51191.0 2.594 253.83 0.16 23.22 14.90 898.9
2007 6 24 12 51183.3 4.231 254.54 0.16 20.00 10.61 806.9
2007 6 25 12 51173.3 2.514 254.48 0.16 21.46 12.47 830.2
2007 6 26 12 51160.8 3.521 268.96 0.16 22.25 13.54 924.5
2007 6 27 12 51146.1 11.098 275.51 0.16 20.90 12.59 835.1
2007 6 28 12 51128.9 8.649 267.35 0.16 23.74 16.43 952.8
2007 6 29 12 51109.4 2.748 261.32 0.16 20.57 11.61 846.5
2007 6 30 12 51087.6 0.598 236.39 0.16 23.15 14.80 898.3
2007 7 1 12 51063.4 7.310 243.71 0.16 22.04 15.13 885.8
2007 7 2 12 51036.9 0.374 247.25 0.16 23.33 16.14 960.3
2007 7 3 12 51008.1 0.197 250.43 0.16 24.19 15.35 871.2
2007 7 4 12 50976.9 4.566 259.21 0.16 22.45 14.65 968.9
2007 7 5 12 50943.5 7.972 269.11 0.16 23.65 13.52 875.7
2007 7 6 12 50907.8 7.801 259.74 0.16 20.42 11.42 853.9
2007 7 7 12 50869.7 1.525 250.09 0.16 21.26 13.08 939.1
2007 7 8 12 50829.4 1.001 267.90 0.16 21.97 12.85 869.9
2007 7 9 12 50786.9 8.148 233.55 0.16 24.71 17.39 982.2
2007 7 10 12 50742.1 2.873 268.05 0.16 24.71 17.03 996.1
2007 7 11 12 50695.1 3.491 268.24 0.16 24.35 15.47 939.8
2007 7 12 12 50645.8 8.505 223.36 0.16 22.54 15.47 942.6
2007 7 13 12 50594.3 5.733 238.49 0.16 22.79 14.31 911.8
2007 7 14 12 50540.7 3.298 239.98 0.16 20.92 11.61 881.7
2007 7 15 12 50484.8 0.752 247.87 0.16 20.23 12.17 857.8
2007 7 16 12 50426.8 1.371 256.99 0.16 23.03 13.53 891.2
2007 7 17 12 50366.7 5.698 253.91 0.16 21.15 12.78 830.1
2007 7 18 12 50304.5 1.210 236.91 0.16 23.66 17.10 1001.4
2007 7 19 12 50240.1 1.929 260.81 0.16 20.55 14.27 933.0
2007 7 20 12 50173.7 0.863 264.18 0.16 23.80 14.77 929.4
2007 7 21 12 50105.1 0.616 228.43 0.16 21.29 13.53 879.8
2007 7 22 12 50034.6 2.228 234.33 0.16 24.45 15.79 891.9
2007 7 23 12 49962.0 5.800 274.67 0.16 24.76 16.50 906.5
2007 7 24 12 49887.4 1.435 233.30 0.16 23.30 15.44 877.2
2007 7 25 12 49810.8 10.387 247.02 0.16 24.27 16.60 949.2
2007 7 26 12 49732.3 2.813 239.40 0.16 22.91 14.73 848.0
2007 7 27 12 49651.8 2.512 198.88 0.16 23.33 13.69 893.2
2007 7 28 12 49569.5 1.476 230.23 0.16 25.14 16.74 964.5
2007 7 29 12 49485.2 0.766 230.87 0.16 20.47 11.75 801.5
2007 7 30 12 49399.1 1.723 251.72 0.16 22.74 14.64 891.5
2007 7 31 12 49311.1 5.302 236.83 0.16 22.84 15.34 939.5
2007 8 1 12 49221.3 1.265 240.06 0.16 24.67 15.65 885.7
2007 8 2 12 49129.8 5.297 252.76 0.16 22.45 15.40 855.6
2007 8 3 12 49036.5 1.244 233.13 0.16 24.15 17.08 913.4
2007 8 4 12 48941.4 3.035 225.23 0.16 19.15 11.05 847.7
2007 8 5 12 48844.7 1.482 228.00 0.16 22.71 15.53 909.8
2007 8 6 12 48746.2 2.392 236.29 0.16 26.48 17.25 906.4
2007 8 7 12 48646.2 2.286 232.35 0.16 23.84 15.55 940.7
2007 8 8 12 48544.5 4.902 248.35 0.16 23.02 14.92 930.0
2007 8 9 12 48441.3 1.176 224.03 0.16 23.62 15.81 942.8
2007 8 10 12 48336.4 0.290 215.87 0.16 21.01 12.68 794.1
2007 8 11 12 48230.1 6.786 237.09 0.16 21.01 12.74 807.8
2007 8 12 12 48122.3 0.439 247.66 0.16 24.73 15.41 921.0
2007 8 13 12 48013.0 0.339 249.16 0.16 20.66 13.57 864.5
2007 8 14 12 47902.3 2.586 215.31 0.16 23.52 16.07 917.2
2007 8 15 12 47790.2 7.943 236.90 0.16 19.70 10.13 779.6
2007 8 16 12 47676.7 0.289 204.73 0.16 22.03 13.09 836.3
2007 8 17 12 47561.9 1.913 227.95 0.16 21.41 13.04 878.7
2007 8 18 12 47445.8 0.924 246.98 0.16 18.47 11.94 828.6
2007 8 19 12 47328.5 3.969 206.07 0.16 24.59 15.32 916.9
2007 8 20 12 47209.9 2.632 218.50 0.16 19.65 11.48 832.4
2007 8 21 12 47090.2 0.498 210.40 0.16 19.81 12.12 825.4
2007 8 22 12 46969.3 2.338 235.95 0.16 18.33 10.11 861.3
2007 8 23 12 46847.3 1.979 223.98 0.16 22.03 13.89 838.8
2007 8 24 12 46724.2 1.332 224.47 0.16 20.34 12.16 822.4
2007 8 25 12 46600.0 0.836 196.23 0.16 20.30 11.44 827.0
2007 8 26 12 46474.8 0.078 210.55 0.16 20.52 11.74 802.2
2007 8 27 12 46348.7 4.040 185.37 0.16 19.52 10.39 803.9
2007 8 28 12 46221.7 3.241 198.20 0.16 21.30 13.32 896.6
2007 8 29 12 46093.7 1.732 205.54 0.16 20.00 11.47 828.8
2007 8 30 12 45964.9 2.287 174.56 0.16 20.69 12.15 809.4
2007 8 31 12 45835.3 1.047 185.22 0.16 19.69 13.12 852.0
2007 9 1 12 45704.9 1.724 202.68 0.16 20.68 12.79 848.3
2007 9 2 12 45573.7 8.902 198.84 0.16 22.45 15.92 909.3
2007 9 3 12 45441.8 8.071 210.48 0.16 21.35 12.44 842.3
2007 9 4 12 45309.3 1.619 215.61 0.16 17.58 8.49 772.6
2007 9 5 12 45176.2 0.313 198.62 0.16 20.33 11.72 890.6
2007 9 6 12 45042.4 0.861 187.31 0.16 19.17 10.85 823.7
2007 9 7 12 44908.2 3.023 208.27 0.16 17.97 10.09 824.7
2007 9 8 12 44773.4 3.935 173.43 0.16 21.69 13.85 876.5
2007 9 9 12 44638.1 0.657 217.07 0.16 18.97 9.74 813.1
2007 9 10 12 44502.5 0.584 186.95 0.16 18.90 9.69 770.3
2007 9 11 12 44366.4 1.576 177.96 0.16 17.37 9.24 817.6
2007 9 12 12 44230.0 4.844 187.22 0.16 17.25 8.76 751.3
2007 9 13 12 44093.3 3.861 183.52 0.16 18.26 9.38 872.1
2007 9 14 12 43956.3 2.747 201.30 0.16 18.79 10.14 792.8
2007 9 15 12 43819.1 0.058 195.00 0.16 17.36 7.15 747.1
2007 9 16 12 43681.7 0.074 156.66 0.16 17.57 9.40 760.1
2007 9 17 12 43544.2 1.117 191.31 0.16 16.31 7.83 799.5
2007 9 18 12 43406.5 1.679 199.80 0.16 16.53 7.42 738.3
2007 9 19 12 43268.9 1.455 178.61 0.16 15.65 7.04 671.5
2007 9 20 12 43131.1 0.203 184.67 0.16 17.15 9.38 810.3
2007 9 21 12 42993.5 0.185 196.71 0.16 16.33 7.77 813.5
2007 9 22 12 42855.8 0.213 167.13 0.16 13.11 5.45 693.0
2007 9 23 12 42718.3 0.402 154.03 0.16 14.90 6.36 737.0
2007 9 24 12 42580.9 3.692 166.25 0.16 13.85 4.44 670.3
2007 9 25 12 42443.7 0.406 174.75 0.16 14.32 4.76 682.4
2007 9 26 12 42306.7 0.892 182.59 0.16 17.94 9.26 809.6
2007 9 27 12 42170.0 0.624 149.93 0.16 15.98 8.87 808.7
2007 9 28 12 42033.6 0.435 182.93 0.16 16.49 7.92 788.7
2007 9 29 12 41897.5 3.918 164.97 0.16 15.75 6.65 717.0
2007 9 30 12 41761.9 5.222 155.47 0.16 13.52 5.17 689.6
2007 10 1 12 41626.6 4.942 171.52 0.16 15.66 8.50 753.0
2007 10 2 12 41491.8 1.861 169.84 0.16 16.89 9.52 805.1
2007 10 3 12 41357.6 1.854 167.17 0.16 16.45 8.31 770.9
2007 10 4 12 41223.8 1.495 164.66 0.16 18.33 9.54 796.9
2007 10 5 12 41090.7 0.858 133.84 0.16 15.18 6.22 776.6
2007 10 6 12 40958.2 0.960 163.23 0.16 13.63 5.19 689.3
2007 10 7 12 40826.3 1.154 170.49 0.16 16.18 7.42 768.3
2007 10 8 12 40695.1 0.296 139.14 0.16 12.81 5.31 749.2
2007 10 9 12 40564.7 1.702 143.43 0.16 13.53 4.55 665.0
2007 10 10 12 40435.1 0.049 162.10 0.16 13.61 5.72 701.7
2007 10 11 12 40306.3 0.050 171.36 0.16 12.14 3.19 683.9
2007 10 12 12 40178.3 0.420 137.17 0.16 12.59 3.81 696.1
2007 10 13 12 40051.3 0.184 135.50 0.16 12.26 3.68 666.9
2007 10 14 12 39925.2 0.679 123.18 0.16 12.14 3.46 651.1
2007 10 15 12 39800.0 1.887 156.06 0.16 8.44 -1.27 561.7
2007 10 16 12 39675.8 1.789 147.36 0.16 12.15 3.74 701.7
2007 10 17 12 39552.7 0.071 166.31 0.16 8.57 0.10 564.7
2007 10 18 12 39430.7 2.701 139.98 0.16 9.52 1.12 573.1
2007 10 19 12 39309.8 1.399 164.47 0.16 11.49 2.59 655.1
2007 10 20 12 39190.1 1.104 119.29 0.16 11.97 4.17 656.5
2007 10 21 12 39071.5 1.145 146.43 0.16 13.91 5.85 720.5
2007 10 22 12 38954.2 1.245 119.57 0.16 9.80 3.23 670.1
2007 10 23 12 38838.1 0.558 136.34 0.16 9.73 1.14 654.6
2007 10 24 12 38723.3 1.615 148.96 0.16 10.06 1.67 586.9
2007 10 25 12 38609.8 0.053 109.11 0.16 4.97 -2.61 555.9
2007 10 26 12 38497.7 0.644 143.26 0.16 8.44 -0.21 603.2
2007 10 27 12 38387.0 0.680 141.49 0.16 7.36 -0.08 542.4
2007 10 28 12 38277.7 5.606 119.00 0.16 8.46 -0.32 595.8
2007 10 29 12 38169.9 0.382 125.46 0.16 7.90 -1.06 593.2
2007 10 30 12 38063.6 0.733 113.84 0.16 10.10 0.55 543.2
2007 10 31 12 37958.7 0.770 141.24 0.16 7.46 -0.33 561.7
2007 11 1 12 37855.5 0.969 112.89 0.16 10.43 1.24 613.2
2007 11 2 12 37753.8 1.001 119.76 0.16 7.24 -1.02 546.6
2007 11 3 12 37653.8 0.031 120.71 0.16 8.55 -0.55 604.8
2007 11 4 12 37555.3 0.128 106.43 0.16 7.08 -0.70 582.9
2007 11 5 12 37458.6 1.914 118.20 0.16 6.61 -0.53 585.4
2007 11 6 12 37363.5 2.782 144.52 0.16 7.18 -1.32 545.6
2007 11 7 12 37270.2 2.880 132.17 0.16 7.25 -0.52 607.2
2007 11 8 12 37178.7 0.218 90.19 0.16 6.77 -0.88 613.1
2007 11 9 12 37088.9 1.324 85.83 0.16 6.45 -2.23 554.0
2007 11 10 12 37000.9 4.225 113.54 0.16 4.07 -4.87 497.7
2007 11 11 12 36914.8 0.142 125.31 0.16 6.51 -1.98 522.1
2007 11 12 12 36830.5 0.646 114.81 0.16 5.85 -1.57 553.2
2007 11 13 12 36748.2 3.605 98.14 0.16 6.45 -3.01 507.7
2007 11 14 12 36667.7 0.554 114.69 0.16 6.34 -1.96 580.7
2007 11 15 12 36589.2 1.965 101.32 0.16 5.14 -2.61 510.4
2007 11 16 12 36512.6 0.068 109.31 0.16 5.07 -4.21 478.7
2007 11 17 12 36438.0 0.451 101.80 0.16 6.26 -3.07 520.8
2007 11 18 12 36365.4 1.313 112.55 0.16 7.88 -0.93 597.9
2007 11 19 12 36294.9 0.725 112.07 0.16 2.24 -5.96 499.3
2007 11 20 12 36226.3 0.819 110.48 0.16 5.91 -2.62 509.2
2007 11 21 12 36159.9 0.894 136.47 0.16 3.84 -5.05 511.0
2007 11 22 12 36095.5 1.347 103.59 0.16 3.84 -5.02 482.6
2007 11 23 12 36033.3 0.454 106.76 0.16 6.30 -2.72 574.4
2007 11 24 12 35973.2 0.243 117.82 0.16 3.37 -4.65 535.9
2007 11 25 12 35915.2 0.093 122.91 0.16 4.11 -4.13 499.7
2007 11 26 12 35859.3 1.400 108.61 0.16 3.87 -3.98 560.8
2007 11 27 12 35805.7 0.062 93.50 0.16 5.28 -3.37 579.5
2007 11 28 12 35754.2 1.655 103.91 0.16 2.88 -4.32 489.7
2007 11 29 12 35704.9 0.198 100.20 0.16 4.46 -4.65 506.2
2007 11 30 12 35657.9 0.253 94.03 0.16 7.53 -1.33 627.7
2007 12 1 12 35613.1 1.816 110.86 0.16 3.10 -3.99 538.6
2007 12 2 12 35570.6 0.682 108.56 0.16 3.74 -5.56 426.1
2007 12 3 12 35530.3 0.590 114.71 0.16 3.03 -5.22 493.0
2007 12 4 12 35492.2 0.845 106.31 0.16 1.49 -6.81 424.9
2007 12 5 12 35456.5 0.579 114.59 0.16 0.20 -8.98 414.9
2007 12 6 12 35423.1 0.639 102.56 0.16 2.52 -5.32 444.9
2007 12 7 12 35391.9 0.274 102.05 0.16 2.65 -5.24 515.0
2007 12 8 12 35363.1 0.309 97.12 0.16 3.84 -4.79 543.6
2007 12 9 12 35336.6 0.539 105.12 0.16 5.60 -1.79 526.9
2007 12 10 12 35312.4 0.302 88.03 0.16 2.66 -4.72 457.5
2007 12 11 12 35290.6 2.629 101.96 0.16 1.93 -6.54 491.6
2007 12 12 12 35271.1 0.867 81.19 0.16 1.07 -6.55 433.9
2007 12 13 12 35253.9 0.174 108.64 0.16 0.03 -9.89 400.5
2007 12 14 12 35239.2 0.297 107.45 0.16 1.11 -6.43 471.5
2007 12 15 12 35226.7 3.005 113.15 0.16 -2.08 -9.18 422.1
2007 12 16 12 35216.7 0.693 76.02 0.16 2.24 -5.51 480.5
2007 12 17 12 35209.0 1.100 100.05 0.16 1.35 -7.41 440.3
2007 12 18 12 35203.6 0.114 93.09 0.16 1.88 -6.07 443.8
2007 12 19 12 35200.7 1.576 99.77 0.16 -1.46 -9.93 362.0
2007 12 20 12 35200.1 2.488 101.63 0.16 1.09 -5.52 482.9
2007 12 21 12 35201.9 1.235 100.54 0.16 -0.85 -8.77 394.4
2007 12 22 12 35206.0 1.713 120.72 0.16 1.62 -7.84 423.6
2007 12 23 12 35212.5 0.691 123.05 0.16 -1.69 -9.35 350.5
2007 12 24 12 35221.4 0.113 110.65 0.16 1.50 -5.20 489.6
2007 12 25 12 35232.6 0.488 99.28 0.16 0.22 -8.67 407.6
2007 12 26 12 35246.3 3.789 77.80 0.16 0.65 -7.93 475.6
2007 12 27 12 35262.2 3.002 102.52 0.16 4.26 -3.54 481.5
2007 12 28 12 35280.5 0.393 81.50 0.16 -1.78 -10.14 382.7
2007 12 29 12 35301.2 1.452 93.79 0.16 -0.48 -10.17 397.8
2007 12 30 12 35324.2 0.899 88.90 0.16 -0.23 -9.85 424.9
2007 12 31 12 35349.5 4.102 98.69 0.16 1.26 -8.01 461.8
2008 1 1 12 35377.2 2.565 101.53 0.16 0.70 -5.87 448.7
2008 1 2 12 35407.2 1.747 94.69 0.16 1.79 -7.40 433.6
2008 1 3 12 35439.5 0.209 96.64 0.16 0.87 -6.79 475.5
2008 1 4 12 35474.1 1.752 101.49 0.16 -1.95 -9.61 410.1
2008 1 5 12 35511.0 1.450 83.75 0.16 -0.07 -8.48 398.3
2008 1 6 12 35550.1 4.237 109.38 0.16 1.49 -7.00 424.6
2008 1 7 12 35591.5 2.328 100.69 0.16 -2.36 -11.42 388.9
2008 1 8 12 35635.2 0.603 110.98 0.16 -1.02 -9.03 426.9
2008 1 9 12 35681.2 1.365 87.28 0.16 -1.89 -11.76 377.8
2008 1 10 12 35729.3 2.635 121.34 0.16 -0.26 -9.44 392.2
2008 1 11 12 35779.7 5.334 116.55 0.16 -0.17 -8.89 431.9
2008 1 12 12 35832.2 1.300 66.11 0.16 -3.30 -12.51 322.1
2008 1 13 12 35887.0 2.571 100.21 0.16 -4.00 -12.07 371.3
2008 1 14 12 35943.9 0.899 108.01 0.16 0.37 -8.47 408.6
2008 1 15 12 36003.0 0.898 117.36 0.16 -1.06 -9.12 393.5
2008 1 16 12 36064.1 1.145 102.78 0.16 -1.49 -11.00 380.3
2008 1 17 12 36127.5 1.662 87.41 0.16 -0.69 -7.34 453.0
2008 1 18 12 36192.9 3.140 108.36 0.16 -3.83 -12.14 397.6
2008 1 19 12 36260.3 1.994 112.33 0.16 0.89 -6.10 449.7
2008 1 20 12 36329.9 0.944 100.36 0.16 -2.43 -11.67 300.0
2008 1 21 12 36401.5 1.303 97.18 0.16 -1.27 -10.70 402.5
2008 1 22 12 36475.1 1.867 121.71 0.16 1.49 -6.55 437.8
2008 1 23 12 36550.6 0.476 106.32 0.16 0.08 -7.84 456.5
2008 1 24 12 36628.2 1.468 90.02 0.16 -3.83 -12.20 438.4
2008 1 25 12 36707.7 1.668 122.58 0.16 -1.25 -9.11 412.0
2008 1 26 12 36789.1 1.114 118.57 0.16 -1.54 -9.93 363.3
2008 1 27 12 36872.4 1.649 91.86 0.16 -2.30 -12.26 391.0
2008 1 28 12 36957.6 3.493 110.23 0.16 -4.45 -12.59 326.5
2008 1 29 12 37044.7 3.344 113.11 0.16 -1.22 -9.34 403.8
2008 1 30 12 37133.6 1.849 114.84 0.16 -2.48 -10.41 373.1
2008 1 31 12 37224.2 2.517 126.51 0.16 0.03 -8.52 417.0
2008 2 1 12 37316.7 1.616 108.62 0.16 -3.52 -13.46 300.2
2008 2 2 12 37410.8 0.398 134.19 0.16 0.07 -8.56 460.8
2008 2 3 12 37506.7 7.044 135.88 0.16 2.79 -6.23 452.0
2008 2 4 12 37604.3 2.419 122.31 0.16 -1.19 -9.20 426.0
2008 2 5 12 37703.6 4.811 120.50 0.16 3.21 -5.73 479.4
2008 2 6 12 37804.5 6.996 117.55 0.16 -1.71 -9.16 427.0
2008 2 7 12 37906.9 1.776 108.45 0.16 0.50 -7.65 451.6
2008 2 8 12 38011.0 1.403 140.49 0.16 0.71 -8.33 437.9
2008 2 9 12 38116.5 0.276 112.64 0.16 -1.82 -9.51 348.6
2008 2 10 12 38223.6 0.265 124.53 0.16 -2.15 -10.60 421.8
2008 2 11 12 38332.2 0.118 129.82 0.16 -1.07 -9.26 469.2
2008 2 12 12 38442.2 2.382 117.69 0.16 -1.07 -9.81 409.6
2008 2 13 12 38553.6 0.615 118.40 0.16 1.99 -7.96 438.1
2008 2 14 12 38666.4 1.161 148.44 0.16 -1.30 -8.27 366.1
2008 2 15 12 38780.5 6.509 126.45 0.16 -0.44 -8.58 402.5
2008 2 16 12 38896.0 1.018 155.06 0.16 0.32 -7.29 426.4
2008 2 17 12 39012.7 1.465 121.44 0.16 1.37 -6.58 485.6
2008 2 18 12 39130.6 0.450 146.51 0.16 -1.02 -10.19 393.7
2008 2 19 12 39249.8 2.335 148.72 0.16 -1.18 -10.16 394.7
2008 2 20 12 39370.1 0.261 163.02 0.16 1.11 -6.38 477.3
2008 2 21 12 39491.6 0.406 124.88 0.16 1.37 -7.86 450.6
2008 2 22 12 39614.2 4.226 151.12 0.16 4.83 -2.75 543.6
2008 2 23 12 39737.8 4.370 142.84 0.16 -0.12 -8.80 434.0
2008 2 24 12 39862.5 0.265 123.44 0.16 3.33 -4.96 484.5
2008 2 25 12 39988.1 4.501 120.70 0.16 0.80 -7.79 439.9
2008 2 26 12 40114.7 8.314 144.58 0.16 -0.07 -8.78 420.5
2008 2 27 12 40242.2 10.339 149.18 0.16 2.63 -5.71 458.4
2008 2 28 12 40370.6 2.355 152.89 0.16 1.93 -6.39 450.4
2008 2 29 12 40499.8 6.772 149.35 0.16 0.74 -7.27 477.5
2008 3 1 12 40629.8 2.007 166.67 0.16 3.17 -5.61 501.2
2008 3 2 12 40760.6 2.704 160.87 0.16 1.55 -5.98 511.4
2008 3 3 12 40892.1 1.999 142.43 0.16 3.52 -3.45 496.3
2008 3 4 12 41024.3 1.928 162.51 0.16 1.94 -6.20 497.0
2008 3 5 12 41157.2 2.914 158.34 0.16 1.81 -6.15 461.3
2008 3 6 12 41290.6 0.235 158.43 0.16 1.21 -7.56 465.4
2008 3 7 12 41424.6 3.155 135.10 0.16 2.96 -5.96 496.8
2008 3 8 12 41559.2 1.401 167.29 0.16 2.63 -5.59 463.9
2008 3 9 12 41694.2 3.224 161.78 0.16 3.92 -5.07 474.4
2008 3 10 12 41829.7 5.217 187.08 0.16 0.91 -7.67 436.9
2008 3 11 12 41965.5 0.510 149.83 0.16 2.74 -6.63 458.9
2008 3 12 12 42101.8 1.447 162.16 0.16 5.61 -3.08 536.6
2008 3 13 12 42238.3 2.580 191.49 0.16 3.85 -5.58 479.6
2008 3 14 12 42375.2 0.276 172.30 0.16 5.51 -2.87 473.8
2008 3 15 12 42512.3 5.249 165.16 0.16 5.02 -4.67 520.7
2008 3 16 12 42649.6 1.193 167.32 0.16 3.87 -3.34 545.5
2008 3 17 12 42787.0 0.880 184.75 0.16 6.31 -1.00 577.2
2008 3 18 12 42924.6 0.023 162.54 0.16 5.28 -2.82 583.0
2008 3 19 12 43062.3 3.037 205.19 0.16 3.92 -4.71 556.9
2008 3 20 12 43200.0 2.641 192.39 0.16 5.60 -2.19 531.2
2008 3 21 12 43337.7 3.497 185.60 0.16 5.30 -3.16 538.5
2008 3 22 12 43475.4 1.881 192.35 0.16 4.76 -3.84 478.1
2008 3 23 12 43613.0 0.325 168.93 0.16 7.26 -2.48 512.6
2008 3 24 12 43750.4 2.945 171.59 0.16 7.23 -0.64 647.5
2008 3 25 12 43887.7 3.023 187.81 0.16 5.91 -3.93 505.9
2008 3 26 12 44024.8 4.961 205.29 0.16 6.47 -1.67 569.6
2008 3 27 12 44161.7 1.340 199.28 0.16 7.38 -1.41 636.7
2008 3 28 12 44298.2 17.295 214.91 0.16 5.37 -1.37 510.1
2008 3 29 12 44434.5 2.111 184.09 0.16 6.36 -1.27 623.0
2008 3 30 12 44570.3 0.819 202.35 0.16 9.65 1.91 600.1
2008 3 31 12 44705.8 5.274 206.14 0.16 6.49 -1.63 550.6
2008 4 1 12 44840.8 10.059 180.10 0.16 8.22 -0.47 612.4
2008 4 2 12 44975.4 0.050 224.85 0.16 8.03 0.88 630.2
2008 4 3 12 45109.4 3.218 215.05 0.16 9.53 1.98 645.7
2008 4 4 12 45242.8 0.944 184.39 0.16 8.86 -0.46 591.1
2008 4 5 12 45375.7 0.609 186.42 0.16 7.03 -1.76 578.1
2008 4 6 12 45507.9 3.360 178.95 0.16 10.22 1.92 614.9
2008 4 7 12 45639.4 4.086 184.69 0.16 6.69 -2.24 567.1
2008 4 8 12 45770.2 6.674 226.11 0.16 8.43 0.69 622.1
2008 4 9 12 45900.2 0.472 218.05 0.16 6.35 -3.04 519.1
2008 4 10 12 46029.4 2.525 227.47 0.16 10.08 3.69 666.3
2008 4 11 12 46157.8 4.814 229.69 0.16 13.46 5.70 702.7
2008 4 12 12 46285.3 2.400 222.99 0.16 10.88 2.06 681.1
2008 4 13 12 46411.9 6.470 192.05 0.16 10.79 2.11 600.3
2008 4 14 12 46537.5 9.404 202.94 0.16 8.85 -0.46 582.2
2008 4 15 12 46662.2 2.750 202.30 0.16 10.07 2.39 658.1
2008 4 16 12 46785.8 7.917 233.60 0.16 9.29 0.26 583.4
2008 4 17 12 46908.4 2.204 213.39 0.16 9.52 1.32 662.3
2008 4 18 12 47029.9 2.555 219.18 0.16 11.30 1.85 690.3
2008 4 19 12 47150.2 1.403 232.38 0.16 7.65 -1.41 561.3
2008 4 20 12 47269.4 2.826 214.88 0.16 10.61 2.54 596.2
2008 4 21 12 47387.3 0.942 206.83 0.16 10.15 0.56 582.6
2008 4 22 12 47504.0 9.012 235.51 0.16 9.19 0.34 625.9
2008 4 23 12 47619.5 3.690 238.38 0.16 12.39 4.08 747.9
2008 4 24 12 47733.6 1.894 255.63 0.16 12.01 3.25 697.2
2008 4 25 12 47846.4 2.706 226.97 0.16 10.77 2.83 650.6
2008 4 26 12 47957.8 4.445 233.78 0.16 12.17 3.66 670.5
2008 4 27 12 48067.8 2.005 205.03 0.16 13.41 4.50 724.9
2008 4 28 12 48176.4 3.893 238.21 0.16 12.67 3.45 646.3
2008 4 29 12 48283.5 2.532 262.90 0.16 13.13 2.78 630.6
2008 4 30 12 48389.0 4.516 235.55 0.16 12.36 2.99 672.5
2008 5 1 12 48493.1 0.920 238.68 0.16 11.22 3.04 653.1
2008 5 2 12 48595.5 1.215 235.52 0.16 11.45 3.18 648.6
2008 5 3 12 48696.4 5.641 256.94 0.16 14.16 5.57 735.2
2008 5 4 12 48795.7 3.287 228.70 0.16 15.62 8.04 723.9
2008 5 5 12 48893.3 0.704 247.35 0.16 13.65 7.75 754.4
2008 5 6 12 48989.2 6.217 226.97 0.16 17.07 9.83 839.8
2008 5 7 12 49083.3 2.872 244.57 0.16 14.98 6.96 756.3
2008 5 8 12 49175.8 5.527 238.55 0.16 16.23 7.78 726.2
2008 5 9 12 49266.4 11.190 239.10 0.16 14.74 4.45 681.5
2008 5 10 12 49355.3 1.817 239.67 0.16 15.32 6.71 757.5
2008 5 11 12 49442.4 3.790 260.15 0.16 15.98 7.96 738.1
2008 5 12 12 49527.6 1.569 244.00 0.16 12.76 3.90 649.7
2008 5 13 12 49610.9 1.981 251.50 0.16 16.17 7.09 719.8
2008 5 14 12 49692.3 0.200 231.28 0.16 18.24 10.12 787.3
2008 5 15 12 49771.8 0.966 269.21 0.16 15.89 7.46 715.6
2008 5 16 12 49849.4 5.174 244.74 0.16 17.54 8.33 750.1
2008 5 17 12 49924.9 0.050 254.36 0.16 14.87 6.98 786.8
2008 5 18 12 49998.5 0.837 236.87 0.16 17.79 10.20 748.7
2008 5 19 12 50070.1 1.650 261.35 0.16 18.35 9.66 784.1
2008 5 20 12 50139.7 0.711 234.05 0.16 18.60 9.98 708.7
2008 5 21 12 50207.1 0.751 252.19 0.16 20.22 13.03 837.8
2008 5 22 12 50272.5 2.970 258.41 0.16 17.79 10.72 783.0
2008 5 23 12 50335.9 3.453 242.44 0.16 19.58 11.63 893.1
2008 5 24 12 50397.0 20.314 229.54 0.16 14.60 6.08 726.5
2008 5 25 12 50456.1 13.360 252.70 0.16 19.67 10.89 821.1
2008 5 26 12 50513.0 4.445 249.75 0.16 17.04 8.60 726.6
2008 5 27 12 50567.8 4.216 240.22 0.16 17.14 8.56 803.0
2008 5 28 12 50620.3 10.954 261.57 0.16 21.12 12.99 874.2
2008 5 29 12 50670.7 0.808 259.78 0.16 18.86 10.35 828.5
2008 5 30 12 50718.8 2.786 258.20 0.16 19.64 10.66 869.4
2008 5 31 12 50764.8 4.719 282.61 0.16 16.80 7.82 721.3
2008 6 1 12 50808.5 1.178 232.49 0.16 21.01 12.61 865.4
2008 6 2 12 50849.9 2.981 265.06 0.16 19.42 9.59 709.1
2008 6 3 12 50889.0 6.413 256.73 0.16 19.93 11.78 810.0
2008 6 4 12 50925.9 13.815 252.59 0.16 21.51 12.57 849.1
2008 6 5 12 50960.5 1.452 266.40 0.16 21.31 12.93 906.5
2008 6 6 12 50992.8 5.154 252.04 0.16 20.46 12.14 877.2
2008 6 7 12 51022.8 0.039 257.18 0.16 18.50 10.44 804.9
2008 6 8 12 51050.5 0.846 269.61 0.16 21.00 12.83 856.0
2008 6 9 12 51075.8 0.581 261.90 0.16 18.24 10.75 844.4
2008 6 10 12 51098.8 1.013 238.49 0.16 21.79 13.56 877.3
2008 6 11 12 51119.5 5.424 256.02 0.16 20.29 11.61 850.9
2008 6 12 12 51137.8 2.565 258.12 0.16 18.95 11.64 865.2
2008 6 13 12 51153.7 4.123 283.34 0.16 18.94 11.18 786.8
2008 6 14 12 51167.4 0.599 238.61 0.16 20.41 10.82 854.2
2008 6 15 12 51178.6 9.275 282.25 0.16 20.25 12.17 864.8
2008 6 16 12 51187.5 3.351 275.04 0.16 21.23 13.69 822.5
2008 6 17 12 51194.0 4.564 244.89 0.16 18.91 9.75 853.9
2008 6 18 12 51198.1 2.032 283.07 0.16 20.43 12.65 864.1
2008 6 19 12 51199.9 1.246 274.05 0.16 21.86 14.16 858.3
2008 6 20 12 51199.3 0.692 265.60 0.16 18.98 9.65 772.3
2008 6 21 12 51196.4 7.062 258.56 0.16 19.91 12.31 852.1
2008 6 22 12 51191.0 9.198 269.86 0.16 21.86 14.11 932.8
2008 6 23 12 51183.3 0.415 246.29 0.16 22.57 13.10 869.4
2008 6 24 12 51173.3 1.826 259.07 0.16 20.52 11.84 822.8
2008 6 25 12 51160.8 5.024 242.35 0.16 21.69 12.68 841.7
2008 6 26 12 51146.1 4.004 271.92 0.16 22.29 13.11 862.2
2008 6 27 12 51128.9 5.365 251.11 0.16 22.34 14.51 871.3
2008 6 28 12 51109.4 0.465 263.56 0.16 20.82 11.97 830.2
2008 6 29 12 51087.6 5.672 263.42 0.16 23.74 15.90 943.9
2008 6 30 12 51063.4 1.107 277.93 0.16 22.09 14.42 913.9
2008 7 1 12 51036.9 0.895 271.56 0.16 22.88 15.14 941.1
2008 7 2 12 51008.1 4.805 264.92 0.16 22.83 13.70 852.3
2008 7 3 12 50976.9 3.700 263.44 0.16 25.09 17.57 941.2
2008 7 4 12 50943.5 0.282 275.70 0.16 23.14 14.64 906.7
2008 7 5 12 50907.8 0.390 255.48 0.16 22.13 12.68 828.1
2008 7 6 12 50869.7 1.853 261.41 0.16 20.75 13.46 834.5
2008 7 7 12 50829.4 0.528 273.57 0.16 21.11 12.96 874.2
2008 7 8 12 50786.9 1.042 229.77 0.16 22.80 15.65 926.6
2008 7 9 12 50742.1 2.273 255.36 0.16 22.55 15.09 948.7
2008 7 10 12 50695.1 0.749 283.36 0.16 22.24 16.00 898.1
2008 7 11 12 50645.8 5.672 251.38 0.16 24.20 15.48 890.4
2008 7 12 12 50594.3 6.558 240.79 0.16 23.85 14.78 862.6
2008 7 13 12 50540.7 1.443 271.16 0.16 21.48 13.13 859.3
2008 7 14 12 50484.8 0.891 261.79 0.16 21.92 13.72 846.7
2008 7 15 12 50426.8 3.709 244.56 0.16 20.27 12.78 907.0
2008 7 16 12 50366.7 0.527 255.16 0.16 21.84 13.38 872.6
2008 7 17 12 50304.5 0.157 242.94 0.16 24.92 16.31 863.8
2008 7 18 12 50240.1 1.365 244.25 0.16 23.20 15.19 887.2
2008 7 19 12 50173.7 8.853 250.43 0.16 21.82 13.62 855.5
2008 7 20 12 50105.1 10.122 231.54 0.16 22.63 13.92 875.7
2008 7 21 12 50034.6 1.409 260.05 0.16 24.43 16.49 891.6
2008 7 22 12 49962.0 0.252 270.52 0.16 24.42 16.11 955.3
2008 7 23 12 49887.4 4.325 262.90 0.16 22.94 14.56 913.7
2008 7 24 12 49810.8 3.831 265.67 0.16 22.12 13.44 895.8
2008 7 25 12 49732.3 2.034 236.85 0.16 24.04 13.81 900.3
2008 7 26 12 49651.8 9.056 258.51 0.16 24.33 16.00 838.5
2008 7 27 12 49569.5 3.644 233.49 0.16 22.16 14.16 886.0
2008 7 28 12 49485.2 0.674 251.57 0.16 19.68 10.92 807.9
2008 7 29 12 49399.1 0.978 243.06 0.16 23.57 14.19 838.6
2008 7 30 12 49311.1 2.317 233.18 0.16 24.15 15.80 904.9
2008 7 31 12 49221.3 3.439 243.92 0.16 23.68 14.65 858.2
2008 8 1 12 49129.8 0.119 229.89 0.16 23.81 15.46 897.5
2008 8 2 12 49036.5 0.517 235.96 0.16 20.85 11.14 786.9
2008 8 3 12 48941.4 1.247 248.38 0.16 22.87 13.66 868.6
2008 8 4 12 48844.7 0.627 224.64 0.16 22.28 15.30 935.2
2008 8 5 12 48746.2 1.835 253.55 0.16 23.21 15.94 928.2
2008 8 6 12 48646.2 3.759 222.41 0.16 21.12 12.63 792.7
2008 8 7 12 48544.5 4.154 235.31 0.16 23.52 15.85 952.5
2008 8 8 12 48441.3 5.032 230.66 0.16 22.05 12.89 871.6
2008 8 9 12 48336.4 5.830 238.47 0.16 22.00 13.32 892.8
2008 8 10 12 48230.1 0.986 222.65 0.16 20.78 12.53 874.9
2008 8 11 12 48122.3 1.470 233.29 0.16 21.36 13.61 877.3
2008 8 12 12 48013.0 1.097 208.06 0.16 20.74 11.06 824.3
2008 8 13 12 47902.3 0.811 229.62 0.16 20.05 12.07 809.8
2008 8 14 12 47790.2 1.593 211.87 0.16 23.09 15.42 896.6
2008 8 15 12 47676.7 0.172 246.07 0.16 22.86 16.04 929.1
2008 8 16 12 47561.9 0.222 210.35 0.16 22.59 14.48 912.3
2008 8 17 12 47445.8 0.787 221.95 0.16 20.48 13.17 901.3
2008 8 18 12 47328.5 7.255 216.64 0.16 20.03 11.56 816.2
2008 8 19 12 47209.9 2.481 227.32 0.16 21.89 13.93 787.2
2008 8 20 12 47090.2 0.829 214.66 0.16 21.97 14.62 952.4
2008 8 21 12 46969.3 5.979 216.45 0.16 22.39 13.81 907.6
2008 8 22 12 46847.3 0.663 203.04 0.16 21.63 13.33 907.1
2008 8 23 12 46724.2 1.431 218.24 0.16 22.57 14.24 895.8
2008 8 24 12 46600.0 0.663 217.04 0.16 22.60 15.87 929.7
2008 8 25 12 46474.8 2.573 207.66 0.16 21.38 12.42 821.2
2008 8 26 12 46348.7 1.026 230.90 0.16 20.41 11.10 840.1
2008 8 27 12 46221.7 0.879 203.88 0.16 20.41 12.03 806.5
2008 8 28 12 46093.7 4.739 181.58 0.16 21.65 12.94 823.5
2008 8 29 12 45964.9 12.174 210.38 0.16 19.68 12.95 822.2
2008 8 30 12 45835.3 2.157 212.55 0.16 19.07 10.43 799.9
2008 8 31 12 45704.9 1.809 182.95 0.16 19.20 10.86 875.8
2008 9 1 12 45573.7 0.259 192.67 0.16 17.38 10.48 864.5
2008 9 2 12 45441.8 5.120 191.21 0.16 18.86 9.88 837.1
2008 9 3 12 45309.3 1.573 194.28 0.16 20.54 11.65 862.2
2008 9 4 12 45176.2 2.632 202.69 0.16 17.87 8.63 770.3
2008 9 5 12 45042.4 2.108 208.54 0.16 21.18 13.03 832.9
2008 9 6 12 44908.2 0.437 193.95 0.16 19.88 11.47 819.3
2008 9 7 12 44773.4 4.193 205.20 0.16 21.15 12.97 832.3
2008 9 8 12 44638.1 0.553 193.05 0.16 19.69 11.49 825.1
2008 9 9 12 44502.5 0.170 173.07 0.16 20.09 10.55 830.4
2008 9 10 12 44366.4 2.374 182.14 0.16 21.12 12.85 835.6
2008 9 11 12 44230.0 2.914 180.25 0.16 16.54 9.18 773.5
2008 9 12 12 44093.3 1.719 191.62 0.16 19.28 10.24 760.1
2008 9 13 12 43956.3 2.965 184.10 0.16 18.65 9.61 824.7
2008 9 14 12 43819.1 5.719 178.21 0.16 18.61 11.49 807.6
2008 9 15 12 43681.7 1.797 177.45 0.16 19.05 10.22 806.8
2008 9 16 12 43544.2 3.447 193.83 0.16 20.85 12.55 840.5
2008 9 17 12 43406.5 2.050 183.37 0.16 17.79 9.56 815.0
2008 9 18 12 43268.9 0.728 202.85 0.16 15.49 8.72 802.7
2008 9 19 12 43131.1 4.530 190.22 0.16 16.02 7.34 719.8
2008 9 20 12 42993.5 0.512 208.04 0.16 17.23 8.72 743.5
2008 9 21 12 42855.8 0.345 180.59 0.16 15.99 7.97 795.8
2008 9 22 12 42718.3 1.671 187.31 0.16 17.45 9.01 821.6
2008 9 23 12 42580.9 0.598 161.25 0.16 12.62 5.07 707.9
2008 9 24 12 42443.7 1.908 170.24 0.16 16.32 5.93 748.8
2008 9 25 12 42306.7 2.188 157.20 0.16 14.83 5.27 677.1
2008 9 26 12 42170.0 0.258 176.54 0.16 13.77 5.64 738.3
2008 9 27 12 42033.6 0.900 161.54 0.16 17.74 9.13 779.5
2008 9 28 12 41897.5 0.564 174.24 0.16 14.55 6.29 766.3
2008 9 29 12 41761.9 0.430 173.72 0.16 14.19 7.53 710.9
2008 9 30 12 41626.6 1.437 174.51 0.16 15.78 7.17 741.6
2008 10 1 12 41491.8 3.941 176.57 0.16 14.56 6.76 736.2
2008 10 2 12 41357.6 0.255 156.73 0.16 15.23 8.14 781.5
2008 10 3 12 41223.8 2.116 179.23 0.16 16.51 8.14 773.7
2008 10 4 12 41090.7 0.470 169.98 0.16 13.54 4.17 667.7
2008 10 5 12 40958.2 2.060 141.74 0.16 12.51 5.20 731.9
2008 10 6 12 40826.3 7.693 169.09 0.16 13.95 6.17 758.7
2008 10 7 12 40695.1 4.197 168.68 0.16 15.02 7.45 722.8
2008 10 8 12 40564.7 0.361 141.52 0.16 13.53 5.02 737.6
2008 10 9 12 40435.1 5.324 166.04 0.16 10.88 2.48 650.4
2008 10 10 12 40306.3 1.815 154.27 0.16 13.23 4.86 685.7
2008 10 11 12 40178.3 1.908 168.79 0.16 12.01 2.76 644.9
2008 10 12 12 40051.3 0.477 159.60 0.16 12.77 5.82 714.7
2008 10 13 12 39925.2 4.195 183.06 0.16 11.91 3.65 672.3
2008 10 14 12 39800.0 0.057 161.29 0.16 13.42 5.03 681.1
2008 10 15 12 39675.8 0.105 142.56 0.16 9.78 2.58 627.8
2008 10 16 12 39552.7 3.927 140.20 0.16 9.47 1.11 605.0
2008 10 17 12 39430.7 0.321 138.50 0.16 11.23 3.32 659.9
2008 10 18 12 39309.8 1.244 122.91 0.16 10.45 1.58 678.1
2008 10 19 12 39190.1 0.271 136.72 0.16 13.96 5.43 667.5
2008 10 20 12 39071.5 1.045 119.63 0.16 12.27 4.93 659.2
2008 10 21 12 38954.2 0.323 126.10 0.16 12.26 4.66 650.6
2008 10 22 12 38838.1 4.543 129.64 0.16 10.52 2.03 615.1
2008 10 23 12 38723.3 1.418 128.97 0.16 10.92 2.15 670.4
2008 10 24 12 38609.8 0.969 159.05 0.16 10.59 1.84 651.8
2008 10 25 12 38497.7 0.692 128.88 0.16 10.10 1.46 634.6
2008 10 26 12 38387.0 2.019 110.90 0.16 9.22 1.57 584.4
2008 10 27 12 38277.7 0.373 127.66 0.16 8.75 -0.06 582.5
2008 10 28 12 38169.9 0.568 132.82 0.16 11.75 2.70 593.9
2008 10 29 12 38063.6 0.302 127.12 0.16 9.59 -0.94 574.5
2008 10 30 12 37958.7 0.400 134.82 0.16 6.42 -2.59 565.2
2008 10 31 12 37855.5 1.864 126.50 0.16 6.22 -1.47 588.4
2008 11 1 12 37753.8 1.218 157.57 0.16 8.08 1.34 630.8
2008 11 2 12 37653.8 1.216 142.61 0.16 6.16 -3.35 539.4
2008 11 3 12 37555.3 1.260 120.53 0.16 10.01 1.21 627.4
2008 11 4 12 37458.6 1.633 125.38 0.16 6.14 -2.55 569.6
2008 11 5 12 37363.5 2.449 126.36 0.16 6.45 -1.89 528.8
2008 11 6 12 37270.2 0.160 149.64 0.16 7.64 -1.04 557.8
2008 11 7 12 37178.7 1.811 118.62 0.16 9.11 0.81 611.6
2008 11 8 12 37088.9 0.269 100.24 0.16 6.99 -2.28 602.4
2008 11 9 12 37000.9 0.580 122.19 0.16 6.98 -0.69 572.0
2008 11 10 12 36914.8 0.291 118.00 0.16 5.91 -1.45 532.9
2008 11 11 12 36830.5 1.989 123.69 0.16 7.47 -1.77 541.0
2008 11 12 12 36748.2 1.393 139.97 0.16 1.99 -7.44 424.3
2008 11 13 12 36667.7 0.391 130.71 0.16 7.46 -1.20 586.1
2008 11 14 12 36589.2 1.377 115.06 0.16 6.25 -2.44 576.2
2008 11 15 12 36512.6 1.063 131.36 0.16 4.99 -4.16 547.1
2008 11 16 12 36438.0 0.111 84.68 0.16 5.20 -3.40 550.5
2008 11 17 12 36365.4 1.345 128.51 0.16 4.03 -3.61 530.9
2008 11 18 12 36294.9 0.226 108.79 0.16 5.00 -4.80 531.5
2008 11 19 12 36226.3 0.108 125.25 0.16 4.72 -4.50 436.6
2008 11 20 12 36159.9 1.684 123.74 0.16 5.24 -2.21 519.8
2008 11 21 12 36095.5 1.393 93.89 0.16 3.62 -5.30 515.4
2008 11 22 12 36033.3 0.525 130.73 0.16 4.00 -5.44 481.1
2008 11 23 12 35973.2 1.268 100.81 0.16 4.78 -2.89 528.4
2008 11 24 12 35915.2 0.697 73.98 0.16 0.92 -8.39 390.4
2008 11 25 12 35859.3 0.192 115.46 0.16 4.67 -4.07 546.5
2008 11 26 12 35805.7 0.124 90.76 0.16 0.57 -8.14 458.0
2008 11 27 12 35754.2 0.067 115.82 0.16 1.59 -6.10 517.7
2008 11 28 12 35704.9 0.374 102.32 0.16 4.67 -3.30 531.5
2008 11 29 12 35657.9 1.458 108.33 0.16 2.93 -4.92 464.7
2008 11 30 12 35613.1 0.489 83.69 0.16 3.91 -4.75 480.2
2008 12 1 12 35570.6 1.158 99.65 0.16 2.85 -5.83 480.1
2008 12 2 12 35530.3 2.949 97.55 0.16 3.95 -4.31 553.2
2008 12 3 12 35492.2 1.320 96.94 0.16 4.42 -4.65 469.3
2008 12 4 12 35456.5 5.481 134.46 0.16 1.97 -6.82 505.9
2008 12 5 12 35423.1 0.192 105.08 0.16 -2.77 -9.93 445.8
2008 12 6 12 35391.9 0.024 91.17 0.16 2.95 -5.19 503.1
2008 12 7 12 35363.1 1.381 86.58 0.16 0.59 -8.60 425.5
2008 12 8 12 35336.6 1.696 96.91 0.16 2.87 -6.62 489.9
2008 12 9 12 35312.4 1.096 131.60 0.16 1.53 -6.41 483.2
2008 12 10 12 35290.6 1.834 108.89 0.16 2.70 -5.80 522.3
2008 12 11 12 35271.1 2.413 72.95 0.16 0.54 -8.69 399.2
2008 12 12 12 35253.9 0.805 73.81 0.16 4.27 -4.19 488.9
2008 12 13 12 35239.2 1.857 96.26 0.16 -1.42 -9.34 366.8
2008 12 14 12 35226.7 0.672 147.48 0.16 1.07 -6.91 481.5
2008 12 15 12 35216.7 2.060 77.59 0.16 2.56 -6.50 463.6
2008 12 16 12 35209.0 1.415 108.60 0.16 2.14 -7.91 464.1
2008 12 17 12 35203.6 0.965 112.47 0.16 0.25 -9.49 417.2
2008 12 18 12 35200.7 0.711 122.28 0.16 -0.83 -8.87 436.9
2008 12 19 12 35200.1 2.534 97.66 0.16 1.31 -5.43 492.8
2008 12 20 12 35201.9 2.561 89.58 0.16 0.78 -8.31 476.8
2008 12 21 12 35206.0 1.178 100.84 0.16 1.27 -6.51 530.9
2008 12 22 12 35212.5 0.779 110.01 0.16 -1.00 -10.16 408.8
2008 12 23 12 35221.4 2.079 100.88 0.16 -0.23 -10.05 416.0
2008 12 24 12 35232.6 2.252 93.62 0.16 0.00 -8.22 442.1
2008 12 25 12 35246.3 1.172 102.36 0.16 -1.57 -10.40 344.5
2008 12 26 12 35262.2 0.428 123.04 0.16 3.47 -4.86 521.0
2008 12 27 12 35280.5 1.559 123.17 0.16 0.27 -8.84 437.8
2008 12 28 12 35301.2 2.187 110.32 0.16 -1.03 -9.32 385.1
2008 12 29 12 35324.2 1.996 104.98 0.16 -2.89 -10.11 432.5
2008 12 30 12 35349.5 3.018 100.77 0.16 -1.53 -10.07 432.9
2008 12 31 12 35377.2 2.685 97.06 0.16 -1.93 -10.39 392.2
2009 1 1 12 35377.2 3.015 89.77 0.16 -0.28 -8.20 456.0
2009 1 2 12 35407.2 7.997 86.25 0.16 0.65 -6.86 478.8
2009 1 3 12 35439.5 0.887 85.50 0.16 -0.67 -10.84 374.5
2009 1 4 12 35474.1 0.875 88.29 0.16 0.81 -7.06 474.8
2009 1 5 12 35511.0 2.242 106.44 0.16 -0.82 -9.16 381.1
2009 1 6 12 35550.1 0.852 95.32 0.16 -0.96 -9.40 400.3
2009 1 7 12 35591.5 0.656 119.50 0.16 -0.40 -8.71 443.8
2009 1 8 12 35635.2 0.247 97.00 0.16 -1.91 -10.07 395.3
2009 1 9 12 35681.2 4.727 69.97 0.16 -1.31 -9.15 433.5
2009 1 10 12 35729.3 1.758 122.65 0.16 0.05 -8.76 453.0
2009 1 11 12 35779.7 1.780 112.04 0.16 -3.02 -12.02 403.0
2009 1 12 12 35832.2 3.496 133.27 0.16 -2.41 -10.12 400.1
2009 1 13 12 35887.0 1.745 103.59 0.16 -2.44 -10.68 411.2
2009 1 14 12 35943.9 0.822 125.06 0.16 -1.45 -9.14 421.5
2009 1 15 12 36003.0 0.873 134.41 0.16 -1.21 -9.27 411.4
2009 1 16 12 36064.1 0.787 92.62 0.16 -3.74 -13.30 333.0
2009 1 17 12 36127.5 0.930 99.52 0.16 -0.34 -8.51 412.2
2009 1 18 12 36192.9 0.673 116.43 0.16 -1.32 -9.28 457.8
2009 1 19 12 36260.3 1.855 122.22 0.16 -0.48 -10.45 355.3
2009 1 20 12 36329.9 0.783 151.30 0.16 -0.93 -10.28 401.6
2009 1 21 12 36401.5 0.317 95.70 0.16 -1.07 -8.21 429.4
2009 1 22 12 36475.1 2.859 87.61 0.16 -1.51 -8.72 419.9
2009 1 23 12 36550.6 2.413 122.98 0.16 1.23 -7.90 429.5
2009 1 24 12 36628.2 2.271 94.23 0.16 -1.68 -8.51 466.9
2009 1 25 12 36707.7 0.084 110.33 0.16 -0.46 -11.53 373.5
2009 1 26 12 36789.1 5.667 126.42 0.16 -0.34 -7.56 429.2
2009 1 27 12 36872.4 2.432 138.19 0.16 -2.82 -11.98 363.6
2009 1 28 12 36957.6 0.541 145.44 0.16 -1.45 -8.40 413.6
2009 1 29 12 37044.7 2.539 149.49 0.16 -1.59 -10.32 356.5
2009 1 30 12 37133.6 1.642 108.98 0.16 0.23 -7.70 449.7
2009 1 31 12 37224.2 2.496 111.23 0.16 -1.90 -9.92 399.7
2009 2 1 12 37316.7 0.769 133.32 0.16 -2.64 -9.31 411.0
2009 2 2 12 37410.8 1.395 129.05 0.16 -3.03 -11.30 334.6
2009 2 3 12 37506.7 3.279 139.89 0.16 -0.52 -8.28 478.6
2009 2 4 12 37604.3 6.356 135.24 0.16 -0.70 -9.19 374.3
2009 2 5 12 37703.6 0.964 111.32 0.16 0.29 -8.37 434.8
2009 2 6 12 37804.5 0.021 109.74 0.16 1.65 -7.57 420.6
2009 2 7 12 37906.9 0.670 136.68 0.16 -1.07 -9.47 431.9
2009 2 8 12 38011.0 0.949 150.07 0.16 2.13 -6.84 436.9
2009 2 9 12 38116.5 1.254 138.17 0.16 1.45 -6.68 429.3
2009 2 10 12 38223.6 4.499 157.03 0.16 -0.16 -8.88 431.1
2009 2 11 12 38332.2 0.772 125.38 0.16 0.30 -7.67 436.0
2009 2 12 12 38442.2 2.581 152.76 0.16 -2.15 -10.62 362.4
2009 2 13 12 38553.6 2.821 145.13 0.16 -0.84 -9.50 400.9
2009 2 14 12 38666.4 0.257 119.71 0.16 0.63 -7.84 468.7
2009 2 15 12 38780.5 0.403 155.98 0.16 -0.90 -9.91 404.9
2009 2 16 12 38896.0 1.885 107.74 0.16 -1.92 -11.17 367.2
2009 2 17 12 39012.7 6.104 162.15 0.16 -0.08 -8.32 445.6
2009 2 18 12 39130.6 3.583 148.91 0.16 -1.51 -10.43 378.5
2009 2 19 12 39249.8 2.431 164.63 0.16 1.08 -7.43 409.0
2009 2 20 12 39370.1 1.553 136.42 0.16 0.06 -7.81 428.2
2009 2 21 12 39491.6 1.824 153.82 0.16 -0.04 -7.75 469.0
2009 2 22 12 39614.2 1.025 127.84 0.16 -0.41 -9.14 405.7
2009 2 23 12 39737.8 4.266 153.21 0.16 2.42 -4.15 561.4
2009 2 24 12 39862.5 1.876 172.24 0.16 -1.42 -10.78 377.4
2009 2 25 12 39988.1 1.320 125.06 0.16 2.34 -7.02 474.7
2009 2 26 12 40114.7 4.281 141.15 0.16 0.22 -7.82 450.1
2009 2 27 12 40242.2 0.435 142.85 0.16 2.55 -7.00 466.1
2009 2 28 12 40370.6 0.297 150.55 0.16 2.80 -3.94 481.1
2009 3 1 12 40499.8 4.966 151.88 0.16 0.64 -7.65 474.2
2009 3 2 12 40629.8 1.107 122.14 0.16 1.66 -6.30 458.1
2009 3 3 12 40760.6 6.422 146.40 0.16 -0.68 -9.01 448.8
2009 3 4 12 40892.1 1.472 153.74 0.16 6.18 -4.50 515.1
2009 3 5 12 41024.3 3.964 133.27 0.16 2.43 -5.72 539.5
2009 3 6 12 41157.2 3.519 171.33 0.16 4.98 -4.24 500.8
2009 3 7 12 41290.6 0.993 150.97 0.16 2.33 -6.19 526.6
2009 3 8 12 41424.6 3.339 166.55 0.16 3.74 -3.55 490.0
2009 3 9 12 41559.2 0.594 176.30 0.16 6.37 -2.73 579.5
2009 3 10 12 41694.2 4.376 164.15 0.16 4.68 -3.34 511.9
2009 3 11 12 41829.7 8.178 163.30 0.16 2.34 -4.95 522.4
2009 3 12 12 41965.5 2.318 160.58 0.16 2.84 -6.97 494.8
2009 3 13 12 42101.8 2.941 162.79 0.16 4.72 -2.65 610.6
2009 3 14 12 42238.3 3.504 168.10 0.16 1.48 -6.50 533.0
2009 3 15 12 42375.2 6.335 173.10 0.16 5.01 -3.11 508.5
2009 3 16 12 42512.3 2.098 169.71 0.16 4.33 -4.19 510.3
2009 3 17 12 42649.6 2.237 153.23 0.16 3.30 -5.34 466.7
2009 3 18 12 42787.0 1.993 201.77 0.16 4.21 -4.52 458.2
2009 3 19 12 42924.6 1.401 166.65 0.16 5.27 -2.96 546.9
2009 3 20 12 43062.3 1.151 175.63 0.16 5.68 -3.27 497.6
2009 3 21 12 43200.0 1.240 167.80 0.16 3.56 -4.22 468.4
2009 3 22 12 43337.7 2.379 203.99 0.16 3.93 -5.04 510.7
2009 3 23 12 43475.4 0.232 197.35 0.16 3.59 -6.02 508.9
2009 3 24 12 43613.0 0.091 197.17 0.16 6.65 -2.00 572.5
2009 3 25 12 43750.4 0.504 176.61 0.16 2.84 -5.22 481.4
2009 3 26 12 43887.7 4.080 203.54 0.16 6.39 -1.56 555.0
2009 3 27 12 44024.8 0.247 205.56 0.16 3.24 -4.80 488.6
2009 3 28 12 44161.7 2.212 165.21 0.16 4.04 -4.03 534.1
2009 3 29 12 44298.2 5.838 192.74 0.16 4.22 -4.88 473.5
2009 3 30 12 44434.5 0.371 183.42 0.16 8.15 0.04 648.0
2009 3 31 12 44570.3 0.956 153.88 0.16 8.19 2.79 621.5
2009 4 1 12 44705.8 0.523 173.48 0.16 8.94 -0.57 622.3
2009 4 2 12 44840.8 3.241 191.38 0.16 6.09 -1.52 614.4
2009 4 3 12 44975.4 0.882 209.29 0.16 9.07 2.27 665.0
2009 4 4 12 45109.4 0.486 210.87 0.16 7.46 -1.05 597.9
2009 4 5 12 45242.8 0.264 186.02 0.16 10.14 3.02 657.4
2009 4 6 12 45375.7 1.471 171.27 0.16 7.85 0.77 640.1
2009 4 7 12 45507.9 1.102 216.28 0.16 9.48 1.05 645.8
2009 4 8 12 45639.4 2.036 203.29 0.16 11.20 2.95 667.5
2009 4 9 12 45770.2 2.100 216.56 0.16 7.91 0.35 599.6
2009 4 10 12 45900.2 0.484 195.93 0.16 9.38 -0.20 558.4
2009 4 11 12 46029.4 0.121 185.01 0.16 10.85 4.00 699.7
2009 4 12 12 46157.8 0.252 181.70 0.16 10.87 2.95 589.0
2009 4 13 12 46285.3 3.842 206.86 0.16 8.70 -0.38 596.9
2009 4 14 12 46411.9 0.696 197.24 0.16 8.84 0.28 613.0
2009 4 15 12 46537.5 2.182 223.66 0.16 8.53 -0.11 643.7
2009 4 16 12 46662.2 0.761 210.85 0.16 7.70 -1.93 535.7
2009 4 17 12 46785.8 2.428 239.34 0.16 10.60 1.89 638.6
2009 4 18 12 46908.4 2.281 216.23 0.16 11.14 3.97 676.6
2009 4 19 12 47029.9 13.489 222.21 0.16 12.68 4.61 717.9
2009 4 20 12 47150.2 0.002 224.58 0.16 11.31 3.11 635.7
2009 4 21 12 47269.4 2.498 208.04 0.16 12.66 4.51 645.1
2009 4 22 12 47387.3 0.764 227.15 0.16 11.77 3.11 731.0
2009 4 23 12 47504.0 1.504 198.83 0.16 13.36 3.94 687.7
2009 4 24 12 47619.5 6.762 200.69 0.16 10.69 1.88 686.9
2009 4 25 12 47733.6 2.826 223.21 0.16 10.05 2.08 696.6
2009 4 26 12 47846.4 2.594 212.03 0.16 13.34 4.34 711.2
2009 4 27 12 47957.8 3.756 228.35 0.16 10.93 2.88 683.8
2009 4 28 12 48067.8 1.487 220.87 0.16 13.41 5.25 710.3
2009 4 29 12 48176.4 0.056 227.51 0.16 9.74 2.41 612.6
2009 4 30 12 48283.5 0.966 224.61 0.16 13.59 4.50 694.1
2009 5 1 12 48389.0 1.147 235.23 0.16 14.87 6.47 763.2
2009 5 2 12 48493.1 0.458 269.97 0.16 11.67 2.72 635.3
2009 5 3 12 48595.5 1.090 220.08 0.16 16.71 6.88 736.2
2009 5 4 12 48696.4 5.104 246.00 0.16 18.06 11.31 820.8
2009 5 5 12 48795.7 7.027 230.88 0.16 13.77 5.97 787.8
2009 5 6 12 48893.3 0.483 229.20 0.16 15.28 6.56 759.8
2009 5 7 12 48989.2 5.265 235.26 0.16 12.65 3.49 689.4
2009 5 8 12 49083.3 7.234 263.89 0.16 14.46 5.76 682.6
2009 5 9 12 49175.8 3.067 224.97 0.16 15.94 8.13 777.9
2009 5 10 12 49266.4 1.541 255.35 0.16 16.88 8.56 791.6
2009 5 11 12 49355.3 1.591 240.42 0.16 13.52 5.57 648.6
2009 5 12 12 49442.4 1.159 249.18 0.16 13.76 5.48 672.9
2009 5 13 12 49527.6 3.832 244.10 0.16 15.03 6.48 715.0
2009 5 14 12 49610.9 2.868 260.99 0.16 16.27 8.02 789.5
2009 5 15 12 49692.3 0.766 216.53 0.16 16.09 8.39 754.7
2009 5 16 12 49771.8 2.411 267.75 0.16 16.82 7.43 780.0
2009 5 17 12 49849.4 4.899 248.13 0.16 17.53 9.68 779.8
2009 5 18 12 49924.9 0.242 247.71 0.16 19.52 11.49 803.8
2009 5 19 12 49998.5 0.627 240.91 0.16 15.73 6.12 715.3
2009 5 20 12 50070.1 12.762 260.70 0.16 19.14 9.65 816.8
2009 5 21 12 50139.7 3.329 246.86 0.16 18.45 11.12 804.8
2009 5 22 12 50207.1 1.366 257.82 0.16 16.66 7.36 746.2
2009 5 23 12 50272.5 0.633 250.66 0.16 17.20 9.04 742.8
2009 5 24 12 50335.9 2.965 269.39 0.16 17.39 8.07 765.3
2009 5 25 12 50397.0 10.905 230.60 0.16 17.25 9.00 822.0
2009 5 26 12 50456.1 6.194 247.95 0.16 18.46 8.72 754.1
2009 5 27 12 50513.0 2.470 263.29 0.16 17.10 9.26 793.7
2009 5 28 12 50567.8 2.615 266.97 0.16 18.45 9.23 769.6
2009 5 29 12 50620.3 2.763 255.98 0.16 19.63 11.06 818.4
2009 5 30 12 50670.7 4.298 250.15 0.16 18.70 10.60 802.7
2009 5 31 12 50718.8 0.431 262.58 0.16 18.87 11.02 821.9
2009 6 1 12 50764.8 0.109 266.35 0.16 17.12 10.23 835.0
2009 6 2 12 50808.5 3.887 231.62 0.16 19.60 12.24 830.4
2009 6 3 12 50849.9 2.136 249.46 0.16 18.44 10.04 822.5
2009 6 4 12 50889.0 4.671 248.29 0.16 20.16 10.86 833.0
2009 6 5 12 50925.9 5.900 235.75 0.16 17.34 8.80 731.4
2009 6 6 12 50960.5 1.835 266.02 0.16 19.03 11.24 820.0
2009 6 7 12 50992.8 1.810 260.28 0.16 18.82 10.19 794.8
2009 6 8 12 51022.8 5.743 281.47 0.16 21.25 13.28 836.6
2009 6 9 12 51050.5 7.341 263.76 0.16 19.92 11.50 795.3
2009 6 10 12 51075.8 4.886 259.58 0.16 19.20 12.75 920.8
2009 6 11 12 51098.8 5.049 250.32 0.16 22.85 13.06 845.4
2009 6 12 12 51119.5 10.341 267.06 0.16 21.50 14.15 848.6
2009 6 13 12 51137.8 12.668 254.12 0.16 17.75 9.18 805.8
2009 6 14 12 51153.7 3.734 243.18 0.16 23.22 14.54 905.9
2009 6 15 12 51167.4 0.203 267.07 0.16 22.22 14.20 888.3
2009 6 16 12 51178.6 6.220 239.88 0.16 18.32 7.94 805.3
2009 6 17 12 51187.5 5.367 240.05 0.16 23.02 15.02 917.8
2009 6 18 12 51194.0 1.098 263.38 0.16 17.42 8.53 778.4
2009 6 19 12 51198.1 5.244 260.17 0.16 19.21 10.76 792.3
2009 6 20 12 51199.9 3.199 272.41 0.16 17.33 7.62 744.9
2009 6 21 12 51199.3 1.163 272.88 0.16 24.64 15.26 952.9
2009 6 22 12 51196.4 0.681 275.17 0.16 22.99 13.84 876.0
2009 6 23 12 51191.0 0.143 250.06 0.16 23.25 14.59 931.9
2009 6 24 12 51183.3 3.457 244.13 0.16 21.32 12.54 838.7
2009 6 25 12 51173.3 3.028 267.91 0.16 24.58 15.57 904.5
2009 6 26 12 51160.8 2.425 249.18 0.16 18.02 8.60 803.3
2009 6 27 12 51146.1 0.944 252.41 0.16 22.17 12.92 880.6
2009 6 28 12 51128.9 1.301 238.79 0.16 21.14 14.23 966.1
2009 6 29 12 51109.4 3.993 266.99 0.16 20.82 13.19 834.8
2009 6 30 12 51087.6 4.638 246.97 0.16 22.38 13.32 869.0
2009 7 1 12 51063.4 0.946 282.81 0.16 22.87 14.80 875.6
2009 7 2 12 51036.9 0.440 271.46 0.16 21.09 12.42 884.9
2009 7 3 12 51008.1 4.591 240.34 0.16 21.27 11.71 838.0
2009 7 4 12 50976.9 3.529 272.18 0.16 24.51 16.88 911.5
2009 7 5 12 50943.5 1.343 232.40 0.16 20.57 12.18 842.7
2009 7 6 12 50907.8 0.240 280.45 0.16 21.98 14.06 859.2
2009 7 7 12 50869.7 1.194 271.96 0.16 24.59 16.36 900.5
2009 7 8 12 50829.4 2.807 247.05 0.16 26.40 18.87 980.8
2009 7 9 12 50786.9 0.612 224.92 0.16 24.96 16.23 934.7
2009 7 10 12 50742.1 5.389 250.04 0.16 24.81 17.34 911.8
2009 7 11 12 50695.1 0.981 248.79 0.16 23.88 15.99 915.2
2009 7 12 12 50645.8 6.115 265.99 0.16 21.07 13.47 869.1
2009 7 13 12 50594.3 0.769 233.83 0.16 23.12 15.48 925.5
2009 7 14 12 50540.7 0.441 303.40 0.16 20.68 11.36 828.5
2009 7 15 12 50484.8 0.080 262.60 0.16 21.47 13.01 834.7
2009 7 16 12 50426.8 0.943 244.96 0.16 24.29 15.78 929.4
2009 7 17 12 50366.7 4.783 255.00 0.16 25.22 17.07 983.4
2009 7 18 12 50304.5 3.027 236.99 0.16 25.27 16.49 965.4
2009 7 19 12 50240.1 3.772 259.17 0.16 24.99 17.24 934.6
2009 7 20 12 50173.7 0.630 221.85 0.16 23.85 16.55 943.7
2009 7 21 12 50105.1 7.155 259.91 0.16 21.81 14.75 851.1
2009 7 22 12 50034.6 3.275 236.48 0.16 22.08 12.51 841.5
2009 7 23 12 49962.0 0.676 227.77 0.16 24.40 14.73 907.8
2009 7 24 12 49887.4 3.011 256.66 0.16 24.76 16.48 984.1
2009 7 25 12 49810.8 5.109 230.97 0.16 22.40 14.23 826.7
2009 7 26 12 49732.3 2.934 246.91 0.16 24.78 18.13 947.5
2009 7 27 12 49651.8 0.186 237.35 0.16 23.49 15.16 930.5
2009 7 28 12 49569.5 3.310 248.26 0.16 20.44 11.09 783.1
2009 7 29 12 49485.2 0.937 231.07 0.16 23.11 15.29 880.5
2009 7 30 12 49399.1 0.097 258.54 0.16 24.50 18.46 966.7
2009 7 31 12 49311.1 8.182 218.66 0.16 21.33 14.31 897.8
2009 8 1 12 49221.3 4.560 231.96 0.16 20.48 11.41 828.0
2009 8 2 12 49129.8 0.884 223.74 0.16 23.49 14.51 880.3
2009 8 3 12 49036.5 7.379 249.20 0.16 19.09 10.93 850.3
2009 8 4 12 48941.4 1.840 229.61 0.16 23.36 15.11 894.5
2009 8 5 12 48844.7 7.077 253.53 0.16 19.42 11.96 875.0
2009 8 6 12 48746.2 1.434 229.87 0.16 21.65 11.99 840.6
2009 8 7 12 48646.2 1.103 222.53 0.16 21.06 13.53 905.0
2009 8 8 12 48544.5 0.684 235.05 0.16 22.73 13.51 843.2
2009 8 9 12 48441.3 0.299 238.57 0.16 20.70 11.32 864.0
2009 8 10 12 48336.4 1.829 228.24 0.16 20.31 12.21 817.0
2009 8 11 12 48230.1 2.055 241.79 0.16 23.71 15.96 921.1
2009 8 12 12 48122.3 1.169 236.70 0.16 21.00 12.22 907.0
2009 8 13 12 48013.0 1.879 207.33 0.16 19.29 10.63 803.3
2009 8 14 12 47902.3 0.519 232.52 0.16 21.77 14.65 903.8
2009 8 15 12 47790.2 2.282 226.97 0.16 21.85 13.40 869.5
2009 8 16 12 47676.7 4.066 233.33 0.16 22.51 14.31 889.8
2009 8 17 12 47561.9 8.970 221.62 0.16 22.77 14.93 946.3
2009 8 18 12 47445.8 0.048 214.35 0.16 22.04 12.90 848.0
2009 8 19 12 47328.5 11.921 222.09 0.16 22.60 13.96 902.1
2009 8 20 12 47209.9 1.269 211.12 0.16 23.92 14.70 919.7
2009 8 21 12 47090.2 0.774 219.24 0.16 23.02 14.95 890.5
2009 8 22 12 46969.3 0.626 196.20 0.16 22.40 13.68 910.4
2009 8 23 12 46847.3 5.709 225.85 0.16 23.30 13.53 874.7
2009 8 24 12 46724.2 6.788 214.86 0.16 24.41 15.97 900.5
2009 8 25 12 46600.0 1.937 221.81 0.16 20.89 12.77 808.6
2009 8 26 12 46474.8 2.051 246.27 0.16 21.74 14.21 859.8
2009 8 27 12 46348.7 1.114 215.53 0.16 20.93 13.00 919.6
2009 8 28 12 46221.7 1.197 214.30 0.16 19.91 11.02 850.2
2009 8 29 12 46093.7 2.831 234.27 0.16 20.06 12.76 874.8
2009 8 30 12 45964.9 3.639 216.53 0.16 20.24 11.75 823.1
2009 8 31 12 45835.3 0.180 192.56 0.16 18.96 10.48 856.1
2009 9 1 12 45704.9 1.569 203.69 0.16 21.63 13.24 868.3
2009 9 2 12 45573.7 4.028 217.39 0.16 19.21 12.16 844.6
2009 9 3 12 45441.8 0.124 205.22 0.16 19.44 9.99 774.4
2009 9 4 12 45309.3 0.135 185.01 0.16 21.20 13.88 868.6
2009 9 5 12 45176.2 0.816 193.18 0.16 20.83 12.28 862.2
2009 9 6 12 45042.4 0.657 191.38 0.16 20.23 11.62 827.1
2009 9 7 12 44908.2 3.029 208.89 0.16 18.07 9.98 787.8
2009 9 8 12 44773.4 2.088 197.16 0.16 20.56 12.96 864.5
2009 9 9 12 44638.1 0.262 203.66 0.16 17.57 10.40 833.7
2009 9 10 12 44502.5 2.765 197.85 0.16 19.99 12.28 833.0
2009 9 11 12 44366.4 1.231 193.84 0.16 17.40 8.44 764.0
2009 9 12 12 44230.0 0.894 184.82 0.16 17.87 9.96 790.6
2009 9 13 12 44093.3 0.315 190.09 0.16 18.24 10.61 783.3
2009 9 14 12 43956.3 5.516 190.59 0.16 18.04 10.48 822.0
2009 9 15 12 43819.1 1.383 187.26 0.16 17.82 9.29 734.6
2009 9 16 12 43681.7 4.268 169.53 0.16 18.53 9.23 789.7
2009 9 17 12 43544.2 4.321 171.96 0.16 18.52 11.50 810.1
2009 9 18 12 43406.5 2.730 180.20 0.16 14.21 4.40 678.0
2009 9 19 12 43268.9 0.530 188.24 0.16 17.98 10.76 818.0
2009 9 20 12 43131.1 3.431 165.12 0.16 15.55 7.53 725.8
2009 9 21 12 42993.5 0.748 162.32 0.16 16.35 8.91 794.0
2009 9 22 12 42855.8 1.394 180.82 0.16 15.66 8.31 748.1
2009 9 23 12 42718.3 0.380 178.52 0.16 15.32 6.63 773.5
2009 9 24 12 42580.9 2.299 172.18 0.16 15.16 6.13 709.4
2009 9 25 12 42443.7 0.441 183.58 0.16 17.35 8.42 788.9
2009 9 26 12 42306.7 3.340 165.28 0.16 17.18 7.91 784.7
2009 9 27 12 42170.0 2.233 159.90 0.16 16.68 7.48 752.2
2009 9 28 12 42033.6 0.638 164.59 0.16 16.88 9.66 829.1
2009 9 29 12 41897.5 0.551 143.09 0.16 17.34 7.74 798.2
2009 9 30 12 41761.9 3.077 155.38 0.16 14.18 5.51 704.4
2009 10 1 12 41626.6 4.360 163.89 0.16 14.98 6.18 697.1
2009 10 2 12 41491.8 1.720 148.03 0.16 13.09 5.42 677.8
2009 10 3 12 41357.6 0.706 158.96 0.16 16.23 8.17 786.4
2009 10 4 12 41223.8 1.171 171.19 0.16 15.01 5.79 690.4
2009 10 5 12 41090.7 0.021 123.74 0.16 15.25 5.28 703.4
2009 10 6 12 40958.2 0.960 155.56 0.16 12.67 4.60 695.7
2009 10 7 12 40826.3 2.660 138.19 0.16 10.84 3.04 683.5
2009 10 8 12 40695.1 0.788 141.00 0.16 14.71 7.09 753.1
2009 10 9 12 40564.7 0.367 148.91 0.16 11.17 3.39 623.8
2009 10 10 12 40435.1 1.505 137.61 0.16 12.63 4.13 649.7
2009 10 11 12 40306.3 1.360 149.45 0.16 12.80 4.91 637.8
2009 10 12 12 40178.3 0.511 156.50 0.16 13.17 3.57 677.0
2009 10 13 12 40051.3 1.494 159.19 0.16 13.55 5.66 667.5
2009 10 14 12 39925.2 0.733 151.06 0.16 11.81 3.54 682.9
2009 10 15 12 39800.0 0.991 126.94 0.16 8.40 0.11 584.9
2009 10 16 12 39675.8 2.800 152.51 0.16 7.43 -1.42 605.9
2009 10 17 12 39552.7 1.224 157.80 0.16 12.39 4.02 698.7
2009 10 18 12 39430.7 0.955 122.81 0.16 10.95 3.21 651.8
2009 10 19 12 39309.8 1.327 163.61 0.16 10.23 0.29 584.7
2009 10 20 12 39190.1 0.413 131.24 0.16 11.17 3.91 654.5
2009 10 21 12 39071.5 1.497 122.06 0.16 11.77 2.88 612.6
2009 10 22 12 38954.2 4.585 128.74 0.16 11.26 4.19 657.9
2009 10 23 12 38838.1 1.111 129.74 0.16 8.56 -0.73 614.2
2009 10 24 12 38723.3 0.958 108.47 0.16 9.34 0.93 583.4
2009 10 25 12 38609.8 0.515 123.09 0.16 10.23 2.40 641.3
2009 10 26 12 38497.7 0.648 157.88 0.16 6.69 -1.07 582.4
2009 10 27 12 38387.0 0.137 137.55 0.16 6.77 -0.06 610.7
2009 10 28 12 38277.7 0.292 124.95 0.16 10.91 1.75 596.4
2009 10 29 12 38169.9 1.262 130.95 0.16 9.02 1.82 601.5
2009 10 30 12 38063.6 0.268 113.72 0.16 9.26 -0.56 576.2
2009 10 31 12 37958.7 0.404 130.86 0.16 8.29 0.50 608.2
2009 11 1 12 37855.5 0.452 167.91 0.16 8.27 0.09 574.1
2009 11 2 12 37753.8 2.776 131.92 0.16 7.95 -0.30 578.0
2009 11 3 12 37653.8 0.707 98.19 0.16 5.99 -1.37 590.0
2009 11 4 12 37555.3 0.827 120.23 0.16 7.18 -2.09 545.1
2009 11 5 12 37458.6 0.193 125.61 0.16 9.80 1.05 675.8
2009 11 6 12 37363.5 1.317 84.96 0.16 7.88 -1.48 548.3
2009 11 7 12 37270.2 0.808 144.09 0.16 7.78 0.09 614.5
2009 11 8 12 37178.7 0.426 119.37 0.16 7.89 -0.09 540.9
2009 11 9 12 37088.9 1.400 77.97 0.16 8.82 0.09 643.2
2009 11 10 12 37000.9 1.685 115.06 0.16 6.14 -3.31 535.3
2009 11 11 12 36914.8 4.918 113.37 0.16 5.21 -2.86 508.4
2009 11 12 12 36830.5 2.748 102.07 0.16 6.36 -2.11 549.2
2009 11 13 12 36748.2 2.279 127.44 0.16 4.87 -3.14 574.8
2009 11 14 12 36667.7 0.599 122.13 0.16 8.17 -0.61 508.3
2009 11 15 12 36589.2 0.892 167.53 0.16 8.45 -0.07 605.6
2009 11 16 12 36512.6 0.605 91.46 0.16 6.41 -1.80 603.7
2009 11 17 12 36438.0 2.061 127.38 0.16 7.80 -0.76 577.7
2009 11 18 12 36365.4 0.268 126.62 0.16 4.60 -5.31 520.3
2009 11 19 12 36294.9 0.682 95.32 0.16 5.71 -2.62 574.9
2009 11 20 12 36226.3 0.302 89.54 0.16 5.34 -4.56 583.9
2009 11 21 12 36159.9 0.595 134.05 0.16 4.44 -5.08 479.4
2009 11 22 12 36095.5 1.994 87.27 0.16 4.25 -4.83 554.7
2009 11 23 12 36033.3 0.562 94.21 0.16 4.87 -4.74 453.1
2009 11 24 12 35973.2 0.109 92.45 0.16 4.96 -1.73 546.7
2009 11 25 12 35915.2 0.269 110.85 0.16 5.17 -3.49 543.7
2009 11 26 12 35859.3 0.939 92.95 0.16 2.78 -4.90 494.1
2009 11 27 12 35805.7 0.863 93.28 0.16 5.40 -2.23 551.7
2009 11 28 12 35754.2 0.232 94.37 0.16 0.57 -8.79 431.7
2009 11 29 12 35704.9 0.648 124.75 0.16 1.73 -9.14 398.1
2009 11 30 12 35657.9 0.020 69.93 0.16 2.70 -5.70 498.3
2009 12 1 12 35613.1 1.015 120.77 0.16 5.54 -2.85 518.6
2009 12 2 12 35570.6 0.128 109.91 0.16 5.43 -1.82 553.2
2009 12 3 12 35530.3 0.535 137.92 0.16 3.20 -5.42 490.0
2009 12 4 12 35492.2 1.190 86.70 0.16 2.92 -5.20 457.6
2009 12 5 12 35456.5 2.550 83.38 0.16 1.98 -5.66 478.7
2009 12 6 12 35423.1 0.191 83.86 0.16 1.19 -6.62 496.0
2009 12 7 12 35391.9 2.829 76.26 0.16 -0.21 -8.20 439.9
2009 12 8 12 35363.1 0.871 95.64 0.16 1.49 -6.04 474.8
2009 12 9 12 35336.6 0.292 87.18 0.16 3.43 -5.15 473.2
2009 12 10 12 35312.4 0.178 93.59 0.16 2.30 -5.66 511.9
2009 12 11 12 35290.6 1.843 78.22 0.16 2.92 -5.65 495.5
2009 12 12 12 35271.1 2.255 110.37 0.16 -2.41 -10.83 384.5
2009 12 13 12 35253.9 0.943 112.99 0.16 -1.54 -9.52 434.8
2009 12 14 12 35239.2 1.251 91.60 0.16 1.24 -6.49 446.0
2009 12 15 12 35226.7 1.590 80.63 0.16 0.55 -7.73 439.1
2009 12 16 12 35216.7 0.373 69.60 0.16 -0.33 -9.73 410.1
2009 12 17 12 35209.0 0.443 82.81 0.16 1.07 -7.32 441.0
2009 12 18 12 35203.6 3.366 85.10 0.16 -0.63 -8.61 448.9
2009 12 19 12 35200.7 1.060 103.29 0.16 0.77 -7.68 453.1
2009 12 20 12 35200.1 0.704 111.99 0.16 -0.09 -8.66 448.7
2009 12 21 12 35201.9 2.975 82.04 0.16 1.27 -5.99 512.7
2009 12 22 12 35206.0 0.102 97.46 0.16 -3.28 -11.91 392.6
2009 12 23 12 35212.5 0.786 102.49 0.16 0.15 -8.88 426.4
2009 12 24 12 35221.4 0.932 112.65 0.16 1.27 -7.36 519.0
2009 12 25 12 35232.6 2.851 104.90 0.16 2.35 -5.46 489.0
2009 12 26 12 35246.3 0.770 107.52 0.16 0.50 -7.51 464.8
2009 12 27 12 35262.2 0.649 92.46 0.16 0.62 -8.82 396.9
2009 12 28 12 35280.5 0.349 82.53 0.16 0.13 -7.25 440.1
2009 12 29 12 35301.2 0.153 105.29 0.16 -2.25 -10.68 421.3
2009 12 30 12 35324.2 2.064 121.08 0.16 1.80 -6.37 497.1
2009 12 31 12 35349.5 1.636 77.19 0.16 -0.10 -7.92 499.4
