41.4 -77.9 basin centroid
Elevation: 350.0 m  Area: 150.0 km2

Year Mnth Day Hr dayl(s) prcp(mm/day) srad(W/m2) swe(mm) tmax(C) tmin(C) vp(Pa)
1995 1 1 12 35377.2 6.867 121.64 6.33 0.41 -8.62 408.6
1995 1 2 12 35407.2 2.090 106.82 6.33 -3.68 -11.41 379.2
1995 1 3 12 35439.5 2.006 84.02 6.33 0.41 -8.82 460.1
1995 1 4 12 35474.1 1.227 114.74 6.33 -3.04 -12.25 364.4
1995 1 5 12 35511.0 0.960 89.49 6.33 0.50 -7.96 439.8
1995 1 6 12 35550.1 1.294 83.97 6.33 0.93 -6.83 396.3
1995 1 7 12 35591.5 2.210 104.36 6.33 -2.83 -12.02 394.6
1995 1 8 12 35635.2 3.551 105.17 6.33 -0.67 -8.93 393.1
1995 1 9 12 35681.2 4.112 110.73 6.33 -1.90 -10.88 365.8
1995 1 10 12 35729.3 2.788 106.60 6.33 -1.23 -10.37 329.8
1995 1 11 12 35779.7 3.871 109.12 6.33 -3.88 -12.91 345.7
1995 1 12 12 35832.2 2.172 100.62 6.33 -3.35 -12.70 422.8
1995 1 13 12 35887.0 3.393 108.27 6.33 -2.75 -12.21 351.6
1995 1 14 12 35943.9 0.861 115.37 6.33 -3.27 -10.22 371.6
1995 1 15 12 36003.0 2.890 123.97 6.33 -3.12 -12.29 349.5
1995 1 16 12 36064.1 0.572 112.32 6.33 -1.76 -11.00 415.8
1995 1 17 12 36127.5 0.917 103.62 6.33 -2.68 -10.13 424.2
1995 1 18 12 36192.9 1.083 114.72 6.33 -1.73 -10.45 378.0
1995 1 19 12 36260.3 1.123 127.65 6.33 -1.44 -10.33 425.4
1995 1 20 12 36329.9 1.732 126.91 6.33 -1.88 -10.31 438.6
1995 1 21 12 36401.5 2.529 100.09 6.33 -3.76 -12.62 380.0
1995 1 22 12 36475.1 0.416 129.18 6.33 -1.97 -11.02 357.4
1995 1 23 12 36550.6 0.012 113.64 6.33 -3.29 -11.45 392.3
1995 1 24 12 36628.2 4.797 108.50 6.33 -0.54 -11.12 371.5
1995 1 25 12 36707.7 4.699 108.00 6.33 -4.78 -14.00 322.9
1995 1 26 12 36789.1 5.356 100.26 6.33 -4.02 -13.18 314.8
1995 1 27 12 36872.4 1.224 127.84 6.33 -3.10 -11.95 317.0
1995 1 28 12 36957.6 0.837 127.48 6.33 -3.48 -11.77 348.5
1995 1 29 12 37044.7 2.802 112.09 6.33 -1.57 -10.13 354.5
1995 1 30 12 37133.6 0.705 114.63 6.33 -0.99 -10.13 367.9
1995 1 31 12 37224.2 2.871 133.84 6.33 -0.17 -9.24 409.5
1995 2 1 12 37316.7 3.208 112.07 6.33 -1.50 -10.53 374.7
1995 2 2 12 37410.8 4.678 146.51 6.33 -3.80 -14.83 268.2
1995 2 3 12 37506.7 5.458 136.61 6.33 -3.12 -12.03 317.6
1995 2 4 12 37604.3 0.132 131.31 6.33 -1.51 -11.16 382.7
1995 2 5 12 37703.6 0.251 118.77 6.33 -0.38 -9.53 428.3
1995 2 6 12 37804.5 4.319 101.44 6.33 -1.80 -10.02 395.1
1995 2 7 12 37906.9 2.617 141.63 6.33 -2.18 -10.96 374.7
1995 2 8 12 38011.0 0.037 142.48 6.33 -2.42 -11.78 330.6
1995 2 9 12 38116.5 1.885 152.79 6.33 0.15 -8.92 392.5
1995 2 10 12 38223.6 3.383 120.76 6.33 -2.68 -11.29 385.8
1995 2 11 12 38332.2 0.452 109.79 6.33 0.91 -8.69 388.0
1995 2 12 12 38442.2 0.966 142.07 6.33 -1.26 -10.91 376.0
1995 2 13 12 38553.6 1.352 163.45 6.33 -0.31 -8.10 417.6
1995 2 14 12 38666.4 2.464 140.09 6.33 -0.95 -9.86 371.5
1995 2 15 12 38780.5 5.932 144.89 6.33 0.92 -7.79 426.9
1995 2 16 12 38896.0 5.596 128.38 6.33 -1.48 -9.79 446.7
1995 2 17 12 39012.7 1.095 124.69 6.33 -0.87 -9.78 410.5
1995 2 18 12 39130.6 1.139 146.43 6.33 0.14 -8.45 498.9
1995 2 19 12 39249.8 4.561 129.16 6.33 0.95 -8.34 428.4
1995 2 20 12 39370.1 4.430 123.28 6.33 0.52 -8.10 448.2
1995 2 21 12 39491.6 2.254 166.55 6.33 -0.03 -10.11 330.6
1995 2 22 12 39614.2 0.959 136.62 6.33 -0.63 -9.79 382.3
1995 2 23 12 39737.8 2.949 141.06 6.33 -0.73 -10.51 361.8
1995 2 24 12 39862.5 1.097 113.64 6.33 2.54 -5.51 467.6
1995 2 25 12 39988.1 3.104 150.04 6.33 -1.41 -12.39 378.3
1995 2 26 12 40114.7 0.287 135.30 6.33 0.68 -9.11 423.3
1995 2 27 12 40242.2 8.330 165.95 6.33 0.09 -9.28 368.4
1995 2 28 12 40370.6 2.666 148.98 6.33 -0.19 -7.72 408.4
1995 3 1 12 40499.8 4.077 154.53 6.33 0.01 -8.55 430.9
1995 3 2 12 40629.8 2.459 128.14 6.33 -0.78 -10.23 392.4
1995 3 3 12 40760.6 0.362 158.06 6.33 2.52 -5.67 519.1
1995 3 4 12 40892.1 1.937 170.87 6.33 0.54 -9.49 361.9
1995 3 5 12 41024.3 0.399 175.16 6.33 2.53 -6.64 489.3
1995 3 6 12 41157.2 3.445 186.24 6.33 1.12 -7.84 465.0
1995 3 7 12 41290.6 0.726 169.56 6.33 0.75 -7.85 415.6
1995 3 8 12 41424.6 1.781 169.53 6.33 2.24 -7.68 434.4
1995 3 9 12 41559.2 6.817 178.08 6.33 4.50 -5.22 524.8
1995 3 10 12 41694.2 15.023 153.17 6.33 2.64 -4.99 424.5
1995 3 11 12 41829.7 12.939 173.10 6.33 3.38 -4.92 513.9
1995 3 12 12 41965.5 4.874 172.13 6.33 4.28 -5.72 508.8
1995 3 13 12 42101.8 4.230 184.41 6.33 4.69 -4.17 516.9
1995 3 14 12 42238.3 2.471 177.46 6.33 2.54 -7.32 455.5
1995 3 15 12 42375.2 1.283 158.58 6.33 3.23 -3.62 480.0
1995 3 16 12 42512.3 1.762 170.54 6.33 3.01 -5.06 445.8
1995 3 17 12 42649.6 4.683 150.85 6.33 3.53 -4.64 501.2
1995 3 18 12 42787.0 6.101 174.24 6.33 5.44 -4.23 549.9
1995 3 19 12 42924.6 3.250 168.51 6.33 5.39 -3.73 515.9
1995 3 20 12 43062.3 0.833 189.14 6.33 4.70 -3.65 535.2
1995 3 21 12 43200.0 4.128 223.00 6.33 4.62 -4.73 463.4
1995 3 22 12 43337.7 2.901 191.89 6.33 3.66 -5.66 479.8
1995 3 23 12 43475.4 4.083 174.26 6.33 4.71 -5.21 453.0
1995 3 24 12 43613.0 3.287 195.77 6.33 4.82 -4.51 546.4
1995 3 25 12 43750.4 0.255 163.23 6.33 5.73 -3.07 508.3
1995 3 26 12 43887.7 2.833 181.96 6.33 4.65 -4.76 492.7
1995 3 27 12 44024.8 1.728 192.53 6.33 6.77 -1.50 567.9
1995 3 28 12 44161.7 9.277 197.61 6.33 6.52 -1.50 560.7
1995 3 29 12 44298.2 0.705 207.59 6.33 4.55 -4.25 506.1
1995 3 30 12 44434.5 6.038 212.10 6.33 5.35 -3.75 526.5
1995 3 31 12 44570.3 5.143 182.46 6.33 6.94 -0.84 572.0
1995 4 1 12 44705.8 1.060 179.19 6.33 4.57 -4.11 551.0
1995 4 2 12 44840.8 2.959 200.86 6.33 7.09 -2.28 587.0
1995 4 3 12 44975.4 3.989 171.46 6.33 5.39 -4.27 459.4
1995 4 4 12 45109.4 1.250 203.42 6.33 7.17 -0.52 578.0
1995 4 5 12 45242.8 0.584 172.56 6.33 11.87 3.93 696.3
1995 4 6 12 45375.7 8.018 204.68 6.33 6.61 -1.75 547.1
1995 4 7 12 45507.9 0.402 201.68 6.33 9.06 0.28 651.1
1995 4 8 12 45639.4 0.986 209.73 6.33 6.60 -2.53 532.7
1995 4 9 12 45770.2 1.391 211.67 6.33 7.48 -2.13 501.2
1995 4 10 12 45900.2 0.322 214.46 6.33 9.80 1.11 597.4
1995 4 11 12 46029.4 0.755 223.17 6.33 5.74 -4.31 505.5
1995 4 12 12 46157.8 0.600 234.33 6.33 5.03 -2.39 542.2
1995 4 13 12 46285.3 3.982 221.48 6.33 7.69 -0.17 547.0
1995 4 14 12 46411.9 5.013 190.81 6.33 7.03 -0.76 545.6
1995 4 15 12 46537.5 6.038 240.94 6.33 10.51 0.92 597.9
1995 4 16 12 46662.2 0.793 223.11 6.33 8.51 0.16 573.0
1995 4 17 12 46785.8 1.020 214.11 6.33 7.31 -0.45 643.1
1995 4 18 12 46908.4 4.443 193.62 6.33 9.32 -0.31 595.2
1995 4 19 12 47029.9 2.828 177.97 6.33 11.15 1.92 690.6
1995 4 20 12 47150.2 1.309 224.11 6.33 8.74 -0.23 624.0
1995 4 21 12 47269.4 9.149 227.02 6.33 9.35 1.78 658.8
1995 4 22 12 47387.3 2.764 228.27 6.33 11.48 0.73 587.0
1995 4 23 12 47504.0 6.531 231.39 6.33 9.39 1.48 640.7
1995 4 24 12 47619.5 7.491 238.46 6.33 13.57 5.83 774.0
1995 4 25 12 47733.6 3.406 225.02 6.33 10.97 3.09 685.5
1995 4 26 12 47846.4 2.629 207.68 6.33 12.02 2.43 653.2
1995 4 27 12 47957.8 0.832 207.84 6.33 10.57 1.03 647.6
1995 4 28 12 48067.8 1.530 227.47 6.33 11.99 1.97 592.1
1995 4 29 12 48176.4 9.033 229.33 6.33 14.63 6.31 700.5
1995 4 30 12 48283.5 1.999 219.63 6.33 14.30 5.68 759.3
1995 5 1 12 48389.0 3.548 221.83 6.33 12.32 1.56 673.9
1995 5 2 12 48493.1 1.345 254.70 6.33 10.73 2.44 637.5
1995 5 3 12 48595.5 3.195 244.01 6.33 12.73 3.96 618.0
1995 5 4 12 48696.4 1.566 240.34 6.33 9.45 1.13 567.2
1995 5 5 12 48795.7 6.245 243.53 6.33 14.26 5.88 732.4
1995 5 6 12 48893.3 3.075 237.10 6.33 12.03 2.79 643.1
1995 5 7 12 48989.2 4.728 242.05 6.33 13.60 4.56 660.1
1995 5 8 12 49083.3 4.276 232.42 6.33 13.64 4.54 714.0
1995 5 9 12 49175.8 3.892 259.12 6.33 15.51 6.95 726.2
1995 5 10 12 49266.4 7.295 232.13 6.33 14.37 5.99 675.2
1995 5 11 12 49355.3 2.110 250.68 6.33 14.23 4.43 691.7
1995 5 12 12 49442.4 1.510 273.23 6.33 16.85 7.54 766.5
1995 5 13 12 49527.6 0.394 278.20 6.33 16.15 7.28 700.3
1995 5 14 12 49610.9 1.609 261.69 6.33 13.90 4.15 645.3
1995 5 15 12 49692.3 5.691 285.41 6.33 16.07 6.84 704.5
1995 5 16 12 49771.8 1.056 243.51 6.33 14.80 5.60 722.3
1995 5 17 12 49849.4 3.298 264.06 6.33 14.88 5.64 740.2
1995 5 18 12 49924.9 5.037 246.12 6.33 14.49 5.79 683.5
1995 5 19 12 49998.5 1.335 279.44 6.33 14.63 5.09 681.5
1995 5 20 12 50070.1 7.884 264.69 6.33 14.97 6.46 682.6
1995 5 21 12 50139.7 0.583 257.61 6.33 14.90 5.30 711.4
1995 5 22 12 50207.1 4.453 282.10 6.33 16.96 8.58 751.1
1995 5 23 12 50272.5 4.706 210.50 6.33 15.83 6.61 737.4
1995 5 24 12 50335.9 0.818 262.80 6.33 17.81 9.43 780.3
1995 5 25 12 50397.0 1.900 251.67 6.33 16.58 8.39 770.1
1995 5 26 12 50456.1 0.218 246.63 6.33 18.81 8.70 711.9
1995 5 27 12 50513.0 2.949 246.78 6.33 15.76 6.92 732.4
1995 5 28 12 50567.8 1.815 219.64 6.33 14.47 5.26 711.7
1995 5 29 12 50620.3 0.140 257.18 6.33 17.90 9.27 725.7
1995 5 30 12 50670.7 1.192 242.83 6.33 19.92 13.09 896.2
1995 5 31 12 50718.8 0.317 264.38 6.33 17.76 8.72 802.2
1995 6 1 12 50764.8 2.772 245.28 6.33 18.62 10.83 846.2
1995 6 2 12 50808.5 1.705 273.22 6.33 16.82 7.38 746.2
1995 6 3 12 50849.9 1.893 236.50 6.33 20.10 10.84 839.5
1995 6 4 12 50889.0 5.755 280.16 6.33 18.45 8.81 830.7
1995 6 5 12 50925.9 1.986 260.00 6.33 19.31 11.09 783.0
1995 6 6 12 50960.5 0.916 245.26 6.33 17.49 7.86 790.9
1995 6 7 12 50992.8 1.141 273.61 6.33 17.83 7.11 746.2
1995 6 8 12 51022.8 4.115 254.92 6.33 18.89 10.23 745.0
1995 6 9 12 51050.5 8.729 264.15 6.33 18.33 10.01 805.7
1995 6 10 12 51075.8 0.667 259.45 6.33 20.79 12.31 866.7
1995 6 11 12 51098.8 2.235 231.96 6.33 19.12 9.15 809.0
1995 6 12 12 51119.5 0.934 273.78 6.33 20.02 9.75 812.1
1995 6 13 12 51137.8 5.020 258.10 6.33 21.68 12.44 875.0
1995 6 14 12 51153.7 8.798 259.47 6.33 20.94 11.55 840.4
1995 6 15 12 51167.4 3.180 265.77 6.33 22.32 12.09 806.6
1995 6 16 12 51178.6 0.516 242.87 6.33 18.39 8.90 773.9
1995 6 17 12 51187.5 7.000 243.69 6.33 20.70 12.17 865.1
1995 6 18 12 51194.0 0.759 263.78 6.33 18.04 8.43 762.7
1995 6 19 12 51198.1 3.644 264.01 6.33 19.16 10.35 798.7
1995 6 20 12 51199.9 3.344 259.09 6.33 20.54 12.14 795.1
1995 6 21 12 51199.3 1.399 253.07 6.33 20.87 10.63 823.3
1995 6 22 12 51196.4 8.444 233.34 6.33 21.20 11.94 863.4
1995 6 23 12 51191.0 2.000 274.25 6.33 20.97 11.77 844.1
1995 6 24 12 51183.3 1.994 265.55 6.33 24.39 13.14 871.2
1995 6 25 12 51173.3 1.425 260.75 6.33 20.25 11.98 833.6
1995 6 26 12 51160.8 5.256 274.32 6.33 19.78 11.37 857.0
1995 6 27 12 51146.1 1.353 249.09 6.33 25.00 15.82 983.2
1995 6 28 12 51128.9 2.946 267.48 6.33 24.08 15.00 888.9
1995 6 29 12 51109.4 0.104 277.85 6.33 22.65 13.04 892.4
1995 6 30 12 51087.6 2.174 260.10 6.33 22.93 13.87 850.8
1995 7 1 12 51063.4 1.742 260.77 6.33 21.04 11.98 823.5
1995 7 2 12 51036.9 4.571 265.00 6.33 21.39 12.20 805.4
1995 7 3 12 51008.1 4.562 276.05 6.33 22.38 13.76 900.4
1995 7 4 12 50976.9 2.380 262.17 6.33 22.22 14.41 882.4
1995 7 5 12 50943.5 0.280 284.50 6.33 20.93 13.09 819.2
1995 7 6 12 50907.8 0.257 257.65 6.33 22.98 13.74 908.2
1995 7 7 12 50869.7 5.461 236.32 6.33 25.71 16.92 897.7
1995 7 8 12 50829.4 2.462 263.61 6.33 22.99 14.08 902.0
1995 7 9 12 50786.9 2.535 265.66 6.33 25.42 16.40 934.9
1995 7 10 12 50742.1 0.553 266.25 6.33 22.77 13.15 792.4
1995 7 11 12 50695.1 4.357 253.63 6.33 23.75 15.10 900.1
1995 7 12 12 50645.8 2.510 238.65 6.33 22.65 13.96 865.5
1995 7 13 12 50594.3 2.762 236.07 6.33 22.87 13.59 822.3
1995 7 14 12 50540.7 3.032 245.47 6.33 21.17 13.89 897.1
1995 7 15 12 50484.8 1.829 223.39 6.33 21.18 12.80 852.8
1995 7 16 12 50426.8 3.055 268.77 6.33 22.97 15.14 910.8
1995 7 17 12 50366.7 0.467 248.60 6.33 23.72 14.22 862.4
1995 7 18 12 50304.5 1.530 274.84 6.33 23.65 14.71 911.8
1995 7 19 12 50240.1 4.143 271.05 6.33 23.95 13.60 849.9
1995 7 20 12 50173.7 0.896 254.00 6.33 19.96 10.27 844.2
1995 7 21 12 50105.1 1.101 279.64 6.33 22.52 14.53 902.5
1995 7 22 12 50034.6 6.435 252.12 6.33 23.57 15.34 884.8
1995 7 23 12 49962.0 1.982 263.00 6.33 18.66 8.35 789.4
1995 7 24 12 49887.4 0.937 264.60 6.33 22.67 13.17 865.5
1995 7 25 12 49810.8 2.852 245.25 6.33 22.25 12.99 880.3
1995 7 26 12 49732.3 2.681 238.53 6.33 23.17 13.94 840.8
1995 7 27 12 49651.8 1.000 239.65 6.33 21.15 11.68 770.4
1995 7 28 12 49569.5 1.783 278.92 6.33 23.86 14.35 888.1
1995 7 29 12 49485.2 1.459 245.09 6.33 22.78 14.15 857.3
1995 7 30 12 49399.1 3.209 252.17 6.33 22.21 13.14 881.1
1995 7 31 12 49311.1 4.402 217.71 6.33 21.99 11.55 854.5
1995 8 1 12 49221.3 5.546 250.50 6.33 21.73 13.38 837.1
1995 8 2 12 49129.8 1.259 253.76 6.33 22.27 13.13 910.5
1995 8 3 12 49036.5 0.809 239.27 6.33 21.41 13.13 868.8
1995 8 4 12 48941.4 4.266 222.11 6.33 22.21 13.45 853.9
1995 8 5 12 48844.7 3.410 232.45 6.33 21.85 13.94 908.2
1995 8 6 12 48746.2 1.271 230.69 6.33 21.52 11.43 852.2
1995 8 7 12 48646.2 11.289 213.56 6.33 20.74 11.59 824.0
1995 8 8 12 48544.5 2.767 232.45 6.33 22.33 13.88 836.0
1995 8 9 12 48441.3 4.984 235.21 6.33 23.21 14.30 847.6
1995 8 10 12 48336.4 1.005 214.95 6.33 23.59 14.11 879.0
1995 8 11 12 48230.1 2.977 238.36 6.33 21.99 12.66 875.9
1995 8 12 12 48122.3 3.833 234.59 6.33 22.64 12.59 787.0
1995 8 13 12 48013.0 0.299 249.50 6.33 20.56 12.63 851.6
1995 8 14 12 47902.3 3.614 208.48 6.33 21.37 11.92 830.2
1995 8 15 12 47790.2 1.169 231.84 6.33 21.41 12.72 882.9
1995 8 16 12 47676.7 1.785 231.09 6.33 22.01 13.36 790.5
1995 8 17 12 47561.9 6.640 222.22 6.33 19.05 10.85 823.3
1995 8 18 12 47445.8 1.418 236.08 6.33 19.82 12.32 820.2
1995 8 19 12 47328.5 0.139 206.17 6.33 21.13 11.62 837.8
1995 8 20 12 47209.9 0.828 252.33 6.33 21.88 14.02 962.5
1995 8 21 12 47090.2 1.106 210.77 6.33 21.87 13.78 924.9
1995 8 22 12 46969.3 0.106 233.29 6.33 23.30 13.09 866.7
1995 8 23 12 46847.3 3.706 222.44 6.33 19.43 9.95 746.1
1995 8 24 12 46724.2 3.134 200.16 6.33 21.63 13.65 851.5
1995 8 25 12 46600.0 0.418 234.09 6.33 18.58 9.41 822.5
1995 8 26 12 46474.8 0.821 209.67 6.33 21.15 12.04 827.6
1995 8 27 12 46348.7 0.129 217.29 6.33 20.83 13.03 822.8
1995 8 28 12 46221.7 2.626 192.98 6.33 20.90 12.16 841.9
1995 8 29 12 46093.7 1.190 207.28 6.33 20.78 13.07 852.2
1995 8 30 12 45964.9 2.635 211.47 6.33 17.80 9.65 830.7
1995 8 31 12 45835.3 0.020 191.50 6.33 21.08 13.04 829.2
1995 9 1 12 45704.9 3.095 203.59 6.33 16.09 7.58 724.6
1995 9 2 12 45573.7 1.718 194.42 6.33 18.39 10.16 817.7
1995 9 3 12 45441.8 5.592 196.49 6.33 19.50 10.50 818.9
1995 9 4 12 45309.3 0.236 212.53 6.33 18.91 11.00 822.9
1995 9 5 12 45176.2 1.409 196.27 6.33 16.76 7.19 748.0
1995 9 6 12 45042.4 2.183 204.61 6.33 19.21 10.02 866.1
1995 9 7 12 44908.2 5.459 198.16 6.33 21.72 12.16 816.9
1995 9 8 12 44773.4 7.828 197.32 6.33 18.52 10.16 791.8
1995 9 9 12 44638.1 0.029 194.24 6.33 18.04 8.65 815.9
1995 9 10 12 44502.5 0.345 211.45 6.33 16.20 6.85 718.2
1995 9 11 12 44366.4 1.395 207.85 6.33 15.78 5.69 746.5
1995 9 12 12 44230.0 2.026 207.88 6.33 15.93 7.06 751.1
1995 9 13 12 44093.3 1.002 194.63 6.33 18.51 10.27 754.0
1995 9 14 12 43956.3 0.056 170.87 6.33 17.94 7.38 725.0
1995 9 15 12 43819.1 3.603 189.34 6.33 18.45 9.75 795.9
1995 9 16 12 43681.7 1.279 200.51 6.33 16.91 7.20 691.1
1995 9 17 12 43544.2 0.754 185.99 6.33 16.04 6.76 736.3
1995 9 18 12 43406.5 0.161 191.26 6.33 15.10 6.42 700.6
1995 9 19 12 43268.9 2.190 189.53 6.33 13.92 5.64 682.3
1995 9 20 12 43131.1 0.893 174.30 6.33 15.75 7.00 889.9
1995 9 21 12 42993.5 0.620 182.90 6.33 15.04 6.15 763.4
1995 9 22 12 42855.8 2.144 167.25 6.33 18.54 9.29 815.8
1995 9 23 12 42718.3 0.187 196.48 6.33 17.39 9.10 733.5
1995 9 24 12 42580.9 0.856 170.42 6.33 13.94 5.98 675.9
1995 9 25 12 42443.7 1.195 166.65 6.33 15.00 6.83 755.0
1995 9 26 12 42306.7 0.904 201.25 6.33 11.10 2.34 568.9
1995 9 27 12 42170.0 2.150 134.34 6.33 15.13 5.59 681.6
1995 9 28 12 42033.6 0.476 146.56 6.33 15.14 6.37 698.0
1995 9 29 12 41897.5 0.779 151.56 6.33 15.02 6.82 720.7
1995 9 30 12 41761.9 0.210 171.24 6.33 15.30 6.26 757.5
1995 10 1 12 41626.6 1.189 158.01 6.33 14.09 4.71 738.2
1995 10 2 12 41491.8 1.352 164.52 6.33 13.65 5.54 728.6
1995 10 3 12 41357.6 0.570 160.78 6.33 13.72 4.25 645.4
1995 10 4 12 41223.8 0.546 166.51 6.33 11.96 4.95 663.8
1995 10 5 12 41090.7 3.052 150.68 6.33 13.00 3.69 708.7
1995 10 6 12 40958.2 3.887 162.42 6.33 14.09 5.13 723.7
1995 10 7 12 40826.3 0.636 153.07 6.33 12.16 3.15 695.4
1995 10 8 12 40695.1 0.814 162.09 6.33 14.75 4.18 649.4
1995 10 9 12 40564.7 0.788 164.72 6.33 12.19 3.62 657.3
1995 10 10 12 40435.1 0.324 147.31 6.33 11.55 2.59 687.9
1995 10 11 12 40306.3 0.137 157.89 6.33 10.85 1.08 646.7
1995 10 12 12 40178.3 0.093 162.13 6.33 11.41 2.29 671.0
1995 10 13 12 40051.3 1.289 142.98 6.33 10.50 1.73 648.6
1995 10 14 12 39925.2 0.115 163.41 6.33 11.75 2.23 620.6
1995 10 15 12 39800.0 1.168 158.83 6.33 12.06 3.59 689.4
1995 10 16 12 39675.8 1.651 151.69 6.33 14.53 5.65 717.0
1995 10 17 12 39552.7 2.809 148.88 6.33 9.66 1.79 616.5
1995 10 18 12 39430.7 0.087 158.34 6.33 10.47 1.88 616.3
1995 10 19 12 39309.8 0.337 135.42 6.33 11.05 1.90 641.8
1995 10 20 12 39190.1 1.267 142.51 6.33 10.86 0.24 601.4
1995 10 21 12 39071.5 2.252 144.74 6.33 10.74 1.58 618.8
1995 10 22 12 38954.2 3.030 125.74 6.33 11.49 2.30 644.1
1995 10 23 12 38838.1 2.297 145.43 6.33 8.82 1.62 614.0
1995 10 24 12 38723.3 2.560 131.15 6.33 9.38 -0.43 602.3
1995 10 25 12 38609.8 0.692 118.40 6.33 10.10 1.95 648.1
1995 10 26 12 38497.7 0.264 114.43 6.33 6.48 -2.23 566.5
1995 10 27 12 38387.0 1.638 109.54 6.33 7.81 -1.90 506.0
1995 10 28 12 38277.7 0.198 119.99 6.33 8.63 -0.20 565.5
1995 10 29 12 38169.9 0.490 101.70 6.33 9.60 0.75 585.8
1995 10 30 12 38063.6 0.462 123.91 6.33 7.88 -0.96 533.0
1995 10 31 12 37958.7 3.012 116.44 6.33 8.49 0.31 648.5
1995 11 1 12 37855.5 0.838 107.69 6.33 4.61 -3.93 526.1
1995 11 2 12 37753.8 0.488 143.98 6.33 6.19 -2.03 536.8
1995 11 3 12 37653.8 0.485 113.90 6.33 4.82 -2.40 530.4
1995 11 4 12 37555.3 3.074 153.57 6.33 7.45 -0.58 539.1
1995 11 5 12 37458.6 2.347 99.51 6.33 6.18 -4.20 458.2
1995 11 6 12 37363.5 0.436 140.92 6.33 7.79 -1.89 573.3
1995 11 7 12 37270.2 0.987 122.56 6.33 6.74 -1.71 638.7
1995 11 8 12 37178.7 2.393 133.29 6.33 5.81 -2.68 569.0
1995 11 9 12 37088.9 1.508 100.56 6.33 6.61 -2.45 550.8
1995 11 10 12 37000.9 1.950 115.91 6.33 6.62 -2.84 517.4
1995 11 11 12 36914.8 1.999 140.72 6.33 5.09 -3.02 531.5
1995 11 12 12 36830.5 0.062 140.61 6.33 6.17 -1.82 498.7
1995 11 13 12 36748.2 0.143 126.85 6.33 3.72 -5.27 488.2
1995 11 14 12 36667.7 0.605 106.21 6.33 5.56 -2.53 538.2
1995 11 15 12 36589.2 0.319 104.68 6.33 5.83 -0.32 546.2
1995 11 16 12 36512.6 0.353 117.94 6.33 4.58 -5.00 446.0
1995 11 17 12 36438.0 1.182 97.42 6.33 3.93 -5.31 505.6
1995 11 18 12 36365.4 5.669 96.31 6.33 2.35 -8.08 391.4
1995 11 19 12 36294.9 0.589 113.19 6.33 5.13 -5.51 548.0
1995 11 20 12 36226.3 1.093 102.42 6.33 2.71 -6.03 430.1
1995 11 21 12 36159.9 0.566 122.73 6.33 1.45 -6.19 498.9
1995 11 22 12 36095.5 1.818 119.43 6.33 3.68 -5.12 439.0
1995 11 23 12 36033.3 0.167 90.17 6.33 1.76 -6.14 487.8
1995 11 24 12 35973.2 0.217 96.41 6.33 1.28 -5.03 477.6
1995 11 25 12 35915.2 0.995 99.72 6.33 4.18 -4.72 494.2
1995 11 26 12 35859.3 2.280 90.26 6.33 3.44 -6.34 479.5
1995 11 27 12 35805.7 0.113 93.33 6.33 3.50 -4.34 484.6
1995 11 28 12 35754.2 0.035 93.13 6.33 5.16 -3.21 559.2
1995 11 29 12 35704.9 1.392 96.91 6.33 2.90 -4.74 518.5
1995 11 30 12 35657.9 1.970 108.90 6.33 2.81 -6.25 443.8
1995 12 1 12 35613.1 0.233 66.84 6.33 1.36 -7.39 410.5
1995 12 2 12 35570.6 0.801 106.52 6.33 4.48 -6.03 474.1
1995 12 3 12 35530.3 3.145 111.36 6.33 0.70 -8.85 432.4
1995 12 4 12 35492.2 0.920 121.68 6.33 4.51 -4.14 489.8
1995 12 5 12 35456.5 2.885 115.01 6.33 -0.18 -9.22 414.6
1995 12 6 12 35423.1 1.983 80.39 6.33 0.78 -8.47 450.5
1995 12 7 12 35391.9 3.584 93.46 6.33 2.60 -7.17 466.7
1995 12 8 12 35363.1 3.407 89.82 6.33 2.91 -6.65 450.0
1995 12 9 12 35336.6 0.626 112.11 6.33 -0.90 -10.81 420.8
1995 12 10 12 35312.4 2.494 109.71 6.33 1.35 -7.26 431.3
1995 12 11 12 35290.6 2.166 87.67 6.33 1.98 -7.34 386.1
1995 12 12 12 35271.1 0.455 91.04 6.33 1.68 -7.34 392.1
1995 12 13 12 35253.9 6.697 98.73 6.33 1.57 -7.97 425.4
1995 12 14 12 35239.2 0.836 96.66 6.33 -0.93 -9.83 385.2
1995 12 15 12 35226.7 1.188 86.56 6.33 3.00 -4.98 486.5
1995 12 16 12 35216.7 3.455 100.07 6.33 -1.59 -10.48 369.7
1995 12 17 12 35209.0 1.922 101.53 6.33 1.03 -8.93 403.4
1995 12 18 12 35203.6 0.534 120.53 6.33 1.69 -7.87 406.8
1995 12 19 12 35200.7 1.799 126.13 6.33 2.05 -5.84 498.6
1995 12 20 12 35200.1 0.357 78.70 6.33 1.75 -7.58 438.9
1995 12 21 12 35201.9 1.817 110.11 6.33 1.63 -6.98 486.8
1995 12 22 12 35206.0 0.677 120.31 6.33 1.83 -7.53 454.0
1995 12 23 12 35212.5 0.640 75.03 6.33 -0.67 -11.54 348.4
1995 12 24 12 35221.4 0.822 90.13 6.33 -1.33 -11.02 367.5
1995 12 25 12 35232.6 2.011 72.81 6.33 1.12 -8.69 429.2
1995 12 26 12 35246.3 0.086 106.75 6.33 0.73 -6.27 436.7
1995 12 27 12 35262.2 0.510 99.97 6.33 0.30 -9.21 419.8
1995 12 28 12 35280.5 0.227 119.86 6.33 -0.94 -8.54 443.0
1995 12 29 12 35301.2 0.256 102.53 6.33 -3.94 -11.96 284.2
1995 12 30 12 35324.2 0.778 99.32 6.33 0.85 -8.01 406.4
1995 12 31 12 35349.5 4.287 120.86 6.33 -0.41 -9.61 425.2
1996 1 1 12 35377.2 1.246 117.89 6.33 0.17 -8.56 436.9
1996 1 2 12 35407.2 0.037 115.12 6.33 -1.79 -12.11 347.5
1996 1 3 12 35439.5 0.194 103.18 6.33 -1.25 -9.80 402.7
1996 1 4 12 35474.1 5.673 95.56 6.33 -2.18 -10.55 383.8
1996 1 5 12 35511.0 0.172 127.67 6.33 -1.83 -9.00 456.2
1996 1 6 12 35550.1 0.485 97.23 6.33 -1.09 -9.53 366.5
1996 1 7 12 35591.5 2.538 115.00 6.33 2.34 -7.32 481.1
1996 1 8 12 35635.2 3.564 80.32 6.33 -4.30 -13.58 335.5
1996 1 9 12 35681.2 0.617 105.48 6.33 -0.78 -9.43 447.5
1996 1 10 12 35729.3 2.452 106.70 6.33 1.24 -8.39 449.4
1996 1 11 12 35779.7 0.419 90.83 6.33 0.05 -9.83 414.0
1996 1 12 12 35832.2 2.952 110.38 6.33 0.82 -9.44 406.4
1996 1 13 12 35887.0 0.539 113.07 6.33 -4.10 -12.38 346.8
1996 1 14 12 35943.9 2.953 112.67 6.33 -3.14 -12.35 400.2
1996 1 15 12 36003.0 3.587 95.05 6.33 -0.93 -10.41 345.5
1996 1 16 12 36064.1 10.464 113.09 6.33 1.77 -7.66 419.6
1996 1 17 12 36127.5 1.945 126.11 6.33 -2.24 -9.70 431.6
1996 1 18 12 36192.9 3.101 83.55 6.33 -3.48 -12.32 369.3
1996 1 19 12 36260.3 1.608 119.98 6.33 -1.46 -10.28 452.7
1996 1 20 12 36329.9 0.450 113.75 6.33 -0.70 -7.60 428.0
1996 1 21 12 36401.5 0.190 102.12 6.33 -1.11 -10.24 395.4
1996 1 22 12 36475.1 2.597 100.59 6.33 -0.18 -8.27 470.2
1996 1 23 12 36550.6 1.494 151.87 6.33 -0.42 -8.87 434.5
1996 1 24 12 36628.2 11.801 115.78 6.33 -2.46 -11.64 403.1
1996 1 25 12 36707.7 1.832 127.58 6.33 -0.18 -9.14 395.6
1996 1 26 12 36789.1 0.687 117.63 6.33 -3.26 -11.99 375.3
1996 1 27 12 36872.4 1.150 120.19 6.33 -2.30 -12.35 304.9
1996 1 28 12 36957.6 1.911 132.06 6.33 0.46 -8.34 473.1
1996 1 29 12 37044.7 5.274 137.62 6.33 -3.88 -11.87 369.3
1996 1 30 12 37133.6 3.089 135.52 6.33 -2.17 -11.60 384.0
1996 1 31 12 37224.2 3.965 89.00 6.33 -1.77 -10.58 372.2
1996 2 1 12 37316.7 2.104 132.83 6.33 -2.29 -10.75 394.1
1996 2 2 12 37410.8 3.379 106.71 6.33 -0.90 -9.82 440.8
1996 2 3 12 37506.7 2.264 108.90 6.33 -3.11 -13.02 306.4
1996 2 4 12 37604.3 7.327 144.26 6.33 -2.14 -12.06 406.9
1996 2 5 12 37703.6 4.466 126.47 6.33 -2.54 -10.47 401.9
1996 2 6 12 37804.5 4.423 104.59 6.33 1.11 -7.26 432.1
1996 2 7 12 37906.9 4.778 131.05 6.33 -1.62 -10.13 377.7
1996 2 8 12 38011.0 2.570 140.53 6.33 1.10 -7.28 468.9
1996 2 9 12 38116.5 4.574 146.57 6.33 -4.39 -13.88 304.8
1996 2 10 12 38223.6 2.103 115.49 6.33 -0.67 -8.44 457.4
1996 2 11 12 38332.2 0.638 116.75 6.33 0.89 -9.57 415.0
1996 2 12 12 38442.2 2.513 172.47 6.33 -0.06 -8.63 472.7
1996 2 13 12 38553.6 0.409 101.72 6.33 0.22 -9.46 424.7
1996 2 14 12 38666.4 1.394 155.26 6.33 -2.16 -10.73 415.3
1996 2 15 12 38780.5 0.777 129.65 6.33 -0.70 -10.82 387.1
1996 2 16 12 38896.0 0.899 124.38 6.33 0.79 -7.16 414.1
1996 2 17 12 39012.7 5.615 133.33 6.33 0.56 -8.88 418.3
1996 2 18 12 39130.6 3.244 136.90 6.33 1.74 -7.50 403.6
1996 2 19 12 39249.8 1.901 133.31 6.33 0.43 -8.07 437.4
1996 2 20 12 39370.1 1.840 137.24 6.33 1.39 -5.83 495.0
1996 2 21 12 39491.6 1.686 143.02 6.33 2.33 -7.29 432.0
1996 2 22 12 39614.2 1.628 139.88 6.33 1.76 -8.21 409.5
1996 2 23 12 39737.8 2.394 163.89 6.33 0.03 -9.37 449.1
1996 2 24 12 39862.5 1.517 144.66 6.33 0.97 -6.74 412.6
1996 2 25 12 39988.1 0.865 146.92 6.33 1.95 -7.52 492.3
1996 2 26 12 40114.7 2.812 127.45 6.33 2.12 -7.68 465.4
1996 2 27 12 40242.2 2.887 186.68 6.33 0.56 -10.42 340.6
1996 2 28 12 40370.6 9.187 146.84 6.33 0.81 -8.55 349.9
1996 2 29 12 40499.8 1.553 162.07 6.33 -0.45 -9.86 369.0
1996 3 1 12 40629.8 1.376 140.08 6.33 2.34 -6.26 451.4
1996 3 2 12 40760.6 1.723 136.16 6.33 2.28 -6.72 460.7
1996 3 3 12 40892.1 1.582 133.93 6.33 2.41 -7.21 442.6
1996 3 4 12 41024.3 2.424 148.79 6.33 1.61 -8.42 449.8
1996 3 5 12 41157.2 3.954 167.49 6.33 3.78 -5.14 469.5
1996 3 6 12 41290.6 2.015 169.11 6.33 4.16 -5.19 492.9
1996 3 7 12 41424.6 3.721 174.86 6.33 2.26 -6.44 459.3
1996 3 8 12 41559.2 2.911 169.71 6.33 1.06 -8.33 431.0
1996 3 9 12 41694.2 0.126 163.99 6.33 -0.52 -9.50 422.9
1996 3 10 12 41829.7 3.398 173.21 6.33 0.88 -8.08 439.5
1996 3 11 12 41965.5 2.718 173.31 6.33 3.94 -5.70 507.4
1996 3 12 12 42101.8 9.501 135.72 6.33 1.56 -7.53 468.6
1996 3 13 12 42238.3 1.266 169.67 6.33 3.98 -4.31 469.7
1996 3 14 12 42375.2 2.162 187.65 6.33 1.78 -7.17 469.6
1996 3 15 12 42512.3 0.518 182.71 6.33 1.49 -7.41 431.3
1996 3 16 12 42649.6 0.191 149.55 6.33 4.38 -3.57 541.6
1996 3 17 12 42787.0 1.531 174.02 6.33 3.60 -6.75 477.7
1996 3 18 12 42924.6 2.796 197.59 6.33 3.02 -5.13 472.6
1996 3 19 12 43062.3 1.923 179.76 6.33 5.07 -2.51 553.6
1996 3 20 12 43200.0 2.113 176.21 6.33 6.87 -1.63 565.1
1996 3 21 12 43337.7 2.519 184.61 6.33 3.61 -6.34 493.2
1996 3 22 12 43475.4 2.722 176.97 6.33 4.63 -2.94 554.2
1996 3 23 12 43613.0 1.248 183.85 6.33 4.10 -5.30 514.0
1996 3 24 12 43750.4 1.044 183.02 6.33 5.82 -2.68 557.1
1996 3 25 12 43887.7 4.919 177.80 6.33 5.50 -4.18 459.7
1996 3 26 12 44024.8 6.256 174.64 6.33 4.80 -4.07 539.7
1996 3 27 12 44161.7 0.816 182.14 6.33 8.51 0.16 610.3
1996 3 28 12 44298.2 0.808 203.85 6.33 3.56 -5.96 551.7
1996 3 29 12 44434.5 1.664 182.59 6.33 6.14 -3.19 556.4
1996 3 30 12 44570.3 5.616 230.36 6.33 7.20 -1.97 588.1
1996 3 31 12 44705.8 2.237 201.74 6.33 5.84 -3.08 565.8
1996 4 1 12 44840.8 4.042 203.85 6.33 7.30 -2.55 553.4
1996 4 2 12 44975.4 0.115 190.91 6.33 7.33 -2.18 533.5
1996 4 3 12 45109.4 2.024 227.23 6.33 8.73 -2.19 563.3
1996 4 4 12 45242.8 8.369 194.70 6.33 8.94 -0.31 606.7
1996 4 5 12 45375.7 5.678 210.74 6.33 7.20 -1.62 556.2
1996 4 6 12 45507.9 4.430 193.68 6.33 9.09 -0.84 516.6
1996 4 7 12 45639.4 0.604 202.93 6.33 10.19 1.38 599.7
1996 4 8 12 45770.2 0.206 198.96 6.33 8.49 0.96 612.7
1996 4 9 12 45900.2 0.711 208.59 6.33 7.66 -2.20 622.4
1996 4 10 12 46029.4 5.509 193.18 6.33 7.69 -2.91 527.5
1996 4 11 12 46157.8 14.922 209.98 6.33 9.78 0.26 682.3
1996 4 12 12 46285.3 0.395 235.29 6.33 7.68 -1.14 578.7
1996 4 13 12 46411.9 3.964 219.32 6.33 8.35 -1.27 566.7
1996 4 14 12 46537.5 6.631 211.99 6.33 9.67 0.65 602.4
1996 4 15 12 46662.2 2.568 222.28 6.33 8.29 -1.97 582.1
1996 4 16 12 46785.8 5.191 225.01 6.33 9.63 0.89 598.4
1996 4 17 12 46908.4 4.179 217.36 6.33 11.25 1.54 629.1
1996 4 18 12 47029.9 1.774 216.78 6.33 8.46 -0.67 552.7
1996 4 19 12 47150.2 4.012 231.57 6.33 10.83 1.18 585.3
1996 4 20 12 47269.4 0.180 229.19 6.33 11.48 1.51 650.0
1996 4 21 12 47387.3 2.647 246.73 6.33 12.61 4.07 627.1
1996 4 22 12 47504.0 1.585 207.14 6.33 11.03 2.14 624.0
1996 4 23 12 47619.5 1.495 217.15 6.33 10.98 0.42 621.2
1996 4 24 12 47733.6 0.076 209.47 6.33 10.87 0.61 595.8
1996 4 25 12 47846.4 1.192 231.54 6.33 10.26 0.48 595.1
1996 4 26 12 47957.8 0.274 205.55 6.33 13.57 5.87 757.0
1996 4 27 12 48067.8 0.535 223.78 6.33 12.27 3.89 704.2
1996 4 28 12 48176.4 5.998 252.87 6.33 12.20 3.41 706.1
1996 4 29 12 48283.5 12.227 249.09 6.33 12.42 3.65 647.1
1996 4 30 12 48389.0 0.935 219.12 6.33 12.10 2.77 676.2
1996 5 1 12 48493.1 0.623 250.50 6.33 11.95 3.77 673.9
1996 5 2 12 48595.5 2.743 236.14 6.33 12.69 4.12 629.4
1996 5 3 12 48696.4 1.232 244.89 6.33 11.96 2.36 624.0
1996 5 4 12 48795.7 5.364 249.38 6.33 13.04 4.00 747.5
1996 5 5 12 48893.3 6.861 234.21 6.33 12.90 2.75 635.2
1996 5 6 12 48989.2 2.490 224.06 6.33 13.50 4.09 713.7
1996 5 7 12 49083.3 9.091 222.28 6.33 11.71 1.25 636.3
1996 5 8 12 49175.8 14.889 264.89 6.33 15.97 6.17 684.8
1996 5 9 12 49266.4 2.350 238.82 6.33 14.44 3.83 728.2
1996 5 10 12 49355.3 3.616 249.69 6.33 13.93 4.72 708.0
1996 5 11 12 49442.4 0.691 236.39 6.33 14.09 5.34 698.3
1996 5 12 12 49527.6 0.867 239.74 6.33 17.10 6.97 781.0
1996 5 13 12 49610.9 3.317 234.59 6.33 14.32 4.86 651.7
1996 5 14 12 49692.3 4.047 230.73 6.33 17.03 7.86 745.8
1996 5 15 12 49771.8 2.308 243.12 6.33 14.58 6.31 755.4
1996 5 16 12 49849.4 1.707 225.80 6.33 16.56 6.41 747.3
1996 5 17 12 49924.9 5.710 245.77 6.33 16.76 8.80 800.4
1996 5 18 12 49998.5 0.322 242.46 6.33 18.01 10.45 827.6
1996 5 19 12 50070.1 0.786 236.25 6.33 16.58 7.48 752.1
1996 5 20 12 50139.7 2.557 221.98 6.33 15.92 7.77 725.8
1996 5 21 12 50207.1 0.281 237.30 6.33 18.33 9.10 758.9
1996 5 22 12 50272.5 2.768 270.03 6.33 17.85 9.19 803.5
1996 5 23 12 50335.9 1.324 273.42 6.33 14.33 5.85 689.6
1996 5 24 12 50397.0 0.522 235.46 6.33 19.35 12.08 794.0
1996 5 25 12 50456.1 2.923 266.40 6.33 16.03 7.86 792.2
1996 5 26 12 50513.0 3.670 260.78 6.33 18.40 8.99 880.7
1996 5 27 12 50567.8 2.271 267.32 6.33 17.65 10.17 793.1
1996 5 28 12 50620.3 1.377 252.38 6.33 13.27 4.82 665.1
1996 5 29 12 50670.7 3.030 241.04 6.33 20.29 11.18 874.6
1996 5 30 12 50718.8 1.052 255.19 6.33 19.54 10.56 797.9
1996 5 31 12 50764.8 2.331 248.29 6.33 17.67 8.96 777.1
1996 6 1 12 50808.5 4.750 300.59 6.33 21.88 12.51 784.2
1996 6 2 12 50849.9 1.908 246.37 6.33 18.26 9.44 738.9
1996 6 3 12 50889.0 1.865 276.97 6.33 18.40 9.05 788.6
1996 6 4 12 50925.9 1.950 268.33 6.33 18.24 9.75 778.3
1996 6 5 12 50960.5 1.635 266.33 6.33 19.91 10.33 774.9
1996 6 6 12 50992.8 2.922 282.25 6.33 19.90 11.36 840.3
1996 6 7 12 51022.8 7.214 262.65 6.33 19.10 11.85 828.6
1996 6 8 12 51050.5 0.930 245.31 6.33 18.82 10.98 813.0
1996 6 9 12 51075.8 7.959 258.75 6.33 20.84 11.62 860.3
1996 6 10 12 51098.8 1.823 263.48 6.33 18.72 9.80 790.9
1996 6 11 12 51119.5 2.046 271.11 6.33 20.62 9.64 763.5
1996 6 12 12 51137.8 0.861 269.78 6.33 20.25 11.42 854.6
1996 6 13 12 51153.7 13.544 242.38 6.33 16.81 7.88 759.5
1996 6 14 12 51167.4 2.803 263.94 6.33 20.27 11.72 815.2
1996 6 15 12 51178.6 2.184 254.73 6.33 18.92 10.38 830.8
1996 6 16 12 51187.5 1.158 287.01 6.33 20.68 10.73 777.4
1996 6 17 12 51194.0 0.647 275.34 6.33 21.01 12.45 839.1
1996 6 18 12 51198.1 4.559 270.35 6.33 22.47 13.36 856.9
1996 6 19 12 51199.9 4.070 241.89 6.33 21.19 11.18 875.9
1996 6 20 12 51199.3 8.478 267.37 6.33 21.36 12.44 892.2
1996 6 21 12 51196.4 1.850 259.73 6.33 19.94 11.37 816.2
1996 6 22 12 51191.0 2.551 276.73 6.33 20.40 12.05 880.8
1996 6 23 12 51183.3 6.650 246.72 6.33 22.77 14.04 878.1
1996 6 24 12 51173.3 1.655 256.80 6.33 20.19 11.41 848.8
1996 6 25 12 51160.8 6.052 235.89 6.33 20.49 12.37 831.6
1996 6 26 12 51146.1 1.671 258.05 6.33 21.11 10.49 850.9
1996 6 27 12 51128.9 7.884 268.80 6.33 23.84 14.21 935.9
1996 6 28 12 51109.4 8.332 270.44 6.33 20.49 9.65 784.8
1996 6 29 12 51087.6 5.342 261.17 6.33 24.64 15.43 930.3
1996 6 30 12 51063.4 0.101 275.91 6.33 23.92 14.35 948.8
1996 7 1 12 51036.9 1.324 261.28 6.33 23.61 13.50 912.8
1996 7 2 12 51008.1 9.832 239.89 6.33 21.06 11.70 830.2
1996 7 3 12 50976.9 1.869 254.82 6.33 21.55 13.87 843.2
1996 7 4 12 50943.5 4.192 255.95 6.33 21.32 13.08 905.0
1996 7 5 12 50907.8 2.216 249.22 6.33 23.29 15.13 878.0
1996 7 6 12 50869.7 0.694 222.80 6.33 22.12 13.76 861.3
1996 7 7 12 50829.4 1.699 251.57 6.33 22.18 12.37 846.6
1996 7 8 12 50786.9 0.591 231.37 6.33 21.43 11.09 795.3
1996 7 9 12 50742.1 3.740 267.59 6.33 23.12 13.02 917.3
1996 7 10 12 50695.1 2.217 262.92 6.33 22.28 13.17 859.8
1996 7 11 12 50645.8 3.204 254.36 6.33 20.36 11.46 806.8
1996 7 12 12 50594.3 2.853 238.31 6.33 22.24 13.14 904.5
1996 7 13 12 50540.7 3.883 241.84 6.33 21.04 12.09 837.2
1996 7 14 12 50484.8 3.947 256.14 6.33 20.11 11.62 811.2
1996 7 15 12 50426.8 1.021 242.50 6.33 19.21 10.77 800.9
1996 7 16 12 50366.7 5.154 230.57 6.33 20.22 11.38 834.0
1996 7 17 12 50304.5 8.442 219.14 6.33 24.46 15.19 933.4
1996 7 18 12 50240.1 6.864 246.20 6.33 20.58 12.23 909.2
1996 7 19 12 50173.7 2.401 229.34 6.33 23.18 13.92 916.1
1996 7 20 12 50105.1 1.967 257.56 6.33 25.35 15.61 920.3
1996 7 21 12 50034.6 0.578 234.35 6.33 20.68 10.95 855.7
1996 7 22 12 49962.0 2.674 264.07 6.33 22.00 13.46 899.2
1996 7 23 12 49887.4 1.910 284.09 6.33 25.03 16.70 937.8
1996 7 24 12 49810.8 1.704 230.76 6.33 24.03 15.36 885.4
1996 7 25 12 49732.3 0.214 219.14 6.33 24.40 13.89 868.8
1996 7 26 12 49651.8 0.984 223.78 6.33 21.53 13.44 876.1
1996 7 27 12 49569.5 0.823 246.21 6.33 23.56 13.56 883.8
1996 7 28 12 49485.2 2.903 217.71 6.33 21.25 11.07 837.2
1996 7 29 12 49399.1 2.915 240.04 6.33 21.28 13.52 796.8
1996 7 30 12 49311.1 5.825 220.85 6.33 25.26 16.35 932.7
1996 7 31 12 49221.3 0.552 236.52 6.33 23.21 14.80 931.5
1996 8 1 12 49129.8 1.831 234.56 6.33 24.21 16.28 956.2
1996 8 2 12 49036.5 0.973 245.45 6.33 19.83 10.07 760.9
1996 8 3 12 48941.4 0.410 239.45 6.33 20.96 12.70 869.7
1996 8 4 12 48844.7 1.023 226.29 6.33 19.62 11.61 845.4
1996 8 5 12 48746.2 2.756 212.14 6.33 21.63 13.48 867.3
1996 8 6 12 48646.2 3.610 256.09 6.33 24.52 15.44 911.5
1996 8 7 12 48544.5 2.100 225.34 6.33 21.29 12.37 871.6
1996 8 8 12 48441.3 0.312 208.41 6.33 21.86 12.99 808.8
1996 8 9 12 48336.4 0.252 260.25 6.33 22.31 14.91 912.8
1996 8 10 12 48230.1 0.465 251.47 6.33 21.56 12.58 853.1
1996 8 11 12 48122.3 0.889 254.45 6.33 21.33 12.61 872.5
1996 8 12 12 48013.0 0.989 233.77 6.33 20.52 10.21 795.0
1996 8 13 12 47902.3 1.424 238.18 6.33 20.91 12.25 835.2
1996 8 14 12 47790.2 6.576 235.54 6.33 21.33 12.96 852.6
1996 8 15 12 47676.7 0.645 239.04 6.33 21.64 11.48 800.1
1996 8 16 12 47561.9 2.283 207.12 6.33 23.02 15.20 892.1
1996 8 17 12 47445.8 0.891 243.47 6.33 19.87 12.46 851.6
1996 8 18 12 47328.5 1.740 230.85 6.33 21.98 13.69 880.9
1996 8 19 12 47209.9 1.196 218.12 6.33 20.29 11.61 784.7
1996 8 20 12 47090.2 0.209 193.60 6.33 20.71 11.97 794.7
1996 8 21 12 46969.3 4.669 216.88 6.33 19.11 9.66 805.6
1996 8 22 12 46847.3 0.722 231.85 6.33 20.31 11.54 816.9
1996 8 23 12 46724.2 4.242 237.90 6.33 20.15 12.09 858.8
1996 8 24 12 46600.0 6.914 203.68 6.33 20.79 11.94 814.5
1996 8 25 12 46474.8 6.195 194.14 6.33 18.19 8.78 833.8
1996 8 26 12 46348.7 2.169 201.01 6.33 18.36 9.79 818.1
1996 8 27 12 46221.7 4.445 217.09 6.33 21.38 12.87 895.3
1996 8 28 12 46093.7 1.444 213.17 6.33 18.17 7.97 754.1
1996 8 29 12 45964.9 0.221 213.28 6.33 19.32 11.11 816.2
1996 8 30 12 45835.3 4.138 210.46 6.33 18.22 8.56 801.4
1996 8 31 12 45704.9 0.843 203.58 6.33 19.20 9.54 762.8
1996 9 1 12 45573.7 0.469 206.74 6.33 18.99 10.70 822.9
1996 9 2 12 45441.8 3.597 203.97 6.33 19.47 10.12 822.8
1996 9 3 12 45309.3 2.435 208.87 6.33 17.28 7.04 696.5
1996 9 4 12 45176.2 1.000 193.41 6.33 17.18 7.01 733.3
1996 9 5 12 45042.4 2.327 184.98 6.33 20.74 11.77 837.1
1996 9 6 12 44908.2 1.785 180.26 6.33 20.61 10.22 830.9
1996 9 7 12 44773.4 0.012 178.74 6.33 16.49 7.75 720.4
1996 9 8 12 44638.1 2.387 202.86 6.33 18.53 10.07 788.9
1996 9 9 12 44502.5 1.175 201.90 6.33 15.73 6.78 744.5
1996 9 10 12 44366.4 1.504 196.67 6.33 16.95 7.59 785.9
1996 9 11 12 44230.0 2.055 209.39 6.33 19.14 9.86 827.8
1996 9 12 12 44093.3 1.525 209.52 6.33 16.52 6.95 767.9
1996 9 13 12 43956.3 2.470 215.35 6.33 18.97 10.95 843.2
1996 9 14 12 43819.1 0.855 211.37 6.33 14.31 5.79 703.2
1996 9 15 12 43681.7 1.496 178.97 6.33 18.22 9.52 752.7
1996 9 16 12 43544.2 0.472 179.84 6.33 16.88 7.40 724.0
1996 9 17 12 43406.5 0.236 167.32 6.33 17.06 8.55 789.6
1996 9 18 12 43268.9 0.400 161.12 6.33 14.86 5.77 666.6
1996 9 19 12 43131.1 0.487 162.23 6.33 13.90 5.84 772.3
1996 9 20 12 42993.5 1.581 193.34 6.33 15.24 6.74 680.1
1996 9 21 12 42855.8 1.711 177.25 6.33 20.04 10.85 783.3
1996 9 22 12 42718.3 0.077 174.61 6.33 14.73 5.07 701.8
1996 9 23 12 42580.9 0.856 163.80 6.33 14.11 5.66 698.2
1996 9 24 12 42443.7 0.135 184.78 6.33 14.57 5.32 685.4
1996 9 25 12 42306.7 1.455 136.37 6.33 15.04 6.83 715.5
1996 9 26 12 42170.0 1.005 159.54 6.33 14.25 4.71 702.9
1996 9 27 12 42033.6 2.148 171.54 6.33 14.68 5.66 749.3
1996 9 28 12 41897.5 1.941 173.51 6.33 14.54 5.89 687.6
1996 9 29 12 41761.9 0.965 157.01 6.33 15.18 6.54 723.3
1996 9 30 12 41626.6 2.694 158.92 6.33 13.87 5.17 682.4
1996 10 1 12 41491.8 0.486 148.11 6.33 14.10 4.27 633.8
1996 10 2 12 41357.6 0.634 169.32 6.33 11.25 1.06 581.8
1996 10 3 12 41223.8 3.945 164.18 6.33 12.81 4.36 658.9
1996 10 4 12 41090.7 4.747 154.52 6.33 12.40 3.74 690.9
1996 10 5 12 40958.2 1.749 154.96 6.33 12.02 3.44 624.9
1996 10 6 12 40826.3 4.102 161.60 6.33 13.34 5.21 735.6
1996 10 7 12 40695.1 1.268 142.52 6.33 11.76 3.14 688.3
1996 10 8 12 40564.7 1.460 159.07 6.33 10.89 1.61 613.0
1996 10 9 12 40435.1 1.805 168.53 6.33 14.25 5.16 736.0
1996 10 10 12 40306.3 1.849 149.82 6.33 11.58 1.51 600.4
1996 10 11 12 40178.3 0.929 159.30 6.33 12.89 3.88 680.4
1996 10 12 12 40051.3 0.022 145.83 6.33 10.84 2.77 660.9
1996 10 13 12 39925.2 1.214 168.63 6.33 10.13 0.56 680.7
1996 10 14 12 39800.0 0.997 146.20 6.33 9.09 0.68 622.2
1996 10 15 12 39675.8 1.406 165.02 6.33 13.44 3.57 666.2
1996 10 16 12 39552.7 0.123 138.65 6.33 11.80 3.69 679.1
1996 10 17 12 39430.7 0.858 133.99 6.33 9.46 0.28 607.1
1996 10 18 12 39309.8 3.458 156.50 6.33 13.50 3.77 708.0
1996 10 19 12 39190.1 0.709 157.02 6.33 7.58 -1.70 541.0
1996 10 20 12 39071.5 1.147 150.96 6.33 10.18 -0.47 639.8
1996 10 21 12 38954.2 3.254 157.56 6.33 7.76 -1.24 528.8
1996 10 22 12 38838.1 1.145 108.71 6.33 7.77 -0.47 624.4
1996 10 23 12 38723.3 1.331 127.25 6.33 5.02 -3.54 577.0
1996 10 24 12 38609.8 0.021 127.08 6.33 8.96 -0.17 540.2
1996 10 25 12 38497.7 1.060 119.44 6.33 9.53 0.29 639.1
1996 10 26 12 38387.0 2.449 133.02 6.33 10.03 0.99 614.4
1996 10 27 12 38277.7 2.553 127.65 6.33 9.24 -0.59 580.7
1996 10 28 12 38169.9 1.342 126.14 6.33 8.44 -0.03 605.7
1996 10 29 12 38063.6 0.843 122.18 6.33 9.85 0.52 606.1
1996 10 30 12 37958.7 0.645 130.31 6.33 9.55 -0.33 549.0
1996 10 31 12 37855.5 0.349 116.59 6.33 6.58 -1.45 584.0
1996 11 1 12 37753.8 1.848 126.04 6.33 8.60 -0.60 588.5
1996 11 2 12 37653.8 1.032 138.79 6.33 8.40 -0.22 621.0
1996 11 3 12 37555.3 0.733 133.08 6.33 5.55 -4.05 532.7
1996 11 4 12 37458.6 0.249 127.70 6.33 7.13 -1.33 575.3
1996 11 5 12 37363.5 1.112 150.07 6.33 4.63 -5.24 503.5
1996 11 6 12 37270.2 0.730 93.88 6.33 6.00 -3.36 517.9
1996 11 7 12 37178.7 0.330 123.01 6.33 7.18 -1.37 648.9
1996 11 8 12 37088.9 1.223 97.58 6.33 7.33 -2.55 513.0
1996 11 9 12 37000.9 1.708 122.21 6.33 4.69 -5.41 488.1
1996 11 10 12 36914.8 2.167 129.12 6.33 5.98 -3.91 546.3
1996 11 11 12 36830.5 2.505 118.69 6.33 7.08 -1.52 584.4
1996 11 12 12 36748.2 2.983 91.73 6.33 5.04 -3.87 482.3
1996 11 13 12 36667.7 0.842 137.75 6.33 4.70 -4.47 473.9
1996 11 14 12 36589.2 3.112 91.24 6.33 6.94 -2.16 530.7
1996 11 15 12 36512.6 0.022 101.85 6.33 5.80 -2.86 499.5
1996 11 16 12 36438.0 0.582 130.14 6.33 5.01 -4.48 492.1
1996 11 17 12 36365.4 3.391 115.35 6.33 1.87 -5.97 514.8
1996 11 18 12 36294.9 3.353 77.92 6.33 4.63 -5.48 497.8
1996 11 19 12 36226.3 1.955 111.47 6.33 3.60 -4.42 574.3
1996 11 20 12 36159.9 0.139 114.33 6.33 2.58 -6.98 434.1
1996 11 21 12 36095.5 0.317 123.52 6.33 3.77 -4.55 468.8
1996 11 22 12 36033.3 2.799 124.84 6.33 5.39 -4.37 502.6
1996 11 23 12 35973.2 3.247 117.56 6.33 6.56 -2.76 509.0
1996 11 24 12 35915.2 1.756 108.91 6.33 4.32 -5.14 502.5
1996 11 25 12 35859.3 4.156 98.64 6.33 1.52 -7.21 491.0
1996 11 26 12 35805.7 0.708 115.78 6.33 2.33 -6.12 475.4
1996 11 27 12 35754.2 1.970 105.37 6.33 2.08 -6.71 436.7
1996 11 28 12 35704.9 2.181 121.94 6.33 1.27 -6.32 456.7
1996 11 29 12 35657.9 7.052 117.78 6.33 3.48 -5.15 473.9
1996 11 30 12 35613.1 0.305 78.57 6.33 1.65 -7.99 479.9
1996 12 1 12 35570.6 0.613 143.64 6.33 0.11 -8.01 447.0
1996 12 2 12 35530.3 2.788 104.26 6.33 2.19 -6.32 512.7
1996 12 3 12 35492.2 0.718 112.21 6.33 4.37 -5.95 437.9
1996 12 4 12 35456.5 0.592 78.08 6.33 2.34 -6.48 547.5
1996 12 5 12 35423.1 0.412 102.73 6.33 0.64 -8.60 462.6
1996 12 6 12 35391.9 0.796 91.89 6.33 3.93 -5.12 530.6
1996 12 7 12 35363.1 5.318 118.18 6.33 1.12 -7.96 440.6
1996 12 8 12 35336.6 0.423 94.72 6.33 1.37 -8.01 469.8
1996 12 9 12 35312.4 0.973 100.71 6.33 1.31 -9.84 362.3
1996 12 10 12 35290.6 0.062 67.38 6.33 3.47 -5.71 496.3
1996 12 11 12 35271.1 0.505 95.47 6.33 0.58 -8.80 428.2
1996 12 12 12 35253.9 0.858 139.35 6.33 -0.23 -9.62 385.3
1996 12 13 12 35239.2 3.283 109.85 6.33 2.13 -6.00 474.9
1996 12 14 12 35226.7 2.186 95.00 6.33 2.83 -6.31 457.7
1996 12 15 12 35216.7 0.211 113.95 6.33 0.13 -10.76 333.5
1996 12 16 12 35209.0 1.304 91.37 6.33 -0.46 -11.14 336.6
1996 12 17 12 35203.6 1.036 102.39 6.33 0.69 -9.47 353.9
1996 12 18 12 35200.7 3.447 112.50 6.33 -3.56 -10.93 393.5
1996 12 19 12 35200.1 2.611 112.64 6.33 -0.82 -10.76 428.1
1996 12 20 12 35201.9 0.334 144.76 6.33 -2.20 -10.57 432.9
1996 12 21 12 35206.0 0.248 76.16 6.33 -2.72 -12.37 335.7
1996 12 22 12 35212.5 0.088 101.25 6.33 -2.62 -10.88 370.7
1996 12 23 12 35221.4 0.649 112.52 6.33 -0.65 -8.07 405.7
1996 12 24 12 35232.6 1.010 113.06 6.33 -1.87 -11.02 380.3
1996 12 25 12 35246.3 0.680 116.23 6.33 -2.71 -10.83 419.4
1996 12 26 12 35262.2 3.797 88.25 6.33 -0.84 -8.21 470.4
1996 12 27 12 35280.5 0.343 92.14 6.33 -1.21 -10.60 381.7
1996 12 28 12 35301.2 5.060 116.85 6.33 -0.35 -9.73 436.0
1996 12 29 12 35324.2 0.866 121.99 6.33 -0.39 -9.23 388.0
1996 12 30 12 35349.5 6.884 83.50 6.33 -1.62 -11.42 349.4
1996 12 31 12 35377.2 2.868 73.78 6.33 -0.20 -8.88 439.1
1997 1 1 12 35377.2 0.873 110.61 6.33 -2.15 -10.71 367.2
1997 1 2 12 35407.2 2.014 107.65 6.33 -1.83 -12.08 285.5
1997 1 3 12 35439.5 0.175 97.26 6.33 -1.14 -10.50 422.1
1997 1 4 12 35474.1 0.576 121.15 6.33 -0.28 -10.23 397.2
1997 1 5 12 35511.0 2.372 114.02 6.33 -1.93 -13.02 366.6
1997 1 6 12 35550.1 1.033 127.38 6.33 -3.65 -12.79 294.1
1997 1 7 12 35591.5 2.225 100.82 6.33 0.13 -9.65 423.9
1997 1 8 12 35635.2 2.227 119.56 6.33 -2.72 -11.34 395.5
1997 1 9 12 35681.2 6.922 101.20 6.33 -0.66 -8.12 466.7
1997 1 10 12 35729.3 1.671 139.13 6.33 -3.01 -12.04 331.7
1997 1 11 12 35779.7 6.394 126.46 6.33 -4.79 -12.60 306.8
1997 1 12 12 35832.2 5.150 79.43 6.33 -2.28 -11.08 378.9
1997 1 13 12 35887.0 3.165 99.06 6.33 -0.47 -9.16 404.2
1997 1 14 12 35943.9 3.027 105.64 6.33 -3.57 -11.69 419.9
1997 1 15 12 36003.0 1.388 99.12 6.33 -2.11 -11.14 336.5
1997 1 16 12 36064.1 2.062 107.04 6.33 -0.68 -10.13 401.3
1997 1 17 12 36127.5 3.923 106.07 6.33 -1.10 -11.04 403.0
1997 1 18 12 36192.9 1.547 76.54 6.33 3.47 -6.14 500.7
1997 1 19 12 36260.3 1.018 109.31 6.33 -0.74 -10.09 352.8
1997 1 20 12 36329.9 0.264 114.72 6.33 -1.38 -10.40 360.0
1997 1 21 12 36401.5 7.091 91.89 6.33 -2.25 -11.67 380.3
1997 1 22 12 36475.1 4.100 112.15 6.33 -2.61 -11.73 343.5
1997 1 23 12 36550.6 1.209 122.34 6.33 -1.61 -10.83 415.2
1997 1 24 12 36628.2 6.723 109.61 6.33 -0.79 -9.54 467.0
1997 1 25 12 36707.7 5.376 125.00 6.33 -4.06 -12.78 327.7
1997 1 26 12 36789.1 0.343 124.44 6.33 -2.28 -9.77 378.2
1997 1 27 12 36872.4 1.648 84.29 6.33 -3.39 -12.50 385.9
1997 1 28 12 36957.6 2.848 106.67 6.33 -3.16 -11.31 404.4
1997 1 29 12 37044.7 3.607 131.37 6.33 0.32 -9.18 398.9
1997 1 30 12 37133.6 1.155 113.99 6.33 -1.09 -8.80 397.5
1997 1 31 12 37224.2 0.424 141.79 6.33 0.25 -8.20 399.6
1997 2 1 12 37316.7 2.088 96.56 6.33 0.09 -9.17 495.0
1997 2 2 12 37410.8 1.754 104.09 6.33 -2.41 -12.20 397.7
1997 2 3 12 37506.7 3.190 144.53 6.33 -1.72 -11.35 375.9
1997 2 4 12 37604.3 5.694 135.97 6.33 0.35 -7.71 445.0
1997 2 5 12 37703.6 1.370 117.60 6.33 -2.85 -12.66 359.0
1997 2 6 12 37804.5 1.003 117.74 6.33 -0.95 -10.15 374.5
1997 2 7 12 37906.9 1.168 154.89 6.33 -2.01 -10.39 327.2
1997 2 8 12 38011.0 0.320 123.80 6.33 -2.01 -11.49 345.9
1997 2 9 12 38116.5 2.695 105.17 6.33 -0.68 -9.76 385.8
1997 2 10 12 38223.6 1.178 153.78 6.33 -0.94 -9.30 404.7
1997 2 11 12 38332.2 8.696 103.05 6.33 -1.75 -9.86 391.1
1997 2 12 12 38442.2 9.740 121.01 6.33 -0.33 -8.78 433.8
1997 2 13 12 38553.6 5.169 109.89 6.33 1.19 -7.28 427.6
1997 2 14 12 38666.4 2.272 162.61 6.33 -3.57 -12.53 369.9
1997 2 15 12 38780.5 2.318 132.30 6.33 -1.82 -11.41 319.5
1997 2 16 12 38896.0 1.774 111.29 6.33 -1.68 -10.39 390.9
1997 2 17 12 39012.7 1.082 151.36 6.33 1.08 -9.18 419.6
1997 2 18 12 39130.6 0.997 152.45 6.33 0.32 -10.33 438.7
1997 2 19 12 39249.8 8.931 123.04 6.33 -0.30 -8.94 448.0
1997 2 20 12 39370.1 0.597 168.97 6.33 -2.18 -11.09 334.1
1997 2 21 12 39491.6 1.944 115.08 6.33 2.68 -5.50 469.0
1997 2 22 12 39614.2 5.768 151.93 6.33 -1.26 -9.51 426.5
1997 2 23 12 39737.8 3.326 169.16 6.33 -1.42 -12.06 320.9
1997 2 24 12 39862.5 2.400 175.62 6.33 -3.75 -11.96 398.9
1997 2 25 12 39988.1 1.727 162.27 6.33 -0.57 -8.53 375.7
1997 2 26 12 40114.7 0.174 137.48 6.33 0.09 -8.82 468.6
1997 2 27 12 40242.2 0.961 156.62 6.33 0.29 -8.63 455.6
1997 2 28 12 40370.6 3.501 137.70 6.33 1.85 -7.72 441.4
1997 3 1 12 40499.8 2.737 172.28 6.33 1.55 -6.14 495.7
1997 3 2 12 40629.8 2.817 166.84 6.33 1.96 -7.04 453.7
1997 3 3 12 40760.6 4.370 179.79 6.33 -0.18 -9.75 388.6
1997 3 4 12 40892.1 3.124 160.64 6.33 2.81 -7.01 475.7
1997 3 5 12 41024.3 0.403 153.66 6.33 1.87 -7.45 446.6
1997 3 6 12 41157.2 2.253 181.49 6.33 1.41 -6.35 475.2
1997 3 7 12 41290.6 11.160 148.44 6.33 0.20 -8.88 393.6
1997 3 8 12 41424.6 4.175 172.40 6.33 2.49 -6.50 397.7
1997 3 9 12 41559.2 1.171 164.44 6.33 3.39 -6.36 461.0
1997 3 10 12 41694.2 1.195 181.84 6.33 3.60 -4.46 506.7
1997 3 11 12 41829.7 0.354 168.63 6.33 2.00 -7.97 409.5
1997 3 12 12 41965.5 6.880 175.01 6.33 3.86 -5.78 544.2
1997 3 13 12 42101.8 1.252 148.88 6.33 -0.20 -10.10 398.7
1997 3 14 12 42238.3 0.501 160.20 6.33 2.77 -7.59 447.5
1997 3 15 12 42375.2 2.743 166.73 6.33 5.29 -3.04 551.9
1997 3 16 12 42512.3 1.150 183.97 6.33 3.68 -5.12 512.2
1997 3 17 12 42649.6 1.972 170.58 6.33 2.23 -5.76 504.8
1997 3 18 12 42787.0 2.153 171.71 6.33 1.03 -8.34 438.7
1997 3 19 12 42924.6 4.417 201.00 6.33 2.91 -5.00 517.1
1997 3 20 12 43062.3 1.829 186.95 6.33 3.65 -6.34 531.3
1997 3 21 12 43200.0 3.432 175.09 6.33 5.03 -4.35 541.2
1997 3 22 12 43337.7 3.645 190.59 6.33 5.21 -2.68 588.0
1997 3 23 12 43475.4 1.208 170.90 6.33 5.59 -2.70 518.7
1997 3 24 12 43613.0 7.553 200.08 6.33 5.24 -2.47 506.3
1997 3 25 12 43750.4 3.885 188.52 6.33 5.85 -3.52 562.8
1997 3 26 12 43887.7 1.809 199.62 6.33 6.87 -1.39 603.7
1997 3 27 12 44024.8 5.578 169.41 6.33 6.22 -3.83 513.2
1997 3 28 12 44161.7 1.175 186.07 6.33 6.02 -2.01 567.6
1997 3 29 12 44298.2 5.870 166.74 6.33 5.83 -2.99 497.4
1997 3 30 12 44434.5 2.883 174.17 6.33 6.39 -2.66 563.9
1997 3 31 12 44570.3 5.520 172.18 6.33 6.16 -2.35 545.5
1997 4 1 12 44705.8 6.600 217.65 6.33 5.93 -2.98 574.2
1997 4 2 12 44840.8 3.239 218.48 6.33 10.94 2.35 635.3
1997 4 3 12 44975.4 1.561 184.72 6.33 5.76 -3.63 509.3
1997 4 4 12 45109.4 0.876 209.27 6.33 6.68 0.59 608.2
1997 4 5 12 45242.8 5.049 196.74 6.33 5.83 -4.04 500.8
1997 4 6 12 45375.7 5.289 221.56 6.33 10.66 1.82 656.2
1997 4 7 12 45507.9 0.048 232.13 6.33 8.21 -1.59 573.2
1997 4 8 12 45639.4 1.577 188.46 6.33 9.68 1.20 630.5
1997 4 9 12 45770.2 1.782 195.15 6.33 11.15 1.33 613.9
1997 4 10 12 45900.2 0.428 183.29 6.33 8.95 0.03 642.9
1997 4 11 12 46029.4 2.869 225.09 6.33 9.58 1.29 631.2
1997 4 12 12 46157.8 0.514 212.86 6.33 10.78 1.75 640.6
1997 4 13 12 46285.3 2.667 194.16 6.33 8.39 -0.77 574.7
1997 4 14 12 46411.9 1.964 233.14 6.33 8.51 -0.49 605.5
1997 4 15 12 46537.5 1.685 197.67 6.33 9.63 0.82 621.7
1997 4 16 12 46662.2 0.234 200.76 6.33 9.01 0.35 595.6
1997 4 17 12 46785.8 4.349 222.01 6.33 8.72 -1.11 554.3
1997 4 18 12 46908.4 0.455 192.17 6.33 9.54 1.73 609.8
1997 4 19 12 47029.9 4.222 207.09 6.33 10.65 1.34 654.9
1997 4 20 12 47150.2 0.723 231.70 6.33 10.61 3.14 663.1
1997 4 21 12 47269.4 1.096 196.21 6.33 9.27 1.18 636.1
1997 4 22 12 47387.3 3.127 228.74 6.33 10.02 0.84 647.6
1997 4 23 12 47504.0 1.576 247.95 6.33 10.34 0.42 558.3
1997 4 24 12 47619.5 3.029 230.76 6.33 9.16 0.55 641.8
1997 4 25 12 47733.6 5.217 230.43 6.33 11.45 2.89 626.6
1997 4 26 12 47846.4 2.171 235.18 6.33 10.20 -1.01 656.4
1997 4 27 12 47957.8 4.133 222.61 6.33 14.14 4.48 661.3
1997 4 28 12 48067.8 4.508 232.19 6.33 12.25 2.52 648.8
1997 4 29 12 48176.4 2.304 240.43 6.33 12.61 0.91 611.3
1997 4 30 12 48283.5 1.214 232.71 6.33 13.34 4.15 647.9
1997 5 1 12 48389.0 1.785 246.12 6.33 10.98 1.82 713.5
1997 5 2 12 48493.1 1.503 237.98 6.33 13.11 3.13 647.5
1997 5 3 12 48595.5 3.507 217.20 6.33 12.38 3.53 612.3
1997 5 4 12 48696.4 0.795 225.54 6.33 13.75 3.00 655.2
1997 5 5 12 48795.7 3.308 226.53 6.33 13.11 4.60 669.1
1997 5 6 12 48893.3 5.532 230.55 6.33 12.77 4.33 696.9
1997 5 7 12 48989.2 1.242 237.58 6.33 11.83 1.05 593.9
1997 5 8 12 49083.3 3.944 211.00 6.33 10.77 1.83 675.0
1997 5 9 12 49175.8 3.532 257.04 6.33 15.79 5.96 757.1
1997 5 10 12 49266.4 2.090 247.19 6.33 13.76 4.95 703.7
1997 5 11 12 49355.3 9.983 240.05 6.33 14.74 5.76 804.0
1997 5 12 12 49442.4 0.835 250.35 6.33 14.70 6.57 697.8
1997 5 13 12 49527.6 5.374 238.51 6.33 11.17 1.43 587.4
1997 5 14 12 49610.9 1.427 250.75 6.33 13.89 3.33 668.4
1997 5 15 12 49692.3 8.523 252.02 6.33 16.04 6.71 734.5
1997 5 16 12 49771.8 0.084 244.19 6.33 16.88 9.04 789.6
1997 5 17 12 49849.4 5.456 242.80 6.33 15.57 7.15 770.0
1997 5 18 12 49924.9 1.164 258.86 6.33 14.17 4.26 710.3
1997 5 19 12 49998.5 3.949 261.05 6.33 17.23 7.11 736.8
1997 5 20 12 50070.1 1.170 255.71 6.33 18.17 9.93 750.6
1997 5 21 12 50139.7 3.858 254.51 6.33 16.70 8.28 739.2
1997 5 22 12 50207.1 5.121 270.95 6.33 15.95 7.41 685.3
1997 5 23 12 50272.5 0.722 256.75 6.33 15.14 5.84 762.4
1997 5 24 12 50335.9 0.174 233.62 6.33 16.77 7.31 697.3
1997 5 25 12 50397.0 5.933 244.14 6.33 18.01 8.68 777.3
1997 5 26 12 50456.1 4.229 263.91 6.33 16.14 6.33 730.0
1997 5 27 12 50513.0 3.509 244.17 6.33 17.95 9.27 779.7
1997 5 28 12 50567.8 1.745 274.49 6.33 16.58 8.54 783.3
1997 5 29 12 50620.3 0.365 270.05 6.33 17.28 8.29 730.9
1997 5 30 12 50670.7 1.167 241.99 6.33 20.76 12.07 796.1
1997 5 31 12 50718.8 0.935 234.51 6.33 16.01 7.39 781.2
1997 6 1 12 50764.8 4.980 259.43 6.33 18.72 10.30 771.4
1997 6 2 12 50808.5 0.050 226.74 6.33 18.52 9.20 793.4
1997 6 3 12 50849.9 1.562 253.55 6.33 18.40 9.55 783.2
1997 6 4 12 50889.0 0.468 280.22 6.33 19.21 11.57 843.9
1997 6 5 12 50925.9 5.793 236.82 6.33 19.41 9.12 782.0
1997 6 6 12 50960.5 8.289 232.66 6.33 19.04 10.00 811.4
1997 6 7 12 50992.8 8.242 259.84 6.33 18.37 10.04 812.3
1997 6 8 12 51022.8 3.433 246.79 6.33 20.14 10.10 775.1
1997 6 9 12 51050.5 7.138 250.33 6.33 18.15 8.62 788.7
1997 6 10 12 51075.8 1.683 281.03 6.33 19.43 11.84 865.8
1997 6 11 12 51098.8 3.626 257.37 6.33 20.17 11.48 819.8
1997 6 12 12 51119.5 3.680 264.72 6.33 18.23 9.15 792.1
1997 6 13 12 51137.8 0.535 277.72 6.33 20.07 11.39 807.5
1997 6 14 12 51153.7 3.767 245.96 6.33 18.15 8.39 788.8
1997 6 15 12 51167.4 3.095 252.20 6.33 20.60 12.41 848.2
1997 6 16 12 51178.6 8.525 279.86 6.33 19.87 11.33 824.9
1997 6 17 12 51187.5 1.979 261.05 6.33 21.58 12.42 781.4
1997 6 18 12 51194.0 10.699 279.46 6.33 20.10 10.82 827.0
1997 6 19 12 51198.1 0.727 250.61 6.33 19.57 11.23 844.1
1997 6 20 12 51199.9 6.924 254.87 6.33 19.76 10.98 862.0
1997 6 21 12 51199.3 7.727 277.51 6.33 20.93 13.23 818.3
1997 6 22 12 51196.4 1.313 294.05 6.33 20.06 10.75 752.9
1997 6 23 12 51191.0 4.531 240.36 6.33 21.41 13.07 884.8
1997 6 24 12 51183.3 2.491 287.07 6.33 23.45 13.85 920.6
1997 6 25 12 51173.3 1.295 259.85 6.33 19.41 9.89 810.8
1997 6 26 12 51160.8 2.014 276.57 6.33 20.98 11.78 800.1
1997 6 27 12 51146.1 5.157 256.74 6.33 21.78 14.45 845.9
1997 6 28 12 51128.9 5.267 266.15 6.33 19.93 9.89 782.9
1997 6 29 12 51109.4 3.260 285.28 6.33 22.31 12.43 902.0
1997 6 30 12 51087.6 2.378 292.49 6.33 18.65 9.81 791.3
1997 7 1 12 51063.4 3.941 265.27 6.33 22.18 14.80 940.1
1997 7 2 12 51036.9 3.497 248.49 6.33 18.98 10.19 752.0
1997 7 3 12 51008.1 3.211 257.82 6.33 21.46 12.07 869.8
1997 7 4 12 50976.9 0.295 213.16 6.33 20.83 11.53 815.9
1997 7 5 12 50943.5 3.627 284.63 6.33 20.72 12.23 879.5
1997 7 6 12 50907.8 0.534 266.56 6.33 21.39 11.49 846.2
1997 7 7 12 50869.7 7.098 253.02 6.33 21.85 14.57 883.6
1997 7 8 12 50829.4 3.607 253.41 6.33 22.12 11.55 866.8
1997 7 9 12 50786.9 4.648 242.37 6.33 22.59 12.98 890.0
1997 7 10 12 50742.1 5.654 272.51 6.33 20.35 12.26 854.5
1997 7 11 12 50695.1 6.003 252.35 6.33 25.15 16.29 932.1
1997 7 12 12 50645.8 0.143 262.35 6.33 20.64 11.59 809.2
1997 7 13 12 50594.3 0.234 246.63 6.33 23.87 14.88 865.3
1997 7 14 12 50540.7 12.026 246.71 6.33 25.46 17.23 928.4
1997 7 15 12 50484.8 4.572 260.07 6.33 24.42 15.55 873.5
1997 7 16 12 50426.8 2.500 260.78 6.33 21.96 13.00 865.9
1997 7 17 12 50366.7 0.288 255.54 6.33 23.41 13.42 897.2
1997 7 18 12 50304.5 1.600 242.84 6.33 23.07 13.33 837.6
1997 7 19 12 50240.1 1.874 227.60 6.33 20.83 12.49 855.5
1997 7 20 12 50173.7 1.112 252.28 6.33 19.40 11.10 810.1
1997 7 21 12 50105.1 2.696 242.64 6.33 23.01 13.67 868.9
1997 7 22 12 50034.6 4.657 238.03 6.33 23.04 14.00 875.1
1997 7 23 12 49962.0 3.078 285.50 6.33 22.00 13.71 891.9
1997 7 24 12 49887.4 4.322 245.03 6.33 23.15 13.29 801.0
1997 7 25 12 49810.8 1.930 224.23 6.33 22.34 14.50 904.1
1997 7 26 12 49732.3 0.495 242.93 6.33 24.18 16.94 907.4
1997 7 27 12 49651.8 1.626 238.03 6.33 18.15 8.77 757.9
1997 7 28 12 49569.5 2.375 240.00 6.33 25.96 18.54 926.9
1997 7 29 12 49485.2 3.622 252.51 6.33 21.28 12.91 847.9
1997 7 30 12 49399.1 1.768 218.33 6.33 20.98 11.95 890.2
1997 7 31 12 49311.1 2.632 250.78 6.33 24.57 16.62 903.3
1997 8 1 12 49221.3 7.219 249.28 6.33 20.61 9.75 751.5
1997 8 2 12 49129.8 3.276 227.62 6.33 23.56 13.51 887.0
1997 8 3 12 49036.5 2.498 220.79 6.33 24.33 14.48 903.9
1997 8 4 12 48941.4 2.491 251.56 6.33 23.08 14.08 904.9
1997 8 5 12 48844.7 0.295 235.00 6.33 23.61 15.03 922.1
1997 8 6 12 48746.2 2.554 238.24 6.33 23.02 13.83 890.2
1997 8 7 12 48646.2 2.299 235.96 6.33 22.63 13.23 879.4
1997 8 8 12 48544.5 0.264 257.20 6.33 19.83 10.99 791.5
1997 8 9 12 48441.3 5.900 215.29 6.33 22.20 13.10 820.9
1997 8 10 12 48336.4 0.521 246.10 6.33 20.53 11.13 797.3
1997 8 11 12 48230.1 2.689 229.93 6.33 22.34 13.29 818.0
1997 8 12 12 48122.3 1.649 204.54 6.33 20.96 12.79 833.8
1997 8 13 12 48013.0 2.226 223.08 6.33 23.66 15.79 892.7
1997 8 14 12 47902.3 4.169 242.34 6.33 19.83 11.51 891.3
1997 8 15 12 47790.2 0.250 238.14 6.33 21.69 11.43 859.4
1997 8 16 12 47676.7 0.828 216.69 6.33 20.97 13.34 852.9
1997 8 17 12 47561.9 5.372 226.66 6.33 23.07 12.56 907.4
1997 8 18 12 47445.8 2.998 231.04 6.33 20.79 11.65 816.7
1997 8 19 12 47328.5 2.827 212.88 6.33 19.45 9.92 771.5
1997 8 20 12 47209.9 2.595 229.07 6.33 19.01 11.17 880.9
1997 8 21 12 47090.2 1.689 240.91 6.33 19.81 10.86 873.1
1997 8 22 12 46969.3 0.971 208.86 6.33 19.01 10.08 833.6
1997 8 23 12 46847.3 1.766 210.69 6.33 21.32 12.07 857.7
1997 8 24 12 46724.2 1.158 225.66 6.33 19.43 9.70 818.7
1997 8 25 12 46600.0 3.968 225.87 6.33 18.00 7.68 756.6
1997 8 26 12 46474.8 0.806 223.21 6.33 19.99 10.99 861.7
1997 8 27 12 46348.7 0.283 223.06 6.33 16.97 7.92 821.4
1997 8 28 12 46221.7 2.261 206.97 6.33 21.52 12.32 887.2
1997 8 29 12 46093.7 0.585 214.74 6.33 18.81 9.68 827.6
1997 8 30 12 45964.9 0.099 177.69 6.33 21.83 13.22 815.8
1997 8 31 12 45835.3 1.245 208.59 6.33 20.64 11.10 848.0
1997 9 1 12 45704.9 2.908 226.46 6.33 18.97 9.60 770.9
1997 9 2 12 45573.7 0.197 197.90 6.33 20.51 13.06 817.2
1997 9 3 12 45441.8 0.813 208.60 6.33 16.47 8.19 754.4
1997 9 4 12 45309.3 0.594 192.76 6.33 18.39 9.40 757.7
1997 9 5 12 45176.2 4.711 217.02 6.33 18.44 8.62 793.6
1997 9 6 12 45042.4 0.743 225.32 6.33 17.67 9.04 830.3
1997 9 7 12 44908.2 0.416 193.22 6.33 16.72 6.94 720.0
1997 9 8 12 44773.4 3.801 184.97 6.33 18.33 8.22 770.1
1997 9 9 12 44638.1 1.111 189.95 6.33 19.12 11.09 773.9
1997 9 10 12 44502.5 1.359 201.01 6.33 17.94 10.45 836.6
1997 9 11 12 44366.4 1.041 175.57 6.33 17.76 7.61 798.9
1997 9 12 12 44230.0 0.522 176.96 6.33 16.67 7.43 731.0
1997 9 13 12 44093.3 0.263 169.33 6.33 17.38 8.56 776.8
1997 9 14 12 43956.3 0.921 182.60 6.33 15.20 5.85 692.2
1997 9 15 12 43819.1 0.466 204.57 6.33 16.06 7.36 726.1
1997 9 16 12 43681.7 4.095 198.80 6.33 14.51 6.01 726.9
1997 9 17 12 43544.2 0.842 182.54 6.33 16.55 7.87 733.9
1997 9 18 12 43406.5 1.768 183.63 6.33 17.96 8.24 774.7
1997 9 19 12 43268.9 0.629 188.83 6.33 15.49 6.28 738.4
1997 9 20 12 43131.1 1.287 170.26 6.33 14.79 5.45 696.4
1997 9 21 12 42993.5 1.834 170.78 6.33 15.54 5.96 767.0
1997 9 22 12 42855.8 0.101 141.25 6.33 15.65 5.94 731.6
1997 9 23 12 42718.3 1.812 166.70 6.33 15.06 5.95 742.3
1997 9 24 12 42580.9 5.378 190.42 6.33 14.28 3.74 770.9
1997 9 25 12 42443.7 0.298 162.36 6.33 12.75 2.87 694.8
1997 9 26 12 42306.7 0.724 169.54 6.33 14.97 7.87 815.0
1997 9 27 12 42170.0 5.078 180.10 6.33 16.46 7.22 725.6
1997 9 28 12 42033.6 0.024 173.01 6.33 14.05 3.62 620.4
1997 9 29 12 41897.5 0.935 170.87 6.33 13.24 6.05 679.9
1997 9 30 12 41761.9 0.041 132.94 6.33 13.98 5.08 723.3
1997 10 1 12 41626.6 0.070 198.08 6.33 12.90 2.80 650.5
1997 10 2 12 41491.8 0.109 187.25 6.33 14.42 5.86 730.7
1997 10 3 12 41357.6 0.619 152.01 6.33 12.57 3.83 628.3
1997 10 4 12 41223.8 0.707 147.94 6.33 16.59 7.20 763.1
1997 10 5 12 41090.7 0.805 153.57 6.33 13.44 3.62 638.2
1997 10 6 12 40958.2 0.521 161.11 6.33 11.10 1.31 604.2
1997 10 7 12 40826.3 1.737 182.70 6.33 13.31 4.80 706.6
1997 10 8 12 40695.1 0.395 160.72 6.33 10.81 1.84 615.1
1997 10 9 12 40564.7 0.339 160.88 6.33 11.89 3.28 664.6
1997 10 10 12 40435.1 0.019 161.06 6.33 10.37 2.50 619.2
1997 10 11 12 40306.3 1.780 145.43 6.33 9.46 0.10 624.1
1997 10 12 12 40178.3 0.430 170.85 6.33 14.01 6.42 765.5
1997 10 13 12 40051.3 1.333 163.41 6.33 10.49 1.32 638.7
1997 10 14 12 39925.2 0.026 169.44 6.33 10.28 1.82 670.4
1997 10 15 12 39800.0 0.831 143.50 6.33 9.59 0.37 509.9
1997 10 16 12 39675.8 0.755 142.49 6.33 10.32 1.94 647.9
1997 10 17 12 39552.7 1.045 124.38 6.33 11.19 3.99 680.1
1997 10 18 12 39430.7 0.097 162.29 6.33 9.03 1.57 636.9
1997 10 19 12 39309.8 0.394 151.02 6.33 9.33 1.22 653.0
1997 10 20 12 39190.1 0.907 152.03 6.33 9.62 1.16 609.6
1997 10 21 12 39071.5 2.546 133.19 6.33 6.98 -2.90 567.5
1997 10 22 12 38954.2 0.617 132.46 6.33 10.90 1.38 571.0
1997 10 23 12 38838.1 0.154 125.84 6.33 10.81 0.87 641.4
1997 10 24 12 38723.3 0.978 147.44 6.33 8.97 -1.06 592.1
1997 10 25 12 38609.8 0.517 129.02 6.33 10.13 1.24 651.8
1997 10 26 12 38497.7 2.280 124.02 6.33 10.59 1.14 619.9
1997 10 27 12 38387.0 0.349 126.30 6.33 6.28 -1.85 526.3
1997 10 28 12 38277.7 2.917 144.74 6.33 3.45 -5.42 538.8
1997 10 29 12 38169.9 1.139 113.23 6.33 8.87 -0.12 582.2
1997 10 30 12 38063.6 0.242 125.39 6.33 7.35 -0.91 612.2
1997 10 31 12 37958.7 0.203 116.23 6.33 6.58 -2.77 535.5
1997 11 1 12 37855.5 2.580 129.70 6.33 9.03 -0.72 572.9
1997 11 2 12 37753.8 0.620 100.59 6.33 9.33 0.97 692.8
1997 11 3 12 37653.8 3.665 124.74 6.33 9.18 1.67 654.8
1997 11 4 12 37555.3 0.463 111.33 6.33 6.87 -3.38 531.7
1997 11 5 12 37458.6 1.278 132.83 6.33 8.85 -0.63 633.2
1997 11 6 12 37363.5 0.902 124.60 6.33 5.47 -2.90 513.6
1997 11 7 12 37270.2 1.138 101.52 6.33 4.97 -3.75 547.7
1997 11 8 12 37178.7 0.446 126.16 6.33 6.01 -4.17 527.7
1997 11 9 12 37088.9 2.288 98.56 6.33 5.88 -3.59 557.3
1997 11 10 12 37000.9 3.048 121.91 6.33 7.16 -1.22 539.3
1997 11 11 12 36914.8 1.579 104.94 6.33 6.32 -2.15 586.7
1997 11 12 12 36830.5 3.126 119.39 6.33 3.80 -5.43 465.9
1997 11 13 12 36748.2 0.523 110.05 6.33 4.73 -3.90 535.7
1997 11 14 12 36667.7 0.056 96.18 6.33 5.38 -5.86 420.1
1997 11 15 12 36589.2 0.428 134.65 6.33 5.45 -3.52 541.1
1997 11 16 12 36512.6 0.652 119.84 6.33 3.61 -5.12 557.9
1997 11 17 12 36438.0 1.514 111.04 6.33 5.66 -4.36 487.1
1997 11 18 12 36365.4 1.447 105.37 6.33 4.56 -3.81 550.6
1997 11 19 12 36294.9 2.408 111.32 6.33 1.95 -7.13 463.1
1997 11 20 12 36226.3 1.412 106.69 6.33 3.78 -5.66 486.4
1997 11 21 12 36159.9 0.229 125.85 6.33 4.16 -4.94 532.3
1997 11 22 12 36095.5 0.224 159.38 6.33 4.26 -7.05 436.8
1997 11 23 12 36033.3 0.430 111.91 6.33 5.30 -3.11 540.8
1997 11 24 12 35973.2 1.510 101.47 6.33 4.34 -3.67 526.7
1997 11 25 12 35915.2 3.176 105.23 6.33 5.77 -2.42 542.7
1997 11 26 12 35859.3 0.716 123.72 6.33 4.65 -4.90 499.6
1997 11 27 12 35805.7 0.592 105.91 6.33 2.04 -6.73 442.5
1997 11 28 12 35754.2 0.208 99.43 6.33 1.67 -6.26 442.8
1997 11 29 12 35704.9 0.764 104.88 6.33 2.76 -6.81 481.1
1997 11 30 12 35657.9 5.640 120.44 6.33 4.23 -4.51 514.2
1997 12 1 12 35613.1 5.072 83.83 6.33 -0.38 -9.53 391.1
1997 12 2 12 35570.6 0.640 110.99 6.33 3.42 -5.74 512.8
1997 12 3 12 35530.3 5.739 116.02 6.33 2.78 -4.57 490.4
1997 12 4 12 35492.2 4.372 99.56 6.33 1.25 -7.92 428.1
1997 12 5 12 35456.5 1.673 98.35 6.33 2.02 -6.80 482.1
1997 12 6 12 35423.1 3.051 87.74 6.33 0.54 -8.02 431.3
1997 12 7 12 35391.9 0.201 93.23 6.33 2.36 -4.03 562.2
1997 12 8 12 35363.1 1.291 113.37 6.33 0.51 -9.12 457.6
1997 12 9 12 35336.6 0.205 92.32 6.33 1.20 -8.50 451.6
1997 12 10 12 35312.4 0.616 86.74 6.33 -0.01 -9.15 471.0
1997 12 11 12 35290.6 2.635 104.08 6.33 2.59 -6.94 495.8
1997 12 12 12 35271.1 0.962 91.00 6.33 0.70 -7.69 470.2
1997 12 13 12 35253.9 0.686 100.76 6.33 -0.30 -9.03 455.2
1997 12 14 12 35239.2 1.896 92.79 6.33 -1.53 -11.49 404.3
1997 12 15 12 35226.7 1.416 100.33 6.33 0.62 -8.49 495.2
1997 12 16 12 35216.7 3.701 106.98 6.33 -2.35 -11.07 373.7
1997 12 17 12 35209.0 2.165 100.63 6.33 0.64 -6.82 461.8
1997 12 18 12 35203.6 0.202 123.62 6.33 -2.25 -11.17 379.8
1997 12 19 12 35200.7 0.443 120.28 6.33 -0.56 -9.88 434.4
1997 12 20 12 35200.1 0.510 82.75 6.33 0.06 -8.66 392.3
1997 12 21 12 35201.9 0.681 93.23 6.33 -3.76 -13.05 339.2
1997 12 22 12 35206.0 0.320 87.56 6.33 1.42 -6.95 484.9
1997 12 23 12 35212.5 1.743 129.97 6.33 -1.05 -9.78 365.0
1997 12 24 12 35221.4 0.597 96.77 6.33 0.18 -9.76 390.2
1997 12 25 12 35232.6 1.039 93.02 6.33 -1.50 -8.97 407.4
1997 12 26 12 35246.3 0.659 121.25 6.33 1.01 -7.70 456.9
1997 12 27 12 35262.2 2.701 94.90 6.33 0.29 -9.22 441.8
1997 12 28 12 35280.5 0.471 141.33 6.33 -2.25 -11.70 308.8
1997 12 29 12 35301.2 7.468 112.56 6.33 -0.25 -8.30 447.9
1997 12 30 12 35324.2 3.855 113.33 6.33 -0.12 -10.10 379.3
1997 12 31 12 35349.5 0.521 68.52 6.33 -2.45 -11.32 299.3
1998 1 1 12 35377.2 4.309 84.77 6.33 -0.22 -9.29 345.7
1998 1 2 12 35407.2 0.935 122.10 6.33 -1.74 -9.94 367.9
1998 1 3 12 35439.5 2.465 99.31 6.33 1.58 -7.28 432.9
1998 1 4 12 35474.1 1.208 103.64 6.33 -2.84 -11.79 394.6
1998 1 5 12 35511.0 2.041 108.00 6.33 -0.55 -9.75 401.0
1998 1 6 12 35550.1 5.910 107.02 6.33 -1.08 -10.19 396.9
1998 1 7 12 35591.5 5.072 112.84 6.33 -1.33 -9.68 383.4
1998 1 8 12 35635.2 2.874 115.65 6.33 -1.16 -10.59 396.8
1998 1 9 12 35681.2 0.889 102.77 6.33 -0.95 -9.68 447.6
1998 1 10 12 35729.3 0.952 93.82 6.33 2.18 -5.85 457.8
1998 1 11 12 35779.7 0.629 114.35 6.33 -0.54 -10.43 420.4
1998 1 12 12 35832.2 0.078 102.74 6.33 0.11 -8.45 449.3
1998 1 13 12 35887.0 2.604 105.85 6.33 -4.40 -13.03 410.9
1998 1 14 12 35943.9 2.767 115.17 6.33 -0.56 -9.02 383.6
1998 1 15 12 36003.0 1.065 123.29 6.33 -3.01 -12.34 374.3
1998 1 16 12 36064.1 2.086 119.95 6.33 -2.04 -9.36 388.0
1998 1 17 12 36127.5 1.494 133.31 6.33 -0.99 -10.19 412.6
1998 1 18 12 36192.9 0.204 109.86 6.33 0.24 -7.19 475.1
1998 1 19 12 36260.3 0.868 100.17 6.33 3.84 -4.68 493.6
1998 1 20 12 36329.9 0.673 118.97 6.33 -3.09 -10.62 405.2
1998 1 21 12 36401.5 0.429 108.86 6.33 -2.40 -9.64 419.0
1998 1 22 12 36475.1 1.120 103.29 6.33 0.91 -7.79 456.5
1998 1 23 12 36550.6 2.150 122.69 6.33 -1.67 -9.57 384.8
1998 1 24 12 36628.2 0.074 91.82 6.33 -3.32 -10.83 400.0
1998 1 25 12 36707.7 1.025 115.33 6.33 -3.71 -11.44 362.4
1998 1 26 12 36789.1 1.176 107.57 6.33 -0.74 -10.66 370.0
1998 1 27 12 36872.4 3.648 103.67 6.33 -0.94 -10.30 355.4
1998 1 28 12 36957.6 0.686 120.64 6.33 -1.10 -10.11 348.6
1998 1 29 12 37044.7 0.773 111.48 6.33 -5.19 -13.41 290.2
1998 1 30 12 37133.6 3.101 112.45 6.33 -3.32 -12.90 327.4
1998 1 31 12 37224.2 2.848 106.76 6.33 1.03 -8.67 359.8
1998 2 1 12 37316.7 0.236 109.95 6.33 -0.43 -9.17 394.9
1998 2 2 12 37410.8 1.967 119.89 6.33 -1.50 -10.73 449.3
1998 2 3 12 37506.7 7.855 133.25 6.33 -1.24 -11.11 396.2
1998 2 4 12 37604.3 2.507 135.23 6.33 0.07 -8.95 462.0
1998 2 5 12 37703.6 1.950 98.30 6.33 1.87 -7.03 407.7
1998 2 6 12 37804.5 2.063 108.38 6.33 -3.85 -12.04 367.6
1998 2 7 12 37906.9 6.476 129.61 6.33 0.18 -9.13 416.5
1998 2 8 12 38011.0 2.240 124.18 6.33 -1.05 -10.94 342.5
1998 2 9 12 38116.5 4.513 145.34 6.33 -0.78 -8.84 409.3
1998 2 10 12 38223.6 6.303 140.27 6.33 -1.00 -9.97 430.0
1998 2 11 12 38332.2 0.294 113.81 6.33 -0.61 -9.24 384.1
1998 2 12 12 38442.2 5.202 84.97 6.33 0.21 -9.80 435.5
1998 2 13 12 38553.6 5.026 135.47 6.33 -0.74 -9.79 364.6
1998 2 14 12 38666.4 0.270 132.77 6.33 -0.47 -9.56 434.7
1998 2 15 12 38780.5 2.527 130.67 6.33 0.81 -8.57 382.5
1998 2 16 12 38896.0 0.510 121.73 6.33 0.02 -9.21 416.0
1998 2 17 12 39012.7 4.273 142.15 6.33 -0.37 -10.72 352.6
1998 2 18 12 39130.6 0.408 147.63 6.33 0.09 -8.62 350.7
1998 2 19 12 39249.8 0.293 143.96 6.33 1.81 -8.03 433.9
1998 2 20 12 39370.1 0.130 133.41 6.33 -1.15 -11.45 413.1
1998 2 21 12 39491.6 1.801 139.35 6.33 1.25 -7.44 478.5
1998 2 22 12 39614.2 0.656 126.92 6.33 0.92 -8.37 421.7
1998 2 23 12 39737.8 1.971 128.57 6.33 1.38 -7.18 434.1
1998 2 24 12 39862.5 4.001 163.69 6.33 1.86 -5.65 490.6
1998 2 25 12 39988.1 3.804 152.36 6.33 -0.68 -9.39 414.3
1998 2 26 12 40114.7 2.746 149.59 6.33 1.33 -8.76 455.4
1998 2 27 12 40242.2 4.991 145.15 6.33 3.41 -5.48 470.8
1998 2 28 12 40370.6 3.973 162.50 6.33 1.63 -9.31 449.3
1998 3 1 12 40499.8 1.387 179.92 6.33 1.69 -6.99 391.7
1998 3 2 12 40629.8 1.739 147.31 6.33 1.39 -6.03 518.3
1998 3 3 12 40760.6 1.234 161.35 6.33 0.07 -9.01 358.8
1998 3 4 12 40892.1 0.749 138.19 6.33 -0.06 -7.92 460.1
1998 3 5 12 41024.3 19.230 165.77 6.33 0.99 -7.82 461.8
1998 3 6 12 41157.2 6.035 168.52 6.33 3.22 -6.59 475.5
1998 3 7 12 41290.6 8.196 151.80 6.33 5.37 -3.49 543.0
1998 3 8 12 41424.6 1.985 163.55 6.33 0.95 -7.99 445.5
1998 3 9 12 41559.2 3.851 166.28 6.33 -1.45 -8.48 438.0
1998 3 10 12 41694.2 6.046 185.03 6.33 1.67 -7.25 426.0
1998 3 11 12 41829.7 14.493 174.39 6.33 6.64 -0.99 619.5
1998 3 12 12 41965.5 0.113 182.85 6.33 5.73 -3.10 580.7
1998 3 13 12 42101.8 4.202 176.64 6.33 1.79 -7.25 448.3
1998 3 14 12 42238.3 3.756 165.40 6.33 2.28 -8.10 447.8
1998 3 15 12 42375.2 4.214 140.62 6.33 3.49 -4.30 540.2
1998 3 16 12 42512.3 4.786 192.67 6.33 4.49 -5.49 523.8
1998 3 17 12 42649.6 1.378 174.46 6.33 4.22 -4.83 507.3
1998 3 18 12 42787.0 2.286 169.75 6.33 5.82 -3.31 522.1
1998 3 19 12 42924.6 1.013 199.35 6.33 5.05 -3.59 484.5
1998 3 20 12 43062.3 2.951 204.00 6.33 6.83 -1.97 526.8
1998 3 21 12 43200.0 3.911 186.83 6.33 4.77 -3.49 574.1
1998 3 22 12 43337.7 1.832 192.65 6.33 6.27 -2.97 645.1
1998 3 23 12 43475.4 4.229 143.63 6.33 4.16 -4.23 568.1
1998 3 24 12 43613.0 0.497 202.01 6.33 4.79 -3.96 506.5
1998 3 25 12 43750.4 0.551 165.87 6.33 5.44 -3.96 512.8
1998 3 26 12 43887.7 8.484 180.98 6.33 5.59 -2.83 508.4
1998 3 27 12 44024.8 2.099 170.51 6.33 3.39 -4.15 448.8
1998 3 28 12 44161.7 1.156 183.13 6.33 3.34 -4.63 554.8
1998 3 29 12 44298.2 0.898 204.66 6.33 6.91 -1.51 589.5
1998 3 30 12 44434.5 1.412 224.31 6.33 10.17 1.10 614.6
1998 3 31 12 44570.3 5.864 172.59 6.33 7.88 -3.50 483.9
1998 4 1 12 44705.8 3.124 207.89 6.33 7.83 -1.67 560.4
1998 4 2 12 44840.8 0.877 199.23 6.33 7.24 -1.98 558.2
1998 4 3 12 44975.4 4.975 212.11 6.33 6.86 -2.50 520.9
1998 4 4 12 45109.4 4.478 188.15 6.33 6.58 -3.07 562.5
1998 4 5 12 45242.8 5.704 211.67 6.33 7.37 -0.95 626.1
1998 4 6 12 45375.7 1.632 192.39 6.33 7.38 -2.45 530.9
1998 4 7 12 45507.9 2.646 222.65 6.33 6.37 -2.86 552.6
1998 4 8 12 45639.4 7.629 211.00 6.33 10.01 1.96 661.7
1998 4 9 12 45770.2 2.580 236.99 6.33 8.48 1.68 576.8
1998 4 10 12 45900.2 2.561 192.39 6.33 7.21 -1.48 522.8
1998 4 11 12 46029.4 1.855 218.59 6.33 8.41 -2.25 593.4
1998 4 12 12 46157.8 14.815 197.59 6.33 7.34 -1.20 565.2
1998 4 13 12 46285.3 9.343 220.70 6.33 10.19 2.30 678.2
1998 4 14 12 46411.9 1.295 220.62 6.33 10.26 1.46 666.0
1998 4 15 12 46537.5 1.449 215.71 6.33 8.50 0.79 629.5
1998 4 16 12 46662.2 3.475 216.59 6.33 8.56 -0.12 581.0
1998 4 17 12 46785.8 4.902 243.45 6.33 7.88 -0.62 613.1
1998 4 18 12 46908.4 0.069 222.87 6.33 10.47 2.16 709.0
1998 4 19 12 47029.9 0.398 225.78 6.33 10.57 1.32 671.5
1998 4 20 12 47150.2 4.968 217.42 6.33 10.87 1.92 622.1
1998 4 21 12 47269.4 3.574 234.68 6.33 8.64 -0.20 550.1
1998 4 22 12 47387.3 0.727 223.37 6.33 9.84 0.55 635.0
1998 4 23 12 47504.0 2.241 244.17 6.33 11.84 2.16 669.7
1998 4 24 12 47619.5 2.625 224.64 6.33 12.09 4.04 657.3
1998 4 25 12 47733.6 4.295 227.79 6.33 10.92 2.13 671.2
1998 4 26 12 47846.4 1.957 230.55 6.33 10.05 1.40 613.6
1998 4 27 12 47957.8 2.659 205.71 6.33 11.86 2.64 632.7
1998 4 28 12 48067.8 7.764 202.62 6.33 13.40 5.44 717.5
1998 4 29 12 48176.4 2.795 241.28 6.33 12.34 3.81 642.9
1998 4 30 12 48283.5 0.579 218.65 6.33 11.77 3.72 664.8
1998 5 1 12 48389.0 2.709 228.37 6.33 11.87 3.18 651.1
1998 5 2 12 48493.1 1.231 232.11 6.33 11.52 1.94 654.2
1998 5 3 12 48595.5 2.416 234.89 6.33 10.37 1.56 612.4
1998 5 4 12 48696.4 1.462 215.71 6.33 13.35 3.85 653.4
1998 5 5 12 48795.7 2.148 217.02 6.33 12.07 3.77 645.4
1998 5 6 12 48893.3 1.866 232.96 6.33 15.68 6.35 759.1
1998 5 7 12 48989.2 1.674 234.46 6.33 14.28 5.49 678.1
1998 5 8 12 49083.3 2.346 250.39 6.33 15.13 5.81 737.7
1998 5 9 12 49175.8 0.476 237.26 6.33 14.11 4.70 694.5
1998 5 10 12 49266.4 4.416 250.34 6.33 14.55 5.49 711.8
1998 5 11 12 49355.3 0.532 235.49 6.33 15.49 7.12 719.1
1998 5 12 12 49442.4 6.044 261.65 6.33 13.58 3.24 659.8
1998 5 13 12 49527.6 7.480 258.04 6.33 14.78 5.10 683.5
1998 5 14 12 49610.9 1.238 246.03 6.33 17.04 7.71 793.9
1998 5 15 12 49692.3 0.954 222.15 6.33 16.69 7.08 744.1
1998 5 16 12 49771.8 2.595 229.10 6.33 13.17 3.65 671.7
1998 5 17 12 49849.4 11.780 253.40 6.33 13.18 4.72 705.1
1998 5 18 12 49924.9 1.863 255.56 6.33 14.29 5.81 745.8
1998 5 19 12 49998.5 1.731 224.04 6.33 13.79 4.86 707.8
1998 5 20 12 50070.1 1.343 255.59 6.33 16.73 7.37 757.3
1998 5 21 12 50139.7 0.762 257.60 6.33 16.64 6.60 735.6
1998 5 22 12 50207.1 1.654 291.66 6.33 16.47 8.65 791.0
1998 5 23 12 50272.5 2.542 251.91 6.33 17.25 8.48 727.1
1998 5 24 12 50335.9 1.062 263.51 6.33 17.46 7.43 742.5
1998 5 25 12 50397.0 5.036 229.57 6.33 17.77 9.11 780.9
1998 5 26 12 50456.1 5.225 248.22 6.33 18.36 9.55 783.0
1998 5 27 12 50513.0 4.227 243.44 6.33 19.07 9.67 788.0
1998 5 28 12 50567.8 2.077 267.45 6.33 18.47 9.37 835.4
1998 5 29 12 50620.3 2.646 259.02 6.33 16.10 7.38 760.4
1998 5 30 12 50670.7 1.780 244.01 6.33 19.86 10.45 775.1
1998 5 31 12 50718.8 6.521 242.93 6.33 20.27 10.56 770.9
1998 6 1 12 50764.8 6.239 265.62 6.33 18.11 9.48 822.7
1998 6 2 12 50808.5 2.792 278.27 6.33 17.20 8.48 744.1
1998 6 3 12 50849.9 0.932 279.68 6.33 17.99 7.88 750.1
1998 6 4 12 50889.0 3.348 248.21 6.33 17.96 7.94 742.6
1998 6 5 12 50925.9 3.614 258.21 6.33 21.80 11.09 828.2
1998 6 6 12 50960.5 1.300 273.21 6.33 17.27 7.05 720.0
1998 6 7 12 50992.8 1.178 241.62 6.33 20.72 11.53 825.7
1998 6 8 12 51022.8 1.074 274.07 6.33 21.74 12.02 828.2
1998 6 9 12 51050.5 0.777 246.95 6.33 21.45 12.73 886.6
1998 6 10 12 51075.8 0.376 246.99 6.33 19.88 10.26 794.4
1998 6 11 12 51098.8 1.674 245.63 6.33 18.90 8.69 779.2
1998 6 12 12 51119.5 0.590 261.65 6.33 16.46 6.43 678.7
1998 6 13 12 51137.8 2.133 256.65 6.33 20.21 11.60 815.5
1998 6 14 12 51153.7 4.080 266.24 6.33 19.86 11.51 833.7
1998 6 15 12 51167.4 1.140 261.06 6.33 19.52 8.60 741.0
1998 6 16 12 51178.6 7.147 269.20 6.33 20.01 10.73 750.0
1998 6 17 12 51187.5 8.225 262.57 6.33 21.16 12.96 847.0
1998 6 18 12 51194.0 3.184 247.53 6.33 16.81 7.62 785.1
1998 6 19 12 51198.1 4.349 225.14 6.33 21.82 12.57 857.3
1998 6 20 12 51199.9 4.373 251.10 6.33 20.44 13.43 849.8
1998 6 21 12 51199.3 0.768 274.96 6.33 21.27 11.97 798.2
1998 6 22 12 51196.4 5.082 256.03 6.33 19.42 12.09 820.2
1998 6 23 12 51191.0 0.152 280.59 6.33 21.31 11.82 858.5
1998 6 24 12 51183.3 1.954 261.38 6.33 23.86 15.26 927.5
1998 6 25 12 51173.3 1.614 270.29 6.33 22.89 13.58 870.6
1998 6 26 12 51160.8 0.870 273.36 6.33 19.48 12.21 815.4
1998 6 27 12 51146.1 1.429 255.89 6.33 21.14 11.59 815.1
1998 6 28 12 51128.9 4.251 270.09 6.33 22.18 13.18 852.1
1998 6 29 12 51109.4 1.122 256.38 6.33 23.23 13.71 830.9
1998 6 30 12 51087.6 2.500 261.55 6.33 21.02 13.09 866.4
1998 7 1 12 51063.4 4.049 277.04 6.33 23.33 14.60 882.6
1998 7 2 12 51036.9 1.804 250.83 6.33 20.39 10.75 875.8
1998 7 3 12 51008.1 1.503 237.75 6.33 21.54 12.49 854.8
1998 7 4 12 50976.9 0.312 249.94 6.33 23.83 14.51 871.7
1998 7 5 12 50943.5 1.837 241.68 6.33 21.39 12.97 881.5
1998 7 6 12 50907.8 0.259 231.63 6.33 20.29 10.50 815.6
1998 7 7 12 50869.7 2.400 281.48 6.33 22.51 11.43 776.1
1998 7 8 12 50829.4 3.543 262.14 6.33 21.91 13.47 885.7
1998 7 9 12 50786.9 1.727 249.98 6.33 19.59 11.68 834.2
1998 7 10 12 50742.1 7.255 261.16 6.33 23.22 14.45 882.2
1998 7 11 12 50695.1 2.232 261.89 6.33 22.49 13.50 860.3
1998 7 12 12 50645.8 3.098 245.95 6.33 19.94 9.87 819.8
1998 7 13 12 50594.3 1.526 239.55 6.33 23.59 14.31 885.5
1998 7 14 12 50540.7 2.582 237.37 6.33 22.52 13.27 887.7
1998 7 15 12 50484.8 7.021 230.79 6.33 24.31 15.57 927.8
1998 7 16 12 50426.8 4.750 228.03 6.33 22.69 13.02 883.9
1998 7 17 12 50366.7 5.510 279.90 6.33 21.74 13.74 893.6
1998 7 18 12 50304.5 2.366 240.47 6.33 22.31 13.52 866.2
1998 7 19 12 50240.1 0.727 246.89 6.33 22.21 13.96 875.9
1998 7 20 12 50173.7 1.451 258.17 6.33 22.65 13.92 889.0
1998 7 21 12 50105.1 0.295 243.46 6.33 22.52 12.57 797.8
1998 7 22 12 50034.6 1.408 248.58 6.33 20.84 11.87 868.2
1998 7 23 12 49962.0 3.106 229.60 6.33 22.20 13.27 877.9
1998 7 24 12 49887.4 1.457 246.99 6.33 23.65 15.28 940.3
1998 7 25 12 49810.8 2.076 249.27 6.33 22.66 12.91 846.8
1998 7 26 12 49732.3 6.478 222.75 6.33 20.02 12.56 823.2
1998 7 27 12 49651.8 3.398 239.23 6.33 23.95 14.78 882.5
1998 7 28 12 49569.5 6.075 240.19 6.33 21.37 11.88 838.4
1998 7 29 12 49485.2 2.348 249.88 6.33 18.91 9.17 780.2
1998 7 30 12 49399.1 1.684 228.27 6.33 23.95 14.81 894.6
1998 7 31 12 49311.1 7.154 225.38 6.33 19.65 10.11 791.3
1998 8 1 12 49221.3 2.042 268.07 6.33 20.79 11.71 805.6
1998 8 2 12 49129.8 3.287 255.77 6.33 20.66 12.44 852.4
1998 8 3 12 49036.5 1.512 264.97 6.33 20.07 10.69 817.2
1998 8 4 12 48941.4 1.107 251.38 6.33 18.95 10.03 817.4
1998 8 5 12 48844.7 4.590 234.82 6.33 21.71 12.75 876.1
1998 8 6 12 48746.2 0.894 252.99 6.33 22.77 13.16 883.6
1998 8 7 12 48646.2 1.236 232.14 6.33 24.08 13.00 856.9
1998 8 8 12 48544.5 0.158 229.94 6.33 22.35 12.88 848.3
1998 8 9 12 48441.3 0.203 245.00 6.33 21.23 11.82 884.1
1998 8 10 12 48336.4 1.801 236.10 6.33 21.95 11.64 811.4
1998 8 11 12 48230.1 1.459 236.51 6.33 23.38 12.40 903.5
1998 8 12 12 48122.3 1.884 246.11 6.33 20.37 11.71 855.7
1998 8 13 12 48013.0 3.652 223.05 6.33 20.68 11.31 855.8
1998 8 14 12 47902.3 2.890 215.35 6.33 24.34 14.59 929.9
1998 8 15 12 47790.2 1.908 211.69 6.33 21.20 11.12 841.1
1998 8 16 12 47676.7 0.889 226.94 6.33 22.00 12.78 867.7
1998 8 17 12 47561.9 0.699 221.79 6.33 18.06 9.61 802.5
1998 8 18 12 47445.8 1.625 234.58 6.33 18.90 9.79 766.4
1998 8 19 12 47328.5 2.369 226.04 6.33 23.27 13.73 896.1
1998 8 20 12 47209.9 0.607 224.74 6.33 21.32 12.43 822.6
1998 8 21 12 47090.2 1.590 199.25 6.33 16.79 8.50 744.3
1998 8 22 12 46969.3 0.233 231.98 6.33 19.86 10.05 804.8
1998 8 23 12 46847.3 0.666 209.26 6.33 21.18 12.90 826.7
1998 8 24 12 46724.2 1.087 228.12 6.33 18.18 8.14 734.6
1998 8 25 12 46600.0 0.482 216.34 6.33 18.81 10.00 852.6
1998 8 26 12 46474.8 3.550 211.61 6.33 19.25 9.43 832.3
1998 8 27 12 46348.7 1.216 217.82 6.33 19.78 10.12 795.3
1998 8 28 12 46221.7 0.425 216.53 6.33 19.09 9.71 791.2
1998 8 29 12 46093.7 0.064 215.50 6.33 20.63 12.01 862.7
1998 8 30 12 45964.9 0.365 196.13 6.33 21.87 13.13 947.9
1998 8 31 12 45835.3 4.707 197.53 6.33 19.54 11.35 835.5
1998 9 1 12 45704.9 0.672 213.21 6.33 18.86 9.14 755.6
1998 9 2 12 45573.7 1.371 225.36 6.33 18.08 8.84 756.4
1998 9 3 12 45441.8 2.053 194.27 6.33 18.42 9.25 804.1
1998 9 4 12 45309.3 0.323 224.12 6.33 19.24 10.67 821.4
1998 9 5 12 45176.2 0.125 206.77 6.33 18.25 8.21 788.5
1998 9 6 12 45042.4 0.305 202.77 6.33 19.00 9.83 755.3
1998 9 7 12 44908.2 1.124 210.24 6.33 19.02 8.93 818.5
1998 9 8 12 44773.4 2.038 195.79 6.33 19.31 10.68 811.8
1998 9 9 12 44638.1 0.280 180.66 6.33 19.29 9.31 792.0
1998 9 10 12 44502.5 1.228 199.56 6.33 20.27 9.88 783.6
1998 9 11 12 44366.4 0.211 194.42 6.33 15.63 5.96 705.1
1998 9 12 12 44230.0 0.928 178.56 6.33 16.92 8.66 740.9
1998 9 13 12 44093.3 0.046 179.68 6.33 17.62 8.25 791.9
1998 9 14 12 43956.3 1.359 205.79 6.33 16.09 8.56 767.0
1998 9 15 12 43819.1 2.044 175.23 6.33 15.53 6.61 692.4
1998 9 16 12 43681.7 1.044 193.43 6.33 18.34 10.01 782.5
1998 9 17 12 43544.2 2.478 201.55 6.33 17.92 10.08 742.5
1998 9 18 12 43406.5 1.693 195.89 6.33 16.84 7.68 702.0
1998 9 19 12 43268.9 1.570 173.60 6.33 16.32 7.64 749.3
1998 9 20 12 43131.1 2.664 171.13 6.33 17.50 7.52 761.0
1998 9 21 12 42993.5 2.003 169.07 6.33 17.40 8.22 837.2
1998 9 22 12 42855.8 0.948 191.65 6.33 14.62 5.17 677.4
1998 9 23 12 42718.3 1.666 194.75 6.33 15.56 7.29 781.2
1998 9 24 12 42580.9 0.460 183.55 6.33 15.78 7.60 762.9
1998 9 25 12 42443.7 0.715 187.62 6.33 14.61 6.58 739.8
1998 9 26 12 42306.7 0.441 169.84 6.33 13.46 3.31 647.4
1998 9 27 12 42170.0 0.515 180.81 6.33 12.35 3.39 664.1
1998 9 28 12 42033.6 1.380 171.25 6.33 15.33 6.24 737.7
1998 9 29 12 41897.5 0.606 171.18 6.33 13.42 3.86 659.9
1998 9 30 12 41761.9 0.211 173.85 6.33 14.28 5.30 754.1
1998 10 1 12 41626.6 1.559 133.27 6.33 14.21 4.89 665.9
1998 10 2 12 41491.8 4.122 151.74 6.33 14.46 5.15 711.3
1998 10 3 12 41357.6 1.005 167.52 6.33 13.46 4.82 697.7
1998 10 4 12 41223.8 0.667 148.09 6.33 13.52 4.05 703.3
1998 10 5 12 41090.7 2.137 168.13 6.33 11.61 2.02 656.0
1998 10 6 12 40958.2 3.668 179.10 6.33 11.85 1.30 617.4
1998 10 7 12 40826.3 1.573 171.51 6.33 13.55 4.62 675.6
1998 10 8 12 40695.1 9.523 131.42 6.33 11.84 3.33 653.1
1998 10 9 12 40564.7 0.840 145.53 6.33 11.61 2.06 613.3
1998 10 10 12 40435.1 1.253 163.74 6.33 14.61 4.90 670.7
1998 10 11 12 40306.3 1.427 149.41 6.33 12.65 3.67 665.4
1998 10 12 12 40178.3 0.207 169.84 6.33 11.94 2.28 644.2
1998 10 13 12 40051.3 1.103 136.36 6.33 11.97 2.90 679.8
1998 10 14 12 39925.2 0.966 142.89 6.33 11.97 2.40 668.0
1998 10 15 12 39800.0 1.665 146.00 6.33 12.60 4.10 669.5
1998 10 16 12 39675.8 1.523 153.36 6.33 12.66 3.07 701.9
1998 10 17 12 39552.7 0.441 125.72 6.33 12.92 5.68 746.7
1998 10 18 12 39430.7 1.092 159.35 6.33 10.04 0.87 584.2
1998 10 19 12 39309.8 1.215 156.47 6.33 10.89 0.68 576.1
1998 10 20 12 39190.1 0.199 145.03 6.33 10.83 1.35 623.3
1998 10 21 12 39071.5 0.181 120.62 6.33 13.79 5.69 677.8
1998 10 22 12 38954.2 2.137 175.41 6.33 11.21 3.21 652.0
1998 10 23 12 38838.1 1.693 133.64 6.33 10.73 1.79 629.1
1998 10 24 12 38723.3 0.400 110.11 6.33 8.74 -1.43 581.5
1998 10 25 12 38609.8 0.738 121.91 6.33 7.61 -2.33 536.6
1998 10 26 12 38497.7 1.083 101.98 6.33 10.27 2.29 628.4
1998 10 27 12 38387.0 4.515 114.89 6.33 10.69 1.44 639.1
1998 10 28 12 38277.7 1.452 127.85 6.33 9.23 0.67 628.2
1998 10 29 12 38169.9 0.096 162.47 6.33 6.60 -2.10 542.3
1998 10 30 12 38063.6 0.778 110.45 6.33 8.84 -0.94 581.2
1998 10 31 12 37958.7 0.331 147.22 6.33 8.98 -0.39 573.2
1998 11 1 12 37855.5 0.268 132.76 6.33 6.03 -3.20 540.9
1998 11 2 12 37753.8 1.322 114.23 6.33 9.10 -0.33 577.4
1998 11 3 12 37653.8 0.606 83.77 6.33 7.54 -1.58 553.6
1998 11 4 12 37555.3 0.405 120.18 6.33 9.30 0.45 586.5
1998 11 5 12 37458.6 1.507 112.49 6.33 4.41 -4.51 499.1
1998 11 6 12 37363.5 1.034 155.80 6.33 5.72 -3.93 489.4
1998 11 7 12 37270.2 3.783 106.83 6.33 7.06 -2.33 514.5
1998 11 8 12 37178.7 1.418 124.30 6.33 9.63 1.68 664.2
1998 11 9 12 37088.9 3.529 108.52 6.33 7.95 -1.17 592.1
1998 11 10 12 37000.9 0.767 119.19 6.33 4.22 -4.82 501.7
1998 11 11 12 36914.8 0.881 128.14 6.33 4.13 -5.48 444.0
1998 11 12 12 36830.5 0.049 99.56 6.33 6.25 -2.98 526.9
1998 11 13 12 36748.2 0.536 122.31 6.33 4.49 -4.97 542.3
1998 11 14 12 36667.7 0.725 108.17 6.33 2.68 -7.28 443.3
1998 11 15 12 36589.2 0.595 108.76 6.33 4.73 -3.42 462.2
1998 11 16 12 36512.6 0.341 116.21 6.33 5.56 -3.28 538.6
1998 11 17 12 36438.0 4.133 133.98 6.33 4.03 -3.06 552.9
1998 11 18 12 36365.4 1.853 132.05 6.33 4.44 -3.00 542.8
1998 11 19 12 36294.9 2.192 94.66 6.33 4.17 -4.99 506.8
1998 11 20 12 36226.3 2.797 107.47 6.33 4.09 -5.10 523.0
1998 11 21 12 36159.9 0.456 121.96 6.33 3.63 -6.18 491.9
1998 11 22 12 36095.5 0.691 111.41 6.33 1.98 -8.35 409.0
1998 11 23 12 36033.3 0.886 103.15 6.33 4.22 -4.69 427.9
1998 11 24 12 35973.2 1.215 105.73 6.33 1.97 -7.18 475.4
1998 11 25 12 35915.2 3.268 105.61 6.33 2.67 -6.08 445.0
1998 11 26 12 35859.3 0.995 101.40 6.33 2.86 -7.15 404.9
1998 11 27 12 35805.7 1.130 79.92 6.33 1.12 -5.66 513.1
1998 11 28 12 35754.2 0.873 90.44 6.33 3.02 -5.01 497.9
1998 11 29 12 35704.9 0.536 94.56 6.33 1.35 -8.57 433.4
1998 11 30 12 35657.9 2.118 86.60 6.33 1.35 -8.68 441.7
1998 12 1 12 35613.1 0.906 127.81 6.33 1.65 -7.72 414.4
1998 12 2 12 35570.6 0.366 111.71 6.33 5.53 -3.62 500.1
1998 12 3 12 35530.3 0.748 110.61 6.33 2.35 -5.31 557.2
1998 12 4 12 35492.2 0.385 101.42 6.33 4.20 -4.68 529.0
1998 12 5 12 35456.5 0.963 120.44 6.33 0.41 -8.78 424.9
1998 12 6 12 35423.1 1.322 92.81 6.33 2.50 -7.68 418.5
1998 12 7 12 35391.9 1.002 122.81 6.33 0.40 -9.11 383.0
1998 12 8 12 35363.1 3.633 105.33 6.33 1.40 -7.00 511.9
1998 12 9 12 35336.6 1.008 101.51 6.33 -0.51 -9.96 414.6
1998 12 10 12 35312.4 1.797 90.22 6.33 1.39 -8.66 413.5
1998 12 11 12 35290.6 3.821 119.30 6.33 1.64 -7.50 522.2
1998 12 12 12 35271.1 0.804 83.63 6.33 1.37 -7.21 460.8
1998 12 13 12 35253.9 0.198 121.11 6.33 0.81 -7.92 424.0
1998 12 14 12 35239.2 1.101 75.97 6.33 -0.26 -8.31 391.3
1998 12 15 12 35226.7 0.685 86.08 6.33 -2.81 -11.84 355.2
1998 12 16 12 35216.7 4.022 90.09 6.33 -2.46 -10.49 381.8
1998 12 17 12 35209.0 2.526 88.24 6.33 -1.13 -10.77 339.5
1998 12 18 12 35203.6 1.590 95.91 6.33 0.40 -8.86 478.4
1998 12 19 12 35200.7 6.159 98.51 6.33 -1.61 -10.40 394.7
1998 12 20 12 35200.1 1.581 90.71 6.33 -2.31 -12.33 333.7
1998 12 21 12 35201.9 0.531 100.06 6.33 1.16 -7.85 486.7
1998 12 22 12 35206.0 0.790 96.66 6.33 -1.86 -11.54 382.2
1998 12 23 12 35212.5 0.869 127.49 6.33 -1.29 -10.00 381.3
1998 12 24 12 35221.4 0.673 125.15 6.33 -0.15 -8.84 390.9
1998 12 25 12 35232.6 0.225 91.13 6.33 -1.98 -12.64 358.1
1998 12 26 12 35246.3 2.522 94.31 6.33 -1.46 -9.24 396.9
1998 12 27 12 35262.2 0.310 74.24 6.33 -0.82 -10.37 415.8
1998 12 28 12 35280.5 0.813 83.65 6.33 -0.57 -9.67 360.7
1998 12 29 12 35301.2 3.757 107.52 6.33 0.74 -9.34 393.6
1998 12 30 12 35324.2 0.784 112.49 6.33 -3.40 -12.87 370.4
1998 12 31 12 35349.5 0.446 80.36 6.33 -4.48 -12.89 293.5
1999 1 1 12 35377.2 1.872 81.60 6.33 -0.99 -10.93 368.0
1999 1 2 12 35407.2 0.811 81.80 6.33 0.46 -8.28 460.7
1999 1 3 12 35439.5 2.766 101.33 6.33 -1.70 -10.76 406.1
1999 1 4 12 35474.1 1.925 105.64 6.33 -1.72 -10.23 410.6
1999 1 5 12 35511.0 0.252 103.82 6.33 -2.25 -12.89 365.5
1999 1 6 12 35550.1 3.134 80.73 6.33 -0.40 -8.30 485.6
1999 1 7 12 35591.5 1.043 111.31 6.33 -2.17 -10.37 341.2
1999 1 8 12 35635.2 0.735 120.32 6.33 -2.21 -11.18 336.3
1999 1 9 12 35681.2 5.681 87.50 6.33 -1.68 -9.63 397.0
1999 1 10 12 35729.3 2.123 99.66 6.33 -3.33 -11.65 367.7
1999 1 11 12 35779.7 0.526 102.87 6.33 -1.34 -9.59 416.7
1999 1 12 12 35832.2 2.317 91.51 6.33 -4.77 -13.00 314.8
1999 1 13 12 35887.0 2.480 98.75 6.33 -0.79 -10.64 423.2
1999 1 14 12 35943.9 0.374 104.80 6.33 -1.20 -10.44 405.2
1999 1 15 12 36003.0 1.463 131.28 6.33 -1.00 -10.00 459.4
1999 1 16 12 36064.1 1.216 139.76 6.33 -3.07 -12.66 378.8
1999 1 17 12 36127.5 1.157 118.94 6.33 -0.45 -9.10 437.4
1999 1 18 12 36192.9 1.831 94.66 6.33 -1.76 -10.70 354.7
1999 1 19 12 36260.3 0.380 85.70 6.33 -0.44 -9.26 380.3
1999 1 20 12 36329.9 4.324 107.67 6.33 -1.65 -11.74 354.6
1999 1 21 12 36401.5 2.234 119.43 6.33 -1.21 -11.37 339.6
1999 1 22 12 36475.1 6.229 92.88 6.33 -2.38 -11.22 313.2
1999 1 23 12 36550.6 4.353 134.80 6.33 -3.82 -13.08 325.4
1999 1 24 12 36628.2 1.127 129.12 6.33 -2.46 -12.18 431.6
1999 1 25 12 36707.7 3.841 117.09 6.33 -1.32 -10.63 416.5
1999 1 26 12 36789.1 1.731 95.73 6.33 -2.14 -11.20 336.1
1999 1 27 12 36872.4 2.972 122.43 6.33 -2.99 -11.83 368.6
1999 1 28 12 36957.6 1.281 98.92 6.33 -2.03 -10.81 380.0
1999 1 29 12 37044.7 1.308 133.56 6.33 -2.46 -11.88 334.3
1999 1 30 12 37133.6 2.004 94.35 6.33 -1.52 -10.93 388.2
1999 1 31 12 37224.2 1.911 131.73 6.33 0.55 -9.41 379.9
1999 2 1 12 37316.7 0.282 116.86 6.33 1.08 -8.55 395.8
1999 2 2 12 37410.8 2.844 98.40 6.33 -2.06 -11.44 347.5
1999 2 3 12 37506.7 3.036 137.96 6.33 -1.32 -11.29 318.2
1999 2 4 12 37604.3 3.389 134.71 6.33 -4.68 -15.24 291.2
1999 2 5 12 37703.6 1.472 104.69 6.33 -1.37 -11.54 365.6
1999 2 6 12 37804.5 1.334 133.55 6.33 -2.55 -11.01 343.9
1999 2 7 12 37906.9 1.829 107.06 6.33 -1.01 -9.87 421.5
1999 2 8 12 38011.0 9.658 130.52 6.33 -3.79 -12.50 320.6
1999 2 9 12 38116.5 2.649 126.16 6.33 -1.85 -11.21 361.0
1999 2 10 12 38223.6 0.955 115.96 6.33 -3.45 -13.16 301.8
1999 2 11 12 38332.2 2.614 141.92 6.33 -1.59 -9.38 420.4
1999 2 12 12 38442.2 0.398 133.13 6.33 2.28 -6.05 459.9
1999 2 13 12 38553.6 0.943 109.77 6.33 -2.47 -10.59 405.7
1999 2 14 12 38666.4 5.066 91.33 6.33 -2.51 -13.06 354.8
1999 2 15 12 38780.5 0.724 127.78 6.33 -0.97 -8.78 429.2
1999 2 16 12 38896.0 4.530 111.06 6.33 -2.08 -10.96 393.5
1999 2 17 12 39012.7 1.552 156.00 6.33 1.08 -8.26 467.0
1999 2 18 12 39130.6 4.321 170.77 6.33 -1.91 -10.52 404.3
1999 2 19 12 39249.8 1.038 124.12 6.33 -2.61 -10.83 377.9
1999 2 20 12 39370.1 2.998 109.72 6.33 0.47 -8.01 443.9
1999 2 21 12 39491.6 0.433 146.62 6.33 1.67 -6.81 474.5
1999 2 22 12 39614.2 3.944 136.55 6.33 0.16 -9.08 393.9
1999 2 23 12 39737.8 6.578 157.57 6.33 -1.01 -10.89 359.9
1999 2 24 12 39862.5 2.954 144.74 6.33 0.79 -8.46 449.1
1999 2 25 12 39988.1 4.067 139.80 6.33 1.12 -6.58 488.7
1999 2 26 12 40114.7 0.061 151.45 6.33 2.20 -7.42 506.2
1999 2 27 12 40242.2 2.156 117.97 6.33 1.34 -7.27 452.8
1999 2 28 12 40370.6 1.519 155.73 6.33 -2.31 -12.70 363.0
1999 3 1 12 40499.8 3.657 131.83 6.33 0.68 -8.59 424.8
1999 3 2 12 40629.8 1.887 148.40 6.33 0.14 -8.10 507.1
1999 3 3 12 40760.6 13.391 158.63 6.33 0.68 -9.25 467.4
1999 3 4 12 40892.1 4.051 144.23 6.33 -2.79 -12.55 307.5
1999 3 5 12 41024.3 2.182 158.94 6.33 0.57 -8.08 465.6
1999 3 6 12 41157.2 1.242 136.86 6.33 -0.41 -9.56 360.2
1999 3 7 12 41290.6 4.154 150.30 6.33 2.58 -6.25 551.7
1999 3 8 12 41424.6 6.692 153.39 6.33 1.72 -6.65 458.7
1999 3 9 12 41559.2 0.802 187.13 6.33 2.52 -7.62 435.2
1999 3 10 12 41694.2 3.161 172.67 6.33 3.49 -6.46 374.7
1999 3 11 12 41829.7 1.785 152.42 6.33 1.54 -6.53 459.6
1999 3 12 12 41965.5 3.238 162.49 6.33 2.74 -6.93 433.8
1999 3 13 12 42101.8 3.430 159.79 6.33 3.65 -4.68 487.0
1999 3 14 12 42238.3 0.039 172.35 6.33 5.63 -3.48 541.1
1999 3 15 12 42375.2 1.408 196.08 6.33 5.80 -1.58 588.3
1999 3 16 12 42512.3 1.665 141.53 6.33 4.19 -4.98 488.2
1999 3 17 12 42649.6 5.363 134.69 6.33 2.41 -5.61 487.1
1999 3 18 12 42787.0 0.933 180.29 6.33 7.26 -2.18 566.1
1999 3 19 12 42924.6 11.585 189.87 6.33 5.68 -3.43 522.2
1999 3 20 12 43062.3 4.277 191.07 6.33 5.68 -3.17 498.1
1999 3 21 12 43200.0 2.100 171.69 6.33 6.26 -1.96 608.9
1999 3 22 12 43337.7 7.915 182.52 6.33 3.82 -5.01 461.6
1999 3 23 12 43475.4 0.200 185.85 6.33 2.74 -4.60 522.3
1999 3 24 12 43613.0 0.495 195.19 6.33 4.74 -3.10 567.7
1999 3 25 12 43750.4 0.180 195.08 6.33 5.71 -2.53 597.0
1999 3 26 12 43887.7 14.897 187.49 6.33 5.10 -3.03 526.0
1999 3 27 12 44024.8 0.770 216.03 6.33 4.23 -4.72 497.9
1999 3 28 12 44161.7 0.766 199.95 6.33 8.80 -0.44 607.4
1999 3 29 12 44298.2 1.150 173.12 6.33 7.30 -1.22 580.5
1999 3 30 12 44434.5 0.691 204.08 6.33 5.51 -2.40 565.1
1999 3 31 12 44570.3 0.531 196.27 6.33 10.53 1.40 662.4
1999 4 1 12 44705.8 3.549 212.90 6.33 3.82 -4.90 512.6
1999 4 2 12 44840.8 1.152 189.38 6.33 5.02 -4.22 488.8
1999 4 3 12 44975.4 0.859 208.10 6.33 8.22 -1.05 651.3
1999 4 4 12 45109.4 2.495 210.70 6.33 8.14 -0.93 577.4
1999 4 5 12 45242.8 0.214 218.66 6.33 5.05 -3.13 543.2
1999 4 6 12 45375.7 1.027 188.87 6.33 8.12 -1.79 545.1
1999 4 7 12 45507.9 3.032 223.64 6.33 6.54 -1.62 501.0
1999 4 8 12 45639.4 0.528 173.50 6.33 6.04 -2.64 488.3
1999 4 9 12 45770.2 3.847 182.65 6.33 9.56 0.71 611.9
1999 4 10 12 45900.2 10.124 203.16 6.33 7.14 -0.95 531.1
1999 4 11 12 46029.4 0.055 233.20 6.33 8.90 0.58 556.6
1999 4 12 12 46157.8 4.151 212.58 6.33 6.32 -1.91 567.2
1999 4 13 12 46285.3 4.586 166.20 6.33 5.13 -3.29 539.0
1999 4 14 12 46411.9 4.459 216.93 6.33 4.83 -4.23 504.9
1999 4 15 12 46537.5 3.935 206.22 6.33 10.25 2.12 670.6
1999 4 16 12 46662.2 0.642 223.36 6.33 8.16 -0.86 565.0
1999 4 17 12 46785.8 1.270 227.71 6.33 8.66 -0.61 595.1
1999 4 18 12 46908.4 2.745 220.33 6.33 8.92 -0.35 615.4
1999 4 19 12 47029.9 0.264 216.94 6.33 8.84 -1.85 535.5
1999 4 20 12 47150.2 5.806 235.42 6.33 10.22 1.31 611.2
1999 4 21 12 47269.4 13.356 228.27 6.33 12.25 3.10 652.9
1999 4 22 12 47387.3 9.714 226.55 6.33 8.40 -0.87 578.3
1999 4 23 12 47504.0 2.302 216.77 6.33 9.81 1.41 601.7
1999 4 24 12 47619.5 0.936 218.88 6.33 12.74 4.43 769.2
1999 4 25 12 47733.6 0.122 217.54 6.33 9.40 -1.24 628.4
1999 4 26 12 47846.4 4.136 226.09 6.33 10.48 -0.04 607.9
1999 4 27 12 47957.8 1.783 222.33 6.33 11.71 2.84 624.4
1999 4 28 12 48067.8 3.090 231.90 6.33 10.90 0.50 678.9
1999 4 29 12 48176.4 0.054 221.84 6.33 9.59 0.60 640.6
1999 4 30 12 48283.5 1.556 238.61 6.33 10.79 1.86 669.1
1999 5 1 12 48389.0 0.394 220.87 6.33 12.38 3.32 661.8
1999 5 2 12 48493.1 2.664 229.54 6.33 12.31 2.73 671.9
1999 5 3 12 48595.5 3.142 235.32 6.33 12.89 5.10 732.5
1999 5 4 12 48696.4 4.277 250.56 6.33 14.09 3.00 611.6
1999 5 5 12 48795.7 1.154 220.93 6.33 16.19 8.34 770.7
1999 5 6 12 48893.3 5.731 233.70 6.33 14.29 5.39 711.6
1999 5 7 12 48989.2 2.400 259.15 6.33 15.89 5.32 726.4
1999 5 8 12 49083.3 4.035 242.92 6.33 13.44 3.25 688.2
1999 5 9 12 49175.8 2.072 249.80 6.33 12.75 3.78 668.4
1999 5 10 12 49266.4 1.134 212.35 6.33 15.02 7.17 708.6
1999 5 11 12 49355.3 4.071 237.24 6.33 13.44 4.63 617.4
1999 5 12 12 49442.4 1.982 225.49 6.33 15.28 6.24 731.9
1999 5 13 12 49527.6 6.914 233.60 6.33 16.15 7.35 748.4
1999 5 14 12 49610.9 0.488 241.62 6.33 14.52 4.50 662.6
1999 5 15 12 49692.3 1.006 246.99 6.33 14.93 5.54 694.7
1999 5 16 12 49771.8 1.499 242.74 6.33 15.02 5.67 770.6
1999 5 17 12 49849.4 5.666 243.06 6.33 14.80 5.89 682.6
1999 5 18 12 49924.9 3.645 250.86 6.33 14.42 6.04 661.7
1999 5 19 12 49998.5 3.243 246.65 6.33 15.50 6.05 728.0
1999 5 20 12 50070.1 1.529 258.41 6.33 16.09 7.03 717.7
1999 5 21 12 50139.7 4.882 241.03 6.33 13.06 4.26 713.0
1999 5 22 12 50207.1 2.362 269.02 6.33 16.25 5.88 717.4
1999 5 23 12 50272.5 0.824 266.56 6.33 16.49 8.41 700.2
1999 5 24 12 50335.9 3.110 237.30 6.33 14.03 5.61 704.6
1999 5 25 12 50397.0 1.498 255.67 6.33 18.15 8.68 757.6
1999 5 26 12 50456.1 0.859 266.10 6.33 18.70 10.38 833.5
1999 5 27 12 50513.0 0.453 256.25 6.33 18.56 9.74 799.2
1999 5 28 12 50567.8 3.502 270.57 6.33 15.57 6.53 741.9
1999 5 29 12 50620.3 6.724 262.63 6.33 20.47 11.65 896.9
1999 5 30 12 50670.7 1.333 262.34 6.33 17.18 9.52 829.4
1999 5 31 12 50718.8 4.339 260.94 6.33 17.64 8.75 746.4
1999 6 1 12 50764.8 0.247 275.83 6.33 17.26 9.74 766.2
1999 6 2 12 50808.5 6.786 258.57 6.33 17.56 8.60 744.8
1999 6 3 12 50849.9 3.444 280.77 6.33 20.20 10.47 791.0
1999 6 4 12 50889.0 3.604 271.18 6.33 19.14 9.76 752.4
1999 6 5 12 50925.9 2.455 254.94 6.33 18.39 9.88 792.4
1999 6 6 12 50960.5 0.502 228.99 6.33 19.05 10.69 789.6
1999 6 7 12 50992.8 7.424 252.95 6.33 15.00 6.83 735.2
1999 6 8 12 51022.8 11.372 239.66 6.33 18.82 8.97 794.6
1999 6 9 12 51050.5 2.539 265.62 6.33 17.61 9.35 791.1
1999 6 10 12 51075.8 1.946 240.04 6.33 18.11 11.30 789.0
1999 6 11 12 51098.8 1.648 256.41 6.33 20.44 10.70 806.2
1999 6 12 12 51119.5 2.017 239.45 6.33 20.33 12.29 849.0
1999 6 13 12 51137.8 1.415 257.19 6.33 18.56 9.18 771.1
1999 6 14 12 51153.7 0.926 260.88 6.33 20.84 11.37 814.1
1999 6 15 12 51167.4 1.828 240.46 6.33 20.31 12.53 818.2
1999 6 16 12 51178.6 1.578 251.41 6.33 21.06 13.28 880.2
1999 6 17 12 51187.5 4.032 227.48 6.33 20.04 11.90 847.1
1999 6 18 12 51194.0 1.534 258.90 6.33 18.64 10.34 788.8
1999 6 19 12 51198.1 4.626 286.85 6.33 19.13 9.44 820.7
1999 6 20 12 51199.9 2.409 267.22 6.33 20.36 11.96 773.4
1999 6 21 12 51199.3 3.973 263.71 6.33 19.94 10.19 752.2
1999 6 22 12 51196.4 1.115 283.82 6.33 20.28 10.84 883.8
1999 6 23 12 51191.0 9.701 258.42 6.33 21.96 13.06 884.7
1999 6 24 12 51183.3 0.452 251.33 6.33 17.35 8.45 756.9
1999 6 25 12 51173.3 1.032 246.27 6.33 21.84 12.40 853.3
1999 6 26 12 51160.8 3.034 259.14 6.33 22.63 13.12 838.0
1999 6 27 12 51146.1 1.627 252.34 6.33 20.97 11.58 875.4
1999 6 28 12 51128.9 1.482 249.18 6.33 21.75 12.46 879.0
1999 6 29 12 51109.4 3.435 266.92 6.33 22.48 13.20 836.9
1999 6 30 12 51087.6 3.517 284.01 6.33 21.41 14.29 887.1
1999 7 1 12 51063.4 0.358 253.60 6.33 21.74 11.51 832.8
1999 7 2 12 51036.9 3.632 250.62 6.33 20.86 11.07 832.7
1999 7 3 12 51008.1 3.294 259.96 6.33 19.81 10.18 769.3
1999 7 4 12 50976.9 2.694 264.11 6.33 19.31 10.62 806.8
1999 7 5 12 50943.5 3.500 257.14 6.33 23.14 15.84 890.2
1999 7 6 12 50907.8 4.259 255.75 6.33 20.87 11.89 874.5
1999 7 7 12 50869.7 0.692 271.15 6.33 21.09 12.14 865.5
1999 7 8 12 50829.4 1.710 255.66 6.33 19.72 10.56 768.8
1999 7 9 12 50786.9 4.698 236.35 6.33 22.02 13.32 831.4
1999 7 10 12 50742.1 1.220 263.04 6.33 23.40 13.61 842.5
1999 7 11 12 50695.1 2.930 263.62 6.33 19.82 10.45 809.0
1999 7 12 12 50645.8 0.456 248.69 6.33 22.55 13.21 890.8
1999 7 13 12 50594.3 0.908 239.76 6.33 22.29 13.92 899.3
1999 7 14 12 50540.7 5.888 230.73 6.33 20.54 11.11 859.1
1999 7 15 12 50484.8 1.720 271.58 6.33 21.61 12.77 877.9
1999 7 16 12 50426.8 2.312 263.05 6.33 21.68 12.65 846.2
1999 7 17 12 50366.7 2.485 262.22 6.33 21.82 12.27 868.8
1999 7 18 12 50304.5 1.473 267.35 6.33 23.76 15.38 848.1
1999 7 19 12 50240.1 1.716 228.36 6.33 23.82 13.93 856.0
1999 7 20 12 50173.7 2.455 241.77 6.33 21.86 13.80 810.1
1999 7 21 12 50105.1 0.387 245.23 6.33 23.04 14.87 869.8
1999 7 22 12 50034.6 0.767 242.27 6.33 21.17 13.59 826.3
1999 7 23 12 49962.0 3.087 247.30 6.33 20.10 10.74 819.1
1999 7 24 12 49887.4 3.289 236.16 6.33 21.79 13.23 820.5
1999 7 25 12 49810.8 0.379 263.29 6.33 22.25 12.60 853.6
1999 7 26 12 49732.3 2.094 229.80 6.33 22.60 13.90 876.2
1999 7 27 12 49651.8 1.294 229.70 6.33 21.39 12.31 857.5
1999 7 28 12 49569.5 2.018 228.51 6.33 24.08 14.74 895.5
1999 7 29 12 49485.2 0.901 252.30 6.33 22.34 12.74 853.4
1999 7 30 12 49399.1 1.148 236.84 6.33 22.25 14.39 842.7
1999 7 31 12 49311.1 1.779 224.56 6.33 20.55 11.45 929.0
1999 8 1 12 49221.3 3.797 222.12 6.33 23.26 14.95 888.9
1999 8 2 12 49129.8 2.117 228.46 6.33 21.03 12.53 885.0
1999 8 3 12 49036.5 1.065 229.64 6.33 23.97 13.83 893.5
1999 8 4 12 48941.4 0.903 231.14 6.33 20.92 11.55 824.4
1999 8 5 12 48844.7 7.514 246.12 6.33 22.62 13.28 843.4
1999 8 6 12 48746.2 4.217 267.74 6.33 25.23 17.12 939.6
1999 8 7 12 48646.2 1.463 233.17 6.33 23.66 14.42 898.1
1999 8 8 12 48544.5 1.467 222.02 6.33 23.09 15.44 855.1
1999 8 9 12 48441.3 2.327 201.04 6.33 22.93 14.36 904.5
1999 8 10 12 48336.4 1.319 211.03 6.33 20.19 11.07 799.0
1999 8 11 12 48230.1 0.478 210.00 6.33 21.46 11.80 879.2
1999 8 12 12 48122.3 0.171 221.90 6.33 21.56 13.85 915.5
1999 8 13 12 48013.0 1.241 221.52 6.33 22.78 13.89 860.7
1999 8 14 12 47902.3 1.853 227.33 6.33 23.36 14.18 843.3
1999 8 15 12 47790.2 0.896 241.91 6.33 21.76 14.28 837.2
1999 8 16 12 47676.7 0.783 254.86 6.33 21.35 13.51 876.4
1999 8 17 12 47561.9 0.061 220.39 6.33 19.97 10.78 814.5
1999 8 18 12 47445.8 1.042 226.59 6.33 20.62 10.78 871.0
1999 8 19 12 47328.5 1.407 237.10 6.33 22.55 12.90 832.4
1999 8 20 12 47209.9 1.446 208.37 6.33 20.32 11.32 798.0
1999 8 21 12 47090.2 0.809 217.42 6.33 18.73 9.50 758.9
1999 8 22 12 46969.3 2.436 204.53 6.33 20.96 12.08 855.5
1999 8 23 12 46847.3 2.421 235.07 6.33 20.49 9.72 763.3
1999 8 24 12 46724.2 0.165 211.59 6.33 20.84 11.11 835.2
1999 8 25 12 46600.0 1.628 220.09 6.33 19.45 9.78 788.5
1999 8 26 12 46474.8 0.106 248.19 6.33 18.55 9.91 764.9
1999 8 27 12 46348.7 1.005 207.01 6.33 19.80 11.11 849.6
1999 8 28 12 46221.7 2.329 211.63 6.33 20.12 11.67 867.5
1999 8 29 12 46093.7 1.512 221.84 6.33 21.74 11.71 830.2
1999 8 30 12 45964.9 0.265 226.69 6.33 20.18 11.39 854.1
1999 8 31 12 45835.3 1.122 199.99 6.33 20.00 11.73 870.4
1999 9 1 12 45704.9 0.627 211.71 6.33 19.31 10.13 839.5
1999 9 2 12 45573.7 1.714 216.89 6.33 17.75 8.76 765.2
1999 9 3 12 45441.8 3.675 212.87 6.33 18.46 9.16 821.4
1999 9 4 12 45309.3 5.333 194.41 6.33 18.51 9.86 798.9
1999 9 5 12 45176.2 1.236 195.69 6.33 20.69 11.63 811.6
1999 9 6 12 45042.4 0.197 185.94 6.33 16.63 8.19 790.1
1999 9 7 12 44908.2 0.902 184.70 6.33 18.53 9.46 773.8
1999 9 8 12 44773.4 1.922 200.16 6.33 16.71 7.67 760.6
1999 9 9 12 44638.1 0.276 197.32 6.33 18.97 9.52 811.3
1999 9 10 12 44502.5 0.881 166.15 6.33 16.85 9.57 789.6
1999 9 11 12 44366.4 1.125 198.10 6.33 18.90 8.94 750.4
1999 9 12 12 44230.0 3.059 196.70 6.33 18.82 10.15 811.3
1999 9 13 12 44093.3 0.230 199.26 6.33 16.93 6.27 689.3
1999 9 14 12 43956.3 0.139 179.00 6.33 16.90 7.74 718.1
1999 9 15 12 43819.1 0.455 155.37 6.33 16.73 7.36 775.6
1999 9 16 12 43681.7 0.309 209.76 6.33 16.26 6.84 709.9
1999 9 17 12 43544.2 0.967 175.50 6.33 15.49 5.81 770.1
1999 9 18 12 43406.5 2.926 133.80 6.33 17.36 7.35 740.6
1999 9 19 12 43268.9 0.178 184.27 6.33 18.54 9.06 798.2
1999 9 20 12 43131.1 0.287 190.83 6.33 17.03 7.66 707.1
1999 9 21 12 42993.5 0.178 162.10 6.33 16.83 10.40 754.0
1999 9 22 12 42855.8 1.490 184.21 6.33 15.83 6.83 801.4
1999 9 23 12 42718.3 2.534 176.51 6.33 15.90 8.16 808.0
1999 9 24 12 42580.9 0.969 171.92 6.33 14.78 5.10 753.0
1999 9 25 12 42443.7 0.613 161.94 6.33 16.45 7.94 747.0
1999 9 26 12 42306.7 0.300 196.10 6.33 15.18 7.38 757.9
1999 9 27 12 42170.0 3.221 165.90 6.33 15.81 6.80 739.9
1999 9 28 12 42033.6 3.083 181.09 6.33 17.10 9.28 789.4
1999 9 29 12 41897.5 1.931 157.18 6.33 15.02 4.92 739.0
1999 9 30 12 41761.9 0.757 180.22 6.33 14.78 7.05 775.5
1999 10 1 12 41626.6 1.670 166.62 6.33 12.98 4.37 696.8
1999 10 2 12 41491.8 1.201 188.65 6.33 14.83 5.72 686.6
1999 10 3 12 41357.6 0.238 151.90 6.33 12.70 4.90 737.7
1999 10 4 12 41223.8 2.658 167.27 6.33 14.24 4.78 653.7
1999 10 5 12 41090.7 0.687 151.01 6.33 14.41 5.91 701.0
1999 10 6 12 40958.2 1.086 136.02 6.33 14.39 5.54 693.6
1999 10 7 12 40826.3 2.087 142.88 6.33 14.14 5.49 680.6
1999 10 8 12 40695.1 0.209 144.59 6.33 12.15 3.74 696.7
1999 10 9 12 40564.7 0.227 178.34 6.33 10.88 0.59 597.6
1999 10 10 12 40435.1 2.508 147.27 6.33 13.68 5.08 689.4
1999 10 11 12 40306.3 2.347 144.25 6.33 12.99 5.54 680.0
1999 10 12 12 40178.3 0.855 163.43 6.33 10.16 0.78 620.6
1999 10 13 12 40051.3 0.648 178.91 6.33 14.12 6.18 730.4
1999 10 14 12 39925.2 0.126 160.96 6.33 12.07 4.14 674.8
1999 10 15 12 39800.0 2.595 165.58 6.33 11.78 2.37 647.2
1999 10 16 12 39675.8 0.930 130.89 6.33 9.09 -1.25 587.5
1999 10 17 12 39552.7 0.421 144.37 6.33 8.92 0.29 613.0
1999 10 18 12 39430.7 0.035 105.47 6.33 12.25 3.20 679.7
1999 10 19 12 39309.8 1.689 164.62 6.33 11.28 2.78 611.6
1999 10 20 12 39190.1 3.761 144.43 6.33 12.58 3.00 639.3
1999 10 21 12 39071.5 0.838 149.82 6.33 12.16 3.27 666.1
1999 10 22 12 38954.2 0.515 164.13 6.33 7.56 -1.99 531.7
1999 10 23 12 38838.1 3.554 124.56 6.33 8.46 -0.16 575.6
1999 10 24 12 38723.3 0.295 134.51 6.33 7.79 -1.39 512.9
1999 10 25 12 38609.8 5.428 124.73 6.33 6.49 -3.27 590.4
1999 10 26 12 38497.7 2.667 146.11 6.33 9.49 1.17 627.8
1999 10 27 12 38387.0 1.388 143.59 6.33 5.96 -3.72 513.5
1999 10 28 12 38277.7 0.416 139.66 6.33 8.92 0.40 643.1
1999 10 29 12 38169.9 0.405 129.59 6.33 10.44 1.72 667.6
1999 10 30 12 38063.6 3.111 134.41 6.33 7.76 -1.22 574.4
1999 10 31 12 37958.7 0.352 115.66 6.33 10.09 1.69 649.7
1999 11 1 12 37855.5 2.645 136.82 6.33 9.15 -0.86 567.7
1999 11 2 12 37753.8 0.091 140.54 6.33 6.88 -1.91 589.8
1999 11 3 12 37653.8 0.368 116.34 6.33 8.62 -0.70 580.0
1999 11 4 12 37555.3 1.956 102.20 6.33 9.16 -0.74 566.7
1999 11 5 12 37458.6 3.157 145.54 6.33 11.79 4.04 679.9
1999 11 6 12 37363.5 0.653 143.71 6.33 7.04 -2.56 511.7
1999 11 7 12 37270.2 0.613 125.36 6.33 7.05 -0.84 590.9
1999 11 8 12 37178.7 2.985 125.16 6.33 9.06 2.08 631.0
1999 11 9 12 37088.9 0.086 103.47 6.33 6.15 1.07 619.8
1999 11 10 12 37000.9 0.599 121.26 6.33 7.39 -2.99 539.4
1999 11 11 12 36914.8 0.160 106.51 6.33 5.96 -2.71 552.5
1999 11 12 12 36830.5 0.601 101.22 6.33 6.50 -3.09 530.8
1999 11 13 12 36748.2 1.114 124.22 6.33 3.01 -4.86 498.8
1999 11 14 12 36667.7 0.428 141.56 6.33 6.68 -2.16 557.6
1999 11 15 12 36589.2 0.745 114.38 6.33 4.33 -3.15 550.1
1999 11 16 12 36512.6 1.075 94.71 6.33 7.39 -1.12 588.8
1999 11 17 12 36438.0 0.159 106.12 6.33 2.95 -5.75 498.7
1999 11 18 12 36365.4 0.414 120.91 6.33 6.32 -2.29 509.7
1999 11 19 12 36294.9 2.543 140.82 6.33 5.45 -4.71 472.9
1999 11 20 12 36226.3 0.155 74.64 6.33 5.40 -4.14 555.5
1999 11 21 12 36159.9 0.220 101.34 6.33 5.25 -3.10 533.4
1999 11 22 12 36095.5 1.385 103.56 6.33 1.78 -6.74 489.1
1999 11 23 12 36033.3 0.522 95.04 6.33 4.68 -4.91 495.9
1999 11 24 12 35973.2 0.603 109.92 6.33 4.20 -4.45 486.1
1999 11 25 12 35915.2 1.503 91.35 6.33 3.49 -6.78 400.3
1999 11 26 12 35859.3 0.048 106.77 6.33 1.96 -6.35 415.2
1999 11 27 12 35805.7 0.197 78.55 6.33 1.39 -6.57 533.4
1999 11 28 12 35754.2 1.511 112.34 6.33 1.67 -6.46 517.7
1999 11 29 12 35704.9 0.242 110.14 6.33 1.39 -6.52 500.7
1999 11 30 12 35657.9 6.957 121.78 6.33 3.25 -6.35 514.4
1999 12 1 12 35613.1 1.836 106.93 6.33 2.23 -5.14 495.7
1999 12 2 12 35570.6 3.667 93.67 6.33 2.11 -6.88 434.1
1999 12 3 12 35530.3 1.129 92.95 6.33 4.13 -3.84 535.1
1999 12 4 12 35492.2 0.686 112.37 6.33 2.24 -8.21 437.1
1999 12 5 12 35456.5 0.425 111.18 6.33 2.51 -5.86 461.1
1999 12 6 12 35423.1 1.259 92.06 6.33 2.85 -5.37 483.3
1999 12 7 12 35391.9 0.870 64.51 6.33 3.08 -5.68 458.3
1999 12 8 12 35363.1 3.065 107.84 6.33 3.17 -6.96 483.3
1999 12 9 12 35336.6 0.640 87.55 6.33 1.85 -6.63 515.5
1999 12 10 12 35312.4 2.359 89.84 6.33 2.05 -8.32 415.8
1999 12 11 12 35290.6 0.115 120.32 6.33 1.94 -8.74 442.4
1999 12 12 12 35271.1 0.099 99.91 6.33 1.78 -7.15 440.5
1999 12 13 12 35253.9 0.997 109.11 6.33 -3.38 -12.16 405.2
1999 12 14 12 35239.2 0.621 132.60 6.33 -0.37 -7.43 485.9
1999 12 15 12 35226.7 0.177 108.60 6.33 2.57 -5.96 471.1
1999 12 16 12 35216.7 0.317 114.54 6.33 0.89 -7.65 445.9
1999 12 17 12 35209.0 5.936 122.52 6.33 2.03 -7.48 442.9
1999 12 18 12 35203.6 2.242 110.42 6.33 0.07 -8.68 476.8
1999 12 19 12 35200.7 0.375 118.53 6.33 0.47 -9.37 399.0
1999 12 20 12 35200.1 0.076 90.85 6.33 -1.11 -9.45 439.9
1999 12 21 12 35201.9 2.130 86.22 6.33 0.23 -7.82 482.7
1999 12 22 12 35206.0 2.551 104.85 6.33 0.96 -7.77 434.8
1999 12 23 12 35212.5 0.817 82.68 6.33 -2.66 -12.34 384.6
1999 12 24 12 35221.4 1.487 111.68 6.33 -2.69 -11.76 334.3
1999 12 25 12 35232.6 0.161 112.84 6.33 0.09 -8.07 463.6
1999 12 26 12 35246.3 2.324 70.60 6.33 1.20 -8.02 455.1
1999 12 27 12 35262.2 1.916 86.94 6.33 -1.53 -10.91 366.6
1999 12 28 12 35280.5 0.348 97.10 6.33 -1.93 -11.73 374.3
1999 12 29 12 35301.2 6.372 109.86 6.33 -2.31 -10.58 355.8
1999 12 30 12 35324.2 0.356 113.34 6.33 -0.73 -9.22 444.7
1999 12 31 12 35349.5 6.407 71.01 6.33 -1.60 -10.35 360.2
2000 1 1 12 35377.2 0.465 111.02 6.33 0.84 -7.76 476.0
2000 1 2 12 35407.2 1.204 118.67 6.33 -1.91 -11.96 409.2
2000 1 3 12 35439.5 1.173 91.37 6.33 -2.83 -11.96 328.5
2000 1 4 12 35474.1 1.270 88.66 6.33 -2.85 -12.61 381.8
2000 1 5 12 35511.0 0.498 95.21 6.33 -1.04 -11.07 364.8
2000 1 6 12 35550.1 1.458 82.14 6.33 -1.26 -10.39 400.0
2000 1 7 12 35591.5 1.175 110.49 6.33 -1.72 -10.45 413.3
2000 1 8 12 35635.2 0.494 99.36 6.33 -2.29 -11.09 323.5
2000 1 9 12 35681.2 0.120 110.06 6.33 -1.74 -11.17 316.2
2000 1 10 12 35729.3 2.560 139.01 6.33 1.24 -7.52 419.2
2000 1 11 12 35779.7 0.170 102.78 6.33 -4.60 -14.27 360.5
2000 1 12 12 35832.2 0.573 123.92 6.33 -2.63 -11.62 351.7
2000 1 13 12 35887.0 3.431 108.40 6.33 -2.84 -12.73 372.6
2000 1 14 12 35943.9 2.135 93.22 6.33 -2.80 -13.45 329.5
2000 1 15 12 36003.0 1.156 105.26 6.33 -1.05 -9.65 395.7
2000 1 16 12 36064.1 2.730 119.02 6.33 -2.52 -11.40 410.5
2000 1 17 12 36127.5 0.538 126.71 6.33 -3.56 -13.36 329.4
2000 1 18 12 36192.9 2.817 111.23 6.33 -2.97 -12.61 351.4
2000 1 19 12 36260.3 3.190 111.97 6.33 -1.40 -12.79 299.0
2000 1 20 12 36329.9 0.708 121.58 6.33 -1.40 -10.39 417.1
2000 1 21 12 36401.5 0.568 80.73 6.33 -1.27 -10.17 380.0
2000 1 22 12 36475.1 1.397 131.55 6.33 -2.94 -11.78 361.9
2000 1 23 12 36550.6 1.888 118.13 6.33 -2.53 -11.15 397.4
2000 1 24 12 36628.2 5.687 105.18 6.33 -1.42 -9.85 388.9
2000 1 25 12 36707.7 4.174 118.40 6.33 -0.52 -10.75 375.2
2000 1 26 12 36789.1 4.463 106.53 6.33 -1.60 -10.98 364.0
2000 1 27 12 36872.4 1.478 106.55 6.33 -4.54 -13.22 327.9
2000 1 28 12 36957.6 5.621 116.33 6.33 1.38 -8.87 427.6
2000 1 29 12 37044.7 0.710 122.84 6.33 -1.23 -10.88 356.6
2000 1 30 12 37133.6 0.938 115.20 6.33 -2.12 -10.15 441.7
2000 1 31 12 37224.2 1.194 141.85 6.33 -2.95 -12.67 375.2
2000 2 1 12 37316.7 5.691 94.34 6.33 2.31 -6.77 461.2
2000 2 2 12 37410.8 1.476 105.90 6.33 -0.64 -9.38 383.2
2000 2 3 12 37506.7 2.115 101.99 6.33 0.72 -7.92 430.6
2000 2 4 12 37604.3 0.102 132.84 6.33 -2.03 -10.62 402.5
2000 2 5 12 37703.6 3.263 117.39 6.33 -1.79 -11.66 426.2
2000 2 6 12 37804.5 1.470 112.71 6.33 -2.92 -12.54 367.2
2000 2 7 12 37906.9 0.023 118.62 6.33 0.74 -7.63 406.7
2000 2 8 12 38011.0 4.083 113.31 6.33 1.76 -7.10 449.5
2000 2 9 12 38116.5 1.472 126.64 6.33 -3.88 -12.82 320.8
2000 2 10 12 38223.6 1.891 114.90 6.33 -1.57 -10.38 381.2
2000 2 11 12 38332.2 2.074 140.07 6.33 1.88 -8.61 415.7
2000 2 12 12 38442.2 0.720 129.22 6.33 -1.69 -11.99 337.7
2000 2 13 12 38553.6 3.289 130.02 6.33 -1.50 -10.42 415.8
2000 2 14 12 38666.4 4.280 119.05 6.33 -0.03 -8.92 353.6
2000 2 15 12 38780.5 0.234 117.76 6.33 1.69 -7.95 459.7
2000 2 16 12 38896.0 1.502 129.25 6.33 0.41 -7.32 483.4
2000 2 17 12 39012.7 6.590 142.01 6.33 -0.05 -9.08 384.5
2000 2 18 12 39130.6 8.542 135.83 6.33 3.10 -5.79 490.5
2000 2 19 12 39249.8 0.838 127.35 6.33 -0.48 -10.40 391.3
2000 2 20 12 39370.1 1.839 136.70 6.33 -1.54 -10.47 351.6
2000 2 21 12 39491.6 2.726 150.31 6.33 0.22 -9.82 443.2
2000 2 22 12 39614.2 7.461 155.70 6.33 -0.22 -10.04 455.2
2000 2 23 12 39737.8 4.035 136.21 6.33 -0.21 -8.59 451.4
2000 2 24 12 39862.5 5.378 159.77 6.33 0.74 -8.45 397.0
2000 2 25 12 39988.1 0.838 163.85 6.33 1.52 -8.18 464.3
2000 2 26 12 40114.7 0.052 152.80 6.33 -0.11 -9.30 410.2
2000 2 27 12 40242.2 6.424 131.03 6.33 -0.08 -8.18 415.0
2000 2 28 12 40370.6 5.399 157.92 6.33 -2.55 -9.74 444.7
2000 2 29 12 40499.8 1.980 138.10 6.33 0.14 -9.48 403.5
2000 3 1 12 40629.8 2.219 144.25 6.33 2.86 -7.78 419.6
2000 3 2 12 40760.6 2.762 170.14 6.33 1.35 -7.68 447.5
2000 3 3 12 40892.1 1.184 164.31 6.33 1.32 -8.33 419.3
2000 3 4 12 41024.3 3.323 167.44 6.33 2.12 -5.58 447.5
2000 3 5 12 41157.2 4.930 178.46 6.33 1.28 -8.15 447.6
2000 3 6 12 41290.6 3.640 150.43 6.33 5.24 -3.20 557.1
2000 3 7 12 41424.6 7.086 155.89 6.33 1.04 -7.71 429.6
2000 3 8 12 41559.2 1.553 187.66 6.33 3.60 -5.03 512.3
2000 3 9 12 41694.2 5.532 157.96 6.33 4.34 -4.80 527.4
2000 3 10 12 41829.7 0.326 180.80 6.33 2.17 -5.48 453.1
2000 3 11 12 41965.5 11.368 182.11 6.33 4.35 -5.47 516.0
2000 3 12 12 42101.8 1.265 179.21 6.33 1.76 -7.48 425.5
2000 3 13 12 42238.3 4.493 173.71 6.33 2.07 -6.08 501.9
2000 3 14 12 42375.2 13.265 195.82 6.33 4.21 -4.77 503.5
2000 3 15 12 42512.3 2.536 179.44 6.33 3.00 -6.73 491.4
2000 3 16 12 42649.6 0.194 159.62 6.33 5.82 -3.82 467.8
2000 3 17 12 42787.0 1.966 187.24 6.33 5.69 -3.73 543.5
2000 3 18 12 42924.6 1.719 183.57 6.33 2.90 -6.08 504.2
2000 3 19 12 43062.3 1.828 182.38 6.33 3.02 -5.94 490.3
2000 3 20 12 43200.0 1.902 174.58 6.33 2.15 -6.73 544.7
2000 3 21 12 43337.7 6.988 181.20 6.33 6.53 -0.40 577.7
2000 3 22 12 43475.4 0.586 176.01 6.33 4.55 -3.87 537.1
2000 3 23 12 43613.0 1.798 176.34 6.33 6.53 -1.29 610.7
2000 3 24 12 43750.4 0.671 175.87 6.33 7.23 -1.48 617.2
2000 3 25 12 43887.7 1.117 171.17 6.33 6.46 -2.74 535.0
2000 3 26 12 44024.8 5.574 180.60 6.33 2.48 -6.53 486.2
2000 3 27 12 44161.7 2.099 183.12 6.33 7.68 -0.26 602.9
2000 3 28 12 44298.2 1.289 182.09 6.33 5.94 -2.16 512.9
2000 3 29 12 44434.5 2.604 219.06 6.33 5.08 -3.54 513.5
2000 3 30 12 44570.3 2.511 202.86 6.33 5.80 -2.51 531.4
2000 3 31 12 44705.8 2.935 220.37 6.33 4.79 -3.83 512.9
2000 4 1 12 44840.8 0.880 187.43 6.33 6.18 -2.31 600.1
2000 4 2 12 44975.4 4.058 187.82 6.33 4.46 -4.69 468.9
2000 4 3 12 45109.4 3.344 173.96 6.33 7.57 -2.59 546.8
2000 4 4 12 45242.8 4.991 204.30 6.33 8.11 -1.24 562.0
2000 4 5 12 45375.7 5.138 194.86 6.33 9.83 0.77 644.7
2000 4 6 12 45507.9 0.352 226.31 6.33 5.49 -4.71 495.5
2000 4 7 12 45639.4 9.482 193.03 6.33 5.19 -2.98 537.8
2000 4 8 12 45770.2 3.895 201.40 6.33 5.66 -3.64 525.6
2000 4 9 12 45900.2 5.249 237.97 6.33 7.55 -0.88 555.1
2000 4 10 12 46029.4 9.655 205.80 6.33 7.40 -0.91 537.3
2000 4 11 12 46157.8 0.209 200.82 6.33 7.39 -1.41 590.9
2000 4 12 12 46285.3 1.686 226.72 6.33 10.48 1.66 614.6
2000 4 13 12 46411.9 0.341 216.58 6.33 9.52 1.33 634.4
2000 4 14 12 46537.5 2.738 221.39 6.33 8.76 -0.56 598.2
2000 4 15 12 46662.2 0.125 225.07 6.33 10.28 0.87 664.8
2000 4 16 12 46785.8 2.600 240.38 6.33 7.55 -1.78 591.3
2000 4 17 12 46908.4 3.068 196.46 6.33 8.69 0.69 612.4
2000 4 18 12 47029.9 0.579 200.70 6.33 8.57 -0.88 597.2
2000 4 19 12 47150.2 2.377 217.77 6.33 10.07 2.22 612.7
2000 4 20 12 47269.4 7.658 239.35 6.33 12.29 3.52 671.1
2000 4 21 12 47387.3 3.685 227.15 6.33 11.08 2.02 614.4
2000 4 22 12 47504.0 0.230 194.65 6.33 11.68 2.90 692.8
2000 4 23 12 47619.5 4.998 226.36 6.33 11.88 3.73 657.5
2000 4 24 12 47733.6 3.737 248.34 6.33 10.10 2.17 659.5
2000 4 25 12 47846.4 4.192 267.88 6.33 9.40 1.23 614.8
2000 4 26 12 47957.8 0.161 238.69 6.33 13.34 7.59 754.8
2000 4 27 12 48067.8 1.827 215.46 6.33 11.50 1.14 665.3
2000 4 28 12 48176.4 10.558 233.88 6.33 14.00 5.16 685.1
2000 4 29 12 48283.5 1.076 246.88 6.33 13.25 4.57 703.7
2000 4 30 12 48389.0 8.858 223.59 6.33 12.49 4.40 684.4
2000 5 1 12 48493.1 3.466 224.24 6.33 17.48 8.50 775.5
2000 5 2 12 48595.5 5.900 268.00 6.33 12.63 4.23 681.7
2000 5 3 12 48696.4 8.149 247.25 6.33 10.68 1.49 638.6
2000 5 4 12 48795.7 6.949 255.83 6.33 12.60 3.99 740.1
2000 5 5 12 48893.3 1.128 205.61 6.33 13.14 3.49 631.6
2000 5 6 12 48989.2 0.747 221.23 6.33 12.39 2.37 629.3
2000 5 7 12 49083.3 3.202 197.38 6.33 14.18 4.95 692.2
2000 5 8 12 49175.8 6.690 237.87 6.33 12.77 4.19 714.3
2000 5 9 12 49266.4 5.157 231.16 6.33 17.39 7.03 740.6
2000 5 10 12 49355.3 1.296 249.53 6.33 14.35 6.02 697.3
2000 5 11 12 49442.4 5.806 250.08 6.33 13.89 4.10 745.7
2000 5 12 12 49527.6 1.530 262.08 6.33 16.18 7.56 703.5
2000 5 13 12 49610.9 2.052 259.58 6.33 15.52 6.67 709.9
2000 5 14 12 49692.3 0.992 243.10 6.33 13.39 3.14 724.9
2000 5 15 12 49771.8 0.360 263.74 6.33 16.26 6.21 679.0
2000 5 16 12 49849.4 3.883 233.30 6.33 13.49 5.32 686.6
2000 5 17 12 49924.9 3.973 250.72 6.33 16.00 7.70 802.7
2000 5 18 12 49998.5 0.296 231.38 6.33 13.98 4.19 652.0
2000 5 19 12 50070.1 4.805 248.21 6.33 17.59 8.31 712.7
2000 5 20 12 50139.7 0.026 243.04 6.33 17.66 8.97 775.2
2000 5 21 12 50207.1 0.775 273.67 6.33 16.84 7.53 736.7
2000 5 22 12 50272.5 9.741 263.09 6.33 16.18 7.09 758.1
2000 5 23 12 50335.9 1.072 245.09 6.33 16.57 8.04 757.7
2000 5 24 12 50397.0 7.419 249.40 6.33 15.01 5.04 659.0
2000 5 25 12 50456.1 1.932 253.59 6.33 18.00 8.71 773.3
2000 5 26 12 50513.0 6.563 248.99 6.33 17.80 8.85 769.9
2000 5 27 12 50567.8 2.457 253.48 6.33 15.81 6.99 738.8
2000 5 28 12 50620.3 0.549 263.77 6.33 18.60 9.90 844.9
2000 5 29 12 50670.7 3.982 245.84 6.33 19.74 10.78 807.8
2000 5 30 12 50718.8 3.094 251.57 6.33 17.67 8.25 766.5
2000 5 31 12 50764.8 3.613 261.73 6.33 16.90 9.11 784.9
2000 6 1 12 50808.5 0.703 284.96 6.33 17.71 8.37 778.2
2000 6 2 12 50849.9 5.524 263.19 6.33 17.63 7.16 787.7
2000 6 3 12 50889.0 8.878 263.01 6.33 18.57 7.93 749.4
2000 6 4 12 50925.9 7.581 265.03 6.33 18.26 9.00 777.8
2000 6 5 12 50960.5 1.566 242.37 6.33 18.30 10.18 790.7
2000 6 6 12 50992.8 0.485 258.58 6.33 18.87 10.44 815.3
2000 6 7 12 51022.8 0.323 241.73 6.33 19.91 11.27 807.6
2000 6 8 12 51050.5 1.423 259.34 6.33 19.20 12.41 786.4
2000 6 9 12 51075.8 3.726 238.23 6.33 18.46 8.97 732.9
2000 6 10 12 51098.8 3.835 252.35 6.33 19.72 11.53 821.8
2000 6 11 12 51119.5 0.589 284.58 6.33 19.80 10.54 824.8
2000 6 12 12 51137.8 6.479 270.42 6.33 21.27 12.18 871.1
2000 6 13 12 51153.7 6.461 271.14 6.33 19.11 10.46 755.8
2000 6 14 12 51167.4 8.194 265.79 6.33 19.93 11.84 898.3
2000 6 15 12 51178.6 1.195 281.10 6.33 21.90 13.29 895.2
2000 6 16 12 51187.5 4.780 286.97 6.33 20.56 10.14 791.9
2000 6 17 12 51194.0 4.824 256.00 6.33 18.33 9.29 788.8
2000 6 18 12 51198.1 7.463 274.60 6.33 23.21 14.60 830.4
2000 6 19 12 51199.9 0.541 268.20 6.33 20.54 10.48 819.8
2000 6 20 12 51199.3 0.784 219.05 6.33 21.60 12.66 841.5
2000 6 21 12 51196.4 4.880 243.90 6.33 21.65 13.74 853.3
2000 6 22 12 51191.0 4.942 287.71 6.33 22.14 13.75 863.0
2000 6 23 12 51183.3 2.096 290.90 6.33 22.18 12.39 813.4
2000 6 24 12 51173.3 2.825 243.72 6.33 22.85 13.86 845.4
2000 6 25 12 51160.8 1.064 256.50 6.33 19.89 12.23 849.5
2000 6 26 12 51146.1 4.304 291.34 6.33 22.22 13.31 852.1
2000 6 27 12 51128.9 7.543 260.17 6.33 19.84 10.45 789.4
2000 6 28 12 51109.4 8.934 269.91 6.33 19.85 11.05 813.7
2000 6 29 12 51087.6 2.936 285.48 6.33 20.47 12.21 860.8
2000 6 30 12 51063.4 5.538 252.32 6.33 20.92 10.90 810.6
2000 7 1 12 51036.9 4.507 283.94 6.33 21.94 12.72 819.4
2000 7 2 12 51008.1 11.108 275.59 6.33 20.48 11.59 800.8
2000 7 3 12 50976.9 0.378 255.18 6.33 22.51 14.45 867.7
2000 7 4 12 50943.5 1.280 267.01 6.33 21.30 12.30 786.4
2000 7 5 12 50907.8 0.347 249.33 6.33 22.47 13.96 873.9
2000 7 6 12 50869.7 4.059 273.22 6.33 18.57 8.74 717.5
2000 7 7 12 50829.4 3.440 269.71 6.33 20.23 11.29 790.5
2000 7 8 12 50786.9 1.965 246.79 6.33 22.38 14.45 886.5
2000 7 9 12 50742.1 0.714 279.10 6.33 22.01 12.34 859.6
2000 7 10 12 50695.1 4.252 252.21 6.33 25.13 17.03 899.9
2000 7 11 12 50645.8 1.035 234.97 6.33 25.47 17.24 955.8
2000 7 12 12 50594.3 1.510 239.45 6.33 19.13 10.68 747.8
2000 7 13 12 50540.7 1.339 251.79 6.33 20.38 13.19 889.4
2000 7 14 12 50484.8 5.555 258.31 6.33 20.70 10.96 797.1
2000 7 15 12 50426.8 1.782 256.42 6.33 20.12 11.04 802.4
2000 7 16 12 50366.7 0.322 231.97 6.33 21.67 12.99 827.3
2000 7 17 12 50304.5 1.652 254.83 6.33 23.66 13.74 905.9
2000 7 18 12 50240.1 1.746 241.54 6.33 22.96 13.66 868.8
2000 7 19 12 50173.7 1.105 242.36 6.33 23.23 14.38 882.1
2000 7 20 12 50105.1 4.492 247.33 6.33 20.49 12.24 780.3
2000 7 21 12 50034.6 0.928 246.09 6.33 21.33 11.93 788.6
2000 7 22 12 49962.0 0.796 265.31 6.33 21.84 12.19 764.7
2000 7 23 12 49887.4 15.189 269.68 6.33 21.83 12.20 893.0
2000 7 24 12 49810.8 0.844 255.22 6.33 19.91 11.22 816.7
2000 7 25 12 49732.3 0.524 232.20 6.33 19.81 12.46 819.4
2000 7 26 12 49651.8 0.558 231.89 6.33 21.45 11.85 807.5
2000 7 27 12 49569.5 1.471 244.02 6.33 21.44 11.94 884.7
2000 7 28 12 49485.2 3.490 235.12 6.33 21.65 12.51 933.3
2000 7 29 12 49399.1 0.389 254.93 6.33 21.58 13.35 891.2
2000 7 30 12 49311.1 4.384 233.49 6.33 21.25 11.42 832.2
2000 7 31 12 49221.3 1.037 243.11 6.33 22.59 14.84 897.6
2000 8 1 12 49129.8 0.333 263.69 6.33 20.31 13.18 869.7
2000 8 2 12 49036.5 2.843 256.60 6.33 23.35 14.95 983.5
2000 8 3 12 48941.4 2.635 221.06 6.33 21.02 11.32 826.0
2000 8 4 12 48844.7 0.850 232.25 6.33 21.55 12.80 860.2
2000 8 5 12 48746.2 0.532 239.81 6.33 21.19 12.68 851.5
2000 8 6 12 48646.2 2.128 235.60 6.33 21.39 10.80 829.9
2000 8 7 12 48544.5 5.075 235.29 6.33 21.71 14.95 885.0
2000 8 8 12 48441.3 1.875 220.08 6.33 22.76 14.64 921.8
2000 8 9 12 48336.4 3.150 232.50 6.33 21.25 13.51 852.3
2000 8 10 12 48230.1 0.467 237.22 6.33 21.27 13.50 807.2
2000 8 11 12 48122.3 0.493 251.27 6.33 22.21 13.17 827.0
2000 8 12 12 48013.0 1.439 260.69 6.33 19.87 10.91 767.9
2000 8 13 12 47902.3 1.846 263.01 6.33 19.78 10.46 801.6
2000 8 14 12 47790.2 1.098 219.72 6.33 21.78 12.24 870.9
2000 8 15 12 47676.7 2.070 243.75 6.33 22.32 14.27 872.7
2000 8 16 12 47561.9 1.564 219.12 6.33 21.70 12.25 859.6
2000 8 17 12 47445.8 3.494 236.49 6.33 20.83 11.95 818.1
2000 8 18 12 47328.5 4.893 234.03 6.33 19.59 11.03 822.8
2000 8 19 12 47209.9 0.721 203.57 6.33 22.41 14.25 890.3
2000 8 20 12 47090.2 0.021 245.12 6.33 19.28 9.28 787.4
2000 8 21 12 46969.3 0.154 252.24 6.33 20.95 13.17 862.6
2000 8 22 12 46847.3 0.174 211.46 6.33 18.71 10.71 846.8
2000 8 23 12 46724.2 0.825 222.38 6.33 23.02 15.09 856.0
2000 8 24 12 46600.0 0.066 248.50 6.33 18.82 9.99 797.8
2000 8 25 12 46474.8 1.303 226.77 6.33 20.14 10.57 806.1
2000 8 26 12 46348.7 2.975 216.11 6.33 17.18 8.05 808.4
2000 8 27 12 46221.7 2.001 220.02 6.33 23.05 13.18 840.3
2000 8 28 12 46093.7 1.332 214.18 6.33 21.42 11.84 888.8
2000 8 29 12 45964.9 1.998 230.76 6.33 20.51 12.42 858.4
2000 8 30 12 45835.3 0.770 233.80 6.33 18.15 9.39 785.9
2000 8 31 12 45704.9 1.523 193.05 6.33 20.36 12.37 883.6
2000 9 1 12 45573.7 1.004 175.30 6.33 17.55 8.43 772.3
2000 9 2 12 45441.8 0.937 189.71 6.33 20.11 11.02 814.9
2000 9 3 12 45309.3 3.564 180.30 6.33 16.18 7.24 707.0
2000 9 4 12 45176.2 5.783 204.38 6.33 17.65 9.49 757.1
2000 9 5 12 45042.4 0.119 206.21 6.33 16.51 8.54 810.8
2000 9 6 12 44908.2 2.180 205.04 6.33 18.38 10.35 849.5
2000 9 7 12 44773.4 0.942 170.39 6.33 15.29 4.85 655.0
2000 9 8 12 44638.1 0.298 223.00 6.33 19.02 11.77 872.0
2000 9 9 12 44502.5 2.915 183.60 6.33 18.73 10.31 836.1
2000 9 10 12 44366.4 1.273 186.60 6.33 17.34 7.06 750.4
2000 9 11 12 44230.0 0.298 195.65 6.33 17.96 8.75 774.2
2000 9 12 12 44093.3 1.446 199.89 6.33 18.48 11.01 777.6
2000 9 13 12 43956.3 0.925 191.50 6.33 16.20 7.14 767.5
2000 9 14 12 43819.1 1.715 197.29 6.33 16.50 7.29 743.7
2000 9 15 12 43681.7 3.481 185.55 6.33 16.36 6.05 707.6
2000 9 16 12 43544.2 1.209 211.15 6.33 15.63 7.91 700.9
2000 9 17 12 43406.5 2.473 156.42 6.33 16.63 7.91 747.0
2000 9 18 12 43268.9 0.990 180.94 6.33 18.03 9.12 787.4
2000 9 19 12 43131.1 3.062 212.30 6.33 16.18 6.93 755.9
2000 9 20 12 42993.5 1.634 174.38 6.33 15.48 7.51 780.4
2000 9 21 12 42855.8 0.194 169.62 6.33 17.63 8.73 780.5
2000 9 22 12 42718.3 0.222 171.86 6.33 16.29 6.39 718.5
2000 9 23 12 42580.9 3.148 192.58 6.33 14.44 5.82 710.6
2000 9 24 12 42443.7 0.344 197.96 6.33 16.67 8.18 726.8
2000 9 25 12 42306.7 0.450 178.58 6.33 13.85 3.42 646.6
2000 9 26 12 42170.0 0.468 160.82 6.33 14.04 6.07 694.6
2000 9 27 12 42033.6 0.282 150.75 6.33 12.69 3.03 665.4
2000 9 28 12 41897.5 3.966 158.63 6.33 16.52 7.30 783.3
2000 9 29 12 41761.9 1.352 155.41 6.33 15.18 5.03 713.0
2000 9 30 12 41626.6 0.295 195.53 6.33 15.55 6.89 693.4
2000 10 1 12 41491.8 0.793 160.16 6.33 14.11 4.87 676.0
2000 10 2 12 41357.6 0.598 145.64 6.33 10.43 2.29 616.8
2000 10 3 12 41223.8 2.769 134.37 6.33 15.26 5.28 705.0
2000 10 4 12 41090.7 1.427 165.97 6.33 14.27 5.03 743.1
2000 10 5 12 40958.2 0.137 157.43 6.33 12.38 4.51 723.7
2000 10 6 12 40826.3 1.166 172.66 6.33 13.00 2.76 642.1
2000 10 7 12 40695.1 1.099 156.33 6.33 12.39 3.86 731.7
2000 10 8 12 40564.7 0.019 158.84 6.33 12.83 5.30 698.1
2000 10 9 12 40435.1 0.203 170.23 6.33 12.78 3.75 608.8
2000 10 10 12 40306.3 5.957 156.87 6.33 13.12 4.78 679.7
2000 10 11 12 40178.3 0.392 148.33 6.33 14.46 5.11 709.1
2000 10 12 12 40051.3 0.210 155.40 6.33 10.77 2.01 602.0
2000 10 13 12 39925.2 1.394 165.11 6.33 12.29 2.85 679.4
2000 10 14 12 39800.0 0.882 151.53 6.33 9.15 -0.59 537.8
2000 10 15 12 39675.8 0.518 155.52 6.33 9.58 -0.36 552.1
2000 10 16 12 39552.7 1.334 125.63 6.33 8.51 0.01 594.8
2000 10 17 12 39430.7 0.068 126.03 6.33 11.52 2.44 638.6
2000 10 18 12 39309.8 0.412 149.00 6.33 9.09 -0.46 640.5
2000 10 19 12 39190.1 0.914 123.44 6.33 10.43 1.39 659.6
2000 10 20 12 39071.5 3.263 140.58 6.33 11.00 2.68 609.1
2000 10 21 12 38954.2 1.057 137.66 6.33 9.99 1.30 611.6
2000 10 22 12 38838.1 1.002 144.83 6.33 8.74 -1.36 540.9
2000 10 23 12 38723.3 0.885 153.44 6.33 7.04 -1.54 610.1
2000 10 24 12 38609.8 1.745 133.10 6.33 7.69 -2.31 612.3
2000 10 25 12 38497.7 1.869 119.98 6.33 9.83 2.17 642.0
2000 10 26 12 38387.0 0.123 127.27 6.33 10.25 1.14 637.2
2000 10 27 12 38277.7 0.271 144.21 6.33 7.59 -0.98 623.1
2000 10 28 12 38169.9 0.311 129.18 6.33 10.09 -0.58 657.6
2000 10 29 12 38063.6 1.103 125.82 6.33 11.47 2.44 652.7
2000 10 30 12 37958.7 0.349 143.91 6.33 10.19 0.13 626.4
2000 10 31 12 37855.5 2.024 148.57 6.33 7.21 -2.66 564.1
2000 11 1 12 37753.8 2.037 118.31 6.33 8.42 -0.33 640.0
2000 11 2 12 37653.8 0.709 128.81 6.33 6.91 -1.76 542.5
2000 11 3 12 37555.3 0.994 103.99 6.33 8.72 0.01 632.7
2000 11 4 12 37458.6 0.912 109.10 6.33 5.33 -3.91 530.8
2000 11 5 12 37363.5 0.505 109.80 6.33 8.49 -1.04 555.2
2000 11 6 12 37270.2 1.950 110.06 6.33 3.12 -5.50 522.2
2000 11 7 12 37178.7 0.573 131.81 6.33 7.94 -0.94 586.0
2000 11 8 12 37088.9 1.747 121.73 6.33 4.95 -2.12 603.8
2000 11 9 12 37000.9 4.604 113.09 6.33 4.79 -4.27 501.7
2000 11 10 12 36914.8 3.296 81.78 6.33 4.96 -3.71 543.1
2000 11 11 12 36830.5 1.259 135.44 6.33 2.73 -5.22 447.3
2000 11 12 12 36748.2 1.117 154.33 6.33 5.82 -3.41 546.6
2000 11 13 12 36667.7 0.244 109.23 6.33 3.68 -6.25 456.2
2000 11 14 12 36589.2 1.656 108.22 6.33 4.95 -5.41 491.4
2000 11 15 12 36512.6 0.379 101.09 6.33 5.68 -2.80 574.0
2000 11 16 12 36438.0 0.987 93.48 6.33 3.69 -4.91 493.5
2000 11 17 12 36365.4 2.655 130.46 6.33 3.06 -5.82 430.9
2000 11 18 12 36294.9 4.105 137.14 6.33 3.78 -5.88 479.5
2000 11 19 12 36226.3 2.077 124.10 6.33 2.55 -6.46 455.7
2000 11 20 12 36159.9 1.911 98.77 6.33 3.08 -5.20 499.0
2000 11 21 12 36095.5 3.849 116.40 6.33 2.35 -7.83 474.0
2000 11 22 12 36033.3 1.258 103.23 6.33 4.24 -4.21 525.2
2000 11 23 12 35973.2 0.089 127.99 6.33 4.42 -4.75 484.1
2000 11 24 12 35915.2 0.992 128.65 6.33 3.07 -6.14 469.5
2000 11 25 12 35859.3 1.066 85.27 6.33 2.59 -7.23 405.7
2000 11 26 12 35805.7 0.539 108.89 6.33 2.55 -6.00 466.4
2000 11 27 12 35754.2 0.999 129.14 6.33 2.69 -7.40 524.7
2000 11 28 12 35704.9 2.016 95.20 6.33 4.66 -4.15 549.6
2000 11 29 12 35657.9 0.130 118.29 6.33 -0.75 -9.29 398.5
2000 11 30 12 35613.1 2.337 112.27 6.33 -1.28 -10.42 407.6
2000 12 1 12 35570.6 1.125 121.18 6.33 1.17 -6.92 485.7
2000 12 2 12 35530.3 3.604 74.44 6.33 0.94 -8.03 401.5
2000 12 3 12 35492.2 0.069 98.76 6.33 0.63 -8.93 394.6
2000 12 4 12 35456.5 1.035 104.25 6.33 3.78 -3.85 490.3
2000 12 5 12 35423.1 2.481 130.91 6.33 2.70 -6.20 473.1
2000 12 6 12 35391.9 0.627 94.18 6.33 3.23 -6.54 475.3
2000 12 7 12 35363.1 0.793 121.63 6.33 0.27 -9.20 417.5
2000 12 8 12 35336.6 1.824 120.81 6.33 -1.33 -11.30 355.9
2000 12 9 12 35312.4 2.182 96.41 6.33 2.15 -7.13 416.2
2000 12 10 12 35290.6 2.257 101.63 6.33 1.09 -8.32 436.3
2000 12 11 12 35271.1 4.756 91.30 6.33 0.21 -8.66 384.1
2000 12 12 12 35253.9 0.210 120.29 6.33 0.77 -7.72 407.1
2000 12 13 12 35239.2 0.469 77.79 6.33 1.89 -7.06 421.0
2000 12 14 12 35226.7 0.261 69.12 6.33 2.27 -5.70 455.9
2000 12 15 12 35216.7 0.736 139.94 6.33 -0.05 -8.76 388.0
2000 12 16 12 35209.0 0.755 92.58 6.33 1.08 -8.56 439.1
2000 12 17 12 35203.6 0.832 78.13 6.33 2.89 -5.63 474.9
2000 12 18 12 35200.7 0.007 125.52 6.33 0.05 -7.86 461.2
2000 12 19 12 35200.1 1.165 79.31 6.33 -1.39 -11.07 377.1
2000 12 20 12 35201.9 0.136 123.85 6.33 -1.01 -9.75 393.6
2000 12 21 12 35206.0 0.514 115.85 6.33 -1.06 -10.12 437.3
2000 12 22 12 35212.5 0.495 102.48 6.33 -1.08 -10.37 357.4
2000 12 23 12 35221.4 1.196 86.18 6.33 1.37 -8.74 415.9
2000 12 24 12 35232.6 2.429 99.05 6.33 -0.39 -9.82 370.2
2000 12 25 12 35246.3 1.596 87.63 6.33 -1.09 -8.37 441.2
2000 12 26 12 35262.2 10.244 101.57 6.33 -1.90 -11.16 354.6
2000 12 27 12 35280.5 0.256 104.75 6.33 -2.40 -11.84 403.2
2000 12 28 12 35301.2 4.683 74.23 6.33 -1.49 -10.23 361.6
2000 12 29 12 35324.2 3.148 98.95 6.33 0.97 -8.12 437.5
2000 12 30 12 35349.5 2.250 94.18 6.33 0.72 -8.50 410.6
2000 12 31 12 35377.2 4.045 118.01 6.33 -3.03 -12.21 364.6
2001 1 1 12 35377.2 1.147 117.19 6.33 -2.46 -11.41 402.0
2001 1 2 12 35407.2 5.191 111.50 6.33 0.73 -9.84 422.9
2001 1 3 12 35439.5 0.256 86.69 6.33 -3.33 -11.43 387.4
2001 1 4 12 35474.1 2.486 124.75 6.33 -2.90 -11.48 330.6
2001 1 5 12 35511.0 2.325 108.59 6.33 -1.43 -8.53 360.9
2001 1 6 12 35550.1 2.597 93.99 6.33 -2.12 -10.62 361.0
2001 1 7 12 35591.5 4.322 113.96 6.33 0.95 -7.86 458.4
2001 1 8 12 35635.2 6.314 105.09 6.33 -2.41 -11.66 351.2
2001 1 9 12 35681.2 3.262 106.96 6.33 -2.39 -12.84 332.1
2001 1 10 12 35729.3 3.153 109.16 6.33 -1.26 -10.50 432.3
2001 1 11 12 35779.7 1.084 92.51 6.33 -0.55 -10.68 395.9
2001 1 12 12 35832.2 0.761 76.04 6.33 -1.76 -9.75 376.8
2001 1 13 12 35887.0 1.818 101.98 6.33 -1.01 -9.57 407.7
2001 1 14 12 35943.9 3.157 80.07 6.33 -0.48 -9.70 400.3
2001 1 15 12 36003.0 2.838 105.26 6.33 -2.84 -11.96 407.1
2001 1 16 12 36064.1 2.583 125.66 6.33 -0.84 -9.66 367.0
2001 1 17 12 36127.5 1.665 81.18 6.33 -3.42 -11.66 409.8
2001 1 18 12 36192.9 2.749 123.23 6.33 -1.87 -11.05 399.1
2001 1 19 12 36260.3 0.693 127.47 6.33 -2.91 -12.07 329.8
2001 1 20 12 36329.9 9.755 109.01 6.33 -2.25 -11.63 362.4
2001 1 21 12 36401.5 4.503 111.53 6.33 0.69 -7.37 482.5
2001 1 22 12 36475.1 1.412 118.14 6.33 -0.21 -9.67 381.3
2001 1 23 12 36550.6 1.187 108.12 6.33 -0.04 -10.09 369.6
2001 1 24 12 36628.2 3.387 110.87 6.33 -3.79 -11.93 381.3
2001 1 25 12 36707.7 1.816 131.86 6.33 0.11 -9.64 360.8
2001 1 26 12 36789.1 4.615 99.45 6.33 -2.06 -11.08 396.8
2001 1 27 12 36872.4 2.025 113.50 6.33 0.37 -7.33 463.2
2001 1 28 12 36957.6 4.441 107.22 6.33 -1.87 -10.96 349.0
2001 1 29 12 37044.7 4.091 123.65 6.33 -2.87 -12.97 376.6
2001 1 30 12 37133.6 1.965 98.71 6.33 0.33 -9.38 426.0
2001 1 31 12 37224.2 0.507 131.42 6.33 -1.54 -10.55 446.9
2001 2 1 12 37316.7 0.010 107.10 6.33 -3.37 -12.47 328.7
2001 2 2 12 37410.8 4.565 124.09 6.33 -3.21 -12.76 301.3
2001 2 3 12 37506.7 0.377 108.36 6.33 -0.80 -11.91 332.8
2001 2 4 12 37604.3 1.555 114.40 6.33 -2.39 -10.80 397.4
2001 2 5 12 37703.6 2.616 110.01 6.33 -1.57 -9.44 435.4
2001 2 6 12 37804.5 5.566 116.32 6.33 2.50 -7.80 477.3
2001 2 7 12 37906.9 0.814 131.28 6.33 -2.43 -11.92 397.5
2001 2 8 12 38011.0 5.032 148.42 6.33 -0.59 -10.65 418.4
2001 2 9 12 38116.5 2.767 103.25 6.33 -4.00 -12.80 323.8
2001 2 10 12 38223.6 0.187 134.52 6.33 -3.52 -11.42 456.6
2001 2 11 12 38332.2 2.466 123.70 6.33 -2.03 -11.39 380.6
2001 2 12 12 38442.2 0.545 139.53 6.33 -0.96 -9.02 413.8
2001 2 13 12 38553.6 0.105 142.63 6.33 -1.42 -11.59 412.9
2001 2 14 12 38666.4 5.667 118.45 6.33 -1.40 -9.67 356.3
2001 2 15 12 38780.5 0.325 137.71 6.33 2.12 -6.44 547.3
2001 2 16 12 38896.0 0.946 125.19 6.33 -2.38 -12.45 335.1
2001 2 17 12 39012.7 5.991 135.08 6.33 0.20 -8.15 459.3
2001 2 18 12 39130.6 4.119 153.15 6.33 -1.79 -11.15 385.3
2001 2 19 12 39249.8 1.453 151.10 6.33 -0.86 -11.13 410.9
2001 2 20 12 39370.1 1.576 138.95 6.33 -0.14 -9.63 400.3
2001 2 21 12 39491.6 2.300 154.73 6.33 -1.32 -10.83 390.1
2001 2 22 12 39614.2 0.210 145.31 6.33 3.08 -6.28 468.0
2001 2 23 12 39737.8 0.057 129.78 6.33 0.12 -9.11 417.4
2001 2 24 12 39862.5 2.606 149.97 6.33 0.33 -7.73 487.1
2001 2 25 12 39988.1 4.343 140.73 6.33 0.51 -8.76 445.9
2001 2 26 12 40114.7 0.382 158.47 6.33 2.44 -7.58 483.4
2001 2 27 12 40242.2 1.807 155.80 6.33 -0.82 -8.02 451.7
2001 2 28 12 40370.6 5.932 142.75 6.33 0.86 -8.30 448.4
2001 3 1 12 40499.8 2.376 131.46 6.33 3.34 -5.76 461.9
2001 3 2 12 40629.8 4.566 161.65 6.33 0.02 -9.80 471.8
2001 3 3 12 40760.6 1.107 161.77 6.33 2.75 -6.81 443.0
2001 3 4 12 40892.1 2.910 165.23 6.33 1.31 -8.56 392.1
2001 3 5 12 41024.3 8.100 154.47 6.33 3.46 -5.70 493.4
2001 3 6 12 41157.2 1.084 154.52 6.33 4.05 -4.19 513.2
2001 3 7 12 41290.6 0.985 152.28 6.33 1.04 -9.32 445.4
2001 3 8 12 41424.6 1.347 189.23 6.33 1.70 -7.35 465.7
2001 3 9 12 41559.2 0.634 151.21 6.33 -0.31 -8.88 457.5
2001 3 10 12 41694.2 1.831 160.19 6.33 1.30 -8.82 439.2
2001 3 11 12 41829.7 2.394 179.61 6.33 1.85 -6.61 462.1
2001 3 12 12 41965.5 5.124 197.00 6.33 1.18 -7.91 406.1
2001 3 13 12 42101.8 2.212 176.54 6.33 3.24 -6.28 447.7
2001 3 14 12 42238.3 2.617 134.67 6.33 1.65 -8.01 408.2
2001 3 15 12 42375.2 3.045 154.64 6.33 3.58 -4.75 487.9
2001 3 16 12 42512.3 1.238 171.16 6.33 1.37 -8.25 446.8
2001 3 17 12 42649.6 2.764 190.72 6.33 3.67 -4.21 435.2
2001 3 18 12 42787.0 0.344 210.01 6.33 5.12 -4.24 504.7
2001 3 19 12 42924.6 13.290 169.19 6.33 3.26 -6.16 516.2
2001 3 20 12 43062.3 3.963 152.73 6.33 0.91 -8.53 420.5
2001 3 21 12 43200.0 5.087 170.92 6.33 4.97 -4.75 600.9
2001 3 22 12 43337.7 1.970 181.32 6.33 5.63 -3.17 534.8
2001 3 23 12 43475.4 0.409 165.40 6.33 4.59 -3.45 525.2
2001 3 24 12 43613.0 10.378 204.35 6.33 3.20 -6.50 467.2
2001 3 25 12 43750.4 2.133 178.12 6.33 6.56 -1.85 533.3
2001 3 26 12 43887.7 1.824 189.97 6.33 5.46 -2.72 501.4
2001 3 27 12 44024.8 0.164 186.62 6.33 6.19 -2.64 577.5
2001 3 28 12 44161.7 2.099 205.05 6.33 6.58 -1.95 569.0
2001 3 29 12 44298.2 7.104 197.71 6.33 5.70 -3.10 551.8
2001 3 30 12 44434.5 0.954 183.38 6.33 5.76 -3.80 532.5
2001 3 31 12 44570.3 0.872 198.91 6.33 4.57 -5.80 431.9
2001 4 1 12 44705.8 2.587 203.15 6.33 5.70 -2.80 545.6
2001 4 2 12 44840.8 2.046 205.70 6.33 5.96 -3.78 589.4
2001 4 3 12 44975.4 1.685 208.83 6.33 5.73 -3.56 508.9
2001 4 4 12 45109.4 0.985 195.65 6.33 7.66 -0.75 598.9
2001 4 5 12 45242.8 2.016 176.65 6.33 6.92 -2.95 549.7
2001 4 6 12 45375.7 4.848 196.09 6.33 6.72 -1.92 524.8
2001 4 7 12 45507.9 0.192 212.20 6.33 8.18 -1.36 614.1
2001 4 8 12 45639.4 7.450 207.71 6.33 7.96 -1.14 548.9
2001 4 9 12 45770.2 6.159 204.45 6.33 10.43 1.66 620.7
2001 4 10 12 45900.2 1.652 212.89 6.33 9.96 1.20 643.3
2001 4 11 12 46029.4 5.735 196.57 6.33 6.94 -2.57 553.7
2001 4 12 12 46157.8 1.425 197.90 6.33 9.18 -0.42 589.7
2001 4 13 12 46285.3 7.542 204.61 6.33 9.58 0.28 656.6
2001 4 14 12 46411.9 1.531 177.77 6.33 10.75 1.61 687.2
2001 4 15 12 46537.5 1.476 203.39 6.33 7.76 -0.40 568.9
2001 4 16 12 46662.2 1.382 211.75 6.33 9.67 -0.28 582.7
2001 4 17 12 46785.8 1.040 211.88 6.33 9.14 -0.47 609.5
2001 4 18 12 46908.4 3.960 179.66 6.33 8.07 -1.58 575.6
2001 4 19 12 47029.9 2.479 205.29 6.33 11.54 1.70 609.2
2001 4 20 12 47150.2 2.162 220.46 6.33 11.60 0.92 650.6
2001 4 21 12 47269.4 2.535 214.72 6.33 11.07 3.58 692.5
2001 4 22 12 47387.3 11.363 198.82 6.33 10.43 2.23 624.0
2001 4 23 12 47504.0 0.917 227.79 6.33 10.99 0.56 621.2
2001 4 24 12 47619.5 0.093 195.01 6.33 10.32 0.89 597.3
2001 4 25 12 47733.6 2.035 222.46 6.33 9.91 0.36 589.3
2001 4 26 12 47846.4 3.720 204.50 6.33 9.28 -0.18 654.2
2001 4 27 12 47957.8 0.410 193.91 6.33 12.02 3.79 631.0
2001 4 28 12 48067.8 18.664 220.73 6.33 11.92 3.18 658.5
2001 4 29 12 48176.4 10.453 233.14 6.33 12.84 2.14 687.9
2001 4 30 12 48283.5 6.735 213.43 6.33 11.13 3.14 687.2
2001 5 1 12 48389.0 2.058 239.46 6.33 9.27 -0.32 609.7
2001 5 2 12 48493.1 9.979 246.07 6.33 12.68 3.77 646.9
2001 5 3 12 48595.5 1.746 209.12 6.33 13.83 4.62 661.8
2001 5 4 12 48696.4 0.118 230.16 6.33 10.23 1.99 629.3
2001 5 5 12 48795.7 2.850 239.80 6.33 10.89 2.04 676.1
2001 5 6 12 48893.3 6.895 239.45 6.33 12.36 2.72 662.1
2001 5 7 12 48989.2 1.193 232.05 6.33 12.06 3.19 615.4
2001 5 8 12 49083.3 4.969 242.94 6.33 15.52 7.18 723.3
2001 5 9 12 49175.8 1.340 250.00 6.33 16.10 6.77 717.2
2001 5 10 12 49266.4 3.077 223.86 6.33 14.54 5.32 696.9
2001 5 11 12 49355.3 0.124 254.30 6.33 15.16 6.76 678.3
2001 5 12 12 49442.4 0.399 257.78 6.33 14.99 6.25 711.7
2001 5 13 12 49527.6 1.589 243.47 6.33 13.67 3.25 656.1
2001 5 14 12 49610.9 7.217 227.78 6.33 16.50 8.03 769.3
2001 5 15 12 49692.3 0.317 274.87 6.33 16.48 6.55 694.4
2001 5 16 12 49771.8 0.657 233.65 6.33 16.37 6.85 760.7
2001 5 17 12 49849.4 1.673 264.42 6.33 16.43 6.48 737.7
2001 5 18 12 49924.9 1.429 268.74 6.33 14.20 4.84 728.0
2001 5 19 12 49998.5 5.762 231.86 6.33 16.12 8.03 771.1
2001 5 20 12 50070.1 6.402 254.04 6.33 16.18 6.40 728.1
2001 5 21 12 50139.7 3.961 238.09 6.33 16.73 7.72 719.3
2001 5 22 12 50207.1 5.980 266.77 6.33 16.16 6.32 683.8
2001 5 23 12 50272.5 1.607 246.18 6.33 15.37 6.22 714.4
2001 5 24 12 50335.9 5.870 235.32 6.33 14.27 4.61 726.1
2001 5 25 12 50397.0 2.081 250.76 6.33 17.73 8.46 760.2
2001 5 26 12 50456.1 4.934 247.90 6.33 14.77 5.18 756.0
2001 5 27 12 50513.0 2.635 231.38 6.33 15.81 6.84 709.9
2001 5 28 12 50567.8 0.054 274.58 6.33 18.53 9.27 759.3
2001 5 29 12 50620.3 3.700 241.98 6.33 18.17 9.33 797.8
2001 5 30 12 50670.7 4.911 239.40 6.33 18.40 9.93 794.0
2001 5 31 12 50718.8 6.152 257.87 6.33 19.27 11.43 821.6
2001 6 1 12 50764.8 0.245 273.05 6.33 20.74 10.43 790.6
2001 6 2 12 50808.5 1.612 244.65 6.33 19.31 11.16 809.0
2001 6 3 12 50849.9 4.544 264.12 6.33 17.42 8.19 752.7
2001 6 4 12 50889.0 2.387 247.53 6.33 19.68 9.77 841.7
2001 6 5 12 50925.9 7.102 250.71 6.33 18.66 10.27 847.6
2001 6 6 12 50960.5 0.312 253.03 6.33 17.32 9.60 814.2
2001 6 7 12 50992.8 0.566 247.49 6.33 21.84 12.20 888.2
2001 6 8 12 51022.8 1.828 240.62 6.33 20.28 12.59 815.5
2001 6 9 12 51050.5 0.021 269.58 6.33 17.45 9.09 840.4
2001 6 10 12 51075.8 2.050 262.33 6.33 20.35 10.78 852.0
2001 6 11 12 51098.8 3.590 261.05 6.33 20.42 12.03 803.5
2001 6 12 12 51119.5 0.865 261.89 6.33 19.28 10.16 853.6
2001 6 13 12 51137.8 7.060 231.64 6.33 18.74 9.06 815.4
2001 6 14 12 51153.7 0.490 246.42 6.33 20.52 12.22 867.9
2001 6 15 12 51167.4 7.326 251.07 6.33 17.14 7.14 691.9
2001 6 16 12 51178.6 3.648 262.41 6.33 22.73 13.32 871.6
2001 6 17 12 51187.5 8.611 273.78 6.33 15.95 7.68 761.7
2001 6 18 12 51194.0 2.173 255.31 6.33 21.32 12.39 849.5
2001 6 19 12 51198.1 1.565 255.84 6.33 19.53 11.06 854.8
2001 6 20 12 51199.9 2.411 259.16 6.33 19.43 11.53 831.5
2001 6 21 12 51199.3 0.522 281.31 6.33 20.29 11.03 798.7
2001 6 22 12 51196.4 5.582 279.21 6.33 20.72 10.91 829.2
2001 6 23 12 51191.0 2.808 277.96 6.33 22.88 14.30 879.9
2001 6 24 12 51183.3 1.678 266.11 6.33 20.40 11.73 837.9
2001 6 25 12 51173.3 7.250 284.92 6.33 24.31 14.77 857.4
2001 6 26 12 51160.8 1.846 218.82 6.33 21.76 13.90 848.8
2001 6 27 12 51146.1 0.685 240.65 6.33 21.74 11.59 788.3
2001 6 28 12 51128.9 0.960 247.87 6.33 21.11 12.19 809.7
2001 6 29 12 51109.4 0.546 267.42 6.33 19.69 10.39 851.4
2001 6 30 12 51087.6 9.606 287.38 6.33 20.64 11.48 839.7
2001 7 1 12 51063.4 4.933 274.92 6.33 22.93 14.42 855.7
2001 7 2 12 51036.9 1.460 247.48 6.33 21.58 12.78 876.6
2001 7 3 12 51008.1 1.168 248.58 6.33 21.42 12.18 880.7
2001 7 4 12 50976.9 5.005 253.10 6.33 22.75 14.38 869.6
2001 7 5 12 50943.5 0.682 274.91 6.33 21.14 13.22 848.9
2001 7 6 12 50907.8 1.283 276.00 6.33 18.65 8.85 760.1
2001 7 7 12 50869.7 10.337 268.88 6.33 20.76 12.02 843.5
2001 7 8 12 50829.4 0.251 257.89 6.33 22.03 13.04 829.0
2001 7 9 12 50786.9 0.992 260.44 6.33 22.10 12.26 864.5
2001 7 10 12 50742.1 0.925 265.30 6.33 20.21 12.10 840.3
2001 7 11 12 50695.1 1.132 259.51 6.33 23.56 14.99 913.3
2001 7 12 12 50645.8 0.684 233.73 6.33 22.85 13.16 879.6
2001 7 13 12 50594.3 0.505 268.93 6.33 23.27 15.40 913.9
2001 7 14 12 50540.7 1.797 265.34 6.33 21.13 13.54 880.8
2001 7 15 12 50484.8 2.908 252.06 6.33 24.26 14.75 869.0
2001 7 16 12 50426.8 10.157 266.08 6.33 23.13 15.57 916.3
2001 7 17 12 50366.7 0.158 253.39 6.33 21.52 12.30 875.3
2001 7 18 12 50304.5 2.054 253.22 6.33 22.90 12.64 829.4
2001 7 19 12 50240.1 2.919 280.54 6.33 23.49 13.96 834.1
2001 7 20 12 50173.7 0.136 251.79 6.33 24.76 15.33 917.9
2001 7 21 12 50105.1 3.257 257.83 6.33 22.26 12.53 903.6
2001 7 22 12 50034.6 2.189 247.16 6.33 23.56 13.87 876.7
2001 7 23 12 49962.0 0.796 226.43 6.33 23.69 14.45 901.4
2001 7 24 12 49887.4 3.541 248.79 6.33 22.27 13.27 913.7
2001 7 25 12 49810.8 8.895 241.32 6.33 23.25 13.12 857.6
2001 7 26 12 49732.3 0.263 230.65 6.33 23.91 14.47 835.2
2001 7 27 12 49651.8 0.429 224.13 6.33 20.22 11.76 840.6
2001 7 28 12 49569.5 1.085 246.42 6.33 23.35 14.15 898.1
2001 7 29 12 49485.2 1.649 238.35 6.33 23.13 13.73 877.2
2001 7 30 12 49399.1 3.253 229.34 6.33 21.53 11.47 800.4
2001 7 31 12 49311.1 5.673 258.01 6.33 25.27 15.62 913.6
2001 8 1 12 49221.3 4.166 241.96 6.33 21.00 13.84 852.5
2001 8 2 12 49129.8 4.906 247.52 6.33 23.64 15.86 913.9
2001 8 3 12 49036.5 2.574 259.36 6.33 24.42 15.62 913.8
2001 8 4 12 48941.4 1.565 256.91 6.33 21.74 11.85 810.0
2001 8 5 12 48844.7 1.281 246.35 6.33 24.15 14.81 917.9
2001 8 6 12 48746.2 0.197 262.71 6.33 20.89 12.40 842.4
2001 8 7 12 48646.2 1.969 260.22 6.33 18.46 9.94 776.3
2001 8 8 12 48544.5 0.446 234.40 6.33 20.30 11.50 841.3
2001 8 9 12 48441.3 0.029 202.78 6.33 21.41 13.33 843.9
2001 8 10 12 48336.4 2.361 230.29 6.33 22.51 12.74 884.5
2001 8 11 12 48230.1 0.752 234.10 6.33 23.14 14.80 862.5
2001 8 12 12 48122.3 6.613 251.70 6.33 21.11 12.27 873.3
2001 8 13 12 48013.0 2.348 239.66 6.33 23.31 15.00 876.0
2001 8 14 12 47902.3 1.047 225.28 6.33 19.18 9.93 751.9
2001 8 15 12 47790.2 4.359 222.04 6.33 23.05 14.83 867.9
2001 8 16 12 47676.7 2.820 236.29 6.33 21.13 12.89 860.5
2001 8 17 12 47561.9 0.125 218.68 6.33 20.86 11.59 788.2
2001 8 18 12 47445.8 0.182 252.89 6.33 20.01 11.43 825.5
2001 8 19 12 47328.5 2.613 237.66 6.33 18.99 10.39 804.3
2001 8 20 12 47209.9 0.915 192.84 6.33 18.52 10.38 777.5
2001 8 21 12 47090.2 5.628 193.24 6.33 20.66 11.28 828.6
2001 8 22 12 46969.3 2.394 218.38 6.33 20.23 11.64 838.6
2001 8 23 12 46847.3 0.546 204.01 6.33 19.36 11.17 834.7
2001 8 24 12 46724.2 0.427 191.08 6.33 18.88 10.41 784.1
2001 8 25 12 46600.0 3.485 244.41 6.33 19.25 10.40 866.3
2001 8 26 12 46474.8 2.054 209.52 6.33 23.07 14.81 890.5
2001 8 27 12 46348.7 2.600 213.77 6.33 17.66 8.18 717.9
2001 8 28 12 46221.7 0.168 215.54 6.33 17.21 7.84 785.9
2001 8 29 12 46093.7 0.183 230.53 6.33 18.32 9.72 808.0
2001 8 30 12 45964.9 2.669 197.64 6.33 19.99 12.04 816.2
2001 8 31 12 45835.3 1.467 217.56 6.33 18.38 9.05 766.5
2001 9 1 12 45704.9 2.394 182.22 6.33 19.54 10.27 800.4
2001 9 2 12 45573.7 0.665 188.85 6.33 19.53 10.74 784.4
2001 9 3 12 45441.8 0.470 200.30 6.33 20.02 11.19 833.6
2001 9 4 12 45309.3 3.126 192.65 6.33 19.24 10.65 827.0
2001 9 5 12 45176.2 3.679 198.27 6.33 18.53 9.41 815.6
2001 9 6 12 45042.4 2.365 219.11 6.33 20.45 10.20 754.9
2001 9 7 12 44908.2 2.187 186.99 6.33 16.34 7.89 754.2
2001 9 8 12 44773.4 0.046 189.15 6.33 15.66 7.05 728.6
2001 9 9 12 44638.1 1.078 181.22 6.33 17.44 8.80 755.4
2001 9 10 12 44502.5 0.744 174.47 6.33 17.93 8.88 802.9
2001 9 11 12 44366.4 2.080 184.52 6.33 18.01 9.82 814.4
2001 9 12 12 44230.0 0.550 185.62 6.33 17.19 7.80 756.9
2001 9 13 12 44093.3 6.388 186.65 6.33 18.04 9.43 787.1
2001 9 14 12 43956.3 0.247 188.94 6.33 17.27 7.32 718.9
2001 9 15 12 43819.1 0.831 197.22 6.33 16.69 9.07 762.6
2001 9 16 12 43681.7 0.143 174.47 6.33 17.48 6.78 789.9
2001 9 17 12 43544.2 0.155 214.39 6.33 15.51 6.20 741.6
2001 9 18 12 43406.5 0.654 186.63 6.33 16.28 6.12 728.3
2001 9 19 12 43268.9 2.831 197.04 6.33 18.86 9.40 804.8
2001 9 20 12 43131.1 2.874 211.74 6.33 16.03 6.17 715.6
2001 9 21 12 42993.5 1.311 177.41 6.33 18.27 8.71 772.1
2001 9 22 12 42855.8 1.089 176.98 6.33 17.58 8.89 777.3
2001 9 23 12 42718.3 2.989 167.02 6.33 17.14 7.64 756.3
2001 9 24 12 42580.9 1.660 185.97 6.33 14.79 4.91 759.0
2001 9 25 12 42443.7 0.578 177.63 6.33 14.37 6.10 664.5
2001 9 26 12 42306.7 0.362 180.89 6.33 15.12 7.01 753.1
2001 9 27 12 42170.0 0.356 157.60 6.33 13.89 5.52 687.5
2001 9 28 12 42033.6 1.644 166.10 6.33 15.33 6.55 733.6
2001 9 29 12 41897.5 1.245 150.99 6.33 15.33 6.26 728.8
2001 9 30 12 41761.9 1.475 146.07 6.33 15.91 6.60 694.5
2001 10 1 12 41626.6 0.401 166.22 6.33 12.23 4.59 668.7
2001 10 2 12 41491.8 0.078 175.52 6.33 11.82 3.44 679.4
2001 10 3 12 41357.6 0.960 159.44 6.33 11.43 2.39 654.2
2001 10 4 12 41223.8 0.257 164.55 6.33 10.96 0.53 588.8
2001 10 5 12 41090.7 0.734 170.16 6.33 15.75 6.95 743.1
2001 10 6 12 40958.2 0.268 135.46 6.33 12.84 2.55 657.8
2001 10 7 12 40826.3 0.900 163.86 6.33 14.13 5.21 728.1
2001 10 8 12 40695.1 1.397 157.29 6.33 11.63 3.25 669.6
2001 10 9 12 40564.7 2.173 144.25 6.33 12.98 4.79 679.2
2001 10 10 12 40435.1 1.261 160.79 6.33 12.00 2.52 675.4
2001 10 11 12 40306.3 0.580 138.21 6.33 9.65 0.12 511.3
2001 10 12 12 40178.3 0.369 146.44 6.33 14.50 4.23 701.0
2001 10 13 12 40051.3 0.939 157.71 6.33 13.01 3.44 661.7
2001 10 14 12 39925.2 3.042 152.44 6.33 8.79 -0.61 536.8
2001 10 15 12 39800.0 1.336 142.51 6.33 10.18 0.27 572.0
2001 10 16 12 39675.8 1.630 143.13 6.33 12.82 3.52 643.2
2001 10 17 12 39552.7 0.758 146.40 6.33 11.94 2.99 668.1
2001 10 18 12 39430.7 1.018 133.59 6.33 10.04 0.60 614.6
2001 10 19 12 39309.8 1.261 136.12 6.33 13.40 3.15 652.8
2001 10 20 12 39190.1 0.044 104.27 6.33 10.66 -0.60 594.0
2001 10 21 12 39071.5 0.988 148.84 6.33 7.80 0.09 628.9
2001 10 22 12 38954.2 0.007 163.81 6.33 11.09 2.00 669.1
2001 10 23 12 38838.1 2.658 143.76 6.33 8.00 -1.81 569.4
2001 10 24 12 38723.3 2.417 128.03 6.33 9.99 -0.11 618.8
2001 10 25 12 38609.8 1.499 144.23 6.33 9.81 0.37 645.2
2001 10 26 12 38497.7 0.263 152.68 6.33 6.83 -2.23 510.4
2001 10 27 12 38387.0 1.921 101.43 6.33 8.31 -0.67 583.8
2001 10 28 12 38277.7 1.594 130.47 6.33 12.46 4.31 715.2
2001 10 29 12 38169.9 2.815 147.77 6.33 6.14 -3.60 577.4
2001 10 30 12 38063.6 1.395 115.97 6.33 5.00 -3.87 507.2
2001 10 31 12 37958.7 2.147 107.24 6.33 8.33 0.28 551.1
2001 11 1 12 37855.5 1.122 114.69 6.33 9.04 -0.99 574.9
2001 11 2 12 37753.8 0.238 122.28 6.33 8.14 -0.39 569.7
2001 11 3 12 37653.8 1.344 132.00 6.33 7.11 -1.98 533.0
2001 11 4 12 37555.3 1.449 126.01 6.33 6.61 -2.45 537.9
2001 11 5 12 37458.6 1.370 112.15 6.33 8.62 -0.54 553.3
2001 11 6 12 37363.5 0.218 130.02 6.33 7.13 -2.25 532.8
2001 11 7 12 37270.2 2.427 126.77 6.33 6.39 -3.47 546.6
2001 11 8 12 37178.7 1.525 127.25 6.33 6.34 -2.35 498.5
2001 11 9 12 37088.9 1.006 117.11 6.33 6.28 -2.27 529.3
2001 11 10 12 37000.9 1.013 126.13 6.33 6.02 -1.85 586.5
2001 11 11 12 36914.8 1.325 130.66 6.33 5.33 -3.88 510.8
2001 11 12 12 36830.5 2.194 126.80 6.33 3.53 -5.90 498.7
2001 11 13 12 36748.2 3.718 118.12 6.33 4.52 -3.97 486.5
2001 11 14 12 36667.7 1.246 118.77 6.33 2.59 -6.05 472.6
2001 11 15 12 36589.2 0.062 119.45 6.33 4.33 -3.84 500.1
2001 11 16 12 36512.6 0.958 135.35 6.33 6.31 -3.89 529.0
2001 11 17 12 36438.0 2.316 121.00 6.33 6.15 -2.65 534.1
2001 11 18 12 36365.4 4.890 119.54 6.33 3.32 -5.76 457.2
2001 11 19 12 36294.9 0.097 134.87 6.33 6.75 -2.94 536.9
2001 11 20 12 36226.3 0.571 118.81 6.33 5.40 -4.37 523.6
2001 11 21 12 36159.9 2.011 96.73 6.33 6.20 -3.09 567.8
2001 11 22 12 36095.5 1.678 108.72 6.33 1.88 -7.16 487.6
2001 11 23 12 36033.3 1.536 77.79 6.33 2.66 -8.00 486.1
2001 11 24 12 35973.2 1.349 89.90 6.33 1.39 -7.16 400.9
2001 11 25 12 35915.2 0.658 64.30 6.33 5.09 -3.58 560.1
2001 11 26 12 35859.3 1.889 133.95 6.33 4.67 -4.10 521.4
2001 11 27 12 35805.7 1.683 138.27 6.33 -0.38 -8.38 440.0
2001 11 28 12 35754.2 2.117 124.17 6.33 3.19 -6.37 473.2
2001 11 29 12 35704.9 1.316 117.03 6.33 4.65 -4.27 509.0
2001 11 30 12 35657.9 6.150 98.04 6.33 0.94 -7.25 496.5
2001 12 1 12 35613.1 0.185 77.23 6.33 0.53 -8.73 458.1
2001 12 2 12 35570.6 0.335 95.53 6.33 2.66 -6.21 534.9
2001 12 3 12 35530.3 0.975 101.40 6.33 0.98 -7.49 472.1
2001 12 4 12 35492.2 0.584 88.27 6.33 3.97 -4.66 484.0
2001 12 5 12 35456.5 2.726 108.18 6.33 0.06 -9.58 432.9
2001 12 6 12 35423.1 0.359 96.03 6.33 2.61 -5.92 475.1
2001 12 7 12 35391.9 0.142 78.09 6.33 1.34 -6.69 483.4
2001 12 8 12 35363.1 0.986 124.82 6.33 1.10 -7.74 474.5
2001 12 9 12 35336.6 0.095 80.20 6.33 1.97 -7.11 459.0
2001 12 10 12 35312.4 2.015 75.42 6.33 -0.14 -9.25 384.0
2001 12 11 12 35290.6 2.637 95.49 6.33 -1.05 -10.10 425.6
2001 12 12 12 35271.1 0.694 111.48 6.33 -0.80 -9.87 409.0
2001 12 13 12 35253.9 2.404 113.44 6.33 -0.38 -8.59 390.4
2001 12 14 12 35239.2 3.072 117.20 6.33 1.36 -8.71 488.7
2001 12 15 12 35226.7 3.558 82.99 6.33 -1.14 -9.36 427.5
2001 12 16 12 35216.7 0.013 108.62 6.33 1.33 -10.04 404.9
2001 12 17 12 35209.0 2.096 85.96 6.33 1.67 -8.36 411.2
2001 12 18 12 35203.6 1.769 119.58 6.33 0.08 -8.88 424.0
2001 12 19 12 35200.7 1.840 84.82 6.33 1.73 -6.09 492.9
2001 12 20 12 35200.1 3.735 106.76 6.33 0.05 -7.73 456.3
2001 12 21 12 35201.9 4.987 91.21 6.33 0.98 -7.39 478.6
2001 12 22 12 35206.0 1.775 116.32 6.33 -2.08 -10.75 388.9
2001 12 23 12 35212.5 1.023 87.86 6.33 0.78 -8.00 325.4
2001 12 24 12 35221.4 3.136 91.79 6.33 -0.01 -9.19 406.9
2001 12 25 12 35232.6 2.734 113.12 6.33 0.87 -9.37 402.6
2001 12 26 12 35246.3 1.350 79.90 6.33 0.09 -9.44 372.1
2001 12 27 12 35262.2 1.232 95.70 6.33 -0.80 -10.08 376.2
2001 12 28 12 35280.5 0.937 106.59 6.33 -2.81 -12.44 321.1
2001 12 29 12 35301.2 0.660 100.61 6.33 -0.61 -10.58 361.0
2001 12 30 12 35324.2 0.611 108.30 6.33 -0.75 -10.13 402.1
2001 12 31 12 35349.5 1.700 118.83 6.33 -2.92 -12.85 317.2
2002 1 1 12 35377.2 1.020 102.29 6.33 -2.48 -10.08 439.0
2002 1 2 12 35407.2 1.540 94.48 6.33 -2.74 -11.34 371.6
2002 1 3 12 35439.5 0.519 109.10 6.33 -0.78 -9.93 376.8
2002 1 4 12 35474.1 1.990 107.36 6.33 -2.30 -11.94 408.6
2002 1 5 12 35511.0 2.585 116.52 6.33 -1.55 -11.04 368.5
2002 1 6 12 35550.1 2.702 117.55 6.33 -0.48 -8.61 446.5
2002 1 7 12 35591.5 0.436 116.09 6.33 -1.44 -12.44 348.5
2002 1 8 12 35635.2 1.783 103.58 6.33 -1.27 -9.41 429.2
2002 1 9 12 35681.2 1.633 83.66 6.33 -0.27 -8.35 419.8
2002 1 10 12 35729.3 1.234 90.45 6.33 -0.75 -9.24 441.9
2002 1 11 12 35779.7 1.458 114.92 6.33 -1.45 -10.92 374.6
2002 1 12 12 35832.2 2.518 126.32 6.33 -1.84 -10.98 408.9
2002 1 13 12 35887.0 2.752 109.61 6.33 1.04 -9.73 418.9
2002 1 14 12 35943.9 2.826 106.66 6.33 0.32 -8.78 410.1
2002 1 15 12 36003.0 0.570 105.79 6.33 -4.24 -13.67 272.2
2002 1 16 12 36064.1 6.012 88.73 6.33 -2.88 -11.17 329.9
2002 1 17 12 36127.5 3.673 93.90 6.33 -1.06 -8.81 438.9
2002 1 18 12 36192.9 0.461 108.74 6.33 0.26 -8.16 440.0
2002 1 19 12 36260.3 0.588 117.47 6.33 -3.08 -12.11 395.7
2002 1 20 12 36329.9 0.954 106.69 6.33 -2.95 -11.64 350.6
2002 1 21 12 36401.5 3.066 105.16 6.33 -2.10 -11.34 413.0
2002 1 22 12 36475.1 3.785 109.21 6.33 -0.50 -8.75 420.0
2002 1 23 12 36550.6 1.712 113.80 6.33 -1.83 -10.96 403.8
2002 1 24 12 36628.2 0.876 106.33 6.33 -1.80 -9.84 373.9
2002 1 25 12 36707.7 1.619 115.06 6.33 -1.86 -11.12 430.9
2002 1 26 12 36789.1 2.849 88.03 6.33 -2.52 -11.62 360.4
2002 1 27 12 36872.4 0.680 111.60 6.33 -2.42 -12.05 384.3
2002 1 28 12 36957.6 1.738 111.52 6.33 -4.30 -11.98 391.8
2002 1 29 12 37044.7 1.265 103.46 6.33 -4.18 -12.45 354.4
2002 1 30 12 37133.6 2.947 129.67 6.33 0.11 -8.03 480.9
2002 1 31 12 37224.2 7.402 132.74 6.33 -1.59 -9.73 401.9
2002 2 1 12 37316.7 1.060 101.76 6.33 -2.24 -11.50 380.4
2002 2 2 12 37410.8 2.078 106.19 6.33 -2.47 -12.16 383.1
2002 2 3 12 37506.7 1.155 145.32 6.33 -4.34 -12.57 318.3
2002 2 4 12 37604.3 3.255 117.11 6.33 -1.10 -10.34 406.2
2002 2 5 12 37703.6 0.685 120.67 6.33 -3.58 -11.99 333.8
2002 2 6 12 37804.5 1.195 150.90 6.33 -2.39 -11.41 362.7
2002 2 7 12 37906.9 0.487 125.37 6.33 -1.79 -10.21 321.7
2002 2 8 12 38011.0 6.616 134.76 6.33 -2.48 -11.18 315.7
2002 2 9 12 38116.5 10.383 134.22 6.33 0.48 -9.04 433.0
2002 2 10 12 38223.6 4.544 143.26 6.33 0.05 -10.12 341.3
2002 2 11 12 38332.2 4.333 141.13 6.33 -1.82 -11.14 399.0
2002 2 12 12 38442.2 1.478 131.45 6.33 0.62 -8.15 468.0
2002 2 13 12 38553.6 0.426 126.72 6.33 -0.74 -10.44 350.0
2002 2 14 12 38666.4 0.233 159.01 6.33 2.28 -6.71 476.5
2002 2 15 12 38780.5 9.206 135.64 6.33 -1.39 -10.40 400.6
2002 2 16 12 38896.0 1.564 145.30 6.33 -0.65 -10.94 407.7
2002 2 17 12 39012.7 2.549 163.60 6.33 0.33 -9.88 449.8
2002 2 18 12 39130.6 3.568 152.07 6.33 1.06 -7.39 487.2
2002 2 19 12 39249.8 3.634 165.11 6.33 3.15 -7.41 470.6
2002 2 20 12 39370.1 3.482 113.91 6.33 1.46 -7.65 453.5
2002 2 21 12 39491.6 1.476 138.21 6.33 1.94 -6.32 483.4
2002 2 22 12 39614.2 4.558 121.49 6.33 3.30 -6.91 462.5
2002 2 23 12 39737.8 2.309 139.09 6.33 1.94 -6.93 491.9
2002 2 24 12 39862.5 3.032 161.20 6.33 2.07 -7.88 405.5
2002 2 25 12 39988.1 0.490 153.97 6.33 1.58 -7.20 525.1
2002 2 26 12 40114.7 1.657 145.05 6.33 -1.75 -11.22 348.6
2002 2 27 12 40242.2 0.783 150.70 6.33 0.11 -9.42 421.3
2002 2 28 12 40370.6 0.280 163.11 6.33 1.93 -7.73 454.8
2002 3 1 12 40499.8 1.531 158.22 6.33 1.30 -8.13 482.6
2002 3 2 12 40629.8 2.115 153.40 6.33 -1.77 -11.88 330.1
2002 3 3 12 40760.6 0.456 176.63 6.33 1.87 -7.67 447.2
2002 3 4 12 40892.1 1.967 187.35 6.33 1.67 -8.64 457.5
2002 3 5 12 41024.3 3.291 132.73 6.33 -1.69 -9.95 423.9
2002 3 6 12 41157.2 0.031 168.33 6.33 4.80 -4.49 509.7
2002 3 7 12 41290.6 3.007 182.24 6.33 1.88 -6.32 474.1
2002 3 8 12 41424.6 2.062 165.46 6.33 1.69 -6.91 415.7
2002 3 9 12 41559.2 0.354 143.37 6.33 0.10 -8.95 452.7
2002 3 10 12 41694.2 6.275 163.89 6.33 2.87 -7.04 469.7
2002 3 11 12 41829.7 4.669 170.39 6.33 3.15 -6.64 437.9
2002 3 12 12 41965.5 0.163 128.12 6.33 3.08 -5.78 443.2
2002 3 13 12 42101.8 3.235 169.91 6.33 0.41 -7.06 470.4
2002 3 14 12 42238.3 7.683 183.63 6.33 4.30 -5.83 505.7
2002 3 15 12 42375.2 2.339 205.53 6.33 2.51 -6.00 450.8
2002 3 16 12 42512.3 1.282 160.80 6.33 4.40 -3.13 515.9
2002 3 17 12 42649.6 2.873 162.16 6.33 5.18 -2.87 519.3
2002 3 18 12 42787.0 1.768 160.80 6.33 3.01 -6.22 459.1
2002 3 19 12 42924.6 2.266 172.69 6.33 2.83 -6.18 498.1
2002 3 20 12 43062.3 0.239 189.03 6.33 1.89 -6.85 485.9
2002 3 21 12 43200.0 2.064 202.41 6.33 5.75 -3.06 527.5
2002 3 22 12 43337.7 2.878 182.13 6.33 2.66 -5.06 497.3
2002 3 23 12 43475.4 2.894 209.60 6.33 6.62 -2.08 528.7
2002 3 24 12 43613.0 0.636 219.81 6.33 6.46 -2.34 564.0
2002 3 25 12 43750.4 4.122 187.34 6.33 6.15 -3.11 540.4
2002 3 26 12 43887.7 1.058 199.22 6.33 4.78 -4.37 490.3
2002 3 27 12 44024.8 1.636 176.20 6.33 6.24 -3.13 581.6
2002 3 28 12 44161.7 2.868 216.03 6.33 6.34 -1.95 592.3
2002 3 29 12 44298.2 3.448 193.52 6.33 5.68 -3.76 506.5
2002 3 30 12 44434.5 1.009 197.50 6.33 5.32 -3.98 535.8
2002 3 31 12 44570.3 13.634 202.96 6.33 5.91 -1.49 623.0
2002 4 1 12 44705.8 3.126 213.67 6.33 5.18 -4.23 544.7
2002 4 2 12 44840.8 0.068 208.53 6.33 7.82 -2.75 551.0
2002 4 3 12 44975.4 0.564 188.22 6.33 10.27 2.63 664.1
2002 4 4 12 45109.4 3.196 189.78 6.33 5.76 -3.52 538.5
2002 4 5 12 45242.8 1.711 183.04 6.33 7.96 -0.29 616.2
2002 4 6 12 45375.7 5.156 190.44 6.33 8.15 0.63 631.0
2002 4 7 12 45507.9 0.488 227.27 6.33 9.78 -0.36 549.4
2002 4 8 12 45639.4 7.177 214.08 6.33 7.64 -1.89 610.0
2002 4 9 12 45770.2 0.510 200.98 6.33 7.38 -1.34 551.0
2002 4 10 12 45900.2 13.281 213.00 6.33 7.31 -2.79 511.6
2002 4 11 12 46029.4 6.795 246.38 6.33 11.13 1.52 646.4
2002 4 12 12 46157.8 11.636 198.98 6.33 10.52 1.49 604.7
2002 4 13 12 46285.3 1.825 219.45 6.33 7.16 -1.31 573.7
2002 4 14 12 46411.9 4.382 210.08 6.33 11.29 2.10 627.0
2002 4 15 12 46537.5 10.807 236.09 6.33 9.22 -0.63 627.4
2002 4 16 12 46662.2 1.728 184.82 6.33 9.41 -1.06 546.8
2002 4 17 12 46785.8 8.131 190.39 6.33 8.02 -0.46 603.3
2002 4 18 12 46908.4 11.702 217.62 6.33 11.75 3.51 662.9
2002 4 19 12 47029.9 2.562 226.97 6.33 9.79 0.80 596.0
2002 4 20 12 47150.2 0.420 225.33 6.33 10.86 2.08 702.9
2002 4 21 12 47269.4 6.153 244.73 6.33 8.25 -0.73 565.8
2002 4 22 12 47387.3 4.698 228.73 6.33 10.96 1.18 575.3
2002 4 23 12 47504.0 1.466 196.26 6.33 8.15 -0.51 596.3
2002 4 24 12 47619.5 5.237 217.27 6.33 11.13 3.30 643.7
2002 4 25 12 47733.6 1.286 208.51 6.33 10.58 1.66 651.7
2002 4 26 12 47846.4 0.437 192.47 6.33 10.06 1.65 623.2
2002 4 27 12 47957.8 3.427 220.59 6.33 12.74 2.85 661.4
2002 4 28 12 48067.8 3.500 214.49 6.33 10.78 1.39 594.9
2002 4 29 12 48176.4 3.076 223.10 6.33 12.73 3.77 655.1
2002 4 30 12 48283.5 6.202 231.23 6.33 12.44 4.38 684.9
2002 5 1 12 48389.0 7.103 253.37 6.33 12.47 2.89 656.7
2002 5 2 12 48493.1 3.990 248.31 6.33 15.96 7.40 741.7
2002 5 3 12 48595.5 0.212 232.67 6.33 14.05 5.36 649.8
2002 5 4 12 48696.4 0.371 228.16 6.33 14.38 5.99 723.4
2002 5 5 12 48795.7 1.180 232.00 6.33 12.99 3.42 668.9
2002 5 6 12 48893.3 2.705 234.85 6.33 13.67 5.15 703.7
2002 5 7 12 48989.2 6.629 234.61 6.33 11.34 2.68 672.9
2002 5 8 12 49083.3 6.846 261.32 6.33 12.88 4.22 692.6
2002 5 9 12 49175.8 0.694 249.67 6.33 13.60 5.61 706.8
2002 5 10 12 49266.4 2.896 245.54 6.33 14.64 6.81 772.2
2002 5 11 12 49355.3 2.318 237.44 6.33 12.42 3.60 658.1
2002 5 12 12 49442.4 2.348 227.76 6.33 15.37 5.80 688.7
2002 5 13 12 49527.6 0.562 243.20 6.33 14.78 5.77 715.0
2002 5 14 12 49610.9 2.914 242.55 6.33 15.43 5.53 735.1
2002 5 15 12 49692.3 1.073 260.27 6.33 16.87 8.10 799.2
2002 5 16 12 49771.8 4.826 251.75 6.33 13.69 6.01 702.3
2002 5 17 12 49849.4 0.561 241.60 6.33 15.24 6.11 721.6
2002 5 18 12 49924.9 2.507 227.03 6.33 15.47 6.84 753.8
2002 5 19 12 49998.5 1.462 229.80 6.33 14.82 5.57 718.6
2002 5 20 12 50070.1 5.236 236.70 6.33 16.17 6.90 723.0
2002 5 21 12 50139.7 1.803 269.53 6.33 15.92 7.35 740.7
2002 5 22 12 50207.1 3.371 266.32 6.33 16.52 6.73 710.3
2002 5 23 12 50272.5 1.018 240.59 6.33 16.15 6.43 703.2
2002 5 24 12 50335.9 4.425 257.68 6.33 15.03 7.27 738.5
2002 5 25 12 50397.0 2.124 263.57 6.33 16.16 6.05 734.9
2002 5 26 12 50456.1 10.125 225.41 6.33 15.72 6.49 740.9
2002 5 27 12 50513.0 3.326 248.38 6.33 15.51 8.39 744.0
2002 5 28 12 50567.8 2.326 272.46 6.33 17.58 10.05 772.2
2002 5 29 12 50620.3 3.133 272.63 6.33 17.48 8.40 747.5
2002 5 30 12 50670.7 3.425 289.56 6.33 18.14 9.93 733.6
2002 5 31 12 50718.8 0.396 257.74 6.33 18.27 9.06 808.0
2002 6 1 12 50764.8 1.412 277.27 6.33 19.65 9.88 776.8
2002 6 2 12 50808.5 1.114 278.61 6.33 20.70 11.51 871.9
2002 6 3 12 50849.9 10.914 254.31 6.33 18.80 9.94 817.8
2002 6 4 12 50889.0 0.320 286.84 6.33 16.03 6.30 761.2
2002 6 5 12 50925.9 2.172 264.53 6.33 18.25 9.90 843.5
2002 6 6 12 50960.5 2.166 233.39 6.33 20.49 12.51 812.3
2002 6 7 12 50992.8 3.129 256.89 6.33 18.49 9.26 723.6
2002 6 8 12 51022.8 3.748 263.81 6.33 16.87 6.83 744.9
2002 6 9 12 51050.5 1.760 252.88 6.33 19.56 11.75 824.0
2002 6 10 12 51075.8 0.659 250.79 6.33 18.54 9.40 779.6
2002 6 11 12 51098.8 4.785 260.87 6.33 17.49 8.09 764.3
2002 6 12 12 51119.5 0.383 275.13 6.33 20.04 10.05 769.0
2002 6 13 12 51137.8 1.874 248.79 6.33 18.83 9.38 754.7
2002 6 14 12 51153.7 2.013 276.30 6.33 21.97 14.11 852.7
2002 6 15 12 51167.4 3.145 264.95 6.33 19.37 10.40 816.1
2002 6 16 12 51178.6 0.757 268.15 6.33 23.21 13.68 888.7
2002 6 17 12 51187.5 5.351 266.67 6.33 19.48 10.68 782.9
2002 6 18 12 51194.0 3.774 282.08 6.33 22.54 12.65 854.5
2002 6 19 12 51198.1 3.232 272.50 6.33 20.42 12.13 841.9
2002 6 20 12 51199.9 0.857 263.66 6.33 22.91 13.83 863.6
2002 6 21 12 51199.3 0.246 260.06 6.33 21.20 12.93 866.6
2002 6 22 12 51196.4 3.555 263.75 6.33 22.02 12.92 837.2
2002 6 23 12 51191.0 11.081 240.40 6.33 23.75 15.62 943.2
2002 6 24 12 51183.3 2.437 273.69 6.33 16.74 7.91 754.2
2002 6 25 12 51173.3 14.437 237.20 6.33 22.61 13.20 916.5
2002 6 26 12 51160.8 0.324 276.97 6.33 21.15 13.31 863.6
2002 6 27 12 51146.1 2.423 254.29 6.33 22.17 12.64 844.1
2002 6 28 12 51128.9 0.022 247.15 6.33 19.60 11.11 818.4
2002 6 29 12 51109.4 0.614 268.31 6.33 22.06 11.13 808.0
2002 6 30 12 51087.6 4.640 279.81 6.33 24.88 16.25 895.2
2002 7 1 12 51063.4 0.026 277.74 6.33 21.71 11.46 768.3
2002 7 2 12 51036.9 3.361 238.38 6.33 20.91 12.39 809.4
2002 7 3 12 51008.1 3.724 288.73 6.33 22.51 14.32 907.3
2002 7 4 12 50976.9 0.484 263.24 6.33 22.65 14.23 931.4
2002 7 5 12 50943.5 2.122 261.25 6.33 18.92 10.47 832.0
2002 7 6 12 50907.8 0.673 249.16 6.33 23.94 15.87 915.7
2002 7 7 12 50869.7 4.132 248.42 6.33 20.04 10.42 776.2
2002 7 8 12 50829.4 5.513 263.00 6.33 21.08 12.60 841.8
2002 7 9 12 50786.9 1.012 231.66 6.33 21.87 13.72 913.7
2002 7 10 12 50742.1 1.195 247.78 6.33 23.45 13.72 852.3
2002 7 11 12 50695.1 0.978 264.72 6.33 24.11 14.37 867.4
2002 7 12 12 50645.8 1.317 265.74 6.33 22.06 13.49 919.9
2002 7 13 12 50594.3 0.600 250.93 6.33 20.52 11.84 791.4
2002 7 14 12 50540.7 2.060 212.08 6.33 22.26 14.36 888.9
2002 7 15 12 50484.8 0.964 241.79 6.33 20.81 11.68 881.9
2002 7 16 12 50426.8 4.127 272.55 6.33 19.88 10.78 782.9
2002 7 17 12 50366.7 1.349 241.61 6.33 20.51 10.94 806.8
2002 7 18 12 50304.5 7.728 244.37 6.33 20.78 11.20 820.8
2002 7 19 12 50240.1 5.219 254.41 6.33 21.70 11.97 851.2
2002 7 20 12 50173.7 4.648 235.77 6.33 22.68 14.02 886.2
2002 7 21 12 50105.1 0.170 234.18 6.33 22.06 13.64 879.1
2002 7 22 12 50034.6 3.158 242.60 6.33 25.20 16.21 916.4
2002 7 23 12 49962.0 3.529 249.52 6.33 21.62 12.93 884.5
2002 7 24 12 49887.4 0.108 236.45 6.33 22.76 12.81 910.6
2002 7 25 12 49810.8 3.604 249.68 6.33 19.81 12.26 869.3
2002 7 26 12 49732.3 1.056 260.58 6.33 24.12 14.38 851.6
2002 7 27 12 49651.8 0.559 273.60 6.33 22.31 13.95 887.8
2002 7 28 12 49569.5 0.958 234.08 6.33 20.48 10.67 863.5
2002 7 29 12 49485.2 2.152 255.14 6.33 18.36 9.77 770.6
2002 7 30 12 49399.1 0.034 239.74 6.33 22.29 13.52 869.3
2002 7 31 12 49311.1 0.994 256.06 6.33 23.30 13.09 784.9
2002 8 1 12 49221.3 0.919 230.86 6.33 22.85 13.35 867.5
2002 8 2 12 49129.8 6.192 271.58 6.33 22.28 13.81 878.0
2002 8 3 12 49036.5 1.544 229.88 6.33 22.58 14.31 869.7
2002 8 4 12 48941.4 11.260 237.91 6.33 21.34 12.66 838.9
2002 8 5 12 48844.7 2.668 226.87 6.33 23.78 15.44 903.7
2002 8 6 12 48746.2 0.723 206.71 6.33 22.13 13.82 892.5
2002 8 7 12 48646.2 2.929 223.67 6.33 20.00 12.04 806.9
2002 8 8 12 48544.5 2.280 213.94 6.33 22.75 12.64 855.3
2002 8 9 12 48441.3 4.558 239.23 6.33 21.13 13.01 894.9
2002 8 10 12 48336.4 0.998 231.92 6.33 19.58 11.68 806.8
2002 8 11 12 48230.1 1.803 224.36 6.33 20.59 12.37 861.9
2002 8 12 12 48122.3 0.952 247.95 6.33 21.24 11.83 832.7
2002 8 13 12 48013.0 2.278 223.07 6.33 21.04 12.18 859.6
2002 8 14 12 47902.3 0.886 241.82 6.33 21.07 11.21 786.1
2002 8 15 12 47790.2 0.766 239.96 6.33 20.11 11.81 823.7
2002 8 16 12 47676.7 0.155 228.36 6.33 20.41 11.23 833.4
2002 8 17 12 47561.9 2.603 190.19 6.33 22.96 14.33 834.3
2002 8 18 12 47445.8 2.395 215.78 6.33 22.76 12.98 852.3
2002 8 19 12 47328.5 1.076 206.35 6.33 18.23 9.29 842.2
2002 8 20 12 47209.9 4.225 229.94 6.33 18.96 8.51 713.0
2002 8 21 12 47090.2 5.671 218.33 6.33 20.68 11.10 786.4
2002 8 22 12 46969.3 0.650 223.12 6.33 20.13 11.88 833.6
2002 8 23 12 46847.3 4.631 205.46 6.33 19.95 10.42 791.8
2002 8 24 12 46724.2 2.478 222.39 6.33 18.43 8.35 848.7
2002 8 25 12 46600.0 0.293 226.33 6.33 20.10 13.56 906.7
2002 8 26 12 46474.8 1.483 246.72 6.33 17.86 9.11 739.6
2002 8 27 12 46348.7 1.020 228.81 6.33 22.25 14.36 840.3
2002 8 28 12 46221.7 5.720 206.45 6.33 22.07 12.57 845.8
2002 8 29 12 46093.7 2.631 229.20 6.33 20.54 11.23 826.1
2002 8 30 12 45964.9 1.137 219.48 6.33 21.16 13.00 901.8
2002 8 31 12 45835.3 1.066 194.66 6.33 20.16 11.52 790.7
2002 9 1 12 45704.9 1.032 221.60 6.33 13.72 3.16 685.2
2002 9 2 12 45573.7 1.661 206.05 6.33 17.38 10.21 815.7
2002 9 3 12 45441.8 6.160 202.37 6.33 22.36 13.08 876.0
2002 9 4 12 45309.3 1.516 215.72 6.33 19.97 10.14 762.0
2002 9 5 12 45176.2 0.258 188.11 6.33 17.91 9.55 795.3
2002 9 6 12 45042.4 0.655 167.93 6.33 18.75 8.77 743.8
2002 9 7 12 44908.2 0.069 184.66 6.33 17.30 6.45 816.0
2002 9 8 12 44773.4 2.257 194.94 6.33 19.05 9.56 788.5
2002 9 9 12 44638.1 0.833 186.89 6.33 18.97 9.35 795.4
2002 9 10 12 44502.5 0.365 206.87 6.33 18.21 10.05 784.8
2002 9 11 12 44366.4 2.539 205.06 6.33 18.39 9.13 771.9
2002 9 12 12 44230.0 0.836 186.24 6.33 16.19 7.12 738.5
2002 9 13 12 44093.3 0.191 200.61 6.33 16.63 10.00 810.4
2002 9 14 12 43956.3 0.449 181.06 6.33 19.95 10.50 835.2
2002 9 15 12 43819.1 0.215 209.03 6.33 17.89 8.48 806.7
2002 9 16 12 43681.7 2.686 213.77 6.33 18.34 8.88 776.5
2002 9 17 12 43544.2 0.773 175.62 6.33 17.01 8.55 758.5
2002 9 18 12 43406.5 1.215 160.10 6.33 16.89 7.90 761.5
2002 9 19 12 43268.9 0.238 171.06 6.33 18.59 9.01 797.3
2002 9 20 12 43131.1 0.170 199.57 6.33 13.88 5.61 694.4
2002 9 21 12 42993.5 0.616 151.92 6.33 16.11 6.15 677.0
2002 9 22 12 42855.8 0.023 184.22 6.33 14.62 5.71 695.7
2002 9 23 12 42718.3 0.042 160.60 6.33 16.73 6.13 763.4
2002 9 24 12 42580.9 1.456 154.18 6.33 17.95 10.27 802.9
2002 9 25 12 42443.7 0.458 184.60 6.33 16.52 6.46 725.9
2002 9 26 12 42306.7 1.938 171.91 6.33 14.72 6.03 700.2
2002 9 27 12 42170.0 0.662 189.17 6.33 15.80 7.63 765.2
2002 9 28 12 42033.6 0.616 191.24 6.33 13.66 3.61 637.7
2002 9 29 12 41897.5 0.436 157.13 6.33 13.01 3.24 631.9
2002 9 30 12 41761.9 0.026 163.86 6.33 12.81 3.08 653.8
2002 10 1 12 41626.6 0.738 169.68 6.33 11.51 2.26 640.1
2002 10 2 12 41491.8 1.904 153.52 6.33 13.47 4.04 675.0
2002 10 3 12 41357.6 4.612 175.94 6.33 14.84 5.77 750.8
2002 10 4 12 41223.8 0.726 164.61 6.33 10.53 1.87 630.9
2002 10 5 12 41090.7 0.048 154.76 6.33 11.03 2.51 629.8
2002 10 6 12 40958.2 3.926 153.77 6.33 13.80 5.75 699.8
2002 10 7 12 40826.3 2.966 177.21 6.33 12.37 2.65 709.6
2002 10 8 12 40695.1 0.564 148.20 6.33 13.28 5.10 715.4
2002 10 9 12 40564.7 2.020 173.45 6.33 12.13 1.55 608.1
2002 10 10 12 40435.1 1.850 154.47 6.33 11.21 0.63 641.5
2002 10 11 12 40306.3 1.015 123.95 6.33 13.55 4.93 702.0
2002 10 12 12 40178.3 1.042 123.76 6.33 12.25 4.26 710.6
2002 10 13 12 40051.3 0.915 142.81 6.33 12.46 3.67 709.0
2002 10 14 12 39925.2 1.817 154.63 6.33 10.12 1.41 606.5
2002 10 15 12 39800.0 2.301 149.31 6.33 9.45 -0.57 529.8
2002 10 16 12 39675.8 3.106 139.55 6.33 12.45 2.73 585.1
2002 10 17 12 39552.7 0.209 144.02 6.33 10.46 0.88 610.4
2002 10 18 12 39430.7 0.613 153.34 6.33 13.18 4.05 678.1
2002 10 19 12 39309.8 0.150 100.01 6.33 11.35 2.15 647.4
2002 10 20 12 39190.1 0.779 138.59 6.33 10.76 2.36 673.4
2002 10 21 12 39071.5 0.545 135.62 6.33 11.20 2.46 711.3
2002 10 22 12 38954.2 1.546 152.24 6.33 6.96 -2.62 564.2
2002 10 23 12 38838.1 2.251 133.55 6.33 11.48 2.38 601.7
2002 10 24 12 38723.3 0.011 112.04 6.33 10.54 1.41 652.3
2002 10 25 12 38609.8 2.260 147.68 6.33 7.44 -3.47 533.3
2002 10 26 12 38497.7 2.335 117.77 6.33 5.14 -4.89 532.6
2002 10 27 12 38387.0 0.582 125.33 6.33 9.55 1.83 677.0
2002 10 28 12 38277.7 0.361 113.23 6.33 8.26 -0.40 574.7
2002 10 29 12 38169.9 2.030 125.60 6.33 7.82 0.10 580.0
2002 10 30 12 38063.6 0.048 130.98 6.33 9.87 1.54 659.0
2002 10 31 12 37958.7 0.261 107.32 6.33 5.12 -2.84 558.8
2002 11 1 12 37855.5 0.367 144.67 6.33 9.47 0.04 581.4
2002 11 2 12 37753.8 1.349 107.18 6.33 6.38 -1.96 552.0
2002 11 3 12 37653.8 1.478 143.69 6.33 8.08 -0.92 556.0
2002 11 4 12 37555.3 1.457 129.81 6.33 7.08 -0.34 619.1
2002 11 5 12 37458.6 0.673 89.87 6.33 6.41 -3.53 521.7
2002 11 6 12 37363.5 2.116 132.70 6.33 8.64 -0.31 638.6
2002 11 7 12 37270.2 5.969 117.76 6.33 6.97 -2.43 582.2
2002 11 8 12 37178.7 0.466 137.45 6.33 6.56 -1.67 584.8
2002 11 9 12 37088.9 4.276 101.80 6.33 6.43 -3.61 453.9
2002 11 10 12 37000.9 1.852 113.81 6.33 7.32 -2.17 555.6
2002 11 11 12 36914.8 1.719 91.41 6.33 7.94 -1.36 532.7
2002 11 12 12 36830.5 0.802 124.61 6.33 5.43 -2.65 576.4
2002 11 13 12 36748.2 1.087 139.59 6.33 7.55 -2.35 572.3
2002 11 14 12 36667.7 1.040 123.06 6.33 3.69 -5.18 448.0
2002 11 15 12 36589.2 5.273 122.42 6.33 4.29 -3.85 534.5
2002 11 16 12 36512.6 0.516 110.30 6.33 4.55 -5.02 498.1
2002 11 17 12 36438.0 0.314 111.85 6.33 5.12 -4.03 522.6
2002 11 18 12 36365.4 0.397 120.42 6.33 3.28 -5.13 533.4
2002 11 19 12 36294.9 0.980 116.28 6.33 2.56 -6.02 458.6
2002 11 20 12 36226.3 1.160 110.44 6.33 2.70 -7.33 469.2
2002 11 21 12 36159.9 0.309 94.02 6.33 2.81 -5.32 491.6
2002 11 22 12 36095.5 4.292 112.61 6.33 3.81 -4.17 504.8
2002 11 23 12 36033.3 0.346 92.31 6.33 5.29 -3.10 502.4
2002 11 24 12 35973.2 0.543 88.38 6.33 3.53 -5.16 481.2
2002 11 25 12 35915.2 1.276 123.04 6.33 1.98 -5.67 502.0
2002 11 26 12 35859.3 1.779 100.60 6.33 2.36 -7.41 471.0
2002 11 27 12 35805.7 0.124 123.36 6.33 4.65 -4.28 498.0
2002 11 28 12 35754.2 5.082 106.23 6.33 2.66 -6.73 545.5
2002 11 29 12 35704.9 0.849 123.94 6.33 0.77 -7.92 481.4
2002 11 30 12 35657.9 3.847 113.20 6.33 1.21 -7.78 406.8
2002 12 1 12 35613.1 1.363 105.07 6.33 6.35 -2.95 549.4
2002 12 2 12 35570.6 0.529 113.03 6.33 0.68 -7.65 397.7
2002 12 3 12 35530.3 1.891 103.59 6.33 0.09 -8.08 451.7
2002 12 4 12 35492.2 4.069 115.86 6.33 0.54 -7.63 479.8
2002 12 5 12 35456.5 2.405 106.86 6.33 3.18 -4.31 496.3
2002 12 6 12 35423.1 2.555 83.90 6.33 2.35 -6.94 464.1
2002 12 7 12 35391.9 0.507 77.84 6.33 0.83 -7.46 446.6
2002 12 8 12 35363.1 1.495 78.72 6.33 -0.04 -9.26 407.5
2002 12 9 12 35336.6 0.192 118.22 6.33 -0.78 -10.05 371.0
2002 12 10 12 35312.4 1.758 94.24 6.33 2.11 -5.47 486.9
2002 12 11 12 35290.6 1.159 113.87 6.33 -1.59 -9.64 441.8
2002 12 12 12 35271.1 1.283 95.50 6.33 -1.32 -11.13 390.6
2002 12 13 12 35253.9 0.969 117.83 6.33 0.91 -8.53 445.1
2002 12 14 12 35239.2 0.897 107.54 6.33 2.90 -5.66 470.2
2002 12 15 12 35226.7 0.373 127.64 6.33 1.38 -7.87 478.2
2002 12 16 12 35216.7 0.751 100.35 6.33 0.77 -8.88 437.2
2002 12 17 12 35209.0 3.519 118.76 6.33 -1.22 -9.14 416.4
2002 12 18 12 35203.6 0.867 106.48 6.33 2.35 -7.92 470.5
2002 12 19 12 35200.7 1.343 108.71 6.33 0.93 -7.06 439.3
2002 12 20 12 35200.1 0.573 88.56 6.33 -0.44 -10.33 417.0
2002 12 21 12 35201.9 2.131 86.60 6.33 0.62 -8.95 409.7
2002 12 22 12 35206.0 0.632 117.89 6.33 -1.58 -10.24 369.5
2002 12 23 12 35212.5 3.422 108.49 6.33 -2.99 -11.16 386.5
2002 12 24 12 35221.4 0.597 96.60 6.33 0.73 -7.94 516.3
2002 12 25 12 35232.6 0.150 101.13 6.33 -0.61 -9.13 382.9
2002 12 26 12 35246.3 0.899 76.79 6.33 0.40 -8.09 445.4
2002 12 27 12 35262.2 0.145 110.12 6.33 -0.09 -10.56 412.8
2002 12 28 12 35280.5 2.553 132.44 6.33 -1.60 -10.88 350.1
2002 12 29 12 35301.2 0.618 67.29 6.33 -1.00 -11.62 358.4
2002 12 30 12 35324.2 5.748 83.78 6.33 -0.42 -8.65 430.1
2002 12 31 12 35349.5 0.944 100.96 6.33 -0.22 -10.10 392.5
2003 1 1 12 35377.2 0.919 118.28 6.33 -4.89 -13.74 329.4
2003 1 2 12 35407.2 0.992 97.64 6.33 1.38 -7.43 509.4
2003 1 3 12 35439.5 3.440 119.35 6.33 -1.94 -11.55 376.4
2003 1 4 12 35474.1 2.037 81.06 6.33 0.45 -8.67 456.8
2003 1 5 12 35511.0 6.210 94.83 6.33 -3.38 -11.76 317.3
2003 1 6 12 35550.1 1.522 111.22 6.33 -1.05 -9.45 406.7
2003 1 7 12 35591.5 0.223 123.93 6.33 -1.69 -10.94 388.2
2003 1 8 12 35635.2 4.705 84.75 6.33 -0.67 -8.48 452.6
2003 1 9 12 35681.2 2.241 123.28 6.33 -1.21 -11.34 322.0
2003 1 10 12 35729.3 5.121 142.56 6.33 -2.80 -11.42 369.7
2003 1 11 12 35779.7 1.926 107.21 6.33 -1.91 -10.41 337.4
2003 1 12 12 35832.2 0.889 94.51 6.33 -3.40 -13.44 304.0
2003 1 13 12 35887.0 1.197 111.82 6.33 -4.19 -12.99 362.8
2003 1 14 12 35943.9 1.598 97.27 6.33 -1.38 -9.41 421.4
2003 1 15 12 36003.0 2.894 90.25 6.33 -2.31 -11.30 420.1
2003 1 16 12 36064.1 0.744 88.52 6.33 -3.72 -12.33 371.0
2003 1 17 12 36127.5 1.517 91.98 6.33 -2.54 -11.19 335.5
2003 1 18 12 36192.9 0.329 120.45 6.33 -2.49 -12.33 329.1
2003 1 19 12 36260.3 1.173 113.18 6.33 -0.50 -8.52 437.4
2003 1 20 12 36329.9 2.098 110.74 6.33 -2.17 -11.39 355.1
2003 1 21 12 36401.5 3.233 135.07 6.33 -2.28 -11.08 400.0
2003 1 22 12 36475.1 3.062 112.53 6.33 -2.19 -11.98 358.6
2003 1 23 12 36550.6 6.049 107.53 6.33 -3.35 -13.08 395.4
2003 1 24 12 36628.2 0.762 100.39 6.33 -0.90 -9.96 318.5
2003 1 25 12 36707.7 0.450 120.61 6.33 -1.71 -10.75 432.8
2003 1 26 12 36789.1 1.433 126.35 6.33 -0.96 -9.74 360.7
2003 1 27 12 36872.4 2.486 111.32 6.33 -2.95 -11.35 354.8
2003 1 28 12 36957.6 1.232 141.55 6.33 -1.92 -11.08 368.9
2003 1 29 12 37044.7 0.289 100.78 6.33 -3.81 -12.43 293.9
2003 1 30 12 37133.6 1.723 107.20 6.33 -2.50 -10.35 415.3
2003 1 31 12 37224.2 0.498 161.44 6.33 -1.97 -11.42 378.0
2003 2 1 12 37316.7 1.840 126.30 6.33 -1.66 -10.78 371.3
2003 2 2 12 37410.8 0.119 100.45 6.33 -0.85 -10.33 435.5
2003 2 3 12 37506.7 4.318 107.39 6.33 -0.64 -10.49 347.0
2003 2 4 12 37604.3 0.271 128.29 6.33 -0.11 -8.86 414.4
2003 2 5 12 37703.6 0.736 120.86 6.33 1.90 -7.09 497.0
2003 2 6 12 37804.5 5.341 132.13 6.33 -4.28 -13.19 330.9
2003 2 7 12 37906.9 2.108 134.85 6.33 -0.31 -9.83 392.2
2003 2 8 12 38011.0 5.544 125.31 6.33 -2.09 -12.12 372.1
2003 2 9 12 38116.5 3.012 87.43 6.33 -0.55 -10.16 381.7
2003 2 10 12 38223.6 3.534 114.73 6.33 -1.94 -11.20 444.5
2003 2 11 12 38332.2 1.721 125.32 6.33 0.28 -7.51 442.2
2003 2 12 12 38442.2 6.193 128.45 6.33 -1.18 -7.84 414.7
2003 2 13 12 38553.6 1.630 145.48 6.33 1.55 -7.42 465.2
2003 2 14 12 38666.4 0.364 152.25 6.33 0.08 -9.35 434.4
2003 2 15 12 38780.5 6.586 118.31 6.33 0.10 -8.73 416.9
2003 2 16 12 38896.0 5.962 108.24 6.33 -3.43 -12.24 376.1
2003 2 17 12 39012.7 0.803 139.04 6.33 -1.61 -11.38 362.6
2003 2 18 12 39130.6 0.630 138.88 6.33 1.39 -7.52 437.7
2003 2 19 12 39249.8 9.297 146.35 6.33 1.26 -7.28 513.0
2003 2 20 12 39370.1 3.528 145.63 6.33 -0.86 -9.53 397.9
2003 2 21 12 39491.6 1.058 115.31 6.33 0.08 -9.00 405.9
2003 2 22 12 39614.2 2.129 146.89 6.33 -1.45 -10.80 439.8
2003 2 23 12 39737.8 0.808 132.35 6.33 0.43 -8.24 471.7
2003 2 24 12 39862.5 3.024 135.50 6.33 -0.06 -8.13 426.6
2003 2 25 12 39988.1 12.649 134.47 6.33 1.74 -7.32 490.6
2003 2 26 12 40114.7 8.846 154.36 6.33 1.40 -6.27 484.5
2003 2 27 12 40242.2 1.960 156.62 6.33 -0.25 -8.47 427.9
2003 2 28 12 40370.6 3.047 122.22 6.33 0.90 -7.20 451.7
2003 3 1 12 40499.8 2.807 129.63 6.33 -1.75 -10.09 395.0
2003 3 2 12 40629.8 3.756 153.35 6.33 0.82 -8.43 479.0
2003 3 3 12 40760.6 1.626 161.30 6.33 2.59 -7.43 460.9
2003 3 4 12 40892.1 0.839 175.45 6.33 2.24 -6.87 424.3
2003 3 5 12 41024.3 3.566 149.94 6.33 -0.77 -9.07 378.5
2003 3 6 12 41157.2 1.057 163.20 6.33 2.09 -6.96 421.4
2003 3 7 12 41290.6 8.322 166.25 6.33 2.23 -7.08 479.7
2003 3 8 12 41424.6 0.938 148.64 6.33 2.28 -6.03 491.4
2003 3 9 12 41559.2 1.203 154.83 6.33 4.08 -3.53 546.7
2003 3 10 12 41694.2 5.290 155.42 6.33 3.94 -4.09 491.2
2003 3 11 12 41829.7 4.559 177.96 6.33 2.63 -5.07 475.9
2003 3 12 12 41965.5 0.575 179.53 6.33 4.23 -5.29 503.4
2003 3 13 12 42101.8 4.479 177.71 6.33 4.16 -5.43 554.8
2003 3 14 12 42238.3 13.236 185.59 6.33 1.28 -8.26 400.4
2003 3 15 12 42375.2 4.519 176.00 6.33 2.15 -7.44 462.9
2003 3 16 12 42512.3 2.096 158.85 6.33 3.48 -6.07 441.8
2003 3 17 12 42649.6 2.826 164.50 6.33 4.14 -4.43 462.8
2003 3 18 12 42787.0 0.627 194.83 6.33 3.79 -4.73 528.9
2003 3 19 12 42924.6 1.959 175.10 6.33 3.03 -6.83 485.3
2003 3 20 12 43062.3 3.669 176.15 6.33 6.25 -2.25 500.6
2003 3 21 12 43200.0 2.929 160.91 6.33 4.58 -4.81 522.6
2003 3 22 12 43337.7 1.220 166.68 6.33 4.48 -3.91 518.4
2003 3 23 12 43475.4 6.951 178.37 6.33 4.55 -4.81 512.9
2003 3 24 12 43613.0 0.956 196.20 6.33 2.31 -5.92 512.2
2003 3 25 12 43750.4 6.277 183.40 6.33 3.31 -6.44 465.7
2003 3 26 12 43887.7 9.554 150.14 6.33 7.25 -1.12 579.5
2003 3 27 12 44024.8 2.511 190.16 6.33 6.34 -2.98 578.4
2003 3 28 12 44161.7 2.187 198.23 6.33 5.97 -2.90 475.2
2003 3 29 12 44298.2 1.776 204.01 6.33 2.95 -6.72 413.4
2003 3 30 12 44434.5 0.684 190.97 6.33 4.69 -4.31 490.6
2003 3 31 12 44570.3 2.468 184.63 6.33 4.40 -4.23 503.1
2003 4 1 12 44705.8 1.151 179.36 6.33 10.19 0.45 643.9
2003 4 2 12 44840.8 2.392 204.37 6.33 8.13 -1.75 522.2
2003 4 3 12 44975.4 2.539 195.67 6.33 6.51 -1.84 536.7
2003 4 4 12 45109.4 1.824 179.11 6.33 2.94 -6.70 456.2
2003 4 5 12 45242.8 3.547 204.33 6.33 9.18 0.05 569.9
2003 4 6 12 45375.7 4.187 207.90 6.33 5.81 -3.14 566.8
2003 4 7 12 45507.9 0.556 208.08 6.33 7.61 -1.94 507.8
2003 4 8 12 45639.4 7.674 216.57 6.33 8.28 0.73 572.3
2003 4 9 12 45770.2 4.349 172.27 6.33 5.86 -3.58 513.6
2003 4 10 12 45900.2 3.526 204.46 6.33 9.54 0.42 586.6
2003 4 11 12 46029.4 1.248 192.60 6.33 9.74 -0.36 578.8
2003 4 12 12 46157.8 1.306 205.40 6.33 10.37 2.18 649.2
2003 4 13 12 46285.3 6.203 222.48 6.33 11.67 1.21 636.0
2003 4 14 12 46411.9 3.476 222.82 6.33 7.23 -2.32 566.3
2003 4 15 12 46537.5 9.166 222.44 6.33 9.20 -0.79 561.4
2003 4 16 12 46662.2 0.507 178.35 6.33 10.04 0.54 628.6
2003 4 17 12 46785.8 2.578 230.48 6.33 8.79 -0.79 577.5
2003 4 18 12 46908.4 0.118 224.94 6.33 8.64 -0.96 627.1
2003 4 19 12 47029.9 2.984 235.57 6.33 10.46 2.20 665.0
2003 4 20 12 47150.2 5.048 233.57 6.33 8.48 -0.23 615.5
2003 4 21 12 47269.4 4.665 199.69 6.33 11.56 1.01 643.9
2003 4 22 12 47387.3 4.048 198.28 6.33 10.03 1.99 620.4
2003 4 23 12 47504.0 1.236 208.97 6.33 11.93 3.44 643.6
2003 4 24 12 47619.5 0.565 217.63 6.33 11.84 1.93 632.9
2003 4 25 12 47733.6 1.294 221.55 6.33 7.88 -1.28 614.5
2003 4 26 12 47846.4 4.393 258.17 6.33 12.21 4.54 659.3
2003 4 27 12 47957.8 5.821 205.96 6.33 11.95 3.66 701.7
2003 4 28 12 48067.8 0.409 222.57 6.33 9.78 2.46 635.1
2003 4 29 12 48176.4 6.931 233.51 6.33 14.86 6.97 736.7
2003 4 30 12 48283.5 6.599 234.23 6.33 13.37 2.27 645.9
2003 5 1 12 48389.0 3.246 227.56 6.33 13.06 4.99 654.5
2003 5 2 12 48493.1 2.995 241.77 6.33 11.12 2.04 608.5
2003 5 3 12 48595.5 0.852 271.96 6.33 13.13 3.80 698.7
2003 5 4 12 48696.4 2.240 228.60 6.33 15.39 5.27 718.3
2003 5 5 12 48795.7 0.562 253.90 6.33 15.11 5.80 702.1
2003 5 6 12 48893.3 1.742 232.36 6.33 12.62 5.40 701.0
2003 5 7 12 48989.2 0.436 218.68 6.33 13.70 5.97 742.3
2003 5 8 12 49083.3 7.990 251.25 6.33 16.93 7.12 792.5
2003 5 9 12 49175.8 5.126 252.74 6.33 12.76 2.74 683.0
2003 5 10 12 49266.4 0.581 251.36 6.33 16.22 8.07 760.4
2003 5 11 12 49355.3 3.450 274.61 6.33 14.74 4.91 740.6
2003 5 12 12 49442.4 4.111 218.40 6.33 14.73 5.43 732.0
2003 5 13 12 49527.6 1.624 253.24 6.33 14.03 4.67 682.8
2003 5 14 12 49610.9 1.056 228.64 6.33 14.50 6.28 692.0
2003 5 15 12 49692.3 0.762 247.92 6.33 14.03 5.13 635.4
2003 5 16 12 49771.8 2.275 237.89 6.33 17.33 6.78 738.1
2003 5 17 12 49849.4 3.109 252.36 6.33 14.92 5.58 681.3
2003 5 18 12 49924.9 0.805 248.97 6.33 14.58 6.00 706.2
2003 5 19 12 49998.5 4.151 252.29 6.33 18.34 8.90 741.5
2003 5 20 12 50070.1 4.609 231.44 6.33 16.32 7.30 722.9
2003 5 21 12 50139.7 4.286 258.89 6.33 14.89 6.46 762.2
2003 5 22 12 50207.1 8.142 230.66 6.33 17.75 7.26 764.6
2003 5 23 12 50272.5 3.828 260.83 6.33 17.36 7.58 822.2
2003 5 24 12 50335.9 13.680 247.37 6.33 16.66 9.52 729.8
2003 5 25 12 50397.0 5.226 259.35 6.33 17.32 8.02 758.7
2003 5 26 12 50456.1 0.761 232.95 6.33 17.59 8.59 785.5
2003 5 27 12 50513.0 5.580 268.58 6.33 17.50 8.36 799.5
2003 5 28 12 50567.8 7.783 243.91 6.33 19.63 10.01 795.4
2003 5 29 12 50620.3 15.239 247.31 6.33 17.29 7.56 747.6
2003 5 30 12 50670.7 7.801 241.32 6.33 17.87 9.41 806.5
2003 5 31 12 50718.8 3.103 253.18 6.33 19.13 10.77 799.6
2003 6 1 12 50764.8 3.632 271.47 6.33 17.69 8.29 746.5
2003 6 2 12 50808.5 2.433 263.26 6.33 16.60 7.30 759.3
2003 6 3 12 50849.9 5.724 247.16 6.33 16.28 7.04 717.3
2003 6 4 12 50889.0 5.916 267.34 6.33 16.43 5.66 734.3
2003 6 5 12 50925.9 6.333 262.13 6.33 16.94 8.15 722.3
2003 6 6 12 50960.5 8.822 268.11 6.33 17.09 7.25 730.6
2003 6 7 12 50992.8 0.462 234.21 6.33 19.93 11.95 828.5
2003 6 8 12 51022.8 2.971 270.76 6.33 16.46 7.71 780.6
2003 6 9 12 51050.5 13.044 244.92 6.33 18.55 9.19 795.8
2003 6 10 12 51075.8 2.232 251.86 6.33 21.56 12.76 899.3
2003 6 11 12 51098.8 1.806 242.07 6.33 18.59 10.58 857.9
2003 6 12 12 51119.5 2.809 285.96 6.33 22.19 11.27 873.9
2003 6 13 12 51137.8 4.675 266.75 6.33 21.68 13.03 859.0
2003 6 14 12 51153.7 6.080 277.77 6.33 18.09 7.87 754.1
2003 6 15 12 51167.4 2.982 259.34 6.33 19.23 10.45 772.2
2003 6 16 12 51178.6 2.855 248.07 6.33 20.14 12.28 827.2
2003 6 17 12 51187.5 1.199 254.01 6.33 19.71 10.45 781.7
2003 6 18 12 51194.0 1.537 260.41 6.33 20.13 11.71 790.6
2003 6 19 12 51198.1 2.729 239.84 6.33 21.27 12.58 857.3
2003 6 20 12 51199.9 3.066 251.31 6.33 21.33 12.52 910.5
2003 6 21 12 51199.3 5.119 241.22 6.33 17.96 8.78 810.7
2003 6 22 12 51196.4 1.230 237.64 6.33 21.59 11.87 868.3
2003 6 23 12 51191.0 4.423 263.77 6.33 22.64 13.82 836.9
2003 6 24 12 51183.3 4.805 292.00 6.33 20.67 12.04 894.1
2003 6 25 12 51173.3 12.443 274.62 6.33 19.73 11.36 776.5
2003 6 26 12 51160.8 4.893 274.66 6.33 21.36 12.18 817.0
2003 6 27 12 51146.1 1.074 256.81 6.33 23.87 14.82 855.5
2003 6 28 12 51128.9 0.902 270.59 6.33 23.77 15.12 947.1
2003 6 29 12 51109.4 0.721 263.89 6.33 23.47 15.29 933.9
2003 6 30 12 51087.6 1.017 243.90 6.33 22.47 13.16 843.5
2003 7 1 12 51063.4 1.018 247.81 6.33 20.73 11.25 859.3
2003 7 2 12 51036.9 0.639 257.27 6.33 22.40 14.58 880.5
2003 7 3 12 51008.1 1.959 273.35 6.33 21.43 11.72 815.3
2003 7 4 12 50976.9 0.484 278.49 6.33 22.66 12.96 876.0
2003 7 5 12 50943.5 0.070 269.21 6.33 23.01 15.03 834.9
2003 7 6 12 50907.8 2.169 293.97 6.33 21.19 11.40 839.6
2003 7 7 12 50869.7 0.808 254.69 6.33 21.79 13.24 850.1
2003 7 8 12 50829.4 4.226 247.45 6.33 21.93 13.06 858.2
2003 7 9 12 50786.9 0.605 246.90 6.33 20.84 11.07 840.8
2003 7 10 12 50742.1 5.208 254.38 6.33 19.87 10.47 816.3
2003 7 11 12 50695.1 4.786 233.90 6.33 23.94 16.46 911.1
2003 7 12 12 50645.8 3.457 240.84 6.33 21.84 14.03 877.3
2003 7 13 12 50594.3 1.375 261.14 6.33 24.49 16.60 923.8
2003 7 14 12 50540.7 0.145 269.80 6.33 23.59 16.62 915.0
2003 7 15 12 50484.8 3.585 239.29 6.33 24.31 16.72 887.8
2003 7 16 12 50426.8 0.821 230.80 6.33 23.91 16.35 936.8
2003 7 17 12 50366.7 4.590 236.18 6.33 23.46 14.87 939.2
2003 7 18 12 50304.5 0.513 251.68 6.33 22.96 13.93 924.6
2003 7 19 12 50240.1 0.984 255.80 6.33 22.88 13.49 873.1
2003 7 20 12 50173.7 4.079 276.45 6.33 23.22 13.29 852.7
2003 7 21 12 50105.1 1.746 245.82 6.33 22.68 13.96 823.6
2003 7 22 12 50034.6 1.379 219.61 6.33 22.85 14.41 809.2
2003 7 23 12 49962.0 2.918 262.74 6.33 23.81 14.84 937.9
2003 7 24 12 49887.4 3.898 257.27 6.33 22.81 14.05 906.3
2003 7 25 12 49810.8 0.612 249.27 6.33 21.81 13.12 790.8
2003 7 26 12 49732.3 1.727 244.75 6.33 22.46 12.92 840.6
2003 7 27 12 49651.8 0.956 267.51 6.33 20.55 11.60 775.9
2003 7 28 12 49569.5 4.471 252.17 6.33 23.34 13.94 894.0
2003 7 29 12 49485.2 0.128 233.69 6.33 22.61 13.73 887.0
2003 7 30 12 49399.1 1.476 230.39 6.33 22.97 14.36 909.7
2003 7 31 12 49311.1 1.891 241.78 6.33 21.29 12.79 872.9
2003 8 1 12 49221.3 0.674 252.04 6.33 22.07 13.05 805.1
2003 8 2 12 49129.8 2.910 218.47 6.33 18.63 10.30 789.0
2003 8 3 12 49036.5 1.436 212.07 6.33 21.01 11.72 854.1
2003 8 4 12 48941.4 2.748 225.05 6.33 20.45 11.08 809.7
2003 8 5 12 48844.7 4.430 203.90 6.33 21.40 11.63 818.9
2003 8 6 12 48746.2 0.357 218.22 6.33 21.14 12.60 860.6
2003 8 7 12 48646.2 0.027 262.51 6.33 22.67 13.61 886.0
2003 8 8 12 48544.5 2.391 241.05 6.33 21.32 12.38 834.3
2003 8 9 12 48441.3 1.381 242.43 6.33 23.05 13.40 896.4
2003 8 10 12 48336.4 0.229 231.44 6.33 18.51 10.19 818.3
2003 8 11 12 48230.1 3.791 219.14 6.33 22.33 13.18 871.2
2003 8 12 12 48122.3 0.829 222.61 6.33 22.38 12.72 872.9
2003 8 13 12 48013.0 6.148 200.91 6.33 23.57 14.25 870.7
2003 8 14 12 47902.3 3.060 240.03 6.33 18.52 9.44 778.4
2003 8 15 12 47790.2 1.296 221.82 6.33 18.75 10.68 788.4
2003 8 16 12 47676.7 0.347 214.38 6.33 21.45 13.03 861.8
2003 8 17 12 47561.9 0.477 214.36 6.33 19.89 9.83 753.6
2003 8 18 12 47445.8 1.005 243.09 6.33 20.91 11.83 845.1
2003 8 19 12 47328.5 3.213 199.44 6.33 20.93 12.00 833.7
2003 8 20 12 47209.9 0.759 224.04 6.33 21.73 12.80 863.2
2003 8 21 12 47090.2 3.485 210.30 6.33 21.69 11.78 810.3
2003 8 22 12 46969.3 1.209 225.48 6.33 22.09 12.67 870.9
2003 8 23 12 46847.3 2.979 208.41 6.33 20.88 11.37 819.8
2003 8 24 12 46724.2 0.454 201.45 6.33 18.51 9.05 789.6
2003 8 25 12 46600.0 0.529 229.07 6.33 22.63 13.22 907.4
2003 8 26 12 46474.8 1.414 201.49 6.33 23.12 13.61 924.8
2003 8 27 12 46348.7 1.222 222.85 6.33 19.73 11.29 796.2
2003 8 28 12 46221.7 2.391 218.15 6.33 19.95 9.61 790.1
2003 8 29 12 46093.7 0.019 229.45 6.33 20.86 13.27 869.7
2003 8 30 12 45964.9 0.393 198.28 6.33 18.23 9.58 799.7
2003 8 31 12 45835.3 1.058 205.46 6.33 21.44 12.95 822.7
2003 9 1 12 45704.9 5.801 180.54 6.33 19.07 9.61 803.6
2003 9 2 12 45573.7 0.752 194.58 6.33 17.08 7.39 736.1
2003 9 3 12 45441.8 3.008 191.38 6.33 19.04 8.27 778.9
2003 9 4 12 45309.3 0.861 174.59 6.33 18.24 8.96 743.9
2003 9 5 12 45176.2 0.154 192.53 6.33 18.05 9.20 829.3
2003 9 6 12 45042.4 0.924 183.70 6.33 17.02 7.84 779.4
2003 9 7 12 44908.2 0.826 195.33 6.33 17.65 8.64 769.3
2003 9 8 12 44773.4 1.802 202.73 6.33 20.86 11.91 859.3
2003 9 9 12 44638.1 0.718 202.62 6.33 16.03 7.74 764.2
2003 9 10 12 44502.5 0.601 195.46 6.33 16.82 9.30 779.5
2003 9 11 12 44366.4 1.514 197.66 6.33 17.23 8.04 748.0
2003 9 12 12 44230.0 1.455 191.89 6.33 17.33 8.71 765.6
2003 9 13 12 44093.3 2.566 162.49 6.33 15.37 4.83 722.3
2003 9 14 12 43956.3 0.182 186.76 6.33 16.72 6.67 776.6
2003 9 15 12 43819.1 1.235 187.99 6.33 15.95 6.27 696.5
2003 9 16 12 43681.7 0.564 183.95 6.33 19.60 9.12 730.7
2003 9 17 12 43544.2 4.635 198.18 6.33 15.92 6.93 775.7
2003 9 18 12 43406.5 0.269 177.96 6.33 16.85 7.50 741.2
2003 9 19 12 43268.9 0.019 186.25 6.33 17.41 8.47 764.2
2003 9 20 12 43131.1 2.303 192.71 6.33 16.20 7.85 708.9
2003 9 21 12 42993.5 0.858 171.13 6.33 17.61 9.30 794.4
2003 9 22 12 42855.8 1.201 196.49 6.33 16.16 6.16 667.2
2003 9 23 12 42718.3 0.900 174.80 6.33 19.60 10.28 852.2
2003 9 24 12 42580.9 0.691 166.07 6.33 16.44 7.00 715.4
2003 9 25 12 42443.7 3.511 170.72 6.33 16.59 7.01 756.9
2003 9 26 12 42306.7 0.589 163.71 6.33 15.28 5.45 711.5
2003 9 27 12 42170.0 0.201 174.26 6.33 13.12 3.85 706.3
2003 9 28 12 42033.6 1.479 182.41 6.33 17.71 9.45 771.4
2003 9 29 12 41897.5 0.388 181.03 6.33 14.35 5.39 679.8
2003 9 30 12 41761.9 1.330 139.79 6.33 14.79 6.40 789.5
2003 10 1 12 41626.6 0.550 183.59 6.33 16.71 8.22 722.6
2003 10 2 12 41491.8 0.813 172.64 6.33 17.12 7.88 774.8
2003 10 3 12 41357.6 1.075 150.71 6.33 13.92 3.87 652.7
2003 10 4 12 41223.8 3.303 139.19 6.33 14.96 4.21 641.0
2003 10 5 12 41090.7 0.807 144.26 6.33 11.54 1.33 625.4
2003 10 6 12 40958.2 0.344 170.10 6.33 13.77 3.69 689.0
2003 10 7 12 40826.3 0.601 172.80 6.33 13.11 5.35 672.6
2003 10 8 12 40695.1 1.244 165.48 6.33 14.07 4.75 698.6
2003 10 9 12 40564.7 0.727 160.70 6.33 9.17 -0.93 560.2
2003 10 10 12 40435.1 3.255 160.03 6.33 13.11 4.20 686.1
2003 10 11 12 40306.3 0.303 123.49 6.33 13.29 3.00 712.4
2003 10 12 12 40178.3 1.088 144.04 6.33 11.88 1.58 629.3
2003 10 13 12 40051.3 5.924 163.77 6.33 11.29 2.79 698.3
2003 10 14 12 39925.2 0.556 160.88 6.33 10.80 2.75 618.0
2003 10 15 12 39800.0 4.349 176.96 6.33 10.47 0.65 610.5
2003 10 16 12 39675.8 2.611 146.95 6.33 11.13 2.07 639.3
2003 10 17 12 39552.7 1.452 147.82 6.33 9.45 -0.44 633.1
2003 10 18 12 39430.7 0.110 163.91 6.33 12.86 4.73 723.6
2003 10 19 12 39309.8 1.067 142.01 6.33 9.00 0.60 604.0
2003 10 20 12 39190.1 1.472 145.46 6.33 10.02 1.42 653.4
2003 10 21 12 39071.5 0.933 140.69 6.33 10.94 0.74 630.7
2003 10 22 12 38954.2 0.650 121.24 6.33 7.21 -1.99 540.6
2003 10 23 12 38838.1 1.215 137.04 6.33 8.55 0.71 596.7
2003 10 24 12 38723.3 0.282 144.83 6.33 9.15 0.21 589.0
2003 10 25 12 38609.8 1.614 131.24 6.33 9.89 2.42 680.7
2003 10 26 12 38497.7 0.201 134.98 6.33 7.73 -0.87 600.0
2003 10 27 12 38387.0 0.079 153.73 6.33 6.60 -3.38 546.1
2003 10 28 12 38277.7 0.870 111.29 6.33 9.18 -0.27 642.9
2003 10 29 12 38169.9 2.037 138.78 6.33 11.16 1.04 611.9
2003 10 30 12 38063.6 1.325 140.75 6.33 9.05 1.16 585.4
2003 10 31 12 37958.7 1.142 108.45 6.33 7.57 -1.34 613.2
2003 11 1 12 37855.5 0.290 143.69 6.33 7.52 -1.03 601.6
2003 11 2 12 37753.8 1.578 170.55 6.33 7.47 -0.82 532.0
2003 11 3 12 37653.8 2.044 144.09 6.33 6.57 -2.94 563.1
2003 11 4 12 37555.3 0.974 150.70 6.33 8.11 -1.87 517.4
2003 11 5 12 37458.6 1.880 103.81 6.33 7.18 -0.41 555.2
2003 11 6 12 37363.5 2.287 133.37 6.33 5.10 -4.26 534.1
2003 11 7 12 37270.2 0.242 126.25 6.33 6.89 -2.14 606.0
2003 11 8 12 37178.7 1.284 113.23 6.33 7.66 -1.33 627.0
2003 11 9 12 37088.9 1.284 148.77 6.33 6.48 -1.87 543.8
2003 11 10 12 37000.9 0.348 111.19 6.33 5.91 -4.22 521.9
2003 11 11 12 36914.8 1.598 103.07 6.33 4.05 -4.29 533.3
2003 11 12 12 36830.5 1.039 120.46 6.33 9.00 1.00 618.6
2003 11 13 12 36748.2 3.010 103.68 6.33 4.85 -4.56 478.8
2003 11 14 12 36667.7 0.512 137.14 6.33 4.65 -5.28 444.1
2003 11 15 12 36589.2 2.903 81.57 6.33 4.05 -6.18 460.1
2003 11 16 12 36512.6 0.599 107.95 6.33 3.77 -4.85 511.4
2003 11 17 12 36438.0 0.946 80.98 6.33 2.93 -6.67 452.0
2003 11 18 12 36365.4 1.524 117.47 6.33 4.89 -3.67 586.4
2003 11 19 12 36294.9 0.687 127.61 6.33 2.50 -5.90 496.0
2003 11 20 12 36226.3 2.095 117.87 6.33 4.04 -4.71 529.2
2003 11 21 12 36159.9 0.738 126.48 6.33 5.23 -3.01 532.5
2003 11 22 12 36095.5 1.924 89.84 6.33 4.98 -4.41 541.1
2003 11 23 12 36033.3 2.095 109.92 6.33 2.99 -6.62 488.7
2003 11 24 12 35973.2 2.941 107.49 6.33 6.05 -3.04 533.8
2003 11 25 12 35915.2 1.312 103.93 6.33 5.24 -3.70 477.5
2003 11 26 12 35859.3 2.293 93.56 6.33 2.43 -6.85 482.0
2003 11 27 12 35805.7 0.402 115.00 6.33 6.07 -1.47 593.6
2003 11 28 12 35754.2 4.490 84.50 6.33 2.77 -7.62 365.9
2003 11 29 12 35704.9 0.837 104.90 6.33 3.73 -5.00 534.2
2003 11 30 12 35657.9 0.455 106.80 6.33 -0.54 -10.80 350.3
2003 12 1 12 35613.1 0.390 98.33 6.33 1.93 -7.05 457.7
2003 12 2 12 35570.6 1.031 82.61 6.33 0.41 -7.68 499.9
2003 12 3 12 35530.3 2.932 108.06 6.33 2.52 -8.33 461.3
2003 12 4 12 35492.2 2.645 109.86 6.33 0.42 -8.41 463.6
2003 12 5 12 35456.5 7.328 95.37 6.33 0.80 -7.91 437.2
2003 12 6 12 35423.1 1.324 103.46 6.33 1.52 -7.65 484.5
2003 12 7 12 35391.9 1.239 88.95 6.33 -1.09 -10.64 362.4
2003 12 8 12 35363.1 1.473 123.96 6.33 1.79 -7.35 438.8
2003 12 9 12 35336.6 0.958 135.11 6.33 -0.73 -9.43 381.5
2003 12 10 12 35312.4 3.304 106.69 6.33 0.82 -9.67 376.4
2003 12 11 12 35290.6 1.709 111.98 6.33 0.62 -8.57 474.9
2003 12 12 12 35271.1 2.493 125.91 6.33 2.06 -6.83 475.7
2003 12 13 12 35253.9 4.937 105.81 6.33 0.16 -8.36 451.4
2003 12 14 12 35239.2 2.641 121.47 6.33 -1.66 -9.13 455.1
2003 12 15 12 35226.7 0.931 81.65 6.33 -2.80 -11.30 451.5
2003 12 16 12 35216.7 1.381 60.66 6.33 2.27 -6.67 424.9
2003 12 17 12 35209.0 3.307 110.94 6.33 0.20 -9.12 376.8
2003 12 18 12 35203.6 0.427 114.95 6.33 3.03 -6.62 452.5
2003 12 19 12 35200.7 1.458 92.85 6.33 0.06 -9.05 442.2
2003 12 20 12 35200.1 1.779 87.25 6.33 -1.14 -10.48 370.3
2003 12 21 12 35201.9 4.784 102.33 6.33 3.04 -6.34 566.8
2003 12 22 12 35206.0 2.022 93.50 6.33 -1.41 -10.10 412.0
2003 12 23 12 35212.5 0.123 122.40 6.33 -0.94 -8.66 428.4
2003 12 24 12 35221.4 0.585 72.58 6.33 2.68 -5.41 480.6
2003 12 25 12 35232.6 3.382 96.98 6.33 0.00 -8.38 436.7
2003 12 26 12 35246.3 2.198 98.62 6.33 -0.42 -8.40 441.5
2003 12 27 12 35262.2 0.673 87.85 6.33 -0.04 -9.24 411.2
2003 12 28 12 35280.5 1.424 108.15 6.33 0.42 -9.11 424.5
2003 12 29 12 35301.2 0.306 99.20 6.33 2.17 -6.08 532.2
2003 12 30 12 35324.2 0.332 122.96 6.33 -2.19 -11.52 353.1
2003 12 31 12 35349.5 0.221 131.58 6.33 -0.85 -10.56 414.0
2004 1 1 12 35377.2 4.304 57.24 6.33 -0.04 -7.92 447.5
2004 1 2 12 35407.2 0.483 111.80 6.33 0.23 -9.68 363.8
2004 1 3 12 35439.5 0.199 89.66 6.33 -1.33 -10.52 379.2
2004 1 4 12 35474.1 5.380 129.50 6.33 -3.66 -12.20 329.9
2004 1 5 12 35511.0 0.568 107.21 6.33 0.07 -8.55 441.4
2004 1 6 12 35550.1 2.077 86.76 6.33 -2.00 -11.44 386.4
2004 1 7 12 35591.5 0.915 93.30 6.33 -1.71 -10.44 406.8
2004 1 8 12 35635.2 3.663 87.37 6.33 -1.57 -11.45 376.6
2004 1 9 12 35681.2 0.938 110.83 6.33 -1.35 -9.71 401.1
2004 1 10 12 35729.3 1.794 80.83 6.33 -4.19 -13.29 321.1
2004 1 11 12 35779.7 3.073 100.02 6.33 0.66 -7.58 465.8
2004 1 12 12 35832.2 0.670 80.46 6.33 -3.62 -12.18 402.4
2004 1 13 12 35887.0 5.105 120.14 6.33 -1.27 -8.76 445.5
2004 1 14 12 35943.9 1.073 103.56 6.33 -0.50 -9.51 417.9
2004 1 15 12 36003.0 3.043 114.11 6.33 -5.07 -13.39 356.7
2004 1 16 12 36064.1 1.645 107.50 6.33 -1.78 -9.95 378.4
2004 1 17 12 36127.5 4.540 83.60 6.33 -1.37 -10.03 420.4
2004 1 18 12 36192.9 1.750 102.77 6.33 -2.54 -12.02 351.0
2004 1 19 12 36260.3 0.867 111.70 6.33 -0.54 -10.32 376.4
2004 1 20 12 36329.9 1.155 99.88 6.33 -2.43 -12.35 311.4
2004 1 21 12 36401.5 2.245 90.90 6.33 -3.68 -11.40 406.0
2004 1 22 12 36475.1 3.889 146.18 6.33 -0.69 -10.23 392.3
2004 1 23 12 36550.6 4.095 94.95 6.33 -1.96 -11.33 384.6
2004 1 24 12 36628.2 3.159 102.21 6.33 -2.97 -11.65 387.7
2004 1 25 12 36707.7 0.240 116.25 6.33 -3.25 -11.69 361.7
2004 1 26 12 36789.1 0.808 111.31 6.33 -3.29 -12.08 351.1
2004 1 27 12 36872.4 3.164 123.30 6.33 -0.29 -9.07 425.6
2004 1 28 12 36957.6 1.030 106.34 6.33 -0.45 -8.81 411.1
2004 1 29 12 37044.7 8.860 114.20 6.33 -1.52 -9.76 384.3
2004 1 30 12 37133.6 0.272 128.10 6.33 0.09 -9.18 453.9
2004 1 31 12 37224.2 0.358 123.34 6.33 0.10 -9.52 397.8
2004 2 1 12 37316.7 3.753 139.08 6.33 -1.65 -10.07 371.6
2004 2 2 12 37410.8 3.800 123.69 6.33 -2.21 -11.10 415.4
2004 2 3 12 37506.7 2.748 118.85 6.33 1.35 -7.38 446.5
2004 2 4 12 37604.3 2.198 141.32 6.33 -1.64 -11.24 321.4
2004 2 5 12 37703.6 12.964 114.82 6.33 -0.74 -8.80 409.4
2004 2 6 12 37804.5 0.299 122.99 6.33 -0.93 -9.88 405.1
2004 2 7 12 37906.9 2.204 124.39 6.33 -0.57 -8.91 456.6
2004 2 8 12 38011.0 4.244 138.05 6.33 -0.20 -8.82 408.0
2004 2 9 12 38116.5 1.156 143.48 6.33 -3.26 -13.34 315.4
2004 2 10 12 38223.6 4.279 128.53 6.33 -2.01 -11.14 409.0
2004 2 11 12 38332.2 4.220 128.44 6.33 -0.92 -10.12 382.7
2004 2 12 12 38442.2 2.853 130.01 6.33 -1.59 -10.97 359.2
2004 2 13 12 38553.6 1.655 136.94 6.33 -0.97 -11.26 334.4
2004 2 14 12 38666.4 7.951 141.37 6.33 -2.99 -10.81 357.7
2004 2 15 12 38780.5 0.393 147.71 6.33 -0.72 -9.21 446.7
2004 2 16 12 38896.0 0.453 112.18 6.33 0.19 -8.83 416.2
2004 2 17 12 39012.7 5.048 129.25 6.33 -0.03 -9.79 404.1
2004 2 18 12 39130.6 0.798 155.28 6.33 0.33 -9.51 445.3
2004 2 19 12 39249.8 7.031 122.60 6.33 0.20 -9.00 410.5
2004 2 20 12 39370.1 2.597 121.93 6.33 0.16 -8.74 394.3
2004 2 21 12 39491.6 1.885 149.89 6.33 0.49 -10.05 441.3
2004 2 22 12 39614.2 2.099 120.99 6.33 -1.40 -9.63 380.8
2004 2 23 12 39737.8 6.866 155.44 6.33 2.48 -6.27 512.4
2004 2 24 12 39862.5 5.785 160.93 6.33 -1.01 -10.56 367.7
2004 2 25 12 39988.1 0.935 169.74 6.33 0.30 -8.02 437.0
2004 2 26 12 40114.7 0.876 155.01 6.33 0.62 -7.89 446.6
2004 2 27 12 40242.2 1.297 155.54 6.33 1.52 -6.33 431.6
2004 2 28 12 40370.6 2.299 112.29 6.33 2.51 -6.97 448.6
2004 2 29 12 40499.8 2.936 145.20 6.33 2.77 -6.13 479.5
2004 3 1 12 40629.8 8.122 174.46 6.33 2.47 -5.81 458.8
2004 3 2 12 40760.6 1.697 138.22 6.33 -1.76 -10.05 402.2
2004 3 3 12 40892.1 4.784 146.19 6.33 1.56 -6.64 462.4
2004 3 4 12 41024.3 5.255 165.94 6.33 1.05 -8.63 405.5
2004 3 5 12 41157.2 3.370 171.10 6.33 3.54 -3.70 516.6
2004 3 6 12 41290.6 2.204 169.81 6.33 2.86 -6.47 502.4
2004 3 7 12 41424.6 9.650 173.24 6.33 3.96 -6.46 459.9
2004 3 8 12 41559.2 5.627 181.16 6.33 2.64 -6.85 441.4
2004 3 9 12 41694.2 2.904 177.98 6.33 2.95 -6.57 495.9
2004 3 10 12 41829.7 0.512 185.18 6.33 4.67 -5.11 516.4
2004 3 11 12 41965.5 0.202 164.61 6.33 1.03 -6.00 491.8
2004 3 12 12 42101.8 0.817 160.43 6.33 3.47 -6.33 445.3
2004 3 13 12 42238.3 3.044 196.10 6.33 5.06 -3.99 509.5
2004 3 14 12 42375.2 1.298 174.17 6.33 2.29 -7.39 436.4
2004 3 15 12 42512.3 0.548 180.19 6.33 3.06 -5.53 464.6
2004 3 16 12 42649.6 1.799 169.07 6.33 3.40 -6.15 444.1
2004 3 17 12 42787.0 0.750 154.02 6.33 2.29 -8.08 400.2
2004 3 18 12 42924.6 1.721 193.11 6.33 3.27 -6.09 516.8
2004 3 19 12 43062.3 10.365 191.59 6.33 3.07 -5.28 533.9
2004 3 20 12 43200.0 1.506 191.48 6.33 3.63 -5.11 516.6
2004 3 21 12 43337.7 6.019 161.44 6.33 1.87 -6.79 440.2
2004 3 22 12 43475.4 4.600 184.85 6.33 5.26 -4.92 420.4
2004 3 23 12 43613.0 5.345 199.65 6.33 5.29 -3.27 542.1
2004 3 24 12 43750.4 0.259 168.09 6.33 4.06 -4.75 481.6
2004 3 25 12 43887.7 8.967 172.59 6.33 5.13 -3.45 522.3
2004 3 26 12 44024.8 4.451 192.87 6.33 3.47 -5.46 551.4
2004 3 27 12 44161.7 2.167 173.10 6.33 6.83 -2.30 499.7
2004 3 28 12 44298.2 4.163 153.37 6.33 6.71 -2.13 541.2
2004 3 29 12 44434.5 1.324 185.06 6.33 7.72 -2.56 515.3
2004 3 30 12 44570.3 0.204 181.65 6.33 5.61 -2.64 546.3
2004 3 31 12 44705.8 6.930 203.37 6.33 8.59 0.15 630.5
2004 4 1 12 44840.8 0.377 210.59 6.33 7.48 -1.31 561.3
2004 4 2 12 44975.4 2.672 187.19 6.33 9.32 0.54 587.1
2004 4 3 12 45109.4 2.626 236.29 6.33 8.40 -0.13 579.8
2004 4 4 12 45242.8 1.005 205.56 6.33 5.76 -2.78 539.2
2004 4 5 12 45375.7 5.808 190.40 6.33 7.94 -1.98 577.9
2004 4 6 12 45507.9 0.911 212.62 6.33 10.09 2.56 635.5
2004 4 7 12 45639.4 4.299 210.98 6.33 6.59 -1.84 573.0
2004 4 8 12 45770.2 5.036 213.72 6.33 8.14 0.20 639.7
2004 4 9 12 45900.2 1.233 231.77 6.33 7.74 -1.08 576.5
2004 4 10 12 46029.4 2.304 192.44 6.33 7.53 -1.28 553.3
2004 4 11 12 46157.8 2.759 219.95 6.33 8.22 -0.97 578.5
2004 4 12 12 46285.3 0.748 212.08 6.33 9.61 1.15 590.5
2004 4 13 12 46411.9 3.557 184.57 6.33 8.52 -1.03 618.6
2004 4 14 12 46537.5 11.932 189.70 6.33 6.49 -2.76 541.7
2004 4 15 12 46662.2 4.998 232.94 6.33 9.59 1.79 619.3
2004 4 16 12 46785.8 1.768 228.70 6.33 11.88 2.05 606.1
2004 4 17 12 46908.4 4.999 241.53 6.33 9.77 0.98 694.3
2004 4 18 12 47029.9 0.400 222.55 6.33 10.94 1.17 630.2
2004 4 19 12 47150.2 1.177 191.36 6.33 9.50 -0.51 563.5
2004 4 20 12 47269.4 1.649 216.77 6.33 11.09 1.86 608.2
2004 4 21 12 47387.3 10.530 218.65 6.33 11.76 3.38 705.2
2004 4 22 12 47504.0 2.045 221.70 6.33 10.26 -0.31 607.1
2004 4 23 12 47619.5 3.056 208.34 6.33 10.06 1.74 641.9
2004 4 24 12 47733.6 0.361 246.79 6.33 12.13 4.29 703.5
2004 4 25 12 47846.4 8.593 212.87 6.33 12.62 2.38 639.2
2004 4 26 12 47957.8 2.142 228.08 6.33 12.83 4.53 692.0
2004 4 27 12 48067.8 0.960 216.58 6.33 14.13 5.83 739.6
2004 4 28 12 48176.4 1.018 240.39 6.33 11.70 4.45 720.6
2004 4 29 12 48283.5 3.823 210.75 6.33 13.03 3.02 653.4
2004 4 30 12 48389.0 0.072 210.74 6.33 12.27 2.67 650.3
2004 5 1 12 48493.1 4.995 248.66 6.33 11.73 2.03 655.6
2004 5 2 12 48595.5 2.150 240.98 6.33 13.46 4.28 712.7
2004 5 3 12 48696.4 1.798 261.55 6.33 12.85 2.63 639.1
2004 5 4 12 48795.7 0.941 239.52 6.33 13.72 5.56 701.8
2004 5 5 12 48893.3 11.241 241.21 6.33 15.15 6.26 738.6
2004 5 6 12 48989.2 7.937 223.37 6.33 15.33 5.19 688.3
2004 5 7 12 49083.3 17.686 257.58 6.33 10.61 2.21 676.6
2004 5 8 12 49175.8 3.000 255.19 6.33 14.31 6.58 729.5
2004 5 9 12 49266.4 1.542 256.46 6.33 14.80 5.72 711.8
2004 5 10 12 49355.3 0.941 246.63 6.33 15.75 7.08 744.6
2004 5 11 12 49442.4 1.498 234.86 6.33 14.01 4.53 720.6
2004 5 12 12 49527.6 2.356 244.03 6.33 14.75 5.35 671.4
2004 5 13 12 49610.9 5.555 248.34 6.33 14.59 6.09 713.0
2004 5 14 12 49692.3 1.292 242.97 6.33 14.40 5.40 723.7
2004 5 15 12 49771.8 1.528 241.44 6.33 14.53 4.99 683.0
2004 5 16 12 49849.4 1.290 259.09 6.33 13.47 3.45 672.6
2004 5 17 12 49924.9 0.264 264.36 6.33 14.45 6.24 718.7
2004 5 18 12 49998.5 2.181 234.48 6.33 14.53 6.20 768.1
2004 5 19 12 50070.1 0.036 252.32 6.33 15.82 7.32 759.3
2004 5 20 12 50139.7 0.638 274.95 6.33 16.85 9.35 767.7
2004 5 21 12 50207.1 4.046 239.89 6.33 15.38 7.36 797.6
2004 5 22 12 50272.5 1.880 247.04 6.33 17.99 8.05 725.9
2004 5 23 12 50335.9 1.638 240.02 6.33 14.17 5.14 681.7
2004 5 24 12 50397.0 5.189 251.21 6.33 17.30 8.43 754.0
2004 5 25 12 50456.1 2.295 257.87 6.33 16.24 4.98 620.8
2004 5 26 12 50513.0 1.464 255.40 6.33 17.50 7.22 694.8
2004 5 27 12 50567.8 4.150 267.51 6.33 17.73 7.84 755.4
2004 5 28 12 50620.3 1.278 256.45 6.33 17.95 9.42 805.0
2004 5 29 12 50670.7 0.254 261.35 6.33 19.43 10.92 819.8
2004 5 30 12 50718.8 1.323 248.98 6.33 17.34 8.33 791.5
2004 5 31 12 50764.8 1.855 239.15 6.33 17.42 10.02 808.2
2004 6 1 12 50808.5 4.614 285.60 6.33 16.95 8.01 750.3
2004 6 2 12 50849.9 2.662 267.29 6.33 17.80 9.63 795.7
2004 6 3 12 50889.0 6.345 246.15 6.33 18.84 9.74 814.1
2004 6 4 12 50925.9 0.336 257.77 6.33 17.57 8.40 772.7
2004 6 5 12 50960.5 18.075 268.60 6.33 15.28 6.37 736.5
2004 6 6 12 50992.8 6.821 253.32 6.33 20.08 11.72 869.3
2004 6 7 12 51022.8 2.354 258.85 6.33 18.18 10.10 835.9
2004 6 8 12 51050.5 0.957 267.26 6.33 18.87 9.06 747.6
2004 6 9 12 51075.8 1.137 265.37 6.33 17.19 8.05 697.3
2004 6 10 12 51098.8 6.179 235.85 6.33 18.39 8.66 739.9
2004 6 11 12 51119.5 1.661 259.33 6.33 18.42 9.32 773.2
2004 6 12 12 51137.8 1.225 233.96 6.33 19.11 11.67 848.0
2004 6 13 12 51153.7 3.585 264.39 6.33 16.41 7.91 742.3
2004 6 14 12 51167.4 6.509 264.57 6.33 20.43 11.83 783.8
2004 6 15 12 51178.6 2.520 261.63 6.33 21.57 13.87 883.7
2004 6 16 12 51187.5 0.174 269.79 6.33 20.77 10.91 825.3
2004 6 17 12 51194.0 1.432 232.45 6.33 20.74 12.40 833.5
2004 6 18 12 51198.1 1.594 254.79 6.33 20.50 11.28 883.2
2004 6 19 12 51199.9 4.417 250.76 6.33 21.81 11.98 838.0
2004 6 20 12 51199.3 4.829 253.22 6.33 17.99 8.67 745.3
2004 6 21 12 51196.4 0.623 247.89 6.33 23.63 14.83 917.2
2004 6 22 12 51191.0 2.468 251.51 6.33 21.31 12.19 856.1
2004 6 23 12 51183.3 2.492 240.48 6.33 22.39 13.35 872.4
2004 6 24 12 51173.3 1.198 258.59 6.33 19.59 9.60 817.5
2004 6 25 12 51160.8 0.403 263.64 6.33 19.36 12.05 832.5
2004 6 26 12 51146.1 5.669 271.88 6.33 20.80 12.75 860.5
2004 6 27 12 51128.9 0.865 255.44 6.33 20.13 11.15 831.4
2004 6 28 12 51109.4 1.362 270.49 6.33 20.29 12.50 862.8
2004 6 29 12 51087.6 0.444 255.85 6.33 20.96 12.29 893.2
2004 6 30 12 51063.4 3.935 276.69 6.33 21.25 11.98 883.8
2004 7 1 12 51036.9 1.737 263.65 6.33 20.75 11.31 786.5
2004 7 2 12 51008.1 0.399 252.09 6.33 22.77 13.77 891.2
2004 7 3 12 50976.9 0.566 274.36 6.33 22.58 13.43 843.2
2004 7 4 12 50943.5 1.007 247.51 6.33 22.14 13.37 859.7
2004 7 5 12 50907.8 2.389 263.72 6.33 24.26 14.69 879.4
2004 7 6 12 50869.7 0.777 244.62 6.33 21.88 13.51 907.1
2004 7 7 12 50829.4 1.964 272.07 6.33 23.92 15.05 933.1
2004 7 8 12 50786.9 2.595 281.36 6.33 22.47 13.68 860.9
2004 7 9 12 50742.1 0.062 227.46 6.33 20.82 10.30 779.7
2004 7 10 12 50695.1 3.826 252.73 6.33 22.14 13.27 865.2
2004 7 11 12 50645.8 4.327 285.33 6.33 20.12 9.71 761.6
2004 7 12 12 50594.3 1.874 241.08 6.33 22.94 13.46 874.7
2004 7 13 12 50540.7 1.443 248.54 6.33 21.57 12.16 814.0
2004 7 14 12 50484.8 1.437 254.69 6.33 24.15 13.86 878.3
2004 7 15 12 50426.8 0.114 245.47 6.33 20.92 11.60 822.8
2004 7 16 12 50366.7 3.177 275.77 6.33 21.58 11.21 807.0
2004 7 17 12 50304.5 0.824 270.59 6.33 20.62 11.45 835.0
2004 7 18 12 50240.1 5.784 227.99 6.33 23.32 13.87 863.2
2004 7 19 12 50173.7 2.168 245.16 6.33 24.35 16.22 880.0
2004 7 20 12 50105.1 3.612 275.24 6.33 22.85 13.89 877.0
2004 7 21 12 50034.6 6.549 238.00 6.33 21.38 12.84 868.8
2004 7 22 12 49962.0 3.060 250.85 6.33 20.70 11.13 803.5
2004 7 23 12 49887.4 0.997 228.07 6.33 23.43 13.69 881.7
2004 7 24 12 49810.8 0.893 258.13 6.33 20.47 10.32 845.1
2004 7 25 12 49732.3 0.799 251.83 6.33 24.48 14.66 880.3
2004 7 26 12 49651.8 2.243 233.20 6.33 23.48 14.98 938.2
2004 7 27 12 49569.5 2.515 255.51 6.33 22.36 12.98 863.4
2004 7 28 12 49485.2 0.459 227.47 6.33 22.67 14.36 912.7
2004 7 29 12 49399.1 2.291 259.04 6.33 24.04 14.23 840.5
2004 7 30 12 49311.1 4.574 258.02 6.33 19.75 8.46 764.9
2004 7 31 12 49221.3 4.308 250.97 6.33 22.82 14.28 847.2
2004 8 1 12 49129.8 3.918 242.35 6.33 19.89 10.22 832.6
2004 8 2 12 49036.5 0.041 226.36 6.33 20.90 12.33 805.8
2004 8 3 12 48941.4 5.916 221.31 6.33 23.62 13.59 863.1
2004 8 4 12 48844.7 0.607 249.19 6.33 22.26 13.82 864.2
2004 8 5 12 48746.2 0.321 203.61 6.33 20.83 10.58 828.9
2004 8 6 12 48646.2 2.691 220.45 6.33 22.88 13.53 880.0
2004 8 7 12 48544.5 4.397 238.75 6.33 21.28 10.66 805.1
2004 8 8 12 48441.3 2.493 223.28 6.33 23.50 15.04 931.3
2004 8 9 12 48336.4 1.330 255.90 6.33 19.55 9.38 798.8
2004 8 10 12 48230.1 0.530 216.84 6.33 20.65 11.46 821.8
2004 8 11 12 48122.3 4.025 217.32 6.33 22.48 14.66 897.8
2004 8 12 12 48013.0 0.940 219.11 6.33 21.26 11.10 834.0
2004 8 13 12 47902.3 2.470 209.75 6.33 17.78 9.10 781.1
2004 8 14 12 47790.2 3.326 242.99 6.33 17.51 8.51 792.8
2004 8 15 12 47676.7 3.848 198.03 6.33 21.07 12.40 815.1
2004 8 16 12 47561.9 1.386 224.17 6.33 24.40 15.07 888.8
2004 8 17 12 47445.8 4.443 246.09 6.33 20.21 11.15 791.9
2004 8 18 12 47328.5 0.607 231.70 6.33 20.94 11.35 881.9
2004 8 19 12 47209.9 1.055 222.83 6.33 22.93 14.33 882.6
2004 8 20 12 47090.2 1.228 208.47 6.33 20.73 11.81 845.1
2004 8 21 12 46969.3 0.712 212.73 6.33 18.55 10.31 818.2
2004 8 22 12 46847.3 1.005 225.42 6.33 19.46 9.24 759.0
2004 8 23 12 46724.2 0.502 243.98 6.33 19.96 11.07 810.7
2004 8 24 12 46600.0 0.155 208.76 6.33 22.20 13.29 866.1
2004 8 25 12 46474.8 0.486 184.23 6.33 22.52 12.83 829.2
2004 8 26 12 46348.7 0.625 229.39 6.33 21.87 13.16 867.3
2004 8 27 12 46221.7 1.703 211.59 6.33 22.48 13.83 893.7
2004 8 28 12 46093.7 7.589 211.12 6.33 21.19 11.57 881.3
2004 8 29 12 45964.9 1.678 199.10 6.33 19.59 10.81 820.9
2004 8 30 12 45835.3 1.082 193.11 6.33 18.89 8.94 795.2
2004 8 31 12 45704.9 0.746 179.49 6.33 21.00 12.50 836.1
2004 9 1 12 45573.7 0.620 209.56 6.33 16.85 8.11 733.1
2004 9 2 12 45441.8 0.037 215.03 6.33 19.90 12.08 854.8
2004 9 3 12 45309.3 0.909 209.26 6.33 17.49 9.11 793.3
2004 9 4 12 45176.2 0.208 190.69 6.33 18.93 11.82 827.0
2004 9 5 12 45042.4 5.929 232.31 6.33 16.47 8.06 722.4
2004 9 6 12 44908.2 1.058 219.40 6.33 21.95 12.94 859.9
2004 9 7 12 44773.4 1.061 207.40 6.33 16.19 6.67 747.4
2004 9 8 12 44638.1 0.799 190.51 6.33 16.72 7.41 744.8
2004 9 9 12 44502.5 0.574 207.89 6.33 18.38 10.74 855.3
2004 9 10 12 44366.4 5.344 190.08 6.33 18.54 10.16 770.8
2004 9 11 12 44230.0 3.116 211.33 6.33 17.87 7.66 714.7
2004 9 12 12 44093.3 0.751 189.89 6.33 16.54 9.08 790.0
2004 9 13 12 43956.3 0.359 177.03 6.33 17.21 9.39 777.0
2004 9 14 12 43819.1 0.206 204.58 6.33 15.44 5.76 701.9
2004 9 15 12 43681.7 1.123 206.12 6.33 17.16 7.58 727.0
2004 9 16 12 43544.2 4.119 188.22 6.33 16.86 7.97 757.3
2004 9 17 12 43406.5 3.999 187.45 6.33 15.54 6.67 785.2
2004 9 18 12 43268.9 2.366 196.61 6.33 16.79 9.05 773.9
2004 9 19 12 43131.1 0.244 155.06 6.33 14.76 6.48 722.9
2004 9 20 12 42993.5 0.853 187.13 6.33 15.35 6.35 740.7
2004 9 21 12 42855.8 0.975 179.08 6.33 14.79 5.42 683.6
2004 9 22 12 42718.3 0.954 166.47 6.33 15.27 4.37 664.1
2004 9 23 12 42580.9 1.027 181.54 6.33 12.27 2.64 671.4
2004 9 24 12 42443.7 1.626 205.65 6.33 16.02 7.85 771.1
2004 9 25 12 42306.7 0.453 154.03 6.33 14.24 5.83 718.5
2004 9 26 12 42170.0 0.884 176.38 6.33 12.54 3.62 658.4
2004 9 27 12 42033.6 0.232 163.16 6.33 15.03 6.22 707.1
2004 9 28 12 41897.5 1.862 155.07 6.33 11.94 2.35 615.3
2004 9 29 12 41761.9 1.287 158.23 6.33 11.78 1.35 611.7
2004 9 30 12 41626.6 0.034 175.34 6.33 14.04 5.74 701.0
2004 10 1 12 41491.8 0.427 161.77 6.33 11.45 0.67 638.5
2004 10 2 12 41357.6 0.162 173.09 6.33 13.98 5.42 649.1
2004 10 3 12 41223.8 2.358 153.83 6.33 13.85 6.42 691.8
2004 10 4 12 41090.7 1.080 173.13 6.33 11.98 1.96 667.8
2004 10 5 12 40958.2 0.703 137.88 6.33 16.21 7.22 763.5
2004 10 6 12 40826.3 0.527 170.36 6.33 13.35 3.71 633.2
2004 10 7 12 40695.1 1.290 130.63 6.33 14.01 4.01 661.4
2004 10 8 12 40564.7 0.850 159.63 6.33 11.75 1.49 589.3
2004 10 9 12 40435.1 0.633 148.80 6.33 9.76 0.12 571.3
2004 10 10 12 40306.3 3.580 126.19 6.33 13.82 5.35 665.7
2004 10 11 12 40178.3 1.156 161.73 6.33 11.57 2.74 658.1
2004 10 12 12 40051.3 0.228 156.01 6.33 9.87 0.30 622.7
2004 10 13 12 39925.2 1.075 144.87 6.33 11.76 3.42 661.2
2004 10 14 12 39800.0 1.024 112.45 6.33 12.05 3.24 694.8
2004 10 15 12 39675.8 0.018 152.63 6.33 13.86 5.89 742.8
2004 10 16 12 39552.7 0.938 145.92 6.33 8.59 0.48 576.8
2004 10 17 12 39430.7 0.772 106.76 6.33 9.97 0.68 568.4
2004 10 18 12 39309.8 2.127 150.08 6.33 12.56 4.28 689.2
2004 10 19 12 39190.1 0.093 165.51 6.33 9.32 -0.13 636.4
2004 10 20 12 39071.5 0.117 114.04 6.33 14.14 4.30 698.6
2004 10 21 12 38954.2 0.150 124.74 6.33 8.81 -0.36 614.4
2004 10 22 12 38838.1 1.404 141.88 6.33 6.43 -2.36 540.4
2004 10 23 12 38723.3 1.004 161.09 6.33 6.78 -2.29 590.5
2004 10 24 12 38609.8 0.070 135.21 6.33 11.88 2.79 587.8
2004 10 25 12 38497.7 0.191 139.44 6.33 9.48 0.88 589.1
2004 10 26 12 38387.0 0.220 101.37 6.33 10.37 0.14 619.1
2004 10 27 12 38277.7 1.431 138.43 6.33 7.87 -0.47 597.9
2004 10 28 12 38169.9 1.010 124.56 6.33 6.72 -2.01 576.9
2004 10 29 12 38063.6 0.549 136.72 6.33 7.25 -1.81 559.1
2004 10 30 12 37958.7 0.666 146.20 6.33 4.39 -2.85 534.7
2004 10 31 12 37855.5 0.208 151.59 6.33 4.10 -4.96 474.6
2004 11 1 12 37753.8 1.924 138.83 6.33 9.19 -0.94 536.3
2004 11 2 12 37653.8 0.733 121.27 6.33 6.29 -5.22 454.1
2004 11 3 12 37555.3 0.819 111.23 6.33 5.94 -2.16 563.6
2004 11 4 12 37458.6 2.257 107.86 6.33 5.38 -4.07 537.0
2004 11 5 12 37363.5 2.073 113.63 6.33 8.73 -0.01 585.6
2004 11 6 12 37270.2 0.631 145.58 6.33 4.91 -2.87 524.7
2004 11 7 12 37178.7 0.504 106.87 6.33 7.49 -0.41 564.4
2004 11 8 12 37088.9 0.126 105.81 6.33 4.92 -4.12 538.0
2004 11 9 12 37000.9 1.537 111.40 6.33 7.85 -0.72 602.8
2004 11 10 12 36914.8 1.181 113.13 6.33 6.74 -2.78 489.5
2004 11 11 12 36830.5 0.746 103.68 6.33 3.51 -5.22 526.9
2004 11 12 12 36748.2 1.079 122.32 6.33 4.62 -4.66 466.7
2004 11 13 12 36667.7 0.903 122.87 6.33 3.52 -6.24 493.5
2004 11 14 12 36589.2 1.547 109.01 6.33 4.86 -4.35 470.6
2004 11 15 12 36512.6 2.145 112.96 6.33 4.94 -4.60 447.5
2004 11 16 12 36438.0 0.500 106.44 6.33 5.06 -4.13 549.6
2004 11 17 12 36365.4 0.193 126.99 6.33 5.15 -4.21 594.5
2004 11 18 12 36294.9 0.589 100.23 6.33 3.35 -4.35 534.7
2004 11 19 12 36226.3 4.272 96.13 6.33 2.81 -5.69 483.4
2004 11 20 12 36159.9 0.813 141.08 6.33 3.92 -4.91 502.7
2004 11 21 12 36095.5 0.538 88.85 6.33 2.72 -6.13 495.4
2004 11 22 12 36033.3 1.037 115.20 6.33 2.19 -5.90 481.3
2004 11 23 12 35973.2 2.123 100.17 6.33 5.11 -5.61 501.9
2004 11 24 12 35915.2 0.370 127.39 6.33 4.54 -5.30 479.3
2004 11 25 12 35859.3 1.601 90.97 6.33 3.44 -5.12 490.9
2004 11 26 12 35805.7 1.328 110.11 6.33 3.46 -6.65 417.5
2004 11 27 12 35754.2 1.179 111.27 6.33 1.91 -6.15 476.6
2004 11 28 12 35704.9 1.230 121.26 6.33 1.96 -6.09 478.8
2004 11 29 12 35657.9 0.669 100.13 6.33 1.81 -7.60 499.0
2004 11 30 12 35613.1 1.933 130.58 6.33 -0.04 -9.18 467.0
2004 12 1 12 35570.6 0.046 111.09 6.33 1.71 -7.39 461.7
2004 12 2 12 35530.3 0.527 119.88 6.33 2.45 -4.71 488.1
2004 12 3 12 35492.2 0.701 120.16 6.33 2.40 -5.73 505.5
2004 12 4 12 35456.5 1.538 103.78 6.33 -1.54 -10.64 396.7
2004 12 5 12 35423.1 1.050 97.84 6.33 2.64 -6.71 472.2
2004 12 6 12 35391.9 0.458 90.34 6.33 1.55 -6.33 432.8
2004 12 7 12 35363.1 4.124 105.16 6.33 -1.27 -9.41 431.7
2004 12 8 12 35336.6 0.770 90.60 6.33 0.53 -8.33 479.2
2004 12 9 12 35312.4 4.413 104.62 6.33 -0.44 -8.60 424.8
2004 12 10 12 35290.6 0.174 117.05 6.33 0.91 -8.11 442.1
2004 12 11 12 35271.1 0.594 94.35 6.33 -2.55 -12.82 345.8
2004 12 12 12 35253.9 1.090 77.91 6.33 2.05 -6.97 434.5
2004 12 13 12 35239.2 1.354 97.96 6.33 -0.58 -10.59 397.6
2004 12 14 12 35226.7 0.261 96.79 6.33 0.49 -9.59 436.7
2004 12 15 12 35216.7 1.707 105.02 6.33 -1.33 -9.35 440.0
2004 12 16 12 35209.0 2.737 101.79 6.33 -1.04 -10.06 402.0
2004 12 17 12 35203.6 0.138 101.00 6.33 -1.19 -11.59 343.6
2004 12 18 12 35200.7 0.954 106.71 6.33 0.04 -8.83 391.7
2004 12 19 12 35200.1 4.674 106.96 6.33 1.13 -8.14 446.8
2004 12 20 12 35201.9 1.600 111.08 6.33 0.78 -9.02 411.0
2004 12 21 12 35206.0 16.569 90.14 6.33 0.60 -7.16 422.9
2004 12 22 12 35212.5 1.230 93.56 6.33 0.24 -9.13 418.8
2004 12 23 12 35221.4 0.993 90.67 6.33 -1.01 -11.91 416.4
2004 12 24 12 35232.6 0.242 108.83 6.33 1.33 -7.24 425.1
2004 12 25 12 35246.3 3.290 89.80 6.33 -1.83 -11.44 346.2
2004 12 26 12 35262.2 0.157 97.12 6.33 -2.08 -10.41 403.9
2004 12 27 12 35280.5 3.274 134.22 6.33 -0.07 -8.67 389.7
2004 12 28 12 35301.2 4.347 109.22 6.33 -2.24 -12.38 350.1
2004 12 29 12 35324.2 3.169 107.60 6.33 -2.79 -11.70 354.6
2004 12 30 12 35349.5 0.678 90.83 6.33 -0.15 -10.21 428.6
2004 12 31 12 35377.2 0.876 118.16 6.33 0.31 -8.67 444.6
2005 1 1 12 35377.2 4.294 98.07 6.33 -2.41 -10.99 363.0
2005 1 2 12 35407.2 4.568 120.27 6.33 -2.10 -10.79 393.6
2005 1 3 12 35439.5 1.197 97.66 6.33 -0.92 -9.12 427.9
2005 1 4 12 35474.1 1.043 79.91 6.33 -2.07 -11.27 370.2
2005 1 5 12 35511.0 0.451 96.45 6.33 -0.64 -8.95 488.7
2005 1 6 12 35550.1 3.018 100.11 6.33 -2.07 -10.40 397.0
2005 1 7 12 35591.5 0.173 97.50 6.33 -0.40 -10.08 467.1
2005 1 8 12 35635.2 0.065 114.24 6.33 1.45 -8.88 437.8
2005 1 9 12 35681.2 0.554 129.45 6.33 -0.98 -9.68 424.3
2005 1 10 12 35729.3 0.056 75.52 6.33 -3.52 -12.12 439.1
2005 1 11 12 35779.7 5.404 93.64 6.33 -0.53 -9.32 462.5
2005 1 12 12 35832.2 1.372 113.78 6.33 -3.00 -11.52 347.6
2005 1 13 12 35887.0 3.423 91.17 6.33 -2.54 -11.10 385.1
2005 1 14 12 35943.9 1.945 123.94 6.33 -4.05 -14.01 300.2
2005 1 15 12 36003.0 1.386 93.50 6.33 -0.92 -8.68 409.0
2005 1 16 12 36064.1 3.103 113.45 6.33 -2.52 -14.33 332.7
2005 1 17 12 36127.5 4.466 92.20 6.33 -1.94 -11.78 345.0
2005 1 18 12 36192.9 4.029 113.72 6.33 -1.39 -9.10 387.9
2005 1 19 12 36260.3 0.159 83.60 6.33 -3.90 -11.89 354.9
2005 1 20 12 36329.9 8.143 103.87 6.33 -3.12 -11.88 374.7
2005 1 21 12 36401.5 0.660 108.97 6.33 -1.11 -9.54 493.4
2005 1 22 12 36475.1 1.531 125.92 6.33 -1.08 -11.18 407.8
2005 1 23 12 36550.6 1.021 127.20 6.33 -2.06 -10.87 339.4
2005 1 24 12 36628.2 1.416 114.38 6.33 -1.75 -11.60 346.0
2005 1 25 12 36707.7 4.734 128.92 6.33 -4.20 -11.87 358.1
2005 1 26 12 36789.1 5.858 105.93 6.33 -2.62 -11.31 402.1
2005 1 27 12 36872.4 7.302 133.44 6.33 -0.61 -9.79 422.3
2005 1 28 12 36957.6 3.614 132.25 6.33 -1.48 -9.47 389.1
2005 1 29 12 37044.7 1.503 122.64 6.33 0.33 -8.43 461.5
2005 1 30 12 37133.6 0.397 130.51 6.33 -1.01 -9.94 410.5
2005 1 31 12 37224.2 1.644 112.07 6.33 -1.40 -9.19 360.6
2005 2 1 12 37316.7 2.448 122.06 6.33 1.33 -7.96 411.3
2005 2 2 12 37410.8 2.131 137.81 6.33 -2.21 -11.69 425.9
2005 2 3 12 37506.7 0.630 125.81 6.33 -0.42 -10.74 394.7
2005 2 4 12 37604.3 3.850 119.69 6.33 -3.61 -13.20 354.2
2005 2 5 12 37703.6 2.573 128.22 6.33 -1.34 -10.69 417.7
2005 2 6 12 37804.5 3.301 99.32 6.33 -3.27 -12.73 341.9
2005 2 7 12 37906.9 4.226 133.00 6.33 -2.82 -12.89 339.4
2005 2 8 12 38011.0 0.642 111.88 6.33 -1.77 -10.35 417.9
2005 2 9 12 38116.5 0.574 107.34 6.33 -0.65 -9.52 386.7
2005 2 10 12 38223.6 0.436 127.92 6.33 -1.14 -10.27 359.7
2005 2 11 12 38332.2 4.008 144.88 6.33 0.57 -9.80 378.7
2005 2 12 12 38442.2 6.688 126.69 6.33 -4.16 -14.21 315.8
2005 2 13 12 38553.6 4.390 135.56 6.33 0.70 -8.60 391.2
2005 2 14 12 38666.4 3.324 141.79 6.33 -2.28 -12.92 341.7
2005 2 15 12 38780.5 0.962 137.75 6.33 -2.41 -11.68 379.3
2005 2 16 12 38896.0 1.145 141.63 6.33 0.71 -7.76 471.5
2005 2 17 12 39012.7 0.423 133.78 6.33 -0.30 -8.06 461.5
2005 2 18 12 39130.6 1.681 128.80 6.33 -0.80 -10.34 465.5
2005 2 19 12 39249.8 6.267 141.69 6.33 1.80 -8.08 410.7
2005 2 20 12 39370.1 4.417 159.91 6.33 0.89 -6.79 456.4
2005 2 21 12 39491.6 0.295 133.86 6.33 0.94 -8.38 457.3
2005 2 22 12 39614.2 0.682 142.66 6.33 -2.05 -11.24 396.0
2005 2 23 12 39737.8 1.007 140.43 6.33 -0.20 -8.97 388.4
2005 2 24 12 39862.5 2.671 177.87 6.33 1.06 -8.17 445.9
2005 2 25 12 39988.1 7.300 162.59 6.33 -1.43 -11.15 404.5
2005 2 26 12 40114.7 7.354 141.20 6.33 0.72 -9.08 471.6
2005 2 27 12 40242.2 1.861 111.82 6.33 -0.63 -9.27 458.8
2005 2 28 12 40370.6 0.981 159.73 6.33 1.33 -8.00 464.3
2005 3 1 12 40499.8 1.560 144.29 6.33 1.72 -6.80 496.9
2005 3 2 12 40629.8 11.981 121.30 6.33 1.70 -6.80 448.0
2005 3 3 12 40760.6 7.174 145.76 6.33 1.02 -6.89 497.4
2005 3 4 12 40892.1 1.790 178.13 6.33 0.43 -8.70 481.6
2005 3 5 12 41024.3 7.138 164.45 6.33 2.56 -7.80 441.0
2005 3 6 12 41157.2 1.076 150.41 6.33 0.93 -8.58 416.8
2005 3 7 12 41290.6 1.998 162.47 6.33 3.68 -7.22 446.1
2005 3 8 12 41424.6 3.145 164.38 6.33 4.09 -5.68 482.0
2005 3 9 12 41559.2 3.571 176.41 6.33 1.00 -7.84 402.8
2005 3 10 12 41694.2 1.605 168.72 6.33 3.81 -4.20 480.8
2005 3 11 12 41829.7 0.252 172.74 6.33 3.63 -5.96 438.2
2005 3 12 12 41965.5 5.670 156.21 6.33 1.12 -7.60 484.8
2005 3 13 12 42101.8 1.548 176.47 6.33 1.43 -8.56 446.4
2005 3 14 12 42238.3 2.815 132.19 6.33 1.66 -7.57 415.1
2005 3 15 12 42375.2 2.206 189.25 6.33 1.89 -6.95 482.9
2005 3 16 12 42512.3 4.935 164.59 6.33 4.67 -3.99 525.1
2005 3 17 12 42649.6 10.321 183.84 6.33 5.93 -3.17 557.6
2005 3 18 12 42787.0 0.428 175.48 6.33 0.01 -10.14 434.4
2005 3 19 12 42924.6 1.679 148.18 6.33 4.70 -3.73 504.1
2005 3 20 12 43062.3 2.604 155.56 6.33 5.27 -4.94 521.3
2005 3 21 12 43200.0 1.778 190.48 6.33 5.55 -3.31 530.4
2005 3 22 12 43337.7 2.577 174.63 6.33 6.42 -1.94 525.3
2005 3 23 12 43475.4 0.606 165.24 6.33 3.10 -6.45 485.1
2005 3 24 12 43613.0 3.912 189.70 6.33 4.72 -4.87 488.1
2005 3 25 12 43750.4 13.356 191.85 6.33 6.04 -3.44 509.5
2005 3 26 12 43887.7 1.305 180.03 6.33 5.86 -2.05 583.5
2005 3 27 12 44024.8 3.543 202.47 6.33 5.69 -1.67 589.8
2005 3 28 12 44161.7 7.331 172.17 6.33 5.36 -2.97 508.4
2005 3 29 12 44298.2 3.611 181.37 6.33 5.37 -2.44 509.0
2005 3 30 12 44434.5 3.143 181.38 6.33 5.23 -3.65 508.0
2005 3 31 12 44570.3 1.192 221.49 6.33 6.20 -1.00 554.5
2005 4 1 12 44705.8 1.235 176.94 6.33 8.73 -1.02 620.5
2005 4 2 12 44840.8 3.469 206.61 6.33 7.39 -1.84 544.9
2005 4 3 12 44975.4 2.947 212.97 6.33 6.35 -2.57 547.7
2005 4 4 12 45109.4 10.423 192.53 6.33 7.69 -2.48 557.2
2005 4 5 12 45242.8 2.150 192.07 6.33 5.48 -3.14 558.9
2005 4 6 12 45375.7 1.002 228.80 6.33 5.38 -6.34 437.9
2005 4 7 12 45507.9 4.243 200.02 6.33 7.63 0.40 667.9
2005 4 8 12 45639.4 0.283 211.80 6.33 10.18 1.68 671.5
2005 4 9 12 45770.2 2.652 214.39 6.33 12.54 3.89 693.2
2005 4 10 12 45900.2 2.146 196.48 6.33 8.55 -0.62 604.3
2005 4 11 12 46029.4 1.370 190.48 6.33 7.22 -1.96 513.4
2005 4 12 12 46157.8 3.070 194.80 6.33 7.81 -1.53 574.3
2005 4 13 12 46285.3 2.304 186.28 6.33 8.86 -0.99 581.9
2005 4 14 12 46411.9 1.727 224.77 6.33 8.59 -1.19 620.8
2005 4 15 12 46537.5 2.100 184.61 6.33 7.75 -0.59 546.5
2005 4 16 12 46662.2 0.371 215.37 6.33 6.92 -1.44 535.7
2005 4 17 12 46785.8 4.437 232.91 6.33 12.21 2.27 653.5
2005 4 18 12 46908.4 4.294 176.77 6.33 12.84 4.89 682.3
2005 4 19 12 47029.9 2.147 196.82 6.33 10.71 1.41 702.3
2005 4 20 12 47150.2 1.623 203.61 6.33 11.20 2.38 623.5
2005 4 21 12 47269.4 1.555 231.56 6.33 10.47 0.96 665.5
2005 4 22 12 47387.3 0.358 233.74 6.33 11.89 1.61 566.8
2005 4 23 12 47504.0 17.572 214.09 6.33 8.87 -0.52 610.1
2005 4 24 12 47619.5 3.234 240.02 6.33 11.97 2.46 687.3
2005 4 25 12 47733.6 3.746 224.13 6.33 11.41 4.20 636.7
2005 4 26 12 47846.4 1.849 228.57 6.33 10.78 1.30 558.0
2005 4 27 12 47957.8 1.738 226.53 6.33 10.08 0.76 539.0
2005 4 28 12 48067.8 4.203 241.93 6.33 10.79 2.84 661.4
2005 4 29 12 48176.4 6.240 238.71 6.33 12.04 4.55 680.6
2005 4 30 12 48283.5 1.808 232.33 6.33 12.04 2.88 658.6
2005 5 1 12 48389.0 10.746 205.05 6.33 9.45 0.15 646.5
2005 5 2 12 48493.1 9.614 244.06 6.33 12.06 3.14 662.8
2005 5 3 12 48595.5 1.059 246.18 6.33 12.94 4.03 673.8
2005 5 4 12 48696.4 1.391 235.70 6.33 13.50 4.64 668.3
2005 5 5 12 48795.7 4.064 253.11 6.33 12.32 3.21 698.3
2005 5 6 12 48893.3 0.709 245.16 6.33 15.78 7.11 750.7
2005 5 7 12 48989.2 0.362 238.59 6.33 14.33 4.84 682.9
2005 5 8 12 49083.3 7.937 250.96 6.33 16.46 8.44 791.2
2005 5 9 12 49175.8 3.552 226.67 6.33 15.76 7.02 718.4
2005 5 10 12 49266.4 7.769 244.66 6.33 15.31 6.38 708.6
2005 5 11 12 49355.3 3.233 248.23 6.33 14.02 5.55 719.9
2005 5 12 12 49442.4 2.102 262.11 6.33 15.76 7.95 721.5
2005 5 13 12 49527.6 4.621 233.54 6.33 15.81 5.79 677.6
2005 5 14 12 49610.9 1.523 229.44 6.33 16.25 6.85 732.4
2005 5 15 12 49692.3 3.992 256.44 6.33 13.12 1.76 639.9
2005 5 16 12 49771.8 11.105 240.38 6.33 18.37 8.12 749.8
2005 5 17 12 49849.4 10.149 229.39 6.33 16.78 8.09 754.8
2005 5 18 12 49924.9 4.462 251.84 6.33 17.69 9.14 799.7
2005 5 19 12 49998.5 4.559 284.48 6.33 16.72 7.55 726.1
2005 5 20 12 50070.1 0.712 256.84 6.33 17.06 9.04 712.8
2005 5 21 12 50139.7 4.010 231.60 6.33 17.54 8.69 802.2
2005 5 22 12 50207.1 7.884 239.74 6.33 18.43 9.76 751.2
2005 5 23 12 50272.5 3.710 236.45 6.33 18.41 10.61 784.4
2005 5 24 12 50335.9 2.967 234.85 6.33 18.81 9.49 739.9
2005 5 25 12 50397.0 0.107 252.07 6.33 17.15 7.90 765.5
2005 5 26 12 50456.1 1.442 243.19 6.33 15.53 5.54 727.5
2005 5 27 12 50513.0 2.837 277.67 6.33 15.75 6.52 774.9
2005 5 28 12 50567.8 1.076 244.89 6.33 16.34 5.10 748.4
2005 5 29 12 50620.3 0.072 261.32 6.33 19.02 9.72 830.7
2005 5 30 12 50670.7 9.068 260.04 6.33 15.92 6.09 724.1
2005 5 31 12 50718.8 0.919 270.88 6.33 20.91 12.10 851.1
2005 6 1 12 50764.8 3.994 247.75 6.33 21.03 12.69 859.8
2005 6 2 12 50808.5 0.959 237.49 6.33 15.98 7.21 734.8
2005 6 3 12 50849.9 0.631 248.77 6.33 18.72 9.37 807.9
2005 6 4 12 50889.0 0.304 266.84 6.33 17.44 8.93 785.4
2005 6 5 12 50925.9 1.498 254.19 6.33 17.76 9.09 768.7
2005 6 6 12 50960.5 9.779 248.73 6.33 17.85 9.05 804.4
2005 6 7 12 50992.8 4.955 273.11 6.33 16.70 8.15 765.5
2005 6 8 12 51022.8 1.706 265.19 6.33 20.14 12.21 856.5
2005 6 9 12 51050.5 2.942 222.53 6.33 19.33 10.11 780.2
2005 6 10 12 51075.8 2.856 248.45 6.33 20.31 11.47 739.6
2005 6 11 12 51098.8 7.757 281.21 6.33 20.66 11.48 835.0
2005 6 12 12 51119.5 1.648 262.19 6.33 19.95 12.70 809.5
2005 6 13 12 51137.8 2.638 263.15 6.33 16.95 7.63 786.5
2005 6 14 12 51153.7 0.803 235.62 6.33 21.69 12.69 841.5
2005 6 15 12 51167.4 3.486 270.97 6.33 21.16 11.57 792.3
2005 6 16 12 51178.6 5.406 264.59 6.33 20.36 11.68 814.1
2005 6 17 12 51187.5 6.906 258.03 6.33 21.19 12.24 841.1
2005 6 18 12 51194.0 7.351 250.57 6.33 20.35 10.50 842.2
2005 6 19 12 51198.1 1.110 267.51 6.33 23.10 12.98 896.9
2005 6 20 12 51199.9 4.949 246.38 6.33 20.30 10.70 815.2
2005 6 21 12 51199.3 2.431 264.80 6.33 20.06 11.83 817.5
2005 6 22 12 51196.4 4.997 249.76 6.33 20.84 11.50 843.9
2005 6 23 12 51191.0 1.517 250.22 6.33 20.57 11.19 809.7
2005 6 24 12 51183.3 7.040 245.90 6.33 22.13 11.81 872.6
2005 6 25 12 51173.3 9.056 274.14 6.33 22.20 12.88 829.3
2005 6 26 12 51160.8 0.298 269.24 6.33 23.48 15.19 962.8
2005 6 27 12 51146.1 1.554 273.64 6.33 19.98 12.65 862.9
2005 6 28 12 51128.9 0.187 265.78 6.33 21.66 13.04 849.3
2005 6 29 12 51109.4 3.241 263.05 6.33 20.84 11.78 863.8
2005 6 30 12 51087.6 1.406 285.95 6.33 21.76 11.21 841.0
2005 7 1 12 51063.4 5.900 254.50 6.33 20.26 10.43 829.4
2005 7 2 12 51036.9 0.899 285.28 6.33 23.69 14.65 905.6
2005 7 3 12 51008.1 6.202 280.42 6.33 20.68 10.29 815.5
2005 7 4 12 50976.9 2.926 276.59 6.33 20.80 11.16 858.0
2005 7 5 12 50943.5 6.363 272.16 6.33 23.50 14.14 865.4
2005 7 6 12 50907.8 1.875 287.14 6.33 24.09 15.45 941.1
2005 7 7 12 50869.7 2.442 262.41 6.33 23.33 13.34 853.8
2005 7 8 12 50829.4 1.565 251.05 6.33 22.76 14.08 901.3
2005 7 9 12 50786.9 1.955 250.47 6.33 21.69 13.67 919.3
2005 7 10 12 50742.1 0.657 242.00 6.33 20.37 10.73 850.7
2005 7 11 12 50695.1 3.251 275.18 6.33 24.93 14.33 882.8
2005 7 12 12 50645.8 2.349 271.88 6.33 23.29 14.91 848.7
2005 7 13 12 50594.3 0.971 266.23 6.33 25.42 16.31 952.7
2005 7 14 12 50540.7 9.360 238.16 6.33 21.42 12.24 814.0
2005 7 15 12 50484.8 3.580 269.71 6.33 25.20 16.07 928.3
2005 7 16 12 50426.8 0.071 247.47 6.33 21.78 12.31 834.5
2005 7 17 12 50366.7 0.015 238.89 6.33 22.66 12.74 879.5
2005 7 18 12 50304.5 0.658 284.60 6.33 21.87 12.93 836.0
2005 7 19 12 50240.1 2.498 241.79 6.33 24.49 14.69 858.4
2005 7 20 12 50173.7 5.328 251.61 6.33 21.14 11.73 771.5
2005 7 21 12 50105.1 0.184 232.54 6.33 22.08 12.39 855.1
2005 7 22 12 50034.6 0.163 251.41 6.33 25.53 16.13 911.4
2005 7 23 12 49962.0 0.364 259.12 6.33 21.88 13.00 838.4
2005 7 24 12 49887.4 2.364 267.67 6.33 23.92 14.99 896.3
2005 7 25 12 49810.8 1.650 236.26 6.33 23.68 14.82 905.6
2005 7 26 12 49732.3 0.313 250.83 6.33 21.71 13.01 875.8
2005 7 27 12 49651.8 0.723 232.03 6.33 22.79 12.42 807.0
2005 7 28 12 49569.5 5.661 241.53 6.33 23.17 15.73 935.7
2005 7 29 12 49485.2 0.034 253.91 6.33 20.95 11.85 860.8
2005 7 30 12 49399.1 7.809 220.89 6.33 20.49 11.75 755.6
2005 7 31 12 49311.1 0.269 253.52 6.33 20.23 10.88 833.5
2005 8 1 12 49221.3 2.432 217.93 6.33 22.21 14.10 903.7
2005 8 2 12 49129.8 0.292 242.97 6.33 24.85 16.77 919.7
2005 8 3 12 49036.5 0.168 236.49 6.33 20.99 12.48 814.2
2005 8 4 12 48941.4 3.604 231.15 6.33 21.62 12.07 846.1
2005 8 5 12 48844.7 0.594 233.26 6.33 23.21 14.04 841.8
2005 8 6 12 48746.2 8.688 253.04 6.33 23.50 14.17 914.2
2005 8 7 12 48646.2 4.118 220.61 6.33 21.15 12.33 847.6
2005 8 8 12 48544.5 0.387 225.35 6.33 21.42 12.98 906.0
2005 8 9 12 48441.3 0.331 266.19 6.33 20.60 12.39 829.6
2005 8 10 12 48336.4 1.645 244.98 6.33 20.86 11.31 847.3
2005 8 11 12 48230.1 2.674 235.82 6.33 20.48 12.30 850.4
2005 8 12 12 48122.3 2.317 245.25 6.33 21.89 12.20 822.7
2005 8 13 12 48013.0 0.403 228.22 6.33 19.82 11.64 807.3
2005 8 14 12 47902.3 2.439 229.63 6.33 20.62 11.52 851.2
2005 8 15 12 47790.2 2.097 212.52 6.33 19.95 11.91 865.1
2005 8 16 12 47676.7 2.011 236.77 6.33 20.58 10.59 836.4
2005 8 17 12 47561.9 2.382 214.53 6.33 22.08 12.26 830.2
2005 8 18 12 47445.8 0.374 245.89 6.33 20.18 11.23 809.3
2005 8 19 12 47328.5 3.320 211.65 6.33 20.60 12.22 927.7
2005 8 20 12 47209.9 1.873 223.66 6.33 21.41 12.42 863.7
2005 8 21 12 47090.2 4.352 201.68 6.33 23.05 13.73 893.8
2005 8 22 12 46969.3 1.764 204.98 6.33 19.31 10.96 830.9
2005 8 23 12 46847.3 0.859 206.71 6.33 21.25 15.18 930.5
2005 8 24 12 46724.2 0.613 236.67 6.33 19.29 10.66 817.8
2005 8 25 12 46600.0 5.233 225.06 6.33 20.99 12.13 832.1
2005 8 26 12 46474.8 1.375 224.84 6.33 18.56 9.72 752.1
2005 8 27 12 46348.7 0.441 234.17 6.33 19.64 10.58 751.6
2005 8 28 12 46221.7 1.349 212.86 6.33 18.50 9.45 764.1
2005 8 29 12 46093.7 0.051 183.79 6.33 22.65 13.96 819.1
2005 8 30 12 45964.9 2.035 211.69 6.33 18.99 9.79 764.8
2005 8 31 12 45835.3 0.829 217.17 6.33 18.86 9.46 790.8
2005 9 1 12 45704.9 0.901 203.01 6.33 16.66 6.35 707.6
2005 9 2 12 45573.7 1.674 225.60 6.33 19.49 11.13 838.6
2005 9 3 12 45441.8 1.826 195.43 6.33 17.52 9.17 761.4
2005 9 4 12 45309.3 0.287 177.14 6.33 17.77 10.07 813.4
2005 9 5 12 45176.2 0.388 208.38 6.33 15.22 6.73 720.5
2005 9 6 12 45042.4 0.191 204.14 6.33 18.12 8.09 669.3
2005 9 7 12 44908.2 0.577 180.80 6.33 16.26 7.75 810.0
2005 9 8 12 44773.4 3.214 191.28 6.33 17.56 8.29 754.6
2005 9 9 12 44638.1 1.575 200.49 6.33 17.02 7.63 733.6
2005 9 10 12 44502.5 0.110 165.87 6.33 17.08 7.33 699.8
2005 9 11 12 44366.4 2.467 190.84 6.33 16.29 6.92 754.1
2005 9 12 12 44230.0 0.377 190.82 6.33 16.88 7.75 784.7
2005 9 13 12 44093.3 0.933 209.53 6.33 14.67 5.78 697.6
2005 9 14 12 43956.3 0.363 219.46 6.33 15.04 6.56 718.1
2005 9 15 12 43819.1 0.495 185.09 6.33 15.02 6.34 748.5
2005 9 16 12 43681.7 0.946 163.11 6.33 19.91 10.90 795.3
2005 9 17 12 43544.2 1.140 204.75 6.33 18.58 8.07 804.1
2005 9 18 12 43406.5 0.886 167.79 6.33 17.97 7.45 773.1
2005 9 19 12 43268.9 1.033 195.87 6.33 17.77 9.47 796.6
2005 9 20 12 43131.1 4.124 186.40 6.33 15.16 5.64 680.2
2005 9 21 12 42993.5 1.012 189.97 6.33 14.48 5.06 717.4
2005 9 22 12 42855.8 1.784 187.22 6.33 17.92 9.50 749.3
2005 9 23 12 42718.3 0.723 173.50 6.33 17.22 7.86 765.5
2005 9 24 12 42580.9 1.535 190.16 6.33 16.41 7.35 691.1
2005 9 25 12 42443.7 3.863 169.52 6.33 14.73 5.70 744.4
2005 9 26 12 42306.7 0.992 201.32 6.33 17.04 6.11 765.0
2005 9 27 12 42170.0 0.490 181.10 6.33 14.86 6.12 700.2
2005 9 28 12 42033.6 1.142 169.52 6.33 13.23 3.70 707.9
2005 9 29 12 41897.5 0.013 157.75 6.33 15.09 5.13 661.9
2005 9 30 12 41761.9 2.076 181.80 6.33 17.09 8.69 765.8
2005 10 1 12 41626.6 0.464 158.71 6.33 12.88 4.44 701.0
2005 10 2 12 41491.8 2.264 147.47 6.33 13.70 4.19 688.6
2005 10 3 12 41357.6 2.439 166.31 6.33 12.70 3.82 670.1
2005 10 4 12 41223.8 3.244 136.37 6.33 12.27 3.74 692.2
2005 10 5 12 41090.7 2.389 167.58 6.33 14.47 7.03 764.3
2005 10 6 12 40958.2 4.897 151.55 6.33 11.62 1.81 636.1
2005 10 7 12 40826.3 3.372 183.92 6.33 12.15 1.92 630.8
2005 10 8 12 40695.1 0.591 154.24 6.33 12.44 3.33 636.4
2005 10 9 12 40564.7 1.069 163.73 6.33 16.49 7.93 750.9
2005 10 10 12 40435.1 1.055 172.56 6.33 9.59 -0.65 570.9
2005 10 11 12 40306.3 1.366 149.99 6.33 11.98 4.15 708.7
2005 10 12 12 40178.3 2.184 162.31 6.33 9.26 0.03 601.3
2005 10 13 12 40051.3 1.023 174.53 6.33 12.09 2.86 691.3
2005 10 14 12 39925.2 0.813 142.72 6.33 10.88 1.89 585.5
2005 10 15 12 39800.0 0.512 151.24 6.33 11.70 1.85 678.9
2005 10 16 12 39675.8 0.395 164.40 6.33 11.53 1.50 612.9
2005 10 17 12 39552.7 1.289 142.25 6.33 10.94 0.87 644.1
2005 10 18 12 39430.7 0.060 140.32 6.33 10.23 1.50 618.7
2005 10 19 12 39309.8 0.730 125.06 6.33 10.84 2.96 675.0
2005 10 20 12 39190.1 1.101 116.00 6.33 10.63 0.65 609.9
2005 10 21 12 39071.5 0.432 130.25 6.33 14.33 6.64 744.6
2005 10 22 12 38954.2 0.267 111.29 6.33 11.03 2.38 650.2
2005 10 23 12 38838.1 0.317 150.81 6.33 11.54 2.01 688.7
2005 10 24 12 38723.3 0.414 122.61 6.33 7.03 -2.18 550.5
2005 10 25 12 38609.8 0.389 162.00 6.33 10.01 1.20 649.2
2005 10 26 12 38497.7 0.715 172.14 6.33 8.36 -0.47 599.8
2005 10 27 12 38387.0 1.163 131.48 6.33 10.31 1.54 592.2
2005 10 28 12 38277.7 1.218 136.44 6.33 10.04 -0.26 614.2
2005 10 29 12 38169.9 1.367 134.44 6.33 8.95 -0.35 607.2
2005 10 30 12 38063.6 0.707 117.03 6.33 5.87 -5.19 464.8
2005 10 31 12 37958.7 0.809 100.30 6.33 8.42 0.47 555.3
2005 11 1 12 37855.5 2.343 109.61 6.33 8.67 0.40 627.0
2005 11 2 12 37753.8 3.891 91.26 6.33 6.20 -2.43 554.5
2005 11 3 12 37653.8 3.746 109.59 6.33 9.46 -0.09 585.1
2005 11 4 12 37555.3 0.503 148.18 6.33 8.05 -0.51 585.4
2005 11 5 12 37458.6 1.855 117.24 6.33 6.22 -2.02 584.3
2005 11 6 12 37363.5 0.219 124.37 6.33 6.90 -2.56 522.7
2005 11 7 12 37270.2 0.412 145.98 6.33 9.63 0.52 594.9
2005 11 8 12 37178.7 1.058 111.53 6.33 8.48 -0.10 604.2
2005 11 9 12 37088.9 0.129 116.09 6.33 7.69 -1.85 578.4
2005 11 10 12 37000.9 0.018 112.30 6.33 7.13 -2.66 558.2
2005 11 11 12 36914.8 0.754 143.78 6.33 6.32 -1.17 646.1
2005 11 12 12 36830.5 0.770 123.65 6.33 7.22 -1.55 582.8
2005 11 13 12 36748.2 2.158 125.50 6.33 7.39 -1.65 597.1
2005 11 14 12 36667.7 1.562 127.24 6.33 5.38 -1.13 497.0
2005 11 15 12 36589.2 1.777 113.19 6.33 3.13 -5.82 541.7
2005 11 16 12 36512.6 2.277 108.83 6.33 4.10 -4.79 540.5
2005 11 17 12 36438.0 0.305 118.42 6.33 1.91 -8.49 379.8
2005 11 18 12 36365.4 1.827 109.04 6.33 2.68 -7.16 417.1
2005 11 19 12 36294.9 1.232 112.46 6.33 3.04 -5.74 480.4
2005 11 20 12 36226.3 1.192 124.32 6.33 2.02 -8.52 438.4
2005 11 21 12 36159.9 1.439 112.81 6.33 3.99 -5.53 512.2
2005 11 22 12 36095.5 0.262 118.31 6.33 5.82 -2.84 560.0
2005 11 23 12 36033.3 0.500 121.55 6.33 7.20 -2.47 514.1
2005 11 24 12 35973.2 0.021 83.96 6.33 2.56 -6.99 466.5
2005 11 25 12 35915.2 0.306 84.91 6.33 1.22 -7.19 480.3
2005 11 26 12 35859.3 1.301 91.67 6.33 3.91 -4.65 500.3
2005 11 27 12 35805.7 2.742 78.34 6.33 5.17 -4.08 512.0
2005 11 28 12 35754.2 2.400 90.85 6.33 3.50 -4.57 538.1
2005 11 29 12 35704.9 5.263 131.89 6.33 3.98 -4.84 482.8
2005 11 30 12 35657.9 1.336 111.87 6.33 3.25 -5.40 470.9
2005 12 1 12 35613.1 2.899 114.82 6.33 3.66 -4.25 536.8
2005 12 2 12 35570.6 1.733 108.71 6.33 1.78 -7.02 449.3
2005 12 3 12 35530.3 4.996 107.95 6.33 1.66 -7.82 470.5
2005 12 4 12 35492.2 1.362 113.02 6.33 -0.33 -8.32 402.0
2005 12 5 12 35456.5 0.415 108.58 6.33 -1.62 -10.48 381.7
2005 12 6 12 35423.1 2.990 114.69 6.33 2.04 -8.66 415.1
2005 12 7 12 35391.9 0.450 81.99 6.33 2.68 -6.67 510.3
2005 12 8 12 35363.1 0.275 114.07 6.33 0.34 -7.91 421.7
2005 12 9 12 35336.6 4.287 119.75 6.33 1.62 -6.57 481.2
2005 12 10 12 35312.4 0.674 82.25 6.33 3.14 -4.20 515.5
2005 12 11 12 35290.6 0.384 97.19 6.33 0.30 -8.47 419.6
2005 12 12 12 35271.1 2.788 99.92 6.33 -0.66 -9.32 448.2
2005 12 13 12 35253.9 0.563 98.91 6.33 2.08 -6.27 495.6
2005 12 14 12 35239.2 2.935 101.59 6.33 3.29 -6.31 494.8
2005 12 15 12 35226.7 0.763 119.01 6.33 1.00 -6.85 459.6
2005 12 16 12 35216.7 0.092 121.22 6.33 0.37 -10.85 380.4
2005 12 17 12 35209.0 1.770 96.78 6.33 -1.81 -11.74 397.0
2005 12 18 12 35203.6 2.073 69.71 6.33 -2.09 -9.79 446.1
2005 12 19 12 35200.7 0.443 83.36 6.33 1.69 -7.32 445.6
2005 12 20 12 35200.1 1.843 123.48 6.33 -0.63 -10.02 387.3
2005 12 21 12 35201.9 1.086 83.81 6.33 -0.81 -8.02 400.6
2005 12 22 12 35206.0 0.621 81.01 6.33 -1.46 -9.96 369.8
2005 12 23 12 35212.5 0.579 100.09 6.33 0.11 -8.69 445.0
2005 12 24 12 35221.4 1.125 98.44 6.33 0.66 -7.85 391.4
2005 12 25 12 35232.6 0.760 78.46 6.33 -1.68 -11.46 389.3
2005 12 26 12 35246.3 2.099 105.70 6.33 -0.74 -10.05 390.4
2005 12 27 12 35262.2 0.733 91.84 6.33 -0.26 -10.46 363.7
2005 12 28 12 35280.5 2.461 115.55 6.33 -1.61 -9.79 400.4
2005 12 29 12 35301.2 0.037 86.89 6.33 -1.84 -11.04 352.7
2005 12 30 12 35324.2 3.785 107.61 6.33 -1.98 -11.06 337.1
2005 12 31 12 35349.5 2.856 85.07 6.33 -2.17 -10.71 379.7
2006 1 1 12 35377.2 1.923 115.88 6.33 -1.25 -10.56 412.6
2006 1 2 12 35407.2 2.091 86.76 6.33 -0.79 -10.36 383.4
2006 1 3 12 35439.5 0.647 96.73 6.33 -0.82 -9.86 360.8
2006 1 4 12 35474.1 3.003 103.01 6.33 -2.51 -11.22 408.8
2006 1 5 12 35511.0 0.981 120.71 6.33 3.47 -3.79 493.4
2006 1 6 12 35550.1 3.362 93.18 6.33 0.32 -9.76 418.1
2006 1 7 12 35591.5 0.048 104.02 6.33 -1.60 -10.98 431.2
2006 1 8 12 35635.2 3.844 97.35 6.33 -1.02 -9.22 354.0
2006 1 9 12 35681.2 2.526 92.72 6.33 -0.87 -9.25 355.2
2006 1 10 12 35729.3 2.745 104.21 6.33 -0.74 -9.69 434.7
2006 1 11 12 35779.7 3.377 92.59 6.33 -2.68 -11.84 411.6
2006 1 12 12 35832.2 1.228 104.11 6.33 -0.26 -8.95 446.5
2006 1 13 12 35887.0 5.054 111.85 6.33 0.90 -8.09 447.2
2006 1 14 12 35943.9 1.032 119.85 6.33 -0.72 -10.91 437.1
2006 1 15 12 36003.0 1.361 126.12 6.33 -1.57 -10.67 406.1
2006 1 16 12 36064.1 3.843 132.76 6.33 -0.81 -9.57 387.0
2006 1 17 12 36127.5 2.591 109.93 6.33 -2.27 -11.49 434.2
2006 1 18 12 36192.9 0.675 112.53 6.33 0.47 -8.64 439.5
2006 1 19 12 36260.3 0.292 103.73 6.33 -2.27 -11.60 371.9
2006 1 20 12 36329.9 0.193 121.27 6.33 -3.16 -11.30 326.9
2006 1 21 12 36401.5 0.367 114.89 6.33 -1.76 -10.57 425.3
2006 1 22 12 36475.1 4.121 136.11 6.33 -3.26 -12.10 334.4
2006 1 23 12 36550.6 2.249 121.07 6.33 -1.45 -10.81 355.3
2006 1 24 12 36628.2 0.644 105.80 6.33 -2.30 -10.46 347.7
2006 1 25 12 36707.7 1.093 126.08 6.33 -1.09 -10.99 382.2
2006 1 26 12 36789.1 1.008 108.30 6.33 -4.85 -14.64 284.7
2006 1 27 12 36872.4 1.306 103.79 6.33 -2.29 -10.48 365.2
2006 1 28 12 36957.6 2.240 118.62 6.33 -0.88 -10.19 368.2
2006 1 29 12 37044.7 1.230 88.08 6.33 -0.87 -9.88 391.8
2006 1 30 12 37133.6 3.556 130.03 6.33 -0.04 -7.76 405.2
2006 1 31 12 37224.2 3.614 118.02 6.33 -3.17 -11.55 382.3
2006 2 1 12 37316.7 3.995 127.63 6.33 -1.04 -9.99 376.0
2006 2 2 12 37410.8 3.815 147.10 6.33 -3.72 -13.77 297.1
2006 2 3 12 37506.7 0.167 140.53 6.33 -2.11 -11.67 319.6
2006 2 4 12 37604.3 0.302 124.18 6.33 -2.75 -10.85 437.4
2006 2 5 12 37703.6 1.919 123.83 6.33 -2.00 -12.01 353.0
2006 2 6 12 37804.5 4.425 147.38 6.33 -0.86 -9.65 393.0
2006 2 7 12 37906.9 4.625 112.23 6.33 -0.78 -8.68 398.4
2006 2 8 12 38011.0 4.786 131.18 6.33 0.62 -8.38 473.2
2006 2 9 12 38116.5 3.763 156.26 6.33 -1.45 -12.48 360.1
2006 2 10 12 38223.6 0.444 134.14 6.33 -2.57 -10.91 407.5
2006 2 11 12 38332.2 3.251 141.55 6.33 -0.85 -10.40 408.9
2006 2 12 12 38442.2 5.582 137.86 6.33 2.22 -8.05 459.8
2006 2 13 12 38553.6 4.588 130.94 6.33 -3.61 -12.81 332.2
2006 2 14 12 38666.4 0.902 126.51 6.33 0.85 -7.45 470.8
2006 2 15 12 38780.5 0.598 129.57 6.33 2.86 -6.51 498.2
2006 2 16 12 38896.0 0.942 131.17 6.33 -1.64 -10.05 422.4
2006 2 17 12 39012.7 3.182 136.27 6.33 -0.96 -9.09 440.2
2006 2 18 12 39130.6 0.274 154.27 6.33 0.95 -8.44 430.9
2006 2 19 12 39249.8 0.806 144.18 6.33 -1.19 -8.80 418.1
2006 2 20 12 39370.1 1.147 124.36 6.33 3.34 -4.88 519.6
2006 2 21 12 39491.6 2.305 154.88 6.33 -2.08 -10.63 401.1
2006 2 22 12 39614.2 5.821 138.67 6.33 0.78 -7.61 450.9
2006 2 23 12 39737.8 13.020 135.74 6.33 1.23 -7.91 469.8
2006 2 24 12 39862.5 0.167 134.31 6.33 -0.10 -9.02 427.5
2006 2 25 12 39988.1 3.042 134.47 6.33 1.69 -8.63 399.7
2006 2 26 12 40114.7 15.387 155.45 6.33 1.79 -7.73 415.6
2006 2 27 12 40242.2 3.065 187.05 6.33 0.64 -8.63 441.9
2006 2 28 12 40370.6 6.278 150.87 6.33 -0.55 -8.11 421.5
2006 3 1 12 40499.8 1.663 138.32 6.33 0.45 -7.69 497.8
2006 3 2 12 40629.8 4.705 151.37 6.33 2.84 -6.24 480.0
2006 3 3 12 40760.6 4.278 134.93 6.33 2.67 -6.27 452.8
2006 3 4 12 40892.1 2.216 143.62 6.33 1.71 -7.52 413.4
2006 3 5 12 41024.3 0.399 178.09 6.33 1.95 -6.74 505.1
2006 3 6 12 41157.2 3.821 159.97 6.33 2.14 -6.19 428.6
2006 3 7 12 41290.6 8.419 179.20 6.33 2.48 -6.51 472.0
2006 3 8 12 41424.6 0.300 168.35 6.33 1.99 -7.19 471.5
2006 3 9 12 41559.2 4.570 148.58 6.33 1.13 -8.20 384.7
2006 3 10 12 41694.2 2.722 146.24 6.33 5.64 -3.83 488.5
2006 3 11 12 41829.7 5.908 183.35 6.33 4.10 -5.07 473.3
2006 3 12 12 41965.5 2.951 158.41 6.33 3.44 -5.00 562.8
2006 3 13 12 42101.8 16.356 159.28 6.33 2.59 -5.66 485.8
2006 3 14 12 42238.3 1.254 158.21 6.33 2.80 -7.55 459.6
2006 3 15 12 42375.2 2.530 180.43 6.33 3.24 -6.20 526.5
2006 3 16 12 42512.3 13.688 176.21 6.33 6.02 -3.61 518.0
2006 3 17 12 42649.6 1.676 173.24 6.33 2.32 -7.13 390.1
2006 3 18 12 42787.0 0.363 189.01 6.33 4.04 -4.96 426.2
2006 3 19 12 42924.6 2.347 163.65 6.33 3.05 -6.73 434.8
2006 3 20 12 43062.3 0.654 176.23 6.33 2.41 -6.31 493.1
2006 3 21 12 43200.0 4.309 181.69 6.33 6.57 -1.91 610.4
2006 3 22 12 43337.7 5.830 187.77 6.33 4.09 -4.10 535.2
2006 3 23 12 43475.4 9.665 195.37 6.33 3.01 -6.42 452.3
2006 3 24 12 43613.0 3.289 160.33 6.33 5.08 -2.97 513.3
2006 3 25 12 43750.4 0.047 193.48 6.33 5.19 -4.01 577.5
2006 3 26 12 43887.7 0.160 181.93 6.33 3.64 -5.56 569.9
2006 3 27 12 44024.8 1.093 182.22 6.33 7.48 -2.31 556.5
2006 3 28 12 44161.7 4.076 173.88 6.33 7.84 -0.93 601.3
2006 3 29 12 44298.2 2.873 171.89 6.33 5.64 -4.62 512.7
2006 3 30 12 44434.5 0.334 193.99 6.33 7.68 -1.36 564.8
2006 3 31 12 44570.3 2.484 185.51 6.33 5.16 -4.09 518.3
2006 4 1 12 44705.8 1.716 190.58 6.33 5.38 -3.93 477.8
2006 4 2 12 44840.8 4.254 188.97 6.33 9.19 -0.93 556.3
2006 4 3 12 44975.4 0.552 184.82 6.33 7.28 -1.90 571.7
2006 4 4 12 45109.4 0.968 170.56 6.33 7.67 -0.48 630.1
2006 4 5 12 45242.8 0.798 197.82 6.33 5.57 -1.79 565.6
2006 4 6 12 45375.7 10.498 197.67 6.33 5.37 -3.79 606.8
2006 4 7 12 45507.9 3.077 209.87 6.33 9.43 0.30 580.1
2006 4 8 12 45639.4 5.804 190.35 6.33 4.03 -4.38 520.1
2006 4 9 12 45770.2 7.841 220.60 6.33 9.13 1.40 656.1
2006 4 10 12 45900.2 3.743 246.97 6.33 11.42 3.19 649.6
2006 4 11 12 46029.4 5.480 215.22 6.33 8.38 0.11 637.8
2006 4 12 12 46157.8 7.917 184.33 6.33 9.62 1.25 691.3
2006 4 13 12 46285.3 4.304 201.70 6.33 8.96 -1.61 531.4
2006 4 14 12 46411.9 0.033 184.16 6.33 11.74 0.96 609.9
2006 4 15 12 46537.5 6.056 184.42 6.33 12.14 3.51 628.2
2006 4 16 12 46662.2 1.077 222.79 6.33 7.61 -1.33 530.6
2006 4 17 12 46785.8 1.587 216.70 6.33 10.69 -0.23 633.8
2006 4 18 12 46908.4 3.904 228.69 6.33 8.25 -0.95 605.0
2006 4 19 12 47029.9 0.467 252.91 6.33 11.05 1.26 601.5
2006 4 20 12 47150.2 2.947 208.07 6.33 10.58 0.63 636.3
2006 4 21 12 47269.4 3.642 228.70 6.33 11.17 3.77 625.8
2006 4 22 12 47387.3 0.794 212.97 6.33 13.32 4.31 689.5
2006 4 23 12 47504.0 3.371 222.10 6.33 8.96 -1.00 569.7
2006 4 24 12 47619.5 0.677 256.54 6.33 12.86 3.59 675.7
2006 4 25 12 47733.6 1.502 216.17 6.33 9.00 1.65 621.1
2006 4 26 12 47846.4 6.668 228.43 6.33 12.16 3.20 645.9
2006 4 27 12 47957.8 0.805 256.00 6.33 12.38 2.18 672.8
2006 4 28 12 48067.8 2.125 230.72 6.33 14.67 7.20 741.4
2006 4 29 12 48176.4 0.292 228.86 6.33 11.53 2.98 672.6
2006 4 30 12 48283.5 0.714 239.15 6.33 10.68 2.30 622.4
2006 5 1 12 48389.0 3.184 259.97 6.33 15.91 6.87 683.3
2006 5 2 12 48493.1 12.244 241.53 6.33 13.44 4.41 677.8
2006 5 3 12 48595.5 1.851 246.05 6.33 11.11 2.63 612.7
2006 5 4 12 48696.4 2.099 236.34 6.33 14.51 5.99 712.3
2006 5 5 12 48795.7 3.634 228.64 6.33 13.41 4.35 715.3
2006 5 6 12 48893.3 9.601 243.14 6.33 12.40 3.05 638.6
2006 5 7 12 48989.2 4.091 224.07 6.33 14.51 6.17 766.1
2006 5 8 12 49083.3 3.034 235.65 6.33 16.15 7.73 761.1
2006 5 9 12 49175.8 2.653 235.85 6.33 13.67 4.04 748.9
2006 5 10 12 49266.4 1.012 260.53 6.33 13.46 4.64 694.7
2006 5 11 12 49355.3 16.902 233.09 6.33 13.51 4.31 700.7
2006 5 12 12 49442.4 0.980 259.91 6.33 13.89 3.46 605.0
2006 5 13 12 49527.6 12.653 243.37 6.33 13.26 2.50 628.8
2006 5 14 12 49610.9 2.153 243.96 6.33 15.81 6.47 715.4
2006 5 15 12 49692.3 4.219 264.69 6.33 16.51 6.24 775.6
2006 5 16 12 49771.8 3.219 237.52 6.33 15.88 7.72 730.9
2006 5 17 12 49849.4 0.122 255.75 6.33 15.87 6.49 765.6
2006 5 18 12 49924.9 0.328 235.97 6.33 17.43 8.49 811.0
2006 5 19 12 49998.5 1.083 278.66 6.33 14.58 7.42 717.4
2006 5 20 12 50070.1 1.075 242.29 6.33 16.63 7.06 759.8
2006 5 21 12 50139.7 3.027 268.46 6.33 17.38 7.94 759.9
2006 5 22 12 50207.1 2.800 240.17 6.33 16.40 8.32 784.9
2006 5 23 12 50272.5 5.683 263.40 6.33 17.56 8.51 773.5
2006 5 24 12 50335.9 5.885 274.27 6.33 19.31 11.00 809.2
2006 5 25 12 50397.0 1.529 259.88 6.33 16.18 7.03 706.0
2006 5 26 12 50456.1 1.426 260.48 6.33 17.86 9.26 814.3
2006 5 27 12 50513.0 1.317 239.77 6.33 17.13 8.97 739.9
2006 5 28 12 50567.8 8.874 232.87 6.33 20.41 12.22 872.3
2006 5 29 12 50620.3 1.539 257.71 6.33 15.90 6.37 711.0
2006 5 30 12 50670.7 1.087 276.07 6.33 16.68 6.06 767.1
2006 5 31 12 50718.8 2.165 246.48 6.33 19.39 9.70 824.5
2006 6 1 12 50764.8 5.885 249.00 6.33 18.67 9.18 811.2
2006 6 2 12 50808.5 5.030 263.01 6.33 17.47 9.07 784.1
2006 6 3 12 50849.9 0.334 244.28 6.33 16.95 8.22 782.5
2006 6 4 12 50889.0 2.500 262.27 6.33 18.65 10.20 806.6
2006 6 5 12 50925.9 1.020 264.99 6.33 19.82 11.44 828.9
2006 6 6 12 50960.5 2.308 251.41 6.33 16.99 8.26 797.8
2006 6 7 12 50992.8 0.162 233.81 6.33 20.14 11.07 823.9
2006 6 8 12 51022.8 6.016 266.31 6.33 19.29 9.88 804.2
2006 6 9 12 51050.5 5.267 257.10 6.33 21.76 12.09 890.9
2006 6 10 12 51075.8 6.310 255.05 6.33 20.75 11.77 884.7
2006 6 11 12 51098.8 11.934 265.96 6.33 18.95 9.40 734.4
2006 6 12 12 51119.5 6.947 263.03 6.33 22.61 13.16 788.9
2006 6 13 12 51137.8 9.765 242.48 6.33 21.03 12.22 876.6
2006 6 14 12 51153.7 0.104 258.71 6.33 23.77 14.78 933.7
2006 6 15 12 51167.4 0.716 254.22 6.33 18.52 8.50 754.7
2006 6 16 12 51178.6 3.871 284.30 6.33 20.87 10.37 849.8
2006 6 17 12 51187.5 2.093 257.26 6.33 19.66 10.06 781.0
2006 6 18 12 51194.0 1.323 279.04 6.33 19.48 11.24 811.6
2006 6 19 12 51198.1 5.778 285.75 6.33 20.52 11.55 876.5
2006 6 20 12 51199.9 4.784 264.31 6.33 20.23 11.79 811.0
2006 6 21 12 51199.3 10.131 234.93 6.33 21.38 12.55 844.3
2006 6 22 12 51196.4 9.688 275.07 6.33 21.67 12.92 857.7
2006 6 23 12 51191.0 4.604 232.60 6.33 21.13 12.37 877.0
2006 6 24 12 51183.3 1.160 262.40 6.33 21.92 11.97 811.3
2006 6 25 12 51173.3 3.816 269.20 6.33 22.76 12.91 827.6
2006 6 26 12 51160.8 12.195 250.77 6.33 19.11 10.95 806.7
2006 6 27 12 51146.1 2.686 281.37 6.33 19.59 10.97 808.4
2006 6 28 12 51128.9 2.563 289.06 6.33 20.16 10.63 823.0
2006 6 29 12 51109.4 1.149 271.33 6.33 20.08 10.86 788.8
2006 6 30 12 51087.6 5.676 227.33 6.33 22.38 13.60 872.9
2006 7 1 12 51063.4 1.354 259.25 6.33 23.78 14.65 878.7
2006 7 2 12 51036.9 2.176 236.61 6.33 19.79 12.77 853.3
2006 7 3 12 51008.1 3.837 264.01 6.33 19.27 10.39 834.8
2006 7 4 12 50976.9 0.916 268.22 6.33 21.71 12.83 896.9
2006 7 5 12 50943.5 0.051 263.82 6.33 21.98 13.21 868.1
2006 7 6 12 50907.8 3.539 228.49 6.33 19.17 10.53 853.1
2006 7 7 12 50869.7 13.778 244.83 6.33 25.85 16.28 882.0
2006 7 8 12 50829.4 0.361 251.84 6.33 21.40 12.10 854.0
2006 7 9 12 50786.9 2.348 254.30 6.33 23.91 15.36 953.7
2006 7 10 12 50742.1 5.299 260.05 6.33 22.08 13.77 870.6
2006 7 11 12 50695.1 2.552 253.46 6.33 22.07 13.31 901.0
2006 7 12 12 50645.8 6.499 241.97 6.33 22.28 11.81 833.9
2006 7 13 12 50594.3 1.143 238.65 6.33 23.57 15.02 911.1
2006 7 14 12 50540.7 3.405 242.54 6.33 22.60 14.06 876.4
2006 7 15 12 50484.8 4.051 254.68 6.33 22.91 13.77 831.1
2006 7 16 12 50426.8 0.311 275.41 6.33 21.55 12.10 846.8
2006 7 17 12 50366.7 1.939 250.49 6.33 23.28 15.21 920.9
2006 7 18 12 50304.5 3.400 230.94 6.33 21.16 11.92 816.2
2006 7 19 12 50240.1 0.493 289.78 6.33 23.52 15.51 904.7
2006 7 20 12 50173.7 1.088 252.03 6.33 25.56 15.81 903.3
2006 7 21 12 50105.1 1.832 265.17 6.33 22.41 13.35 888.6
2006 7 22 12 50034.6 1.970 243.15 6.33 22.80 15.33 931.7
2006 7 23 12 49962.0 6.932 249.19 6.33 20.35 13.58 862.7
2006 7 24 12 49887.4 3.002 237.98 6.33 24.65 15.42 886.4
2006 7 25 12 49810.8 0.367 266.89 6.33 21.18 12.14 875.8
2006 7 26 12 49732.3 6.206 241.97 6.33 24.24 16.06 917.7
2006 7 27 12 49651.8 1.548 225.72 6.33 20.79 11.19 864.6
2006 7 28 12 49569.5 1.997 242.66 6.33 24.05 14.59 863.8
2006 7 29 12 49485.2 7.869 260.70 6.33 21.49 11.88 848.9
2006 7 30 12 49399.1 1.237 223.97 6.33 23.70 15.94 892.8
2006 7 31 12 49311.1 3.603 246.25 6.33 22.20 13.07 840.3
2006 8 1 12 49221.3 0.891 233.95 6.33 20.39 11.21 850.7
2006 8 2 12 49129.8 5.584 247.05 6.33 23.97 15.08 864.4
2006 8 3 12 49036.5 1.783 243.87 6.33 22.49 13.19 877.2
2006 8 4 12 48941.4 1.609 243.76 6.33 19.96 10.90 845.1
2006 8 5 12 48844.7 0.032 212.08 6.33 23.02 14.32 889.7
2006 8 6 12 48746.2 3.721 233.20 6.33 22.37 11.83 834.5
2006 8 7 12 48646.2 0.798 280.03 6.33 21.33 11.76 857.6
2006 8 8 12 48544.5 4.006 200.56 6.33 21.36 12.69 796.1
2006 8 9 12 48441.3 2.447 218.33 6.33 22.86 13.57 915.5
2006 8 10 12 48336.4 2.677 246.62 6.33 20.45 11.56 844.9
2006 8 11 12 48230.1 1.451 241.21 6.33 20.63 10.70 820.2
2006 8 12 12 48122.3 1.575 232.87 6.33 21.49 11.61 822.2
2006 8 13 12 48013.0 0.545 196.35 6.33 19.55 10.05 809.5
2006 8 14 12 47902.3 0.286 249.54 6.33 21.49 12.43 899.3
2006 8 15 12 47790.2 6.678 225.33 6.33 19.34 10.20 832.8
2006 8 16 12 47676.7 5.688 230.29 6.33 21.86 12.34 811.2
2006 8 17 12 47561.9 0.284 209.31 6.33 19.78 11.45 800.0
2006 8 18 12 47445.8 0.452 233.29 6.33 20.36 10.98 825.1
2006 8 19 12 47328.5 1.575 213.81 6.33 22.65 13.10 830.8
2006 8 20 12 47209.9 1.004 208.38 6.33 20.37 10.53 781.7
2006 8 21 12 47090.2 1.861 233.27 6.33 18.55 9.76 801.0
2006 8 22 12 46969.3 0.704 226.20 6.33 21.10 12.32 850.4
2006 8 23 12 46847.3 1.560 218.05 6.33 19.34 11.39 833.6
2006 8 24 12 46724.2 1.197 226.52 6.33 20.85 11.49 842.4
2006 8 25 12 46600.0 2.772 245.33 6.33 20.33 11.48 808.2
2006 8 26 12 46474.8 2.244 217.32 6.33 20.79 13.05 839.8
2006 8 27 12 46348.7 2.423 197.60 6.33 21.02 12.15 824.1
2006 8 28 12 46221.7 0.985 220.26 6.33 18.33 9.12 838.0
2006 8 29 12 46093.7 0.236 211.69 6.33 19.60 10.48 785.1
2006 8 30 12 45964.9 6.361 214.75 6.33 21.90 13.91 853.3
2006 8 31 12 45835.3 4.180 200.02 6.33 18.39 10.14 724.9
2006 9 1 12 45704.9 1.375 226.24 6.33 18.46 8.07 760.7
2006 9 2 12 45573.7 0.503 219.41 6.33 17.87 9.23 765.9
2006 9 3 12 45441.8 3.206 198.77 6.33 19.47 10.16 830.8
2006 9 4 12 45309.3 0.062 179.40 6.33 18.31 9.59 786.1
2006 9 5 12 45176.2 7.240 210.19 6.33 16.91 7.93 748.5
2006 9 6 12 45042.4 2.045 201.16 6.33 18.99 10.23 804.8
2006 9 7 12 44908.2 0.326 180.23 6.33 17.88 8.37 735.3
2006 9 8 12 44773.4 0.506 192.83 6.33 17.87 7.60 722.8
2006 9 9 12 44638.1 0.821 185.30 6.33 18.38 7.50 770.5
2006 9 10 12 44502.5 8.123 203.24 6.33 18.91 8.69 752.1
2006 9 11 12 44366.4 1.042 174.11 6.33 18.84 11.02 799.0
2006 9 12 12 44230.0 2.373 207.12 6.33 16.28 8.33 782.3
2006 9 13 12 44093.3 0.058 208.84 6.33 18.48 10.45 848.9
2006 9 14 12 43956.3 2.261 177.27 6.33 19.41 8.93 773.9
2006 9 15 12 43819.1 3.441 184.45 6.33 15.61 7.30 773.3
2006 9 16 12 43681.7 0.881 181.34 6.33 16.93 8.43 721.3
2006 9 17 12 43544.2 0.530 176.27 6.33 14.57 4.57 697.9
2006 9 18 12 43406.5 0.777 202.44 6.33 15.45 7.40 813.7
2006 9 19 12 43268.9 1.489 178.03 6.33 17.67 8.93 779.9
2006 9 20 12 43131.1 1.300 176.23 6.33 15.22 7.74 762.8
2006 9 21 12 42993.5 1.381 172.64 6.33 17.83 9.93 756.7
2006 9 22 12 42855.8 0.522 155.41 6.33 14.31 4.31 659.4
2006 9 23 12 42718.3 0.850 183.41 6.33 14.33 5.31 707.5
2006 9 24 12 42580.9 2.181 203.24 6.33 13.14 4.34 643.8
2006 9 25 12 42443.7 0.432 177.51 6.33 15.65 6.60 735.6
2006 9 26 12 42306.7 0.464 159.91 6.33 16.32 8.49 791.9
2006 9 27 12 42170.0 0.018 169.45 6.33 18.18 8.38 734.0
2006 9 28 12 42033.6 1.084 178.22 6.33 15.14 6.30 712.8
2006 9 29 12 41897.5 5.957 180.68 6.33 14.27 4.43 672.4
2006 9 30 12 41761.9 3.051 163.39 6.33 14.15 5.37 675.8
2006 10 1 12 41626.6 0.481 169.88 6.33 14.07 5.09 696.3
2006 10 2 12 41491.8 1.005 138.87 6.33 14.84 6.67 725.7
2006 10 3 12 41357.6 0.359 150.32 6.33 14.33 6.96 823.6
2006 10 4 12 41223.8 0.178 172.20 6.33 13.67 3.84 628.8
2006 10 5 12 41090.7 4.588 151.19 6.33 15.09 6.94 710.3
2006 10 6 12 40958.2 1.375 140.29 6.33 15.68 7.70 702.8
2006 10 7 12 40826.3 0.056 155.66 6.33 13.00 2.59 651.5
2006 10 8 12 40695.1 0.906 151.59 6.33 13.09 4.45 685.5
2006 10 9 12 40564.7 1.916 161.10 6.33 13.97 6.27 732.9
2006 10 10 12 40435.1 1.527 155.14 6.33 14.27 4.81 686.9
2006 10 11 12 40306.3 8.144 167.28 6.33 12.99 4.19 722.5
2006 10 12 12 40178.3 3.359 128.05 6.33 12.27 2.62 661.3
2006 10 13 12 40051.3 0.959 163.59 6.33 11.53 2.41 691.8
2006 10 14 12 39925.2 3.863 151.11 6.33 11.16 2.85 693.4
2006 10 15 12 39800.0 0.420 164.63 6.33 8.53 -1.69 549.0
2006 10 16 12 39675.8 0.536 158.85 6.33 10.99 2.57 607.7
2006 10 17 12 39552.7 3.363 150.22 6.33 9.91 0.80 637.4
2006 10 18 12 39430.7 0.113 151.58 6.33 9.64 0.73 606.9
2006 10 19 12 39309.8 4.142 155.56 6.33 8.67 -0.17 609.4
2006 10 20 12 39190.1 1.594 126.51 6.33 11.36 3.19 656.8
2006 10 21 12 39071.5 0.179 141.78 6.33 11.66 4.14 702.2
2006 10 22 12 38954.2 0.992 126.63 6.33 6.64 -1.78 520.6
2006 10 23 12 38838.1 2.018 127.20 6.33 9.46 1.18 654.0
2006 10 24 12 38723.3 0.612 135.48 6.33 9.75 2.17 646.7
2006 10 25 12 38609.8 6.697 119.47 6.33 10.93 1.62 627.3
2006 10 26 12 38497.7 0.757 145.15 6.33 8.46 -0.07 635.0
2006 10 27 12 38387.0 0.287 129.59 6.33 7.32 -1.06 542.1
2006 10 28 12 38277.7 0.286 140.74 6.33 7.29 -1.19 503.2
2006 10 29 12 38169.9 0.568 131.33 6.33 11.08 2.74 634.8
2006 10 30 12 38063.6 0.988 124.00 6.33 10.97 4.80 700.6
2006 10 31 12 37958.7 3.488 151.41 6.33 8.27 -2.17 572.9
2006 11 1 12 37855.5 0.514 126.34 6.33 9.51 1.17 659.2
2006 11 2 12 37753.8 1.304 136.13 6.33 8.24 -1.23 614.6
2006 11 3 12 37653.8 0.166 113.20 6.33 6.03 -2.48 561.3
2006 11 4 12 37555.3 0.356 114.46 6.33 6.53 -2.81 562.8
2006 11 5 12 37458.6 0.846 112.89 6.33 5.96 -3.32 495.4
2006 11 6 12 37363.5 0.771 86.61 6.33 6.61 -0.97 598.4
2006 11 7 12 37270.2 0.777 97.15 6.33 7.79 -0.29 612.6
2006 11 8 12 37178.7 1.461 116.62 6.33 6.45 -2.34 573.8
2006 11 9 12 37088.9 0.186 123.82 6.33 6.56 -3.78 474.7
2006 11 10 12 37000.9 1.480 106.01 6.33 4.52 -3.82 519.9
2006 11 11 12 36914.8 0.810 112.20 6.33 6.34 -1.75 586.5
2006 11 12 12 36830.5 0.361 122.18 6.33 7.26 -2.42 487.1
2006 11 13 12 36748.2 0.862 92.08 6.33 4.92 -2.67 540.2
2006 11 14 12 36667.7 1.274 110.58 6.33 2.57 -6.58 451.1
2006 11 15 12 36589.2 0.827 118.95 6.33 3.00 -6.21 485.0
2006 11 16 12 36512.6 0.900 130.73 6.33 3.03 -5.93 479.8
2006 11 17 12 36438.0 0.353 81.56 6.33 5.57 -1.79 546.3
2006 11 18 12 36365.4 0.902 110.86 6.33 3.71 -6.40 449.6
2006 11 19 12 36294.9 5.943 103.07 6.33 4.62 -4.61 514.7
2006 11 20 12 36226.3 1.651 107.30 6.33 3.64 -4.59 474.8
2006 11 21 12 36159.9 1.226 86.91 6.33 5.99 -2.41 545.9
2006 11 22 12 36095.5 0.195 99.54 6.33 5.35 -4.49 488.8
2006 11 23 12 36033.3 0.275 138.83 6.33 4.21 -5.36 493.7
2006 11 24 12 35973.2 0.146 125.49 6.33 3.75 -5.16 460.7
2006 11 25 12 35915.2 0.019 129.92 6.33 4.41 -3.98 512.4
2006 11 26 12 35859.3 3.154 113.84 6.33 1.24 -6.23 469.3
2006 11 27 12 35805.7 0.279 100.12 6.33 3.05 -5.74 515.6
2006 11 28 12 35754.2 1.591 85.42 6.33 1.51 -6.73 483.2
2006 11 29 12 35704.9 2.845 105.07 6.33 5.95 -4.69 562.7
2006 11 30 12 35657.9 2.638 115.63 6.33 0.87 -8.69 428.5
2006 12 1 12 35613.1 2.507 152.66 6.33 2.66 -6.40 488.8
2006 12 2 12 35570.6 6.893 101.93 6.33 3.36 -6.24 444.7
2006 12 3 12 35530.3 0.001 125.04 6.33 2.10 -6.24 522.3
2006 12 4 12 35492.2 0.226 88.25 6.33 2.07 -7.01 507.0
2006 12 5 12 35456.5 0.658 106.80 6.33 1.30 -9.65 407.9
2006 12 6 12 35423.1 1.599 90.42 6.33 0.36 -9.42 437.8
2006 12 7 12 35391.9 2.333 107.29 6.33 1.16 -7.98 433.6
2006 12 8 12 35363.1 0.227 123.03 6.33 3.33 -6.83 440.8
2006 12 9 12 35336.6 1.135 124.74 6.33 2.50 -6.28 473.6
2006 12 10 12 35312.4 0.777 116.69 6.33 1.49 -7.39 478.1
2006 12 11 12 35290.6 1.469 81.31 6.33 3.59 -4.10 530.2
2006 12 12 12 35271.1 0.382 106.66 6.33 4.28 -4.52 514.8
2006 12 13 12 35253.9 1.530 120.58 6.33 1.51 -6.83 515.3
2006 12 14 12 35239.2 0.484 87.00 6.33 -0.19 -9.57 419.8
2006 12 15 12 35226.7 2.538 98.36 6.33 0.33 -10.42 451.0
2006 12 16 12 35216.7 0.307 115.59 6.33 0.41 -8.88 446.9
2006 12 17 12 35209.0 0.353 50.56 6.33 -2.23 -12.71 364.3
2006 12 18 12 35203.6 0.462 90.32 6.33 0.13 -9.83 426.8
2006 12 19 12 35200.7 3.342 131.08 6.33 -1.49 -10.05 382.6
2006 12 20 12 35200.1 1.611 137.91 6.33 -1.11 -9.70 390.8
2006 12 21 12 35201.9 0.068 121.90 6.33 -0.06 -8.11 436.3
2006 12 22 12 35206.0 3.601 63.86 6.33 0.13 -8.81 486.6
2006 12 23 12 35212.5 0.771 114.75 6.33 -1.81 -10.73 392.9
2006 12 24 12 35221.4 1.880 116.47 6.33 -3.59 -12.12 344.1
2006 12 25 12 35232.6 0.276 96.01 6.33 -0.55 -11.01 407.4
2006 12 26 12 35246.3 3.269 139.46 6.33 -0.59 -8.22 443.4
2006 12 27 12 35262.2 0.645 81.33 6.33 3.00 -7.23 454.4
2006 12 28 12 35280.5 2.129 117.62 6.33 -0.86 -10.81 362.3
2006 12 29 12 35301.2 1.628 90.25 6.33 -0.28 -9.17 380.3
2006 12 30 12 35324.2 0.688 119.55 6.33 -1.65 -11.23 398.5
2006 12 31 12 35349.5 0.476 121.44 6.33 -2.14 -11.60 351.6
2007 1 1 12 35377.2 1.814 109.39 6.33 0.78 -7.39 407.1
2007 1 2 12 35407.2 1.079 71.44 6.33 -3.22 -12.45 383.6
2007 1 3 12 35439.5 0.708 96.04 6.33 -1.53 -11.29 355.5
2007 1 4 12 35474.1 0.633 120.71 6.33 1.72 -7.41 454.7
2007 1 5 12 35511.0 0.272 92.79 6.33 -0.19 -9.19 401.9
2007 1 6 12 35550.1 0.783 86.89 6.33 -0.23 -8.92 472.9
2007 1 7 12 35591.5 0.865 109.46 6.33 -1.94 -10.76 372.2
2007 1 8 12 35635.2 1.361 99.21 6.33 -2.67 -11.24 413.5
2007 1 9 12 35681.2 1.308 88.74 6.33 -1.43 -10.78 431.2
2007 1 10 12 35729.3 0.465 92.37 6.33 -2.89 -11.51 375.7
2007 1 11 12 35779.7 1.730 108.85 6.33 -0.10 -7.94 417.6
2007 1 12 12 35832.2 2.131 116.08 6.33 -2.28 -11.56 312.4
2007 1 13 12 35887.0 1.291 89.09 6.33 -2.50 -11.31 380.9
2007 1 14 12 35943.9 1.110 117.75 6.33 1.50 -6.46 519.1
2007 1 15 12 36003.0 1.857 99.15 6.33 -0.76 -10.19 374.6
2007 1 16 12 36064.1 1.790 127.28 6.33 -3.40 -13.92 356.8
2007 1 17 12 36127.5 4.583 122.92 6.33 -1.29 -9.85 390.9
2007 1 18 12 36192.9 0.521 114.13 6.33 -2.09 -10.50 418.0
2007 1 19 12 36260.3 5.331 112.72 6.33 -3.03 -12.18 392.2
2007 1 20 12 36329.9 1.128 141.11 6.33 -2.68 -12.08 356.6
2007 1 21 12 36401.5 0.154 117.53 6.33 -0.38 -8.73 448.6
2007 1 22 12 36475.1 1.358 123.13 6.33 -1.35 -10.10 399.4
2007 1 23 12 36550.6 2.048 148.42 6.33 -1.72 -10.52 370.1
2007 1 24 12 36628.2 4.034 120.39 6.33 -3.63 -14.23 259.9
2007 1 25 12 36707.7 0.727 122.14 6.33 0.49 -8.80 375.3
2007 1 26 12 36789.1 3.950 109.73 6.33 -3.78 -12.77 311.7
2007 1 27 12 36872.4 6.413 91.74 6.33 -2.40 -12.30 406.8
2007 1 28 12 36957.6 2.904 117.55 6.33 -4.32 -12.73 352.8
2007 1 29 12 37044.7 5.928 110.33 6.33 -0.82 -9.49 415.4
2007 1 30 12 37133.6 4.678 118.61 6.33 -2.48 -10.93 380.0
2007 1 31 12 37224.2 3.363 140.57 6.33 -0.71 -10.16 367.8
2007 2 1 12 37316.7 0.297 108.70 6.33 -1.83 -11.01 379.2
2007 2 2 12 37410.8 1.154 93.62 6.33 -0.98 -10.74 351.8
2007 2 3 12 37506.7 3.829 97.49 6.33 -1.27 -10.90 397.2
2007 2 4 12 37604.3 5.169 109.69 6.33 -2.74 -11.33 327.9
2007 2 5 12 37703.6 0.728 104.58 6.33 -0.00 -10.69 377.6
2007 2 6 12 37804.5 1.019 124.45 6.33 -0.71 -9.93 424.4
2007 2 7 12 37906.9 1.415 99.83 6.33 3.48 -5.00 518.7
2007 2 8 12 38011.0 4.735 118.12 6.33 -3.59 -12.26 358.4
2007 2 9 12 38116.5 4.323 112.50 6.33 0.63 -6.54 469.9
2007 2 10 12 38223.6 3.934 120.81 6.33 1.17 -7.43 492.4
2007 2 11 12 38332.2 2.350 157.08 6.33 -1.71 -12.36 357.0
2007 2 12 12 38442.2 2.326 140.95 6.33 0.10 -7.38 431.2
2007 2 13 12 38553.6 1.946 157.16 6.33 1.25 -8.04 451.2
2007 2 14 12 38666.4 4.929 145.69 6.33 1.48 -8.50 426.9
2007 2 15 12 38780.5 1.336 153.71 6.33 -2.78 -11.01 373.4
2007 2 16 12 38896.0 2.548 123.18 6.33 0.09 -8.01 448.8
2007 2 17 12 39012.7 1.085 132.43 6.33 2.51 -4.94 473.5
2007 2 18 12 39130.6 0.026 146.95 6.33 1.52 -6.74 428.2
2007 2 19 12 39249.8 5.517 133.16 6.33 0.15 -8.94 401.9
2007 2 20 12 39370.1 1.707 130.44 6.33 0.54 -8.70 364.9
2007 2 21 12 39491.6 5.451 160.79 6.33 0.61 -8.57 475.3
2007 2 22 12 39614.2 0.704 148.29 6.33 0.94 -7.23 508.9
2007 2 23 12 39737.8 0.181 153.51 6.33 -0.19 -9.37 417.5
2007 2 24 12 39862.5 0.282 121.41 6.33 -1.07 -8.99 391.9
2007 2 25 12 39988.1 2.965 131.45 6.33 -0.09 -8.18 458.3
2007 2 26 12 40114.7 8.985 145.16 6.33 0.75 -8.12 451.0
2007 2 27 12 40242.2 1.480 142.97 6.33 0.18 -9.37 463.7
2007 2 28 12 40370.6 0.249 141.03 6.33 0.55 -9.21 377.5
2007 3 1 12 40499.8 4.906 139.68 6.33 2.81 -5.17 461.1
2007 3 2 12 40629.8 0.986 154.56 6.33 1.80 -6.90 421.7
2007 3 3 12 40760.6 7.955 158.16 6.33 1.27 -7.65 437.0
2007 3 4 12 40892.1 0.801 130.71 6.33 2.20 -7.46 417.6
2007 3 5 12 41024.3 7.622 154.13 6.33 0.58 -8.54 440.2
2007 3 6 12 41157.2 3.800 173.76 6.33 1.78 -7.16 519.5
2007 3 7 12 41290.6 7.259 164.51 6.33 2.38 -6.15 518.8
2007 3 8 12 41424.6 2.978 178.31 6.33 1.29 -7.27 409.2
2007 3 9 12 41559.2 7.367 153.64 6.33 3.85 -4.29 527.7
2007 3 10 12 41694.2 2.700 161.61 6.33 2.31 -5.83 491.0
2007 3 11 12 41829.7 4.486 143.66 6.33 1.86 -6.55 496.8
2007 3 12 12 41965.5 0.469 165.56 6.33 1.64 -8.55 430.3
2007 3 13 12 42101.8 8.530 161.41 6.33 1.90 -7.25 443.2
2007 3 14 12 42238.3 5.288 164.19 6.33 1.64 -6.63 457.0
2007 3 15 12 42375.2 0.192 155.37 6.33 4.87 -3.66 463.1
2007 3 16 12 42512.3 0.686 180.21 6.33 4.03 -3.94 510.4
2007 3 17 12 42649.6 1.368 173.82 6.33 3.71 -6.80 459.0
2007 3 18 12 42787.0 0.102 188.47 6.33 3.44 -6.06 502.5
2007 3 19 12 42924.6 8.101 155.27 6.33 1.83 -7.38 460.0
2007 3 20 12 43062.3 3.480 187.77 6.33 5.11 -3.72 511.4
2007 3 21 12 43200.0 1.029 187.17 6.33 3.10 -5.61 519.1
2007 3 22 12 43337.7 2.041 153.34 6.33 2.56 -5.99 486.3
2007 3 23 12 43475.4 14.695 200.45 6.33 6.25 -1.81 524.9
2007 3 24 12 43613.0 2.216 197.86 6.33 5.07 -4.43 491.0
2007 3 25 12 43750.4 0.099 203.56 6.33 1.42 -7.82 422.4
2007 3 26 12 43887.7 13.842 192.28 6.33 3.59 -6.05 482.2
2007 3 27 12 44024.8 8.635 182.90 6.33 7.03 -2.63 518.7
2007 3 28 12 44161.7 2.484 196.60 6.33 5.74 -2.11 584.9
2007 3 29 12 44298.2 2.858 178.83 6.33 4.75 -4.71 515.7
2007 3 30 12 44434.5 1.892 210.99 6.33 6.74 -2.82 533.0
2007 3 31 12 44570.3 0.852 179.93 6.33 4.60 -4.46 509.2
2007 4 1 12 44705.8 0.131 203.43 6.33 6.10 -3.54 515.0
2007 4 2 12 44840.8 0.733 187.59 6.33 10.16 1.20 628.5
2007 4 3 12 44975.4 1.178 187.87 6.33 9.90 0.42 601.3
2007 4 4 12 45109.4 1.225 206.51 6.33 6.27 -2.16 591.2
2007 4 5 12 45242.8 1.782 218.56 6.33 7.25 -2.66 501.9
2007 4 6 12 45375.7 12.612 190.17 6.33 8.37 -1.30 558.7
2007 4 7 12 45507.9 2.070 211.44 6.33 9.20 0.19 609.7
2007 4 8 12 45639.4 4.047 223.27 6.33 7.22 -1.82 501.5
2007 4 9 12 45770.2 3.415 210.52 6.33 7.44 -1.02 605.2
2007 4 10 12 45900.2 1.422 222.61 6.33 7.73 0.08 612.6
2007 4 11 12 46029.4 0.301 202.90 6.33 6.53 -3.06 561.8
2007 4 12 12 46157.8 10.194 213.76 6.33 7.01 -1.97 481.1
2007 4 13 12 46285.3 4.833 212.20 6.33 8.74 0.13 633.6
2007 4 14 12 46411.9 9.076 229.65 6.33 8.05 -0.85 629.8
2007 4 15 12 46537.5 3.386 204.15 6.33 8.70 -0.84 601.8
2007 4 16 12 46662.2 7.350 218.77 6.33 10.38 0.81 650.9
2007 4 17 12 46785.8 1.947 198.43 6.33 9.79 -0.60 593.0
2007 4 18 12 46908.4 1.902 207.20 6.33 9.31 0.01 611.5
2007 4 19 12 47029.9 4.912 243.30 6.33 12.33 2.71 662.8
2007 4 20 12 47150.2 0.243 250.88 6.33 11.70 2.62 740.9
2007 4 21 12 47269.4 4.799 216.24 6.33 10.31 0.06 601.3
2007 4 22 12 47387.3 1.174 211.19 6.33 9.48 1.57 619.8
2007 4 23 12 47504.0 2.230 247.03 6.33 11.28 2.43 633.6
2007 4 24 12 47619.5 2.934 211.36 6.33 10.73 1.52 674.4
2007 4 25 12 47733.6 1.315 226.70 6.33 10.48 1.16 610.8
2007 4 26 12 47846.4 1.481 235.98 6.33 10.73 1.06 643.6
2007 4 27 12 47957.8 3.414 251.51 6.33 11.92 2.82 643.1
2007 4 28 12 48067.8 5.091 211.10 6.33 11.22 2.01 680.4
2007 4 29 12 48176.4 22.201 219.22 6.33 11.21 2.15 667.9
2007 4 30 12 48283.5 6.042 227.20 6.33 12.57 4.10 700.2
2007 5 1 12 48389.0 4.711 224.31 6.33 13.68 5.14 757.3
2007 5 2 12 48493.1 0.146 255.73 6.33 18.62 9.46 751.4
2007 5 3 12 48595.5 14.250 225.97 6.33 12.41 3.72 736.0
2007 5 4 12 48696.4 10.190 221.52 6.33 15.14 7.50 795.8
2007 5 5 12 48795.7 0.461 216.64 6.33 14.84 6.17 757.8
2007 5 6 12 48893.3 5.318 215.18 6.33 13.15 4.48 695.1
2007 5 7 12 48989.2 3.784 236.11 6.33 11.06 2.68 689.4
2007 5 8 12 49083.3 5.625 244.67 6.33 13.80 4.92 709.5
2007 5 9 12 49175.8 3.062 210.83 6.33 12.29 3.87 693.5
2007 5 10 12 49266.4 2.958 238.12 6.33 13.82 4.68 772.2
2007 5 11 12 49355.3 9.625 229.59 6.33 13.93 4.82 681.1
2007 5 12 12 49442.4 10.767 237.29 6.33 15.28 6.58 707.5
2007 5 13 12 49527.6 0.723 232.04 6.33 13.32 5.63 714.5
2007 5 14 12 49610.9 0.269 241.90 6.33 15.49 6.61 703.1
2007 5 15 12 49692.3 0.530 223.36 6.33 15.68 6.57 709.3
2007 5 16 12 49771.8 1.212 250.85 6.33 15.32 7.42 752.9
2007 5 17 12 49849.4 0.949 240.90 6.33 16.25 7.14 752.1
2007 5 18 12 49924.9 11.000 262.82 6.33 15.25 5.42 763.0
2007 5 19 12 49998.5 3.477 252.35 6.33 14.20 4.85 675.5
2007 5 20 12 50070.1 1.612 236.81 6.33 15.82 6.26 738.8
2007 5 21 12 50139.7 5.432 254.45 6.33 15.66 6.16 675.1
2007 5 22 12 50207.1 2.980 265.83 6.33 17.90 9.70 818.1
2007 5 23 12 50272.5 2.322 246.00 6.33 17.27 7.31 760.6
2007 5 24 12 50335.9 0.671 256.76 6.33 18.55 9.79 766.9
2007 5 25 12 50397.0 1.103 255.42 6.33 16.64 7.17 754.5
2007 5 26 12 50456.1 1.322 257.53 6.33 15.80 6.61 714.3
2007 5 27 12 50513.0 0.429 255.95 6.33 19.12 9.67 704.4
2007 5 28 12 50567.8 3.961 232.54 6.33 18.86 8.94 725.7
2007 5 29 12 50620.3 3.007 235.41 6.33 18.95 10.19 746.5
2007 5 30 12 50670.7 1.123 230.09 6.33 18.22 9.65 804.0
2007 5 31 12 50718.8 2.667 237.17 6.33 17.92 8.65 759.6
2007 6 1 12 50764.8 8.232 257.98 6.33 18.79 9.77 799.5
2007 6 2 12 50808.5 5.293 262.98 6.33 18.71 10.21 811.7
2007 6 3 12 50849.9 3.611 241.76 6.33 20.13 10.69 810.6
2007 6 4 12 50889.0 0.635 238.87 6.33 20.09 10.27 799.7
2007 6 5 12 50925.9 10.935 263.47 6.33 18.61 11.70 862.1
2007 6 6 12 50960.5 1.741 252.69 6.33 19.32 9.78 758.5
2007 6 7 12 50992.8 6.388 235.66 6.33 18.66 10.77 819.3
2007 6 8 12 51022.8 4.077 290.83 6.33 17.97 10.47 824.4
2007 6 9 12 51050.5 1.690 262.03 6.33 21.69 14.56 906.0
2007 6 10 12 51075.8 0.518 263.28 6.33 21.89 12.77 822.7
2007 6 11 12 51098.8 5.323 246.24 6.33 20.36 11.52 799.9
2007 6 12 12 51119.5 3.145 279.24 6.33 20.18 10.86 774.9
2007 6 13 12 51137.8 0.172 266.22 6.33 18.73 9.03 749.0
2007 6 14 12 51153.7 2.385 283.25 6.33 18.27 9.65 806.3
2007 6 15 12 51167.4 1.094 246.58 6.33 18.11 9.89 813.4
2007 6 16 12 51178.6 2.118 256.35 6.33 21.16 12.76 843.6
2007 6 17 12 51187.5 3.488 226.32 6.33 22.53 14.01 870.2
2007 6 18 12 51194.0 0.584 271.73 6.33 21.29 12.64 816.1
2007 6 19 12 51198.1 4.356 265.97 6.33 20.79 12.34 881.4
2007 6 20 12 51199.9 0.333 281.50 6.33 18.98 10.78 724.0
2007 6 21 12 51199.3 5.019 249.60 6.33 19.41 11.18 861.3
2007 6 22 12 51196.4 4.890 266.41 6.33 22.80 13.35 908.3
2007 6 23 12 51191.0 4.401 257.91 6.33 22.84 13.35 852.7
2007 6 24 12 51183.3 0.130 262.92 6.33 18.99 9.64 807.6
2007 6 25 12 51173.3 0.099 254.62 6.33 22.79 13.38 891.4
2007 6 26 12 51160.8 2.393 232.22 6.33 20.48 11.49 828.2
2007 6 27 12 51146.1 3.664 261.21 6.33 20.25 10.71 809.4
2007 6 28 12 51128.9 1.476 260.02 6.33 20.48 10.89 838.4
2007 6 29 12 51109.4 2.670 274.99 6.33 22.74 13.32 838.8
2007 6 30 12 51087.6 2.389 253.32 6.33 20.29 11.76 826.3
2007 7 1 12 51063.4 2.048 269.27 6.33 22.55 12.87 885.2
2007 7 2 12 51036.9 2.310 247.07 6.33 21.84 12.13 857.6
2007 7 3 12 51008.1 2.985 243.53 6.33 22.10 12.54 849.9
2007 7 4 12 50976.9 4.162 261.91 6.33 21.04 11.78 855.3
2007 7 5 12 50943.5 7.415 247.15 6.33 21.23 12.63 834.1
2007 7 6 12 50907.8 0.114 288.32 6.33 24.07 14.37 886.3
2007 7 7 12 50869.7 4.157 238.99 6.33 22.60 14.77 943.0
2007 7 8 12 50829.4 1.742 277.34 6.33 23.11 15.36 982.0
2007 7 9 12 50786.9 6.937 231.10 6.33 20.93 12.18 835.7
2007 7 10 12 50742.1 5.581 266.54 6.33 23.71 14.22 918.0
2007 7 11 12 50695.1 0.569 272.59 6.33 21.91 12.83 831.8
2007 7 12 12 50645.8 2.229 260.69 6.33 24.51 16.11 922.5
2007 7 13 12 50594.3 2.213 267.88 6.33 21.48 11.65 824.2
2007 7 14 12 50540.7 0.510 259.17 6.33 21.07 12.44 831.6
2007 7 15 12 50484.8 6.690 255.96 6.33 23.14 12.49 881.0
2007 7 16 12 50426.8 1.058 255.49 6.33 22.96 13.98 876.8
2007 7 17 12 50366.7 1.052 241.10 6.33 20.25 12.04 856.2
2007 7 18 12 50304.5 0.174 247.78 6.33 21.47 12.92 919.9
2007 7 19 12 50240.1 1.738 250.08 6.33 22.57 13.34 850.8
2007 7 20 12 50173.7 1.030 219.61 6.33 22.60 14.03 904.0
2007 7 21 12 50105.1 4.292 249.80 6.33 22.59 13.25 847.9
2007 7 22 12 50034.6 0.868 263.58 6.33 21.54 13.09 858.5
2007 7 23 12 49962.0 0.317 262.22 6.33 24.20 14.30 924.4
2007 7 24 12 49887.4 1.502 221.70 6.33 20.35 12.31 841.5
2007 7 25 12 49810.8 0.850 236.87 6.33 24.03 15.23 905.4
2007 7 26 12 49732.3 1.230 260.25 6.33 22.50 14.44 898.1
2007 7 27 12 49651.8 1.726 225.39 6.33 22.84 13.19 842.7
2007 7 28 12 49569.5 1.713 259.10 6.33 21.81 11.27 803.6
2007 7 29 12 49485.2 0.635 228.11 6.33 24.51 14.49 925.2
2007 7 30 12 49399.1 2.066 242.05 6.33 22.47 13.43 903.6
2007 7 31 12 49311.1 3.580 214.46 6.33 19.39 10.51 850.8
2007 8 1 12 49221.3 1.303 264.29 6.33 21.88 12.40 829.9
2007 8 2 12 49129.8 2.672 213.94 6.33 22.72 12.34 861.9
2007 8 3 12 49036.5 1.671 231.03 6.33 21.56 12.17 895.7
2007 8 4 12 48941.4 1.483 236.06 6.33 20.04 10.64 847.0
2007 8 5 12 48844.7 0.674 215.90 6.33 19.97 9.82 772.9
2007 8 6 12 48746.2 0.925 237.96 6.33 20.23 12.24 856.9
2007 8 7 12 48646.2 8.506 241.28 6.33 23.29 13.64 830.7
2007 8 8 12 48544.5 7.590 224.78 6.33 21.60 12.30 864.1
2007 8 9 12 48441.3 6.036 245.51 6.33 23.02 15.31 936.8
2007 8 10 12 48336.4 1.609 217.58 6.33 21.87 12.69 868.8
2007 8 11 12 48230.1 1.691 222.73 6.33 21.14 12.56 838.6
2007 8 12 12 48122.3 6.686 209.88 6.33 19.18 10.09 788.1
2007 8 13 12 48013.0 0.605 221.56 6.33 21.46 11.93 875.6
2007 8 14 12 47902.3 0.954 240.09 6.33 20.29 10.72 794.3
2007 8 15 12 47790.2 2.555 221.96 6.33 20.84 12.50 872.1
2007 8 16 12 47676.7 2.716 212.17 6.33 22.96 14.67 951.9
2007 8 17 12 47561.9 1.341 208.98 6.33 19.58 11.57 847.1
2007 8 18 12 47445.8 1.165 221.06 6.33 23.32 13.24 848.3
2007 8 19 12 47328.5 0.425 227.85 6.33 20.55 10.04 826.4
2007 8 20 12 47209.9 1.554 232.18 6.33 22.40 13.74 815.7
2007 8 21 12 47090.2 0.863 236.97 6.33 20.28 10.27 808.9
2007 8 22 12 46969.3 0.100 234.96 6.33 18.91 9.20 757.8
2007 8 23 12 46847.3 0.483 231.39 6.33 20.53 11.02 814.6
2007 8 24 12 46724.2 3.671 211.96 6.33 18.37 8.31 702.9
2007 8 25 12 46600.0 6.796 213.79 6.33 19.95 11.45 862.3
2007 8 26 12 46474.8 2.940 222.43 6.33 19.07 9.32 746.5
2007 8 27 12 46348.7 3.907 217.72 6.33 18.80 11.00 822.8
2007 8 28 12 46221.7 1.166 222.21 6.33 21.43 12.38 860.6
2007 8 29 12 46093.7 0.648 171.35 6.33 21.17 12.79 878.3
2007 8 30 12 45964.9 0.014 211.28 6.33 17.60 8.68 742.5
2007 8 31 12 45835.3 2.217 195.02 6.33 19.94 10.53 806.0
2007 9 1 12 45704.9 1.851 205.40 6.33 18.04 9.52 789.8
2007 9 2 12 45573.7 3.365 215.25 6.33 19.08 9.95 799.1
2007 9 3 12 45441.8 1.063 177.28 6.33 21.33 12.96 863.5
2007 9 4 12 45309.3 0.358 217.70 6.33 20.28 11.30 859.4
2007 9 5 12 45176.2 0.814 193.84 6.33 17.63 9.11 763.8
2007 9 6 12 45042.4 0.685 179.59 6.33 18.48 9.10 758.5
2007 9 7 12 44908.2 1.699 168.72 6.33 18.62 10.82 855.4
2007 9 8 12 44773.4 1.111 222.59 6.33 18.65 7.73 804.8
2007 9 9 12 44638.1 1.995 181.54 6.33 17.47 9.34 839.9
2007 9 10 12 44502.5 1.773 192.45 6.33 16.59 6.72 732.0
2007 9 11 12 44366.4 7.167 195.39 6.33 17.55 9.79 793.4
2007 9 12 12 44230.0 0.363 183.42 6.33 17.81 8.57 750.6
2007 9 13 12 44093.3 1.522 159.90 6.33 16.85 8.76 758.5
2007 9 14 12 43956.3 0.587 190.09 6.33 16.51 7.23 735.1
2007 9 15 12 43819.1 0.611 204.54 6.33 17.55 9.33 800.2
2007 9 16 12 43681.7 2.360 178.61 6.33 14.70 6.69 724.6
2007 9 17 12 43544.2 1.706 196.63 6.33 14.08 5.52 683.9
2007 9 18 12 43406.5 2.482 204.94 6.33 15.89 7.22 700.3
2007 9 19 12 43268.9 2.187 150.57 6.33 17.58 8.40 815.9
2007 9 20 12 43131.1 2.680 199.99 6.33 17.37 8.45 768.4
2007 9 21 12 42993.5 1.051 202.94 6.33 15.01 6.75 739.5
2007 9 22 12 42855.8 1.055 182.57 6.33 15.43 6.90 672.4
2007 9 23 12 42718.3 2.017 182.75 6.33 17.93 9.29 750.1
2007 9 24 12 42580.9 0.551 205.74 6.33 17.80 7.78 772.6
2007 9 25 12 42443.7 0.086 176.71 6.33 14.93 6.58 687.0
2007 9 26 12 42306.7 0.535 202.30 6.33 14.00 3.55 647.6
2007 9 27 12 42170.0 1.075 184.27 6.33 14.20 4.76 692.8
2007 9 28 12 42033.6 1.463 153.92 6.33 13.84 5.30 659.3
2007 9 29 12 41897.5 0.383 157.60 6.33 14.75 6.51 753.6
2007 9 30 12 41761.9 0.424 177.15 6.33 13.14 4.99 697.9
2007 10 1 12 41626.6 0.116 147.55 6.33 11.43 3.80 662.2
2007 10 2 12 41491.8 0.271 181.56 6.33 14.60 5.71 714.4
2007 10 3 12 41357.6 1.727 172.42 6.33 13.29 4.01 668.6
2007 10 4 12 41223.8 3.014 167.30 6.33 16.11 6.99 780.3
2007 10 5 12 41090.7 0.296 132.78 6.33 12.08 3.42 694.2
2007 10 6 12 40958.2 1.826 163.36 6.33 12.02 2.66 730.2
2007 10 7 12 40826.3 2.873 152.25 6.33 12.23 3.44 668.7
2007 10 8 12 40695.1 0.154 159.06 6.33 9.12 -0.66 653.4
2007 10 9 12 40564.7 3.954 147.82 6.33 12.71 6.01 695.7
2007 10 10 12 40435.1 1.593 133.22 6.33 11.44 2.45 686.0
2007 10 11 12 40306.3 0.705 149.07 6.33 12.89 4.85 699.1
2007 10 12 12 40178.3 1.023 140.92 6.33 12.76 3.15 667.1
2007 10 13 12 40051.3 0.684 121.09 6.33 11.28 1.67 638.1
2007 10 14 12 39925.2 0.678 175.26 6.33 11.73 2.83 680.7
2007 10 15 12 39800.0 0.583 137.04 6.33 11.51 1.24 627.8
2007 10 16 12 39675.8 0.312 133.58 6.33 6.35 -2.52 488.7
2007 10 17 12 39552.7 2.052 132.64 6.33 13.98 4.70 687.0
2007 10 18 12 39430.7 0.240 144.95 6.33 7.35 -0.04 597.1
2007 10 19 12 39309.8 0.801 143.26 6.33 8.95 -0.34 597.8
2007 10 20 12 39190.1 0.375 125.10 6.33 8.09 -1.33 601.0
2007 10 21 12 39071.5 0.122 117.18 6.33 10.47 1.97 636.2
2007 10 22 12 38954.2 0.159 156.29 6.33 10.92 1.46 611.4
2007 10 23 12 38838.1 2.093 115.06 6.33 11.92 3.13 695.6
2007 10 24 12 38723.3 1.096 130.39 6.33 7.39 -1.34 586.4
2007 10 25 12 38609.8 2.146 145.27 6.33 8.73 0.41 610.0
2007 10 26 12 38497.7 0.493 116.73 6.33 7.21 -1.70 559.8
2007 10 27 12 38387.0 0.701 135.56 6.33 10.70 1.69 623.1
2007 10 28 12 38277.7 0.776 121.79 6.33 8.96 -0.09 577.7
2007 10 29 12 38169.9 0.739 121.32 6.33 9.19 -1.19 542.4
2007 10 30 12 38063.6 3.516 126.19 6.33 7.28 -0.40 611.8
2007 10 31 12 37958.7 0.957 146.80 6.33 9.34 -0.61 605.4
2007 11 1 12 37855.5 0.580 100.28 6.33 9.76 0.27 590.5
2007 11 2 12 37753.8 1.119 137.35 6.33 7.34 -1.95 531.8
2007 11 3 12 37653.8 0.965 152.30 6.33 6.29 -1.74 546.5
2007 11 4 12 37555.3 0.787 129.63 6.33 5.25 -3.78 536.7
2007 11 5 12 37458.6 2.198 125.64 6.33 6.90 -1.61 601.2
2007 11 6 12 37363.5 1.597 134.78 6.33 6.82 -2.67 509.2
2007 11 7 12 37270.2 0.485 117.68 6.33 7.53 -2.45 571.7
2007 11 8 12 37178.7 2.314 70.55 6.33 6.27 -3.45 575.3
2007 11 9 12 37088.9 0.022 149.67 6.33 7.04 -1.43 592.5
2007 11 10 12 37000.9 1.820 98.62 6.33 8.22 -0.64 564.4
2007 11 11 12 36914.8 1.813 121.49 6.33 3.04 -5.92 447.2
2007 11 12 12 36830.5 1.937 111.03 6.33 3.40 -3.32 528.0
2007 11 13 12 36748.2 1.115 111.89 6.33 5.06 -2.76 588.1
2007 11 14 12 36667.7 5.149 109.11 6.33 3.22 -5.75 507.5
2007 11 15 12 36589.2 0.476 131.39 6.33 4.75 -5.25 488.4
2007 11 16 12 36512.6 0.291 115.95 6.33 7.53 -0.12 634.5
2007 11 17 12 36438.0 1.086 113.21 6.33 6.60 -1.78 551.5
2007 11 18 12 36365.4 2.845 107.38 6.33 5.41 -5.01 486.6
2007 11 19 12 36294.9 0.179 106.38 6.33 2.10 -7.14 450.1
2007 11 20 12 36226.3 0.583 124.05 6.33 4.56 -4.75 469.7
2007 11 21 12 36159.9 2.964 104.94 6.33 2.67 -6.08 456.5
2007 11 22 12 36095.5 0.781 95.78 6.33 4.04 -4.75 459.0
2007 11 23 12 36033.3 3.147 102.80 6.33 3.57 -5.38 466.3
2007 11 24 12 35973.2 2.517 100.46 6.33 2.97 -6.77 559.5
2007 11 25 12 35915.2 0.530 92.25 6.33 5.83 -2.39 576.5
2007 11 26 12 35859.3 2.528 131.99 6.33 2.26 -7.35 443.4
2007 11 27 12 35805.7 0.143 98.89 6.33 1.29 -7.04 450.4
2007 11 28 12 35754.2 0.838 101.44 6.33 2.15 -7.77 417.8
2007 11 29 12 35704.9 1.465 92.39 6.33 1.70 -8.31 470.5
2007 11 30 12 35657.9 1.039 99.22 6.33 2.91 -7.56 427.4
2007 12 1 12 35613.1 0.724 115.88 6.33 3.21 -5.98 483.8
2007 12 2 12 35570.6 1.763 107.52 6.33 1.24 -6.59 461.3
2007 12 3 12 35530.3 1.120 100.25 6.33 3.77 -4.16 521.3
2007 12 4 12 35492.2 0.849 95.65 6.33 0.25 -8.71 387.0
2007 12 5 12 35456.5 2.396 110.23 6.33 0.61 -7.28 464.5
2007 12 6 12 35423.1 0.680 88.97 6.33 3.40 -6.33 438.3
2007 12 7 12 35391.9 1.469 93.82 6.33 -0.25 -9.61 408.5
2007 12 8 12 35363.1 0.099 99.45 6.33 1.69 -8.67 467.6
2007 12 9 12 35336.6 2.146 104.67 6.33 -0.59 -8.80 443.7
2007 12 10 12 35312.4 2.286 125.31 6.33 3.24 -6.58 472.9
2007 12 11 12 35290.6 0.121 86.13 6.33 0.81 -8.67 370.6
2007 12 12 12 35271.1 1.307 93.24 6.33 1.04 -7.93 492.2
2007 12 13 12 35253.9 1.804 116.76 6.33 -0.23 -9.47 444.6
2007 12 14 12 35239.2 0.713 107.79 6.33 0.18 -9.64 398.3
2007 12 15 12 35226.7 0.443 99.99 6.33 0.04 -9.44 430.1
2007 12 16 12 35216.7 5.510 102.73 6.33 2.38 -8.28 479.2
2007 12 17 12 35209.0 0.237 101.24 6.33 1.03 -8.20 449.3
2007 12 18 12 35203.6 0.896 105.22 6.33 -0.08 -9.72 421.7
2007 12 19 12 35200.7 0.770 102.01 6.33 1.16 -7.22 463.7
2007 12 20 12 35200.1 0.244 108.14 6.33 -2.39 -11.90 355.2
2007 12 21 12 35201.9 1.045 121.29 6.33 -0.18 -9.27 394.1
2007 12 22 12 35206.0 4.373 125.92 6.33 0.20 -8.91 426.0
2007 12 23 12 35212.5 3.237 82.21 6.33 -0.43 -8.46 425.1
2007 12 24 12 35221.4 3.300 126.26 6.33 -0.92 -9.69 456.6
2007 12 25 12 35232.6 2.971 117.95 6.33 -1.96 -11.00 374.8
2007 12 26 12 35246.3 0.131 93.99 6.33 -0.75 -9.75 468.3
2007 12 27 12 35262.2 0.844 112.33 6.33 -3.66 -13.17 305.5
2007 12 28 12 35280.5 7.792 127.95 6.33 0.12 -8.55 486.6
2007 12 29 12 35301.2 0.058 89.77 6.33 0.11 -9.00 450.9
2007 12 30 12 35324.2 1.636 96.14 6.33 0.24 -9.85 348.3
2007 12 31 12 35349.5 4.027 112.38 6.33 1.16 -7.57 430.2
2008 1 1 12 35377.2 2.200 109.82 6.33 -2.69 -11.69 346.9
2008 1 2 12 35407.2 0.270 104.39 6.33 -1.56 -10.52 360.1
2008 1 3 12 35439.5 5.132 103.16 6.33 -2.92 -11.22 400.9
2008 1 4 12 35474.1 0.784 100.77 6.33 -0.64 -8.76 430.6
2008 1 5 12 35511.0 3.231 118.36 6.33 0.14 -8.25 444.7
2008 1 6 12 35550.1 1.732 103.53 6.33 -2.99 -12.77 262.4
2008 1 7 12 35591.5 0.078 98.89 6.33 -1.58 -11.16 349.8
2008 1 8 12 35635.2 0.033 115.10 6.33 -0.05 -9.64 401.8
2008 1 9 12 35681.2 1.344 100.40 6.33 -0.91 -10.72 466.8
2008 1 10 12 35729.3 3.579 123.46 6.33 -4.99 -14.44 307.7
2008 1 11 12 35779.7 1.880 123.21 6.33 -2.89 -12.20 352.7
2008 1 12 12 35832.2 0.234 135.72 6.33 -1.64 -10.05 404.9
2008 1 13 12 35887.0 0.415 112.50 6.33 -1.02 -9.29 461.8
2008 1 14 12 35943.9 0.910 117.01 6.33 -0.35 -8.17 463.7
2008 1 15 12 36003.0 0.117 114.26 6.33 -3.71 -12.63 378.6
2008 1 16 12 36064.1 1.531 119.15 6.33 0.88 -8.47 447.4
2008 1 17 12 36127.5 2.906 102.90 6.33 -1.57 -8.95 396.5
2008 1 18 12 36192.9 0.146 109.06 6.33 -2.14 -10.20 447.0
2008 1 19 12 36260.3 2.649 129.62 6.33 0.74 -6.38 405.4
2008 1 20 12 36329.9 2.975 130.99 6.33 -1.38 -10.89 405.6
2008 1 21 12 36401.5 3.763 98.19 6.33 -3.14 -11.63 315.0
2008 1 22 12 36475.1 4.708 117.15 6.33 -2.91 -11.43 424.8
2008 1 23 12 36550.6 1.918 129.68 6.33 -0.77 -9.03 411.7
2008 1 24 12 36628.2 1.816 137.31 6.33 -2.32 -11.68 339.4
2008 1 25 12 36707.7 8.715 129.51 6.33 -3.98 -13.77 342.6
2008 1 26 12 36789.1 4.522 110.91 6.33 -2.59 -11.87 322.4
2008 1 27 12 36872.4 5.588 123.71 6.33 -0.50 -10.07 402.3
2008 1 28 12 36957.6 1.473 116.23 6.33 -2.97 -12.71 357.0
2008 1 29 12 37044.7 0.066 89.77 6.33 -1.79 -10.74 382.5
2008 1 30 12 37133.6 3.173 117.76 6.33 2.86 -5.86 498.5
2008 1 31 12 37224.2 0.387 121.14 6.33 -1.29 -11.12 393.8
2008 2 1 12 37316.7 4.651 121.43 6.33 -2.68 -11.53 375.9
2008 2 2 12 37410.8 0.471 139.09 6.33 -1.07 -11.05 425.7
2008 2 3 12 37506.7 1.395 119.86 6.33 -0.77 -10.74 355.9
2008 2 4 12 37604.3 1.776 130.32 6.33 -0.15 -8.91 414.3
2008 2 5 12 37703.6 1.865 134.52 6.33 -0.77 -9.89 424.4
2008 2 6 12 37804.5 1.475 122.47 6.33 0.04 -8.30 402.5
2008 2 7 12 37906.9 12.884 128.56 6.33 0.85 -7.66 368.4
2008 2 8 12 38011.0 1.417 104.11 6.33 -0.01 -8.41 439.7
2008 2 9 12 38116.5 4.181 123.14 6.33 1.13 -7.51 486.8
2008 2 10 12 38223.6 7.195 129.48 6.33 -1.74 -9.96 413.9
2008 2 11 12 38332.2 2.768 119.35 6.33 -5.91 -13.51 325.6
2008 2 12 12 38442.2 0.488 113.08 6.33 -3.93 -13.76 308.0
2008 2 13 12 38553.6 0.924 154.94 6.33 -1.43 -10.56 370.9
2008 2 14 12 38666.4 2.629 129.56 6.33 -1.74 -11.51 407.2
2008 2 15 12 38780.5 10.075 118.35 6.33 0.25 -9.25 486.2
2008 2 16 12 38896.0 1.455 140.13 6.33 -1.58 -11.55 390.5
2008 2 17 12 39012.7 5.054 139.81 6.33 1.41 -6.57 455.2
2008 2 18 12 39130.6 0.268 117.82 6.33 -3.11 -12.69 361.9
2008 2 19 12 39249.8 4.409 139.03 6.33 0.52 -7.39 453.9
2008 2 20 12 39370.1 0.513 153.71 6.33 1.20 -8.04 433.9
2008 2 21 12 39491.6 0.622 165.88 6.33 1.32 -7.00 442.9
2008 2 22 12 39614.2 2.730 131.87 6.33 0.62 -7.99 411.3
2008 2 23 12 39737.8 4.707 133.12 6.33 4.78 -5.97 468.4
2008 2 24 12 39862.5 1.434 147.87 6.33 -1.32 -10.79 344.2
2008 2 25 12 39988.1 2.283 147.07 6.33 0.39 -10.24 419.1
2008 2 26 12 40114.7 3.681 147.96 6.33 1.58 -7.60 480.1
2008 2 27 12 40242.2 1.038 149.03 6.33 0.14 -7.73 434.3
2008 2 28 12 40370.6 4.527 171.30 6.33 1.84 -7.20 487.0
2008 2 29 12 40499.8 2.397 154.93 6.33 0.62 -8.49 458.5
2008 3 1 12 40629.8 5.681 172.81 6.33 1.79 -6.30 515.7
2008 3 2 12 40760.6 4.165 160.38 6.33 4.56 -6.84 468.7
2008 3 3 12 40892.1 1.184 170.01 6.33 -2.66 -13.13 344.2
2008 3 4 12 41024.3 5.297 166.14 6.33 2.82 -6.16 419.2
2008 3 5 12 41157.2 1.239 147.39 6.33 2.94 -7.10 474.5
2008 3 6 12 41290.6 3.377 155.54 6.33 5.74 -3.67 495.8
2008 3 7 12 41424.6 0.500 182.12 6.33 3.68 -5.24 463.0
2008 3 8 12 41559.2 2.495 168.10 6.33 4.39 -4.08 552.8
2008 3 9 12 41694.2 1.120 155.62 6.33 2.30 -5.68 517.1
2008 3 10 12 41829.7 7.570 155.03 6.33 3.04 -5.37 526.5
2008 3 11 12 41965.5 3.942 144.97 6.33 5.50 -3.61 565.5
2008 3 12 12 42101.8 3.133 137.63 6.33 4.12 -5.61 507.9
2008 3 13 12 42238.3 7.421 142.37 6.33 0.96 -6.42 416.6
2008 3 14 12 42375.2 7.866 185.85 6.33 3.08 -5.32 447.8
2008 3 15 12 42512.3 0.560 164.75 6.33 3.53 -6.17 500.5
2008 3 16 12 42649.6 4.063 178.96 6.33 3.41 -4.11 506.0
2008 3 17 12 42787.0 7.190 188.78 6.33 3.11 -6.23 491.3
2008 3 18 12 42924.6 1.525 141.63 6.33 2.86 -5.52 494.4
2008 3 19 12 43062.3 2.973 183.65 6.33 3.49 -5.17 471.4
2008 3 20 12 43200.0 2.940 168.77 6.33 4.55 -4.88 464.1
2008 3 21 12 43337.7 1.551 196.70 6.33 6.25 -4.82 472.8
2008 3 22 12 43475.4 7.235 190.45 6.33 8.99 -0.64 607.9
2008 3 23 12 43613.0 1.519 181.33 6.33 3.55 -4.19 481.9
2008 3 24 12 43750.4 2.746 189.76 6.33 5.70 -3.34 469.3
2008 3 25 12 43887.7 3.541 187.43 6.33 4.34 -3.44 551.3
2008 3 26 12 44024.8 0.911 184.08 6.33 5.63 -3.78 544.0
2008 3 27 12 44161.7 3.403 189.63 6.33 6.74 -2.00 568.6
2008 3 28 12 44298.2 20.008 193.70 6.33 5.86 -2.68 502.9
2008 3 29 12 44434.5 1.622 204.78 6.33 5.26 -3.41 590.7
2008 3 30 12 44570.3 6.315 195.60 6.33 5.24 -3.77 504.9
2008 3 31 12 44705.8 0.973 192.92 6.33 6.95 -2.25 559.7
2008 4 1 12 44840.8 2.450 199.19 6.33 9.62 -1.15 567.9
2008 4 2 12 44975.4 1.029 181.21 6.33 6.46 -1.70 561.1
2008 4 3 12 45109.4 0.882 226.48 6.33 7.44 0.22 624.9
2008 4 4 12 45242.8 4.843 206.51 6.33 5.42 -3.37 549.4
2008 4 5 12 45375.7 1.505 194.37 6.33 8.51 -0.28 546.8
2008 4 6 12 45507.9 2.840 207.23 6.33 7.55 -1.36 577.1
2008 4 7 12 45639.4 0.692 204.05 6.33 9.19 -1.89 527.2
2008 4 8 12 45770.2 0.726 220.02 6.33 8.24 -1.15 513.3
2008 4 9 12 45900.2 2.199 189.05 6.33 7.66 -1.32 500.2
2008 4 10 12 46029.4 1.737 230.16 6.33 8.63 0.22 614.8
2008 4 11 12 46157.8 0.210 226.12 6.33 7.13 -2.79 543.3
2008 4 12 12 46285.3 2.565 222.70 6.33 10.66 1.41 646.6
2008 4 13 12 46411.9 2.038 209.11 6.33 9.54 -0.74 598.2
2008 4 14 12 46537.5 0.590 201.40 6.33 7.36 -0.68 596.2
2008 4 15 12 46662.2 1.975 247.91 6.33 8.86 -0.12 572.0
2008 4 16 12 46785.8 2.456 186.18 6.33 7.79 0.01 614.7
2008 4 17 12 46908.4 0.773 213.56 6.33 7.13 -2.74 509.9
2008 4 18 12 47029.9 1.171 236.47 6.33 8.26 -0.45 575.6
2008 4 19 12 47150.2 1.517 221.45 6.33 11.40 2.23 643.9
2008 4 20 12 47269.4 1.609 221.93 6.33 10.03 1.12 658.4
2008 4 21 12 47387.3 1.899 242.34 6.33 11.65 1.90 662.0
2008 4 22 12 47504.0 3.001 210.80 6.33 11.17 1.93 653.3
2008 4 23 12 47619.5 1.444 195.29 6.33 11.54 3.16 717.2
2008 4 24 12 47733.6 0.302 246.70 6.33 12.28 3.73 736.2
2008 4 25 12 47846.4 2.180 222.51 6.33 13.41 3.59 679.5
2008 4 26 12 47957.8 4.021 236.01 6.33 9.42 1.43 660.0
2008 4 27 12 48067.8 0.054 227.24 6.33 16.27 7.83 760.0
2008 4 28 12 48176.4 1.734 220.58 6.33 14.64 5.89 720.9
2008 4 29 12 48283.5 0.205 195.98 6.33 10.71 0.07 590.0
2008 4 30 12 48389.0 1.655 220.13 6.33 12.27 3.50 651.8
2008 5 1 12 48493.1 3.357 237.04 6.33 13.79 4.13 710.9
2008 5 2 12 48595.5 1.606 223.51 6.33 15.80 6.63 767.9
2008 5 3 12 48696.4 2.364 262.89 6.33 13.70 4.15 685.3
2008 5 4 12 48795.7 2.879 230.69 6.33 16.97 6.12 717.1
2008 5 5 12 48893.3 7.263 249.56 6.33 16.55 8.12 751.3
2008 5 6 12 48989.2 0.201 251.28 6.33 14.37 5.51 707.0
2008 5 7 12 49083.3 7.534 237.79 6.33 14.40 5.18 686.7
2008 5 8 12 49175.8 1.100 256.13 6.33 11.18 2.94 668.6
2008 5 9 12 49266.4 0.889 235.63 6.33 12.45 3.54 643.9
2008 5 10 12 49355.3 8.276 250.63 6.33 15.59 5.99 723.3
2008 5 11 12 49442.4 0.868 235.20 6.33 13.52 5.76 727.4
2008 5 12 12 49527.6 1.141 223.65 6.33 14.38 6.07 751.4
2008 5 13 12 49610.9 1.436 247.68 6.33 16.09 6.95 693.4
2008 5 14 12 49692.3 0.576 250.00 6.33 14.67 5.48 712.3
2008 5 15 12 49771.8 5.361 220.40 6.33 16.19 8.11 706.3
2008 5 16 12 49849.4 2.418 257.12 6.33 14.87 5.63 692.7
2008 5 17 12 49924.9 0.006 255.44 6.33 16.26 8.13 790.6
2008 5 18 12 49998.5 0.849 256.74 6.33 18.00 8.22 769.3
2008 5 19 12 50070.1 0.106 278.17 6.33 12.87 4.83 672.1
2008 5 20 12 50139.7 0.740 246.22 6.33 17.03 7.95 761.8
2008 5 21 12 50207.1 4.111 259.32 6.33 15.02 6.52 727.0
2008 5 22 12 50272.5 2.317 240.65 6.33 18.68 9.64 820.7
2008 5 23 12 50335.9 2.291 270.67 6.33 17.40 7.53 763.8
2008 5 24 12 50397.0 4.560 241.44 6.33 14.97 6.53 731.3
2008 5 25 12 50456.1 0.471 234.79 6.33 16.39 7.18 774.9
2008 5 26 12 50513.0 0.642 239.63 6.33 16.56 6.15 689.7
2008 5 27 12 50567.8 1.478 254.11 6.33 17.67 8.20 748.4
2008 5 28 12 50620.3 1.300 254.06 6.33 16.76 6.89 676.8
2008 5 29 12 50670.7 0.167 249.39 6.33 18.15 10.39 884.9
2008 5 30 12 50718.8 8.220 275.81 6.33 17.74 8.98 747.6
2008 5 31 12 50764.8 3.037 265.02 6.33 16.58 8.23 754.7
2008 6 1 12 50808.5 4.342 288.97 6.33 19.51 11.23 768.1
2008 6 2 12 50849.9 1.266 280.20 6.33 21.61 11.63 855.5
2008 6 3 12 50889.0 0.605 237.23 6.33 18.28 9.86 771.1
2008 6 4 12 50925.9 0.380 252.17 6.33 18.12 9.00 787.2
2008 6 5 12 50960.5 3.503 248.82 6.33 19.42 9.31 776.2
2008 6 6 12 50992.8 5.636 260.29 6.33 19.68 11.00 829.4
2008 6 7 12 51022.8 16.046 265.17 6.33 18.76 9.74 777.2
2008 6 8 12 51050.5 3.387 250.48 6.33 17.66 9.88 856.3
2008 6 9 12 51075.8 19.507 246.25 6.33 17.94 7.83 751.2
2008 6 10 12 51098.8 3.720 271.81 6.33 18.94 11.10 841.5
2008 6 11 12 51119.5 0.729 251.97 6.33 21.69 12.39 834.1
2008 6 12 12 51137.8 1.797 240.86 6.33 19.53 11.03 810.0
2008 6 13 12 51153.7 2.970 255.73 6.33 18.76 8.95 765.7
2008 6 14 12 51167.4 6.015 255.82 6.33 18.85 12.22 876.2
2008 6 15 12 51178.6 6.461 250.34 6.33 20.02 11.19 808.2
2008 6 16 12 51187.5 1.229 266.94 6.33 20.53 10.82 767.1
2008 6 17 12 51194.0 9.510 257.31 6.33 19.79 10.56 834.5
2008 6 18 12 51198.1 1.912 240.44 6.33 22.97 12.80 846.3
2008 6 19 12 51199.9 0.421 253.25 6.33 23.41 14.67 873.2
2008 6 20 12 51199.3 0.073 253.87 6.33 20.52 10.59 753.8
2008 6 21 12 51196.4 0.594 267.62 6.33 20.07 10.91 841.9
2008 6 22 12 51191.0 0.609 259.78 6.33 20.61 10.87 849.4
2008 6 23 12 51183.3 2.017 266.11 6.33 21.57 13.58 802.8
2008 6 24 12 51173.3 2.713 257.18 6.33 20.14 12.43 836.6
2008 6 25 12 51160.8 2.856 270.73 6.33 20.33 11.32 836.7
2008 6 26 12 51146.1 4.014 298.09 6.33 19.19 10.29 806.1
2008 6 27 12 51128.9 4.402 262.66 6.33 21.03 12.03 838.2
2008 6 28 12 51109.4 2.303 261.64 6.33 20.56 11.33 819.9
2008 6 29 12 51087.6 2.329 249.48 6.33 21.41 12.46 858.7
2008 6 30 12 51063.4 1.337 266.93 6.33 20.13 12.02 873.8
2008 7 1 12 51036.9 3.451 290.98 6.33 21.97 13.17 852.1
2008 7 2 12 51008.1 3.249 251.15 6.33 21.29 11.92 803.3
2008 7 3 12 50976.9 0.470 246.98 6.33 23.66 15.58 907.3
2008 7 4 12 50943.5 4.651 243.16 6.33 20.18 10.78 807.8
2008 7 5 12 50907.8 8.235 243.87 6.33 23.86 13.86 900.6
2008 7 6 12 50869.7 0.829 230.23 6.33 22.75 12.99 885.5
2008 7 7 12 50829.4 5.298 238.42 6.33 20.96 12.07 799.9
2008 7 8 12 50786.9 0.197 233.94 6.33 22.22 12.94 815.3
2008 7 9 12 50742.1 2.646 243.58 6.33 23.86 16.59 910.1
2008 7 10 12 50695.1 4.144 271.99 6.33 23.08 14.12 901.5
2008 7 11 12 50645.8 1.213 248.68 6.33 22.03 12.82 898.4
2008 7 12 12 50594.3 3.401 237.32 6.33 21.31 13.38 832.2
2008 7 13 12 50540.7 1.320 237.62 6.33 19.81 10.49 796.4
2008 7 14 12 50484.8 1.908 251.52 6.33 21.66 12.85 813.3
2008 7 15 12 50426.8 1.295 245.49 6.33 22.48 14.90 881.3
2008 7 16 12 50366.7 3.196 254.77 6.33 21.25 12.68 884.2
2008 7 17 12 50304.5 1.041 270.69 6.33 18.93 10.94 786.4
2008 7 18 12 50240.1 1.516 243.17 6.33 24.63 15.30 886.0
2008 7 19 12 50173.7 0.914 223.85 6.33 23.08 12.37 827.0
2008 7 20 12 50105.1 0.264 238.52 6.33 25.62 16.41 922.5
2008 7 21 12 50034.6 0.143 260.62 6.33 21.97 13.29 828.7
2008 7 22 12 49962.0 1.128 205.84 6.33 22.93 15.76 919.1
2008 7 23 12 49887.4 3.011 228.70 6.33 22.21 12.31 850.2
2008 7 24 12 49810.8 0.642 233.19 6.33 22.75 14.75 870.7
2008 7 25 12 49732.3 0.209 239.37 6.33 22.48 13.97 884.7
2008 7 26 12 49651.8 3.924 250.03 6.33 22.73 13.99 836.3
2008 7 27 12 49569.5 0.484 249.17 6.33 22.82 13.79 826.6
2008 7 28 12 49485.2 4.383 248.71 6.33 23.03 14.52 922.4
2008 7 29 12 49399.1 1.761 232.15 6.33 21.71 12.98 830.9
2008 7 30 12 49311.1 2.465 252.77 6.33 22.52 13.44 895.9
2008 7 31 12 49221.3 0.932 225.67 6.33 23.38 14.00 878.6
2008 8 1 12 49129.8 0.306 251.87 6.33 22.17 13.78 891.6
2008 8 2 12 49036.5 2.733 255.19 6.33 23.99 14.47 935.8
2008 8 3 12 48941.4 2.198 206.51 6.33 23.43 13.68 832.0
2008 8 4 12 48844.7 0.427 213.38 6.33 20.24 12.68 852.8
2008 8 5 12 48746.2 4.598 260.36 6.33 23.63 13.79 861.8
2008 8 6 12 48646.2 0.706 212.87 6.33 19.41 10.88 805.2
2008 8 7 12 48544.5 2.834 235.26 6.33 22.91 13.33 868.2
2008 8 8 12 48441.3 8.111 241.79 6.33 20.90 11.87 806.9
2008 8 9 12 48336.4 0.362 233.35 6.33 20.71 12.39 821.0
2008 8 10 12 48230.1 3.177 223.70 6.33 18.71 9.76 785.9
2008 8 11 12 48122.3 0.110 221.72 6.33 20.49 11.11 788.4
2008 8 12 12 48013.0 0.030 249.09 6.33 22.36 12.60 846.8
2008 8 13 12 47902.3 3.369 226.05 6.33 20.01 9.88 821.8
2008 8 14 12 47790.2 1.692 219.52 6.33 20.41 11.90 813.5
2008 8 15 12 47676.7 0.180 228.63 6.33 20.92 12.96 865.3
2008 8 16 12 47561.9 2.266 226.46 6.33 19.48 10.40 809.6
2008 8 17 12 47445.8 0.453 241.23 6.33 22.78 12.77 842.9
2008 8 18 12 47328.5 1.278 222.77 6.33 19.95 12.11 901.4
2008 8 19 12 47209.9 0.290 220.39 6.33 20.35 9.82 807.8
2008 8 20 12 47090.2 3.062 208.01 6.33 21.78 12.89 835.3
2008 8 21 12 46969.3 1.283 228.33 6.33 17.84 8.54 778.5
2008 8 22 12 46847.3 1.438 199.63 6.33 19.44 12.29 856.5
2008 8 23 12 46724.2 2.132 200.99 6.33 22.84 13.98 887.0
2008 8 24 12 46600.0 0.545 172.36 6.33 21.22 12.11 864.9
2008 8 25 12 46474.8 0.049 237.89 6.33 22.01 12.58 860.5
2008 8 26 12 46348.7 4.373 224.09 6.33 21.13 13.05 833.6
2008 8 27 12 46221.7 0.758 189.84 6.33 20.64 12.81 875.8
2008 8 28 12 46093.7 1.479 193.32 6.33 19.95 8.98 830.4
2008 8 29 12 45964.9 0.619 185.35 6.33 20.07 11.69 874.5
2008 8 30 12 45835.3 0.850 208.94 6.33 21.32 12.68 784.8
2008 8 31 12 45704.9 5.117 213.41 6.33 20.69 11.75 816.0
2008 9 1 12 45573.7 0.565 197.32 6.33 19.46 12.16 848.5
2008 9 2 12 45441.8 1.158 198.49 6.33 18.38 10.28 776.1
2008 9 3 12 45309.3 0.732 172.94 6.33 19.57 10.55 806.8
2008 9 4 12 45176.2 2.118 193.75 6.33 16.70 7.16 794.0
2008 9 5 12 45042.4 0.270 220.08 6.33 17.06 6.47 776.0
2008 9 6 12 44908.2 2.015 181.87 6.33 17.06 7.62 738.5
2008 9 7 12 44773.4 1.253 196.43 6.33 17.73 7.58 705.4
2008 9 8 12 44638.1 1.508 208.24 6.33 18.87 10.71 793.0
2008 9 9 12 44502.5 2.169 199.00 6.33 17.53 8.00 773.5
2008 9 10 12 44366.4 0.728 205.98 6.33 17.95 8.30 809.2
2008 9 11 12 44230.0 2.118 201.44 6.33 18.64 11.08 864.7
2008 9 12 12 44093.3 0.659 231.56 6.33 19.45 10.50 821.1
2008 9 13 12 43956.3 0.726 194.67 6.33 18.72 9.09 775.9
2008 9 14 12 43819.1 2.411 143.30 6.33 16.31 7.96 755.4
2008 9 15 12 43681.7 1.942 167.84 6.33 19.08 8.89 852.2
2008 9 16 12 43544.2 2.734 165.45 6.33 16.50 6.97 690.3
2008 9 17 12 43406.5 0.469 144.19 6.33 16.31 7.29 767.3
2008 9 18 12 43268.9 1.823 183.76 6.33 17.12 7.18 724.7
2008 9 19 12 43131.1 0.124 191.97 6.33 15.16 6.18 695.2
2008 9 20 12 42993.5 2.296 199.76 6.33 12.52 3.39 690.7
2008 9 21 12 42855.8 0.804 173.22 6.33 15.32 6.82 763.2
2008 9 22 12 42718.3 2.172 188.24 6.33 15.01 6.15 735.4
2008 9 23 12 42580.9 2.060 169.51 6.33 13.77 4.69 690.5
2008 9 24 12 42443.7 0.943 186.86 6.33 16.36 7.77 772.3
2008 9 25 12 42306.7 1.428 196.05 6.33 13.37 4.11 657.4
2008 9 26 12 42170.0 0.937 178.04 6.33 16.10 6.83 750.5
2008 9 27 12 42033.6 0.497 193.45 6.33 14.11 5.59 681.9
2008 9 28 12 41897.5 0.597 195.14 6.33 15.13 6.90 724.4
2008 9 29 12 41761.9 0.545 162.64 6.33 13.53 3.56 654.8
2008 9 30 12 41626.6 0.877 158.61 6.33 12.88 4.40 671.0
2008 10 1 12 41491.8 0.506 167.73 6.33 8.90 -0.30 597.4
2008 10 2 12 41357.6 0.587 157.61 6.33 15.05 6.18 731.2
2008 10 3 12 41223.8 0.787 175.93 6.33 13.63 5.74 696.3
2008 10 4 12 41090.7 0.276 173.15 6.33 13.77 4.19 638.8
2008 10 5 12 40958.2 3.520 157.72 6.33 12.15 2.09 623.0
2008 10 6 12 40826.3 0.006 148.33 6.33 11.59 1.99 639.3
2008 10 7 12 40695.1 0.224 153.56 6.33 14.17 5.55 713.2
2008 10 8 12 40564.7 1.472 167.04 6.33 12.83 4.31 671.1
2008 10 9 12 40435.1 2.435 162.27 6.33 11.17 3.16 666.1
2008 10 10 12 40306.3 2.071 163.18 6.33 10.93 1.67 670.3
2008 10 11 12 40178.3 2.048 146.99 6.33 12.47 4.45 728.5
2008 10 12 12 40051.3 0.237 142.37 6.33 10.64 1.43 589.7
2008 10 13 12 39925.2 1.056 143.90 6.33 11.24 1.20 617.1
2008 10 14 12 39800.0 0.219 154.49 6.33 12.13 2.74 658.8
2008 10 15 12 39675.8 1.693 153.52 6.33 9.02 0.30 564.2
2008 10 16 12 39552.7 1.735 142.80 6.33 12.00 5.48 760.8
2008 10 17 12 39430.7 0.041 134.88 6.33 12.30 2.52 657.2
2008 10 18 12 39309.8 0.360 184.04 6.33 9.58 1.61 619.4
2008 10 19 12 39190.1 2.338 140.88 6.33 10.25 2.01 680.3
2008 10 20 12 39071.5 0.145 138.65 6.33 8.01 -1.30 595.2
2008 10 21 12 38954.2 0.323 150.11 6.33 9.91 1.49 662.6
2008 10 22 12 38838.1 2.102 128.31 6.33 11.38 1.55 613.7
2008 10 23 12 38723.3 0.991 125.85 6.33 8.85 -0.98 609.5
2008 10 24 12 38609.8 0.154 118.04 6.33 8.29 -1.91 534.4
2008 10 25 12 38497.7 0.939 146.67 6.33 9.91 0.38 617.9
2008 10 26 12 38387.0 1.672 165.36 6.33 8.56 -0.38 618.3
2008 10 27 12 38277.7 0.992 98.04 6.33 6.51 -4.05 545.4
2008 10 28 12 38169.9 0.725 122.72 6.33 7.45 -0.90 572.6
2008 10 29 12 38063.6 0.191 124.79 6.33 8.77 0.10 553.4
2008 10 30 12 37958.7 0.289 144.57 6.33 7.35 -1.76 550.8
2008 10 31 12 37855.5 3.035 116.33 6.33 6.54 -2.50 592.5
2008 11 1 12 37753.8 0.583 110.46 6.33 8.91 1.20 605.3
2008 11 2 12 37653.8 1.722 141.45 6.33 6.57 -2.75 554.8
2008 11 3 12 37555.3 3.377 108.45 6.33 5.64 -3.90 508.3
2008 11 4 12 37458.6 3.365 93.93 6.33 8.12 -1.23 590.4
2008 11 5 12 37363.5 0.556 113.35 6.33 7.44 -1.47 580.1
2008 11 6 12 37270.2 0.821 111.04 6.33 7.22 -2.81 552.4
2008 11 7 12 37178.7 1.396 122.07 6.33 7.47 -0.74 547.1
2008 11 8 12 37088.9 0.046 107.40 6.33 8.20 -2.04 520.9
2008 11 9 12 37000.9 2.518 113.08 6.33 6.56 -1.72 540.0
2008 11 10 12 36914.8 0.391 113.82 6.33 5.02 -1.28 567.8
2008 11 11 12 36830.5 0.304 85.45 6.33 5.70 -1.95 555.4
2008 11 12 12 36748.2 1.026 142.33 6.33 3.78 -4.22 472.7
2008 11 13 12 36667.7 2.104 140.21 6.33 5.48 -4.41 579.0
2008 11 14 12 36589.2 0.762 116.60 6.33 3.73 -4.54 462.4
2008 11 15 12 36512.6 1.787 77.25 6.33 4.13 -5.22 512.3
2008 11 16 12 36438.0 0.094 123.21 6.33 5.43 -2.83 577.6
2008 11 17 12 36365.4 2.399 111.04 6.33 0.77 -7.53 435.3
2008 11 18 12 36294.9 0.927 123.26 6.33 2.64 -6.65 438.2
2008 11 19 12 36226.3 1.510 122.37 6.33 5.38 -4.58 488.8
2008 11 20 12 36159.9 0.381 92.74 6.33 2.08 -7.18 511.1
2008 11 21 12 36095.5 0.373 111.51 6.33 5.48 -3.98 519.7
2008 11 22 12 36033.3 2.194 135.78 6.33 2.39 -6.23 465.6
2008 11 23 12 35973.2 0.724 101.27 6.33 3.36 -4.81 495.4
2008 11 24 12 35915.2 2.057 126.15 6.33 2.56 -6.52 424.9
2008 11 25 12 35859.3 0.226 85.00 6.33 1.99 -7.64 486.3
2008 11 26 12 35805.7 1.032 121.97 6.33 -1.17 -10.35 379.5
2008 11 27 12 35754.2 0.542 71.66 6.33 3.00 -5.31 482.9
2008 11 28 12 35704.9 0.195 100.55 6.33 3.56 -5.57 481.2
2008 11 29 12 35657.9 0.393 78.45 6.33 2.90 -5.98 457.6
2008 11 30 12 35613.1 2.229 127.60 6.33 4.28 -4.61 476.5
2008 12 1 12 35570.6 1.885 98.39 6.33 2.31 -7.78 391.2
2008 12 2 12 35530.3 1.885 106.53 6.33 2.35 -7.40 459.9
2008 12 3 12 35492.2 0.163 115.80 6.33 1.02 -8.54 417.8
2008 12 4 12 35456.5 0.596 87.04 6.33 1.62 -6.93 432.7
2008 12 5 12 35423.1 1.152 121.15 6.33 1.12 -8.16 466.9
2008 12 6 12 35391.9 1.847 124.95 6.33 1.37 -6.46 501.4
2008 12 7 12 35363.1 1.353 90.26 6.33 -0.87 -9.36 336.5
2008 12 8 12 35336.6 0.817 106.52 6.33 1.19 -6.26 462.6
2008 12 9 12 35312.4 1.349 118.80 6.33 -0.75 -8.62 401.4
2008 12 10 12 35290.6 3.987 100.92 6.33 -0.89 -8.85 436.0
2008 12 11 12 35271.1 0.478 119.75 6.33 0.60 -7.82 435.5
2008 12 12 12 35253.9 1.763 102.28 6.33 1.18 -7.89 481.4
2008 12 13 12 35239.2 1.145 93.54 6.33 0.93 -7.00 409.1
2008 12 14 12 35226.7 0.687 109.01 6.33 -1.39 -9.87 386.7
2008 12 15 12 35216.7 1.456 92.52 6.33 2.23 -4.95 445.7
2008 12 16 12 35209.0 0.126 84.21 6.33 -0.57 -9.30 396.3
2008 12 17 12 35203.6 0.620 106.73 6.33 -0.25 -9.44 376.6
2008 12 18 12 35200.7 0.656 83.30 6.33 -0.59 -9.47 428.6
2008 12 19 12 35200.1 0.919 107.60 6.33 -1.08 -10.23 406.1
2008 12 20 12 35201.9 3.421 105.55 6.33 -1.06 -10.84 366.4
2008 12 21 12 35206.0 1.828 99.15 6.33 2.17 -5.56 447.0
2008 12 22 12 35212.5 0.988 93.29 6.33 2.02 -7.16 478.4
2008 12 23 12 35221.4 2.118 99.70 6.33 -0.35 -8.73 428.4
2008 12 24 12 35232.6 1.867 72.49 6.33 -0.58 -11.45 359.2
2008 12 25 12 35246.3 1.068 115.63 6.33 -0.11 -9.07 477.7
2008 12 26 12 35262.2 1.210 71.08 6.33 1.26 -7.58 500.4
2008 12 27 12 35280.5 1.623 87.39 6.33 -5.06 -13.82 330.9
2008 12 28 12 35301.2 1.931 102.56 6.33 -1.83 -12.09 293.3
2008 12 29 12 35324.2 0.812 100.31 6.33 -2.60 -11.48 357.4
2008 12 30 12 35349.5 1.952 109.88 6.33 -3.71 -13.73 276.5
2008 12 31 12 35377.2 0.421 95.82 6.33 -1.11 -10.70 428.4
2009 1 1 12 35377.2 0.653 110.88 6.33 0.01 -8.94 463.0
2009 1 2 12 35407.2 0.636 121.10 6.33 -1.07 -10.07 395.5
2009 1 3 12 35439.5 0.390 94.01 6.33 -2.56 -12.14 379.8
2009 1 4 12 35474.1 1.304 107.31 6.33 0.05 -8.87 449.5
2009 1 5 12 35511.0 3.318 122.72 6.33 -4.13 -12.66 355.9
2009 1 6 12 35550.1 3.670 107.24 6.33 -2.00 -9.29 433.3
2009 1 7 12 35591.5 0.301 89.92 6.33 -3.12 -11.90 431.2
2009 1 8 12 35635.2 4.294 98.65 6.33 -3.11 -12.61 344.4
2009 1 9 12 35681.2 5.929 79.08 6.33 0.65 -7.04 428.8
2009 1 10 12 35729.3 1.588 94.43 6.33 -1.39 -9.91 396.9
2009 1 11 12 35779.7 2.128 95.32 6.33 -1.92 -10.03 391.4
2009 1 12 12 35832.2 10.107 121.65 6.33 1.66 -8.09 455.8
2009 1 13 12 35887.0 1.952 112.08 6.33 -0.80 -10.47 452.3
2009 1 14 12 35943.9 2.499 124.35 6.33 -1.27 -11.63 375.0
2009 1 15 12 36003.0 1.554 109.26 6.33 -3.29 -11.63 412.1
2009 1 16 12 36064.1 1.972 88.06 6.33 -2.07 -9.72 345.4
2009 1 17 12 36127.5 0.841 119.60 6.33 -0.36 -9.92 425.9
2009 1 18 12 36192.9 1.298 112.98 6.33 0.33 -8.18 427.3
2009 1 19 12 36260.3 3.756 117.17 6.33 -0.32 -8.65 438.8
2009 1 20 12 36329.9 0.756 122.53 6.33 -0.11 -8.88 460.9
2009 1 21 12 36401.5 2.038 116.22 6.33 -2.26 -10.31 431.9
2009 1 22 12 36475.1 4.766 127.48 6.33 -2.69 -11.69 351.7
2009 1 23 12 36550.6 0.053 112.79 6.33 -1.70 -11.28 406.1
2009 1 24 12 36628.2 5.148 106.11 6.33 -1.94 -12.03 367.6
2009 1 25 12 36707.7 0.790 101.36 6.33 -2.94 -11.67 360.3
2009 1 26 12 36789.1 3.419 110.52 6.33 -0.50 -10.47 405.9
2009 1 27 12 36872.4 5.757 115.97 6.33 -2.85 -11.24 337.7
2009 1 28 12 36957.6 5.598 130.32 6.33 0.55 -8.78 339.4
2009 1 29 12 37044.7 1.159 112.13 6.33 -0.17 -9.98 423.8
2009 1 30 12 37133.6 1.164 90.21 6.33 -1.91 -10.58 370.4
2009 1 31 12 37224.2 6.009 103.23 6.33 -3.96 -13.20 388.2
2009 2 1 12 37316.7 5.183 132.24 6.33 2.34 -6.39 465.8
2009 2 2 12 37410.8 0.233 94.19 6.33 -1.61 -10.83 330.9
2009 2 3 12 37506.7 0.927 125.84 6.33 -1.37 -10.18 388.5
2009 2 4 12 37604.3 0.615 124.99 6.33 -3.58 -13.01 367.0
2009 2 5 12 37703.6 0.146 116.60 6.33 -1.84 -11.77 340.9
2009 2 6 12 37804.5 6.096 115.26 6.33 -1.69 -11.78 380.8
2009 2 7 12 37906.9 0.037 167.27 6.33 -0.05 -9.81 384.0
2009 2 8 12 38011.0 3.274 138.45 6.33 -4.37 -13.74 348.2
2009 2 9 12 38116.5 6.242 106.70 6.33 -2.26 -10.40 333.4
2009 2 10 12 38223.6 11.360 145.24 6.33 -0.39 -9.54 462.2
2009 2 11 12 38332.2 1.489 118.74 6.33 -3.02 -12.34 350.4
2009 2 12 12 38442.2 1.051 131.32 6.33 0.35 -9.38 391.6
2009 2 13 12 38553.6 1.478 142.73 6.33 -0.80 -11.37 395.5
2009 2 14 12 38666.4 1.405 139.79 6.33 -1.29 -9.38 412.5
2009 2 15 12 38780.5 4.577 144.15 6.33 -1.39 -11.05 367.0
2009 2 16 12 38896.0 1.239 136.38 6.33 -0.78 -10.01 388.7
2009 2 17 12 39012.7 4.929 128.81 6.33 -0.41 -9.55 390.3
2009 2 18 12 39130.6 3.047 130.96 6.33 3.09 -6.19 495.2
2009 2 19 12 39249.8 4.053 143.22 6.33 1.34 -5.44 517.9
2009 2 20 12 39370.1 2.513 127.70 6.33 1.33 -7.85 452.8
2009 2 21 12 39491.6 2.152 151.42 6.33 -2.18 -11.59 361.1
2009 2 22 12 39614.2 0.299 119.03 6.33 1.85 -6.60 531.6
2009 2 23 12 39737.8 1.295 150.81 6.33 0.29 -8.77 403.0
2009 2 24 12 39862.5 1.478 139.39 6.33 -0.09 -10.15 405.0
2009 2 25 12 39988.1 5.490 174.32 6.33 1.10 -7.50 412.9
2009 2 26 12 40114.7 1.802 182.14 6.33 3.89 -5.58 471.4
2009 2 27 12 40242.2 4.477 156.69 6.33 0.78 -8.34 372.9
2009 2 28 12 40370.6 6.368 130.79 6.33 -1.66 -9.79 433.5
2009 3 1 12 40499.8 3.234 156.35 6.33 2.94 -5.34 437.2
2009 3 2 12 40629.8 2.892 165.46 6.33 0.74 -8.99 366.9
2009 3 3 12 40760.6 1.285 152.00 6.33 -0.14 -8.82 432.7
2009 3 4 12 40892.1 2.559 181.71 6.33 -1.05 -10.16 441.0
2009 3 5 12 41024.3 7.390 157.65 6.33 0.74 -8.94 455.2
2009 3 6 12 41157.2 0.958 170.66 6.33 2.00 -7.93 464.1
2009 3 7 12 41290.6 4.151 175.69 6.33 0.30 -9.45 370.3
2009 3 8 12 41424.6 0.971 129.39 6.33 0.28 -7.83 463.9
2009 3 9 12 41559.2 5.661 146.53 6.33 1.60 -10.04 385.0
2009 3 10 12 41694.2 1.424 173.66 6.33 2.41 -7.46 385.2
2009 3 11 12 41829.7 3.949 168.98 6.33 2.47 -5.83 476.8
2009 3 12 12 41965.5 2.291 190.51 6.33 3.23 -6.83 483.6
2009 3 13 12 42101.8 0.794 177.68 6.33 3.94 -4.86 480.4
2009 3 14 12 42238.3 3.451 198.70 6.33 3.47 -5.95 510.9
2009 3 15 12 42375.2 4.344 169.03 6.33 3.53 -6.26 485.7
2009 3 16 12 42512.3 2.638 170.05 6.33 2.65 -7.58 421.8
2009 3 17 12 42649.6 0.923 149.41 6.33 4.56 -4.90 489.3
2009 3 18 12 42787.0 1.193 160.56 6.33 4.21 -4.83 464.6
2009 3 19 12 42924.6 0.740 186.51 6.33 3.76 -5.81 492.8
2009 3 20 12 43062.3 0.846 170.63 6.33 2.65 -6.03 509.2
2009 3 21 12 43200.0 0.793 185.42 6.33 0.97 -6.87 443.2
2009 3 22 12 43337.7 4.995 195.08 6.33 3.28 -4.44 535.1
2009 3 23 12 43475.4 6.367 185.81 6.33 4.03 -5.36 507.3
2009 3 24 12 43613.0 3.660 157.03 6.33 5.99 -3.84 515.1
2009 3 25 12 43750.4 0.564 194.42 6.33 5.32 -3.96 465.7
2009 3 26 12 43887.7 0.953 172.51 6.33 4.69 -4.06 439.7
2009 3 27 12 44024.8 0.043 180.05 6.33 5.26 -3.92 529.6
2009 3 28 12 44161.7 1.152 196.07 6.33 2.67 -5.90 510.0
2009 3 29 12 44298.2 1.211 204.86 6.33 5.10 -3.77 534.5
2009 3 30 12 44434.5 3.226 211.65 6.33 4.90 -4.53 474.2
2009 3 31 12 44570.3 4.643 211.64 6.33 4.61 -5.42 498.2
2009 4 1 12 44705.8 6.842 196.13 6.33 5.10 -1.82 561.7
2009 4 2 12 44840.8 0.976 185.17 6.33 5.30 -3.55 563.1
2009 4 3 12 44975.4 1.736 169.87 6.33 6.82 -1.71 539.0
2009 4 4 12 45109.4 1.946 199.75 6.33 9.54 -1.46 509.1
2009 4 5 12 45242.8 0.383 222.02 6.33 5.50 -3.80 567.3
2009 4 6 12 45375.7 3.597 203.71 6.33 6.49 -4.14 539.6
2009 4 7 12 45507.9 0.441 216.17 6.33 9.28 -0.23 592.4
2009 4 8 12 45639.4 3.413 231.79 6.33 7.11 -2.69 533.1
2009 4 9 12 45770.2 6.310 203.26 6.33 7.83 -2.21 503.1
2009 4 10 12 45900.2 5.690 180.23 6.33 10.67 2.38 638.5
2009 4 11 12 46029.4 3.456 221.37 6.33 9.90 1.55 679.5
2009 4 12 12 46157.8 2.865 185.42 6.33 8.08 -1.68 555.0
2009 4 13 12 46285.3 3.043 194.63 6.33 5.55 -2.08 558.2
2009 4 14 12 46411.9 1.539 222.54 6.33 7.93 -2.41 576.6
2009 4 15 12 46537.5 1.523 199.06 6.33 9.44 1.57 576.1
2009 4 16 12 46662.2 3.490 180.05 6.33 11.01 2.58 670.3
2009 4 17 12 46785.8 0.259 199.74 6.33 11.53 2.73 661.2
2009 4 18 12 46908.4 5.963 218.90 6.33 7.33 -1.47 612.1
2009 4 19 12 47029.9 3.337 220.33 6.33 12.04 5.07 687.5
2009 4 20 12 47150.2 0.296 219.57 6.33 8.63 -1.24 607.3
2009 4 21 12 47269.4 1.922 248.28 6.33 11.56 3.04 622.2
2009 4 22 12 47387.3 4.076 227.66 6.33 11.01 0.39 591.3
2009 4 23 12 47504.0 15.052 219.75 6.33 11.98 4.15 715.2
2009 4 24 12 47619.5 3.951 225.86 6.33 12.27 2.54 658.2
2009 4 25 12 47733.6 1.728 242.34 6.33 11.55 5.06 710.3
2009 4 26 12 47846.4 0.322 227.21 6.33 12.66 4.10 686.7
2009 4 27 12 47957.8 1.249 243.65 6.33 9.44 0.48 626.3
2009 4 28 12 48067.8 3.005 243.07 6.33 12.43 4.00 720.8
2009 4 29 12 48176.4 11.795 233.57 6.33 13.92 6.04 738.5
2009 4 30 12 48283.5 4.486 240.18 6.33 13.67 4.83 710.1
2009 5 1 12 48389.0 3.861 248.44 6.33 12.68 4.57 655.3
2009 5 2 12 48493.1 3.027 204.38 6.33 10.61 1.27 589.9
2009 5 3 12 48595.5 9.910 237.50 6.33 13.08 3.73 668.5
2009 5 4 12 48696.4 2.120 226.08 6.33 15.07 5.11 679.6
2009 5 5 12 48795.7 10.543 250.98 6.33 12.21 2.51 637.7
2009 5 6 12 48893.3 8.027 223.51 6.33 13.46 5.00 709.8
2009 5 7 12 48989.2 0.494 267.19 6.33 13.45 3.94 674.8
2009 5 8 12 49083.3 0.069 253.49 6.33 10.56 2.39 646.7
2009 5 9 12 49175.8 5.044 237.33 6.33 14.72 6.70 766.7
2009 5 10 12 49266.4 7.702 246.18 6.33 15.45 5.38 664.2
2009 5 11 12 49355.3 2.188 263.59 6.33 13.84 5.68 743.2
2009 5 12 12 49442.4 4.286 244.66 6.33 15.56 7.20 732.2
2009 5 13 12 49527.6 6.160 228.42 6.33 13.97 5.41 725.5
2009 5 14 12 49610.9 0.891 219.16 6.33 16.24 7.96 799.9
2009 5 15 12 49692.3 2.754 249.62 6.33 15.38 6.38 731.3
2009 5 16 12 49771.8 1.480 237.42 6.33 15.25 6.35 739.8
2009 5 17 12 49849.4 0.964 251.01 6.33 17.79 10.07 826.0
2009 5 18 12 49924.9 6.463 244.16 6.33 12.43 3.18 692.3
2009 5 19 12 49998.5 4.743 264.01 6.33 14.72 4.64 763.3
2009 5 20 12 50070.1 2.126 278.96 6.33 16.56 9.14 770.7
2009 5 21 12 50139.7 3.466 255.78 6.33 16.51 7.82 760.2
2009 5 22 12 50207.1 3.088 262.66 6.33 15.02 7.17 777.1
2009 5 23 12 50272.5 3.962 268.74 6.33 16.50 7.84 744.8
2009 5 24 12 50335.9 2.341 263.15 6.33 17.08 8.21 760.3
2009 5 25 12 50397.0 1.793 274.82 6.33 17.16 8.71 782.5
2009 5 26 12 50456.1 3.156 236.12 6.33 17.92 11.12 818.7
2009 5 27 12 50513.0 1.232 262.76 6.33 19.71 9.87 766.9
2009 5 28 12 50567.8 5.087 276.88 6.33 17.08 6.85 745.2
2009 5 29 12 50620.3 3.362 221.45 6.33 18.82 9.70 874.7
2009 5 30 12 50670.7 0.987 256.63 6.33 17.52 9.69 809.0
2009 5 31 12 50718.8 11.724 247.57 6.33 17.85 8.20 792.3
2009 6 1 12 50764.8 5.264 238.61 6.33 19.20 9.34 775.4
2009 6 2 12 50808.5 0.151 250.27 6.33 20.72 10.80 789.5
2009 6 3 12 50849.9 1.569 243.22 6.33 16.30 8.52 767.8
2009 6 4 12 50889.0 0.113 236.49 6.33 18.47 10.14 768.6
2009 6 5 12 50925.9 1.945 258.46 6.33 18.67 9.21 816.4
2009 6 6 12 50960.5 1.048 267.31 6.33 20.56 12.20 891.1
2009 6 7 12 50992.8 10.740 277.99 6.33 17.15 7.78 872.4
2009 6 8 12 51022.8 1.484 267.74 6.33 21.90 11.85 798.5
2009 6 9 12 51050.5 2.765 253.35 6.33 18.17 10.49 816.7
2009 6 10 12 51075.8 4.954 277.58 6.33 18.97 9.25 818.9
2009 6 11 12 51098.8 0.252 259.25 6.33 19.66 9.26 744.9
2009 6 12 12 51119.5 0.696 250.06 6.33 20.44 10.88 817.8
2009 6 13 12 51137.8 0.778 273.62 6.33 21.06 12.46 794.0
2009 6 14 12 51153.7 10.985 283.22 6.33 18.88 10.80 772.3
2009 6 15 12 51167.4 0.712 246.62 6.33 18.37 9.65 767.4
2009 6 16 12 51178.6 0.858 250.49 6.33 17.73 9.59 790.9
2009 6 17 12 51187.5 5.409 278.14 6.33 19.43 11.04 859.3
2009 6 18 12 51194.0 0.455 272.13 6.33 22.52 13.45 915.8
2009 6 19 12 51198.1 4.220 269.51 6.33 19.30 9.15 739.7
2009 6 20 12 51199.9 2.540 280.30 6.33 19.80 10.97 820.4
2009 6 21 12 51199.3 0.876 283.23 6.33 18.91 9.71 773.2
2009 6 22 12 51196.4 6.884 262.45 6.33 19.98 11.90 818.5
2009 6 23 12 51191.0 5.022 294.16 6.33 19.68 9.77 840.7
2009 6 24 12 51183.3 2.546 297.98 6.33 19.42 11.22 841.9
2009 6 25 12 51173.3 1.206 256.42 6.33 20.91 10.38 855.7
2009 6 26 12 51160.8 3.300 268.79 6.33 19.98 12.37 885.7
2009 6 27 12 51146.1 3.228 250.26 6.33 19.28 10.57 802.2
2009 6 28 12 51128.9 0.279 272.65 6.33 22.48 12.93 851.9
2009 6 29 12 51109.4 2.094 240.29 6.33 23.37 14.68 968.5
2009 6 30 12 51087.6 8.534 245.68 6.33 22.08 14.21 919.7
2009 7 1 12 51063.4 1.739 261.22 6.33 24.05 15.81 891.9
2009 7 2 12 51036.9 4.404 267.16 6.33 21.18 12.01 871.4
2009 7 3 12 51008.1 3.092 248.38 6.33 21.56 13.77 874.1
2009 7 4 12 50976.9 5.625 233.49 6.33 22.21 13.80 936.2
2009 7 5 12 50943.5 1.843 275.24 6.33 22.95 14.45 877.2
2009 7 6 12 50907.8 0.493 251.52 6.33 24.21 14.64 892.7
2009 7 7 12 50869.7 2.898 260.70 6.33 24.30 15.41 958.0
2009 7 8 12 50829.4 0.894 253.94 6.33 23.20 15.82 903.5
2009 7 9 12 50786.9 1.167 276.36 6.33 27.15 17.63 901.9
2009 7 10 12 50742.1 0.746 238.80 6.33 22.93 13.32 947.5
2009 7 11 12 50695.1 0.155 262.64 6.33 22.27 12.45 921.4
2009 7 12 12 50645.8 0.975 284.12 6.33 20.30 11.75 822.3
2009 7 13 12 50594.3 5.012 250.67 6.33 22.05 12.81 872.7
2009 7 14 12 50540.7 7.061 252.21 6.33 22.29 11.77 888.2
2009 7 15 12 50484.8 2.859 249.85 6.33 24.16 15.71 929.2
2009 7 16 12 50426.8 1.384 242.45 6.33 21.79 12.93 816.0
2009 7 17 12 50366.7 0.771 243.40 6.33 21.36 13.41 835.4
2009 7 18 12 50304.5 2.010 259.09 6.33 22.13 12.86 897.4
2009 7 19 12 50240.1 1.396 255.85 6.33 22.36 13.15 843.6
2009 7 20 12 50173.7 6.203 250.32 6.33 23.30 15.41 914.7
2009 7 21 12 50105.1 1.422 232.15 6.33 24.51 16.38 927.0
2009 7 22 12 50034.6 0.454 225.29 6.33 20.49 12.14 847.2
2009 7 23 12 49962.0 3.322 245.47 6.33 24.40 15.80 979.2
2009 7 24 12 49887.4 0.751 257.72 6.33 21.12 13.06 874.3
2009 7 25 12 49810.8 1.358 240.65 6.33 24.16 16.95 943.1
2009 7 26 12 49732.3 0.625 257.69 6.33 23.00 12.88 860.5
2009 7 27 12 49651.8 4.606 250.52 6.33 21.50 13.17 861.6
2009 7 28 12 49569.5 3.350 210.54 6.33 21.64 13.25 889.1
2009 7 29 12 49485.2 0.010 224.07 6.33 20.76 13.07 796.9
2009 7 30 12 49399.1 8.932 234.28 6.33 19.05 11.63 844.7
2009 7 31 12 49311.1 1.508 239.43 6.33 21.36 11.61 822.8
2009 8 1 12 49221.3 0.126 232.65 6.33 22.32 12.70 880.5
2009 8 2 12 49129.8 1.021 258.67 6.33 20.94 11.61 844.5
2009 8 3 12 49036.5 4.789 256.48 6.33 20.59 12.23 829.7
2009 8 4 12 48941.4 0.789 250.63 6.33 20.38 11.40 817.6
2009 8 5 12 48844.7 6.831 202.53 6.33 19.18 10.47 813.9
2009 8 6 12 48746.2 0.403 241.72 6.33 21.11 12.06 824.5
2009 8 7 12 48646.2 3.804 235.70 6.33 23.75 15.43 922.9
2009 8 8 12 48544.5 0.432 244.90 6.33 22.35 14.87 905.8
2009 8 9 12 48441.3 1.148 229.96 6.33 22.74 12.88 873.9
2009 8 10 12 48336.4 0.222 235.11 6.33 22.30 13.53 838.7
2009 8 11 12 48230.1 0.580 236.08 6.33 22.73 14.65 917.6
2009 8 12 12 48122.3 1.057 229.07 6.33 22.67 13.57 830.1
2009 8 13 12 48013.0 2.426 224.10 6.33 20.05 9.99 837.2
2009 8 14 12 47902.3 1.896 212.73 6.33 23.29 15.71 902.0
2009 8 15 12 47790.2 2.532 224.05 6.33 18.16 9.45 813.1
2009 8 16 12 47676.7 0.530 200.50 6.33 19.23 11.19 818.0
2009 8 17 12 47561.9 3.597 235.30 6.33 21.75 14.22 900.5
2009 8 18 12 47445.8 3.861 222.63 6.33 20.40 10.05 820.6
2009 8 19 12 47328.5 0.580 226.40 6.33 20.11 11.16 818.0
2009 8 20 12 47209.9 0.567 200.36 6.33 19.26 10.39 885.2
2009 8 21 12 47090.2 2.237 204.28 6.33 21.72 12.98 841.7
2009 8 22 12 46969.3 0.756 200.15 6.33 22.68 13.87 868.7
2009 8 23 12 46847.3 0.267 171.63 6.33 18.80 11.03 843.7
2009 8 24 12 46724.2 0.245 205.79 6.33 18.62 8.73 750.4
2009 8 25 12 46600.0 0.056 181.92 6.33 24.77 16.14 908.6
2009 8 26 12 46474.8 0.929 224.37 6.33 21.14 10.29 820.1
2009 8 27 12 46348.7 1.051 216.23 6.33 18.91 9.32 839.4
2009 8 28 12 46221.7 7.832 244.70 6.33 21.10 13.16 840.8
2009 8 29 12 46093.7 1.094 201.64 6.33 21.70 12.78 862.1
2009 8 30 12 45964.9 0.736 208.26 6.33 20.52 10.35 843.2
2009 8 31 12 45835.3 1.001 217.05 6.33 20.47 10.33 799.5
2009 9 1 12 45704.9 0.640 198.23 6.33 18.66 9.73 746.6
2009 9 2 12 45573.7 0.677 217.32 6.33 20.37 12.33 845.4
2009 9 3 12 45441.8 1.622 211.12 6.33 20.42 10.31 818.8
2009 9 4 12 45309.3 1.854 217.73 6.33 18.26 10.24 812.0
2009 9 5 12 45176.2 0.183 184.62 6.33 17.34 8.42 741.2
2009 9 6 12 45042.4 1.561 191.22 6.33 18.27 7.65 826.3
2009 9 7 12 44908.2 3.934 189.26 6.33 17.51 8.41 776.8
2009 9 8 12 44773.4 0.212 190.52 6.33 18.73 9.84 792.6
2009 9 9 12 44638.1 0.635 170.05 6.33 14.55 5.17 700.4
2009 9 10 12 44502.5 0.445 202.97 6.33 18.19 9.77 787.5
2009 9 11 12 44366.4 2.999 195.93 6.33 18.39 9.90 801.3
2009 9 12 12 44230.0 0.369 212.96 6.33 15.48 6.51 683.4
2009 9 13 12 44093.3 0.816 163.87 6.33 19.57 9.88 796.1
2009 9 14 12 43956.3 0.506 204.42 6.33 16.53 7.99 758.9
2009 9 15 12 43819.1 1.625 181.73 6.33 16.85 7.62 725.9
2009 9 16 12 43681.7 1.014 184.11 6.33 20.82 12.04 858.7
2009 9 17 12 43544.2 2.162 184.10 6.33 17.25 9.07 823.4
2009 9 18 12 43406.5 1.352 201.45 6.33 15.05 6.16 737.6
2009 9 19 12 43268.9 2.760 184.16 6.33 17.88 9.27 743.0
2009 9 20 12 43131.1 2.309 180.07 6.33 19.15 11.11 804.2
2009 9 21 12 42993.5 1.253 171.07 6.33 17.64 9.58 812.0
2009 9 22 12 42855.8 1.733 183.45 6.33 17.23 8.06 763.8
2009 9 23 12 42718.3 0.755 159.77 6.33 15.67 5.94 690.5
2009 9 24 12 42580.9 1.147 210.14 6.33 16.47 7.03 724.3
2009 9 25 12 42443.7 1.890 152.59 6.33 17.15 9.08 798.5
2009 9 26 12 42306.7 1.936 153.96 6.33 14.83 6.42 754.8
2009 9 27 12 42170.0 2.226 158.20 6.33 16.23 8.30 750.2
2009 9 28 12 42033.6 0.464 165.96 6.33 17.21 8.57 748.8
2009 9 29 12 41897.5 0.044 136.75 6.33 13.18 4.56 714.2
2009 9 30 12 41761.9 0.941 155.05 6.33 14.70 5.33 733.3
2009 10 1 12 41626.6 0.318 155.62 6.33 15.13 5.01 668.7
2009 10 2 12 41491.8 0.769 164.92 6.33 15.19 4.40 604.4
2009 10 3 12 41357.6 3.422 146.18 6.33 15.20 5.83 695.9
2009 10 4 12 41223.8 4.066 180.30 6.33 13.73 4.06 681.4
2009 10 5 12 41090.7 0.280 147.08 6.33 13.99 4.45 645.5
2009 10 6 12 40958.2 3.715 155.25 6.33 12.81 5.88 719.8
2009 10 7 12 40826.3 0.132 146.15 6.33 12.46 2.92 679.2
2009 10 8 12 40695.1 1.290 183.23 6.33 13.01 2.82 713.3
2009 10 9 12 40564.7 0.766 137.82 6.33 11.95 2.48 625.8
2009 10 10 12 40435.1 0.325 152.57 6.33 13.46 5.26 684.7
2009 10 11 12 40306.3 0.927 137.92 6.33 9.98 2.02 661.5
2009 10 12 12 40178.3 0.254 157.85 6.33 10.44 0.05 606.7
2009 10 13 12 40051.3 0.247 154.10 6.33 11.63 2.01 636.2
2009 10 14 12 39925.2 0.544 139.08 6.33 14.44 4.80 690.9
2009 10 15 12 39800.0 3.505 149.18 6.33 7.14 -1.06 508.5
2009 10 16 12 39675.8 2.130 148.65 6.33 10.17 0.41 549.4
2009 10 17 12 39552.7 2.406 150.37 6.33 8.32 -1.41 596.5
2009 10 18 12 39430.7 0.157 148.11 6.33 13.24 3.84 663.7
2009 10 19 12 39309.8 0.412 146.14 6.33 9.74 1.07 585.4
2009 10 20 12 39190.1 1.216 117.68 6.33 8.46 -1.71 514.7
2009 10 21 12 39071.5 0.682 130.17 6.33 11.26 1.24 599.5
2009 10 22 12 38954.2 2.856 148.00 6.33 11.24 2.45 661.9
2009 10 23 12 38838.1 0.223 133.99 6.33 9.09 -0.91 601.4
2009 10 24 12 38723.3 1.625 123.02 6.33 11.01 4.44 630.9
2009 10 25 12 38609.8 0.062 131.76 6.33 10.84 1.04 597.6
2009 10 26 12 38497.7 0.085 109.53 6.33 10.65 2.11 663.2
2009 10 27 12 38387.0 1.312 144.17 6.33 6.73 -1.64 591.1
2009 10 28 12 38277.7 2.603 147.99 6.33 7.73 -1.41 561.3
2009 10 29 12 38169.9 0.502 118.99 6.33 8.12 -1.50 539.0
2009 10 30 12 38063.6 0.423 133.03 6.33 6.91 -1.30 574.8
2009 10 31 12 37958.7 1.271 114.83 6.33 8.23 -0.16 561.5
2009 11 1 12 37855.5 1.419 115.47 6.33 5.60 -3.15 537.7
2009 11 2 12 37753.8 0.303 148.98 6.33 8.95 -0.21 631.1
2009 11 3 12 37653.8 0.212 124.27 6.33 9.25 0.91 648.1
2009 11 4 12 37555.3 0.850 119.56 6.33 4.65 -4.30 479.4
2009 11 5 12 37458.6 0.185 98.25 6.33 11.28 3.32 657.3
2009 11 6 12 37363.5 2.441 138.58 6.33 7.40 -0.24 640.2
2009 11 7 12 37270.2 1.680 98.48 6.33 7.66 -0.24 623.0
2009 11 8 12 37178.7 2.007 102.33 6.33 8.14 -0.99 538.7
2009 11 9 12 37088.9 1.977 92.10 6.33 6.57 -1.07 592.7
2009 11 10 12 37000.9 4.724 111.85 6.33 5.19 -3.14 524.9
2009 11 11 12 36914.8 0.136 141.17 6.33 5.33 -4.26 492.3
2009 11 12 12 36830.5 1.518 110.57 6.33 7.15 -2.60 592.8
2009 11 13 12 36748.2 0.241 109.73 6.33 5.84 -2.86 593.8
2009 11 14 12 36667.7 1.150 111.71 6.33 2.47 -5.83 436.6
2009 11 15 12 36589.2 0.409 115.79 6.33 6.51 -3.62 554.5
2009 11 16 12 36512.6 1.919 116.05 6.33 3.39 -3.69 594.2
2009 11 17 12 36438.0 0.305 94.59 6.33 3.80 -6.10 503.7
2009 11 18 12 36365.4 0.037 153.01 6.33 4.98 -4.17 464.6
2009 11 19 12 36294.9 1.742 124.60 6.33 7.41 -1.88 572.3
2009 11 20 12 36226.3 0.910 118.98 6.33 8.17 -1.15 568.8
2009 11 21 12 36159.9 1.774 116.05 6.33 2.88 -5.83 434.3
2009 11 22 12 36095.5 0.752 128.62 6.33 4.91 -4.30 512.6
2009 11 23 12 36033.3 0.087 122.34 6.33 4.63 -3.68 495.0
2009 11 24 12 35973.2 0.427 100.02 6.33 1.79 -7.61 455.6
2009 11 25 12 35915.2 2.469 107.63 6.33 4.97 -3.65 540.4
2009 11 26 12 35859.3 0.042 124.02 6.33 0.68 -8.39 398.6
2009 11 27 12 35805.7 0.391 115.43 6.33 6.22 -2.75 559.2
2009 11 28 12 35754.2 5.691 117.41 6.33 0.40 -8.13 416.7
2009 11 29 12 35704.9 0.799 112.86 6.33 2.31 -7.19 443.0
2009 11 30 12 35657.9 3.158 92.42 6.33 3.87 -5.51 528.6
2009 12 1 12 35613.1 3.402 98.35 6.33 3.97 -4.11 455.5
2009 12 2 12 35570.6 0.434 120.79 6.33 1.72 -7.42 456.1
2009 12 3 12 35530.3 0.514 106.35 6.33 3.22 -6.07 443.1
2009 12 4 12 35492.2 0.374 107.93 6.33 2.12 -6.57 444.3
2009 12 5 12 35456.5 0.309 134.97 6.33 4.22 -4.86 516.1
2009 12 6 12 35423.1 0.056 112.11 6.33 1.19 -8.21 442.3
2009 12 7 12 35391.9 1.363 105.63 6.33 1.57 -7.34 424.5
2009 12 8 12 35363.1 0.872 122.35 6.33 2.13 -5.92 439.4
2009 12 9 12 35336.6 2.636 117.07 6.33 0.11 -9.30 408.9
2009 12 10 12 35312.4 0.473 104.27 6.33 1.96 -7.24 499.5
2009 12 11 12 35290.6 2.134 77.13 6.33 0.58 -8.17 412.2
2009 12 12 12 35271.1 1.014 112.34 6.33 -1.32 -9.87 422.1
2009 12 13 12 35253.9 0.420 113.15 6.33 0.27 -8.59 419.5
2009 12 14 12 35239.2 2.378 114.93 6.33 0.86 -8.14 423.4
2009 12 15 12 35226.7 1.071 99.12 6.33 0.11 -8.72 427.8
2009 12 16 12 35216.7 2.808 94.31 6.33 -1.49 -10.93 369.1
2009 12 17 12 35209.0 1.956 99.97 6.33 2.02 -6.83 468.9
2009 12 18 12 35203.6 2.389 87.93 6.33 -1.86 -11.14 332.3
2009 12 19 12 35200.7 1.671 95.65 6.33 -0.60 -9.24 379.9
2009 12 20 12 35200.1 4.717 110.55 6.33 -2.01 -10.19 406.8
2009 12 21 12 35201.9 0.229 94.43 6.33 -2.50 -12.22 365.2
2009 12 22 12 35206.0 2.371 93.69 6.33 0.19 -8.44 412.1
2009 12 23 12 35212.5 1.387 127.29 6.33 -0.33 -9.08 428.9
2009 12 24 12 35221.4 0.227 94.60 6.33 -3.24 -12.42 379.6
2009 12 25 12 35232.6 0.553 89.84 6.33 -2.67 -11.47 318.9
2009 12 26 12 35246.3 4.550 86.70 6.33 0.14 -8.18 443.3
2009 12 27 12 35262.2 2.960 97.80 6.33 -1.27 -9.92 385.6
2009 12 28 12 35280.5 3.440 87.01 6.33 1.10 -9.13 401.3
2009 12 29 12 35301.2 2.099 106.41 6.33 -0.40 -11.27 435.3
2009 12 30 12 35324.2 2.042 80.74 6.33 -2.54 -12.29 347.2
2009 12 31 12 35349.5 0.786 74.06 6.33 1.08 -6.61 494.0
