45.2 -69.3 basin centroid
Elevation: 300.0 m  Area: 220.0 km2

Year Mnth Day Hr dayl(s) prcp(mm/day) srad(W/m2) swe(mm) tmax(C) tmin(C) vp(Pa)
1995 1 1 12 35377.2 2.607 123.62 7.74 -1.29 -10.68 339.6
1995 1 2 12 35407.2 2.016 108.46 7.74 -0.75 -10.49 398.2
1995 1 3 12 35439.5 1.657 99.28 7.74 -0.14 -8.61 389.9
1995 1 4 12 35474.1 0.210 92.95 7.74 -2.55 -11.73 344.2
1995 1 5 12 35511.0 3.920 91.38 7.74 -0.07 -9.65 375.4
1995 1 6 12 35550.1 1.276 96.91 7.74 -3.01 -11.89 333.5
1995 1 7 12 35591.5 1.052 125.81 7.74 0.52 -8.02 412.0
1995 1 8 12 35635.2 0.418 103.10 7.74 -1.98 -11.72 373.4
1995 1 9 12 35681.2 2.131 95.89 7.74 -1.97 -12.02 355.1
1995 1 10 12 35729.3 0.594 101.43 7.74 -2.10 -12.13 346.8
1995 1 11 12 35779.7 0.636 86.98 7.74 -0.41 -10.19 364.3
1995 1 12 12 35832.2 6.389 103.63 7.74 -1.49 -10.26 401.5
1995 1 13 12 35887.0 3.489 109.00 7.74 -0.34 -10.22 360.7
1995 1 14 12 35943.9 7.959 106.37 7.74 -0.43 -8.84 415.5
1995 1 15 12 36003.0 2.564 143.41 7.74 0.22 -9.06 440.0
1995 1 16 12 36064.1 0.380 118.15 7.74 -2.86 -12.10 350.2
1995 1 17 12 36127.5 0.601 81.84 7.74 0.91 -8.60 448.2
1995 1 18 12 36192.9 1.673 131.60 7.74 -1.08 -10.76 390.0
1995 1 19 12 36260.3 1.931 118.12 7.74 -3.20 -13.59 375.7
1995 1 20 12 36329.9 0.510 96.47 7.74 -1.82 -9.49 371.2
1995 1 21 12 36401.5 1.531 117.92 7.74 -1.62 -11.68 366.1
1995 1 22 12 36475.1 3.408 103.34 7.74 -0.57 -9.22 415.7
1995 1 23 12 36550.6 0.508 131.01 7.74 -3.39 -12.46 347.9
1995 1 24 12 36628.2 9.812 104.48 7.74 -2.53 -11.61 458.0
1995 1 25 12 36707.7 6.928 135.39 7.74 -2.20 -10.34 407.1
1995 1 26 12 36789.1 0.129 153.91 7.74 -1.08 -9.91 401.8
1995 1 27 12 36872.4 2.145 140.25 7.74 0.89 -7.05 478.3
1995 1 28 12 36957.6 0.593 124.80 7.74 -1.60 -10.63 337.1
1995 1 29 12 37044.7 1.382 122.45 7.74 -2.24 -12.61 293.0
1995 1 30 12 37133.6 1.500 110.55 7.74 -2.16 -12.53 319.2
1995 1 31 12 37224.2 2.407 128.90 7.74 -0.97 -10.49 402.4
1995 2 1 12 37316.7 3.550 134.00 7.74 0.02 -9.82 415.6
1995 2 2 12 37410.8 0.635 129.04 7.74 0.75 -8.79 410.2
1995 2 3 12 37506.7 2.999 121.66 7.74 -3.03 -12.98 314.2
1995 2 4 12 37604.3 6.725 117.00 7.74 -3.55 -12.32 359.5
1995 2 5 12 37703.6 4.248 133.09 7.74 -0.60 -9.41 445.6
1995 2 6 12 37804.5 1.137 110.09 7.74 0.89 -7.68 438.0
1995 2 7 12 37906.9 2.749 134.86 7.74 -2.70 -11.59 367.5
1995 2 8 12 38011.0 0.707 127.29 7.74 -0.08 -9.66 370.7
1995 2 9 12 38116.5 0.493 102.55 7.74 -1.87 -11.32 387.0
1995 2 10 12 38223.6 5.610 128.56 7.74 -1.51 -11.13 374.2
1995 2 11 12 38332.2 5.170 114.24 7.74 -1.92 -10.86 428.8
1995 2 12 12 38442.2 3.082 140.06 7.74 -0.12 -11.26 325.9
1995 2 13 12 38553.6 0.424 137.40 7.74 -0.35 -11.57 361.2
1995 2 14 12 38666.4 2.469 126.02 7.74 0.69 -7.73 431.6
1995 2 15 12 38780.5 1.950 156.68 7.74 0.09 -10.27 393.6
1995 2 16 12 38896.0 1.647 126.43 7.74 0.71 -9.63 404.9
1995 2 17 12 39012.7 1.067 132.86 7.74 1.81 -9.66 397.2
1995 2 18 12 39130.6 1.063 138.20 7.74 0.70 -9.65 369.1
1995 2 19 12 39249.8 0.542 127.29 7.74 -2.29 -10.75 444.4
1995 2 20 12 39370.1 3.272 116.74 7.74 0.99 -8.21 452.7
1995 2 21 12 39491.6 3.099 164.19 7.74 4.20 -4.92 508.6
1995 2 22 12 39614.2 4.602 133.52 7.74 -0.25 -8.93 435.1
1995 2 23 12 39737.8 4.196 154.04 7.74 1.18 -9.28 396.7
1995 2 24 12 39862.5 0.814 165.37 7.74 2.94 -5.80 530.8
1995 2 25 12 39988.1 5.003 140.84 7.74 2.00 -7.14 455.8
1995 2 26 12 40114.7 6.829 164.20 7.74 -0.34 -9.72 448.6
1995 2 27 12 40242.2 3.476 146.34 7.74 1.95 -8.56 427.2
1995 2 28 12 40370.6 0.098 177.64 7.74 1.68 -8.36 398.9
1995 3 1 12 40499.8 0.738 192.85 7.74 3.04 -5.39 553.0
1995 3 2 12 40629.8 2.552 138.51 7.74 1.70 -9.02 404.9
1995 3 3 12 40760.6 1.545 146.17 7.74 1.63 -5.54 520.0
1995 3 4 12 40892.1 2.180 139.39 7.74 4.14 -5.58 508.0
1995 3 5 12 41024.3 5.140 150.17 7.74 2.52 -8.52 380.4
1995 3 6 12 41157.2 1.142 135.99 7.74 2.45 -6.34 487.6
1995 3 7 12 41290.6 6.606 159.92 7.74 2.67 -7.38 438.1
1995 3 8 12 41424.6 1.620 144.55 7.74 5.15 -4.24 539.1
1995 3 9 12 41559.2 9.696 139.68 7.74 4.13 -5.16 467.1
1995 3 10 12 41694.2 2.386 144.07 7.74 3.87 -7.14 464.9
1995 3 11 12 41829.7 1.806 178.46 7.74 0.65 -9.10 469.7
1995 3 12 12 41965.5 1.751 143.69 7.74 4.12 -4.96 479.3
1995 3 13 12 42101.8 0.193 157.05 7.74 1.94 -7.95 433.7
1995 3 14 12 42238.3 0.922 159.57 7.74 4.88 -3.44 531.0
1995 3 15 12 42375.2 3.323 169.92 7.74 4.09 -5.50 521.4
1995 3 16 12 42512.3 3.534 166.85 7.74 1.90 -7.69 420.6
1995 3 17 12 42649.6 0.395 157.59 7.74 3.13 -6.94 470.0
1995 3 18 12 42787.0 4.299 157.20 7.74 4.20 -5.61 476.4
1995 3 19 12 42924.6 11.781 175.70 7.74 4.22 -5.03 505.9
1995 3 20 12 43062.3 0.824 175.04 7.74 7.03 -2.26 608.7
1995 3 21 12 43200.0 3.525 167.76 7.74 2.51 -7.35 485.7
1995 3 22 12 43337.7 0.340 181.58 7.74 6.23 -3.32 512.1
1995 3 23 12 43475.4 2.089 212.59 7.74 7.07 -3.59 503.9
1995 3 24 12 43613.0 2.119 193.36 7.74 3.32 -5.23 512.7
1995 3 25 12 43750.4 7.404 180.63 7.74 5.90 -3.54 538.8
1995 3 26 12 43887.7 2.795 219.91 7.74 4.90 -4.64 504.8
1995 3 27 12 44024.8 2.825 168.58 7.74 7.39 -1.53 592.6
1995 3 28 12 44161.7 13.360 190.44 7.74 7.50 -0.56 590.6
1995 3 29 12 44298.2 2.761 177.46 7.74 6.05 -3.12 549.9
1995 3 30 12 44434.5 9.065 166.30 7.74 5.22 -4.58 501.8
1995 3 31 12 44570.3 3.311 183.16 7.74 4.45 -5.06 525.1
1995 4 1 12 44705.8 1.361 193.23 7.74 5.34 -4.92 466.4
1995 4 2 12 44840.8 2.384 185.93 7.74 6.76 -2.79 529.7
1995 4 3 12 44975.4 1.689 213.24 7.74 9.42 0.49 607.6
1995 4 4 12 45109.4 1.289 162.67 7.74 6.53 -2.62 572.2
1995 4 5 12 45242.8 8.089 220.74 7.74 7.18 -2.12 606.7
1995 4 6 12 45375.7 0.613 203.31 7.74 7.71 -0.93 625.0
1995 4 7 12 45507.9 0.054 197.33 7.74 7.29 -2.57 499.3
1995 4 8 12 45639.4 2.290 214.13 7.74 6.36 -2.85 564.8
1995 4 9 12 45770.2 10.088 202.93 7.74 9.19 -0.62 535.3
1995 4 10 12 45900.2 6.100 168.07 7.74 7.55 -2.51 532.2
1995 4 11 12 46029.4 0.915 228.89 7.74 8.10 -2.27 498.9
1995 4 12 12 46157.8 0.484 219.61 7.74 8.12 -0.72 575.8
1995 4 13 12 46285.3 7.918 218.78 7.74 11.40 2.82 640.6
1995 4 14 12 46411.9 1.242 226.32 7.74 10.68 2.20 630.5
1995 4 15 12 46537.5 0.172 198.42 7.74 10.67 0.53 610.9
1995 4 16 12 46662.2 0.497 193.65 7.74 8.22 -1.29 575.6
1995 4 17 12 46785.8 1.149 207.37 7.74 9.15 -0.81 630.5
1995 4 18 12 46908.4 1.278 226.48 7.74 8.60 -0.68 580.3
1995 4 19 12 47029.9 2.462 191.48 7.74 11.94 4.22 643.9
1995 4 20 12 47150.2 0.767 215.26 7.74 13.12 4.19 662.6
1995 4 21 12 47269.4 1.421 228.24 7.74 9.47 -0.72 593.1
1995 4 22 12 47387.3 7.078 203.15 7.74 10.50 2.08 592.9
1995 4 23 12 47504.0 1.935 250.20 7.74 12.15 2.90 674.7
1995 4 24 12 47619.5 1.306 205.78 7.74 8.44 -0.30 637.9
1995 4 25 12 47733.6 6.521 223.98 7.74 10.32 0.15 553.9
1995 4 26 12 47846.4 1.606 233.86 7.74 11.38 2.15 612.0
1995 4 27 12 47957.8 3.110 227.47 7.74 11.72 1.44 590.3
1995 4 28 12 48067.8 2.871 208.31 7.74 13.28 4.88 676.0
1995 4 29 12 48176.4 1.850 231.81 7.74 10.74 2.17 683.1
1995 4 30 12 48283.5 2.920 218.14 7.74 14.07 6.36 766.2
1995 5 1 12 48389.0 4.031 221.67 7.74 12.45 3.12 614.2
1995 5 2 12 48493.1 1.241 202.27 7.74 9.68 0.18 619.1
1995 5 3 12 48595.5 1.455 240.63 7.74 11.39 2.60 655.6
1995 5 4 12 48696.4 3.653 255.23 7.74 14.15 5.00 711.6
1995 5 5 12 48795.7 5.294 242.61 7.74 12.48 2.68 624.9
1995 5 6 12 48893.3 3.925 265.69 7.74 12.88 2.16 613.1
1995 5 7 12 48989.2 5.609 213.62 7.74 12.01 3.19 658.6
1995 5 8 12 49083.3 2.688 222.14 7.74 14.32 6.16 696.0
1995 5 9 12 49175.8 4.281 244.61 7.74 12.03 2.92 687.9
1995 5 10 12 49266.4 8.342 228.86 7.74 14.29 4.67 701.4
1995 5 11 12 49355.3 1.813 232.57 7.74 14.72 5.34 707.3
1995 5 12 12 49442.4 7.144 236.51 7.74 13.97 4.35 712.0
1995 5 13 12 49527.6 4.404 270.40 7.74 14.57 5.03 715.7
1995 5 14 12 49610.9 7.876 254.36 7.74 14.59 6.35 696.0
1995 5 15 12 49692.3 7.444 252.61 7.74 17.09 6.54 712.1
1995 5 16 12 49771.8 10.960 232.12 7.74 17.61 10.51 759.4
1995 5 17 12 49849.4 11.238 243.05 7.74 16.42 6.46 714.1
1995 5 18 12 49924.9 8.879 236.41 7.74 13.99 4.60 730.3
1995 5 19 12 49998.5 4.296 251.79 7.74 15.67 6.23 739.7
1995 5 20 12 50070.1 3.165 281.29 7.74 13.13 2.60 648.4
1995 5 21 12 50139.7 2.731 239.63 7.74 15.32 5.69 672.3
1995 5 22 12 50207.1 1.147 260.34 7.74 15.45 5.90 697.7
1995 5 23 12 50272.5 5.371 232.56 7.74 16.39 8.37 760.0
1995 5 24 12 50335.9 1.577 247.36 7.74 18.38 9.21 792.0
1995 5 25 12 50397.0 2.372 247.19 7.74 14.42 5.14 745.4
1995 5 26 12 50456.1 1.009 246.99 7.74 17.48 8.52 802.3
1995 5 27 12 50513.0 3.866 257.07 7.74 19.02 9.19 787.3
1995 5 28 12 50567.8 0.513 244.83 7.74 16.96 9.20 773.9
1995 5 29 12 50620.3 5.884 259.53 7.74 18.28 9.19 800.4
1995 5 30 12 50670.7 0.763 236.21 7.74 18.35 9.89 807.8
1995 5 31 12 50718.8 10.422 279.18 7.74 18.97 10.00 788.8
1995 6 1 12 50764.8 10.951 281.96 7.74 18.12 9.10 816.4
1995 6 2 12 50808.5 0.959 272.34 7.74 19.28 9.21 762.9
1995 6 3 12 50849.9 6.253 246.66 7.74 19.35 9.39 803.2
1995 6 4 12 50889.0 0.852 245.36 7.74 20.58 11.46 817.9
1995 6 5 12 50925.9 2.786 256.33 7.74 18.05 8.19 762.4
1995 6 6 12 50960.5 6.636 261.33 7.74 17.57 8.00 806.1
1995 6 7 12 50992.8 0.629 273.06 7.74 17.59 8.87 811.5
1995 6 8 12 51022.8 5.237 231.05 7.74 17.16 6.84 782.7
1995 6 9 12 51050.5 0.646 255.19 7.74 17.92 8.22 740.5
1995 6 10 12 51075.8 3.166 266.51 7.74 21.49 11.51 831.6
1995 6 11 12 51098.8 4.769 274.32 7.74 20.86 9.84 814.0
1995 6 12 12 51119.5 3.590 258.79 7.74 20.85 11.74 849.0
1995 6 13 12 51137.8 1.957 246.03 7.74 20.33 11.02 841.0
1995 6 14 12 51153.7 0.459 256.69 7.74 19.34 11.54 842.0
1995 6 15 12 51167.4 0.433 263.01 7.74 21.16 12.46 846.8
1995 6 16 12 51178.6 3.389 236.29 7.74 18.75 8.59 797.4
1995 6 17 12 51187.5 3.605 267.79 7.74 21.48 12.04 846.7
1995 6 18 12 51194.0 2.224 266.79 7.74 19.95 10.85 772.7
1995 6 19 12 51198.1 1.412 253.75 7.74 20.51 10.33 829.3
1995 6 20 12 51199.9 11.930 276.05 7.74 22.92 14.16 840.2
1995 6 21 12 51199.3 6.284 265.95 7.74 21.65 12.07 819.5
1995 6 22 12 51196.4 1.154 262.15 7.74 23.67 13.72 880.5
1995 6 23 12 51191.0 3.373 275.79 7.74 22.82 11.62 783.5
1995 6 24 12 51183.3 2.042 240.48 7.74 20.74 10.35 832.5
1995 6 25 12 51173.3 0.519 246.32 7.74 20.92 10.19 794.1
1995 6 26 12 51160.8 1.174 275.46 7.74 22.29 12.25 876.5
1995 6 27 12 51146.1 0.795 286.49 7.74 20.26 9.70 800.4
1995 6 28 12 51128.9 0.761 265.77 7.74 21.06 11.12 825.9
1995 6 29 12 51109.4 8.419 250.01 7.74 22.84 13.94 864.7
1995 6 30 12 51087.6 1.063 240.69 7.74 19.95 11.60 825.4
1995 7 1 12 51063.4 1.415 274.97 7.74 21.61 13.60 876.7
1995 7 2 12 51036.9 4.991 258.67 7.74 20.85 10.07 774.0
1995 7 3 12 51008.1 6.481 275.31 7.74 22.98 13.51 898.8
1995 7 4 12 50976.9 0.424 257.68 7.74 22.89 13.64 841.8
1995 7 5 12 50943.5 1.155 257.36 7.74 23.02 14.05 892.5
1995 7 6 12 50907.8 5.912 277.96 7.74 20.57 10.29 799.2
1995 7 7 12 50869.7 0.482 306.02 7.74 22.07 13.02 891.7
1995 7 8 12 50829.4 6.630 248.65 7.74 22.82 13.09 862.6
1995 7 9 12 50786.9 1.998 281.27 7.74 23.36 12.79 867.8
1995 7 10 12 50742.1 2.853 260.75 7.74 20.98 12.26 854.3
1995 7 11 12 50695.1 2.799 260.14 7.74 21.16 11.08 845.2
1995 7 12 12 50645.8 5.127 240.68 7.74 18.74 9.07 775.4
1995 7 13 12 50594.3 4.159 249.51 7.74 21.62 12.43 841.6
1995 7 14 12 50540.7 1.931 250.59 7.74 21.50 12.08 870.7
1995 7 15 12 50484.8 1.394 254.12 7.74 23.51 15.11 872.2
1995 7 16 12 50426.8 3.453 261.30 7.74 23.95 13.66 860.5
1995 7 17 12 50366.7 2.308 225.95 7.74 23.24 13.22 851.1
1995 7 18 12 50304.5 2.262 246.14 7.74 21.83 12.37 837.9
1995 7 19 12 50240.1 5.891 246.68 7.74 22.24 11.78 822.3
1995 7 20 12 50173.7 1.652 256.07 7.74 19.93 11.27 820.3
1995 7 21 12 50105.1 3.367 248.28 7.74 20.68 11.27 841.3
1995 7 22 12 50034.6 0.886 236.31 7.74 22.07 13.15 856.9
1995 7 23 12 49962.0 2.831 252.27 7.74 23.26 13.55 828.0
1995 7 24 12 49887.4 5.265 279.10 7.74 20.32 10.31 776.9
1995 7 25 12 49810.8 0.560 273.53 7.74 22.12 13.00 855.5
1995 7 26 12 49732.3 6.064 227.67 7.74 23.79 16.07 935.2
1995 7 27 12 49651.8 3.853 238.47 7.74 22.25 13.02 823.1
1995 7 28 12 49569.5 2.415 246.44 7.74 20.75 11.62 821.2
1995 7 29 12 49485.2 6.267 233.97 7.74 24.25 15.35 913.8
1995 7 30 12 49399.1 0.652 277.59 7.74 22.40 12.16 848.8
1995 7 31 12 49311.1 1.788 214.24 7.74 22.63 14.05 887.9
1995 8 1 12 49221.3 0.384 223.63 7.74 23.09 13.05 922.3
1995 8 2 12 49129.8 0.895 225.93 7.74 23.03 13.64 826.5
1995 8 3 12 49036.5 0.141 226.61 7.74 23.28 13.73 864.9
1995 8 4 12 48941.4 0.277 246.74 7.74 22.79 13.22 892.1
1995 8 5 12 48844.7 0.945 228.55 7.74 24.41 16.52 865.2
1995 8 6 12 48746.2 6.146 242.33 7.74 23.60 12.76 874.3
1995 8 7 12 48646.2 1.915 250.28 7.74 23.25 14.60 952.1
1995 8 8 12 48544.5 0.017 247.16 7.74 21.13 11.76 835.0
1995 8 9 12 48441.3 1.479 236.14 7.74 21.12 11.69 838.2
1995 8 10 12 48336.4 5.176 232.91 7.74 21.98 13.74 842.5
1995 8 11 12 48230.1 0.483 229.07 7.74 21.66 11.81 884.1
1995 8 12 12 48122.3 3.115 242.00 7.74 19.77 10.72 873.1
1995 8 13 12 48013.0 0.950 222.14 7.74 23.50 14.71 893.6
1995 8 14 12 47902.3 4.080 220.40 7.74 22.69 13.18 837.1
1995 8 15 12 47790.2 1.484 253.39 7.74 21.66 13.12 842.7
1995 8 16 12 47676.7 0.337 241.72 7.74 19.72 10.55 863.7
1995 8 17 12 47561.9 1.374 225.97 7.74 20.14 9.91 784.1
1995 8 18 12 47445.8 1.541 211.31 7.74 21.98 12.20 904.8
1995 8 19 12 47328.5 0.270 212.87 7.74 19.97 11.31 824.8
1995 8 20 12 47209.9 1.413 235.03 7.74 20.35 10.53 783.9
1995 8 21 12 47090.2 6.023 210.45 7.74 21.78 13.97 887.9
1995 8 22 12 46969.3 1.767 231.37 7.74 21.97 11.59 823.9
1995 8 23 12 46847.3 3.144 217.41 7.74 20.41 10.57 840.4
1995 8 24 12 46724.2 0.370 224.91 7.74 19.02 9.79 829.9
1995 8 25 12 46600.0 2.112 228.23 7.74 21.92 13.57 811.7
1995 8 26 12 46474.8 0.297 196.62 7.74 21.71 12.93 891.4
1995 8 27 12 46348.7 0.847 216.49 7.74 19.50 9.55 763.7
1995 8 28 12 46221.7 1.651 196.49 7.74 19.72 9.67 763.6
1995 8 29 12 46093.7 3.982 200.67 7.74 20.95 11.51 813.9
1995 8 30 12 45964.9 1.632 187.45 7.74 19.11 9.98 823.4
1995 8 31 12 45835.3 0.504 196.82 7.74 17.23 7.04 749.6
1995 9 1 12 45704.9 0.465 189.52 7.74 20.78 11.97 826.8
1995 9 2 12 45573.7 0.646 224.03 7.74 19.41 8.89 710.6
1995 9 3 12 45441.8 0.853 205.16 7.74 19.09 8.73 824.0
1995 9 4 12 45309.3 4.005 199.67 7.74 19.88 9.72 806.1
1995 9 5 12 45176.2 1.033 203.76 7.74 19.20 10.78 849.8
1995 9 6 12 45042.4 1.088 200.41 7.74 18.66 8.86 783.7
1995 9 7 12 44908.2 4.174 193.27 7.74 19.76 10.76 797.4
1995 9 8 12 44773.4 0.063 210.38 7.74 16.83 7.31 741.1
1995 9 9 12 44638.1 0.642 197.22 7.74 19.48 10.79 819.2
1995 9 10 12 44502.5 1.753 186.50 7.74 22.11 12.86 838.2
1995 9 11 12 44366.4 0.950 165.63 7.74 17.30 6.88 697.5
1995 9 12 12 44230.0 1.968 179.12 7.74 16.16 5.79 724.8
1995 9 13 12 44093.3 0.150 205.02 7.74 19.12 8.21 834.3
1995 9 14 12 43956.3 0.846 183.95 7.74 17.90 8.01 752.9
1995 9 15 12 43819.1 0.548 206.77 7.74 15.73 4.51 702.1
1995 9 16 12 43681.7 0.489 159.84 7.74 15.83 6.79 762.8
1995 9 17 12 43544.2 0.440 188.96 7.74 17.26 8.07 727.2
1995 9 18 12 43406.5 1.786 175.83 7.74 17.22 7.84 751.9
1995 9 19 12 43268.9 0.349 208.44 7.74 16.16 6.05 753.7
1995 9 20 12 43131.1 0.218 174.68 7.74 14.96 4.77 677.8
1995 9 21 12 42993.5 1.545 175.65 7.74 16.51 8.04 738.9
1995 9 22 12 42855.8 0.551 161.19 7.74 15.87 5.73 729.6
1995 9 23 12 42718.3 0.795 197.11 7.74 16.00 5.46 694.0
1995 9 24 12 42580.9 1.414 152.95 7.74 17.02 7.52 793.9
1995 9 25 12 42443.7 1.261 155.53 7.74 15.67 6.13 788.3
1995 9 26 12 42306.7 4.211 176.01 7.74 15.48 6.03 731.6
1995 9 27 12 42170.0 0.899 163.28 7.74 14.51 5.46 660.5
1995 9 28 12 42033.6 0.579 180.92 7.74 16.57 8.09 753.2
1995 9 29 12 41897.5 0.515 167.26 7.74 14.83 5.76 726.9
1995 9 30 12 41761.9 3.440 169.14 7.74 13.61 3.46 652.8
1995 10 1 12 41626.6 0.906 161.94 7.74 13.55 5.04 766.4
1995 10 2 12 41491.8 0.072 182.38 7.74 14.51 5.47 736.3
1995 10 3 12 41357.6 1.340 164.74 7.74 15.93 6.81 704.0
1995 10 4 12 41223.8 1.600 149.43 7.74 14.67 4.51 660.6
1995 10 5 12 41090.7 0.246 162.14 7.74 14.42 2.13 678.0
1995 10 6 12 40958.2 0.584 150.44 7.74 16.92 7.50 782.3
1995 10 7 12 40826.3 0.866 152.70 7.74 11.19 2.68 631.7
1995 10 8 12 40695.1 1.297 154.92 7.74 10.41 0.92 591.3
1995 10 9 12 40564.7 0.595 158.86 7.74 10.86 0.82 610.2
1995 10 10 12 40435.1 0.353 137.54 7.74 14.72 4.02 767.7
1995 10 11 12 40306.3 4.602 160.49 7.74 10.90 1.62 631.7
1995 10 12 12 40178.3 0.319 141.76 7.74 12.29 3.55 722.5
1995 10 13 12 40051.3 0.791 147.06 7.74 9.54 -0.55 647.2
1995 10 14 12 39925.2 0.164 159.16 7.74 11.30 1.90 628.8
1995 10 15 12 39800.0 0.005 136.00 7.74 9.44 0.12 575.8
1995 10 16 12 39675.8 1.054 134.30 7.74 10.53 1.91 607.5
1995 10 17 12 39552.7 1.907 153.18 7.74 11.16 3.13 681.6
1995 10 18 12 39430.7 0.449 160.86 7.74 8.62 -0.80 572.5
1995 10 19 12 39309.8 1.680 148.68 7.74 6.95 -2.82 512.5
1995 10 20 12 39190.1 0.194 131.05 7.74 9.41 -0.42 600.3
1995 10 21 12 39071.5 1.192 130.46 7.74 14.09 4.30 658.1
1995 10 22 12 38954.2 2.011 143.92 7.74 10.45 1.84 643.2
1995 10 23 12 38838.1 1.281 129.17 7.74 6.71 -3.17 560.0
1995 10 24 12 38723.3 0.891 113.26 7.74 7.86 -1.22 536.2
1995 10 25 12 38609.8 1.419 124.02 7.74 10.89 0.86 573.7
1995 10 26 12 38497.7 1.151 122.10 7.74 8.05 -0.21 532.9
1995 10 27 12 38387.0 0.026 116.38 7.74 7.46 -1.74 564.6
1995 10 28 12 38277.7 1.027 148.64 7.74 6.43 -3.22 487.5
1995 10 29 12 38169.9 5.816 144.42 7.74 8.79 0.06 627.4
1995 10 30 12 38063.6 2.151 143.80 7.74 8.57 -0.65 626.6
1995 10 31 12 37958.7 0.689 118.06 7.74 9.15 0.76 573.0
1995 11 1 12 37855.5 1.170 142.82 7.74 7.74 0.02 578.8
1995 11 2 12 37753.8 0.338 119.72 7.74 8.05 -1.30 540.6
1995 11 3 12 37653.8 1.827 130.62 7.74 7.30 -2.06 520.2
1995 11 4 12 37555.3 0.388 140.16 7.74 8.96 0.10 619.8
1995 11 5 12 37458.6 1.053 102.45 7.74 5.84 -1.44 564.0
1995 11 6 12 37363.5 3.062 114.57 7.74 5.20 -4.90 494.3
1995 11 7 12 37270.2 0.038 130.00 7.74 7.83 -0.54 606.4
1995 11 8 12 37178.7 0.550 112.75 7.74 9.45 0.17 578.7
1995 11 9 12 37088.9 0.977 125.35 7.74 7.16 -2.76 525.5
1995 11 10 12 37000.9 0.880 99.59 7.74 5.25 -5.61 510.7
1995 11 11 12 36914.8 1.448 116.35 7.74 7.06 -4.07 499.3
1995 11 12 12 36830.5 0.745 141.89 7.74 6.13 -3.08 511.6
1995 11 13 12 36748.2 1.542 108.91 7.74 6.59 -2.38 604.7
1995 11 14 12 36667.7 1.212 109.24 7.74 7.87 -2.37 543.6
1995 11 15 12 36589.2 0.351 134.33 7.74 4.34 -6.50 501.1
1995 11 16 12 36512.6 1.325 120.96 7.74 5.95 -3.76 537.1
1995 11 17 12 36438.0 0.616 100.16 7.74 3.95 -4.84 508.1
1995 11 18 12 36365.4 1.345 90.84 7.74 5.98 -2.20 570.9
1995 11 19 12 36294.9 2.537 112.74 7.74 7.15 -1.91 565.3
1995 11 20 12 36226.3 2.155 107.20 7.74 4.93 -4.67 543.2
1995 11 21 12 36159.9 1.466 114.00 7.74 3.21 -6.60 463.4
1995 11 22 12 36095.5 4.806 101.03 7.74 5.97 -2.95 500.7
1995 11 23 12 36033.3 2.948 100.88 7.74 1.20 -8.00 462.5
1995 11 24 12 35973.2 0.265 131.43 7.74 3.80 -7.10 460.5
1995 11 25 12 35915.2 1.077 89.31 7.74 5.42 -2.96 583.3
1995 11 26 12 35859.3 0.193 112.95 7.74 4.71 -4.47 535.1
1995 11 27 12 35805.7 1.247 97.64 7.74 0.64 -7.75 471.7
1995 11 28 12 35754.2 3.638 103.20 7.74 0.32 -8.62 447.8
1995 11 29 12 35704.9 2.322 83.10 7.74 2.46 -6.47 441.9
1995 11 30 12 35657.9 0.768 71.78 7.74 0.54 -8.32 444.4
1995 12 1 12 35613.1 0.794 122.42 7.74 3.07 -7.12 494.0
1995 12 2 12 35570.6 2.432 105.15 7.74 4.30 -5.55 501.0
1995 12 3 12 35530.3 4.720 102.48 7.74 2.15 -5.57 482.5
1995 12 4 12 35492.2 0.693 108.54 7.74 1.66 -7.88 464.3
1995 12 5 12 35456.5 0.792 114.58 7.74 1.02 -9.26 465.2
1995 12 6 12 35423.1 0.313 81.61 7.74 -0.12 -8.64 429.5
1995 12 7 12 35391.9 0.301 103.18 7.74 1.19 -9.62 419.2
1995 12 8 12 35363.1 1.984 118.34 7.74 1.81 -7.29 444.3
1995 12 9 12 35336.6 3.285 113.34 7.74 0.65 -6.92 457.0
1995 12 10 12 35312.4 4.618 90.80 7.74 3.03 -6.22 480.1
1995 12 11 12 35290.6 0.078 94.12 7.74 0.73 -9.47 373.4
1995 12 12 12 35271.1 0.647 106.09 7.74 0.37 -8.95 370.4
1995 12 13 12 35253.9 0.520 98.41 7.74 -0.65 -8.83 431.8
1995 12 14 12 35239.2 0.095 112.84 7.74 -0.74 -8.77 428.3
1995 12 15 12 35226.7 4.512 92.77 7.74 2.00 -6.90 435.3
1995 12 16 12 35216.7 3.543 108.69 7.74 2.81 -7.03 456.5
1995 12 17 12 35209.0 3.404 86.86 7.74 -0.97 -10.52 399.4
1995 12 18 12 35203.6 0.500 97.68 7.74 -1.66 -10.47 380.3
1995 12 19 12 35200.7 0.367 108.10 7.74 -0.55 -8.86 415.0
1995 12 20 12 35200.1 0.406 76.66 7.74 1.19 -8.34 413.7
1995 12 21 12 35201.9 2.233 101.78 7.74 -2.30 -11.13 366.4
1995 12 22 12 35206.0 1.085 95.91 7.74 -1.17 -9.43 421.3
1995 12 23 12 35212.5 1.048 93.00 7.74 0.27 -8.85 409.1
1995 12 24 12 35221.4 3.741 108.08 7.74 -0.39 -8.99 367.3
1995 12 25 12 35232.6 1.432 105.65 7.74 -0.34 -10.37 421.9
1995 12 26 12 35246.3 0.749 114.86 7.74 -3.04 -13.29 363.6
1995 12 27 12 35262.2 3.470 84.69 7.74 0.94 -8.51 386.4
1995 12 28 12 35280.5 3.444 107.10 7.74 -1.10 -11.81 342.9
1995 12 29 12 35301.2 2.119 108.08 7.74 0.08 -11.06 384.4
1995 12 30 12 35324.2 0.507 74.35 7.74 -1.76 -11.26 392.1
1995 12 31 12 35349.5 1.061 91.98 7.74 -0.70 -10.32 375.8
1996 1 1 12 35377.2 2.642 94.68 7.74 -4.63 -14.52 326.9
1996 1 2 12 35407.2 1.493 99.98 7.74 -0.50 -10.66 355.8
1996 1 3 12 35439.5 2.509 90.92 7.74 1.24 -8.34 416.5
1996 1 4 12 35474.1 6.816 104.80 7.74 -2.77 -12.08 356.2
1996 1 5 12 35511.0 4.388 113.53 7.74 -0.75 -9.21 398.1
1996 1 6 12 35550.1 7.485 95.02 7.74 2.14 -5.57 524.9
1996 1 7 12 35591.5 1.129 91.45 7.74 -0.28 -10.33 358.6
1996 1 8 12 35635.2 2.303 115.60 7.74 -4.64 -13.85 270.5
1996 1 9 12 35681.2 3.295 75.66 7.74 -2.17 -11.80 321.7
1996 1 10 12 35729.3 1.110 124.94 7.74 -0.93 -9.13 444.7
1996 1 11 12 35779.7 1.443 104.70 7.74 -3.93 -14.12 297.8
1996 1 12 12 35832.2 4.905 91.14 7.74 -0.60 -11.46 415.0
1996 1 13 12 35887.0 1.681 118.47 7.74 -2.49 -12.69 342.7
1996 1 14 12 35943.9 3.785 132.97 7.74 -1.81 -10.23 423.2
1996 1 15 12 36003.0 6.860 86.97 7.74 -1.89 -11.03 348.7
1996 1 16 12 36064.1 3.322 102.17 7.74 -2.70 -12.17 312.9
1996 1 17 12 36127.5 0.401 120.41 7.74 -0.14 -9.53 423.5
1996 1 18 12 36192.9 2.588 95.75 7.74 1.73 -8.60 446.7
1996 1 19 12 36260.3 3.523 105.45 7.74 0.14 -10.31 414.6
1996 1 20 12 36329.9 0.687 96.05 7.74 -2.10 -11.81 403.8
1996 1 21 12 36401.5 2.183 106.34 7.74 -2.22 -11.83 385.4
1996 1 22 12 36475.1 0.479 118.03 7.74 -5.34 -14.56 342.6
1996 1 23 12 36550.6 3.012 108.83 7.74 0.24 -8.17 429.2
1996 1 24 12 36628.2 2.921 105.05 7.74 0.27 -9.43 425.5
1996 1 25 12 36707.7 2.568 97.21 7.74 -2.21 -11.09 375.7
1996 1 26 12 36789.1 3.538 96.48 7.74 -1.21 -9.12 414.0
1996 1 27 12 36872.4 2.215 117.39 7.74 -1.51 -9.44 393.5
1996 1 28 12 36957.6 2.154 114.97 7.74 0.47 -9.23 450.6
1996 1 29 12 37044.7 0.527 134.58 7.74 -2.98 -13.51 298.1
1996 1 30 12 37133.6 0.600 130.15 7.74 -1.77 -11.37 333.8
1996 1 31 12 37224.2 0.717 147.74 7.74 -0.45 -10.77 342.5
1996 2 1 12 37316.7 1.441 113.60 7.74 -1.49 -10.43 371.4
1996 2 2 12 37410.8 9.247 117.51 7.74 0.30 -9.14 449.7
1996 2 3 12 37506.7 1.316 123.77 7.74 -3.84 -12.50 375.9
1996 2 4 12 37604.3 1.326 141.88 7.74 -3.17 -12.46 394.3
1996 2 5 12 37703.6 3.530 142.05 7.74 -3.30 -12.95 306.4
1996 2 6 12 37804.5 1.314 148.58 7.74 -0.61 -10.40 365.6
1996 2 7 12 37906.9 3.759 136.44 7.74 -1.13 -9.18 435.9
1996 2 8 12 38011.0 2.155 128.18 7.74 0.38 -8.64 464.4
1996 2 9 12 38116.5 0.139 133.55 7.74 1.25 -8.25 436.8
1996 2 10 12 38223.6 3.863 126.54 7.74 1.74 -7.62 416.1
1996 2 11 12 38332.2 0.108 148.04 7.74 -1.34 -10.61 338.4
1996 2 12 12 38442.2 4.175 134.46 7.74 -0.11 -10.05 394.7
1996 2 13 12 38553.6 3.507 142.08 7.74 -1.99 -11.84 318.4
1996 2 14 12 38666.4 1.599 123.70 7.74 -1.12 -10.16 412.0
1996 2 15 12 38780.5 1.723 147.97 7.74 0.95 -8.57 409.3
1996 2 16 12 38896.0 2.185 115.52 7.74 -1.28 -11.46 375.4
1996 2 17 12 39012.7 2.684 151.78 7.74 -2.73 -12.63 426.0
1996 2 18 12 39130.6 0.209 141.52 7.74 -1.74 -10.41 451.3
1996 2 19 12 39249.8 1.901 132.75 7.74 1.36 -8.42 461.1
1996 2 20 12 39370.1 2.105 154.43 7.74 -1.53 -12.46 369.3
1996 2 21 12 39491.6 1.811 148.54 7.74 2.51 -6.43 451.6
1996 2 22 12 39614.2 1.423 120.72 7.74 3.86 -6.46 424.6
1996 2 23 12 39737.8 1.781 140.42 7.74 2.16 -6.85 488.0
1996 2 24 12 39862.5 4.098 148.28 7.74 2.54 -6.11 459.6
1996 2 25 12 39988.1 4.205 134.27 7.74 1.16 -8.32 451.5
1996 2 26 12 40114.7 1.170 134.00 7.74 0.37 -9.24 390.4
1996 2 27 12 40242.2 1.085 127.79 7.74 1.42 -9.36 416.7
1996 2 28 12 40370.6 2.171 167.20 7.74 2.28 -8.40 435.1
1996 2 29 12 40499.8 0.793 161.60 7.74 0.38 -7.59 415.9
1996 3 1 12 40629.8 2.359 164.38 7.74 0.67 -9.02 485.3
1996 3 2 12 40760.6 1.297 165.79 7.74 2.85 -6.60 454.8
1996 3 3 12 40892.1 4.635 162.50 7.74 -0.68 -10.19 391.9
1996 3 4 12 41024.3 3.492 158.17 7.74 1.17 -8.51 452.4
1996 3 5 12 41157.2 2.628 154.81 7.74 1.96 -6.58 482.0
1996 3 6 12 41290.6 8.664 163.97 7.74 -0.38 -9.49 432.6
1996 3 7 12 41424.6 2.558 166.48 7.74 5.61 -4.66 483.7
1996 3 8 12 41559.2 2.167 160.19 7.74 0.99 -8.40 411.9
1996 3 9 12 41694.2 2.088 180.31 7.74 4.69 -4.42 517.4
1996 3 10 12 41829.7 0.625 152.74 7.74 4.66 -4.62 484.0
1996 3 11 12 41965.5 0.517 169.93 7.74 4.31 -4.66 501.3
1996 3 12 12 42101.8 2.473 177.49 7.74 0.68 -9.49 438.3
1996 3 13 12 42238.3 2.544 144.86 7.74 7.81 -0.88 569.9
1996 3 14 12 42375.2 3.344 164.44 7.74 4.70 -4.01 491.0
1996 3 15 12 42512.3 4.335 141.97 7.74 -0.30 -9.54 414.9
1996 3 16 12 42649.6 1.382 188.87 7.74 3.37 -6.97 499.6
1996 3 17 12 42787.0 0.437 153.60 7.74 6.85 -1.78 541.9
1996 3 18 12 42924.6 1.145 178.40 7.74 4.26 -6.04 509.4
1996 3 19 12 43062.3 2.622 173.17 7.74 9.11 0.08 534.3
1996 3 20 12 43200.0 2.013 157.62 7.74 6.28 -3.29 561.7
1996 3 21 12 43337.7 7.053 166.96 7.74 5.81 -1.55 574.6
1996 3 22 12 43475.4 5.361 174.77 7.74 6.00 -4.85 453.7
1996 3 23 12 43613.0 0.375 178.52 7.74 3.14 -5.39 519.2
1996 3 24 12 43750.4 2.129 177.35 7.74 2.58 -8.27 411.0
1996 3 25 12 43887.7 4.664 213.80 7.74 4.16 -6.60 462.9
1996 3 26 12 44024.8 4.461 179.25 7.74 6.30 -0.48 564.6
1996 3 27 12 44161.7 3.392 171.14 7.74 6.86 -3.61 499.1
1996 3 28 12 44298.2 4.240 166.78 7.74 5.47 -3.43 491.9
1996 3 29 12 44434.5 0.867 206.66 7.74 6.39 -2.44 609.8
1996 3 30 12 44570.3 1.236 172.77 7.74 9.61 -0.56 633.4
1996 3 31 12 44705.8 1.085 189.70 7.74 6.74 -2.47 598.3
1996 4 1 12 44840.8 6.574 180.93 7.74 6.18 -3.26 507.3
1996 4 2 12 44975.4 2.671 208.42 7.74 7.56 -0.67 640.6
1996 4 3 12 45109.4 2.657 215.08 7.74 5.51 -4.94 531.5
1996 4 4 12 45242.8 5.758 172.50 7.74 8.02 -0.17 649.5
1996 4 5 12 45375.7 1.359 186.91 7.74 7.78 -1.85 569.5
1996 4 6 12 45507.9 7.909 197.02 7.74 6.54 -3.56 551.5
1996 4 7 12 45639.4 2.907 216.09 7.74 5.69 -2.49 596.6
1996 4 8 12 45770.2 4.871 229.00 7.74 7.75 -2.38 580.0
1996 4 9 12 45900.2 2.132 209.28 7.74 8.48 -0.78 575.5
1996 4 10 12 46029.4 0.610 189.25 7.74 6.13 -2.78 528.4
1996 4 11 12 46157.8 0.273 205.91 7.74 7.96 -0.54 603.6
1996 4 12 12 46285.3 1.505 206.33 7.74 8.54 -0.84 593.4
1996 4 13 12 46411.9 1.030 202.49 7.74 10.28 2.14 633.3
1996 4 14 12 46537.5 2.732 203.95 7.74 9.85 1.10 565.2
1996 4 15 12 46662.2 0.125 220.77 7.74 9.75 0.94 608.4
1996 4 16 12 46785.8 2.182 224.20 7.74 9.28 1.81 611.8
1996 4 17 12 46908.4 0.515 203.53 7.74 11.66 3.78 689.5
1996 4 18 12 47029.9 0.457 232.55 7.74 10.50 0.05 609.5
1996 4 19 12 47150.2 5.209 225.56 7.74 8.47 -1.56 545.2
1996 4 20 12 47269.4 0.178 214.40 7.74 12.08 3.52 624.4
1996 4 21 12 47387.3 1.267 199.91 7.74 11.28 2.29 643.0
1996 4 22 12 47504.0 1.132 206.65 7.74 12.01 2.18 692.6
1996 4 23 12 47619.5 0.831 218.57 7.74 13.72 3.82 669.4
1996 4 24 12 47733.6 7.793 213.19 7.74 12.30 3.21 649.5
1996 4 25 12 47846.4 11.607 216.98 7.74 14.05 5.59 714.6
1996 4 26 12 47957.8 3.731 213.69 7.74 9.53 0.67 601.3
1996 4 27 12 48067.8 0.816 225.57 7.74 13.52 4.74 731.8
1996 4 28 12 48176.4 3.687 228.53 7.74 11.64 2.93 644.1
1996 4 29 12 48283.5 0.829 232.09 7.74 15.05 4.98 697.0
1996 4 30 12 48389.0 2.901 229.13 7.74 13.58 4.78 709.3
1996 5 1 12 48493.1 0.475 244.36 7.74 10.91 0.48 663.8
1996 5 2 12 48595.5 0.593 242.53 7.74 13.50 4.71 675.3
1996 5 3 12 48696.4 0.662 212.39 7.74 12.28 3.63 651.3
1996 5 4 12 48795.7 4.249 208.28 7.74 13.25 3.21 674.1
1996 5 5 12 48893.3 4.263 249.55 7.74 15.08 5.50 728.5
1996 5 6 12 48989.2 9.927 230.09 7.74 14.04 5.07 711.2
1996 5 7 12 49083.3 6.503 215.67 7.74 13.15 3.31 677.7
1996 5 8 12 49175.8 1.860 255.70 7.74 12.47 2.88 636.7
1996 5 9 12 49266.4 5.773 225.34 7.74 13.55 3.53 672.8
1996 5 10 12 49355.3 1.304 244.09 7.74 16.81 7.42 741.3
1996 5 11 12 49442.4 1.698 245.42 7.74 15.98 7.87 750.0
1996 5 12 12 49527.6 1.832 201.78 7.74 15.58 5.89 723.9
1996 5 13 12 49610.9 0.855 253.85 7.74 13.58 5.04 734.9
1996 5 14 12 49692.3 10.790 218.57 7.74 15.71 5.55 700.0
1996 5 15 12 49771.8 1.420 264.45 7.74 16.72 7.10 703.1
1996 5 16 12 49849.4 4.235 256.63 7.74 13.36 3.89 690.7
1996 5 17 12 49924.9 4.126 236.96 7.74 14.90 4.33 666.9
1996 5 18 12 49998.5 2.497 270.03 7.74 14.79 4.27 619.6
1996 5 19 12 50070.1 2.820 210.87 7.74 16.73 6.63 719.9
1996 5 20 12 50139.7 3.733 269.79 7.74 15.58 6.86 701.1
1996 5 21 12 50207.1 1.980 254.74 7.74 15.36 3.14 626.9
1996 5 22 12 50272.5 6.961 275.81 7.74 17.47 7.64 780.7
1996 5 23 12 50335.9 3.805 279.34 7.74 15.63 6.17 734.2
1996 5 24 12 50397.0 0.680 248.23 7.74 14.54 3.72 662.5
1996 5 25 12 50456.1 7.120 276.15 7.74 15.55 5.66 697.4
1996 5 26 12 50513.0 2.305 268.66 7.74 19.13 9.10 737.9
1996 5 27 12 50567.8 1.850 280.21 7.74 18.00 8.62 778.8
1996 5 28 12 50620.3 2.275 263.47 7.74 17.61 8.02 748.4
1996 5 29 12 50670.7 0.853 242.44 7.74 18.22 8.72 792.2
1996 5 30 12 50718.8 0.356 255.45 7.74 18.98 8.81 757.5
1996 5 31 12 50764.8 0.920 254.35 7.74 15.50 4.97 713.2
1996 6 1 12 50808.5 0.971 262.08 7.74 19.94 10.84 766.2
1996 6 2 12 50849.9 0.852 254.23 7.74 17.31 8.53 766.5
1996 6 3 12 50889.0 1.867 271.91 7.74 18.42 8.15 752.4
1996 6 4 12 50925.9 0.276 271.96 7.74 19.61 11.24 829.5
1996 6 5 12 50960.5 4.736 279.44 7.74 19.38 11.71 782.9
1996 6 6 12 50992.8 3.298 267.77 7.74 18.48 9.31 761.7
1996 6 7 12 51022.8 2.853 238.94 7.74 15.75 6.73 754.8
1996 6 8 12 51050.5 10.957 262.94 7.74 19.19 11.58 780.8
1996 6 9 12 51075.8 2.239 235.22 7.74 16.64 5.08 711.5
1996 6 10 12 51098.8 5.343 264.72 7.74 18.68 9.38 842.3
1996 6 11 12 51119.5 5.674 262.49 7.74 22.21 12.57 876.0
1996 6 12 12 51137.8 0.812 245.78 7.74 19.10 10.94 794.8
1996 6 13 12 51153.7 1.910 259.80 7.74 19.05 9.36 794.8
1996 6 14 12 51167.4 0.999 254.73 7.74 18.62 10.50 803.7
1996 6 15 12 51178.6 7.022 248.88 7.74 22.11 10.55 834.8
1996 6 16 12 51187.5 3.964 279.55 7.74 20.65 11.52 804.0
1996 6 17 12 51194.0 0.313 265.71 7.74 20.94 10.44 770.4
1996 6 18 12 51198.1 4.437 226.43 7.74 22.33 12.72 862.3
1996 6 19 12 51199.9 5.698 241.79 7.74 23.37 13.89 901.9
1996 6 20 12 51199.3 2.073 260.13 7.74 21.20 12.02 861.0
1996 6 21 12 51196.4 1.834 266.03 7.74 19.46 9.78 762.3
1996 6 22 12 51191.0 2.412 275.95 7.74 19.39 10.85 781.7
1996 6 23 12 51183.3 2.490 240.86 7.74 22.53 12.67 834.3
1996 6 24 12 51173.3 0.856 245.42 7.74 21.40 11.92 855.1
1996 6 25 12 51160.8 0.854 245.21 7.74 20.91 12.19 810.6
1996 6 26 12 51146.1 1.581 258.95 7.74 20.09 10.86 811.0
1996 6 27 12 51128.9 1.614 261.64 7.74 21.40 12.43 842.5
1996 6 28 12 51109.4 1.254 256.66 7.74 19.48 10.29 786.9
1996 6 29 12 51087.6 5.507 271.69 7.74 22.52 13.56 840.7
1996 6 30 12 51063.4 1.471 279.41 7.74 20.20 10.08 791.0
1996 7 1 12 51036.9 4.323 239.22 7.74 24.32 14.10 905.1
1996 7 2 12 51008.1 6.994 262.45 7.74 21.92 13.54 867.7
1996 7 3 12 50976.9 8.669 264.56 7.74 20.28 10.44 806.9
1996 7 4 12 50943.5 0.467 244.08 7.74 18.93 10.30 794.0
1996 7 5 12 50907.8 5.363 262.98 7.74 22.95 12.96 866.7
1996 7 6 12 50869.7 1.846 292.81 7.74 21.31 11.75 857.9
1996 7 7 12 50829.4 1.867 250.83 7.74 24.94 16.05 943.0
1996 7 8 12 50786.9 2.146 253.14 7.74 22.57 13.08 832.3
1996 7 9 12 50742.1 10.361 261.85 7.74 22.84 13.98 855.0
1996 7 10 12 50695.1 11.722 266.67 7.74 19.54 10.04 778.8
1996 7 11 12 50645.8 0.254 253.43 7.74 25.36 16.90 880.1
1996 7 12 12 50594.3 6.120 246.39 7.74 23.86 14.23 859.3
1996 7 13 12 50540.7 1.408 263.44 7.74 23.20 12.99 844.9
1996 7 14 12 50484.8 2.023 264.88 7.74 21.82 14.14 885.1
1996 7 15 12 50426.8 8.147 254.74 7.74 22.87 13.75 886.3
1996 7 16 12 50366.7 2.722 267.77 7.74 23.02 13.82 835.0
1996 7 17 12 50304.5 4.528 251.91 7.74 25.26 15.32 885.7
1996 7 18 12 50240.1 3.114 261.66 7.74 22.61 12.46 874.2
1996 7 19 12 50173.7 2.925 250.87 7.74 24.55 15.29 909.2
1996 7 20 12 50105.1 3.805 244.23 7.74 19.67 9.73 776.1
1996 7 21 12 50034.6 1.092 250.12 7.74 22.97 12.42 885.7
1996 7 22 12 49962.0 2.935 248.57 7.74 22.25 14.18 902.1
1996 7 23 12 49887.4 2.369 251.34 7.74 22.28 12.62 847.6
1996 7 24 12 49810.8 0.898 276.00 7.74 20.26 11.07 847.8
1996 7 25 12 49732.3 2.420 227.06 7.74 26.62 16.76 919.0
1996 7 26 12 49651.8 6.390 221.25 7.74 22.95 13.09 848.2
1996 7 27 12 49569.5 0.184 244.67 7.74 20.12 11.63 832.0
1996 7 28 12 49485.2 1.125 229.15 7.74 23.42 13.82 886.3
1996 7 29 12 49399.1 0.923 261.60 7.74 20.81 10.87 846.7
1996 7 30 12 49311.1 1.202 245.01 7.74 21.47 12.60 834.7
1996 7 31 12 49221.3 1.231 258.99 7.74 22.03 11.75 819.5
1996 8 1 12 49129.8 2.021 258.01 7.74 22.07 12.51 870.4
1996 8 2 12 49036.5 3.652 234.47 7.74 23.80 14.13 894.0
1996 8 3 12 48941.4 2.968 256.31 7.74 22.75 13.45 828.7
1996 8 4 12 48844.7 1.077 242.55 7.74 21.63 11.59 808.5
1996 8 5 12 48746.2 6.754 245.49 7.74 19.97 10.11 786.0
1996 8 6 12 48646.2 1.371 224.60 7.74 21.93 11.81 844.4
1996 8 7 12 48544.5 1.202 231.61 7.74 23.89 14.62 877.0
1996 8 8 12 48441.3 1.187 249.47 7.74 23.43 13.98 891.4
1996 8 9 12 48336.4 3.151 235.00 7.74 22.58 12.97 872.9
1996 8 10 12 48230.1 2.076 202.33 7.74 20.80 11.31 844.7
1996 8 11 12 48122.3 1.513 220.13 7.74 19.73 10.59 849.3
1996 8 12 12 48013.0 13.164 235.25 7.74 17.61 9.68 809.1
1996 8 13 12 47902.3 2.748 241.98 7.74 22.60 13.11 873.1
1996 8 14 12 47790.2 1.630 212.32 7.74 23.01 12.18 848.7
1996 8 15 12 47676.7 0.503 227.13 7.74 19.88 10.98 801.2
1996 8 16 12 47561.9 2.175 232.84 7.74 21.49 11.53 826.9
1996 8 17 12 47445.8 0.351 246.34 7.74 19.12 9.46 794.4
1996 8 18 12 47328.5 0.275 216.80 7.74 23.33 13.49 881.5
1996 8 19 12 47209.9 4.776 213.24 7.74 19.50 9.59 863.8
1996 8 20 12 47090.2 1.154 200.73 7.74 20.88 11.60 830.3
1996 8 21 12 46969.3 2.108 210.74 7.74 18.26 9.37 763.0
1996 8 22 12 46847.3 1.292 212.74 7.74 19.18 9.80 734.2
1996 8 23 12 46724.2 0.704 224.54 7.74 20.62 10.31 835.2
1996 8 24 12 46600.0 2.515 195.25 7.74 18.38 8.66 714.6
1996 8 25 12 46474.8 0.243 231.17 7.74 19.92 12.51 804.9
1996 8 26 12 46348.7 2.327 192.31 7.74 19.26 10.07 808.4
1996 8 27 12 46221.7 2.897 210.93 7.74 21.62 10.69 770.4
1996 8 28 12 46093.7 2.287 220.50 7.74 21.07 11.23 856.9
1996 8 29 12 45964.9 1.645 227.56 7.74 22.47 14.39 954.3
1996 8 30 12 45835.3 3.799 202.73 7.74 20.70 11.67 829.9
1996 8 31 12 45704.9 0.985 216.31 7.74 19.86 10.49 745.8
1996 9 1 12 45573.7 1.721 195.32 7.74 21.62 11.69 880.7
1996 9 2 12 45441.8 1.521 208.65 7.74 18.03 9.19 823.0
1996 9 3 12 45309.3 8.629 212.21 7.74 18.78 9.84 787.0
1996 9 4 12 45176.2 0.765 206.26 7.74 18.36 9.90 835.8
1996 9 5 12 45042.4 0.630 196.97 7.74 16.41 7.92 747.3
1996 9 6 12 44908.2 0.926 192.44 7.74 19.59 9.81 855.3
1996 9 7 12 44773.4 0.253 173.12 7.74 18.21 9.23 740.1
1996 9 8 12 44638.1 1.630 201.21 7.74 19.73 10.11 810.0
1996 9 9 12 44502.5 0.900 202.36 7.74 18.56 8.37 816.7
1996 9 10 12 44366.4 0.951 181.40 7.74 16.65 8.32 759.9
1996 9 11 12 44230.0 0.224 214.33 7.74 18.89 9.71 848.6
1996 9 12 12 44093.3 1.113 210.14 7.74 17.61 7.36 715.9
1996 9 13 12 43956.3 0.964 169.71 7.74 16.88 7.29 736.8
1996 9 14 12 43819.1 3.401 176.87 7.74 17.40 8.93 669.0
1996 9 15 12 43681.7 2.280 211.24 7.74 16.40 6.64 708.6
1996 9 16 12 43544.2 1.786 185.19 7.74 15.68 7.43 700.0
1996 9 17 12 43406.5 1.498 180.97 7.74 18.14 7.85 747.1
1996 9 18 12 43268.9 0.357 197.23 7.74 17.61 5.69 740.1
1996 9 19 12 43131.1 2.138 169.45 7.74 16.14 6.44 730.2
1996 9 20 12 42993.5 1.415 178.95 7.74 17.20 7.74 757.0
1996 9 21 12 42855.8 1.105 171.11 7.74 13.47 3.95 710.4
1996 9 22 12 42718.3 4.008 181.26 7.74 16.05 7.52 743.9
1996 9 23 12 42580.9 1.789 189.05 7.74 14.82 5.93 727.6
1996 9 24 12 42443.7 0.472 181.35 7.74 14.75 4.84 721.0
1996 9 25 12 42306.7 1.050 160.60 7.74 14.58 5.41 699.7
1996 9 26 12 42170.0 2.480 172.09 7.74 13.52 5.96 729.8
1996 9 27 12 42033.6 0.633 162.24 7.74 15.12 5.54 708.6
1996 9 28 12 41897.5 1.260 154.28 7.74 13.25 3.68 629.1
1996 9 29 12 41761.9 1.138 163.78 7.74 14.84 5.55 686.2
1996 9 30 12 41626.6 1.624 142.34 7.74 16.14 7.24 707.6
1996 10 1 12 41491.8 0.647 194.75 7.74 13.34 3.67 675.2
1996 10 2 12 41357.6 2.077 144.59 7.74 14.14 5.46 737.6
1996 10 3 12 41223.8 1.061 144.98 7.74 13.45 3.80 702.7
1996 10 4 12 41090.7 1.101 174.29 7.74 14.71 3.93 604.2
1996 10 5 12 40958.2 2.361 169.22 7.74 13.09 3.10 604.1
1996 10 6 12 40826.3 0.946 138.03 7.74 14.20 4.35 647.2
1996 10 7 12 40695.1 1.325 127.36 7.74 14.14 5.60 695.1
1996 10 8 12 40564.7 0.246 165.57 7.74 11.76 2.29 644.8
1996 10 9 12 40435.1 1.180 176.47 7.74 9.91 0.61 606.5
1996 10 10 12 40306.3 0.879 131.13 7.74 11.08 0.90 603.6
1996 10 11 12 40178.3 0.345 138.79 7.74 11.53 2.05 634.5
1996 10 12 12 40051.3 0.386 141.06 7.74 12.42 1.87 692.5
1996 10 13 12 39925.2 0.713 151.30 7.74 10.44 2.55 702.7
1996 10 14 12 39800.0 0.059 128.65 7.74 13.24 4.30 708.5
1996 10 15 12 39675.8 0.635 147.10 7.74 8.36 -2.25 517.7
1996 10 16 12 39552.7 0.110 138.80 7.74 11.29 2.72 582.5
1996 10 17 12 39430.7 0.935 117.00 7.74 10.78 1.35 625.4
1996 10 18 12 39309.8 2.578 132.01 7.74 10.53 2.42 670.5
1996 10 19 12 39190.1 1.308 116.13 7.74 11.10 1.83 634.5
1996 10 20 12 39071.5 2.155 123.35 7.74 10.90 1.58 637.4
1996 10 21 12 38954.2 0.092 118.23 7.74 10.71 1.49 599.2
1996 10 22 12 38838.1 0.679 163.66 7.74 10.28 0.05 561.2
1996 10 23 12 38723.3 0.264 126.97 7.74 12.20 2.88 623.8
1996 10 24 12 38609.8 1.418 135.06 7.74 9.56 -0.68 633.7
1996 10 25 12 38497.7 0.133 130.00 7.74 6.64 -2.93 544.4
1996 10 26 12 38387.0 0.429 116.68 7.74 6.24 -4.37 521.7
1996 10 27 12 38277.7 0.246 142.05 7.74 8.97 0.18 584.7
1996 10 28 12 38169.9 0.947 114.66 7.74 7.45 -0.81 576.3
1996 10 29 12 38063.6 0.315 152.39 7.74 8.56 -0.16 561.6
1996 10 30 12 37958.7 0.335 155.12 7.74 7.99 -1.35 606.8
1996 10 31 12 37855.5 0.430 116.95 7.74 7.85 -1.10 544.8
1996 11 1 12 37753.8 0.700 119.40 7.74 10.62 1.43 665.0
1996 11 2 12 37653.8 0.492 110.08 7.74 7.14 -1.54 554.9
1996 11 3 12 37555.3 0.528 117.04 7.74 6.14 -2.33 544.4
1996 11 4 12 37458.6 0.493 124.82 7.74 8.29 -1.15 550.3
1996 11 5 12 37363.5 2.541 132.20 7.74 6.45 -3.17 580.2
1996 11 6 12 37270.2 1.842 105.95 7.74 4.98 -4.10 501.4
1996 11 7 12 37178.7 0.792 123.52 7.74 6.90 -2.21 583.0
1996 11 8 12 37088.9 2.840 113.98 7.74 6.25 -3.13 539.7
1996 11 9 12 37000.9 1.147 117.31 7.74 4.06 -6.31 481.6
1996 11 10 12 36914.8 6.885 129.38 7.74 6.49 -2.48 483.4
1996 11 11 12 36830.5 3.401 125.95 7.74 8.42 -1.52 522.7
1996 11 12 12 36748.2 1.032 117.71 7.74 7.65 -0.27 548.7
1996 11 13 12 36667.7 0.514 116.66 7.74 3.28 -5.95 452.5
1996 11 14 12 36589.2 1.098 105.86 7.74 6.01 -3.66 523.2
1996 11 15 12 36512.6 0.571 124.12 7.74 3.13 -7.24 433.7
1996 11 16 12 36438.0 0.406 122.89 7.74 2.72 -5.54 539.6
1996 11 17 12 36365.4 0.368 107.86 7.74 4.63 -5.76 533.6
1996 11 18 12 36294.9 1.015 109.51 7.74 5.26 -4.34 499.8
1996 11 19 12 36226.3 0.366 108.40 7.74 5.64 -3.74 551.8
1996 11 20 12 36159.9 0.190 134.77 7.74 4.35 -5.21 499.0
1996 11 21 12 36095.5 1.952 104.43 7.74 6.42 -2.76 544.2
1996 11 22 12 36033.3 0.290 124.31 7.74 5.14 -4.92 494.7
1996 11 23 12 35973.2 2.203 118.51 7.74 3.34 -5.24 445.0
1996 11 24 12 35915.2 1.168 95.00 7.74 3.88 -6.12 487.0
1996 11 25 12 35859.3 0.689 97.51 7.74 0.93 -9.94 390.4
1996 11 26 12 35805.7 0.443 128.85 7.74 3.35 -5.37 493.0
1996 11 27 12 35754.2 0.195 86.78 7.74 1.22 -8.68 451.5
1996 11 28 12 35704.9 1.140 94.75 7.74 3.88 -6.04 522.9
1996 11 29 12 35657.9 0.983 93.55 7.74 2.52 -6.21 489.2
1996 11 30 12 35613.1 0.720 126.21 7.74 4.36 -5.27 545.7
1996 12 1 12 35570.6 1.117 116.01 7.74 1.44 -9.76 367.7
1996 12 2 12 35530.3 1.115 88.64 7.74 3.09 -5.59 444.3
1996 12 3 12 35492.2 2.216 128.64 7.74 1.20 -7.22 446.8
1996 12 4 12 35456.5 2.547 123.46 7.74 0.35 -10.09 345.6
1996 12 5 12 35423.1 0.722 117.35 7.74 3.35 -4.40 527.3
1996 12 6 12 35391.9 1.518 118.62 7.74 3.41 -5.37 419.1
1996 12 7 12 35363.1 0.125 102.01 7.74 2.01 -7.78 462.9
1996 12 8 12 35336.6 0.928 91.73 7.74 -0.08 -8.21 478.1
1996 12 9 12 35312.4 2.484 106.15 7.74 3.16 -7.99 476.0
1996 12 10 12 35290.6 0.475 103.62 7.74 0.06 -9.48 395.4
1996 12 11 12 35271.1 0.677 105.42 7.74 3.78 -5.40 489.8
1996 12 12 12 35253.9 2.910 71.28 7.74 -0.60 -9.10 390.5
1996 12 13 12 35239.2 0.964 125.15 7.74 0.64 -7.65 457.2
1996 12 14 12 35226.7 0.751 105.73 7.74 -0.36 -9.59 448.2
1996 12 15 12 35216.7 1.591 104.26 7.74 -2.01 -11.82 363.9
1996 12 16 12 35209.0 3.204 98.46 7.74 1.09 -7.58 434.9
1996 12 17 12 35203.6 1.932 129.42 7.74 -0.38 -9.87 412.6
1996 12 18 12 35200.7 0.620 108.12 7.74 1.83 -7.88 389.4
1996 12 19 12 35200.1 0.653 91.09 7.74 -1.14 -12.56 384.6
1996 12 20 12 35201.9 1.788 87.47 7.74 -0.64 -9.63 375.0
1996 12 21 12 35206.0 5.594 109.37 7.74 1.81 -7.76 435.1
1996 12 22 12 35212.5 0.835 66.69 7.74 1.07 -5.98 509.0
1996 12 23 12 35221.4 2.914 94.29 7.74 0.95 -9.27 457.0
1996 12 24 12 35232.6 0.389 116.78 7.74 1.42 -6.55 410.1
1996 12 25 12 35246.3 1.766 96.22 7.74 -0.16 -10.36 397.8
1996 12 26 12 35262.2 2.267 76.59 7.74 -1.76 -10.66 396.7
1996 12 27 12 35280.5 0.847 99.68 7.74 0.68 -9.09 383.1
1996 12 28 12 35301.2 2.233 78.37 7.74 -2.08 -10.57 403.1
1996 12 29 12 35324.2 1.252 100.64 7.74 -3.66 -12.81 364.1
1996 12 30 12 35349.5 0.211 89.56 7.74 -2.65 -11.17 411.9
1996 12 31 12 35377.2 1.870 111.79 7.74 2.56 -5.85 444.4
1997 1 1 12 35377.2 0.730 91.10 7.74 1.22 -9.36 365.6
1997 1 2 12 35407.2 0.629 95.12 7.74 -1.56 -10.45 410.2
1997 1 3 12 35439.5 0.050 99.43 7.74 -2.06 -10.57 384.1
1997 1 4 12 35474.1 2.019 104.11 7.74 -2.39 -12.66 366.2
1997 1 5 12 35511.0 5.420 90.73 7.74 0.30 -8.31 436.5
1997 1 6 12 35550.1 4.465 129.17 7.74 -1.35 -11.58 330.8
1997 1 7 12 35591.5 4.690 72.70 7.74 -3.68 -12.68 329.4
1997 1 8 12 35635.2 4.124 107.67 7.74 1.07 -9.13 406.6
1997 1 9 12 35681.2 1.002 98.07 7.74 -2.31 -10.30 374.9
1997 1 10 12 35729.3 0.104 80.53 7.74 -0.50 -11.42 349.7
1997 1 11 12 35779.7 3.017 120.31 7.74 -0.43 -9.41 389.3
1997 1 12 12 35832.2 0.314 115.27 7.74 -1.14 -9.89 371.7
1997 1 13 12 35887.0 0.471 120.01 7.74 -1.70 -11.72 387.8
1997 1 14 12 35943.9 2.663 90.57 7.74 1.39 -8.23 393.4
1997 1 15 12 36003.0 6.379 109.02 7.74 -0.63 -10.29 309.2
1997 1 16 12 36064.1 1.157 125.42 7.74 -0.21 -9.86 400.8
1997 1 17 12 36127.5 2.216 82.63 7.74 -3.89 -13.88 327.7
1997 1 18 12 36192.9 0.967 106.90 7.74 -3.93 -12.59 291.6
1997 1 19 12 36260.3 0.109 103.92 7.74 -3.03 -12.96 380.7
1997 1 20 12 36329.9 9.076 116.25 7.74 -2.81 -11.36 379.6
1997 1 21 12 36401.5 1.688 101.88 7.74 1.02 -7.44 419.1
1997 1 22 12 36475.1 0.922 115.00 7.74 -3.21 -12.18 345.0
1997 1 23 12 36550.6 1.644 105.02 7.74 -1.73 -12.26 383.5
1997 1 24 12 36628.2 1.037 120.73 7.74 -3.26 -13.08 313.9
1997 1 25 12 36707.7 1.319 121.06 7.74 1.47 -8.44 438.4
1997 1 26 12 36789.1 3.186 94.44 7.74 -2.40 -11.57 372.6
1997 1 27 12 36872.4 3.145 139.26 7.74 -1.69 -9.61 437.3
1997 1 28 12 36957.6 3.357 112.01 7.74 -0.25 -9.37 449.7
1997 1 29 12 37044.7 0.702 135.36 7.74 -0.41 -11.35 343.6
1997 1 30 12 37133.6 0.621 119.20 7.74 -2.80 -11.57 377.0
1997 1 31 12 37224.2 2.465 86.05 7.74 -1.77 -12.66 281.9
1997 2 1 12 37316.7 3.570 129.32 7.74 -2.17 -11.26 340.0
1997 2 2 12 37410.8 2.816 125.04 7.74 -0.10 -10.23 352.0
1997 2 3 12 37506.7 0.026 90.15 7.74 -1.62 -10.94 304.2
1997 2 4 12 37604.3 11.620 127.30 7.74 -0.56 -10.40 401.6
1997 2 5 12 37703.6 0.536 129.82 7.74 1.79 -7.71 513.6
1997 2 6 12 37804.5 1.660 135.87 7.74 0.77 -9.86 376.0
1997 2 7 12 37906.9 0.771 110.52 7.74 -1.41 -11.32 379.7
1997 2 8 12 38011.0 1.172 119.96 7.74 -0.44 -10.18 380.1
1997 2 9 12 38116.5 1.688 137.92 7.74 -0.13 -9.45 431.5
1997 2 10 12 38223.6 2.009 145.77 7.74 -0.77 -11.97 329.7
1997 2 11 12 38332.2 0.205 123.57 7.74 -2.42 -11.58 404.2
1997 2 12 12 38442.2 2.126 139.42 7.74 1.79 -7.06 479.4
1997 2 13 12 38553.6 0.884 133.08 7.74 -3.02 -11.52 363.6
1997 2 14 12 38666.4 1.282 146.68 7.74 -1.34 -10.70 386.0
1997 2 15 12 38780.5 1.121 137.06 7.74 -1.78 -9.75 408.6
1997 2 16 12 38896.0 2.761 136.72 7.74 1.65 -8.68 446.0
1997 2 17 12 39012.7 1.312 145.51 7.74 -1.24 -10.58 372.0
1997 2 18 12 39130.6 0.062 139.36 7.74 -1.69 -10.67 409.8
1997 2 19 12 39249.8 3.593 145.56 7.74 -0.91 -11.90 357.2
1997 2 20 12 39370.1 1.283 123.42 7.74 -1.74 -10.34 365.4
1997 2 21 12 39491.6 2.927 166.99 7.74 -0.10 -8.56 471.1
1997 2 22 12 39614.2 1.953 148.86 7.74 2.32 -7.28 462.8
1997 2 23 12 39737.8 1.717 129.50 7.74 0.35 -8.57 438.2
1997 2 24 12 39862.5 0.335 149.52 7.74 0.86 -8.87 389.7
1997 2 25 12 39988.1 1.307 153.49 7.74 2.22 -7.15 432.3
1997 2 26 12 40114.7 9.009 142.97 7.74 1.40 -8.74 448.2
1997 2 27 12 40242.2 2.252 150.76 7.74 0.18 -10.07 359.3
1997 2 28 12 40370.6 2.362 141.77 7.74 1.04 -7.67 460.5
1997 3 1 12 40499.8 1.290 139.00 7.74 -0.14 -9.45 415.0
1997 3 2 12 40629.8 3.866 158.63 7.74 -1.41 -10.28 348.6
1997 3 3 12 40760.6 3.408 142.76 7.74 0.75 -6.82 423.0
1997 3 4 12 40892.1 0.844 161.87 7.74 0.35 -7.34 481.2
1997 3 5 12 41024.3 5.665 170.60 7.74 2.48 -7.59 443.1
1997 3 6 12 41157.2 1.583 153.42 7.74 0.30 -10.28 391.1
1997 3 7 12 41290.6 5.961 153.38 7.74 1.94 -6.42 506.2
1997 3 8 12 41424.6 0.648 151.06 7.74 2.36 -6.65 503.3
1997 3 9 12 41559.2 2.440 155.17 7.74 3.76 -5.16 480.0
1997 3 10 12 41694.2 0.082 151.56 7.74 1.64 -8.01 439.8
1997 3 11 12 41829.7 6.527 151.79 7.74 2.57 -6.84 498.5
1997 3 12 12 41965.5 0.536 141.99 7.74 1.48 -8.11 459.9
1997 3 13 12 42101.8 5.387 152.00 7.74 1.03 -8.07 463.4
1997 3 14 12 42238.3 1.085 190.05 7.74 1.22 -8.82 460.0
1997 3 15 12 42375.2 7.472 183.89 7.74 2.06 -8.99 410.1
1997 3 16 12 42512.3 5.636 161.06 7.74 3.25 -6.12 451.8
1997 3 17 12 42649.6 4.959 186.72 7.74 4.81 -4.62 461.9
1997 3 18 12 42787.0 4.592 177.66 7.74 3.83 -7.12 417.3
1997 3 19 12 42924.6 0.585 141.14 7.74 2.94 -6.70 501.4
1997 3 20 12 43062.3 7.788 182.16 7.74 4.81 -4.94 526.8
1997 3 21 12 43200.0 0.213 169.95 7.74 7.26 -1.13 598.7
1997 3 22 12 43337.7 8.536 159.76 7.74 4.38 -3.68 559.4
1997 3 23 12 43475.4 2.237 180.05 7.74 6.83 -2.26 545.2
1997 3 24 12 43613.0 1.923 163.13 7.74 5.23 -3.12 510.1
1997 3 25 12 43750.4 1.286 178.06 7.74 3.50 -5.76 464.6
1997 3 26 12 43887.7 8.370 198.29 7.74 5.75 -3.21 551.3
1997 3 27 12 44024.8 5.916 192.31 7.74 6.26 -3.20 533.7
1997 3 28 12 44161.7 2.282 185.02 7.74 4.04 -6.63 471.3
1997 3 29 12 44298.2 0.895 186.52 7.74 11.04 2.60 641.2
1997 3 30 12 44434.5 0.153 189.79 7.74 7.35 -1.71 612.1
1997 3 31 12 44570.3 6.513 211.48 7.74 6.71 -2.72 556.2
1997 4 1 12 44705.8 2.277 204.69 7.74 8.90 0.75 659.2
1997 4 2 12 44840.8 0.504 193.21 7.74 7.48 -0.83 592.4
1997 4 3 12 44975.4 1.754 206.19 7.74 5.79 -3.44 515.6
1997 4 4 12 45109.4 2.636 208.69 7.74 7.37 -3.05 576.8
1997 4 5 12 45242.8 1.383 198.46 7.74 5.21 -5.18 467.8
1997 4 6 12 45375.7 1.665 212.74 7.74 5.57 -1.95 553.9
1997 4 7 12 45507.9 6.109 188.61 7.74 8.33 -1.57 533.2
1997 4 8 12 45639.4 11.331 212.87 7.74 9.13 -1.10 616.4
1997 4 9 12 45770.2 0.149 211.94 7.74 8.60 -1.16 611.2
1997 4 10 12 45900.2 0.228 204.64 7.74 8.53 -0.38 570.7
1997 4 11 12 46029.4 0.144 232.74 7.74 8.85 0.53 639.5
1997 4 12 12 46157.8 14.939 229.21 7.74 7.97 -1.57 578.2
1997 4 13 12 46285.3 1.015 208.99 7.74 10.26 1.39 719.5
1997 4 14 12 46411.9 9.091 223.24 7.74 9.46 0.73 575.9
1997 4 15 12 46537.5 0.344 215.84 7.74 9.95 1.40 642.0
1997 4 16 12 46662.2 15.396 231.99 7.74 12.38 3.10 645.7
1997 4 17 12 46785.8 5.712 208.56 7.74 9.36 0.43 595.1
1997 4 18 12 46908.4 5.316 230.97 7.74 11.00 2.06 668.7
1997 4 19 12 47029.9 4.279 226.19 7.74 12.34 3.25 651.0
1997 4 20 12 47150.2 1.707 210.19 7.74 10.44 1.13 693.7
1997 4 21 12 47269.4 2.525 202.51 7.74 11.73 2.99 621.8
1997 4 22 12 47387.3 0.974 215.63 7.74 9.35 -0.67 591.1
1997 4 23 12 47504.0 0.605 218.06 7.74 11.49 1.47 704.5
1997 4 24 12 47619.5 4.887 237.15 7.74 11.38 2.08 631.7
1997 4 25 12 47733.6 2.030 235.71 7.74 11.66 1.94 626.8
1997 4 26 12 47846.4 4.001 246.91 7.74 10.46 1.74 601.4
1997 4 27 12 47957.8 1.882 218.00 7.74 11.41 2.89 676.1
1997 4 28 12 48067.8 0.118 253.26 7.74 13.93 3.09 686.7
1997 4 29 12 48176.4 1.233 219.08 7.74 10.78 2.01 680.2
1997 4 30 12 48283.5 0.328 214.70 7.74 10.47 1.81 630.1
1997 5 1 12 48389.0 12.380 240.96 7.74 11.95 3.80 626.4
1997 5 2 12 48493.1 3.042 206.22 7.74 13.04 3.31 691.6
1997 5 3 12 48595.5 5.813 246.54 7.74 13.30 4.06 703.9
1997 5 4 12 48696.4 0.980 227.26 7.74 12.66 4.46 699.1
1997 5 5 12 48795.7 6.830 238.57 7.74 11.09 1.39 603.3
1997 5 6 12 48893.3 3.140 254.01 7.74 14.25 4.02 732.1
1997 5 7 12 48989.2 1.371 230.30 7.74 12.87 3.46 686.3
1997 5 8 12 49083.3 0.912 231.05 7.74 13.95 4.50 688.9
1997 5 9 12 49175.8 0.307 245.49 7.74 15.52 4.19 705.5
1997 5 10 12 49266.4 6.218 226.39 7.74 16.79 6.55 702.7
1997 5 11 12 49355.3 0.400 237.67 7.74 14.41 5.14 705.8
1997 5 12 12 49442.4 4.594 256.09 7.74 13.90 4.10 707.5
1997 5 13 12 49527.6 1.421 273.18 7.74 15.67 4.85 676.5
1997 5 14 12 49610.9 0.390 226.07 7.74 13.31 3.40 705.9
1997 5 15 12 49692.3 3.317 232.18 7.74 16.07 6.22 703.9
1997 5 16 12 49771.8 3.196 231.47 7.74 16.80 7.45 800.4
1997 5 17 12 49849.4 9.313 265.06 7.74 18.13 8.01 742.3
1997 5 18 12 49924.9 5.212 238.06 7.74 14.63 5.32 704.9
1997 5 19 12 49998.5 2.419 246.10 7.74 17.50 7.89 740.0
1997 5 20 12 50070.1 6.503 256.07 7.74 14.60 5.82 706.5
1997 5 21 12 50139.7 1.168 262.03 7.74 18.00 8.79 815.5
1997 5 22 12 50207.1 8.345 269.76 7.74 16.01 5.68 765.1
1997 5 23 12 50272.5 5.768 229.11 7.74 18.63 9.96 837.1
1997 5 24 12 50335.9 1.465 251.53 7.74 17.53 8.00 767.8
1997 5 25 12 50397.0 4.072 266.15 7.74 17.24 7.20 715.9
1997 5 26 12 50456.1 5.178 259.30 7.74 18.23 7.46 736.0
1997 5 27 12 50513.0 15.881 249.72 7.74 17.69 8.55 739.0
1997 5 28 12 50567.8 2.449 216.47 7.74 17.58 8.46 762.6
1997 5 29 12 50620.3 9.016 269.58 7.74 17.69 8.52 764.0
1997 5 30 12 50670.7 0.052 255.73 7.74 18.56 9.69 846.3
1997 5 31 12 50718.8 0.343 282.57 7.74 20.77 11.60 884.0
1997 6 1 12 50764.8 4.153 254.65 7.74 16.61 7.20 753.3
1997 6 2 12 50808.5 1.419 262.35 7.74 18.40 8.59 710.0
1997 6 3 12 50849.9 1.958 244.83 7.74 16.40 6.43 713.3
1997 6 4 12 50889.0 0.192 221.36 7.74 17.18 6.47 760.1
1997 6 5 12 50925.9 4.010 250.62 7.74 18.30 8.48 786.6
1997 6 6 12 50960.5 6.090 245.34 7.74 17.34 8.75 792.0
1997 6 7 12 50992.8 2.295 252.74 7.74 19.67 9.97 772.6
1997 6 8 12 51022.8 4.386 264.56 7.74 18.21 8.18 780.2
1997 6 9 12 51050.5 0.159 254.78 7.74 20.36 11.05 776.6
1997 6 10 12 51075.8 1.839 254.86 7.74 18.83 10.06 807.6
1997 6 11 12 51098.8 13.130 263.73 7.74 22.30 12.00 819.8
1997 6 12 12 51119.5 3.267 241.65 7.74 19.81 11.15 888.7
1997 6 13 12 51137.8 1.102 230.17 7.74 22.18 12.89 828.3
1997 6 14 12 51153.7 0.234 247.82 7.74 20.08 9.48 761.2
1997 6 15 12 51167.4 5.083 257.22 7.74 20.36 10.39 810.1
1997 6 16 12 51178.6 1.091 254.07 7.74 20.43 10.04 854.0
1997 6 17 12 51187.5 1.493 251.00 7.74 18.25 10.85 783.0
1997 6 18 12 51194.0 2.251 293.90 7.74 20.50 11.15 766.2
1997 6 19 12 51198.1 5.379 252.59 7.74 21.66 12.87 844.0
1997 6 20 12 51199.9 9.790 260.08 7.74 20.80 12.60 880.9
1997 6 21 12 51199.3 2.069 279.27 7.74 17.92 7.10 737.1
1997 6 22 12 51196.4 6.351 240.33 7.74 20.58 10.60 839.2
1997 6 23 12 51191.0 1.592 257.91 7.74 19.34 8.93 740.4
1997 6 24 12 51183.3 2.600 269.62 7.74 21.87 12.27 850.5
1997 6 25 12 51173.3 1.672 281.39 7.74 22.62 12.44 866.6
1997 6 26 12 51160.8 1.456 259.67 7.74 18.69 10.07 825.2
1997 6 27 12 51146.1 0.279 243.32 7.74 22.82 13.53 843.1
1997 6 28 12 51128.9 1.015 257.05 7.74 20.55 11.86 743.6
1997 6 29 12 51109.4 2.379 261.42 7.74 21.96 13.08 881.0
1997 6 30 12 51087.6 4.543 251.66 7.74 21.06 12.11 846.6
1997 7 1 12 51063.4 9.631 271.13 7.74 22.98 13.13 877.0
1997 7 2 12 51036.9 0.351 265.66 7.74 20.73 11.23 762.6
1997 7 3 12 51008.1 5.347 268.95 7.74 20.69 11.00 793.4
1997 7 4 12 50976.9 0.862 281.19 7.74 21.25 11.25 854.3
1997 7 5 12 50943.5 2.505 262.69 7.74 21.05 10.72 794.3
1997 7 6 12 50907.8 0.847 241.58 7.74 21.79 12.35 840.2
1997 7 7 12 50869.7 0.970 243.93 7.74 21.77 12.51 850.0
1997 7 8 12 50829.4 0.874 248.74 7.74 24.92 16.01 907.3
1997 7 9 12 50786.9 2.743 237.90 7.74 21.92 12.89 861.6
1997 7 10 12 50742.1 4.274 245.67 7.74 24.05 13.58 833.9
1997 7 11 12 50695.1 13.055 270.59 7.74 22.13 13.29 847.7
1997 7 12 12 50645.8 3.686 253.07 7.74 21.37 10.31 827.4
1997 7 13 12 50594.3 1.801 235.47 7.74 23.00 13.03 827.4
1997 7 14 12 50540.7 2.691 263.15 7.74 21.19 11.99 867.6
1997 7 15 12 50484.8 1.227 236.29 7.74 21.31 10.67 811.9
1997 7 16 12 50426.8 3.423 250.10 7.74 21.28 11.50 786.5
1997 7 17 12 50366.7 1.411 264.69 7.74 22.24 13.51 896.5
1997 7 18 12 50304.5 1.881 263.90 7.74 23.65 13.75 864.9
1997 7 19 12 50240.1 2.601 222.29 7.74 22.07 13.51 892.7
1997 7 20 12 50173.7 0.462 247.60 7.74 24.45 14.28 882.7
1997 7 21 12 50105.1 3.476 268.69 7.74 21.36 10.34 820.6
1997 7 22 12 50034.6 2.410 261.42 7.74 25.50 14.94 877.8
1997 7 23 12 49962.0 1.694 230.71 7.74 23.67 14.51 862.2
1997 7 24 12 49887.4 3.528 266.73 7.74 23.87 14.58 853.5
1997 7 25 12 49810.8 7.191 250.96 7.74 19.36 10.18 798.7
1997 7 26 12 49732.3 4.660 260.37 7.74 23.91 14.80 903.0
1997 7 27 12 49651.8 2.652 246.00 7.74 24.05 13.72 887.4
1997 7 28 12 49569.5 1.132 250.25 7.74 21.05 12.42 850.5
1997 7 29 12 49485.2 5.688 233.38 7.74 20.84 11.09 818.8
1997 7 30 12 49399.1 1.250 263.91 7.74 22.67 12.82 859.4
1997 7 31 12 49311.1 3.856 252.10 7.74 22.95 12.64 856.0
1997 8 1 12 49221.3 10.091 238.34 7.74 22.14 13.41 850.7
1997 8 2 12 49129.8 0.559 215.73 7.74 21.81 11.01 860.7
1997 8 3 12 49036.5 0.142 223.62 7.74 21.53 13.01 889.4
1997 8 4 12 48941.4 2.385 255.46 7.74 21.75 12.74 822.2
1997 8 5 12 48844.7 1.994 219.06 7.74 22.61 14.79 892.4
1997 8 6 12 48746.2 0.883 234.01 7.74 23.83 15.44 941.8
1997 8 7 12 48646.2 3.089 216.79 7.74 23.26 13.57 890.8
1997 8 8 12 48544.5 1.214 231.93 7.74 22.43 14.74 884.8
1997 8 9 12 48441.3 0.896 233.44 7.74 22.08 13.56 826.2
1997 8 10 12 48336.4 0.461 208.24 7.74 23.16 15.05 896.0
1997 8 11 12 48230.1 2.573 245.90 7.74 20.82 10.62 790.4
1997 8 12 12 48122.3 0.426 213.44 7.74 18.95 9.42 757.0
1997 8 13 12 48013.0 0.528 205.64 7.74 21.59 11.93 804.8
1997 8 14 12 47902.3 1.768 227.90 7.74 21.41 12.37 824.2
1997 8 15 12 47790.2 0.389 213.37 7.74 22.12 13.53 917.9
1997 8 16 12 47676.7 2.371 221.82 7.74 23.48 13.08 851.4
1997 8 17 12 47561.9 1.097 240.21 7.74 21.21 10.90 797.0
1997 8 18 12 47445.8 0.496 210.92 7.74 19.00 10.01 836.5
1997 8 19 12 47328.5 0.366 201.94 7.74 19.72 11.06 863.5
1997 8 20 12 47209.9 1.527 229.28 7.74 18.72 10.43 810.7
1997 8 21 12 47090.2 1.174 193.87 7.74 25.73 15.81 894.5
1997 8 22 12 46969.3 2.040 236.04 7.74 20.34 10.41 793.5
1997 8 23 12 46847.3 0.846 218.62 7.74 19.95 10.97 849.2
1997 8 24 12 46724.2 0.345 209.79 7.74 19.38 10.81 816.4
1997 8 25 12 46600.0 0.371 190.07 7.74 20.91 11.00 797.4
1997 8 26 12 46474.8 0.481 182.87 7.74 18.82 11.76 862.6
1997 8 27 12 46348.7 2.374 193.78 7.74 21.01 10.79 882.7
1997 8 28 12 46221.7 0.499 208.29 7.74 19.59 9.84 839.2
1997 8 29 12 46093.7 1.224 205.53 7.74 22.52 13.94 812.2
1997 8 30 12 45964.9 0.248 189.74 7.74 20.50 9.73 787.8
1997 8 31 12 45835.3 1.292 198.19 7.74 19.31 9.97 802.8
1997 9 1 12 45704.9 3.180 177.88 7.74 20.79 11.79 832.2
1997 9 2 12 45573.7 3.212 220.62 7.74 16.99 7.49 729.6
1997 9 3 12 45441.8 4.447 215.67 7.74 20.03 10.73 823.4
1997 9 4 12 45309.3 0.041 202.98 7.74 17.06 7.27 766.6
1997 9 5 12 45176.2 0.600 195.52 7.74 17.28 8.87 796.8
1997 9 6 12 45042.4 1.462 181.48 7.74 17.95 9.37 763.6
1997 9 7 12 44908.2 2.541 198.70 7.74 17.27 8.55 771.5
1997 9 8 12 44773.4 0.421 171.22 7.74 16.84 7.73 793.6
1997 9 9 12 44638.1 0.268 213.23 7.74 19.66 10.42 783.2
1997 9 10 12 44502.5 0.846 197.06 7.74 19.31 9.18 808.4
1997 9 11 12 44366.4 1.675 201.16 7.74 17.73 8.45 781.7
1997 9 12 12 44230.0 4.197 154.86 7.74 16.25 7.13 781.9
1997 9 13 12 44093.3 0.810 194.51 7.74 16.52 7.33 721.0
1997 9 14 12 43956.3 0.412 181.28 7.74 16.53 7.69 748.7
1997 9 15 12 43819.1 1.349 202.64 7.74 15.48 5.60 758.1
1997 9 16 12 43681.7 1.371 205.54 7.74 19.77 12.06 869.5
1997 9 17 12 43544.2 0.266 192.55 7.74 14.84 5.40 740.8
1997 9 18 12 43406.5 0.613 197.78 7.74 16.96 7.69 743.3
1997 9 19 12 43268.9 1.378 168.74 7.74 17.58 9.09 779.6
1997 9 20 12 43131.1 0.474 182.98 7.74 16.91 7.46 788.2
1997 9 21 12 42993.5 1.912 189.05 7.74 15.61 7.29 696.8
1997 9 22 12 42855.8 1.779 176.93 7.74 15.83 5.16 596.2
1997 9 23 12 42718.3 0.191 174.98 7.74 15.10 3.71 697.3
1997 9 24 12 42580.9 2.076 159.48 7.74 12.16 3.22 680.1
1997 9 25 12 42443.7 0.547 168.18 7.74 13.87 4.67 691.0
1997 9 26 12 42306.7 1.963 146.28 7.74 14.69 5.29 683.5
1997 9 27 12 42170.0 0.764 182.99 7.74 15.42 5.70 716.1
1997 9 28 12 42033.6 1.412 187.53 7.74 13.11 4.22 657.3
1997 9 29 12 41897.5 1.315 165.96 7.74 14.40 5.26 720.3
1997 9 30 12 41761.9 0.218 157.62 7.74 15.26 5.97 677.7
1997 10 1 12 41626.6 1.341 156.50 7.74 12.74 3.71 618.2
1997 10 2 12 41491.8 2.062 151.80 7.74 14.01 4.67 655.4
1997 10 3 12 41357.6 2.141 160.66 7.74 13.07 4.39 660.0
1997 10 4 12 41223.8 1.356 166.20 7.74 13.59 3.85 692.4
1997 10 5 12 41090.7 0.299 146.43 7.74 13.66 3.79 690.4
1997 10 6 12 40958.2 3.350 166.20 7.74 12.30 3.82 729.9
1997 10 7 12 40826.3 1.405 141.41 7.74 14.89 5.81 716.1
1997 10 8 12 40695.1 1.542 170.12 7.74 13.86 4.73 706.9
1997 10 9 12 40564.7 0.214 159.51 7.74 13.11 5.04 732.0
1997 10 10 12 40435.1 0.990 159.66 7.74 12.57 3.61 649.4
1997 10 11 12 40306.3 2.212 155.96 7.74 13.44 2.78 666.1
1997 10 12 12 40178.3 1.987 145.77 7.74 12.26 2.39 595.3
1997 10 13 12 40051.3 0.127 136.82 7.74 11.19 1.85 610.0
1997 10 14 12 39925.2 0.631 152.80 7.74 12.02 3.27 609.6
1997 10 15 12 39800.0 2.877 156.36 7.74 10.36 1.91 592.5
1997 10 16 12 39675.8 0.265 165.26 7.74 11.89 2.27 674.6
1997 10 17 12 39552.7 0.564 145.90 7.74 9.83 -0.55 608.7
1997 10 18 12 39430.7 0.401 149.61 7.74 9.11 -0.54 583.8
1997 10 19 12 39309.8 1.078 149.06 7.74 10.67 2.53 640.9
1997 10 20 12 39190.1 1.478 145.85 7.74 10.86 0.89 593.4
1997 10 21 12 39071.5 0.773 128.66 7.74 8.94 -1.77 555.9
1997 10 22 12 38954.2 0.915 133.59 7.74 11.56 2.70 692.2
1997 10 23 12 38838.1 0.524 158.33 7.74 9.68 -1.05 566.2
1997 10 24 12 38723.3 0.804 119.21 7.74 9.36 -0.06 597.2
1997 10 25 12 38609.8 0.272 128.23 7.74 10.86 2.14 643.9
1997 10 26 12 38497.7 2.431 154.83 7.74 9.12 -1.39 556.2
1997 10 27 12 38387.0 1.212 134.27 7.74 8.62 -0.03 628.5
1997 10 28 12 38277.7 0.982 127.95 7.74 7.65 -1.48 547.4
1997 10 29 12 38169.9 1.342 137.22 7.74 6.51 -1.53 585.6
1997 10 30 12 38063.6 0.194 128.96 7.74 5.99 -3.13 580.0
1997 10 31 12 37958.7 1.490 146.60 7.74 8.57 -1.45 569.9
1997 11 1 12 37855.5 0.612 125.61 7.74 10.12 -1.48 626.3
1997 11 2 12 37753.8 0.231 131.42 7.74 6.93 -3.42 508.2
1997 11 3 12 37653.8 2.259 120.93 7.74 6.71 -1.01 626.1
1997 11 4 12 37555.3 1.299 117.92 7.74 7.03 -3.31 548.5
1997 11 5 12 37458.6 0.065 119.68 7.74 6.24 -4.53 469.3
1997 11 6 12 37363.5 0.723 124.99 7.74 7.41 -3.99 504.4
1997 11 7 12 37270.2 3.815 129.09 7.74 7.95 -2.04 608.6
1997 11 8 12 37178.7 0.826 119.83 7.74 7.51 -2.83 551.3
1997 11 9 12 37088.9 0.183 121.30 7.74 8.50 -0.35 673.2
1997 11 10 12 37000.9 0.432 120.97 7.74 4.98 -3.66 525.3
1997 11 11 12 36914.8 0.501 124.35 7.74 5.74 -3.02 546.9
1997 11 12 12 36830.5 2.117 131.51 7.74 6.51 -3.72 494.1
1997 11 13 12 36748.2 0.756 85.94 7.74 9.88 1.17 687.9
1997 11 14 12 36667.7 0.202 95.47 7.74 6.19 -2.18 574.5
1997 11 15 12 36589.2 1.091 105.09 7.74 5.59 -4.61 501.0
1997 11 16 12 36512.6 0.588 119.92 7.74 6.49 -3.10 569.5
1997 11 17 12 36438.0 0.058 122.24 7.74 7.27 -0.89 608.9
1997 11 18 12 36365.4 1.069 126.05 7.74 4.67 -4.46 471.3
1997 11 19 12 36294.9 2.873 96.40 7.74 3.92 -5.62 440.2
1997 11 20 12 36226.3 0.094 118.68 7.74 2.89 -7.14 481.7
1997 11 21 12 36159.9 1.076 116.48 7.74 5.53 -4.29 505.4
1997 11 22 12 36095.5 3.452 116.99 7.74 2.70 -5.80 500.4
1997 11 23 12 36033.3 1.971 123.23 7.74 5.05 -4.43 528.0
1997 11 24 12 35973.2 5.125 114.96 7.74 3.39 -6.89 454.4
1997 11 25 12 35915.2 0.614 109.06 7.74 1.65 -7.73 465.9
1997 11 26 12 35859.3 0.899 87.48 7.74 3.26 -6.19 532.8
1997 11 27 12 35805.7 7.269 108.04 7.74 2.43 -6.68 458.7
1997 11 28 12 35754.2 3.519 84.69 7.74 5.60 -4.56 546.5
1997 11 29 12 35704.9 0.009 138.39 7.74 3.36 -6.83 426.5
1997 11 30 12 35657.9 0.404 104.37 7.74 5.53 -4.17 445.8
1997 12 1 12 35613.1 4.793 85.56 7.74 3.77 -5.26 503.5
1997 12 2 12 35570.6 1.288 97.67 7.74 2.08 -7.07 412.7
1997 12 3 12 35530.3 1.937 93.47 7.74 3.13 -5.55 474.9
1997 12 4 12 35492.2 4.244 127.76 7.74 2.32 -6.94 461.7
1997 12 5 12 35456.5 0.063 84.80 7.74 2.07 -7.62 443.3
1997 12 6 12 35423.1 0.409 105.78 7.74 5.10 -3.75 542.0
1997 12 7 12 35391.9 0.122 62.30 7.74 0.11 -8.42 392.8
1997 12 8 12 35363.1 0.032 81.49 7.74 -0.84 -10.49 375.3
1997 12 9 12 35336.6 1.650 105.00 7.74 2.69 -7.16 451.7
1997 12 10 12 35312.4 0.158 111.91 7.74 2.95 -6.01 476.9
1997 12 11 12 35290.6 0.217 120.89 7.74 0.44 -9.75 362.8
1997 12 12 12 35271.1 1.073 83.46 7.74 2.32 -6.33 467.1
1997 12 13 12 35253.9 0.968 112.30 7.74 -0.16 -9.84 396.5
1997 12 14 12 35239.2 2.264 108.63 7.74 1.70 -6.82 437.7
1997 12 15 12 35226.7 2.664 114.85 7.74 3.72 -5.79 504.1
1997 12 16 12 35216.7 10.905 95.94 7.74 1.59 -7.75 424.4
1997 12 17 12 35209.0 0.060 115.68 7.74 -0.27 -9.80 381.6
1997 12 18 12 35203.6 3.878 113.11 7.74 0.32 -9.21 405.6
1997 12 19 12 35200.7 2.497 94.55 7.74 2.46 -7.40 431.9
1997 12 20 12 35200.1 0.631 79.94 7.74 -0.93 -8.30 414.8
1997 12 21 12 35201.9 0.218 111.02 7.74 2.24 -7.55 469.2
1997 12 22 12 35206.0 1.567 124.58 7.74 -0.45 -9.11 471.9
1997 12 23 12 35212.5 1.638 92.86 7.74 1.09 -9.60 375.3
1997 12 24 12 35221.4 2.778 74.21 7.74 3.00 -5.64 510.5
1997 12 25 12 35232.6 0.780 103.58 7.74 0.45 -9.13 429.8
1997 12 26 12 35246.3 1.949 96.78 7.74 0.62 -9.33 350.1
1997 12 27 12 35262.2 0.285 120.03 7.74 0.68 -9.07 404.8
1997 12 28 12 35280.5 0.739 102.51 7.74 -4.62 -14.21 291.1
1997 12 29 12 35301.2 2.423 126.96 7.74 0.23 -7.82 462.3
1997 12 30 12 35324.2 1.897 108.87 7.74 -0.91 -10.39 410.2
1997 12 31 12 35349.5 4.414 106.84 7.74 -3.32 -13.81 339.2
1998 1 1 12 35377.2 3.427 106.98 7.74 -1.45 -9.90 386.1
1998 1 2 12 35407.2 1.280 101.52 7.74 -1.82 -11.62 379.7
1998 1 3 12 35439.5 14.817 89.95 7.74 -1.61 -12.05 347.9
1998 1 4 12 35474.1 3.302 87.07 7.74 1.07 -8.79 465.7
1998 1 5 12 35511.0 4.527 103.57 7.74 -2.79 -12.24 385.9
1998 1 6 12 35550.1 0.140 94.54 7.74 0.10 -9.55 443.4
1998 1 7 12 35591.5 4.221 110.33 7.74 -0.47 -10.47 380.0
1998 1 8 12 35635.2 2.835 110.90 7.74 0.81 -6.88 458.0
1998 1 9 12 35681.2 1.142 121.06 7.74 -0.59 -9.68 387.3
1998 1 10 12 35729.3 0.209 125.73 7.74 -0.21 -9.67 441.1
1998 1 11 12 35779.7 1.921 78.03 7.74 -4.23 -13.82 345.8
1998 1 12 12 35832.2 0.597 92.01 7.74 1.18 -8.81 431.2
1998 1 13 12 35887.0 0.396 104.21 7.74 -0.79 -10.30 376.9
1998 1 14 12 35943.9 1.486 101.37 7.74 -2.17 -11.74 344.8
1998 1 15 12 36003.0 1.902 103.53 7.74 -0.25 -9.92 409.9
1998 1 16 12 36064.1 0.684 117.47 7.74 0.43 -8.71 436.7
1998 1 17 12 36127.5 3.400 140.02 7.74 -5.12 -14.00 307.5
1998 1 18 12 36192.9 12.050 138.57 7.74 -1.92 -9.94 438.0
1998 1 19 12 36260.3 6.921 116.67 7.74 -0.93 -11.23 399.1
1998 1 20 12 36329.9 2.833 84.40 7.74 -0.41 -9.64 413.1
1998 1 21 12 36401.5 3.827 100.55 7.74 -4.86 -14.57 317.3
1998 1 22 12 36475.1 0.631 139.60 7.74 -4.39 -12.66 349.5
1998 1 23 12 36550.6 1.806 77.76 7.74 2.21 -7.87 461.4
1998 1 24 12 36628.2 0.447 117.46 7.74 -2.79 -11.54 368.2
1998 1 25 12 36707.7 0.399 107.14 7.74 1.02 -8.02 403.8
1998 1 26 12 36789.1 2.487 119.16 7.74 -2.72 -11.87 395.3
1998 1 27 12 36872.4 0.737 142.30 7.74 -0.76 -10.23 380.2
1998 1 28 12 36957.6 2.177 139.14 7.74 -1.63 -9.58 410.4
1998 1 29 12 37044.7 2.975 148.14 7.74 -2.41 -11.86 333.7
1998 1 30 12 37133.6 1.349 110.67 7.74 -0.52 -10.12 383.0
1998 1 31 12 37224.2 0.560 88.89 7.74 -1.47 -10.48 441.0
1998 2 1 12 37316.7 1.065 117.52 7.74 -0.12 -8.63 409.9
1998 2 2 12 37410.8 9.365 126.92 7.74 -2.35 -11.19 352.5
1998 2 3 12 37506.7 4.252 135.44 7.74 -2.81 -12.72 341.7
1998 2 4 12 37604.3 3.444 137.22 7.74 -1.86 -12.75 303.0
1998 2 5 12 37703.6 1.015 128.84 7.74 -2.03 -12.40 422.3
1998 2 6 12 37804.5 1.004 133.44 7.74 -0.81 -10.80 332.2
1998 2 7 12 37906.9 5.113 121.48 7.74 -1.06 -10.51 377.8
1998 2 8 12 38011.0 8.954 142.53 7.74 -0.54 -9.55 470.7
1998 2 9 12 38116.5 4.255 125.12 7.74 0.19 -8.56 388.8
1998 2 10 12 38223.6 9.213 150.09 7.74 0.90 -8.57 455.0
1998 2 11 12 38332.2 0.603 130.02 7.74 0.82 -8.77 381.8
1998 2 12 12 38442.2 3.626 127.72 7.74 -0.53 -9.83 431.0
1998 2 13 12 38553.6 1.059 144.54 7.74 -0.32 -9.46 432.3
1998 2 14 12 38666.4 2.912 131.99 7.74 -0.43 -10.20 429.1
1998 2 15 12 38780.5 0.868 142.99 7.74 -2.70 -11.66 382.4
1998 2 16 12 38896.0 5.686 124.91 7.74 -2.11 -10.29 391.8
1998 2 17 12 39012.7 3.478 122.85 7.74 0.89 -10.12 399.0
1998 2 18 12 39130.6 0.416 154.21 7.74 1.89 -7.79 437.3
1998 2 19 12 39249.8 0.186 131.15 7.74 0.58 -8.59 497.8
1998 2 20 12 39370.1 1.100 142.41 7.74 0.43 -9.40 413.7
1998 2 21 12 39491.6 3.900 151.99 7.74 -0.93 -11.61 388.4
1998 2 22 12 39614.2 6.386 159.25 7.74 -0.69 -12.69 337.0
1998 2 23 12 39737.8 1.006 142.72 7.74 3.17 -7.22 515.9
1998 2 24 12 39862.5 2.306 121.13 7.74 -0.27 -9.63 397.1
1998 2 25 12 39988.1 0.722 151.85 7.74 0.65 -7.44 459.9
1998 2 26 12 40114.7 5.558 156.91 7.74 -0.36 -9.30 387.4
1998 2 27 12 40242.2 0.495 148.62 7.74 1.61 -6.57 472.1
1998 2 28 12 40370.6 4.031 144.42 7.74 3.38 -6.28 503.3
1998 3 1 12 40499.8 0.485 164.12 7.74 1.29 -7.98 429.1
1998 3 2 12 40629.8 0.560 165.37 7.74 1.65 -6.51 474.5
1998 3 3 12 40760.6 3.953 155.66 7.74 1.68 -8.36 453.5
1998 3 4 12 40892.1 0.106 169.77 7.74 3.96 -5.69 527.4
1998 3 5 12 41024.3 1.747 173.31 7.74 2.16 -7.07 470.0
1998 3 6 12 41157.2 5.837 145.76 7.74 2.38 -7.37 428.3
1998 3 7 12 41290.6 3.350 156.80 7.74 1.94 -6.90 444.2
1998 3 8 12 41424.6 6.143 145.66 7.74 0.07 -10.61 356.8
1998 3 9 12 41559.2 2.417 137.97 7.74 1.61 -8.38 410.5
1998 3 10 12 41694.2 2.748 157.89 7.74 5.40 -4.54 541.3
1998 3 11 12 41829.7 0.661 169.73 7.74 3.95 -5.02 531.7
1998 3 12 12 41965.5 0.479 166.41 7.74 1.01 -8.42 424.4
1998 3 13 12 42101.8 0.769 166.09 7.74 3.19 -6.24 416.6
1998 3 14 12 42238.3 0.093 184.84 7.74 1.50 -7.93 415.8
1998 3 15 12 42375.2 0.609 145.55 7.74 4.70 -5.55 530.8
1998 3 16 12 42512.3 1.925 182.17 7.74 3.60 -7.18 426.3
1998 3 17 12 42649.6 7.272 162.24 7.74 2.64 -7.87 430.7
1998 3 18 12 42787.0 2.546 189.84 7.74 3.97 -5.24 433.2
1998 3 19 12 42924.6 0.677 158.93 7.74 2.97 -6.33 461.6
1998 3 20 12 43062.3 4.944 177.85 7.74 4.51 -4.41 456.7
1998 3 21 12 43200.0 1.053 170.22 7.74 5.23 -4.18 522.1
1998 3 22 12 43337.7 2.691 185.64 7.74 9.00 -1.14 578.8
1998 3 23 12 43475.4 2.416 175.38 7.74 6.43 -3.77 490.1
1998 3 24 12 43613.0 7.852 179.48 7.74 4.22 -3.48 503.8
1998 3 25 12 43750.4 1.747 193.24 7.74 2.75 -5.54 453.7
1998 3 26 12 43887.7 0.178 161.73 7.74 4.97 -3.92 543.3
1998 3 27 12 44024.8 2.388 189.98 7.74 3.49 -5.75 493.0
1998 3 28 12 44161.7 8.351 184.16 7.74 4.92 -3.04 563.0
1998 3 29 12 44298.2 6.399 185.91 7.74 7.58 -2.40 530.0
1998 3 30 12 44434.5 5.608 193.62 7.74 6.83 -3.56 492.8
1998 3 31 12 44570.3 0.424 190.59 7.74 7.29 -2.51 527.7
1998 4 1 12 44705.8 2.898 202.08 7.74 11.02 1.13 604.3
1998 4 2 12 44840.8 4.812 205.67 7.74 6.68 -3.14 484.9
1998 4 3 12 44975.4 2.738 193.62 7.74 7.26 -1.57 581.8
1998 4 4 12 45109.4 2.515 197.69 7.74 6.99 -2.14 560.9
1998 4 5 12 45242.8 6.213 191.45 7.74 5.92 -3.36 557.3
1998 4 6 12 45375.7 2.076 198.40 7.74 6.63 -2.47 579.2
1998 4 7 12 45507.9 2.912 171.16 7.74 8.51 0.06 621.2
1998 4 8 12 45639.4 1.523 206.79 7.74 8.72 0.24 621.5
1998 4 9 12 45770.2 3.429 214.72 7.74 8.21 -1.81 560.6
1998 4 10 12 45900.2 3.096 218.92 7.74 7.63 -0.28 546.4
1998 4 11 12 46029.4 2.260 204.47 7.74 6.43 -3.83 519.2
1998 4 12 12 46157.8 3.116 215.57 7.74 8.93 -1.00 618.2
1998 4 13 12 46285.3 0.076 243.18 7.74 10.21 0.09 564.1
1998 4 14 12 46411.9 1.005 214.12 7.74 9.82 1.46 618.3
1998 4 15 12 46537.5 1.120 205.97 7.74 8.63 -0.07 581.7
1998 4 16 12 46662.2 11.851 220.27 7.74 10.25 0.32 593.2
1998 4 17 12 46785.8 3.127 228.46 7.74 11.28 2.21 655.7
1998 4 18 12 46908.4 7.327 235.24 7.74 11.66 1.42 637.5
1998 4 19 12 47029.9 1.256 218.60 7.74 11.19 1.06 628.8
1998 4 20 12 47150.2 1.203 228.99 7.74 9.05 -0.33 578.6
1998 4 21 12 47269.4 5.939 246.00 7.74 11.86 1.63 633.9
1998 4 22 12 47387.3 5.063 227.66 7.74 6.48 -1.78 586.0
1998 4 23 12 47504.0 3.087 233.34 7.74 11.51 1.62 670.0
1998 4 24 12 47619.5 10.618 260.61 7.74 10.83 0.82 601.5
1998 4 25 12 47733.6 6.172 231.24 7.74 13.90 5.29 744.3
1998 4 26 12 47846.4 4.545 227.46 7.74 11.96 2.56 622.4
1998 4 27 12 47957.8 6.787 217.74 7.74 12.41 2.92 652.4
1998 4 28 12 48067.8 8.036 232.14 7.74 14.95 6.05 729.0
1998 4 29 12 48176.4 0.154 235.13 7.74 11.73 2.32 615.5
1998 4 30 12 48283.5 14.782 262.65 7.74 12.16 2.40 645.0
1998 5 1 12 48389.0 0.341 256.64 7.74 13.13 3.95 687.7
1998 5 2 12 48493.1 0.332 275.86 7.74 11.07 2.33 594.0
1998 5 3 12 48595.5 2.315 219.06 7.74 13.10 2.27 627.8
1998 5 4 12 48696.4 3.338 213.00 7.74 11.62 2.03 609.6
1998 5 5 12 48795.7 5.172 236.03 7.74 15.21 6.73 703.1
1998 5 6 12 48893.3 0.433 224.92 7.74 11.57 1.99 694.7
1998 5 7 12 48989.2 6.235 237.20 7.74 15.90 7.26 692.0
1998 5 8 12 49083.3 5.382 239.93 7.74 16.13 7.19 739.6
1998 5 9 12 49175.8 0.440 256.86 7.74 13.59 3.24 672.2
1998 5 10 12 49266.4 5.240 258.45 7.74 12.91 3.46 658.7
1998 5 11 12 49355.3 0.175 223.88 7.74 14.08 4.30 683.2
1998 5 12 12 49442.4 0.749 247.86 7.74 16.69 9.00 755.7
1998 5 13 12 49527.6 2.157 238.03 7.74 14.86 5.88 710.3
1998 5 14 12 49610.9 0.653 242.52 7.74 15.88 5.68 716.2
1998 5 15 12 49692.3 1.279 246.70 7.74 17.34 7.70 765.4
1998 5 16 12 49771.8 2.479 251.51 7.74 17.65 8.82 783.6
1998 5 17 12 49849.4 2.092 250.96 7.74 13.67 3.74 692.5
1998 5 18 12 49924.9 5.264 254.01 7.74 12.16 2.95 636.0
1998 5 19 12 49998.5 10.328 243.42 7.74 16.78 7.78 780.6
1998 5 20 12 50070.1 2.564 235.12 7.74 14.00 4.34 690.5
1998 5 21 12 50139.7 0.807 230.34 7.74 16.48 7.99 752.1
1998 5 22 12 50207.1 2.993 266.45 7.74 16.58 6.47 777.0
1998 5 23 12 50272.5 1.331 262.23 7.74 16.01 5.22 736.5
1998 5 24 12 50335.9 4.805 262.01 7.74 19.60 10.41 774.5
1998 5 25 12 50397.0 0.205 261.41 7.74 16.96 7.90 735.9
1998 5 26 12 50456.1 0.598 249.59 7.74 18.14 8.83 767.2
1998 5 27 12 50513.0 2.422 246.14 7.74 19.49 11.71 861.6
1998 5 28 12 50567.8 3.041 252.64 7.74 17.25 7.84 766.2
1998 5 29 12 50620.3 0.597 267.34 7.74 17.59 9.73 801.2
1998 5 30 12 50670.7 2.328 257.74 7.74 20.25 9.53 845.8
1998 5 31 12 50718.8 3.123 260.93 7.74 17.63 7.29 729.7
1998 6 1 12 50764.8 2.581 256.33 7.74 18.05 8.95 827.3
1998 6 2 12 50808.5 5.817 250.85 7.74 19.09 9.35 751.1
1998 6 3 12 50849.9 3.663 244.17 7.74 18.77 10.70 791.2
1998 6 4 12 50889.0 1.845 220.44 7.74 18.81 9.37 762.0
1998 6 5 12 50925.9 3.765 271.46 7.74 16.97 8.00 772.1
1998 6 6 12 50960.5 0.150 252.20 7.74 21.57 10.55 795.5
1998 6 7 12 50992.8 5.323 248.31 7.74 17.91 8.79 829.6
1998 6 8 12 51022.8 3.490 249.58 7.74 19.99 10.77 852.9
1998 6 9 12 51050.5 3.037 260.32 7.74 22.15 13.16 848.8
1998 6 10 12 51075.8 5.358 240.08 7.74 20.83 12.65 878.4
1998 6 11 12 51098.8 1.202 233.13 7.74 21.21 11.10 836.6
1998 6 12 12 51119.5 2.362 257.93 7.74 20.96 10.52 844.3
1998 6 13 12 51137.8 0.589 257.76 7.74 18.90 9.13 820.2
1998 6 14 12 51153.7 0.158 274.10 7.74 21.08 12.04 819.9
1998 6 15 12 51167.4 7.063 255.69 7.74 20.32 11.27 829.6
1998 6 16 12 51178.6 5.289 292.17 7.74 19.34 10.92 847.7
1998 6 17 12 51187.5 3.859 245.20 7.74 18.82 8.39 816.1
1998 6 18 12 51194.0 2.296 251.38 7.74 21.70 13.53 842.7
1998 6 19 12 51198.1 1.555 277.97 7.74 20.54 12.70 904.1
1998 6 20 12 51199.9 0.322 257.90 7.74 19.67 9.62 795.5
1998 6 21 12 51199.3 4.542 279.31 7.74 20.25 11.14 821.5
1998 6 22 12 51196.4 4.478 279.16 7.74 18.47 8.83 724.4
1998 6 23 12 51191.0 2.340 263.25 7.74 20.78 11.53 812.7
1998 6 24 12 51183.3 5.593 250.35 7.74 22.30 12.10 791.4
1998 6 25 12 51173.3 0.117 271.71 7.74 23.65 14.66 867.0
1998 6 26 12 51160.8 0.899 239.73 7.74 20.25 10.51 810.0
1998 6 27 12 51146.1 1.189 255.95 7.74 21.81 12.70 826.3
1998 6 28 12 51128.9 3.220 261.73 7.74 22.35 12.81 808.1
1998 6 29 12 51109.4 8.628 268.21 7.74 19.81 9.36 759.6
1998 6 30 12 51087.6 3.301 255.59 7.74 23.05 14.01 937.1
1998 7 1 12 51063.4 0.166 259.79 7.74 25.34 15.16 863.4
1998 7 2 12 51036.9 0.576 262.97 7.74 21.54 12.83 872.9
1998 7 3 12 51008.1 0.347 254.04 7.74 22.73 15.06 910.2
1998 7 4 12 50976.9 0.914 250.98 7.74 21.42 11.56 806.5
1998 7 5 12 50943.5 1.080 259.78 7.74 20.88 11.83 856.2
1998 7 6 12 50907.8 1.551 276.47 7.74 20.76 11.92 850.6
1998 7 7 12 50869.7 0.223 269.37 7.74 20.73 11.18 858.3
1998 7 8 12 50829.4 2.562 230.85 7.74 23.31 13.58 869.2
1998 7 9 12 50786.9 1.024 246.99 7.74 23.16 12.18 814.8
1998 7 10 12 50742.1 1.243 241.81 7.74 23.87 13.49 866.4
1998 7 11 12 50695.1 1.326 252.88 7.74 23.83 14.23 836.5
1998 7 12 12 50645.8 0.623 262.20 7.74 23.18 15.75 899.3
1998 7 13 12 50594.3 3.118 288.71 7.74 21.14 12.58 833.2
1998 7 14 12 50540.7 0.302 273.34 7.74 24.50 15.53 909.5
1998 7 15 12 50484.8 5.116 262.12 7.74 20.65 11.01 786.6
1998 7 16 12 50426.8 1.147 231.31 7.74 20.16 10.16 824.2
1998 7 17 12 50366.7 3.316 240.92 7.74 21.40 13.13 916.3
1998 7 18 12 50304.5 2.149 255.51 7.74 23.21 13.12 862.2
1998 7 19 12 50240.1 2.152 247.07 7.74 22.67 11.96 871.0
1998 7 20 12 50173.7 0.601 252.13 7.74 21.65 11.08 808.4
1998 7 21 12 50105.1 2.034 262.86 7.74 23.00 13.50 938.8
1998 7 22 12 50034.6 2.871 240.18 7.74 23.71 11.32 770.5
1998 7 23 12 49962.0 0.990 247.05 7.74 20.51 11.31 851.8
1998 7 24 12 49887.4 0.670 238.68 7.74 20.35 11.02 784.0
1998 7 25 12 49810.8 1.088 248.47 7.74 20.30 11.05 858.8
1998 7 26 12 49732.3 1.735 253.47 7.74 21.75 12.19 829.4
1998 7 27 12 49651.8 2.211 227.18 7.74 24.18 15.61 945.6
1998 7 28 12 49569.5 1.426 212.75 7.74 21.91 11.84 864.5
1998 7 29 12 49485.2 3.576 262.20 7.74 24.44 16.32 908.1
1998 7 30 12 49399.1 1.283 250.74 7.74 21.08 10.90 834.3
1998 7 31 12 49311.1 4.455 238.34 7.74 21.81 12.91 853.5
1998 8 1 12 49221.3 0.828 233.34 7.74 24.05 15.75 936.0
1998 8 2 12 49129.8 3.066 263.20 7.74 21.74 12.34 864.6
1998 8 3 12 49036.5 0.792 258.30 7.74 19.89 10.04 840.1
1998 8 4 12 48941.4 7.842 231.07 7.74 21.48 12.15 852.3
1998 8 5 12 48844.7 3.325 221.07 7.74 23.10 13.91 880.4
1998 8 6 12 48746.2 1.653 248.49 7.74 22.62 11.54 802.9
1998 8 7 12 48646.2 0.986 210.64 7.74 25.09 16.12 929.0
1998 8 8 12 48544.5 0.247 220.53 7.74 22.43 12.76 809.7
1998 8 9 12 48441.3 0.205 223.22 7.74 19.09 8.58 741.3
1998 8 10 12 48336.4 2.137 227.28 7.74 20.14 11.21 826.0
1998 8 11 12 48230.1 3.528 234.13 7.74 21.63 11.67 868.2
1998 8 12 12 48122.3 1.480 206.91 7.74 24.57 15.69 932.3
1998 8 13 12 48013.0 1.135 213.68 7.74 21.23 11.93 824.3
1998 8 14 12 47902.3 0.805 218.85 7.74 24.10 14.99 903.7
1998 8 15 12 47790.2 4.627 252.98 7.74 20.26 13.07 848.8
1998 8 16 12 47676.7 1.679 228.70 7.74 20.71 12.27 850.5
1998 8 17 12 47561.9 1.530 220.33 7.74 19.20 8.92 788.1
1998 8 18 12 47445.8 1.047 228.78 7.74 22.03 13.46 894.3
1998 8 19 12 47328.5 1.549 196.39 7.74 20.52 9.86 746.4
1998 8 20 12 47209.9 1.945 218.68 7.74 20.77 11.74 817.7
1998 8 21 12 47090.2 2.029 229.36 7.74 19.92 11.16 840.8
1998 8 22 12 46969.3 1.295 200.90 7.74 19.59 9.86 784.1
1998 8 23 12 46847.3 0.264 231.97 7.74 21.66 13.07 880.7
1998 8 24 12 46724.2 1.266 201.37 7.74 22.39 13.68 883.5
1998 8 25 12 46600.0 3.759 217.83 7.74 20.46 11.44 839.3
1998 8 26 12 46474.8 0.977 218.71 7.74 20.88 12.91 847.3
1998 8 27 12 46348.7 1.243 207.99 7.74 18.15 8.82 779.0
1998 8 28 12 46221.7 0.501 205.60 7.74 20.46 10.11 835.8
1998 8 29 12 46093.7 4.361 212.16 7.74 19.66 10.28 772.9
1998 8 30 12 45964.9 0.694 223.19 7.74 20.18 10.52 801.9
1998 8 31 12 45835.3 1.742 222.01 7.74 18.58 9.30 825.6
1998 9 1 12 45704.9 0.948 207.97 7.74 18.50 8.98 800.1
1998 9 2 12 45573.7 5.651 194.95 7.74 18.35 8.67 701.5
1998 9 3 12 45441.8 2.254 203.96 7.74 19.61 9.69 818.0
1998 9 4 12 45309.3 0.157 191.58 7.74 19.19 10.29 794.7
1998 9 5 12 45176.2 0.378 175.34 7.74 19.38 9.63 763.8
1998 9 6 12 45042.4 3.467 184.30 7.74 16.88 7.58 696.3
1998 9 7 12 44908.2 1.010 214.48 7.74 17.27 8.57 747.2
1998 9 8 12 44773.4 0.184 193.73 7.74 17.48 8.45 737.4
1998 9 9 12 44638.1 4.953 195.58 7.74 16.74 7.79 738.4
1998 9 10 12 44502.5 0.858 223.95 7.74 19.28 9.75 860.1
1998 9 11 12 44366.4 0.412 209.73 7.74 15.34 5.76 699.5
1998 9 12 12 44230.0 0.775 201.85 7.74 17.48 8.91 751.2
1998 9 13 12 44093.3 1.390 182.49 7.74 15.33 6.57 690.1
1998 9 14 12 43956.3 0.623 191.59 7.74 17.36 6.43 736.8
1998 9 15 12 43819.1 0.810 201.76 7.74 16.20 5.67 733.5
1998 9 16 12 43681.7 0.101 191.18 7.74 13.80 4.03 677.4
1998 9 17 12 43544.2 0.854 189.82 7.74 16.20 6.36 711.1
1998 9 18 12 43406.5 2.968 181.39 7.74 17.07 7.37 797.1
1998 9 19 12 43268.9 1.398 210.98 7.74 16.73 8.31 738.5
1998 9 20 12 43131.1 0.882 157.79 7.74 19.64 10.18 822.6
1998 9 21 12 42993.5 0.357 181.28 7.74 17.81 9.57 828.6
1998 9 22 12 42855.8 0.417 203.46 7.74 15.19 5.56 684.4
1998 9 23 12 42718.3 0.681 175.28 7.74 15.93 6.25 721.1
1998 9 24 12 42580.9 1.503 192.68 7.74 17.89 8.68 762.7
1998 9 25 12 42443.7 2.522 159.16 7.74 15.02 5.41 705.1
1998 9 26 12 42306.7 2.209 147.28 7.74 15.78 6.27 725.4
1998 9 27 12 42170.0 2.630 153.59 7.74 16.31 6.83 798.9
1998 9 28 12 42033.6 0.460 154.32 7.74 14.44 4.98 682.9
1998 9 29 12 41897.5 2.809 169.58 7.74 14.47 4.03 677.6
1998 9 30 12 41761.9 1.215 198.83 7.74 14.04 5.44 745.6
1998 10 1 12 41626.6 3.454 165.97 7.74 14.95 6.20 780.2
1998 10 2 12 41491.8 0.076 189.21 7.74 12.80 3.03 645.3
1998 10 3 12 41357.6 0.232 128.00 7.74 14.31 4.76 690.6
1998 10 4 12 41223.8 0.406 176.95 7.74 13.07 2.72 669.8
1998 10 5 12 41090.7 0.158 173.51 7.74 15.76 6.96 751.0
1998 10 6 12 40958.2 0.770 140.93 7.74 12.32 3.56 650.0
1998 10 7 12 40826.3 2.549 166.99 7.74 13.19 4.11 684.3
1998 10 8 12 40695.1 0.628 147.82 7.74 12.25 3.84 728.0
1998 10 9 12 40564.7 1.536 146.75 7.74 12.73 2.46 685.1
1998 10 10 12 40435.1 0.157 133.57 7.74 12.35 3.42 633.4
1998 10 11 12 40306.3 1.435 136.52 7.74 13.09 2.85 657.7
1998 10 12 12 40178.3 5.374 132.95 7.74 8.43 -0.87 604.6
1998 10 13 12 40051.3 0.952 140.62 7.74 11.79 2.48 676.5
1998 10 14 12 39925.2 1.574 148.16 7.74 10.72 1.05 603.9
1998 10 15 12 39800.0 0.415 156.75 7.74 10.18 1.85 664.2
1998 10 16 12 39675.8 2.162 153.93 7.74 13.00 3.96 743.3
1998 10 17 12 39552.7 0.422 124.21 7.74 9.88 1.21 617.8
1998 10 18 12 39430.7 3.614 147.83 7.74 10.39 1.41 587.4
1998 10 19 12 39309.8 0.676 139.83 7.74 12.39 3.17 707.4
1998 10 20 12 39190.1 0.264 155.76 7.74 11.77 3.09 640.2
1998 10 21 12 39071.5 2.727 143.35 7.74 11.17 1.95 655.0
1998 10 22 12 38954.2 0.546 145.14 7.74 7.38 -2.69 549.8
1998 10 23 12 38838.1 2.001 146.57 7.74 11.72 1.67 637.6
1998 10 24 12 38723.3 1.299 111.08 7.74 11.60 2.89 687.3
1998 10 25 12 38609.8 1.577 137.23 7.74 6.68 -2.29 583.6
1998 10 26 12 38497.7 1.490 128.90 7.74 10.06 0.79 623.7
1998 10 27 12 38387.0 0.204 134.56 7.74 7.27 -2.63 559.8
1998 10 28 12 38277.7 0.478 104.91 7.74 9.57 -0.80 573.4
1998 10 29 12 38169.9 0.404 154.60 7.74 8.74 -0.77 574.1
1998 10 30 12 38063.6 1.715 126.74 7.74 6.44 -3.27 552.6
1998 10 31 12 37958.7 1.288 144.29 7.74 9.78 0.30 600.4
1998 11 1 12 37855.5 0.341 101.09 7.74 6.74 -2.46 566.6
1998 11 2 12 37753.8 0.596 127.55 7.74 9.14 -0.07 544.7
1998 11 3 12 37653.8 0.978 140.09 7.74 8.95 -1.84 550.3
1998 11 4 12 37555.3 1.566 130.34 7.74 5.76 -2.87 479.8
1998 11 5 12 37458.6 2.024 137.61 7.74 6.44 -3.01 499.3
1998 11 6 12 37363.5 0.134 132.23 7.74 7.55 -1.37 594.3
1998 11 7 12 37270.2 0.741 105.30 7.74 10.17 -1.46 539.9
1998 11 8 12 37178.7 1.460 130.84 7.74 7.64 -1.19 593.9
1998 11 9 12 37088.9 0.225 121.52 7.74 6.59 -3.04 559.7
1998 11 10 12 37000.9 2.125 109.50 7.74 6.96 -3.13 582.6
1998 11 11 12 36914.8 2.548 101.06 7.74 7.10 -2.27 582.9
1998 11 12 12 36830.5 0.685 108.12 7.74 3.96 -4.85 490.3
1998 11 13 12 36748.2 4.890 117.70 7.74 5.56 -3.86 522.0
1998 11 14 12 36667.7 0.258 97.33 7.74 8.42 -1.53 611.5
1998 11 15 12 36589.2 2.993 99.73 7.74 6.04 -3.82 504.9
1998 11 16 12 36512.6 0.378 117.74 7.74 3.83 -4.79 515.5
1998 11 17 12 36438.0 0.273 115.98 7.74 2.58 -6.60 513.2
1998 11 18 12 36365.4 0.629 99.63 7.74 3.78 -5.20 486.8
1998 11 19 12 36294.9 2.257 131.24 7.74 4.39 -4.88 506.2
1998 11 20 12 36226.3 0.657 120.54 7.74 6.68 -1.63 608.9
1998 11 21 12 36159.9 0.033 135.71 7.74 6.09 -4.41 536.7
1998 11 22 12 36095.5 0.217 100.28 7.74 3.00 -6.04 478.6
1998 11 23 12 36033.3 1.828 131.69 7.74 4.98 -4.60 496.0
1998 11 24 12 35973.2 0.495 83.64 7.74 2.55 -7.76 406.3
1998 11 25 12 35915.2 1.134 146.65 7.74 2.47 -5.97 452.1
1998 11 26 12 35859.3 1.392 105.64 7.74 3.33 -6.35 456.7
1998 11 27 12 35805.7 1.769 87.88 7.74 1.04 -8.74 429.2
1998 11 28 12 35754.2 0.549 78.72 7.74 2.57 -5.97 482.8
1998 11 29 12 35704.9 0.265 105.52 7.74 3.21 -5.50 483.9
1998 11 30 12 35657.9 4.134 107.88 7.74 2.79 -6.60 441.1
1998 12 1 12 35613.1 1.005 101.80 7.74 4.70 -5.94 465.5
1998 12 2 12 35570.6 2.321 108.67 7.74 3.87 -5.23 534.1
1998 12 3 12 35530.3 2.753 113.82 7.74 3.95 -5.90 453.7
1998 12 4 12 35492.2 1.516 86.33 7.74 2.76 -7.61 453.2
1998 12 5 12 35456.5 9.807 83.73 7.74 1.32 -8.24 372.9
1998 12 6 12 35423.1 0.810 90.08 7.74 3.53 -6.25 456.0
1998 12 7 12 35391.9 1.940 107.52 7.74 1.80 -8.15 446.5
1998 12 8 12 35363.1 2.793 93.84 7.74 2.69 -8.15 466.6
1998 12 9 12 35336.6 0.019 121.30 7.74 1.08 -7.23 480.3
1998 12 10 12 35312.4 0.346 100.28 7.74 0.75 -8.21 425.1
1998 12 11 12 35290.6 2.377 105.75 7.74 1.14 -7.41 417.0
1998 12 12 12 35271.1 2.335 67.43 7.74 3.10 -6.38 483.9
1998 12 13 12 35253.9 1.692 88.16 7.74 2.19 -7.37 441.7
1998 12 14 12 35239.2 0.912 106.48 7.74 1.43 -7.90 425.4
1998 12 15 12 35226.7 2.256 95.28 7.74 3.41 -6.71 436.2
1998 12 16 12 35216.7 1.447 76.68 7.74 1.27 -9.03 397.9
1998 12 17 12 35209.0 1.872 109.60 7.74 0.65 -8.75 441.4
1998 12 18 12 35203.6 3.604 90.21 7.74 2.62 -5.97 474.8
1998 12 19 12 35200.7 0.575 94.16 7.74 -0.38 -9.54 371.9
1998 12 20 12 35200.1 1.878 103.64 7.74 1.90 -7.77 453.4
1998 12 21 12 35201.9 0.817 101.39 7.74 0.86 -8.23 468.9
1998 12 22 12 35206.0 0.994 80.64 7.74 2.28 -8.55 444.5
1998 12 23 12 35212.5 0.444 99.69 7.74 3.45 -6.65 480.5
1998 12 24 12 35221.4 5.641 100.28 7.74 -2.57 -12.98 341.8
1998 12 25 12 35232.6 1.705 82.73 7.74 -0.70 -9.98 477.4
1998 12 26 12 35246.3 3.520 111.63 7.74 1.17 -8.86 451.1
1998 12 27 12 35262.2 0.508 115.88 7.74 -2.76 -12.69 326.4
1998 12 28 12 35280.5 0.896 90.93 7.74 -1.97 -11.72 295.2
1998 12 29 12 35301.2 3.050 92.09 7.74 -1.39 -10.28 386.5
1998 12 30 12 35324.2 0.918 120.95 7.74 -0.29 -10.59 370.4
1998 12 31 12 35349.5 0.422 98.50 7.74 2.00 -7.87 426.8
1999 1 1 12 35377.2 2.187 119.30 7.74 0.40 -10.78 382.5
1999 1 2 12 35407.2 2.914 135.63 7.74 0.29 -9.71 425.1
1999 1 3 12 35439.5 0.109 99.36 7.74 -0.85 -9.70 401.4
1999 1 4 12 35474.1 2.231 109.01 7.74 -2.75 -10.92 445.0
1999 1 5 12 35511.0 0.892 118.95 7.74 -0.47 -10.75 329.9
1999 1 6 12 35550.1 6.425 114.39 7.74 0.15 -9.22 384.1
1999 1 7 12 35591.5 3.544 86.62 7.74 -2.34 -11.88 380.8
1999 1 8 12 35635.2 0.916 94.17 7.74 -0.42 -9.88 415.7
1999 1 9 12 35681.2 3.419 96.80 7.74 -1.10 -8.92 420.0
1999 1 10 12 35729.3 5.343 111.78 7.74 -2.01 -11.10 363.1
1999 1 11 12 35779.7 2.039 113.29 7.74 2.10 -6.79 503.5
1999 1 12 12 35832.2 1.662 106.08 7.74 -1.40 -11.78 331.4
1999 1 13 12 35887.0 1.088 113.36 7.74 -3.93 -12.48 346.8
1999 1 14 12 35943.9 1.092 106.25 7.74 -1.96 -12.20 371.2
1999 1 15 12 36003.0 0.940 104.90 7.74 -2.02 -11.55 388.4
1999 1 16 12 36064.1 2.485 87.07 7.74 -2.66 -10.39 405.6
1999 1 17 12 36127.5 11.622 115.22 7.74 -0.97 -10.12 411.9
1999 1 18 12 36192.9 1.476 108.66 7.74 -1.60 -11.41 345.3
1999 1 19 12 36260.3 1.073 113.81 7.74 -2.06 -11.83 340.3
1999 1 20 12 36329.9 3.634 140.28 7.74 -1.21 -10.51 383.7
1999 1 21 12 36401.5 2.148 120.09 7.74 -0.09 -9.63 394.7
1999 1 22 12 36475.1 5.278 106.27 7.74 -2.69 -11.85 414.9
1999 1 23 12 36550.6 1.194 99.79 7.74 0.57 -8.40 355.8
1999 1 24 12 36628.2 0.992 124.34 7.74 -1.26 -10.46 336.4
1999 1 25 12 36707.7 1.459 117.16 7.74 -1.99 -10.65 461.8
1999 1 26 12 36789.1 2.393 133.91 7.74 -1.56 -10.55 431.0
1999 1 27 12 36872.4 0.963 130.76 7.74 -3.46 -12.84 301.1
1999 1 28 12 36957.6 0.532 132.02 7.74 -1.56 -11.88 351.2
1999 1 29 12 37044.7 4.417 107.52 7.74 -3.07 -12.85 339.1
1999 1 30 12 37133.6 0.556 135.67 7.74 1.06 -8.70 487.4
1999 1 31 12 37224.2 2.916 114.55 7.74 -0.43 -10.25 425.7
1999 2 1 12 37316.7 1.890 134.94 7.74 -3.86 -13.16 341.6
1999 2 2 12 37410.8 0.689 137.64 7.74 2.45 -5.31 490.9
1999 2 3 12 37506.7 0.269 142.81 7.74 -2.79 -13.07 350.3
1999 2 4 12 37604.3 1.202 112.83 7.74 -2.72 -12.58 372.3
1999 2 5 12 37703.6 4.384 108.70 7.74 -2.55 -12.24 354.9
1999 2 6 12 37804.5 4.271 110.75 7.74 -0.90 -11.05 401.8
1999 2 7 12 37906.9 1.263 119.13 7.74 0.96 -8.45 441.7
1999 2 8 12 38011.0 4.069 119.09 7.74 -1.90 -9.68 393.2
1999 2 9 12 38116.5 2.419 148.94 7.74 -0.54 -9.00 402.0
1999 2 10 12 38223.6 2.002 146.20 7.74 -0.90 -11.77 325.8
1999 2 11 12 38332.2 3.570 123.69 7.74 -0.52 -8.69 433.4
1999 2 12 12 38442.2 1.785 130.34 7.74 -1.06 -11.50 406.4
1999 2 13 12 38553.6 0.443 156.80 7.74 0.05 -9.32 411.7
1999 2 14 12 38666.4 7.975 126.69 7.74 0.56 -9.04 456.3
1999 2 15 12 38780.5 3.336 138.80 7.74 0.66 -9.11 387.4
1999 2 16 12 38896.0 1.241 117.40 7.74 0.52 -8.75 383.4
1999 2 17 12 39012.7 5.031 137.84 7.74 0.53 -7.61 467.1
1999 2 18 12 39130.6 1.984 146.40 7.74 -1.42 -11.59 361.8
1999 2 19 12 39249.8 5.263 139.10 7.74 -0.68 -10.60 417.6
1999 2 20 12 39370.1 6.164 150.75 7.74 1.65 -7.67 432.7
1999 2 21 12 39491.6 1.042 134.64 7.74 -0.60 -10.70 359.3
1999 2 22 12 39614.2 1.020 146.20 7.74 3.22 -5.00 448.3
1999 2 23 12 39737.8 0.548 153.40 7.74 0.35 -9.45 471.3
1999 2 24 12 39862.5 2.275 142.68 7.74 0.08 -9.75 392.9
1999 2 25 12 39988.1 2.922 158.20 7.74 0.65 -9.33 450.8
1999 2 26 12 40114.7 0.773 143.28 7.74 1.77 -6.80 486.6
1999 2 27 12 40242.2 3.731 173.96 7.74 -0.87 -10.80 408.1
1999 2 28 12 40370.6 0.932 150.08 7.74 2.79 -7.00 493.2
1999 3 1 12 40499.8 4.666 130.27 7.74 1.61 -8.00 386.0
1999 3 2 12 40629.8 0.398 166.67 7.74 -0.37 -9.57 422.3
1999 3 3 12 40760.6 23.029 166.28 7.74 1.32 -8.34 443.0
1999 3 4 12 40892.1 3.599 172.22 7.74 4.13 -5.53 510.6
1999 3 5 12 41024.3 4.751 156.55 7.74 0.79 -7.72 409.0
1999 3 6 12 41157.2 0.108 167.02 7.74 2.23 -5.42 476.3
1999 3 7 12 41290.6 2.892 160.91 7.74 2.94 -6.61 515.0
1999 3 8 12 41424.6 3.471 153.51 7.74 1.23 -9.13 461.9
1999 3 9 12 41559.2 0.692 144.38 7.74 2.08 -6.87 466.4
1999 3 10 12 41694.2 2.883 176.89 7.74 5.24 -4.17 512.3
1999 3 11 12 41829.7 3.030 158.00 7.74 2.60 -6.48 453.9
1999 3 12 12 41965.5 6.974 173.87 7.74 2.56 -6.48 416.0
1999 3 13 12 42101.8 3.526 165.39 7.74 3.33 -5.29 486.8
1999 3 14 12 42238.3 0.363 186.29 7.74 1.36 -7.34 449.8
1999 3 15 12 42375.2 2.697 162.72 7.74 4.32 -5.73 487.1
1999 3 16 12 42512.3 2.759 182.27 7.74 5.25 -4.15 525.1
1999 3 17 12 42649.6 0.407 169.32 7.74 1.77 -8.06 424.7
1999 3 18 12 42787.0 15.032 193.62 7.74 4.95 -2.82 550.1
1999 3 19 12 42924.6 0.834 163.70 7.74 5.60 -3.85 487.6
1999 3 20 12 43062.3 11.954 200.59 7.74 4.71 -4.06 503.4
1999 3 21 12 43200.0 0.808 168.75 7.74 4.55 -5.61 469.2
1999 3 22 12 43337.7 2.477 186.17 7.74 4.05 -6.97 414.2
1999 3 23 12 43475.4 1.053 180.55 7.74 4.98 -4.64 505.1
1999 3 24 12 43613.0 3.343 164.79 7.74 0.69 -9.64 434.5
1999 3 25 12 43750.4 5.312 139.59 7.74 3.80 -6.35 498.6
1999 3 26 12 43887.7 3.513 180.21 7.74 4.41 -4.89 513.0
1999 3 27 12 44024.8 5.463 164.88 7.74 7.60 -0.84 583.4
1999 3 28 12 44161.7 0.502 167.11 7.74 7.14 -2.46 536.2
1999 3 29 12 44298.2 5.226 221.33 7.74 6.67 -1.86 573.1
1999 3 30 12 44434.5 3.133 191.96 7.74 10.31 0.75 581.0
1999 3 31 12 44570.3 2.310 169.77 7.74 7.96 -2.76 561.2
1999 4 1 12 44705.8 0.723 204.05 7.74 6.05 -3.86 514.9
1999 4 2 12 44840.8 2.197 207.57 7.74 5.08 -2.84 547.6
1999 4 3 12 44975.4 3.080 193.43 7.74 7.00 -2.28 534.3
1999 4 4 12 45109.4 10.152 201.75 7.74 9.95 -0.72 613.6
1999 4 5 12 45242.8 6.640 203.38 7.74 8.09 -2.60 562.4
1999 4 6 12 45375.7 1.521 223.90 7.74 7.52 -1.90 508.0
1999 4 7 12 45507.9 0.043 203.83 7.74 5.75 -4.29 532.9
1999 4 8 12 45639.4 3.768 193.88 7.74 10.98 2.50 622.6
1999 4 9 12 45770.2 2.749 179.25 7.74 8.19 -1.88 580.3
1999 4 10 12 45900.2 4.984 210.99 7.74 6.53 -1.62 599.7
1999 4 11 12 46029.4 7.209 208.90 7.74 6.88 -2.45 608.2
1999 4 12 12 46157.8 0.420 196.10 7.74 6.83 -2.67 545.3
1999 4 13 12 46285.3 2.459 232.41 7.74 11.90 1.76 646.0
1999 4 14 12 46411.9 5.258 195.09 7.74 11.83 2.73 655.7
1999 4 15 12 46537.5 1.888 192.39 7.74 9.33 0.57 587.5
1999 4 16 12 46662.2 0.215 213.88 7.74 12.12 2.48 651.2
1999 4 17 12 46785.8 4.324 231.95 7.74 9.58 -0.17 578.1
1999 4 18 12 46908.4 8.402 243.92 7.74 7.74 -0.77 583.9
1999 4 19 12 47029.9 0.383 228.83 7.74 9.14 0.22 567.9
1999 4 20 12 47150.2 1.184 220.55 7.74 11.83 4.56 708.2
1999 4 21 12 47269.4 3.472 233.79 7.74 9.10 -0.22 602.8
1999 4 22 12 47387.3 1.103 228.68 7.74 11.80 2.56 648.0
1999 4 23 12 47504.0 1.404 218.73 7.74 9.94 -0.35 592.4
1999 4 24 12 47619.5 0.369 248.49 7.74 11.49 1.44 665.5
1999 4 25 12 47733.6 4.135 210.27 7.74 12.28 3.63 678.8
1999 4 26 12 47846.4 2.368 216.18 7.74 13.85 3.46 677.6
1999 4 27 12 47957.8 2.437 235.54 7.74 11.28 2.66 662.6
1999 4 28 12 48067.8 3.468 211.92 7.74 10.86 1.32 610.5
1999 4 29 12 48176.4 4.575 218.42 7.74 11.75 4.00 608.5
1999 4 30 12 48283.5 0.720 219.22 7.74 13.15 4.36 730.9
1999 5 1 12 48389.0 0.794 197.85 7.74 14.02 3.68 685.2
1999 5 2 12 48493.1 0.591 215.34 7.74 14.21 3.89 700.3
1999 5 3 12 48595.5 7.725 235.50 7.74 15.03 4.53 712.5
1999 5 4 12 48696.4 2.514 222.90 7.74 13.49 5.41 699.8
1999 5 5 12 48795.7 2.682 242.54 7.74 10.57 1.38 590.6
1999 5 6 12 48893.3 1.048 246.29 7.74 10.46 1.06 561.7
1999 5 7 12 48989.2 1.454 237.44 7.74 13.18 4.19 674.0
1999 5 8 12 49083.3 7.386 221.82 7.74 16.18 5.73 727.1
1999 5 9 12 49175.8 0.022 234.14 7.74 15.15 5.65 626.3
1999 5 10 12 49266.4 0.090 244.67 7.74 17.31 7.91 742.4
1999 5 11 12 49355.3 3.130 240.90 7.74 13.94 6.29 705.4
1999 5 12 12 49442.4 1.274 214.83 7.74 14.41 5.20 764.2
1999 5 13 12 49527.6 5.044 257.48 7.74 14.86 6.43 764.3
1999 5 14 12 49610.9 0.267 258.21 7.74 15.40 6.65 755.7
1999 5 15 12 49692.3 1.143 244.49 7.74 16.01 6.88 657.7
1999 5 16 12 49771.8 4.978 242.13 7.74 18.24 7.37 766.1
1999 5 17 12 49849.4 3.743 236.94 7.74 15.16 6.14 741.8
1999 5 18 12 49924.9 2.501 246.04 7.74 14.70 4.63 653.9
1999 5 19 12 49998.5 9.587 236.66 7.74 18.35 8.21 788.5
1999 5 20 12 50070.1 0.850 224.25 7.74 17.51 7.33 716.3
1999 5 21 12 50139.7 2.741 235.68 7.74 17.71 8.71 749.7
1999 5 22 12 50207.1 0.424 243.56 7.74 16.62 7.00 743.4
1999 5 23 12 50272.5 1.376 251.23 7.74 14.27 5.23 675.5
1999 5 24 12 50335.9 0.936 272.36 7.74 17.72 7.53 712.6
1999 5 25 12 50397.0 2.707 225.12 7.74 17.66 7.88 768.3
1999 5 26 12 50456.1 1.896 247.90 7.74 16.51 7.32 738.6
1999 5 27 12 50513.0 13.865 235.74 7.74 18.77 8.18 730.4
1999 5 28 12 50567.8 0.377 274.95 7.74 17.77 8.53 800.6
1999 5 29 12 50620.3 3.805 261.49 7.74 18.09 8.47 734.7
1999 5 30 12 50670.7 1.246 240.55 7.74 17.92 8.90 750.2
1999 5 31 12 50718.8 0.019 262.21 7.74 18.22 8.37 780.8
1999 6 1 12 50764.8 1.591 268.20 7.74 16.21 7.44 746.6
1999 6 2 12 50808.5 1.710 272.22 7.74 17.28 7.68 755.4
1999 6 3 12 50849.9 6.662 265.48 7.74 19.31 9.12 792.9
1999 6 4 12 50889.0 2.501 281.61 7.74 23.01 13.81 879.7
1999 6 5 12 50925.9 5.198 246.79 7.74 19.12 9.93 846.8
1999 6 6 12 50960.5 4.390 297.65 7.74 20.26 10.84 895.4
1999 6 7 12 50992.8 4.391 286.61 7.74 23.01 14.06 811.2
1999 6 8 12 51022.8 2.896 267.60 7.74 19.96 11.56 870.8
1999 6 9 12 51050.5 2.247 240.06 7.74 16.35 7.05 750.4
1999 6 10 12 51075.8 0.337 233.87 7.74 19.72 10.99 821.2
1999 6 11 12 51098.8 2.401 238.57 7.74 21.22 12.51 792.7
1999 6 12 12 51119.5 1.219 284.77 7.74 16.16 5.89 771.3
1999 6 13 12 51137.8 4.532 255.34 7.74 17.84 7.28 706.8
1999 6 14 12 51153.7 0.734 254.95 7.74 19.12 8.89 812.8
1999 6 15 12 51167.4 2.833 239.82 7.74 19.55 10.57 806.8
1999 6 16 12 51178.6 1.431 259.84 7.74 21.52 13.01 866.7
1999 6 17 12 51187.5 1.097 264.60 7.74 19.07 11.30 771.2
1999 6 18 12 51194.0 1.215 278.94 7.74 19.68 10.04 757.1
1999 6 19 12 51198.1 1.928 249.77 7.74 20.06 10.79 859.4
1999 6 20 12 51199.9 1.719 235.42 7.74 21.30 11.07 820.4
1999 6 21 12 51199.3 0.671 226.89 7.74 20.05 9.98 859.8
1999 6 22 12 51196.4 2.014 266.29 7.74 22.99 14.59 907.8
1999 6 23 12 51191.0 0.984 252.70 7.74 21.60 12.58 812.6
1999 6 24 12 51183.3 0.935 243.64 7.74 19.50 9.64 853.0
1999 6 25 12 51173.3 0.642 269.93 7.74 24.62 15.58 923.8
1999 6 26 12 51160.8 1.615 270.34 7.74 21.29 12.47 910.4
1999 6 27 12 51146.1 4.282 277.56 7.74 22.01 12.95 846.4
1999 6 28 12 51128.9 0.851 264.65 7.74 23.04 13.14 873.2
1999 6 29 12 51109.4 4.123 261.70 7.74 21.48 12.96 836.1
1999 6 30 12 51087.6 2.794 274.51 7.74 21.66 11.67 807.3
1999 7 1 12 51063.4 1.040 262.90 7.74 21.16 12.35 847.7
1999 7 2 12 51036.9 0.537 283.69 7.74 23.39 14.95 962.6
1999 7 3 12 51008.1 1.410 256.88 7.74 21.43 12.91 860.9
1999 7 4 12 50976.9 2.432 245.88 7.74 22.71 13.30 880.8
1999 7 5 12 50943.5 1.338 274.61 7.74 19.71 10.97 860.2
1999 7 6 12 50907.8 5.374 264.74 7.74 21.17 11.63 813.8
1999 7 7 12 50869.7 2.465 246.06 7.74 20.39 10.62 860.9
1999 7 8 12 50829.4 1.597 277.09 7.74 20.13 9.66 798.5
1999 7 9 12 50786.9 0.612 246.45 7.74 22.52 10.92 822.9
1999 7 10 12 50742.1 4.432 253.41 7.74 23.84 13.03 838.5
1999 7 11 12 50695.1 4.431 226.69 7.74 21.89 13.28 870.7
1999 7 12 12 50645.8 2.474 274.51 7.74 21.27 12.10 860.8
1999 7 13 12 50594.3 5.100 264.52 7.74 23.17 14.42 929.4
1999 7 14 12 50540.7 4.571 265.25 7.74 21.82 11.90 892.1
1999 7 15 12 50484.8 2.246 251.59 7.74 23.68 14.43 837.5
1999 7 16 12 50426.8 1.993 260.76 7.74 21.10 12.40 874.2
1999 7 17 12 50366.7 1.906 262.40 7.74 19.76 10.75 827.3
1999 7 18 12 50304.5 1.135 265.65 7.74 20.15 10.24 869.0
1999 7 19 12 50240.1 0.844 243.54 7.74 22.08 11.26 813.3
1999 7 20 12 50173.7 0.269 248.32 7.74 21.69 11.94 855.3
1999 7 21 12 50105.1 3.422 227.97 7.74 21.53 11.41 841.3
1999 7 22 12 50034.6 0.481 265.18 7.74 21.96 12.41 851.8
1999 7 23 12 49962.0 2.606 242.48 7.74 23.92 13.03 831.6
1999 7 24 12 49887.4 2.205 233.54 7.74 22.21 12.02 788.7
1999 7 25 12 49810.8 1.848 238.31 7.74 25.76 17.20 942.3
1999 7 26 12 49732.3 0.942 226.56 7.74 22.80 13.68 921.3
1999 7 27 12 49651.8 5.229 236.14 7.74 20.98 11.44 827.5
1999 7 28 12 49569.5 0.062 240.13 7.74 21.90 13.23 842.0
1999 7 29 12 49485.2 0.427 259.81 7.74 24.32 14.80 845.8
1999 7 30 12 49399.1 0.287 218.40 7.74 25.56 15.74 941.0
1999 7 31 12 49311.1 2.674 249.72 7.74 22.94 13.98 858.0
1999 8 1 12 49221.3 2.228 247.21 7.74 22.55 12.87 868.4
1999 8 2 12 49129.8 2.222 255.64 7.74 21.88 12.43 825.2
1999 8 3 12 49036.5 1.798 233.43 7.74 23.47 14.28 907.3
1999 8 4 12 48941.4 0.795 233.23 7.74 21.49 13.07 912.5
1999 8 5 12 48844.7 2.574 218.96 7.74 23.43 12.65 822.8
1999 8 6 12 48746.2 2.539 238.20 7.74 20.94 10.54 790.2
1999 8 7 12 48646.2 5.716 244.22 7.74 21.00 9.86 804.9
1999 8 8 12 48544.5 1.072 240.38 7.74 21.88 12.45 854.5
1999 8 9 12 48441.3 0.854 241.92 7.74 24.89 15.88 898.1
1999 8 10 12 48336.4 3.839 231.14 7.74 19.28 10.20 822.9
1999 8 11 12 48230.1 0.410 212.91 7.74 22.31 13.62 848.3
1999 8 12 12 48122.3 1.143 206.16 7.74 21.15 12.75 852.5
1999 8 13 12 48013.0 1.611 212.22 7.74 20.93 12.60 813.2
1999 8 14 12 47902.3 0.221 232.63 7.74 21.59 12.13 833.4
1999 8 15 12 47790.2 0.837 210.93 7.74 22.36 13.01 872.9
1999 8 16 12 47676.7 0.606 241.99 7.74 18.59 9.24 780.0
1999 8 17 12 47561.9 2.417 216.43 7.74 20.81 11.25 829.6
1999 8 18 12 47445.8 2.452 245.85 7.74 20.93 11.77 824.5
1999 8 19 12 47328.5 0.805 186.58 7.74 20.85 11.36 839.1
1999 8 20 12 47209.9 1.882 206.90 7.74 20.38 10.43 780.2
1999 8 21 12 47090.2 2.315 190.71 7.74 20.51 12.18 862.2
1999 8 22 12 46969.3 1.384 220.19 7.74 21.10 10.32 798.0
1999 8 23 12 46847.3 1.790 205.42 7.74 18.45 8.34 767.5
1999 8 24 12 46724.2 0.098 191.69 7.74 20.41 10.62 878.6
1999 8 25 12 46600.0 5.051 225.45 7.74 23.22 13.37 825.0
1999 8 26 12 46474.8 0.172 218.69 7.74 23.02 11.79 853.2
1999 8 27 12 46348.7 5.731 231.75 7.74 19.11 10.51 815.1
1999 8 28 12 46221.7 2.205 178.46 7.74 19.20 9.18 773.8
1999 8 29 12 46093.7 1.391 202.92 7.74 19.00 10.37 806.7
1999 8 30 12 45964.9 3.160 236.36 7.74 18.55 8.45 783.5
1999 8 31 12 45835.3 0.207 243.88 7.74 19.13 10.47 799.3
1999 9 1 12 45704.9 0.269 223.88 7.74 19.59 11.14 889.2
1999 9 2 12 45573.7 0.313 209.11 7.74 18.90 9.41 810.6
1999 9 3 12 45441.8 1.126 219.82 7.74 19.27 10.35 788.6
1999 9 4 12 45309.3 2.977 204.98 7.74 16.97 6.89 756.6
1999 9 5 12 45176.2 0.026 211.47 7.74 18.28 6.91 705.6
1999 9 6 12 45042.4 2.620 191.94 7.74 18.29 8.29 757.2
1999 9 7 12 44908.2 3.466 189.78 7.74 22.12 12.92 905.6
1999 9 8 12 44773.4 5.651 170.29 7.74 19.38 10.89 810.6
1999 9 9 12 44638.1 1.122 189.81 7.74 18.16 9.73 726.9
1999 9 10 12 44502.5 0.131 190.00 7.74 19.00 10.03 764.9
1999 9 11 12 44366.4 1.488 195.00 7.74 16.88 7.24 746.1
1999 9 12 12 44230.0 1.418 224.48 7.74 18.34 9.40 821.0
1999 9 13 12 44093.3 1.334 186.22 7.74 19.13 10.60 811.8
1999 9 14 12 43956.3 1.270 159.49 7.74 18.56 8.20 752.0
1999 9 15 12 43819.1 2.171 177.14 7.74 17.02 8.52 779.5
1999 9 16 12 43681.7 0.143 196.16 7.74 17.70 7.99 741.3
1999 9 17 12 43544.2 0.864 210.18 7.74 16.44 7.23 747.3
1999 9 18 12 43406.5 1.402 203.02 7.74 16.16 6.41 747.0
1999 9 19 12 43268.9 1.348 191.92 7.74 13.19 2.76 693.7
1999 9 20 12 43131.1 0.189 180.26 7.74 16.13 7.87 779.7
1999 9 21 12 42993.5 1.568 178.62 7.74 16.11 7.64 759.8
1999 9 22 12 42855.8 5.562 212.58 7.74 14.35 5.31 687.0
1999 9 23 12 42718.3 0.711 181.77 7.74 18.36 9.62 789.3
1999 9 24 12 42580.9 0.710 165.30 7.74 17.33 7.41 758.5
1999 9 25 12 42443.7 0.096 165.91 7.74 17.19 7.56 745.6
1999 9 26 12 42306.7 1.016 148.16 7.74 14.76 3.82 686.4
1999 9 27 12 42170.0 3.004 151.55 7.74 14.93 5.18 660.5
1999 9 28 12 42033.6 2.191 168.50 7.74 13.01 3.92 652.4
1999 9 29 12 41897.5 5.056 193.06 7.74 16.99 7.22 769.4
1999 9 30 12 41761.9 1.252 164.33 7.74 15.36 6.82 756.6
1999 10 1 12 41626.6 0.142 153.36 7.74 14.60 6.53 744.6
1999 10 2 12 41491.8 0.122 163.45 7.74 14.81 5.20 713.1
1999 10 3 12 41357.6 0.475 171.96 7.74 15.03 5.64 720.4
1999 10 4 12 41223.8 1.073 137.12 7.74 14.70 6.15 709.9
1999 10 5 12 41090.7 0.739 138.81 7.74 13.20 3.09 692.1
1999 10 6 12 40958.2 0.025 173.25 7.74 16.29 7.12 776.3
1999 10 7 12 40826.3 2.010 138.37 7.74 12.63 2.60 664.1
1999 10 8 12 40695.1 0.384 128.19 7.74 12.54 4.31 670.5
1999 10 9 12 40564.7 0.127 130.99 7.74 14.78 5.61 737.5
1999 10 10 12 40435.1 0.053 142.51 7.74 12.81 4.06 684.8
1999 10 11 12 40306.3 1.773 171.38 7.74 13.80 3.77 686.4
1999 10 12 12 40178.3 4.654 127.20 7.74 10.40 -0.78 642.9
1999 10 13 12 40051.3 2.122 160.89 7.74 11.26 1.84 637.2
1999 10 14 12 39925.2 0.342 129.78 7.74 11.12 0.86 564.5
1999 10 15 12 39800.0 0.300 138.80 7.74 8.56 -0.96 625.7
1999 10 16 12 39675.8 1.650 139.08 7.74 11.28 2.82 692.9
1999 10 17 12 39552.7 1.410 141.26 7.74 11.03 3.30 658.7
1999 10 18 12 39430.7 0.516 133.48 7.74 12.30 3.12 683.1
1999 10 19 12 39309.8 0.482 127.14 7.74 11.93 1.31 607.8
1999 10 20 12 39190.1 0.304 161.13 7.74 13.59 4.22 675.6
1999 10 21 12 39071.5 0.714 111.27 7.74 12.67 3.38 655.2
1999 10 22 12 38954.2 3.498 143.10 7.74 9.51 -0.08 619.7
1999 10 23 12 38838.1 0.291 157.36 7.74 9.04 -0.55 616.6
1999 10 24 12 38723.3 6.902 128.84 7.74 10.91 0.92 638.2
1999 10 25 12 38609.8 1.573 152.08 7.74 9.43 -0.11 569.7
1999 10 26 12 38497.7 0.771 152.54 7.74 8.76 -1.04 576.1
1999 10 27 12 38387.0 0.138 135.14 7.74 10.49 0.81 611.6
1999 10 28 12 38277.7 1.004 135.85 7.74 9.14 -1.16 526.9
1999 10 29 12 38169.9 1.195 110.94 7.74 8.42 -1.34 592.8
1999 10 30 12 38063.6 3.175 112.80 7.74 6.33 -2.36 500.6
1999 10 31 12 37958.7 1.978 118.58 7.74 7.05 -2.28 545.2
1999 11 1 12 37855.5 0.964 101.34 7.74 9.02 0.64 638.5
1999 11 2 12 37753.8 1.638 158.33 7.74 6.24 -2.88 539.7
1999 11 3 12 37653.8 0.161 123.25 7.74 5.87 -4.25 489.0
1999 11 4 12 37555.3 1.234 111.03 7.74 8.74 -1.58 552.2
1999 11 5 12 37458.6 0.064 147.86 7.74 5.88 -3.57 570.3
1999 11 6 12 37363.5 1.424 132.99 7.74 7.12 -3.37 510.5
1999 11 7 12 37270.2 0.169 139.37 7.74 8.45 -1.24 511.4
1999 11 8 12 37178.7 1.049 125.57 7.74 7.22 -1.82 584.7
1999 11 9 12 37088.9 0.562 136.05 7.74 7.92 -1.16 546.0
1999 11 10 12 37000.9 1.316 109.28 7.74 6.05 -2.58 526.7
1999 11 11 12 36914.8 1.715 144.76 7.74 2.80 -6.84 468.5
1999 11 12 12 36830.5 2.310 90.23 7.74 6.44 -2.12 523.8
1999 11 13 12 36748.2 0.576 99.06 7.74 6.34 -2.79 529.4
1999 11 14 12 36667.7 0.216 138.74 7.74 7.17 -1.41 513.7
1999 11 15 12 36589.2 0.253 120.72 7.74 4.54 -5.01 469.2
1999 11 16 12 36512.6 6.072 114.31 7.74 4.85 -4.45 497.5
1999 11 17 12 36438.0 4.171 91.99 7.74 6.08 -3.51 541.4
1999 11 18 12 36365.4 1.687 109.69 7.74 6.08 -3.69 497.6
1999 11 19 12 36294.9 0.845 104.91 7.74 4.39 -5.83 500.9
1999 11 20 12 36226.3 1.101 91.95 7.74 6.28 -2.29 569.0
1999 11 21 12 36159.9 0.384 130.09 7.74 3.48 -6.32 439.5
1999 11 22 12 36095.5 1.553 128.33 7.74 2.01 -6.14 479.9
1999 11 23 12 36033.3 3.875 102.99 7.74 5.21 -3.23 553.9
1999 11 24 12 35973.2 0.766 124.69 7.74 3.53 -4.77 462.1
1999 11 25 12 35915.2 1.406 88.67 7.74 4.40 -5.61 490.3
1999 11 26 12 35859.3 1.854 102.82 7.74 3.77 -6.74 431.3
1999 11 27 12 35805.7 5.550 123.44 7.74 2.84 -6.82 492.7
1999 11 28 12 35754.2 0.714 133.52 7.74 3.80 -5.78 524.7
1999 11 29 12 35704.9 3.653 106.49 7.74 4.31 -5.58 558.1
1999 11 30 12 35657.9 0.218 121.94 7.74 3.21 -5.49 467.8
1999 12 1 12 35613.1 5.817 97.74 7.74 3.20 -6.48 458.4
1999 12 2 12 35570.6 3.620 112.42 7.74 2.65 -6.10 448.1
1999 12 3 12 35530.3 0.968 115.95 7.74 3.97 -6.27 449.1
1999 12 4 12 35492.2 2.447 114.10 7.74 2.38 -5.83 510.7
1999 12 5 12 35456.5 0.608 103.34 7.74 2.83 -6.24 458.6
1999 12 6 12 35423.1 0.273 92.87 7.74 3.28 -5.57 501.6
1999 12 7 12 35391.9 2.260 87.41 7.74 1.82 -7.35 489.0
1999 12 8 12 35363.1 0.732 87.58 7.74 0.57 -8.80 433.0
1999 12 9 12 35336.6 4.905 118.68 7.74 2.22 -6.27 450.8
1999 12 10 12 35312.4 0.140 108.85 7.74 1.74 -7.53 489.0
1999 12 11 12 35290.6 1.425 128.60 7.74 -0.58 -10.21 412.0
1999 12 12 12 35271.1 2.369 103.27 7.74 -0.15 -10.51 362.9
1999 12 13 12 35253.9 0.214 113.38 7.74 1.00 -9.25 356.4
1999 12 14 12 35239.2 1.144 132.09 7.74 -0.52 -10.93 359.4
1999 12 15 12 35226.7 0.119 90.18 7.74 0.51 -7.70 407.7
1999 12 16 12 35216.7 3.807 119.42 7.74 0.26 -9.06 380.5
1999 12 17 12 35209.0 2.484 101.20 7.74 -0.23 -9.04 435.4
1999 12 18 12 35203.6 1.501 98.46 7.74 0.91 -8.75 437.8
1999 12 19 12 35200.7 1.041 86.94 7.74 -0.83 -9.56 404.9
1999 12 20 12 35200.1 0.488 93.83 7.74 1.72 -7.29 438.1
1999 12 21 12 35201.9 1.664 96.85 7.74 0.23 -9.29 387.1
1999 12 22 12 35206.0 0.354 99.09 7.74 -2.31 -11.82 407.3
1999 12 23 12 35212.5 4.778 149.21 7.74 -1.96 -11.73 316.6
1999 12 24 12 35221.4 0.848 99.85 7.74 0.72 -9.77 339.6
1999 12 25 12 35232.6 1.259 85.34 7.74 0.41 -8.43 446.1
1999 12 26 12 35246.3 0.950 98.73 7.74 -0.15 -8.67 394.5
1999 12 27 12 35262.2 2.742 117.81 7.74 -0.97 -10.40 399.1
1999 12 28 12 35280.5 1.061 110.00 7.74 -0.39 -10.30 423.5
1999 12 29 12 35301.2 4.458 86.54 7.74 -3.78 -12.94 325.0
1999 12 30 12 35324.2 1.172 92.52 7.74 -3.60 -12.36 349.3
1999 12 31 12 35349.5 1.243 57.62 7.74 -3.31 -12.03 342.4
2000 1 1 12 35377.2 1.404 101.08 7.74 -2.47 -11.43 366.5
2000 1 2 12 35407.2 1.213 132.80 7.74 -3.28 -13.70 377.6
2000 1 3 12 35439.5 4.248 88.32 7.74 -0.68 -9.22 448.1
2000 1 4 12 35474.1 0.702 132.79 7.74 -3.10 -11.75 357.9
2000 1 5 12 35511.0 1.323 102.22 7.74 -2.63 -11.54 388.0
2000 1 6 12 35550.1 4.103 124.98 7.74 -2.15 -11.86 369.2
2000 1 7 12 35591.5 5.633 92.12 7.74 -3.82 -11.75 404.3
2000 1 8 12 35635.2 0.371 119.56 7.74 -0.42 -10.08 404.0
2000 1 9 12 35681.2 0.585 105.68 7.74 -2.97 -12.54 353.7
2000 1 10 12 35729.3 1.218 85.01 7.74 -1.66 -11.25 453.0
2000 1 11 12 35779.7 6.798 90.93 7.74 -2.41 -11.93 376.1
2000 1 12 12 35832.2 1.277 101.45 7.74 0.03 -8.57 437.0
2000 1 13 12 35887.0 2.386 115.01 7.74 -0.63 -10.38 413.9
2000 1 14 12 35943.9 0.674 93.65 7.74 -2.88 -12.34 388.7
2000 1 15 12 36003.0 0.356 128.30 7.74 0.02 -9.77 399.2
2000 1 16 12 36064.1 1.578 116.58 7.74 -2.12 -11.45 332.3
2000 1 17 12 36127.5 3.974 113.97 7.74 -0.41 -9.31 406.1
2000 1 18 12 36192.9 4.370 69.78 7.74 0.49 -8.48 417.2
2000 1 19 12 36260.3 2.385 119.76 7.74 -0.22 -11.43 368.3
2000 1 20 12 36329.9 2.934 118.00 7.74 -2.92 -12.66 320.2
2000 1 21 12 36401.5 1.329 126.65 7.74 -0.84 -8.97 451.1
2000 1 22 12 36475.1 5.417 114.58 7.74 -1.71 -10.45 420.7
2000 1 23 12 36550.6 0.990 120.40 7.74 -1.48 -11.21 353.3
2000 1 24 12 36628.2 2.248 115.42 7.74 -1.01 -9.62 412.9
2000 1 25 12 36707.7 3.872 123.15 7.74 -2.30 -11.76 336.3
2000 1 26 12 36789.1 7.494 101.35 7.74 -1.84 -11.40 402.7
2000 1 27 12 36872.4 0.817 91.72 7.74 -4.28 -13.49 323.9
2000 1 28 12 36957.6 6.903 99.82 7.74 -1.09 -10.89 407.1
2000 1 29 12 37044.7 1.597 126.69 7.74 -1.48 -9.41 451.4
2000 1 30 12 37133.6 1.951 110.72 7.74 -2.47 -9.73 390.6
2000 1 31 12 37224.2 2.277 123.15 7.74 -0.48 -10.38 413.9
2000 2 1 12 37316.7 3.517 106.28 7.74 -0.38 -9.02 392.5
2000 2 2 12 37410.8 2.200 120.35 7.74 -0.25 -8.95 441.1
2000 2 3 12 37506.7 0.483 148.93 7.74 -0.08 -10.32 405.5
2000 2 4 12 37604.3 2.097 142.75 7.74 -1.82 -11.17 399.2
2000 2 5 12 37703.6 0.856 118.55 7.74 -0.34 -9.02 453.5
2000 2 6 12 37804.5 3.372 138.77 7.74 -1.40 -10.99 407.1
2000 2 7 12 37906.9 2.347 122.42 7.74 -1.45 -8.55 444.0
2000 2 8 12 38011.0 3.848 111.33 7.74 -3.33 -11.84 353.3
2000 2 9 12 38116.5 5.122 136.90 7.74 0.54 -8.76 411.4
2000 2 10 12 38223.6 1.376 129.06 7.74 0.18 -8.95 428.4
2000 2 11 12 38332.2 3.493 132.28 7.74 0.72 -8.29 447.9
2000 2 12 12 38442.2 0.533 120.35 7.74 0.68 -8.58 480.8
2000 2 13 12 38553.6 0.347 124.96 7.74 2.35 -8.44 450.8
2000 2 14 12 38666.4 1.199 135.05 7.74 0.97 -9.40 399.8
2000 2 15 12 38780.5 2.678 129.26 7.74 -2.43 -12.16 364.2
2000 2 16 12 38896.0 0.766 162.75 7.74 1.46 -8.17 412.5
2000 2 17 12 39012.7 5.747 127.61 7.74 1.67 -7.60 468.1
2000 2 18 12 39130.6 2.271 139.30 7.74 2.97 -7.69 446.7
2000 2 19 12 39249.8 1.925 125.56 7.74 1.28 -6.92 440.5
2000 2 20 12 39370.1 3.096 120.34 7.74 1.16 -8.35 407.2
2000 2 21 12 39491.6 5.808 130.95 7.74 1.15 -7.80 451.5
2000 2 22 12 39614.2 4.520 129.74 7.74 -0.65 -10.87 419.8
2000 2 23 12 39737.8 4.347 136.74 7.74 1.76 -8.26 474.3
2000 2 24 12 39862.5 1.103 132.40 7.74 2.23 -7.53 435.5
2000 2 25 12 39988.1 2.001 151.55 7.74 -0.58 -10.25 374.4
2000 2 26 12 40114.7 1.855 158.91 7.74 2.36 -7.17 465.7
2000 2 27 12 40242.2 2.211 125.44 7.74 1.39 -8.38 422.4
2000 2 28 12 40370.6 0.275 148.08 7.74 2.79 -6.86 462.5
2000 2 29 12 40499.8 4.828 124.34 7.74 2.71 -6.50 480.7
2000 3 1 12 40629.8 0.079 147.81 7.74 2.73 -7.03 457.8
2000 3 2 12 40760.6 2.854 152.99 7.74 1.76 -8.52 359.7
2000 3 3 12 40892.1 0.759 150.93 7.74 0.60 -7.65 453.6
2000 3 4 12 41024.3 2.518 165.02 7.74 4.60 -4.37 518.9
2000 3 5 12 41157.2 0.187 142.99 7.74 1.68 -8.36 423.5
2000 3 6 12 41290.6 3.196 164.81 7.74 4.04 -5.31 479.9
2000 3 7 12 41424.6 1.487 175.80 7.74 2.80 -6.34 435.3
2000 3 8 12 41559.2 0.841 165.49 7.74 2.86 -7.10 407.2
2000 3 9 12 41694.2 3.620 163.34 7.74 4.52 -5.28 509.7
2000 3 10 12 41829.7 9.531 156.14 7.74 2.42 -6.75 450.4
2000 3 11 12 41965.5 3.789 169.38 7.74 0.74 -8.43 450.6
2000 3 12 12 42101.8 7.510 148.11 7.74 4.28 -5.65 494.1
2000 3 13 12 42238.3 0.484 155.20 7.74 2.74 -5.97 516.6
2000 3 14 12 42375.2 2.884 171.00 7.74 4.25 -5.47 495.4
2000 3 15 12 42512.3 0.634 176.04 7.74 2.69 -6.77 461.3
2000 3 16 12 42649.6 0.696 181.47 7.74 2.47 -4.91 554.3
2000 3 17 12 42787.0 4.004 174.02 7.74 3.76 -4.36 488.6
2000 3 18 12 42924.6 0.407 192.03 7.74 5.19 -3.22 494.4
2000 3 19 12 43062.3 2.722 193.29 7.74 3.75 -6.25 451.0
2000 3 20 12 43200.0 0.429 175.12 7.74 6.57 -3.04 592.1
2000 3 21 12 43337.7 2.500 174.16 7.74 7.35 -2.31 501.6
2000 3 22 12 43475.4 4.757 164.61 7.74 6.31 -1.38 570.4
2000 3 23 12 43613.0 5.204 182.57 7.74 4.71 -6.52 462.8
2000 3 24 12 43750.4 1.516 188.51 7.74 3.39 -6.98 477.7
2000 3 25 12 43887.7 0.990 173.85 7.74 3.76 -4.20 529.5
2000 3 26 12 44024.8 1.892 183.56 7.74 5.24 -4.68 487.2
2000 3 27 12 44161.7 3.272 207.50 7.74 4.85 -3.44 522.2
2000 3 28 12 44298.2 3.551 181.03 7.74 7.91 -0.90 616.7
2000 3 29 12 44434.5 0.849 199.49 7.74 2.54 -6.08 466.7
2000 3 30 12 44570.3 2.283 200.73 7.74 8.66 -1.11 583.7
2000 3 31 12 44705.8 1.999 188.74 7.74 7.55 -2.69 586.4
2000 4 1 12 44840.8 2.171 218.11 7.74 8.96 0.78 606.8
2000 4 2 12 44975.4 9.744 182.31 7.74 4.58 -5.66 519.0
2000 4 3 12 45109.4 2.609 182.22 7.74 9.69 -0.26 592.6
2000 4 4 12 45242.8 8.911 200.83 7.74 7.78 -2.08 565.6
2000 4 5 12 45375.7 11.146 194.14 7.74 9.26 -1.42 591.1
2000 4 6 12 45507.9 4.447 150.42 7.74 6.59 -2.45 558.9
2000 4 7 12 45639.4 5.639 191.30 7.74 6.78 -1.97 473.1
2000 4 8 12 45770.2 2.224 215.43 7.74 9.34 -0.30 595.4
2000 4 9 12 45900.2 3.017 190.95 7.74 10.68 0.52 630.1
2000 4 10 12 46029.4 4.404 216.99 7.74 7.09 -1.98 606.2
2000 4 11 12 46157.8 2.923 220.11 7.74 9.71 0.01 568.9
2000 4 12 12 46285.3 1.220 219.19 7.74 6.60 -1.02 613.1
2000 4 13 12 46411.9 2.275 188.83 7.74 9.70 -0.48 624.1
2000 4 14 12 46537.5 1.982 205.37 7.74 8.20 -0.89 586.7
2000 4 15 12 46662.2 4.259 201.24 7.74 8.45 -1.33 583.4
2000 4 16 12 46785.8 3.851 233.28 7.74 8.51 -0.33 600.7
2000 4 17 12 46908.4 2.832 227.30 7.74 10.99 2.30 676.4
2000 4 18 12 47029.9 0.592 217.19 7.74 7.71 -1.74 581.2
2000 4 19 12 47150.2 7.597 239.61 7.74 6.51 -3.63 510.0
2000 4 20 12 47269.4 8.747 258.74 7.74 9.94 0.44 623.9
2000 4 21 12 47387.3 0.397 204.32 7.74 10.02 2.30 687.8
2000 4 22 12 47504.0 3.715 194.65 7.74 11.40 2.03 572.8
2000 4 23 12 47619.5 3.081 236.72 7.74 9.04 0.31 607.1
2000 4 24 12 47733.6 1.233 219.82 7.74 14.48 4.18 668.5
2000 4 25 12 47846.4 8.517 226.39 7.74 12.77 3.42 717.7
2000 4 26 12 47957.8 4.764 209.62 7.74 12.19 2.86 685.5
2000 4 27 12 48067.8 6.622 213.20 7.74 12.25 3.35 665.2
2000 4 28 12 48176.4 1.759 235.71 7.74 11.01 0.64 603.8
2000 4 29 12 48283.5 10.070 217.35 7.74 12.09 1.73 652.1
2000 4 30 12 48389.0 0.032 239.76 7.74 13.40 3.51 682.3
2000 5 1 12 48493.1 2.568 258.43 7.74 13.77 4.70 695.1
2000 5 2 12 48595.5 0.309 252.71 7.74 16.52 7.30 790.9
2000 5 3 12 48696.4 2.020 242.21 7.74 13.22 3.87 686.0
2000 5 4 12 48795.7 1.431 251.59 7.74 12.81 3.24 652.8
2000 5 5 12 48893.3 1.863 219.27 7.74 14.29 5.67 657.1
2000 5 6 12 48989.2 3.963 239.95 7.74 12.79 3.88 682.5
2000 5 7 12 49083.3 3.314 232.69 7.74 12.68 4.48 728.3
2000 5 8 12 49175.8 7.438 230.55 7.74 15.85 6.21 726.8
2000 5 9 12 49266.4 6.558 265.34 7.74 13.19 4.61 641.3
2000 5 10 12 49355.3 6.510 266.02 7.74 15.55 6.59 766.0
2000 5 11 12 49442.4 2.436 237.41 7.74 14.57 5.37 685.3
2000 5 12 12 49527.6 1.723 234.53 7.74 14.42 3.63 675.6
2000 5 13 12 49610.9 0.424 249.27 7.74 14.54 5.00 655.7
2000 5 14 12 49692.3 1.652 242.89 7.74 18.69 8.65 689.3
2000 5 15 12 49771.8 2.732 251.28 7.74 17.13 7.52 762.0
2000 5 16 12 49849.4 0.524 251.20 7.74 15.57 5.71 728.6
2000 5 17 12 49924.9 6.400 262.71 7.74 12.94 3.38 677.5
2000 5 18 12 49998.5 5.358 256.01 7.74 15.65 5.87 728.4
2000 5 19 12 50070.1 0.218 273.43 7.74 17.17 8.04 800.0
2000 5 20 12 50139.7 0.699 228.86 7.74 15.39 3.67 697.5
2000 5 21 12 50207.1 1.398 253.44 7.74 17.79 8.55 792.6
2000 5 22 12 50272.5 6.577 242.31 7.74 18.11 8.98 712.4
2000 5 23 12 50335.9 2.256 215.29 7.74 16.50 7.62 792.6
2000 5 24 12 50397.0 1.882 228.43 7.74 14.49 5.24 717.7
2000 5 25 12 50456.1 2.604 214.55 7.74 19.15 10.21 780.0
2000 5 26 12 50513.0 1.691 251.95 7.74 18.66 8.19 771.6
2000 5 27 12 50567.8 1.358 279.64 7.74 16.70 7.97 772.7
2000 5 28 12 50620.3 0.511 256.22 7.74 17.08 7.51 721.0
2000 5 29 12 50670.7 2.420 266.71 7.74 18.24 8.47 807.3
2000 5 30 12 50718.8 0.764 257.65 7.74 18.27 9.53 760.8
2000 5 31 12 50764.8 2.382 244.31 7.74 20.44 10.95 777.3
2000 6 1 12 50808.5 0.844 243.99 7.74 18.57 8.41 739.3
2000 6 2 12 50849.9 5.245 264.98 7.74 18.03 9.42 857.2
2000 6 3 12 50889.0 6.922 255.98 7.74 21.28 11.13 810.9
2000 6 4 12 50925.9 1.825 256.87 7.74 17.96 7.53 721.3
2000 6 5 12 50960.5 4.696 258.06 7.74 15.64 6.82 710.1
2000 6 6 12 50992.8 1.713 267.37 7.74 17.69 7.65 740.7
2000 6 7 12 51022.8 12.158 273.12 7.74 19.40 9.16 795.8
2000 6 8 12 51050.5 0.807 251.73 7.74 21.42 12.68 853.2
2000 6 9 12 51075.8 5.315 258.73 7.74 21.01 10.96 852.6
2000 6 10 12 51098.8 0.372 246.99 7.74 23.06 14.90 929.7
2000 6 11 12 51119.5 0.208 248.27 7.74 21.79 13.42 861.2
2000 6 12 12 51137.8 6.940 256.59 7.74 20.92 12.48 879.8
2000 6 13 12 51153.7 0.419 261.55 7.74 20.65 12.49 814.7
2000 6 14 12 51167.4 1.296 244.70 7.74 22.71 12.69 871.4
2000 6 15 12 51178.6 3.689 256.11 7.74 17.84 10.94 826.3
2000 6 16 12 51187.5 1.468 268.68 7.74 21.66 12.92 827.6
2000 6 17 12 51194.0 12.613 277.43 7.74 21.16 11.19 807.0
2000 6 18 12 51198.1 2.109 214.47 7.74 20.58 9.89 822.4
2000 6 19 12 51199.9 1.694 277.69 7.74 20.13 9.85 818.7
2000 6 20 12 51199.3 5.056 249.19 7.74 20.40 9.02 800.9
2000 6 21 12 51196.4 2.160 237.36 7.74 20.60 10.67 765.5
2000 6 22 12 51191.0 0.571 248.64 7.74 22.69 13.24 893.7
2000 6 23 12 51183.3 4.057 256.18 7.74 20.91 12.19 818.2
2000 6 24 12 51173.3 3.196 237.86 7.74 22.95 13.00 856.0
2000 6 25 12 51160.8 2.874 237.27 7.74 20.37 11.70 854.7
2000 6 26 12 51146.1 2.509 261.31 7.74 22.70 13.73 799.0
2000 6 27 12 51128.9 1.291 252.94 7.74 22.11 11.85 816.3
2000 6 28 12 51109.4 4.093 291.06 7.74 24.50 14.88 919.6
2000 6 29 12 51087.6 8.453 242.45 7.74 21.96 12.65 772.2
2000 6 30 12 51063.4 2.373 289.33 7.74 22.39 12.66 850.2
2000 7 1 12 51036.9 4.571 243.46 7.74 22.53 12.85 850.0
2000 7 2 12 51008.1 3.919 242.79 7.74 23.53 12.72 827.9
2000 7 3 12 50976.9 0.794 248.15 7.74 24.43 15.76 930.4
2000 7 4 12 50943.5 1.910 230.49 7.74 22.58 14.57 942.7
2000 7 5 12 50907.8 0.287 246.42 7.74 21.98 12.97 844.3
2000 7 6 12 50869.7 5.347 247.08 7.74 25.11 16.06 942.2
2000 7 7 12 50829.4 3.703 281.12 7.74 20.51 11.41 803.9
2000 7 8 12 50786.9 1.582 257.29 7.74 22.62 12.89 909.4
2000 7 9 12 50742.1 1.311 261.66 7.74 26.42 17.28 948.4
2000 7 10 12 50695.1 0.384 250.64 7.74 23.78 14.31 892.7
2000 7 11 12 50645.8 0.118 251.79 7.74 23.74 13.34 875.2
2000 7 12 12 50594.3 6.061 265.71 7.74 22.52 13.59 906.1
2000 7 13 12 50540.7 4.451 256.37 7.74 23.62 14.74 917.6
2000 7 14 12 50484.8 1.303 243.91 7.74 22.49 12.62 802.7
2000 7 15 12 50426.8 0.663 239.73 7.74 22.72 13.58 884.8
2000 7 16 12 50366.7 0.726 230.80 7.74 23.07 14.23 858.7
2000 7 17 12 50304.5 1.092 241.43 7.74 22.20 12.59 895.3
2000 7 18 12 50240.1 7.013 274.61 7.74 20.42 10.57 823.9
2000 7 19 12 50173.7 4.624 234.32 7.74 23.81 15.27 893.8
2000 7 20 12 50105.1 0.964 248.14 7.74 21.77 13.14 877.2
2000 7 21 12 50034.6 3.456 254.77 7.74 21.96 12.16 867.2
2000 7 22 12 49962.0 0.258 238.26 7.74 22.58 13.22 805.5
2000 7 23 12 49887.4 2.668 272.37 7.74 21.05 11.91 817.1
2000 7 24 12 49810.8 0.649 247.94 7.74 22.25 14.57 889.6
2000 7 25 12 49732.3 0.617 244.40 7.74 22.16 13.85 903.1
2000 7 26 12 49651.8 0.579 256.85 7.74 20.79 11.14 867.6
2000 7 27 12 49569.5 1.186 230.35 7.74 23.57 13.39 911.4
2000 7 28 12 49485.2 2.568 241.07 7.74 22.08 11.96 829.1
2000 7 29 12 49399.1 3.132 233.75 7.74 24.08 14.72 869.8
2000 7 30 12 49311.1 2.950 275.96 7.74 22.90 13.40 833.0
2000 7 31 12 49221.3 2.134 268.36 7.74 22.55 11.95 853.3
2000 8 1 12 49129.8 1.216 253.53 7.74 20.45 11.77 837.9
2000 8 2 12 49036.5 1.581 239.59 7.74 19.00 9.98 800.5
2000 8 3 12 48941.4 4.805 246.94 7.74 23.38 12.93 864.8
2000 8 4 12 48844.7 0.546 247.97 7.74 21.61 12.37 879.7
2000 8 5 12 48746.2 1.188 256.04 7.74 21.99 12.70 865.4
2000 8 6 12 48646.2 1.028 244.67 7.74 18.98 10.21 813.7
2000 8 7 12 48544.5 1.117 192.03 7.74 21.44 12.15 797.2
2000 8 8 12 48441.3 0.465 226.82 7.74 22.50 12.85 816.7
2000 8 9 12 48336.4 0.108 241.25 7.74 19.77 11.02 776.8
2000 8 10 12 48230.1 2.902 225.82 7.74 22.56 13.34 884.5
2000 8 11 12 48122.3 0.071 246.88 7.74 20.07 12.27 879.3
2000 8 12 12 48013.0 0.986 207.13 7.74 23.14 14.75 892.5
2000 8 13 12 47902.3 0.617 234.34 7.74 21.05 12.61 804.2
2000 8 14 12 47790.2 0.029 253.30 7.74 21.03 12.36 892.5
2000 8 15 12 47676.7 0.012 238.55 7.74 21.67 12.68 848.0
2000 8 16 12 47561.9 1.889 233.15 7.74 23.21 12.80 856.2
2000 8 17 12 47445.8 4.002 215.67 7.74 19.48 10.00 743.9
2000 8 18 12 47328.5 0.429 244.08 7.74 21.28 10.96 805.2
2000 8 19 12 47209.9 8.462 201.62 7.74 20.28 10.53 819.2
2000 8 20 12 47090.2 0.870 225.96 7.74 19.19 9.13 840.1
2000 8 21 12 46969.3 0.233 204.51 7.74 20.46 11.10 890.8
2000 8 22 12 46847.3 2.060 199.22 7.74 19.59 9.89 770.7
2000 8 23 12 46724.2 2.569 222.28 7.74 20.02 11.24 853.3
2000 8 24 12 46600.0 1.158 218.15 7.74 22.06 12.70 816.5
2000 8 25 12 46474.8 0.625 211.83 7.74 20.44 10.53 831.9
2000 8 26 12 46348.7 0.501 211.78 7.74 20.38 12.42 839.2
2000 8 27 12 46221.7 3.568 196.31 7.74 20.62 11.53 827.4
2000 8 28 12 46093.7 3.247 222.89 7.74 18.10 9.41 792.8
2000 8 29 12 45964.9 0.504 208.66 7.74 18.86 9.75 786.9
2000 8 30 12 45835.3 3.551 247.93 7.74 19.42 9.46 784.9
2000 8 31 12 45704.9 4.928 222.42 7.74 19.51 10.28 757.9
2000 9 1 12 45573.7 2.467 206.98 7.74 20.17 11.06 876.3
2000 9 2 12 45441.8 0.936 198.14 7.74 19.56 9.91 807.4
2000 9 3 12 45309.3 1.873 195.84 7.74 17.27 8.37 745.6
2000 9 4 12 45176.2 0.113 200.97 7.74 19.30 8.85 833.0
2000 9 5 12 45042.4 1.725 237.80 7.74 19.92 9.72 787.2
2000 9 6 12 44908.2 0.733 194.68 7.74 17.35 8.34 779.8
2000 9 7 12 44773.4 2.344 187.88 7.74 17.65 9.53 821.8
2000 9 8 12 44638.1 3.898 181.31 7.74 14.93 4.99 696.0
2000 9 9 12 44502.5 1.452 182.96 7.74 17.92 8.53 716.4
2000 9 10 12 44366.4 3.764 180.11 7.74 17.19 7.87 757.7
2000 9 11 12 44230.0 1.767 208.10 7.74 18.75 10.44 881.4
2000 9 12 12 44093.3 1.140 181.90 7.74 17.14 7.64 778.0
2000 9 13 12 43956.3 2.217 204.07 7.74 21.39 12.26 841.2
2000 9 14 12 43819.1 2.505 213.41 7.74 19.14 9.88 819.1
2000 9 15 12 43681.7 1.019 175.62 7.74 18.37 9.25 761.9
2000 9 16 12 43544.2 5.867 183.61 7.74 17.90 7.88 735.1
2000 9 17 12 43406.5 1.457 179.83 7.74 14.92 6.53 803.3
2000 9 18 12 43268.9 0.372 190.30 7.74 16.36 6.06 718.4
2000 9 19 12 43131.1 1.043 192.58 7.74 16.20 5.57 712.9
2000 9 20 12 42993.5 0.178 155.37 7.74 18.51 8.61 766.1
2000 9 21 12 42855.8 0.744 156.15 7.74 16.66 7.70 781.2
2000 9 22 12 42718.3 0.594 182.38 7.74 16.68 8.17 735.4
2000 9 23 12 42580.9 0.332 190.19 7.74 16.72 7.78 827.5
2000 9 24 12 42443.7 1.402 191.98 7.74 14.35 4.82 679.5
2000 9 25 12 42306.7 1.788 165.75 7.74 17.58 9.26 837.2
2000 9 26 12 42170.0 0.069 158.40 7.74 14.42 5.73 753.5
2000 9 27 12 42033.6 1.938 161.12 7.74 16.33 6.68 770.6
2000 9 28 12 41897.5 0.163 162.56 7.74 16.20 6.46 763.2
2000 9 29 12 41761.9 0.042 149.28 7.74 13.64 4.24 703.5
2000 9 30 12 41626.6 0.748 159.97 7.74 14.74 5.98 724.1
2000 10 1 12 41491.8 1.526 183.21 7.74 14.49 5.12 729.3
2000 10 2 12 41357.6 1.503 133.02 7.74 13.67 5.15 732.4
2000 10 3 12 41223.8 0.358 160.88 7.74 14.76 4.57 644.4
2000 10 4 12 41090.7 1.394 163.07 7.74 14.04 4.02 686.6
2000 10 5 12 40958.2 1.028 178.09 7.74 12.63 2.61 677.8
2000 10 6 12 40826.3 0.585 146.55 7.74 13.48 4.75 637.9
2000 10 7 12 40695.1 1.384 192.34 7.74 11.83 2.28 599.0
2000 10 8 12 40564.7 0.178 140.99 7.74 15.90 7.36 765.3
2000 10 9 12 40435.1 0.465 155.68 7.74 10.44 1.25 657.1
2000 10 10 12 40306.3 0.545 135.32 7.74 12.62 4.23 676.6
2000 10 11 12 40178.3 2.376 137.92 7.74 11.50 1.70 601.7
2000 10 12 12 40051.3 2.002 156.05 7.74 12.04 3.83 663.3
2000 10 13 12 39925.2 1.378 150.35 7.74 10.45 1.82 601.3
2000 10 14 12 39800.0 0.284 152.43 7.74 12.14 4.17 674.9
2000 10 15 12 39675.8 0.200 129.49 7.74 12.76 3.55 637.3
2000 10 16 12 39552.7 1.322 167.76 7.74 11.43 0.57 592.4
2000 10 17 12 39430.7 1.798 148.05 7.74 13.52 4.28 656.2
2000 10 18 12 39309.8 1.529 141.06 7.74 9.33 0.94 645.6
2000 10 19 12 39190.1 1.369 144.39 7.74 12.38 3.29 702.5
2000 10 20 12 39071.5 0.107 156.11 7.74 9.69 0.16 589.6
2000 10 21 12 38954.2 1.037 124.15 7.74 10.41 1.32 582.0
2000 10 22 12 38838.1 0.701 121.88 7.74 11.58 2.56 597.0
2000 10 23 12 38723.3 0.055 125.90 7.74 9.59 -0.85 573.0
2000 10 24 12 38609.8 0.231 88.06 7.74 6.56 -3.24 550.0
2000 10 25 12 38497.7 3.216 109.55 7.74 9.68 0.21 624.0
2000 10 26 12 38387.0 1.614 112.53 7.74 9.33 0.39 561.4
2000 10 27 12 38277.7 0.364 129.75 7.74 7.38 -0.41 592.0
2000 10 28 12 38169.9 1.708 121.75 7.74 6.88 -2.79 546.3
2000 10 29 12 38063.6 1.203 145.79 7.74 9.83 0.50 696.9
2000 10 30 12 37958.7 0.235 125.80 7.74 9.06 -2.61 535.1
2000 10 31 12 37855.5 0.232 120.01 7.74 8.05 -0.72 606.5
2000 11 1 12 37753.8 0.133 115.38 7.74 7.43 -2.99 480.0
2000 11 2 12 37653.8 5.122 151.10 7.74 9.10 -0.50 563.2
2000 11 3 12 37555.3 0.973 112.12 7.74 9.35 1.61 629.0
2000 11 4 12 37458.6 1.895 124.67 7.74 4.67 -4.99 526.2
2000 11 5 12 37363.5 0.440 128.76 7.74 9.11 -1.00 610.8
2000 11 6 12 37270.2 0.313 121.70 7.74 6.98 -2.54 527.2
2000 11 7 12 37178.7 0.231 96.44 7.74 5.07 -3.91 583.4
2000 11 8 12 37088.9 1.864 137.98 7.74 8.14 -1.91 546.6
2000 11 9 12 37000.9 0.191 111.17 7.74 7.07 -1.16 624.8
2000 11 10 12 36914.8 0.584 91.00 7.74 5.38 -2.43 526.3
2000 11 11 12 36830.5 2.351 118.25 7.74 3.85 -4.97 533.2
2000 11 12 12 36748.2 1.349 139.80 7.74 4.33 -5.17 477.3
2000 11 13 12 36667.7 1.101 90.48 7.74 6.11 -4.14 493.4
2000 11 14 12 36589.2 1.983 115.96 7.74 2.31 -8.40 487.4
2000 11 15 12 36512.6 2.028 108.23 7.74 4.42 -4.85 516.2
2000 11 16 12 36438.0 3.441 100.82 7.74 5.05 -3.49 520.3
2000 11 17 12 36365.4 1.584 89.84 7.74 5.66 -3.44 567.2
2000 11 18 12 36294.9 1.218 116.43 7.74 5.45 -2.61 531.1
2000 11 19 12 36226.3 2.185 111.95 7.74 4.11 -6.23 464.1
2000 11 20 12 36159.9 5.432 104.79 7.74 4.66 -4.45 517.9
2000 11 21 12 36095.5 3.440 115.23 7.74 5.41 -3.32 525.0
2000 11 22 12 36033.3 11.718 113.07 7.74 3.95 -5.35 546.0
2000 11 23 12 35973.2 0.557 94.39 7.74 0.81 -9.19 444.8
2000 11 24 12 35915.2 0.402 97.26 7.74 0.62 -8.14 445.2
2000 11 25 12 35859.3 0.305 75.99 7.74 2.65 -7.56 466.9
2000 11 26 12 35805.7 0.132 102.87 7.74 2.49 -6.73 451.6
2000 11 27 12 35754.2 4.058 121.63 7.74 4.64 -4.41 438.3
2000 11 28 12 35704.9 1.635 91.29 7.74 3.96 -3.93 534.7
2000 11 29 12 35657.9 0.483 110.63 7.74 1.37 -9.51 364.5
2000 11 30 12 35613.1 1.993 113.62 7.74 5.58 -4.37 523.5
2000 12 1 12 35570.6 1.381 126.62 7.74 3.78 -5.30 527.3
2000 12 2 12 35530.3 0.169 109.83 7.74 1.48 -7.34 431.9
2000 12 3 12 35492.2 2.449 107.57 7.74 3.06 -6.51 523.0
2000 12 4 12 35456.5 3.300 126.58 7.74 2.39 -6.95 430.0
2000 12 5 12 35423.1 2.048 114.55 7.74 0.50 -9.51 454.9
2000 12 6 12 35391.9 1.800 111.91 7.74 -1.39 -11.20 342.2
2000 12 7 12 35363.1 0.356 80.91 7.74 2.87 -6.18 442.2
2000 12 8 12 35336.6 1.349 88.41 7.74 -0.41 -9.84 396.7
2000 12 9 12 35312.4 2.145 114.53 7.74 2.16 -7.96 456.4
2000 12 10 12 35290.6 1.626 103.73 7.74 1.11 -8.90 461.2
2000 12 11 12 35271.1 0.461 110.40 7.74 1.48 -7.89 454.9
2000 12 12 12 35253.9 0.251 116.81 7.74 1.22 -7.76 480.9
2000 12 13 12 35239.2 3.002 87.55 7.74 -0.19 -9.40 365.1
2000 12 14 12 35226.7 1.004 121.03 7.74 0.42 -9.29 405.2
2000 12 15 12 35216.7 4.613 96.34 7.74 -1.45 -12.04 309.1
2000 12 16 12 35209.0 3.143 83.39 7.74 0.23 -9.72 378.1
2000 12 17 12 35203.6 1.540 98.07 7.74 -0.53 -10.11 401.9
2000 12 18 12 35200.7 3.760 92.11 7.74 -2.88 -13.27 363.3
2000 12 19 12 35200.1 4.694 102.66 7.74 -1.68 -11.88 348.0
2000 12 20 12 35201.9 0.829 109.98 7.74 -2.14 -11.77 367.1
2000 12 21 12 35206.0 1.411 79.54 7.74 -1.27 -10.56 419.4
2000 12 22 12 35212.5 2.035 88.99 7.74 -1.12 -10.92 377.6
2000 12 23 12 35221.4 0.780 114.47 7.74 1.08 -8.29 435.0
2000 12 24 12 35232.6 0.095 106.20 7.74 -0.63 -10.44 402.3
2000 12 25 12 35246.3 1.583 108.45 7.74 0.12 -8.62 446.7
2000 12 26 12 35262.2 0.555 100.30 7.74 -1.13 -10.56 432.4
2000 12 27 12 35280.5 0.504 127.55 7.74 -0.84 -10.31 392.5
2000 12 28 12 35301.2 3.821 105.05 7.74 0.03 -8.70 435.5
2000 12 29 12 35324.2 0.998 85.63 7.74 0.45 -8.83 437.0
2000 12 30 12 35349.5 6.654 103.50 7.74 -2.80 -12.53 390.0
2000 12 31 12 35377.2 1.024 76.98 7.74 -2.58 -13.02 363.4
2001 1 1 12 35377.2 3.896 55.00 7.74 0.64 -7.43 481.5
2001 1 2 12 35407.2 0.269 101.18 7.74 -2.98 -13.65 303.6
2001 1 3 12 35439.5 5.086 86.48 7.74 -0.58 -11.44 340.5
2001 1 4 12 35474.1 2.038 117.96 7.74 -2.96 -13.61 320.3
2001 1 5 12 35511.0 12.312 115.38 7.74 -2.52 -11.03 313.5
2001 1 6 12 35550.1 1.311 124.58 7.74 -2.08 -10.10 375.1
2001 1 7 12 35591.5 6.440 102.10 7.74 -1.37 -11.54 340.1
2001 1 8 12 35635.2 5.247 102.20 7.74 -1.27 -10.25 400.0
2001 1 9 12 35681.2 0.650 95.16 7.74 0.81 -7.99 413.4
2001 1 10 12 35729.3 10.738 85.95 7.74 -2.43 -12.79 291.7
2001 1 11 12 35779.7 3.029 79.57 7.74 -1.36 -9.76 425.7
2001 1 12 12 35832.2 1.327 97.94 7.74 -1.11 -11.36 361.8
2001 1 13 12 35887.0 2.372 111.68 7.74 1.40 -6.90 514.5
2001 1 14 12 35943.9 0.876 114.23 7.74 -0.58 -10.34 404.0
2001 1 15 12 36003.0 2.666 114.55 7.74 -0.32 -10.07 365.0
2001 1 16 12 36064.1 1.770 111.31 7.74 0.76 -10.32 387.2
2001 1 17 12 36127.5 5.807 109.50 7.74 2.20 -7.13 495.2
2001 1 18 12 36192.9 0.615 101.80 7.74 -0.89 -9.41 379.6
2001 1 19 12 36260.3 0.942 115.38 7.74 -2.48 -12.62 344.3
2001 1 20 12 36329.9 0.433 83.86 7.74 0.85 -8.69 449.4
2001 1 21 12 36401.5 4.736 105.01 7.74 -0.62 -11.35 365.9
2001 1 22 12 36475.1 3.702 98.15 7.74 -0.06 -9.69 421.6
2001 1 23 12 36550.6 1.083 125.62 7.74 -1.06 -10.11 426.9
2001 1 24 12 36628.2 11.070 78.68 7.74 0.12 -8.83 403.3
2001 1 25 12 36707.7 0.211 101.78 7.74 -3.82 -13.31 327.8
2001 1 26 12 36789.1 6.367 123.89 7.74 -1.51 -10.46 381.9
2001 1 27 12 36872.4 4.547 127.16 7.74 -3.24 -13.12 317.6
2001 1 28 12 36957.6 2.026 120.63 7.74 -0.98 -11.90 390.1
2001 1 29 12 37044.7 2.382 111.23 7.74 0.30 -8.60 449.3
2001 1 30 12 37133.6 1.778 118.03 7.74 0.56 -8.62 460.5
2001 1 31 12 37224.2 7.551 80.17 7.74 0.27 -8.75 413.6
2001 2 1 12 37316.7 6.332 88.75 7.74 -3.51 -13.28 372.7
2001 2 2 12 37410.8 0.303 90.01 7.74 -2.32 -11.69 368.7
2001 2 3 12 37506.7 0.975 150.68 7.74 0.83 -8.41 493.1
2001 2 4 12 37604.3 2.683 132.64 7.74 -3.19 -11.78 335.1
2001 2 5 12 37703.6 13.924 102.37 7.74 -0.76 -8.55 453.6
2001 2 6 12 37804.5 2.701 170.39 7.74 -1.70 -11.86 394.0
2001 2 7 12 37906.9 0.506 126.39 7.74 -1.99 -11.10 426.1
2001 2 8 12 38011.0 5.144 112.21 7.74 -4.81 -14.76 328.4
2001 2 9 12 38116.5 1.329 132.97 7.74 -1.33 -12.49 337.4
2001 2 10 12 38223.6 1.668 117.68 7.74 0.41 -8.19 402.7
2001 2 11 12 38332.2 0.294 114.76 7.74 -1.16 -12.17 406.9
2001 2 12 12 38442.2 8.204 135.03 7.74 0.42 -9.34 400.4
2001 2 13 12 38553.6 0.973 81.75 7.74 0.21 -9.27 426.4
2001 2 14 12 38666.4 2.859 140.35 7.74 -0.34 -10.83 413.1
2001 2 15 12 38780.5 1.195 157.11 7.74 -1.35 -10.86 365.3
2001 2 16 12 38896.0 0.989 142.52 7.74 -0.90 -9.74 354.6
2001 2 17 12 39012.7 6.178 147.01 7.74 -0.35 -10.44 385.2
2001 2 18 12 39130.6 4.674 150.45 7.74 -1.84 -10.71 391.1
2001 2 19 12 39249.8 2.309 165.26 7.74 -1.94 -10.72 396.9
2001 2 20 12 39370.1 3.767 148.51 7.74 0.77 -7.02 446.5
2001 2 21 12 39491.6 4.637 169.66 7.74 1.13 -7.38 441.1
2001 2 22 12 39614.2 0.598 145.26 7.74 1.20 -8.60 405.3
2001 2 23 12 39737.8 17.126 154.65 7.74 -1.11 -10.69 406.1
2001 2 24 12 39862.5 11.720 161.80 7.74 1.05 -8.79 433.9
2001 2 25 12 39988.1 1.155 135.11 7.74 2.04 -8.09 387.2
2001 2 26 12 40114.7 0.670 147.26 7.74 0.11 -10.34 320.5
2001 2 27 12 40242.2 2.587 146.25 7.74 1.08 -6.88 463.4
2001 2 28 12 40370.6 1.875 149.51 7.74 1.35 -9.04 439.9
2001 3 1 12 40499.8 2.311 164.14 7.74 2.68 -6.63 490.0
2001 3 2 12 40629.8 1.150 172.14 7.74 1.98 -7.78 467.5
2001 3 3 12 40760.6 0.705 142.35 7.74 3.18 -6.70 485.4
2001 3 4 12 40892.1 1.444 138.03 7.74 2.36 -6.01 454.1
2001 3 5 12 41024.3 4.701 146.12 7.74 0.67 -8.12 381.6
2001 3 6 12 41157.2 2.601 166.00 7.74 0.58 -9.21 450.7
2001 3 7 12 41290.6 6.615 184.91 7.74 3.07 -6.55 484.7
2001 3 8 12 41424.6 1.062 159.90 7.74 0.13 -9.08 393.6
2001 3 9 12 41559.2 0.785 184.32 7.74 5.96 -4.63 533.7
2001 3 10 12 41694.2 22.285 186.53 7.74 4.34 -5.25 495.0
2001 3 11 12 41829.7 1.614 142.76 7.74 1.62 -7.64 460.8
2001 3 12 12 41965.5 3.707 190.97 7.74 1.54 -7.19 484.5
2001 3 13 12 42101.8 2.142 177.70 7.74 0.64 -9.19 358.4
2001 3 14 12 42238.3 2.807 171.44 7.74 6.91 -2.33 528.0
2001 3 15 12 42375.2 2.368 168.66 7.74 4.28 -4.78 543.3
2001 3 16 12 42512.3 1.425 163.69 7.74 4.11 -3.93 516.5
2001 3 17 12 42649.6 9.181 180.09 7.74 4.60 -4.26 511.9
2001 3 18 12 42787.0 0.484 184.23 7.74 1.30 -8.70 435.9
2001 3 19 12 42924.6 5.368 175.61 7.74 2.14 -7.02 463.5
2001 3 20 12 43062.3 1.902 196.39 7.74 4.10 -6.72 492.5
2001 3 21 12 43200.0 1.702 183.00 7.74 4.38 -4.67 539.7
2001 3 22 12 43337.7 1.339 175.11 7.74 5.18 -3.29 520.4
2001 3 23 12 43475.4 2.583 199.78 7.74 4.05 -4.57 482.6
2001 3 24 12 43613.0 5.978 209.66 7.74 3.13 -6.28 428.9
2001 3 25 12 43750.4 1.785 155.07 7.74 5.61 -4.74 451.9
2001 3 26 12 43887.7 3.672 158.94 7.74 3.41 -7.08 458.7
2001 3 27 12 44024.8 9.885 165.87 7.74 5.53 -2.40 530.9
2001 3 28 12 44161.7 2.279 189.97 7.74 5.72 -6.03 460.3
2001 3 29 12 44298.2 2.814 195.68 7.74 5.79 -3.43 522.8
2001 3 30 12 44434.5 2.552 186.58 7.74 4.02 -5.56 439.4
2001 3 31 12 44570.3 0.098 191.48 7.74 6.48 -2.83 532.0
2001 4 1 12 44705.8 1.293 167.71 7.74 3.95 -5.10 543.0
2001 4 2 12 44840.8 4.084 153.93 7.74 6.28 -3.14 538.1
2001 4 3 12 44975.4 13.209 182.81 7.74 8.37 -1.33 582.1
2001 4 4 12 45109.4 7.329 220.45 7.74 6.66 -3.55 570.6
2001 4 5 12 45242.8 6.855 208.93 7.74 4.74 -5.48 516.1
2001 4 6 12 45375.7 2.599 198.72 7.74 8.09 -1.47 591.5
2001 4 7 12 45507.9 0.702 205.98 7.74 10.37 1.40 638.0
2001 4 8 12 45639.4 0.518 222.96 7.74 6.17 -2.57 556.8
2001 4 9 12 45770.2 1.431 213.65 7.74 10.39 -0.39 587.0
2001 4 10 12 45900.2 2.738 221.24 7.74 6.97 -2.38 622.6
2001 4 11 12 46029.4 1.451 205.78 7.74 8.27 -1.98 565.9
2001 4 12 12 46157.8 1.362 223.52 7.74 9.74 1.35 673.9
2001 4 13 12 46285.3 2.382 216.71 7.74 7.72 -1.89 584.7
2001 4 14 12 46411.9 0.165 219.23 7.74 6.31 -2.09 579.5
2001 4 15 12 46537.5 1.961 195.09 7.74 8.46 -0.10 619.3
2001 4 16 12 46662.2 2.869 222.07 7.74 12.91 3.84 653.1
2001 4 17 12 46785.8 2.619 213.60 7.74 8.61 -1.96 483.1
2001 4 18 12 46908.4 2.372 235.65 7.74 9.64 0.54 618.2
2001 4 19 12 47029.9 3.890 192.42 7.74 10.28 1.58 633.6
2001 4 20 12 47150.2 0.045 238.43 7.74 11.30 0.73 568.0
2001 4 21 12 47269.4 1.289 224.22 7.74 12.79 1.65 630.5
2001 4 22 12 47387.3 7.995 239.40 7.74 12.49 2.16 659.7
2001 4 23 12 47504.0 9.371 204.15 7.74 11.33 1.68 644.2
2001 4 24 12 47619.5 0.252 247.61 7.74 10.57 1.61 618.0
2001 4 25 12 47733.6 1.999 244.19 7.74 13.46 4.35 704.2
2001 4 26 12 47846.4 3.196 219.65 7.74 11.39 1.10 574.0
2001 4 27 12 47957.8 4.209 238.77 7.74 12.50 1.82 631.7
2001 4 28 12 48067.8 1.836 244.31 7.74 12.17 5.24 741.4
2001 4 29 12 48176.4 3.963 222.67 7.74 12.84 3.48 674.4
2001 4 30 12 48283.5 2.822 247.83 7.74 13.23 4.15 657.2
2001 5 1 12 48389.0 3.075 228.26 7.74 12.45 4.21 724.5
2001 5 2 12 48493.1 13.529 234.44 7.74 15.02 5.05 701.2
2001 5 3 12 48595.5 1.520 255.41 7.74 13.66 3.50 671.9
2001 5 4 12 48696.4 1.290 201.60 7.74 13.23 3.51 689.4
2001 5 5 12 48795.7 0.345 253.84 7.74 12.80 2.99 657.1
2001 5 6 12 48893.3 4.732 221.25 7.74 13.18 2.54 638.7
2001 5 7 12 48989.2 0.801 239.64 7.74 15.07 6.22 726.6
2001 5 8 12 49083.3 4.177 249.20 7.74 14.52 5.53 720.3
2001 5 9 12 49175.8 3.439 255.33 7.74 15.04 4.95 772.8
2001 5 10 12 49266.4 6.128 234.20 7.74 16.64 8.01 743.7
2001 5 11 12 49355.3 0.532 230.72 7.74 14.25 5.40 740.9
2001 5 12 12 49442.4 2.661 246.59 7.74 16.91 6.67 726.2
2001 5 13 12 49527.6 4.946 267.03 7.74 16.04 5.57 729.8
2001 5 14 12 49610.9 2.060 256.91 7.74 16.56 5.41 698.6
2001 5 15 12 49692.3 8.806 243.56 7.74 16.47 7.49 740.8
2001 5 16 12 49771.8 3.470 267.05 7.74 14.36 4.46 677.4
2001 5 17 12 49849.4 0.439 198.97 7.74 15.00 5.67 748.7
2001 5 18 12 49924.9 0.584 279.12 7.74 13.90 4.48 689.1
2001 5 19 12 49998.5 0.144 226.39 7.74 19.71 10.33 812.0
2001 5 20 12 50070.1 4.019 261.43 7.74 17.00 7.95 786.7
2001 5 21 12 50139.7 2.531 241.68 7.74 17.14 7.68 747.7
2001 5 22 12 50207.1 4.174 259.49 7.74 18.74 8.10 752.5
2001 5 23 12 50272.5 0.393 240.18 7.74 16.24 6.55 731.1
2001 5 24 12 50335.9 4.862 255.31 7.74 19.18 9.17 830.4
2001 5 25 12 50397.0 3.038 271.54 7.74 16.58 8.00 732.5
2001 5 26 12 50456.1 1.252 262.03 7.74 18.61 9.03 794.4
2001 5 27 12 50513.0 2.683 251.49 7.74 20.80 12.06 833.9
2001 5 28 12 50567.8 0.653 253.87 7.74 16.04 5.10 698.6
2001 5 29 12 50620.3 2.985 246.44 7.74 16.36 7.45 722.7
2001 5 30 12 50670.7 6.102 260.25 7.74 15.94 6.15 771.4
2001 5 31 12 50718.8 1.865 250.33 7.74 18.37 8.82 790.4
2001 6 1 12 50764.8 5.593 261.16 7.74 18.67 8.40 760.4
2001 6 2 12 50808.5 4.716 236.91 7.74 20.75 11.61 813.6
2001 6 3 12 50849.9 2.302 244.61 7.74 19.41 9.72 801.9
2001 6 4 12 50889.0 3.946 285.39 7.74 17.76 9.75 816.5
2001 6 5 12 50925.9 1.025 244.29 7.74 19.57 10.68 787.9
2001 6 6 12 50960.5 4.067 266.10 7.74 21.04 12.33 835.6
2001 6 7 12 50992.8 5.430 281.44 7.74 20.24 11.47 845.9
2001 6 8 12 51022.8 0.810 278.35 7.74 16.76 8.16 787.0
2001 6 9 12 51050.5 0.160 267.20 7.74 18.82 9.95 815.5
2001 6 10 12 51075.8 1.863 251.34 7.74 21.78 13.30 897.5
2001 6 11 12 51098.8 4.794 264.19 7.74 17.86 8.19 802.6
2001 6 12 12 51119.5 0.483 268.95 7.74 21.60 12.42 844.9
2001 6 13 12 51137.8 6.570 277.46 7.74 21.86 11.10 818.7
2001 6 14 12 51153.7 0.065 244.89 7.74 19.23 10.54 810.5
2001 6 15 12 51167.4 0.488 256.93 7.74 21.17 13.17 824.6
2001 6 16 12 51178.6 0.881 279.44 7.74 22.83 14.00 879.4
2001 6 17 12 51187.5 4.592 254.65 7.74 19.61 10.48 789.9
2001 6 18 12 51194.0 1.829 262.06 7.74 20.86 12.35 855.8
2001 6 19 12 51198.1 0.160 255.39 7.74 21.21 10.71 779.6
2001 6 20 12 51199.9 3.013 258.70 7.74 20.66 12.04 833.9
2001 6 21 12 51199.3 0.129 248.88 7.74 19.07 10.37 759.8
2001 6 22 12 51196.4 7.618 233.41 7.74 21.98 13.07 886.8
2001 6 23 12 51191.0 0.384 248.04 7.74 21.34 10.87 786.2
2001 6 24 12 51183.3 4.423 261.51 7.74 21.99 13.39 835.3
2001 6 25 12 51173.3 0.812 223.42 7.74 21.89 13.61 852.7
2001 6 26 12 51160.8 0.825 240.31 7.74 21.67 11.14 818.2
2001 6 27 12 51146.1 4.220 249.63 7.74 21.60 11.59 832.0
2001 6 28 12 51128.9 9.036 275.75 7.74 20.82 11.33 801.3
2001 6 29 12 51109.4 2.215 257.32 7.74 22.49 12.17 873.6
2001 6 30 12 51087.6 5.009 241.43 7.74 21.62 12.89 843.2
2001 7 1 12 51063.4 0.519 254.89 7.74 20.63 11.32 836.2
2001 7 2 12 51036.9 2.299 244.07 7.74 22.92 13.54 855.3
2001 7 3 12 51008.1 1.902 256.58 7.74 21.95 12.43 882.7
2001 7 4 12 50976.9 3.378 281.40 7.74 19.67 9.48 854.1
2001 7 5 12 50943.5 1.142 247.21 7.74 22.62 12.40 831.7
2001 7 6 12 50907.8 6.792 234.87 7.74 23.81 13.77 896.5
2001 7 7 12 50869.7 7.167 246.04 7.74 21.60 12.40 857.9
2001 7 8 12 50829.4 2.013 286.39 7.74 24.26 14.25 917.5
2001 7 9 12 50786.9 3.265 245.10 7.74 23.65 14.65 887.1
2001 7 10 12 50742.1 0.765 260.60 7.74 21.63 12.52 862.7
2001 7 11 12 50695.1 3.283 266.64 7.74 21.89 12.42 832.5
2001 7 12 12 50645.8 0.479 259.19 7.74 23.50 12.63 898.6
2001 7 13 12 50594.3 10.557 263.64 7.74 25.13 16.28 945.2
2001 7 14 12 50540.7 0.300 247.26 7.74 21.28 12.27 794.8
2001 7 15 12 50484.8 1.053 238.40 7.74 18.83 9.96 812.0
2001 7 16 12 50426.8 0.782 252.51 7.74 23.27 15.03 900.7
2001 7 17 12 50366.7 0.134 273.36 7.74 23.42 14.28 853.8
2001 7 18 12 50304.5 1.333 227.91 7.74 22.50 14.18 939.2
2001 7 19 12 50240.1 1.002 265.10 7.74 25.40 16.20 915.8
2001 7 20 12 50173.7 3.374 258.67 7.74 20.01 11.68 843.8
2001 7 21 12 50105.1 0.022 261.12 7.74 23.07 12.98 821.1
2001 7 22 12 50034.6 0.682 267.94 7.74 22.90 13.58 888.0
2001 7 23 12 49962.0 1.090 269.15 7.74 21.11 12.19 842.3
2001 7 24 12 49887.4 0.593 243.59 7.74 26.34 17.49 979.6
2001 7 25 12 49810.8 7.566 251.40 7.74 22.30 13.26 913.9
2001 7 26 12 49732.3 0.208 230.91 7.74 21.19 11.64 893.8
2001 7 27 12 49651.8 3.054 254.25 7.74 20.86 11.94 797.0
2001 7 28 12 49569.5 0.792 246.06 7.74 20.99 12.12 910.1
2001 7 29 12 49485.2 2.048 241.85 7.74 20.41 11.71 783.7
2001 7 30 12 49399.1 2.844 236.65 7.74 24.07 14.71 865.8
2001 7 31 12 49311.1 2.615 266.30 7.74 21.11 11.38 857.2
2001 8 1 12 49221.3 5.261 265.31 7.74 20.26 10.78 839.2
2001 8 2 12 49129.8 2.263 254.71 7.74 21.47 12.76 869.3
2001 8 3 12 49036.5 1.621 217.54 7.74 20.44 10.47 810.6
2001 8 4 12 48941.4 5.609 248.90 7.74 22.57 12.81 836.8
2001 8 5 12 48844.7 2.303 221.75 7.74 21.94 12.96 876.3
2001 8 6 12 48746.2 0.466 242.98 7.74 21.75 11.49 853.2
2001 8 7 12 48646.2 4.221 256.96 7.74 21.74 12.85 867.2
2001 8 8 12 48544.5 3.749 197.24 7.74 23.16 13.62 885.9
2001 8 9 12 48441.3 0.092 210.59 7.74 21.33 10.78 811.5
2001 8 10 12 48336.4 0.249 234.31 7.74 19.72 9.96 837.0
2001 8 11 12 48230.1 7.196 243.76 7.74 22.15 13.17 886.6
2001 8 12 12 48122.3 0.047 239.44 7.74 22.59 13.74 873.6
2001 8 13 12 48013.0 1.519 233.26 7.74 21.41 11.33 822.4
2001 8 14 12 47902.3 0.841 240.28 7.74 19.54 10.29 839.9
2001 8 15 12 47790.2 1.632 237.26 7.74 24.52 14.37 913.0
2001 8 16 12 47676.7 1.829 236.29 7.74 21.29 11.21 806.6
2001 8 17 12 47561.9 2.392 223.91 7.74 21.82 11.69 791.0
2001 8 18 12 47445.8 6.871 241.63 7.74 21.84 11.80 826.3
2001 8 19 12 47328.5 2.910 211.47 7.74 19.30 10.37 826.3
2001 8 20 12 47209.9 1.604 210.06 7.74 18.22 8.95 750.9
2001 8 21 12 47090.2 2.337 236.07 7.74 21.39 12.72 816.1
2001 8 22 12 46969.3 2.394 218.38 7.74 19.43 9.22 796.6
2001 8 23 12 46847.3 1.079 206.97 7.74 20.24 11.86 855.0
2001 8 24 12 46724.2 1.111 224.18 7.74 21.92 11.03 883.6
2001 8 25 12 46600.0 3.154 220.69 7.74 20.91 12.00 857.8
2001 8 26 12 46474.8 1.167 206.92 7.74 22.23 13.52 892.8
2001 8 27 12 46348.7 0.772 200.31 7.74 18.01 10.94 866.7
2001 8 28 12 46221.7 0.446 226.96 7.74 20.98 10.99 722.0
2001 8 29 12 46093.7 2.695 213.34 7.74 20.83 11.55 809.4
2001 8 30 12 45964.9 0.705 204.36 7.74 19.46 8.75 767.8
2001 8 31 12 45835.3 1.042 218.74 7.74 15.51 7.47 778.3
2001 9 1 12 45704.9 1.105 181.65 7.74 18.52 10.25 816.3
2001 9 2 12 45573.7 0.008 206.07 7.74 19.83 10.74 810.5
2001 9 3 12 45441.8 1.368 209.42 7.74 19.42 9.91 757.7
2001 9 4 12 45309.3 2.585 188.96 7.74 19.67 11.51 838.7
2001 9 5 12 45176.2 1.325 213.15 7.74 15.46 5.27 656.4
2001 9 6 12 45042.4 1.734 204.07 7.74 17.10 7.96 779.5
2001 9 7 12 44908.2 2.196 193.94 7.74 18.45 9.17 781.1
2001 9 8 12 44773.4 1.523 183.47 7.74 18.64 8.32 733.3
2001 9 9 12 44638.1 0.856 201.63 7.74 18.41 7.96 706.0
2001 9 10 12 44502.5 3.040 218.06 7.74 19.61 10.18 795.1
2001 9 11 12 44366.4 0.033 151.85 7.74 17.52 8.13 803.9
2001 9 12 12 44230.0 1.362 216.16 7.74 16.87 8.03 731.8
2001 9 13 12 44093.3 0.213 176.41 7.74 16.30 6.52 699.9
2001 9 14 12 43956.3 1.904 188.07 7.74 16.61 6.63 717.0
2001 9 15 12 43819.1 0.623 199.38 7.74 14.72 6.15 741.0
2001 9 16 12 43681.7 0.382 171.63 7.74 16.24 6.38 742.6
2001 9 17 12 43544.2 1.473 164.41 7.74 16.22 7.31 740.7
2001 9 18 12 43406.5 0.373 149.54 7.74 17.13 8.44 778.0
2001 9 19 12 43268.9 0.678 193.56 7.74 18.21 7.51 747.1
2001 9 20 12 43131.1 2.850 180.83 7.74 17.97 8.47 751.5
2001 9 21 12 42993.5 1.151 186.66 7.74 14.98 5.33 689.9
2001 9 22 12 42855.8 0.943 188.48 7.74 17.39 9.76 770.0
2001 9 23 12 42718.3 0.983 177.92 7.74 16.30 8.91 716.5
2001 9 24 12 42580.9 2.294 190.94 7.74 13.04 4.74 688.4
2001 9 25 12 42443.7 0.073 189.07 7.74 18.08 7.48 732.9
2001 9 26 12 42306.7 0.076 180.12 7.74 13.82 3.49 641.5
2001 9 27 12 42170.0 0.890 158.89 7.74 15.87 6.25 725.9
2001 9 28 12 42033.6 0.645 179.33 7.74 14.89 6.30 674.5
2001 9 29 12 41897.5 2.563 143.51 7.74 16.11 6.65 741.3
2001 9 30 12 41761.9 0.496 174.59 7.74 15.93 7.22 706.1
2001 10 1 12 41626.6 0.289 155.93 7.74 14.29 5.97 684.4
2001 10 2 12 41491.8 0.814 191.08 7.74 12.97 3.02 678.0
2001 10 3 12 41357.6 0.655 158.67 7.74 15.52 6.45 750.6
2001 10 4 12 41223.8 4.390 135.09 7.74 13.92 5.25 711.2
2001 10 5 12 41090.7 0.961 150.56 7.74 11.61 3.01 680.7
2001 10 6 12 40958.2 3.861 149.30 7.74 15.42 5.93 723.4
2001 10 7 12 40826.3 1.411 166.15 7.74 13.86 5.01 739.0
2001 10 8 12 40695.1 1.911 173.92 7.74 9.76 1.30 623.9
2001 10 9 12 40564.7 2.426 146.05 7.74 13.31 2.94 631.9
2001 10 10 12 40435.1 3.541 158.18 7.74 15.34 5.50 684.9
2001 10 11 12 40306.3 0.170 142.77 7.74 12.67 3.00 644.9
2001 10 12 12 40178.3 0.957 135.88 7.74 11.23 1.02 603.2
2001 10 13 12 40051.3 0.090 173.50 7.74 11.81 2.05 652.7
2001 10 14 12 39925.2 2.533 121.32 7.74 12.53 3.06 646.5
2001 10 15 12 39800.0 0.554 149.81 7.74 11.98 3.33 647.9
2001 10 16 12 39675.8 3.993 135.61 7.74 11.45 1.55 625.5
2001 10 17 12 39552.7 0.428 159.40 7.74 9.93 0.31 592.0
2001 10 18 12 39430.7 0.260 154.34 7.74 10.28 0.84 614.8
2001 10 19 12 39309.8 2.620 160.78 7.74 11.26 2.44 689.9
2001 10 20 12 39190.1 1.829 129.74 7.74 8.76 0.00 637.4
2001 10 21 12 39071.5 0.999 160.22 7.74 8.90 0.41 609.5
2001 10 22 12 38954.2 2.257 138.57 7.74 9.25 -1.72 565.9
2001 10 23 12 38838.1 0.072 142.93 7.74 12.10 3.69 692.3
2001 10 24 12 38723.3 1.054 126.58 7.74 10.52 -0.02 550.9
2001 10 25 12 38609.8 0.728 129.37 7.74 8.76 -2.43 503.0
2001 10 26 12 38497.7 2.506 138.59 7.74 11.14 2.35 641.4
2001 10 27 12 38387.0 1.737 135.48 7.74 7.94 -2.75 578.7
2001 10 28 12 38277.7 0.179 137.13 7.74 7.63 -1.77 504.1
2001 10 29 12 38169.9 0.611 143.08 7.74 9.74 0.71 667.0
2001 10 30 12 38063.6 0.324 116.21 7.74 9.78 0.95 622.6
2001 10 31 12 37958.7 0.497 132.20 7.74 5.73 -4.52 501.3
2001 11 1 12 37855.5 0.183 126.11 7.74 9.16 0.75 567.9
2001 11 2 12 37753.8 0.703 120.07 7.74 6.12 -4.24 493.5
2001 11 3 12 37653.8 1.716 164.58 7.74 8.54 -1.15 599.5
2001 11 4 12 37555.3 0.257 104.08 7.74 7.52 -2.50 562.2
2001 11 5 12 37458.6 0.379 124.01 7.74 7.36 -1.44 551.8
2001 11 6 12 37363.5 1.239 112.32 7.74 9.09 -0.20 628.1
2001 11 7 12 37270.2 1.584 123.08 7.74 7.17 -0.94 611.9
2001 11 8 12 37178.7 1.561 111.90 7.74 7.73 0.19 619.1
2001 11 9 12 37088.9 1.513 113.61 7.74 8.79 -1.32 576.1
2001 11 10 12 37000.9 1.261 145.03 7.74 6.21 -2.83 535.1
2001 11 11 12 36914.8 2.615 119.52 7.74 4.98 -5.10 501.4
2001 11 12 12 36830.5 0.345 130.27 7.74 3.38 -6.25 513.2
2001 11 13 12 36748.2 0.923 140.92 7.74 4.40 -4.56 562.4
2001 11 14 12 36667.7 0.458 130.11 7.74 3.42 -6.34 483.6
2001 11 15 12 36589.2 0.542 124.87 7.74 6.56 -3.37 608.5
2001 11 16 12 36512.6 0.544 105.72 7.74 5.64 -2.28 564.8
2001 11 17 12 36438.0 0.821 121.89 7.74 4.51 -5.41 567.8
2001 11 18 12 36365.4 3.399 98.30 7.74 5.38 -3.57 519.8
2001 11 19 12 36294.9 0.401 109.67 7.74 4.60 -3.99 561.9
2001 11 20 12 36226.3 1.847 114.00 7.74 1.22 -8.31 436.7
2001 11 21 12 36159.9 0.778 102.83 7.74 6.39 -2.08 579.4
2001 11 22 12 36095.5 0.306 135.76 7.74 2.43 -8.19 446.0
2001 11 23 12 36033.3 0.025 118.97 7.74 6.62 -3.49 492.5
2001 11 24 12 35973.2 3.573 87.83 7.74 4.52 -3.16 566.2
2001 11 25 12 35915.2 4.604 134.83 7.74 3.34 -5.77 480.5
2001 11 26 12 35859.3 1.833 125.25 7.74 1.55 -8.85 453.8
2001 11 27 12 35805.7 0.766 111.53 7.74 2.61 -7.01 415.7
2001 11 28 12 35754.2 0.251 108.28 7.74 3.81 -5.94 467.2
2001 11 29 12 35704.9 2.351 101.30 7.74 2.67 -5.94 472.2
2001 11 30 12 35657.9 3.394 97.98 7.74 3.09 -6.36 485.3
2001 12 1 12 35613.1 1.146 87.26 7.74 4.05 -4.44 495.4
2001 12 2 12 35570.6 0.164 91.77 7.74 2.18 -6.93 386.1
2001 12 3 12 35530.3 0.995 76.64 7.74 2.50 -6.18 474.4
2001 12 4 12 35492.2 0.691 106.17 7.74 -0.37 -8.66 412.1
2001 12 5 12 35456.5 1.291 91.47 7.74 2.57 -7.05 395.1
2001 12 6 12 35423.1 1.717 76.51 7.74 2.36 -7.23 464.3
2001 12 7 12 35391.9 0.557 78.11 7.74 1.70 -8.88 445.0
2001 12 8 12 35363.1 0.341 81.22 7.74 2.59 -8.43 439.2
2001 12 9 12 35336.6 2.859 114.47 7.74 0.36 -9.24 416.1
2001 12 10 12 35312.4 3.033 103.04 7.74 2.26 -6.87 471.5
2001 12 11 12 35290.6 0.529 105.99 7.74 0.68 -10.66 407.2
2001 12 12 12 35271.1 0.534 78.76 7.74 4.81 -3.35 580.1
2001 12 13 12 35253.9 0.438 107.95 7.74 -0.75 -11.36 417.4
2001 12 14 12 35239.2 0.026 97.93 7.74 3.69 -5.64 490.3
2001 12 15 12 35226.7 9.146 95.09 7.74 0.75 -7.83 453.8
2001 12 16 12 35216.7 4.316 101.17 7.74 0.32 -9.19 419.0
2001 12 17 12 35209.0 0.386 67.32 7.74 -0.63 -9.38 438.3
2001 12 18 12 35203.6 0.510 106.29 7.74 0.69 -7.87 411.4
2001 12 19 12 35200.7 1.679 116.27 7.74 -0.98 -10.96 377.0
2001 12 20 12 35200.1 10.402 92.08 7.74 -1.12 -9.85 391.1
2001 12 21 12 35201.9 7.838 79.62 7.74 -0.35 -9.94 370.0
2001 12 22 12 35206.0 0.776 89.26 7.74 -1.06 -11.66 338.6
2001 12 23 12 35212.5 0.056 79.49 7.74 3.85 -5.61 441.6
2001 12 24 12 35221.4 4.241 110.12 7.74 -0.82 -9.88 434.0
2001 12 25 12 35232.6 1.138 82.46 7.74 -1.51 -10.68 443.2
2001 12 26 12 35246.3 0.638 107.48 7.74 -2.86 -13.22 389.1
2001 12 27 12 35262.2 2.184 79.99 7.74 0.08 -11.16 402.2
2001 12 28 12 35280.5 0.308 111.08 7.74 0.26 -9.97 404.7
2001 12 29 12 35301.2 0.249 96.16 7.74 1.98 -6.66 444.8
2001 12 30 12 35324.2 1.139 130.58 7.74 -0.62 -11.18 379.0
2001 12 31 12 35349.5 0.281 76.76 7.74 -1.83 -11.53 368.5
2002 1 1 12 35377.2 1.261 92.38 7.74 -0.06 -9.40 363.5
2002 1 2 12 35407.2 1.546 97.89 7.74 -0.40 -9.01 400.0
2002 1 3 12 35439.5 0.794 92.50 7.74 -0.88 -11.18 382.8
2002 1 4 12 35474.1 3.967 89.32 7.74 2.42 -7.43 394.0
2002 1 5 12 35511.0 3.887 94.28 7.74 -0.50 -10.55 389.9
2002 1 6 12 35550.1 1.897 121.48 7.74 -1.75 -11.24 306.3
2002 1 7 12 35591.5 0.876 111.39 7.74 -2.54 -11.64 330.6
2002 1 8 12 35635.2 1.249 100.57 7.74 -1.04 -10.34 344.1
2002 1 9 12 35681.2 5.316 105.33 7.74 0.39 -8.59 384.5
2002 1 10 12 35729.3 5.990 101.29 7.74 -1.80 -10.34 325.5
2002 1 11 12 35779.7 1.726 88.91 7.74 -2.63 -11.97 383.8
2002 1 12 12 35832.2 0.143 117.44 7.74 -0.78 -10.74 418.6
2002 1 13 12 35887.0 2.652 116.66 7.74 -0.64 -10.30 326.9
2002 1 14 12 35943.9 3.990 118.69 7.74 -0.71 -10.44 372.4
2002 1 15 12 36003.0 2.469 99.29 7.74 0.93 -10.26 426.1
2002 1 16 12 36064.1 0.947 136.71 7.74 -2.23 -13.15 327.6
2002 1 17 12 36127.5 0.983 107.02 7.74 -2.11 -11.86 389.8
2002 1 18 12 36192.9 0.575 131.48 7.74 -2.12 -12.59 363.4
2002 1 19 12 36260.3 3.780 103.92 7.74 -2.99 -12.78 399.9
2002 1 20 12 36329.9 4.845 110.19 7.74 1.17 -6.83 509.5
2002 1 21 12 36401.5 3.070 115.45 7.74 0.12 -11.25 370.7
2002 1 22 12 36475.1 0.338 102.91 7.74 -0.21 -9.74 451.9
2002 1 23 12 36550.6 5.547 112.90 7.74 -1.34 -9.48 427.8
2002 1 24 12 36628.2 0.939 115.37 7.74 -2.43 -12.06 335.8
2002 1 25 12 36707.7 0.811 118.89 7.74 -3.05 -13.07 336.5
2002 1 26 12 36789.1 1.618 106.46 7.74 -2.38 -10.60 359.2
2002 1 27 12 36872.4 1.309 134.42 7.74 -2.07 -10.69 437.8
2002 1 28 12 36957.6 3.609 114.14 7.74 -3.61 -13.94 315.5
2002 1 29 12 37044.7 1.865 98.82 7.74 -1.80 -11.93 322.0
2002 1 30 12 37133.6 1.255 96.17 7.74 -3.15 -12.43 375.4
2002 1 31 12 37224.2 2.867 128.50 7.74 0.30 -9.51 430.2
2002 2 1 12 37316.7 3.845 147.27 7.74 -0.89 -9.37 473.9
2002 2 2 12 37410.8 1.920 103.16 7.74 -2.49 -12.30 379.4
2002 2 3 12 37506.7 0.345 133.14 7.74 -3.55 -12.81 321.4
2002 2 4 12 37604.3 5.284 121.99 7.74 -0.73 -11.26 397.7
2002 2 5 12 37703.6 8.172 114.84 7.74 -0.80 -9.56 409.8
2002 2 6 12 37804.5 3.338 124.99 7.74 -0.74 -9.98 379.0
2002 2 7 12 37906.9 3.358 134.15 7.74 -1.10 -9.92 425.4
2002 2 8 12 38011.0 3.636 138.86 7.74 -1.26 -11.66 381.5
2002 2 9 12 38116.5 0.266 124.66 7.74 -1.43 -9.06 416.6
2002 2 10 12 38223.6 3.672 143.29 7.74 -2.04 -11.42 361.9
2002 2 11 12 38332.2 1.057 132.79 7.74 -0.05 -10.33 332.9
2002 2 12 12 38442.2 5.897 146.01 7.74 -2.16 -10.25 458.2
2002 2 13 12 38553.6 1.055 113.16 7.74 -0.05 -10.10 398.9
2002 2 14 12 38666.4 2.720 144.44 7.74 -2.75 -13.38 332.5
2002 2 15 12 38780.5 0.945 133.66 7.74 2.05 -8.28 429.4
2002 2 16 12 38896.0 0.283 136.17 7.74 -1.57 -10.34 375.6
2002 2 17 12 39012.7 5.058 141.69 7.74 0.11 -9.74 448.6
2002 2 18 12 39130.6 2.258 145.14 7.74 0.21 -9.71 364.4
2002 2 19 12 39249.8 9.161 125.47 7.74 -2.81 -10.68 385.6
2002 2 20 12 39370.1 3.206 137.85 7.74 2.40 -7.32 477.0
2002 2 21 12 39491.6 1.933 127.91 7.74 -3.02 -11.01 423.7
2002 2 22 12 39614.2 3.565 153.60 7.74 0.04 -8.36 445.4
2002 2 23 12 39737.8 1.633 130.04 7.74 1.50 -9.11 405.1
2002 2 24 12 39862.5 8.506 166.31 7.74 0.54 -8.43 457.2
2002 2 25 12 39988.1 0.986 151.87 7.74 0.53 -9.64 410.7
2002 2 26 12 40114.7 6.099 143.62 7.74 -1.22 -9.85 384.7
2002 2 27 12 40242.2 0.618 190.99 7.74 -0.63 -10.40 408.2
2002 2 28 12 40370.6 0.424 163.49 7.74 2.28 -6.67 486.3
2002 3 1 12 40499.8 2.992 162.79 7.74 1.04 -8.77 405.9
2002 3 2 12 40629.8 12.416 164.68 7.74 3.54 -5.49 453.8
2002 3 3 12 40760.6 7.751 149.50 7.74 0.82 -6.86 433.4
2002 3 4 12 40892.1 0.493 165.49 7.74 1.47 -8.64 396.7
2002 3 5 12 41024.3 1.473 175.83 7.74 2.03 -8.18 375.6
2002 3 6 12 41157.2 1.255 148.79 7.74 4.33 -5.85 445.6
2002 3 7 12 41290.6 4.268 153.27 7.74 1.59 -8.13 473.8
2002 3 8 12 41424.6 2.619 171.99 7.74 1.20 -8.41 412.0
2002 3 9 12 41559.2 5.019 201.47 7.74 1.46 -8.09 438.0
2002 3 10 12 41694.2 0.034 157.25 7.74 2.16 -8.57 430.7
2002 3 11 12 41829.7 2.324 139.03 7.74 3.72 -6.56 449.1
2002 3 12 12 41965.5 1.505 148.26 7.74 5.82 -2.64 567.6
2002 3 13 12 42101.8 2.082 172.55 7.74 3.68 -5.04 508.9
2002 3 14 12 42238.3 0.913 176.42 7.74 1.85 -7.89 425.3
2002 3 15 12 42375.2 0.730 149.73 7.74 4.23 -4.35 555.7
2002 3 16 12 42512.3 1.733 190.91 7.74 3.45 -6.36 468.1
2002 3 17 12 42649.6 0.331 161.62 7.74 4.17 -5.85 449.3
2002 3 18 12 42787.0 0.773 184.06 7.74 6.09 -2.98 605.9
2002 3 19 12 42924.6 0.618 192.08 7.74 5.17 -4.83 534.4
2002 3 20 12 43062.3 0.429 180.87 7.74 3.06 -6.53 458.9
2002 3 21 12 43200.0 9.657 192.04 7.74 3.57 -5.92 527.8
2002 3 22 12 43337.7 0.827 159.33 7.74 5.37 -5.56 457.3
2002 3 23 12 43475.4 2.426 190.88 7.74 5.86 -3.19 460.9
2002 3 24 12 43613.0 5.685 160.36 7.74 4.42 -4.50 454.5
2002 3 25 12 43750.4 4.232 158.40 7.74 5.17 -4.00 527.2
2002 3 26 12 43887.7 10.683 183.07 7.74 6.32 -2.88 531.2
2002 3 27 12 44024.8 4.014 169.79 7.74 7.40 -2.24 562.4
2002 3 28 12 44161.7 2.958 177.19 7.74 2.93 -7.22 472.0
2002 3 29 12 44298.2 3.577 163.89 7.74 5.22 -4.68 529.0
2002 3 30 12 44434.5 1.524 207.02 7.74 7.95 -0.89 581.7
2002 3 31 12 44570.3 3.778 216.05 7.74 8.12 -1.33 523.8
2002 4 1 12 44705.8 2.587 201.89 7.74 6.02 -3.29 532.3
2002 4 2 12 44840.8 1.091 177.46 7.74 6.83 -3.68 524.2
2002 4 3 12 44975.4 1.519 198.66 7.74 5.79 -5.22 511.9
2002 4 4 12 45109.4 0.362 211.19 7.74 9.59 0.39 654.8
2002 4 5 12 45242.8 6.211 200.94 7.74 8.97 -0.28 585.9
2002 4 6 12 45375.7 6.851 234.07 7.74 8.89 -0.71 568.0
2002 4 7 12 45507.9 5.161 188.70 7.74 7.93 -1.28 634.1
2002 4 8 12 45639.4 0.706 200.02 7.74 7.41 -1.63 619.8
2002 4 9 12 45770.2 1.251 224.91 7.74 8.02 -1.75 592.8
2002 4 10 12 45900.2 3.117 232.74 7.74 9.61 -1.62 599.5
2002 4 11 12 46029.4 3.066 221.82 7.74 7.44 -2.31 498.2
2002 4 12 12 46157.8 2.043 196.24 7.74 10.48 1.70 634.1
2002 4 13 12 46285.3 8.420 212.79 7.74 12.95 2.53 604.3
2002 4 14 12 46411.9 5.822 194.32 7.74 9.15 0.15 593.4
2002 4 15 12 46537.5 3.036 225.54 7.74 8.21 -0.85 601.5
2002 4 16 12 46662.2 1.448 189.45 7.74 9.67 0.13 599.6
2002 4 17 12 46785.8 3.751 211.31 7.74 9.77 0.96 649.6
2002 4 18 12 46908.4 0.329 203.44 7.74 11.26 1.11 624.7
2002 4 19 12 47029.9 3.803 205.98 7.74 9.28 -0.49 580.0
2002 4 20 12 47150.2 7.088 212.66 7.74 11.59 2.96 674.9
2002 4 21 12 47269.4 7.191 204.90 7.74 10.06 0.56 642.9
2002 4 22 12 47387.3 9.377 203.98 7.74 10.58 1.58 604.4
2002 4 23 12 47504.0 0.192 210.08 7.74 11.73 2.40 717.3
2002 4 24 12 47619.5 1.015 220.58 7.74 11.45 0.79 553.0
2002 4 25 12 47733.6 2.531 238.50 7.74 13.73 3.63 631.3
2002 4 26 12 47846.4 7.134 236.00 7.74 11.07 2.06 644.5
2002 4 27 12 47957.8 0.515 225.06 7.74 13.36 4.24 676.5
2002 4 28 12 48067.8 1.040 227.96 7.74 11.81 3.59 711.2
2002 4 29 12 48176.4 2.946 227.05 7.74 12.55 2.47 637.8
2002 4 30 12 48283.5 6.289 238.11 7.74 15.18 6.21 742.8
2002 5 1 12 48389.0 6.197 218.43 7.74 13.95 3.61 675.1
2002 5 2 12 48493.1 8.779 258.99 7.74 12.11 2.92 629.9
2002 5 3 12 48595.5 1.217 246.49 7.74 9.97 0.34 631.6
2002 5 4 12 48696.4 4.136 231.03 7.74 12.11 3.36 650.8
2002 5 5 12 48795.7 14.142 253.31 7.74 12.89 2.71 634.0
2002 5 6 12 48893.3 1.321 280.26 7.74 12.77 1.72 604.5
2002 5 7 12 48989.2 4.012 219.06 7.74 14.34 4.51 706.5
2002 5 8 12 49083.3 2.869 235.17 7.74 14.77 4.83 668.4
2002 5 9 12 49175.8 3.423 269.39 7.74 14.05 3.71 629.9
2002 5 10 12 49266.4 5.292 250.11 7.74 16.87 8.26 818.5
2002 5 11 12 49355.3 1.160 206.75 7.74 16.25 6.80 703.2
2002 5 12 12 49442.4 1.453 223.94 7.74 13.94 5.26 696.2
2002 5 13 12 49527.6 5.516 223.19 7.74 14.36 4.85 651.3
2002 5 14 12 49610.9 4.990 233.05 7.74 14.13 4.57 721.8
2002 5 15 12 49692.3 4.137 228.96 7.74 16.67 7.96 778.7
2002 5 16 12 49771.8 8.003 241.67 7.74 16.62 6.53 679.3
2002 5 17 12 49849.4 0.094 257.15 7.74 17.60 9.91 725.2
2002 5 18 12 49924.9 2.545 256.32 7.74 12.49 3.09 655.7
2002 5 19 12 49998.5 0.868 250.39 7.74 16.99 8.39 779.3
2002 5 20 12 50070.1 0.510 244.87 7.74 19.79 9.02 782.8
2002 5 21 12 50139.7 3.920 268.32 7.74 16.02 7.46 757.8
2002 5 22 12 50207.1 14.356 245.05 7.74 17.89 7.47 725.6
2002 5 23 12 50272.5 1.410 265.56 7.74 20.17 10.61 763.5
2002 5 24 12 50335.9 4.325 260.23 7.74 17.59 9.29 729.0
2002 5 25 12 50397.0 0.234 253.63 7.74 18.68 9.47 760.0
2002 5 26 12 50456.1 0.826 262.16 7.74 20.65 11.73 877.0
2002 5 27 12 50513.0 0.197 270.07 7.74 18.09 6.69 693.9
2002 5 28 12 50567.8 1.710 246.24 7.74 17.43 6.31 710.4
2002 5 29 12 50620.3 6.452 243.29 7.74 17.42 7.47 769.6
2002 5 30 12 50670.7 0.388 234.84 7.74 18.94 9.49 853.1
2002 5 31 12 50718.8 0.242 271.01 7.74 18.60 8.31 787.1
2002 6 1 12 50764.8 1.804 254.98 7.74 18.07 8.45 753.8
2002 6 2 12 50808.5 0.975 263.57 7.74 23.71 15.45 892.9
2002 6 3 12 50849.9 6.309 238.26 7.74 18.04 9.12 780.3
2002 6 4 12 50889.0 7.224 265.76 7.74 16.36 5.95 713.8
2002 6 5 12 50925.9 2.392 263.73 7.74 20.70 10.24 820.9
2002 6 6 12 50960.5 3.183 283.44 7.74 19.82 11.58 858.4
2002 6 7 12 50992.8 5.049 245.43 7.74 18.20 8.28 784.6
2002 6 8 12 51022.8 0.984 255.61 7.74 18.46 8.11 786.9
2002 6 9 12 51050.5 0.949 230.77 7.74 18.81 9.55 756.3
2002 6 10 12 51075.8 0.413 251.15 7.74 17.43 8.18 811.7
2002 6 11 12 51098.8 1.246 269.88 7.74 19.69 10.37 791.3
2002 6 12 12 51119.5 2.595 272.05 7.74 19.67 9.90 769.5
2002 6 13 12 51137.8 0.598 278.19 7.74 21.72 12.85 832.3
2002 6 14 12 51153.7 4.125 269.76 7.74 23.16 14.29 828.2
2002 6 15 12 51167.4 0.910 275.79 7.74 21.38 11.37 872.7
2002 6 16 12 51178.6 2.753 245.93 7.74 19.89 9.61 786.2
2002 6 17 12 51187.5 4.468 265.64 7.74 19.68 9.59 803.5
2002 6 18 12 51194.0 1.762 273.86 7.74 22.60 13.09 889.6
2002 6 19 12 51198.1 11.765 248.97 7.74 20.86 10.53 794.1
2002 6 20 12 51199.9 2.947 262.13 7.74 20.47 10.04 827.8
2002 6 21 12 51199.3 10.247 238.77 7.74 18.45 8.77 703.0
2002 6 22 12 51196.4 1.662 272.16 7.74 22.17 12.65 841.0
2002 6 23 12 51191.0 2.419 239.47 7.74 21.71 12.13 809.6
2002 6 24 12 51183.3 2.024 275.88 7.74 22.22 12.93 866.9
2002 6 25 12 51173.3 1.201 246.79 7.74 20.10 8.73 723.0
2002 6 26 12 51160.8 0.787 288.49 7.74 22.47 12.69 855.1
2002 6 27 12 51146.1 0.666 256.97 7.74 22.24 12.12 855.9
2002 6 28 12 51128.9 0.062 234.10 7.74 21.40 12.03 798.9
2002 6 29 12 51109.4 0.982 264.36 7.74 21.27 12.56 782.0
2002 6 30 12 51087.6 0.484 262.09 7.74 21.84 13.61 859.0
2002 7 1 12 51063.4 1.711 242.59 7.74 23.41 12.54 883.6
2002 7 2 12 51036.9 2.022 258.96 7.74 21.15 12.07 879.3
2002 7 3 12 51008.1 2.339 270.37 7.74 21.34 13.13 876.2
2002 7 4 12 50976.9 2.515 262.45 7.74 21.20 12.81 914.4
2002 7 5 12 50943.5 8.721 252.28 7.74 24.91 15.81 897.3
2002 7 6 12 50907.8 5.047 252.48 7.74 19.92 11.18 859.4
2002 7 7 12 50869.7 1.318 229.34 7.74 22.14 12.60 849.3
2002 7 8 12 50829.4 2.300 239.20 7.74 21.73 13.07 884.2
2002 7 9 12 50786.9 1.187 254.22 7.74 20.21 10.00 809.6
2002 7 10 12 50742.1 1.496 242.94 7.74 22.24 12.02 872.6
2002 7 11 12 50695.1 2.858 245.65 7.74 17.45 9.24 737.7
2002 7 12 12 50645.8 0.294 242.59 7.74 20.71 13.59 882.8
2002 7 13 12 50594.3 2.208 263.71 7.74 20.81 10.84 852.7
2002 7 14 12 50540.7 7.264 275.27 7.74 21.36 12.22 844.5
2002 7 15 12 50484.8 6.466 245.13 7.74 22.38 14.49 960.9
2002 7 16 12 50426.8 0.293 249.23 7.74 22.60 13.59 844.3
2002 7 17 12 50366.7 7.991 217.14 7.74 21.29 12.43 778.6
2002 7 18 12 50304.5 0.305 237.95 7.74 25.70 16.62 888.8
2002 7 19 12 50240.1 3.861 281.56 7.74 20.19 10.77 800.7
2002 7 20 12 50173.7 0.002 275.20 7.74 25.01 15.73 916.4
2002 7 21 12 50105.1 4.025 279.88 7.74 24.62 15.98 903.7
2002 7 22 12 50034.6 0.812 262.59 7.74 21.93 11.95 822.0
2002 7 23 12 49962.0 8.340 258.92 7.74 23.87 15.64 912.2
2002 7 24 12 49887.4 0.865 238.46 7.74 21.38 11.77 854.0
2002 7 25 12 49810.8 0.964 260.28 7.74 24.16 14.71 860.4
2002 7 26 12 49732.3 4.449 239.91 7.74 22.00 13.85 863.4
2002 7 27 12 49651.8 0.783 235.44 7.74 21.66 12.22 873.2
2002 7 28 12 49569.5 0.887 255.86 7.74 22.47 12.56 795.2
2002 7 29 12 49485.2 1.071 251.36 7.74 20.26 10.29 792.2
2002 7 30 12 49399.1 0.714 254.29 7.74 22.30 13.95 871.4
2002 7 31 12 49311.1 1.756 244.66 7.74 23.18 14.24 867.5
2002 8 1 12 49221.3 1.742 266.37 7.74 21.55 11.92 800.5
2002 8 2 12 49129.8 1.979 244.38 7.74 25.06 17.38 869.6
2002 8 3 12 49036.5 0.070 234.86 7.74 20.43 10.84 805.7
2002 8 4 12 48941.4 5.812 237.18 7.74 20.76 10.33 809.4
2002 8 5 12 48844.7 0.275 251.92 7.74 22.61 12.19 854.2
2002 8 6 12 48746.2 2.544 251.56 7.74 20.97 10.60 772.4
2002 8 7 12 48646.2 0.579 246.51 7.74 20.33 10.04 821.6
2002 8 8 12 48544.5 1.142 257.49 7.74 21.15 11.34 863.3
2002 8 9 12 48441.3 0.678 241.82 7.74 22.48 12.22 884.5
2002 8 10 12 48336.4 6.230 214.64 7.74 23.80 15.25 919.9
2002 8 11 12 48230.1 0.784 232.28 7.74 22.40 13.42 878.5
2002 8 12 12 48122.3 3.056 239.01 7.74 18.81 10.90 868.0
2002 8 13 12 48013.0 0.585 200.73 7.74 20.73 12.47 882.8
2002 8 14 12 47902.3 1.392 190.33 7.74 20.53 10.38 778.3
2002 8 15 12 47790.2 1.220 210.38 7.74 21.74 12.50 832.8
2002 8 16 12 47676.7 0.432 233.14 7.74 21.39 13.62 864.7
2002 8 17 12 47561.9 0.881 214.92 7.74 21.76 12.36 808.6
2002 8 18 12 47445.8 1.389 229.01 7.74 19.83 11.39 786.3
2002 8 19 12 47328.5 1.556 208.42 7.74 21.98 12.70 849.7
2002 8 20 12 47209.9 0.547 207.84 7.74 22.79 14.05 884.4
2002 8 21 12 47090.2 0.791 243.92 7.74 20.23 11.13 813.5
2002 8 22 12 46969.3 3.097 218.37 7.74 22.41 13.16 850.9
2002 8 23 12 46847.3 1.757 214.79 7.74 20.32 9.95 754.0
2002 8 24 12 46724.2 0.400 216.92 7.74 21.10 11.25 802.5
2002 8 25 12 46600.0 0.460 227.86 7.74 22.16 12.18 834.4
2002 8 26 12 46474.8 0.384 232.52 7.74 20.81 11.60 823.1
2002 8 27 12 46348.7 0.476 229.47 7.74 23.06 14.77 850.8
2002 8 28 12 46221.7 2.075 238.09 7.74 17.80 7.21 749.8
2002 8 29 12 46093.7 5.258 224.32 7.74 18.59 10.51 744.3
2002 8 30 12 45964.9 0.384 232.10 7.74 18.49 10.75 769.9
2002 8 31 12 45835.3 1.797 206.86 7.74 18.68 10.01 830.7
2002 9 1 12 45704.9 0.331 240.40 7.74 20.95 10.49 773.0
2002 9 2 12 45573.7 1.012 178.90 7.74 19.81 10.93 763.0
2002 9 3 12 45441.8 0.195 177.59 7.74 19.53 10.05 792.1
2002 9 4 12 45309.3 4.319 205.27 7.74 18.05 7.75 761.0
2002 9 5 12 45176.2 0.682 209.04 7.74 20.65 10.98 789.0
2002 9 6 12 45042.4 1.145 191.40 7.74 19.53 10.46 832.6
2002 9 7 12 44908.2 2.873 205.33 7.74 17.16 6.93 724.3
2002 9 8 12 44773.4 3.107 194.30 7.74 15.00 4.36 672.2
2002 9 9 12 44638.1 0.178 173.72 7.74 19.77 9.40 828.9
2002 9 10 12 44502.5 0.502 185.50 7.74 18.78 9.94 800.8
2002 9 11 12 44366.4 3.336 196.91 7.74 16.68 6.21 670.8
2002 9 12 12 44230.0 0.185 181.65 7.74 17.19 7.94 830.0
2002 9 13 12 44093.3 5.472 188.70 7.74 18.10 9.26 796.0
2002 9 14 12 43956.3 3.525 200.82 7.74 17.04 8.76 750.7
2002 9 15 12 43819.1 0.155 192.38 7.74 21.08 11.10 853.9
2002 9 16 12 43681.7 0.429 196.63 7.74 16.42 7.20 705.5
2002 9 17 12 43544.2 0.444 172.59 7.74 17.69 8.03 723.5
2002 9 18 12 43406.5 0.568 176.16 7.74 16.09 7.14 759.6
2002 9 19 12 43268.9 5.008 176.46 7.74 15.55 5.39 647.8
2002 9 20 12 43131.1 0.278 180.20 7.74 16.44 6.70 766.0
2002 9 21 12 42993.5 1.372 167.81 7.74 16.06 5.84 702.2
2002 9 22 12 42855.8 0.014 195.03 7.74 15.19 4.34 704.4
2002 9 23 12 42718.3 0.530 180.63 7.74 16.44 7.31 768.6
2002 9 24 12 42580.9 1.552 192.16 7.74 14.41 5.79 773.4
2002 9 25 12 42443.7 4.024 178.44 7.74 13.27 3.20 659.1
2002 9 26 12 42306.7 1.000 192.86 7.74 14.62 5.17 758.4
2002 9 27 12 42170.0 1.346 181.83 7.74 15.66 7.57 757.6
2002 9 28 12 42033.6 0.241 146.11 7.74 14.27 3.71 706.3
2002 9 29 12 41897.5 4.926 166.47 7.74 12.11 3.62 670.0
2002 9 30 12 41761.9 1.002 161.73 7.74 12.82 3.47 686.7
2002 10 1 12 41626.6 2.426 174.45 7.74 15.39 6.23 740.1
2002 10 2 12 41491.8 1.266 164.75 7.74 14.74 5.20 709.3
2002 10 3 12 41357.6 1.267 160.33 7.74 13.94 3.85 604.4
2002 10 4 12 41223.8 1.642 169.87 7.74 12.94 3.64 683.3
2002 10 5 12 41090.7 3.440 167.38 7.74 13.35 2.77 655.0
2002 10 6 12 40958.2 7.039 154.89 7.74 11.78 0.74 592.3
2002 10 7 12 40826.3 0.671 165.74 7.74 16.33 7.07 702.9
2002 10 8 12 40695.1 0.927 162.18 7.74 11.92 1.31 661.1
2002 10 9 12 40564.7 1.194 128.76 7.74 13.32 4.24 658.1
2002 10 10 12 40435.1 0.505 171.62 7.74 15.40 6.12 707.5
2002 10 11 12 40306.3 0.377 190.31 7.74 12.41 3.96 641.5
2002 10 12 12 40178.3 1.873 128.93 7.74 15.16 6.30 771.0
2002 10 13 12 40051.3 0.705 144.24 7.74 11.63 2.34 651.4
2002 10 14 12 39925.2 0.524 149.25 7.74 14.85 5.92 704.3
2002 10 15 12 39800.0 0.870 119.64 7.74 10.88 1.39 606.7
2002 10 16 12 39675.8 0.304 145.71 7.74 10.91 1.25 630.6
2002 10 17 12 39552.7 1.649 163.01 7.74 12.47 2.62 647.2
2002 10 18 12 39430.7 0.931 141.68 7.74 9.28 0.69 577.7
2002 10 19 12 39309.8 1.863 147.31 7.74 11.74 1.72 662.3
2002 10 20 12 39190.1 0.868 160.79 7.74 7.61 -2.31 489.5
2002 10 21 12 39071.5 1.135 146.11 7.74 10.38 0.75 580.0
2002 10 22 12 38954.2 2.502 150.41 7.74 10.77 1.44 644.1
2002 10 23 12 38838.1 0.683 151.61 7.74 8.71 -1.31 609.6
2002 10 24 12 38723.3 3.028 123.76 7.74 8.58 -1.08 524.7
2002 10 25 12 38609.8 2.106 102.66 7.74 10.33 0.65 625.7
2002 10 26 12 38497.7 0.046 136.21 7.74 7.68 -1.86 557.9
2002 10 27 12 38387.0 0.267 161.00 7.74 7.83 -1.90 587.4
2002 10 28 12 38277.7 2.529 132.47 7.74 7.44 -2.24 544.7
2002 10 29 12 38169.9 0.435 131.27 7.74 7.64 -3.17 524.3
2002 10 30 12 38063.6 0.467 138.24 7.74 11.70 2.84 678.4
2002 10 31 12 37958.7 1.971 138.04 7.74 9.11 -0.99 637.1
2002 11 1 12 37855.5 4.424 141.91 7.74 8.30 -1.30 556.9
2002 11 2 12 37753.8 1.380 121.88 7.74 8.50 -1.50 567.8
2002 11 3 12 37653.8 0.939 120.62 7.74 6.79 -1.79 570.5
2002 11 4 12 37555.3 2.508 119.30 7.74 5.43 -3.93 573.1
2002 11 5 12 37458.6 0.482 152.70 7.74 6.90 -1.68 562.3
2002 11 6 12 37363.5 0.139 121.04 7.74 9.08 0.26 615.5
2002 11 7 12 37270.2 0.866 90.03 7.74 8.05 -1.72 574.1
2002 11 8 12 37178.7 0.425 114.64 7.74 4.90 -4.34 531.1
2002 11 9 12 37088.9 2.500 97.84 7.74 6.43 -2.59 505.8
2002 11 10 12 37000.9 2.472 103.16 7.74 6.59 -3.72 542.6
2002 11 11 12 36914.8 0.321 104.46 7.74 5.04 -3.16 504.4
2002 11 12 12 36830.5 0.552 122.09 7.74 6.63 -1.71 512.8
2002 11 13 12 36748.2 1.223 103.01 7.74 7.17 -1.16 582.6
2002 11 14 12 36667.7 2.818 135.93 7.74 3.08 -6.29 481.6
2002 11 15 12 36589.2 0.527 104.61 7.74 7.05 -2.58 568.7
2002 11 16 12 36512.6 1.653 95.13 7.74 4.08 -6.15 495.8
2002 11 17 12 36438.0 0.855 116.47 7.74 4.12 -4.12 525.7
2002 11 18 12 36365.4 0.959 107.17 7.74 7.85 -1.39 599.9
2002 11 19 12 36294.9 0.655 158.31 7.74 4.31 -3.33 545.8
2002 11 20 12 36226.3 0.265 92.74 7.74 4.84 -5.31 526.1
2002 11 21 12 36159.9 0.930 131.20 7.74 3.87 -7.07 494.2
2002 11 22 12 36095.5 1.805 111.74 7.74 1.47 -8.70 460.3
2002 11 23 12 36033.3 0.883 111.62 7.74 6.75 -2.33 561.4
2002 11 24 12 35973.2 0.068 105.98 7.74 1.33 -8.90 413.4
2002 11 25 12 35915.2 0.511 128.39 7.74 5.06 -5.29 535.6
2002 11 26 12 35859.3 3.194 115.59 7.74 1.92 -6.36 475.1
2002 11 27 12 35805.7 1.422 121.31 7.74 3.13 -6.33 516.0
2002 11 28 12 35754.2 0.405 93.55 7.74 4.01 -4.88 473.3
2002 11 29 12 35704.9 1.156 118.50 7.74 3.58 -6.90 461.6
2002 11 30 12 35657.9 0.627 90.34 7.74 2.40 -7.52 481.5
2002 12 1 12 35613.1 4.242 117.64 7.74 -0.33 -9.27 399.6
2002 12 2 12 35570.6 1.435 97.66 7.74 2.29 -6.76 452.8
2002 12 3 12 35530.3 0.133 91.15 7.74 2.12 -5.51 456.6
2002 12 4 12 35492.2 2.304 112.79 7.74 4.09 -5.83 481.5
2002 12 5 12 35456.5 0.729 88.68 7.74 5.08 -4.05 552.9
2002 12 6 12 35423.1 0.558 104.14 7.74 1.39 -7.57 442.5
2002 12 7 12 35391.9 2.452 96.29 7.74 2.53 -6.43 446.8
2002 12 8 12 35363.1 1.521 109.16 7.74 -0.11 -9.31 441.0
2002 12 9 12 35336.6 0.039 125.90 7.74 0.03 -9.20 358.5
2002 12 10 12 35312.4 0.833 105.08 7.74 1.54 -7.05 479.6
2002 12 11 12 35290.6 1.937 109.48 7.74 2.35 -7.25 455.0
2002 12 12 12 35271.1 0.989 107.83 7.74 -2.41 -10.81 362.6
2002 12 13 12 35253.9 1.247 94.26 7.74 1.80 -8.09 445.4
2002 12 14 12 35239.2 3.941 108.43 7.74 1.34 -9.20 391.8
2002 12 15 12 35226.7 3.587 113.95 7.74 0.89 -7.05 471.3
2002 12 16 12 35216.7 2.072 100.52 7.74 0.05 -9.40 409.3
2002 12 17 12 35209.0 0.134 74.88 7.74 0.00 -10.30 395.6
2002 12 18 12 35203.6 0.861 105.88 7.74 -0.57 -9.66 428.2
2002 12 19 12 35200.7 1.281 108.68 7.74 -2.01 -12.06 320.2
2002 12 20 12 35200.1 0.596 108.31 7.74 0.97 -7.32 449.8
2002 12 21 12 35201.9 3.884 113.98 7.74 1.60 -8.21 469.0
2002 12 22 12 35206.0 0.946 91.52 7.74 -1.30 -10.26 408.2
2002 12 23 12 35212.5 1.258 95.37 7.74 0.75 -7.91 444.8
2002 12 24 12 35221.4 1.158 115.87 7.74 -1.75 -11.29 378.7
2002 12 25 12 35232.6 1.454 83.71 7.74 0.25 -9.25 409.8
2002 12 26 12 35246.3 2.929 88.46 7.74 -0.93 -9.73 405.2
2002 12 27 12 35262.2 6.973 125.21 7.74 1.00 -8.23 415.0
2002 12 28 12 35280.5 3.571 82.74 7.74 -0.59 -10.51 365.3
2002 12 29 12 35301.2 2.373 98.26 7.74 -0.88 -11.06 377.2
2002 12 30 12 35324.2 0.288 77.13 7.74 0.12 -9.16 393.4
2002 12 31 12 35349.5 0.816 115.09 7.74 -0.13 -9.32 431.8
2003 1 1 12 35377.2 0.308 95.28 7.74 -0.72 -9.51 432.3
2003 1 2 12 35407.2 0.447 94.50 7.74 0.30 -8.18 460.7
2003 1 3 12 35439.5 6.607 92.05 7.74 -1.58 -11.75 389.4
2003 1 4 12 35474.1 8.143 129.21 7.74 -1.76 -11.24 377.0
2003 1 5 12 35511.0 1.820 126.56 7.74 -1.88 -10.99 427.4
2003 1 6 12 35550.1 4.263 114.21 7.74 -1.45 -11.35 356.5
2003 1 7 12 35591.5 0.466 98.43 7.74 0.81 -9.22 382.9
2003 1 8 12 35635.2 5.706 110.79 7.74 0.11 -8.73 437.7
2003 1 9 12 35681.2 5.618 97.26 7.74 -0.69 -10.42 435.5
2003 1 10 12 35729.3 1.342 97.71 7.74 -3.09 -14.16 339.1
2003 1 11 12 35779.7 3.856 110.09 7.74 -1.32 -10.51 363.2
2003 1 12 12 35832.2 0.245 101.14 7.74 -4.05 -11.69 339.0
2003 1 13 12 35887.0 0.029 124.65 7.74 -0.27 -9.14 431.3
2003 1 14 12 35943.9 4.744 141.72 7.74 -2.18 -10.60 371.0
2003 1 15 12 36003.0 0.451 78.43 7.74 -0.76 -10.66 372.9
2003 1 16 12 36064.1 4.938 116.38 7.74 -2.41 -12.61 434.7
2003 1 17 12 36127.5 4.318 90.85 7.74 -2.11 -10.81 409.5
2003 1 18 12 36192.9 5.710 112.78 7.74 -1.76 -11.19 367.3
2003 1 19 12 36260.3 1.301 105.68 7.74 -5.15 -14.98 308.7
2003 1 20 12 36329.9 1.938 101.16 7.74 -0.13 -8.90 431.1
2003 1 21 12 36401.5 1.344 100.67 7.74 -2.12 -11.37 387.4
2003 1 22 12 36475.1 2.281 114.81 7.74 -3.06 -12.04 422.7
2003 1 23 12 36550.6 1.138 95.92 7.74 -0.75 -11.29 412.8
2003 1 24 12 36628.2 2.604 105.38 7.74 -1.84 -10.43 478.3
2003 1 25 12 36707.7 2.133 120.03 7.74 -1.27 -10.28 409.0
2003 1 26 12 36789.1 8.592 111.98 7.74 -1.75 -10.58 355.1
2003 1 27 12 36872.4 0.791 129.60 7.74 1.39 -9.51 342.2
2003 1 28 12 36957.6 0.949 106.98 7.74 0.04 -9.57 385.3
2003 1 29 12 37044.7 2.510 127.14 7.74 -1.32 -11.51 342.0
2003 1 30 12 37133.6 4.301 100.02 7.74 -2.26 -11.72 402.0
2003 1 31 12 37224.2 1.201 151.35 7.74 -3.28 -12.75 388.1
2003 2 1 12 37316.7 0.427 126.88 7.74 -3.20 -11.92 352.4
2003 2 2 12 37410.8 1.770 126.59 7.74 -1.59 -9.97 385.7
2003 2 3 12 37506.7 4.147 129.72 7.74 -1.69 -10.04 374.5
2003 2 4 12 37604.3 1.713 114.89 7.74 -2.44 -10.77 411.6
2003 2 5 12 37703.6 0.959 105.32 7.74 -1.47 -12.18 337.0
2003 2 6 12 37804.5 1.675 142.78 7.74 -1.61 -11.04 398.4
2003 2 7 12 37906.9 1.853 128.01 7.74 0.93 -8.91 413.0
2003 2 8 12 38011.0 0.243 128.48 7.74 0.03 -9.05 436.8
2003 2 9 12 38116.5 1.405 106.09 7.74 -0.55 -10.74 373.3
2003 2 10 12 38223.6 2.288 149.91 7.74 -0.56 -10.49 321.2
2003 2 11 12 38332.2 2.595 145.83 7.74 1.68 -7.38 477.0
2003 2 12 12 38442.2 2.140 123.19 7.74 -0.72 -8.59 413.4
2003 2 13 12 38553.6 3.194 127.70 7.74 0.25 -7.83 442.8
2003 2 14 12 38666.4 1.412 118.68 7.74 -0.58 -9.41 419.2
2003 2 15 12 38780.5 1.110 125.00 7.74 -0.16 -9.36 463.9
2003 2 16 12 38896.0 0.650 149.43 7.74 -1.22 -11.79 404.1
2003 2 17 12 39012.7 8.019 138.31 7.74 -1.54 -9.63 381.8
2003 2 18 12 39130.6 10.019 130.34 7.74 -1.48 -9.01 410.5
2003 2 19 12 39249.8 5.560 138.56 7.74 -1.03 -11.80 357.6
2003 2 20 12 39370.1 4.540 139.30 7.74 0.08 -9.54 366.3
2003 2 21 12 39491.6 0.046 121.69 7.74 -0.31 -8.91 414.2
2003 2 22 12 39614.2 5.173 143.23 7.74 -1.98 -10.31 372.5
2003 2 23 12 39737.8 1.666 136.42 7.74 1.60 -9.07 379.8
2003 2 24 12 39862.5 1.048 128.11 7.74 -0.37 -11.33 357.9
2003 2 25 12 39988.1 4.405 157.51 7.74 1.51 -7.38 415.9
2003 2 26 12 40114.7 0.540 134.55 7.74 0.83 -8.62 443.6
2003 2 27 12 40242.2 2.717 140.94 7.74 2.06 -5.63 476.4
2003 2 28 12 40370.6 1.333 162.24 7.74 -0.85 -10.93 393.8
2003 3 1 12 40499.8 2.924 157.97 7.74 1.73 -8.62 434.1
2003 3 2 12 40629.8 4.841 134.03 7.74 -1.98 -10.53 448.5
2003 3 3 12 40760.6 9.485 156.76 7.74 4.72 -3.86 467.4
2003 3 4 12 40892.1 1.716 150.49 7.74 2.47 -7.41 437.2
2003 3 5 12 41024.3 3.017 154.39 7.74 2.17 -8.00 485.5
2003 3 6 12 41157.2 5.656 176.31 7.74 4.15 -5.26 433.8
2003 3 7 12 41290.6 0.687 181.58 7.74 1.29 -8.29 436.2
2003 3 8 12 41424.6 3.113 184.58 7.74 2.50 -6.29 446.9
2003 3 9 12 41559.2 0.943 147.40 7.74 4.30 -3.27 543.6
2003 3 10 12 41694.2 3.748 182.50 7.74 2.73 -7.10 482.9
2003 3 11 12 41829.7 0.702 136.11 7.74 3.94 -5.90 517.9
2003 3 12 12 41965.5 0.487 194.07 7.74 3.97 -5.73 493.1
2003 3 13 12 42101.8 1.828 157.30 7.74 3.39 -5.94 463.8
2003 3 14 12 42238.3 2.178 213.31 7.74 3.50 -6.50 373.8
2003 3 15 12 42375.2 0.861 157.21 7.74 3.55 -6.74 468.4
2003 3 16 12 42512.3 3.113 154.31 7.74 4.45 -5.55 489.4
2003 3 17 12 42649.6 0.585 181.71 7.74 2.32 -7.09 499.9
2003 3 18 12 42787.0 2.354 203.52 7.74 5.93 -1.96 570.0
2003 3 19 12 42924.6 7.559 174.10 7.74 2.74 -6.06 486.6
2003 3 20 12 43062.3 1.073 177.98 7.74 4.48 -5.39 499.6
2003 3 21 12 43200.0 1.473 165.06 7.74 4.51 -3.51 538.9
2003 3 22 12 43337.7 2.123 199.45 7.74 5.91 -3.27 553.7
2003 3 23 12 43475.4 0.030 190.70 7.74 4.83 -4.34 486.3
2003 3 24 12 43613.0 2.024 179.54 7.74 3.39 -7.92 392.6
2003 3 25 12 43750.4 2.837 196.01 7.74 7.69 -0.92 587.1
2003 3 26 12 43887.7 0.781 211.66 7.74 2.43 -7.43 440.7
2003 3 27 12 44024.8 0.701 182.67 7.74 6.14 -2.39 547.2
2003 3 28 12 44161.7 6.206 188.35 7.74 5.60 -3.43 600.4
2003 3 29 12 44298.2 7.254 219.00 7.74 7.37 -2.06 609.9
2003 3 30 12 44434.5 6.570 209.13 7.74 5.72 -3.33 493.5
2003 3 31 12 44570.3 1.096 189.76 7.74 6.54 -2.27 566.4
2003 4 1 12 44705.8 0.962 178.68 7.74 8.72 -1.05 546.0
2003 4 2 12 44840.8 0.118 197.79 7.74 7.67 -3.46 518.9
2003 4 3 12 44975.4 12.647 208.87 7.74 7.72 -3.04 569.1
2003 4 4 12 45109.4 4.432 202.43 7.74 8.13 -1.41 572.1
2003 4 5 12 45242.8 1.201 190.11 7.74 7.38 -2.14 574.5
2003 4 6 12 45375.7 7.141 192.19 7.74 6.46 -2.36 509.2
2003 4 7 12 45507.9 3.644 220.03 7.74 8.58 -1.56 575.5
2003 4 8 12 45639.4 6.964 200.17 7.74 8.15 -2.84 513.6
2003 4 9 12 45770.2 0.708 211.36 7.74 10.19 1.10 606.6
2003 4 10 12 45900.2 10.233 214.56 7.74 10.31 0.86 612.2
2003 4 11 12 46029.4 0.997 194.17 7.74 8.59 0.19 642.1
2003 4 12 12 46157.8 1.244 196.14 7.74 10.14 1.16 647.2
2003 4 13 12 46285.3 3.114 193.26 7.74 10.85 2.07 611.3
2003 4 14 12 46411.9 1.742 210.99 7.74 8.91 -1.87 582.7
2003 4 15 12 46537.5 9.409 209.45 7.74 8.96 -0.16 640.8
2003 4 16 12 46662.2 2.516 204.69 7.74 9.29 0.36 580.4
2003 4 17 12 46785.8 0.868 197.14 7.74 9.43 -0.45 644.2
2003 4 18 12 46908.4 0.594 222.83 7.74 8.62 -0.55 601.4
2003 4 19 12 47029.9 1.229 196.67 7.74 8.81 -0.65 607.6
2003 4 20 12 47150.2 6.916 218.06 7.74 10.57 2.20 632.4
2003 4 21 12 47269.4 3.841 243.82 7.74 11.32 1.39 567.1
2003 4 22 12 47387.3 0.315 202.41 7.74 12.41 2.61 693.5
2003 4 23 12 47504.0 1.357 215.75 7.74 8.96 0.55 644.0
2003 4 24 12 47619.5 6.950 240.34 7.74 11.29 1.15 579.7
2003 4 25 12 47733.6 5.706 221.02 7.74 10.70 0.61 581.4
2003 4 26 12 47846.4 3.659 221.30 7.74 12.49 2.64 664.0
2003 4 27 12 47957.8 1.396 229.02 7.74 11.13 2.03 630.0
2003 4 28 12 48067.8 0.622 238.58 7.74 11.48 3.16 681.5
2003 4 29 12 48176.4 8.207 238.96 7.74 13.44 4.84 680.5
2003 4 30 12 48283.5 2.295 205.47 7.74 15.62 6.01 724.3
2003 5 1 12 48389.0 1.180 227.57 7.74 12.34 3.86 686.7
2003 5 2 12 48493.1 0.698 239.56 7.74 13.02 3.52 635.7
2003 5 3 12 48595.5 1.314 223.12 7.74 10.14 0.02 612.3
2003 5 4 12 48696.4 1.200 235.19 7.74 12.95 5.04 663.6
2003 5 5 12 48795.7 2.126 199.94 7.74 13.15 3.17 675.0
2003 5 6 12 48893.3 0.468 225.93 7.74 15.28 6.13 679.7
2003 5 7 12 48989.2 3.846 247.50 7.74 13.08 4.02 667.3
2003 5 8 12 49083.3 8.683 233.40 7.74 14.78 6.03 737.5
2003 5 9 12 49175.8 8.879 246.72 7.74 13.09 2.98 645.8
2003 5 10 12 49266.4 2.624 222.44 7.74 15.84 6.20 776.5
2003 5 11 12 49355.3 0.988 211.08 7.74 16.10 8.94 821.5
2003 5 12 12 49442.4 3.769 268.90 7.74 14.95 4.95 709.1
2003 5 13 12 49527.6 7.482 236.22 7.74 16.71 8.42 853.4
2003 5 14 12 49610.9 3.350 246.63 7.74 15.47 7.50 726.2
2003 5 15 12 49692.3 3.158 221.67 7.74 16.91 7.66 744.5
2003 5 16 12 49771.8 5.897 242.89 7.74 13.54 4.24 732.3
2003 5 17 12 49849.4 4.185 239.38 7.74 16.61 5.10 676.0
2003 5 18 12 49924.9 2.801 245.19 7.74 15.25 6.39 706.4
2003 5 19 12 49998.5 2.162 240.49 7.74 16.06 6.65 718.3
2003 5 20 12 50070.1 1.088 267.33 7.74 19.61 10.92 816.2
2003 5 21 12 50139.7 4.888 246.59 7.74 17.94 7.41 736.9
2003 5 22 12 50207.1 1.274 257.89 7.74 17.53 8.48 790.3
2003 5 23 12 50272.5 3.303 232.94 7.74 15.91 6.75 742.7
2003 5 24 12 50335.9 5.552 248.21 7.74 16.60 6.86 708.8
2003 5 25 12 50397.0 6.820 262.01 7.74 17.68 8.95 805.0
2003 5 26 12 50456.1 5.094 267.56 7.74 18.43 8.13 780.3
2003 5 27 12 50513.0 3.547 257.27 7.74 17.41 8.25 780.0
2003 5 28 12 50567.8 4.227 254.16 7.74 17.57 8.28 749.8
2003 5 29 12 50620.3 7.304 240.78 7.74 15.68 7.22 764.6
2003 5 30 12 50670.7 1.311 271.86 7.74 15.32 8.43 776.8
2003 5 31 12 50718.8 2.981 262.53 7.74 17.96 8.76 755.0
2003 6 1 12 50764.8 4.651 234.94 7.74 19.75 10.39 826.8
2003 6 2 12 50808.5 0.568 212.58 7.74 18.49 8.55 787.8
2003 6 3 12 50849.9 4.505 263.80 7.74 19.05 9.14 795.5
2003 6 4 12 50889.0 3.840 263.94 7.74 18.39 8.94 818.0
2003 6 5 12 50925.9 1.777 242.58 7.74 16.28 7.92 739.1
2003 6 6 12 50960.5 2.345 258.50 7.74 19.08 10.26 873.0
2003 6 7 12 50992.8 3.282 282.62 7.74 19.87 9.99 777.8
2003 6 8 12 51022.8 1.520 244.47 7.74 20.34 12.73 857.1
2003 6 9 12 51050.5 1.492 229.96 7.74 19.99 10.01 765.3
2003 6 10 12 51075.8 3.143 248.13 7.74 19.18 7.18 724.0
2003 6 11 12 51098.8 1.396 258.60 7.74 17.46 7.73 668.3
2003 6 12 12 51119.5 3.879 273.69 7.74 19.56 10.54 818.7
2003 6 13 12 51137.8 4.966 250.60 7.74 19.07 10.95 821.1
2003 6 14 12 51153.7 2.280 270.50 7.74 22.18 12.79 859.8
2003 6 15 12 51167.4 6.866 254.92 7.74 16.84 9.28 789.7
2003 6 16 12 51178.6 0.556 272.85 7.74 18.74 9.72 821.6
2003 6 17 12 51187.5 5.121 248.46 7.74 20.71 10.10 811.9
2003 6 18 12 51194.0 3.373 261.01 7.74 21.75 10.59 790.0
2003 6 19 12 51198.1 3.906 249.81 7.74 18.65 9.84 736.7
2003 6 20 12 51199.9 4.903 264.99 7.74 19.95 11.08 812.1
2003 6 21 12 51199.3 1.571 243.77 7.74 18.83 9.95 807.7
2003 6 22 12 51196.4 2.615 266.57 7.74 20.62 12.87 825.8
2003 6 23 12 51191.0 1.945 237.30 7.74 21.59 11.57 865.7
2003 6 24 12 51183.3 0.305 251.38 7.74 21.02 11.16 791.1
2003 6 25 12 51173.3 2.704 262.08 7.74 23.77 13.21 925.7
2003 6 26 12 51160.8 0.467 266.88 7.74 21.15 12.36 810.4
2003 6 27 12 51146.1 0.938 273.34 7.74 21.38 12.20 860.6
2003 6 28 12 51128.9 2.745 245.69 7.74 22.36 12.91 854.5
2003 6 29 12 51109.4 0.468 244.26 7.74 19.93 10.78 856.1
2003 6 30 12 51087.6 0.954 263.86 7.74 21.86 12.81 875.4
2003 7 1 12 51063.4 0.311 264.78 7.74 20.17 10.80 849.7
2003 7 2 12 51036.9 0.198 243.28 7.74 21.16 11.63 833.8
2003 7 3 12 51008.1 0.572 259.12 7.74 22.32 12.35 814.4
2003 7 4 12 50976.9 1.840 252.07 7.74 21.60 9.96 812.5
2003 7 5 12 50943.5 1.899 271.75 7.74 22.60 12.38 863.0
2003 7 6 12 50907.8 0.605 258.79 7.74 22.95 15.00 919.2
2003 7 7 12 50869.7 2.038 290.51 7.74 20.14 10.94 840.0
2003 7 8 12 50829.4 1.824 259.70 7.74 22.58 14.02 866.6
2003 7 9 12 50786.9 2.917 263.41 7.74 24.45 14.92 964.5
2003 7 10 12 50742.1 1.781 261.86 7.74 22.86 14.15 899.4
2003 7 11 12 50695.1 3.127 240.32 7.74 21.15 10.22 814.4
2003 7 12 12 50645.8 6.032 212.25 7.74 22.57 12.28 854.3
2003 7 13 12 50594.3 2.535 247.03 7.74 22.55 13.96 826.7
2003 7 14 12 50540.7 2.114 270.41 7.74 22.36 13.22 811.3
2003 7 15 12 50484.8 0.638 245.07 7.74 22.77 13.56 841.1
2003 7 16 12 50426.8 2.103 248.77 7.74 23.93 14.09 865.0
2003 7 17 12 50366.7 0.866 263.52 7.74 23.48 14.40 891.0
2003 7 18 12 50304.5 0.074 265.69 7.74 21.86 13.30 867.6
2003 7 19 12 50240.1 0.414 251.92 7.74 22.57 14.73 881.8
2003 7 20 12 50173.7 11.486 259.85 7.74 24.80 16.94 916.1
2003 7 21 12 50105.1 0.565 257.45 7.74 24.79 16.24 868.2
2003 7 22 12 50034.6 3.953 242.67 7.74 22.79 12.67 909.0
2003 7 23 12 49962.0 1.186 261.70 7.74 21.99 12.23 879.8
2003 7 24 12 49887.4 0.833 249.24 7.74 21.68 13.14 853.4
2003 7 25 12 49810.8 4.165 266.41 7.74 22.74 13.96 905.3
2003 7 26 12 49732.3 2.931 254.48 7.74 23.78 13.60 867.5
2003 7 27 12 49651.8 0.058 271.53 7.74 23.46 13.48 846.4
2003 7 28 12 49569.5 6.906 228.53 7.74 21.86 13.16 842.0
2003 7 29 12 49485.2 0.842 235.38 7.74 21.13 11.16 821.1
2003 7 30 12 49399.1 1.657 265.98 7.74 23.45 14.79 912.7
2003 7 31 12 49311.1 0.756 233.24 7.74 21.24 11.76 803.0
2003 8 1 12 49221.3 3.854 256.51 7.74 23.30 13.49 913.2
2003 8 2 12 49129.8 2.246 237.08 7.74 23.26 15.27 919.7
2003 8 3 12 49036.5 2.247 231.86 7.74 20.90 10.15 696.5
2003 8 4 12 48941.4 7.553 237.42 7.74 22.76 14.32 834.8
2003 8 5 12 48844.7 0.089 243.42 7.74 22.27 12.98 812.8
2003 8 6 12 48746.2 0.732 214.93 7.74 23.32 13.27 885.8
2003 8 7 12 48646.2 0.296 230.59 7.74 21.11 11.39 821.3
2003 8 8 12 48544.5 1.787 248.17 7.74 25.87 15.86 888.9
2003 8 9 12 48441.3 0.803 256.51 7.74 18.87 8.78 767.8
2003 8 10 12 48336.4 6.042 218.55 7.74 27.33 18.49 1014.0
2003 8 11 12 48230.1 1.562 225.14 7.74 21.34 12.34 859.5
2003 8 12 12 48122.3 0.680 211.61 7.74 19.42 9.94 751.9
2003 8 13 12 48013.0 0.932 245.32 7.74 20.58 11.97 824.6
2003 8 14 12 47902.3 2.211 213.36 7.74 22.03 11.52 885.7
2003 8 15 12 47790.2 1.899 243.23 7.74 17.04 6.08 703.9
2003 8 16 12 47676.7 0.601 202.76 7.74 22.16 13.24 875.2
2003 8 17 12 47561.9 0.408 246.08 7.74 21.93 10.91 782.1
2003 8 18 12 47445.8 2.198 216.75 7.74 22.60 13.32 851.9
2003 8 19 12 47328.5 1.742 230.11 7.74 19.36 10.71 775.0
2003 8 20 12 47209.9 3.863 215.88 7.74 20.43 12.15 806.5
2003 8 21 12 47090.2 1.168 201.43 7.74 22.96 14.29 884.8
2003 8 22 12 46969.3 6.271 223.34 7.74 19.32 8.67 761.0
2003 8 23 12 46847.3 1.974 195.80 7.74 20.83 10.94 800.9
2003 8 24 12 46724.2 3.832 203.42 7.74 18.02 7.61 775.4
2003 8 25 12 46600.0 0.439 234.96 7.74 21.27 13.10 857.4
2003 8 26 12 46474.8 1.635 219.04 7.74 21.94 12.75 808.8
2003 8 27 12 46348.7 2.234 200.53 7.74 19.68 12.87 865.8
2003 8 28 12 46221.7 0.904 197.37 7.74 19.87 10.52 792.6
2003 8 29 12 46093.7 1.413 230.97 7.74 20.23 10.72 846.0
2003 8 30 12 45964.9 1.343 215.72 7.74 20.88 12.28 818.4
2003 8 31 12 45835.3 0.900 212.57 7.74 18.65 8.79 708.3
2003 9 1 12 45704.9 1.183 220.28 7.74 19.83 11.41 760.0
2003 9 2 12 45573.7 7.461 197.79 7.74 20.11 11.27 826.6
2003 9 3 12 45441.8 2.644 216.51 7.74 20.40 10.64 803.3
2003 9 4 12 45309.3 1.788 198.02 7.74 18.98 9.16 833.8
2003 9 5 12 45176.2 0.364 197.68 7.74 19.73 10.94 799.1
2003 9 6 12 45042.4 0.381 203.38 7.74 16.21 6.50 719.3
2003 9 7 12 44908.2 0.751 156.16 7.74 20.44 11.11 835.0
2003 9 8 12 44773.4 4.385 200.69 7.74 20.44 10.60 775.8
2003 9 9 12 44638.1 1.137 226.92 7.74 17.36 7.23 765.3
2003 9 10 12 44502.5 0.239 223.61 7.74 16.37 6.86 781.8
2003 9 11 12 44366.4 1.320 261.76 7.74 14.81 4.93 721.6
2003 9 12 12 44230.0 4.993 195.98 7.74 17.55 7.38 736.6
2003 9 13 12 44093.3 1.201 204.97 7.74 16.76 8.74 749.2
2003 9 14 12 43956.3 0.308 175.10 7.74 17.80 7.85 809.0
2003 9 15 12 43819.1 2.082 184.93 7.74 16.89 7.84 760.9
2003 9 16 12 43681.7 1.920 170.13 7.74 15.10 5.09 749.4
2003 9 17 12 43544.2 1.743 193.06 7.74 18.33 9.58 794.3
2003 9 18 12 43406.5 1.552 170.49 7.74 18.45 8.13 750.3
2003 9 19 12 43268.9 0.791 215.20 7.74 17.87 6.77 711.0
2003 9 20 12 43131.1 0.088 203.08 7.74 15.54 6.27 709.4
2003 9 21 12 42993.5 5.390 163.34 7.74 16.63 7.57 730.0
2003 9 22 12 42855.8 1.469 193.89 7.74 15.96 6.96 724.7
2003 9 23 12 42718.3 0.077 189.01 7.74 18.17 8.49 730.8
2003 9 24 12 42580.9 1.589 188.01 7.74 13.02 3.44 593.3
2003 9 25 12 42443.7 1.369 179.06 7.74 13.91 4.03 689.6
2003 9 26 12 42306.7 0.166 192.66 7.74 15.68 7.20 756.3
2003 9 27 12 42170.0 1.057 185.81 7.74 15.98 7.93 720.0
2003 9 28 12 42033.6 0.570 156.07 7.74 15.03 6.80 722.8
2003 9 29 12 41897.5 0.557 126.11 7.74 14.49 4.30 658.2
2003 9 30 12 41761.9 0.134 155.11 7.74 16.10 5.68 730.6
2003 10 1 12 41626.6 0.954 153.25 7.74 15.72 5.62 724.0
2003 10 2 12 41491.8 0.985 148.28 7.74 15.05 6.35 686.2
2003 10 3 12 41357.6 0.232 158.32 7.74 15.82 5.03 714.8
2003 10 4 12 41223.8 0.347 148.49 7.74 12.58 3.18 657.8
2003 10 5 12 41090.7 0.213 152.99 7.74 14.06 3.85 669.9
2003 10 6 12 40958.2 0.555 148.25 7.74 13.16 3.06 686.6
2003 10 7 12 40826.3 2.105 172.64 7.74 11.10 0.35 640.0
2003 10 8 12 40695.1 0.399 124.28 7.74 13.65 5.04 696.5
2003 10 9 12 40564.7 0.584 156.47 7.74 13.57 5.00 635.6
2003 10 10 12 40435.1 1.909 185.67 7.74 12.84 3.63 733.6
2003 10 11 12 40306.3 0.721 157.18 7.74 11.91 1.64 606.9
2003 10 12 12 40178.3 2.865 133.00 7.74 10.14 0.70 626.1
2003 10 13 12 40051.3 0.274 138.14 7.74 12.13 1.93 631.6
2003 10 14 12 39925.2 0.886 143.39 7.74 11.81 2.86 656.1
2003 10 15 12 39800.0 1.189 148.64 7.74 11.14 1.00 593.3
2003 10 16 12 39675.8 0.122 142.18 7.74 9.76 1.62 651.7
2003 10 17 12 39552.7 0.092 152.68 7.74 13.24 2.29 600.7
2003 10 18 12 39430.7 0.777 165.36 7.74 10.83 1.06 647.7
2003 10 19 12 39309.8 0.333 133.56 7.74 12.76 3.22 666.6
2003 10 20 12 39190.1 1.191 136.71 7.74 6.88 -1.88 531.1
2003 10 21 12 39071.5 2.168 137.33 7.74 10.38 -0.25 563.9
2003 10 22 12 38954.2 0.103 164.42 7.74 12.62 3.26 636.7
2003 10 23 12 38838.1 0.360 148.32 7.74 9.44 0.02 613.0
2003 10 24 12 38723.3 1.119 137.25 7.74 8.54 -1.17 560.9
2003 10 25 12 38609.8 2.834 143.86 7.74 7.38 -1.12 550.2
2003 10 26 12 38497.7 1.087 138.72 7.74 10.38 1.13 631.8
2003 10 27 12 38387.0 0.374 140.33 7.74 8.44 0.24 639.1
2003 10 28 12 38277.7 2.804 144.13 7.74 8.34 -1.53 627.5
2003 10 29 12 38169.9 1.068 128.90 7.74 10.80 2.71 661.1
2003 10 30 12 38063.6 0.090 159.10 7.74 8.82 -0.33 622.3
2003 10 31 12 37958.7 1.643 119.90 7.74 6.78 -1.44 597.8
2003 11 1 12 37855.5 0.164 128.08 7.74 8.67 -1.38 617.1
2003 11 2 12 37753.8 1.493 124.48 7.74 6.12 -2.72 562.3
2003 11 3 12 37653.8 1.685 122.00 7.74 6.15 -3.70 484.7
2003 11 4 12 37555.3 1.606 108.11 7.74 5.45 -4.01 558.3
2003 11 5 12 37458.6 0.667 108.14 7.74 11.48 0.78 628.9
2003 11 6 12 37363.5 2.693 141.02 7.74 6.24 -2.53 577.5
2003 11 7 12 37270.2 0.621 131.55 7.74 5.90 -4.58 491.8
2003 11 8 12 37178.7 0.486 111.51 7.74 7.06 -0.87 557.5
2003 11 9 12 37088.9 0.201 115.11 7.74 9.11 0.52 594.5
2003 11 10 12 37000.9 1.718 115.97 7.74 4.52 -4.44 528.7
2003 11 11 12 36914.8 0.219 130.64 7.74 3.30 -5.94 489.1
2003 11 12 12 36830.5 1.261 133.68 7.74 8.09 -1.25 582.8
2003 11 13 12 36748.2 0.031 108.41 7.74 6.57 -3.06 519.2
2003 11 14 12 36667.7 2.134 109.78 7.74 5.14 -4.35 468.0
2003 11 15 12 36589.2 0.472 106.04 7.74 5.54 -4.56 540.5
2003 11 16 12 36512.6 3.943 117.29 7.74 0.52 -8.55 422.3
2003 11 17 12 36438.0 1.852 133.70 7.74 4.18 -5.43 434.1
2003 11 18 12 36365.4 0.608 140.40 7.74 4.76 -4.33 505.4
2003 11 19 12 36294.9 2.224 84.11 7.74 5.51 -3.48 510.5
2003 11 20 12 36226.3 4.484 104.25 7.74 3.22 -6.12 530.0
2003 11 21 12 36159.9 0.611 111.08 7.74 6.41 -4.08 474.0
2003 11 22 12 36095.5 0.056 104.02 7.74 2.54 -6.28 518.8
2003 11 23 12 36033.3 3.658 99.55 7.74 6.86 -1.64 569.4
2003 11 24 12 35973.2 0.006 119.23 7.74 1.82 -6.32 475.8
2003 11 25 12 35915.2 0.430 103.61 7.74 3.97 -6.96 478.9
2003 11 26 12 35859.3 1.343 90.40 7.74 5.42 -3.10 510.0
2003 11 27 12 35805.7 1.798 104.63 7.74 4.46 -5.47 529.0
2003 11 28 12 35754.2 0.264 92.75 7.74 2.96 -6.60 498.4
2003 11 29 12 35704.9 1.106 137.65 7.74 -1.57 -10.32 425.2
2003 11 30 12 35657.9 1.765 76.23 7.74 1.74 -8.71 452.2
2003 12 1 12 35613.1 1.125 125.27 7.74 3.31 -6.76 488.9
2003 12 2 12 35570.6 2.117 130.50 7.74 3.39 -5.45 492.5
2003 12 3 12 35530.3 0.611 112.63 7.74 3.50 -5.92 475.9
2003 12 4 12 35492.2 0.807 66.73 7.74 0.42 -8.64 452.4
2003 12 5 12 35456.5 1.313 98.35 7.74 2.27 -6.58 412.6
2003 12 6 12 35423.1 4.912 114.15 7.74 1.10 -8.41 382.4
2003 12 7 12 35391.9 1.677 116.51 7.74 2.56 -7.44 470.2
2003 12 8 12 35363.1 1.114 105.09 7.74 1.39 -9.70 444.6
2003 12 9 12 35336.6 2.362 111.54 7.74 1.93 -6.02 461.5
2003 12 10 12 35312.4 1.319 125.85 7.74 3.87 -5.42 462.2
2003 12 11 12 35290.6 2.703 108.62 7.74 1.90 -5.90 465.9
2003 12 12 12 35271.1 3.667 101.54 7.74 2.82 -6.85 504.2
2003 12 13 12 35253.9 3.088 99.81 7.74 1.54 -6.08 486.8
2003 12 14 12 35239.2 2.826 97.61 7.74 2.14 -7.29 453.1
2003 12 15 12 35226.7 2.010 91.11 7.74 -0.40 -9.35 397.0
2003 12 16 12 35216.7 1.944 100.76 7.74 -1.11 -10.50 433.7
2003 12 17 12 35209.0 0.414 92.82 7.74 1.49 -9.55 425.0
2003 12 18 12 35203.6 1.118 110.53 7.74 1.33 -9.54 450.6
2003 12 19 12 35200.7 0.409 61.75 7.74 0.71 -7.58 470.0
2003 12 20 12 35200.1 2.528 101.71 7.74 0.81 -9.75 404.8
2003 12 21 12 35201.9 1.042 103.66 7.74 -0.05 -9.40 372.1
2003 12 22 12 35206.0 2.581 89.30 7.74 -2.07 -11.25 354.3
2003 12 23 12 35212.5 1.180 94.46 7.74 0.01 -9.03 396.4
2003 12 24 12 35221.4 2.156 104.04 7.74 1.11 -6.88 420.1
2003 12 25 12 35232.6 0.278 94.07 7.74 -0.55 -10.35 477.2
2003 12 26 12 35246.3 2.734 103.06 7.74 1.23 -8.96 413.9
2003 12 27 12 35262.2 0.118 85.28 7.74 1.26 -8.22 413.7
2003 12 28 12 35280.5 3.483 73.87 7.74 2.03 -7.90 496.3
2003 12 29 12 35301.2 1.642 66.32 7.74 -4.43 -13.79 335.0
2003 12 30 12 35324.2 1.834 77.42 7.74 -1.26 -11.65 377.0
2003 12 31 12 35349.5 5.655 106.85 7.74 -0.03 -9.45 406.8
2004 1 1 12 35377.2 1.759 79.78 7.74 -1.08 -10.51 402.0
2004 1 2 12 35407.2 1.240 111.74 7.74 -1.69 -11.04 359.0
2004 1 3 12 35439.5 6.871 67.37 7.74 -1.57 -11.43 363.0
2004 1 4 12 35474.1 4.192 82.62 7.74 -1.22 -10.56 362.6
2004 1 5 12 35511.0 5.716 113.43 7.74 -3.15 -12.83 351.7
2004 1 6 12 35550.1 3.559 102.05 7.74 1.83 -6.21 513.0
2004 1 7 12 35591.5 2.196 107.20 7.74 -0.89 -11.21 361.1
2004 1 8 12 35635.2 9.020 115.21 7.74 -3.13 -11.10 368.0
2004 1 9 12 35681.2 0.179 136.57 7.74 -0.06 -10.61 393.2
2004 1 10 12 35729.3 0.397 113.54 7.74 0.00 -9.98 385.3
2004 1 11 12 35779.7 1.237 96.06 7.74 -3.31 -11.81 361.4
2004 1 12 12 35832.2 11.114 97.02 7.74 -2.01 -12.21 348.8
2004 1 13 12 35887.0 0.357 92.67 7.74 -1.61 -10.83 437.3
2004 1 14 12 35943.9 2.858 113.55 7.74 1.05 -7.95 444.5
2004 1 15 12 36003.0 1.622 120.90 7.74 -1.43 -10.58 369.4
2004 1 16 12 36064.1 0.110 97.14 7.74 -1.93 -10.80 416.3
2004 1 17 12 36127.5 1.396 113.18 7.74 -1.24 -10.18 394.9
2004 1 18 12 36192.9 2.617 110.72 7.74 0.04 -9.38 381.4
2004 1 19 12 36260.3 2.794 104.91 7.74 -0.01 -9.13 392.2
2004 1 20 12 36329.9 0.416 117.23 7.74 -2.06 -11.49 344.1
2004 1 21 12 36401.5 1.690 108.91 7.74 -2.15 -12.73 369.3
2004 1 22 12 36475.1 0.774 96.48 7.74 -1.60 -10.21 380.6
2004 1 23 12 36550.6 0.646 115.85 7.74 -1.31 -11.56 413.1
2004 1 24 12 36628.2 2.119 134.16 7.74 -1.96 -11.47 301.0
2004 1 25 12 36707.7 0.525 117.40 7.74 -1.17 -11.44 354.1
2004 1 26 12 36789.1 8.613 111.12 7.74 -1.43 -10.53 391.5
2004 1 27 12 36872.4 0.463 143.80 7.74 -0.67 -8.59 464.5
2004 1 28 12 36957.6 0.859 141.88 7.74 1.72 -9.01 371.4
2004 1 29 12 37044.7 4.319 101.74 7.74 -1.03 -9.74 383.4
2004 1 30 12 37133.6 1.748 116.02 7.74 -2.67 -12.38 336.9
2004 1 31 12 37224.2 6.141 111.16 7.74 -2.03 -10.52 393.0
2004 2 1 12 37316.7 1.728 126.53 7.74 -0.18 -8.44 477.0
2004 2 2 12 37410.8 0.600 131.85 7.74 -3.51 -12.69 327.4
2004 2 3 12 37506.7 1.610 116.78 7.74 -1.14 -12.09 386.1
2004 2 4 12 37604.3 5.874 132.27 7.74 -1.05 -9.70 396.4
2004 2 5 12 37703.6 7.651 109.94 7.74 -0.18 -10.79 380.9
2004 2 6 12 37804.5 2.678 147.91 7.74 1.33 -8.44 430.0
2004 2 7 12 37906.9 0.794 111.96 7.74 -2.29 -11.26 376.8
2004 2 8 12 38011.0 5.327 119.33 7.74 -2.84 -11.84 408.5
2004 2 9 12 38116.5 1.702 102.68 7.74 -3.04 -13.75 319.2
2004 2 10 12 38223.6 3.544 111.65 7.74 -1.58 -11.30 351.9
2004 2 11 12 38332.2 6.683 145.31 7.74 -1.70 -11.22 352.0
2004 2 12 12 38442.2 3.345 137.27 7.74 0.29 -8.38 418.7
2004 2 13 12 38553.6 3.931 145.25 7.74 -2.50 -11.85 325.7
2004 2 14 12 38666.4 8.126 115.61 7.74 0.53 -9.57 372.6
2004 2 15 12 38780.5 0.643 147.61 7.74 -2.18 -11.82 381.6
2004 2 16 12 38896.0 2.590 126.27 7.74 -0.01 -8.17 442.1
2004 2 17 12 39012.7 1.172 122.71 7.74 -0.94 -11.53 390.2
2004 2 18 12 39130.6 4.504 160.26 7.74 2.07 -7.66 446.6
2004 2 19 12 39249.8 4.702 141.01 7.74 1.83 -7.94 493.7
2004 2 20 12 39370.1 4.608 148.19 7.74 0.17 -10.39 359.4
2004 2 21 12 39491.6 0.694 117.08 7.74 3.44 -5.92 486.7
2004 2 22 12 39614.2 12.315 126.23 7.74 -0.45 -9.01 422.2
2004 2 23 12 39737.8 3.795 139.14 7.74 0.85 -8.53 433.1
2004 2 24 12 39862.5 1.800 163.72 7.74 -0.18 -11.11 388.3
2004 2 25 12 39988.1 0.493 166.10 7.74 1.13 -8.84 416.9
2004 2 26 12 40114.7 2.037 163.08 7.74 2.38 -5.96 445.1
2004 2 27 12 40242.2 5.840 132.24 7.74 -0.47 -8.78 432.5
2004 2 28 12 40370.6 1.603 166.55 7.74 0.85 -8.32 478.9
2004 2 29 12 40499.8 6.587 172.45 7.74 1.68 -7.40 448.8
2004 3 1 12 40629.8 7.482 150.63 7.74 -1.72 -11.44 387.0
2004 3 2 12 40760.6 9.467 182.84 7.74 1.85 -6.93 418.2
2004 3 3 12 40892.1 1.516 183.42 7.74 -0.68 -9.52 418.5
2004 3 4 12 41024.3 6.186 174.28 7.74 3.92 -5.74 517.4
2004 3 5 12 41157.2 1.739 152.28 7.74 1.72 -6.09 497.1
2004 3 6 12 41290.6 1.434 161.82 7.74 6.47 -3.26 567.6
2004 3 7 12 41424.6 7.082 152.41 7.74 0.34 -9.40 423.1
2004 3 8 12 41559.2 2.426 151.43 7.74 3.51 -5.96 476.9
2004 3 9 12 41694.2 3.719 146.62 7.74 2.69 -7.46 437.8
2004 3 10 12 41829.7 6.959 159.47 7.74 -0.97 -11.57 397.3
2004 3 11 12 41965.5 0.245 178.05 7.74 1.75 -8.37 447.6
2004 3 12 12 42101.8 0.695 160.09 7.74 5.83 -4.23 534.2
2004 3 13 12 42238.3 3.367 171.20 7.74 5.91 -4.22 533.9
2004 3 14 12 42375.2 2.170 200.55 7.74 5.32 -4.26 540.6
2004 3 15 12 42512.3 0.703 188.68 7.74 4.66 -4.70 495.4
2004 3 16 12 42649.6 3.639 145.97 7.74 6.20 -3.71 550.2
2004 3 17 12 42787.0 4.776 198.28 7.74 3.27 -5.61 529.9
2004 3 18 12 42924.6 3.671 168.72 7.74 3.38 -6.25 492.2
2004 3 19 12 43062.3 2.387 172.86 7.74 6.70 -1.57 529.1
2004 3 20 12 43200.0 3.602 179.17 7.74 6.83 -1.68 592.5
2004 3 21 12 43337.7 2.119 201.74 7.74 5.24 -4.91 491.9
2004 3 22 12 43475.4 2.200 194.37 7.74 2.94 -6.17 474.7
2004 3 23 12 43613.0 2.179 179.66 7.74 4.97 -5.29 477.0
2004 3 24 12 43750.4 0.118 183.08 7.74 5.32 -3.53 504.8
2004 3 25 12 43887.7 0.121 185.00 7.74 5.37 -4.28 533.0
2004 3 26 12 44024.8 0.173 174.91 7.74 7.58 -2.44 530.4
2004 3 27 12 44161.7 2.155 190.45 7.74 5.91 -4.12 544.1
2004 3 28 12 44298.2 2.787 184.43 7.74 5.08 -4.44 497.6
2004 3 29 12 44434.5 2.953 198.97 7.74 8.26 -0.17 631.5
2004 3 30 12 44570.3 6.343 196.59 7.74 4.64 -5.53 568.5
2004 3 31 12 44705.8 5.398 188.98 7.74 7.65 -2.29 506.0
2004 4 1 12 44840.8 1.182 178.19 7.74 7.58 -1.32 599.6
2004 4 2 12 44975.4 2.929 182.33 7.74 6.09 -3.72 534.2
2004 4 3 12 45109.4 3.555 201.60 7.74 8.40 -0.68 550.9
2004 4 4 12 45242.8 10.982 175.84 7.74 8.22 -1.42 608.0
2004 4 5 12 45375.7 1.718 191.19 7.74 5.25 -5.39 532.2
2004 4 6 12 45507.9 6.237 208.05 7.74 6.69 -1.68 604.5
2004 4 7 12 45639.4 0.115 227.39 7.74 10.34 1.53 621.9
2004 4 8 12 45770.2 6.247 195.68 7.74 9.12 -0.28 567.2
2004 4 9 12 45900.2 1.367 223.30 7.74 6.57 -2.88 538.4
2004 4 10 12 46029.4 4.732 228.57 7.74 6.57 -3.54 522.6
2004 4 11 12 46157.8 6.454 220.86 7.74 9.23 0.23 631.3
2004 4 12 12 46285.3 21.524 210.52 7.74 9.86 -1.03 619.6
2004 4 13 12 46411.9 0.690 190.19 7.74 10.80 2.03 623.5
2004 4 14 12 46537.5 3.231 216.69 7.74 6.78 -2.70 546.7
2004 4 15 12 46662.2 6.163 234.95 7.74 9.22 0.49 590.5
2004 4 16 12 46785.8 11.670 209.90 7.74 10.97 2.10 625.4
2004 4 17 12 46908.4 4.293 220.99 7.74 14.25 3.50 666.9
2004 4 18 12 47029.9 6.410 231.26 7.74 11.55 2.97 667.3
2004 4 19 12 47150.2 6.603 215.17 7.74 8.26 -0.40 611.9
2004 4 20 12 47269.4 1.376 222.47 7.74 11.08 0.91 669.3
2004 4 21 12 47387.3 12.948 226.75 7.74 12.21 2.04 638.7
2004 4 22 12 47504.0 15.198 225.28 7.74 10.20 -0.19 591.6
2004 4 23 12 47619.5 5.708 211.66 7.74 10.03 0.95 549.8
2004 4 24 12 47733.6 2.180 231.81 7.74 11.31 1.68 637.0
2004 4 25 12 47846.4 7.808 220.21 7.74 10.77 0.49 615.0
2004 4 26 12 47957.8 4.283 236.32 7.74 12.30 2.03 685.9
2004 4 27 12 48067.8 6.766 246.29 7.74 12.83 3.76 599.1
2004 4 28 12 48176.4 0.796 220.68 7.74 12.63 3.66 668.2
2004 4 29 12 48283.5 0.672 228.98 7.74 12.15 2.17 650.7
2004 4 30 12 48389.0 5.791 240.62 7.74 14.36 4.58 721.5
2004 5 1 12 48493.1 0.320 233.59 7.74 11.35 1.72 625.3
2004 5 2 12 48595.5 1.202 225.28 7.74 11.24 2.53 691.6
2004 5 3 12 48696.4 2.025 252.18 7.74 13.08 3.26 645.0
2004 5 4 12 48795.7 1.690 228.24 7.74 12.27 3.51 700.3
2004 5 5 12 48893.3 6.912 230.96 7.74 12.08 3.05 700.8
2004 5 6 12 48989.2 3.558 254.63 7.74 15.27 5.92 722.5
2004 5 7 12 49083.3 5.456 234.59 7.74 14.60 3.78 633.7
2004 5 8 12 49175.8 0.777 259.42 7.74 15.46 7.55 789.0
2004 5 9 12 49266.4 3.922 243.52 7.74 14.84 5.01 674.7
2004 5 10 12 49355.3 9.605 233.35 7.74 14.03 3.86 633.2
2004 5 11 12 49442.4 2.294 226.21 7.74 13.07 2.47 640.7
2004 5 12 12 49527.6 2.672 233.41 7.74 13.74 4.56 671.2
2004 5 13 12 49610.9 3.907 261.06 7.74 14.50 5.83 735.0
2004 5 14 12 49692.3 2.374 248.90 7.74 16.05 6.35 740.8
2004 5 15 12 49771.8 4.008 266.95 7.74 15.15 6.13 702.7
2004 5 16 12 49849.4 1.201 261.34 7.74 16.36 7.47 712.6
2004 5 17 12 49924.9 0.707 264.73 7.74 18.73 9.71 780.6
2004 5 18 12 49998.5 4.917 280.70 7.74 18.18 10.58 885.8
2004 5 19 12 50070.1 4.751 245.83 7.74 17.50 7.36 769.5
2004 5 20 12 50139.7 0.277 223.91 7.74 16.55 5.94 669.3
2004 5 21 12 50207.1 0.015 263.20 7.74 16.50 6.88 782.2
2004 5 22 12 50272.5 1.062 219.85 7.74 16.21 6.35 730.2
2004 5 23 12 50335.9 4.968 254.55 7.74 16.03 7.75 708.7
2004 5 24 12 50397.0 4.061 242.96 7.74 15.01 5.53 747.2
2004 5 25 12 50456.1 2.329 246.99 7.74 19.01 8.97 777.5
2004 5 26 12 50513.0 2.556 241.41 7.74 14.97 4.39 712.1
2004 5 27 12 50567.8 1.813 255.25 7.74 20.40 10.27 832.5
2004 5 28 12 50620.3 0.955 248.02 7.74 17.30 8.17 736.6
2004 5 29 12 50670.7 2.997 270.52 7.74 18.53 8.87 810.9
2004 5 30 12 50718.8 0.058 252.11 7.74 17.62 7.27 723.7
2004 5 31 12 50764.8 3.419 272.61 7.74 19.15 9.48 801.6
2004 6 1 12 50808.5 2.904 266.91 7.74 16.20 6.35 695.3
2004 6 2 12 50849.9 3.469 291.30 7.74 17.21 7.10 744.2
2004 6 3 12 50889.0 1.229 263.55 7.74 19.80 9.49 774.2
2004 6 4 12 50925.9 7.617 274.55 7.74 18.57 9.81 803.4
2004 6 5 12 50960.5 3.036 283.72 7.74 19.68 10.23 716.7
2004 6 6 12 50992.8 1.765 239.05 7.74 16.81 8.35 820.9
2004 6 7 12 51022.8 2.824 258.50 7.74 17.04 8.01 781.4
2004 6 8 12 51050.5 0.159 272.53 7.74 19.43 9.99 841.2
2004 6 9 12 51075.8 5.250 262.96 7.74 21.93 12.57 865.4
2004 6 10 12 51098.8 3.518 261.38 7.74 20.90 11.11 824.0
2004 6 11 12 51119.5 2.962 275.83 7.74 21.33 12.96 853.5
2004 6 12 12 51137.8 9.863 243.00 7.74 19.28 10.48 852.7
2004 6 13 12 51153.7 7.383 254.63 7.74 21.06 11.83 838.1
2004 6 14 12 51167.4 1.550 248.09 7.74 21.68 13.04 886.9
2004 6 15 12 51178.6 4.064 235.53 7.74 16.74 6.70 734.8
2004 6 16 12 51187.5 1.852 268.16 7.74 18.66 9.34 802.8
2004 6 17 12 51194.0 5.365 257.12 7.74 21.06 10.96 831.1
2004 6 18 12 51198.1 2.506 251.26 7.74 20.76 10.38 744.7
2004 6 19 12 51199.9 0.980 246.58 7.74 19.39 10.23 856.2
2004 6 20 12 51199.3 0.528 242.44 7.74 21.07 13.16 892.4
2004 6 21 12 51196.4 1.262 268.35 7.74 20.42 10.13 756.8
2004 6 22 12 51191.0 2.065 280.80 7.74 23.29 13.35 892.4
2004 6 23 12 51183.3 2.189 258.80 7.74 23.63 13.24 883.5
2004 6 24 12 51173.3 4.989 214.15 7.74 21.10 11.88 848.6
2004 6 25 12 51160.8 2.047 262.95 7.74 20.73 9.51 785.5
2004 6 26 12 51146.1 6.663 244.16 7.74 22.22 12.06 816.5
2004 6 27 12 51128.9 0.724 262.09 7.74 21.70 12.43 865.0
2004 6 28 12 51109.4 3.066 271.56 7.74 21.21 10.94 824.6
2004 6 29 12 51087.6 3.830 240.96 7.74 22.27 13.00 890.2
2004 6 30 12 51063.4 1.486 261.66 7.74 21.13 10.49 773.4
2004 7 1 12 51036.9 2.061 276.95 7.74 18.06 7.24 759.2
2004 7 2 12 51008.1 5.916 264.12 7.74 20.59 10.01 791.1
2004 7 3 12 50976.9 3.431 249.60 7.74 24.05 13.84 882.0
2004 7 4 12 50943.5 4.123 237.91 7.74 21.02 11.67 815.9
2004 7 5 12 50907.8 5.498 270.21 7.74 21.05 11.65 760.1
2004 7 6 12 50869.7 3.626 253.40 7.74 19.15 10.43 825.2
2004 7 7 12 50829.4 1.774 269.24 7.74 22.69 11.97 764.8
2004 7 8 12 50786.9 0.344 235.21 7.74 22.61 13.52 884.8
2004 7 9 12 50742.1 0.907 265.13 7.74 26.35 15.62 880.2
2004 7 10 12 50695.1 2.342 267.51 7.74 24.11 14.04 861.9
2004 7 11 12 50645.8 0.500 264.14 7.74 22.20 13.64 923.0
2004 7 12 12 50594.3 0.080 257.26 7.74 21.96 13.72 886.2
2004 7 13 12 50540.7 3.998 265.81 7.74 22.36 13.24 865.6
2004 7 14 12 50484.8 3.870 253.51 7.74 21.76 12.27 825.7
2004 7 15 12 50426.8 1.321 274.82 7.74 21.51 12.69 852.1
2004 7 16 12 50366.7 0.659 259.56 7.74 23.12 13.47 888.4
2004 7 17 12 50304.5 2.933 229.54 7.74 23.99 14.80 860.4
2004 7 18 12 50240.1 0.412 254.71 7.74 25.37 17.18 932.3
2004 7 19 12 50173.7 2.728 253.95 7.74 18.68 10.46 793.3
2004 7 20 12 50105.1 5.868 244.29 7.74 19.20 11.40 803.3
2004 7 21 12 50034.6 1.785 240.05 7.74 24.42 15.95 893.4
2004 7 22 12 49962.0 3.163 230.98 7.74 21.00 10.90 861.5
2004 7 23 12 49887.4 2.818 249.31 7.74 25.77 16.69 943.9
2004 7 24 12 49810.8 0.916 223.77 7.74 18.99 10.46 835.0
2004 7 25 12 49732.3 1.203 243.87 7.74 21.37 11.39 824.3
2004 7 26 12 49651.8 0.632 250.07 7.74 21.65 12.05 871.0
2004 7 27 12 49569.5 5.115 255.22 7.74 20.98 11.35 886.2
2004 7 28 12 49485.2 2.751 254.33 7.74 24.08 14.51 834.2
2004 7 29 12 49399.1 1.655 250.43 7.74 21.90 13.09 822.2
2004 7 30 12 49311.1 0.162 240.89 7.74 23.13 12.63 828.6
2004 7 31 12 49221.3 0.019 239.28 7.74 23.21 13.53 816.4
2004 8 1 12 49129.8 0.805 240.59 7.74 23.78 13.31 893.7
2004 8 2 12 49036.5 3.592 217.12 7.74 22.80 12.49 829.0
2004 8 3 12 48941.4 2.875 253.52 7.74 23.69 14.76 932.5
2004 8 4 12 48844.7 0.362 225.37 7.74 20.87 12.34 856.8
2004 8 5 12 48746.2 1.515 214.55 7.74 23.33 14.24 848.2
2004 8 6 12 48646.2 3.318 240.69 7.74 19.07 9.53 800.3
2004 8 7 12 48544.5 0.703 228.95 7.74 21.56 12.89 877.7
2004 8 8 12 48441.3 3.213 239.78 7.74 22.76 13.23 844.9
2004 8 9 12 48336.4 2.442 240.77 7.74 20.80 10.94 834.1
2004 8 10 12 48230.1 1.573 222.97 7.74 22.68 13.97 896.3
2004 8 11 12 48122.3 5.184 231.93 7.74 20.90 11.28 819.0
2004 8 12 12 48013.0 1.688 234.52 7.74 20.38 11.43 824.6
2004 8 13 12 47902.3 1.330 244.27 7.74 22.18 12.48 870.8
2004 8 14 12 47790.2 3.328 235.83 7.74 23.20 12.20 836.3
2004 8 15 12 47676.7 0.998 209.16 7.74 21.52 12.41 860.3
2004 8 16 12 47561.9 0.283 209.06 7.74 22.81 13.74 794.6
2004 8 17 12 47445.8 2.680 219.25 7.74 20.09 9.82 812.6
2004 8 18 12 47328.5 3.238 212.64 7.74 23.19 13.23 818.0
2004 8 19 12 47209.9 1.432 218.73 7.74 20.86 11.22 813.0
2004 8 20 12 47090.2 1.712 249.36 7.74 19.23 10.45 778.3
2004 8 21 12 46969.3 1.643 206.57 7.74 19.72 10.70 849.2
2004 8 22 12 46847.3 0.892 236.34 7.74 20.59 11.07 849.5
2004 8 23 12 46724.2 0.248 237.24 7.74 20.48 11.43 777.2
2004 8 24 12 46600.0 1.378 224.55 7.74 20.57 11.21 821.6
2004 8 25 12 46474.8 0.564 207.42 7.74 19.76 9.54 873.8
2004 8 26 12 46348.7 0.908 205.32 7.74 20.49 10.74 771.3
2004 8 27 12 46221.7 2.084 212.58 7.74 20.90 11.48 850.3
2004 8 28 12 46093.7 2.342 197.24 7.74 21.47 10.29 805.6
2004 8 29 12 45964.9 1.469 206.95 7.74 21.04 12.03 822.9
2004 8 30 12 45835.3 0.695 177.72 7.74 18.31 9.59 785.4
2004 8 31 12 45704.9 0.744 228.55 7.74 18.38 8.79 765.7
2004 9 1 12 45573.7 0.792 198.52 7.74 16.18 6.76 777.6
2004 9 2 12 45441.8 3.478 186.13 7.74 18.33 9.57 799.7
2004 9 3 12 45309.3 1.386 189.52 7.74 18.25 9.45 802.2
2004 9 4 12 45176.2 5.031 177.51 7.74 21.07 10.04 821.7
2004 9 5 12 45042.4 2.867 192.72 7.74 19.70 10.70 791.3
2004 9 6 12 44908.2 3.638 216.94 7.74 18.39 8.39 753.9
2004 9 7 12 44773.4 3.162 172.06 7.74 20.17 11.06 829.2
2004 9 8 12 44638.1 0.112 176.81 7.74 17.46 7.81 772.2
2004 9 9 12 44502.5 1.744 182.56 7.74 19.68 11.35 791.3
2004 9 10 12 44366.4 2.438 192.11 7.74 18.74 8.67 821.4
2004 9 11 12 44230.0 0.188 175.83 7.74 16.51 7.85 762.3
2004 9 12 12 44093.3 0.389 190.98 7.74 16.37 6.60 700.9
2004 9 13 12 43956.3 4.099 190.05 7.74 16.93 6.43 689.4
2004 9 14 12 43819.1 0.169 179.52 7.74 16.69 6.92 762.2
2004 9 15 12 43681.7 0.873 203.43 7.74 18.57 9.44 780.3
2004 9 16 12 43544.2 2.505 200.28 7.74 16.25 6.76 728.6
2004 9 17 12 43406.5 1.887 157.69 7.74 18.19 9.56 821.3
2004 9 18 12 43268.9 0.297 193.25 7.74 15.33 6.07 700.8
2004 9 19 12 43131.1 0.367 189.93 7.74 16.58 6.88 736.3
2004 9 20 12 42993.5 0.695 190.45 7.74 15.62 6.39 660.4
2004 9 21 12 42855.8 2.059 179.34 7.74 17.82 8.84 739.3
2004 9 22 12 42718.3 0.534 177.18 7.74 17.88 7.51 769.6
2004 9 23 12 42580.9 1.665 183.49 7.74 14.77 4.96 665.0
2004 9 24 12 42443.7 3.707 161.10 7.74 14.32 4.63 740.2
2004 9 25 12 42306.7 4.556 184.69 7.74 13.73 4.24 660.5
2004 9 26 12 42170.0 0.254 186.62 7.74 13.97 5.29 678.9
2004 9 27 12 42033.6 2.489 168.86 7.74 15.03 5.12 746.5
2004 9 28 12 41897.5 0.849 144.58 7.74 11.96 2.85 645.2
2004 9 29 12 41761.9 1.159 177.46 7.74 12.65 3.15 673.1
2004 9 30 12 41626.6 0.246 160.75 7.74 13.71 4.60 701.3
2004 10 1 12 41491.8 2.765 176.57 7.74 12.57 3.74 674.4
2004 10 2 12 41357.6 0.188 176.66 7.74 13.16 3.57 705.3
2004 10 3 12 41223.8 0.137 169.78 7.74 14.35 4.98 716.0
2004 10 4 12 41090.7 0.796 170.78 7.74 14.05 6.96 753.6
2004 10 5 12 40958.2 0.072 150.34 7.74 15.84 6.09 723.0
2004 10 6 12 40826.3 1.425 148.15 7.74 12.09 3.81 715.4
2004 10 7 12 40695.1 0.957 141.45 7.74 16.60 6.56 689.2
2004 10 8 12 40564.7 0.940 149.93 7.74 10.86 0.60 601.9
2004 10 9 12 40435.1 0.497 165.26 7.74 11.80 1.25 658.8
2004 10 10 12 40306.3 0.164 143.17 7.74 14.62 4.86 646.1
2004 10 11 12 40178.3 0.870 125.01 7.74 15.13 6.77 784.4
2004 10 12 12 40051.3 1.718 164.68 7.74 11.34 0.73 551.6
2004 10 13 12 39925.2 0.183 146.77 7.74 10.70 1.61 633.2
2004 10 14 12 39800.0 0.484 133.25 7.74 10.92 0.36 593.4
2004 10 15 12 39675.8 0.613 150.24 7.74 10.97 1.21 650.2
2004 10 16 12 39552.7 0.338 164.37 7.74 11.27 0.67 605.8
2004 10 17 12 39430.7 3.405 139.15 7.74 9.85 -0.59 496.3
2004 10 18 12 39309.8 2.391 149.70 7.74 8.02 -1.45 597.3
2004 10 19 12 39190.1 0.203 125.98 7.74 11.33 2.67 679.4
2004 10 20 12 39071.5 5.301 152.97 7.74 10.64 1.49 637.3
2004 10 21 12 38954.2 0.830 150.46 7.74 10.50 0.08 594.2
2004 10 22 12 38838.1 0.784 141.53 7.74 9.24 -0.35 616.2
2004 10 23 12 38723.3 0.963 113.39 7.74 9.93 1.05 614.3
2004 10 24 12 38609.8 0.542 148.11 7.74 11.94 3.07 686.7
2004 10 25 12 38497.7 0.937 137.31 7.74 10.94 2.37 662.4
2004 10 26 12 38387.0 1.952 114.44 7.74 9.88 1.43 657.6
2004 10 27 12 38277.7 3.068 116.35 7.74 6.74 -3.52 561.5
2004 10 28 12 38169.9 2.168 152.05 7.74 7.80 -1.23 544.3
2004 10 29 12 38063.6 0.102 120.15 7.74 6.24 -4.54 517.9
2004 10 30 12 37958.7 0.321 94.47 7.74 7.15 -2.13 562.9
2004 10 31 12 37855.5 1.200 113.91 7.74 7.35 -3.18 531.7
2004 11 1 12 37753.8 0.528 113.12 7.74 8.15 -0.36 633.8
2004 11 2 12 37653.8 0.751 141.54 7.74 5.24 -4.31 505.4
2004 11 3 12 37555.3 0.681 113.87 7.74 7.71 -2.47 525.3
2004 11 4 12 37458.6 0.759 108.31 7.74 6.88 -2.67 522.7
2004 11 5 12 37363.5 0.392 126.86 7.74 6.85 -2.77 564.1
2004 11 6 12 37270.2 2.932 103.69 7.74 4.82 -4.24 526.5
2004 11 7 12 37178.7 0.853 135.81 7.74 5.71 -4.02 508.9
2004 11 8 12 37088.9 0.124 95.37 7.74 6.61 -2.36 577.1
2004 11 9 12 37000.9 2.131 108.46 7.74 6.71 -2.23 553.9
2004 11 10 12 36914.8 2.211 111.17 7.74 5.42 -2.50 588.9
2004 11 11 12 36830.5 0.287 111.91 7.74 5.88 -3.25 502.2
2004 11 12 12 36748.2 0.373 100.52 7.74 6.21 -3.39 548.6
2004 11 13 12 36667.7 0.488 128.67 7.74 6.98 -2.00 510.2
2004 11 14 12 36589.2 0.244 105.40 7.74 6.20 -1.90 443.7
2004 11 15 12 36512.6 3.925 103.40 7.74 6.99 -3.70 511.9
2004 11 16 12 36438.0 1.337 108.01 7.74 6.11 -2.51 547.1
2004 11 17 12 36365.4 2.286 110.63 7.74 3.05 -7.27 439.6
2004 11 18 12 36294.9 1.259 129.51 7.74 4.99 -3.41 528.5
2004 11 19 12 36226.3 0.886 84.12 7.74 4.48 -4.65 504.1
2004 11 20 12 36159.9 0.558 123.41 7.74 1.59 -7.74 421.5
2004 11 21 12 36095.5 1.812 86.28 7.74 4.41 -3.54 526.7
2004 11 22 12 36033.3 1.832 98.87 7.74 0.21 -9.39 409.1
2004 11 23 12 35973.2 0.119 110.26 7.74 2.63 -6.82 492.4
2004 11 24 12 35915.2 3.123 101.67 7.74 6.64 -2.71 543.2
2004 11 25 12 35859.3 0.501 119.58 7.74 3.56 -6.17 579.9
2004 11 26 12 35805.7 0.255 97.36 7.74 2.89 -5.61 451.2
2004 11 27 12 35754.2 1.747 138.60 7.74 1.31 -6.57 438.2
2004 11 28 12 35704.9 0.610 115.24 7.74 3.09 -5.48 425.2
2004 11 29 12 35657.9 0.044 109.12 7.74 1.12 -8.48 428.0
2004 11 30 12 35613.1 0.443 124.19 7.74 4.82 -5.51 502.7
2004 12 1 12 35570.6 0.768 98.75 7.74 0.19 -9.71 418.1
2004 12 2 12 35530.3 0.733 97.19 7.74 1.09 -7.08 481.1
2004 12 3 12 35492.2 1.813 70.10 7.74 0.68 -10.36 437.3
2004 12 4 12 35456.5 0.423 91.91 7.74 1.20 -7.68 446.6
2004 12 5 12 35423.1 1.535 107.34 7.74 0.51 -8.90 434.2
2004 12 6 12 35391.9 0.394 113.56 7.74 1.05 -9.05 388.6
2004 12 7 12 35363.1 0.284 114.96 7.74 3.14 -5.68 489.0
2004 12 8 12 35336.6 3.581 88.77 7.74 2.05 -7.19 468.9
2004 12 9 12 35312.4 1.306 101.48 7.74 -0.97 -10.79 337.9
2004 12 10 12 35290.6 0.990 72.72 7.74 -1.30 -10.45 395.2
2004 12 11 12 35271.1 10.368 93.76 7.74 -0.46 -9.03 433.8
2004 12 12 12 35253.9 2.623 96.52 7.74 1.43 -6.75 475.9
2004 12 13 12 35239.2 2.803 116.97 7.74 1.33 -7.42 429.6
2004 12 14 12 35226.7 2.840 102.18 7.74 1.72 -6.99 443.6
2004 12 15 12 35216.7 0.293 106.90 7.74 1.83 -8.13 425.3
2004 12 16 12 35209.0 0.529 97.16 7.74 0.97 -8.34 419.1
2004 12 17 12 35203.6 2.159 104.19 7.74 1.38 -8.43 476.7
2004 12 18 12 35200.7 1.503 112.69 7.74 -0.83 -10.44 414.3
2004 12 19 12 35200.1 2.901 110.60 7.74 1.55 -7.98 413.7
2004 12 20 12 35201.9 1.327 80.68 7.74 -0.28 -9.69 401.1
2004 12 21 12 35206.0 0.140 109.94 7.74 -0.34 -9.97 421.3
2004 12 22 12 35212.5 3.047 102.50 7.74 -2.21 -11.54 380.7
2004 12 23 12 35221.4 0.845 117.72 7.74 -1.94 -11.74 357.6
2004 12 24 12 35232.6 0.087 73.93 7.74 0.32 -8.74 475.7
2004 12 25 12 35246.3 0.402 118.19 7.74 -1.43 -10.88 365.8
2004 12 26 12 35262.2 1.924 105.85 7.74 -1.04 -10.28 376.0
2004 12 27 12 35280.5 0.385 75.69 7.74 -0.35 -9.18 362.2
2004 12 28 12 35301.2 0.408 91.14 7.74 0.17 -10.06 369.1
2004 12 29 12 35324.2 4.653 92.31 7.74 -1.93 -9.56 382.5
2004 12 30 12 35349.5 6.908 109.74 7.74 -4.78 -13.03 325.4
2004 12 31 12 35377.2 0.370 79.85 7.74 -1.05 -10.03 358.5
2005 1 1 12 35377.2 0.492 121.00 7.74 -1.57 -11.43 420.0
2005 1 2 12 35407.2 1.800 99.07 7.74 -1.02 -10.03 371.3
2005 1 3 12 35439.5 0.355 79.41 7.74 -0.69 -9.32 408.2
2005 1 4 12 35474.1 0.153 128.94 7.74 -0.35 -10.06 407.8
2005 1 5 12 35511.0 4.361 96.92 7.74 -2.64 -12.97 317.5
2005 1 6 12 35550.1 0.812 97.61 7.74 -0.73 -10.46 441.1
2005 1 7 12 35591.5 0.911 127.98 7.74 -1.95 -10.34 390.7
2005 1 8 12 35635.2 3.592 115.43 7.74 -2.86 -13.20 342.6
2005 1 9 12 35681.2 3.215 140.09 7.74 -3.24 -11.91 326.9
2005 1 10 12 35729.3 2.233 102.53 7.74 -0.41 -10.14 480.4
2005 1 11 12 35779.7 2.149 106.51 7.74 1.45 -7.97 534.4
2005 1 12 12 35832.2 2.549 99.88 7.74 -0.23 -9.81 367.6
2005 1 13 12 35887.0 0.307 89.79 7.74 0.26 -8.67 443.9
2005 1 14 12 35943.9 1.575 97.26 7.74 0.68 -7.65 401.1
2005 1 15 12 36003.0 8.251 135.53 7.74 -0.75 -9.15 438.1
2005 1 16 12 36064.1 0.450 136.27 7.74 -2.00 -10.75 357.0
2005 1 17 12 36127.5 1.961 98.89 7.74 -0.94 -11.28 382.3
2005 1 18 12 36192.9 1.607 106.96 7.74 -0.62 -10.08 381.8
2005 1 19 12 36260.3 5.629 134.40 7.74 2.65 -6.89 424.9
2005 1 20 12 36329.9 3.283 112.56 7.74 -2.41 -11.48 438.3
2005 1 21 12 36401.5 6.373 110.70 7.74 -3.32 -13.62 336.8
2005 1 22 12 36475.1 3.742 116.95 7.74 0.23 -8.75 448.7
2005 1 23 12 36550.6 1.310 125.78 7.74 -1.62 -11.22 355.8
2005 1 24 12 36628.2 1.636 125.70 7.74 -1.16 -12.29 362.3
2005 1 25 12 36707.7 3.271 108.29 7.74 -2.63 -12.34 343.3
2005 1 26 12 36789.1 0.393 91.02 7.74 -4.89 -13.74 311.1
2005 1 27 12 36872.4 0.124 120.23 7.74 -0.32 -9.34 350.8
2005 1 28 12 36957.6 1.748 106.95 7.74 -0.95 -11.11 401.1
2005 1 29 12 37044.7 0.752 103.19 7.74 -1.09 -11.57 376.9
2005 1 30 12 37133.6 0.833 106.42 7.74 -0.98 -9.20 401.2
2005 1 31 12 37224.2 4.826 112.31 7.74 0.14 -8.56 437.1
2005 2 1 12 37316.7 0.748 101.18 7.74 -1.57 -10.64 347.7
2005 2 2 12 37410.8 2.347 110.66 7.74 -3.21 -12.26 304.2
2005 2 3 12 37506.7 4.062 129.63 7.74 -0.03 -10.63 377.1
2005 2 4 12 37604.3 1.964 149.97 7.74 -1.75 -12.34 371.5
2005 2 5 12 37703.6 5.372 133.45 7.74 1.81 -8.92 418.8
2005 2 6 12 37804.5 1.336 175.06 7.74 -4.43 -14.27 266.1
2005 2 7 12 37906.9 3.306 125.28 7.74 0.75 -9.59 402.1
2005 2 8 12 38011.0 2.217 127.94 7.74 -0.88 -9.22 438.4
2005 2 9 12 38116.5 0.408 133.74 7.74 -0.77 -7.61 472.8
2005 2 10 12 38223.6 3.523 114.36 7.74 0.62 -8.84 377.6
2005 2 11 12 38332.2 0.855 146.82 7.74 -1.05 -11.06 379.3
2005 2 12 12 38442.2 0.934 128.20 7.74 2.10 -6.56 510.2
2005 2 13 12 38553.6 2.792 119.10 7.74 0.20 -8.37 430.7
2005 2 14 12 38666.4 1.882 141.43 7.74 -1.01 -12.24 374.3
2005 2 15 12 38780.5 4.329 125.86 7.74 -0.27 -8.31 409.1
2005 2 16 12 38896.0 1.344 134.87 7.74 -1.09 -10.68 356.1
2005 2 17 12 39012.7 1.768 118.60 7.74 1.12 -8.59 404.4
2005 2 18 12 39130.6 1.315 162.17 7.74 -0.20 -10.00 400.4
2005 2 19 12 39249.8 2.332 174.35 7.74 -0.08 -9.83 425.2
2005 2 20 12 39370.1 3.237 111.71 7.74 -1.92 -11.03 369.6
2005 2 21 12 39491.6 1.507 175.58 7.74 -1.90 -10.90 384.3
2005 2 22 12 39614.2 3.491 149.80 7.74 1.07 -8.01 486.4
2005 2 23 12 39737.8 1.522 170.21 7.74 1.17 -9.04 443.1
2005 2 24 12 39862.5 2.998 150.72 7.74 -0.38 -9.85 376.7
2005 2 25 12 39988.1 4.455 156.45 7.74 1.82 -6.62 456.7
2005 2 26 12 40114.7 3.944 138.23 7.74 0.95 -8.91 459.3
2005 2 27 12 40242.2 1.820 159.36 7.74 -0.83 -10.48 409.9
2005 2 28 12 40370.6 10.458 156.31 7.74 3.22 -6.91 487.8
2005 3 1 12 40499.8 1.303 175.12 7.74 1.04 -7.58 442.9
2005 3 2 12 40629.8 4.153 178.81 7.74 0.37 -8.30 430.1
2005 3 3 12 40760.6 0.771 145.46 7.74 -0.02 -9.82 356.8
2005 3 4 12 40892.1 6.543 144.23 7.74 1.34 -8.23 416.1
2005 3 5 12 41024.3 0.753 158.14 7.74 1.64 -5.88 524.2
2005 3 6 12 41157.2 0.436 173.32 7.74 0.39 -8.64 410.0
2005 3 7 12 41290.6 3.206 170.66 7.74 -0.14 -10.40 394.5
2005 3 8 12 41424.6 3.169 158.28 7.74 3.70 -5.41 596.6
2005 3 9 12 41559.2 3.130 146.41 7.74 1.66 -8.97 455.0
2005 3 10 12 41694.2 4.317 154.16 7.74 3.12 -6.89 477.2
2005 3 11 12 41829.7 3.870 149.42 7.74 1.91 -7.40 503.3
2005 3 12 12 41965.5 1.101 168.69 7.74 4.49 -5.30 480.1
2005 3 13 12 42101.8 1.601 156.14 7.74 0.18 -9.33 388.2
2005 3 14 12 42238.3 0.598 176.15 7.74 0.94 -7.71 456.6
2005 3 15 12 42375.2 9.064 147.78 7.74 3.98 -5.10 493.6
2005 3 16 12 42512.3 2.725 175.01 7.74 3.88 -6.36 493.2
2005 3 17 12 42649.6 2.868 171.08 7.74 0.67 -9.79 393.0
2005 3 18 12 42787.0 0.667 174.34 7.74 6.12 -4.92 468.4
2005 3 19 12 42924.6 7.452 182.04 7.74 6.74 -3.17 581.6
2005 3 20 12 43062.3 1.831 184.71 7.74 4.27 -7.16 460.1
2005 3 21 12 43200.0 3.555 175.05 7.74 5.00 -6.14 439.9
2005 3 22 12 43337.7 2.670 209.62 7.74 1.86 -7.46 447.1
2005 3 23 12 43475.4 6.712 188.19 7.74 4.69 -4.52 510.4
2005 3 24 12 43613.0 2.638 190.02 7.74 7.76 -1.42 603.6
2005 3 25 12 43750.4 1.131 167.60 7.74 4.29 -3.67 506.6
2005 3 26 12 43887.7 1.049 189.43 7.74 5.56 -5.08 477.8
2005 3 27 12 44024.8 5.007 208.10 7.74 4.99 -5.01 557.1
2005 3 28 12 44161.7 2.344 205.66 7.74 4.58 -5.13 555.6
2005 3 29 12 44298.2 0.123 186.18 7.74 5.06 -4.27 538.8
2005 3 30 12 44434.5 5.558 211.53 7.74 7.91 -1.00 586.3
2005 3 31 12 44570.3 5.231 186.92 7.74 7.90 -0.78 601.5
2005 4 1 12 44705.8 3.306 176.72 7.74 7.19 -2.22 544.7
2005 4 2 12 44840.8 0.382 179.57 7.74 10.01 0.09 631.8
2005 4 3 12 44975.4 0.848 216.06 7.74 8.87 0.50 632.4
2005 4 4 12 45109.4 2.701 197.08 7.74 3.74 -6.09 495.6
2005 4 5 12 45242.8 2.012 208.08 7.74 7.15 -4.13 548.8
2005 4 6 12 45375.7 2.825 221.06 7.74 6.80 -3.36 531.8
2005 4 7 12 45507.9 2.106 201.18 7.74 7.35 -1.97 554.2
2005 4 8 12 45639.4 2.537 208.04 7.74 9.06 0.17 578.3
2005 4 9 12 45770.2 1.072 189.86 7.74 9.47 1.09 645.6
2005 4 10 12 45900.2 2.015 225.11 7.74 11.37 2.06 622.3
2005 4 11 12 46029.4 7.491 197.77 7.74 7.98 -2.32 545.2
2005 4 12 12 46157.8 6.388 193.37 7.74 9.22 0.11 574.2
2005 4 13 12 46285.3 2.158 253.85 7.74 8.57 -0.57 614.0
2005 4 14 12 46411.9 3.815 225.89 7.74 9.37 -0.20 582.8
2005 4 15 12 46537.5 2.152 202.54 7.74 12.09 3.22 676.0
2005 4 16 12 46662.2 2.983 185.63 7.74 10.50 0.69 628.8
2005 4 17 12 46785.8 4.653 197.77 7.74 11.14 1.58 620.3
2005 4 18 12 46908.4 9.709 212.78 7.74 7.11 -4.00 607.5
2005 4 19 12 47029.9 0.844 211.42 7.74 10.51 1.12 586.0
2005 4 20 12 47150.2 0.548 231.14 7.74 9.68 0.47 586.5
2005 4 21 12 47269.4 4.716 221.28 7.74 10.89 2.05 602.6
2005 4 22 12 47387.3 2.424 227.18 7.74 12.33 1.81 655.0
2005 4 23 12 47504.0 5.838 246.82 7.74 9.73 -0.45 639.2
2005 4 24 12 47619.5 0.748 225.59 7.74 12.40 3.48 686.0
2005 4 25 12 47733.6 3.598 212.62 7.74 10.41 0.47 610.7
2005 4 26 12 47846.4 4.096 220.35 7.74 12.23 2.84 695.5
2005 4 27 12 47957.8 2.238 241.95 7.74 12.29 3.99 725.7
2005 4 28 12 48067.8 7.288 233.96 7.74 14.12 4.39 666.7
2005 4 29 12 48176.4 6.579 214.08 7.74 12.14 3.14 702.7
2005 4 30 12 48283.5 14.352 212.82 7.74 11.72 2.41 655.9
2005 5 1 12 48389.0 1.803 236.46 7.74 11.82 2.60 694.7
2005 5 2 12 48493.1 1.373 242.07 7.74 14.96 4.54 621.8
2005 5 3 12 48595.5 5.336 253.08 7.74 11.38 3.53 607.9
2005 5 4 12 48696.4 0.618 247.74 7.74 12.71 3.78 666.3
2005 5 5 12 48795.7 0.671 276.22 7.74 13.46 5.46 732.5
2005 5 6 12 48893.3 8.190 279.17 7.74 12.61 3.22 607.4
2005 5 7 12 48989.2 4.011 255.92 7.74 12.48 3.20 663.2
2005 5 8 12 49083.3 0.620 239.53 7.74 16.05 6.47 718.8
2005 5 9 12 49175.8 2.290 236.58 7.74 14.83 4.68 659.5
2005 5 10 12 49266.4 1.220 240.48 7.74 13.31 2.97 676.2
2005 5 11 12 49355.3 2.234 236.03 7.74 12.94 2.99 637.6
2005 5 12 12 49442.4 3.220 207.14 7.74 15.22 5.35 669.6
2005 5 13 12 49527.6 0.606 233.75 7.74 11.13 1.48 620.0
2005 5 14 12 49610.9 1.533 271.83 7.74 14.44 3.22 622.5
2005 5 15 12 49692.3 0.937 241.58 7.74 17.21 8.73 787.4
2005 5 16 12 49771.8 11.514 240.61 7.74 16.25 6.98 760.9
2005 5 17 12 49849.4 7.551 253.07 7.74 17.65 7.41 761.9
2005 5 18 12 49924.9 0.751 256.04 7.74 16.69 7.17 743.9
2005 5 19 12 49998.5 1.634 258.37 7.74 13.99 5.78 716.9
2005 5 20 12 50070.1 7.877 213.91 7.74 15.04 5.89 667.8
2005 5 21 12 50139.7 5.999 249.36 7.74 18.05 7.44 728.8
2005 5 22 12 50207.1 0.441 252.35 7.74 17.64 9.22 773.0
2005 5 23 12 50272.5 0.796 232.95 7.74 18.24 8.20 787.6
2005 5 24 12 50335.9 5.382 250.29 7.74 18.08 9.15 774.7
2005 5 25 12 50397.0 0.313 273.84 7.74 18.13 8.13 759.5
2005 5 26 12 50456.1 2.572 221.85 7.74 14.14 4.04 699.8
2005 5 27 12 50513.0 1.836 232.82 7.74 19.55 9.57 758.7
2005 5 28 12 50567.8 2.716 275.47 7.74 16.23 6.40 740.4
2005 5 29 12 50620.3 6.993 259.82 7.74 16.86 7.59 701.5
2005 5 30 12 50670.7 0.975 261.99 7.74 17.68 8.03 786.2
2005 5 31 12 50718.8 1.176 239.89 7.74 16.53 7.06 705.1
2005 6 1 12 50764.8 2.148 252.32 7.74 20.38 10.27 772.0
2005 6 2 12 50808.5 3.663 257.33 7.74 18.65 9.02 786.2
2005 6 3 12 50849.9 1.072 271.51 7.74 19.62 9.68 848.2
2005 6 4 12 50889.0 1.977 244.70 7.74 18.19 7.57 739.8
2005 6 5 12 50925.9 1.878 244.14 7.74 17.50 8.51 771.1
2005 6 6 12 50960.5 2.641 238.09 7.74 16.89 6.52 713.5
2005 6 7 12 50992.8 5.048 247.08 7.74 19.07 9.92 771.2
2005 6 8 12 51022.8 5.595 238.06 7.74 17.92 8.34 765.6
2005 6 9 12 51050.5 0.306 274.33 7.74 18.28 8.84 775.0
2005 6 10 12 51075.8 0.587 243.10 7.74 21.34 12.37 821.4
2005 6 11 12 51098.8 1.391 274.08 7.74 19.79 10.16 803.9
2005 6 12 12 51119.5 1.709 283.49 7.74 19.43 10.26 797.9
2005 6 13 12 51137.8 1.045 265.22 7.74 21.62 12.49 834.3
2005 6 14 12 51153.7 8.306 291.93 7.74 20.50 11.85 850.9
2005 6 15 12 51167.4 4.795 253.25 7.74 20.98 11.76 867.3
2005 6 16 12 51178.6 2.101 254.02 7.74 19.65 10.11 818.7
2005 6 17 12 51187.5 1.292 247.20 7.74 19.08 9.92 848.3
2005 6 18 12 51194.0 1.086 266.90 7.74 22.07 12.78 805.4
2005 6 19 12 51198.1 3.752 254.33 7.74 22.14 12.73 844.4
2005 6 20 12 51199.9 1.833 265.72 7.74 20.74 12.89 822.7
2005 6 21 12 51199.3 0.946 256.58 7.74 21.73 14.16 864.6
2005 6 22 12 51196.4 4.156 271.34 7.74 21.81 13.70 894.2
2005 6 23 12 51191.0 3.576 259.41 7.74 20.34 11.30 781.4
2005 6 24 12 51183.3 1.543 270.40 7.74 19.77 11.58 839.8
2005 6 25 12 51173.3 1.935 276.87 7.74 20.79 11.27 853.4
2005 6 26 12 51160.8 0.934 262.84 7.74 21.73 11.88 830.4
2005 6 27 12 51146.1 0.676 249.76 7.74 21.95 14.49 901.0
2005 6 28 12 51128.9 7.279 281.27 7.74 19.25 9.98 779.9
2005 6 29 12 51109.4 3.552 239.99 7.74 21.54 13.60 935.4
2005 6 30 12 51087.6 4.037 253.79 7.74 21.70 13.50 872.5
2005 7 1 12 51063.4 0.886 291.89 7.74 20.31 9.34 804.7
2005 7 2 12 51036.9 0.380 268.11 7.74 23.12 13.79 932.6
2005 7 3 12 51008.1 4.116 237.52 7.74 21.46 13.19 887.4
2005 7 4 12 50976.9 11.173 280.36 7.74 25.58 16.10 930.0
2005 7 5 12 50943.5 0.456 269.40 7.74 22.51 14.48 899.7
2005 7 6 12 50907.8 0.169 228.36 7.74 21.59 12.56 857.1
2005 7 7 12 50869.7 0.323 281.16 7.74 22.48 12.12 833.8
2005 7 8 12 50829.4 1.011 263.86 7.74 21.67 11.74 872.0
2005 7 9 12 50786.9 0.126 261.52 7.74 21.88 12.13 829.7
2005 7 10 12 50742.1 7.230 269.01 7.74 22.61 13.90 847.4
2005 7 11 12 50695.1 2.772 251.90 7.74 22.13 11.73 863.8
2005 7 12 12 50645.8 1.382 258.18 7.74 22.22 12.52 798.7
2005 7 13 12 50594.3 1.855 227.90 7.74 21.31 11.90 854.4
2005 7 14 12 50540.7 12.092 231.51 7.74 21.96 12.73 857.0
2005 7 15 12 50484.8 0.681 254.97 7.74 22.36 12.53 855.2
2005 7 16 12 50426.8 0.276 240.37 7.74 21.84 13.15 881.3
2005 7 17 12 50366.7 4.363 250.54 7.74 23.03 15.06 820.1
2005 7 18 12 50304.5 2.326 244.17 7.74 22.74 13.62 858.9
2005 7 19 12 50240.1 0.870 260.88 7.74 24.16 14.63 845.1
2005 7 20 12 50173.7 0.522 251.79 7.74 22.89 14.38 850.8
2005 7 21 12 50105.1 3.783 232.15 7.74 21.86 13.97 910.7
2005 7 22 12 50034.6 4.232 258.25 7.74 24.11 13.14 848.7
2005 7 23 12 49962.0 1.260 265.00 7.74 21.77 10.77 802.6
2005 7 24 12 49887.4 0.656 247.21 7.74 21.67 12.29 874.3
2005 7 25 12 49810.8 2.862 234.83 7.74 23.18 13.72 900.2
2005 7 26 12 49732.3 0.227 237.87 7.74 21.92 11.48 829.4
2005 7 27 12 49651.8 1.748 233.64 7.74 20.81 11.95 842.9
2005 7 28 12 49569.5 5.746 235.73 7.74 21.36 11.61 825.7
2005 7 29 12 49485.2 2.234 253.03 7.74 23.51 14.08 835.4
2005 7 30 12 49399.1 4.921 233.00 7.74 19.13 10.18 842.9
2005 7 31 12 49311.1 2.841 222.05 7.74 22.94 12.74 830.4
2005 8 1 12 49221.3 1.652 256.91 7.74 22.63 12.47 835.5
2005 8 2 12 49129.8 1.654 253.10 7.74 22.60 12.88 873.0
2005 8 3 12 49036.5 1.442 223.97 7.74 22.87 14.53 884.9
2005 8 4 12 48941.4 0.655 223.81 7.74 23.82 13.46 856.3
2005 8 5 12 48844.7 2.073 239.58 7.74 21.58 11.69 859.4
2005 8 6 12 48746.2 0.054 229.80 7.74 22.07 13.41 883.5
2005 8 7 12 48646.2 1.617 233.28 7.74 22.44 14.75 817.7
2005 8 8 12 48544.5 1.196 233.11 7.74 21.70 12.24 848.5
2005 8 9 12 48441.3 1.788 256.17 7.74 21.77 10.94 835.2
2005 8 10 12 48336.4 4.290 224.03 7.74 24.59 15.38 979.6
2005 8 11 12 48230.1 0.141 208.46 7.74 20.88 13.72 847.5
2005 8 12 12 48122.3 2.674 213.00 7.74 22.71 14.44 901.0
2005 8 13 12 48013.0 1.039 208.11 7.74 18.62 9.65 768.2
2005 8 14 12 47902.3 2.646 239.92 7.74 19.88 10.10 799.2
2005 8 15 12 47790.2 1.037 236.09 7.74 18.07 9.92 802.6
2005 8 16 12 47676.7 0.326 232.22 7.74 20.12 11.14 816.7
2005 8 17 12 47561.9 0.863 233.35 7.74 22.27 12.86 824.5
2005 8 18 12 47445.8 0.422 233.41 7.74 19.55 9.97 774.1
2005 8 19 12 47328.5 1.814 203.74 7.74 20.23 11.46 868.6
2005 8 20 12 47209.9 0.244 235.70 7.74 18.69 7.43 755.1
2005 8 21 12 47090.2 0.642 217.59 7.74 23.12 13.35 863.2
2005 8 22 12 46969.3 1.513 215.36 7.74 23.39 12.66 826.3
2005 8 23 12 46847.3 0.338 237.32 7.74 19.42 11.79 831.6
2005 8 24 12 46724.2 2.719 206.82 7.74 19.67 10.01 781.5
2005 8 25 12 46600.0 0.773 204.91 7.74 24.73 15.26 902.6
2005 8 26 12 46474.8 5.618 201.18 7.74 19.81 10.83 839.7
2005 8 27 12 46348.7 0.387 199.11 7.74 21.30 11.63 837.7
2005 8 28 12 46221.7 0.516 226.36 7.74 20.94 10.36 729.9
2005 8 29 12 46093.7 1.724 215.94 7.74 20.05 11.61 818.1
2005 8 30 12 45964.9 1.880 185.02 7.74 19.77 10.65 832.2
2005 8 31 12 45835.3 0.285 213.62 7.74 18.53 8.35 715.5
2005 9 1 12 45704.9 3.093 174.27 7.74 21.02 12.43 905.6
2005 9 2 12 45573.7 0.887 192.96 7.74 18.92 9.90 775.1
2005 9 3 12 45441.8 2.090 233.98 7.74 19.18 11.24 833.1
2005 9 4 12 45309.3 2.000 225.54 7.74 18.93 9.72 795.6
2005 9 5 12 45176.2 1.041 193.59 7.74 17.71 7.79 787.8
2005 9 6 12 45042.4 2.860 193.94 7.74 18.66 8.32 788.5
2005 9 7 12 44908.2 0.225 192.69 7.74 18.12 8.89 789.3
2005 9 8 12 44773.4 0.229 212.33 7.74 18.63 10.20 779.4
2005 9 9 12 44638.1 0.974 185.25 7.74 18.42 9.12 806.5
2005 9 10 12 44502.5 2.190 192.68 7.74 16.27 7.60 817.9
2005 9 11 12 44366.4 1.192 204.02 7.74 16.32 6.02 768.8
2005 9 12 12 44230.0 1.234 205.78 7.74 16.64 8.42 780.2
2005 9 13 12 44093.3 0.268 170.07 7.74 17.76 9.07 733.5
2005 9 14 12 43956.3 3.398 218.09 7.74 19.18 10.41 809.0
2005 9 15 12 43819.1 0.801 187.78 7.74 17.38 7.53 759.3
2005 9 16 12 43681.7 1.225 169.34 7.74 16.25 7.80 737.6
2005 9 17 12 43544.2 2.161 172.66 7.74 14.82 4.48 710.9
2005 9 18 12 43406.5 6.185 173.89 7.74 17.49 8.33 742.2
2005 9 19 12 43268.9 0.699 176.42 7.74 13.55 4.22 629.3
2005 9 20 12 43131.1 1.997 171.88 7.74 14.95 5.50 705.3
2005 9 21 12 42993.5 0.764 166.07 7.74 16.52 6.63 749.4
2005 9 22 12 42855.8 1.106 187.79 7.74 13.10 2.90 590.5
2005 9 23 12 42718.3 1.589 190.57 7.74 14.48 3.71 645.1
2005 9 24 12 42580.9 2.812 168.11 7.74 18.07 9.16 870.9
2005 9 25 12 42443.7 1.574 189.60 7.74 11.98 1.54 601.4
2005 9 26 12 42306.7 2.704 152.73 7.74 15.14 6.70 711.8
2005 9 27 12 42170.0 0.825 173.83 7.74 15.76 7.04 726.6
2005 9 28 12 42033.6 3.909 165.93 7.74 15.29 5.02 653.7
2005 9 29 12 41897.5 0.714 158.26 7.74 14.42 4.96 666.5
2005 9 30 12 41761.9 0.457 166.09 7.74 14.82 4.95 679.7
2005 10 1 12 41626.6 1.088 170.58 7.74 14.50 4.45 689.5
2005 10 2 12 41491.8 4.337 155.52 7.74 16.38 7.35 674.8
2005 10 3 12 41357.6 0.465 146.09 7.74 13.74 3.97 697.3
2005 10 4 12 41223.8 0.316 189.01 7.74 10.83 1.70 663.1
2005 10 5 12 41090.7 1.503 154.63 7.74 15.53 4.43 704.3
2005 10 6 12 40958.2 3.438 140.72 7.74 13.41 3.79 653.1
2005 10 7 12 40826.3 0.214 159.94 7.74 14.21 4.39 695.1
2005 10 8 12 40695.1 1.903 124.41 7.74 11.82 2.25 632.9
2005 10 9 12 40564.7 2.358 132.33 7.74 12.21 3.63 721.2
2005 10 10 12 40435.1 0.990 120.99 7.74 13.31 2.39 663.8
2005 10 11 12 40306.3 0.372 186.28 7.74 13.44 3.98 720.7
2005 10 12 12 40178.3 1.239 140.79 7.74 12.70 3.71 702.8
2005 10 13 12 40051.3 0.210 150.45 7.74 12.84 3.79 621.3
2005 10 14 12 39925.2 1.926 153.66 7.74 12.26 1.74 658.6
2005 10 15 12 39800.0 2.046 152.40 7.74 10.95 1.86 655.9
2005 10 16 12 39675.8 0.692 139.39 7.74 11.62 1.87 632.5
2005 10 17 12 39552.7 0.676 118.06 7.74 11.74 2.11 626.5
2005 10 18 12 39430.7 2.372 147.50 7.74 10.72 1.75 645.5
2005 10 19 12 39309.8 1.469 172.37 7.74 10.45 1.01 594.5
2005 10 20 12 39190.1 2.802 132.20 7.74 9.14 -0.05 615.3
2005 10 21 12 39071.5 1.210 137.20 7.74 8.51 -1.38 597.4
2005 10 22 12 38954.2 1.269 121.11 7.74 7.32 -3.09 514.4
2005 10 23 12 38838.1 0.398 103.67 7.74 8.82 -0.36 589.4
2005 10 24 12 38723.3 0.065 140.96 7.74 9.13 -0.72 615.6
2005 10 25 12 38609.8 2.703 128.20 7.74 11.11 1.22 613.5
2005 10 26 12 38497.7 0.652 112.82 7.74 8.31 -0.87 598.8
2005 10 27 12 38387.0 0.454 124.85 7.74 9.91 -0.71 601.6
2005 10 28 12 38277.7 3.711 127.59 7.74 11.01 2.27 686.4
2005 10 29 12 38169.9 0.925 116.96 7.74 6.52 -2.47 561.2
2005 10 30 12 38063.6 0.075 142.58 7.74 9.80 -0.11 606.2
2005 10 31 12 37958.7 0.769 124.38 7.74 6.39 -3.34 563.0
2005 11 1 12 37855.5 3.251 152.94 7.74 6.36 -3.73 522.7
2005 11 2 12 37753.8 0.724 130.15 7.74 8.26 -1.48 539.9
2005 11 3 12 37653.8 0.874 139.98 7.74 7.05 -2.91 523.9
2005 11 4 12 37555.3 1.377 128.81 7.74 6.85 -3.12 492.8
2005 11 5 12 37458.6 2.183 115.25 7.74 5.95 -3.99 470.9
2005 11 6 12 37363.5 0.966 157.40 7.74 6.68 -2.55 531.2
2005 11 7 12 37270.2 1.366 118.45 7.74 6.05 -3.66 544.7
2005 11 8 12 37178.7 0.485 120.90 7.74 6.11 -4.57 459.5
2005 11 9 12 37088.9 4.553 137.72 7.74 7.40 -1.78 590.4
2005 11 10 12 37000.9 2.594 104.82 7.74 9.15 -0.92 559.8
2005 11 11 12 36914.8 1.102 129.64 7.74 5.27 -4.11 558.4
2005 11 12 12 36830.5 1.633 120.07 7.74 5.52 -3.19 539.5
2005 11 13 12 36748.2 0.852 122.04 7.74 8.37 -0.41 565.1
2005 11 14 12 36667.7 1.567 99.76 7.74 6.41 -2.85 485.7
2005 11 15 12 36589.2 2.073 143.61 7.74 5.92 -4.91 509.4
2005 11 16 12 36512.6 0.416 95.39 7.74 8.31 -1.62 528.8
2005 11 17 12 36438.0 0.463 107.12 7.74 3.98 -3.75 472.0
2005 11 18 12 36365.4 3.461 129.48 7.74 5.06 -6.12 496.5
2005 11 19 12 36294.9 0.848 96.45 7.74 4.54 -4.33 536.4
2005 11 20 12 36226.3 0.559 91.85 7.74 4.83 -4.50 516.0
2005 11 21 12 36159.9 4.752 114.98 7.74 4.03 -6.22 458.8
2005 11 22 12 36095.5 5.733 108.71 7.74 2.13 -6.41 509.9
2005 11 23 12 36033.3 0.687 119.38 7.74 4.23 -5.18 487.2
2005 11 24 12 35973.2 3.232 91.94 7.74 2.19 -6.58 463.1
2005 11 25 12 35915.2 0.399 97.55 7.74 2.40 -7.99 472.8
2005 11 26 12 35859.3 2.202 88.18 7.74 4.64 -4.33 533.1
2005 11 27 12 35805.7 0.758 125.78 7.74 4.56 -4.52 541.1
2005 11 28 12 35754.2 1.408 81.92 7.74 1.54 -9.03 423.1
2005 11 29 12 35704.9 0.736 121.34 7.74 2.54 -7.09 448.1
2005 11 30 12 35657.9 0.630 100.88 7.74 1.03 -9.27 377.2
2005 12 1 12 35613.1 0.665 83.61 7.74 1.36 -8.12 386.1
2005 12 2 12 35570.6 0.166 94.35 7.74 1.76 -6.89 440.5
2005 12 3 12 35530.3 0.953 116.43 7.74 3.20 -6.56 530.3
2005 12 4 12 35492.2 0.633 114.66 7.74 2.34 -6.38 472.4
2005 12 5 12 35456.5 3.578 123.02 7.74 1.85 -8.00 419.6
2005 12 6 12 35423.1 0.662 103.06 7.74 1.55 -6.82 465.0
2005 12 7 12 35391.9 3.566 116.39 7.74 0.34 -9.23 370.8
2005 12 8 12 35363.1 1.339 113.02 7.74 0.74 -8.53 458.3
2005 12 9 12 35336.6 1.621 108.25 7.74 0.24 -9.18 381.0
2005 12 10 12 35312.4 5.804 78.38 7.74 3.14 -8.14 457.5
2005 12 11 12 35290.6 3.484 91.39 7.74 -0.01 -9.94 352.9
2005 12 12 12 35271.1 7.886 93.94 7.74 1.44 -8.33 443.9
2005 12 13 12 35253.9 0.138 86.49 7.74 2.59 -8.74 416.5
2005 12 14 12 35239.2 4.349 97.47 7.74 1.69 -7.38 448.4
2005 12 15 12 35226.7 0.237 82.82 7.74 0.98 -9.26 380.9
2005 12 16 12 35216.7 2.366 108.78 7.74 -0.19 -8.85 379.0
2005 12 17 12 35209.0 3.724 90.96 7.74 0.97 -8.44 453.7
2005 12 18 12 35203.6 2.358 117.89 7.74 -2.47 -12.15 350.2
2005 12 19 12 35200.7 2.777 93.25 7.74 1.11 -8.87 442.0
2005 12 20 12 35200.1 4.251 81.26 7.74 1.80 -6.81 516.8
2005 12 21 12 35201.9 1.440 119.95 7.74 1.41 -8.34 389.4
2005 12 22 12 35206.0 1.533 80.99 7.74 -0.05 -10.10 465.3
2005 12 23 12 35212.5 1.438 103.89 7.74 0.58 -9.69 378.2
2005 12 24 12 35221.4 0.950 95.96 7.74 -2.05 -13.43 316.9
2005 12 25 12 35232.6 2.644 116.78 7.74 -0.02 -8.97 419.0
2005 12 26 12 35246.3 1.083 69.83 7.74 2.10 -7.90 444.8
2005 12 27 12 35262.2 2.630 115.40 7.74 0.25 -10.03 437.1
2005 12 28 12 35280.5 2.012 111.69 7.74 -0.69 -9.55 433.4
2005 12 29 12 35301.2 2.854 92.16 7.74 0.41 -8.79 410.0
2005 12 30 12 35324.2 1.504 89.19 7.74 -0.81 -10.19 324.1
2005 12 31 12 35349.5 0.465 100.82 7.74 -5.37 -15.00 287.3
2006 1 1 12 35377.2 1.079 94.51 7.74 -1.29 -11.26 427.7
2006 1 2 12 35407.2 1.519 118.07 7.74 -3.53 -12.72 316.8
2006 1 3 12 35439.5 8.700 114.76 7.74 -1.74 -10.04 371.5
2006 1 4 12 35474.1 0.211 101.93 7.74 -0.08 -8.86 424.3
2006 1 5 12 35511.0 1.686 117.73 7.74 -0.26 -8.57 470.7
2006 1 6 12 35550.1 1.177 122.35 7.74 0.31 -10.45 353.8
2006 1 7 12 35591.5 0.536 118.98 7.74 0.17 -8.31 397.2
2006 1 8 12 35635.2 0.115 84.39 7.74 0.24 -8.32 389.5
2006 1 9 12 35681.2 3.895 124.40 7.74 -4.19 -14.25 321.6
2006 1 10 12 35729.3 2.225 101.50 7.74 0.29 -9.54 401.1
2006 1 11 12 35779.7 0.333 104.59 7.74 -1.01 -11.42 304.1
2006 1 12 12 35832.2 3.414 127.51 7.74 -0.10 -9.10 402.0
2006 1 13 12 35887.0 10.714 99.63 7.74 -2.54 -11.77 386.5
2006 1 14 12 35943.9 2.803 98.63 7.74 -1.64 -9.10 366.6
2006 1 15 12 36003.0 0.448 109.94 7.74 -3.84 -13.16 328.4
2006 1 16 12 36064.1 3.231 107.96 7.74 -0.23 -8.00 478.4
2006 1 17 12 36127.5 4.286 135.87 7.74 -0.46 -10.02 425.5
2006 1 18 12 36192.9 2.012 123.81 7.74 -0.39 -9.64 417.2
2006 1 19 12 36260.3 0.381 116.98 7.74 -1.67 -10.33 409.4
2006 1 20 12 36329.9 1.105 122.04 7.74 -0.99 -9.85 433.6
2006 1 21 12 36401.5 2.249 113.21 7.74 0.40 -9.33 419.2
2006 1 22 12 36475.1 3.993 91.35 7.74 -2.16 -12.00 368.6
2006 1 23 12 36550.6 1.422 127.96 7.74 1.82 -7.95 373.9
2006 1 24 12 36628.2 5.172 118.24 7.74 -1.10 -10.56 416.4
2006 1 25 12 36707.7 9.022 93.69 7.74 -3.52 -12.61 364.8
2006 1 26 12 36789.1 1.255 145.71 7.74 -2.47 -12.08 348.6
2006 1 27 12 36872.4 4.099 134.39 7.74 -1.84 -11.38 334.0
2006 1 28 12 36957.6 6.140 115.78 7.74 -1.45 -11.36 376.8
2006 1 29 12 37044.7 0.360 93.07 7.74 -2.53 -12.81 308.7
2006 1 30 12 37133.6 3.807 107.53 7.74 -2.40 -11.46 390.0
2006 1 31 12 37224.2 6.700 130.70 7.74 0.48 -8.28 409.6
2006 2 1 12 37316.7 2.486 128.24 7.74 -2.09 -10.24 451.6
2006 2 2 12 37410.8 2.428 121.93 7.74 -1.92 -11.84 377.2
2006 2 3 12 37506.7 0.560 125.62 7.74 0.41 -8.85 394.8
2006 2 4 12 37604.3 3.279 111.07 7.74 -1.09 -10.75 361.1
2006 2 5 12 37703.6 8.498 132.70 7.74 -1.90 -12.18 352.5
2006 2 6 12 37804.5 1.675 113.84 7.74 -3.16 -12.08 349.3
2006 2 7 12 37906.9 1.417 120.23 7.74 -0.72 -10.29 365.3
2006 2 8 12 38011.0 5.051 126.56 7.74 -0.40 -10.26 383.6
2006 2 9 12 38116.5 7.227 132.46 7.74 0.06 -10.07 396.8
2006 2 10 12 38223.6 12.106 111.37 7.74 -3.07 -12.32 402.1
2006 2 11 12 38332.2 4.044 119.05 7.74 -0.72 -10.58 356.9
2006 2 12 12 38442.2 3.087 153.21 7.74 0.05 -10.41 380.6
2006 2 13 12 38553.6 5.818 165.34 7.74 -0.95 -10.81 381.4
2006 2 14 12 38666.4 4.583 138.71 7.74 0.91 -7.77 443.6
2006 2 15 12 38780.5 4.711 126.36 7.74 2.24 -5.35 514.2
2006 2 16 12 38896.0 4.623 143.06 7.74 -1.63 -10.34 419.1
2006 2 17 12 39012.7 3.434 116.14 7.74 -0.33 -9.91 336.5
2006 2 18 12 39130.6 0.992 145.14 7.74 -2.66 -11.35 397.8
2006 2 19 12 39249.8 2.120 134.50 7.74 -1.42 -12.53 349.6
2006 2 20 12 39370.1 2.401 146.11 7.74 -4.60 -14.57 352.6
2006 2 21 12 39491.6 5.598 138.20 7.74 0.97 -8.57 418.7
2006 2 22 12 39614.2 3.346 151.59 7.74 1.32 -8.28 469.2
2006 2 23 12 39737.8 1.370 149.89 7.74 -0.19 -9.17 378.9
2006 2 24 12 39862.5 5.546 145.11 7.74 1.78 -7.23 470.5
2006 2 25 12 39988.1 1.721 154.40 7.74 1.00 -6.91 444.7
2006 2 26 12 40114.7 0.724 138.10 7.74 -0.10 -9.78 411.9
2006 2 27 12 40242.2 5.456 149.38 7.74 -1.17 -9.71 355.2
2006 2 28 12 40370.6 2.298 149.46 7.74 3.03 -6.65 456.4
2006 3 1 12 40499.8 3.416 150.49 7.74 1.66 -8.38 479.4
2006 3 2 12 40629.8 2.262 171.40 7.74 0.94 -9.64 484.5
2006 3 3 12 40760.6 2.776 138.42 7.74 1.19 -8.14 463.0
2006 3 4 12 40892.1 0.926 182.51 7.74 -0.04 -9.78 412.4
2006 3 5 12 41024.3 2.576 181.37 7.74 1.79 -9.35 433.4
2006 3 6 12 41157.2 0.535 136.77 7.74 1.33 -8.24 396.0
2006 3 7 12 41290.6 5.013 139.24 7.74 4.35 -5.78 517.1
2006 3 8 12 41424.6 1.310 173.12 7.74 2.73 -7.67 435.6
2006 3 9 12 41559.2 0.257 166.31 7.74 2.86 -6.59 493.3
2006 3 10 12 41694.2 1.954 184.99 7.74 3.53 -7.21 439.0
2006 3 11 12 41829.7 1.808 172.74 7.74 1.39 -8.65 471.7
2006 3 12 12 41965.5 3.689 146.75 7.74 6.32 -3.78 539.9
2006 3 13 12 42101.8 2.701 169.23 7.74 3.71 -5.92 475.3
2006 3 14 12 42238.3 3.476 161.74 7.74 2.92 -6.95 460.1
2006 3 15 12 42375.2 0.593 175.32 7.74 3.70 -6.37 496.5
2006 3 16 12 42512.3 0.717 181.52 7.74 3.77 -4.29 559.4
2006 3 17 12 42649.6 2.586 141.59 7.74 3.63 -6.17 490.8
2006 3 18 12 42787.0 1.604 175.82 7.74 3.85 -6.24 488.6
2006 3 19 12 42924.6 6.731 188.56 7.74 4.05 -6.05 450.8
2006 3 20 12 43062.3 1.735 165.73 7.74 6.93 -2.81 603.5
2006 3 21 12 43200.0 1.454 163.90 7.74 4.69 -4.24 499.6
2006 3 22 12 43337.7 0.425 161.71 7.74 2.90 -6.16 491.1
2006 3 23 12 43475.4 2.000 182.77 7.74 4.48 -3.30 541.0
2006 3 24 12 43613.0 4.538 171.00 7.74 4.94 -4.91 536.9
2006 3 25 12 43750.4 4.237 196.66 7.74 6.60 -3.52 504.7
2006 3 26 12 43887.7 8.102 195.20 7.74 3.99 -6.18 483.3
2006 3 27 12 44024.8 7.187 176.93 7.74 6.63 -4.22 481.4
2006 3 28 12 44161.7 2.509 173.85 7.74 7.01 -2.43 585.6
2006 3 29 12 44298.2 2.903 210.22 7.74 8.91 -0.51 587.0
2006 3 30 12 44434.5 1.027 170.45 7.74 5.48 -4.35 471.0
2006 3 31 12 44570.3 6.327 202.99 7.74 8.44 -2.55 567.1
2006 4 1 12 44705.8 0.262 182.08 7.74 6.63 -1.68 559.6
2006 4 2 12 44840.8 5.067 210.17 7.74 6.97 -1.35 552.0
2006 4 3 12 44975.4 0.086 181.77 7.74 6.97 -3.12 527.1
2006 4 4 12 45109.4 0.525 189.35 7.74 9.06 -0.19 622.3
2006 4 5 12 45242.8 3.182 209.49 7.74 10.17 1.13 662.9
2006 4 6 12 45375.7 10.368 206.92 7.74 8.66 -0.34 555.5
2006 4 7 12 45507.9 1.612 208.97 7.74 5.21 -2.45 491.5
2006 4 8 12 45639.4 4.105 216.30 7.74 6.53 -4.33 523.2
2006 4 9 12 45770.2 3.578 205.44 7.74 8.89 -1.76 514.8
2006 4 10 12 45900.2 1.374 212.34 7.74 8.51 -1.15 582.7
2006 4 11 12 46029.4 0.576 248.67 7.74 7.85 -1.12 611.4
2006 4 12 12 46157.8 7.242 197.48 7.74 8.10 -0.29 621.9
2006 4 13 12 46285.3 2.196 212.91 7.74 7.72 -1.72 557.0
2006 4 14 12 46411.9 3.980 177.99 7.74 10.20 -0.12 574.3
2006 4 15 12 46537.5 0.371 220.98 7.74 9.71 0.04 610.4
2006 4 16 12 46662.2 5.261 180.85 7.74 11.97 2.94 687.8
2006 4 17 12 46785.8 6.035 211.34 7.74 9.63 -0.25 645.2
2006 4 18 12 46908.4 0.009 201.70 7.74 7.91 -2.08 530.4
2006 4 19 12 47029.9 0.648 224.17 7.74 12.18 1.47 590.8
2006 4 20 12 47150.2 1.715 210.79 7.74 10.04 1.47 637.3
2006 4 21 12 47269.4 1.703 218.69 7.74 10.21 0.37 620.2
2006 4 22 12 47387.3 3.168 201.86 7.74 9.70 1.11 548.4
2006 4 23 12 47504.0 16.779 233.60 7.74 10.59 2.15 630.7
2006 4 24 12 47619.5 5.955 224.49 7.74 11.28 1.47 614.0
2006 4 25 12 47733.6 6.910 220.81 7.74 10.75 0.34 624.7
2006 4 26 12 47846.4 1.246 232.30 7.74 7.78 -3.35 547.0
2006 4 27 12 47957.8 2.029 221.71 7.74 13.02 2.61 634.3
2006 4 28 12 48067.8 1.905 231.95 7.74 12.56 3.54 642.5
2006 4 29 12 48176.4 2.768 223.56 7.74 13.86 5.53 679.0
2006 4 30 12 48283.5 2.202 218.91 7.74 10.98 1.79 613.7
2006 5 1 12 48389.0 0.116 230.64 7.74 11.07 1.63 648.2
2006 5 2 12 48493.1 7.844 224.82 7.74 13.94 4.54 674.9
2006 5 3 12 48595.5 5.780 234.13 7.74 14.04 4.04 694.1
2006 5 4 12 48696.4 3.089 222.35 7.74 15.49 6.26 771.3
2006 5 5 12 48795.7 4.415 229.84 7.74 13.78 3.71 698.7
2006 5 6 12 48893.3 0.690 236.66 7.74 15.24 6.30 713.0
2006 5 7 12 48989.2 5.322 234.09 7.74 15.11 4.80 706.1
2006 5 8 12 49083.3 0.570 250.91 7.74 13.76 4.45 674.2
2006 5 9 12 49175.8 0.829 248.64 7.74 17.15 7.80 765.1
2006 5 10 12 49266.4 1.783 250.16 7.74 12.57 3.89 704.9
2006 5 11 12 49355.3 7.372 238.81 7.74 12.80 3.56 668.9
2006 5 12 12 49442.4 4.731 237.78 7.74 16.22 7.37 731.2
2006 5 13 12 49527.6 0.404 247.09 7.74 14.86 4.41 708.3
2006 5 14 12 49610.9 0.656 245.56 7.74 13.73 4.37 727.4
2006 5 15 12 49692.3 3.693 227.21 7.74 16.85 8.53 797.8
2006 5 16 12 49771.8 9.876 242.60 7.74 16.24 6.12 670.9
2006 5 17 12 49849.4 0.863 235.93 7.74 17.68 7.45 740.2
2006 5 18 12 49924.9 0.688 262.95 7.74 16.43 6.40 726.5
2006 5 19 12 49998.5 4.662 239.73 7.74 14.79 5.09 674.2
2006 5 20 12 50070.1 6.226 240.76 7.74 17.71 8.09 781.9
2006 5 21 12 50139.7 1.277 244.50 7.74 17.91 8.54 756.9
2006 5 22 12 50207.1 5.098 266.68 7.74 14.86 4.68 670.3
2006 5 23 12 50272.5 0.369 270.34 7.74 16.65 7.02 752.8
2006 5 24 12 50335.9 4.527 258.89 7.74 15.32 5.38 749.8
2006 5 25 12 50397.0 2.948 237.10 7.74 15.83 6.68 690.6
2006 5 26 12 50456.1 1.369 250.23 7.74 18.98 9.01 790.6
2006 5 27 12 50513.0 11.177 220.52 7.74 16.76 7.27 725.7
2006 5 28 12 50567.8 3.193 234.92 7.74 18.23 9.02 777.0
2006 5 29 12 50620.3 6.275 241.60 7.74 18.10 9.14 800.8
2006 5 30 12 50670.7 13.132 255.95 7.74 17.66 8.44 767.0
2006 5 31 12 50718.8 0.274 270.61 7.74 20.01 11.05 851.4
2006 6 1 12 50764.8 2.812 271.97 7.74 17.60 7.36 750.5
2006 6 2 12 50808.5 0.035 237.79 7.74 20.06 10.25 843.9
2006 6 3 12 50849.9 0.801 256.13 7.74 19.47 10.26 763.8
2006 6 4 12 50889.0 1.414 257.25 7.74 19.35 9.78 784.1
2006 6 5 12 50925.9 9.554 261.55 7.74 17.63 7.65 678.3
2006 6 6 12 50960.5 0.193 281.35 7.74 19.55 12.36 865.6
2006 6 7 12 50992.8 1.571 276.51 7.74 18.86 10.23 792.2
2006 6 8 12 51022.8 0.129 282.52 7.74 19.35 10.01 795.3
2006 6 9 12 51050.5 0.564 267.99 7.74 18.83 10.16 774.5
2006 6 10 12 51075.8 5.151 254.81 7.74 20.78 10.91 812.1
2006 6 11 12 51098.8 3.561 250.15 7.74 20.05 11.25 851.4
2006 6 12 12 51119.5 7.981 254.67 7.74 19.26 9.27 807.4
2006 6 13 12 51137.8 0.343 250.42 7.74 21.99 12.69 908.2
2006 6 14 12 51153.7 0.396 274.86 7.74 17.25 7.06 819.5
2006 6 15 12 51167.4 1.223 289.34 7.74 21.24 13.07 915.7
2006 6 16 12 51178.6 0.796 280.78 7.74 20.46 11.35 851.0
2006 6 17 12 51187.5 0.148 266.06 7.74 19.74 10.31 771.5
2006 6 18 12 51194.0 2.006 260.29 7.74 20.55 10.94 806.1
2006 6 19 12 51198.1 1.679 262.50 7.74 17.60 9.21 751.4
2006 6 20 12 51199.9 10.961 246.60 7.74 19.63 10.20 815.3
2006 6 21 12 51199.3 2.511 253.18 7.74 20.95 11.11 860.8
2006 6 22 12 51196.4 2.017 268.43 7.74 21.59 12.88 879.8
2006 6 23 12 51191.0 1.909 283.44 7.74 22.06 14.00 825.3
2006 6 24 12 51183.3 1.363 257.94 7.74 19.37 9.76 756.9
2006 6 25 12 51173.3 5.350 256.45 7.74 22.03 12.33 824.5
2006 6 26 12 51160.8 6.174 257.86 7.74 17.74 7.51 749.9
2006 6 27 12 51146.1 2.550 249.10 7.74 22.05 13.96 838.4
2006 6 28 12 51128.9 2.155 245.01 7.74 22.47 12.66 812.9
2006 6 29 12 51109.4 1.282 266.01 7.74 20.71 10.43 777.0
2006 6 30 12 51087.6 0.985 244.26 7.74 23.15 13.47 823.9
2006 7 1 12 51063.4 0.743 254.50 7.74 24.62 14.59 929.1
2006 7 2 12 51036.9 2.201 250.07 7.74 21.68 11.64 807.0
2006 7 3 12 51008.1 0.161 266.71 7.74 26.09 17.38 984.5
2006 7 4 12 50976.9 0.513 268.20 7.74 23.08 14.72 888.6
2006 7 5 12 50943.5 4.667 240.06 7.74 23.54 13.51 893.9
2006 7 6 12 50907.8 0.287 256.79 7.74 25.84 16.69 899.9
2006 7 7 12 50869.7 1.745 252.11 7.74 19.97 11.53 880.2
2006 7 8 12 50829.4 2.131 264.69 7.74 22.37 12.57 882.2
2006 7 9 12 50786.9 5.911 275.22 7.74 21.91 11.99 866.5
2006 7 10 12 50742.1 2.969 254.66 7.74 24.88 15.16 958.4
2006 7 11 12 50695.1 2.005 252.19 7.74 19.50 9.99 805.0
2006 7 12 12 50645.8 0.388 240.39 7.74 21.73 11.52 840.2
2006 7 13 12 50594.3 0.213 267.79 7.74 22.20 11.25 888.4
2006 7 14 12 50540.7 3.607 253.88 7.74 22.90 14.23 919.0
2006 7 15 12 50484.8 2.883 259.58 7.74 21.83 11.40 769.4
2006 7 16 12 50426.8 3.394 237.08 7.74 22.68 12.98 849.8
2006 7 17 12 50366.7 0.377 276.95 7.74 22.76 13.54 879.1
2006 7 18 12 50304.5 2.286 250.36 7.74 25.69 16.40 866.9
2006 7 19 12 50240.1 2.302 249.51 7.74 25.87 16.75 922.9
2006 7 20 12 50173.7 1.637 254.96 7.74 22.55 13.91 898.9
2006 7 21 12 50105.1 1.457 238.94 7.74 24.21 17.07 935.6
2006 7 22 12 50034.6 4.061 236.88 7.74 23.59 13.06 866.3
2006 7 23 12 49962.0 0.625 244.91 7.74 24.49 16.35 929.0
2006 7 24 12 49887.4 1.603 237.74 7.74 23.62 13.98 882.7
2006 7 25 12 49810.8 2.077 208.45 7.74 23.93 15.65 929.7
2006 7 26 12 49732.3 5.644 258.57 7.74 20.11 10.98 816.8
2006 7 27 12 49651.8 1.938 206.70 7.74 23.55 13.80 890.8
2006 7 28 12 49569.5 1.317 250.47 7.74 22.29 13.04 857.5
2006 7 29 12 49485.2 0.985 251.21 7.74 22.13 13.90 890.7
2006 7 30 12 49399.1 3.720 228.63 7.74 21.64 12.88 816.3
2006 7 31 12 49311.1 3.822 250.05 7.74 22.75 14.42 873.3
2006 8 1 12 49221.3 2.077 223.85 7.74 23.25 12.80 805.2
2006 8 2 12 49129.8 0.602 238.23 7.74 20.42 10.82 850.5
2006 8 3 12 49036.5 4.551 251.49 7.74 24.23 15.46 864.9
2006 8 4 12 48941.4 5.479 232.14 7.74 20.86 11.62 830.8
2006 8 5 12 48844.7 0.539 246.63 7.74 22.17 12.97 838.0
2006 8 6 12 48746.2 0.119 241.53 7.74 22.40 13.24 847.9
2006 8 7 12 48646.2 2.089 213.94 7.74 22.27 12.84 859.7
2006 8 8 12 48544.5 2.801 211.48 7.74 23.51 14.32 886.0
2006 8 9 12 48441.3 1.235 259.76 7.74 21.61 10.48 770.1
2006 8 10 12 48336.4 2.676 219.73 7.74 21.40 12.55 877.4
2006 8 11 12 48230.1 0.681 233.68 7.74 24.19 15.94 941.0
2006 8 12 12 48122.3 1.383 234.17 7.74 21.10 12.08 860.9
2006 8 13 12 48013.0 1.239 222.10 7.74 20.06 11.01 803.4
2006 8 14 12 47902.3 0.669 237.23 7.74 21.87 11.47 822.7
2006 8 15 12 47790.2 0.916 229.16 7.74 21.85 12.14 799.8
2006 8 16 12 47676.7 0.815 205.30 7.74 20.25 9.69 844.0
2006 8 17 12 47561.9 0.116 213.95 7.74 21.14 12.04 867.7
2006 8 18 12 47445.8 0.721 217.61 7.74 22.54 14.31 841.3
2006 8 19 12 47328.5 0.248 205.82 7.74 20.96 12.85 853.0
2006 8 20 12 47209.9 0.404 242.01 7.74 18.96 10.06 810.2
2006 8 21 12 47090.2 2.433 211.59 7.74 19.96 9.58 815.5
2006 8 22 12 46969.3 3.737 201.07 7.74 21.49 10.69 825.5
2006 8 23 12 46847.3 1.138 205.07 7.74 22.34 13.83 939.0
2006 8 24 12 46724.2 1.560 227.64 7.74 18.76 9.64 814.8
2006 8 25 12 46600.0 1.189 210.29 7.74 20.66 11.06 786.9
2006 8 26 12 46474.8 1.675 225.12 7.74 21.09 11.87 841.7
2006 8 27 12 46348.7 1.269 248.13 7.74 17.73 9.23 759.1
2006 8 28 12 46221.7 0.541 204.60 7.74 20.99 12.64 822.1
2006 8 29 12 46093.7 1.059 199.28 7.74 17.80 8.97 747.5
2006 8 30 12 45964.9 2.478 204.34 7.74 19.35 10.65 813.5
2006 8 31 12 45835.3 0.673 204.91 7.74 17.94 10.19 824.2
2006 9 1 12 45704.9 1.170 198.26 7.74 21.58 12.06 876.5
2006 9 2 12 45573.7 0.873 165.38 7.74 19.20 8.55 779.4
2006 9 3 12 45441.8 1.644 184.48 7.74 19.89 9.87 839.9
2006 9 4 12 45309.3 2.073 207.21 7.74 19.95 11.97 831.6
2006 9 5 12 45176.2 1.243 213.16 7.74 16.55 5.51 666.9
2006 9 6 12 45042.4 0.707 209.63 7.74 19.83 10.93 828.5
2006 9 7 12 44908.2 0.859 180.28 7.74 19.18 7.91 769.9
2006 9 8 12 44773.4 2.397 184.54 7.74 16.59 6.50 730.6
2006 9 9 12 44638.1 1.793 188.43 7.74 16.46 6.41 747.9
2006 9 10 12 44502.5 4.403 187.92 7.74 19.85 9.80 791.5
2006 9 11 12 44366.4 1.204 204.57 7.74 17.26 6.96 712.1
2006 9 12 12 44230.0 0.120 166.59 7.74 18.81 9.66 716.4
2006 9 13 12 44093.3 1.119 197.31 7.74 16.82 8.02 748.8
2006 9 14 12 43956.3 7.565 197.52 7.74 17.66 7.50 748.1
2006 9 15 12 43819.1 0.663 174.43 7.74 17.96 8.58 759.3
2006 9 16 12 43681.7 0.840 170.96 7.74 17.67 8.55 750.2
2006 9 17 12 43544.2 0.066 174.54 7.74 15.83 5.62 723.0
2006 9 18 12 43406.5 2.073 187.01 7.74 16.64 8.67 793.2
2006 9 19 12 43268.9 1.924 168.44 7.74 16.22 6.78 745.2
2006 9 20 12 43131.1 2.541 178.24 7.74 16.39 7.28 791.5
2006 9 21 12 42993.5 0.912 189.18 7.74 15.28 4.69 712.8
2006 9 22 12 42855.8 2.036 167.94 7.74 16.47 6.64 713.2
2006 9 23 12 42718.3 0.704 155.17 7.74 13.70 4.31 676.7
2006 9 24 12 42580.9 1.096 177.07 7.74 15.13 5.32 696.7
2006 9 25 12 42443.7 1.920 195.70 7.74 14.15 6.53 735.0
2006 9 26 12 42306.7 3.399 161.15 7.74 13.14 3.35 710.4
2006 9 27 12 42170.0 1.326 190.44 7.74 13.15 4.86 710.5
2006 9 28 12 42033.6 2.549 171.64 7.74 15.87 4.58 674.6
2006 9 29 12 41897.5 0.110 180.88 7.74 13.25 3.16 630.1
2006 9 30 12 41761.9 4.544 179.14 7.74 12.94 3.54 673.9
2006 10 1 12 41626.6 0.685 184.54 7.74 14.22 4.11 718.2
2006 10 2 12 41491.8 0.224 158.90 7.74 14.42 4.24 655.1
2006 10 3 12 41357.6 3.225 155.15 7.74 12.77 3.25 666.3
2006 10 4 12 41223.8 0.198 155.68 7.74 11.92 2.18 651.6
2006 10 5 12 41090.7 1.239 136.92 7.74 11.94 2.48 663.6
2006 10 6 12 40958.2 2.193 140.27 7.74 14.49 6.49 792.7
2006 10 7 12 40826.3 2.782 169.06 7.74 13.86 4.42 692.7
2006 10 8 12 40695.1 0.822 141.62 7.74 12.41 2.23 648.2
2006 10 9 12 40564.7 1.735 144.38 7.74 13.25 3.23 703.9
2006 10 10 12 40435.1 0.178 177.41 7.74 10.92 0.09 572.9
2006 10 11 12 40306.3 0.639 140.89 7.74 11.10 2.74 645.0
2006 10 12 12 40178.3 2.609 105.97 7.74 11.21 2.11 641.4
2006 10 13 12 40051.3 0.385 132.97 7.74 10.16 0.29 583.3
2006 10 14 12 39925.2 0.838 163.88 7.74 11.58 2.23 622.9
2006 10 15 12 39800.0 1.045 139.09 7.74 12.68 2.73 643.4
2006 10 16 12 39675.8 0.812 125.41 7.74 11.38 2.23 663.1
2006 10 17 12 39552.7 1.464 127.26 7.74 9.30 -0.71 583.9
2006 10 18 12 39430.7 0.819 134.75 7.74 13.44 4.13 696.1
2006 10 19 12 39309.8 1.075 123.79 7.74 10.74 1.93 618.7
2006 10 20 12 39190.1 2.665 133.15 7.74 10.90 1.85 614.2
2006 10 21 12 39071.5 1.941 162.97 7.74 9.03 -0.29 585.1
2006 10 22 12 38954.2 2.049 119.66 7.74 8.32 -0.59 592.5
2006 10 23 12 38838.1 1.504 132.78 7.74 8.57 -1.36 601.9
2006 10 24 12 38723.3 2.067 156.31 7.74 10.35 0.53 593.2
2006 10 25 12 38609.8 2.301 153.41 7.74 10.60 0.55 626.7
2006 10 26 12 38497.7 0.308 116.05 7.74 7.16 -2.66 528.5
2006 10 27 12 38387.0 1.831 127.00 7.74 7.26 -2.85 547.5
2006 10 28 12 38277.7 0.615 163.58 7.74 7.93 -0.93 571.9
2006 10 29 12 38169.9 1.085 130.42 7.74 6.96 -2.12 592.3
2006 10 30 12 38063.6 1.321 128.96 7.74 10.14 -0.92 612.7
2006 10 31 12 37958.7 0.026 119.02 7.74 7.51 -1.29 548.2
2006 11 1 12 37855.5 0.937 98.42 7.74 6.20 -2.90 557.9
2006 11 2 12 37753.8 0.781 120.83 7.74 7.21 -1.94 583.2
2006 11 3 12 37653.8 0.568 112.37 7.74 7.45 -3.04 562.4
2006 11 4 12 37555.3 4.213 144.31 7.74 8.76 -0.35 665.4
2006 11 5 12 37458.6 0.428 98.02 7.74 5.02 -3.96 500.9
2006 11 6 12 37363.5 1.889 128.41 7.74 6.17 -3.29 493.2
2006 11 7 12 37270.2 2.834 99.67 7.74 6.72 -1.54 624.9
2006 11 8 12 37178.7 1.111 108.93 7.74 8.08 -0.59 614.1
2006 11 9 12 37088.9 0.138 144.54 7.74 7.37 -1.89 547.7
2006 11 10 12 37000.9 0.799 130.94 7.74 6.06 -3.73 487.0
2006 11 11 12 36914.8 0.250 126.59 7.74 5.70 -4.12 519.0
2006 11 12 12 36830.5 1.549 97.13 7.74 5.88 -4.64 486.5
2006 11 13 12 36748.2 0.323 150.03 7.74 5.22 -4.47 573.8
2006 11 14 12 36667.7 1.343 130.47 7.74 3.59 -4.59 495.2
2006 11 15 12 36589.2 1.469 123.09 7.74 4.17 -5.42 546.8
2006 11 16 12 36512.6 0.677 106.87 7.74 3.30 -5.12 525.7
2006 11 17 12 36438.0 0.462 79.75 7.74 3.65 -6.11 440.6
2006 11 18 12 36365.4 5.287 137.07 7.74 2.91 -5.25 546.7
2006 11 19 12 36294.9 13.501 120.56 7.74 3.44 -5.77 479.2
2006 11 20 12 36226.3 0.620 83.94 7.74 2.78 -6.67 403.5
2006 11 21 12 36159.9 0.459 104.72 7.74 5.95 -2.97 568.4
2006 11 22 12 36095.5 0.776 114.48 7.74 3.05 -5.45 455.1
2006 11 23 12 36033.3 0.537 101.15 7.74 2.17 -6.92 467.2
2006 11 24 12 35973.2 1.130 93.95 7.74 4.78 -4.85 513.8
2006 11 25 12 35915.2 0.259 108.04 7.74 3.81 -7.78 395.4
2006 11 26 12 35859.3 0.519 91.72 7.74 -0.13 -10.34 425.1
2006 11 27 12 35805.7 2.721 116.31 7.74 2.36 -7.22 453.9
2006 11 28 12 35754.2 0.872 111.42 7.74 3.20 -5.72 447.3
2006 11 29 12 35704.9 0.336 81.91 7.74 -0.79 -10.87 357.0
2006 11 30 12 35657.9 2.539 93.57 7.74 2.46 -6.11 459.8
2006 12 1 12 35613.1 1.589 102.55 7.74 2.76 -7.19 482.9
2006 12 2 12 35570.6 6.290 89.43 7.74 0.70 -9.40 389.8
2006 12 3 12 35530.3 2.336 121.39 7.74 -0.60 -9.98 402.1
2006 12 4 12 35492.2 2.293 98.52 7.74 3.58 -6.08 414.4
2006 12 5 12 35456.5 0.438 93.93 7.74 1.74 -7.01 461.2
2006 12 6 12 35423.1 3.114 95.47 7.74 0.53 -9.21 464.7
2006 12 7 12 35391.9 6.936 78.89 7.74 2.99 -5.17 513.0
2006 12 8 12 35363.1 2.714 77.76 7.74 5.31 -4.08 522.3
2006 12 9 12 35336.6 3.734 109.31 7.74 0.91 -8.94 406.9
2006 12 10 12 35312.4 2.322 106.26 7.74 0.69 -9.68 349.1
2006 12 11 12 35290.6 1.829 125.67 7.74 1.94 -8.30 444.9
2006 12 12 12 35271.1 0.075 95.06 7.74 2.41 -7.30 429.2
2006 12 13 12 35253.9 0.741 83.72 7.74 -0.82 -10.53 426.3
2006 12 14 12 35239.2 1.454 104.12 7.74 -0.94 -12.03 420.9
2006 12 15 12 35226.7 2.093 137.46 7.74 1.01 -9.53 465.3
2006 12 16 12 35216.7 3.919 98.37 7.74 -0.78 -10.94 405.4
2006 12 17 12 35209.0 7.235 85.72 7.74 1.53 -6.12 480.3
2006 12 18 12 35203.6 1.231 105.29 7.74 -0.05 -11.51 367.0
2006 12 19 12 35200.7 1.197 107.93 7.74 2.26 -7.68 472.5
2006 12 20 12 35200.1 0.739 113.47 7.74 -0.33 -9.59 383.0
2006 12 21 12 35201.9 7.575 93.50 7.74 -1.97 -11.20 419.3
2006 12 22 12 35206.0 1.645 89.53 7.74 0.76 -8.25 455.6
2006 12 23 12 35212.5 0.134 65.67 7.74 -1.19 -11.06 426.9
2006 12 24 12 35221.4 6.926 80.87 7.74 -0.20 -11.00 441.7
2006 12 25 12 35232.6 1.353 96.25 7.74 -1.20 -9.85 428.9
2006 12 26 12 35246.3 1.273 112.97 7.74 -1.42 -10.39 361.5
2006 12 27 12 35262.2 1.441 91.12 7.74 -2.05 -11.57 346.2
2006 12 28 12 35280.5 5.462 93.29 7.74 -0.67 -9.75 446.4
2006 12 29 12 35301.2 8.830 84.32 7.74 -1.07 -9.60 446.5
2006 12 30 12 35324.2 2.211 108.86 7.74 -0.55 -9.23 348.8
2006 12 31 12 35349.5 3.164 109.00 7.74 -0.41 -11.18 340.2
2007 1 1 12 35377.2 1.315 81.66 7.74 -2.15 -12.66 365.6
2007 1 2 12 35407.2 1.884 92.65 7.74 -0.90 -10.13 349.5
2007 1 3 12 35439.5 1.348 87.69 7.74 -0.96 -10.62 403.8
2007 1 4 12 35474.1 0.391 105.76 7.74 -1.12 -9.85 371.8
2007 1 5 12 35511.0 4.704 108.39 7.74 3.09 -6.28 494.2
2007 1 6 12 35550.1 0.797 78.96 7.74 1.28 -7.81 393.7
2007 1 7 12 35591.5 3.251 90.10 7.74 -0.33 -9.71 395.1
2007 1 8 12 35635.2 3.268 124.23 7.74 -0.32 -9.80 412.7
2007 1 9 12 35681.2 0.596 99.35 7.74 -2.29 -11.35 358.7
2007 1 10 12 35729.3 1.514 98.27 7.74 -0.72 -10.24 406.2
2007 1 11 12 35779.7 1.119 120.37 7.74 1.12 -9.10 504.2
2007 1 12 12 35832.2 1.722 123.02 7.74 -2.31 -12.78 407.6
2007 1 13 12 35887.0 3.143 91.03 7.74 -2.76 -13.53 344.2
2007 1 14 12 35943.9 1.096 113.52 7.74 -2.77 -12.87 330.6
2007 1 15 12 36003.0 4.573 101.37 7.74 -0.69 -9.65 377.4
2007 1 16 12 36064.1 3.023 105.31 7.74 0.58 -7.04 458.4
2007 1 17 12 36127.5 0.630 91.29 7.74 0.87 -9.15 439.1
2007 1 18 12 36192.9 0.881 124.97 7.74 -4.48 -13.26 345.2
2007 1 19 12 36260.3 3.157 109.48 7.74 -0.91 -9.44 409.4
2007 1 20 12 36329.9 2.323 129.95 7.74 -2.32 -10.83 386.2
2007 1 21 12 36401.5 1.108 86.33 7.74 -0.93 -11.41 407.7
2007 1 22 12 36475.1 3.784 99.83 7.74 -3.65 -13.37 340.0
2007 1 23 12 36550.6 1.786 95.00 7.74 0.05 -9.91 416.7
2007 1 24 12 36628.2 8.135 102.86 7.74 1.49 -8.03 402.6
2007 1 25 12 36707.7 0.279 105.92 7.74 -2.20 -12.50 356.9
2007 1 26 12 36789.1 1.579 121.71 7.74 -2.45 -11.94 422.8
2007 1 27 12 36872.4 2.932 106.49 7.74 -2.60 -11.21 345.2
2007 1 28 12 36957.6 1.801 97.40 7.74 -0.16 -10.26 385.1
2007 1 29 12 37044.7 0.796 119.57 7.74 -4.46 -14.24 310.7
2007 1 30 12 37133.6 6.034 111.84 7.74 0.76 -8.62 414.3
2007 1 31 12 37224.2 1.808 137.59 7.74 -3.46 -12.63 327.0
2007 2 1 12 37316.7 0.042 109.24 7.74 -2.57 -12.92 293.0
2007 2 2 12 37410.8 0.831 143.25 7.74 -1.56 -10.27 373.7
2007 2 3 12 37506.7 1.305 139.37 7.74 -1.66 -9.29 384.2
2007 2 4 12 37604.3 2.774 103.21 7.74 -4.85 -13.88 339.6
2007 2 5 12 37703.6 6.419 104.86 7.74 -0.96 -11.30 373.7
2007 2 6 12 37804.5 2.330 139.34 7.74 -0.36 -9.51 407.5
2007 2 7 12 37906.9 3.154 123.69 7.74 1.26 -7.74 516.0
2007 2 8 12 38011.0 1.031 152.16 7.74 3.22 -6.84 517.3
2007 2 9 12 38116.5 3.624 109.47 7.74 -1.97 -11.93 343.5
2007 2 10 12 38223.6 1.386 142.60 7.74 0.89 -7.73 463.7
2007 2 11 12 38332.2 1.163 122.47 7.74 -1.51 -10.65 406.2
2007 2 12 12 38442.2 0.686 128.03 7.74 -1.82 -11.52 362.1
2007 2 13 12 38553.6 1.581 167.76 7.74 1.45 -7.38 450.1
2007 2 14 12 38666.4 0.850 142.31 7.74 -1.47 -10.27 436.8
2007 2 15 12 38780.5 0.782 140.97 7.74 0.57 -9.24 425.8
2007 2 16 12 38896.0 8.212 140.37 7.74 0.03 -10.88 349.8
2007 2 17 12 39012.7 0.625 135.25 7.74 2.02 -9.03 466.9
2007 2 18 12 39130.6 5.720 139.75 7.74 -0.10 -11.08 443.2
2007 2 19 12 39249.8 11.247 110.09 7.74 0.62 -9.06 448.9
2007 2 20 12 39370.1 1.433 144.53 7.74 -0.27 -9.44 372.1
2007 2 21 12 39491.6 0.299 146.34 7.74 -0.38 -8.71 462.0
2007 2 22 12 39614.2 1.653 171.27 7.74 -1.27 -10.50 380.0
2007 2 23 12 39737.8 1.914 148.86 7.74 1.97 -7.29 469.4
2007 2 24 12 39862.5 0.963 143.03 7.74 1.76 -8.08 441.2
2007 2 25 12 39988.1 2.101 156.71 7.74 2.88 -5.72 467.3
2007 2 26 12 40114.7 0.988 166.36 7.74 0.69 -8.26 428.3
2007 2 27 12 40242.2 3.148 142.35 7.74 1.76 -7.10 440.8
2007 2 28 12 40370.6 1.925 139.24 7.74 2.13 -8.59 405.8
2007 3 1 12 40499.8 0.195 155.57 7.74 2.95 -7.30 465.7
2007 3 2 12 40629.8 7.963 146.11 7.74 1.28 -7.84 423.9
2007 3 3 12 40760.6 3.081 159.28 7.74 1.29 -8.86 397.9
2007 3 4 12 40892.1 4.521 142.98 7.74 3.32 -6.79 482.4
2007 3 5 12 41024.3 1.881 161.74 7.74 0.32 -9.67 410.6
2007 3 6 12 41157.2 0.648 163.56 7.74 0.83 -8.42 407.7
2007 3 7 12 41290.6 3.396 150.59 7.74 -0.70 -10.08 352.1
2007 3 8 12 41424.6 0.687 152.15 7.74 2.82 -6.28 485.2
2007 3 9 12 41559.2 10.386 155.04 7.74 0.33 -9.03 424.1
2007 3 10 12 41694.2 3.717 141.57 7.74 2.96 -5.72 438.7
2007 3 11 12 41829.7 8.147 148.72 7.74 1.62 -9.12 444.7
2007 3 12 12 41965.5 5.995 181.31 7.74 3.43 -5.75 479.5
2007 3 13 12 42101.8 6.800 163.98 7.74 3.47 -6.35 465.2
2007 3 14 12 42238.3 1.308 163.28 7.74 2.96 -6.38 436.0
2007 3 15 12 42375.2 4.820 145.39 7.74 1.25 -7.39 458.8
2007 3 16 12 42512.3 2.444 164.21 7.74 3.27 -7.25 528.6
2007 3 17 12 42649.6 6.620 179.29 7.74 4.60 -3.93 508.5
2007 3 18 12 42787.0 0.326 195.32 7.74 4.01 -5.91 486.7
2007 3 19 12 42924.6 4.771 180.22 7.74 3.48 -6.21 438.2
2007 3 20 12 43062.3 1.772 147.26 7.74 2.40 -6.97 408.3
2007 3 21 12 43200.0 10.272 199.33 7.74 4.47 -5.49 501.6
2007 3 22 12 43337.7 3.739 200.58 7.74 4.16 -5.09 424.2
2007 3 23 12 43475.4 5.129 174.06 7.74 4.03 -5.73 529.9
2007 3 24 12 43613.0 0.850 200.00 7.74 4.74 -4.96 482.1
2007 3 25 12 43750.4 3.651 191.79 7.74 5.78 -3.64 573.8
2007 3 26 12 43887.7 1.081 191.90 7.74 7.08 -2.69 574.8
2007 3 27 12 44024.8 0.728 183.17 7.74 5.21 -3.47 547.8
2007 3 28 12 44161.7 4.863 175.08 7.74 4.81 -4.78 501.3
2007 3 29 12 44298.2 0.463 173.84 7.74 5.26 -2.36 534.5
2007 3 30 12 44434.5 5.476 189.14 7.74 6.02 -4.08 493.2
2007 3 31 12 44570.3 0.131 202.49 7.74 5.97 -4.68 443.0
2007 4 1 12 44705.8 1.766 191.74 7.74 6.10 -3.45 565.3
2007 4 2 12 44840.8 3.147 194.59 7.74 6.46 -3.23 551.5
2007 4 3 12 44975.4 1.515 217.44 7.74 5.52 -4.73 523.9
2007 4 4 12 45109.4 7.412 218.01 7.74 5.45 -2.58 532.9
2007 4 5 12 45242.8 0.164 189.50 7.74 7.64 -1.12 582.3
2007 4 6 12 45375.7 0.344 201.00 7.74 7.41 -2.90 571.6
2007 4 7 12 45507.9 0.599 202.16 7.74 6.37 -2.73 589.8
2007 4 8 12 45639.4 3.570 221.50 7.74 7.01 -3.01 524.7
2007 4 9 12 45770.2 1.907 199.55 7.74 9.08 -0.05 563.6
2007 4 10 12 45900.2 0.566 224.39 7.74 10.30 0.01 579.7
2007 4 11 12 46029.4 1.573 228.83 7.74 9.63 0.17 609.7
2007 4 12 12 46157.8 1.084 217.06 7.74 7.61 -1.85 521.9
2007 4 13 12 46285.3 6.636 209.59 7.74 7.48 -1.84 563.0
2007 4 14 12 46411.9 8.414 197.91 7.74 7.03 -2.04 556.5
2007 4 15 12 46537.5 0.251 219.78 7.74 9.22 0.23 649.0
2007 4 16 12 46662.2 4.482 221.47 7.74 8.25 -1.52 575.8
2007 4 17 12 46785.8 2.754 230.12 7.74 10.80 1.22 610.1
2007 4 18 12 46908.4 1.048 210.12 7.74 7.98 -0.56 586.2
2007 4 19 12 47029.9 2.253 195.75 7.74 12.16 2.94 666.8
2007 4 20 12 47150.2 9.389 216.05 7.74 8.30 -1.93 597.9
2007 4 21 12 47269.4 1.357 231.80 7.74 10.82 2.53 679.7
2007 4 22 12 47387.3 0.882 227.88 7.74 12.71 2.97 684.8
2007 4 23 12 47504.0 2.348 224.31 7.74 10.15 1.12 597.2
2007 4 24 12 47619.5 6.607 226.00 7.74 10.94 1.41 601.1
2007 4 25 12 47733.6 9.825 241.96 7.74 12.59 3.83 637.1
2007 4 26 12 47846.4 1.826 221.61 7.74 13.06 4.03 718.9
2007 4 27 12 47957.8 2.415 207.89 7.74 9.03 -0.51 573.0
2007 4 28 12 48067.8 1.387 215.51 7.74 15.58 4.76 708.7
2007 4 29 12 48176.4 1.318 239.90 7.74 11.11 0.66 597.7
2007 4 30 12 48283.5 0.161 192.57 7.74 13.60 3.74 695.4
2007 5 1 12 48389.0 1.108 232.32 7.74 13.45 3.69 703.6
2007 5 2 12 48493.1 2.871 254.49 7.74 14.85 5.73 696.3
2007 5 3 12 48595.5 1.850 228.29 7.74 16.27 6.89 731.4
2007 5 4 12 48696.4 8.345 249.81 7.74 15.64 6.90 723.5
2007 5 5 12 48795.7 4.370 244.84 7.74 14.42 6.03 734.3
2007 5 6 12 48893.3 1.536 259.31 7.74 13.52 4.92 724.2
2007 5 7 12 48989.2 5.070 249.36 7.74 14.06 5.37 683.7
2007 5 8 12 49083.3 7.486 244.94 7.74 13.14 4.04 640.2
2007 5 9 12 49175.8 0.244 235.23 7.74 16.11 8.04 727.2
2007 5 10 12 49266.4 3.029 246.89 7.74 13.33 5.06 680.1
2007 5 11 12 49355.3 3.348 245.22 7.74 12.04 2.08 573.0
2007 5 12 12 49442.4 0.545 240.73 7.74 14.83 5.47 679.8
2007 5 13 12 49527.6 0.192 235.38 7.74 16.58 6.41 730.3
2007 5 14 12 49610.9 1.506 246.57 7.74 15.33 5.60 733.5
2007 5 15 12 49692.3 7.730 229.31 7.74 18.76 9.39 759.3
2007 5 16 12 49771.8 0.947 241.04 7.74 13.74 4.50 708.3
2007 5 17 12 49849.4 2.302 251.41 7.74 14.89 6.93 755.3
2007 5 18 12 49924.9 1.721 263.02 7.74 14.41 5.03 677.8
2007 5 19 12 49998.5 0.349 261.64 7.74 17.08 6.49 739.9
2007 5 20 12 50070.1 0.226 241.60 7.74 16.57 8.02 791.5
2007 5 21 12 50139.7 1.845 260.70 7.74 13.36 5.55 717.8
2007 5 22 12 50207.1 0.113 234.11 7.74 17.15 8.60 741.0
2007 5 23 12 50272.5 2.241 254.76 7.74 16.09 6.34 731.7
2007 5 24 12 50335.9 0.561 261.85 7.74 16.36 5.91 710.0
2007 5 25 12 50397.0 0.475 249.16 7.74 15.44 6.89 752.1
2007 5 26 12 50456.1 2.185 255.32 7.74 16.33 5.82 717.1
2007 5 27 12 50513.0 1.429 243.75 7.74 18.33 9.82 841.7
2007 5 28 12 50567.8 3.076 248.08 7.74 19.03 9.80 820.1
2007 5 29 12 50620.3 7.798 228.34 7.74 16.55 6.70 788.9
2007 5 30 12 50670.7 1.076 255.93 7.74 17.55 8.76 771.4
2007 5 31 12 50718.8 9.511 275.61 7.74 18.34 9.19 754.7
2007 6 1 12 50764.8 0.944 249.89 7.74 18.57 8.83 790.7
2007 6 2 12 50808.5 0.490 244.16 7.74 18.10 8.69 763.7
2007 6 3 12 50849.9 5.853 260.22 7.74 18.90 9.96 825.9
2007 6 4 12 50889.0 1.879 244.49 7.74 17.18 8.04 770.0
2007 6 5 12 50925.9 4.807 283.83 7.74 19.99 8.97 809.7
2007 6 6 12 50960.5 5.201 253.90 7.74 21.08 10.78 819.8
2007 6 7 12 50992.8 0.467 256.74 7.74 16.31 7.82 771.8
2007 6 8 12 51022.8 3.531 250.73 7.74 17.98 9.24 766.1
2007 6 9 12 51050.5 2.627 254.73 7.74 18.98 9.59 768.7
2007 6 10 12 51075.8 1.377 269.42 7.74 21.28 11.30 855.7
2007 6 11 12 51098.8 7.554 264.50 7.74 19.27 10.16 811.8
2007 6 12 12 51119.5 5.652 261.25 7.74 20.08 10.43 821.4
2007 6 13 12 51137.8 1.134 267.89 7.74 20.05 10.39 813.7
2007 6 14 12 51153.7 1.824 269.65 7.74 19.24 9.63 756.0
2007 6 15 12 51167.4 2.851 267.83 7.74 17.67 7.81 698.6
2007 6 16 12 51178.6 3.821 261.63 7.74 20.21 10.54 827.3
2007 6 17 12 51187.5 1.116 263.26 7.74 19.39 10.86 813.6
2007 6 18 12 51194.0 0.456 269.71 7.74 23.96 14.59 898.3
2007 6 19 12 51198.1 1.135 258.87 7.74 17.73 8.05 772.0
2007 6 20 12 51199.9 1.587 221.47 7.74 20.57 11.03 831.8
2007 6 21 12 51199.3 2.002 255.65 7.74 23.34 13.33 869.3
2007 6 22 12 51196.4 1.429 250.38 7.74 22.01 11.34 834.9
2007 6 23 12 51191.0 0.783 265.28 7.74 20.85 11.62 818.6
2007 6 24 12 51183.3 1.875 251.83 7.74 19.73 10.50 808.5
2007 6 25 12 51173.3 1.139 269.85 7.74 21.01 10.93 769.5
2007 6 26 12 51160.8 4.126 269.68 7.74 22.19 12.87 852.8
2007 6 27 12 51146.1 1.322 253.01 7.74 22.08 13.40 860.4
2007 6 28 12 51128.9 5.224 229.66 7.74 20.96 10.73 785.5
2007 6 29 12 51109.4 3.550 260.73 7.74 23.31 14.73 871.8
2007 6 30 12 51087.6 1.876 253.40 7.74 22.49 11.40 847.1
2007 7 1 12 51063.4 3.700 241.51 7.74 22.32 15.03 900.6
2007 7 2 12 51036.9 8.188 268.12 7.74 24.00 15.40 892.3
2007 7 3 12 51008.1 4.376 250.46 7.74 20.20 11.25 837.3
2007 7 4 12 50976.9 0.248 255.20 7.74 22.46 13.39 828.2
2007 7 5 12 50943.5 7.289 239.32 7.74 20.53 10.14 821.4
2007 7 6 12 50907.8 1.944 243.37 7.74 21.27 11.94 890.4
2007 7 7 12 50869.7 7.091 241.87 7.74 21.94 11.77 823.1
2007 7 8 12 50829.4 1.364 222.73 7.74 20.27 10.04 790.8
2007 7 9 12 50786.9 3.820 254.34 7.74 22.03 13.37 905.7
2007 7 10 12 50742.1 1.023 259.67 7.74 24.11 14.73 906.4
2007 7 11 12 50695.1 2.091 240.08 7.74 22.06 11.50 869.0
2007 7 12 12 50645.8 2.134 251.55 7.74 21.35 11.77 854.5
2007 7 13 12 50594.3 5.414 235.44 7.74 22.83 13.57 864.7
2007 7 14 12 50540.7 0.788 271.23 7.74 21.09 11.32 813.9
2007 7 15 12 50484.8 1.637 261.71 7.74 21.40 12.49 829.5
2007 7 16 12 50426.8 0.738 250.36 7.74 25.59 16.57 959.6
2007 7 17 12 50366.7 1.452 252.58 7.74 24.67 16.80 926.8
2007 7 18 12 50304.5 1.552 270.57 7.74 23.52 14.78 828.6
2007 7 19 12 50240.1 0.615 237.51 7.74 22.01 12.46 880.9
2007 7 20 12 50173.7 2.451 276.57 7.74 24.30 15.14 879.3
2007 7 21 12 50105.1 0.590 271.34 7.74 21.95 11.65 804.6
2007 7 22 12 50034.6 1.067 242.67 7.74 24.16 14.28 909.9
2007 7 23 12 49962.0 0.441 261.88 7.74 24.37 14.60 913.3
2007 7 24 12 49887.4 0.601 234.16 7.74 21.77 11.65 826.2
2007 7 25 12 49810.8 3.256 256.95 7.74 21.31 13.47 855.6
2007 7 26 12 49732.3 1.895 259.55 7.74 23.18 14.27 923.7
2007 7 27 12 49651.8 3.623 237.60 7.74 22.41 13.35 830.4
2007 7 28 12 49569.5 0.291 249.26 7.74 21.18 11.54 800.3
2007 7 29 12 49485.2 0.523 241.53 7.74 23.76 14.13 909.1
2007 7 30 12 49399.1 1.338 245.54 7.74 21.18 12.27 833.6
2007 7 31 12 49311.1 1.952 206.11 7.74 21.98 12.98 884.1
2007 8 1 12 49221.3 2.489 261.90 7.74 22.66 14.09 931.1
2007 8 2 12 49129.8 1.330 243.99 7.74 21.32 12.10 907.8
2007 8 3 12 49036.5 4.576 220.52 7.74 23.82 15.86 911.9
2007 8 4 12 48941.4 2.264 232.28 7.74 23.33 14.22 929.3
2007 8 5 12 48844.7 3.227 214.87 7.74 23.29 13.26 842.6
2007 8 6 12 48746.2 1.761 242.46 7.74 25.76 16.42 918.0
2007 8 7 12 48646.2 2.067 233.34 7.74 20.66 11.97 830.4
2007 8 8 12 48544.5 0.897 205.35 7.74 26.18 16.57 898.1
2007 8 9 12 48441.3 0.410 228.91 7.74 20.01 10.84 784.0
2007 8 10 12 48336.4 0.344 221.88 7.74 20.44 9.62 774.2
2007 8 11 12 48230.1 0.870 255.31 7.74 20.95 13.05 915.1
2007 8 12 12 48122.3 0.048 234.39 7.74 20.22 13.98 894.1
2007 8 13 12 48013.0 0.060 222.73 7.74 20.84 12.14 860.5
2007 8 14 12 47902.3 2.354 233.26 7.74 22.19 12.09 849.7
2007 8 15 12 47790.2 0.011 213.52 7.74 21.64 12.17 869.1
2007 8 16 12 47676.7 2.951 244.76 7.74 20.11 11.11 818.0
2007 8 17 12 47561.9 2.222 218.07 7.74 22.12 12.00 849.9
2007 8 18 12 47445.8 1.493 224.09 7.74 21.05 12.52 893.0
2007 8 19 12 47328.5 0.527 198.59 7.74 18.97 9.06 792.9
2007 8 20 12 47209.9 1.340 218.78 7.74 21.76 11.28 772.6
2007 8 21 12 47090.2 2.584 223.66 7.74 18.75 8.74 744.1
2007 8 22 12 46969.3 2.337 246.88 7.74 19.88 10.31 802.3
2007 8 23 12 46847.3 1.132 201.34 7.74 20.42 12.16 841.2
2007 8 24 12 46724.2 2.024 208.21 7.74 15.76 5.46 738.5
2007 8 25 12 46600.0 2.012 219.56 7.74 19.58 10.78 830.9
2007 8 26 12 46474.8 0.926 204.28 7.74 19.08 9.83 801.6
2007 8 27 12 46348.7 1.976 205.45 7.74 20.51 11.69 852.0
2007 8 28 12 46221.7 2.028 192.38 7.74 19.62 10.29 805.0
2007 8 29 12 46093.7 0.689 206.19 7.74 21.12 11.57 826.3
2007 8 30 12 45964.9 0.934 199.13 7.74 20.44 10.62 797.4
2007 8 31 12 45835.3 1.249 210.14 7.74 19.88 10.84 728.2
2007 9 1 12 45704.9 5.371 213.98 7.74 19.61 7.41 744.8
2007 9 2 12 45573.7 0.756 223.52 7.74 18.00 8.64 763.0
2007 9 3 12 45441.8 2.857 200.11 7.74 18.91 10.82 870.4
2007 9 4 12 45309.3 1.995 197.35 7.74 19.53 11.58 848.2
2007 9 5 12 45176.2 1.992 200.37 7.74 19.64 11.34 863.2
2007 9 6 12 45042.4 2.017 165.61 7.74 16.59 7.07 718.5
2007 9 7 12 44908.2 2.719 216.72 7.74 19.17 9.29 803.7
2007 9 8 12 44773.4 1.265 193.66 7.74 17.82 8.26 810.8
2007 9 9 12 44638.1 6.685 193.97 7.74 18.27 8.72 759.8
2007 9 10 12 44502.5 2.287 192.88 7.74 17.84 8.34 735.0
2007 9 11 12 44366.4 0.400 191.59 7.74 18.06 6.92 720.5
2007 9 12 12 44230.0 1.645 195.56 7.74 18.16 10.04 778.9
2007 9 13 12 44093.3 1.917 196.33 7.74 17.77 8.81 777.7
2007 9 14 12 43956.3 1.254 191.95 7.74 16.07 5.76 744.0
2007 9 15 12 43819.1 0.154 188.97 7.74 16.93 5.64 760.5
2007 9 16 12 43681.7 2.461 191.56 7.74 18.03 9.67 802.4
2007 9 17 12 43544.2 0.876 194.22 7.74 16.40 7.32 745.7
2007 9 18 12 43406.5 1.255 195.03 7.74 16.68 6.68 714.4
2007 9 19 12 43268.9 1.624 183.91 7.74 18.05 7.93 780.4
2007 9 20 12 43131.1 1.661 176.22 7.74 17.55 8.36 774.5
2007 9 21 12 42993.5 0.326 192.31 7.74 18.20 8.32 715.8
2007 9 22 12 42855.8 0.731 182.05 7.74 15.72 6.96 741.3
2007 9 23 12 42718.3 1.518 185.06 7.74 18.37 9.31 821.3
2007 9 24 12 42580.9 0.174 168.83 7.74 15.16 7.20 699.0
2007 9 25 12 42443.7 1.232 165.29 7.74 14.63 7.16 688.0
2007 9 26 12 42306.7 0.547 146.03 7.74 15.48 6.64 745.2
2007 9 27 12 42170.0 0.573 216.91 7.74 15.53 6.32 714.5
2007 9 28 12 42033.6 1.705 167.95 7.74 12.90 4.65 700.0
2007 9 29 12 41897.5 1.660 158.21 7.74 16.14 7.55 735.0
2007 9 30 12 41761.9 0.224 174.53 7.74 14.70 7.11 766.0
2007 10 1 12 41626.6 1.582 156.93 7.74 13.25 4.11 661.2
2007 10 2 12 41491.8 0.050 182.38 7.74 13.44 4.36 719.9
2007 10 3 12 41357.6 1.907 170.15 7.74 15.38 7.50 785.9
2007 10 4 12 41223.8 2.020 156.88 7.74 13.91 4.44 618.9
2007 10 5 12 41090.7 0.931 159.58 7.74 13.21 3.99 644.7
2007 10 6 12 40958.2 2.181 155.39 7.74 13.34 3.87 674.9
2007 10 7 12 40826.3 2.443 175.55 7.74 11.89 1.48 661.6
2007 10 8 12 40695.1 0.358 157.19 7.74 13.10 3.15 710.8
2007 10 9 12 40564.7 0.214 169.60 7.74 13.74 4.14 687.7
2007 10 10 12 40435.1 0.466 137.96 7.74 12.59 2.73 685.0
2007 10 11 12 40306.3 1.742 147.30 7.74 11.93 3.21 733.2
2007 10 12 12 40178.3 1.561 121.34 7.74 11.55 1.89 608.8
2007 10 13 12 40051.3 1.958 133.08 7.74 8.18 -0.08 617.2
2007 10 14 12 39925.2 1.901 140.09 7.74 10.97 2.75 677.7
2007 10 15 12 39800.0 1.230 162.03 7.74 11.60 2.73 638.7
2007 10 16 12 39675.8 2.140 134.09 7.74 9.69 0.17 579.9
2007 10 17 12 39552.7 0.300 135.10 7.74 11.63 3.87 689.4
2007 10 18 12 39430.7 2.114 129.40 7.74 11.90 1.59 601.7
2007 10 19 12 39309.8 2.011 123.36 7.74 13.25 3.10 640.5
2007 10 20 12 39190.1 0.084 126.97 7.74 8.94 -1.18 568.2
2007 10 21 12 39071.5 1.529 131.14 7.74 10.07 0.81 584.6
2007 10 22 12 38954.2 1.191 139.52 7.74 8.68 -0.12 550.8
2007 10 23 12 38838.1 0.070 140.00 7.74 10.71 0.86 652.3
2007 10 24 12 38723.3 0.814 140.34 7.74 10.85 2.65 641.3
2007 10 25 12 38609.8 1.326 127.40 7.74 7.31 -0.95 592.0
2007 10 26 12 38497.7 1.654 127.74 7.74 6.01 -2.50 547.6
2007 10 27 12 38387.0 1.948 120.20 7.74 9.87 -1.98 608.6
2007 10 28 12 38277.7 1.140 115.74 7.74 11.12 1.94 631.9
2007 10 29 12 38169.9 1.085 135.75 7.74 5.75 -3.46 516.3
2007 10 30 12 38063.6 2.934 130.07 7.74 8.72 -0.87 558.7
2007 10 31 12 37958.7 1.252 125.24 7.74 5.86 -3.55 512.9
2007 11 1 12 37855.5 3.495 114.91 7.74 9.19 0.93 581.6
2007 11 2 12 37753.8 2.309 113.49 7.74 7.14 -1.97 552.4
2007 11 3 12 37653.8 0.754 113.98 7.74 8.52 -1.08 543.8
2007 11 4 12 37555.3 1.689 118.33 7.74 8.15 -1.59 595.2
2007 11 5 12 37458.6 0.163 113.33 7.74 6.74 -1.92 546.6
2007 11 6 12 37363.5 0.616 128.15 7.74 7.60 -2.32 523.8
2007 11 7 12 37270.2 0.375 131.52 7.74 6.33 -4.32 515.6
2007 11 8 12 37178.7 0.832 150.95 7.74 8.55 0.06 609.1
2007 11 9 12 37088.9 0.904 140.29 7.74 6.55 -2.59 510.0
2007 11 10 12 37000.9 0.369 123.28 7.74 5.73 -3.75 468.3
2007 11 11 12 36914.8 0.055 113.73 7.74 4.07 -5.53 503.7
2007 11 12 12 36830.5 0.678 106.80 7.74 5.38 -3.75 522.2
2007 11 13 12 36748.2 3.422 102.93 7.74 5.22 -3.86 519.7
2007 11 14 12 36667.7 0.790 111.24 7.74 5.10 -3.81 528.0
2007 11 15 12 36589.2 0.183 116.44 7.74 5.27 -3.36 470.2
2007 11 16 12 36512.6 1.154 85.12 7.74 4.97 -6.75 432.3
2007 11 17 12 36438.0 0.661 129.98 7.74 3.66 -5.00 504.8
2007 11 18 12 36365.4 1.923 105.64 7.74 4.38 -4.28 474.2
2007 11 19 12 36294.9 1.701 91.99 7.74 2.70 -6.91 481.3
2007 11 20 12 36226.3 1.879 97.84 7.74 3.92 -5.97 457.6
2007 11 21 12 36159.9 1.131 128.03 7.74 5.07 -3.93 515.8
2007 11 22 12 36095.5 0.588 101.36 7.74 4.86 -3.10 539.1
2007 11 23 12 36033.3 2.002 85.69 7.74 5.62 -4.17 554.6
2007 11 24 12 35973.2 0.654 98.87 7.74 3.51 -6.38 506.0
2007 11 25 12 35915.2 1.313 119.33 7.74 1.36 -7.63 412.9
2007 11 26 12 35859.3 0.369 86.00 7.74 3.13 -6.16 482.2
2007 11 27 12 35805.7 4.402 108.55 7.74 5.03 -3.34 544.7
2007 11 28 12 35754.2 0.387 100.99 7.74 4.84 -5.28 529.9
2007 11 29 12 35704.9 1.892 103.36 7.74 1.22 -7.09 479.9
2007 11 30 12 35657.9 0.250 76.13 7.74 -1.41 -9.17 410.7
2007 12 1 12 35613.1 0.103 119.02 7.74 2.51 -6.45 472.8
2007 12 2 12 35570.6 0.098 117.48 7.74 1.37 -9.21 447.2
2007 12 3 12 35530.3 0.643 100.96 7.74 1.95 -8.37 392.6
2007 12 4 12 35492.2 1.206 89.61 7.74 1.24 -9.74 428.0
2007 12 5 12 35456.5 0.884 99.18 7.74 1.81 -8.34 467.2
2007 12 6 12 35423.1 0.932 107.07 7.74 1.88 -7.80 474.0
2007 12 7 12 35391.9 0.810 113.18 7.74 2.32 -5.83 512.2
2007 12 8 12 35363.1 3.278 107.79 7.74 3.90 -6.17 515.5
2007 12 9 12 35336.6 0.563 117.98 7.74 2.00 -7.25 477.8
2007 12 10 12 35312.4 0.985 117.98 7.74 -0.17 -8.68 384.5
2007 12 11 12 35290.6 0.840 98.43 7.74 -0.29 -9.09 400.6
2007 12 12 12 35271.1 0.982 90.74 7.74 1.73 -7.65 465.4
2007 12 13 12 35253.9 1.868 95.26 7.74 -1.34 -11.33 422.7
2007 12 14 12 35239.2 0.521 105.41 7.74 -1.78 -11.80 389.7
2007 12 15 12 35226.7 0.142 101.29 7.74 1.96 -7.35 442.6
2007 12 16 12 35216.7 1.215 89.22 7.74 0.02 -8.91 399.0
2007 12 17 12 35209.0 3.210 103.76 7.74 -1.61 -10.57 422.3
2007 12 18 12 35203.6 0.067 91.29 7.74 1.56 -7.07 420.6
2007 12 19 12 35200.7 1.448 86.92 7.74 -2.86 -12.40 359.7
2007 12 20 12 35200.1 1.456 85.21 7.74 -1.45 -11.35 318.5
2007 12 21 12 35201.9 1.116 114.37 7.74 -0.61 -10.95 393.2
2007 12 22 12 35206.0 1.934 77.04 7.74 -0.78 -9.06 403.8
2007 12 23 12 35212.5 2.449 115.62 7.74 -0.11 -9.07 381.5
2007 12 24 12 35221.4 1.200 91.17 7.74 -1.52 -10.79 421.7
2007 12 25 12 35232.6 0.450 104.09 7.74 -1.37 -11.43 345.7
2007 12 26 12 35246.3 2.204 122.70 7.74 1.41 -8.24 470.1
2007 12 27 12 35262.2 2.773 101.63 7.74 -1.62 -10.08 403.9
2007 12 28 12 35280.5 2.773 100.55 7.74 1.82 -7.93 456.8
2007 12 29 12 35301.2 5.245 96.71 7.74 -0.11 -7.58 486.2
2007 12 30 12 35324.2 2.200 102.16 7.74 -2.09 -10.65 351.9
2007 12 31 12 35349.5 2.411 99.99 7.74 -3.16 -12.29 358.8
2008 1 1 12 35377.2 0.740 100.67 7.74 0.33 -8.50 389.9
2008 1 2 12 35407.2 1.379 104.76 7.74 -4.29 -14.38 277.4
2008 1 3 12 35439.5 4.002 121.42 7.74 -2.03 -11.68 372.3
2008 1 4 12 35474.1 1.293 87.04 7.74 -3.23 -11.75 379.8
2008 1 5 12 35511.0 1.765 73.07 7.74 -2.14 -11.14 383.2
2008 1 6 12 35550.1 1.086 95.07 7.74 -0.06 -8.66 466.5
2008 1 7 12 35591.5 2.865 107.03 7.74 0.56 -9.56 460.2
2008 1 8 12 35635.2 0.161 110.47 7.74 -1.66 -10.05 415.9
2008 1 9 12 35681.2 1.131 105.01 7.74 -0.08 -9.54 395.1
2008 1 10 12 35729.3 3.372 128.43 7.74 0.87 -8.60 461.9
2008 1 11 12 35779.7 2.033 100.80 7.74 -2.37 -11.39 342.0
2008 1 12 12 35832.2 2.375 101.65 7.74 1.11 -7.50 406.0
2008 1 13 12 35887.0 0.481 104.24 7.74 -0.16 -9.71 407.0
2008 1 14 12 35943.9 3.363 113.89 7.74 -1.86 -11.27 387.7
2008 1 15 12 36003.0 2.192 100.24 7.74 -1.20 -11.40 378.1
2008 1 16 12 36064.1 0.942 91.38 7.74 -1.82 -12.11 379.8
2008 1 17 12 36127.5 9.479 94.86 7.74 -3.34 -12.97 318.0
2008 1 18 12 36192.9 3.430 115.54 7.74 -3.21 -12.02 364.2
2008 1 19 12 36260.3 0.902 91.99 7.74 -2.43 -12.01 396.0
2008 1 20 12 36329.9 9.152 109.90 7.74 -2.81 -12.60 374.0
2008 1 21 12 36401.5 2.248 124.44 7.74 0.47 -9.39 363.3
2008 1 22 12 36475.1 0.265 129.68 7.74 -0.44 -8.85 453.3
2008 1 23 12 36550.6 0.048 116.98 7.74 0.48 -8.74 472.1
2008 1 24 12 36628.2 0.914 123.81 7.74 -1.33 -11.22 330.8
2008 1 25 12 36707.7 0.129 101.27 7.74 -1.80 -11.83 354.9
2008 1 26 12 36789.1 2.969 114.15 7.74 0.19 -8.27 407.7
2008 1 27 12 36872.4 4.955 89.62 7.74 0.67 -8.47 457.2
2008 1 28 12 36957.6 0.549 119.46 7.74 -0.01 -8.04 417.2
2008 1 29 12 37044.7 2.591 89.71 7.74 0.36 -9.57 410.7
2008 1 30 12 37133.6 3.164 103.71 7.74 0.01 -7.99 450.3
2008 1 31 12 37224.2 1.039 121.17 7.74 -4.92 -16.04 255.6
2008 2 1 12 37316.7 3.152 109.06 7.74 1.19 -8.77 393.8
2008 2 2 12 37410.8 0.230 154.17 7.74 -2.72 -12.07 359.6
2008 2 3 12 37506.7 4.050 127.29 7.74 -2.26 -11.03 379.8
2008 2 4 12 37604.3 4.520 131.62 7.74 -4.41 -14.37 346.8
2008 2 5 12 37703.6 2.851 122.43 7.74 -3.38 -12.13 357.5
2008 2 6 12 37804.5 0.346 140.03 7.74 -1.50 -11.47 316.3
2008 2 7 12 37906.9 3.870 119.54 7.74 -1.18 -7.81 407.6
2008 2 8 12 38011.0 0.849 137.80 7.74 1.10 -9.27 394.7
2008 2 9 12 38116.5 3.533 139.07 7.74 -1.26 -11.16 357.5
2008 2 10 12 38223.6 9.265 106.50 7.74 -0.98 -9.80 366.6
2008 2 11 12 38332.2 3.866 138.85 7.74 1.51 -8.81 382.2
2008 2 12 12 38442.2 0.943 161.64 7.74 0.49 -8.61 423.4
2008 2 13 12 38553.6 2.125 127.24 7.74 -0.36 -9.84 459.1
2008 2 14 12 38666.4 2.482 129.40 7.74 0.12 -9.90 386.0
2008 2 15 12 38780.5 0.576 102.79 7.74 -1.61 -10.60 414.5
2008 2 16 12 38896.0 1.528 148.92 7.74 -2.00 -11.08 348.9
2008 2 17 12 39012.7 1.567 114.27 7.74 1.66 -7.54 438.8
2008 2 18 12 39130.6 0.129 128.40 7.74 1.42 -9.90 375.5
2008 2 19 12 39249.8 1.469 146.40 7.74 -1.10 -10.61 411.6
2008 2 20 12 39370.1 2.671 122.82 7.74 0.81 -9.33 376.1
2008 2 21 12 39491.6 0.580 153.85 7.74 1.71 -7.56 435.1
2008 2 22 12 39614.2 1.070 135.07 7.74 1.44 -6.58 500.5
2008 2 23 12 39737.8 6.147 147.18 7.74 0.61 -10.02 416.5
2008 2 24 12 39862.5 1.314 137.57 7.74 0.61 -10.00 424.5
2008 2 25 12 39988.1 1.137 142.01 7.74 0.47 -8.13 392.7
2008 2 26 12 40114.7 1.365 134.93 7.74 -0.86 -9.95 388.5
2008 2 27 12 40242.2 6.832 131.47 7.74 1.33 -7.53 411.8
2008 2 28 12 40370.6 1.990 147.23 7.74 0.98 -7.82 437.2
2008 2 29 12 40499.8 18.406 139.93 7.74 3.25 -7.22 394.1
2008 3 1 12 40629.8 1.022 133.98 7.74 1.73 -8.39 433.9
2008 3 2 12 40760.6 0.996 174.83 7.74 2.47 -7.18 496.5
2008 3 3 12 40892.1 5.139 169.26 7.74 1.24 -8.60 463.5
2008 3 4 12 41024.3 1.285 178.22 7.74 -0.10 -8.46 442.1
2008 3 5 12 41157.2 0.597 166.77 7.74 2.28 -6.51 444.5
2008 3 6 12 41290.6 2.960 159.90 7.74 2.69 -8.20 419.5
2008 3 7 12 41424.6 2.148 164.01 7.74 3.55 -5.56 422.3
2008 3 8 12 41559.2 6.755 173.63 7.74 1.47 -8.45 498.8
2008 3 9 12 41694.2 0.775 178.83 7.74 2.33 -7.95 441.7
2008 3 10 12 41829.7 3.252 188.76 7.74 4.74 -4.35 555.6
2008 3 11 12 41965.5 2.948 176.73 7.74 1.80 -7.28 423.3
2008 3 12 12 42101.8 2.977 153.76 7.74 5.14 -5.58 478.6
2008 3 13 12 42238.3 3.226 200.10 7.74 2.28 -6.07 455.9
2008 3 14 12 42375.2 2.248 185.46 7.74 3.42 -6.80 490.9
2008 3 15 12 42512.3 0.855 174.23 7.74 6.71 -1.60 574.9
2008 3 16 12 42649.6 1.110 180.10 7.74 4.31 -5.11 472.7
2008 3 17 12 42787.0 4.690 190.92 7.74 6.27 -1.81 538.6
2008 3 18 12 42924.6 9.705 204.05 7.74 4.13 -4.62 559.1
2008 3 19 12 43062.3 2.611 170.48 7.74 3.98 -5.30 538.9
2008 3 20 12 43200.0 4.198 171.55 7.74 5.42 -3.95 497.2
2008 3 21 12 43337.7 0.129 191.45 7.74 4.87 -5.03 480.9
2008 3 22 12 43475.4 3.434 181.21 7.74 5.41 -4.93 528.4
2008 3 23 12 43613.0 0.301 187.27 7.74 6.87 -4.07 507.1
2008 3 24 12 43750.4 0.202 157.15 7.74 3.32 -6.06 448.8
2008 3 25 12 43887.7 15.174 174.84 7.74 7.52 -2.00 528.6
2008 3 26 12 44024.8 2.109 187.37 7.74 5.48 -4.10 506.2
2008 3 27 12 44161.7 2.194 208.07 7.74 5.57 -3.01 544.0
2008 3 28 12 44298.2 3.279 215.45 7.74 8.21 -1.52 543.1
2008 3 29 12 44434.5 1.858 187.46 7.74 4.66 -5.01 473.5
2008 3 30 12 44570.3 7.088 214.36 7.74 3.92 -4.96 495.9
2008 3 31 12 44705.8 1.490 186.02 7.74 6.04 -5.49 469.3
2008 4 1 12 44840.8 2.622 191.27 7.74 6.86 -3.18 504.4
2008 4 2 12 44975.4 3.152 175.88 7.74 8.50 -0.11 616.8
2008 4 3 12 45109.4 0.532 195.03 7.74 6.36 -2.46 545.9
2008 4 4 12 45242.8 0.420 161.35 7.74 6.60 -3.36 573.1
2008 4 5 12 45375.7 7.921 180.65 7.74 8.74 -0.03 630.7
2008 4 6 12 45507.9 0.639 218.84 7.74 10.56 2.37 677.6
2008 4 7 12 45639.4 4.847 193.54 7.74 3.86 -5.73 571.1
2008 4 8 12 45770.2 1.207 184.24 7.74 8.53 -1.10 589.1
2008 4 9 12 45900.2 0.546 214.94 7.74 5.13 -4.42 530.3
2008 4 10 12 46029.4 0.051 213.51 7.74 8.61 0.11 583.0
2008 4 11 12 46157.8 0.166 198.91 7.74 9.64 -0.23 575.6
2008 4 12 12 46285.3 3.662 211.07 7.74 8.46 -0.22 586.9
2008 4 13 12 46411.9 2.099 191.85 7.74 10.34 1.32 611.2
2008 4 14 12 46537.5 4.330 204.15 7.74 9.02 -0.03 576.5
2008 4 15 12 46662.2 0.781 232.77 7.74 8.68 -1.43 590.2
2008 4 16 12 46785.8 8.509 224.61 7.74 11.97 2.23 613.8
2008 4 17 12 46908.4 0.502 224.37 7.74 9.28 0.11 556.7
2008 4 18 12 47029.9 2.475 213.49 7.74 10.78 0.93 612.7
2008 4 19 12 47150.2 3.594 208.74 7.74 10.78 -0.08 546.3
2008 4 20 12 47269.4 2.315 232.21 7.74 11.71 1.75 634.9
2008 4 21 12 47387.3 3.242 223.65 7.74 12.57 3.73 712.8
2008 4 22 12 47504.0 3.857 190.87 7.74 12.17 2.23 643.7
2008 4 23 12 47619.5 3.211 232.94 7.74 11.11 2.98 682.7
2008 4 24 12 47733.6 7.095 196.47 7.74 10.61 0.96 648.0
2008 4 25 12 47846.4 3.591 210.77 7.74 10.59 3.43 697.3
2008 4 26 12 47957.8 1.841 233.92 7.74 14.85 5.96 676.6
2008 4 27 12 48067.8 2.433 230.71 7.74 9.58 0.47 655.7
2008 4 28 12 48176.4 1.001 187.60 7.74 11.99 3.08 595.4
2008 4 29 12 48283.5 1.315 246.61 7.74 11.80 2.52 694.2
2008 4 30 12 48389.0 8.944 244.41 7.74 14.20 4.33 688.1
2008 5 1 12 48493.1 3.918 221.93 7.74 13.33 4.42 709.6
2008 5 2 12 48595.5 2.843 228.66 7.74 13.27 5.10 704.0
2008 5 3 12 48696.4 3.076 228.64 7.74 14.87 5.26 707.5
2008 5 4 12 48795.7 1.061 217.05 7.74 10.71 1.64 656.0
2008 5 5 12 48893.3 1.962 249.69 7.74 16.28 5.98 770.4
2008 5 6 12 48989.2 2.795 237.42 7.74 14.09 5.12 722.9
2008 5 7 12 49083.3 1.738 254.10 7.74 13.86 5.98 719.8
2008 5 8 12 49175.8 8.922 229.74 7.74 14.62 5.53 719.1
2008 5 9 12 49266.4 0.781 245.19 7.74 16.89 7.10 682.7
2008 5 10 12 49355.3 6.390 288.33 7.74 12.02 3.00 586.1
2008 5 11 12 49442.4 4.162 242.08 7.74 17.37 8.19 709.6
2008 5 12 12 49527.6 1.676 248.89 7.74 14.54 4.72 692.0
2008 5 13 12 49610.9 9.440 242.00 7.74 15.49 5.94 708.5
2008 5 14 12 49692.3 4.863 239.95 7.74 12.96 3.89 651.7
2008 5 15 12 49771.8 7.153 245.30 7.74 15.14 7.37 716.3
2008 5 16 12 49849.4 3.419 223.44 7.74 16.41 5.48 677.4
2008 5 17 12 49924.9 3.392 246.24 7.74 13.05 3.18 710.0
2008 5 18 12 49998.5 2.792 271.84 7.74 15.75 6.16 715.3
2008 5 19 12 50070.1 2.146 246.60 7.74 18.32 8.79 726.7
2008 5 20 12 50139.7 3.742 248.02 7.74 16.67 6.47 737.9
2008 5 21 12 50207.1 0.568 251.38 7.74 17.38 7.75 730.4
2008 5 22 12 50272.5 1.004 228.65 7.74 17.26 9.71 793.2
2008 5 23 12 50335.9 0.487 231.97 7.74 16.11 6.30 701.6
2008 5 24 12 50397.0 1.150 245.13 7.74 17.24 8.78 744.1
2008 5 25 12 50456.1 2.584 263.61 7.74 20.27 11.12 829.8
2008 5 26 12 50513.0 0.378 265.82 7.74 19.41 9.83 783.6
2008 5 27 12 50567.8 0.679 244.13 7.74 18.42 8.97 811.3
2008 5 28 12 50620.3 0.397 250.05 7.74 17.04 8.40 770.8
2008 5 29 12 50670.7 0.717 284.05 7.74 17.78 8.11 739.8
2008 5 30 12 50718.8 1.946 245.53 7.74 16.89 7.34 755.4
2008 5 31 12 50764.8 6.830 249.85 7.74 20.75 9.86 812.2
2008 6 1 12 50808.5 0.584 249.63 7.74 17.53 9.67 771.6
2008 6 2 12 50849.9 5.968 258.91 7.74 16.15 6.37 699.2
2008 6 3 12 50889.0 9.057 241.82 7.74 19.27 8.74 749.2
2008 6 4 12 50925.9 3.941 268.79 7.74 17.35 8.08 762.3
2008 6 5 12 50960.5 2.205 282.89 7.74 16.13 6.77 781.6
2008 6 6 12 50992.8 1.419 265.63 7.74 17.70 7.92 791.1
2008 6 7 12 51022.8 2.231 259.26 7.74 18.22 9.89 842.7
2008 6 8 12 51050.5 10.676 243.97 7.74 18.37 10.06 834.7
2008 6 9 12 51075.8 2.932 270.55 7.74 18.08 7.05 653.3
2008 6 10 12 51098.8 1.751 261.58 7.74 19.16 9.91 800.0
2008 6 11 12 51119.5 2.358 237.14 7.74 21.99 11.99 874.5
2008 6 12 12 51137.8 0.408 229.17 7.74 23.40 13.33 873.4
2008 6 13 12 51153.7 4.791 228.95 7.74 18.08 9.06 763.4
2008 6 14 12 51167.4 1.844 245.53 7.74 20.15 11.39 893.1
2008 6 15 12 51178.6 7.055 278.59 7.74 18.82 9.71 837.4
2008 6 16 12 51187.5 3.810 256.11 7.74 21.85 13.05 837.2
2008 6 17 12 51194.0 2.584 284.28 7.74 19.79 9.28 773.4
2008 6 18 12 51198.1 3.821 274.47 7.74 21.31 11.48 803.1
2008 6 19 12 51199.9 0.106 270.50 7.74 23.00 13.86 871.5
2008 6 20 12 51199.3 0.562 265.63 7.74 22.27 14.58 933.8
2008 6 21 12 51196.4 0.655 231.07 7.74 19.98 10.40 830.1
2008 6 22 12 51191.0 4.172 256.97 7.74 23.01 11.97 895.4
2008 6 23 12 51183.3 1.512 278.23 7.74 18.39 8.78 800.1
2008 6 24 12 51173.3 6.027 244.02 7.74 21.60 12.20 818.0
2008 6 25 12 51160.8 2.255 277.54 7.74 20.81 11.49 781.9
2008 6 26 12 51146.1 3.533 261.79 7.74 20.55 10.54 823.3
2008 6 27 12 51128.9 5.311 271.03 7.74 21.79 11.84 788.0
2008 6 28 12 51109.4 4.088 263.46 7.74 22.95 13.54 868.1
2008 6 29 12 51087.6 2.012 272.89 7.74 22.53 14.48 937.2
2008 6 30 12 51063.4 1.353 273.67 7.74 21.67 11.28 823.8
2008 7 1 12 51036.9 0.199 257.77 7.74 22.57 14.13 911.9
2008 7 2 12 51008.1 2.544 258.33 7.74 20.75 9.69 775.0
2008 7 3 12 50976.9 0.367 246.98 7.74 19.43 11.50 795.0
2008 7 4 12 50943.5 0.143 263.64 7.74 22.01 12.82 854.9
2008 7 5 12 50907.8 0.452 262.75 7.74 23.20 12.70 866.6
2008 7 6 12 50869.7 3.550 256.68 7.74 23.32 12.84 888.8
2008 7 7 12 50829.4 1.331 243.66 7.74 22.21 13.96 836.2
2008 7 8 12 50786.9 6.121 238.01 7.74 22.14 13.07 904.7
2008 7 9 12 50742.1 1.770 247.57 7.74 20.43 9.83 778.0
2008 7 10 12 50695.1 2.174 235.03 7.74 22.94 13.13 908.0
2008 7 11 12 50645.8 3.992 265.75 7.74 22.47 12.99 817.6
2008 7 12 12 50594.3 1.559 245.78 7.74 22.22 13.19 846.6
2008 7 13 12 50540.7 2.720 259.71 7.74 23.29 14.18 886.0
2008 7 14 12 50484.8 0.697 272.73 7.74 20.48 11.55 833.9
2008 7 15 12 50426.8 1.284 269.37 7.74 23.01 12.84 821.5
2008 7 16 12 50366.7 1.938 237.55 7.74 22.18 12.50 847.9
2008 7 17 12 50304.5 5.114 251.42 7.74 23.33 13.14 857.2
2008 7 18 12 50240.1 0.929 244.02 7.74 23.40 14.04 936.0
2008 7 19 12 50173.7 2.416 216.83 7.74 21.54 12.73 788.3
2008 7 20 12 50105.1 0.361 277.46 7.74 22.75 14.12 885.4
2008 7 21 12 50034.6 1.503 237.28 7.74 23.91 15.16 866.0
2008 7 22 12 49962.0 1.035 242.17 7.74 21.24 11.18 833.9
2008 7 23 12 49887.4 3.349 264.64 7.74 22.15 12.07 818.1
2008 7 24 12 49810.8 0.030 244.60 7.74 21.15 10.65 848.7
2008 7 25 12 49732.3 0.626 243.22 7.74 22.37 14.96 932.4
2008 7 26 12 49651.8 3.111 235.95 7.74 18.46 9.63 746.8
2008 7 27 12 49569.5 5.070 263.33 7.74 22.48 14.42 875.9
2008 7 28 12 49485.2 4.420 247.91 7.74 21.13 11.76 851.8
2008 7 29 12 49399.1 1.752 249.96 7.74 23.00 14.13 824.7
2008 7 30 12 49311.1 4.061 231.73 7.74 21.51 10.83 804.6
2008 7 31 12 49221.3 3.307 259.25 7.74 21.03 12.01 811.6
2008 8 1 12 49129.8 5.455 253.13 7.74 22.45 12.52 875.5
2008 8 2 12 49036.5 0.794 244.44 7.74 22.65 12.45 859.3
2008 8 3 12 48941.4 3.093 251.05 7.74 20.44 11.72 831.9
2008 8 4 12 48844.7 0.542 232.17 7.74 20.99 10.62 806.2
2008 8 5 12 48746.2 3.966 216.47 7.74 22.59 13.13 912.1
2008 8 6 12 48646.2 0.646 244.70 7.74 22.57 13.05 852.1
2008 8 7 12 48544.5 0.098 251.83 7.74 22.86 13.44 888.2
2008 8 8 12 48441.3 0.970 206.41 7.74 22.76 14.10 943.5
2008 8 9 12 48336.4 5.054 243.47 7.74 20.58 10.53 834.6
2008 8 10 12 48230.1 2.609 236.01 7.74 21.64 10.93 832.9
2008 8 11 12 48122.3 1.630 249.97 7.74 23.11 13.80 869.4
2008 8 12 12 48013.0 0.468 219.98 7.74 22.13 12.23 833.2
2008 8 13 12 47902.3 5.022 231.72 7.74 18.83 10.48 738.8
2008 8 14 12 47790.2 1.164 247.29 7.74 21.54 13.53 814.2
2008 8 15 12 47676.7 0.011 191.68 7.74 18.19 10.07 816.1
2008 8 16 12 47561.9 0.841 215.15 7.74 21.17 11.31 797.8
2008 8 17 12 47445.8 0.861 217.23 7.74 20.92 12.33 846.7
2008 8 18 12 47328.5 0.699 215.01 7.74 19.99 10.45 823.6
2008 8 19 12 47209.9 0.769 239.87 7.74 19.07 8.96 815.9
2008 8 20 12 47090.2 1.390 209.70 7.74 23.91 13.17 787.8
2008 8 21 12 46969.3 1.910 231.33 7.74 21.49 11.12 786.5
2008 8 22 12 46847.3 0.538 209.96 7.74 22.95 13.88 919.3
2008 8 23 12 46724.2 2.081 210.28 7.74 19.37 10.31 791.7
2008 8 24 12 46600.0 0.677 214.50 7.74 22.84 13.82 882.5
2008 8 25 12 46474.8 1.141 209.73 7.74 17.07 7.92 744.6
2008 8 26 12 46348.7 2.347 205.01 7.74 19.25 9.26 798.4
2008 8 27 12 46221.7 0.784 201.88 7.74 22.72 13.66 856.3
2008 8 28 12 46093.7 1.852 176.39 7.74 18.33 8.70 792.4
2008 8 29 12 45964.9 2.330 207.59 7.74 18.42 9.74 846.9
2008 8 30 12 45835.3 1.876 195.93 7.74 22.84 14.09 921.1
2008 8 31 12 45704.9 2.720 203.55 7.74 20.63 11.06 863.5
2008 9 1 12 45573.7 2.570 211.82 7.74 20.21 10.94 807.5
2008 9 2 12 45441.8 1.414 216.44 7.74 20.23 11.38 807.3
2008 9 3 12 45309.3 1.148 178.23 7.74 18.08 8.98 792.0
2008 9 4 12 45176.2 1.412 178.87 7.74 19.98 11.16 816.8
2008 9 5 12 45042.4 0.976 202.77 7.74 21.53 13.51 838.3
2008 9 6 12 44908.2 3.384 196.52 7.74 14.81 5.51 741.4
2008 9 7 12 44773.4 1.913 204.78 7.74 18.18 7.68 770.8
2008 9 8 12 44638.1 0.427 194.60 7.74 19.18 9.96 816.6
2008 9 9 12 44502.5 2.462 187.36 7.74 16.90 6.78 741.8
2008 9 10 12 44366.4 0.032 195.38 7.74 15.56 6.26 709.4
2008 9 11 12 44230.0 0.810 184.08 7.74 17.50 7.58 704.2
2008 9 12 12 44093.3 2.600 180.97 7.74 17.15 7.86 795.3
2008 9 13 12 43956.3 0.702 199.51 7.74 16.44 8.32 800.3
2008 9 14 12 43819.1 0.492 184.57 7.74 17.91 8.75 762.7
2008 9 15 12 43681.7 0.863 174.11 7.74 18.20 8.98 774.3
2008 9 16 12 43544.2 2.570 190.53 7.74 17.07 7.07 730.8
2008 9 17 12 43406.5 0.387 206.35 7.74 15.79 6.72 742.4
2008 9 18 12 43268.9 1.512 182.27 7.74 15.34 5.57 699.3
2008 9 19 12 43131.1 1.736 170.52 7.74 16.09 7.59 761.8
2008 9 20 12 42993.5 1.813 167.39 7.74 18.06 8.97 811.8
2008 9 21 12 42855.8 0.452 206.90 7.74 14.44 5.17 727.6
2008 9 22 12 42718.3 1.332 158.29 7.74 15.78 7.17 732.6
2008 9 23 12 42580.9 0.646 164.85 7.74 16.68 6.60 709.6
2008 9 24 12 42443.7 0.722 173.91 7.74 17.47 7.15 769.4
2008 9 25 12 42306.7 0.409 147.78 7.74 15.73 5.79 718.9
2008 9 26 12 42170.0 2.047 159.63 7.74 13.41 3.35 675.0
2008 9 27 12 42033.6 0.512 173.64 7.74 15.70 6.42 685.2
2008 9 28 12 41897.5 0.923 163.46 7.74 15.46 4.98 739.2
2008 9 29 12 41761.9 2.358 148.93 7.74 14.23 3.26 651.5
2008 9 30 12 41626.6 1.841 175.45 7.74 14.07 3.85 644.5
2008 10 1 12 41491.8 1.246 149.50 7.74 12.76 2.84 635.4
2008 10 2 12 41357.6 1.589 172.77 7.74 13.49 2.98 678.8
2008 10 3 12 41223.8 0.796 176.70 7.74 16.49 8.01 746.3
2008 10 4 12 41090.7 0.313 138.37 7.74 15.62 7.28 744.9
2008 10 5 12 40958.2 1.469 166.32 7.74 10.28 0.60 624.2
2008 10 6 12 40826.3 1.981 165.54 7.74 13.39 5.08 666.1
2008 10 7 12 40695.1 0.213 150.52 7.74 12.37 2.93 692.9
2008 10 8 12 40564.7 0.021 162.37 7.74 12.70 3.24 725.6
2008 10 9 12 40435.1 0.543 162.12 7.74 13.18 2.90 628.6
2008 10 10 12 40306.3 0.933 165.10 7.74 14.19 4.08 707.3
2008 10 11 12 40178.3 0.639 141.79 7.74 13.70 4.84 688.7
2008 10 12 12 40051.3 1.314 149.00 7.74 13.00 2.62 638.0
2008 10 13 12 39925.2 0.377 135.32 7.74 12.15 3.24 662.0
2008 10 14 12 39800.0 1.143 133.33 7.74 10.56 1.72 656.3
2008 10 15 12 39675.8 1.402 157.93 7.74 12.92 3.89 652.7
2008 10 16 12 39552.7 0.458 135.82 7.74 13.96 4.97 711.6
2008 10 17 12 39430.7 2.883 151.14 7.74 11.76 2.05 622.7
2008 10 18 12 39309.8 2.471 140.92 7.74 13.14 2.93 677.7
2008 10 19 12 39190.1 0.249 108.45 7.74 9.81 0.76 598.2
2008 10 20 12 39071.5 0.806 143.05 7.74 10.13 0.31 624.8
2008 10 21 12 38954.2 2.170 112.77 7.74 9.61 0.55 594.0
2008 10 22 12 38838.1 1.888 109.44 7.74 10.39 1.49 647.1
2008 10 23 12 38723.3 0.427 137.73 7.74 9.93 -0.43 572.0
2008 10 24 12 38609.8 0.237 131.50 7.74 9.21 -0.42 574.2
2008 10 25 12 38497.7 0.847 136.24 7.74 7.40 -2.08 594.6
2008 10 26 12 38387.0 1.191 132.74 7.74 11.91 3.42 646.4
2008 10 27 12 38277.7 4.591 117.22 7.74 9.10 -0.70 605.4
2008 10 28 12 38169.9 1.735 106.54 7.74 9.64 -0.62 619.3
2008 10 29 12 38063.6 1.950 113.26 7.74 7.36 -2.69 573.5
2008 10 30 12 37958.7 1.993 158.18 7.74 7.11 -2.84 459.5
2008 10 31 12 37855.5 1.423 127.89 7.74 7.47 -3.99 442.4
2008 11 1 12 37753.8 0.163 117.60 7.74 10.38 0.60 639.8
2008 11 2 12 37653.8 0.094 124.44 7.74 10.24 0.54 612.4
2008 11 3 12 37555.3 0.169 109.49 7.74 7.82 -2.04 594.6
2008 11 4 12 37458.6 0.664 125.58 7.74 9.23 -0.02 570.6
2008 11 5 12 37363.5 1.692 120.31 7.74 7.85 -2.79 510.4
2008 11 6 12 37270.2 0.658 122.40 7.74 8.62 0.08 627.3
2008 11 7 12 37178.7 0.786 123.21 7.74 8.01 -0.35 602.0
2008 11 8 12 37088.9 1.162 140.73 7.74 6.77 -1.54 621.5
2008 11 9 12 37000.9 1.269 131.16 7.74 4.96 -5.19 496.4
2008 11 10 12 36914.8 0.897 126.45 7.74 4.92 -4.69 475.9
2008 11 11 12 36830.5 2.070 131.34 7.74 4.68 -5.27 521.9
2008 11 12 12 36748.2 0.579 120.81 7.74 6.46 -2.76 536.1
2008 11 13 12 36667.7 0.069 118.87 7.74 6.88 -2.06 596.2
2008 11 14 12 36589.2 0.692 127.71 7.74 3.12 -6.46 512.9
2008 11 15 12 36512.6 3.205 92.17 7.74 6.46 -3.58 476.7
2008 11 16 12 36438.0 2.726 110.86 7.74 6.10 -4.30 522.8
2008 11 17 12 36365.4 1.159 108.27 7.74 4.09 -4.84 495.6
2008 11 18 12 36294.9 1.174 92.89 7.74 3.04 -7.64 478.2
2008 11 19 12 36226.3 2.420 119.76 7.74 5.11 -4.10 501.6
2008 11 20 12 36159.9 1.536 124.02 7.74 4.96 -3.62 552.2
2008 11 21 12 36095.5 0.249 126.33 7.74 5.61 -4.18 509.0
2008 11 22 12 36033.3 1.206 85.72 7.74 4.11 -5.21 524.1
2008 11 23 12 35973.2 0.156 92.81 7.74 3.41 -5.23 519.9
2008 11 24 12 35915.2 1.571 92.75 7.74 4.25 -4.55 512.5
2008 11 25 12 35859.3 0.015 111.18 7.74 3.33 -7.01 441.1
2008 11 26 12 35805.7 2.439 86.30 7.74 0.58 -7.55 478.6
2008 11 27 12 35754.2 0.271 113.93 7.74 3.62 -6.99 489.1
2008 11 28 12 35704.9 0.036 131.52 7.74 5.05 -4.15 483.2
2008 11 29 12 35657.9 0.710 92.70 7.74 3.43 -5.48 472.1
2008 11 30 12 35613.1 0.442 94.34 7.74 1.56 -8.04 445.1
2008 12 1 12 35570.6 0.661 96.78 7.74 3.23 -6.88 444.9
2008 12 2 12 35530.3 3.443 117.63 7.74 1.20 -8.90 407.4
2008 12 3 12 35492.2 1.177 90.58 7.74 2.02 -6.55 445.9
2008 12 4 12 35456.5 3.983 116.34 7.74 3.62 -4.29 513.0
2008 12 5 12 35423.1 0.857 108.48 7.74 2.71 -7.97 458.7
2008 12 6 12 35391.9 2.808 103.59 7.74 3.51 -6.44 484.2
2008 12 7 12 35363.1 0.600 92.05 7.74 2.65 -6.42 473.3
2008 12 8 12 35336.6 0.075 103.47 7.74 -0.88 -10.38 415.2
2008 12 9 12 35312.4 3.754 83.40 7.74 2.98 -5.48 495.5
2008 12 10 12 35290.6 0.735 110.49 7.74 2.48 -6.92 481.3
2008 12 11 12 35271.1 1.889 89.39 7.74 0.71 -9.06 415.3
2008 12 12 12 35253.9 2.804 109.92 7.74 -0.54 -11.66 341.6
2008 12 13 12 35239.2 6.142 104.40 7.74 1.31 -8.29 475.0
2008 12 14 12 35226.7 2.261 120.39 7.74 -0.27 -10.08 432.3
2008 12 15 12 35216.7 0.173 79.84 7.74 1.31 -8.60 418.0
2008 12 16 12 35209.0 0.939 88.09 7.74 -0.45 -10.08 404.4
2008 12 17 12 35203.6 2.997 110.91 7.74 2.48 -6.44 444.6
2008 12 18 12 35200.7 0.990 92.88 7.74 0.81 -7.87 447.2
2008 12 19 12 35200.1 3.179 95.79 7.74 0.89 -10.39 395.2
2008 12 20 12 35201.9 1.891 112.85 7.74 0.34 -8.24 419.2
2008 12 21 12 35206.0 1.144 101.70 7.74 -2.18 -11.46 353.3
2008 12 22 12 35212.5 5.454 107.64 7.74 -1.28 -10.24 432.8
2008 12 23 12 35221.4 0.422 103.69 7.74 1.97 -6.61 493.1
2008 12 24 12 35232.6 3.253 91.21 7.74 -1.65 -10.05 430.2
2008 12 25 12 35246.3 4.909 113.23 7.74 0.38 -10.36 420.6
2008 12 26 12 35262.2 0.575 99.55 7.74 -1.97 -11.34 401.2
2008 12 27 12 35280.5 1.009 87.92 7.74 -1.27 -11.22 385.8
2008 12 28 12 35301.2 3.710 73.54 7.74 -0.86 -10.00 348.1
2008 12 29 12 35324.2 4.031 108.31 7.74 -0.42 -10.27 379.2
2008 12 30 12 35349.5 1.849 115.47 7.74 2.26 -6.89 504.9
2008 12 31 12 35377.2 0.766 87.57 7.74 -1.16 -10.85 396.6
2009 1 1 12 35377.2 1.419 90.31 7.74 0.94 -9.67 388.3
2009 1 2 12 35407.2 1.190 89.47 7.74 -1.37 -10.88 369.4
2009 1 3 12 35439.5 7.899 101.54 7.74 -2.38 -11.96 345.5
2009 1 4 12 35474.1 0.170 109.56 7.74 0.03 -10.72 433.4
2009 1 5 12 35511.0 4.273 94.74 7.74 -0.96 -12.34 345.9
2009 1 6 12 35550.1 0.203 133.28 7.74 -0.82 -10.26 418.9
2009 1 7 12 35591.5 2.866 99.38 7.74 -0.18 -9.23 406.5
2009 1 8 12 35635.2 1.947 125.38 7.74 1.29 -9.44 390.4
2009 1 9 12 35681.2 0.932 110.13 7.74 0.08 -9.83 368.4
2009 1 10 12 35729.3 1.997 113.59 7.74 -0.44 -10.53 425.5
2009 1 11 12 35779.7 2.389 125.34 7.74 -1.06 -10.46 403.0
2009 1 12 12 35832.2 0.522 109.91 7.74 -1.54 -11.15 407.4
2009 1 13 12 35887.0 0.369 89.97 7.74 -0.58 -11.07 376.6
2009 1 14 12 35943.9 1.382 80.82 7.74 -4.11 -15.24 285.6
2009 1 15 12 36003.0 0.758 128.69 7.74 -0.08 -9.17 386.1
2009 1 16 12 36064.1 5.059 138.99 7.74 -0.30 -10.58 369.7
2009 1 17 12 36127.5 3.202 112.50 7.74 -0.56 -8.77 391.0
2009 1 18 12 36192.9 1.314 131.32 7.74 -0.87 -9.78 403.7
2009 1 19 12 36260.3 1.623 107.90 7.74 0.52 -8.09 423.0
2009 1 20 12 36329.9 1.074 90.82 7.74 -0.49 -10.09 392.8
2009 1 21 12 36401.5 4.100 92.01 7.74 -0.51 -10.16 309.0
2009 1 22 12 36475.1 0.285 116.59 7.74 -1.97 -10.74 376.0
2009 1 23 12 36550.6 0.938 106.37 7.74 -0.62 -9.81 450.7
2009 1 24 12 36628.2 1.403 129.22 7.74 -0.59 -11.01 389.6
2009 1 25 12 36707.7 1.348 124.12 7.74 0.61 -8.80 387.9
2009 1 26 12 36789.1 5.362 109.64 7.74 -2.23 -11.48 295.5
2009 1 27 12 36872.4 2.649 151.53 7.74 0.75 -9.50 324.2
2009 1 28 12 36957.6 7.276 90.50 7.74 -4.03 -12.37 338.1
2009 1 29 12 37044.7 2.247 139.99 7.74 0.05 -9.07 414.6
2009 1 30 12 37133.6 5.907 103.40 7.74 -1.83 -11.61 329.2
2009 1 31 12 37224.2 3.723 123.02 7.74 1.06 -7.95 485.0
2009 2 1 12 37316.7 8.158 132.87 7.74 1.24 -8.72 489.5
2009 2 2 12 37410.8 6.697 125.10 7.74 -0.20 -9.87 440.3
2009 2 3 12 37506.7 3.614 153.77 7.74 0.04 -9.23 428.0
2009 2 4 12 37604.3 1.722 86.80 7.74 -1.99 -10.41 406.3
2009 2 5 12 37703.6 0.609 129.34 7.74 0.10 -8.23 464.2
2009 2 6 12 37804.5 3.614 105.88 7.74 -3.40 -13.30 300.7
2009 2 7 12 37906.9 0.853 135.53 7.74 -2.83 -10.43 350.9
2009 2 8 12 38011.0 2.094 116.90 7.74 0.86 -8.64 426.6
2009 2 9 12 38116.5 0.811 140.09 7.74 -0.97 -8.19 448.3
2009 2 10 12 38223.6 2.349 135.40 7.74 -1.75 -11.46 420.8
2009 2 11 12 38332.2 3.175 129.90 7.74 -2.62 -12.09 388.8
2009 2 12 12 38442.2 3.006 129.97 7.74 -0.66 -11.70 363.9
2009 2 13 12 38553.6 2.869 140.24 7.74 0.46 -8.62 439.5
2009 2 14 12 38666.4 2.882 115.27 7.74 0.33 -9.95 408.8
2009 2 15 12 38780.5 2.367 145.54 7.74 0.74 -7.90 422.5
2009 2 16 12 38896.0 13.667 136.66 7.74 -3.37 -12.97 397.0
2009 2 17 12 39012.7 0.345 159.39 7.74 -1.39 -11.10 303.0
2009 2 18 12 39130.6 2.632 149.39 7.74 -0.39 -10.41 378.3
2009 2 19 12 39249.8 7.590 137.11 7.74 -1.01 -11.06 329.0
2009 2 20 12 39370.1 1.323 142.16 7.74 0.96 -9.42 367.6
2009 2 21 12 39491.6 2.862 146.17 7.74 -0.18 -9.56 435.2
2009 2 22 12 39614.2 7.811 121.02 7.74 0.40 -9.39 432.9
2009 2 23 12 39737.8 1.832 144.30 7.74 -1.17 -11.33 392.5
2009 2 24 12 39862.5 8.201 146.83 7.74 1.32 -7.78 478.7
2009 2 25 12 39988.1 2.286 141.30 7.74 1.85 -8.02 413.9
2009 2 26 12 40114.7 3.854 146.44 7.74 1.89 -6.47 467.9
2009 2 27 12 40242.2 3.166 125.13 7.74 0.65 -8.87 450.2
2009 2 28 12 40370.6 2.601 154.40 7.74 2.20 -7.91 423.9
2009 3 1 12 40499.8 2.852 145.08 7.74 0.47 -8.62 406.0
2009 3 2 12 40629.8 0.973 152.10 7.74 0.26 -8.41 435.6
2009 3 3 12 40760.6 3.776 156.31 7.74 3.87 -4.15 593.1
2009 3 4 12 40892.1 1.951 151.84 7.74 0.50 -8.87 467.0
2009 3 5 12 41024.3 2.662 164.17 7.74 1.45 -8.04 467.8
2009 3 6 12 41157.2 2.313 176.36 7.74 -0.27 -9.40 398.9
2009 3 7 12 41290.6 4.640 169.49 7.74 1.88 -6.84 487.5
2009 3 8 12 41424.6 2.752 153.39 7.74 1.52 -8.24 426.5
2009 3 9 12 41559.2 4.319 162.13 7.74 1.48 -7.58 467.3
2009 3 10 12 41694.2 1.458 185.51 7.74 2.42 -6.65 424.2
2009 3 11 12 41829.7 1.353 182.38 7.74 4.68 -4.63 494.8
2009 3 12 12 41965.5 4.367 192.83 7.74 1.19 -7.37 449.8
2009 3 13 12 42101.8 7.499 169.86 7.74 5.31 -4.28 548.3
2009 3 14 12 42238.3 1.027 166.77 7.74 1.07 -7.29 506.1
2009 3 15 12 42375.2 0.100 172.21 7.74 3.84 -5.26 496.6
2009 3 16 12 42512.3 0.703 163.34 7.74 2.99 -7.37 490.0
2009 3 17 12 42649.6 2.540 186.66 7.74 4.18 -6.30 457.1
2009 3 18 12 42787.0 0.126 174.34 7.74 4.14 -4.85 504.5
2009 3 19 12 42924.6 2.946 177.48 7.74 2.92 -7.04 472.5
2009 3 20 12 43062.3 0.316 203.32 7.74 5.28 -4.28 569.8
2009 3 21 12 43200.0 1.369 190.45 7.74 4.23 -5.76 476.2
2009 3 22 12 43337.7 13.363 203.21 7.74 2.68 -6.16 499.8
2009 3 23 12 43475.4 6.904 178.53 7.74 5.56 -5.12 424.1
2009 3 24 12 43613.0 1.241 186.19 7.74 5.61 -3.27 545.4
2009 3 25 12 43750.4 3.329 210.71 7.74 9.18 -1.30 578.4
2009 3 26 12 43887.7 2.830 207.41 7.74 8.22 -1.09 544.6
2009 3 27 12 44024.8 2.448 169.44 7.74 7.17 -1.76 563.8
2009 3 28 12 44161.7 15.822 192.62 7.74 5.35 -2.46 563.9
2009 3 29 12 44298.2 0.993 194.49 7.74 7.15 -1.67 551.1
2009 3 30 12 44434.5 4.004 175.95 7.74 7.57 -1.47 556.7
2009 3 31 12 44570.3 2.817 219.67 7.74 3.98 -3.52 549.7
2009 4 1 12 44705.8 0.302 205.29 7.74 6.54 -2.66 519.8
2009 4 2 12 44840.8 6.238 174.47 7.74 4.79 -4.92 477.6
2009 4 3 12 44975.4 0.391 188.46 7.74 5.50 -4.21 561.8
2009 4 4 12 45109.4 0.108 202.44 7.74 7.43 -1.82 532.7
2009 4 5 12 45242.8 0.593 178.45 7.74 8.92 -1.12 562.7
2009 4 6 12 45375.7 0.233 219.42 7.74 10.49 1.07 568.0
2009 4 7 12 45507.9 3.999 187.38 7.74 6.06 -4.31 522.8
2009 4 8 12 45639.4 2.682 181.01 7.74 8.25 -1.09 625.6
2009 4 9 12 45770.2 1.420 205.00 7.74 5.40 -4.62 503.9
2009 4 10 12 45900.2 0.220 194.05 7.74 9.34 -0.81 595.9
2009 4 11 12 46029.4 1.905 192.88 7.74 7.36 -3.07 482.7
2009 4 12 12 46157.8 4.156 201.13 7.74 12.10 1.94 628.1
2009 4 13 12 46285.3 1.409 197.96 7.74 10.15 0.80 628.3
2009 4 14 12 46411.9 6.439 204.39 7.74 11.27 2.64 624.7
2009 4 15 12 46537.5 6.856 195.29 7.74 9.74 -0.03 584.3
2009 4 16 12 46662.2 10.492 203.87 7.74 9.75 1.64 631.9
2009 4 17 12 46785.8 0.632 206.72 7.74 11.43 1.06 670.2
2009 4 18 12 46908.4 0.435 215.37 7.74 12.51 4.59 761.2
2009 4 19 12 47029.9 6.321 236.88 7.74 9.41 -0.22 620.3
2009 4 20 12 47150.2 8.197 229.21 7.74 13.23 1.51 655.7
2009 4 21 12 47269.4 0.944 230.50 7.74 9.17 -0.16 582.5
2009 4 22 12 47387.3 2.174 190.70 7.74 14.11 2.82 590.7
2009 4 23 12 47504.0 2.548 245.47 7.74 9.47 -0.70 579.2
2009 4 24 12 47619.5 1.160 242.80 7.74 11.15 3.09 718.7
2009 4 25 12 47733.6 5.506 237.56 7.74 11.57 3.36 682.1
2009 4 26 12 47846.4 2.345 234.86 7.74 12.82 4.45 677.4
2009 4 27 12 47957.8 2.200 234.51 7.74 13.89 3.62 649.2
2009 4 28 12 48067.8 2.162 216.48 7.74 10.67 0.43 613.1
2009 4 29 12 48176.4 0.114 232.19 7.74 10.53 0.72 604.9
2009 4 30 12 48283.5 0.495 250.31 7.74 13.01 2.77 669.0
2009 5 1 12 48389.0 4.208 235.96 7.74 10.75 -0.25 537.0
2009 5 2 12 48493.1 1.146 217.04 7.74 12.30 3.16 680.3
2009 5 3 12 48595.5 0.289 235.48 7.74 12.92 3.96 714.9
2009 5 4 12 48696.4 0.717 200.87 7.74 16.57 6.67 769.2
2009 5 5 12 48795.7 2.107 244.42 7.74 15.10 4.48 682.1
2009 5 6 12 48893.3 0.411 223.48 7.74 14.72 6.92 754.7
2009 5 7 12 48989.2 6.400 227.50 7.74 14.74 5.34 679.8
2009 5 8 12 49083.3 0.661 248.99 7.74 16.78 7.64 796.9
2009 5 9 12 49175.8 1.172 247.75 7.74 12.97 2.40 671.3
2009 5 10 12 49266.4 13.218 230.97 7.74 15.42 6.52 702.8
2009 5 11 12 49355.3 1.134 231.36 7.74 12.80 4.53 729.5
2009 5 12 12 49442.4 0.305 255.39 7.74 15.32 5.26 661.7
2009 5 13 12 49527.6 4.848 249.43 7.74 15.27 6.13 751.3
2009 5 14 12 49610.9 9.084 247.34 7.74 16.38 6.30 760.8
2009 5 15 12 49692.3 6.394 246.89 7.74 19.68 10.07 777.6
2009 5 16 12 49771.8 5.785 243.70 7.74 16.43 6.50 722.4
2009 5 17 12 49849.4 0.752 281.18 7.74 14.30 4.51 674.2
2009 5 18 12 49924.9 8.822 244.91 7.74 18.47 9.79 825.3
2009 5 19 12 49998.5 8.682 256.80 7.74 14.59 5.27 715.8
2009 5 20 12 50070.1 0.264 268.66 7.74 15.50 6.68 731.8
2009 5 21 12 50139.7 8.883 248.12 7.74 17.08 8.11 744.5
2009 5 22 12 50207.1 6.069 243.96 7.74 16.99 7.38 715.0
2009 5 23 12 50272.5 1.088 244.31 7.74 16.68 7.72 743.0
2009 5 24 12 50335.9 1.288 251.07 7.74 17.85 8.49 759.2
2009 5 25 12 50397.0 0.429 241.65 7.74 17.36 7.59 738.7
2009 5 26 12 50456.1 4.418 223.26 7.74 18.96 10.07 835.0
2009 5 27 12 50513.0 1.241 235.00 7.74 15.53 5.95 710.5
2009 5 28 12 50567.8 0.299 263.99 7.74 15.59 6.26 732.6
2009 5 29 12 50620.3 1.853 249.36 7.74 16.27 7.53 757.0
2009 5 30 12 50670.7 7.674 271.79 7.74 19.41 10.46 842.3
2009 5 31 12 50718.8 5.828 246.10 7.74 18.78 9.12 784.1
2009 6 1 12 50764.8 0.421 248.37 7.74 16.98 8.34 759.6
2009 6 2 12 50808.5 1.983 272.41 7.74 18.51 8.52 769.3
2009 6 3 12 50849.9 0.072 242.95 7.74 18.12 9.37 772.1
2009 6 4 12 50889.0 0.832 276.75 7.74 20.72 10.21 813.6
2009 6 5 12 50925.9 1.803 257.53 7.74 21.44 12.27 786.1
2009 6 6 12 50960.5 4.424 263.07 7.74 19.33 10.89 812.6
2009 6 7 12 50992.8 3.280 244.55 7.74 20.31 13.22 857.5
2009 6 8 12 51022.8 1.055 237.90 7.74 17.32 8.56 737.4
2009 6 9 12 51050.5 5.286 264.47 7.74 20.25 11.74 852.5
2009 6 10 12 51075.8 0.779 271.97 7.74 16.83 6.45 707.4
2009 6 11 12 51098.8 8.774 275.93 7.74 20.11 10.10 806.2
2009 6 12 12 51119.5 1.393 281.70 7.74 19.26 9.75 789.8
2009 6 13 12 51137.8 3.724 260.66 7.74 20.36 10.97 849.9
2009 6 14 12 51153.7 0.392 247.28 7.74 21.03 11.06 859.0
2009 6 15 12 51167.4 0.263 286.65 7.74 19.48 10.20 773.0
2009 6 16 12 51178.6 1.629 263.14 7.74 21.10 10.63 766.4
2009 6 17 12 51187.5 0.902 264.06 7.74 19.08 9.20 834.4
2009 6 18 12 51194.0 0.438 250.43 7.74 20.88 12.63 896.0
2009 6 19 12 51198.1 5.388 284.97 7.74 20.02 11.66 840.1
2009 6 20 12 51199.9 6.017 267.83 7.74 21.35 11.52 854.6
2009 6 21 12 51199.3 1.029 256.95 7.74 21.65 12.82 850.7
2009 6 22 12 51196.4 0.108 259.59 7.74 21.13 12.51 856.7
2009 6 23 12 51191.0 1.284 305.11 7.74 20.39 10.46 761.6
2009 6 24 12 51183.3 2.766 298.15 7.74 22.56 12.57 853.3
2009 6 25 12 51173.3 2.979 262.95 7.74 20.73 11.58 841.3
2009 6 26 12 51160.8 3.035 243.89 7.74 19.35 11.15 850.0
2009 6 27 12 51146.1 4.587 254.33 7.74 21.04 12.64 878.9
2009 6 28 12 51128.9 4.286 263.37 7.74 21.70 12.83 841.8
2009 6 29 12 51109.4 1.725 248.34 7.74 22.18 11.66 837.4
2009 6 30 12 51087.6 1.562 252.58 7.74 21.47 13.05 886.8
2009 7 1 12 51063.4 7.118 249.79 7.74 22.85 12.92 861.7
2009 7 2 12 51036.9 1.164 265.67 7.74 21.12 11.23 803.1
2009 7 3 12 51008.1 1.468 268.12 7.74 22.73 12.88 764.6
2009 7 4 12 50976.9 1.901 285.18 7.74 21.66 12.98 846.2
2009 7 5 12 50943.5 1.993 272.64 7.74 21.03 11.15 816.4
2009 7 6 12 50907.8 2.796 270.92 7.74 24.13 15.84 954.0
2009 7 7 12 50869.7 2.098 232.31 7.74 22.70 12.45 882.4
2009 7 8 12 50829.4 3.928 250.21 7.74 25.03 16.53 958.8
2009 7 9 12 50786.9 0.905 247.89 7.74 20.66 9.48 794.0
2009 7 10 12 50742.1 1.657 244.38 7.74 22.93 13.30 867.8
2009 7 11 12 50695.1 0.406 265.99 7.74 21.03 11.90 821.6
2009 7 12 12 50645.8 0.620 243.63 7.74 21.20 12.87 837.3
2009 7 13 12 50594.3 4.229 249.29 7.74 20.84 11.21 864.0
2009 7 14 12 50540.7 5.822 243.34 7.74 24.05 14.77 884.5
2009 7 15 12 50484.8 8.994 243.68 7.74 24.76 15.21 917.8
2009 7 16 12 50426.8 3.590 247.85 7.74 22.43 12.81 766.5
2009 7 17 12 50366.7 2.755 298.59 7.74 23.13 13.95 894.8
2009 7 18 12 50304.5 0.479 261.26 7.74 23.26 14.21 882.2
2009 7 19 12 50240.1 2.620 262.71 7.74 22.97 14.09 864.7
2009 7 20 12 50173.7 2.797 252.39 7.74 22.42 12.83 855.0
2009 7 21 12 50105.1 0.930 276.59 7.74 22.23 12.36 857.3
2009 7 22 12 50034.6 2.195 241.82 7.74 20.54 12.52 835.9
2009 7 23 12 49962.0 1.751 279.32 7.74 20.65 10.41 784.9
2009 7 24 12 49887.4 0.720 272.29 7.74 23.90 14.73 957.5
2009 7 25 12 49810.8 0.129 274.18 7.74 22.70 12.95 919.6
2009 7 26 12 49732.3 4.242 250.13 7.74 22.95 14.04 910.0
2009 7 27 12 49651.8 0.104 241.80 7.74 22.15 12.11 832.2
2009 7 28 12 49569.5 0.365 225.93 7.74 24.52 15.54 906.8
2009 7 29 12 49485.2 0.127 216.47 7.74 21.06 12.11 824.1
2009 7 30 12 49399.1 5.507 265.98 7.74 21.71 10.46 761.4
2009 7 31 12 49311.1 0.078 251.55 7.74 22.65 12.66 886.9
2009 8 1 12 49221.3 0.332 284.42 7.74 22.85 13.57 855.1
2009 8 2 12 49129.8 1.126 234.60 7.74 22.48 13.10 849.8
2009 8 3 12 49036.5 0.192 235.37 7.74 21.76 11.63 811.8
2009 8 4 12 48941.4 3.905 236.41 7.74 22.35 11.54 826.4
2009 8 5 12 48844.7 0.611 205.93 7.74 22.36 11.88 836.6
2009 8 6 12 48746.2 2.268 230.53 7.74 23.84 15.83 908.9
2009 8 7 12 48646.2 2.000 223.56 7.74 21.95 13.73 888.5
2009 8 8 12 48544.5 0.877 228.11 7.74 22.30 12.86 866.3
2009 8 9 12 48441.3 3.566 241.91 7.74 20.52 10.55 850.2
2009 8 10 12 48336.4 0.455 211.53 7.74 23.04 12.98 824.8
2009 8 11 12 48230.1 1.387 216.89 7.74 20.94 10.74 799.3
2009 8 12 12 48122.3 0.205 243.02 7.74 23.18 13.19 854.4
2009 8 13 12 48013.0 1.391 200.69 7.74 22.27 12.34 834.9
2009 8 14 12 47902.3 0.863 245.00 7.74 22.30 11.75 862.3
2009 8 15 12 47790.2 1.084 219.05 7.74 22.04 12.49 866.4
2009 8 16 12 47676.7 1.555 227.64 7.74 23.57 13.39 821.5
2009 8 17 12 47561.9 1.348 214.11 7.74 20.92 11.98 834.6
2009 8 18 12 47445.8 1.945 216.01 7.74 21.94 12.55 797.6
2009 8 19 12 47328.5 1.579 223.18 7.74 20.19 10.70 813.9
2009 8 20 12 47209.9 4.401 240.40 7.74 18.76 9.18 801.7
2009 8 21 12 47090.2 1.336 216.65 7.74 20.49 11.84 861.1
2009 8 22 12 46969.3 4.531 206.89 7.74 18.23 10.47 803.6
2009 8 23 12 46847.3 2.778 218.09 7.74 20.21 10.50 852.4
2009 8 24 12 46724.2 1.410 213.05 7.74 19.27 11.38 791.8
2009 8 25 12 46600.0 1.174 215.66 7.74 17.33 7.37 730.5
2009 8 26 12 46474.8 1.821 217.58 7.74 21.97 11.59 869.1
2009 8 27 12 46348.7 5.522 189.66 7.74 20.71 11.23 838.8
2009 8 28 12 46221.7 0.685 212.57 7.74 18.49 10.08 844.5
2009 8 29 12 46093.7 3.428 201.36 7.74 22.26 13.73 890.4
2009 8 30 12 45964.9 0.611 190.96 7.74 20.32 9.67 801.0
2009 8 31 12 45835.3 3.014 181.20 7.74 17.86 8.86 805.5
2009 9 1 12 45704.9 0.071 187.81 7.74 20.45 11.40 824.5
2009 9 2 12 45573.7 0.048 205.80 7.74 17.76 9.08 730.7
2009 9 3 12 45441.8 1.206 189.74 7.74 19.13 9.10 772.0
2009 9 4 12 45309.3 0.768 206.47 7.74 20.26 10.79 837.8
2009 9 5 12 45176.2 0.309 233.50 7.74 19.34 11.22 803.2
2009 9 6 12 45042.4 1.801 174.18 7.74 19.79 10.45 771.3
2009 9 7 12 44908.2 1.430 197.89 7.74 18.69 8.52 747.9
2009 9 8 12 44773.4 4.156 211.63 7.74 18.64 8.94 812.4
2009 9 9 12 44638.1 0.724 210.82 7.74 20.35 10.94 837.3
2009 9 10 12 44502.5 2.652 190.19 7.74 18.20 10.33 789.6
2009 9 11 12 44366.4 1.120 182.03 7.74 16.42 6.84 745.7
2009 9 12 12 44230.0 0.102 198.64 7.74 16.82 6.77 738.5
2009 9 13 12 44093.3 2.606 183.82 7.74 17.68 8.13 746.6
2009 9 14 12 43956.3 1.204 197.35 7.74 18.18 8.62 851.8
2009 9 15 12 43819.1 0.726 189.52 7.74 16.31 5.00 672.5
2009 9 16 12 43681.7 0.130 188.42 7.74 18.22 9.17 778.3
2009 9 17 12 43544.2 0.671 185.56 7.74 17.03 7.14 774.0
2009 9 18 12 43406.5 0.835 177.24 7.74 18.39 9.86 742.4
2009 9 19 12 43268.9 0.988 167.42 7.74 18.28 10.44 825.8
2009 9 20 12 43131.1 0.302 191.92 7.74 15.42 5.49 639.2
2009 9 21 12 42993.5 1.801 165.89 7.74 16.22 6.00 729.8
2009 9 22 12 42855.8 0.536 168.42 7.74 15.51 6.30 751.6
2009 9 23 12 42718.3 0.771 155.56 7.74 15.50 5.97 748.3
2009 9 24 12 42580.9 2.580 152.03 7.74 13.45 4.86 722.4
2009 9 25 12 42443.7 0.511 173.99 7.74 13.80 7.20 737.5
2009 9 26 12 42306.7 1.292 186.56 7.74 13.99 5.77 722.4
2009 9 27 12 42170.0 1.677 188.17 7.74 14.37 4.65 712.4
2009 9 28 12 42033.6 4.671 173.29 7.74 17.38 7.62 739.4
2009 9 29 12 41897.5 0.794 170.95 7.74 13.51 3.88 666.2
2009 9 30 12 41761.9 0.759 187.09 7.74 14.84 5.77 706.7
2009 10 1 12 41626.6 0.542 184.17 7.74 17.08 7.59 711.6
2009 10 2 12 41491.8 0.413 147.66 7.74 14.29 4.81 668.9
2009 10 3 12 41357.6 0.363 138.83 7.74 14.89 6.36 752.4
2009 10 4 12 41223.8 0.527 167.79 7.74 12.59 2.77 675.1
2009 10 5 12 41090.7 3.007 152.59 7.74 14.22 5.67 700.9
2009 10 6 12 40958.2 2.419 143.93 7.74 11.59 3.61 631.3
2009 10 7 12 40826.3 1.159 169.42 7.74 11.46 3.82 701.1
2009 10 8 12 40695.1 0.907 165.47 7.74 12.44 3.84 704.1
2009 10 9 12 40564.7 0.153 121.87 7.74 13.59 3.31 705.4
2009 10 10 12 40435.1 2.834 158.26 7.74 10.71 1.14 604.1
2009 10 11 12 40306.3 0.480 161.74 7.74 9.97 0.19 625.9
2009 10 12 12 40178.3 1.089 143.14 7.74 9.77 0.75 598.8
2009 10 13 12 40051.3 0.102 152.09 7.74 8.09 -1.49 523.6
2009 10 14 12 39925.2 2.131 136.76 7.74 9.88 0.31 599.9
2009 10 15 12 39800.0 0.908 137.48 7.74 10.62 0.07 620.3
2009 10 16 12 39675.8 0.855 149.99 7.74 11.80 0.97 662.8
2009 10 17 12 39552.7 0.482 143.81 7.74 8.36 -0.91 572.5
2009 10 18 12 39430.7 0.819 117.06 7.74 10.81 1.93 637.7
2009 10 19 12 39309.8 1.721 138.07 7.74 10.18 1.01 545.3
2009 10 20 12 39190.1 0.457 161.58 7.74 9.59 -0.34 573.5
2009 10 21 12 39071.5 4.202 159.35 7.74 8.74 -0.24 599.7
2009 10 22 12 38954.2 1.883 124.62 7.74 10.03 -0.39 565.0
2009 10 23 12 38838.1 1.282 131.12 7.74 8.03 -1.93 550.8
2009 10 24 12 38723.3 1.892 157.55 7.74 7.91 -0.34 524.8
2009 10 25 12 38609.8 0.251 127.18 7.74 9.00 -1.30 555.7
2009 10 26 12 38497.7 0.134 124.97 7.74 7.15 -1.95 554.5
2009 10 27 12 38387.0 1.455 132.48 7.74 9.26 -1.53 587.8
2009 10 28 12 38277.7 1.307 116.91 7.74 8.78 -0.88 600.5
2009 10 29 12 38169.9 1.558 126.65 7.74 7.46 -1.10 568.1
2009 10 30 12 38063.6 1.128 139.17 7.74 9.19 -0.52 597.2
2009 10 31 12 37958.7 1.286 103.27 7.74 9.39 0.15 627.9
2009 11 1 12 37855.5 5.597 99.85 7.74 8.09 -1.72 574.3
2009 11 2 12 37753.8 0.864 89.31 7.74 8.30 -1.42 570.8
2009 11 3 12 37653.8 0.584 117.46 7.74 5.65 -3.43 517.3
2009 11 4 12 37555.3 0.564 108.70 7.74 7.58 -1.71 535.4
2009 11 5 12 37458.6 1.287 145.88 7.74 6.07 -2.63 537.3
2009 11 6 12 37363.5 0.447 87.48 7.74 6.59 -1.64 539.8
2009 11 7 12 37270.2 0.252 108.51 7.74 9.44 -0.81 623.3
2009 11 8 12 37178.7 1.593 122.31 7.74 6.46 -3.52 502.1
2009 11 9 12 37088.9 2.295 97.35 7.74 10.10 -0.01 642.4
2009 11 10 12 37000.9 1.516 138.49 7.74 4.52 -4.95 554.5
2009 11 11 12 36914.8 3.040 136.41 7.74 6.14 -2.55 536.3
2009 11 12 12 36830.5 1.735 117.13 7.74 3.27 -7.20 465.8
2009 11 13 12 36748.2 1.611 128.91 7.74 4.12 -5.47 480.2
2009 11 14 12 36667.7 0.995 96.45 7.74 7.58 -2.32 563.6
2009 11 15 12 36589.2 5.098 123.48 7.74 6.25 -5.83 471.9
2009 11 16 12 36512.6 0.185 116.86 7.74 5.33 -4.15 504.4
2009 11 17 12 36438.0 1.815 125.28 7.74 3.28 -6.46 538.6
2009 11 18 12 36365.4 3.034 123.02 7.74 4.19 -6.24 498.4
2009 11 19 12 36294.9 0.092 107.40 7.74 1.73 -8.50 404.3
2009 11 20 12 36226.3 3.363 117.53 7.74 6.43 -2.40 549.2
2009 11 21 12 36159.9 0.521 114.73 7.74 4.16 -5.84 473.8
2009 11 22 12 36095.5 0.029 100.98 7.74 0.99 -8.21 373.7
2009 11 23 12 36033.3 0.530 89.60 7.74 3.33 -5.66 513.7
2009 11 24 12 35973.2 0.271 75.29 7.74 2.44 -5.59 428.6
2009 11 25 12 35915.2 0.267 112.66 7.74 3.49 -7.10 479.5
2009 11 26 12 35859.3 0.391 120.58 7.74 2.29 -6.27 481.6
2009 11 27 12 35805.7 0.060 103.89 7.74 2.00 -6.03 454.8
2009 11 28 12 35754.2 2.114 105.09 7.74 1.33 -7.26 420.8
2009 11 29 12 35704.9 1.358 93.68 7.74 1.44 -9.35 390.0
2009 11 30 12 35657.9 0.646 101.68 7.74 1.33 -6.78 510.4
2009 12 1 12 35613.1 0.548 97.05 7.74 2.21 -7.70 481.1
2009 12 2 12 35570.6 1.604 96.96 7.74 1.58 -7.91 424.4
2009 12 3 12 35530.3 1.603 108.97 7.74 1.22 -7.57 447.6
2009 12 4 12 35492.2 0.024 140.78 7.74 2.19 -7.22 453.6
2009 12 5 12 35456.5 0.280 99.63 7.74 4.87 -4.27 487.6
2009 12 6 12 35423.1 0.899 121.02 7.74 4.02 -6.14 504.1
2009 12 7 12 35391.9 0.877 96.36 7.74 0.35 -7.82 425.7
2009 12 8 12 35363.1 0.633 143.77 7.74 1.14 -7.15 478.0
2009 12 9 12 35336.6 2.151 92.37 7.74 0.26 -8.77 422.0
2009 12 10 12 35312.4 1.405 106.68 7.74 0.76 -8.38 449.3
2009 12 11 12 35290.6 1.954 89.58 7.74 -1.12 -9.59 387.8
2009 12 12 12 35271.1 0.210 121.27 7.74 -0.63 -10.70 406.8
2009 12 13 12 35253.9 0.081 85.66 7.74 0.73 -9.05 398.1
2009 12 14 12 35239.2 0.287 104.08 7.74 -0.28 -8.82 447.0
2009 12 15 12 35226.7 0.917 86.90 7.74 0.88 -8.86 407.5
2009 12 16 12 35216.7 1.509 122.72 7.74 0.92 -9.91 407.8
2009 12 17 12 35209.0 1.748 88.95 7.74 2.98 -6.66 416.3
2009 12 18 12 35203.6 1.185 65.03 7.74 -1.72 -11.76 361.3
2009 12 19 12 35200.7 1.295 102.17 7.74 -1.78 -11.74 338.9
2009 12 20 12 35200.1 0.379 112.26 7.74 0.71 -8.54 450.7
2009 12 21 12 35201.9 5.030 84.54 7.74 -1.34 -9.69 435.4
2009 12 22 12 35206.0 0.765 123.05 7.74 2.35 -8.17 439.5
2009 12 23 12 35212.5 1.158 105.48 7.74 -2.60 -10.84 339.8
2009 12 24 12 35221.4 0.393 106.67 7.74 -0.46 -9.12 472.2
2009 12 25 12 35232.6 13.380 78.13 7.74 -4.11 -14.54 317.9
2009 12 26 12 35246.3 0.720 99.45 7.74 -1.28 -11.12 338.0
2009 12 27 12 35262.2 0.721 99.54 7.74 -0.64 -9.48 438.3
2009 12 28 12 35280.5 2.521 106.53 7.74 1.46 -7.68 434.3
2009 12 29 12 35301.2 2.155 127.55 7.74 -1.66 -11.40 331.5
2009 12 30 12 35324.2 0.262 81.27 7.74 -1.55 -10.24 409.9
2009 12 31 12 35349.5 3.467 107.44 7.74 -3.74 -13.29 346.6
