09107000 1995 1 1 328.9490 A
09107000 1995 1 2 432.8720 A
09107000 1995 1 3 264.3414 A
09107000 1995 1 4 223.8025 A
09107000 1995 1 5 201.7938 A
09107000 1995 1 6 172.0531 A
09107000 1995 1 7 217.6661 A
09107000 1995 1 8 260.6312 A
09107000 1995 1 9 294.4154 A
09107000 1995 1 10 229.7775 A
09107000 1995 1 11 292.9804 A
09107000 1995 1 12 253.8295 A
09107000 1995 1 13 214.8230 A
09107000 1995 1 14 220.0598 A
09107000 1995 1 15 182.7251 A
09107000 1995 1 16 214.5237 A
09107000 1995 1 17 237.2638 A
09107000 1995 1 18 233.7315 A
09107000 1995 1 19 355.8022 A
09107000 1995 1 20 179.2730 A
09107000 1995 1 21 183.8584 A
09107000 1995 1 22 348.1486 A
09107000 1995 1 23 185.3581 A
09107000 1995 1 24 189.8391 A
09107000 1995 1 25 222.2612 A
09107000 1995 1 26 235.2437 A
09107000 1995 1 27 160.5887 A
09107000 1995 1 28 160.2648 A
09107000 1995 1 29 177.3124 A
09107000 1995 1 30 134.1365 A
09107000 1995 1 31 168.0019 A
09107000 1995 2 1 205.8265 A
09107000 1995 2 2 111.9757 A
09107000 1995 2 3 76.1612 A
09107000 1995 2 4 113.1416 A
09107000 1995 2 5 144.5771 A
09107000 1995 2 6 66.3918 A
09107000 1995 2 7 68.6532 A
09107000 1995 2 8 93.3796 A
09107000 1995 2 9 62.0873 A
09107000 1995 2 10 32.6987 A
09107000 1995 2 11 90.1791 A
09107000 1995 2 12 64.6807 A
09107000 1995 2 13 33.9409 A
09107000 1995 2 14 12.2852 A
09107000 1995 2 15 11.4072 A
09107000 1995 2 16 1.3080 A
09107000 1995 2 17 25.3255 A
09107000 1995 2 18 18.1226 A
09107000 1995 2 19 47.9559 A
09107000 1995 2 20 98.0627 A
09107000 1995 2 21 37.7377 A
09107000 1995 2 22 1.3080 A
09107000 1995 2 23 1.3080 A
09107000 1995 2 24 1.7345 A
09107000 1995 2 25 225.0176 A
09107000 1995 2 26 242.7502 A
09107000 1995 2 27 41.6320 A
09107000 1995 2 28 176.5078 A
09107000 1995 3 1 113.0682 A
09107000 1995 3 2 194.4436 A
09107000 1995 3 3 56.7070 A
09107000 1995 3 4 127.2088 A
09107000 1995 3 5 72.7343 A
09107000 1995 3 6 27.0065 A
09107000 1995 3 7 40.6067 A
09107000 1995 3 8 135.4604 A
09107000 1995 3 9 98.2645 A
09107000 1995 3 10 132.7754 A
09107000 1995 3 11 41.1870 A
09107000 1995 3 12 217.6605 A
09107000 1995 3 13 108.5108 A
09107000 1995 3 14 50.7954 A
09107000 1995 3 15 146.4711 A
09107000 1995 3 16 102.4737 A
09107000 1995 3 17 57.3089 A
09107000 1995 3 18 96.0776 A
09107000 1995 3 19 17.8363 A
09107000 1995 3 20 152.9989 A
09107000 1995 3 21 85.0578 A
09107000 1995 3 22 58.9174 A
09107000 1995 3 23 53.7248 A
09107000 1995 3 24 169.1299 A
09107000 1995 3 25 211.9239 A
09107000 1995 3 26 45.3065 A
09107000 1995 3 27 72.9370 A
09107000 1995 3 28 101.8429 A
09107000 1995 3 29 157.3347 A
09107000 1995 3 30 138.9181 A
09107000 1995 3 31 92.1912 A
09107000 1995 4 1 123.1391 A
09107000 1995 4 2 28.7963 A
09107000 1995 4 3 56.3170 A
09107000 1995 4 4 69.4462 A
09107000 1995 4 5 30.1362 A
09107000 1995 4 6 161.3412 A
09107000 1995 4 7 72.6319 A
09107000 1995 4 8 84.4605 A
09107000 1995 4 9 52.2341 A
09107000 1995 4 10 18.1777 A
09107000 1995 4 11 130.7480 A
09107000 1995 4 12 208.2954 A
09107000 1995 4 13 153.3377 A
09107000 1995 4 14 107.0672 A
09107000 1995 4 15 29.5663 A
09107000 1995 4 16 74.0212 A
09107000 1995 4 17 87.4769 A
09107000 1995 4 18 40.5350 A
09107000 1995 4 19 89.5065 A
09107000 1995 4 20 6.9350 A
09107000 1995 4 21 4.9121 A
09107000 1995 4 22 32.0397 A
09107000 1995 4 23 185.3016 A
09107000 1995 4 24 92.7005 A
09107000 1995 4 25 158.3032 A
09107000 1995 4 26 144.8675 A
09107000 1995 4 27 172.3555 A
09107000 1995 4 28 57.4590 A
09107000 1995 4 29 73.7072 A
09107000 1995 4 30 123.8328 A
09107000 1995 5 1 622.4659 A
09107000 1995 5 2 154.3890 A
09107000 1995 5 3 186.3650 A
09107000 1995 5 4 130.7697 A
09107000 1995 5 5 206.5899 A
09107000 1995 5 6 274.3130 A
09107000 1995 5 7 436.0841 A
09107000 1995 5 8 211.8270 A
09107000 1995 5 9 563.2370 A
09107000 1995 5 10 417.6724 A
09107000 1995 5 11 526.9655 A
09107000 1995 5 12 612.8044 A
09107000 1995 5 13 838.4475 A
09107000 1995 5 14 730.2474 A
09107000 1995 5 15 637.6429 A
09107000 1995 5 16 927.5043 A
09107000 1995 5 17 1039.2757 A
09107000 1995 5 18 1025.5879 A
09107000 1995 5 19 1162.9869 A
09107000 1995 5 20 837.4521 A
09107000 1995 5 21 1243.5315 A
09107000 1995 5 22 1491.0959 A
09107000 1995 5 23 1217.1211 A
09107000 1995 5 24 1225.3228 A
09107000 1995 5 25 1611.3554 A
09107000 1995 5 26 1870.0473 A
09107000 1995 5 27 2084.1254 A
09107000 1995 5 28 1812.7635 A
09107000 1995 5 29 1992.2920 A
09107000 1995 5 30 2117.5185 A
09107000 1995 5 31 1972.2091 A
09107000 1995 6 1 2364.6314 A
09107000 1995 6 2 2430.2875 A
09107000 1995 6 3 2659.8623 A
09107000 1995 6 4 2626.2292 A
09107000 1995 6 5 2922.9424 A
09107000 1995 6 6 2961.3621 A
09107000 1995 6 7 3468.0689 A
09107000 1995 6 8 3433.7240 A
09107000 1995 6 9 3477.9310 A
09107000 1995 6 10 3467.6249 A
09107000 1995 6 11 3500.7857 A
09107000 1995 6 12 4183.1607 A
09107000 1995 6 13 4194.4885 A
09107000 1995 6 14 4131.5733 A
09107000 1995 6 15 4276.1580 A
09107000 1995 6 16 4548.4533 A
09107000 1995 6 17 4441.2812 A
09107000 1995 6 18 4659.6605 A
09107000 1995 6 19 4030.8097 A
09107000 1995 6 20 4021.2447 A
09107000 1995 6 21 4068.1482 A
09107000 1995 6 22 4141.0853 A
09107000 1995 6 23 4029.1444 A
09107000 1995 6 24 4202.9721 A
09107000 1995 6 25 4116.7377 A
09107000 1995 6 26 4237.5335 A
09107000 1995 6 27 4160.0470 A
09107000 1995 6 28 4338.6172 A
09107000 1995 6 29 4205.8005 A
09107000 1995 6 30 4118.8117 A
09107000 1995 7 1 4205.3485 A
09107000 1995 7 2 4174.3266 A
09107000 1995 7 3 4160.3013 A
09107000 1995 7 4 4153.0162 A
09107000 1995 7 5 4227.3130 A
09107000 1995 7 6 4191.0439 A
09107000 1995 7 7 4080.3140 A
09107000 1995 7 8 4338.3337 A
09107000 1995 7 9 4288.0640 A
09107000 1995 7 10 4253.8992 A
09107000 1995 7 11 4225.6808 A
09107000 1995 7 12 4342.2100 A
09107000 1995 7 13 4261.3386 A
09107000 1995 7 14 4166.3544 A
09107000 1995 7 15 4358.0983 A
09107000 1995 7 16 4236.5479 A
09107000 1995 7 17 4186.3233 A
09107000 1995 7 18 4243.2338 A
09107000 1995 7 19 4154.8847 A
09107000 1995 7 20 4184.7471 A
09107000 1995 7 21 4217.9488 A
09107000 1995 7 22 4225.7216 A
09107000 1995 7 23 4324.7248 A
09107000 1995 7 24 4208.5781 A
09107000 1995 7 25 4255.8534 A
09107000 1995 7 26 4255.2916 A
09107000 1995 7 27 4245.0561 A
09107000 1995 7 28 4195.8828 A
09107000 1995 7 29 4218.3515 A
09107000 1995 7 30 4341.0550 A
09107000 1995 7 31 4275.2573 A
09107000 1995 8 1 4206.3939 A
09107000 1995 8 2 4292.9404 A
09107000 1995 8 3 4222.5216 A
09107000 1995 8 4 4152.6587 A
09107000 1995 8 5 4186.1196 A
09107000 1995 8 6 4162.3982 A
09107000 1995 8 7 4160.1875 A
09107000 1995 8 8 4232.6480 A
09107000 1995 8 9 4240.3186 A
09107000 1995 8 10 4189.8289 A
09107000 1995 8 11 4236.1500 A
09107000 1995 8 12 4132.2560 A
09107000 1995 8 13 4173.9069 A
09107000 1995 8 14 4192.9240 A
09107000 1995 8 15 4147.7296 A
09107000 1995 8 16 4144.9418 A
09107000 1995 8 17 4122.0572 A
09107000 1995 8 18 4118.8019 A
09107000 1995 8 19 4092.0905 A
09107000 1995 8 20 4122.0339 A
09107000 1995 8 21 4067.9023 A
09107000 1995 8 22 4054.7847 A
09107000 1995 8 23 4058.6010 A
09107000 1995 8 24 4045.1235 A
09107000 1995 8 25 4046.2754 A
09107000 1995 8 26 4111.9725 A
09107000 1995 8 27 4040.1976 A
09107000 1995 8 28 4005.7602 A
09107000 1995 8 29 3995.3587 A
09107000 1995 8 30 4008.8638 A
09107000 1995 8 31 4034.6403 A
09107000 1995 9 1 3984.9034 A
09107000 1995 9 2 4122.5088 A
09107000 1995 9 3 4011.8344 A
09107000 1995 9 4 3959.0218 A
09107000 1995 9 5 4099.8759 A
09107000 1995 9 6 4016.3065 A
09107000 1995 9 7 3953.8042 A
09107000 1995 9 8 3988.7823 A
09107000 1995 9 9 3977.5506 A
09107000 1995 9 10 3969.7204 A
09107000 1995 9 11 3984.0805 A
09107000 1995 9 12 4011.9365 A
09107000 1995 9 13 3982.5461 A
09107000 1995 9 14 3926.9478 A
09107000 1995 9 15 4125.7355 A
09107000 1995 9 16 4153.3651 A
09107000 1995 9 17 4111.4330 A
09107000 1995 9 18 4006.1547 A
09107000 1995 9 19 3982.6720 A
09107000 1995 9 20 4014.3708 A
09107000 1995 9 21 3944.6083 A
09107000 1995 9 22 4062.8969 A
09107000 1995 9 23 4023.5253 A
09107000 1995 9 24 3932.9046 A
09107000 1995 9 25 3960.9069 A
09107000 1995 9 26 3982.1586 A
09107000 1995 9 27 3947.5423 A
09107000 1995 9 28 3908.7197 A
09107000 1995 9 29 3895.5058 A
09107000 1995 9 30 3956.5405 A
09107000 1995 10 1 3928.6600 A
09107000 1995 10 2 3972.0261 A
09107000 1995 10 3 4087.6639 A
09107000 1995 10 4 3950.9081 A
09107000 1995 10 5 3943.5816 A
09107000 1995 10 6 3898.6945 A
09107000 1995 10 7 3988.0102 A
09107000 1995 10 8 3935.6104 A
09107000 1995 10 9 3901.9402 A
09107000 1995 10 10 3982.6326 A
09107000 1995 10 11 3896.2699 A
09107000 1995 10 12 3854.0608 A
09107000 1995 10 13 3828.5786 A
09107000 1995 10 14 3905.0719 A
09107000 1995 10 15 3866.4499 A
09107000 1995 10 16 3857.2572 A
09107000 1995 10 17 4101.1581 A
09107000 1995 10 18 3963.2816 A
09107000 1995 10 19 3872.9233 A
09107000 1995 10 20 3928.1352 A
09107000 1995 10 21 3869.6403 A
09107000 1995 10 22 3869.9598 A
09107000 1995 10 23 3855.7334 A
09107000 1995 10 24 3848.8961 A
09107000 1995 10 25 3818.5122 A
09107000 1995 10 26 3898.7758 A
09107000 1995 10 27 3827.7863 A
09107000 1995 10 28 3812.4780 A
09107000 1995 10 29 3818.0523 A
09107000 1995 10 30 3816.6916 A
09107000 1995 10 31 3809.4721 A
09107000 1995 11 1 3766.0762 A
09107000 1995 11 2 3743.6858 A
09107000 1995 11 3 3812.8109 A
09107000 1995 11 4 3738.3523 A
09107000 1995 11 5 3733.0774 A
09107000 1995 11 6 3815.2675 A
09107000 1995 11 7 3817.6426 A
09107000 1995 11 8 3720.9323 A
09107000 1995 11 9 3745.5441 A
09107000 1995 11 10 3734.9293 A
09107000 1995 11 11 3744.8703 A
09107000 1995 11 12 3743.6939 A
09107000 1995 11 13 3679.6330 A
09107000 1995 11 14 3674.2270 A
09107000 1995 11 15 3689.7780 A
09107000 1995 11 16 3661.8366 A
09107000 1995 11 17 3632.1521 A
09107000 1995 11 18 3724.7325 A
09107000 1995 11 19 3618.6669 A
09107000 1995 11 20 3630.3281 A
09107000 1995 11 21 3626.5211 A
09107000 1995 11 22 3681.8925 A
09107000 1995 11 23 3593.7527 A
09107000 1995 11 24 3624.6247 A
09107000 1995 11 25 3596.8884 A
09107000 1995 11 26 3626.6518 A
09107000 1995 11 27 3592.5313 A
09107000 1995 11 28 3642.2917 A
09107000 1995 11 29 3598.5458 A
09107000 1995 11 30 3562.9949 A
09107000 1995 12 1 3526.0281 A
09107000 1995 12 2 3537.8379 A
09107000 1995 12 3 3518.7045 A
09107000 1995 12 4 3556.6498 A
09107000 1995 12 5 3498.9569 A
09107000 1995 12 6 3503.7387 A
09107000 1995 12 7 3620.8032 A
09107000 1995 12 8 3583.7163 A
09107000 1995 12 9 3554.5491 A
09107000 1995 12 10 3501.9317 A
09107000 1995 12 11 3508.2862 A
09107000 1995 12 12 3673.7044 A
09107000 1995 12 13 3515.1255 A
09107000 1995 12 14 3627.8013 A
09107000 1995 12 15 3494.5203 A
09107000 1995 12 16 3513.1567 A
09107000 1995 12 17 3540.4200 A
09107000 1995 12 18 3453.8110 A
09107000 1995 12 19 3521.5020 A
09107000 1995 12 20 3464.2483 A
09107000 1995 12 21 3459.5037 A
09107000 1995 12 22 3513.1100 A
09107000 1995 12 23 3553.0082 A
09107000 1995 12 24 3453.1859 A
09107000 1995 12 25 3497.2783 A
09107000 1995 12 26 3422.0638 A
09107000 1995 12 27 3516.4054 A
09107000 1995 12 28 3481.2052 A
09107000 1995 12 29 3416.4071 A
09107000 1995 12 30 3425.2458 A
09107000 1995 12 31 3426.7122 A
09107000 1996 1 1 3394.9687 A
09107000 1996 1 2 3519.6981 A
09107000 1996 1 3 3425.4767 A
09107000 1996 1 4 3400.1696 A
09107000 1996 1 5 3406.9529 A
09107000 1996 1 6 3412.5343 A
09107000 1996 1 7 3428.8224 A
09107000 1996 1 8 3395.3719 A
09107000 1996 1 9 3402.4382 A
09107000 1996 1 10 3368.4836 A
09107000 1996 1 11 3455.8765 A
09107000 1996 1 12 3457.5387 A
09107000 1996 1 13 3344.4072 A
09107000 1996 1 14 3478.6906 A
09107000 1996 1 15 3545.3761 A
09107000 1996 1 16 3347.1964 A
09107000 1996 1 17 3395.3164 A
09107000 1996 1 18 3655.1917 A
09107000 1996 1 19 3433.5117 A
09107000 1996 1 20 3446.9909 A
09107000 1996 1 21 3478.1729 A
09107000 1996 1 22 3502.2287 A
09107000 1996 1 23 3426.8083 A
09107000 1996 1 24 3437.7569 A
09107000 1996 1 25 3524.8515 A
09107000 1996 1 26 3494.7936 A
09107000 1996 1 27 3451.2697 A
09107000 1996 1 28 3447.4840 A
09107000 1996 1 29 3509.0474 A
09107000 1996 1 30 3443.2288 A
09107000 1996 1 31 3595.0750 A
09107000 1996 2 1 3500.5086 A
09107000 1996 2 2 3411.2543 A
09107000 1996 2 3 3502.7921 A
09107000 1996 2 4 3462.9155 A
09107000 1996 2 5 3450.4538 A
09107000 1996 2 6 3475.5052 A
09107000 1996 2 7 3442.2803 A
09107000 1996 2 8 3392.3026 A
09107000 1996 2 9 3510.5650 A
09107000 1996 2 10 3659.2581 A
09107000 1996 2 11 3440.2275 A
09107000 1996 2 12 3413.2772 A
09107000 1996 2 13 3531.0705 A
09107000 1996 2 14 3393.9874 A
09107000 1996 2 15 3416.4800 A
09107000 1996 2 16 3632.9040 A
09107000 1996 2 17 3505.9149 A
09107000 1996 2 18 3459.4428 A
09107000 1996 2 19 3482.6572 A
09107000 1996 2 20 3443.0634 A
09107000 1996 2 21 3498.7882 A
09107000 1996 2 22 3484.3543 A
09107000 1996 2 23 3475.4695 A
09107000 1996 2 24 3592.6135 A
09107000 1996 2 25 3527.5039 A
09107000 1996 2 26 3434.0151 A
09107000 1996 2 27 3453.3985 A
09107000 1996 2 28 3401.4857 A
09107000 1996 2 29 3430.4673 A
09107000 1996 3 1 3529.3856 A
09107000 1996 3 2 3468.8212 A
09107000 1996 3 3 3482.1135 A
09107000 1996 3 4 3504.4616 A
09107000 1996 3 5 3385.0363 A
09107000 1996 3 6 3546.0792 A
09107000 1996 3 7 3473.4866 A
09107000 1996 3 8 3463.0493 A
09107000 1996 3 9 3428.0524 A
09107000 1996 3 10 3423.8194 A
09107000 1996 3 11 3410.4569 A
09107000 1996 3 12 3391.3690 A
09107000 1996 3 13 3425.5168 A
09107000 1996 3 14 3364.5009 A
09107000 1996 3 15 3416.6294 A
09107000 1996 3 16 3507.1945 A
09107000 1996 3 17 3451.6775 A
09107000 1996 3 18 3415.4853 A
09107000 1996 3 19 3348.8863 A
09107000 1996 3 20 3352.5016 A
09107000 1996 3 21 3415.4884 A
09107000 1996 3 22 3370.7177 A
09107000 1996 3 23 3346.1323 A
09107000 1996 3 24 3446.2756 A
09107000 1996 3 25 3398.1635 A
09107000 1996 3 26 3320.8355 A
09107000 1996 3 27 3402.2640 A
09107000 1996 3 28 3289.7763 A
09107000 1996 3 29 3364.4296 A
09107000 1996 3 30 3300.9873 A
09107000 1996 3 31 3313.5935 A
09107000 1996 4 1 3273.5515 A
09107000 1996 4 2 3294.9276 A
09107000 1996 4 3 3271.2094 A
09107000 1996 4 4 3221.4596 A
09107000 1996 4 5 3256.7607 A
09107000 1996 4 6 3217.0484 A
09107000 1996 4 7 3268.5707 A
09107000 1996 4 8 3309.3305 A
09107000 1996 4 9 3262.2758 A
09107000 1996 4 10 3254.1385 A
09107000 1996 4 11 3262.9464 A
09107000 1996 4 12 3258.2825 A
09107000 1996 4 13 3195.3711 A
09107000 1996 4 14 3290.6341 A
09107000 1996 4 15 3195.7115 A
09107000 1996 4 16 3286.5832 A
09107000 1996 4 17 3201.7316 A
09107000 1996 4 18 3190.9808 A
09107000 1996 4 19 3267.5009 A
09107000 1996 4 20 3246.5200 A
09107000 1996 4 21 3164.8490 A
09107000 1996 4 22 3200.1987 A
09107000 1996 4 23 3146.5102 A
09107000 1996 4 24 3186.3122 A
09107000 1996 4 25 3447.1514 A
09107000 1996 4 26 3512.0952 A
09107000 1996 4 27 3327.5650 A
09107000 1996 4 28 3448.3345 A
09107000 1996 4 29 3235.4572 A
09107000 1996 4 30 3355.5107 A
09107000 1996 5 1 3274.9941 A
09107000 1996 5 2 3414.5849 A
09107000 1996 5 3 3645.6201 A
09107000 1996 5 4 3440.6431 A
09107000 1996 5 5 3574.9822 A
09107000 1996 5 6 3722.5229 A
09107000 1996 5 7 3723.9940 A
09107000 1996 5 8 3808.6569 A
09107000 1996 5 9 3753.1755 A
09107000 1996 5 10 3864.7366 A
09107000 1996 5 11 3863.2255 A
09107000 1996 5 12 4050.5893 A
09107000 1996 5 13 3936.8046 A
09107000 1996 5 14 4129.7641 A
09107000 1996 5 15 4458.8983 A
09107000 1996 5 16 4321.2655 A
09107000 1996 5 17 4145.5962 A
09107000 1996 5 18 4514.1348 A
09107000 1996 5 19 4566.5007 A
09107000 1996 5 20 4580.6626 A
09107000 1996 5 21 4584.7950 A
09107000 1996 5 22 4686.9476 A
09107000 1996 5 23 4764.9723 A
09107000 1996 5 24 5091.3835 A
09107000 1996 5 25 4934.3818 A
09107000 1996 5 26 5230.9832 A
09107000 1996 5 27 5174.9964 A
09107000 1996 5 28 5299.5795 A
09107000 1996 5 29 5561.1039 A
09107000 1996 5 30 5343.3236 A
09107000 1996 5 31 5858.6157 A
09107000 1996 6 1 5964.6988 A
09107000 1996 6 2 6058.4094 A
09107000 1996 6 3 6054.4858 A
09107000 1996 6 4 6371.6502 A
09107000 1996 6 5 6502.1539 A
09107000 1996 6 6 6444.5393 A
09107000 1996 6 7 6555.8584 A
09107000 1996 6 8 6571.4186 A
09107000 1996 6 9 6825.4228 A
09107000 1996 6 10 6971.2663 A
09107000 1996 6 11 7108.5704 A
09107000 1996 6 12 7222.2474 A
09107000 1996 6 13 7555.2259 A
09107000 1996 6 14 7590.9859 A
09107000 1996 6 15 7619.1620 A
09107000 1996 6 16 8005.8056 A
09107000 1996 6 17 8149.0034 A
09107000 1996 6 18 8052.6378 A
09107000 1996 6 19 8197.3481 A
09107000 1996 6 20 8429.2702 A
09107000 1996 6 21 8613.0143 A
09107000 1996 6 22 8943.0883 A
09107000 1996 6 23 9102.7460 A
09107000 1996 6 24 9231.5470 A
09107000 1996 6 25 9721.5050 A
09107000 1996 6 26 9106.2268 A
09107000 1996 6 27 8819.2659 A
09107000 1996 6 28 8772.4054 A
09107000 1996 6 29 8762.6807 A
09107000 1996 6 30 8931.8856 A
09107000 1996 7 1 8710.0754 A
09107000 1996 7 2 8745.1531 A
09107000 1996 7 3 8909.2491 A
09107000 1996 7 4 8779.2359 A
09107000 1996 7 5 8873.8489 A
09107000 1996 7 6 8888.1186 A
09107000 1996 7 7 8886.9092 A
09107000 1996 7 8 8874.0510 A
09107000 1996 7 9 8916.2858 A
09107000 1996 7 10 8912.6696 A
09107000 1996 7 11 8881.8190 A
09107000 1996 7 12 8835.4199 A
09107000 1996 7 13 8890.7712 A
09107000 1996 7 14 9005.9000 A
09107000 1996 7 15 8832.6353 A
09107000 1996 7 16 8826.2897 A
09107000 1996 7 17 8828.1438 A
09107000 1996 7 18 8806.5507 A
09107000 1996 7 19 8825.9020 A
09107000 1996 7 20 8772.0745 A
09107000 1996 7 21 8756.7695 A
09107000 1996 7 22 8983.2059 A
09107000 1996 7 23 8800.6549 A
09107000 1996 7 24 8885.0676 A
09107000 1996 7 25 9118.4781 A
09107000 1996 7 26 9005.3855 A
09107000 1996 7 27 8918.3976 A
09107000 1996 7 28 8924.8707 A
09107000 1996 7 29 8853.4418 A
09107000 1996 7 30 8952.7667 A
09107000 1996 7 31 9081.0312 A
09107000 1996 8 1 8886.7752 A
09107000 1996 8 2 8848.8564 A
09107000 1996 8 3 8947.3707 A
09107000 1996 8 4 9212.8059 A
09107000 1996 8 5 8919.6146 A
09107000 1996 8 6 8908.7533 A
09107000 1996 8 7 8929.9826 A
09107000 1996 8 8 8961.0980 A
09107000 1996 8 9 8885.9720 A
09107000 1996 8 10 8886.9078 A
09107000 1996 8 11 8853.0032 A
09107000 1996 8 12 8854.0826 A
09107000 1996 8 13 8891.1332 A
09107000 1996 8 14 8916.1212 A
09107000 1996 8 15 8809.5617 A
09107000 1996 8 16 9101.5938 A
09107000 1996 8 17 8921.0041 A
09107000 1996 8 18 8869.7693 A
09107000 1996 8 19 8993.4083 A
09107000 1996 8 20 8979.0033 A
09107000 1996 8 21 8915.4602 A
09107000 1996 8 22 8883.6433 A
09107000 1996 8 23 8877.6290 A
09107000 1996 8 24 8906.4791 A
09107000 1996 8 25 8910.0347 A
09107000 1996 8 26 8996.2344 A
09107000 1996 8 27 8910.3496 A
09107000 1996 8 28 8883.5548 A
09107000 1996 8 29 8876.8876 A
09107000 1996 8 30 8857.4543 A
09107000 1996 8 31 8839.4803 A
09107000 1996 9 1 8849.9498 A
09107000 1996 9 2 8797.4857 A
09107000 1996 9 3 8897.3513 A
09107000 1996 9 4 8795.5313 A
09107000 1996 9 5 8818.4582 A
09107000 1996 9 6 8928.9497 A
09107000 1996 9 7 8941.7902 A
09107000 1996 9 8 8851.6005 A
09107000 1996 9 9 8830.4330 A
09107000 1996 9 10 9011.2827 A
09107000 1996 9 11 8863.7794 A
09107000 1996 9 12 8828.0640 A
09107000 1996 9 13 8919.2948 A
09107000 1996 9 14 8854.7715 A
09107000 1996 9 15 8809.1472 A
09107000 1996 9 16 8855.1656 A
09107000 1996 9 17 8784.2054 A
09107000 1996 9 18 8883.4036 A
09107000 1996 9 19 8831.7540 A
09107000 1996 9 20 8867.1850 A
09107000 1996 9 21 8823.5917 A
09107000 1996 9 22 8861.8162 A
09107000 1996 9 23 8822.9772 A
09107000 1996 9 24 8823.1274 A
09107000 1996 9 25 8807.9365 A
09107000 1996 9 26 8824.2583 A
09107000 1996 9 27 8801.2758 A
09107000 1996 9 28 8823.4795 A
09107000 1996 9 29 8705.2109 A
09107000 1996 9 30 8798.0744 A
09107000 1996 10 1 8786.1148 A
09107000 1996 10 2 8754.6706 A
09107000 1996 10 3 8697.0149 A
09107000 1996 10 4 8753.4385 A
09107000 1996 10 5 8708.4144 A
09107000 1996 10 6 8677.7615 A
09107000 1996 10 7 8691.0020 A
09107000 1996 10 8 8694.0556 A
09107000 1996 10 9 8692.3917 A
09107000 1996 10 10 8722.6104 A
09107000 1996 10 11 8708.7444 A
09107000 1996 10 12 8648.7113 A
09107000 1996 10 13 8619.1523 A
09107000 1996 10 14 8640.3412 A
09107000 1996 10 15 8611.5579 A
09107000 1996 10 16 8640.5364 A
09107000 1996 10 17 8627.8982 A
09107000 1996 10 18 8621.8192 A
09107000 1996 10 19 8680.3318 A
09107000 1996 10 20 8597.4248 A
09107000 1996 10 21 8589.3195 A
09107000 1996 10 22 8653.2632 A
09107000 1996 10 23 8635.3899 A
09107000 1996 10 24 8584.9072 A
09107000 1996 10 25 8576.9361 A
09107000 1996 10 26 8643.1340 A
09107000 1996 10 27 8558.0593 A
09107000 1996 10 28 8570.5321 A
09107000 1996 10 29 8535.8135 A
09107000 1996 10 30 8513.8303 A
09107000 1996 10 31 8542.8236 A
09107000 1996 11 1 8547.0108 A
09107000 1996 11 2 8508.3280 A
09107000 1996 11 3 8508.5920 A
09107000 1996 11 4 8468.6516 A
09107000 1996 11 5 8459.2894 A
09107000 1996 11 6 8437.6679 A
09107000 1996 11 7 8484.2353 A
09107000 1996 11 8 8422.1581 A
09107000 1996 11 9 8433.2789 A
09107000 1996 11 10 8427.7907 A
09107000 1996 11 11 8418.7081 A
09107000 1996 11 12 8431.8676 A
09107000 1996 11 13 8340.9563 A
09107000 1996 11 14 8413.8152 A
09107000 1996 11 15 8392.5543 A
09107000 1996 11 16 8366.0753 A
09107000 1996 11 17 8345.9903 A
09107000 1996 11 18 8393.7605 A
09107000 1996 11 19 8325.9462 A
09107000 1996 11 20 8320.4790 A
09107000 1996 11 21 8361.9492 A
09107000 1996 11 22 8524.1835 A
09107000 1996 11 23 8357.8289 A
09107000 1996 11 24 8299.7883 A
09107000 1996 11 25 8298.3347 A
09107000 1996 11 26 8303.9902 A
09107000 1996 11 27 8311.8639 A
09107000 1996 11 28 8260.7930 A
09107000 1996 11 29 8301.4616 A
09107000 1996 11 30 8276.7513 A
09107000 1996 12 1 8317.5636 A
09107000 1996 12 2 8401.0223 A
09107000 1996 12 3 8336.1159 A
09107000 1996 12 4 8233.2787 A
09107000 1996 12 5 8229.6432 A
09107000 1996 12 6 8265.0632 A
09107000 1996 12 7 8210.5395 A
09107000 1996 12 8 8241.1990 A
09107000 1996 12 9 8241.8341 A
09107000 1996 12 10 8247.1255 A
09107000 1996 12 11 8186.0447 A
09107000 1996 12 12 8229.5999 A
09107000 1996 12 13 8284.6013 A
09107000 1996 12 14 8221.2587 A
09107000 1996 12 15 8279.4034 A
09107000 1996 12 16 8269.9556 A
09107000 1996 12 17 8211.8810 A
09107000 1996 12 18 8201.4184 A
09107000 1996 12 19 8265.1511 A
09107000 1996 12 20 8255.1823 A
09107000 1996 12 21 8172.7028 A
09107000 1996 12 22 8205.9991 A
09107000 1996 12 23 8180.4522 A
09107000 1996 12 24 8235.9749 A
09107000 1996 12 25 8283.5097 A
09107000 1996 12 26 8149.0572 A
09107000 1996 12 27 8139.9278 A
09107000 1996 12 28 8161.4700 A
09107000 1996 12 29 8116.4983 A
09107000 1996 12 30 8159.7786 A
09107000 1996 12 31 8097.9039 A
09107000 1997 1 1 8326.5687 A
09107000 1997 1 2 8154.4467 A
09107000 1997 1 3 8177.5941 A
09107000 1997 1 4 8136.8429 A
09107000 1997 1 5 8219.8655 A
09107000 1997 1 6 8264.6308 A
09107000 1997 1 7 8182.8310 A
09107000 1997 1 8 8160.5292 A
09107000 1997 1 9 8238.7111 A
09107000 1997 1 10 8193.3486 A
09107000 1997 1 11 8125.2193 A
09107000 1997 1 12 8108.2032 A
09107000 1997 1 13 8139.6444 A
09107000 1997 1 14 8140.1306 A
09107000 1997 1 15 8144.6714 A
09107000 1997 1 16 8112.0423 A
09107000 1997 1 17 8105.9808 A
09107000 1997 1 18 8030.8552 A
09107000 1997 1 19 8074.3008 A
09107000 1997 1 20 8119.2229 A
09107000 1997 1 21 8239.2678 A
09107000 1997 1 22 8127.7414 A
09107000 1997 1 23 8087.1592 A
09107000 1997 1 24 8064.1175 A
09107000 1997 1 25 8081.3511 A
09107000 1997 1 26 8149.5911 A
09107000 1997 1 27 8096.0523 A
09107000 1997 1 28 8113.8906 A
09107000 1997 1 29 8195.7122 A
09107000 1997 1 30 8139.5938 A
09107000 1997 1 31 8042.7310 A
09107000 1997 2 1 8211.7499 A
09107000 1997 2 2 8085.3418 A
09107000 1997 2 3 8127.2501 A
09107000 1997 2 4 8161.6473 A
09107000 1997 2 5 8159.9604 A
09107000 1997 2 6 8167.9576 A
09107000 1997 2 7 8261.1462 A
09107000 1997 2 8 8130.2450 A
09107000 1997 2 9 8159.7075 A
09107000 1997 2 10 8123.8267 A
09107000 1997 2 11 8189.6552 A
09107000 1997 2 12 8093.7137 A
09107000 1997 2 13 8146.5860 A
09107000 1997 2 14 8076.0352 A
09107000 1997 2 15 8062.8745 A
09107000 1997 2 16 8245.8279 A
09107000 1997 2 17 8112.4965 A
09107000 1997 2 18 8133.4548 A
09107000 1997 2 19 8168.7786 A
09107000 1997 2 20 8117.2016 A
09107000 1997 2 21 8198.0848 A
09107000 1997 2 22 8153.9478 A
09107000 1997 2 23 8103.3088 A
09107000 1997 2 24 8074.1989 A
09107000 1997 2 25 8115.2616 A
09107000 1997 2 26 8079.9239 A
09107000 1997 2 27 8177.6906 A
09107000 1997 2 28 8085.4393 A
09107000 1997 3 1 8200.5388 A
09107000 1997 3 2 8217.2364 A
09107000 1997 3 3 8223.1595 A
09107000 1997 3 4 8168.4657 A
09107000 1997 3 5 8133.1928 A
09107000 1997 3 6 8121.1519 A
09107000 1997 3 7 8176.6401 A
09107000 1997 3 8 8099.6966 A
09107000 1997 3 9 8111.9119 A
09107000 1997 3 10 8247.1142 A
09107000 1997 3 11 8116.2127 A
09107000 1997 3 12 8140.2518 A
09107000 1997 3 13 8193.1358 A
09107000 1997 3 14 8169.1451 A
09107000 1997 3 15 8111.6642 A
09107000 1997 3 16 8127.4431 A
09107000 1997 3 17 8110.9184 A
09107000 1997 3 18 8052.2990 A
09107000 1997 3 19 8184.9665 A
09107000 1997 3 20 8114.7418 A
09107000 1997 3 21 8088.2513 A
09107000 1997 3 22 8156.9709 A
09107000 1997 3 23 8274.1617 A
09107000 1997 3 24 8126.1929 A
09107000 1997 3 25 8077.1959 A
09107000 1997 3 26 8220.0744 A
09107000 1997 3 27 8114.6099 A
09107000 1997 3 28 8359.6262 A
09107000 1997 3 29 8300.4079 A
09107000 1997 3 30 8126.2905 A
09107000 1997 3 31 8167.6591 A
09107000 1997 4 1 8133.0730 A
09107000 1997 4 2 8125.3333 A
09107000 1997 4 3 8089.9291 A
09107000 1997 4 4 8077.5106 A
09107000 1997 4 5 8091.6445 A
09107000 1997 4 6 8063.4011 A
09107000 1997 4 7 8104.2566 A
09107000 1997 4 8 8088.5681 A
09107000 1997 4 9 8046.4174 A
09107000 1997 4 10 8173.1859 A
09107000 1997 4 11 8046.7403 A
09107000 1997 4 12 8096.4461 A
09107000 1997 4 13 8028.2296 A
09107000 1997 4 14 8042.4809 A
09107000 1997 4 15 8030.1782 A
09107000 1997 4 16 8127.7283 A
09107000 1997 4 17 8086.6945 A
09107000 1997 4 18 8023.3721 A
09107000 1997 4 19 8020.3049 A
09107000 1997 4 20 7983.9441 A
09107000 1997 4 21 8008.0494 A
09107000 1997 4 22 8043.9065 A
09107000 1997 4 23 8008.5619 A
09107000 1997 4 24 8057.9529 A
09107000 1997 4 25 8030.4257 A
09107000 1997 4 26 7982.7536 A
09107000 1997 4 27 8020.8240 A
09107000 1997 4 28 8071.1021 A
09107000 1997 4 29 8135.0169 A
09107000 1997 4 30 7971.1642 A
09107000 1997 5 1 8181.7651 A
09107000 1997 5 2 8015.8367 A
09107000 1997 5 3 8372.9563 A
09107000 1997 5 4 8341.9553 A
09107000 1997 5 5 8343.2049 A
09107000 1997 5 6 8158.2434 A
09107000 1997 5 7 8249.4141 A
09107000 1997 5 8 8130.0050 A
09107000 1997 5 9 8140.4510 A
09107000 1997 5 10 8442.6632 A
09107000 1997 5 11 8312.6154 A
09107000 1997 5 12 8222.3542 A
09107000 1997 5 13 8398.8818 A
09107000 1997 5 14 8473.4768 A
09107000 1997 5 15 8520.5665 A
09107000 1997 5 16 8431.5623 A
09107000 1997 5 17 8300.9466 A
09107000 1997 5 18 8782.0242 A
09107000 1997 5 19 8758.1763 A
09107000 1997 5 20 8895.7607 A
09107000 1997 5 21 9014.9127 A
09107000 1997 5 22 9124.5729 A
09107000 1997 5 23 9234.0838 A
09107000 1997 5 24 9250.1404 A
09107000 1997 5 25 9453.9887 A
09107000 1997 5 26 9650.3695 A
09107000 1997 5 27 9760.0781 A
09107000 1997 5 28 9596.9064 A
09107000 1997 5 29 9859.1663 A
09107000 1997 5 30 9682.4657 A
09107000 1997 5 31 9946.3443 A
09107000 1997 6 1 10048.8051 A
09107000 1997 6 2 10264.6221 A
09107000 1997 6 3 10455.8536 A
09107000 1997 6 4 10607.9063 A
09107000 1997 6 5 10558.2415 A
09107000 1997 6 6 10628.3580 A
09107000 1997 6 7 10731.6943 A
09107000 1997 6 8 11018.5334 A
09107000 1997 6 9 11176.0038 A
09107000 1997 6 10 10936.7454 A
09107000 1997 6 11 11481.6357 A
09107000 1997 6 12 11363.8535 A
09107000 1997 6 13 11677.0135 A
09107000 1997 6 14 11615.8007 A
09107000 1997 6 15 12002.6212 A
09107000 1997 6 16 11683.1972 A
09107000 1997 6 17 12090.0004 A
09107000 1997 6 18 12296.0200 A
09107000 1997 6 19 12176.5314 A
09107000 1997 6 20 12700.2151 A
09107000 1997 6 21 12766.3779 A
09107000 1997 6 22 12842.4159 A
09107000 1997 6 23 12975.9930 A
09107000 1997 6 24 13320.2651 A
09107000 1997 6 25 13341.8893 A
09107000 1997 6 26 13731.6627 A
09107000 1997 6 27 14062.8861 A
09107000 1997 6 28 14301.9766 A
09107000 1997 6 29 14377.2668 A
09107000 1997 6 30 13625.6392 A
09107000 1997 7 1 13623.9545 A
09107000 1997 7 2 13485.4653 A
09107000 1997 7 3 13569.7221 A
09107000 1997 7 4 13524.5161 A
09107000 1997 7 5 13575.3938 A
09107000 1997 7 6 13546.0461 A
09107000 1997 7 7 13655.4162 A
09107000 1997 7 8 13516.0407 A
09107000 1997 7 9 13642.9810 A
09107000 1997 7 10 13538.1148 A
09107000 1997 7 11 13541.9865 A
09107000 1997 7 12 13547.4745 A
09107000 1997 7 13 13671.2288 A
09107000 1997 7 14 13561.9422 A
09107000 1997 7 15 13545.8939 A
09107000 1997 7 16 13513.5914 A
09107000 1997 7 17 13517.7829 A
09107000 1997 7 18 13484.1666 A
09107000 1997 7 19 13494.3450 A
09107000 1997 7 20 13487.7352 A
09107000 1997 7 21 13506.3099 A
09107000 1997 7 22 13498.2369 A
09107000 1997 7 23 13482.3407 A
09107000 1997 7 24 13435.0289 A
09107000 1997 7 25 13485.6448 A
09107000 1997 7 26 13510.3347 A
09107000 1997 7 27 13485.0548 A
09107000 1997 7 28 13467.0196 A
09107000 1997 7 29 13427.8695 A
09107000 1997 7 30 13475.9593 A
09107000 1997 7 31 13470.4639 A
09107000 1997 8 1 13446.4609 A
09107000 1997 8 2 13416.7848 A
09107000 1997 8 3 13404.6020 A
09107000 1997 8 4 13409.7678 A
09107000 1997 8 5 13353.7626 A
09107000 1997 8 6 13393.2533 A
09107000 1997 8 7 13413.5165 A
09107000 1997 8 8 13401.7221 A
09107000 1997 8 9 13461.9516 A
09107000 1997 8 10 13345.5726 A
09107000 1997 8 11 13324.2171 A
09107000 1997 8 12 13373.0154 A
09107000 1997 8 13 13372.3661 A
09107000 1997 8 14 13413.8391 A
09107000 1997 8 15 13386.2471 A
09107000 1997 8 16 13320.7223 A
09107000 1997 8 17 13329.6804 A
09107000 1997 8 18 13335.5098 A
09107000 1997 8 19 13332.4501 A
09107000 1997 8 20 13274.9566 A
09107000 1997 8 21 13341.3816 A
09107000 1997 8 22 13367.2172 A
09107000 1997 8 23 13280.6304 A
09107000 1997 8 24 13447.1101 A
09107000 1997 8 25 13296.0623 A
09107000 1997 8 26 13309.2521 A
09107000 1997 8 27 13298.1353 A
09107000 1997 8 28 13368.9968 A
09107000 1997 8 29 13312.8439 A
09107000 1997 8 30 13298.7693 A
09107000 1997 8 31 13267.6194 A
09107000 1997 9 1 13263.0801 A
09107000 1997 9 2 13344.8517 A
09107000 1997 9 3 13251.0376 A
09107000 1997 9 4 13244.2035 A
09107000 1997 9 5 13230.4654 A
09107000 1997 9 6 13212.1958 A
09107000 1997 9 7 13343.9502 A
09107000 1997 9 8 13244.1021 A
09107000 1997 9 9 13289.1850 A
09107000 1997 9 10 13245.0696 A
09107000 1997 9 11 13402.3457 A
09107000 1997 9 12 13298.5667 A
09107000 1997 9 13 13255.4971 A
09107000 1997 9 14 13302.9869 A
09107000 1997 9 15 13238.4138 A
09107000 1997 9 16 13274.0718 A
09107000 1997 9 17 13262.1721 A
09107000 1997 9 18 13265.7863 A
09107000 1997 9 19 13237.4098 A
09107000 1997 9 20 13208.8000 A
09107000 1997 9 21 13184.8265 A
09107000 1997 9 22 13306.4687 A
09107000 1997 9 23 13248.8192 A
09107000 1997 9 24 13235.6551 A
09107000 1997 9 25 13181.3539 A
09107000 1997 9 26 13194.7830 A
09107000 1997 9 27 13205.3483 A
09107000 1997 9 28 13189.2615 A
09107000 1997 9 29 13290.3106 A
09107000 1997 9 30 13235.6471 A
09107000 1997 10 1 13256.7177 A
09107000 1997 10 2 13172.0615 A
09107000 1997 10 3 13179.2641 A
09107000 1997 10 4 13237.9733 A
09107000 1997 10 5 13161.1421 A
09107000 1997 10 6 13137.5886 A
09107000 1997 10 7 13179.6734 A
09107000 1997 10 8 13145.5359 A
09107000 1997 10 9 13106.0012 A
09107000 1997 10 10 13299.7073 A
09107000 1997 10 11 13161.8253 A
09107000 1997 10 12 13090.0181 A
09107000 1997 10 13 13296.9121 A
09107000 1997 10 14 13172.9200 A
09107000 1997 10 15 13202.9993 A
09107000 1997 10 16 13193.6459 A
09107000 1997 10 17 13162.5785 A
09107000 1997 10 18 13139.6126 A
09107000 1997 10 19 13139.0459 A
09107000 1997 10 20 13239.1669 A
09107000 1997 10 21 13093.1694 A
09107000 1997 10 22 13122.6646 A
09107000 1997 10 23 13129.7780 A
09107000 1997 10 24 13073.9928 A
09107000 1997 10 25 13055.2728 A
09107000 1997 10 26 13056.9966 A
09107000 1997 10 27 13047.8212 A
09107000 1997 10 28 13020.1481 A
09107000 1997 10 29 13012.2864 A
09107000 1997 10 30 13012.5271 A
09107000 1997 10 31 13046.0796 A
09107000 1997 11 1 13058.2749 A
09107000 1997 11 2 13059.7264 A
09107000 1997 11 3 13006.4152 A
09107000 1997 11 4 13009.2611 A
09107000 1997 11 5 13000.8173 A
09107000 1997 11 6 12981.3076 A
09107000 1997 11 7 12986.4983 A
09107000 1997 11 8 13006.0386 A
09107000 1997 11 9 12995.5494 A
09107000 1997 11 10 12977.8340 A
09107000 1997 11 11 12928.6991 A
09107000 1997 11 12 12913.4670 A
09107000 1997 11 13 12987.5139 A
09107000 1997 11 14 12893.2637 A
09107000 1997 11 15 13014.5698 A
09107000 1997 11 16 12936.6511 A
09107000 1997 11 17 12884.0058 A
09107000 1997 11 18 12881.0317 A
09107000 1997 11 19 12936.0913 A
09107000 1997 11 20 12879.5866 A
09107000 1997 11 21 12853.1956 A
09107000 1997 11 22 12872.4254 A
09107000 1997 11 23 12898.9890 A
09107000 1997 11 24 12845.4054 A
09107000 1997 11 25 12819.0657 A
09107000 1997 11 26 12826.2585 A
09107000 1997 11 27 12826.7916 A
09107000 1997 11 28 12865.6545 A
09107000 1997 11 29 12811.4290 A
09107000 1997 11 30 12813.0775 A
09107000 1997 12 1 12795.9071 A
09107000 1997 12 2 12803.6106 A
09107000 1997 12 3 12785.3283 A
09107000 1997 12 4 12763.7075 A
09107000 1997 12 5 12699.7562 A
09107000 1997 12 6 12792.5850 A
09107000 1997 12 7 12806.1261 A
09107000 1997 12 8 12711.5393 A
09107000 1997 12 9 12715.1498 A
09107000 1997 12 10 12731.1064 A
09107000 1997 12 11 12815.1538 A
09107000 1997 12 12 12713.4733 A
09107000 1997 12 13 12784.2422 A
09107000 1997 12 14 12768.7339 A
09107000 1997 12 15 12734.3707 A
09107000 1997 12 16 12695.8302 A
09107000 1997 12 17 12708.4871 A
09107000 1997 12 18 12658.8146 A
09107000 1997 12 19 12686.6145 A
09107000 1997 12 20 12664.4585 A
09107000 1997 12 21 12735.3848 A
09107000 1997 12 22 12663.8265 A
09107000 1997 12 23 12740.9880 A
09107000 1997 12 24 12652.9741 A
09107000 1997 12 25 12692.1748 A
09107000 1997 12 26 12703.9695 A
09107000 1997 12 27 12659.4529 A
09107000 1997 12 28 12629.4937 A
09107000 1997 12 29 12621.6611 A
09107000 1997 12 30 12568.6173 A
09107000 1997 12 31 12589.8800 A
09107000 1998 1 1 12677.2115 A
09107000 1998 1 2 12581.6492 A
09107000 1998 1 3 12794.0010 A
09107000 1998 1 4 12577.0729 A
09107000 1998 1 5 12651.2612 A
09107000 1998 1 6 12611.2437 A
09107000 1998 1 7 12635.0218 A
09107000 1998 1 8 12604.4083 A
09107000 1998 1 9 12551.7410 A
09107000 1998 1 10 12607.2206 A
09107000 1998 1 11 12650.1567 A
09107000 1998 1 12 12614.1718 A
09107000 1998 1 13 12600.6794 A
09107000 1998 1 14 12560.5242 A
09107000 1998 1 15 12562.5470 A
09107000 1998 1 16 12578.2853 A
09107000 1998 1 17 12573.3383 A
09107000 1998 1 18 12563.6070 A
09107000 1998 1 19 12545.5577 A
09107000 1998 1 20 12510.7800 A
09107000 1998 1 21 12541.7326 A
09107000 1998 1 22 12466.8624 A
09107000 1998 1 23 12539.6196 A
09107000 1998 1 24 12479.9549 A
09107000 1998 1 25 12469.2064 A
09107000 1998 1 26 12507.1637 A
09107000 1998 1 27 12536.1247 A
09107000 1998 1 28 12568.0252 A
09107000 1998 1 29 12714.1587 A
09107000 1998 1 30 12511.6142 A
09107000 1998 1 31 12481.1264 A
09107000 1998 2 1 12523.9716 A
09107000 1998 2 2 12494.9273 A
09107000 1998 2 3 12458.4386 A
09107000 1998 2 4 12416.0671 A
09107000 1998 2 5 12489.2656 A
09107000 1998 2 6 12514.3752 A
09107000 1998 2 7 12480.7658 A
09107000 1998 2 8 12529.2539 A
09107000 1998 2 9 12569.6456 A
09107000 1998 2 10 12525.4398 A
09107000 1998 2 11 12492.8697 A
09107000 1998 2 12 12426.2337 A
09107000 1998 2 13 12452.7226 A
09107000 1998 2 14 12469.6969 A
09107000 1998 2 15 12455.5238 A
09107000 1998 2 16 12410.4179 A
09107000 1998 2 17 12452.1274 A
09107000 1998 2 18 12403.6592 A
09107000 1998 2 19 12405.6763 A
09107000 1998 2 20 12415.5355 A
09107000 1998 2 21 12337.1186 A
09107000 1998 2 22 12612.5188 A
09107000 1998 2 23 12420.9817 A
09107000 1998 2 24 12486.1603 A
09107000 1998 2 25 12396.8122 A
09107000 1998 2 26 12453.4391 A
09107000 1998 2 27 12447.8175 A
09107000 1998 2 28 12387.4488 A
09107000 1998 3 1 12476.4353 A
09107000 1998 3 2 12366.4965 A
09107000 1998 3 3 12356.0577 A
09107000 1998 3 4 12343.1180 A
09107000 1998 3 5 12440.9478 A
09107000 1998 3 6 12411.2299 A
09107000 1998 3 7 12389.1841 A
09107000 1998 3 8 12364.4292 A
09107000 1998 3 9 12415.9550 A
09107000 1998 3 10 12316.5840 A
09107000 1998 3 11 12385.9597 A
09107000 1998 3 12 12313.7547 A
09107000 1998 3 13 12377.1132 A
09107000 1998 3 14 12331.7596 A
09107000 1998 3 15 12347.8133 A
09107000 1998 3 16 12336.0776 A
09107000 1998 3 17 12312.4438 A
09107000 1998 3 18 12349.6593 A
09107000 1998 3 19 12309.6950 A
09107000 1998 3 20 12400.4888 A
09107000 1998 3 21 12311.4142 A
09107000 1998 3 22 12265.2366 A
09107000 1998 3 23 12338.7089 A
09107000 1998 3 24 12263.9248 A
09107000 1998 3 25 12311.6530 A
09107000 1998 3 26 12241.3675 A
09107000 1998 3 27 12418.5723 A
09107000 1998 3 28 12233.8495 A
09107000 1998 3 29 12424.1859 A
09107000 1998 3 30 12352.1563 A
09107000 1998 3 31 12268.5406 A
09107000 1998 4 1 12269.5572 A
09107000 1998 4 2 12246.7835 A
09107000 1998 4 3 12239.7363 A
09107000 1998 4 4 12310.8306 A
09107000 1998 4 5 12364.7905 A
09107000 1998 4 6 12266.4039 A
09107000 1998 4 7 12219.3224 A
09107000 1998 4 8 12268.6557 A
09107000 1998 4 9 12223.3322 A
09107000 1998 4 10 12270.7019 A
09107000 1998 4 11 12274.5224 A
09107000 1998 4 12 12253.1467 A
09107000 1998 4 13 12298.0795 A
09107000 1998 4 14 12302.0476 A
09107000 1998 4 15 12207.0752 A
09107000 1998 4 16 12184.6240 A
09107000 1998 4 17 12214.2942 A
09107000 1998 4 18 12274.5936 A
09107000 1998 4 19 12188.3566 A
09107000 1998 4 20 12157.8223 A
09107000 1998 4 21 12211.8642 A
09107000 1998 4 22 12155.2667 A
09107000 1998 4 23 12125.6441 A
09107000 1998 4 24 12173.4420 A
09107000 1998 4 25 12229.3309 A
09107000 1998 4 26 12344.1732 A
09107000 1998 4 27 12220.9553 A
09107000 1998 4 28 12143.5412 A
09107000 1998 4 29 12297.1616 A
09107000 1998 4 30 12417.8360 A
09107000 1998 5 1 12312.4397 A
09107000 1998 5 2 12266.3984 A
09107000 1998 5 3 12469.6056 A
09107000 1998 5 4 12401.1213 A
09107000 1998 5 5 12411.6122 A
09107000 1998 5 6 12398.9384 A
09107000 1998 5 7 12543.1058 A
09107000 1998 5 8 12465.1900 A
09107000 1998 5 9 12578.1527 A
09107000 1998 5 10 12577.0980 A
09107000 1998 5 11 12705.7055 A
09107000 1998 5 12 12865.3061 A
09107000 1998 5 13 12831.1389 A
09107000 1998 5 14 12887.8669 A
09107000 1998 5 15 12685.8740 A
09107000 1998 5 16 12871.9400 A
09107000 1998 5 17 12827.8990 A
09107000 1998 5 18 13210.7885 A
09107000 1998 5 19 13116.7367 A
09107000 1998 5 20 13147.1862 A
09107000 1998 5 21 13139.5923 A
09107000 1998 5 22 13635.2911 A
09107000 1998 5 23 13530.4353 A
09107000 1998 5 24 13582.2375 A
09107000 1998 5 25 13680.9638 A
09107000 1998 5 26 13859.4050 A
09107000 1998 5 27 13841.1337 A
09107000 1998 5 28 14174.0809 A
09107000 1998 5 29 14429.0430 A
09107000 1998 5 30 14307.5731 A
09107000 1998 5 31 14254.0896 A
09107000 1998 6 1 14523.9276 A
09107000 1998 6 2 14531.5330 A
09107000 1998 6 3 14949.6870 A
09107000 1998 6 4 15106.3913 A
09107000 1998 6 5 15106.9797 A
09107000 1998 6 6 15001.3712 A
09107000 1998 6 7 15220.9591 A
09107000 1998 6 8 15412.7630 A
09107000 1998 6 9 15422.5985 A
09107000 1998 6 10 15571.1018 A
09107000 1998 6 11 15873.6611 A
09107000 1998 6 12 16033.1967 A
09107000 1998 6 13 16335.3235 A
09107000 1998 6 14 16229.1031 A
09107000 1998 6 15 16386.4861 A
09107000 1998 6 16 16371.6062 A
09107000 1998 6 17 16720.3877 A
09107000 1998 6 18 16742.3514 A
09107000 1998 6 19 16918.4676 A
09107000 1998 6 20 16973.5044 A
09107000 1998 6 21 17141.6850 A
09107000 1998 6 22 17453.8172 A
09107000 1998 6 23 17567.1109 A
09107000 1998 6 24 17399.3038 A
09107000 1998 6 25 17140.9171 A
09107000 1998 6 26 16988.6055 A
09107000 1998 6 27 16985.6670 A
09107000 1998 6 28 16947.0586 A
09107000 1998 6 29 17087.7137 A
09107000 1998 6 30 17019.0346 A
09107000 1998 7 1 17020.7753 A
09107000 1998 7 2 17031.6811 A
09107000 1998 7 3 17113.0392 A
09107000 1998 7 4 17202.5106 A
09107000 1998 7 5 17069.8590 A
09107000 1998 7 6 17152.8929 A
09107000 1998 7 7 16977.1664 A
09107000 1998 7 8 17313.7845 A
09107000 1998 7 9 17112.8056 A
09107000 1998 7 10 17046.2288 A
09107000 1998 7 11 17178.8904 A
09107000 1998 7 12 17035.0680 A
09107000 1998 7 13 17081.5800 A
09107000 1998 7 14 17123.6057 A
09107000 1998 7 15 17190.8289 A
09107000 1998 7 16 17154.6773 A
09107000 1998 7 17 17099.5239 A
09107000 1998 7 18 17092.3932 A
09107000 1998 7 19 17453.4434 A
09107000 1998 7 20 17280.0153 A
09107000 1998 7 21 17153.5452 A
09107000 1998 7 22 17139.5656 A
09107000 1998 7 23 17215.0720 A
09107000 1998 7 24 17135.1984 A
09107000 1998 7 25 17213.2996 A
09107000 1998 7 26 17118.4885 A
09107000 1998 7 27 17184.9191 A
09107000 1998 7 28 17113.5373 A
09107000 1998 7 29 17267.3931 A
09107000 1998 7 30 17201.6487 A
09107000 1998 7 31 17262.9633 A
09107000 1998 8 1 17301.6731 A
09107000 1998 8 2 17189.6469 A
09107000 1998 8 3 17133.8865 A
09107000 1998 8 4 17202.9601 A
09107000 1998 8 5 17133.0581 A
09107000 1998 8 6 17182.2180 A
09107000 1998 8 7 17234.7229 A
09107000 1998 8 8 17149.8516 A
09107000 1998 8 9 17198.3719 A
09107000 1998 8 10 17157.4452 A
09107000 1998 8 11 17152.8058 A
09107000 1998 8 12 17252.2504 A
09107000 1998 8 13 17158.0377 A
09107000 1998 8 14 17185.4538 A
09107000 1998 8 15 17120.7456 A
09107000 1998 8 16 17149.9356 A
09107000 1998 8 17 17151.5556 A
09107000 1998 8 18 17161.3089 A
09107000 1998 8 19 17148.9710 A
09107000 1998 8 20 17103.0924 A
09107000 1998 8 21 17137.9180 A
09107000 1998 8 22 17175.9677 A
09107000 1998 8 23 17277.9814 A
09107000 1998 8 24 17106.3858 A
09107000 1998 8 25 17173.9274 A
09107000 1998 8 26 17200.5183 A
09107000 1998 8 27 17204.2283 A
09107000 1998 8 28 17121.7825 A
09107000 1998 8 29 17072.7008 A
09107000 1998 8 30 17128.8126 A
09107000 1998 8 31 17112.5427 A
09107000 1998 9 1 17135.0148 A
09107000 1998 9 2 17051.1575 A
09107000 1998 9 3 17116.6273 A
09107000 1998 9 4 17067.1842 A
09107000 1998 9 5 17113.8080 A
09107000 1998 9 6 17003.4121 A
09107000 1998 9 7 17106.7625 A
09107000 1998 9 8 17107.7136 A
09107000 1998 9 9 17047.7385 A
09107000 1998 9 10 17047.7871 A
09107000 1998 9 11 17082.9407 A
09107000 1998 9 12 17038.6999 A
09107000 1998 9 13 16989.6356 A
09107000 1998 9 14 17075.0783 A
09107000 1998 9 15 17173.6524 A
09107000 1998 9 16 17052.7478 A
09107000 1998 9 17 16975.3656 A
09107000 1998 9 18 16963.8055 A
09107000 1998 9 19 17007.9356 A
09107000 1998 9 20 16972.2267 A
09107000 1998 9 21 16990.7021 A
09107000 1998 9 22 16961.8197 A
09107000 1998 9 23 17033.0489 A
09107000 1998 9 24 16993.1272 A
09107000 1998 9 25 17011.5154 A
09107000 1998 9 26 16930.8503 A
09107000 1998 9 27 16965.7339 A
09107000 1998 9 28 17053.1714 A
09107000 1998 9 29 16953.9950 A
09107000 1998 9 30 16921.3850 A
09107000 1998 10 1 16937.2410 A
09107000 1998 10 2 16982.9791 A
09107000 1998 10 3 16958.9902 A
09107000 1998 10 4 16934.9501 A
09107000 1998 10 5 16934.7805 A
09107000 1998 10 6 16921.3131 A
09107000 1998 10 7 16919.2988 A
09107000 1998 10 8 16918.2081 A
09107000 1998 10 9 16970.0486 A
09107000 1998 10 10 16896.4037 A
09107000 1998 10 11 16870.5055 A
09107000 1998 10 12 16969.1443 A
09107000 1998 10 13 16998.3515 A
09107000 1998 10 14 16867.7433 A
09107000 1998 10 15 16895.4241 A
09107000 1998 10 16 16879.3584 A
09107000 1998 10 17 16829.5725 A
09107000 1998 10 18 16813.3755 A
09107000 1998 10 19 16821.2487 A
09107000 1998 10 20 16807.3707 A
09107000 1998 10 21 16824.3707 A
09107000 1998 10 22 16754.6520 A
09107000 1998 10 23 16763.7632 A
09107000 1998 10 24 16749.2970 A
09107000 1998 10 25 16863.4574 A
09107000 1998 10 26 16808.1462 A
09107000 1998 10 27 16751.6870 A
09107000 1998 10 28 16781.5134 A
09107000 1998 10 29 16755.0908 A
09107000 1998 10 30 16745.1836 A
09107000 1998 10 31 16744.8987 A
09107000 1998 11 1 16686.0488 A
09107000 1998 11 2 16704.5573 A
09107000 1998 11 3 16694.6331 A
09107000 1998 11 4 16769.9714 A
09107000 1998 11 5 16680.7449 A
09107000 1998 11 6 16714.4079 A
09107000 1998 11 7 16682.2024 A
09107000 1998 11 8 16617.3415 A
09107000 1998 11 9 16605.7301 A
09107000 1998 11 10 16659.9792 A
09107000 1998 11 11 16632.4518 A
09107000 1998 11 12 16641.3864 A
09107000 1998 11 13 16616.8348 A
09107000 1998 11 14 16558.5091 A
09107000 1998 11 15 16586.3528 A
09107000 1998 11 16 16635.1314 A
09107000 1998 11 17 16557.9997 A
09107000 1998 11 18 16554.3908 A
09107000 1998 11 19 16558.4790 A
09107000 1998 11 20 16524.5885 A
09107000 1998 11 21 16503.2065 A
09107000 1998 11 22 16519.6676 A
09107000 1998 11 23 16484.7099 A
09107000 1998 11 24 16560.3295 A
09107000 1998 11 25 16457.7358 A
09107000 1998 11 26 16464.8886 A
09107000 1998 11 27 16480.2798 A
09107000 1998 11 28 16505.5459 A
09107000 1998 11 29 16476.5437 A
09107000 1998 11 30 16438.0999 A
09107000 1998 12 1 16449.0075 A
09107000 1998 12 2 16412.0747 A
09107000 1998 12 3 16433.8666 A
09107000 1998 12 4 16425.3476 A
09107000 1998 12 5 16434.9409 A
09107000 1998 12 6 16438.9243 A
09107000 1998 12 7 16391.9663 A
09107000 1998 12 8 16433.4036 A
09107000 1998 12 9 16382.6424 A
09107000 1998 12 10 16437.7400 A
09107000 1998 12 11 16319.9001 A
09107000 1998 12 12 16372.4313 A
09107000 1998 12 13 16364.2615 A
09107000 1998 12 14 16331.1535 A
09107000 1998 12 15 16277.3492 A
09107000 1998 12 16 16282.8270 A
09107000 1998 12 17 16326.8140 A
09107000 1998 12 18 16318.4717 A
09107000 1998 12 19 16351.6668 A
09107000 1998 12 20 16315.1352 A
09107000 1998 12 21 16325.4562 A
09107000 1998 12 22 16329.3689 A
09107000 1998 12 23 16325.6353 A
09107000 1998 12 24 16294.1495 A
09107000 1998 12 25 16271.6341 A
09107000 1998 12 26 16226.9597 A
09107000 1998 12 27 16253.2633 A
09107000 1998 12 28 16307.7593 A
09107000 1998 12 29 16231.6515 A
09107000 1998 12 30 16245.8934 A
09107000 1998 12 31 16291.5829 A
09107000 1999 1 1 16217.4622 A
09107000 1999 1 2 16203.7621 A
09107000 1999 1 3 16172.8659 A
09107000 1999 1 4 16181.2177 A
09107000 1999 1 5 16226.7759 A
09107000 1999 1 6 16221.0305 A
09107000 1999 1 7 16154.5373 A
09107000 1999 1 8 16154.5355 A
09107000 1999 1 9 16108.3954 A
09107000 1999 1 10 16146.9275 A
09107000 1999 1 11 16126.2720 A
09107000 1999 1 12 16167.1695 A
09107000 1999 1 13 16222.2956 A
09107000 1999 1 14 16171.7334 A
09107000 1999 1 15 16089.6847 A
09107000 1999 1 16 16151.4380 A
09107000 1999 1 17 16069.1493 A
09107000 1999 1 18 16108.0992 A
09107000 1999 1 19 16119.2430 A
09107000 1999 1 20 16076.2370 A
09107000 1999 1 21 16091.3956 A
09107000 1999 1 22 16043.2627 A
09107000 1999 1 23 16055.3347 A
09107000 1999 1 24 16070.7372 A
09107000 1999 1 25 16049.1010 A
09107000 1999 1 26 16050.7414 A
09107000 1999 1 27 16001.8069 A
09107000 1999 1 28 16038.6313 A
09107000 1999 1 29 16046.4543 A
09107000 1999 1 30 15970.3178 A
09107000 1999 1 31 16014.3202 A
09107000 1999 2 1 16019.8534 A
09107000 1999 2 2 16070.4892 A
09107000 1999 2 3 16112.3323 A
09107000 1999 2 4 16010.3339 A
09107000 1999 2 5 16087.9856 A
09107000 1999 2 6 16105.2819 A
09107000 1999 2 7 15990.0678 A
09107000 1999 2 8 15967.2215 A
09107000 1999 2 9 16052.5988 A
09107000 1999 2 10 16077.4416 A
09107000 1999 2 11 16249.2643 A
09107000 1999 2 12 16112.4335 A
09107000 1999 2 13 16215.7398 A
09107000 1999 2 14 16097.6205 A
09107000 1999 2 15 16075.7334 A
09107000 1999 2 16 16079.5783 A
09107000 1999 2 17 16074.2411 A
09107000 1999 2 18 16093.5171 A
09107000 1999 2 19 16088.2728 A
09107000 1999 2 20 16033.2469 A
09107000 1999 2 21 16069.0515 A
09107000 1999 2 22 16097.4073 A
09107000 1999 2 23 16068.8358 A
09107000 1999 2 24 15987.3162 A
09107000 1999 2 25 15995.2773 A
09107000 1999 2 26 16075.5159 A
09107000 1999 2 27 15994.8885 A
09107000 1999 2 28 16017.6076 A
09107000 1999 3 1 15985.7066 A
09107000 1999 3 2 16099.4909 A
09107000 1999 3 3 16303.3154 A
09107000 1999 3 4 16163.4842 A
09107000 1999 3 5 16032.2074 A
09107000 1999 3 6 16053.5602 A
09107000 1999 3 7 16124.1955 A
09107000 1999 3 8 16125.0746 A
09107000 1999 3 9 16086.2973 A
09107000 1999 3 10 16016.1516 A
09107000 1999 3 11 16074.7191 A
09107000 1999 3 12 16005.9732 A
09107000 1999 3 13 16259.9272 A
09107000 1999 3 14 16091.6406 A
09107000 1999 3 15 16031.6349 A
09107000 1999 3 16 16101.6606 A
09107000 1999 3 17 16126.0681 A
09107000 1999 3 18 16113.0754 A
09107000 1999 3 19 16109.0424 A
09107000 1999 3 20 16093.2930 A
09107000 1999 3 21 16076.2940 A
09107000 1999 3 22 16066.1775 A
09107000 1999 3 23 16177.2961 A
09107000 1999 3 24 16070.8469 A
09107000 1999 3 25 16060.3984 A
09107000 1999 3 26 16033.3727 A
09107000 1999 3 27 16054.2255 A
09107000 1999 3 28 16065.0566 A
09107000 1999 3 29 16109.0573 A
09107000 1999 3 30 16058.5058 A
09107000 1999 3 31 16105.1699 A
09107000 1999 4 1 16132.1737 A
09107000 1999 4 2 16073.1599 A
09107000 1999 4 3 16072.2370 A
09107000 1999 4 4 16060.7606 A
09107000 1999 4 5 16151.8610 A
09107000 1999 4 6 16111.4522 A
09107000 1999 4 7 16112.3812 A
09107000 1999 4 8 16103.0080 A
09107000 1999 4 9 16061.4645 A
09107000 1999 4 10 16063.6991 A
09107000 1999 4 11 16069.0553 A
09107000 1999 4 12 16005.0080 A
09107000 1999 4 13 16062.7122 A
09107000 1999 4 14 16078.5641 A
09107000 1999 4 15 15996.5723 A
09107000 1999 4 16 15987.5337 A
09107000 1999 4 17 16038.8073 A
09107000 1999 4 18 15983.4526 A
09107000 1999 4 19 16049.1087 A
09107000 1999 4 20 15948.8860 A
09107000 1999 4 21 16005.4464 A
09107000 1999 4 22 15948.2605 A
09107000 1999 4 23 16223.0477 A
09107000 1999 4 24 16019.2577 A
09107000 1999 4 25 15985.8060 A
09107000 1999 4 26 16204.3874 A
09107000 1999 4 27 16105.9306 A
09107000 1999 4 28 16028.0300 A
09107000 1999 4 29 16029.8278 A
09107000 1999 4 30 16015.8423 A
09107000 1999 5 1 16079.8655 A
09107000 1999 5 2 16124.3973 A
09107000 1999 5 3 16177.4608 A
09107000 1999 5 4 16113.3140 A
09107000 1999 5 5 16255.3447 A
09107000 1999 5 6 16296.8490 A
09107000 1999 5 7 16843.6939 A
09107000 1999 5 8 16611.8158 A
09107000 1999 5 9 16274.7133 A
09107000 1999 5 10 16816.8904 A
09107000 1999 5 11 16446.0841 A
09107000 1999 5 12 16615.5532 A
09107000 1999 5 13 16654.9817 A
09107000 1999 5 14 16651.5373 A
09107000 1999 5 15 16939.4294 A
09107000 1999 5 16 16833.3747 A
09107000 1999 5 17 17091.3842 A
09107000 1999 5 18 16959.6640 A
09107000 1999 5 19 17086.9903 A
09107000 1999 5 20 17426.8578 A
09107000 1999 5 21 17410.6160 A
09107000 1999 5 22 17400.7363 A
09107000 1999 5 23 17528.4100 A
09107000 1999 5 24 17948.3509 A
09107000 1999 5 25 17529.0158 A
09107000 1999 5 26 17705.7171 A
09107000 1999 5 27 17788.5954 A
09107000 1999 5 28 18016.7664 A
09107000 1999 5 29 18250.2025 A
09107000 1999 5 30 18040.2171 A
09107000 1999 5 31 18141.3012 A
09107000 1999 6 1 18186.4109 A
09107000 1999 6 2 18278.4126 A
09107000 1999 6 3 18469.7478 A
09107000 1999 6 4 18374.8943 A
09107000 1999 6 5 18612.5011 A
09107000 1999 6 6 18667.9646 A
09107000 1999 6 7 18896.9166 A
09107000 1999 6 8 19323.9260 A
09107000 1999 6 9 18992.9332 A
09107000 1999 6 10 19491.1647 A
09107000 1999 6 11 19826.6676 A
09107000 1999 6 12 19862.0932 A
09107000 1999 6 13 19941.6584 A
09107000 1999 6 14 20213.4620 A
09107000 1999 6 15 20312.2198 A
09107000 1999 6 16 20793.6115 A
09107000 1999 6 17 20604.7444 A
09107000 1999 6 18 20743.2772 A
09107000 1999 6 19 21169.7571 A
09107000 1999 6 20 21606.5996 A
09107000 1999 6 21 21077.9086 A
09107000 1999 6 22 20977.4694 A
09107000 1999 6 23 20680.4128 A
09107000 1999 6 24 20759.9775 A
09107000 1999 6 25 20662.1775 A
09107000 1999 6 26 20666.8627 A
09107000 1999 6 27 20755.5994 A
09107000 1999 6 28 20838.8547 A
09107000 1999 6 29 20733.7824 A
09107000 1999 6 30 20728.2985 A
09107000 1999 7 1 20654.6889 A
09107000 1999 7 2 20662.3985 A
09107000 1999 7 3 20694.1807 A
09107000 1999 7 4 20660.6107 A
09107000 1999 7 5 20680.0438 A
09107000 1999 7 6 20629.2188 A
09107000 1999 7 7 20797.2053 A
09107000 1999 7 8 20646.6426 A
09107000 1999 7 9 20933.3100 A
09107000 1999 7 10 20702.1518 A
09107000 1999 7 11 20759.6505 A
09107000 1999 7 12 20739.7774 A
09107000 1999 7 13 20720.8132 A
09107000 1999 7 14 20802.3984 A
09107000 1999 7 15 20742.4374 A
09107000 1999 7 16 20672.0244 A
09107000 1999 7 17 20783.1775 A
09107000 1999 7 18 20712.2519 A
09107000 1999 7 19 20666.6441 A
09107000 1999 7 20 20776.5580 A
09107000 1999 7 21 20712.4820 A
09107000 1999 7 22 20751.1781 A
09107000 1999 7 23 20741.5267 A
09107000 1999 7 24 20703.6887 A
09107000 1999 7 25 20692.5473 A
09107000 1999 7 26 20632.1929 A
09107000 1999 7 27 20753.6673 A
09107000 1999 7 28 20700.6321 A
09107000 1999 7 29 20752.5975 A
09107000 1999 7 30 20692.0115 A
09107000 1999 7 31 20733.6724 A
09107000 1999 8 1 20661.6875 A
09107000 1999 8 2 20760.3023 A
09107000 1999 8 3 20672.2713 A
09107000 1999 8 4 20651.1680 A
09107000 1999 8 5 20663.4572 A
09107000 1999 8 6 21004.7851 A
09107000 1999 8 7 20694.5605 A
09107000 1999 8 8 20892.6918 A
09107000 1999 8 9 20841.8338 A
09107000 1999 8 10 20704.3334 A
09107000 1999 8 11 20720.6428 A
09107000 1999 8 12 20734.2321 A
09107000 1999 8 13 20718.0654 A
09107000 1999 8 14 20730.3666 A
09107000 1999 8 15 20779.1561 A
09107000 1999 8 16 20627.5415 A
09107000 1999 8 17 20716.7794 A
09107000 1999 8 18 20670.7862 A
09107000 1999 8 19 20678.3595 A
09107000 1999 8 20 20663.3410 A
09107000 1999 8 21 20685.1394 A
09107000 1999 8 22 20657.9427 A
09107000 1999 8 23 20611.1289 A
09107000 1999 8 24 20700.6500 A
09107000 1999 8 25 20617.6273 A
09107000 1999 8 26 20632.1545 A
09107000 1999 8 27 20609.5839 A
09107000 1999 8 28 20637.7299 A
09107000 1999 8 29 20653.5606 A
09107000 1999 8 30 20586.2890 A
09107000 1999 8 31 20569.4200 A
09107000 1999 9 1 20599.6868 A
09107000 1999 9 2 20605.3169 A
09107000 1999 9 3 20717.1325 A
09107000 1999 9 4 20634.5185 A
09107000 1999 9 5 20600.9844 A
09107000 1999 9 6 20625.9229 A
09107000 1999 9 7 20558.8460 A
09107000 1999 9 8 20514.7028 A
09107000 1999 9 9 20611.0769 A
09107000 1999 9 10 20573.0719 A
09107000 1999 9 11 20593.6517 A
09107000 1999 9 12 20687.1840 A
09107000 1999 9 13 20559.6980 A
09107000 1999 9 14 20531.7533 A
09107000 1999 9 15 20583.5939 A
09107000 1999 9 16 20528.4780 A
09107000 1999 9 17 20513.0037 A
09107000 1999 9 18 20523.7296 A
09107000 1999 9 19 20537.9009 A
09107000 1999 9 20 20547.5695 A
09107000 1999 9 21 20595.9024 A
09107000 1999 9 22 20496.9700 A
09107000 1999 9 23 20470.7160 A
09107000 1999 9 24 20509.9533 A
09107000 1999 9 25 20493.1898 A
09107000 1999 9 26 20565.5361 A
09107000 1999 9 27 20580.4900 A
09107000 1999 9 28 20494.6547 A
09107000 1999 9 29 20626.3429 A
09107000 1999 9 30 20551.7257 A
09107000 1999 10 1 20478.2464 A
09107000 1999 10 2 20466.3854 A
09107000 1999 10 3 20466.0377 A
09107000 1999 10 4 20453.8748 A
09107000 1999 10 5 20460.7359 A
09107000 1999 10 6 20533.1793 A
09107000 1999 10 7 20444.1411 A
09107000 1999 10 8 20474.6646 A
09107000 1999 10 9 20667.3731 A
09107000 1999 10 10 20505.0934 A
09107000 1999 10 11 20458.8173 A
09107000 1999 10 12 20435.7275 A
09107000 1999 10 13 20449.0693 A
09107000 1999 10 14 20450.8302 A
09107000 1999 10 15 20414.8368 A
09107000 1999 10 16 20422.5065 A
09107000 1999 10 17 20418.8411 A
09107000 1999 10 18 20398.9013 A
09107000 1999 10 19 20368.3069 A
09107000 1999 10 20 20364.3229 A
09107000 1999 10 21 20372.2037 A
09107000 1999 10 22 20385.3476 A
09107000 1999 10 23 20386.4976 A
09107000 1999 10 24 20332.9533 A
09107000 1999 10 25 20330.6330 A
09107000 1999 10 26 20311.2102 A
09107000 1999 10 27 20321.1970 A
09107000 1999 10 28 20336.2546 A
09107000 1999 10 29 20316.6945 A
09107000 1999 10 30 20277.7114 A
09107000 1999 10 31 20294.3576 A
09107000 1999 11 1 20303.6088 A
09107000 1999 11 2 20248.5865 A
09107000 1999 11 3 20242.0122 A
09107000 1999 11 4 20242.2917 A
09107000 1999 11 5 20212.3097 A
09107000 1999 11 6 20237.0657 A
09107000 1999 11 7 20235.4096 A
09107000 1999 11 8 20211.1559 A
09107000 1999 11 9 20163.7445 A
09107000 1999 11 10 20172.2726 A
09107000 1999 11 11 20181.1916 A
09107000 1999 11 12 20207.6694 A
09107000 1999 11 13 20206.5437 A
09107000 1999 11 14 20177.8601 A
09107000 1999 11 15 20133.9422 A
09107000 1999 11 16 20121.9968 A
09107000 1999 11 17 20260.0982 A
09107000 1999 11 18 20137.9711 A
09107000 1999 11 19 20121.0262 A
09107000 1999 11 20 20074.2195 A
09107000 1999 11 21 20103.3935 A
09107000 1999 11 22 20087.4698 A
09107000 1999 11 23 20201.0527 A
09107000 1999 11 24 20063.1329 A
09107000 1999 11 25 20114.5485 A
09107000 1999 11 26 20084.2542 A
09107000 1999 11 27 20115.5064 A
09107000 1999 11 28 20092.8542 A
09107000 1999 11 29 20053.6703 A
09107000 1999 11 30 20081.6594 A
09107000 1999 12 1 20130.8309 A
09107000 1999 12 2 20015.8974 A
09107000 1999 12 3 20080.6436 A
09107000 1999 12 4 20083.0319 A
09107000 1999 12 5 20014.6832 A
09107000 1999 12 6 19989.8317 A
09107000 1999 12 7 20094.0978 A
09107000 1999 12 8 19998.9685 A
09107000 1999 12 9 20060.2915 A
09107000 1999 12 10 19995.5286 A
09107000 1999 12 11 19991.0232 A
09107000 1999 12 12 19952.3859 A
09107000 1999 12 13 20092.7223 A
09107000 1999 12 14 20018.5969 A
09107000 1999 12 15 19974.8074 A
09107000 1999 12 16 19961.0318 A
09107000 1999 12 17 20013.9408 A
09107000 1999 12 18 20182.4821 A
09107000 1999 12 19 20013.0623 A
09107000 1999 12 20 19969.0725 A
09107000 1999 12 21 20037.6080 A
09107000 1999 12 22 20068.2196 A
09107000 1999 12 23 20038.1590 A
09107000 1999 12 24 19987.8530 A
09107000 1999 12 25 19960.2112 A
09107000 1999 12 26 20026.6804 A
09107000 1999 12 27 20042.3072 A
09107000 1999 12 28 20002.9474 A
09107000 1999 12 29 19909.6582 A
09107000 1999 12 30 19927.7054 A
09107000 1999 12 31 19895.4185 A
09107000 2000 1 1 20015.3785 A
09107000 2000 1 2 19990.6483 A
09107000 2000 1 3 19946.8083 A
09107000 2000 1 4 19918.7491 A
09107000 2000 1 5 19985.8159 A
09107000 2000 1 6 19967.0013 A
09107000 2000 1 7 19935.6053 A
09107000 2000 1 8 19890.0722 A
09107000 2000 1 9 19972.7355 A
09107000 2000 1 10 19901.1878 A
09107000 2000 1 11 20078.6932 A
09107000 2000 1 12 19903.0904 A
09107000 2000 1 13 19907.8475 A
09107000 2000 1 14 19875.9986 A
09107000 2000 1 15 19934.6427 A
09107000 2000 1 16 19991.4027 A
09107000 2000 1 17 19963.0491 A
09107000 2000 1 18 19890.3318 A
09107000 2000 1 19 19854.5433 A
09107000 2000 1 20 19856.5480 A
09107000 2000 1 21 19939.0308 A
09107000 2000 1 22 19843.3031 A
09107000 2000 1 23 19817.2052 A
09107000 2000 1 24 19851.3676 A
09107000 2000 1 25 19847.2539 A
09107000 2000 1 26 19834.0888 A
09107000 2000 1 27 19841.3241 A
09107000 2000 1 28 19808.3501 A
09107000 2000 1 29 20015.3815 A
09107000 2000 1 30 19889.8726 A
09107000 2000 1 31 20041.6556 A
09107000 2000 2 1 19866.8504 A
09107000 2000 2 2 19870.1462 A
09107000 2000 2 3 19877.3339 A
09107000 2000 2 4 19831.9079 A
09107000 2000 2 5 19863.8922 A
09107000 2000 2 6 19892.2171 A
09107000 2000 2 7 19849.1319 A
09107000 2000 2 8 19821.0831 A
09107000 2000 2 9 19826.1674 A
09107000 2000 2 10 19879.7405 A
09107000 2000 2 11 19837.1561 A
09107000 2000 2 12 20013.4813 A
09107000 2000 2 13 19985.5952 A
09107000 2000 2 14 19852.5859 A
09107000 2000 2 15 19882.3687 A
09107000 2000 2 16 19835.6748 A
09107000 2000 2 17 19780.9805 A
09107000 2000 2 18 19813.4331 A
09107000 2000 2 19 19809.5277 A
09107000 2000 2 20 19911.3855 A
09107000 2000 2 21 19794.7046 A
09107000 2000 2 22 19799.8186 A
09107000 2000 2 23 19829.6425 A
09107000 2000 2 24 19840.5426 A
09107000 2000 2 25 19820.4698 A
09107000 2000 2 26 19902.6936 A
09107000 2000 2 27 19813.0076 A
09107000 2000 2 28 19792.3421 A
09107000 2000 2 29 19823.2084 A
09107000 2000 3 1 19867.5825 A
09107000 2000 3 2 19841.7230 A
09107000 2000 3 3 19817.3266 A
09107000 2000 3 4 19807.6171 A
09107000 2000 3 5 19887.5496 A
09107000 2000 3 6 19781.8091 A
09107000 2000 3 7 19787.3883 A
09107000 2000 3 8 19766.8237 A
09107000 2000 3 9 19743.1557 A
09107000 2000 3 10 19858.8660 A
09107000 2000 3 11 19744.8411 A
09107000 2000 3 12 19791.7880 A
09107000 2000 3 13 19710.9757 A
09107000 2000 3 14 19820.6106 A
09107000 2000 3 15 19747.9729 A
09107000 2000 3 16 19797.5943 A
09107000 2000 3 17 19843.5267 A
09107000 2000 3 18 19770.7174 A
09107000 2000 3 19 19723.7320 A
09107000 2000 3 20 19776.8392 A
09107000 2000 3 21 19797.1180 A
09107000 2000 3 22 19785.5311 A
09107000 2000 3 23 19920.3522 A
09107000 2000 3 24 19752.6887 A
09107000 2000 3 25 19771.1407 A
09107000 2000 3 26 19751.4298 A
09107000 2000 3 27 19736.5845 A
09107000 2000 3 28 19734.4774 A
09107000 2000 3 29 19737.2316 A
09107000 2000 3 30 19732.2288 A
09107000 2000 3 31 19688.4793 A
09107000 2000 4 1 19685.3376 A
09107000 2000 4 2 19700.9334 A
09107000 2000 4 3 19865.1069 A
09107000 2000 4 4 19715.1065 A
09107000 2000 4 5 19710.3850 A
09107000 2000 4 6 19830.5341 A
09107000 2000 4 7 19690.5906 A
09107000 2000 4 8 19648.7951 A
09107000 2000 4 9 19717.5158 A
09107000 2000 4 10 19706.4702 A
09107000 2000 4 11 19746.7666 A
09107000 2000 4 12 19684.3751 A
09107000 2000 4 13 19634.4804 A
09107000 2000 4 14 19821.5751 A
09107000 2000 4 15 19642.1100 A
09107000 2000 4 16 19681.4731 A
09107000 2000 4 17 19704.0185 A
09107000 2000 4 18 19747.4061 A
09107000 2000 4 19 19666.5825 A
09107000 2000 4 20 19751.1210 A
09107000 2000 4 21 19664.6656 A
09107000 2000 4 22 19663.4247 A
09107000 2000 4 23 19640.4617 A
09107000 2000 4 24 19676.0703 A
09107000 2000 4 25 19641.5948 A
09107000 2000 4 26 19660.4202 A
09107000 2000 4 27 19640.3885 A
09107000 2000 4 28 19724.1968 A
09107000 2000 4 29 19610.3549 A
09107000 2000 4 30 19652.6711 A
09107000 2000 5 1 19686.0719 A
09107000 2000 5 2 19623.9537 A
09107000 2000 5 3 19717.9893 A
09107000 2000 5 4 19954.2713 A
09107000 2000 5 5 19911.0550 A
09107000 2000 5 6 19947.9919 A
09107000 2000 5 7 20143.7141 A
09107000 2000 5 8 19822.0019 A
09107000 2000 5 9 20355.6920 A
09107000 2000 5 10 19902.3154 A
09107000 2000 5 11 20004.9641 A
09107000 2000 5 12 20180.0510 A
09107000 2000 5 13 19954.3883 A
09107000 2000 5 14 20234.9138 A
09107000 2000 5 15 20248.4317 A
09107000 2000 5 16 20500.5953 A
09107000 2000 5 17 20575.2137 A
09107000 2000 5 18 20581.0548 A
09107000 2000 5 19 20825.2938 A
09107000 2000 5 20 20888.0322 A
09107000 2000 5 21 20857.2803 A
09107000 2000 5 22 20935.1456 A
09107000 2000 5 23 20948.8323 A
09107000 2000 5 24 21035.4572 A
09107000 2000 5 25 21214.5081 A
09107000 2000 5 26 21077.5296 A
09107000 2000 5 27 21295.8189 A
09107000 2000 5 28 21197.3490 A
09107000 2000 5 29 21512.9233 A
09107000 2000 5 30 21486.5168 A
09107000 2000 5 31 21813.2685 A
09107000 2000 6 1 21786.1319 A
09107000 2000 6 2 21962.7236 A
09107000 2000 6 3 22087.7755 A
09107000 2000 6 4 22082.8456 A
09107000 2000 6 5 22291.0187 A
09107000 2000 6 6 22298.4329 A
09107000 2000 6 7 22453.8876 A
09107000 2000 6 8 22570.0351 A
09107000 2000 6 9 22815.2302 A
09107000 2000 6 10 22640.2490 A
09107000 2000 6 11 22857.2384 A
09107000 2000 6 12 23389.5851 A
09107000 2000 6 13 23282.1635 A
09107000 2000 6 14 23277.2387 A
09107000 2000 6 15 23559.8667 A
09107000 2000 6 16 24009.2702 A
09107000 2000 6 17 24016.9655 A
09107000 2000 6 18 23998.2345 A
09107000 2000 6 19 24171.0309 A
09107000 2000 6 20 24321.0318 A
09107000 2000 6 21 24568.7821 A
09107000 2000 6 22 24679.1239 A
09107000 2000 6 23 24727.8159 A
09107000 2000 6 24 24922.3127 A
09107000 2000 6 25 25099.4472 A
09107000 2000 6 26 25290.5125 A
09107000 2000 6 27 24673.4080 A
09107000 2000 6 28 24721.6453 A
09107000 2000 6 29 24765.5620 A
09107000 2000 6 30 24679.9037 A
09107000 2000 7 1 24736.3510 A
09107000 2000 7 2 24723.1770 A
09107000 2000 7 3 24655.6342 A
09107000 2000 7 4 24606.4836 A
09107000 2000 7 5 24874.8563 A
09107000 2000 7 6 24662.0335 A
09107000 2000 7 7 24657.1432 A
09107000 2000 7 8 24808.4791 A
09107000 2000 7 9 24695.8848 A
09107000 2000 7 10 24695.1841 A
09107000 2000 7 11 24686.4073 A
09107000 2000 7 12 24671.4640 A
09107000 2000 7 13 24671.0400 A
09107000 2000 7 14 24863.3831 A
09107000 2000 7 15 24670.7500 A
09107000 2000 7 16 24719.4444 A
09107000 2000 7 17 24679.4080 A
09107000 2000 7 18 24910.5248 A
09107000 2000 7 19 24785.8198 A
09107000 2000 7 20 24684.6239 A
09107000 2000 7 21 24822.2250 A
09107000 2000 7 22 24740.5089 A
09107000 2000 7 23 24823.6203 A
09107000 2000 7 24 24903.0602 A
09107000 2000 7 25 24793.4290 A
09107000 2000 7 26 24709.0869 A
09107000 2000 7 27 24720.4296 A
09107000 2000 7 28 24753.3207 A
09107000 2000 7 29 24790.2676 A
09107000 2000 7 30 25058.1377 A
09107000 2000 7 31 24877.7762 A
09107000 2000 8 1 24853.1330 A
09107000 2000 8 2 24808.4127 A
09107000 2000 8 3 24765.7770 A
09107000 2000 8 4 24902.8588 A
09107000 2000 8 5 25052.4576 A
09107000 2000 8 6 24825.0418 A
09107000 2000 8 7 24814.9264 A
09107000 2000 8 8 24925.1531 A
09107000 2000 8 9 24931.7387 A
09107000 2000 8 10 24867.1420 A
09107000 2000 8 11 24902.2861 A
09107000 2000 8 12 24801.2558 A
09107000 2000 8 13 24910.9132 A
09107000 2000 8 14 24886.3519 A
09107000 2000 8 15 24840.8356 A
09107000 2000 8 16 24862.8925 A
09107000 2000 8 17 24834.7923 A
09107000 2000 8 18 24883.1959 A
09107000 2000 8 19 24828.3580 A
09107000 2000 8 20 24799.7756 A
09107000 2000 8 21 24841.1795 A
09107000 2000 8 22 24791.3002 A
09107000 2000 8 23 24739.0115 A
09107000 2000 8 24 24798.9171 A
09107000 2000 8 25 24758.9593 A
09107000 2000 8 26 24885.8586 A
09107000 2000 8 27 24772.3014 A
09107000 2000 8 28 24769.5885 A
09107000 2000 8 29 24772.1496 A
09107000 2000 8 30 24760.5121 A
09107000 2000 8 31 24735.5489 A
09107000 2000 9 1 24826.7329 A
09107000 2000 9 2 24816.4742 A
09107000 2000 9 3 24747.2083 A
09107000 2000 9 4 24804.8773 A
09107000 2000 9 5 24754.9609 A
09107000 2000 9 6 24745.0137 A
09107000 2000 9 7 24732.0038 A
09107000 2000 9 8 24734.2030 A
09107000 2000 9 9 24679.2787 A
09107000 2000 9 10 24718.2323 A
09107000 2000 9 11 24648.8448 A
09107000 2000 9 12 24791.0808 A
09107000 2000 9 13 24704.6104 A
09107000 2000 9 14 24740.1787 A
09107000 2000 9 15 24740.3215 A
09107000 2000 9 16 24675.6195 A
09107000 2000 9 17 24673.0217 A
09107000 2000 9 18 24654.0924 A
09107000 2000 9 19 24676.8223 A
09107000 2000 9 20 24932.3686 A
09107000 2000 9 21 24719.0214 A
09107000 2000 9 22 24699.9927 A
09107000 2000 9 23 24725.4171 A
09107000 2000 9 24 24691.1404 A
09107000 2000 9 25 24673.5562 A
09107000 2000 9 26 24783.0443 A
09107000 2000 9 27 24670.7858 A
09107000 2000 9 28 24676.9401 A
09107000 2000 9 29 24652.7674 A
09107000 2000 9 30 24682.9339 A
09107000 2000 10 1 24622.7831 A
09107000 2000 10 2 24729.6921 A
09107000 2000 10 3 24710.8188 A
09107000 2000 10 4 24613.4329 A
09107000 2000 10 5 24817.5837 A
09107000 2000 10 6 24702.6852 A
09107000 2000 10 7 24655.6449 A
09107000 2000 10 8 24637.1567 A
09107000 2000 10 9 24693.6816 A
09107000 2000 10 10 24643.6901 A
09107000 2000 10 11 24582.7001 A
09107000 2000 10 12 24605.5466 A
09107000 2000 10 13 24674.9894 A
09107000 2000 10 14 24569.0223 A
09107000 2000 10 15 24546.7262 A
09107000 2000 10 16 24634.7808 A
09107000 2000 10 17 24566.9428 A
09107000 2000 10 18 24541.8352 A
09107000 2000 10 19 24541.8959 A
09107000 2000 10 20 24522.6575 A
09107000 2000 10 21 24520.5944 A
09107000 2000 10 22 24525.9745 A
09107000 2000 10 23 24519.8433 A
09107000 2000 10 24 24558.2585 A
09107000 2000 10 25 24528.4333 A
09107000 2000 10 26 24487.0270 A
09107000 2000 10 27 24458.3637 A
09107000 2000 10 28 24434.0197 A
09107000 2000 10 29 24466.2993 A
09107000 2000 10 30 24473.9337 A
09107000 2000 10 31 24507.4860 A
09107000 2000 11 1 24432.4762 A
09107000 2000 11 2 24426.1504 A
09107000 2000 11 3 24375.9408 A
09107000 2000 11 4 24382.5382 A
09107000 2000 11 5 24401.0306 A
09107000 2000 11 6 24409.0436 A
09107000 2000 11 7 24376.5354 A
09107000 2000 11 8 24418.9095 A
09107000 2000 11 9 24348.5627 A
09107000 2000 11 10 24383.9457 A
09107000 2000 11 11 24379.4826 A
09107000 2000 11 12 24366.1283 A
09107000 2000 11 13 24317.2352 A
09107000 2000 11 14 24329.6737 A
09107000 2000 11 15 24393.7540 A
09107000 2000 11 16 24302.7763 A
09107000 2000 11 17 24286.7367 A
09107000 2000 11 18 24258.4319 A
09107000 2000 11 19 24245.6074 A
09107000 2000 11 20 24314.6389 A
09107000 2000 11 21 24288.2775 A
09107000 2000 11 22 24269.3966 A
09107000 2000 11 23 24245.9331 A
09107000 2000 11 24 24214.7521 A
09107000 2000 11 25 24209.0803 A
09107000 2000 11 26 24218.9043 A
09107000 2000 11 27 24202.8441 A
09107000 2000 11 28 24173.9798 A
09107000 2000 11 29 24239.7337 A
09107000 2000 11 30 24165.5476 A
09107000 2000 12 1 24254.3880 A
09107000 2000 12 2 24152.4953 A
09107000 2000 12 3 24278.6941 A
09107000 2000 12 4 24262.1339 A
09107000 2000 12 5 24177.9432 A
09107000 2000 12 6 24145.8979 A
09107000 2000 12 7 24159.0782 A
09107000 2000 12 8 24167.6448 A
09107000 2000 12 9 24168.6596 A
09107000 2000 12 10 24142.1323 A
09107000 2000 12 11 24125.4954 A
09107000 2000 12 12 24100.2384 A
09107000 2000 12 13 24111.1502 A
09107000 2000 12 14 24080.3926 A
09107000 2000 12 15 24050.5870 A
09107000 2000 12 16 24096.8661 A
09107000 2000 12 17 24033.0822 A
09107000 2000 12 18 24043.0519 A
09107000 2000 12 19 24044.4556 A
09107000 2000 12 20 24104.2462 A
09107000 2000 12 21 24031.5998 A
09107000 2000 12 22 24040.9880 A
09107000 2000 12 23 24007.0473 A
09107000 2000 12 24 23940.9186 A
09107000 2000 12 25 24003.6233 A
09107000 2000 12 26 23962.7871 A
09107000 2000 12 27 23984.2210 A
09107000 2000 12 28 23941.7404 A
09107000 2000 12 29 23899.6358 A
09107000 2000 12 30 23933.6558 A
09107000 2000 12 31 23924.5238 A
09107000 2001 1 1 23927.5354 A
09107000 2001 1 2 23995.2305 A
09107000 2001 1 3 23979.2244 A
09107000 2001 1 4 23956.4654 A
09107000 2001 1 5 23904.1389 A
09107000 2001 1 6 23966.2140 A
09107000 2001 1 7 23906.9300 A
09107000 2001 1 8 23902.1934 A
09107000 2001 1 9 23924.0636 A
09107000 2001 1 10 24048.0352 A
09107000 2001 1 11 23911.5407 A
09107000 2001 1 12 23857.2190 A
09107000 2001 1 13 23904.5633 A
09107000 2001 1 14 23860.4756 A
09107000 2001 1 15 23889.4667 A
09107000 2001 1 16 23845.6459 A
09107000 2001 1 17 23853.8749 A
09107000 2001 1 18 23891.0521 A
09107000 2001 1 19 23865.6849 A
09107000 2001 1 20 24014.0485 A
09107000 2001 1 21 23899.8105 A
09107000 2001 1 22 23844.1950 A
09107000 2001 1 23 23831.3342 A
09107000 2001 1 24 23844.7968 A
09107000 2001 1 25 23872.8820 A
09107000 2001 1 26 23814.6658 A
09107000 2001 1 27 23896.7705 A
09107000 2001 1 28 23876.1250 A
09107000 2001 1 29 23815.2009 A
09107000 2001 1 30 23826.2838 A
09107000 2001 1 31 23852.0592 A
09107000 2001 2 1 23825.1935 A
09107000 2001 2 2 23795.9071 A
09107000 2001 2 3 23771.0641 A
09107000 2001 2 4 23895.5222 A
09107000 2001 2 5 23807.7314 A
09107000 2001 2 6 23742.6112 A
09107000 2001 2 7 23830.4087 A
09107000 2001 2 8 23796.8248 A
09107000 2001 2 9 23754.4080 A
09107000 2001 2 10 23898.4469 A
09107000 2001 2 11 23887.9821 A
09107000 2001 2 12 23799.8722 A
09107000 2001 2 13 23773.0584 A
09107000 2001 2 14 23800.9118 A
09107000 2001 2 15 23754.5594 A
09107000 2001 2 16 23748.3288 A
09107000 2001 2 17 23799.1397 A
09107000 2001 2 18 23736.6308 A
09107000 2001 2 19 23850.4429 A
09107000 2001 2 20 23736.3643 A
09107000 2001 2 21 23758.3123 A
09107000 2001 2 22 23736.0492 A
09107000 2001 2 23 23769.1981 A
09107000 2001 2 24 23785.5159 A
09107000 2001 2 25 23727.0484 A
09107000 2001 2 26 23813.8124 A
09107000 2001 2 27 23756.2741 A
09107000 2001 2 28 23753.7007 A
09107000 2001 3 1 23721.5883 A
09107000 2001 3 2 23682.3472 A
09107000 2001 3 3 23765.3967 A
09107000 2001 3 4 23697.7168 A
09107000 2001 3 5 23692.8968 A
09107000 2001 3 6 23713.8199 A
09107000 2001 3 7 23710.8089 A
09107000 2001 3 8 23681.0919 A
09107000 2001 3 9 23682.4018 A
09107000 2001 3 10 23656.8566 A
09107000 2001 3 11 23750.8706 A
09107000 2001 3 12 23698.0461 A
09107000 2001 3 13 23683.5131 A
09107000 2001 3 14 23667.9614 A
09107000 2001 3 15 23692.5900 A
09107000 2001 3 16 23582.4336 A
09107000 2001 3 17 23775.2630 A
09107000 2001 3 18 23601.9596 A
09107000 2001 3 19 23662.1879 A
09107000 2001 3 20 23661.9491 A
09107000 2001 3 21 23723.9548 A
09107000 2001 3 22 23651.6187 A
09107000 2001 3 23 23614.0807 A
09107000 2001 3 24 23665.4087 A
09107000 2001 3 25 23616.8044 A
09107000 2001 3 26 23602.1547 A
09107000 2001 3 27 23714.4831 A
09107000 2001 3 28 23614.9293 A
09107000 2001 3 29 23572.6306 A
09107000 2001 3 30 23552.0538 A
09107000 2001 3 31 23521.1824 A
09107000 2001 4 1 23589.3943 A
09107000 2001 4 2 23532.1232 A
09107000 2001 4 3 23625.3337 A
09107000 2001 4 4 23540.1167 A
09107000 2001 4 5 23510.7798 A
09107000 2001 4 6 23617.6206 A
09107000 2001 4 7 23548.9730 A
09107000 2001 4 8 23477.4642 A
09107000 2001 4 9 23525.4524 A
09107000 2001 4 10 23486.0887 A
09107000 2001 4 11 23527.8643 A
09107000 2001 4 12 23547.6027 A
09107000 2001 4 13 23499.1531 A
09107000 2001 4 14 23483.5960 A
09107000 2001 4 15 23530.7480 A
09107000 2001 4 16 23453.3576 A
09107000 2001 4 17 23476.6684 A
09107000 2001 4 18 23522.6314 A
09107000 2001 4 19 23488.9208 A
09107000 2001 4 20 23509.0944 A
09107000 2001 4 21 23485.8485 A
09107000 2001 4 22 23577.4914 A
09107000 2001 4 23 23522.2715 A
09107000 2001 4 24 23489.9989 A
09107000 2001 4 25 23500.5611 A
09107000 2001 4 26 23510.5447 A
09107000 2001 4 27 23475.3683 A
09107000 2001 4 28 23549.1844 A
09107000 2001 4 29 23463.0826 A
09107000 2001 4 30 23679.4049 A
09107000 2001 5 1 23752.9491 A
09107000 2001 5 2 23562.3212 A
09107000 2001 5 3 23790.2761 A
09107000 2001 5 4 23653.1265 A
09107000 2001 5 5 23584.0002 A
09107000 2001 5 6 23821.8749 A
09107000 2001 5 7 23661.1325 A
09107000 2001 5 8 23889.7655 A
09107000 2001 5 9 23892.6323 A
09107000 2001 5 10 23849.0839 A
09107000 2001 5 11 23999.8002 A
09107000 2001 5 12 23919.3433 A
09107000 2001 5 13 24190.7738 A
09107000 2001 5 14 24078.8914 A
09107000 2001 5 15 24195.5594 A
09107000 2001 5 16 24219.4621 A
09107000 2001 5 17 24266.3622 A
09107000 2001 5 18 24496.6382 A
09107000 2001 5 19 24549.9237 A
09107000 2001 5 20 24552.7258 A
09107000 2001 5 21 24622.5097 A
09107000 2001 5 22 24578.0347 A
09107000 2001 5 23 24702.1944 A
09107000 2001 5 24 24847.9507 A
09107000 2001 5 25 24989.6828 A
09107000 2001 5 26 24780.1786 A
09107000 2001 5 27 25218.0341 A
09107000 2001 5 28 25268.3363 A
09107000 2001 5 29 25406.9393 A
09107000 2001 5 30 25340.5832 A
09107000 2001 5 31 25415.6751 A
09107000 2001 6 1 25468.1685 A
09107000 2001 6 2 25639.8872 A
09107000 2001 6 3 25823.9981 A
09107000 2001 6 4 26062.2257 A
09107000 2001 6 5 26132.0660 A
09107000 2001 6 6 26522.5474 A
09107000 2001 6 7 26484.7939 A
09107000 2001 6 8 26446.4407 A
09107000 2001 6 9 27015.5797 A
09107000 2001 6 10 26814.3027 A
09107000 2001 6 11 26726.8125 A
09107000 2001 6 12 27136.2436 A
09107000 2001 6 13 27005.7426 A
09107000 2001 6 14 27316.1688 A
09107000 2001 6 15 27379.1818 A
09107000 2001 6 16 27752.2457 A
09107000 2001 6 17 27918.2578 A
09107000 2001 6 18 27869.7374 A
09107000 2001 6 19 28050.3783 A
09107000 2001 6 20 28315.6008 A
09107000 2001 6 21 28299.4791 A
09107000 2001 6 22 28102.4702 A
09107000 2001 6 23 27884.0919 A
09107000 2001 6 24 27957.9044 A
09107000 2001 6 25 27804.2580 A
09107000 2001 6 26 27849.7601 A
09107000 2001 6 27 27982.6455 A
09107000 2001 6 28 27860.9494 A
09107000 2001 6 29 28094.4288 A
09107000 2001 6 30 27969.5715 A
09107000 2001 7 1 28034.9148 A
09107000 2001 7 2 27883.5367 A
09107000 2001 7 3 27892.3401 A
09107000 2001 7 4 28065.6520 A
09107000 2001 7 5 27910.2939 A
09107000 2001 7 6 28087.2600 A
09107000 2001 7 7 27934.4093 A
09107000 2001 7 8 27918.4111 A
09107000 2001 7 9 27942.0754 A
09107000 2001 7 10 27869.1963 A
09107000 2001 7 11 27971.6175 A
09107000 2001 7 12 27849.5579 A
09107000 2001 7 13 28105.6449 A
09107000 2001 7 14 27942.4161 A
09107000 2001 7 15 28005.6546 A
09107000 2001 7 16 28002.1987 A
09107000 2001 7 17 27993.0615 A
09107000 2001 7 18 27983.0565 A
09107000 2001 7 19 27913.6098 A
09107000 2001 7 20 27999.0023 A
09107000 2001 7 21 28106.1331 A
09107000 2001 7 22 27985.4710 A
09107000 2001 7 23 28050.2818 A
09107000 2001 7 24 28065.8651 A
09107000 2001 7 25 27984.7590 A
09107000 2001 7 26 27965.1157 A
09107000 2001 7 27 27950.4495 A
09107000 2001 7 28 27936.8564 A
09107000 2001 7 29 27900.2891 A
09107000 2001 7 30 27933.3011 A
09107000 2001 7 31 27948.4851 A
09107000 2001 8 1 28059.1671 A
09107000 2001 8 2 27952.3124 A
09107000 2001 8 3 27888.7162 A
09107000 2001 8 4 28042.4156 A
09107000 2001 8 5 28049.6360 A
09107000 2001 8 6 27973.4664 A
09107000 2001 8 7 27973.7210 A
09107000 2001 8 8 28033.2617 A
09107000 2001 8 9 28035.9761 A
09107000 2001 8 10 27939.4051 A
09107000 2001 8 11 27942.5541 A
09107000 2001 8 12 27909.3118 A
09107000 2001 8 13 27930.6243 A
09107000 2001 8 14 27941.8879 A
09107000 2001 8 15 27914.6126 A
09107000 2001 8 16 27903.5832 A
09107000 2001 8 17 27953.4612 A
09107000 2001 8 18 27887.6366 A
09107000 2001 8 19 27978.2566 A
09107000 2001 8 20 27900.0818 A
09107000 2001 8 21 27942.9124 A
09107000 2001 8 22 27970.8580 A
09107000 2001 8 23 27936.1604 A
09107000 2001 8 24 27892.0188 A
09107000 2001 8 25 27876.6209 A
09107000 2001 8 26 28006.4600 A
09107000 2001 8 27 27917.7439 A
09107000 2001 8 28 27865.1621 A
09107000 2001 8 29 28066.1105 A
09107000 2001 8 30 27974.1928 A
09107000 2001 8 31 27922.8025 A
09107000 2001 9 1 27890.6634 A
09107000 2001 9 2 27886.8854 A
09107000 2001 9 3 27841.1441 A
09107000 2001 9 4 27886.5657 A
09107000 2001 9 5 27914.0473 A
09107000 2001 9 6 27892.8632 A
09107000 2001 9 7 27917.5102 A
09107000 2001 9 8 27839.5544 A
09107000 2001 9 9 27883.5709 A
09107000 2001 9 10 27909.6272 A
09107000 2001 9 11 28015.6431 A
09107000 2001 9 12 27976.8723 A
09107000 2001 9 13 28004.1997 A
09107000 2001 9 14 27894.2159 A
09107000 2001 9 15 27920.7773 A
09107000 2001 9 16 27887.4489 A
09107000 2001 9 17 27923.5143 A
09107000 2001 9 18 27883.7235 A
09107000 2001 9 19 27903.5256 A
09107000 2001 9 20 27863.0910 A
09107000 2001 9 21 27890.8454 A
09107000 2001 9 22 27919.3658 A
09107000 2001 9 23 28028.5773 A
09107000 2001 9 24 27841.6013 A
09107000 2001 9 25 28114.8292 A
09107000 2001 9 26 27940.4400 A
09107000 2001 9 27 27983.4323 A
09107000 2001 9 28 27901.9682 A
09107000 2001 9 29 27937.9367 A
09107000 2001 9 30 27910.5413 A
09107000 2001 10 1 27977.2552 A
09107000 2001 10 2 27850.3475 A
09107000 2001 10 3 27853.5428 A
09107000 2001 10 4 27966.4442 A
09107000 2001 10 5 27883.7366 A
09107000 2001 10 6 27861.0551 A
09107000 2001 10 7 27864.4967 A
09107000 2001 10 8 27950.6154 A
09107000 2001 10 9 27856.4531 A
09107000 2001 10 10 27900.1891 A
09107000 2001 10 11 27979.4100 A
09107000 2001 10 12 27881.2820 A
09107000 2001 10 13 27846.4211 A
09107000 2001 10 14 27851.1057 A
09107000 2001 10 15 27889.7265 A
09107000 2001 10 16 27864.2156 A
09107000 2001 10 17 27845.6389 A
09107000 2001 10 18 27809.1196 A
09107000 2001 10 19 27778.2934 A
09107000 2001 10 20 27758.7250 A
09107000 2001 10 21 27803.9181 A
09107000 2001 10 22 27770.6771 A
09107000 2001 10 23 27774.6461 A
09107000 2001 10 24 27791.9904 A
09107000 2001 10 25 27744.3037 A
09107000 2001 10 26 27731.6200 A
09107000 2001 10 27 27723.9601 A
09107000 2001 10 28 27685.7958 A
09107000 2001 10 29 27732.7299 A
09107000 2001 10 30 27734.7638 A
09107000 2001 10 31 27679.4323 A
09107000 2001 11 1 27680.2722 A
09107000 2001 11 2 27674.0923 A
09107000 2001 11 3 27674.8681 A
09107000 2001 11 4 27676.2375 A
09107000 2001 11 5 27747.2886 A
09107000 2001 11 6 27646.3632 A
09107000 2001 11 7 27658.5660 A
09107000 2001 11 8 27632.7454 A
09107000 2001 11 9 27654.8313 A
09107000 2001 11 10 27651.2331 A
09107000 2001 11 11 27632.0936 A
09107000 2001 11 12 27622.9101 A
09107000 2001 11 13 27588.6745 A
09107000 2001 11 14 27584.0952 A
09107000 2001 11 15 27645.5779 A
09107000 2001 11 16 27635.7204 A
09107000 2001 11 17 27556.6573 A
09107000 2001 11 18 27568.3268 A
09107000 2001 11 19 27521.4286 A
09107000 2001 11 20 27501.9736 A
09107000 2001 11 21 27548.3614 A
09107000 2001 11 22 27544.4301 A
09107000 2001 11 23 27506.0508 A
09107000 2001 11 24 27507.7952 A
09107000 2001 11 25 27462.9793 A
09107000 2001 11 26 27445.7711 A
09107000 2001 11 27 27445.0236 A
09107000 2001 11 28 27481.5473 A
09107000 2001 11 29 27440.2899 A
09107000 2001 11 30 27446.4514 A
09107000 2001 12 1 27449.3791 A
09107000 2001 12 2 27497.9554 A
09107000 2001 12 3 27427.5181 A
09107000 2001 12 4 27487.2833 A
09107000 2001 12 5 27388.2115 A
09107000 2001 12 6 27436.2007 A
09107000 2001 12 7 27397.2227 A
09107000 2001 12 8 27391.0042 A
09107000 2001 12 9 27331.3314 A
09107000 2001 12 10 27372.0637 A
09107000 2001 12 11 27395.2085 A
09107000 2001 12 12 27471.6745 A
09107000 2001 12 13 27377.4642 A
09107000 2001 12 14 27350.8249 A
09107000 2001 12 15 27373.1170 A
09107000 2001 12 16 27390.8126 A
09107000 2001 12 17 27383.3655 A
09107000 2001 12 18 27381.5025 A
09107000 2001 12 19 27366.0421 A
09107000 2001 12 20 27350.5815 A
09107000 2001 12 21 27278.4584 A
09107000 2001 12 22 27356.9985 A
09107000 2001 12 23 27358.5914 A
09107000 2001 12 24 27300.5071 A
09107000 2001 12 25 27373.5671 A
09107000 2001 12 26 27314.3753 A
09107000 2001 12 27 27310.7017 A
09107000 2001 12 28 27258.2262 A
09107000 2001 12 29 27223.1468 A
09107000 2001 12 30 27300.7025 A
09107000 2001 12 31 27359.1058 A
09107000 2002 1 1 27322.6609 A
09107000 2002 1 2 27268.8457 A
09107000 2002 1 3 27224.9546 A
09107000 2002 1 4 27208.2826 A
09107000 2002 1 5 27306.8510 A
09107000 2002 1 6 27237.4947 A
09107000 2002 1 7 27215.6487 A
09107000 2002 1 8 27212.1334 A
09107000 2002 1 9 27275.1032 A
09107000 2002 1 10 27263.4965 A
09107000 2002 1 11 27219.9725 A
09107000 2002 1 12 27367.4115 A
09107000 2002 1 13 27185.2975 A
09107000 2002 1 14 27202.8645 A
09107000 2002 1 15 27178.7141 A
09107000 2002 1 16 27266.8786 A
09107000 2002 1 17 27205.9123 A
09107000 2002 1 18 27244.9598 A
09107000 2002 1 19 27145.5782 A
09107000 2002 1 20 27193.9086 A
09107000 2002 1 21 27287.7398 A
09107000 2002 1 22 27170.3722 A
09107000 2002 1 23 27144.5390 A
09107000 2002 1 24 27166.5616 A
09107000 2002 1 25 27236.9784 A
09107000 2002 1 26 27232.9892 A
09107000 2002 1 27 27211.0984 A
09107000 2002 1 28 27204.1650 A
09107000 2002 1 29 27230.7534 A
09107000 2002 1 30 27388.4186 A
09107000 2002 1 31 27222.1266 A
09107000 2002 2 1 27226.3381 A
09107000 2002 2 2 27269.7948 A
09107000 2002 2 3 27359.4961 A
09107000 2002 2 4 27226.0045 A
09107000 2002 2 5 27383.8482 A
09107000 2002 2 6 27284.8286 A
09107000 2002 2 7 27201.4428 A
09107000 2002 2 8 27166.1830 A
09107000 2002 2 9 27351.5418 A
09107000 2002 2 10 27266.5300 A
09107000 2002 2 11 27245.7979 A
09107000 2002 2 12 27246.7671 A
09107000 2002 2 13 27225.4298 A
09107000 2002 2 14 27223.3908 A
09107000 2002 2 15 27218.3656 A
09107000 2002 2 16 27213.0705 A
09107000 2002 2 17 27164.2374 A
09107000 2002 2 18 27159.4498 A
09107000 2002 2 19 27129.6886 A
09107000 2002 2 20 27208.1591 A
09107000 2002 2 21 27170.7028 A
09107000 2002 2 22 27119.9221 A
09107000 2002 2 23 27162.8631 A
09107000 2002 2 24 27127.2989 A
09107000 2002 2 25 27098.1281 A
09107000 2002 2 26 27102.5126 A
09107000 2002 2 27 27074.8968 A
09107000 2002 2 28 27136.8453 A
09107000 2002 3 1 27066.5867 A
09107000 2002 3 2 27146.4305 A
09107000 2002 3 3 27051.1076 A
09107000 2002 3 4 27053.4864 A
09107000 2002 3 5 27022.5022 A
09107000 2002 3 6 27097.0709 A
09107000 2002 3 7 27101.0157 A
09107000 2002 3 8 27074.9904 A
09107000 2002 3 9 27068.4544 A
09107000 2002 3 10 27064.3341 A
09107000 2002 3 11 27063.8669 A
09107000 2002 3 12 27146.7919 A
09107000 2002 3 13 27084.0079 A
09107000 2002 3 14 27018.3576 A
09107000 2002 3 15 26995.8776 A
09107000 2002 3 16 27024.8767 A
09107000 2002 3 17 27211.7962 A
09107000 2002 3 18 26981.7042 A
09107000 2002 3 19 27196.8816 A
09107000 2002 3 20 27064.3269 A
09107000 2002 3 21 27031.8348 A
09107000 2002 3 22 27032.4133 A
09107000 2002 3 23 27078.5096 A
09107000 2002 3 24 27013.4422 A
09107000 2002 3 25 27021.4368 A
09107000 2002 3 26 27019.5449 A
09107000 2002 3 27 27089.5336 A
09107000 2002 3 28 27301.2164 A
09107000 2002 3 29 27113.1440 A
09107000 2002 3 30 27224.0195 A
09107000 2002 3 31 27162.7089 A
09107000 2002 4 1 27156.6074 A
09107000 2002 4 2 27128.3150 A
09107000 2002 4 3 27088.2562 A
09107000 2002 4 4 27072.0753 A
09107000 2002 4 5 27068.3127 A
09107000 2002 4 6 27132.4412 A
09107000 2002 4 7 27122.1176 A
09107000 2002 4 8 27031.5591 A
09107000 2002 4 9 27105.1200 A
09107000 2002 4 10 27108.3655 A
09107000 2002 4 11 27126.8531 A
09107000 2002 4 12 27069.3801 A
09107000 2002 4 13 27048.4986 A
09107000 2002 4 14 27066.0075 A
09107000 2002 4 15 27152.1091 A
09107000 2002 4 16 27075.8871 A
09107000 2002 4 17 27173.5762 A
09107000 2002 4 18 27044.1931 A
09107000 2002 4 19 27114.4754 A
09107000 2002 4 20 27015.4699 A
09107000 2002 4 21 27100.6023 A
09107000 2002 4 22 27143.5154 A
09107000 2002 4 23 27065.8037 A
09107000 2002 4 24 27026.3995 A
09107000 2002 4 25 27074.2512 A
09107000 2002 4 26 27003.6745 A
09107000 2002 4 27 27029.8862 A
09107000 2002 4 28 27060.7628 A
09107000 2002 4 29 27163.0066 A
09107000 2002 4 30 27063.6279 A
09107000 2002 5 1 27099.4999 A
09107000 2002 5 2 27167.5967 A
09107000 2002 5 3 27101.3610 A
09107000 2002 5 4 27216.6087 A
09107000 2002 5 5 27434.4518 A
09107000 2002 5 6 27398.5740 A
09107000 2002 5 7 27160.2278 A
09107000 2002 5 8 27414.1462 A
09107000 2002 5 9 27371.7177 A
09107000 2002 5 10 27620.0132 A
09107000 2002 5 11 27485.7329 A
09107000 2002 5 12 27384.4885 A
09107000 2002 5 13 27771.0925 A
09107000 2002 5 14 27713.3322 A
09107000 2002 5 15 27615.7379 A
09107000 2002 5 16 27713.2171 A
09107000 2002 5 17 27700.0870 A
09107000 2002 5 18 27889.5500 A
09107000 2002 5 19 27895.0277 A
09107000 2002 5 20 28112.2132 A
09107000 2002 5 21 28080.3096 A
09107000 2002 5 22 28250.6380 A
09107000 2002 5 23 28259.2826 A
09107000 2002 5 24 28312.1198 A
09107000 2002 5 25 28253.2152 A
09107000 2002 5 26 28726.2020 A
09107000 2002 5 27 28668.9829 A
09107000 2002 5 28 28471.6002 A
09107000 2002 5 29 28603.3721 A
09107000 2002 5 30 29036.3185 A
09107000 2002 5 31 29016.3215 A
09107000 2002 6 1 29119.7898 A
09107000 2002 6 2 29226.2120 A
09107000 2002 6 3 29451.1000 A
09107000 2002 6 4 29782.9177 A
09107000 2002 6 5 29835.0695 A
09107000 2002 6 6 29879.6176 A
09107000 2002 6 7 29919.8819 A
09107000 2002 6 8 29935.5619 A
09107000 2002 6 9 30248.7273 A
09107000 2002 6 10 30412.5050 A
09107000 2002 6 11 30727.7154 A
09107000 2002 6 12 30951.4927 A
09107000 2002 6 13 30652.6625 A
09107000 2002 6 14 30890.8729 A
09107000 2002 6 15 31202.0921 A
09107000 2002 6 16 31222.0220 A
09107000 2002 6 17 31624.5311 A
09107000 2002 6 18 31603.2273 A
09107000 2002 6 19 32008.7043 A
09107000 2002 6 20 32041.2980 A
09107000 2002 6 21 32428.3793 A
09107000 2002 6 22 32025.5855 A
09107000 2002 6 23 32501.4597 A
09107000 2002 6 24 32590.9708 A
09107000 2002 6 25 32106.9954 A
09107000 2002 6 26 32185.2589 A
09107000 2002 6 27 32030.7026 A
09107000 2002 6 28 31991.8286 A
09107000 2002 6 29 31938.2412 A
09107000 2002 6 30 32026.6088 A
09107000 2002 7 1 31973.1148 A
09107000 2002 7 2 31915.3793 A
09107000 2002 7 3 31946.5079 A
09107000 2002 7 4 32252.0483 A
09107000 2002 7 5 32055.6506 A
09107000 2002 7 6 31972.1387 A
09107000 2002 7 7 32004.7412 A
09107000 2002 7 8 31949.4416 A
09107000 2002 7 9 32151.9539 A
09107000 2002 7 10 32109.7156 A
09107000 2002 7 11 31958.5206 A
09107000 2002 7 12 32091.8973 A
09107000 2002 7 13 32030.1655 A
09107000 2002 7 14 32106.5967 A
09107000 2002 7 15 32134.5323 A
09107000 2002 7 16 32006.5468 A
09107000 2002 7 17 32020.7984 A
09107000 2002 7 18 32069.0450 A
09107000 2002 7 19 32085.0619 A
09107000 2002 7 20 32093.4319 A
09107000 2002 7 21 32031.0685 A
09107000 2002 7 22 32116.7952 A
09107000 2002 7 23 32084.5842 A
09107000 2002 7 24 32057.5424 A
09107000 2002 7 25 32019.4311 A
09107000 2002 7 26 32003.3375 A
09107000 2002 7 27 32012.0470 A
09107000 2002 7 28 31998.2727 A
09107000 2002 7 29 31956.3364 A
09107000 2002 7 30 31959.9007 A
09107000 2002 7 31 32135.4577 A
09107000 2002 8 1 31966.4615 A
09107000 2002 8 2 32048.5113 A
09107000 2002 8 3 32024.4870 A
09107000 2002 8 4 31980.8739 A
09107000 2002 8 5 32038.8557 A
09107000 2002 8 6 31996.0502 A
09107000 2002 8 7 32086.9687 A
09107000 2002 8 8 31988.3508 A
09107000 2002 8 9 31969.2084 A
09107000 2002 8 10 32012.4085 A
09107000 2002 8 11 31979.9970 A
09107000 2002 8 12 31962.9272 A
09107000 2002 8 13 31950.0764 A
09107000 2002 8 14 31978.4626 A
09107000 2002 8 15 31945.7806 A
09107000 2002 8 16 31939.2201 A
09107000 2002 8 17 31984.0912 A
09107000 2002 8 18 31895.2684 A
09107000 2002 8 19 31952.7467 A
09107000 2002 8 20 32004.6669 A
09107000 2002 8 21 31936.1287 A
09107000 2002 8 22 31894.7150 A
09107000 2002 8 23 31898.2518 A
09107000 2002 8 24 31998.5602 A
09107000 2002 8 25 31945.3351 A
09107000 2002 8 26 32014.8315 A
09107000 2002 8 27 31995.4718 A
09107000 2002 8 28 31937.3611 A
09107000 2002 8 29 31912.8710 A
09107000 2002 8 30 31874.4670 A
09107000 2002 8 31 31880.2360 A
09107000 2002 9 1 32005.3583 A
09107000 2002 9 2 31913.9215 A
09107000 2002 9 3 31916.4400 A
09107000 2002 9 4 31907.3863 A
09107000 2002 9 5 31852.6775 A
09107000 2002 9 6 31929.3788 A
09107000 2002 9 7 31937.4190 A
09107000 2002 9 8 31873.0232 A
09107000 2002 9 9 31853.4401 A
09107000 2002 9 10 31862.6461 A
09107000 2002 9 11 31945.6638 A
09107000 2002 9 12 31868.5840 A
09107000 2002 9 13 31875.0173 A
09107000 2002 9 14 31914.0731 A
09107000 2002 9 15 31798.3196 A
09107000 2002 9 16 31850.2065 A
09107000 2002 9 17 31956.6778 A
09107000 2002 9 18 31824.5243 A
09107000 2002 9 19 31835.7784 A
09107000 2002 9 20 31823.3313 A
09107000 2002 9 21 32040.3949 A
09107000 2002 9 22 31833.2513 A
09107000 2002 9 23 31876.9820 A
09107000 2002 9 24 31856.2025 A
09107000 2002 9 25 31801.4953 A
09107000 2002 9 26 31882.7532 A
09107000 2002 9 27 31808.1547 A
09107000 2002 9 28 31895.9410 A
09107000 2002 9 29 31860.6821 A
09107000 2002 9 30 31862.4318 A
09107000 2002 10 1 31993.5621 A
09107000 2002 10 2 31862.3357 A
09107000 2002 10 3 31976.6922 A
09107000 2002 10 4 31857.5499 A
09107000 2002 10 5 31852.5604 A
09107000 2002 10 6 31881.6612 A
09107000 2002 10 7 31811.8513 A
09107000 2002 10 8 31767.2871 A
09107000 2002 10 9 31815.1164 A
09107000 2002 10 10 31832.0742 A
09107000 2002 10 11 31808.5796 A
09107000 2002 10 12 31875.4496 A
09107000 2002 10 13 31894.2531 A
09107000 2002 10 14 31748.9237 A
09107000 2002 10 15 31812.6612 A
09107000 2002 10 16 31779.0150 A
09107000 2002 10 17 31775.8770 A
09107000 2002 10 18 31753.9793 A
09107000 2002 10 19 31804.5773 A
09107000 2002 10 20 31733.2851 A
09107000 2002 10 21 31771.8126 A
09107000 2002 10 22 31747.0834 A
09107000 2002 10 23 31715.4977 A
09107000 2002 10 24 31701.2992 A
09107000 2002 10 25 31735.4814 A
09107000 2002 10 26 31690.6518 A
09107000 2002 10 27 31713.7248 A
09107000 2002 10 28 31663.9229 A
09107000 2002 10 29 31726.1786 A
09107000 2002 10 30 31699.1632 A
09107000 2002 10 31 31680.5402 A
09107000 2002 11 1 31673.2006 A
09107000 2002 11 2 31646.4748 A
09107000 2002 11 3 31650.6897 A
09107000 2002 11 4 31650.3513 A
09107000 2002 11 5 31610.4532 A
09107000 2002 11 6 31603.5716 A
09107000 2002 11 7 31636.7895 A
09107000 2002 11 8 31591.6410 A
09107000 2002 11 9 31599.1525 A
09107000 2002 11 10 31644.9569 A
09107000 2002 11 11 31577.4888 A
09107000 2002 11 12 31559.2005 A
09107000 2002 11 13 31638.9665 A
09107000 2002 11 14 31578.7453 A
09107000 2002 11 15 31567.1704 A
09107000 2002 11 16 31567.8292 A
09107000 2002 11 17 31611.9729 A
09107000 2002 11 18 31608.5700 A
09107000 2002 11 19 31561.6214 A
09107000 2002 11 20 31520.2511 A
09107000 2002 11 21 31537.2701 A
09107000 2002 11 22 31488.6738 A
09107000 2002 11 23 31523.2359 A
09107000 2002 11 24 31546.5246 A
09107000 2002 11 25 31574.0595 A
09107000 2002 11 26 31498.0996 A
09107000 2002 11 27 31469.7683 A
09107000 2002 11 28 31510.0174 A
09107000 2002 11 29 31488.5214 A
09107000 2002 11 30 31534.2764 A
09107000 2002 12 1 31449.6204 A
09107000 2002 12 2 31416.5507 A
09107000 2002 12 3 31452.0855 A
09107000 2002 12 4 31402.3204 A
09107000 2002 12 5 31413.3241 A
09107000 2002 12 6 31420.4785 A
09107000 2002 12 7 31452.5319 A
09107000 2002 12 8 31475.6935 A
09107000 2002 12 9 31467.4870 A
09107000 2002 12 10 31442.5701 A
09107000 2002 12 11 31478.5065 A
09107000 2002 12 12 31351.5306 A
09107000 2002 12 13 31395.5668 A
09107000 2002 12 14 31401.2511 A
09107000 2002 12 15 31447.1310 A
09107000 2002 12 16 31371.7345 A
09107000 2002 12 17 31340.4482 A
09107000 2002 12 18 31339.6964 A
09107000 2002 12 19 31379.8587 A
09107000 2002 12 20 31462.3368 A
09107000 2002 12 21 31362.2387 A
09107000 2002 12 22 31342.6530 A
09107000 2002 12 23 31326.6391 A
09107000 2002 12 24 31335.7980 A
09107000 2002 12 25 31334.8432 A
09107000 2002 12 26 31350.6773 A
09107000 2002 12 27 31328.2030 A
09107000 2002 12 28 31390.7370 A
09107000 2002 12 29 31323.9967 A
09107000 2002 12 30 31300.5794 A
09107000 2002 12 31 31282.5169 A
09107000 2003 1 1 31246.3805 A
09107000 2003 1 2 31335.6093 A
09107000 2003 1 3 31250.3428 A
09107000 2003 1 4 31301.8792 A
09107000 2003 1 5 31365.4840 A
09107000 2003 1 6 31252.4892 A
09107000 2003 1 7 31278.7841 A
09107000 2003 1 8 31330.5898 A
09107000 2003 1 9 31262.3090 A
09107000 2003 1 10 31293.9939 A
09107000 2003 1 11 31303.3496 A
09107000 2003 1 12 31385.9286 A
09107000 2003 1 13 31324.3100 A
09107000 2003 1 14 31221.6156 A
09107000 2003 1 15 31362.7005 A
09107000 2003 1 16 31343.3323 A
09107000 2003 1 17 31236.6607 A
09107000 2003 1 18 31349.0064 A
09107000 2003 1 19 31333.1947 A
09107000 2003 1 20 31272.6299 A
09107000 2003 1 21 31210.9462 A
09107000 2003 1 22 31314.1474 A
09107000 2003 1 23 31299.5899 A
09107000 2003 1 24 31239.0113 A
09107000 2003 1 25 31247.5147 A
09107000 2003 1 26 31287.5582 A
09107000 2003 1 27 31285.9361 A
09107000 2003 1 28 31244.0104 A
09107000 2003 1 29 31263.8149 A
09107000 2003 1 30 31194.0238 A
09107000 2003 1 31 31178.9563 A
09107000 2003 2 1 31180.5462 A
09107000 2003 2 2 31221.7733 A
09107000 2003 2 3 31206.6414 A
09107000 2003 2 4 31196.9031 A
09107000 2003 2 5 31248.7882 A
09107000 2003 2 6 31152.1289 A
09107000 2003 2 7 31118.1975 A
09107000 2003 2 8 31171.2529 A
09107000 2003 2 9 31244.2157 A
09107000 2003 2 10 31159.3458 A
09107000 2003 2 11 31090.7828 A
09107000 2003 2 12 31158.7662 A
09107000 2003 2 13 31107.7588 A
09107000 2003 2 14 31093.6695 A
09107000 2003 2 15 31100.4768 A
09107000 2003 2 16 31135.6975 A
09107000 2003 2 17 31139.0504 A
09107000 2003 2 18 31170.0151 A
09107000 2003 2 19 31075.7998 A
09107000 2003 2 20 31072.7689 A
09107000 2003 2 21 31119.4158 A
09107000 2003 2 22 31155.2831 A
09107000 2003 2 23 31126.4853 A
09107000 2003 2 24 31115.9717 A
09107000 2003 2 25 31080.1494 A
09107000 2003 2 26 31059.0619 A
09107000 2003 2 27 31065.2859 A
09107000 2003 2 28 31093.0162 A
09107000 2003 3 1 31092.6607 A
09107000 2003 3 2 31113.8599 A
09107000 2003 3 3 31075.1233 A
09107000 2003 3 4 31015.7476 A
09107000 2003 3 5 31086.6554 A
09107000 2003 3 6 31027.8223 A
09107000 2003 3 7 31095.8204 A
09107000 2003 3 8 31016.4330 A
09107000 2003 3 9 30999.9048 A
09107000 2003 3 10 31056.1419 A
09107000 2003 3 11 31145.3985 A
09107000 2003 3 12 31134.2003 A
09107000 2003 3 13 31174.1542 A
09107000 2003 3 14 31171.3849 A
09107000 2003 3 15 31086.5806 A
09107000 2003 3 16 31066.0518 A
09107000 2003 3 17 31022.6777 A
09107000 2003 3 18 31102.2097 A
09107000 2003 3 19 31025.7650 A
09107000 2003 3 20 31043.8588 A
09107000 2003 3 21 31110.0044 A
09107000 2003 3 22 31047.6092 A
09107000 2003 3 23 31025.7375 A
09107000 2003 3 24 31016.6604 A
09107000 2003 3 25 31114.8318 A
09107000 2003 3 26 31038.7417 A
09107000 2003 3 27 31000.7406 A
09107000 2003 3 28 31043.5027 A
09107000 2003 3 29 31081.2218 A
09107000 2003 3 30 31007.8341 A
09107000 2003 3 31 30984.3274 A
09107000 2003 4 1 31034.8544 A
09107000 2003 4 2 30955.9644 A
09107000 2003 4 3 30962.1761 A
09107000 2003 4 4 31110.2470 A
09107000 2003 4 5 30974.4600 A
09107000 2003 4 6 30990.4117 A
09107000 2003 4 7 30984.4790 A
09107000 2003 4 8 30950.6752 A
09107000 2003 4 9 31000.3803 A
09107000 2003 4 10 31008.3806 A
09107000 2003 4 11 30930.1475 A
09107000 2003 4 12 30975.9319 A
09107000 2003 4 13 30914.0719 A
09107000 2003 4 14 30961.5619 A
09107000 2003 4 15 31004.6628 A
09107000 2003 4 16 30923.9314 A
09107000 2003 4 17 30914.9152 A
09107000 2003 4 18 30974.1838 A
09107000 2003 4 19 30994.7665 A
09107000 2003 4 20 30932.6378 A
09107000 2003 4 21 30921.0728 A
09107000 2003 4 22 30909.0007 A
09107000 2003 4 23 30887.7844 A
09107000 2003 4 24 30937.8009 A
09107000 2003 4 25 30885.7725 A
09107000 2003 4 26 30880.8787 A
09107000 2003 4 27 30880.6193 A
09107000 2003 4 28 30858.1477 A
09107000 2003 4 29 30908.1810 A
09107000 2003 4 30 31140.0558 A
09107000 2003 5 1 31087.3394 A
09107000 2003 5 2 31096.1306 A
09107000 2003 5 3 30981.5180 A
09107000 2003 5 4 31273.2542 A
09107000 2003 5 5 31096.5573 A
09107000 2003 5 6 31088.7508 A
09107000 2003 5 7 31295.3671 A
09107000 2003 5 8 31206.4372 A
09107000 2003 5 9 31121.7944 A
09107000 2003 5 10 31246.9891 A
09107000 2003 5 11 31314.7636 A
09107000 2003 5 12 31372.6014 A
09107000 2003 5 13 31153.4742 A
09107000 2003 5 14 31306.9143 A
09107000 2003 5 15 31714.3808 A
09107000 2003 5 16 31589.8914 A
09107000 2003 5 17 31758.9047 A
09107000 2003 5 18 31850.6784 A
09107000 2003 5 19 31851.9996 A
09107000 2003 5 20 31756.0303 A
09107000 2003 5 21 31893.7165 A
09107000 2003 5 22 32321.5899 A
09107000 2003 5 23 32115.8025 A
09107000 2003 5 24 32492.2730 A
09107000 2003 5 25 32305.8245 A
09107000 2003 5 26 32444.9333 A
09107000 2003 5 27 32596.8291 A
09107000 2003 5 28 32714.0710 A
09107000 2003 5 29 32638.2199 A
09107000 2003 5 30 32878.9419 A
09107000 2003 5 31 32711.8386 A
09107000 2003 6 1 33095.3882 A
09107000 2003 6 2 33215.1534 A
09107000 2003 6 3 33417.4340 A
09107000 2003 6 4 33396.8754 A
09107000 2003 6 5 33744.9177 A
09107000 2003 6 6 33739.0874 A
09107000 2003 6 7 33885.8674 A
09107000 2003 6 8 34357.7684 A
09107000 2003 6 9 34505.4298 A
09107000 2003 6 10 34314.5467 A
09107000 2003 6 11 34768.3458 A
09107000 2003 6 12 34803.6333 A
09107000 2003 6 13 35336.6227 A
09107000 2003 6 14 34849.0089 A
09107000 2003 6 15 35136.5843 A
09107000 2003 6 16 35287.4282 A
09107000 2003 6 17 35174.9847 A
09107000 2003 6 18 35621.4560 A
09107000 2003 6 19 35759.0299 A
09107000 2003 6 20 35549.8613 A
09107000 2003 6 21 35905.1295 A
09107000 2003 6 22 36378.5314 A
09107000 2003 6 23 36619.4922 A
09107000 2003 6 24 36459.5045 A
09107000 2003 6 25 35993.1551 A
09107000 2003 6 26 35898.7601 A
09107000 2003 6 27 35922.3039 A
09107000 2003 6 28 35886.0688 A
09107000 2003 6 29 35907.7437 A
09107000 2003 6 30 35949.7311 A
09107000 2003 7 1 35938.2414 A
09107000 2003 7 2 35976.8029 A
09107000 2003 7 3 35939.0482 A
09107000 2003 7 4 35956.3130 A
09107000 2003 7 5 35863.8758 A
09107000 2003 7 6 36058.9150 A
09107000 2003 7 7 35987.2995 A
09107000 2003 7 8 35940.2978 A
09107000 2003 7 9 35968.3867 A
09107000 2003 7 10 35950.3855 A
09107000 2003 7 11 36018.4241 A
09107000 2003 7 12 35969.1951 A
09107000 2003 7 13 35880.8605 A
09107000 2003 7 14 35912.6793 A
09107000 2003 7 15 35867.7011 A
09107000 2003 7 16 36050.5192 A
09107000 2003 7 17 35961.9916 A
09107000 2003 7 18 36103.9701 A
09107000 2003 7 19 35981.4666 A
09107000 2003 7 20 35946.9376 A
09107000 2003 7 21 35917.2171 A
09107000 2003 7 22 35956.5400 A
09107000 2003 7 23 35926.1223 A
09107000 2003 7 24 35893.9032 A
09107000 2003 7 25 36004.2985 A
09107000 2003 7 26 35926.1916 A
09107000 2003 7 27 36111.9890 A
09107000 2003 7 28 35961.4979 A
09107000 2003 7 29 35936.1398 A
09107000 2003 7 30 36171.3832 A
09107000 2003 7 31 36107.3049 A
09107000 2003 8 1 35977.3146 A
09107000 2003 8 2 35929.1129 A
09107000 2003 8 3 36040.9407 A
09107000 2003 8 4 35949.9403 A
09107000 2003 8 5 35920.8244 A
09107000 2003 8 6 35960.2366 A
09107000 2003 8 7 35977.1352 A
09107000 2003 8 8 35972.1862 A
09107000 2003 8 9 35947.3869 A
09107000 2003 8 10 35962.7795 A
09107000 2003 8 11 35925.7199 A
09107000 2003 8 12 35971.2746 A
09107000 2003 8 13 35987.5015 A
09107000 2003 8 14 35944.7817 A
09107000 2003 8 15 35953.8764 A
09107000 2003 8 16 35929.2255 A
09107000 2003 8 17 35860.3641 A
09107000 2003 8 18 35949.1212 A
09107000 2003 8 19 35941.4805 A
09107000 2003 8 20 35845.0406 A
09107000 2003 8 21 36025.2575 A
09107000 2003 8 22 35864.3839 A
09107000 2003 8 23 35893.1663 A
09107000 2003 8 24 35870.9496 A
09107000 2003 8 25 35866.9777 A
09107000 2003 8 26 35838.9409 A
09107000 2003 8 27 35808.5720 A
09107000 2003 8 28 35858.8160 A
09107000 2003 8 29 35832.1789 A
09107000 2003 8 30 35774.5946 A
09107000 2003 8 31 35855.3452 A
09107000 2003 9 1 35797.2902 A
09107000 2003 9 2 35780.7197 A
09107000 2003 9 3 35817.0641 A
09107000 2003 9 4 35764.0004 A
09107000 2003 9 5 35803.7261 A
09107000 2003 9 6 35933.1106 A
09107000 2003 9 7 35817.3675 A
09107000 2003 9 8 35763.0700 A
09107000 2003 9 9 35765.6336 A
09107000 2003 9 10 35749.1015 A
09107000 2003 9 11 35711.4499 A
09107000 2003 9 12 35724.2631 A
09107000 2003 9 13 35751.5666 A
09107000 2003 9 14 35722.7629 A
09107000 2003 9 15 35730.9623 A
09107000 2003 9 16 35805.7343 A
09107000 2003 9 17 35738.0149 A
09107000 2003 9 18 35678.4006 A
09107000 2003 9 19 35859.9490 A
09107000 2003 9 20 35769.8742 A
09107000 2003 9 21 35762.7630 A
09107000 2003 9 22 35728.9705 A
09107000 2003 9 23 35709.8285 A
09107000 2003 9 24 35670.5659 A
09107000 2003 9 25 35690.1530 A
09107000 2003 9 26 35687.6824 A
09107000 2003 9 27 35710.3141 A
09107000 2003 9 28 35673.5495 A
09107000 2003 9 29 35671.5643 A
09107000 2003 9 30 35620.0462 A
09107000 2003 10 1 35668.6293 A
09107000 2003 10 2 35715.8006 A
09107000 2003 10 3 35659.3436 A
09107000 2003 10 4 35697.1745 A
09107000 2003 10 5 35758.1093 A
09107000 2003 10 6 35688.5887 A
09107000 2003 10 7 35825.4724 A
09107000 2003 10 8 35721.1326 A
09107000 2003 10 9 35691.2072 A
09107000 2003 10 10 35683.3776 A
09107000 2003 10 11 35673.2866 A
09107000 2003 10 12 35739.7582 A
09107000 2003 10 13 35659.3405 A
09107000 2003 10 14 35667.1664 A
09107000 2003 10 15 35618.4929 A
09107000 2003 10 16 35609.3799 A
09107000 2003 10 17 35606.1433 A
09107000 2003 10 18 35622.0373 A
09107000 2003 10 19 35605.1454 A
09107000 2003 10 20 35581.9368 A
09107000 2003 10 21 35584.2803 A
09107000 2003 10 22 35628.8751 A
09107000 2003 10 23 35646.6288 A
09107000 2003 10 24 35562.0326 A
09107000 2003 10 25 35624.1819 A
09107000 2003 10 26 35554.0355 A
09107000 2003 10 27 35562.2777 A
09107000 2003 10 28 35560.0020 A
09107000 2003 10 29 35507.5896 A
09107000 2003 10 30 35532.5348 A
09107000 2003 10 31 35518.4085 A
09107000 2003 11 1 35502.4145 A
09107000 2003 11 2 35474.4144 A
09107000 2003 11 3 35504.1638 A
09107000 2003 11 4 35496.3947 A
09107000 2003 11 5 35440.3117 A
09107000 2003 11 6 35483.6185 A
09107000 2003 11 7 35444.6878 A
09107000 2003 11 8 35392.4994 A
09107000 2003 11 9 35455.4931 A
09107000 2003 11 10 35458.1946 A
09107000 2003 11 11 35443.1693 A
09107000 2003 11 12 35392.8097 A
09107000 2003 11 13 35404.7724 A
09107000 2003 11 14 35332.7812 A
09107000 2003 11 15 35377.4749 A
09107000 2003 11 16 35383.0795 A
09107000 2003 11 17 35372.8489 A
09107000 2003 11 18 35312.5761 A
09107000 2003 11 19 35349.2874 A
09107000 2003 11 20 35290.3738 A
09107000 2003 11 21 35298.3462 A
09107000 2003 11 22 35297.9523 A
09107000 2003 11 23 35304.2021 A
09107000 2003 11 24 35372.1189 A
09107000 2003 11 25 35253.5981 A
09107000 2003 11 26 35280.2455 A
09107000 2003 11 27 35273.5800 A
09107000 2003 11 28 35266.3215 A
09107000 2003 11 29 35267.7464 A
09107000 2003 11 30 35223.8403 A
09107000 2003 12 1 35287.2370 A
09107000 2003 12 2 35216.9722 A
09107000 2003 12 3 35200.9231 A
09107000 2003 12 4 35217.7806 A
09107000 2003 12 5 35180.6671 A
09107000 2003 12 6 35232.8508 A
09107000 2003 12 7 35252.9480 A
09107000 2003 12 8 35413.3759 A
09107000 2003 12 9 35313.0785 A
09107000 2003 12 10 35202.8328 A
09107000 2003 12 11 35226.1473 A
09107000 2003 12 12 35269.1928 A
09107000 2003 12 13 35230.3515 A
09107000 2003 12 14 35174.2106 A
09107000 2003 12 15 35160.3674 A
09107000 2003 12 16 35164.2031 A
09107000 2003 12 17 35226.5039 A
09107000 2003 12 18 35183.2720 A
09107000 2003 12 19 35146.0432 A
09107000 2003 12 20 35185.7594 A
09107000 2003 12 21 35217.5192 A
09107000 2003 12 22 35160.4293 A
09107000 2003 12 23 35155.4803 A
09107000 2003 12 24 35213.4160 A
09107000 2003 12 25 35131.2527 A
09107000 2003 12 26 35112.3220 A
09107000 2003 12 27 35186.6228 A
09107000 2003 12 28 35242.1051 A
09107000 2003 12 29 35124.9113 A
09107000 2003 12 30 35109.4700 A
09107000 2003 12 31 35182.8905 A
09107000 2004 1 1 35116.7866 A
09107000 2004 1 2 35090.5120 A
09107000 2004 1 3 35124.3551 A
09107000 2004 1 4 35057.5523 A
09107000 2004 1 5 35123.9184 A
09107000 2004 1 6 35278.7166 A
09107000 2004 1 7 35102.1266 A
09107000 2004 1 8 35164.2956 A
09107000 2004 1 9 35107.4218 A
09107000 2004 1 10 35165.0384 A
09107000 2004 1 11 35140.1442 A
09107000 2004 1 12 35081.2141 A
09107000 2004 1 13 35131.1220 A
09107000 2004 1 14 35085.8840 A
09107000 2004 1 15 35077.2910 A
09107000 2004 1 16 35121.0275 A
09107000 2004 1 17 35031.0830 A
09107000 2004 1 18 35127.5099 A
09107000 2004 1 19 35079.4219 A
09107000 2004 1 20 35103.6950 A
09107000 2004 1 21 35015.4922 A
09107000 2004 1 22 35060.2152 A
09107000 2004 1 23 35035.4579 A
09107000 2004 1 24 35141.0768 A
09107000 2004 1 25 34996.1398 A
09107000 2004 1 26 35114.4115 A
09107000 2004 1 27 35116.5149 A
09107000 2004 1 28 35079.1222 A
09107000 2004 1 29 35160.2138 A
09107000 2004 1 30 35036.9414 A
09107000 2004 1 31 35046.7449 A
09107000 2004 2 1 35074.6594 A
09107000 2004 2 2 35046.3438 A
09107000 2004 2 3 35019.9739 A
09107000 2004 2 4 35006.1073 A
09107000 2004 2 5 35088.7173 A
09107000 2004 2 6 35028.7571 A
09107000 2004 2 7 35102.6994 A
09107000 2004 2 8 35086.5871 A
09107000 2004 2 9 34992.6291 A
09107000 2004 2 10 35028.8279 A
09107000 2004 2 11 35044.2188 A
09107000 2004 2 12 34956.8266 A
09107000 2004 2 13 34994.9212 A
09107000 2004 2 14 35034.7640 A
09107000 2004 2 15 34920.7671 A
09107000 2004 2 16 34992.0494 A
09107000 2004 2 17 34967.0006 A
09107000 2004 2 18 35142.5336 A
09107000 2004 2 19 34952.1720 A
09107000 2004 2 20 35036.1685 A
09107000 2004 2 21 35025.5913 A
09107000 2004 2 22 34990.6246 A
09107000 2004 2 23 35018.9766 A
09107000 2004 2 24 34999.0377 A
09107000 2004 2 25 34965.7339 A
09107000 2004 2 26 35076.7197 A
09107000 2004 2 27 35000.8124 A
09107000 2004 2 28 35043.3667 A
09107000 2004 2 29 34980.9984 A
09107000 2004 3 1 34935.2629 A
09107000 2004 3 2 34972.9686 A
09107000 2004 3 3 34946.6774 A
09107000 2004 3 4 34988.8409 A
09107000 2004 3 5 34996.5889 A
09107000 2004 3 6 34931.7456 A
09107000 2004 3 7 34918.3172 A
09107000 2004 3 8 35012.0980 A
09107000 2004 3 9 34966.7038 A
09107000 2004 3 10 34912.6633 A
09107000 2004 3 11 34873.7111 A
09107000 2004 3 12 34925.4038 A
09107000 2004 3 13 34883.6540 A
09107000 2004 3 14 34847.0932 A
09107000 2004 3 15 34917.8109 A
09107000 2004 3 16 34913.6634 A
09107000 2004 3 17 34856.7814 A
09107000 2004 3 18 34882.4313 A
09107000 2004 3 19 34864.5019 A
09107000 2004 3 20 34803.6179 A
09107000 2004 3 21 34843.7200 A
09107000 2004 3 22 34891.8084 A
09107000 2004 3 23 34833.2138 A
09107000 2004 3 24 34825.3494 A
09107000 2004 3 25 34798.4697 A
09107000 2004 3 26 34810.7775 A
09107000 2004 3 27 34847.7548 A
09107000 2004 3 28 34871.2513 A
09107000 2004 3 29 34757.7225 A
09107000 2004 3 30 34854.6098 A
09107000 2004 3 31 34830.6705 A
09107000 2004 4 1 34975.0223 A
09107000 2004 4 2 34811.9813 A
09107000 2004 4 3 34757.5437 A
09107000 2004 4 4 34872.5926 A
09107000 2004 4 5 34809.1482 A
09107000 2004 4 6 34823.4748 A
09107000 2004 4 7 34869.0499 A
09107000 2004 4 8 34799.2252 A
09107000 2004 4 9 34808.1535 A
09107000 2004 4 10 34830.7738 A
09107000 2004 4 11 34759.3952 A
09107000 2004 4 12 34754.4652 A
09107000 2004 4 13 34735.3717 A
09107000 2004 4 14 34777.5454 A
09107000 2004 4 15 34723.3465 A
09107000 2004 4 16 34797.1822 A
09107000 2004 4 17 34769.6576 A
09107000 2004 4 18 34746.6455 A
09107000 2004 4 19 34697.1705 A
09107000 2004 4 20 34727.7671 A
09107000 2004 4 21 34822.8937 A
09107000 2004 4 22 34727.4389 A
09107000 2004 4 23 34708.1716 A
09107000 2004 4 24 34764.4886 A
09107000 2004 4 25 34707.3915 A
09107000 2004 4 26 34748.5987 A
09107000 2004 4 27 34738.5888 A
09107000 2004 4 28 34837.7840 A
09107000 2004 4 29 34731.5134 A
09107000 2004 4 30 34711.3266 A
09107000 2004 5 1 34713.8268 A
09107000 2004 5 2 34809.7940 A
09107000 2004 5 3 35079.2634 A
09107000 2004 5 4 34973.5719 A
09107000 2004 5 5 35040.5308 A
09107000 2004 5 6 35116.1775 A
09107000 2004 5 7 34972.6243 A
09107000 2004 5 8 34864.2878 A
09107000 2004 5 9 35059.3714 A
09107000 2004 5 10 35210.5004 A
09107000 2004 5 11 35506.4649 A
09107000 2004 5 12 35160.6090 A
09107000 2004 5 13 35550.4859 A
09107000 2004 5 14 35475.9311 A
09107000 2004 5 15 35492.0979 A
09107000 2004 5 16 35398.6960 A
09107000 2004 5 17 35581.9276 A
09107000 2004 5 18 35798.7599 A
09107000 2004 5 19 36081.5965 A
09107000 2004 5 20 35512.9207 A
09107000 2004 5 21 36188.0209 A
09107000 2004 5 22 35939.9059 A
09107000 2004 5 23 36131.3676 A
09107000 2004 5 24 36301.9956 A
09107000 2004 5 25 36596.1601 A
09107000 2004 5 26 36401.3248 A
09107000 2004 5 27 36562.6637 A
09107000 2004 5 28 36430.0924 A
09107000 2004 5 29 36756.5352 A
09107000 2004 5 30 36747.1794 A
09107000 2004 5 31 37205.7586 A
09107000 2004 6 1 37141.7465 A
09107000 2004 6 2 37178.2709 A
09107000 2004 6 3 37279.0026 A
09107000 2004 6 4 37497.5947 A
09107000 2004 6 5 37764.1687 A
09107000 2004 6 6 37563.6336 A
09107000 2004 6 7 37844.7140 A
09107000 2004 6 8 38014.0950 A
09107000 2004 6 9 38194.2926 A
09107000 2004 6 10 38460.1257 A
09107000 2004 6 11 38291.3908 A
09107000 2004 6 12 38657.6786 A
09107000 2004 6 13 38739.8061 A
09107000 2004 6 14 38819.1438 A
09107000 2004 6 15 39109.7850 A
09107000 2004 6 16 39137.7727 A
09107000 2004 6 17 39008.4094 A
09107000 2004 6 18 38872.9447 A
09107000 2004 6 19 39263.2250 A
09107000 2004 6 20 39496.8492 A
09107000 2004 6 21 39826.3934 A
09107000 2004 6 22 40012.2795 A
09107000 2004 6 23 40049.5074 A
09107000 2004 6 24 39486.9096 A
09107000 2004 6 25 39352.5274 A
09107000 2004 6 26 39544.8757 A
09107000 2004 6 27 39572.1614 A
09107000 2004 6 28 39498.3774 A
09107000 2004 6 29 39427.6540 A
09107000 2004 6 30 39388.4611 A
09107000 2004 7 1 39461.2448 A
09107000 2004 7 2 39478.3278 A
09107000 2004 7 3 39397.9883 A
09107000 2004 7 4 39417.8339 A
09107000 2004 7 5 39557.8107 A
09107000 2004 7 6 39427.4579 A
09107000 2004 7 7 39452.6483 A
09107000 2004 7 8 39523.9486 A
09107000 2004 7 9 39423.1147 A
09107000 2004 7 10 39545.5196 A
09107000 2004 7 11 39442.9671 A
09107000 2004 7 12 39577.9764 A
09107000 2004 7 13 39368.4451 A
09107000 2004 7 14 39421.1934 A
09107000 2004 7 15 39578.2001 A
09107000 2004 7 16 39418.9914 A
09107000 2004 7 17 39415.6000 A
09107000 2004 7 18 39475.8981 A
09107000 2004 7 19 39440.8956 A
09107000 2004 7 20 39429.7826 A
09107000 2004 7 21 39583.2272 A
09107000 2004 7 22 39442.8062 A
09107000 2004 7 23 39450.2460 A
09107000 2004 7 24 39624.3687 A
09107000 2004 7 25 39525.5207 A
09107000 2004 7 26 39508.1173 A
09107000 2004 7 27 39466.7398 A
09107000 2004 7 28 39456.4755 A
09107000 2004 7 29 39424.3619 A
09107000 2004 7 30 39365.5451 A
09107000 2004 7 31 39726.2632 A
09107000 2004 8 1 39576.3550 A
09107000 2004 8 2 39530.5264 A
09107000 2004 8 3 39490.6489 A
09107000 2004 8 4 39418.8144 A
09107000 2004 8 5 39580.9494 A
09107000 2004 8 6 39501.7787 A
09107000 2004 8 7 39458.0045 A
09107000 2004 8 8 39488.1807 A
09107000 2004 8 9 39505.4138 A
09107000 2004 8 10 39432.9966 A
09107000 2004 8 11 39434.7187 A
09107000 2004 8 12 39405.7262 A
09107000 2004 8 13 39389.9719 A
09107000 2004 8 14 39375.1459 A
09107000 2004 8 15 39421.1726 A
09107000 2004 8 16 39425.4510 A
09107000 2004 8 17 39388.4474 A
09107000 2004 8 18 39432.6941 A
09107000 2004 8 19 39353.5039 A
09107000 2004 8 20 39366.0833 A
09107000 2004 8 21 39331.4864 A
09107000 2004 8 22 39335.8533 A
09107000 2004 8 23 39323.7415 A
09107000 2004 8 24 39489.0816 A
09107000 2004 8 25 39435.3616 A
09107000 2004 8 26 39300.7301 A
09107000 2004 8 27 39338.1739 A
09107000 2004 8 28 39335.4611 A
09107000 2004 8 29 39329.5827 A
09107000 2004 8 30 39300.6921 A
09107000 2004 8 31 39359.6930 A
09107000 2004 9 1 39312.0238 A
09107000 2004 9 2 39369.9929 A
09107000 2004 9 3 39306.8484 A
09107000 2004 9 4 39323.7983 A
09107000 2004 9 5 39274.0860 A
09107000 2004 9 6 39237.1540 A
09107000 2004 9 7 39277.6446 A
09107000 2004 9 8 39270.9650 A
09107000 2004 9 9 39229.8414 A
09107000 2004 9 10 39338.0198 A
09107000 2004 9 11 39348.1976 A
09107000 2004 9 12 39271.1183 A
09107000 2004 9 13 39320.5334 A
09107000 2004 9 14 39210.5492 A
09107000 2004 9 15 39256.6821 A
09107000 2004 9 16 39347.3574 A
09107000 2004 9 17 39289.3325 A
09107000 2004 9 18 39316.0240 A
09107000 2004 9 19 39234.0764 A
09107000 2004 9 20 39219.6282 A
09107000 2004 9 21 39273.8166 A
09107000 2004 9 22 39285.0723 A
09107000 2004 9 23 39262.8942 A
09107000 2004 9 24 39450.0275 A
09107000 2004 9 25 39287.3282 A
09107000 2004 9 26 39247.1534 A
09107000 2004 9 27 39315.5803 A
09107000 2004 9 28 39312.8209 A
09107000 2004 9 29 39284.2495 A
09107000 2004 9 30 39265.9614 A
09107000 2004 10 1 39321.3510 A
09107000 2004 10 2 39216.2186 A
09107000 2004 10 3 39439.8719 A
09107000 2004 10 4 39263.2489 A
09107000 2004 10 5 39274.6444 A
09107000 2004 10 6 39288.4108 A
09107000 2004 10 7 39525.4751 A
09107000 2004 10 8 39296.0990 A
09107000 2004 10 9 39254.8099 A
09107000 2004 10 10 39230.5082 A
09107000 2004 10 11 39222.5176 A
09107000 2004 10 12 39236.2611 A
09107000 2004 10 13 39312.8877 A
09107000 2004 10 14 39256.6180 A
09107000 2004 10 15 39207.6430 A
09107000 2004 10 16 39214.0945 A
09107000 2004 10 17 39169.0219 A
09107000 2004 10 18 39157.7722 A
09107000 2004 10 19 39138.9445 A
09107000 2004 10 20 39348.6213 A
09107000 2004 10 21 39158.7404 A
09107000 2004 10 22 39219.5697 A
09107000 2004 10 23 39172.4549 A
09107000 2004 10 24 39186.4465 A
09107000 2004 10 25 39176.8265 A
09107000 2004 10 26 39155.6306 A
09107000 2004 10 27 39141.8276 A
09107000 2004 10 28 39144.9306 A
09107000 2004 10 29 39089.2203 A
09107000 2004 10 30 39150.4449 A
09107000 2004 10 31 39128.0509 A
09107000 2004 11 1 39145.2455 A
09107000 2004 11 2 39102.3016 A
09107000 2004 11 3 39058.1088 A
09107000 2004 11 4 39115.0665 A
09107000 2004 11 5 39072.7575 A
09107000 2004 11 6 39039.6597 A
09107000 2004 11 7 39115.1768 A
09107000 2004 11 8 39063.1739 A
09107000 2004 11 9 38999.4140 A
09107000 2004 11 10 39014.4295 A
09107000 2004 11 11 38997.5665 A
09107000 2004 11 12 38967.4430 A
09107000 2004 11 13 38956.2476 A
09107000 2004 11 14 38964.7673 A
09107000 2004 11 15 38972.5926 A
09107000 2004 11 16 38982.6725 A
09107000 2004 11 17 38921.9180 A
09107000 2004 11 18 38965.9998 A
09107000 2004 11 19 38988.2572 A
09107000 2004 11 20 38922.4972 A
09107000 2004 11 21 38935.6223 A
09107000 2004 11 22 38928.9986 A
09107000 2004 11 23 38881.8845 A
09107000 2004 11 24 38869.3658 A
09107000 2004 11 25 38916.2916 A
09107000 2004 11 26 38856.0048 A
09107000 2004 11 27 38938.7712 A
09107000 2004 11 28 38899.0347 A
09107000 2004 11 29 38861.5289 A
09107000 2004 11 30 38849.9892 A
09107000 2004 12 1 38838.9171 A
09107000 2004 12 2 38874.4906 A
09107000 2004 12 3 38784.6770 A
09107000 2004 12 4 38822.6587 A
09107000 2004 12 5 38854.1971 A
09107000 2004 12 6 38827.2335 A
09107000 2004 12 7 38808.4828 A
09107000 2004 12 8 38787.5588 A
09107000 2004 12 9 38771.3511 A
09107000 2004 12 10 38778.6375 A
09107000 2004 12 11 38758.9196 A
09107000 2004 12 12 38759.9010 A
09107000 2004 12 13 38731.7899 A
09107000 2004 12 14 38869.9259 A
09107000 2004 12 15 38737.5555 A
09107000 2004 12 16 38747.4732 A
09107000 2004 12 17 38700.9545 A
09107000 2004 12 18 38729.6413 A
09107000 2004 12 19 38715.0283 A
09107000 2004 12 20 38674.2864 A
09107000 2004 12 21 38705.8399 A
09107000 2004 12 22 38702.2415 A
09107000 2004 12 23 38849.0305 A
09107000 2004 12 24 38769.7786 A
09107000 2004 12 25 38732.3090 A
09107000 2004 12 26 38674.0104 A
09107000 2004 12 27 38713.0005 A
09107000 2004 12 28 38700.7890 A
09107000 2004 12 29 38674.8743 A
09107000 2004 12 30 38662.0483 A
09107000 2004 12 31 38653.3500 A
09107000 2005 1 1 38626.9014 A
09107000 2005 1 2 38617.2617 A
09107000 2005 1 3 38627.4447 A
09107000 2005 1 4 38610.1908 A
09107000 2005 1 5 38689.8015 A
09107000 2005 1 6 38637.0944 A
09107000 2005 1 7 38654.9098 A
09107000 2005 1 8 38631.2429 A
09107000 2005 1 9 38573.0742 A
09107000 2005 1 10 38600.9225 A
09107000 2005 1 11 38575.2848 A
09107000 2005 1 12 38685.2868 A
09107000 2005 1 13 38635.5593 A
09107000 2005 1 14 38671.6881 A
09107000 2005 1 15 38548.5141 A
09107000 2005 1 16 38603.1542 A
09107000 2005 1 17 38568.3921 A
09107000 2005 1 18 38584.2620 A
09107000 2005 1 19 38576.8661 A
09107000 2005 1 20 38569.1780 A
09107000 2005 1 21 38535.5165 A
09107000 2005 1 22 38547.4902 A
09107000 2005 1 23 38500.4775 A
09107000 2005 1 24 38512.1094 A
09107000 2005 1 25 38444.0437 A
09107000 2005 1 26 38566.1674 A
09107000 2005 1 27 38653.3293 A
09107000 2005 1 28 38539.2836 A
09107000 2005 1 29 38585.6567 A
09107000 2005 1 30 38663.4411 A
09107000 2005 1 31 38518.0519 A
09107000 2005 2 1 38503.4665 A
09107000 2005 2 2 38631.9363 A
09107000 2005 2 3 38583.9493 A
09107000 2005 2 4 38560.5802 A
09107000 2005 2 5 38550.6961 A
09107000 2005 2 6 38540.4186 A
09107000 2005 2 7 38529.4250 A
09107000 2005 2 8 38598.7731 A
09107000 2005 2 9 38539.8166 A
09107000 2005 2 10 38548.6621 A
09107000 2005 2 11 38482.8869 A
09107000 2005 2 12 38471.9645 A
09107000 2005 2 13 38572.6114 A
09107000 2005 2 14 38597.2770 A
09107000 2005 2 15 38482.8130 A
09107000 2005 2 16 38527.5417 A
09107000 2005 2 17 38588.3669 A
09107000 2005 2 18 38706.3239 A
09107000 2005 2 19 38595.6412 A
09107000 2005 2 20 38592.1755 A
09107000 2005 2 21 38618.4195 A
09107000 2005 2 22 38609.5530 A
09107000 2005 2 23 38517.3151 A
09107000 2005 2 24 38514.3627 A
09107000 2005 2 25 38522.3934 A
09107000 2005 2 26 38468.2994 A
09107000 2005 2 27 38479.3374 A
09107000 2005 2 28 38486.3397 A
09107000 2005 3 1 38636.6162 A
09107000 2005 3 2 38493.8064 A
09107000 2005 3 3 38531.3409 A
09107000 2005 3 4 38625.3799 A
09107000 2005 3 5 38506.9270 A
09107000 2005 3 6 38619.8516 A
09107000 2005 3 7 38598.8329 A
09107000 2005 3 8 38509.7624 A
09107000 2005 3 9 38541.0718 A
09107000 2005 3 10 38500.5889 A
09107000 2005 3 11 38521.1470 A
09107000 2005 3 12 38822.3014 A
09107000 2005 3 13 38576.6746 A
09107000 2005 3 14 38534.2450 A
09107000 2005 3 15 38498.3921 A
09107000 2005 3 16 38564.5809 A
09107000 2005 3 17 38481.4535 A
09107000 2005 3 18 38432.3651 A
09107000 2005 3 19 38489.5744 A
09107000 2005 3 20 38438.5857 A
09107000 2005 3 21 38556.3451 A
09107000 2005 3 22 38457.6939 A
09107000 2005 3 23 38531.2325 A
09107000 2005 3 24 38630.9470 A
09107000 2005 3 25 38548.8851 A
09107000 2005 3 26 38582.6719 A
09107000 2005 3 27 38502.3922 A
09107000 2005 3 28 38577.9139 A
09107000 2005 3 29 38559.2289 A
09107000 2005 3 30 38551.8720 A
09107000 2005 3 31 38588.5889 A
09107000 2005 4 1 38575.6953 A
09107000 2005 4 2 38470.2403 A
09107000 2005 4 3 38474.7529 A
09107000 2005 4 4 38637.1612 A
09107000 2005 4 5 38477.7602 A
09107000 2005 4 6 38431.6924 A
09107000 2005 4 7 38509.4911 A
09107000 2005 4 8 38456.2986 A
09107000 2005 4 9 38588.6961 A
09107000 2005 4 10 38544.2644 A
09107000 2005 4 11 38468.6332 A
09107000 2005 4 12 38506.4243 A
09107000 2005 4 13 38452.7650 A
09107000 2005 4 14 38604.4562 A
09107000 2005 4 15 38483.8271 A
09107000 2005 4 16 38504.5768 A
09107000 2005 4 17 38475.5116 A
09107000 2005 4 18 38387.7051 A
09107000 2005 4 19 38429.4157 A
09107000 2005 4 20 38452.6399 A
09107000 2005 4 21 38421.5373 A
09107000 2005 4 22 38462.4860 A
09107000 2005 4 23 38413.3856 A
09107000 2005 4 24 38446.1936 A
09107000 2005 4 25 38488.0228 A
09107000 2005 4 26 38473.5811 A
09107000 2005 4 27 38540.8713 A
09107000 2005 4 28 38401.3616 A
09107000 2005 4 29 38458.1188 A
09107000 2005 4 30 38445.7890 A
09107000 2005 5 1 38641.2259 A
09107000 2005 5 2 38425.4642 A
09107000 2005 5 3 38474.4033 A
09107000 2005 5 4 38480.1412 A
09107000 2005 5 5 38366.8879 A
09107000 2005 5 6 38946.4291 A
09107000 2005 5 7 38753.6309 A
09107000 2005 5 8 38719.0393 A
09107000 2005 5 9 38896.6732 A
09107000 2005 5 10 38982.6872 A
09107000 2005 5 11 38831.1404 A
09107000 2005 5 12 38892.1903 A
09107000 2005 5 13 39039.1542 A
09107000 2005 5 14 38978.5047 A
09107000 2005 5 15 38941.4541 A
09107000 2005 5 16 39063.6182 A
09107000 2005 5 17 39254.8612 A
09107000 2005 5 18 39430.5390 A
09107000 2005 5 19 39195.7049 A
09107000 2005 5 20 39473.4270 A
09107000 2005 5 21 39477.2853 A
09107000 2005 5 22 39363.9444 A
09107000 2005 5 23 39730.0869 A
09107000 2005 5 24 39768.7472 A
09107000 2005 5 25 39700.4116 A
09107000 2005 5 26 39835.3023 A
09107000 2005 5 27 40212.7083 A
09107000 2005 5 28 40254.3791 A
09107000 2005 5 29 40345.4230 A
09107000 2005 5 30 40774.4886 A
09107000 2005 5 31 40793.4430 A
09107000 2005 6 1 40776.6353 A
09107000 2005 6 2 40771.6154 A
09107000 2005 6 3 41083.2213 A
09107000 2005 6 4 41005.2652 A
09107000 2005 6 5 41399.8363 A
09107000 2005 6 6 40954.0162 A
09107000 2005 6 7 41370.7454 A
09107000 2005 6 8 41331.1258 A
09107000 2005 6 9 41676.9731 A
09107000 2005 6 10 41643.9573 A
09107000 2005 6 11 41869.0326 A
09107000 2005 6 12 42163.9394 A
09107000 2005 6 13 42041.4705 A
09107000 2005 6 14 42316.6997 A
09107000 2005 6 15 42467.2649 A
09107000 2005 6 16 42645.4355 A
09107000 2005 6 17 42975.1313 A
09107000 2005 6 18 42848.3643 A
09107000 2005 6 19 43205.6259 A
09107000 2005 6 20 43270.8155 A
09107000 2005 6 21 43191.9289 A
09107000 2005 6 22 43542.8018 A
09107000 2005 6 23 43612.9214 A
09107000 2005 6 24 43912.4637 A
09107000 2005 6 25 43578.2962 A
09107000 2005 6 26 43339.1637 A
09107000 2005 6 27 43259.8100 A
09107000 2005 6 28 43187.3464 A
09107000 2005 6 29 43195.9042 A
09107000 2005 6 30 43197.1127 A
09107000 2005 7 1 43275.3747 A
09107000 2005 7 2 43177.9523 A
09107000 2005 7 3 43402.8594 A
09107000 2005 7 4 43196.1389 A
09107000 2005 7 5 43514.3547 A
09107000 2005 7 6 43247.3425 A
09107000 2005 7 7 43264.8120 A
09107000 2005 7 8 43224.3810 A
09107000 2005 7 9 43253.8083 A
09107000 2005 7 10 43230.3125 A
09107000 2005 7 11 43379.7031 A
09107000 2005 7 12 43550.2106 A
09107000 2005 7 13 43543.7412 A
09107000 2005 7 14 43402.6328 A
09107000 2005 7 15 43322.5977 A
09107000 2005 7 16 43305.5424 A
09107000 2005 7 17 43334.9828 A
09107000 2005 7 18 43344.6757 A
09107000 2005 7 19 43366.6080 A
09107000 2005 7 20 43291.7633 A
09107000 2005 7 21 43424.4355 A
09107000 2005 7 22 43348.3612 A
09107000 2005 7 23 43278.9526 A
09107000 2005 7 24 43579.4276 A
09107000 2005 7 25 43615.5979 A
09107000 2005 7 26 43392.2212 A
09107000 2005 7 27 43341.0871 A
09107000 2005 7 28 43342.4554 A
09107000 2005 7 29 43372.3620 A
09107000 2005 7 30 43487.5417 A
09107000 2005 7 31 43397.1416 A
09107000 2005 8 1 43384.1765 A
09107000 2005 8 2 43392.8446 A
09107000 2005 8 3 43386.3020 A
09107000 2005 8 4 43416.2438 A
09107000 2005 8 5 43290.9574 A
09107000 2005 8 6 43350.6910 A
09107000 2005 8 7 43434.2876 A
09107000 2005 8 8 43338.8283 A
09107000 2005 8 9 43371.9008 A
09107000 2005 8 10 43343.2969 A
09107000 2005 8 11 43291.0062 A
09107000 2005 8 12 43333.1397 A
09107000 2005 8 13 43264.7914 A
09107000 2005 8 14 43277.1729 A
09107000 2005 8 15 43310.7294 A
09107000 2005 8 16 43296.9929 A
09107000 2005 8 17 43288.0759 A
09107000 2005 8 18 43308.1268 A
09107000 2005 8 19 43307.9928 A
09107000 2005 8 20 43263.9230 A
09107000 2005 8 21 43278.5540 A
09107000 2005 8 22 43436.9812 A
09107000 2005 8 23 43307.5793 A
09107000 2005 8 24 43239.7314 A
09107000 2005 8 25 43316.1517 A
09107000 2005 8 26 43234.8574 A
09107000 2005 8 27 43251.4403 A
09107000 2005 8 28 43290.0754 A
09107000 2005 8 29 43260.7524 A
09107000 2005 8 30 43190.8901 A
09107000 2005 8 31 43195.9563 A
09107000 2005 9 1 43247.9881 A
09107000 2005 9 2 43193.7201 A
09107000 2005 9 3 43270.6380 A
09107000 2005 9 4 43194.1516 A
09107000 2005 9 5 43186.1686 A
09107000 2005 9 6 43153.0389 A
09107000 2005 9 7 43195.0673 A
09107000 2005 9 8 43228.9796 A
09107000 2005 9 9 43214.2864 A
09107000 2005 9 10 43176.4021 A
09107000 2005 9 11 43188.5201 A
09107000 2005 9 12 43163.3106 A
09107000 2005 9 13 43162.1265 A
09107000 2005 9 14 43107.6568 A
09107000 2005 9 15 43133.8600 A
09107000 2005 9 16 43181.8773 A
09107000 2005 9 17 43091.6266 A
09107000 2005 9 18 43121.6511 A
09107000 2005 9 19 43092.8776 A
09107000 2005 9 20 43298.1371 A
09107000 2005 9 21 43128.5321 A
09107000 2005 9 22 43127.6950 A
09107000 2005 9 23 43115.9228 A
09107000 2005 9 24 43161.5852 A
09107000 2005 9 25 43132.2399 A
09107000 2005 9 26 43141.1873 A
09107000 2005 9 27 43084.2156 A
09107000 2005 9 28 43072.8761 A
09107000 2005 9 29 43091.9213 A
09107000 2005 9 30 43102.5902 A
09107000 2005 10 1 43090.3296 A
09107000 2005 10 2 43047.7873 A
09107000 2005 10 3 43094.6097 A
09107000 2005 10 4 43098.3050 A
09107000 2005 10 5 43072.7697 A
09107000 2005 10 6 43031.1838 A
09107000 2005 10 7 43032.2396 A
09107000 2005 10 8 43096.3476 A
09107000 2005 10 9 43088.6385 A
09107000 2005 10 10 43102.5314 A
09107000 2005 10 11 43011.6561 A
09107000 2005 10 12 43019.5138 A
09107000 2005 10 13 43011.9550 A
09107000 2005 10 14 43037.0122 A
09107000 2005 10 15 42937.7572 A
09107000 2005 10 16 42957.7841 A
09107000 2005 10 17 42940.4673 A
09107000 2005 10 18 42943.1075 A
09107000 2005 10 19 42940.4470 A
09107000 2005 10 20 42925.1024 A
09107000 2005 10 21 42907.3934 A
09107000 2005 10 22 42936.7325 A
09107000 2005 10 23 42904.0098 A
09107000 2005 10 24 42923.7231 A
09107000 2005 10 25 42881.8576 A
09107000 2005 10 26 42912.5402 A
09107000 2005 10 27 42873.2706 A
09107000 2005 10 28 42912.6824 A
09107000 2005 10 29 42899.6740 A
09107000 2005 10 30 42935.3688 A
09107000 2005 10 31 42869.8933 A
09107000 2005 11 1 42852.0145 A
09107000 2005 11 2 42849.9810 A
09107000 2005 11 3 42876.8100 A
09107000 2005 11 4 42897.4191 A
09107000 2005 11 5 42835.7071 A
09107000 2005 11 6 42847.3380 A
09107000 2005 11 7 42826.0898 A
09107000 2005 11 8 42760.1998 A
09107000 2005 11 9 42838.2459 A
09107000 2005 11 10 42781.9908 A
09107000 2005 11 11 42761.4731 A
09107000 2005 11 12 42733.9903 A
09107000 2005 11 13 42744.3780 A
09107000 2005 11 14 42731.4730 A
09107000 2005 11 15 42734.2322 A
09107000 2005 11 16 42723.4696 A
09107000 2005 11 17 42692.1759 A
09107000 2005 11 18 42717.2629 A
09107000 2005 11 19 42693.5559 A
09107000 2005 11 20 42704.5561 A
09107000 2005 11 21 42671.8576 A
09107000 2005 11 22 42661.9050 A
09107000 2005 11 23 42667.9232 A
09107000 2005 11 24 42631.5474 A
09107000 2005 11 25 42608.8175 A
09107000 2005 11 26 42625.6725 A
09107000 2005 11 27 42654.4810 A
09107000 2005 11 28 42668.2462 A
09107000 2005 11 29 42645.8356 A
09107000 2005 11 30 42596.8890 A
09107000 2005 12 1 42633.1629 A
09107000 2005 12 2 42569.1198 A
09107000 2005 12 3 42571.5030 A
09107000 2005 12 4 42592.0978 A
09107000 2005 12 5 42570.8651 A
09107000 2005 12 6 42583.1539 A
09107000 2005 12 7 42528.6066 A
09107000 2005 12 8 42503.4902 A
09107000 2005 12 9 42525.3083 A
09107000 2005 12 10 42541.5795 A
09107000 2005 12 11 42513.2252 A
09107000 2005 12 12 42526.3083 A
09107000 2005 12 13 42482.9511 A
09107000 2005 12 14 42542.8957 A
09107000 2005 12 15 42529.0995 A
09107000 2005 12 16 42498.5821 A
09107000 2005 12 17 42450.7049 A
09107000 2005 12 18 42452.9598 A
09107000 2005 12 19 42589.0093 A
09107000 2005 12 20 42452.3629 A
09107000 2005 12 21 42462.5453 A
09107000 2005 12 22 42463.1147 A
09107000 2005 12 23 42600.0918 A
09107000 2005 12 24 42522.5017 A
09107000 2005 12 25 42451.1738 A
09107000 2005 12 26 42390.0381 A
09107000 2005 12 27 42396.9699 A
09107000 2005 12 28 42490.2902 A
09107000 2005 12 29 42435.2902 A
09107000 2005 12 30 42391.3622 A
09107000 2005 12 31 42571.9923 A
09107000 2006 1 1 42424.6752 A
09107000 2006 1 2 42693.1199 A
09107000 2006 1 3 42454.0559 A
09107000 2006 1 4 42451.2138 A
09107000 2006 1 5 42429.0565 A
09107000 2006 1 6 42401.7297 A
09107000 2006 1 7 42396.9437 A
09107000 2006 1 8 42439.4408 A
09107000 2006 1 9 42461.9044 A
09107000 2006 1 10 42415.8922 A
09107000 2006 1 11 42386.1187 A
09107000 2006 1 12 42439.8640 A
09107000 2006 1 13 42413.1041 A
09107000 2006 1 14 42347.4215 A
09107000 2006 1 15 42381.0594 A
09107000 2006 1 16 42338.1087 A
09107000 2006 1 17 42476.8022 A
09107000 2006 1 18 42363.8045 A
09107000 2006 1 19 42375.8634 A
09107000 2006 1 20 42317.7468 A
09107000 2006 1 21 42396.9016 A
09107000 2006 1 22 42310.5112 A
09107000 2006 1 23 42405.6833 A
09107000 2006 1 24 42368.7893 A
09107000 2006 1 25 42374.7948 A
09107000 2006 1 26 42278.8728 A
09107000 2006 1 27 42302.5453 A
09107000 2006 1 28 42296.6140 A
09107000 2006 1 29 42264.5915 A
09107000 2006 1 30 42239.3536 A
09107000 2006 1 31 42272.7587 A
09107000 2006 2 1 42264.2793 A
09107000 2006 2 2 42392.4135 A
09107000 2006 2 3 42341.0977 A
09107000 2006 2 4 42269.5249 A
09107000 2006 2 5 42418.0251 A
09107000 2006 2 6 42254.4625 A
09107000 2006 2 7 42262.0521 A
09107000 2006 2 8 42279.2358 A
09107000 2006 2 9 42311.5777 A
09107000 2006 2 10 42219.5425 A
09107000 2006 2 11 42399.6142 A
09107000 2006 2 12 42242.5512 A
09107000 2006 2 13 42325.5956 A
09107000 2006 2 14 42250.6413 A
09107000 2006 2 15 42247.9252 A
09107000 2006 2 16 42221.9900 A
09107000 2006 2 17 42280.4827 A
09107000 2006 2 18 42279.3761 A
09107000 2006 2 19 42221.3983 A
09107000 2006 2 20 42305.9510 A
09107000 2006 2 21 42224.5370 A
09107000 2006 2 22 42268.0785 A
09107000 2006 2 23 42266.3759 A
09107000 2006 2 24 42437.6370 A
09107000 2006 2 25 42412.8191 A
09107000 2006 2 26 42258.9682 A
09107000 2006 2 27 42200.3211 A
09107000 2006 2 28 42249.4599 A
09107000 2006 3 1 42359.9138 A
09107000 2006 3 2 42220.5027 A
09107000 2006 3 3 42426.5149 A
09107000 2006 3 4 42246.9607 A
09107000 2006 3 5 42337.3364 A
09107000 2006 3 6 42264.1138 A
09107000 2006 3 7 42430.2586 A
09107000 2006 3 8 42290.2045 A
09107000 2006 3 9 42312.3914 A
09107000 2006 3 10 42273.1872 A
09107000 2006 3 11 42244.4371 A
09107000 2006 3 12 42291.8543 A
09107000 2006 3 13 42213.6608 A
09107000 2006 3 14 42202.1448 A
09107000 2006 3 15 42237.4050 A
09107000 2006 3 16 42348.5834 A
09107000 2006 3 17 42251.7212 A
09107000 2006 3 18 42486.6740 A
09107000 2006 3 19 42386.1994 A
09107000 2006 3 20 42253.3120 A
09107000 2006 3 21 42310.6354 A
09107000 2006 3 22 42317.0158 A
09107000 2006 3 23 42255.5070 A
09107000 2006 3 24 42234.3548 A
09107000 2006 3 25 42239.0324 A
09107000 2006 3 26 42258.5355 A
09107000 2006 3 27 42356.1323 A
09107000 2006 3 28 42258.1455 A
09107000 2006 3 29 42210.2117 A
09107000 2006 3 30 42444.9625 A
09107000 2006 3 31 42314.6547 A
09107000 2006 4 1 42327.1595 A
09107000 2006 4 2 42432.2345 A
09107000 2006 4 3 42368.4235 A
09107000 2006 4 4 42301.5235 A
09107000 2006 4 5 42472.1205 A
09107000 2006 4 6 42338.0541 A
09107000 2006 4 7 42364.2306 A
09107000 2006 4 8 42308.4601 A
09107000 2006 4 9 42281.7722 A
09107000 2006 4 10 42246.8325 A
09107000 2006 4 11 42317.7800 A
09107000 2006 4 12 42247.9534 A
09107000 2006 4 13 42292.6237 A
09107000 2006 4 14 42326.4130 A
09107000 2006 4 15 42220.6581 A
09107000 2006 4 16 42203.8868 A
09107000 2006 4 17 42329.6106 A
09107000 2006 4 18 42265.5244 A
09107000 2006 4 19 42347.2664 A
09107000 2006 4 20 42301.3045 A
09107000 2006 4 21 42400.8948 A
09107000 2006 4 22 42263.8529 A
09107000 2006 4 23 42308.0417 A
09107000 2006 4 24 42307.4320 A
09107000 2006 4 25 42358.9527 A
09107000 2006 4 26 42393.9297 A
09107000 2006 4 27 42281.4240 A
09107000 2006 4 28 42358.4009 A
09107000 2006 4 29 42272.3778 A
09107000 2006 4 30 42473.6072 A
09107000 2006 5 1 42512.4603 A
09107000 2006 5 2 42330.1385 A
09107000 2006 5 3 42435.1960 A
09107000 2006 5 4 42776.1193 A
09107000 2006 5 5 42548.9678 A
09107000 2006 5 6 42592.6178 A
09107000 2006 5 7 42540.8671 A
09107000 2006 5 8 42812.5845 A
09107000 2006 5 9 42559.2780 A
09107000 2006 5 10 42591.3399 A
09107000 2006 5 11 42566.1959 A
09107000 2006 5 12 42666.8219 A
09107000 2006 5 13 42905.5376 A
09107000 2006 5 14 43110.6008 A
09107000 2006 5 15 43035.1692 A
09107000 2006 5 16 43299.6054 A
09107000 2006 5 17 43195.3522 A
09107000 2006 5 18 43213.5136 A
09107000 2006 5 19 43047.3637 A
09107000 2006 5 20 43248.6061 A
09107000 2006 5 21 43116.8813 A
09107000 2006 5 22 43215.5176 A
09107000 2006 5 23 43634.9542 A
09107000 2006 5 24 43353.8261 A
09107000 2006 5 25 43395.4622 A
09107000 2006 5 26 43466.0030 A
09107000 2006 5 27 43891.8974 A
09107000 2006 5 28 44179.8076 A
09107000 2006 5 29 44042.1369 A
09107000 2006 5 30 44269.3645 A
09107000 2006 5 31 44207.6884 A
09107000 2006 6 1 44727.3635 A
09107000 2006 6 2 44450.9387 A
09107000 2006 6 3 45059.4441 A
09107000 2006 6 4 44925.9167 A
09107000 2006 6 5 44713.7022 A
09107000 2006 6 6 44930.8194 A
09107000 2006 6 7 45288.8301 A
09107000 2006 6 8 45069.4389 A
09107000 2006 6 9 45490.3517 A
09107000 2006 6 10 45368.1013 A
09107000 2006 6 11 45710.0031 A
09107000 2006 6 12 45610.5363 A
09107000 2006 6 13 45991.9244 A
09107000 2006 6 14 46231.1314 A
09107000 2006 6 15 46170.0437 A
09107000 2006 6 16 46381.5240 A
09107000 2006 6 17 46749.8284 A
09107000 2006 6 18 46606.1378 A
09107000 2006 6 19 46776.0606 A
09107000 2006 6 20 47028.6311 A
09107000 2006 6 21 47245.1709 A
09107000 2006 6 22 47339.8427 A
09107000 2006 6 23 47303.9495 A
09107000 2006 6 24 47719.2205 A
09107000 2006 6 25 47616.5279 A
09107000 2006 6 26 48515.3623 A
09107000 2006 6 27 48022.6811 A
09107000 2006 6 28 48172.0138 A
09107000 2006 6 29 48592.5116 A
09107000 2006 6 30 48427.0775 A
09107000 2006 7 1 47923.8352 A
09107000 2006 7 2 47971.4501 A
09107000 2006 7 3 48007.1542 A
09107000 2006 7 4 47873.2881 A
09107000 2006 7 5 48066.5600 A
09107000 2006 7 6 47990.0112 A
09107000 2006 7 7 47941.2338 A
09107000 2006 7 8 48039.0022 A
09107000 2006 7 9 47955.7123 A
09107000 2006 7 10 48067.1274 A
09107000 2006 7 11 47982.8240 A
09107000 2006 7 12 48057.8128 A
09107000 2006 7 13 47953.8238 A
09107000 2006 7 14 47942.3044 A
09107000 2006 7 15 48012.8118 A
09107000 2006 7 16 48174.5691 A
09107000 2006 7 17 47992.9109 A
09107000 2006 7 18 48103.8797 A
09107000 2006 7 19 48083.4743 A
09107000 2006 7 20 48173.9813 A
09107000 2006 7 21 47971.6544 A
09107000 2006 7 22 48069.8394 A
09107000 2006 7 23 48053.7505 A
09107000 2006 7 24 48030.7254 A
09107000 2006 7 25 48012.8592 A
09107000 2006 7 26 48023.6659 A
09107000 2006 7 27 48119.9274 A
09107000 2006 7 28 47984.6527 A
09107000 2006 7 29 48046.9896 A
09107000 2006 7 30 48022.7148 A
09107000 2006 7 31 48036.3074 A
09107000 2006 8 1 48005.5214 A
09107000 2006 8 2 48076.4497 A
09107000 2006 8 3 47988.4534 A
09107000 2006 8 4 48048.3606 A
09107000 2006 8 5 48111.2795 A
09107000 2006 8 6 48043.6363 A
09107000 2006 8 7 47965.4548 A
09107000 2006 8 8 47969.8958 A
09107000 2006 8 9 48008.6441 A
09107000 2006 8 10 47975.9125 A
09107000 2006 8 11 48044.2965 A
09107000 2006 8 12 47957.7462 A
09107000 2006 8 13 47937.9723 A
09107000 2006 8 14 48140.3606 A
09107000 2006 8 15 48119.8035 A
09107000 2006 8 16 47950.6903 A
09107000 2006 8 17 48118.8575 A
09107000 2006 8 18 47979.5138 A
09107000 2006 8 19 48053.6625 A
09107000 2006 8 20 48106.0070 A
09107000 2006 8 21 47965.0112 A
09107000 2006 8 22 47955.1122 A
09107000 2006 8 23 47961.4282 A
09107000 2006 8 24 47947.6847 A
09107000 2006 8 25 47957.7299 A
09107000 2006 8 26 47935.1873 A
09107000 2006 8 27 47923.1411 A
09107000 2006 8 28 47925.4792 A
09107000 2006 8 29 47913.5994 A
09107000 2006 8 30 47906.8574 A
09107000 2006 8 31 47962.6531 A
09107000 2006 9 1 47937.5577 A
09107000 2006 9 2 47857.1755 A
09107000 2006 9 3 47893.6939 A
09107000 2006 9 4 47896.3829 A
09107000 2006 9 5 47973.7251 A
09107000 2006 9 6 47874.4400 A
09107000 2006 9 7 47947.9624 A
09107000 2006 9 8 47945.7121 A
09107000 2006 9 9 47949.8044 A
09107000 2006 9 10 47795.9523 A
09107000 2006 9 11 47922.3813 A
09107000 2006 9 12 47876.8014 A
09107000 2006 9 13 47830.5074 A
09107000 2006 9 14 47996.7814 A
09107000 2006 9 15 47817.7801 A
09107000 2006 9 16 47878.9184 A
09107000 2006 9 17 47822.7317 A
09107000 2006 9 18 47836.8000 A
09107000 2006 9 19 47849.0007 A
09107000 2006 9 20 47891.6592 A
09107000 2006 9 21 47935.5397 A
09107000 2006 9 22 47836.5688 A
09107000 2006 9 23 47820.0734 A
09107000 2006 9 24 47863.3652 A
09107000 2006 9 25 47827.2330 A
09107000 2006 9 26 47795.6672 A
09107000 2006 9 27 47803.0891 A
09107000 2006 9 28 47741.0819 A
09107000 2006 9 29 47797.0802 A
09107000 2006 9 30 47771.2879 A
09107000 2006 10 1 47905.2915 A
09107000 2006 10 2 47805.3721 A
09107000 2006 10 3 47834.3394 A
09107000 2006 10 4 47788.1661 A
09107000 2006 10 5 47991.8979 A
09107000 2006 10 6 47819.9252 A
09107000 2006 10 7 47990.3241 A
09107000 2006 10 8 47806.0365 A
09107000 2006 10 9 47899.9114 A
09107000 2006 10 10 47796.4312 A
09107000 2006 10 11 47836.0244 A
09107000 2006 10 12 47770.3455 A
09107000 2006 10 13 47752.0404 A
09107000 2006 10 14 47709.3731 A
09107000 2006 10 15 47779.7908 A
09107000 2006 10 16 47747.4720 A
09107000 2006 10 17 47712.0342 A
09107000 2006 10 18 47732.0511 A
09107000 2006 10 19 47737.4903 A
09107000 2006 10 20 47767.1775 A
09107000 2006 10 21 47760.4410 A
09107000 2006 10 22 47731.7302 A
09107000 2006 10 23 47699.2368 A
09107000 2006 10 24 47644.4030 A
09107000 2006 10 25 47685.5374 A
09107000 2006 10 26 47678.5559 A
09107000 2006 10 27 47649.5094 A
09107000 2006 10 28 47617.3015 A
09107000 2006 10 29 47642.7630 A
09107000 2006 10 30 47610.9701 A
09107000 2006 10 31 47633.3951 A
09107000 2006 11 1 47582.4270 A
09107000 2006 11 2 47585.2326 A
09107000 2006 11 3 47612.2655 A
09107000 2006 11 4 47562.1435 A
09107000 2006 11 5 47558.8866 A
09107000 2006 11 6 47531.9738 A
09107000 2006 11 7 47543.4616 A
09107000 2006 11 8 47551.3294 A
09107000 2006 11 9 47488.5341 A
09107000 2006 11 10 47577.1083 A
09107000 2006 11 11 47472.0744 A
09107000 2006 11 12 47492.3971 A
09107000 2006 11 13 47517.8348 A
09107000 2006 11 14 47523.7897 A
09107000 2006 11 15 47549.5573 A
09107000 2006 11 16 47473.2485 A
09107000 2006 11 17 47506.0359 A
09107000 2006 11 18 47500.5959 A
09107000 2006 11 19 47454.4927 A
09107000 2006 11 20 47542.2776 A
09107000 2006 11 21 47425.0497 A
09107000 2006 11 22 47434.9430 A
09107000 2006 11 23 47417.5639 A
09107000 2006 11 24 47434.9079 A
09107000 2006 11 25 47406.2598 A
09107000 2006 11 26 47446.3078 A
09107000 2006 11 27 47379.2406 A
09107000 2006 11 28 47378.3477 A
09107000 2006 11 29 47446.0789 A
09107000 2006 11 30 47358.0767 A
09107000 2006 12 1 47483.6811 A
09107000 2006 12 2 47394.6666 A
09107000 2006 12 3 47328.8479 A
09107000 2006 12 4 47405.9973 A
09107000 2006 12 5 47312.1085 A
09107000 2006 12 6 47313.9513 A
09107000 2006 12 7 47387.0455 A
09107000 2006 12 8 47316.5020 A
09107000 2006 12 9 47348.5744 A
09107000 2006 12 10 47247.1847 A
09107000 2006 12 11 47296.8683 A
09107000 2006 12 12 47319.7862 A
09107000 2006 12 13 47283.3947 A
09107000 2006 12 14 47330.1047 A
09107000 2006 12 15 47239.5562 A
09107000 2006 12 16 47292.7331 A
09107000 2006 12 17 47389.8606 A
09107000 2006 12 18 47270.4993 A
09107000 2006 12 19 47289.5056 A
09107000 2006 12 20 47248.2395 A
09107000 2006 12 21 47291.3437 A
09107000 2006 12 22 47363.7650 A
09107000 2006 12 23 47375.1662 A
09107000 2006 12 24 47265.5433 A
09107000 2006 12 25 47250.5688 A
09107000 2006 12 26 47249.4475 A
09107000 2006 12 27 47304.1675 A
09107000 2006 12 28 47207.9846 A
09107000 2006 12 29 47237.6192 A
09107000 2006 12 30 47228.4970 A
09107000 2006 12 31 47161.2716 A
09107000 2007 1 1 47221.1806 A
09107000 2007 1 2 47187.6324 A
09107000 2007 1 3 47157.8737 A
09107000 2007 1 4 47168.5423 A
09107000 2007 1 5 47197.7917 A
09107000 2007 1 6 47139.9163 A
09107000 2007 1 7 47158.2409 A
09107000 2007 1 8 47132.3010 A
09107000 2007 1 9 47168.4337 A
09107000 2007 1 10 47192.6083 A
09107000 2007 1 11 47104.2561 A
09107000 2007 1 12 47121.9973 A
09107000 2007 1 13 47056.8940 A
09107000 2007 1 14 47178.4168 A
09107000 2007 1 15 47075.3402 A
09107000 2007 1 16 47261.8689 A
09107000 2007 1 17 47126.7903 A
09107000 2007 1 18 47172.5081 A
09107000 2007 1 19 47133.5215 A
09107000 2007 1 20 47109.0801 A
09107000 2007 1 21 47048.2840 A
09107000 2007 1 22 47062.0135 A
09107000 2007 1 23 47152.2166 A
09107000 2007 1 24 47072.9289 A
09107000 2007 1 25 47197.2295 A
09107000 2007 1 26 47130.3197 A
09107000 2007 1 27 47161.2990 A
09107000 2007 1 28 47131.7463 A
09107000 2007 1 29 47271.5467 A
09107000 2007 1 30 47152.4891 A
09107000 2007 1 31 47050.0212 A
09107000 2007 2 1 47124.3132 A
09107000 2007 2 2 47083.5062 A
09107000 2007 2 3 47230.4174 A
09107000 2007 2 4 47087.9875 A
09107000 2007 2 5 47110.5029 A
09107000 2007 2 6 47094.9072 A
09107000 2007 2 7 47032.9535 A
09107000 2007 2 8 47077.3313 A
09107000 2007 2 9 47193.0218 A
09107000 2007 2 10 47133.4566 A
09107000 2007 2 11 47094.1393 A
09107000 2007 2 12 47094.4482 A
09107000 2007 2 13 47047.9750 A
09107000 2007 2 14 47125.9757 A
09107000 2007 2 15 47169.2453 A
09107000 2007 2 16 47171.6760 A
09107000 2007 2 17 47160.2610 A
09107000 2007 2 18 47078.3928 A
09107000 2007 2 19 47068.7003 A
09107000 2007 2 20 47115.2776 A
09107000 2007 2 21 47200.8159 A
09107000 2007 2 22 47092.8824 A
09107000 2007 2 23 47132.8587 A
09107000 2007 2 24 47061.4621 A
09107000 2007 2 25 47106.3484 A
09107000 2007 2 26 47148.2887 A
09107000 2007 2 27 47110.8875 A
09107000 2007 2 28 47100.8774 A
09107000 2007 3 1 47047.9490 A
09107000 2007 3 2 47048.3506 A
09107000 2007 3 3 47048.4924 A
09107000 2007 3 4 47063.0069 A
09107000 2007 3 5 47018.9351 A
09107000 2007 3 6 47161.9809 A
09107000 2007 3 7 47119.9829 A
09107000 2007 3 8 47033.5524 A
09107000 2007 3 9 47073.0441 A
09107000 2007 3 10 47139.9469 A
09107000 2007 3 11 47010.4528 A
09107000 2007 3 12 47133.4005 A
09107000 2007 3 13 47052.2977 A
09107000 2007 3 14 47159.3179 A
09107000 2007 3 15 47066.6285 A
09107000 2007 3 16 47022.6716 A
09107000 2007 3 17 46991.9228 A
09107000 2007 3 18 46951.4986 A
09107000 2007 3 19 47042.8276 A
09107000 2007 3 20 47007.9924 A
09107000 2007 3 21 46984.8734 A
09107000 2007 3 22 46997.9029 A
09107000 2007 3 23 47039.8744 A
09107000 2007 3 24 46970.4190 A
09107000 2007 3 25 46972.7590 A
09107000 2007 3 26 46996.1399 A
09107000 2007 3 27 46944.1135 A
09107000 2007 3 28 46972.5596 A
09107000 2007 3 29 46951.0492 A
09107000 2007 3 30 46945.7684 A
09107000 2007 3 31 46996.1757 A
09107000 2007 4 1 46893.6243 A
09107000 2007 4 2 46962.6465 A
09107000 2007 4 3 46955.9590 A
09107000 2007 4 4 46888.1627 A
09107000 2007 4 5 46935.4204 A
09107000 2007 4 6 46909.9733 A
09107000 2007 4 7 46956.2342 A
09107000 2007 4 8 46927.6539 A
09107000 2007 4 9 46924.2801 A
09107000 2007 4 10 46872.2194 A
09107000 2007 4 11 46956.7268 A
09107000 2007 4 12 46893.5965 A
09107000 2007 4 13 46889.2189 A
09107000 2007 4 14 46955.3304 A
09107000 2007 4 15 46930.4988 A
09107000 2007 4 16 46865.0637 A
09107000 2007 4 17 46944.2663 A
09107000 2007 4 18 46858.6582 A
09107000 2007 4 19 46865.5343 A
09107000 2007 4 20 46869.3797 A
09107000 2007 4 21 46826.1743 A
09107000 2007 4 22 46871.3275 A
09107000 2007 4 23 46904.5631 A
09107000 2007 4 24 46970.5487 A
09107000 2007 4 25 46976.4458 A
09107000 2007 4 26 46869.1706 A
09107000 2007 4 27 46895.7995 A
09107000 2007 4 28 46960.8889 A
09107000 2007 4 29 47165.4159 A
09107000 2007 4 30 46916.7002 A
09107000 2007 5 1 47277.7847 A
09107000 2007 5 2 47055.2807 A
09107000 2007 5 3 47088.4990 A
09107000 2007 5 4 47330.5045 A
09107000 2007 5 5 47462.4964 A
09107000 2007 5 6 47386.1306 A
09107000 2007 5 7 47210.4313 A
09107000 2007 5 8 47420.8226 A
09107000 2007 5 9 47506.3740 A
09107000 2007 5 10 47833.0515 A
09107000 2007 5 11 47997.5635 A
09107000 2007 5 12 47570.2882 A
09107000 2007 5 13 47850.2749 A
09107000 2007 5 14 47702.0461 A
09107000 2007 5 15 47980.2088 A
09107000 2007 5 16 47779.7939 A
09107000 2007 5 17 48235.6201 A
09107000 2007 5 18 48327.3676 A
09107000 2007 5 19 48258.7224 A
09107000 2007 5 20 48310.4533 A
09107000 2007 5 21 48435.6975 A
09107000 2007 5 22 48528.6285 A
09107000 2007 5 23 48551.5552 A
09107000 2007 5 24 48366.5468 A
09107000 2007 5 25 48471.7745 A
09107000 2007 5 26 48593.1979 A
09107000 2007 5 27 48788.5585 A
09107000 2007 5 28 48809.2980 A
09107000 2007 5 29 49145.2884 A
09107000 2007 5 30 49296.0255 A
09107000 2007 5 31 49045.7568 A
09107000 2007 6 1 49364.9154 A
09107000 2007 6 2 49170.5452 A
09107000 2007 6 3 49379.8748 A
09107000 2007 6 4 49544.0345 A
09107000 2007 6 5 49604.5336 A
09107000 2007 6 6 50179.4412 A
09107000 2007 6 7 50151.1341 A
09107000 2007 6 8 50167.4495 A
09107000 2007 6 9 50650.6738 A
09107000 2007 6 10 50369.6883 A
09107000 2007 6 11 50565.8193 A
09107000 2007 6 12 51009.0071 A
09107000 2007 6 13 50829.0868 A
09107000 2007 6 14 51155.9284 A
09107000 2007 6 15 51229.3815 A
09107000 2007 6 16 51490.8429 A
09107000 2007 6 17 51854.2464 A
09107000 2007 6 18 51970.5101 A
09107000 2007 6 19 52173.3612 A
09107000 2007 6 20 51946.9732 A
09107000 2007 6 21 52274.5998 A
09107000 2007 6 22 52387.5209 A
09107000 2007 6 23 52512.8544 A
09107000 2007 6 24 52702.1603 A
09107000 2007 6 25 52967.4288 A
09107000 2007 6 26 52247.8338 A
09107000 2007 6 27 52182.2196 A
09107000 2007 6 28 52335.9031 A
09107000 2007 6 29 52462.3514 A
09107000 2007 6 30 52191.8659 A
09107000 2007 7 1 52277.6505 A
09107000 2007 7 2 52238.8762 A
09107000 2007 7 3 52210.0619 A
09107000 2007 7 4 52201.4465 A
09107000 2007 7 5 52251.5077 A
09107000 2007 7 6 52215.1869 A
09107000 2007 7 7 52330.2715 A
09107000 2007 7 8 52208.4765 A
09107000 2007 7 9 52267.0113 A
09107000 2007 7 10 52184.7704 A
09107000 2007 7 11 52280.2421 A
09107000 2007 7 12 52257.7463 A
09107000 2007 7 13 52274.8333 A
09107000 2007 7 14 52193.5400 A
09107000 2007 7 15 52218.4245 A
09107000 2007 7 16 52241.7737 A
09107000 2007 7 17 52143.6013 A
09107000 2007 7 18 52286.2267 A
09107000 2007 7 19 52274.5390 A
09107000 2007 7 20 52244.4496 A
09107000 2007 7 21 52170.7999 A
09107000 2007 7 22 52501.3372 A
09107000 2007 7 23 52208.4530 A
09107000 2007 7 24 52225.6860 A
09107000 2007 7 25 52205.5204 A
09107000 2007 7 26 52177.6674 A
09107000 2007 7 27 52173.4110 A
09107000 2007 7 28 52152.2207 A
09107000 2007 7 29 52157.1509 A
09107000 2007 7 30 52161.9381 A
09107000 2007 7 31 52154.2178 A
09107000 2007 8 1 52119.4986 A
09107000 2007 8 2 52245.5046 A
09107000 2007 8 3 52221.8908 A
09107000 2007 8 4 52124.0242 A
09107000 2007 8 5 52106.3025 A
09107000 2007 8 6 52096.4659 A
09107000 2007 8 7 52106.7461 A
09107000 2007 8 8 52130.6641 A
09107000 2007 8 9 52129.7549 A
09107000 2007 8 10 52185.7382 A
09107000 2007 8 11 52057.7797 A
09107000 2007 8 12 52048.7825 A
09107000 2007 8 13 52104.1035 A
09107000 2007 8 14 52059.8389 A
09107000 2007 8 15 52071.7452 A
09107000 2007 8 16 52109.0222 A
09107000 2007 8 17 52146.2626 A
09107000 2007 8 18 52083.8228 A
09107000 2007 8 19 52068.6491 A
09107000 2007 8 20 52049.1258 A
09107000 2007 8 21 52167.8608 A
09107000 2007 8 22 52024.3966 A
09107000 2007 8 23 52065.9602 A
09107000 2007 8 24 52033.9168 A
09107000 2007 8 25 52084.2925 A
09107000 2007 8 26 52158.6523 A
09107000 2007 8 27 52081.5717 A
09107000 2007 8 28 52140.1958 A
09107000 2007 8 29 52080.5027 A
09107000 2007 8 30 52003.2080 A
09107000 2007 8 31 52209.8870 A
09107000 2007 9 1 52063.9124 A
09107000 2007 9 2 52193.8397 A
09107000 2007 9 3 52187.4874 A
09107000 2007 9 4 52074.3844 A
09107000 2007 9 5 52050.3417 A
09107000 2007 9 6 52069.6273 A
09107000 2007 9 7 52041.6727 A
09107000 2007 9 8 52081.2189 A
09107000 2007 9 9 52105.3984 A
09107000 2007 9 10 51986.6961 A
09107000 2007 9 11 52009.5164 A
09107000 2007 9 12 52057.0015 A
09107000 2007 9 13 52031.4739 A
09107000 2007 9 14 52062.5060 A
09107000 2007 9 15 52108.7369 A
09107000 2007 9 16 52139.5711 A
09107000 2007 9 17 52049.0907 A
09107000 2007 9 18 52070.5737 A
09107000 2007 9 19 52114.9689 A
09107000 2007 9 20 52039.7193 A
09107000 2007 9 21 52001.7446 A
09107000 2007 9 22 52120.4173 A
09107000 2007 9 23 52016.9942 A
09107000 2007 9 24 51998.1616 A
09107000 2007 9 25 52013.6119 A
09107000 2007 9 26 52008.6783 A
09107000 2007 9 27 52024.7608 A
09107000 2007 9 28 52040.2995 A
09107000 2007 9 29 52060.0666 A
09107000 2007 9 30 52024.5669 A
09107000 2007 10 1 52126.1566 A
09107000 2007 10 2 51981.3113 A
09107000 2007 10 3 51970.8003 A
09107000 2007 10 4 51976.8971 A
09107000 2007 10 5 52003.5459 A
09107000 2007 10 6 51957.5712 A
09107000 2007 10 7 51995.3671 A
09107000 2007 10 8 51997.8716 A
09107000 2007 10 9 52078.1268 A
09107000 2007 10 10 51952.7605 A
09107000 2007 10 11 51954.9562 A
09107000 2007 10 12 51943.3209 A
09107000 2007 10 13 51936.6389 A
09107000 2007 10 14 51914.3793 A
09107000 2007 10 15 51923.7262 A
09107000 2007 10 16 51899.8598 A
09107000 2007 10 17 51837.3945 A
09107000 2007 10 18 51880.9732 A
09107000 2007 10 19 52061.8269 A
09107000 2007 10 20 51890.7077 A
09107000 2007 10 21 51854.9915 A
09107000 2007 10 22 51855.3416 A
09107000 2007 10 23 51905.4788 A
09107000 2007 10 24 51891.8864 A
09107000 2007 10 25 51853.3690 A
09107000 2007 10 26 51854.9025 A
09107000 2007 10 27 51827.5977 A
09107000 2007 10 28 51814.3709 A
09107000 2007 10 29 51824.7723 A
09107000 2007 10 30 51816.2026 A
09107000 2007 10 31 51830.6879 A
09107000 2007 11 1 51788.7820 A
09107000 2007 11 2 51801.2973 A
09107000 2007 11 3 51771.0947 A
09107000 2007 11 4 51736.3897 A
09107000 2007 11 5 51764.4177 A
09107000 2007 11 6 51692.5377 A
09107000 2007 11 7 51705.9316 A
09107000 2007 11 8 51865.2739 A
09107000 2007 11 9 51738.9239 A
09107000 2007 11 10 51718.1067 A
09107000 2007 11 11 51797.2640 A
09107000 2007 11 12 51795.6905 A
09107000 2007 11 13 51666.4669 A
09107000 2007 11 14 51840.5025 A
09107000 2007 11 15 51829.8445 A
09107000 2007 11 16 51746.4958 A
09107000 2007 11 17 51674.4094 A
09107000 2007 11 18 51768.1666 A
09107000 2007 11 19 51711.6768 A
09107000 2007 11 20 51814.6216 A
09107000 2007 11 21 51834.2724 A
09107000 2007 11 22 51728.6290 A
09107000 2007 11 23 51724.3506 A
09107000 2007 11 24 51678.4232 A
09107000 2007 11 25 51706.1232 A
09107000 2007 11 26 51694.1782 A
09107000 2007 11 27 51687.1244 A
09107000 2007 11 28 51802.8910 A
09107000 2007 11 29 51666.1872 A
09107000 2007 11 30 51664.2069 A
09107000 2007 12 1 51708.6523 A
09107000 2007 12 2 51704.8721 A
09107000 2007 12 3 51663.8642 A
09107000 2007 12 4 51668.6864 A
09107000 2007 12 5 51640.8192 A
09107000 2007 12 6 51707.6531 A
09107000 2007 12 7 51679.5431 A
09107000 2007 12 8 51618.7384 A
09107000 2007 12 9 51627.0133 A
09107000 2007 12 10 51600.2079 A
09107000 2007 12 11 51609.2833 A
09107000 2007 12 12 51552.6751 A
09107000 2007 12 13 51590.8486 A
09107000 2007 12 14 51557.6241 A
09107000 2007 12 15 51550.8620 A
09107000 2007 12 16 51549.2282 A
09107000 2007 12 17 51545.0395 A
09107000 2007 12 18 51522.6206 A
09107000 2007 12 19 51557.6457 A
09107000 2007 12 20 51609.7020 A
09107000 2007 12 21 51570.1234 A
09107000 2007 12 22 51490.7811 A
09107000 2007 12 23 51573.8250 A
09107000 2007 12 24 51518.5209 A
09107000 2007 12 25 51512.4499 A
09107000 2007 12 26 51519.1704 A
09107000 2007 12 27 51533.1021 A
09107000 2007 12 28 51497.2954 A
09107000 2007 12 29 51484.9368 A
09107000 2007 12 30 51478.0309 A
09107000 2007 12 31 51469.7300 A
09107000 2008 1 1 51507.4244 A
09107000 2008 1 2 51431.7991 A
09107000 2008 1 3 51482.2645 A
09107000 2008 1 4 51466.6370 A
09107000 2008 1 5 51448.3266 A
09107000 2008 1 6 51438.9468 A
09107000 2008 1 7 51452.1200 A
09107000 2008 1 8 51467.4244 A
09107000 2008 1 9 51432.9917 A
09107000 2008 1 10 51429.8970 A
09107000 2008 1 11 51388.7018 A
09107000 2008 1 12 51513.0810 A
09107000 2008 1 13 51458.1444 A
09107000 2008 1 14 51386.3724 A
09107000 2008 1 15 51436.0664 A
09107000 2008 1 16 51461.2170 A
09107000 2008 1 17 51636.5187 A
09107000 2008 1 18 51378.8341 A
09107000 2008 1 19 51362.3697 A
09107000 2008 1 20 51374.2171 A
09107000 2008 1 21 51376.8419 A
09107000 2008 1 22 51417.8118 A
09107000 2008 1 23 51362.1684 A
09107000 2008 1 24 51388.1582 A
09107000 2008 1 25 51346.9274 A
09107000 2008 1 26 51378.0234 A
09107000 2008 1 27 51384.3792 A
09107000 2008 1 28 51349.1230 A
09107000 2008 1 29 51366.7823 A
09107000 2008 1 30 51296.3156 A
09107000 2008 1 31 51460.2059 A
09107000 2008 2 1 51323.2952 A
09107000 2008 2 2 51422.5251 A
09107000 2008 2 3 51316.0578 A
09107000 2008 2 4 51374.5316 A
09107000 2008 2 5 51310.8187 A
09107000 2008 2 6 51350.3957 A
09107000 2008 2 7 51385.1706 A
09107000 2008 2 8 51448.9778 A
09107000 2008 2 9 51378.3755 A
09107000 2008 2 10 51288.7661 A
09107000 2008 2 11 51325.1251 A
09107000 2008 2 12 51412.0357 A
09107000 2008 2 13 51329.0705 A
09107000 2008 2 14 51307.6594 A
09107000 2008 2 15 51361.8102 A
09107000 2008 2 16 51323.4332 A
09107000 2008 2 17 51478.4719 A
09107000 2008 2 18 51335.4969 A
09107000 2008 2 19 51348.3343 A
09107000 2008 2 20 51409.1053 A
09107000 2008 2 21 51360.4600 A
09107000 2008 2 22 51328.5958 A
09107000 2008 2 23 51330.1144 A
09107000 2008 2 24 51548.6145 A
09107000 2008 2 25 51324.8199 A
09107000 2008 2 26 51303.8520 A
09107000 2008 2 27 51529.3050 A
09107000 2008 2 28 51517.2279 A
09107000 2008 2 29 51506.0234 A
09107000 2008 3 1 51378.8959 A
09107000 2008 3 2 51370.0241 A
09107000 2008 3 3 51417.3477 A
09107000 2008 3 4 51496.3064 A
09107000 2008 3 5 51432.6107 A
09107000 2008 3 6 51440.1669 A
09107000 2008 3 7 51395.7088 A
09107000 2008 3 8 51358.8034 A
09107000 2008 3 9 51342.0579 A
09107000 2008 3 10 51378.9156 A
09107000 2008 3 11 51345.6535 A
09107000 2008 3 12 51369.1318 A
09107000 2008 3 13 51320.3540 A
09107000 2008 3 14 51442.9723 A
09107000 2008 3 15 51306.9445 A
09107000 2008 3 16 51317.6541 A
09107000 2008 3 17 51415.6864 A
09107000 2008 3 18 51336.4107 A
09107000 2008 3 19 51362.2887 A
09107000 2008 3 20 51341.8053 A
09107000 2008 3 21 51371.2249 A
09107000 2008 3 22 51288.6186 A
09107000 2008 3 23 51373.1165 A
09107000 2008 3 24 51296.1180 A
09107000 2008 3 25 51277.8962 A
09107000 2008 3 26 51360.3068 A
09107000 2008 3 27 51334.3358 A
09107000 2008 3 28 51276.4295 A
09107000 2008 3 29 51424.2789 A
09107000 2008 3 30 51287.3852 A
09107000 2008 3 31 51294.0219 A
09107000 2008 4 1 51245.3887 A
09107000 2008 4 2 51330.7108 A
09107000 2008 4 3 51292.8835 A
09107000 2008 4 4 51251.4537 A
09107000 2008 4 5 51285.7529 A
09107000 2008 4 6 51321.1170 A
09107000 2008 4 7 51244.7329 A
09107000 2008 4 8 51250.2777 A
09107000 2008 4 9 51259.8012 A
09107000 2008 4 10 51237.5222 A
09107000 2008 4 11 51289.5941 A
09107000 2008 4 12 51306.1888 A
09107000 2008 4 13 51424.8204 A
09107000 2008 4 14 51274.5963 A
09107000 2008 4 15 51277.8649 A
09107000 2008 4 16 51246.1902 A
09107000 2008 4 17 51272.3077 A
09107000 2008 4 18 51300.0079 A
09107000 2008 4 19 51234.5864 A
09107000 2008 4 20 51256.1543 A
09107000 2008 4 21 51180.2979 A
09107000 2008 4 22 51333.2176 A
09107000 2008 4 23 51205.7283 A
09107000 2008 4 24 51177.1990 A
09107000 2008 4 25 51205.8679 A
09107000 2008 4 26 51178.2884 A
09107000 2008 4 27 51209.8428 A
09107000 2008 4 28 51253.3911 A
09107000 2008 4 29 51179.7820 A
09107000 2008 4 30 51314.4446 A
09107000 2008 5 1 51259.5622 A
09107000 2008 5 2 51216.5092 A
09107000 2008 5 3 51485.4830 A
09107000 2008 5 4 51309.0484 A
09107000 2008 5 5 51296.0097 A
09107000 2008 5 6 51303.3198 A
09107000 2008 5 7 51666.5310 A
09107000 2008 5 8 51587.3889 A
09107000 2008 5 9 51612.8480 A
09107000 2008 5 10 51684.3845 A
09107000 2008 5 11 51769.9717 A
09107000 2008 5 12 51987.9585 A
09107000 2008 5 13 51771.3351 A
09107000 2008 5 14 51926.4238 A
09107000 2008 5 15 51952.1090 A
09107000 2008 5 16 52212.9635 A
09107000 2008 5 17 52364.2825 A
09107000 2008 5 18 52191.7898 A
09107000 2008 5 19 52416.2909 A
09107000 2008 5 20 52517.3504 A
09107000 2008 5 21 52281.5679 A
09107000 2008 5 22 52680.9787 A
09107000 2008 5 23 52956.2928 A
09107000 2008 5 24 52981.1064 A
09107000 2008 5 25 52884.8405 A
09107000 2008 5 26 52820.4276 A
09107000 2008 5 27 53237.6911 A
09107000 2008 5 28 53090.8589 A
09107000 2008 5 29 53164.3482 A
09107000 2008 5 30 53485.0710 A
09107000 2008 5 31 53659.1290 A
09107000 2008 6 1 53643.5886 A
09107000 2008 6 2 53742.4691 A
09107000 2008 6 3 53915.3656 A
09107000 2008 6 4 53888.2844 A
09107000 2008 6 5 54036.0932 A
09107000 2008 6 6 54007.9900 A
09107000 2008 6 7 54470.4501 A
09107000 2008 6 8 55023.3718 A
09107000 2008 6 9 54706.4520 A
09107000 2008 6 10 55063.1490 A
09107000 2008 6 11 55026.9055 A
09107000 2008 6 12 54968.9690 A
09107000 2008 6 13 55579.4919 A
09107000 2008 6 14 55383.1199 A
09107000 2008 6 15 55775.3872 A
09107000 2008 6 16 55790.4664 A
09107000 2008 6 17 56146.3811 A
09107000 2008 6 18 56132.7532 A
09107000 2008 6 19 56087.4548 A
09107000 2008 6 20 56308.1811 A
09107000 2008 6 21 56955.9650 A
09107000 2008 6 22 56859.1497 A
09107000 2008 6 23 56740.2655 A
09107000 2008 6 24 56349.4067 A
09107000 2008 6 25 56306.3715 A
09107000 2008 6 26 56244.4106 A
09107000 2008 6 27 56469.1496 A
09107000 2008 6 28 56256.0364 A
09107000 2008 6 29 56325.4120 A
09107000 2008 6 30 56300.5649 A
09107000 2008 7 1 56227.4370 A
09107000 2008 7 2 56206.2220 A
09107000 2008 7 3 56229.3082 A
09107000 2008 7 4 56341.9492 A
09107000 2008 7 5 56275.7935 A
09107000 2008 7 6 56211.9819 A
09107000 2008 7 7 56343.9165 A
09107000 2008 7 8 56282.7562 A
09107000 2008 7 9 56280.8637 A
09107000 2008 7 10 56245.1068 A
09107000 2008 7 11 56342.5334 A
09107000 2008 7 12 56234.0459 A
09107000 2008 7 13 56208.4344 A
09107000 2008 7 14 56219.3253 A
09107000 2008 7 15 56279.6948 A
09107000 2008 7 16 56276.9412 A
09107000 2008 7 17 56234.9122 A
09107000 2008 7 18 56403.3711 A
09107000 2008 7 19 56228.1523 A
09107000 2008 7 20 56229.1747 A
09107000 2008 7 21 56250.5358 A
09107000 2008 7 22 56187.9531 A
09107000 2008 7 23 56252.3581 A
09107000 2008 7 24 56204.9617 A
09107000 2008 7 25 56167.7318 A
09107000 2008 7 26 56266.9404 A
09107000 2008 7 27 56211.0738 A
09107000 2008 7 28 56152.4651 A
09107000 2008 7 29 56187.1326 A
09107000 2008 7 30 56173.1496 A
09107000 2008 7 31 56224.1183 A
09107000 2008 8 1 56197.8011 A
09107000 2008 8 2 56180.6202 A
09107000 2008 8 3 56206.4243 A
09107000 2008 8 4 56301.6026 A
09107000 2008 8 5 56244.9311 A
09107000 2008 8 6 56202.9849 A
09107000 2008 8 7 56150.8180 A
09107000 2008 8 8 56167.8197 A
09107000 2008 8 9 56206.3657 A
09107000 2008 8 10 56153.0008 A
09107000 2008 8 11 56283.4665 A
09107000 2008 8 12 56292.6019 A
09107000 2008 8 13 56170.1367 A
09107000 2008 8 14 56151.8900 A
09107000 2008 8 15 56214.7646 A
09107000 2008 8 16 56216.6354 A
09107000 2008 8 17 56183.9050 A
09107000 2008 8 18 56257.8890 A
09107000 2008 8 19 56133.4122 A
09107000 2008 8 20 56149.6786 A
09107000 2008 8 21 56233.8864 A
09107000 2008 8 22 56172.7897 A
09107000 2008 8 23 56222.0601 A
09107000 2008 8 24 56398.6536 A
09107000 2008 8 25 56224.0506 A
09107000 2008 8 26 56187.5644 A
09107000 2008 8 27 56168.3282 A
09107000 2008 8 28 56187.8029 A
09107000 2008 8 29 56184.8321 A
09107000 2008 8 30 56184.2049 A
09107000 2008 8 31 56210.3511 A
09107000 2008 9 1 56161.4338 A
09107000 2008 9 2 56190.1472 A
09107000 2008 9 3 56152.3478 A
09107000 2008 9 4 56092.8428 A
09107000 2008 9 5 56088.4752 A
09107000 2008 9 6 56075.3372 A
09107000 2008 9 7 56168.1318 A
09107000 2008 9 8 56101.1377 A
09107000 2008 9 9 56086.6967 A
09107000 2008 9 10 56097.9567 A
09107000 2008 9 11 56071.0410 A
09107000 2008 9 12 56080.4998 A
09107000 2008 9 13 56068.3282 A
09107000 2008 9 14 56090.4861 A
09107000 2008 9 15 56145.1379 A
09107000 2008 9 16 56028.3722 A
09107000 2008 9 17 56076.8041 A
09107000 2008 9 18 56097.1269 A
09107000 2008 9 19 56131.6224 A
09107000 2008 9 20 56070.2427 A
09107000 2008 9 21 56015.8329 A
09107000 2008 9 22 55997.2076 A
09107000 2008 9 23 56050.2130 A
09107000 2008 9 24 56162.0367 A
09107000 2008 9 25 56013.3779 A
09107000 2008 9 26 56036.0475 A
09107000 2008 9 27 55942.0442 A
09107000 2008 9 28 55973.2307 A
09107000 2008 9 29 55969.8093 A
09107000 2008 9 30 55964.1632 A
09107000 2008 10 1 56027.5548 A
09107000 2008 10 2 56022.4879 A
09107000 2008 10 3 55975.4669 A
09107000 2008 10 4 56026.6242 A
09107000 2008 10 5 55991.8167 A
09107000 2008 10 6 56013.7777 A
09107000 2008 10 7 56018.7183 A
09107000 2008 10 8 55920.8587 A
09107000 2008 10 9 55949.3650 A
09107000 2008 10 10 55940.5087 A
09107000 2008 10 11 56087.3844 A
09107000 2008 10 12 55942.1800 A
09107000 2008 10 13 55980.4486 A
09107000 2008 10 14 55979.5162 A
09107000 2008 10 15 55983.5554 A
09107000 2008 10 16 55909.4775 A
09107000 2008 10 17 55979.8381 A
09107000 2008 10 18 55899.1679 A
09107000 2008 10 19 55932.7068 A
09107000 2008 10 20 55930.2268 A
09107000 2008 10 21 55869.1098 A
09107000 2008 10 22 55887.5646 A
09107000 2008 10 23 55866.1187 A
09107000 2008 10 24 55822.9608 A
09107000 2008 10 25 55820.5939 A
09107000 2008 10 26 55801.2142 A
09107000 2008 10 27 55849.7535 A
09107000 2008 10 28 55828.5107 A
09107000 2008 10 29 55791.9729 A
09107000 2008 10 30 55807.0927 A
09107000 2008 10 31 55790.2406 A
09107000 2008 11 1 55780.1121 A
09107000 2008 11 2 55740.1058 A
09107000 2008 11 3 55787.7708 A
09107000 2008 11 4 55749.7230 A
09107000 2008 11 5 55709.2840 A
09107000 2008 11 6 55784.0954 A
09107000 2008 11 7 55778.0159 A
09107000 2008 11 8 55677.3116 A
09107000 2008 11 9 55697.5307 A
09107000 2008 11 10 55678.9178 A
09107000 2008 11 11 55686.2862 A
09107000 2008 11 12 55646.7776 A
09107000 2008 11 13 55663.9378 A
09107000 2008 11 14 55688.4291 A
09107000 2008 11 15 55673.8286 A
09107000 2008 11 16 55656.5174 A
09107000 2008 11 17 55702.3423 A
09107000 2008 11 18 55682.4490 A
09107000 2008 11 19 55637.8752 A
09107000 2008 11 20 55594.6844 A
09107000 2008 11 21 55642.4521 A
09107000 2008 11 22 55649.0891 A
09107000 2008 11 23 55579.3946 A
09107000 2008 11 24 55636.9237 A
09107000 2008 11 25 55695.5045 A
09107000 2008 11 26 55582.0801 A
09107000 2008 11 27 55581.6514 A
09107000 2008 11 28 55561.5073 A
09107000 2008 11 29 55610.5504 A
09107000 2008 11 30 55594.0284 A
09107000 2008 12 1 55550.0659 A
09107000 2008 12 2 55533.4162 A
09107000 2008 12 3 55522.7927 A
09107000 2008 12 4 55533.3116 A
09107000 2008 12 5 55529.0772 A
09107000 2008 12 6 55550.5211 A
09107000 2008 12 7 55551.8176 A
09107000 2008 12 8 55510.0693 A
09107000 2008 12 9 55532.6178 A
09107000 2008 12 10 55522.6155 A
09107000 2008 12 11 55504.9242 A
09107000 2008 12 12 55466.4034 A
09107000 2008 12 13 55462.5071 A
09107000 2008 12 14 55412.8843 A
09107000 2008 12 15 55461.5108 A
09107000 2008 12 16 55521.4303 A
09107000 2008 12 17 55441.3708 A
09107000 2008 12 18 55391.2644 A
09107000 2008 12 19 55468.6275 A
09107000 2008 12 20 55424.8220 A
09107000 2008 12 21 55445.2947 A
09107000 2008 12 22 55369.6960 A
09107000 2008 12 23 55416.7408 A
09107000 2008 12 24 55372.0270 A
09107000 2008 12 25 55350.3402 A
09107000 2008 12 26 55346.9740 A
09107000 2008 12 27 55441.1885 A
09107000 2008 12 28 55347.1165 A
09107000 2008 12 29 55303.6058 A
09107000 2008 12 30 55324.4343 A
09107000 2008 12 31 55344.6869 A
09107000 2009 1 1 55338.7526 A
09107000 2009 1 2 55282.2084 A
09107000 2009 1 3 55310.1380 A
09107000 2009 1 4 55385.9841 A
09107000 2009 1 5 55274.9747 A
09107000 2009 1 6 55247.1466 A
09107000 2009 1 7 55248.8164 A
09107000 2009 1 8 55269.6905 A
09107000 2009 1 9 55208.9839 A
09107000 2009 1 10 55290.6910 A
09107000 2009 1 11 55217.6740 A
09107000 2009 1 12 55209.8474 A
09107000 2009 1 13 55218.6857 A
09107000 2009 1 14 55305.7208 A
09107000 2009 1 15 55315.3227 A
09107000 2009 1 16 55173.1014 A
09107000 2009 1 17 55252.1713 A
09107000 2009 1 18 55158.8663 A
09107000 2009 1 19 55233.8109 A
09107000 2009 1 20 55216.8172 A
09107000 2009 1 21 55245.4516 A
09107000 2009 1 22 55235.7024 A
09107000 2009 1 23 55178.8960 A
09107000 2009 1 24 55208.0237 A
09107000 2009 1 25 55150.5125 A
09107000 2009 1 26 55305.1115 A
09107000 2009 1 27 55159.0177 A
09107000 2009 1 28 55182.7987 A
09107000 2009 1 29 55168.7168 A
09107000 2009 1 30 55271.7930 A
09107000 2009 1 31 55160.5262 A
09107000 2009 2 1 55211.6571 A
09107000 2009 2 2 55149.9554 A
09107000 2009 2 3 55208.3761 A
09107000 2009 2 4 55126.9722 A
09107000 2009 2 5 55161.6369 A
09107000 2009 2 6 55219.8749 A
09107000 2009 2 7 55345.9530 A
09107000 2009 2 8 55146.1821 A
09107000 2009 2 9 55134.0083 A
09107000 2009 2 10 55194.2541 A
09107000 2009 2 11 55204.7621 A
09107000 2009 2 12 55105.8583 A
09107000 2009 2 13 55151.1184 A
09107000 2009 2 14 55144.2429 A
09107000 2009 2 15 55147.7870 A
09107000 2009 2 16 55104.9485 A
09107000 2009 2 17 55083.9751 A
09107000 2009 2 18 55168.9218 A
09107000 2009 2 19 55093.1094 A
09107000 2009 2 20 55192.9571 A
09107000 2009 2 21 55083.9307 A
09107000 2009 2 22 55067.2721 A
09107000 2009 2 23 55047.9604 A
09107000 2009 2 24 55068.8753 A
09107000 2009 2 25 55010.3803 A
09107000 2009 2 26 55111.9921 A
09107000 2009 2 27 55025.9398 A
09107000 2009 2 28 55056.1299 A
09107000 2009 3 1 55034.6538 A
09107000 2009 3 2 55004.9975 A
09107000 2009 3 3 54984.8127 A
09107000 2009 3 4 54982.1058 A
09107000 2009 3 5 54984.3840 A
09107000 2009 3 6 54954.9997 A
09107000 2009 3 7 54929.5063 A
09107000 2009 3 8 54962.6435 A
09107000 2009 3 9 54953.4837 A
09107000 2009 3 10 54933.5573 A
09107000 2009 3 11 55065.9673 A
09107000 2009 3 12 54980.3490 A
09107000 2009 3 13 54981.9175 A
09107000 2009 3 14 54950.7504 A
09107000 2009 3 15 54938.3606 A
09107000 2009 3 16 55032.8237 A
09107000 2009 3 17 54963.6824 A
09107000 2009 3 18 55091.4502 A
09107000 2009 3 19 54963.1395 A
09107000 2009 3 20 55179.0446 A
09107000 2009 3 21 55032.1772 A
09107000 2009 3 22 55062.3713 A
09107000 2009 3 23 54964.6344 A
09107000 2009 3 24 54985.8668 A
09107000 2009 3 25 55091.5983 A
09107000 2009 3 26 54946.8990 A
09107000 2009 3 27 55019.0775 A
09107000 2009 3 28 55110.8442 A
09107000 2009 3 29 55061.6900 A
09107000 2009 3 30 54986.1780 A
09107000 2009 3 31 54963.4559 A
09107000 2009 4 1 55000.1123 A
09107000 2009 4 2 55066.3190 A
09107000 2009 4 3 55023.7602 A
09107000 2009 4 4 55105.6629 A
09107000 2009 4 5 55069.4306 A
09107000 2009 4 6 55022.9519 A
09107000 2009 4 7 55021.1535 A
09107000 2009 4 8 54999.7579 A
09107000 2009 4 9 54949.7501 A
09107000 2009 4 10 55007.0191 A
09107000 2009 4 11 54933.8279 A
09107000 2009 4 12 54959.7154 A
09107000 2009 4 13 55035.6541 A
09107000 2009 4 14 54950.5094 A
09107000 2009 4 15 54913.4363 A
09107000 2009 4 16 54937.2544 A
09107000 2009 4 17 54891.4159 A
09107000 2009 4 18 54902.0437 A
09107000 2009 4 19 54926.6336 A
09107000 2009 4 20 54876.8821 A
09107000 2009 4 21 54937.7455 A
09107000 2009 4 22 54944.7440 A
09107000 2009 4 23 54971.9347 A
09107000 2009 4 24 54900.2246 A
09107000 2009 4 25 54885.0370 A
09107000 2009 4 26 54997.2438 A
09107000 2009 4 27 54969.9592 A
09107000 2009 4 28 54961.4863 A
09107000 2009 4 29 55156.9618 A
09107000 2009 4 30 55145.1345 A
09107000 2009 5 1 55237.2942 A
09107000 2009 5 2 54961.8524 A
09107000 2009 5 3 54998.9184 A
09107000 2009 5 4 54988.9196 A
09107000 2009 5 5 55131.3827 A
09107000 2009 5 6 55143.3808 A
09107000 2009 5 7 55145.0508 A
09107000 2009 5 8 55219.5429 A
09107000 2009 5 9 55558.6556 A
09107000 2009 5 10 55399.6220 A
09107000 2009 5 11 55477.5638 A
09107000 2009 5 12 55254.3519 A
09107000 2009 5 13 55353.4287 A
09107000 2009 5 14 55740.8443 A
09107000 2009 5 15 55520.1194 A
09107000 2009 5 16 55743.9873 A
09107000 2009 5 17 55815.5637 A
09107000 2009 5 18 55917.4382 A
09107000 2009 5 19 55904.3041 A
09107000 2009 5 20 55877.6741 A
09107000 2009 5 21 56380.6707 A
09107000 2009 5 22 56082.0941 A
09107000 2009 5 23 56386.9667 A
09107000 2009 5 24 56501.3392 A
09107000 2009 5 25 56634.0869 A
09107000 2009 5 26 56620.7753 A
09107000 2009 5 27 56492.9063 A
09107000 2009 5 28 56582.5556 A
09107000 2009 5 29 56736.0269 A
09107000 2009 5 30 56981.1346 A
09107000 2009 5 31 57110.7660 A
09107000 2009 6 1 57218.0561 A
09107000 2009 6 2 57330.9005 A
09107000 2009 6 3 57652.1737 A
09107000 2009 6 4 57309.3448 A
09107000 2009 6 5 57296.2520 A
09107000 2009 6 6 57467.8740 A
09107000 2009 6 7 57934.1781 A
09107000 2009 6 8 57614.7357 A
09107000 2009 6 9 58038.8793 A
09107000 2009 6 10 58020.3728 A
09107000 2009 6 11 58441.4666 A
09107000 2009 6 12 58446.7436 A
09107000 2009 6 13 58642.1728 A
09107000 2009 6 14 58645.7031 A
09107000 2009 6 15 58932.2526 A
09107000 2009 6 16 59342.2776 A
09107000 2009 6 17 59463.4001 A
09107000 2009 6 18 59345.6021 A
09107000 2009 6 19 59426.5914 A
09107000 2009 6 20 59870.9409 A
09107000 2009 6 21 60214.7787 A
09107000 2009 6 22 59468.7255 A
09107000 2009 6 23 59240.0825 A
09107000 2009 6 24 59330.3590 A
09107000 2009 6 25 59536.2305 A
09107000 2009 6 26 59525.2676 A
09107000 2009 6 27 59301.8643 A
09107000 2009 6 28 59318.2165 A
09107000 2009 6 29 59290.9229 A
09107000 2009 6 30 59398.6006 A
09107000 2009 7 1 59255.4433 A
09107000 2009 7 2 59322.3509 A
09107000 2009 7 3 59423.5194 A
09107000 2009 7 4 59336.3150 A
09107000 2009 7 5 59320.3581 A
09107000 2009 7 6 59282.0858 A
09107000 2009 7 7 59329.0003 A
09107000 2009 7 8 59499.8105 A
09107000 2009 7 9 59340.8688 A
09107000 2009 7 10 59326.8138 A
09107000 2009 7 11 59317.1700 A
09107000 2009 7 12 59345.8353 A
09107000 2009 7 13 59337.3706 A
09107000 2009 7 14 59354.7917 A
09107000 2009 7 15 59294.1129 A
09107000 2009 7 16 59296.4848 A
09107000 2009 7 17 59670.0640 A
09107000 2009 7 18 59618.2391 A
09107000 2009 7 19 59477.4801 A
09107000 2009 7 20 59556.6439 A
09107000 2009 7 21 59465.1341 A
09107000 2009 7 22 59420.1124 A
09107000 2009 7 23 59398.4290 A
09107000 2009 7 24 59525.3978 A
09107000 2009 7 25 59674.9233 A
09107000 2009 7 26 59424.3709 A
09107000 2009 7 27 59424.5108 A
09107000 2009 7 28 59403.7671 A
09107000 2009 7 29 59381.5815 A
09107000 2009 7 30 59466.2256 A
09107000 2009 7 31 59411.5878 A
09107000 2009 8 1 59419.5945 A
09107000 2009 8 2 59437.6067 A
09107000 2009 8 3 59438.9753 A
09107000 2009 8 4 59343.2068 A
09107000 2009 8 5 59433.1634 A
09107000 2009 8 6 59456.9406 A
09107000 2009 8 7 59407.3714 A
09107000 2009 8 8 59403.3252 A
09107000 2009 8 9 59377.6527 A
09107000 2009 8 10 59366.0043 A
09107000 2009 8 11 59386.7460 A
09107000 2009 8 12 59416.4208 A
09107000 2009 8 13 59357.0347 A
09107000 2009 8 14 59362.1382 A
09107000 2009 8 15 59397.3694 A
09107000 2009 8 16 59316.0517 A
09107000 2009 8 17 59330.1374 A
09107000 2009 8 18 59400.8640 A
09107000 2009 8 19 59417.3975 A
09107000 2009 8 20 59319.0499 A
09107000 2009 8 21 59346.3739 A
09107000 2009 8 22 59315.7638 A
09107000 2009 8 23 59395.2928 A
09107000 2009 8 24 59383.7314 A
09107000 2009 8 25 59338.8690 A
09107000 2009 8 26 59312.3309 A
09107000 2009 8 27 59345.6202 A
09107000 2009 8 28 59319.4148 A
09107000 2009 8 29 59336.8582 A
09107000 2009 8 30 59250.4133 A
09107000 2009 8 31 59463.4034 A
09107000 2009 9 1 59281.0959 A
09107000 2009 9 2 59292.6975 A
09107000 2009 9 3 59244.0226 A
09107000 2009 9 4 59268.9664 A
09107000 2009 9 5 59262.9539 A
09107000 2009 9 6 59289.8708 A
09107000 2009 9 7 59314.1058 A
09107000 2009 9 8 59311.4286 A
09107000 2009 9 9 59191.0589 A
09107000 2009 9 10 59269.6664 A
09107000 2009 9 11 59254.9398 A
09107000 2009 9 12 59328.2139 A
09107000 2009 9 13 59240.6409 A
09107000 2009 9 14 59258.9008 A
09107000 2009 9 15 59165.4838 A
09107000 2009 9 16 59382.4337 A
09107000 2009 9 17 59231.6212 A
09107000 2009 9 18 59199.2650 A
09107000 2009 9 19 59259.7398 A
09107000 2009 9 20 59401.3669 A
09107000 2009 9 21 59290.8796 A
09107000 2009 9 22 59490.7125 A
09107000 2009 9 23 59292.9149 A
09107000 2009 9 24 59244.8628 A
09107000 2009 9 25 59203.0133 A
09107000 2009 9 26 59287.8240 A
09107000 2009 9 27 59341.4168 A
09107000 2009 9 28 59290.9707 A
09107000 2009 9 29 59340.0946 A
09107000 2009 9 30 59435.0392 A
09107000 2009 10 1 59313.0146 A
09107000 2009 10 2 59366.6540 A
09107000 2009 10 3 59269.0094 A
09107000 2009 10 4 59309.5928 A
09107000 2009 10 5 59260.3395 A
09107000 2009 10 6 59407.5534 A
09107000 2009 10 7 59266.1945 A
09107000 2009 10 8 59224.8676 A
09107000 2009 10 9 59271.5365 A
09107000 2009 10 10 59267.4488 A
09107000 2009 10 11 59305.3286 A
09107000 2009 10 12 59246.1160 A
09107000 2009 10 13 59235.1603 A
09107000 2009 10 14 59237.7115 A
09107000 2009 10 15 59241.4171 A
09107000 2009 10 16 59282.5339 A
09107000 2009 10 17 59168.8965 A
09107000 2009 10 18 59182.1706 A
09107000 2009 10 19 59271.1322 A
09107000 2009 10 20 59211.3463 A
09107000 2009 10 21 59199.1157 A
09107000 2009 10 22 59167.9189 A
09107000 2009 10 23 59170.5797 A
09107000 2009 10 24 59161.5282 A
09107000 2009 10 25 59158.8823 A
09107000 2009 10 26 59203.1000 A
09107000 2009 10 27 59117.1885 A
09107000 2009 10 28 59117.7727 A
09107000 2009 10 29 59125.6754 A
09107000 2009 10 30 59092.6581 A
09107000 2009 10 31 59087.1754 A
09107000 2009 11 1 59097.8038 A
09107000 2009 11 2 59088.1443 A
09107000 2009 11 3 59051.2492 A
09107000 2009 11 4 59052.8473 A
09107000 2009 11 5 59039.5464 A
09107000 2009 11 6 59008.7882 A
09107000 2009 11 7 59053.9975 A
09107000 2009 11 8 59032.0952 A
09107000 2009 11 9 59040.6282 A
09107000 2009 11 10 59170.4968 A
09107000 2009 11 11 59003.5967 A
09107000 2009 11 12 58981.8110 A
09107000 2009 11 13 58984.6218 A
09107000 2009 11 14 59035.4153 A
09107000 2009 11 15 58958.2208 A
09107000 2009 11 16 58975.6497 A
09107000 2009 11 17 58934.0956 A
09107000 2009 11 18 58931.6495 A
09107000 2009 11 19 58958.6369 A
09107000 2009 11 20 58919.6730 A
09107000 2009 11 21 59076.0550 A
09107000 2009 11 22 58907.2185 A
09107000 2009 11 23 58945.5494 A
09107000 2009 11 24 58925.8106 A
09107000 2009 11 25 58906.2879 A
09107000 2009 11 26 58888.6559 A
09107000 2009 11 27 58872.4303 A
09107000 2009 11 28 58881.8657 A
09107000 2009 11 29 58829.1571 A
09107000 2009 11 30 58867.3195 A
09107000 2009 12 1 58872.2839 A
09107000 2009 12 2 58841.2712 A
09107000 2009 12 3 58814.9611 A
09107000 2009 12 4 58800.3796 A
09107000 2009 12 5 58807.5395 A
09107000 2009 12 6 58821.1158 A
09107000 2009 12 7 58846.6378 A
09107000 2009 12 8 58826.0212 A
09107000 2009 12 9 58764.1073 A
09107000 2009 12 10 58833.7947 A
09107000 2009 12 11 58734.5534 A
09107000 2009 12 12 58756.6034 A
09107000 2009 12 13 58819.7381 A
09107000 2009 12 14 58725.1801 A
09107000 2009 12 15 58770.2253 A
09107000 2009 12 16 58711.6359 A
09107000 2009 12 17 58728.4906 A
09107000 2009 12 18 58713.4807 A
09107000 2009 12 19 58737.3737 A
09107000 2009 12 20 58706.8298 A
09107000 2009 12 21 58686.4879 A
09107000 2009 12 22 58670.1917 A
09107000 2009 12 23 58755.1942 A
09107000 2009 12 24 58835.1097 A
09107000 2009 12 25 58698.3714 A
09107000 2009 12 26 58778.9934 A
09107000 2009 12 27 58688.1582 A
09107000 2009 12 28 58734.9807 A
09107000 2009 12 29 58691.3520 A
09107000 2009 12 30 58689.2688 A
09107000 2009 12 31 58725.6385 A
