45.85 -122.5 basin centroid
Elevation: 400.0 m  Area: 210.0 km2

Year Mnth Day Hr dayl(s) prcp(mm/day) srad(W/m2) swe(mm) tmax(C) tmin(C) vp(Pa)
1995 1 1 12 35377.2 0.144 106.36 1.07 1.47 -7.55 424.3
1995 1 2 12 35407.2 0.686 100.01 1.07 -2.31 -11.42 373.8
1995 1 3 12 35439.5 1.133 116.26 1.07 -2.18 -12.18 385.5
1995 1 4 12 35474.1 2.220 104.10 1.07 -2.54 -11.06 375.8
1995 1 5 12 35511.0 0.518 97.38 1.07 0.51 -8.42 472.7
1995 1 6 12 35550.1 1.087 122.19 1.07 -3.77 -12.40 343.6
1995 1 7 12 35591.5 1.661 87.89 1.07 -1.24 -10.24 452.0
1995 1 8 12 35635.2 1.758 83.23 1.07 -4.02 -12.58 289.0
1995 1 9 12 35681.2 1.400 95.84 1.07 0.38 -8.75 408.0
1995 1 10 12 35729.3 2.176 78.52 1.07 -0.77 -9.88 377.0
1995 1 11 12 35779.7 2.831 82.75 1.07 -2.84 -9.85 399.5
1995 1 12 12 35832.2 3.667 102.74 1.07 0.78 -8.80 441.3
1995 1 13 12 35887.0 0.872 107.76 1.07 -3.14 -9.25 492.0
1995 1 14 12 35943.9 0.716 103.48 1.07 -1.78 -11.46 373.6
1995 1 15 12 36003.0 2.790 115.58 1.07 -5.28 -14.55 334.5
1995 1 16 12 36064.1 2.795 101.63 1.07 -1.05 -10.66 362.3
1995 1 17 12 36127.5 3.768 80.80 1.07 -2.53 -11.44 361.8
1995 1 18 12 36192.9 0.750 121.13 1.07 -2.33 -13.65 347.4
1995 1 19 12 36260.3 2.256 109.36 1.07 -3.45 -11.26 329.3
1995 1 20 12 36329.9 0.987 121.76 1.07 -3.65 -12.91 307.4
1995 1 21 12 36401.5 0.454 121.40 1.07 -2.81 -11.16 379.2
1995 1 22 12 36475.1 1.809 128.99 1.07 -0.05 -7.27 449.7
1995 1 23 12 36550.6 1.053 100.21 1.07 -1.35 -10.37 399.0
1995 1 24 12 36628.2 2.940 96.46 1.07 -3.25 -11.54 318.6
1995 1 25 12 36707.7 2.556 113.72 1.07 -5.27 -14.60 297.7
1995 1 26 12 36789.1 1.554 113.65 1.07 1.04 -6.90 454.3
1995 1 27 12 36872.4 1.399 135.44 1.07 -5.59 -13.91 327.5
1995 1 28 12 36957.6 0.732 125.25 1.07 -0.15 -9.76 430.3
1995 1 29 12 37044.7 0.444 120.67 1.07 -1.07 -8.59 429.6
1995 1 30 12 37133.6 2.548 101.12 1.07 -2.07 -10.76 351.8
1995 1 31 12 37224.2 0.253 109.66 1.07 -2.60 -11.33 383.1
1995 2 1 12 37316.7 2.954 96.94 1.07 -0.54 -8.59 375.6
1995 2 2 12 37410.8 0.668 109.84 1.07 0.00 -7.78 447.4
1995 2 3 12 37506.7 2.805 125.82 1.07 0.07 -9.36 427.2
1995 2 4 12 37604.3 1.730 130.81 1.07 0.14 -7.72 443.7
1995 2 5 12 37703.6 3.713 134.67 1.07 -3.74 -12.31 373.4
1995 2 6 12 37804.5 3.994 137.52 1.07 -2.43 -11.23 335.7
1995 2 7 12 37906.9 2.449 135.61 1.07 -2.30 -11.42 439.7
1995 2 8 12 38011.0 4.309 119.10 1.07 -1.19 -9.61 380.1
1995 2 9 12 38116.5 2.432 117.71 1.07 -0.78 -10.51 311.6
1995 2 10 12 38223.6 3.759 149.74 1.07 0.48 -8.79 385.8
1995 2 11 12 38332.2 3.377 125.48 1.07 -1.09 -11.04 467.2
1995 2 12 12 38442.2 2.923 127.25 1.07 0.21 -7.73 478.2
1995 2 13 12 38553.6 0.042 131.78 1.07 -1.41 -9.88 364.4
1995 2 14 12 38666.4 5.152 112.30 1.07 2.29 -6.12 512.9
1995 2 15 12 38780.5 0.624 133.06 1.07 -1.66 -10.63 425.8
1995 2 16 12 38896.0 0.534 113.51 1.07 -1.59 -10.34 349.6
1995 2 17 12 39012.7 1.176 147.56 1.07 -0.11 -8.86 459.4
1995 2 18 12 39130.6 0.901 132.68 1.07 1.33 -7.00 447.7
1995 2 19 12 39249.8 5.870 131.76 1.07 -1.46 -11.29 395.2
1995 2 20 12 39370.1 2.295 112.93 1.07 -0.63 -9.16 445.6
1995 2 21 12 39491.6 0.726 147.73 1.07 -0.63 -8.86 450.9
1995 2 22 12 39614.2 1.741 180.04 1.07 -1.51 -9.72 399.6
1995 2 23 12 39737.8 0.126 136.80 1.07 -0.68 -7.68 421.8
1995 2 24 12 39862.5 1.713 145.90 1.07 -0.76 -9.15 432.8
1995 2 25 12 39988.1 0.314 171.57 1.07 2.38 -5.52 514.3
1995 2 26 12 40114.7 5.016 184.70 1.07 0.76 -7.08 472.5
1995 2 27 12 40242.2 2.890 132.29 1.07 -0.11 -9.31 412.0
1995 2 28 12 40370.6 1.625 169.87 1.07 3.58 -4.39 532.4
1995 3 1 12 40499.8 5.280 111.37 1.07 3.63 -6.51 420.9
1995 3 2 12 40629.8 2.403 107.07 1.07 3.63 -5.62 509.5
1995 3 3 12 40760.6 6.246 128.78 1.07 0.51 -7.53 443.1
1995 3 4 12 40892.1 2.322 151.36 1.07 2.87 -6.62 500.9
1995 3 5 12 41024.3 3.193 128.29 1.07 4.68 -3.05 543.9
1995 3 6 12 41157.2 4.499 179.22 1.07 1.02 -6.74 483.3
1995 3 7 12 41290.6 4.516 161.53 1.07 1.44 -6.81 481.3
1995 3 8 12 41424.6 0.273 171.54 1.07 1.26 -7.10 446.8
1995 3 9 12 41559.2 0.803 158.39 1.07 2.39 -6.39 449.7
1995 3 10 12 41694.2 0.835 156.05 1.07 4.96 -3.49 558.3
1995 3 11 12 41829.7 2.845 165.04 1.07 2.48 -5.29 503.8
1995 3 12 12 41965.5 1.369 196.88 1.07 1.70 -5.97 488.9
1995 3 13 12 42101.8 0.175 172.01 1.07 2.56 -5.95 508.6
1995 3 14 12 42238.3 0.764 172.81 1.07 4.64 -5.02 518.2
1995 3 15 12 42375.2 0.674 155.97 1.07 -1.21 -10.03 440.1
1995 3 16 12 42512.3 10.140 158.07 1.07 3.78 -4.60 497.4
1995 3 17 12 42649.6 8.271 164.33 1.07 3.03 -4.92 517.7
1995 3 18 12 42787.0 4.942 185.10 1.07 2.57 -5.68 526.5
1995 3 19 12 42924.6 1.712 182.13 1.07 1.08 -6.47 452.0
1995 3 20 12 43062.3 3.885 148.98 1.07 4.82 -4.31 484.7
1995 3 21 12 43200.0 4.207 186.72 1.07 3.63 -5.50 487.1
1995 3 22 12 43337.7 0.848 192.17 1.07 4.94 -2.85 544.0
1995 3 23 12 43475.4 2.147 191.60 1.07 2.74 -6.58 475.3
1995 3 24 12 43613.0 0.882 192.68 1.07 1.77 -7.65 470.7
1995 3 25 12 43750.4 0.166 194.44 1.07 2.97 -5.57 504.5
1995 3 26 12 43887.7 3.070 192.38 1.07 4.66 -3.33 611.8
1995 3 27 12 44024.8 4.225 168.22 1.07 2.46 -5.96 519.2
1995 3 28 12 44161.7 1.754 204.13 1.07 5.59 -5.10 479.8
1995 3 29 12 44298.2 7.159 216.81 1.07 8.06 -0.64 614.0
1995 3 30 12 44434.5 4.321 211.34 1.07 2.02 -7.17 455.4
1995 3 31 12 44570.3 0.625 197.82 1.07 4.88 -2.76 564.2
1995 4 1 12 44705.8 1.740 193.95 1.07 5.88 -3.94 530.8
1995 4 2 12 44840.8 0.277 187.00 1.07 6.05 -2.09 505.3
1995 4 3 12 44975.4 5.959 169.64 1.07 8.50 -0.08 577.1
1995 4 4 12 45109.4 5.056 213.60 1.07 6.10 -2.29 558.8
1995 4 5 12 45242.8 3.100 178.19 1.07 6.50 -1.46 593.4
1995 4 6 12 45375.7 3.337 196.37 1.07 6.59 -2.18 523.4
1995 4 7 12 45507.9 3.265 197.37 1.07 8.06 -0.46 632.4
1995 4 8 12 45639.4 4.055 223.24 1.07 10.01 2.80 683.0
1995 4 9 12 45770.2 4.177 215.67 1.07 7.74 -0.05 569.5
1995 4 10 12 45900.2 0.903 197.78 1.07 10.24 2.39 647.6
1995 4 11 12 46029.4 0.291 206.59 1.07 8.29 0.41 635.3
1995 4 12 12 46157.8 5.244 206.46 1.07 6.46 -0.62 623.3
1995 4 13 12 46285.3 6.543 220.21 1.07 10.23 2.09 601.3
1995 4 14 12 46411.9 6.614 196.96 1.07 8.73 0.23 585.1
1995 4 15 12 46537.5 8.668 217.79 1.07 11.11 3.02 691.6
1995 4 16 12 46662.2 8.372 211.58 1.07 10.41 1.37 593.3
1995 4 17 12 46785.8 5.039 252.61 1.07 10.78 2.86 675.2
1995 4 18 12 46908.4 1.195 205.24 1.07 8.44 0.67 613.1
1995 4 19 12 47029.9 0.272 236.66 1.07 8.35 -0.51 583.6
1995 4 20 12 47150.2 1.557 213.16 1.07 9.94 1.24 554.4
1995 4 21 12 47269.4 6.794 219.34 1.07 8.17 -0.15 629.1
1995 4 22 12 47387.3 0.377 242.22 1.07 8.79 -0.31 571.6
1995 4 23 12 47504.0 2.811 231.29 1.07 9.49 0.07 583.5
1995 4 24 12 47619.5 2.613 222.56 1.07 8.99 0.20 618.4
1995 4 25 12 47733.6 6.811 220.06 1.07 10.87 2.33 646.8
1995 4 26 12 47846.4 4.101 247.36 1.07 11.27 3.20 664.1
1995 4 27 12 47957.8 1.309 222.25 1.07 10.65 2.50 645.6
1995 4 28 12 48067.8 2.950 223.33 1.07 9.77 1.14 606.1
1995 4 29 12 48176.4 2.768 219.60 1.07 10.60 2.47 630.7
1995 4 30 12 48283.5 0.679 257.99 1.07 12.40 3.38 685.4
1995 5 1 12 48389.0 2.119 213.06 1.07 11.89 2.08 613.3
1995 5 2 12 48493.1 6.010 237.26 1.07 12.61 3.85 657.5
1995 5 3 12 48595.5 3.158 239.00 1.07 11.32 2.92 659.9
1995 5 4 12 48696.4 1.982 217.01 1.07 13.49 4.43 707.2
1995 5 5 12 48795.7 3.290 231.91 1.07 14.23 4.46 666.6
1995 5 6 12 48893.3 0.426 231.36 1.07 11.30 2.01 615.6
1995 5 7 12 48989.2 6.793 228.84 1.07 12.77 3.21 655.5
1995 5 8 12 49083.3 11.506 240.43 1.07 11.17 1.48 602.7
1995 5 9 12 49175.8 0.130 244.46 1.07 15.09 6.53 726.9
1995 5 10 12 49266.4 2.918 236.36 1.07 17.38 9.74 727.4
1995 5 11 12 49355.3 0.252 271.68 1.07 15.60 7.03 785.6
1995 5 12 12 49442.4 2.837 232.57 1.07 14.21 6.56 729.0
1995 5 13 12 49527.6 3.329 247.18 1.07 14.86 4.18 629.8
1995 5 14 12 49610.9 4.578 245.94 1.07 15.67 7.23 727.2
1995 5 15 12 49692.3 2.801 254.08 1.07 13.11 4.96 700.8
1995 5 16 12 49771.8 9.095 248.91 1.07 15.27 6.06 717.4
1995 5 17 12 49849.4 4.293 233.96 1.07 15.34 6.03 680.5
1995 5 18 12 49924.9 1.211 257.04 1.07 15.22 6.34 763.6
1995 5 19 12 49998.5 1.524 248.31 1.07 15.10 7.22 769.8
1995 5 20 12 50070.1 1.435 263.44 1.07 16.05 6.52 690.7
1995 5 21 12 50139.7 0.683 261.19 1.07 14.59 5.34 716.1
1995 5 22 12 50207.1 2.784 259.14 1.07 15.15 5.50 682.0
1995 5 23 12 50272.5 1.538 264.76 1.07 16.87 8.75 733.7
1995 5 24 12 50335.9 5.168 242.92 1.07 16.56 7.40 719.9
1995 5 25 12 50397.0 3.349 253.40 1.07 16.82 8.14 784.3
1995 5 26 12 50456.1 13.948 269.28 1.07 18.42 10.20 773.0
1995 5 27 12 50513.0 0.970 256.70 1.07 16.98 7.98 766.8
1995 5 28 12 50567.8 5.867 242.18 1.07 16.98 7.21 700.4
1995 5 29 12 50620.3 1.164 238.68 1.07 18.44 10.24 824.5
1995 5 30 12 50670.7 1.765 266.34 1.07 20.27 12.14 833.0
1995 5 31 12 50718.8 0.425 246.93 1.07 17.08 9.76 806.8
1995 6 1 12 50764.8 1.933 254.90 1.07 18.62 10.27 767.3
1995 6 2 12 50808.5 0.743 277.25 1.07 17.70 9.16 846.5
1995 6 3 12 50849.9 16.532 243.91 1.07 16.82 8.44 825.7
1995 6 4 12 50889.0 3.376 274.67 1.07 18.35 9.61 714.8
1995 6 5 12 50925.9 4.224 242.26 1.07 19.45 10.83 853.9
1995 6 6 12 50960.5 1.557 275.60 1.07 17.43 8.35 770.9
1995 6 7 12 50992.8 12.122 260.50 1.07 20.50 12.11 856.0
1995 6 8 12 51022.8 6.255 232.61 1.07 18.37 10.00 812.0
1995 6 9 12 51050.5 3.715 240.25 1.07 18.43 9.70 820.8
1995 6 10 12 51075.8 1.535 245.87 1.07 20.36 11.00 801.6
1995 6 11 12 51098.8 9.634 261.00 1.07 19.76 9.98 753.9
1995 6 12 12 51119.5 3.329 276.08 1.07 18.39 9.36 766.9
1995 6 13 12 51137.8 3.502 265.22 1.07 17.65 8.54 746.6
1995 6 14 12 51153.7 4.416 246.63 1.07 22.31 13.39 868.0
1995 6 15 12 51167.4 8.038 281.36 1.07 20.12 11.15 822.3
1995 6 16 12 51178.6 7.749 258.86 1.07 22.78 15.55 895.4
1995 6 17 12 51187.5 0.941 246.16 1.07 19.35 10.44 787.7
1995 6 18 12 51194.0 3.146 258.20 1.07 20.70 11.03 840.5
1995 6 19 12 51198.1 2.606 260.13 1.07 18.46 9.87 765.2
1995 6 20 12 51199.9 3.226 247.20 1.07 18.90 9.99 822.4
1995 6 21 12 51199.3 6.844 274.27 1.07 19.86 12.75 853.3
1995 6 22 12 51196.4 8.718 254.54 1.07 23.10 14.74 877.9
1995 6 23 12 51191.0 0.949 247.47 1.07 21.05 13.17 833.2
1995 6 24 12 51183.3 1.317 268.99 1.07 22.43 13.85 918.7
1995 6 25 12 51173.3 1.749 265.67 1.07 23.93 15.48 857.2
1995 6 26 12 51160.8 6.846 271.42 1.07 22.40 13.37 880.3
1995 6 27 12 51146.1 6.173 270.93 1.07 22.41 13.77 871.3
1995 6 28 12 51128.9 3.462 249.38 1.07 21.33 12.01 832.2
1995 6 29 12 51109.4 0.325 257.36 1.07 23.38 14.43 849.8
1995 6 30 12 51087.6 1.800 225.15 1.07 21.83 13.48 846.3
1995 7 1 12 51063.4 0.132 260.67 1.07 23.06 14.76 964.9
1995 7 2 12 51036.9 2.273 261.97 1.07 20.93 12.51 882.8
1995 7 3 12 51008.1 2.331 255.05 1.07 22.52 13.43 898.7
1995 7 4 12 50976.9 0.844 243.39 1.07 22.18 15.35 928.3
1995 7 5 12 50943.5 2.168 273.28 1.07 21.11 12.43 856.6
1995 7 6 12 50907.8 1.637 238.92 1.07 19.53 11.12 866.0
1995 7 7 12 50869.7 2.784 279.24 1.07 22.17 14.58 898.4
1995 7 8 12 50829.4 0.605 233.50 1.07 22.42 13.07 932.5
1995 7 9 12 50786.9 3.305 251.89 1.07 20.28 11.53 869.2
1995 7 10 12 50742.1 1.114 221.22 1.07 22.04 14.91 909.2
1995 7 11 12 50695.1 0.457 243.60 1.07 22.30 14.06 901.2
1995 7 12 12 50645.8 0.647 258.07 1.07 23.55 15.58 910.3
1995 7 13 12 50594.3 8.880 258.66 1.07 22.37 13.48 922.3
1995 7 14 12 50540.7 0.209 249.79 1.07 22.99 14.06 864.2
1995 7 15 12 50484.8 0.785 245.30 1.07 21.73 12.27 865.8
1995 7 16 12 50426.8 2.347 287.67 1.07 21.50 14.51 894.4
1995 7 17 12 50366.7 2.206 250.43 1.07 21.78 12.82 833.2
1995 7 18 12 50304.5 1.880 293.56 1.07 21.32 11.64 846.0
1995 7 19 12 50240.1 0.831 273.40 1.07 21.64 13.98 797.9
1995 7 20 12 50173.7 1.139 239.70 1.07 22.78 13.65 900.3
1995 7 21 12 50105.1 1.490 241.76 1.07 22.82 14.78 942.8
1995 7 22 12 50034.6 0.286 272.60 1.07 22.66 14.60 876.8
1995 7 23 12 49962.0 7.677 226.75 1.07 22.45 14.68 883.4
1995 7 24 12 49887.4 0.894 267.90 1.07 23.96 14.24 879.7
1995 7 25 12 49810.8 4.174 244.41 1.07 23.93 15.63 944.0
1995 7 26 12 49732.3 2.248 208.09 1.07 22.17 12.70 900.6
1995 7 27 12 49651.8 2.813 227.53 1.07 24.25 15.70 953.9
1995 7 28 12 49569.5 2.645 240.10 1.07 24.03 16.11 958.2
1995 7 29 12 49485.2 0.408 235.11 1.07 22.10 12.12 854.4
1995 7 30 12 49399.1 5.229 231.20 1.07 20.91 11.96 779.3
1995 7 31 12 49311.1 0.137 218.89 1.07 21.26 11.90 832.4
1995 8 1 12 49221.3 0.670 239.68 1.07 21.89 13.42 896.6
1995 8 2 12 49129.8 1.982 262.20 1.07 21.25 11.75 862.9
1995 8 3 12 49036.5 1.289 260.91 1.07 20.20 12.15 837.5
1995 8 4 12 48941.4 0.710 255.52 1.07 20.07 11.27 769.7
1995 8 5 12 48844.7 4.598 233.79 1.07 20.93 12.28 872.7
1995 8 6 12 48746.2 2.839 253.70 1.07 20.63 12.21 818.4
1995 8 7 12 48646.2 2.254 210.80 1.07 18.60 7.77 729.6
1995 8 8 12 48544.5 1.373 242.67 1.07 22.64 13.19 895.1
1995 8 9 12 48441.3 2.740 256.30 1.07 22.87 15.44 914.0
1995 8 10 12 48336.4 3.648 242.50 1.07 22.14 12.55 878.5
1995 8 11 12 48230.1 0.859 205.97 1.07 18.01 8.57 730.4
1995 8 12 12 48122.3 0.316 215.80 1.07 20.81 11.92 836.1
1995 8 13 12 48013.0 0.231 218.36 1.07 21.69 13.72 825.0
1995 8 14 12 47902.3 4.903 210.82 1.07 22.80 13.09 892.8
1995 8 15 12 47790.2 0.403 220.96 1.07 24.10 15.29 930.6
1995 8 16 12 47676.7 0.406 223.26 1.07 20.77 13.15 834.2
1995 8 17 12 47561.9 3.338 220.16 1.07 20.89 12.54 843.9
1995 8 18 12 47445.8 1.659 208.91 1.07 21.29 11.90 856.5
1995 8 19 12 47328.5 6.451 237.88 1.07 19.58 11.81 806.6
1995 8 20 12 47209.9 0.989 217.35 1.07 19.21 10.34 755.3
1995 8 21 12 47090.2 1.607 197.51 1.07 21.58 13.35 865.8
1995 8 22 12 46969.3 1.191 210.98 1.07 21.16 11.94 862.0
1995 8 23 12 46847.3 4.417 208.06 1.07 19.73 11.92 808.7
1995 8 24 12 46724.2 1.413 187.89 1.07 17.57 8.70 814.4
1995 8 25 12 46600.0 1.146 208.23 1.07 16.59 8.17 775.5
1995 8 26 12 46474.8 1.254 231.99 1.07 19.57 9.51 829.1
1995 8 27 12 46348.7 0.105 207.67 1.07 19.50 12.09 810.5
1995 8 28 12 46221.7 0.472 207.41 1.07 19.06 11.51 800.0
1995 8 29 12 46093.7 1.621 217.17 1.07 20.65 11.10 802.2
1995 8 30 12 45964.9 2.301 198.69 1.07 19.49 12.12 886.3
1995 8 31 12 45835.3 2.494 189.97 1.07 16.07 6.40 730.1
1995 9 1 12 45704.9 2.213 215.56 1.07 21.89 12.28 839.9
1995 9 2 12 45573.7 1.932 203.42 1.07 14.99 6.22 765.5
1995 9 3 12 45441.8 1.106 176.69 1.07 17.79 9.34 750.2
1995 9 4 12 45309.3 2.198 207.22 1.07 16.97 9.08 789.5
1995 9 5 12 45176.2 1.068 204.50 1.07 19.05 10.38 804.6
1995 9 6 12 45042.4 4.788 172.17 1.07 16.24 6.79 784.2
1995 9 7 12 44908.2 1.265 161.19 1.07 19.01 11.27 853.8
1995 9 8 12 44773.4 0.402 185.71 1.07 17.39 8.65 758.4
1995 9 9 12 44638.1 9.389 232.50 1.07 18.79 10.70 865.3
1995 9 10 12 44502.5 0.026 228.64 1.07 13.95 6.12 727.9
1995 9 11 12 44366.4 0.743 214.36 1.07 17.08 8.04 778.3
1995 9 12 12 44230.0 1.255 178.96 1.07 18.27 9.47 801.4
1995 9 13 12 44093.3 1.945 176.47 1.07 15.35 7.27 796.8
1995 9 14 12 43956.3 3.482 168.07 1.07 17.35 9.52 718.0
1995 9 15 12 43819.1 0.862 167.64 1.07 17.13 8.05 777.1
1995 9 16 12 43681.7 0.550 194.11 1.07 16.92 8.29 833.9
1995 9 17 12 43544.2 0.669 209.47 1.07 15.83 6.12 684.5
1995 9 18 12 43406.5 3.606 178.28 1.07 17.29 8.36 738.0
1995 9 19 12 43268.9 2.119 172.47 1.07 16.54 9.13 789.6
1995 9 20 12 43131.1 0.879 165.44 1.07 16.27 6.21 762.0
1995 9 21 12 42993.5 0.253 174.68 1.07 14.79 7.64 763.0
1995 9 22 12 42855.8 1.822 163.63 1.07 13.99 6.87 731.0
1995 9 23 12 42718.3 0.156 154.04 1.07 16.00 6.45 728.7
1995 9 24 12 42580.9 2.124 176.51 1.07 14.04 4.60 681.2
1995 9 25 12 42443.7 2.123 160.36 1.07 17.08 8.49 756.0
1995 9 26 12 42306.7 0.667 163.18 1.07 17.78 8.86 736.4
1995 9 27 12 42170.0 2.977 169.92 1.07 13.47 5.72 778.2
1995 9 28 12 42033.6 0.560 137.28 1.07 13.11 5.13 708.0
1995 9 29 12 41897.5 0.859 143.99 1.07 14.81 6.15 692.7
1995 9 30 12 41761.9 3.082 167.58 1.07 14.41 4.76 728.9
1995 10 1 12 41626.6 2.371 146.81 1.07 13.71 4.90 628.0
1995 10 2 12 41491.8 2.739 163.64 1.07 14.43 7.87 718.6
1995 10 3 12 41357.6 2.426 150.56 1.07 14.42 6.01 729.3
1995 10 4 12 41223.8 3.353 164.43 1.07 12.01 4.57 690.0
1995 10 5 12 41090.7 1.626 134.89 1.07 11.68 3.40 684.9
1995 10 6 12 40958.2 0.671 145.13 1.07 9.96 2.77 628.0
1995 10 7 12 40826.3 0.625 180.32 1.07 10.03 1.39 614.9
1995 10 8 12 40695.1 2.531 160.48 1.07 10.93 3.32 660.4
1995 10 9 12 40564.7 2.614 167.55 1.07 11.65 3.85 652.3
1995 10 10 12 40435.1 2.225 152.48 1.07 13.16 4.64 659.2
1995 10 11 12 40306.3 0.706 131.99 1.07 12.67 4.16 730.0
1995 10 12 12 40178.3 1.742 138.69 1.07 12.25 2.49 618.2
1995 10 13 12 40051.3 0.558 138.69 1.07 11.05 2.16 635.4
1995 10 14 12 39925.2 2.754 137.48 1.07 14.49 7.90 728.8
1995 10 15 12 39800.0 0.878 165.63 1.07 9.15 2.00 621.6
1995 10 16 12 39675.8 4.047 141.34 1.07 10.35 1.70 590.4
1995 10 17 12 39552.7 0.087 122.64 1.07 11.03 1.77 596.6
1995 10 18 12 39430.7 0.338 132.08 1.07 8.69 1.10 610.9
1995 10 19 12 39309.8 0.353 147.17 1.07 9.65 1.31 616.1
1995 10 20 12 39190.1 0.215 117.15 1.07 7.73 -0.46 598.7
1995 10 21 12 39071.5 6.880 155.03 1.07 9.18 0.36 670.1
1995 10 22 12 38954.2 1.193 159.35 1.07 11.70 4.32 692.9
1995 10 23 12 38838.1 1.016 123.70 1.07 9.53 1.16 607.9
1995 10 24 12 38723.3 1.152 143.12 1.07 11.97 3.89 606.8
1995 10 25 12 38609.8 0.047 148.27 1.07 11.00 1.58 592.3
1995 10 26 12 38497.7 0.046 117.63 1.07 6.45 -2.76 597.6
1995 10 27 12 38387.0 1.373 125.54 1.07 6.73 -2.77 566.2
1995 10 28 12 38277.7 0.619 126.63 1.07 10.40 2.18 652.9
1995 10 29 12 38169.9 0.043 135.25 1.07 7.90 -0.61 604.1
1995 10 30 12 38063.6 0.885 150.48 1.07 5.63 -4.02 484.3
1995 10 31 12 37958.7 2.597 123.56 1.07 9.07 0.74 625.1
1995 11 1 12 37855.5 1.204 103.55 1.07 9.75 1.26 618.0
1995 11 2 12 37753.8 1.121 98.85 1.07 9.47 -0.61 621.0
1995 11 3 12 37653.8 1.109 112.82 1.07 7.79 -1.38 567.6
1995 11 4 12 37555.3 0.147 119.05 1.07 8.62 0.23 580.1
1995 11 5 12 37458.6 0.362 140.29 1.07 7.42 -2.00 569.0
1995 11 6 12 37363.5 0.168 95.30 1.07 4.99 -3.81 510.2
1995 11 7 12 37270.2 0.187 117.68 1.07 7.92 -1.28 591.8
1995 11 8 12 37178.7 1.693 141.70 1.07 5.73 -4.14 517.8
1995 11 9 12 37088.9 2.253 124.53 1.07 8.63 -1.66 596.0
1995 11 10 12 37000.9 0.025 99.11 1.07 5.15 -4.40 483.7
1995 11 11 12 36914.8 0.016 119.37 1.07 5.12 -1.89 608.8
1995 11 12 12 36830.5 1.770 115.11 1.07 3.65 -5.94 493.0
1995 11 13 12 36748.2 1.386 133.68 1.07 6.18 -2.56 549.5
1995 11 14 12 36667.7 0.707 125.03 1.07 7.75 -0.90 611.8
1995 11 15 12 36589.2 4.563 117.41 1.07 5.92 -1.13 598.2
1995 11 16 12 36512.6 2.262 120.83 1.07 4.66 -5.60 507.4
1995 11 17 12 36438.0 1.536 112.26 1.07 3.67 -5.50 503.4
1995 11 18 12 36365.4 0.741 99.40 1.07 3.19 -5.19 517.7
1995 11 19 12 36294.9 0.121 120.99 1.07 5.83 -2.88 535.0
1995 11 20 12 36226.3 2.526 99.37 1.07 2.87 -6.08 496.0
1995 11 21 12 36159.9 0.192 114.20 1.07 0.51 -7.66 430.7
1995 11 22 12 36095.5 1.274 118.63 1.07 7.97 -2.34 529.6
1995 11 23 12 36033.3 3.181 88.71 1.07 3.73 -5.12 482.3
1995 11 24 12 35973.2 0.209 103.53 1.07 2.56 -6.52 417.8
1995 11 25 12 35915.2 0.604 129.65 1.07 1.95 -5.96 443.7
1995 11 26 12 35859.3 0.449 125.76 1.07 3.61 -6.71 456.0
1995 11 27 12 35805.7 0.785 111.65 1.07 0.89 -7.91 393.5
1995 11 28 12 35754.2 2.190 101.96 1.07 1.53 -7.24 443.4
1995 11 29 12 35704.9 0.171 100.08 1.07 2.95 -6.03 504.4
1995 11 30 12 35657.9 0.523 93.63 1.07 0.83 -8.28 424.5
1995 12 1 12 35613.1 0.062 102.16 1.07 0.23 -8.52 417.8
1995 12 2 12 35570.6 1.200 122.16 1.07 1.04 -6.72 460.5
1995 12 3 12 35530.3 0.492 92.94 1.07 1.26 -6.86 384.0
1995 12 4 12 35492.2 0.031 82.89 1.07 1.17 -8.04 442.2
1995 12 5 12 35456.5 1.190 116.30 1.07 0.99 -8.24 456.1
1995 12 6 12 35423.1 1.624 95.79 1.07 1.67 -7.85 471.1
1995 12 7 12 35391.9 0.564 86.17 1.07 0.07 -7.78 429.7
1995 12 8 12 35363.1 2.065 101.15 1.07 1.42 -7.71 489.6
1995 12 9 12 35336.6 0.579 95.38 1.07 -0.04 -9.67 413.7
1995 12 10 12 35312.4 0.399 100.92 1.07 0.52 -8.06 468.1
1995 12 11 12 35290.6 0.162 107.26 1.07 -0.38 -8.82 413.7
1995 12 12 12 35271.1 1.496 105.01 1.07 -2.27 -11.16 420.1
1995 12 13 12 35253.9 1.240 106.23 1.07 0.78 -7.80 429.0
1995 12 14 12 35239.2 1.025 101.26 1.07 1.81 -7.00 470.6
1995 12 15 12 35226.7 2.189 72.36 1.07 0.47 -7.79 444.7
1995 12 16 12 35216.7 3.228 100.18 1.07 -1.88 -10.33 355.8
1995 12 17 12 35209.0 1.268 79.48 1.07 -2.13 -11.31 420.0
1995 12 18 12 35203.6 2.359 87.96 1.07 1.02 -7.13 447.1
1995 12 19 12 35200.7 2.883 88.16 1.07 0.27 -9.09 381.8
1995 12 20 12 35200.1 3.159 107.30 1.07 -0.22 -9.75 379.8
1995 12 21 12 35201.9 0.892 71.92 1.07 0.72 -7.81 467.5
1995 12 22 12 35206.0 0.687 95.79 1.07 0.35 -8.02 488.2
1995 12 23 12 35212.5 0.929 97.41 1.07 -0.56 -8.54 402.2
1995 12 24 12 35221.4 1.237 110.54 1.07 1.25 -5.93 494.7
1995 12 25 12 35232.6 1.615 100.51 1.07 1.65 -8.48 415.3
1995 12 26 12 35246.3 0.047 107.35 1.07 0.91 -8.22 365.0
1995 12 27 12 35262.2 2.507 101.04 1.07 0.06 -8.51 451.0
1995 12 28 12 35280.5 0.367 125.16 1.07 -0.99 -8.31 402.5
1995 12 29 12 35301.2 3.173 93.21 1.07 -1.17 -10.15 417.6
1995 12 30 12 35324.2 0.331 134.93 1.07 -0.19 -10.17 413.1
1995 12 31 12 35349.5 1.242 91.90 1.07 -2.22 -11.76 351.4
1996 1 1 12 35377.2 0.828 112.22 1.07 -1.53 -10.36 403.8
1996 1 2 12 35407.2 0.422 123.73 1.07 -2.41 -10.76 410.3
1996 1 3 12 35439.5 4.243 98.39 1.07 -1.67 -8.58 377.3
1996 1 4 12 35474.1 0.496 100.46 1.07 -2.85 -12.04 368.6
1996 1 5 12 35511.0 0.458 81.76 1.07 -1.99 -10.23 409.9
1996 1 6 12 35550.1 4.384 153.20 1.07 -2.30 -10.14 390.7
1996 1 7 12 35591.5 1.912 99.68 1.07 -0.15 -9.28 461.9
1996 1 8 12 35635.2 0.427 124.70 1.07 -0.05 -7.39 458.7
1996 1 9 12 35681.2 1.041 93.28 1.07 -0.97 -10.11 464.6
1996 1 10 12 35729.3 3.899 83.44 1.07 -4.08 -13.58 372.4
1996 1 11 12 35779.7 0.538 95.49 1.07 -0.99 -8.44 486.5
1996 1 12 12 35832.2 1.429 108.32 1.07 -0.60 -9.32 436.5
1996 1 13 12 35887.0 1.041 107.98 1.07 -2.43 -12.01 395.0
1996 1 14 12 35943.9 1.077 96.94 1.07 -0.81 -9.84 396.0
1996 1 15 12 36003.0 1.333 100.63 1.07 -0.57 -9.82 467.2
1996 1 16 12 36064.1 0.112 110.20 1.07 -4.41 -13.53 296.9
1996 1 17 12 36127.5 0.343 96.91 1.07 -0.55 -9.09 473.1
1996 1 18 12 36192.9 3.442 102.33 1.07 -2.32 -11.28 370.4
1996 1 19 12 36260.3 3.739 93.82 1.07 -4.05 -11.09 337.9
1996 1 20 12 36329.9 1.448 122.65 1.07 -1.76 -10.73 404.5
1996 1 21 12 36401.5 0.976 91.81 1.07 -2.57 -11.37 370.6
1996 1 22 12 36475.1 1.066 107.73 1.07 -0.70 -8.20 455.8
1996 1 23 12 36550.6 5.108 121.14 1.07 -1.05 -8.73 484.7
1996 1 24 12 36628.2 5.766 123.06 1.07 -1.13 -9.21 381.5
1996 1 25 12 36707.7 4.554 97.69 1.07 -3.10 -12.10 405.2
1996 1 26 12 36789.1 1.750 127.35 1.07 -2.49 -10.02 422.9
1996 1 27 12 36872.4 1.028 123.53 1.07 -2.34 -11.33 399.8
1996 1 28 12 36957.6 2.766 127.37 1.07 -0.87 -10.41 338.8
1996 1 29 12 37044.7 0.874 116.59 1.07 0.25 -8.91 438.0
1996 1 30 12 37133.6 1.652 125.93 1.07 -0.95 -9.00 454.2
1996 1 31 12 37224.2 1.619 129.15 1.07 -2.98 -11.87 424.1
1996 2 1 12 37316.7 1.443 158.30 1.07 -2.33 -10.85 337.1
1996 2 2 12 37410.8 0.686 96.25 1.07 -1.02 -10.49 381.6
1996 2 3 12 37506.7 2.100 129.20 1.07 0.15 -7.87 526.6
1996 2 4 12 37604.3 0.961 134.92 1.07 -1.69 -10.97 319.1
1996 2 5 12 37703.6 0.149 129.47 1.07 -0.46 -9.85 439.0
1996 2 6 12 37804.5 1.262 141.21 1.07 -3.75 -12.60 357.9
1996 2 7 12 37906.9 0.422 141.45 1.07 -2.17 -11.89 343.7
1996 2 8 12 38011.0 1.301 133.48 1.07 -0.19 -9.61 397.3
1996 2 9 12 38116.5 4.409 127.66 1.07 -4.80 -14.18 394.4
1996 2 10 12 38223.6 1.064 99.37 1.07 0.50 -7.99 468.0
1996 2 11 12 38332.2 2.553 163.91 1.07 -0.47 -9.72 402.7
1996 2 12 12 38442.2 4.918 97.87 1.07 -0.84 -9.28 392.5
1996 2 13 12 38553.6 4.478 143.54 1.07 -3.94 -12.75 373.8
1996 2 14 12 38666.4 2.281 140.61 1.07 0.62 -8.43 423.7
1996 2 15 12 38780.5 4.925 116.74 1.07 2.24 -5.46 465.7
1996 2 16 12 38896.0 0.382 171.73 1.07 -0.98 -10.98 375.5
1996 2 17 12 39012.7 0.811 152.56 1.07 -1.24 -9.43 426.2
1996 2 18 12 39130.6 9.096 144.79 1.07 -0.85 -10.44 387.4
1996 2 19 12 39249.8 2.374 121.95 1.07 0.82 -8.51 485.1
1996 2 20 12 39370.1 2.864 165.79 1.07 1.32 -7.70 471.9
1996 2 21 12 39491.6 1.441 168.03 1.07 0.78 -8.09 430.7
1996 2 22 12 39614.2 1.242 147.59 1.07 -0.36 -9.09 443.7
1996 2 23 12 39737.8 0.871 174.07 1.07 1.79 -6.81 456.0
1996 2 24 12 39862.5 3.225 150.92 1.07 -1.45 -10.54 385.2
1996 2 25 12 39988.1 3.097 154.80 1.07 2.16 -8.43 432.7
1996 2 26 12 40114.7 3.485 149.23 1.07 2.49 -6.78 451.2
1996 2 27 12 40242.2 2.344 162.68 1.07 0.05 -7.97 475.5
1996 2 28 12 40370.6 0.557 161.01 1.07 3.41 -4.84 536.5
1996 2 29 12 40499.8 0.687 145.82 1.07 2.40 -5.81 455.6
1996 3 1 12 40629.8 1.116 137.86 1.07 1.04 -7.85 495.1
1996 3 2 12 40760.6 5.394 153.21 1.07 0.66 -7.64 463.2
1996 3 3 12 40892.1 2.798 168.39 1.07 2.49 -6.58 405.7
1996 3 4 12 41024.3 4.416 156.10 1.07 0.50 -8.49 437.5
1996 3 5 12 41157.2 1.804 146.00 1.07 3.78 -5.38 511.8
1996 3 6 12 41290.6 3.426 160.20 1.07 0.91 -7.01 439.3
1996 3 7 12 41424.6 1.255 144.99 1.07 5.60 -5.16 569.3
1996 3 8 12 41559.2 0.900 155.63 1.07 2.51 -6.09 451.6
1996 3 9 12 41694.2 0.976 137.98 1.07 0.23 -8.37 449.6
1996 3 10 12 41829.7 0.474 168.43 1.07 4.34 -4.20 495.5
1996 3 11 12 41965.5 3.810 179.73 1.07 1.96 -6.81 444.8
1996 3 12 12 42101.8 3.869 169.78 1.07 -0.10 -7.81 447.3
1996 3 13 12 42238.3 4.090 176.62 1.07 5.70 -2.97 516.4
1996 3 14 12 42375.2 1.511 174.37 1.07 7.14 -1.73 555.0
1996 3 15 12 42512.3 3.457 180.49 1.07 3.99 -4.19 496.4
1996 3 16 12 42649.6 3.195 183.67 1.07 4.34 -5.63 439.6
1996 3 17 12 42787.0 0.418 185.36 1.07 4.25 -5.04 489.7
1996 3 18 12 42924.6 1.143 194.69 1.07 4.65 -3.20 598.6
1996 3 19 12 43062.3 2.690 154.53 1.07 3.44 -5.04 482.1
1996 3 20 12 43200.0 0.190 191.79 1.07 4.07 -5.75 483.2
1996 3 21 12 43337.7 1.533 178.10 1.07 3.97 -2.63 550.3
1996 3 22 12 43475.4 2.819 175.62 1.07 4.45 -4.38 564.8
1996 3 23 12 43613.0 2.945 155.13 1.07 2.82 -6.49 483.4
1996 3 24 12 43750.4 9.860 161.72 1.07 6.26 -3.58 501.3
1996 3 25 12 43887.7 4.124 179.34 1.07 5.16 -2.46 499.6
1996 3 26 12 44024.8 7.799 175.78 1.07 6.26 -3.19 508.2
1996 3 27 12 44161.7 1.361 204.55 1.07 6.13 -2.88 546.0
1996 3 28 12 44298.2 0.527 202.03 1.07 2.17 -6.27 439.2
1996 3 29 12 44434.5 1.369 214.89 1.07 6.44 -3.86 562.6
1996 3 30 12 44570.3 0.626 191.40 1.07 7.20 -0.84 572.8
1996 3 31 12 44705.8 0.937 204.88 1.07 4.88 -4.54 549.6
1996 4 1 12 44840.8 3.035 172.79 1.07 6.35 -1.48 558.6
1996 4 2 12 44975.4 1.052 233.62 1.07 6.04 -2.43 526.1
1996 4 3 12 45109.4 0.776 226.04 1.07 7.34 -0.44 561.9
1996 4 4 12 45242.8 5.729 188.00 1.07 6.72 -1.81 578.9
1996 4 5 12 45375.7 3.659 225.78 1.07 4.54 -3.34 571.5
1996 4 6 12 45507.9 4.255 185.83 1.07 5.88 -2.46 564.3
1996 4 7 12 45639.4 0.825 194.29 1.07 8.48 -0.26 558.5
1996 4 8 12 45770.2 4.779 205.85 1.07 8.42 -0.01 602.3
1996 4 9 12 45900.2 1.785 193.85 1.07 11.54 0.47 604.0
1996 4 10 12 46029.4 3.009 217.38 1.07 8.20 -0.93 516.4
1996 4 11 12 46157.8 4.605 226.64 1.07 5.79 -1.95 562.1
1996 4 12 12 46285.3 3.573 189.56 1.07 10.75 1.03 647.2
1996 4 13 12 46411.9 3.021 213.90 1.07 10.34 1.18 672.4
1996 4 14 12 46537.5 0.912 198.52 1.07 7.83 -2.08 583.0
1996 4 15 12 46662.2 2.013 218.74 1.07 10.45 0.34 559.0
1996 4 16 12 46785.8 2.448 220.33 1.07 9.86 0.86 591.0
1996 4 17 12 46908.4 2.024 207.53 1.07 8.32 -0.05 627.2
1996 4 18 12 47029.9 2.503 215.84 1.07 10.28 1.35 592.8
1996 4 19 12 47150.2 2.218 221.05 1.07 9.16 -0.55 607.1
1996 4 20 12 47269.4 10.210 210.43 1.07 8.07 -1.59 553.7
1996 4 21 12 47387.3 0.758 196.76 1.07 10.19 0.71 612.2
1996 4 22 12 47504.0 0.149 234.68 1.07 11.65 2.70 620.4
1996 4 23 12 47619.5 0.943 235.72 1.07 10.79 1.32 636.8
1996 4 24 12 47733.6 5.765 236.17 1.07 10.11 2.27 632.6
1996 4 25 12 47846.4 3.482 211.57 1.07 12.09 2.80 709.2
1996 4 26 12 47957.8 0.607 224.09 1.07 11.16 2.05 627.4
1996 4 27 12 48067.8 2.423 204.22 1.07 10.34 2.05 711.6
1996 4 28 12 48176.4 6.134 261.05 1.07 12.24 1.89 653.1
1996 4 29 12 48283.5 4.848 210.91 1.07 11.76 4.26 679.2
1996 4 30 12 48389.0 0.183 250.67 1.07 15.06 7.00 719.4
1996 5 1 12 48493.1 4.545 221.29 1.07 13.84 5.76 709.7
1996 5 2 12 48595.5 5.743 238.50 1.07 13.92 4.61 679.0
1996 5 3 12 48696.4 1.583 231.11 1.07 10.25 0.85 617.1
1996 5 4 12 48795.7 2.077 230.17 1.07 14.21 5.01 692.8
1996 5 5 12 48893.3 2.250 243.03 1.07 14.64 5.62 759.5
1996 5 6 12 48989.2 12.991 229.61 1.07 11.04 3.34 688.8
1996 5 7 12 49083.3 3.966 214.63 1.07 12.41 2.14 672.6
1996 5 8 12 49175.8 2.608 237.27 1.07 12.74 5.07 736.9
1996 5 9 12 49266.4 2.965 257.38 1.07 15.67 6.79 723.1
1996 5 10 12 49355.3 0.143 241.80 1.07 16.08 8.23 727.4
1996 5 11 12 49442.4 4.779 228.32 1.07 13.33 4.93 710.5
1996 5 12 12 49527.6 8.864 284.75 1.07 12.90 4.70 694.5
1996 5 13 12 49610.9 8.467 244.23 1.07 11.62 3.67 669.1
1996 5 14 12 49692.3 1.043 232.17 1.07 12.56 3.75 746.1
1996 5 15 12 49771.8 3.915 277.94 1.07 14.13 4.66 711.1
1996 5 16 12 49849.4 0.246 220.51 1.07 14.42 4.99 669.0
1996 5 17 12 49924.9 5.312 233.27 1.07 15.55 7.61 760.8
1996 5 18 12 49998.5 0.693 263.31 1.07 16.64 9.17 797.4
1996 5 19 12 50070.1 6.501 234.47 1.07 16.27 6.98 718.5
1996 5 20 12 50139.7 4.012 260.36 1.07 15.11 7.29 769.6
1996 5 21 12 50207.1 0.134 262.95 1.07 16.13 8.19 729.8
1996 5 22 12 50272.5 6.014 281.75 1.07 15.22 5.30 681.9
1996 5 23 12 50335.9 0.049 267.30 1.07 15.96 8.00 751.0
1996 5 24 12 50397.0 0.863 245.10 1.07 16.42 7.24 732.4
1996 5 25 12 50456.1 0.316 241.51 1.07 18.11 10.62 815.8
1996 5 26 12 50513.0 14.049 237.29 1.07 18.50 10.00 777.6
1996 5 27 12 50567.8 3.838 236.93 1.07 16.06 9.36 799.3
1996 5 28 12 50620.3 2.685 260.11 1.07 17.49 8.78 785.7
1996 5 29 12 50670.7 1.636 228.05 1.07 18.69 9.51 693.8
1996 5 30 12 50718.8 16.979 257.61 1.07 17.58 9.33 826.6
1996 5 31 12 50764.8 2.237 226.71 1.07 17.40 9.35 801.9
1996 6 1 12 50808.5 16.256 259.94 1.07 19.60 11.39 822.4
1996 6 2 12 50849.9 2.529 248.29 1.07 19.21 10.24 779.9
1996 6 3 12 50889.0 7.612 266.38 1.07 18.33 10.29 826.6
1996 6 4 12 50925.9 8.641 216.74 1.07 17.16 7.55 732.0
1996 6 5 12 50960.5 1.051 271.81 1.07 16.31 5.83 703.5
1996 6 6 12 50992.8 3.766 258.09 1.07 19.11 10.73 805.6
1996 6 7 12 51022.8 7.008 251.20 1.07 19.88 13.00 848.5
1996 6 8 12 51050.5 0.073 266.35 1.07 17.52 9.35 779.2
1996 6 9 12 51075.8 5.498 265.44 1.07 20.72 11.43 778.9
1996 6 10 12 51098.8 4.661 238.33 1.07 18.86 9.94 811.4
1996 6 11 12 51119.5 4.327 261.55 1.07 16.88 8.22 739.6
1996 6 12 12 51137.8 0.875 270.36 1.07 20.35 10.96 814.7
1996 6 13 12 51153.7 0.044 235.64 1.07 19.60 10.14 788.0
1996 6 14 12 51167.4 1.444 262.73 1.07 19.64 11.28 824.9
1996 6 15 12 51178.6 1.470 277.85 1.07 21.23 12.92 853.0
1996 6 16 12 51187.5 4.524 262.44 1.07 22.35 12.94 846.2
1996 6 17 12 51194.0 1.073 252.89 1.07 21.07 11.31 830.3
1996 6 18 12 51198.1 4.892 239.44 1.07 19.69 10.85 843.3
1996 6 19 12 51199.9 0.060 243.50 1.07 17.81 8.80 785.1
1996 6 20 12 51199.3 5.352 253.92 1.07 21.45 13.28 897.4
1996 6 21 12 51196.4 1.280 271.61 1.07 20.69 11.41 865.1
1996 6 22 12 51191.0 3.194 268.80 1.07 19.53 11.11 808.7
1996 6 23 12 51183.3 0.513 253.83 1.07 20.02 11.66 881.9
1996 6 24 12 51173.3 4.020 247.33 1.07 23.13 15.08 889.6
1996 6 25 12 51160.8 2.592 250.44 1.07 22.40 13.65 834.2
1996 6 26 12 51146.1 3.661 276.79 1.07 22.75 13.51 876.9
1996 6 27 12 51128.9 10.676 236.38 1.07 22.72 13.79 892.7
1996 6 28 12 51109.4 1.257 259.33 1.07 21.60 12.76 914.2
1996 6 29 12 51087.6 0.477 250.69 1.07 19.73 12.63 878.3
1996 6 30 12 51063.4 2.944 268.18 1.07 21.51 12.40 886.4
1996 7 1 12 51036.9 1.017 254.65 1.07 22.40 15.22 942.2
1996 7 2 12 51008.1 1.904 238.60 1.07 21.30 12.65 835.7
1996 7 3 12 50976.9 2.033 280.83 1.07 21.93 12.93 874.5
1996 7 4 12 50943.5 12.775 260.03 1.07 22.43 13.20 845.5
1996 7 5 12 50907.8 1.491 258.81 1.07 23.09 13.54 874.1
1996 7 6 12 50869.7 5.645 235.03 1.07 23.11 14.27 887.4
1996 7 7 12 50829.4 1.350 250.67 1.07 21.19 12.44 859.0
1996 7 8 12 50786.9 2.106 244.12 1.07 19.80 11.11 871.4
1996 7 9 12 50742.1 1.525 253.32 1.07 24.12 17.19 984.2
1996 7 10 12 50695.1 1.941 226.01 1.07 22.33 14.75 895.2
1996 7 11 12 50645.8 0.722 255.61 1.07 21.44 12.82 845.7
1996 7 12 12 50594.3 5.135 265.64 1.07 19.12 10.10 838.5
1996 7 13 12 50540.7 0.852 244.40 1.07 23.00 13.18 870.7
1996 7 14 12 50484.8 0.527 256.16 1.07 22.69 14.21 924.1
1996 7 15 12 50426.8 2.587 235.93 1.07 21.55 13.65 803.1
1996 7 16 12 50366.7 3.291 276.15 1.07 22.56 14.91 899.3
1996 7 17 12 50304.5 1.942 234.97 1.07 24.11 14.96 938.0
1996 7 18 12 50240.1 0.434 246.81 1.07 20.10 10.32 770.1
1996 7 19 12 50173.7 5.476 236.93 1.07 23.69 15.00 855.7
1996 7 20 12 50105.1 2.143 234.29 1.07 20.60 12.29 802.8
1996 7 21 12 50034.6 1.758 271.43 1.07 20.22 11.26 829.1
1996 7 22 12 49962.0 1.946 269.08 1.07 21.58 13.27 845.0
1996 7 23 12 49887.4 7.661 238.84 1.07 24.03 15.24 916.8
1996 7 24 12 49810.8 0.530 296.94 1.07 20.80 12.22 873.6
1996 7 25 12 49732.3 4.712 261.49 1.07 21.73 13.23 845.1
1996 7 26 12 49651.8 0.351 259.41 1.07 19.70 10.95 834.9
1996 7 27 12 49569.5 3.081 243.48 1.07 22.67 12.95 861.6
1996 7 28 12 49485.2 0.381 260.41 1.07 20.58 12.85 796.8
1996 7 29 12 49399.1 5.776 243.57 1.07 21.15 11.98 810.7
1996 7 30 12 49311.1 2.982 226.03 1.07 23.15 12.58 867.3
1996 7 31 12 49221.3 0.071 239.62 1.07 20.73 11.94 856.9
1996 8 1 12 49129.8 3.220 232.37 1.07 22.35 13.93 836.6
1996 8 2 12 49036.5 1.921 219.60 1.07 22.14 14.18 879.6
1996 8 3 12 48941.4 0.147 252.34 1.07 21.97 13.42 803.9
1996 8 4 12 48844.7 8.196 238.84 1.07 20.03 11.37 826.7
1996 8 5 12 48746.2 1.855 234.22 1.07 21.77 13.18 881.5
1996 8 6 12 48646.2 2.154 260.55 1.07 21.17 11.89 790.6
1996 8 7 12 48544.5 1.443 235.83 1.07 20.97 11.98 809.3
1996 8 8 12 48441.3 2.265 250.85 1.07 22.39 14.38 847.1
1996 8 9 12 48336.4 0.490 215.48 1.07 19.35 10.23 809.9
1996 8 10 12 48230.1 0.357 218.42 1.07 20.19 11.58 854.8
1996 8 11 12 48122.3 1.848 229.20 1.07 21.07 12.02 890.1
1996 8 12 12 48013.0 0.156 229.56 1.07 23.29 14.08 836.0
1996 8 13 12 47902.3 1.073 231.47 1.07 18.21 9.35 785.8
1996 8 14 12 47790.2 0.406 240.93 1.07 21.13 12.28 875.7
1996 8 15 12 47676.7 0.648 279.04 1.07 20.48 11.65 841.9
1996 8 16 12 47561.9 4.628 199.41 1.07 21.79 13.30 824.7
1996 8 17 12 47445.8 2.193 213.27 1.07 19.48 9.25 779.4
1996 8 18 12 47328.5 5.125 227.29 1.07 20.15 11.10 852.3
1996 8 19 12 47209.9 0.734 249.38 1.07 19.01 10.74 815.3
1996 8 20 12 47090.2 3.143 215.50 1.07 19.63 12.03 860.9
1996 8 21 12 46969.3 3.865 217.36 1.07 21.09 11.42 856.6
1996 8 22 12 46847.3 0.151 210.29 1.07 20.64 11.05 778.8
1996 8 23 12 46724.2 0.702 223.16 1.07 19.51 10.97 794.7
1996 8 24 12 46600.0 2.707 213.53 1.07 21.14 13.24 843.5
1996 8 25 12 46474.8 0.882 224.97 1.07 23.33 14.00 876.8
1996 8 26 12 46348.7 0.381 229.82 1.07 18.37 8.20 761.7
1996 8 27 12 46221.7 8.438 204.47 1.07 20.22 11.69 860.6
1996 8 28 12 46093.7 0.068 223.23 1.07 19.38 9.97 776.3
1996 8 29 12 45964.9 0.477 196.34 1.07 20.79 13.34 911.3
1996 8 30 12 45835.3 0.846 209.62 1.07 18.21 9.39 830.4
1996 8 31 12 45704.9 1.222 194.91 1.07 20.40 10.75 841.8
1996 9 1 12 45573.7 1.113 178.77 1.07 18.60 9.17 834.5
1996 9 2 12 45441.8 0.881 216.17 1.07 18.27 9.66 787.8
1996 9 3 12 45309.3 0.732 185.68 1.07 18.71 9.72 749.8
1996 9 4 12 45176.2 0.670 188.62 1.07 18.56 9.92 759.7
1996 9 5 12 45042.4 1.915 192.98 1.07 16.82 10.43 814.4
1996 9 6 12 44908.2 1.058 225.55 1.07 18.07 8.51 758.5
1996 9 7 12 44773.4 0.174 220.08 1.07 19.87 11.75 813.1
1996 9 8 12 44638.1 0.992 169.15 1.07 15.96 8.30 790.2
1996 9 9 12 44502.5 1.501 174.44 1.07 18.25 10.48 805.7
1996 9 10 12 44366.4 9.069 219.80 1.07 18.91 9.38 748.1
1996 9 11 12 44230.0 0.723 223.08 1.07 17.18 8.54 735.1
1996 9 12 12 44093.3 2.390 196.11 1.07 16.70 6.83 766.6
1996 9 13 12 43956.3 2.865 189.62 1.07 16.90 8.81 733.0
1996 9 14 12 43819.1 0.753 185.25 1.07 15.32 6.23 684.8
1996 9 15 12 43681.7 3.005 181.53 1.07 16.23 7.78 790.2
1996 9 16 12 43544.2 2.352 164.72 1.07 18.93 11.30 848.7
1996 9 17 12 43406.5 2.552 194.48 1.07 16.00 7.47 793.5
1996 9 18 12 43268.9 0.440 166.55 1.07 16.04 7.49 774.7
1996 9 19 12 43131.1 6.455 189.11 1.07 14.44 5.54 728.8
1996 9 20 12 42993.5 2.206 178.45 1.07 16.26 8.55 778.5
1996 9 21 12 42855.8 0.281 192.98 1.07 13.89 4.73 702.6
1996 9 22 12 42718.3 0.700 164.90 1.07 14.99 6.62 764.8
1996 9 23 12 42580.9 1.429 154.66 1.07 11.03 2.77 629.4
1996 9 24 12 42443.7 1.450 157.26 1.07 14.95 6.84 728.8
1996 9 25 12 42306.7 2.076 170.74 1.07 14.96 6.50 697.8
1996 9 26 12 42170.0 1.755 167.37 1.07 13.41 3.90 684.6
1996 9 27 12 42033.6 0.456 149.10 1.07 13.54 4.83 717.1
1996 9 28 12 41897.5 2.997 158.98 1.07 13.12 3.09 676.2
1996 9 29 12 41761.9 3.152 166.80 1.07 14.96 6.06 691.1
1996 9 30 12 41626.6 1.807 174.87 1.07 12.94 4.76 728.9
1996 10 1 12 41491.8 2.298 162.58 1.07 15.63 7.72 735.7
1996 10 2 12 41357.6 0.673 172.10 1.07 15.51 6.30 718.0
1996 10 3 12 41223.8 0.475 160.87 1.07 13.25 6.19 753.0
1996 10 4 12 41090.7 0.625 159.63 1.07 15.28 5.35 708.9
1996 10 5 12 40958.2 3.489 165.09 1.07 14.94 6.62 725.5
1996 10 6 12 40826.3 0.688 138.38 1.07 13.16 4.92 773.9
1996 10 7 12 40695.1 0.603 183.25 1.07 11.03 2.80 665.7
1996 10 8 12 40564.7 0.448 154.81 1.07 12.71 4.34 687.9
1996 10 9 12 40435.1 0.208 151.03 1.07 12.29 3.67 665.9
1996 10 10 12 40306.3 0.751 154.80 1.07 10.94 3.61 660.7
1996 10 11 12 40178.3 1.390 166.87 1.07 14.56 5.05 702.9
1996 10 12 12 40051.3 1.988 154.75 1.07 12.31 3.36 644.0
1996 10 13 12 39925.2 0.111 156.81 1.07 9.35 0.76 590.8
1996 10 14 12 39800.0 1.268 147.33 1.07 11.54 2.75 642.9
1996 10 15 12 39675.8 0.161 128.54 1.07 10.81 1.38 648.6
1996 10 16 12 39552.7 0.259 104.59 1.07 11.18 2.99 690.3
1996 10 17 12 39430.7 1.686 154.75 1.07 10.06 1.59 578.6
1996 10 18 12 39309.8 0.235 156.23 1.07 8.22 0.89 626.5
1996 10 19 12 39190.1 0.778 121.93 1.07 11.49 3.47 664.2
1996 10 20 12 39071.5 0.415 118.96 1.07 12.39 4.58 768.3
1996 10 21 12 38954.2 1.673 119.98 1.07 8.87 1.03 613.1
1996 10 22 12 38838.1 1.336 126.76 1.07 9.07 -0.41 557.8
1996 10 23 12 38723.3 1.205 120.91 1.07 10.77 1.83 659.8
1996 10 24 12 38609.8 0.274 135.24 1.07 8.16 -0.76 607.1
1996 10 25 12 38497.7 0.973 134.62 1.07 9.95 2.18 636.9
1996 10 26 12 38387.0 1.397 131.70 1.07 8.36 -0.16 610.2
1996 10 27 12 38277.7 0.609 121.94 1.07 7.04 -1.59 602.3
1996 10 28 12 38169.9 0.258 115.02 1.07 7.18 -1.50 608.8
1996 10 29 12 38063.6 0.776 105.36 1.07 7.78 0.01 616.8
1996 10 30 12 37958.7 0.769 117.84 1.07 7.69 -1.73 546.1
1996 10 31 12 37855.5 2.783 134.86 1.07 5.72 -2.87 504.0
1996 11 1 12 37753.8 0.907 100.01 1.07 7.53 0.10 582.4
1996 11 2 12 37653.8 0.582 122.27 1.07 3.73 -4.49 539.6
1996 11 3 12 37555.3 0.750 106.45 1.07 7.85 -1.07 595.2
1996 11 4 12 37458.6 0.427 101.84 1.07 7.80 -0.60 533.3
1996 11 5 12 37363.5 0.349 134.91 1.07 5.29 -4.49 451.4
1996 11 6 12 37270.2 0.576 137.98 1.07 6.33 -2.83 466.2
1996 11 7 12 37178.7 0.649 126.09 1.07 5.39 -3.48 544.3
1996 11 8 12 37088.9 0.532 99.87 1.07 5.26 -4.24 504.5
1996 11 9 12 37000.9 0.359 129.38 1.07 5.27 -2.80 533.1
1996 11 10 12 36914.8 3.059 127.14 1.07 5.26 -4.30 512.4
1996 11 11 12 36830.5 0.398 145.15 1.07 4.50 -3.17 523.7
1996 11 12 12 36748.2 2.373 106.36 1.07 5.47 -2.72 529.1
1996 11 13 12 36667.7 0.606 119.21 1.07 7.17 -1.97 603.3
1996 11 14 12 36589.2 0.322 99.44 1.07 5.41 -3.62 552.1
1996 11 15 12 36512.6 0.475 83.54 1.07 4.24 -4.38 540.6
1996 11 16 12 36438.0 0.090 83.81 1.07 6.18 -1.72 612.1
1996 11 17 12 36365.4 1.037 111.46 1.07 5.89 -2.78 577.7
1996 11 18 12 36294.9 1.934 98.77 1.07 5.31 -2.51 519.7
1996 11 19 12 36226.3 1.190 117.03 1.07 4.43 -4.20 533.7
1996 11 20 12 36159.9 0.900 118.26 1.07 4.27 -3.83 468.5
1996 11 21 12 36095.5 5.549 108.21 1.07 4.46 -3.00 516.7
1996 11 22 12 36033.3 0.298 84.09 1.07 5.05 -3.40 561.3
1996 11 23 12 35973.2 2.243 91.97 1.07 2.09 -7.37 434.0
1996 11 24 12 35915.2 1.310 109.73 1.07 2.73 -6.04 492.7
1996 11 25 12 35859.3 0.122 110.68 1.07 4.14 -2.93 590.6
1996 11 26 12 35805.7 0.397 110.36 1.07 2.78 -6.24 473.2
1996 11 27 12 35754.2 0.303 117.59 1.07 2.59 -7.49 442.3
1996 11 28 12 35704.9 1.655 100.49 1.07 3.61 -5.77 476.2
1996 11 29 12 35657.9 0.985 106.78 1.07 0.73 -8.08 426.9
1996 11 30 12 35613.1 0.719 111.56 1.07 3.41 -4.82 489.6
1996 12 1 12 35570.6 0.527 117.28 1.07 0.47 -7.24 451.7
1996 12 2 12 35530.3 0.029 102.16 1.07 1.14 -8.13 448.0
1996 12 3 12 35492.2 1.628 101.26 1.07 -0.82 -8.37 424.6
1996 12 4 12 35456.5 4.400 106.24 1.07 0.70 -7.34 445.0
1996 12 5 12 35423.1 2.702 101.99 1.07 2.10 -5.67 488.9
1996 12 6 12 35391.9 0.956 96.89 1.07 1.39 -6.44 437.2
1996 12 7 12 35363.1 2.597 91.17 1.07 0.60 -8.32 427.6
1996 12 8 12 35336.6 1.581 74.66 1.07 1.49 -5.69 506.3
1996 12 9 12 35312.4 3.704 108.20 1.07 1.38 -6.19 441.1
1996 12 10 12 35290.6 0.082 106.93 1.07 -1.04 -9.58 423.5
1996 12 11 12 35271.1 0.865 103.73 1.07 2.09 -5.40 513.2
1996 12 12 12 35253.9 4.115 105.75 1.07 1.19 -5.32 547.9
1996 12 13 12 35239.2 0.197 96.97 1.07 -1.97 -9.79 414.3
1996 12 14 12 35226.7 1.027 127.39 1.07 2.52 -7.63 425.2
1996 12 15 12 35216.7 0.751 112.52 1.07 -0.45 -10.34 391.5
1996 12 16 12 35209.0 0.395 128.31 1.07 -1.73 -10.10 382.4
1996 12 17 12 35203.6 4.047 89.21 1.07 -2.17 -11.49 364.6
1996 12 18 12 35200.7 0.404 98.25 1.07 -2.71 -11.89 323.1
1996 12 19 12 35200.1 0.786 98.25 1.07 -1.18 -9.59 406.2
1996 12 20 12 35201.9 0.815 120.88 1.07 -1.68 -10.57 426.8
1996 12 21 12 35206.0 0.670 68.17 1.07 -2.34 -10.24 434.8
1996 12 22 12 35212.5 0.669 108.48 1.07 -1.23 -9.03 439.6
1996 12 23 12 35221.4 0.292 102.61 1.07 1.45 -7.97 417.0
1996 12 24 12 35232.6 0.604 116.00 1.07 -1.98 -10.34 408.9
1996 12 25 12 35246.3 4.217 92.07 1.07 -1.50 -10.49 384.8
1996 12 26 12 35262.2 1.235 74.57 1.07 -0.24 -8.25 426.2
1996 12 27 12 35280.5 1.031 129.21 1.07 1.54 -7.23 491.3
1996 12 28 12 35301.2 2.704 100.84 1.07 -0.96 -8.81 414.6
1996 12 29 12 35324.2 0.740 115.58 1.07 -0.63 -9.28 404.0
1996 12 30 12 35349.5 0.083 96.88 1.07 -0.12 -7.45 465.4
1996 12 31 12 35377.2 2.477 118.85 1.07 -0.71 -9.10 377.7
1997 1 1 12 35377.2 0.290 113.39 1.07 -3.94 -13.76 319.8
1997 1 2 12 35407.2 0.692 120.42 1.07 -2.66 -10.80 422.5
1997 1 3 12 35439.5 0.134 97.48 1.07 -0.50 -9.34 458.1
1997 1 4 12 35474.1 0.399 123.07 1.07 -2.42 -12.64 321.1
1997 1 5 12 35511.0 0.403 111.07 1.07 -3.62 -12.48 321.4
1997 1 6 12 35550.1 1.559 76.33 1.07 -2.12 -10.28 377.3
1997 1 7 12 35591.5 0.096 124.42 1.07 -0.93 -8.91 324.3
1997 1 8 12 35635.2 3.035 113.08 1.07 -1.03 -9.10 469.7
1997 1 9 12 35681.2 0.821 100.41 1.07 -1.76 -10.38 414.1
1997 1 10 12 35729.3 0.930 103.38 1.07 -4.63 -13.53 296.6
1997 1 11 12 35779.7 1.157 90.76 1.07 -1.59 -10.91 341.1
1997 1 12 12 35832.2 0.170 108.61 1.07 -3.86 -11.79 364.9
1997 1 13 12 35887.0 2.306 115.24 1.07 -1.11 -9.15 428.3
1997 1 14 12 35943.9 2.229 109.22 1.07 -1.40 -10.47 452.7
1997 1 15 12 36003.0 2.235 111.56 1.07 -2.80 -10.22 381.4
1997 1 16 12 36064.1 0.270 100.51 1.07 -4.01 -11.88 369.5
1997 1 17 12 36127.5 0.309 95.53 1.07 -0.29 -8.16 423.0
1997 1 18 12 36192.9 1.436 110.49 1.07 -1.56 -10.18 391.6
1997 1 19 12 36260.3 0.716 114.55 1.07 -3.40 -10.39 449.0
1997 1 20 12 36329.9 1.063 105.19 1.07 0.22 -9.03 502.0
1997 1 21 12 36401.5 0.833 119.17 1.07 -1.93 -12.23 376.8
1997 1 22 12 36475.1 5.260 125.77 1.07 -2.95 -10.82 344.2
1997 1 23 12 36550.6 2.460 128.18 1.07 -0.38 -8.20 464.2
1997 1 24 12 36628.2 0.461 107.02 1.07 -0.75 -8.67 428.0
1997 1 25 12 36707.7 1.162 90.21 1.07 -1.05 -8.65 435.6
1997 1 26 12 36789.1 0.381 122.43 1.07 -1.54 -9.21 411.9
1997 1 27 12 36872.4 0.825 112.46 1.07 -3.56 -11.19 359.6
1997 1 28 12 36957.6 1.006 117.98 1.07 -3.45 -11.73 381.5
1997 1 29 12 37044.7 0.662 111.24 1.07 -2.42 -10.70 369.6
1997 1 30 12 37133.6 1.503 143.89 1.07 -4.75 -13.22 327.7
1997 1 31 12 37224.2 2.278 114.03 1.07 -1.31 -9.04 420.8
1997 2 1 12 37316.7 1.038 149.29 1.07 -1.81 -10.96 390.3
1997 2 2 12 37410.8 0.379 133.83 1.07 -1.57 -10.27 351.0
1997 2 3 12 37506.7 1.249 138.88 1.07 0.76 -8.68 438.0
1997 2 4 12 37604.3 1.400 122.12 1.07 -3.25 -11.32 360.2
1997 2 5 12 37703.6 7.773 112.58 1.07 -1.27 -8.55 445.4
1997 2 6 12 37804.5 2.463 136.59 1.07 -3.12 -12.36 419.4
1997 2 7 12 37906.9 0.107 132.25 1.07 0.56 -9.34 387.9
1997 2 8 12 38011.0 1.569 120.58 1.07 -2.82 -11.46 369.0
1997 2 9 12 38116.5 3.974 139.86 1.07 1.63 -6.71 455.0
1997 2 10 12 38223.6 2.372 139.08 1.07 -2.58 -11.30 358.2
1997 2 11 12 38332.2 1.717 105.52 1.07 -0.59 -10.14 362.5
1997 2 12 12 38442.2 0.624 141.74 1.07 -0.20 -7.92 446.0
1997 2 13 12 38553.6 2.458 148.03 1.07 0.41 -7.92 414.3
1997 2 14 12 38666.4 0.997 111.85 1.07 -2.40 -9.56 458.8
1997 2 15 12 38780.5 2.695 165.14 1.07 -2.49 -10.30 403.7
1997 2 16 12 38896.0 3.733 158.01 1.07 -1.31 -10.58 350.9
1997 2 17 12 39012.7 4.850 112.37 1.07 0.53 -7.68 457.5
1997 2 18 12 39130.6 3.831 133.94 1.07 -0.40 -8.52 432.8
1997 2 19 12 39249.8 2.132 127.11 1.07 1.32 -5.98 446.9
1997 2 20 12 39370.1 0.324 123.92 1.07 -1.45 -10.51 388.9
1997 2 21 12 39491.6 0.525 147.63 1.07 -0.47 -10.06 405.4
1997 2 22 12 39614.2 1.532 146.39 1.07 -0.09 -8.66 491.5
1997 2 23 12 39737.8 3.477 131.74 1.07 -0.05 -8.81 391.2
1997 2 24 12 39862.5 1.889 134.72 1.07 1.14 -7.63 458.4
1997 2 25 12 39988.1 2.632 148.06 1.07 2.24 -6.09 443.3
1997 2 26 12 40114.7 4.767 155.32 1.07 -0.37 -11.22 365.5
1997 2 27 12 40242.2 2.878 138.04 1.07 -0.06 -9.56 378.9
1997 2 28 12 40370.6 1.168 152.75 1.07 1.21 -7.28 498.1
1997 3 1 12 40499.8 8.207 161.29 1.07 1.40 -7.26 493.5
1997 3 2 12 40629.8 3.588 168.05 1.07 2.65 -4.34 546.9
1997 3 3 12 40760.6 3.954 160.03 1.07 1.32 -7.27 435.9
1997 3 4 12 40892.1 2.634 159.33 1.07 1.01 -8.67 401.6
1997 3 5 12 41024.3 6.848 154.66 1.07 4.08 -5.07 499.3
1997 3 6 12 41157.2 8.426 153.46 1.07 2.10 -5.70 542.1
1997 3 7 12 41290.6 3.660 163.59 1.07 2.83 -5.97 511.0
1997 3 8 12 41424.6 5.777 163.68 1.07 -0.46 -10.69 460.2
1997 3 9 12 41559.2 1.630 169.80 1.07 1.85 -6.21 466.5
1997 3 10 12 41694.2 5.503 153.48 1.07 3.91 -3.77 524.5
1997 3 11 12 41829.7 4.686 175.92 1.07 2.55 -6.14 499.0
1997 3 12 12 41965.5 0.435 144.87 1.07 2.43 -6.61 466.2
1997 3 13 12 42101.8 4.369 179.26 1.07 -0.13 -8.05 437.3
1997 3 14 12 42238.3 0.074 167.21 1.07 2.67 -7.53 419.0
1997 3 15 12 42375.2 0.504 154.79 1.07 4.91 -3.08 512.4
1997 3 16 12 42512.3 5.158 156.26 1.07 3.22 -5.35 562.4
1997 3 17 12 42649.6 0.241 182.74 1.07 4.09 -3.80 507.8
1997 3 18 12 42787.0 0.575 177.74 1.07 3.07 -6.44 504.7
1997 3 19 12 42924.6 4.837 180.34 1.07 3.23 -5.42 441.9
1997 3 20 12 43062.3 2.454 175.77 1.07 3.99 -3.83 525.1
1997 3 21 12 43200.0 0.756 173.90 1.07 4.83 -3.33 502.3
1997 3 22 12 43337.7 1.715 183.18 1.07 5.43 -5.17 490.3
1997 3 23 12 43475.4 3.205 182.24 1.07 5.51 -2.41 579.8
1997 3 24 12 43613.0 1.569 172.68 1.07 4.13 -3.62 519.0
1997 3 25 12 43750.4 13.222 160.33 1.07 5.13 -3.13 595.0
1997 3 26 12 43887.7 7.347 176.35 1.07 3.10 -5.44 501.1
1997 3 27 12 44024.8 0.487 190.55 1.07 5.57 -2.22 561.6
1997 3 28 12 44161.7 6.044 202.02 1.07 2.38 -6.12 466.9
1997 3 29 12 44298.2 2.479 161.00 1.07 3.30 -6.72 439.4
1997 3 30 12 44434.5 2.260 184.79 1.07 6.06 -3.12 515.9
1997 3 31 12 44570.3 0.124 196.86 1.07 6.76 -0.60 602.7
1997 4 1 12 44705.8 1.927 196.85 1.07 4.33 -4.45 488.3
1997 4 2 12 44840.8 3.501 197.17 1.07 7.18 -1.24 567.2
1997 4 3 12 44975.4 8.151 189.84 1.07 6.29 -3.64 517.2
1997 4 4 12 45109.4 7.752 187.38 1.07 8.44 0.27 656.1
1997 4 5 12 45242.8 3.837 207.10 1.07 9.12 1.01 625.0
1997 4 6 12 45375.7 0.705 205.15 1.07 3.79 -2.99 548.6
1997 4 7 12 45507.9 2.384 201.91 1.07 10.22 2.27 619.7
1997 4 8 12 45639.4 6.273 234.35 1.07 8.91 1.09 596.4
1997 4 9 12 45770.2 1.339 223.91 1.07 8.65 -1.40 540.9
1997 4 10 12 45900.2 0.944 214.35 1.07 7.45 -1.59 564.8
1997 4 11 12 46029.4 5.681 222.14 1.07 8.93 2.03 590.6
1997 4 12 12 46157.8 0.699 219.27 1.07 8.91 1.03 643.2
1997 4 13 12 46285.3 3.350 206.73 1.07 9.85 1.64 646.5
1997 4 14 12 46411.9 0.214 195.41 1.07 9.32 2.18 607.1
1997 4 15 12 46537.5 1.708 227.83 1.07 9.82 0.55 603.9
1997 4 16 12 46662.2 1.498 214.40 1.07 10.31 2.02 675.1
1997 4 17 12 46785.8 1.326 229.36 1.07 6.49 -1.71 564.6
1997 4 18 12 46908.4 0.381 229.36 1.07 9.18 0.48 572.1
1997 4 19 12 47029.9 0.520 195.79 1.07 9.82 0.09 637.8
1997 4 20 12 47150.2 3.164 228.91 1.07 9.45 2.05 671.3
1997 4 21 12 47269.4 2.212 246.70 1.07 11.92 3.40 704.6
1997 4 22 12 47387.3 13.444 219.20 1.07 12.86 4.62 662.9
1997 4 23 12 47504.0 4.189 228.26 1.07 10.86 1.71 727.7
1997 4 24 12 47619.5 0.179 239.81 1.07 11.06 1.88 648.2
1997 4 25 12 47733.6 3.366 203.39 1.07 11.23 2.36 645.1
1997 4 26 12 47846.4 2.337 195.94 1.07 8.91 0.13 611.7
1997 4 27 12 47957.8 1.009 225.27 1.07 10.15 2.44 674.5
1997 4 28 12 48067.8 12.910 205.20 1.07 10.37 2.08 688.3
1997 4 29 12 48176.4 3.691 249.97 1.07 13.08 3.69 648.4
1997 4 30 12 48283.5 4.947 243.76 1.07 11.48 1.68 623.7
1997 5 1 12 48389.0 0.735 251.42 1.07 12.16 4.31 662.9
1997 5 2 12 48493.1 10.432 232.28 1.07 12.22 4.46 639.8
1997 5 3 12 48595.5 3.214 250.79 1.07 12.29 3.44 676.5
1997 5 4 12 48696.4 0.232 236.37 1.07 16.01 6.91 766.5
1997 5 5 12 48795.7 1.835 241.98 1.07 13.24 4.68 670.0
1997 5 6 12 48893.3 1.752 269.09 1.07 15.38 6.83 716.8
1997 5 7 12 48989.2 6.447 219.08 1.07 12.42 4.04 661.2
1997 5 8 12 49083.3 1.229 264.90 1.07 12.00 4.26 714.8
1997 5 9 12 49175.8 0.440 211.61 1.07 15.20 7.40 732.2
1997 5 10 12 49266.4 3.754 240.44 1.07 14.30 6.39 661.3
1997 5 11 12 49355.3 3.063 249.96 1.07 15.20 5.79 718.1
1997 5 12 12 49442.4 4.949 235.04 1.07 17.15 8.98 766.4
1997 5 13 12 49527.6 8.059 247.59 1.07 14.92 6.59 699.7
1997 5 14 12 49610.9 7.390 249.65 1.07 15.41 5.79 716.2
1997 5 15 12 49692.3 14.826 254.24 1.07 14.51 5.61 717.6
1997 5 16 12 49771.8 10.310 242.74 1.07 15.40 7.20 734.8
1997 5 17 12 49849.4 4.467 236.32 1.07 15.78 6.05 715.8
1997 5 18 12 49924.9 2.666 250.09 1.07 16.30 7.23 693.4
1997 5 19 12 49998.5 3.005 243.17 1.07 16.19 7.66 723.9
1997 5 20 12 50070.1 6.043 249.14 1.07 13.61 4.67 702.0
1997 5 21 12 50139.7 1.357 244.76 1.07 18.40 10.66 834.6
1997 5 22 12 50207.1 1.822 253.08 1.07 16.42 8.41 744.7
1997 5 23 12 50272.5 4.541 241.65 1.07 18.84 9.19 839.1
1997 5 24 12 50335.9 0.413 244.20 1.07 15.39 6.10 715.3
1997 5 25 12 50397.0 1.276 235.34 1.07 16.05 8.37 745.5
1997 5 26 12 50456.1 0.848 254.92 1.07 16.67 8.52 775.2
1997 5 27 12 50513.0 8.100 239.64 1.07 16.52 5.61 722.5
1997 5 28 12 50567.8 0.568 258.32 1.07 17.84 10.38 808.9
1997 5 29 12 50620.3 1.591 269.49 1.07 19.10 10.51 808.9
1997 5 30 12 50670.7 1.189 278.22 1.07 19.69 11.06 837.5
1997 5 31 12 50718.8 1.827 253.54 1.07 17.08 7.78 795.6
1997 6 1 12 50764.8 4.043 297.24 1.07 17.04 9.45 759.6
1997 6 2 12 50808.5 3.591 265.34 1.07 19.25 11.06 796.4
1997 6 3 12 50849.9 3.073 258.42 1.07 16.66 7.95 761.5
1997 6 4 12 50889.0 4.339 286.02 1.07 19.40 8.61 797.5
1997 6 5 12 50925.9 3.468 244.02 1.07 18.18 9.19 728.6
1997 6 6 12 50960.5 4.516 257.39 1.07 18.02 8.55 775.1
1997 6 7 12 50992.8 3.004 253.47 1.07 14.60 5.69 763.5
1997 6 8 12 51022.8 8.284 238.87 1.07 19.36 10.05 808.6
1997 6 9 12 51050.5 0.726 273.36 1.07 20.85 12.89 874.8
1997 6 10 12 51075.8 2.484 263.18 1.07 17.46 10.09 805.0
1997 6 11 12 51098.8 3.412 269.01 1.07 19.79 11.13 831.2
1997 6 12 12 51119.5 10.039 268.97 1.07 20.24 10.71 834.9
1997 6 13 12 51137.8 0.413 234.02 1.07 18.82 9.94 775.0
1997 6 14 12 51153.7 2.830 277.46 1.07 20.39 11.43 788.6
1997 6 15 12 51167.4 2.972 248.42 1.07 21.20 13.86 894.6
1997 6 16 12 51178.6 0.769 274.45 1.07 20.25 11.68 834.9
1997 6 17 12 51187.5 1.737 241.13 1.07 20.92 13.48 925.8
1997 6 18 12 51194.0 1.772 265.43 1.07 19.81 10.07 759.3
1997 6 19 12 51198.1 0.936 250.58 1.07 21.52 12.93 886.2
1997 6 20 12 51199.9 2.970 263.42 1.07 17.84 8.41 738.7
1997 6 21 12 51199.3 3.300 257.69 1.07 21.67 12.97 865.6
1997 6 22 12 51196.4 2.935 264.32 1.07 22.46 14.26 905.0
1997 6 23 12 51191.0 0.311 256.54 1.07 19.58 9.77 795.4
1997 6 24 12 51183.3 1.169 252.68 1.07 19.63 10.59 814.9
1997 6 25 12 51173.3 10.399 278.53 1.07 23.31 14.56 887.2
1997 6 26 12 51160.8 1.055 278.40 1.07 21.55 13.10 863.1
1997 6 27 12 51146.1 0.375 288.03 1.07 18.77 8.93 741.7
1997 6 28 12 51128.9 1.657 260.10 1.07 20.80 12.53 822.8
1997 6 29 12 51109.4 0.048 257.94 1.07 18.62 10.38 806.6
1997 6 30 12 51087.6 15.128 260.51 1.07 20.94 13.14 864.4
1997 7 1 12 51063.4 0.258 248.94 1.07 21.30 11.43 825.5
1997 7 2 12 51036.9 0.737 240.44 1.07 22.33 13.48 837.2
1997 7 3 12 51008.1 0.929 250.59 1.07 21.52 12.90 887.2
1997 7 4 12 50976.9 3.055 247.36 1.07 23.93 15.48 918.8
1997 7 5 12 50943.5 0.173 266.49 1.07 21.76 13.21 872.5
1997 7 6 12 50907.8 18.366 269.46 1.07 18.78 9.73 795.7
1997 7 7 12 50869.7 2.098 228.01 1.07 22.61 14.09 850.7
1997 7 8 12 50829.4 0.111 245.06 1.07 21.90 15.58 862.4
1997 7 9 12 50786.9 9.813 262.41 1.07 21.52 13.37 869.3
1997 7 10 12 50742.1 2.920 258.26 1.07 23.40 13.56 851.5
1997 7 11 12 50695.1 1.446 252.52 1.07 23.10 15.71 896.7
1997 7 12 12 50645.8 0.106 251.59 1.07 20.58 13.31 886.7
1997 7 13 12 50594.3 2.193 259.73 1.07 22.31 14.38 881.9
1997 7 14 12 50540.7 1.368 260.07 1.07 24.21 16.65 952.4
1997 7 15 12 50484.8 0.224 233.95 1.07 22.07 15.34 887.0
1997 7 16 12 50426.8 2.291 226.12 1.07 20.04 11.67 823.3
1997 7 17 12 50366.7 1.224 251.05 1.07 22.58 14.82 892.3
1997 7 18 12 50304.5 1.158 262.64 1.07 21.52 14.14 828.6
1997 7 19 12 50240.1 5.245 244.40 1.07 22.05 12.83 833.1
1997 7 20 12 50173.7 6.501 283.02 1.07 20.56 13.17 903.9
1997 7 21 12 50105.1 4.064 262.08 1.07 22.50 14.06 861.2
1997 7 22 12 50034.6 3.423 241.96 1.07 21.12 13.30 870.6
1997 7 23 12 49962.0 3.880 222.29 1.07 23.20 15.33 884.3
1997 7 24 12 49887.4 0.624 258.47 1.07 24.00 14.86 875.3
1997 7 25 12 49810.8 1.377 234.15 1.07 22.24 14.73 901.1
1997 7 26 12 49732.3 3.695 237.30 1.07 20.52 11.57 795.6
1997 7 27 12 49651.8 3.122 233.58 1.07 20.79 12.41 871.7
1997 7 28 12 49569.5 0.552 225.16 1.07 22.16 14.23 906.0
1997 7 29 12 49485.2 2.224 235.44 1.07 22.34 14.20 901.6
1997 7 30 12 49399.1 0.455 234.40 1.07 21.04 11.99 776.1
1997 7 31 12 49311.1 0.637 228.91 1.07 21.49 11.87 838.0
1997 8 1 12 49221.3 3.655 231.10 1.07 22.63 13.37 923.5
1997 8 2 12 49129.8 2.526 266.44 1.07 23.32 15.30 849.9
1997 8 3 12 49036.5 2.366 249.45 1.07 21.65 13.48 917.7
1997 8 4 12 48941.4 1.388 235.45 1.07 22.53 13.77 800.1
1997 8 5 12 48844.7 2.371 210.93 1.07 21.56 12.77 872.3
1997 8 6 12 48746.2 1.569 243.61 1.07 21.97 13.13 812.9
1997 8 7 12 48646.2 0.770 261.98 1.07 20.47 10.99 825.4
1997 8 8 12 48544.5 3.374 259.40 1.07 21.97 14.10 915.4
1997 8 9 12 48441.3 0.059 230.40 1.07 23.36 13.88 838.8
1997 8 10 12 48336.4 1.118 236.56 1.07 21.79 13.29 929.5
1997 8 11 12 48230.1 5.344 213.70 1.07 21.80 14.22 850.4
1997 8 12 12 48122.3 0.997 233.20 1.07 19.76 11.13 833.0
1997 8 13 12 48013.0 0.803 238.43 1.07 21.52 14.19 852.2
1997 8 14 12 47902.3 0.094 234.61 1.07 17.85 8.39 804.8
1997 8 15 12 47790.2 0.905 243.54 1.07 21.82 12.16 894.8
1997 8 16 12 47676.7 3.591 234.66 1.07 22.91 12.47 837.5
1997 8 17 12 47561.9 5.977 199.13 1.07 19.86 11.87 883.8
1997 8 18 12 47445.8 2.187 216.72 1.07 20.20 10.03 808.4
1997 8 19 12 47328.5 0.732 236.22 1.07 21.89 14.57 882.4
1997 8 20 12 47209.9 4.818 195.63 1.07 19.12 11.91 805.4
1997 8 21 12 47090.2 4.652 219.93 1.07 20.95 12.57 828.2
1997 8 22 12 46969.3 2.293 211.32 1.07 19.02 9.77 822.7
1997 8 23 12 46847.3 0.316 197.90 1.07 20.89 10.81 792.9
1997 8 24 12 46724.2 0.799 229.35 1.07 19.55 11.27 845.7
1997 8 25 12 46600.0 0.990 202.23 1.07 15.67 7.05 731.3
1997 8 26 12 46474.8 0.476 244.52 1.07 18.10 9.69 841.0
1997 8 27 12 46348.7 2.410 208.27 1.07 19.41 11.24 804.7
1997 8 28 12 46221.7 1.246 226.34 1.07 22.23 12.75 805.7
1997 8 29 12 46093.7 0.823 234.10 1.07 18.93 10.16 765.0
1997 8 30 12 45964.9 1.198 212.59 1.07 18.09 9.61 806.5
1997 8 31 12 45835.3 0.220 207.62 1.07 19.50 12.72 852.9
1997 9 1 12 45704.9 1.017 216.57 1.07 14.27 6.30 726.4
1997 9 2 12 45573.7 4.338 228.58 1.07 20.67 12.19 863.7
1997 9 3 12 45441.8 1.300 207.31 1.07 19.54 10.13 766.5
1997 9 4 12 45309.3 0.554 190.59 1.07 17.71 10.13 782.6
1997 9 5 12 45176.2 0.605 178.16 1.07 19.40 12.16 830.1
1997 9 6 12 45042.4 0.278 203.60 1.07 18.62 8.82 780.8
1997 9 7 12 44908.2 1.778 181.97 1.07 17.82 7.74 728.7
1997 9 8 12 44773.4 0.710 209.62 1.07 18.68 10.13 788.5
1997 9 9 12 44638.1 4.407 213.31 1.07 17.57 8.82 760.2
1997 9 10 12 44502.5 5.941 201.77 1.07 17.80 10.33 759.8
1997 9 11 12 44366.4 1.911 190.80 1.07 18.22 8.71 758.7
1997 9 12 12 44230.0 0.890 199.56 1.07 16.65 7.30 758.2
1997 9 13 12 44093.3 0.733 189.36 1.07 16.86 7.04 706.0
1997 9 14 12 43956.3 2.781 183.65 1.07 15.13 5.73 670.5
1997 9 15 12 43819.1 2.304 179.63 1.07 14.79 6.32 715.5
1997 9 16 12 43681.7 0.895 186.57 1.07 13.99 4.18 662.4
1997 9 17 12 43544.2 6.339 183.73 1.07 16.92 10.91 760.9
1997 9 18 12 43406.5 0.898 200.74 1.07 15.72 5.11 644.1
1997 9 19 12 43268.9 1.809 189.31 1.07 14.25 5.21 732.4
1997 9 20 12 43131.1 0.279 159.47 1.07 15.26 6.84 713.3
1997 9 21 12 42993.5 0.353 185.46 1.07 14.06 6.49 755.1
1997 9 22 12 42855.8 0.520 178.02 1.07 15.75 6.33 744.4
1997 9 23 12 42718.3 0.918 179.49 1.07 16.77 6.69 782.8
1997 9 24 12 42580.9 0.302 170.15 1.07 17.09 7.67 760.6
1997 9 25 12 42443.7 3.216 173.04 1.07 14.68 7.55 731.2
1997 9 26 12 42306.7 2.126 195.83 1.07 14.46 4.22 703.5
1997 9 27 12 42170.0 0.516 164.28 1.07 11.83 4.06 615.9
1997 9 28 12 42033.6 0.123 158.85 1.07 12.15 3.78 703.0
1997 9 29 12 41897.5 6.111 156.54 1.07 16.15 7.87 811.7
1997 9 30 12 41761.9 3.768 149.67 1.07 14.21 6.57 695.4
1997 10 1 12 41626.6 0.292 173.35 1.07 15.44 6.25 717.0
1997 10 2 12 41491.8 0.630 180.60 1.07 10.73 2.92 660.9
1997 10 3 12 41357.6 1.577 152.71 1.07 13.25 4.78 683.8
1997 10 4 12 41223.8 1.214 168.25 1.07 10.56 0.91 614.3
1997 10 5 12 41090.7 0.443 174.50 1.07 9.71 1.04 596.3
1997 10 6 12 40958.2 1.839 161.02 1.07 11.42 2.79 636.6
1997 10 7 12 40826.3 1.645 156.57 1.07 15.30 4.74 781.9
1997 10 8 12 40695.1 1.335 145.12 1.07 11.15 1.77 638.8
1997 10 9 12 40564.7 2.399 163.00 1.07 14.03 5.82 638.8
1997 10 10 12 40435.1 0.452 148.82 1.07 11.57 3.08 644.1
1997 10 11 12 40306.3 1.368 160.10 1.07 13.60 5.84 703.4
1997 10 12 12 40178.3 0.251 142.11 1.07 12.57 5.00 748.5
1997 10 13 12 40051.3 1.269 153.40 1.07 13.32 4.00 723.8
1997 10 14 12 39925.2 1.837 163.60 1.07 10.42 1.23 627.5
1997 10 15 12 39800.0 0.008 153.26 1.07 11.33 1.47 594.8
1997 10 16 12 39675.8 2.191 135.22 1.07 10.90 2.71 660.7
1997 10 17 12 39552.7 5.793 127.10 1.07 14.33 5.29 678.9
1997 10 18 12 39430.7 5.177 143.38 1.07 11.66 3.99 688.6
1997 10 19 12 39309.8 0.160 161.93 1.07 9.89 2.12 671.7
1997 10 20 12 39190.1 0.143 151.78 1.07 12.95 4.74 676.8
1997 10 21 12 39071.5 3.368 168.39 1.07 12.86 3.91 683.8
1997 10 22 12 38954.2 0.069 178.66 1.07 8.52 0.79 638.3
1997 10 23 12 38838.1 2.767 134.89 1.07 9.70 1.09 636.9
1997 10 24 12 38723.3 0.119 144.76 1.07 8.50 0.09 552.0
1997 10 25 12 38609.8 0.160 134.05 1.07 6.51 -3.64 525.2
1997 10 26 12 38497.7 2.977 124.83 1.07 8.94 0.64 524.0
1997 10 27 12 38387.0 1.343 138.51 1.07 3.87 -4.69 515.3
1997 10 28 12 38277.7 0.312 134.60 1.07 8.37 -0.32 618.8
1997 10 29 12 38169.9 2.113 128.99 1.07 7.97 -1.10 591.0
1997 10 30 12 38063.6 1.049 123.37 1.07 7.75 -2.09 567.9
1997 10 31 12 37958.7 0.733 129.64 1.07 7.32 -1.33 582.3
1997 11 1 12 37855.5 0.182 121.07 1.07 6.79 -3.54 546.4
1997 11 2 12 37753.8 0.222 123.49 1.07 4.67 -4.11 490.7
1997 11 3 12 37653.8 1.522 107.99 1.07 4.93 -4.12 498.1
1997 11 4 12 37555.3 0.199 111.40 1.07 6.75 -0.80 587.6
1997 11 5 12 37458.6 0.480 114.53 1.07 6.56 -0.54 626.6
1997 11 6 12 37363.5 0.369 124.65 1.07 7.73 -2.09 573.9
1997 11 7 12 37270.2 3.134 121.92 1.07 5.53 -2.44 572.5
1997 11 8 12 37178.7 0.533 110.93 1.07 4.44 -4.70 496.9
1997 11 9 12 37088.9 0.823 111.39 1.07 5.39 -3.60 531.0
1997 11 10 12 37000.9 0.060 121.15 1.07 2.36 -6.64 464.9
1997 11 11 12 36914.8 0.604 109.99 1.07 5.73 -1.83 525.7
1997 11 12 12 36830.5 0.269 102.00 1.07 6.14 -2.56 557.8
1997 11 13 12 36748.2 0.696 125.72 1.07 7.07 -1.20 570.8
1997 11 14 12 36667.7 0.462 94.25 1.07 5.31 -4.63 533.8
1997 11 15 12 36589.2 0.144 98.30 1.07 3.02 -6.50 424.7
1997 11 16 12 36512.6 0.502 129.95 1.07 3.49 -5.56 474.4
1997 11 17 12 36438.0 0.009 95.03 1.07 4.07 -4.53 453.8
1997 11 18 12 36365.4 0.407 134.08 1.07 3.11 -4.96 512.6
1997 11 19 12 36294.9 7.970 93.58 1.07 2.22 -6.85 487.4
1997 11 20 12 36226.3 1.371 95.80 1.07 2.90 -4.59 519.7
1997 11 21 12 36159.9 1.040 93.83 1.07 5.08 -3.74 584.2
1997 11 22 12 36095.5 0.304 89.32 1.07 4.01 -5.14 513.7
1997 11 23 12 36033.3 1.402 129.30 1.07 4.56 -3.35 506.7
1997 11 24 12 35973.2 0.256 125.76 1.07 1.93 -6.11 514.4
1997 11 25 12 35915.2 3.280 86.28 1.07 5.00 -5.04 561.0
1997 11 26 12 35859.3 2.332 130.22 1.07 3.30 -4.04 539.8
1997 11 27 12 35805.7 0.256 87.71 1.07 3.22 -5.82 461.5
1997 11 28 12 35754.2 0.497 150.01 1.07 2.37 -6.41 452.4
1997 11 29 12 35704.9 1.480 102.87 1.07 -1.42 -10.73 396.1
1997 11 30 12 35657.9 0.548 95.61 1.07 4.20 -4.75 493.0
1997 12 1 12 35613.1 1.168 111.65 1.07 2.44 -7.54 481.8
1997 12 2 12 35570.6 3.103 90.55 1.07 0.30 -8.07 431.7
1997 12 3 12 35530.3 2.584 82.14 1.07 4.78 -4.33 539.0
1997 12 4 12 35492.2 0.492 96.42 1.07 1.56 -7.30 474.9
1997 12 5 12 35456.5 1.317 103.82 1.07 0.83 -6.99 418.5
1997 12 6 12 35423.1 0.018 69.83 1.07 -0.22 -8.47 428.1
1997 12 7 12 35391.9 0.299 88.51 1.07 0.16 -8.46 462.0
1997 12 8 12 35363.1 1.493 130.95 1.07 -1.45 -8.49 426.1
1997 12 9 12 35336.6 1.001 101.27 1.07 0.16 -9.39 422.5
1997 12 10 12 35312.4 0.545 65.19 1.07 0.51 -8.05 444.1
1997 12 11 12 35290.6 0.313 100.96 1.07 1.40 -6.20 451.0
1997 12 12 12 35271.1 0.651 106.11 1.07 -2.29 -9.68 458.2
1997 12 13 12 35253.9 4.985 100.30 1.07 -0.89 -10.68 363.8
1997 12 14 12 35239.2 1.207 112.19 1.07 -1.65 -10.85 355.1
1997 12 15 12 35226.7 0.450 95.95 1.07 1.44 -6.26 506.3
1997 12 16 12 35216.7 0.203 115.43 1.07 0.98 -8.01 423.5
1997 12 17 12 35209.0 0.459 99.92 1.07 -3.01 -11.58 370.7
1997 12 18 12 35203.6 0.365 101.80 1.07 -0.67 -9.67 419.4
1997 12 19 12 35200.7 0.576 105.22 1.07 1.74 -6.88 492.9
1997 12 20 12 35200.1 1.054 110.45 1.07 0.64 -10.74 322.3
1997 12 21 12 35201.9 0.120 105.37 1.07 -1.08 -10.00 395.6
1997 12 22 12 35206.0 2.974 88.91 1.07 -0.02 -8.68 417.6
1997 12 23 12 35212.5 0.535 124.17 1.07 0.44 -8.52 428.3
1997 12 24 12 35221.4 0.778 88.48 1.07 1.80 -6.71 489.0
1997 12 25 12 35232.6 1.691 87.31 1.07 -1.58 -11.24 419.5
1997 12 26 12 35246.3 1.060 71.29 1.07 1.03 -7.35 459.0
1997 12 27 12 35262.2 0.692 96.80 1.07 -1.92 -9.20 392.8
1997 12 28 12 35280.5 0.077 93.34 1.07 -2.07 -9.63 414.2
1997 12 29 12 35301.2 3.147 102.03 1.07 -1.52 -9.56 426.3
1997 12 30 12 35324.2 0.417 88.80 1.07 -1.07 -9.46 419.2
1997 12 31 12 35349.5 0.537 126.25 1.07 -0.25 -9.42 443.4
1998 1 1 12 35377.2 0.541 92.97 1.07 -1.59 -10.59 368.0
1998 1 2 12 35407.2 2.307 93.27 1.07 -2.27 -10.18 377.8
1998 1 3 12 35439.5 0.207 101.32 1.07 -2.85 -11.56 374.0
1998 1 4 12 35474.1 0.336 108.36 1.07 -0.73 -7.64 481.9
1998 1 5 12 35511.0 1.280 121.25 1.07 -1.61 -11.61 419.7
1998 1 6 12 35550.1 2.981 111.38 1.07 -1.27 -10.04 415.5
1998 1 7 12 35591.5 1.270 111.53 1.07 -1.16 -10.21 405.5
1998 1 8 12 35635.2 1.825 106.14 1.07 0.30 -7.68 418.0
1998 1 9 12 35681.2 1.247 92.52 1.07 -0.15 -7.96 462.6
1998 1 10 12 35729.3 1.092 96.04 1.07 -0.74 -10.37 358.7
1998 1 11 12 35779.7 2.527 72.52 1.07 -2.12 -11.79 396.5
1998 1 12 12 35832.2 1.426 101.62 1.07 -3.84 -13.06 344.0
1998 1 13 12 35887.0 5.216 116.47 1.07 -2.66 -10.82 387.9
1998 1 14 12 35943.9 0.644 103.55 1.07 -2.10 -10.35 432.3
1998 1 15 12 36003.0 4.665 114.52 1.07 -3.00 -12.91 346.2
1998 1 16 12 36064.1 0.475 137.14 1.07 -1.14 -9.50 399.2
1998 1 17 12 36127.5 1.158 110.87 1.07 -1.89 -10.37 401.1
1998 1 18 12 36192.9 0.365 118.54 1.07 -3.35 -11.99 334.8
1998 1 19 12 36260.3 0.915 112.35 1.07 0.04 -8.09 445.7
1998 1 20 12 36329.9 0.506 99.03 1.07 -1.33 -9.75 400.2
1998 1 21 12 36401.5 0.487 108.81 1.07 -1.84 -10.37 372.4
1998 1 22 12 36475.1 0.249 96.41 1.07 -0.35 -8.02 511.7
1998 1 23 12 36550.6 1.184 126.23 1.07 -3.15 -10.53 384.0
1998 1 24 12 36628.2 1.985 128.22 1.07 -2.88 -11.81 346.3
1998 1 25 12 36707.7 11.272 113.69 1.07 -2.47 -11.12 327.0
1998 1 26 12 36789.1 2.087 142.44 1.07 -1.12 -9.18 394.2
1998 1 27 12 36872.4 1.652 113.33 1.07 -1.38 -10.13 420.1
1998 1 28 12 36957.6 0.694 130.67 1.07 2.84 -5.20 449.9
1998 1 29 12 37044.7 1.304 114.74 1.07 -3.27 -11.76 330.3
1998 1 30 12 37133.6 0.224 126.04 1.07 -1.65 -9.62 436.9
1998 1 31 12 37224.2 1.250 99.33 1.07 -2.13 -10.20 385.2
1998 2 1 12 37316.7 0.097 113.74 1.07 -1.03 -9.69 391.9
1998 2 2 12 37410.8 1.163 123.10 1.07 -0.34 -8.22 437.9
1998 2 3 12 37506.7 11.710 135.82 1.07 -1.24 -9.27 450.5
1998 2 4 12 37604.3 1.628 124.75 1.07 -0.98 -7.73 417.0
1998 2 5 12 37703.6 6.799 145.53 1.07 -2.01 -12.08 417.1
1998 2 6 12 37804.5 11.444 120.61 1.07 1.04 -7.03 462.0
1998 2 7 12 37906.9 0.270 113.18 1.07 -2.05 -9.82 402.2
1998 2 8 12 38011.0 2.277 156.16 1.07 -5.98 -12.79 363.1
1998 2 9 12 38116.5 0.450 106.41 1.07 -2.10 -11.12 312.7
1998 2 10 12 38223.6 0.969 119.22 1.07 2.44 -6.07 487.2
1998 2 11 12 38332.2 1.970 131.20 1.07 -2.83 -11.79 369.7
1998 2 12 12 38442.2 0.575 128.02 1.07 -0.25 -7.43 506.2
1998 2 13 12 38553.6 2.184 135.43 1.07 -2.08 -11.30 442.9
1998 2 14 12 38666.4 8.554 136.14 1.07 -0.10 -9.09 423.6
1998 2 15 12 38780.5 2.896 168.75 1.07 0.96 -8.81 427.3
1998 2 16 12 38896.0 9.149 133.38 1.07 -1.30 -12.13 352.1
1998 2 17 12 39012.7 0.965 143.53 1.07 1.41 -7.19 455.1
1998 2 18 12 39130.6 0.895 140.09 1.07 1.22 -7.47 438.9
1998 2 19 12 39249.8 0.627 104.04 1.07 0.17 -8.61 457.7
1998 2 20 12 39370.1 3.213 123.69 1.07 -0.31 -8.42 473.1
1998 2 21 12 39491.6 0.523 109.73 1.07 -0.42 -8.41 468.7
1998 2 22 12 39614.2 8.684 127.35 1.07 -1.19 -10.34 432.2
1998 2 23 12 39737.8 0.286 142.38 1.07 -1.54 -10.09 413.0
1998 2 24 12 39862.5 0.658 159.11 1.07 1.14 -7.56 472.1
1998 2 25 12 39988.1 1.117 167.56 1.07 0.90 -7.70 467.6
1998 2 26 12 40114.7 0.421 186.44 1.07 1.13 -6.27 430.2
1998 2 27 12 40242.2 0.976 151.26 1.07 2.15 -6.12 469.4
1998 2 28 12 40370.6 4.693 151.70 1.07 0.73 -7.04 441.7
1998 3 1 12 40499.8 1.911 130.80 1.07 2.91 -5.86 479.5
1998 3 2 12 40629.8 4.558 138.78 1.07 -1.41 -10.92 377.0
1998 3 3 12 40760.6 6.206 167.23 1.07 3.87 -3.87 541.1
1998 3 4 12 40892.1 1.044 185.40 1.07 1.27 -6.75 452.0
1998 3 5 12 41024.3 3.178 178.69 1.07 0.40 -8.58 359.5
1998 3 6 12 41157.2 1.421 149.85 1.07 1.44 -7.31 463.5
1998 3 7 12 41290.6 0.873 143.06 1.07 4.13 -4.03 511.4
1998 3 8 12 41424.6 1.338 134.50 1.07 0.92 -7.40 466.2
1998 3 9 12 41559.2 8.190 161.87 1.07 2.21 -6.49 434.8
1998 3 10 12 41694.2 4.646 193.73 1.07 0.66 -8.81 437.1
1998 3 11 12 41829.7 6.242 158.08 1.07 2.98 -4.09 492.5
1998 3 12 12 41965.5 1.217 157.61 1.07 4.41 -4.19 465.9
1998 3 13 12 42101.8 0.382 164.68 1.07 3.13 -4.55 498.6
1998 3 14 12 42238.3 3.126 165.67 1.07 2.32 -8.24 382.8
1998 3 15 12 42375.2 8.860 172.40 1.07 2.42 -7.17 436.5
1998 3 16 12 42512.3 1.513 134.76 1.07 3.37 -4.35 516.2
1998 3 17 12 42649.6 7.048 159.10 1.07 4.19 -4.56 467.7
1998 3 18 12 42787.0 7.166 169.44 1.07 4.85 -2.91 550.8
1998 3 19 12 42924.6 7.661 180.72 1.07 2.16 -6.91 420.2
1998 3 20 12 43062.3 3.330 169.49 1.07 3.17 -5.54 460.1
1998 3 21 12 43200.0 2.587 182.59 1.07 6.25 -2.96 508.5
1998 3 22 12 43337.7 4.456 171.38 1.07 5.00 -2.82 561.7
1998 3 23 12 43475.4 7.246 194.79 1.07 4.66 -4.21 521.4
1998 3 24 12 43613.0 4.200 188.38 1.07 5.80 -2.14 542.3
1998 3 25 12 43750.4 3.888 187.80 1.07 1.30 -6.10 412.7
1998 3 26 12 43887.7 1.109 198.52 1.07 6.00 -2.76 542.1
1998 3 27 12 44024.8 3.753 196.47 1.07 8.97 0.30 569.3
1998 3 28 12 44161.7 3.198 180.61 1.07 5.49 -3.53 490.8
1998 3 29 12 44298.2 12.906 178.42 1.07 5.98 -1.03 597.3
1998 3 30 12 44434.5 4.948 212.15 1.07 5.27 -3.42 505.2
1998 3 31 12 44570.3 3.459 222.56 1.07 4.52 -4.27 515.8
1998 4 1 12 44705.8 1.240 212.35 1.07 5.40 -4.09 490.1
1998 4 2 12 44840.8 0.319 213.32 1.07 7.69 -1.36 598.8
1998 4 3 12 44975.4 0.803 182.17 1.07 7.39 -1.56 584.1
1998 4 4 12 45109.4 13.194 196.49 1.07 5.43 -2.29 583.8
1998 4 5 12 45242.8 1.854 195.88 1.07 5.99 -2.85 578.1
1998 4 6 12 45375.7 3.846 196.68 1.07 6.22 -2.67 501.4
1998 4 7 12 45507.9 1.051 190.86 1.07 7.59 -0.40 650.9
1998 4 8 12 45639.4 0.236 209.43 1.07 7.24 -1.34 498.8
1998 4 9 12 45770.2 1.928 210.92 1.07 7.64 -1.83 545.3
1998 4 10 12 45900.2 7.028 193.21 1.07 6.33 -1.02 565.9
1998 4 11 12 46029.4 0.557 197.11 1.07 10.58 1.54 578.0
1998 4 12 12 46157.8 0.294 212.48 1.07 8.80 0.43 592.8
1998 4 13 12 46285.3 0.834 210.29 1.07 7.77 -0.47 618.6
1998 4 14 12 46411.9 2.586 203.00 1.07 7.57 -2.79 547.5
1998 4 15 12 46537.5 0.952 210.25 1.07 8.39 -0.47 541.9
1998 4 16 12 46662.2 3.709 194.86 1.07 10.93 1.86 626.9
1998 4 17 12 46785.8 2.197 225.78 1.07 11.64 2.09 669.1
1998 4 18 12 46908.4 0.816 211.09 1.07 8.64 -0.06 574.4
1998 4 19 12 47029.9 15.574 211.79 1.07 9.14 0.63 600.4
1998 4 20 12 47150.2 1.543 226.62 1.07 7.49 -0.68 599.8
1998 4 21 12 47269.4 1.448 236.37 1.07 7.79 -0.72 608.4
1998 4 22 12 47387.3 2.291 221.90 1.07 10.61 1.97 658.6
1998 4 23 12 47504.0 2.310 213.62 1.07 10.15 2.83 645.6
1998 4 24 12 47619.5 2.450 230.18 1.07 10.29 1.41 577.9
1998 4 25 12 47733.6 2.894 226.20 1.07 10.29 0.34 614.5
1998 4 26 12 47846.4 8.820 231.14 1.07 11.72 2.47 603.6
1998 4 27 12 47957.8 5.262 239.71 1.07 11.64 3.94 674.3
1998 4 28 12 48067.8 1.974 226.02 1.07 13.21 4.45 663.3
1998 4 29 12 48176.4 8.463 245.09 1.07 15.75 6.45 722.9
1998 4 30 12 48283.5 0.934 222.16 1.07 10.45 2.43 685.4
1998 5 1 12 48389.0 1.143 221.59 1.07 10.41 3.05 669.0
1998 5 2 12 48493.1 9.419 246.36 1.07 14.88 6.14 754.9
1998 5 3 12 48595.5 14.147 240.57 1.07 12.58 4.50 667.0
1998 5 4 12 48696.4 1.446 232.57 1.07 14.07 6.66 742.0
1998 5 5 12 48795.7 3.221 235.72 1.07 11.38 4.45 656.2
1998 5 6 12 48893.3 0.521 232.45 1.07 11.67 3.53 663.3
1998 5 7 12 48989.2 0.233 234.88 1.07 14.76 6.13 737.3
1998 5 8 12 49083.3 3.043 220.35 1.07 11.78 3.14 603.7
1998 5 9 12 49175.8 1.155 228.14 1.07 16.01 5.67 708.7
1998 5 10 12 49266.4 0.282 238.35 1.07 15.32 5.70 728.5
1998 5 11 12 49355.3 5.482 218.03 1.07 13.21 5.02 686.1
1998 5 12 12 49442.4 5.557 210.04 1.07 16.77 10.28 829.4
1998 5 13 12 49527.6 7.476 219.07 1.07 15.44 6.40 724.3
1998 5 14 12 49610.9 0.368 261.76 1.07 14.52 5.75 671.9
1998 5 15 12 49692.3 2.643 273.68 1.07 15.15 6.89 746.5
1998 5 16 12 49771.8 1.080 249.87 1.07 12.29 4.96 700.6
1998 5 17 12 49849.4 0.679 243.83 1.07 13.38 4.12 677.0
1998 5 18 12 49924.9 5.801 264.44 1.07 16.73 7.78 753.5
1998 5 19 12 49998.5 2.907 231.51 1.07 16.08 7.50 771.6
1998 5 20 12 50070.1 2.269 253.27 1.07 18.12 9.65 792.2
1998 5 21 12 50139.7 6.354 254.06 1.07 16.70 8.28 783.2
1998 5 22 12 50207.1 2.369 246.23 1.07 14.49 6.22 768.2
1998 5 23 12 50272.5 0.679 222.86 1.07 14.91 6.80 757.3
1998 5 24 12 50335.9 0.151 268.00 1.07 15.40 7.10 741.7
1998 5 25 12 50397.0 2.930 243.36 1.07 15.93 7.36 745.3
1998 5 26 12 50456.1 0.486 242.00 1.07 17.20 7.53 741.7
1998 5 27 12 50513.0 1.846 230.45 1.07 18.92 9.31 787.6
1998 5 28 12 50567.8 2.056 262.53 1.07 18.24 9.08 784.8
1998 5 29 12 50620.3 6.885 259.71 1.07 19.36 11.70 812.9
1998 5 30 12 50670.7 0.500 262.81 1.07 18.23 10.81 800.7
1998 5 31 12 50718.8 3.875 248.30 1.07 17.15 7.52 723.5
1998 6 1 12 50764.8 3.272 251.07 1.07 15.86 8.05 782.9
1998 6 2 12 50808.5 3.239 245.57 1.07 19.04 9.22 790.9
1998 6 3 12 50849.9 3.721 260.03 1.07 18.10 10.04 799.6
1998 6 4 12 50889.0 2.148 256.65 1.07 19.58 10.67 793.2
1998 6 5 12 50925.9 4.416 252.45 1.07 17.63 7.36 765.0
1998 6 6 12 50960.5 4.319 238.98 1.07 21.13 11.77 815.6
1998 6 7 12 50992.8 7.229 253.06 1.07 21.28 12.25 823.8
1998 6 8 12 51022.8 18.588 235.94 1.07 17.66 9.45 810.6
1998 6 9 12 51050.5 13.170 248.98 1.07 19.59 11.00 807.7
1998 6 10 12 51075.8 0.680 246.31 1.07 16.88 8.22 772.3
1998 6 11 12 51098.8 1.921 255.36 1.07 18.13 9.35 770.8
1998 6 12 12 51119.5 1.829 263.13 1.07 18.18 10.42 800.9
1998 6 13 12 51137.8 11.792 256.88 1.07 18.71 9.35 785.5
1998 6 14 12 51153.7 12.107 250.48 1.07 19.33 11.19 854.7
1998 6 15 12 51167.4 6.435 255.61 1.07 18.69 12.05 852.0
1998 6 16 12 51178.6 2.244 261.99 1.07 20.20 12.08 856.0
1998 6 17 12 51187.5 2.200 266.19 1.07 17.79 9.64 807.1
1998 6 18 12 51194.0 7.537 280.06 1.07 21.69 12.60 882.3
1998 6 19 12 51198.1 1.012 295.62 1.07 18.71 11.78 884.3
1998 6 20 12 51199.9 5.963 281.76 1.07 20.17 10.97 835.5
1998 6 21 12 51199.3 0.861 259.87 1.07 19.87 11.24 797.4
1998 6 22 12 51196.4 10.000 245.95 1.07 22.15 11.84 845.4
1998 6 23 12 51191.0 4.343 254.37 1.07 20.21 11.12 861.7
1998 6 24 12 51183.3 2.048 262.83 1.07 22.98 15.02 862.1
1998 6 25 12 51173.3 1.917 253.38 1.07 21.42 12.74 904.7
1998 6 26 12 51160.8 0.333 254.65 1.07 19.57 11.84 857.9
1998 6 27 12 51146.1 2.396 269.14 1.07 20.73 12.32 856.0
1998 6 28 12 51128.9 10.942 256.28 1.07 21.06 12.89 849.1
1998 6 29 12 51109.4 2.134 263.86 1.07 22.31 14.53 874.7
1998 6 30 12 51087.6 0.464 255.49 1.07 21.53 11.69 864.3
1998 7 1 12 51063.4 0.103 228.51 1.07 21.01 13.11 823.3
1998 7 2 12 51036.9 0.812 228.22 1.07 20.27 11.39 893.9
1998 7 3 12 51008.1 3.405 263.74 1.07 22.19 13.23 892.1
1998 7 4 12 50976.9 0.871 256.41 1.07 21.00 11.56 847.5
1998 7 5 12 50943.5 1.662 259.53 1.07 20.51 12.29 857.3
1998 7 6 12 50907.8 6.214 261.21 1.07 20.10 11.63 812.0
1998 7 7 12 50869.7 1.319 259.94 1.07 23.23 15.32 912.7
1998 7 8 12 50829.4 7.306 255.52 1.07 19.51 9.69 750.1
1998 7 9 12 50786.9 0.740 275.03 1.07 22.50 14.76 863.5
1998 7 10 12 50742.1 2.743 258.59 1.07 21.85 13.67 825.8
1998 7 11 12 50695.1 2.211 258.53 1.07 21.03 11.74 837.1
1998 7 12 12 50645.8 1.006 246.71 1.07 20.80 13.02 847.2
1998 7 13 12 50594.3 2.312 236.58 1.07 21.93 13.66 867.5
1998 7 14 12 50540.7 8.597 285.93 1.07 21.12 11.52 836.8
1998 7 15 12 50484.8 2.172 265.12 1.07 21.09 12.63 890.1
1998 7 16 12 50426.8 5.045 255.98 1.07 23.46 12.85 811.5
1998 7 17 12 50366.7 2.393 248.13 1.07 21.75 13.70 916.8
1998 7 18 12 50304.5 0.117 260.36 1.07 22.00 12.88 860.8
1998 7 19 12 50240.1 0.931 242.78 1.07 20.79 10.87 803.4
1998 7 20 12 50173.7 0.679 260.25 1.07 23.49 13.00 867.8
1998 7 21 12 50105.1 0.048 271.46 1.07 23.83 15.48 921.6
1998 7 22 12 50034.6 3.144 247.15 1.07 22.32 13.62 907.3
1998 7 23 12 49962.0 1.194 270.85 1.07 24.13 15.26 899.9
1998 7 24 12 49887.4 0.075 242.90 1.07 21.16 12.76 816.6
1998 7 25 12 49810.8 0.211 219.39 1.07 23.34 14.75 853.8
1998 7 26 12 49732.3 4.015 257.65 1.07 21.37 13.36 888.6
1998 7 27 12 49651.8 0.597 243.00 1.07 21.20 12.59 867.0
1998 7 28 12 49569.5 1.159 256.11 1.07 23.99 15.01 954.5
1998 7 29 12 49485.2 2.076 226.04 1.07 21.32 12.35 804.5
1998 7 30 12 49399.1 8.216 234.70 1.07 20.40 11.97 853.3
1998 7 31 12 49311.1 8.717 261.26 1.07 19.07 10.84 842.9
1998 8 1 12 49221.3 2.412 244.64 1.07 21.77 12.69 863.2
1998 8 2 12 49129.8 2.558 261.75 1.07 20.17 11.19 818.7
1998 8 3 12 49036.5 1.390 228.96 1.07 24.63 16.24 915.6
1998 8 4 12 48941.4 4.030 272.84 1.07 24.23 15.89 908.5
1998 8 5 12 48844.7 0.102 270.60 1.07 17.06 7.71 761.9
1998 8 6 12 48746.2 1.262 246.78 1.07 23.96 14.34 922.7
1998 8 7 12 48646.2 2.012 236.76 1.07 20.27 11.71 796.7
1998 8 8 12 48544.5 2.777 239.95 1.07 23.26 15.04 889.6
1998 8 9 12 48441.3 1.217 248.08 1.07 22.90 14.52 935.6
1998 8 10 12 48336.4 7.270 235.15 1.07 23.25 13.54 832.1
1998 8 11 12 48230.1 3.151 225.10 1.07 23.87 15.53 924.1
1998 8 12 12 48122.3 2.543 213.82 1.07 19.35 11.45 747.9
1998 8 13 12 48013.0 1.048 195.56 1.07 19.44 10.50 795.6
1998 8 14 12 47902.3 0.724 222.60 1.07 22.14 13.02 832.9
1998 8 15 12 47790.2 5.985 195.01 1.07 21.01 13.35 900.8
1998 8 16 12 47676.7 0.293 222.49 1.07 21.76 14.02 845.4
1998 8 17 12 47561.9 1.702 247.04 1.07 20.13 10.78 782.3
1998 8 18 12 47445.8 0.142 221.40 1.07 21.89 13.45 842.4
1998 8 19 12 47328.5 1.678 207.14 1.07 18.52 9.04 765.0
1998 8 20 12 47209.9 2.779 212.42 1.07 23.30 15.04 887.9
1998 8 21 12 47090.2 3.706 206.68 1.07 23.96 14.97 881.6
1998 8 22 12 46969.3 8.713 243.21 1.07 17.44 8.04 769.4
1998 8 23 12 46847.3 0.650 206.62 1.07 22.38 12.64 819.8
1998 8 24 12 46724.2 3.480 188.43 1.07 17.31 9.71 807.4
1998 8 25 12 46600.0 1.465 252.22 1.07 20.67 11.70 811.0
1998 8 26 12 46474.8 4.642 209.89 1.07 18.25 12.18 780.5
1998 8 27 12 46348.7 1.216 198.29 1.07 20.24 12.78 850.7
1998 8 28 12 46221.7 0.671 210.35 1.07 17.55 9.99 813.4
1998 8 29 12 46093.7 6.531 205.39 1.07 19.91 9.68 764.7
1998 8 30 12 45964.9 4.100 214.69 1.07 18.89 10.19 806.2
1998 8 31 12 45835.3 1.207 203.91 1.07 18.63 8.36 752.5
1998 9 1 12 45704.9 0.690 172.92 1.07 19.43 11.21 806.6
1998 9 2 12 45573.7 0.542 201.05 1.07 16.19 7.55 768.9
1998 9 3 12 45441.8 2.788 215.71 1.07 19.54 12.13 861.8
1998 9 4 12 45309.3 4.434 193.03 1.07 18.00 8.56 736.4
1998 9 5 12 45176.2 2.491 210.68 1.07 16.00 7.77 725.7
1998 9 6 12 45042.4 1.958 212.59 1.07 19.19 10.62 833.5
1998 9 7 12 44908.2 0.434 214.77 1.07 17.08 8.46 737.0
1998 9 8 12 44773.4 0.188 180.18 1.07 17.78 9.81 768.7
1998 9 9 12 44638.1 0.332 180.38 1.07 18.20 9.99 790.7
1998 9 10 12 44502.5 2.380 193.36 1.07 17.44 9.54 772.6
1998 9 11 12 44366.4 0.672 164.45 1.07 17.33 9.17 767.5
1998 9 12 12 44230.0 0.491 174.10 1.07 18.10 9.80 787.6
1998 9 13 12 44093.3 1.185 193.40 1.07 16.64 7.44 741.5
1998 9 14 12 43956.3 4.395 156.29 1.07 18.42 9.57 797.5
1998 9 15 12 43819.1 0.141 159.27 1.07 18.44 9.00 782.5
1998 9 16 12 43681.7 0.881 192.46 1.07 15.67 6.83 788.2
1998 9 17 12 43544.2 1.773 159.12 1.07 15.53 7.29 764.2
1998 9 18 12 43406.5 0.055 222.42 1.07 17.13 7.39 745.4
1998 9 19 12 43268.9 2.733 165.39 1.07 18.53 10.56 860.4
1998 9 20 12 43131.1 2.561 163.05 1.07 17.48 8.67 746.6
1998 9 21 12 42993.5 1.148 156.64 1.07 14.31 5.59 769.5
1998 9 22 12 42855.8 0.445 175.99 1.07 15.03 6.42 805.0
1998 9 23 12 42718.3 8.404 171.88 1.07 14.06 5.60 737.9
1998 9 24 12 42580.9 1.242 179.33 1.07 17.30 6.75 730.3
1998 9 25 12 42443.7 0.067 168.39 1.07 15.55 6.87 766.4
1998 9 26 12 42306.7 0.499 184.58 1.07 13.22 4.06 717.9
1998 9 27 12 42170.0 1.079 165.90 1.07 13.88 5.07 673.0
1998 9 28 12 42033.6 0.312 162.40 1.07 12.92 4.94 722.6
1998 9 29 12 41897.5 0.293 170.07 1.07 13.55 4.55 684.1
1998 9 30 12 41761.9 0.863 135.89 1.07 14.80 5.58 687.1
1998 10 1 12 41626.6 0.235 147.11 1.07 12.83 4.48 699.3
1998 10 2 12 41491.8 0.883 188.13 1.07 13.70 4.16 685.8
1998 10 3 12 41357.6 2.114 134.51 1.07 13.83 6.18 683.4
1998 10 4 12 41223.8 6.048 173.14 1.07 10.30 3.25 707.2
1998 10 5 12 41090.7 0.326 122.69 1.07 10.41 0.70 619.8
1998 10 6 12 40958.2 0.997 133.05 1.07 12.04 3.94 703.9
1998 10 7 12 40826.3 0.692 144.10 1.07 11.23 3.82 704.4
1998 10 8 12 40695.1 1.268 160.93 1.07 12.98 4.00 659.3
1998 10 9 12 40564.7 0.182 150.97 1.07 11.64 2.57 716.9
1998 10 10 12 40435.1 2.281 157.78 1.07 13.03 3.95 742.1
1998 10 11 12 40306.3 2.821 142.54 1.07 12.50 4.89 669.1
1998 10 12 12 40178.3 1.606 146.83 1.07 12.84 5.30 707.6
1998 10 13 12 40051.3 0.267 148.50 1.07 10.55 1.74 641.3
1998 10 14 12 39925.2 3.487 160.97 1.07 10.80 3.42 649.8
1998 10 15 12 39800.0 0.794 171.47 1.07 13.94 4.38 676.8
1998 10 16 12 39675.8 3.490 128.13 1.07 9.15 0.96 691.7
1998 10 17 12 39552.7 0.707 140.62 1.07 11.52 2.23 630.6
1998 10 18 12 39430.7 0.518 135.77 1.07 11.83 3.36 726.0
1998 10 19 12 39309.8 0.308 145.28 1.07 10.81 1.93 676.0
1998 10 20 12 39190.1 0.105 160.55 1.07 11.24 1.80 650.5
1998 10 21 12 39071.5 2.214 139.77 1.07 9.69 1.36 667.9
1998 10 22 12 38954.2 0.375 128.68 1.07 10.21 0.64 641.2
1998 10 23 12 38838.1 1.911 151.51 1.07 9.61 1.59 650.7
1998 10 24 12 38723.3 0.028 131.28 1.07 6.96 -1.05 610.9
1998 10 25 12 38609.8 0.109 131.56 1.07 8.54 0.03 586.8
1998 10 26 12 38497.7 2.262 141.76 1.07 6.38 -2.46 546.2
1998 10 27 12 38387.0 0.650 111.82 1.07 9.40 1.38 587.1
1998 10 28 12 38277.7 1.295 109.77 1.07 8.59 0.64 636.2
1998 10 29 12 38169.9 0.945 114.46 1.07 9.48 0.49 592.1
1998 10 30 12 38063.6 0.213 124.20 1.07 6.14 -2.32 510.4
1998 10 31 12 37958.7 1.407 142.97 1.07 7.79 -1.14 596.6
1998 11 1 12 37855.5 0.204 116.37 1.07 7.64 -0.60 581.4
1998 11 2 12 37753.8 3.525 117.66 1.07 10.25 1.06 672.1
1998 11 3 12 37653.8 1.550 127.09 1.07 6.74 -1.69 594.0
1998 11 4 12 37555.3 2.604 109.46 1.07 6.01 -2.67 589.6
1998 11 5 12 37458.6 0.213 115.40 1.07 6.69 -1.20 574.9
1998 11 6 12 37363.5 0.458 121.00 1.07 8.92 -0.12 608.3
1998 11 7 12 37270.2 2.349 129.19 1.07 7.53 -0.85 613.1
1998 11 8 12 37178.7 0.289 133.92 1.07 7.03 -1.91 488.9
1998 11 9 12 37088.9 1.454 116.48 1.07 5.50 -4.32 467.6
1998 11 10 12 37000.9 0.569 113.54 1.07 5.33 -3.47 529.9
1998 11 11 12 36914.8 3.402 113.93 1.07 7.71 -0.39 542.8
1998 11 12 12 36830.5 0.018 119.37 1.07 4.65 -3.42 508.7
1998 11 13 12 36748.2 4.598 137.50 1.07 4.34 -4.75 524.0
1998 11 14 12 36667.7 0.563 147.30 1.07 2.38 -5.43 503.4
1998 11 15 12 36589.2 0.254 141.63 1.07 2.38 -5.20 517.8
1998 11 16 12 36512.6 0.422 129.12 1.07 6.23 -3.11 506.2
1998 11 17 12 36438.0 0.778 97.05 1.07 1.31 -7.19 484.6
1998 11 18 12 36365.4 1.727 114.92 1.07 6.58 -1.17 553.6
1998 11 19 12 36294.9 6.149 105.47 1.07 3.60 -3.96 539.3
1998 11 20 12 36226.3 0.578 108.21 1.07 4.36 -4.07 541.2
1998 11 21 12 36159.9 0.609 135.70 1.07 5.22 -2.49 615.4
1998 11 22 12 36095.5 0.641 128.89 1.07 2.55 -5.00 553.4
1998 11 23 12 36033.3 0.307 121.04 1.07 4.18 -3.96 543.7
1998 11 24 12 35973.2 3.006 146.97 1.07 1.58 -7.24 446.9
1998 11 25 12 35915.2 0.839 119.55 1.07 1.99 -6.32 479.3
1998 11 26 12 35859.3 0.464 128.90 1.07 3.44 -5.70 498.7
1998 11 27 12 35805.7 2.616 114.40 1.07 3.24 -5.85 466.1
1998 11 28 12 35754.2 0.181 108.52 1.07 3.00 -6.83 484.8
1998 11 29 12 35704.9 0.491 135.51 1.07 4.51 -3.39 556.8
1998 11 30 12 35657.9 2.875 92.83 1.07 2.02 -5.73 509.9
1998 12 1 12 35613.1 2.140 79.95 1.07 4.40 -5.71 453.9
1998 12 2 12 35570.6 1.295 89.29 1.07 1.92 -7.06 459.0
1998 12 3 12 35530.3 3.643 96.45 1.07 2.59 -6.50 500.0
1998 12 4 12 35492.2 3.324 116.67 1.07 2.63 -5.56 513.0
1998 12 5 12 35456.5 0.116 121.44 1.07 0.63 -7.98 436.8
1998 12 6 12 35423.1 3.834 90.46 1.07 1.56 -6.52 469.2
1998 12 7 12 35391.9 0.813 92.81 1.07 -1.07 -9.65 395.7
1998 12 8 12 35363.1 0.345 95.02 1.07 1.13 -7.26 473.7
1998 12 9 12 35336.6 0.154 102.08 1.07 0.94 -7.63 399.3
1998 12 10 12 35312.4 2.367 101.21 1.07 1.51 -6.16 449.0
1998 12 11 12 35290.6 1.108 106.40 1.07 0.39 -9.00 403.6
1998 12 12 12 35271.1 0.919 86.58 1.07 3.12 -6.08 495.9
1998 12 13 12 35253.9 2.461 84.47 1.07 -2.23 -11.52 413.9
1998 12 14 12 35239.2 6.350 87.38 1.07 -1.56 -9.81 415.7
1998 12 15 12 35226.7 1.146 100.93 1.07 -1.35 -11.26 340.0
1998 12 16 12 35216.7 0.208 81.87 1.07 -0.09 -10.24 389.4
1998 12 17 12 35209.0 0.930 86.58 1.07 -1.31 -9.36 385.2
1998 12 18 12 35203.6 2.919 107.73 1.07 -2.01 -11.71 358.5
1998 12 19 12 35200.7 4.003 122.06 1.07 -1.11 -10.43 364.0
1998 12 20 12 35200.1 5.120 105.83 1.07 -2.67 -12.36 342.1
1998 12 21 12 35201.9 2.270 83.71 1.07 -0.02 -9.19 391.6
1998 12 22 12 35206.0 0.194 110.45 1.07 -0.20 -6.45 532.6
1998 12 23 12 35212.5 2.456 91.54 1.07 -2.65 -11.52 382.0
1998 12 24 12 35221.4 1.337 121.26 1.07 0.47 -8.15 411.1
1998 12 25 12 35232.6 0.511 106.79 1.07 -2.93 -12.34 352.2
1998 12 26 12 35246.3 1.178 87.73 1.07 -1.82 -10.51 442.8
1998 12 27 12 35262.2 2.552 102.43 1.07 -0.75 -8.57 454.8
1998 12 28 12 35280.5 1.155 79.79 1.07 -1.07 -9.59 403.6
1998 12 29 12 35301.2 0.021 103.62 1.07 -3.59 -10.58 371.8
1998 12 30 12 35324.2 0.986 97.26 1.07 -0.65 -9.86 412.9
1998 12 31 12 35349.5 4.512 133.02 1.07 -1.45 -11.77 349.2
1999 1 1 12 35377.2 0.451 104.92 1.07 1.40 -6.88 497.4
1999 1 2 12 35407.2 1.238 102.97 1.07 -0.61 -8.88 499.2
1999 1 3 12 35439.5 0.025 66.59 1.07 0.64 -7.90 448.0
1999 1 4 12 35474.1 1.601 112.23 1.07 -3.03 -12.72 349.1
1999 1 5 12 35511.0 0.816 120.64 1.07 -4.03 -13.07 303.6
1999 1 6 12 35550.1 6.115 121.14 1.07 0.28 -8.17 483.8
1999 1 7 12 35591.5 1.777 102.06 1.07 -1.23 -9.63 424.4
1999 1 8 12 35635.2 0.046 95.12 1.07 0.95 -7.12 406.5
1999 1 9 12 35681.2 0.140 123.45 1.07 -0.14 -9.54 420.6
1999 1 10 12 35729.3 3.804 103.99 1.07 -0.26 -10.38 392.6
1999 1 11 12 35779.7 3.785 105.25 1.07 -1.21 -9.95 405.9
1999 1 12 12 35832.2 1.938 101.35 1.07 -3.20 -11.31 362.4
1999 1 13 12 35887.0 1.762 73.17 1.07 -3.46 -13.12 341.7
1999 1 14 12 35943.9 0.919 95.12 1.07 -5.00 -12.33 321.9
1999 1 15 12 36003.0 0.309 109.50 1.07 -2.76 -11.63 371.0
1999 1 16 12 36064.1 1.848 117.64 1.07 -2.00 -9.69 431.3
1999 1 17 12 36127.5 0.116 108.81 1.07 -2.15 -9.33 408.6
1999 1 18 12 36192.9 0.502 118.01 1.07 -1.97 -11.88 341.9
1999 1 19 12 36260.3 0.822 84.91 1.07 -5.19 -13.40 375.6
1999 1 20 12 36329.9 0.058 96.98 1.07 -1.70 -8.85 458.0
1999 1 21 12 36401.5 1.152 146.55 1.07 0.30 -8.66 396.5
1999 1 22 12 36475.1 1.097 123.35 1.07 -3.18 -10.21 384.2
1999 1 23 12 36550.6 4.089 133.82 1.07 -4.12 -11.92 363.4
1999 1 24 12 36628.2 3.853 110.21 1.07 -4.31 -13.18 346.1
1999 1 25 12 36707.7 0.566 130.54 1.07 -2.88 -11.51 389.6
1999 1 26 12 36789.1 4.476 130.77 1.07 -2.47 -12.33 345.3
1999 1 27 12 36872.4 2.308 149.07 1.07 -1.60 -10.74 357.7
1999 1 28 12 36957.6 0.220 124.26 1.07 -0.70 -8.76 433.8
1999 1 29 12 37044.7 0.180 102.76 1.07 -3.27 -12.09 337.2
1999 1 30 12 37133.6 4.414 107.88 1.07 -2.56 -10.88 400.8
1999 1 31 12 37224.2 1.651 124.81 1.07 -4.20 -11.88 379.8
1999 2 1 12 37316.7 1.105 82.06 1.07 -0.84 -8.55 483.6
1999 2 2 12 37410.8 0.628 128.30 1.07 -2.24 -10.52 430.6
1999 2 3 12 37506.7 3.222 131.50 1.07 -1.96 -11.00 401.5
1999 2 4 12 37604.3 2.281 146.27 1.07 0.41 -8.05 429.2
1999 2 5 12 37703.6 1.159 97.79 1.07 -1.33 -9.74 381.2
1999 2 6 12 37804.5 0.946 109.39 1.07 1.11 -8.00 473.3
1999 2 7 12 37906.9 9.532 128.81 1.07 -0.24 -8.54 442.5
1999 2 8 12 38011.0 11.780 127.46 1.07 -1.94 -11.19 353.7
1999 2 9 12 38116.5 2.469 129.47 1.07 -2.90 -11.51 375.4
1999 2 10 12 38223.6 4.696 144.86 1.07 -1.39 -10.46 386.9
1999 2 11 12 38332.2 0.387 136.52 1.07 0.46 -8.52 421.5
1999 2 12 12 38442.2 2.182 155.45 1.07 -3.07 -10.94 386.4
1999 2 13 12 38553.6 3.212 151.59 1.07 -1.81 -9.68 388.5
1999 2 14 12 38666.4 0.509 124.56 1.07 -2.06 -10.79 349.2
1999 2 15 12 38780.5 0.211 140.33 1.07 -1.35 -8.94 478.1
1999 2 16 12 38896.0 2.595 145.51 1.07 -0.03 -8.03 434.2
1999 2 17 12 39012.7 5.843 166.68 1.07 -0.23 -8.35 452.0
1999 2 18 12 39130.6 2.570 142.81 1.07 -0.16 -8.81 378.0
1999 2 19 12 39249.8 7.519 149.34 1.07 -2.41 -10.47 351.0
1999 2 20 12 39370.1 0.017 134.77 1.07 0.86 -8.09 411.5
1999 2 21 12 39491.6 7.802 151.19 1.07 1.40 -7.02 432.2
1999 2 22 12 39614.2 0.435 128.16 1.07 -0.34 -7.95 411.5
1999 2 23 12 39737.8 8.206 135.64 1.07 -1.21 -9.07 391.1
1999 2 24 12 39862.5 0.491 165.74 1.07 1.48 -7.59 472.5
1999 2 25 12 39988.1 0.918 160.89 1.07 2.38 -5.33 471.7
1999 2 26 12 40114.7 1.364 169.67 1.07 1.07 -8.50 365.4
1999 2 27 12 40242.2 5.308 184.47 1.07 -0.46 -9.08 422.5
1999 2 28 12 40370.6 0.355 165.97 1.07 -0.83 -8.51 415.7
1999 3 1 12 40499.8 0.366 156.84 1.07 1.75 -7.49 496.2
1999 3 2 12 40629.8 0.718 146.07 1.07 -1.31 -9.65 405.1
1999 3 3 12 40760.6 1.422 147.66 1.07 -0.92 -9.15 455.1
1999 3 4 12 40892.1 3.713 157.32 1.07 1.63 -5.93 474.0
1999 3 5 12 41024.3 2.595 157.51 1.07 3.81 -5.17 478.6
1999 3 6 12 41157.2 7.961 172.72 1.07 3.33 -4.59 526.1
1999 3 7 12 41290.6 1.029 147.82 1.07 2.33 -6.83 426.2
1999 3 8 12 41424.6 6.646 153.93 1.07 -1.23 -10.11 431.6
1999 3 9 12 41559.2 2.367 169.09 1.07 -1.63 -10.22 384.2
1999 3 10 12 41694.2 1.045 142.89 1.07 1.96 -6.74 418.6
1999 3 11 12 41829.7 2.035 188.37 1.07 5.02 -2.80 559.6
1999 3 12 12 41965.5 4.912 180.70 1.07 1.20 -5.46 484.5
1999 3 13 12 42101.8 2.405 172.18 1.07 3.99 -4.60 471.8
1999 3 14 12 42238.3 1.692 155.12 1.07 3.33 -5.24 507.3
1999 3 15 12 42375.2 5.512 169.73 1.07 2.17 -5.06 483.8
1999 3 16 12 42512.3 3.558 183.89 1.07 2.58 -4.08 539.7
1999 3 17 12 42649.6 0.480 165.13 1.07 0.85 -7.87 438.5
1999 3 18 12 42787.0 24.410 151.30 1.07 4.20 -4.13 530.9
1999 3 19 12 42924.6 2.724 184.31 1.07 2.74 -6.93 452.7
1999 3 20 12 43062.3 2.414 183.40 1.07 5.17 -4.03 473.8
1999 3 21 12 43200.0 4.040 172.76 1.07 3.74 -6.16 502.7
1999 3 22 12 43337.7 3.453 216.59 1.07 3.81 -5.03 477.0
1999 3 23 12 43475.4 5.908 170.48 1.07 1.27 -5.99 419.9
1999 3 24 12 43613.0 2.107 205.05 1.07 5.05 -4.23 503.2
1999 3 25 12 43750.4 5.196 195.63 1.07 5.57 -3.53 508.8
1999 3 26 12 43887.7 5.687 192.43 1.07 6.88 -1.34 600.3
1999 3 27 12 44024.8 4.356 223.21 1.07 3.91 -5.94 461.3
1999 3 28 12 44161.7 2.858 207.10 1.07 5.77 -2.56 545.2
1999 3 29 12 44298.2 0.605 181.12 1.07 6.16 -4.43 527.6
1999 3 30 12 44434.5 0.367 183.94 1.07 3.84 -4.97 502.2
1999 3 31 12 44570.3 1.293 182.37 1.07 5.01 -4.84 533.7
1999 4 1 12 44705.8 0.974 199.87 1.07 4.36 -4.82 535.2
1999 4 2 12 44840.8 7.135 185.98 1.07 4.69 -4.00 491.8
1999 4 3 12 44975.4 0.792 166.32 1.07 5.94 -2.74 556.1
1999 4 4 12 45109.4 4.819 192.05 1.07 5.70 -3.05 587.6
1999 4 5 12 45242.8 3.314 214.49 1.07 6.91 0.11 576.6
1999 4 6 12 45375.7 0.783 222.42 1.07 8.08 0.06 566.7
1999 4 7 12 45507.9 2.175 215.90 1.07 8.23 -1.71 586.3
1999 4 8 12 45639.4 2.820 202.80 1.07 8.72 -0.99 557.6
1999 4 9 12 45770.2 3.013 221.83 1.07 7.34 -0.18 656.0
1999 4 10 12 45900.2 5.884 236.61 1.07 7.17 -1.42 561.3
1999 4 11 12 46029.4 0.935 216.50 1.07 6.30 -1.28 547.0
1999 4 12 12 46157.8 7.455 210.50 1.07 9.40 1.64 616.8
1999 4 13 12 46285.3 9.921 237.33 1.07 10.02 1.21 667.1
1999 4 14 12 46411.9 2.921 202.92 1.07 10.64 2.18 605.2
1999 4 15 12 46537.5 1.320 225.24 1.07 9.44 0.38 597.1
1999 4 16 12 46662.2 12.618 168.73 1.07 8.47 0.64 605.2
1999 4 17 12 46785.8 7.761 210.56 1.07 7.75 -0.74 508.5
1999 4 18 12 46908.4 1.064 183.92 1.07 7.58 -0.04 584.8
1999 4 19 12 47029.9 5.010 230.12 1.07 6.85 -2.28 548.6
1999 4 20 12 47150.2 1.200 207.98 1.07 11.54 2.73 628.6
1999 4 21 12 47269.4 5.538 231.00 1.07 10.78 1.75 656.7
1999 4 22 12 47387.3 0.059 213.60 1.07 13.92 6.53 754.4
1999 4 23 12 47504.0 2.256 216.03 1.07 10.44 1.81 640.5
1999 4 24 12 47619.5 1.061 214.54 1.07 10.91 2.23 609.8
1999 4 25 12 47733.6 5.779 234.14 1.07 11.57 2.82 629.4
1999 4 26 12 47846.4 0.381 231.99 1.07 12.13 4.48 721.8
1999 4 27 12 47957.8 5.377 214.65 1.07 10.43 4.22 753.9
1999 4 28 12 48067.8 1.044 227.82 1.07 11.58 4.99 727.7
1999 4 29 12 48176.4 6.158 219.90 1.07 13.01 4.98 713.6
1999 4 30 12 48283.5 8.377 224.17 1.07 14.44 5.08 672.3
1999 5 1 12 48389.0 0.861 225.14 1.07 10.89 1.82 639.2
1999 5 2 12 48493.1 2.952 224.98 1.07 12.75 4.39 648.6
1999 5 3 12 48595.5 17.352 244.78 1.07 12.80 2.34 663.7
1999 5 4 12 48696.4 0.152 245.60 1.07 12.45 3.33 655.3
1999 5 5 12 48795.7 0.891 212.82 1.07 14.58 6.68 698.0
1999 5 6 12 48893.3 6.765 233.89 1.07 16.68 6.80 722.4
1999 5 7 12 48989.2 7.062 277.47 1.07 14.01 5.84 728.5
1999 5 8 12 49083.3 15.229 258.75 1.07 12.49 3.45 674.8
1999 5 9 12 49175.8 0.755 272.97 1.07 11.72 2.60 653.5
1999 5 10 12 49266.4 4.619 226.29 1.07 13.94 5.81 726.0
1999 5 11 12 49355.3 1.345 236.54 1.07 15.66 8.32 733.6
1999 5 12 12 49442.4 5.428 230.26 1.07 14.13 5.47 678.7
1999 5 13 12 49527.6 2.015 244.24 1.07 15.02 7.51 723.5
1999 5 14 12 49610.9 0.865 248.67 1.07 17.75 9.42 748.1
1999 5 15 12 49692.3 0.894 253.22 1.07 15.98 6.47 729.0
1999 5 16 12 49771.8 2.807 239.51 1.07 15.28 7.56 706.4
1999 5 17 12 49849.4 0.070 237.20 1.07 13.36 5.81 722.8
1999 5 18 12 49924.9 3.113 234.44 1.07 16.77 8.49 722.2
1999 5 19 12 49998.5 8.781 246.16 1.07 16.58 6.96 760.9
1999 5 20 12 50070.1 4.043 258.44 1.07 17.16 7.38 755.1
1999 5 21 12 50139.7 1.356 261.16 1.07 14.22 6.00 674.3
1999 5 22 12 50207.1 6.481 269.77 1.07 16.23 8.01 773.9
1999 5 23 12 50272.5 1.496 256.71 1.07 17.33 9.29 782.2
1999 5 24 12 50335.9 1.941 263.77 1.07 14.43 4.08 715.4
1999 5 25 12 50397.0 2.041 231.17 1.07 17.00 7.71 750.0
1999 5 26 12 50456.1 5.480 268.46 1.07 18.60 9.54 740.4
1999 5 27 12 50513.0 0.696 270.74 1.07 16.17 8.43 755.2
1999 5 28 12 50567.8 0.775 280.90 1.07 18.89 10.31 800.2
1999 5 29 12 50620.3 4.197 286.49 1.07 17.51 9.82 780.2
1999 5 30 12 50670.7 8.650 238.09 1.07 17.77 8.38 783.2
1999 5 31 12 50718.8 1.823 269.72 1.07 19.26 9.18 814.2
1999 6 1 12 50764.8 1.230 251.01 1.07 16.92 8.99 794.0
1999 6 2 12 50808.5 1.747 249.63 1.07 16.15 7.38 716.7
1999 6 3 12 50849.9 0.126 251.78 1.07 17.85 9.29 796.2
1999 6 4 12 50889.0 4.621 250.40 1.07 18.89 9.29 783.4
1999 6 5 12 50925.9 0.381 255.77 1.07 19.06 10.58 787.8
1999 6 6 12 50960.5 1.675 252.00 1.07 19.16 10.73 857.6
1999 6 7 12 50992.8 6.549 265.80 1.07 17.71 9.13 784.9
1999 6 8 12 51022.8 2.351 269.48 1.07 19.68 11.61 808.1
1999 6 9 12 51050.5 0.078 277.12 1.07 18.94 10.97 815.5
1999 6 10 12 51075.8 10.322 267.69 1.07 21.52 13.93 885.1
1999 6 11 12 51098.8 8.127 258.56 1.07 20.70 12.16 893.2
1999 6 12 12 51119.5 8.668 270.57 1.07 20.27 13.03 876.0
1999 6 13 12 51137.8 2.819 275.53 1.07 19.34 9.72 774.9
1999 6 14 12 51153.7 1.237 269.42 1.07 19.20 11.36 847.0
1999 6 15 12 51167.4 0.827 268.67 1.07 19.52 10.96 823.5
1999 6 16 12 51178.6 0.736 301.79 1.07 20.39 11.70 787.3
1999 6 17 12 51187.5 0.447 251.93 1.07 21.56 12.60 811.7
1999 6 18 12 51194.0 0.149 274.58 1.07 18.00 9.84 773.0
1999 6 19 12 51198.1 1.591 263.33 1.07 19.55 12.44 819.0
1999 6 20 12 51199.9 3.345 236.04 1.07 22.28 14.74 862.0
1999 6 21 12 51199.3 1.808 235.23 1.07 19.66 11.78 849.2
1999 6 22 12 51196.4 6.173 232.65 1.07 19.34 10.63 841.0
1999 6 23 12 51191.0 0.250 261.34 1.07 22.31 15.02 861.5
1999 6 24 12 51183.3 4.509 236.60 1.07 21.55 13.29 861.4
1999 6 25 12 51173.3 1.927 259.21 1.07 21.22 11.78 871.6
1999 6 26 12 51160.8 1.310 262.82 1.07 21.88 12.64 879.1
1999 6 27 12 51146.1 2.156 253.09 1.07 20.63 13.32 856.9
1999 6 28 12 51128.9 6.849 256.35 1.07 21.18 13.49 855.3
1999 6 29 12 51109.4 6.296 273.78 1.07 21.35 13.76 920.7
1999 6 30 12 51087.6 5.296 246.55 1.07 20.79 12.32 887.6
1999 7 1 12 51063.4 1.015 260.46 1.07 20.85 11.57 876.5
1999 7 2 12 51036.9 8.551 225.62 1.07 20.10 10.08 795.2
1999 7 3 12 51008.1 1.144 262.78 1.07 20.72 11.46 822.5
1999 7 4 12 50976.9 0.325 278.25 1.07 20.87 11.10 788.8
1999 7 5 12 50943.5 0.307 270.25 1.07 18.79 12.05 848.8
1999 7 6 12 50907.8 3.046 254.23 1.07 22.54 13.50 857.1
1999 7 7 12 50869.7 1.217 251.36 1.07 22.09 13.05 861.0
1999 7 8 12 50829.4 6.443 282.41 1.07 23.96 14.91 829.0
1999 7 9 12 50786.9 2.445 266.28 1.07 19.80 9.80 783.7
1999 7 10 12 50742.1 2.366 257.31 1.07 20.29 10.23 844.3
1999 7 11 12 50695.1 3.528 265.66 1.07 23.25 15.95 923.6
1999 7 12 12 50645.8 6.727 246.92 1.07 20.06 12.90 775.4
1999 7 13 12 50594.3 1.277 252.58 1.07 21.83 14.19 904.3
1999 7 14 12 50540.7 0.603 243.24 1.07 21.56 13.38 905.2
1999 7 15 12 50484.8 3.167 266.99 1.07 24.25 14.68 847.9
1999 7 16 12 50426.8 5.793 238.91 1.07 21.89 14.32 893.4
1999 7 17 12 50366.7 1.262 244.85 1.07 21.90 13.31 857.1
1999 7 18 12 50304.5 1.535 257.90 1.07 22.32 14.15 897.6
1999 7 19 12 50240.1 1.420 212.47 1.07 20.70 12.34 867.9
1999 7 20 12 50173.7 0.554 238.33 1.07 21.23 13.26 860.2
1999 7 21 12 50105.1 0.280 235.69 1.07 20.35 12.53 852.7
1999 7 22 12 50034.6 0.801 251.36 1.07 22.97 14.26 939.2
1999 7 23 12 49962.0 0.571 250.40 1.07 23.02 15.26 1026.6
1999 7 24 12 49887.4 2.593 276.75 1.07 20.71 11.88 861.6
1999 7 25 12 49810.8 1.711 232.26 1.07 21.57 13.79 884.8
1999 7 26 12 49732.3 4.655 222.67 1.07 22.18 14.42 871.9
1999 7 27 12 49651.8 0.819 262.69 1.07 19.84 9.89 796.5
1999 7 28 12 49569.5 1.229 234.03 1.07 22.69 14.13 885.5
1999 7 29 12 49485.2 4.582 244.81 1.07 20.26 9.94 804.2
1999 7 30 12 49399.1 3.961 234.31 1.07 19.29 9.47 725.1
1999 7 31 12 49311.1 0.312 250.28 1.07 21.88 13.34 849.8
1999 8 1 12 49221.3 1.342 245.37 1.07 22.66 13.96 872.8
1999 8 2 12 49129.8 3.007 233.67 1.07 23.06 14.26 875.5
1999 8 3 12 49036.5 2.161 238.67 1.07 22.36 14.29 897.9
1999 8 4 12 48941.4 0.317 230.08 1.07 20.59 11.70 888.8
1999 8 5 12 48844.7 0.837 237.23 1.07 24.33 14.81 914.8
1999 8 6 12 48746.2 4.312 228.65 1.07 21.60 11.78 850.6
1999 8 7 12 48646.2 0.541 256.38 1.07 20.05 10.13 826.7
1999 8 8 12 48544.5 9.342 229.26 1.07 22.83 13.53 914.1
1999 8 9 12 48441.3 0.219 225.53 1.07 21.75 12.56 938.7
1999 8 10 12 48336.4 0.048 204.35 1.07 24.29 16.83 946.7
1999 8 11 12 48230.1 1.071 214.00 1.07 23.49 15.03 910.0
1999 8 12 12 48122.3 0.803 238.14 1.07 20.50 11.09 833.9
1999 8 13 12 48013.0 0.595 225.67 1.07 19.18 11.26 838.2
1999 8 14 12 47902.3 0.199 222.04 1.07 20.18 12.23 824.9
1999 8 15 12 47790.2 3.379 236.93 1.07 17.37 8.43 773.0
1999 8 16 12 47676.7 0.716 244.38 1.07 20.80 13.23 844.7
1999 8 17 12 47561.9 3.304 210.88 1.07 22.13 14.37 919.1
1999 8 18 12 47445.8 1.846 218.94 1.07 20.60 11.76 932.0
1999 8 19 12 47328.5 2.427 189.91 1.07 21.18 12.55 862.4
1999 8 20 12 47209.9 2.186 234.41 1.07 21.52 12.64 880.6
1999 8 21 12 47090.2 1.263 261.61 1.07 22.49 14.34 925.6
1999 8 22 12 46969.3 0.105 212.40 1.07 20.39 9.96 769.7
1999 8 23 12 46847.3 2.909 210.80 1.07 19.70 11.87 862.9
1999 8 24 12 46724.2 1.539 214.01 1.07 19.06 9.32 801.0
1999 8 25 12 46600.0 4.799 217.58 1.07 22.20 13.09 818.5
1999 8 26 12 46474.8 3.398 216.97 1.07 18.79 11.88 834.0
1999 8 27 12 46348.7 1.410 215.67 1.07 22.33 13.48 792.5
1999 8 28 12 46221.7 2.185 189.35 1.07 18.93 10.64 762.0
1999 8 29 12 46093.7 0.644 208.11 1.07 18.04 9.81 758.8
1999 8 30 12 45964.9 3.243 217.25 1.07 19.81 11.53 787.6
1999 8 31 12 45835.3 2.794 188.45 1.07 19.40 10.49 852.9
1999 9 1 12 45704.9 0.405 184.64 1.07 16.41 8.20 728.5
1999 9 2 12 45573.7 0.768 195.39 1.07 19.80 11.18 832.3
1999 9 3 12 45441.8 0.647 205.02 1.07 15.85 5.89 714.6
1999 9 4 12 45309.3 3.426 210.42 1.07 21.19 11.69 830.0
1999 9 5 12 45176.2 0.606 211.47 1.07 16.19 7.49 736.0
1999 9 6 12 45042.4 1.764 185.46 1.07 18.61 10.46 787.9
1999 9 7 12 44908.2 1.587 168.87 1.07 18.83 10.69 836.5
1999 9 8 12 44773.4 2.195 219.31 1.07 19.31 10.89 743.8
1999 9 9 12 44638.1 0.383 212.94 1.07 15.55 6.98 770.5
1999 9 10 12 44502.5 0.404 186.33 1.07 18.33 9.65 780.0
1999 9 11 12 44366.4 2.669 203.12 1.07 15.78 7.47 755.9
1999 9 12 12 44230.0 0.312 194.53 1.07 17.60 8.25 785.1
1999 9 13 12 44093.3 0.316 186.23 1.07 14.15 5.61 751.3
1999 9 14 12 43956.3 1.286 214.55 1.07 17.67 9.81 773.9
1999 9 15 12 43819.1 2.111 176.42 1.07 18.68 10.18 790.8
1999 9 16 12 43681.7 7.788 163.75 1.07 16.12 6.75 687.7
1999 9 17 12 43544.2 2.107 185.67 1.07 16.51 7.13 754.0
1999 9 18 12 43406.5 4.238 173.35 1.07 17.12 9.57 852.4
1999 9 19 12 43268.9 1.343 183.34 1.07 16.52 7.83 740.6
1999 9 20 12 43131.1 0.347 174.91 1.07 13.44 3.69 666.6
1999 9 21 12 42993.5 1.473 167.34 1.07 13.82 4.43 702.8
1999 9 22 12 42855.8 5.097 173.27 1.07 14.86 4.93 696.0
1999 9 23 12 42718.3 2.969 152.30 1.07 15.46 5.55 735.2
1999 9 24 12 42580.9 0.721 150.81 1.07 14.39 6.03 719.1
1999 9 25 12 42443.7 1.977 168.63 1.07 15.06 5.99 749.3
1999 9 26 12 42306.7 0.316 176.95 1.07 16.24 6.66 719.2
1999 9 27 12 42170.0 0.608 144.53 1.07 13.99 6.38 730.5
1999 9 28 12 42033.6 1.089 175.14 1.07 12.69 3.86 648.4
1999 9 29 12 41897.5 0.284 159.71 1.07 14.89 6.32 706.9
1999 9 30 12 41761.9 0.829 171.48 1.07 15.79 7.78 759.1
1999 10 1 12 41626.6 0.373 167.79 1.07 14.19 4.39 687.8
1999 10 2 12 41491.8 1.150 177.56 1.07 12.86 3.23 694.0
1999 10 3 12 41357.6 0.492 159.36 1.07 13.10 4.52 700.4
1999 10 4 12 41223.8 0.731 135.63 1.07 12.44 1.18 620.0
1999 10 5 12 41090.7 0.649 189.45 1.07 13.40 6.42 714.4
1999 10 6 12 40958.2 4.250 159.08 1.07 9.60 1.31 630.7
1999 10 7 12 40826.3 6.361 158.54 1.07 12.71 4.01 708.3
1999 10 8 12 40695.1 0.636 152.91 1.07 12.10 3.87 657.2
1999 10 9 12 40564.7 1.485 174.69 1.07 13.51 5.43 791.7
1999 10 10 12 40435.1 0.264 134.00 1.07 9.82 1.49 589.0
1999 10 11 12 40306.3 0.967 130.33 1.07 10.03 2.08 617.3
1999 10 12 12 40178.3 1.156 139.30 1.07 12.07 4.41 674.3
1999 10 13 12 40051.3 0.048 154.40 1.07 13.29 6.08 749.8
1999 10 14 12 39925.2 4.153 136.41 1.07 10.92 1.65 676.7
1999 10 15 12 39800.0 1.365 134.54 1.07 10.58 0.98 609.6
1999 10 16 12 39675.8 0.582 128.04 1.07 9.55 -0.05 572.8
1999 10 17 12 39552.7 0.119 156.36 1.07 10.57 2.14 615.6
1999 10 18 12 39430.7 0.379 147.67 1.07 8.86 -1.21 604.5
1999 10 19 12 39309.8 0.138 153.03 1.07 8.11 -1.61 531.0
1999 10 20 12 39190.1 3.127 131.81 1.07 10.71 2.53 659.5
1999 10 21 12 39071.5 0.051 137.61 1.07 8.38 -0.61 599.5
1999 10 22 12 38954.2 3.186 148.82 1.07 10.48 1.77 645.8
1999 10 23 12 38838.1 1.128 124.23 1.07 9.18 1.86 613.6
1999 10 24 12 38723.3 1.959 150.29 1.07 10.54 2.74 617.2
1999 10 25 12 38609.8 3.104 140.57 1.07 7.24 -1.17 576.6
1999 10 26 12 38497.7 0.069 152.33 1.07 9.85 0.41 626.8
1999 10 27 12 38387.0 2.378 145.94 1.07 8.47 -0.29 582.9
1999 10 28 12 38277.7 0.549 106.22 1.07 6.03 -3.28 553.6
1999 10 29 12 38169.9 0.803 121.11 1.07 6.97 -1.86 558.4
1999 10 30 12 38063.6 0.366 93.56 1.07 6.81 -2.55 567.1
1999 10 31 12 37958.7 1.321 98.29 1.07 8.23 -0.32 562.1
1999 11 1 12 37855.5 4.565 111.74 1.07 6.01 -2.87 536.0
1999 11 2 12 37753.8 0.789 145.57 1.07 5.39 -3.98 571.6
1999 11 3 12 37653.8 1.215 124.21 1.07 6.43 -3.20 518.3
1999 11 4 12 37555.3 1.406 130.17 1.07 8.22 0.89 628.6
1999 11 5 12 37458.6 0.033 115.01 1.07 6.82 -2.38 551.7
1999 11 6 12 37363.5 1.921 116.69 1.07 6.01 -1.78 549.1
1999 11 7 12 37270.2 1.519 130.68 1.07 7.12 -1.61 592.7
1999 11 8 12 37178.7 0.516 117.13 1.07 4.59 -3.97 500.3
1999 11 9 12 37088.9 4.322 115.59 1.07 8.54 -0.01 632.4
1999 11 10 12 37000.9 1.204 125.72 1.07 8.15 -0.72 607.0
1999 11 11 12 36914.8 0.596 100.98 1.07 4.76 -3.89 481.0
1999 11 12 12 36830.5 2.047 118.99 1.07 5.40 -2.79 568.2
1999 11 13 12 36748.2 0.557 118.89 1.07 4.91 -4.75 508.2
1999 11 14 12 36667.7 0.058 88.02 1.07 4.10 -4.69 473.9
1999 11 15 12 36589.2 0.147 97.24 1.07 6.07 -2.55 533.0
1999 11 16 12 36512.6 0.363 103.22 1.07 2.31 -5.80 459.5
1999 11 17 12 36438.0 3.160 104.98 1.07 3.77 -5.20 506.4
1999 11 18 12 36365.4 0.386 118.93 1.07 4.91 -3.90 579.9
1999 11 19 12 36294.9 0.968 97.07 1.07 6.29 -1.72 565.0
1999 11 20 12 36226.3 2.561 96.13 1.07 5.82 -4.11 501.5
1999 11 21 12 36159.9 1.369 119.03 1.07 2.57 -5.17 496.0
1999 11 22 12 36095.5 0.881 123.19 1.07 2.25 -7.07 455.1
1999 11 23 12 36033.3 0.853 123.08 1.07 2.63 -5.17 513.1
1999 11 24 12 35973.2 1.835 90.78 1.07 5.23 -2.40 538.8
1999 11 25 12 35915.2 0.667 93.27 1.07 3.52 -5.40 404.7
1999 11 26 12 35859.3 4.354 80.87 1.07 7.02 -0.82 586.4
1999 11 27 12 35805.7 0.097 66.95 1.07 3.53 -5.40 482.9
1999 11 28 12 35754.2 0.431 86.74 1.07 4.95 -4.27 481.7
1999 11 29 12 35704.9 0.364 95.09 1.07 2.12 -6.20 468.0
1999 11 30 12 35657.9 0.779 107.52 1.07 0.87 -7.06 495.6
1999 12 1 12 35613.1 1.228 116.54 1.07 5.55 -3.85 496.9
1999 12 2 12 35570.6 0.564 102.00 1.07 -0.18 -10.21 392.1
1999 12 3 12 35530.3 1.831 124.63 1.07 2.06 -6.41 458.7
1999 12 4 12 35492.2 0.250 89.22 1.07 1.68 -5.64 445.8
1999 12 5 12 35456.5 0.183 122.89 1.07 0.47 -8.18 444.1
1999 12 6 12 35423.1 1.950 89.56 1.07 1.75 -5.84 481.3
1999 12 7 12 35391.9 1.268 109.08 1.07 0.85 -6.90 529.8
1999 12 8 12 35363.1 0.337 104.78 1.07 -0.37 -8.28 455.6
1999 12 9 12 35336.6 1.134 119.01 1.07 -1.13 -9.88 426.8
1999 12 10 12 35312.4 0.419 123.22 1.07 1.33 -7.82 418.6
1999 12 11 12 35290.6 2.348 85.65 1.07 -0.64 -9.15 439.3
1999 12 12 12 35271.1 0.998 66.06 1.07 -0.37 -9.92 418.3
1999 12 13 12 35253.9 0.075 97.34 1.07 -0.95 -8.90 349.4
1999 12 14 12 35239.2 3.437 106.21 1.07 -1.03 -9.97 434.6
1999 12 15 12 35226.7 3.124 100.06 1.07 -0.18 -8.92 418.3
1999 12 16 12 35216.7 1.740 143.78 1.07 -1.93 -10.71 358.9
1999 12 17 12 35209.0 0.371 108.23 1.07 -0.65 -9.89 399.0
1999 12 18 12 35203.6 1.693 108.13 1.07 0.57 -8.48 411.8
1999 12 19 12 35200.7 2.501 80.49 1.07 0.52 -7.80 454.2
1999 12 20 12 35200.1 0.231 91.74 1.07 -1.25 -10.78 372.5
1999 12 21 12 35201.9 1.863 107.14 1.07 -1.70 -11.19 427.6
1999 12 22 12 35206.0 0.472 104.74 1.07 1.09 -8.22 487.2
1999 12 23 12 35212.5 2.109 101.13 1.07 -0.18 -8.75 432.7
1999 12 24 12 35221.4 0.251 119.10 1.07 -0.11 -10.02 416.8
1999 12 25 12 35232.6 2.378 90.15 1.07 0.92 -8.28 485.2
1999 12 26 12 35246.3 1.261 106.79 1.07 0.52 -9.96 391.1
1999 12 27 12 35262.2 0.169 90.84 1.07 0.20 -9.71 400.5
1999 12 28 12 35280.5 0.348 143.44 1.07 -3.86 -12.81 361.9
1999 12 29 12 35301.2 2.606 89.61 1.07 -2.14 -10.50 388.3
1999 12 30 12 35324.2 0.774 132.49 1.07 -3.38 -11.92 369.5
1999 12 31 12 35349.5 0.128 97.88 1.07 0.61 -8.02 429.5
2000 1 1 12 35377.2 1.214 92.12 1.07 -2.01 -11.08 348.9
2000 1 2 12 35407.2 0.795 101.56 1.07 -2.68 -10.35 362.6
2000 1 3 12 35439.5 1.602 85.32 1.07 -1.13 -10.12 433.2
2000 1 4 12 35474.1 3.995 89.02 1.07 -0.71 -10.49 402.0
2000 1 5 12 35511.0 0.674 127.69 1.07 -0.99 -8.49 457.5
2000 1 6 12 35550.1 0.337 110.39 1.07 -1.72 -11.04 352.2
2000 1 7 12 35591.5 0.317 117.84 1.07 0.01 -8.83 437.4
2000 1 8 12 35635.2 4.358 97.42 1.07 -2.33 -10.16 415.1
2000 1 9 12 35681.2 0.074 115.30 1.07 -4.12 -13.26 315.6
2000 1 10 12 35729.3 1.762 107.46 1.07 -2.49 -10.21 381.4
2000 1 11 12 35779.7 1.116 95.21 1.07 -2.58 -11.09 422.2
2000 1 12 12 35832.2 2.423 154.04 1.07 -0.99 -9.19 410.2
2000 1 13 12 35887.0 1.766 86.03 1.07 -0.57 -8.99 441.7
2000 1 14 12 35943.9 1.483 108.75 1.07 -3.12 -11.94 336.5
2000 1 15 12 36003.0 3.579 116.47 1.07 -5.22 -12.58 391.8
2000 1 16 12 36064.1 2.054 113.33 1.07 0.95 -7.06 447.7
2000 1 17 12 36127.5 1.445 102.63 1.07 -1.72 -11.72 361.1
2000 1 18 12 36192.9 2.756 100.30 1.07 -5.11 -14.08 332.9
2000 1 19 12 36260.3 1.323 115.88 1.07 -4.47 -12.45 435.3
2000 1 20 12 36329.9 1.591 100.34 1.07 -1.67 -12.18 342.1
2000 1 21 12 36401.5 0.170 129.44 1.07 -2.78 -12.05 360.9
2000 1 22 12 36475.1 5.898 116.35 1.07 -0.13 -7.89 480.7
2000 1 23 12 36550.6 2.597 110.97 1.07 -2.75 -11.10 382.5
2000 1 24 12 36628.2 2.584 116.17 1.07 -2.07 -11.10 381.4
2000 1 25 12 36707.7 1.940 123.09 1.07 -2.84 -10.88 447.3
2000 1 26 12 36789.1 7.016 135.81 1.07 -2.12 -8.99 460.5
2000 1 27 12 36872.4 3.563 122.86 1.07 -1.80 -11.15 444.5
2000 1 28 12 36957.6 0.045 120.75 1.07 0.15 -9.43 395.2
2000 1 29 12 37044.7 1.978 132.23 1.07 -1.37 -8.59 456.5
2000 1 30 12 37133.6 3.179 98.07 1.07 -1.65 -9.45 415.0
2000 1 31 12 37224.2 7.598 112.20 1.07 -0.62 -9.45 409.9
2000 2 1 12 37316.7 0.808 118.97 1.07 0.27 -8.28 436.4
2000 2 2 12 37410.8 1.067 109.08 1.07 -3.64 -11.57 392.7
2000 2 3 12 37506.7 2.219 134.07 1.07 -2.59 -10.51 393.5
2000 2 4 12 37604.3 1.679 124.55 1.07 -1.23 -9.10 395.2
2000 2 5 12 37703.6 0.701 108.17 1.07 -1.48 -10.73 362.9
2000 2 6 12 37804.5 0.401 107.50 1.07 -2.34 -11.15 344.8
2000 2 7 12 37906.9 3.562 127.03 1.07 -4.28 -11.33 375.9
2000 2 8 12 38011.0 0.932 138.06 1.07 -1.71 -9.78 425.6
2000 2 9 12 38116.5 3.451 130.58 1.07 -0.64 -7.91 477.4
2000 2 10 12 38223.6 1.410 169.31 1.07 1.03 -7.41 468.6
2000 2 11 12 38332.2 1.120 128.50 1.07 -1.01 -10.02 409.1
2000 2 12 12 38442.2 3.683 123.72 1.07 -0.96 -10.32 430.5
2000 2 13 12 38553.6 0.440 153.23 1.07 -2.06 -10.99 340.4
2000 2 14 12 38666.4 0.906 139.61 1.07 -0.79 -8.41 449.7
2000 2 15 12 38780.5 2.328 155.94 1.07 -1.45 -9.97 416.0
2000 2 16 12 38896.0 2.339 158.44 1.07 0.24 -9.52 376.3
2000 2 17 12 39012.7 3.761 132.91 1.07 0.17 -9.21 361.6
2000 2 18 12 39130.6 3.100 130.50 1.07 1.71 -5.02 499.7
2000 2 19 12 39249.8 3.476 151.49 1.07 0.12 -9.15 438.8
2000 2 20 12 39370.1 2.395 129.58 1.07 0.61 -7.78 405.7
2000 2 21 12 39491.6 0.955 135.89 1.07 -2.14 -10.03 381.5
2000 2 22 12 39614.2 2.449 115.16 1.07 0.53 -8.31 433.5
2000 2 23 12 39737.8 2.366 143.18 1.07 1.25 -9.25 447.4
2000 2 24 12 39862.5 1.299 168.82 1.07 0.43 -9.15 431.3
2000 2 25 12 39988.1 5.775 148.40 1.07 0.32 -9.04 432.9
2000 2 26 12 40114.7 2.968 124.41 1.07 0.24 -9.50 403.0
2000 2 27 12 40242.2 0.199 181.47 1.07 3.11 -4.35 559.3
2000 2 28 12 40370.6 8.188 142.02 1.07 -1.68 -9.64 420.5
2000 2 29 12 40499.8 13.904 153.74 1.07 2.78 -4.82 488.1
2000 3 1 12 40629.8 0.405 159.35 1.07 1.64 -7.68 434.5
2000 3 2 12 40760.6 1.072 168.64 1.07 0.44 -8.35 429.8
2000 3 3 12 40892.1 0.559 164.04 1.07 2.12 -5.66 479.2
2000 3 4 12 41024.3 4.282 156.17 1.07 2.08 -7.94 390.9
2000 3 5 12 41157.2 0.062 159.40 1.07 0.12 -7.00 444.5
2000 3 6 12 41290.6 1.647 150.45 1.07 3.34 -4.33 528.0
2000 3 7 12 41424.6 0.833 146.67 1.07 2.22 -6.05 456.1
2000 3 8 12 41559.2 4.351 159.03 1.07 0.89 -8.21 439.8
2000 3 9 12 41694.2 0.305 188.20 1.07 4.53 -5.13 464.6
2000 3 10 12 41829.7 5.150 150.36 1.07 3.29 -4.77 440.9
2000 3 11 12 41965.5 0.034 147.83 1.07 3.13 -4.26 506.2
2000 3 12 12 42101.8 0.648 171.71 1.07 4.26 -4.04 525.6
2000 3 13 12 42238.3 0.254 185.74 1.07 2.91 -5.17 481.2
2000 3 14 12 42375.2 4.105 161.65 1.07 4.33 -3.73 495.7
2000 3 15 12 42512.3 1.378 158.52 1.07 4.41 -4.05 538.4
2000 3 16 12 42649.6 3.718 180.00 1.07 2.56 -5.64 486.4
2000 3 17 12 42787.0 0.770 178.40 1.07 3.31 -4.06 538.2
2000 3 18 12 42924.6 0.784 200.03 1.07 3.03 -5.11 554.9
2000 3 19 12 43062.3 0.954 196.70 1.07 6.00 -2.49 564.2
2000 3 20 12 43200.0 5.341 161.04 1.07 1.86 -7.37 466.8
2000 3 21 12 43337.7 1.750 165.89 1.07 4.79 -3.15 515.7
2000 3 22 12 43475.4 5.492 140.89 1.07 6.50 -2.03 558.7
2000 3 23 12 43613.0 5.451 187.04 1.07 2.80 -5.71 448.7
2000 3 24 12 43750.4 10.114 174.01 1.07 4.91 -3.24 505.4
2000 3 25 12 43887.7 0.462 216.63 1.07 6.81 -1.76 573.5
2000 3 26 12 44024.8 6.698 180.73 1.07 4.65 -3.64 518.2
2000 3 27 12 44161.7 4.647 184.64 1.07 5.60 -2.85 525.5
2000 3 28 12 44298.2 1.509 180.45 1.07 5.24 -3.64 530.9
2000 3 29 12 44434.5 3.427 193.68 1.07 4.34 -3.55 512.4
2000 3 30 12 44570.3 1.109 213.95 1.07 5.39 -5.28 486.7
2000 3 31 12 44705.8 0.455 163.45 1.07 5.18 -2.95 549.8
2000 4 1 12 44840.8 8.714 213.18 1.07 4.03 -5.38 478.3
2000 4 2 12 44975.4 0.401 168.32 1.07 8.71 1.03 592.3
2000 4 3 12 45109.4 0.624 194.66 1.07 7.41 -2.66 584.3
2000 4 4 12 45242.8 2.657 184.16 1.07 6.36 -2.66 604.9
2000 4 5 12 45375.7 4.384 186.27 1.07 6.42 -1.85 562.9
2000 4 6 12 45507.9 6.051 182.26 1.07 6.70 -2.01 554.8
2000 4 7 12 45639.4 0.030 210.26 1.07 6.41 -2.76 545.9
2000 4 8 12 45770.2 1.984 198.96 1.07 7.16 -0.56 567.9
2000 4 9 12 45900.2 1.929 215.00 1.07 6.58 -3.07 573.4
2000 4 10 12 46029.4 3.999 218.16 1.07 9.20 0.68 642.0
2000 4 11 12 46157.8 0.099 205.41 1.07 5.56 -3.54 515.2
2000 4 12 12 46285.3 6.083 220.66 1.07 8.86 0.87 607.6
2000 4 13 12 46411.9 0.570 213.20 1.07 7.44 -1.62 579.0
2000 4 14 12 46537.5 2.933 206.16 1.07 10.33 1.74 670.1
2000 4 15 12 46662.2 4.175 228.34 1.07 8.92 0.07 614.7
2000 4 16 12 46785.8 0.562 237.97 1.07 9.91 1.26 642.3
2000 4 17 12 46908.4 3.650 235.93 1.07 8.65 0.17 616.2
2000 4 18 12 47029.9 4.825 192.76 1.07 11.74 3.18 669.8
2000 4 19 12 47150.2 0.900 220.44 1.07 8.13 -0.51 601.3
2000 4 20 12 47269.4 1.381 240.24 1.07 9.21 0.05 625.0
2000 4 21 12 47387.3 1.064 203.46 1.07 8.94 0.53 620.5
2000 4 22 12 47504.0 3.933 221.61 1.07 10.52 0.98 613.6
2000 4 23 12 47619.5 3.956 212.93 1.07 10.96 2.66 724.3
2000 4 24 12 47733.6 8.152 229.36 1.07 9.14 0.52 563.3
2000 4 25 12 47846.4 3.990 270.28 1.07 9.65 -0.74 612.1
2000 4 26 12 47957.8 5.259 227.44 1.07 9.78 1.33 612.4
2000 4 27 12 48067.8 3.254 226.16 1.07 9.45 2.21 595.1
2000 4 28 12 48176.4 0.228 263.13 1.07 10.82 2.14 581.9
2000 4 29 12 48283.5 7.550 233.80 1.07 14.66 6.21 718.7
2000 4 30 12 48389.0 1.221 222.47 1.07 12.47 3.30 727.6
2000 5 1 12 48493.1 5.949 208.16 1.07 11.47 4.76 750.5
2000 5 2 12 48595.5 1.358 250.23 1.07 12.26 5.46 692.6
2000 5 3 12 48696.4 4.051 217.13 1.07 10.53 3.31 648.6
2000 5 4 12 48795.7 10.404 232.97 1.07 10.82 3.90 666.4
2000 5 5 12 48893.3 5.324 243.37 1.07 11.98 2.67 660.1
2000 5 6 12 48989.2 3.793 247.40 1.07 11.56 1.94 697.1
2000 5 7 12 49083.3 1.444 214.17 1.07 14.94 8.61 801.3
2000 5 8 12 49175.8 1.173 223.54 1.07 16.69 7.96 779.3
2000 5 9 12 49266.4 0.145 243.94 1.07 15.34 6.08 729.8
2000 5 10 12 49355.3 0.159 217.75 1.07 13.06 4.83 639.6
2000 5 11 12 49442.4 3.807 252.62 1.07 14.45 4.96 641.6
2000 5 12 12 49527.6 4.165 223.26 1.07 15.40 7.01 717.4
2000 5 13 12 49610.9 5.664 239.66 1.07 15.41 6.15 686.9
2000 5 14 12 49692.3 4.618 237.25 1.07 17.24 9.37 737.8
2000 5 15 12 49771.8 0.492 257.54 1.07 13.40 4.10 711.2
2000 5 16 12 49849.4 3.575 238.58 1.07 15.60 6.06 714.4
2000 5 17 12 49924.9 15.608 257.83 1.07 15.48 6.13 697.3
2000 5 18 12 49998.5 8.228 265.17 1.07 15.24 6.90 699.7
2000 5 19 12 50070.1 4.452 248.02 1.07 13.59 4.49 712.1
2000 5 20 12 50139.7 4.110 252.98 1.07 13.92 6.02 718.8
2000 5 21 12 50207.1 2.006 239.55 1.07 18.22 9.59 747.5
2000 5 22 12 50272.5 1.321 234.04 1.07 17.74 9.63 779.1
2000 5 23 12 50335.9 6.297 231.98 1.07 14.92 5.56 767.6
2000 5 24 12 50397.0 1.820 253.42 1.07 14.09 5.36 738.1
2000 5 25 12 50456.1 4.555 243.88 1.07 17.01 8.39 769.6
2000 5 26 12 50513.0 1.142 259.40 1.07 17.02 7.77 766.7
2000 5 27 12 50567.8 7.980 249.20 1.07 14.88 5.88 704.3
2000 5 28 12 50620.3 3.861 246.60 1.07 20.55 12.27 837.3
2000 5 29 12 50670.7 3.353 251.72 1.07 19.49 9.53 756.5
2000 5 30 12 50718.8 1.958 223.19 1.07 16.16 7.21 723.6
2000 5 31 12 50764.8 3.578 269.35 1.07 19.91 11.21 838.9
2000 6 1 12 50808.5 5.417 250.62 1.07 18.44 8.80 818.9
2000 6 2 12 50849.9 4.019 250.53 1.07 19.33 9.08 792.1
2000 6 3 12 50889.0 2.794 280.70 1.07 17.13 8.47 798.6
2000 6 4 12 50925.9 0.343 252.41 1.07 19.47 10.07 739.7
2000 6 5 12 50960.5 4.116 266.35 1.07 22.02 12.04 855.3
2000 6 6 12 50992.8 1.606 228.33 1.07 20.60 11.32 836.6
2000 6 7 12 51022.8 3.584 248.63 1.07 20.07 11.67 810.2
2000 6 8 12 51050.5 0.209 275.71 1.07 16.32 8.03 758.7
2000 6 9 12 51075.8 0.193 271.76 1.07 20.51 11.72 874.4
2000 6 10 12 51098.8 12.044 269.03 1.07 20.05 12.36 859.9
2000 6 11 12 51119.5 3.439 246.99 1.07 18.27 10.20 794.3
2000 6 12 12 51137.8 9.197 262.78 1.07 19.13 9.55 846.2
2000 6 13 12 51153.7 0.012 253.64 1.07 19.61 10.53 811.3
2000 6 14 12 51167.4 3.230 264.82 1.07 20.66 10.35 852.6
2000 6 15 12 51178.6 6.496 273.01 1.07 17.81 10.29 794.1
2000 6 16 12 51187.5 2.902 262.78 1.07 20.17 11.18 824.7
2000 6 17 12 51194.0 2.843 275.66 1.07 22.52 15.66 957.7
2000 6 18 12 51198.1 2.557 276.62 1.07 21.11 12.14 813.4
2000 6 19 12 51199.9 0.196 242.20 1.07 18.80 10.03 871.7
2000 6 20 12 51199.3 8.044 230.92 1.07 20.92 12.77 832.9
2000 6 21 12 51196.4 4.917 275.39 1.07 21.33 14.15 903.2
2000 6 22 12 51191.0 0.682 261.11 1.07 17.60 10.55 827.1
2000 6 23 12 51183.3 1.429 280.99 1.07 21.25 12.65 819.4
2000 6 24 12 51173.3 0.865 264.92 1.07 20.91 12.24 798.9
2000 6 25 12 51160.8 8.707 283.50 1.07 18.62 9.53 752.3
2000 6 26 12 51146.1 15.219 270.94 1.07 23.92 16.81 930.2
2000 6 27 12 51128.9 0.439 265.18 1.07 21.60 13.53 891.2
2000 6 28 12 51109.4 1.298 253.10 1.07 20.90 11.80 827.5
2000 6 29 12 51087.6 1.497 251.01 1.07 19.99 12.14 826.5
2000 6 30 12 51063.4 1.801 231.92 1.07 21.51 13.45 849.7
2000 7 1 12 51036.9 3.107 267.79 1.07 22.04 12.89 851.5
2000 7 2 12 51008.1 5.255 245.64 1.07 23.47 14.45 878.6
2000 7 3 12 50976.9 0.301 253.65 1.07 21.36 11.82 822.6
2000 7 4 12 50943.5 0.034 256.81 1.07 19.56 11.88 806.9
2000 7 5 12 50907.8 6.926 248.75 1.07 21.52 12.48 824.9
2000 7 6 12 50869.7 1.921 259.38 1.07 21.56 11.98 864.6
2000 7 7 12 50829.4 5.400 219.54 1.07 24.20 16.77 914.7
2000 7 8 12 50786.9 4.816 256.20 1.07 22.21 13.86 901.7
2000 7 9 12 50742.1 0.319 265.31 1.07 22.39 12.06 844.6
2000 7 10 12 50695.1 0.547 228.22 1.07 21.02 12.99 917.1
2000 7 11 12 50645.8 0.537 243.82 1.07 22.41 12.24 849.5
2000 7 12 12 50594.3 3.779 274.91 1.07 20.65 11.38 845.1
2000 7 13 12 50540.7 0.402 251.90 1.07 22.18 13.93 846.8
2000 7 14 12 50484.8 0.628 241.95 1.07 23.14 14.87 856.0
2000 7 15 12 50426.8 1.187 263.73 1.07 21.95 12.72 911.5
2000 7 16 12 50366.7 0.502 234.37 1.07 23.64 13.96 906.7
2000 7 17 12 50304.5 2.304 235.10 1.07 24.08 16.91 899.4
2000 7 18 12 50240.1 1.746 235.86 1.07 23.70 16.29 945.2
2000 7 19 12 50173.7 0.712 270.79 1.07 22.09 13.25 887.2
2000 7 20 12 50105.1 1.910 233.18 1.07 20.60 11.94 887.2
2000 7 21 12 50034.6 7.965 247.14 1.07 20.50 11.30 800.3
2000 7 22 12 49962.0 0.332 265.15 1.07 22.80 13.95 874.4
2000 7 23 12 49887.4 3.045 231.29 1.07 22.38 13.76 860.0
2000 7 24 12 49810.8 0.619 219.00 1.07 21.87 13.86 883.8
2000 7 25 12 49732.3 0.961 277.78 1.07 21.15 11.18 811.7
2000 7 26 12 49651.8 3.349 246.50 1.07 21.94 13.64 894.3
2000 7 27 12 49569.5 0.361 233.73 1.07 19.83 12.44 807.1
2000 7 28 12 49485.2 2.455 240.35 1.07 20.90 11.99 845.0
2000 7 29 12 49399.1 10.269 253.44 1.07 21.53 12.10 800.1
2000 7 30 12 49311.1 1.732 217.11 1.07 22.85 15.10 937.0
2000 7 31 12 49221.3 5.326 232.90 1.07 23.22 13.71 866.2
2000 8 1 12 49129.8 2.079 251.58 1.07 18.80 9.11 777.3
2000 8 2 12 49036.5 2.396 260.96 1.07 19.28 9.18 808.4
2000 8 3 12 48941.4 5.198 259.86 1.07 22.69 14.46 895.3
2000 8 4 12 48844.7 3.638 238.10 1.07 21.72 12.07 841.5
2000 8 5 12 48746.2 2.512 258.63 1.07 22.45 12.45 831.1
2000 8 6 12 48646.2 0.878 208.26 1.07 20.51 11.99 833.6
2000 8 7 12 48544.5 0.726 235.67 1.07 20.53 11.03 791.5
2000 8 8 12 48441.3 1.436 192.00 1.07 20.21 12.05 810.9
2000 8 9 12 48336.4 0.894 253.24 1.07 17.23 9.00 790.3
2000 8 10 12 48230.1 1.195 237.04 1.07 19.49 10.91 778.1
2000 8 11 12 48122.3 3.944 256.36 1.07 19.49 10.23 798.1
2000 8 12 12 48013.0 1.295 218.83 1.07 19.62 11.63 839.6
2000 8 13 12 47902.3 0.443 206.34 1.07 19.47 9.69 804.1
2000 8 14 12 47790.2 6.693 238.04 1.07 19.46 11.74 765.8
2000 8 15 12 47676.7 1.163 222.26 1.07 20.40 11.57 811.4
2000 8 16 12 47561.9 1.706 240.30 1.07 21.48 12.77 880.0
2000 8 17 12 47445.8 2.416 234.37 1.07 16.25 7.91 775.5
2000 8 18 12 47328.5 2.308 216.62 1.07 19.05 11.45 830.3
2000 8 19 12 47209.9 0.442 219.62 1.07 19.00 10.61 796.4
2000 8 20 12 47090.2 1.557 215.32 1.07 17.95 8.95 773.2
2000 8 21 12 46969.3 0.917 218.10 1.07 21.80 13.64 884.2
2000 8 22 12 46847.3 0.826 208.76 1.07 18.36 10.64 801.6
2000 8 23 12 46724.2 1.505 224.42 1.07 20.53 12.72 869.6
2000 8 24 12 46600.0 2.749 187.87 1.07 18.61 10.15 831.4
2000 8 25 12 46474.8 0.859 183.62 1.07 21.58 13.14 852.5
2000 8 26 12 46348.7 5.185 204.70 1.07 18.28 9.97 816.3
2000 8 27 12 46221.7 1.253 200.71 1.07 18.05 10.10 786.4
2000 8 28 12 46093.7 0.499 200.99 1.07 19.02 10.29 795.0
2000 8 29 12 45964.9 0.269 226.23 1.07 21.41 12.93 876.3
2000 8 30 12 45835.3 5.925 208.26 1.07 19.76 11.26 883.4
2000 8 31 12 45704.9 0.510 216.65 1.07 17.89 8.15 756.6
2000 9 1 12 45573.7 5.016 211.50 1.07 19.01 9.90 869.5
2000 9 2 12 45441.8 3.913 225.03 1.07 17.74 9.93 782.3
2000 9 3 12 45309.3 0.386 191.44 1.07 20.69 13.65 904.7
2000 9 4 12 45176.2 1.480 208.35 1.07 19.48 10.93 849.8
2000 9 5 12 45042.4 0.616 195.14 1.07 18.11 9.40 825.6
2000 9 6 12 44908.2 2.523 180.39 1.07 18.30 9.25 774.0
2000 9 7 12 44773.4 2.702 177.42 1.07 16.90 6.36 742.8
2000 9 8 12 44638.1 1.125 191.03 1.07 17.70 10.34 812.3
2000 9 9 12 44502.5 1.851 208.82 1.07 18.41 9.17 779.0
2000 9 10 12 44366.4 0.284 182.87 1.07 18.71 8.77 773.4
2000 9 11 12 44230.0 0.400 182.67 1.07 16.57 8.21 722.9
2000 9 12 12 44093.3 2.458 178.48 1.07 13.83 5.22 702.3
2000 9 13 12 43956.3 1.866 169.51 1.07 17.92 11.03 808.3
2000 9 14 12 43819.1 0.343 178.87 1.07 15.77 7.56 744.4
2000 9 15 12 43681.7 0.726 201.75 1.07 17.80 10.47 773.0
2000 9 16 12 43544.2 0.056 187.36 1.07 14.08 6.05 712.0
2000 9 17 12 43406.5 1.273 173.47 1.07 16.68 7.60 760.5
2000 9 18 12 43268.9 0.022 174.96 1.07 15.70 9.12 755.5
2000 9 19 12 43131.1 1.760 184.29 1.07 15.16 7.87 767.0
2000 9 20 12 42993.5 0.966 168.84 1.07 17.83 9.69 797.3
2000 9 21 12 42855.8 1.173 189.85 1.07 14.38 6.67 723.2
2000 9 22 12 42718.3 0.059 193.75 1.07 17.32 9.01 797.6
2000 9 23 12 42580.9 3.947 156.46 1.07 18.36 9.95 828.1
2000 9 24 12 42443.7 0.635 167.86 1.07 13.02 4.82 683.0
2000 9 25 12 42306.7 1.672 177.05 1.07 13.35 6.45 708.0
2000 9 26 12 42170.0 2.243 189.21 1.07 14.29 6.68 752.3
2000 9 27 12 42033.6 0.930 129.20 1.07 14.00 5.40 690.1
2000 9 28 12 41897.5 1.222 157.39 1.07 15.80 7.39 711.7
2000 9 29 12 41761.9 1.553 127.40 1.07 15.61 5.76 736.2
2000 9 30 12 41626.6 2.470 175.62 1.07 13.02 4.54 674.9
2000 10 1 12 41491.8 0.196 162.93 1.07 12.38 4.29 701.2
2000 10 2 12 41357.6 2.696 176.96 1.07 12.87 4.60 652.3
2000 10 3 12 41223.8 3.866 156.66 1.07 13.49 5.06 708.4
2000 10 4 12 41090.7 0.829 155.47 1.07 11.24 2.12 642.5
2000 10 5 12 40958.2 0.977 162.94 1.07 10.87 3.00 684.4
2000 10 6 12 40826.3 3.050 157.46 1.07 11.43 3.65 621.0
2000 10 7 12 40695.1 5.691 147.04 1.07 11.67 3.15 624.0
2000 10 8 12 40564.7 0.244 166.75 1.07 11.60 3.07 698.1
2000 10 9 12 40435.1 1.120 168.96 1.07 8.94 0.33 603.6
2000 10 10 12 40306.3 0.098 155.88 1.07 11.11 2.76 620.7
2000 10 11 12 40178.3 0.227 170.51 1.07 9.58 1.41 640.3
2000 10 12 12 40051.3 1.857 170.62 1.07 11.44 1.52 615.1
2000 10 13 12 39925.2 0.984 138.29 1.07 9.24 0.26 583.9
2000 10 14 12 39800.0 1.700 146.20 1.07 11.41 1.80 685.5
2000 10 15 12 39675.8 1.252 150.32 1.07 10.46 1.43 614.7
2000 10 16 12 39552.7 0.924 119.49 1.07 12.65 5.03 640.7
2000 10 17 12 39430.7 2.510 143.79 1.07 10.74 1.34 616.5
2000 10 18 12 39309.8 3.035 139.05 1.07 9.81 -0.07 574.5
2000 10 19 12 39190.1 0.793 128.67 1.07 9.81 0.15 531.6
2000 10 20 12 39071.5 0.246 142.32 1.07 9.76 1.38 647.2
2000 10 21 12 38954.2 1.390 123.28 1.07 8.59 0.56 648.6
2000 10 22 12 38838.1 0.196 112.96 1.07 8.89 0.31 616.4
2000 10 23 12 38723.3 0.057 99.28 1.07 8.30 -1.97 555.0
2000 10 24 12 38609.8 0.303 108.15 1.07 8.32 -0.85 569.0
2000 10 25 12 38497.7 0.278 114.63 1.07 7.97 0.68 607.2
2000 10 26 12 38387.0 1.739 132.11 1.07 7.89 -0.63 612.7
2000 10 27 12 38277.7 3.604 135.48 1.07 8.18 -2.09 494.8
2000 10 28 12 38169.9 2.917 120.43 1.07 8.87 -0.39 590.8
2000 10 29 12 38063.6 0.537 137.50 1.07 9.21 -1.06 609.8
2000 10 30 12 37958.7 0.999 132.08 1.07 6.69 -2.30 513.4
2000 10 31 12 37855.5 0.661 112.79 1.07 5.31 -3.20 563.0
2000 11 1 12 37753.8 2.420 110.86 1.07 8.40 -0.33 641.1
2000 11 2 12 37653.8 1.305 142.69 1.07 10.27 1.35 609.1
2000 11 3 12 37555.3 1.888 115.43 1.07 7.62 0.69 572.5
2000 11 4 12 37458.6 0.291 148.40 1.07 6.13 -2.30 534.9
2000 11 5 12 37363.5 6.003 102.30 1.07 6.76 -2.12 567.6
2000 11 6 12 37270.2 0.092 116.57 1.07 6.47 -1.51 643.8
2000 11 7 12 37178.7 0.198 96.61 1.07 5.98 -1.99 536.4
2000 11 8 12 37088.9 1.895 88.64 1.07 4.50 -3.78 502.2
2000 11 9 12 37000.9 0.089 107.33 1.07 7.13 0.73 610.8
2000 11 10 12 36914.8 3.583 127.49 1.07 4.27 -4.93 504.9
2000 11 11 12 36830.5 2.820 106.21 1.07 6.71 -0.88 581.7
2000 11 12 12 36748.2 1.671 123.74 1.07 5.89 -1.78 514.2
2000 11 13 12 36667.7 0.349 100.95 1.07 7.02 -2.75 508.1
2000 11 14 12 36589.2 1.915 133.65 1.07 5.78 -2.38 576.6
2000 11 15 12 36512.6 0.748 100.21 1.07 1.04 -8.33 471.7
2000 11 16 12 36438.0 0.264 133.94 1.07 2.22 -6.31 433.7
2000 11 17 12 36365.4 0.772 111.89 1.07 4.25 -3.35 569.3
2000 11 18 12 36294.9 0.746 94.87 1.07 6.49 -2.00 490.2
2000 11 19 12 36226.3 0.852 96.82 1.07 3.20 -7.15 464.8
2000 11 20 12 36159.9 1.622 114.82 1.07 1.56 -6.41 461.7
2000 11 21 12 36095.5 0.520 91.33 1.07 4.64 -5.22 506.1
2000 11 22 12 36033.3 0.646 111.92 1.07 5.73 -3.25 494.0
2000 11 23 12 35973.2 0.859 96.26 1.07 1.91 -5.70 510.0
2000 11 24 12 35915.2 2.735 90.24 1.07 2.14 -7.39 442.4
2000 11 25 12 35859.3 4.319 93.24 1.07 5.22 -2.98 516.9
2000 11 26 12 35805.7 0.272 81.91 1.07 0.69 -8.49 416.1
2000 11 27 12 35754.2 0.708 106.73 1.07 0.84 -9.56 430.4
2000 11 28 12 35704.9 1.303 107.30 1.07 0.66 -8.52 427.2
2000 11 29 12 35657.9 0.105 92.35 1.07 2.38 -6.75 474.3
2000 11 30 12 35613.1 0.758 91.40 1.07 1.55 -8.08 458.6
2000 12 1 12 35570.6 1.941 80.33 1.07 0.92 -7.66 424.6
2000 12 2 12 35530.3 1.192 92.75 1.07 2.99 -5.55 469.5
2000 12 3 12 35492.2 0.237 108.69 1.07 2.76 -6.19 553.4
2000 12 4 12 35456.5 2.153 91.03 1.07 3.55 -5.37 451.9
2000 12 5 12 35423.1 1.922 104.85 1.07 1.32 -6.73 400.9
2000 12 6 12 35391.9 0.510 109.62 1.07 2.26 -7.45 426.9
2000 12 7 12 35363.1 3.624 82.66 1.07 -0.76 -8.38 422.3
2000 12 8 12 35336.6 1.261 133.17 1.07 1.91 -7.20 477.5
2000 12 9 12 35312.4 0.204 113.77 1.07 1.85 -7.04 438.7
2000 12 10 12 35290.6 1.285 94.48 1.07 -0.62 -9.97 423.1
2000 12 11 12 35271.1 1.797 73.30 1.07 1.34 -8.21 420.8
2000 12 12 12 35253.9 0.162 84.09 1.07 0.68 -7.10 472.7
2000 12 13 12 35239.2 1.610 128.63 1.07 0.89 -8.38 464.9
2000 12 14 12 35226.7 0.620 106.02 1.07 1.50 -6.68 446.9
2000 12 15 12 35216.7 3.559 90.95 1.07 0.23 -8.04 463.9
2000 12 16 12 35209.0 1.549 92.37 1.07 1.59 -7.21 420.4
2000 12 17 12 35203.6 1.287 120.11 1.07 -1.93 -9.63 408.8
2000 12 18 12 35200.7 1.031 105.49 1.07 -1.66 -10.18 401.6
2000 12 19 12 35200.1 3.272 93.12 1.07 -0.71 -11.07 382.0
2000 12 20 12 35201.9 2.016 74.43 1.07 -1.72 -10.84 390.0
2000 12 21 12 35206.0 1.912 96.26 1.07 -0.27 -6.64 472.7
2000 12 22 12 35212.5 3.561 108.16 1.07 -1.26 -9.82 312.3
2000 12 23 12 35221.4 4.101 106.82 1.07 -1.29 -9.96 405.5
2000 12 24 12 35232.6 0.229 84.19 1.07 -1.42 -9.20 365.4
2000 12 25 12 35246.3 9.854 99.37 1.07 -0.66 -8.09 419.7
2000 12 26 12 35262.2 0.050 108.24 1.07 -1.10 -10.46 414.2
2000 12 27 12 35280.5 1.523 121.46 1.07 -0.62 -9.21 430.3
2000 12 28 12 35301.2 0.260 94.78 1.07 -1.83 -10.43 434.6
2000 12 29 12 35324.2 2.589 127.40 1.07 -4.08 -13.86 333.8
2000 12 30 12 35349.5 2.955 108.34 1.07 -0.27 -9.04 394.8
2000 12 31 12 35377.2 0.268 92.36 1.07 -2.62 -11.04 339.1
2001 1 1 12 35377.2 3.575 85.90 1.07 -1.03 -9.79 439.0
2001 1 2 12 35407.2 2.740 68.62 1.07 -1.51 -8.48 397.0
2001 1 3 12 35439.5 0.099 86.67 1.07 1.75 -6.22 439.4
2001 1 4 12 35474.1 4.381 124.64 1.07 -5.64 -13.96 321.4
2001 1 5 12 35511.0 1.048 95.75 1.07 -2.65 -11.23 410.1
2001 1 6 12 35550.1 0.566 78.41 1.07 -1.15 -9.14 418.1
2001 1 7 12 35591.5 5.013 90.64 1.07 -4.16 -12.95 330.3
2001 1 8 12 35635.2 2.910 104.34 1.07 -1.86 -11.73 341.8
2001 1 9 12 35681.2 1.109 98.99 1.07 -4.35 -13.95 331.3
2001 1 10 12 35729.3 1.674 110.30 1.07 -1.88 -10.28 339.5
2001 1 11 12 35779.7 5.568 100.13 1.07 -1.84 -9.40 368.0
2001 1 12 12 35832.2 1.106 96.73 1.07 -0.86 -9.81 378.5
2001 1 13 12 35887.0 0.299 105.22 1.07 -1.54 -9.40 387.5
2001 1 14 12 35943.9 1.868 89.74 1.07 -3.42 -11.65 348.0
2001 1 15 12 36003.0 0.922 109.95 1.07 -1.90 -9.54 436.7
2001 1 16 12 36064.1 2.551 93.02 1.07 -1.52 -11.02 417.4
2001 1 17 12 36127.5 2.449 105.77 1.07 -3.37 -12.90 313.0
2001 1 18 12 36192.9 1.639 113.96 1.07 -0.55 -7.70 436.6
2001 1 19 12 36260.3 0.604 104.38 1.07 -1.16 -11.17 352.2
2001 1 20 12 36329.9 1.441 110.18 1.07 -4.45 -12.74 326.2
2001 1 21 12 36401.5 2.283 121.62 1.07 -1.97 -9.28 429.1
2001 1 22 12 36475.1 0.770 101.16 1.07 -3.54 -11.79 396.8
2001 1 23 12 36550.6 1.246 137.98 1.07 -4.95 -12.39 388.2
2001 1 24 12 36628.2 3.837 94.58 1.07 -2.82 -10.33 393.5
2001 1 25 12 36707.7 0.925 132.76 1.07 -2.51 -10.43 335.4
2001 1 26 12 36789.1 1.089 121.58 1.07 1.27 -7.03 417.5
2001 1 27 12 36872.4 0.732 122.99 1.07 -2.71 -12.22 302.8
2001 1 28 12 36957.6 1.179 131.99 1.07 -1.80 -11.57 398.0
2001 1 29 12 37044.7 0.313 118.01 1.07 -1.37 -10.15 376.9
2001 1 30 12 37133.6 1.905 121.64 1.07 -2.34 -12.44 354.0
2001 1 31 12 37224.2 1.201 120.84 1.07 -1.34 -9.46 455.1
2001 2 1 12 37316.7 2.751 133.47 1.07 -2.78 -9.43 378.0
2001 2 2 12 37410.8 1.909 137.10 1.07 -3.31 -11.88 352.1
2001 2 3 12 37506.7 1.332 122.62 1.07 -2.49 -10.79 385.3
2001 2 4 12 37604.3 4.405 118.32 1.07 -3.48 -13.06 294.1
2001 2 5 12 37703.6 7.407 108.99 1.07 -0.60 -9.31 437.0
2001 2 6 12 37804.5 1.260 128.61 1.07 -1.56 -10.10 432.9
2001 2 7 12 37906.9 3.887 119.45 1.07 -2.12 -10.92 400.9
2001 2 8 12 38011.0 1.594 101.05 1.07 -0.45 -8.72 445.3
2001 2 9 12 38116.5 0.769 126.83 1.07 -2.15 -11.29 376.2
2001 2 10 12 38223.6 2.962 130.61 1.07 -5.67 -14.17 326.4
2001 2 11 12 38332.2 2.802 142.89 1.07 -1.91 -10.12 432.8
2001 2 12 12 38442.2 3.467 131.62 1.07 0.12 -7.36 484.6
2001 2 13 12 38553.6 2.246 117.60 1.07 0.56 -7.96 452.2
2001 2 14 12 38666.4 1.894 149.49 1.07 -2.69 -11.78 338.0
2001 2 15 12 38780.5 1.847 104.11 1.07 -1.64 -10.36 314.0
2001 2 16 12 38896.0 4.531 113.35 1.07 0.43 -7.80 483.6
2001 2 17 12 39012.7 3.090 133.58 1.07 -2.81 -12.15 406.8
2001 2 18 12 39130.6 2.814 133.94 1.07 -0.93 -10.12 379.2
2001 2 19 12 39249.8 2.423 136.06 1.07 0.10 -8.40 465.8
2001 2 20 12 39370.1 1.170 128.34 1.07 1.84 -8.40 366.7
2001 2 21 12 39491.6 2.341 156.20 1.07 -0.84 -9.55 429.8
2001 2 22 12 39614.2 5.056 140.13 1.07 -2.15 -11.11 389.4
2001 2 23 12 39737.8 1.223 123.71 1.07 -1.10 -9.23 395.5
2001 2 24 12 39862.5 0.976 151.06 1.07 3.79 -5.53 548.1
2001 2 25 12 39988.1 0.394 134.92 1.07 0.79 -8.17 428.5
2001 2 26 12 40114.7 4.506 133.64 1.07 2.27 -6.37 500.5
2001 2 27 12 40242.2 11.194 147.83 1.07 0.55 -8.62 483.4
2001 2 28 12 40370.6 10.282 174.52 1.07 -0.49 -9.90 398.3
2001 3 1 12 40499.8 0.172 119.12 1.07 -0.77 -9.91 428.1
2001 3 2 12 40629.8 1.124 128.23 1.07 0.27 -10.04 397.7
2001 3 3 12 40760.6 2.802 140.45 1.07 2.19 -7.22 465.2
2001 3 4 12 40892.1 5.942 180.31 1.07 -0.71 -8.85 393.8
2001 3 5 12 41024.3 0.178 139.86 1.07 2.48 -7.37 456.5
2001 3 6 12 41157.2 0.535 173.39 1.07 -0.20 -9.68 411.4
2001 3 7 12 41290.6 1.705 172.13 1.07 1.23 -7.61 451.1
2001 3 8 12 41424.6 0.998 177.24 1.07 1.75 -6.31 508.6
2001 3 9 12 41559.2 1.056 148.10 1.07 2.90 -6.74 473.5
2001 3 10 12 41694.2 2.204 164.51 1.07 1.71 -7.44 420.2
2001 3 11 12 41829.7 3.708 175.00 1.07 3.09 -4.44 527.2
2001 3 12 12 41965.5 0.917 171.75 1.07 1.99 -6.50 452.3
2001 3 13 12 42101.8 2.758 209.80 1.07 3.21 -4.87 507.9
2001 3 14 12 42238.3 2.797 197.31 1.07 2.76 -6.72 469.6
2001 3 15 12 42375.2 1.996 187.67 1.07 3.25 -5.89 503.5
2001 3 16 12 42512.3 0.547 182.30 1.07 3.40 -4.40 517.7
2001 3 17 12 42649.6 0.617 184.83 1.07 3.15 -5.19 514.2
2001 3 18 12 42787.0 1.551 190.96 1.07 5.22 -2.93 545.8
2001 3 19 12 42924.6 1.925 202.59 1.07 4.54 -3.52 598.5
2001 3 20 12 43062.3 6.332 165.70 1.07 4.08 -3.85 512.8
2001 3 21 12 43200.0 6.628 196.82 1.07 3.19 -5.74 469.1
2001 3 22 12 43337.7 3.828 184.50 1.07 7.81 -1.68 585.1
2001 3 23 12 43475.4 2.456 197.71 1.07 6.68 -2.50 537.2
2001 3 24 12 43613.0 5.354 184.68 1.07 3.06 -5.90 506.1
2001 3 25 12 43750.4 3.278 178.09 1.07 5.65 -4.77 468.2
2001 3 26 12 43887.7 2.372 179.72 1.07 6.80 -1.43 576.3
2001 3 27 12 44024.8 3.617 189.42 1.07 5.86 -2.05 573.2
2001 3 28 12 44161.7 0.082 196.97 1.07 5.30 -3.23 502.5
2001 3 29 12 44298.2 2.377 184.21 1.07 4.58 -4.57 520.8
2001 3 30 12 44434.5 2.386 169.93 1.07 6.41 -2.13 499.0
2001 3 31 12 44570.3 2.006 203.25 1.07 4.53 -5.45 492.5
2001 4 1 12 44705.8 15.788 192.89 1.07 5.52 -4.53 545.3
2001 4 2 12 44840.8 1.700 164.77 1.07 5.50 -1.76 539.5
2001 4 3 12 44975.4 3.873 173.28 1.07 7.25 -3.00 538.3
2001 4 4 12 45109.4 3.560 202.95 1.07 8.72 0.76 590.4
2001 4 5 12 45242.8 0.828 209.85 1.07 6.16 -1.36 594.1
2001 4 6 12 45375.7 2.354 218.09 1.07 6.50 -2.14 581.9
2001 4 7 12 45507.9 1.385 194.95 1.07 9.22 0.54 627.3
2001 4 8 12 45639.4 5.928 194.42 1.07 6.68 -1.81 586.7
2001 4 9 12 45770.2 0.639 213.61 1.07 3.45 -6.90 442.3
2001 4 10 12 45900.2 0.084 193.80 1.07 10.67 1.54 628.2
2001 4 11 12 46029.4 5.687 195.58 1.07 9.60 2.11 607.8
2001 4 12 12 46157.8 0.359 212.10 1.07 9.50 0.97 592.4
2001 4 13 12 46285.3 10.273 214.57 1.07 9.06 0.31 600.8
2001 4 14 12 46411.9 7.324 219.96 1.07 8.59 0.02 636.3
2001 4 15 12 46537.5 2.572 214.69 1.07 6.11 -3.08 512.9
2001 4 16 12 46662.2 5.949 199.23 1.07 8.79 -0.82 593.3
2001 4 17 12 46785.8 5.502 210.11 1.07 8.96 1.08 595.8
2001 4 18 12 46908.4 1.862 217.90 1.07 9.33 -0.05 563.5
2001 4 19 12 47029.9 1.704 236.92 1.07 10.60 3.75 716.7
2001 4 20 12 47150.2 6.902 229.46 1.07 12.20 3.33 701.2
2001 4 21 12 47269.4 3.642 222.85 1.07 10.03 1.70 610.7
2001 4 22 12 47387.3 3.247 231.24 1.07 10.04 2.75 645.3
2001 4 23 12 47504.0 1.825 242.05 1.07 12.82 4.56 696.8
2001 4 24 12 47619.5 1.552 204.47 1.07 9.57 -0.16 566.9
2001 4 25 12 47733.6 0.836 225.52 1.07 10.92 1.82 651.9
2001 4 26 12 47846.4 3.671 201.79 1.07 11.22 1.22 576.6
2001 4 27 12 47957.8 0.265 227.51 1.07 10.19 1.40 612.3
2001 4 28 12 48067.8 0.027 221.21 1.07 11.07 1.61 621.9
2001 4 29 12 48176.4 3.303 249.80 1.07 11.30 2.48 663.4
2001 4 30 12 48283.5 4.235 247.96 1.07 13.16 5.63 750.3
2001 5 1 12 48389.0 1.707 262.41 1.07 11.76 4.49 658.2
2001 5 2 12 48493.1 20.598 228.65 1.07 12.01 1.96 634.8
2001 5 3 12 48595.5 0.854 237.65 1.07 13.31 3.25 682.0
2001 5 4 12 48696.4 1.839 234.13 1.07 12.07 3.50 667.0
2001 5 5 12 48795.7 0.999 255.70 1.07 11.64 2.84 650.4
2001 5 6 12 48893.3 1.718 236.51 1.07 17.18 7.46 772.8
2001 5 7 12 48989.2 0.691 223.55 1.07 13.32 4.49 633.2
2001 5 8 12 49083.3 1.484 213.33 1.07 13.94 5.27 698.1
2001 5 9 12 49175.8 10.756 258.66 1.07 13.39 4.48 690.5
2001 5 10 12 49266.4 0.528 245.61 1.07 11.74 4.08 680.0
2001 5 11 12 49355.3 3.771 244.47 1.07 13.41 5.62 687.9
2001 5 12 12 49442.4 0.797 265.55 1.07 12.71 3.94 704.7
2001 5 13 12 49527.6 2.131 245.52 1.07 15.39 7.74 762.8
2001 5 14 12 49610.9 0.164 221.89 1.07 15.38 7.45 648.5
2001 5 15 12 49692.3 2.522 226.17 1.07 15.82 7.25 762.6
2001 5 16 12 49771.8 0.380 254.82 1.07 13.66 2.93 653.4
2001 5 17 12 49849.4 0.545 257.24 1.07 12.32 2.52 676.2
2001 5 18 12 49924.9 2.955 280.80 1.07 12.10 3.11 701.6
2001 5 19 12 49998.5 3.416 249.24 1.07 16.29 8.01 762.1
2001 5 20 12 50070.1 1.182 277.36 1.07 15.27 5.54 687.4
2001 5 21 12 50139.7 4.829 233.14 1.07 14.13 6.35 753.9
2001 5 22 12 50207.1 0.684 239.69 1.07 17.05 9.56 835.3
2001 5 23 12 50272.5 3.164 235.05 1.07 17.70 9.41 798.0
2001 5 24 12 50335.9 3.310 255.45 1.07 16.48 8.23 762.9
2001 5 25 12 50397.0 3.989 270.92 1.07 15.86 7.80 784.2
2001 5 26 12 50456.1 5.740 250.86 1.07 16.57 8.24 739.0
2001 5 27 12 50513.0 1.357 239.90 1.07 18.83 10.23 807.6
2001 5 28 12 50567.8 4.144 264.09 1.07 18.83 10.06 787.8
2001 5 29 12 50620.3 2.912 253.26 1.07 17.06 9.15 800.1
2001 5 30 12 50670.7 0.655 265.39 1.07 17.77 9.82 790.3
2001 5 31 12 50718.8 7.563 254.83 1.07 24.54 14.77 890.2
2001 6 1 12 50764.8 2.226 255.22 1.07 21.05 12.37 864.4
2001 6 2 12 50808.5 2.122 287.48 1.07 18.10 9.84 838.4
2001 6 3 12 50849.9 2.714 241.71 1.07 20.33 10.48 828.9
2001 6 4 12 50889.0 3.127 264.12 1.07 18.91 10.77 839.9
2001 6 5 12 50925.9 6.521 269.03 1.07 20.70 11.91 869.6
2001 6 6 12 50960.5 3.462 274.41 1.07 17.55 10.48 800.4
2001 6 7 12 50992.8 5.465 242.46 1.07 19.88 11.82 842.6
2001 6 8 12 51022.8 1.384 265.08 1.07 20.44 11.88 834.3
2001 6 9 12 51050.5 0.536 252.29 1.07 19.02 10.73 815.0
2001 6 10 12 51075.8 1.089 258.55 1.07 18.54 10.00 789.1
2001 6 11 12 51098.8 1.877 253.31 1.07 19.65 9.76 790.5
2001 6 12 12 51119.5 0.874 252.17 1.07 17.41 8.72 766.1
2001 6 13 12 51137.8 2.973 283.47 1.07 18.98 9.01 758.3
2001 6 14 12 51153.7 5.043 275.58 1.07 18.86 9.97 725.7
2001 6 15 12 51167.4 3.699 239.58 1.07 21.09 12.57 852.4
2001 6 16 12 51178.6 6.605 256.38 1.07 20.70 11.07 868.0
2001 6 17 12 51187.5 1.497 258.66 1.07 21.01 12.30 861.7
2001 6 18 12 51194.0 6.262 281.03 1.07 21.92 14.46 884.8
2001 6 19 12 51198.1 4.381 243.26 1.07 18.58 9.50 750.3
2001 6 20 12 51199.9 2.629 250.22 1.07 22.79 13.39 841.6
2001 6 21 12 51199.3 0.528 249.31 1.07 21.84 14.08 826.8
2001 6 22 12 51196.4 2.476 230.96 1.07 18.50 10.04 812.8
2001 6 23 12 51191.0 2.380 231.07 1.07 21.82 13.16 839.2
2001 6 24 12 51183.3 11.371 263.96 1.07 21.60 13.39 901.3
2001 6 25 12 51173.3 3.302 248.74 1.07 21.46 12.95 789.1
2001 6 26 12 51160.8 0.343 263.23 1.07 19.53 10.28 789.2
2001 6 27 12 51146.1 5.664 235.47 1.07 20.99 11.43 858.3
2001 6 28 12 51128.9 3.051 242.29 1.07 22.08 14.88 858.1
2001 6 29 12 51109.4 4.632 252.74 1.07 21.23 12.97 819.5
2001 6 30 12 51087.6 3.889 236.60 1.07 19.26 11.88 819.2
2001 7 1 12 51063.4 5.592 254.12 1.07 20.77 11.94 803.9
2001 7 2 12 51036.9 6.142 253.64 1.07 21.91 14.27 871.9
2001 7 3 12 51008.1 10.536 252.04 1.07 21.17 11.90 769.0
2001 7 4 12 50976.9 5.546 237.17 1.07 24.32 14.42 922.7
2001 7 5 12 50943.5 1.456 275.02 1.07 22.68 14.43 911.0
2001 7 6 12 50907.8 0.463 238.88 1.07 22.68 14.79 877.9
2001 7 7 12 50869.7 0.595 253.97 1.07 21.93 14.14 825.8
2001 7 8 12 50829.4 0.893 253.66 1.07 21.05 12.76 826.7
2001 7 9 12 50786.9 1.525 256.27 1.07 24.30 15.12 922.8
2001 7 10 12 50742.1 0.724 234.58 1.07 21.24 12.91 879.8
2001 7 11 12 50695.1 2.090 258.95 1.07 21.94 13.60 851.3
2001 7 12 12 50645.8 0.870 243.87 1.07 21.74 13.05 872.7
2001 7 13 12 50594.3 2.707 261.81 1.07 19.82 10.82 768.7
2001 7 14 12 50540.7 2.723 266.88 1.07 22.58 13.04 856.4
2001 7 15 12 50484.8 1.468 253.48 1.07 23.40 14.93 858.0
2001 7 16 12 50426.8 10.231 243.61 1.07 21.10 12.65 862.0
2001 7 17 12 50366.7 4.334 275.62 1.07 21.53 11.72 819.2
2001 7 18 12 50304.5 3.011 257.16 1.07 20.75 13.67 863.5
2001 7 19 12 50240.1 6.839 238.60 1.07 24.68 14.90 895.6
2001 7 20 12 50173.7 1.908 232.54 1.07 22.64 13.47 813.7
2001 7 21 12 50105.1 3.207 254.64 1.07 23.96 15.53 909.4
2001 7 22 12 50034.6 5.991 243.27 1.07 21.37 13.04 893.4
2001 7 23 12 49962.0 12.924 230.99 1.07 22.81 13.52 872.1
2001 7 24 12 49887.4 0.715 248.04 1.07 19.62 10.23 835.2
2001 7 25 12 49810.8 0.789 227.22 1.07 21.05 12.33 833.8
2001 7 26 12 49732.3 7.053 246.49 1.07 24.98 16.32 933.1
2001 7 27 12 49651.8 2.589 248.46 1.07 22.53 15.04 910.9
2001 7 28 12 49569.5 1.895 230.85 1.07 21.40 11.90 856.5
2001 7 29 12 49485.2 2.691 247.81 1.07 19.10 10.52 838.1
2001 7 30 12 49399.1 7.258 230.45 1.07 22.10 13.34 824.7
2001 7 31 12 49311.1 3.955 240.44 1.07 21.16 12.83 833.1
2001 8 1 12 49221.3 2.649 216.68 1.07 23.03 14.17 897.9
2001 8 2 12 49129.8 0.706 240.40 1.07 19.53 11.74 845.8
2001 8 3 12 49036.5 1.914 254.13 1.07 23.00 14.90 897.2
2001 8 4 12 48941.4 3.431 214.69 1.07 20.93 13.34 945.4
2001 8 5 12 48844.7 2.261 247.21 1.07 20.01 11.47 832.2
2001 8 6 12 48746.2 8.831 226.77 1.07 21.78 13.13 871.4
2001 8 7 12 48646.2 2.812 247.66 1.07 24.17 15.21 863.7
2001 8 8 12 48544.5 1.694 259.28 1.07 22.46 12.64 881.0
2001 8 9 12 48441.3 4.039 233.57 1.07 21.78 13.44 871.6
2001 8 10 12 48336.4 9.123 239.36 1.07 20.44 12.16 845.0
2001 8 11 12 48230.1 5.891 235.70 1.07 23.29 15.10 959.0
2001 8 12 12 48122.3 0.252 243.53 1.07 21.61 12.66 848.1
2001 8 13 12 48013.0 2.851 224.64 1.07 18.05 8.48 803.1
2001 8 14 12 47902.3 3.369 236.91 1.07 22.07 12.78 888.7
2001 8 15 12 47790.2 6.327 215.24 1.07 21.20 12.74 849.0
2001 8 16 12 47676.7 0.513 241.49 1.07 20.57 12.81 813.2
2001 8 17 12 47561.9 3.098 207.61 1.07 22.52 12.61 833.1
2001 8 18 12 47445.8 0.550 215.37 1.07 19.45 12.10 875.3
2001 8 19 12 47328.5 0.092 211.63 1.07 19.66 9.34 775.0
2001 8 20 12 47209.9 0.919 225.75 1.07 20.08 12.92 820.8
2001 8 21 12 47090.2 2.766 230.32 1.07 20.86 11.39 832.1
2001 8 22 12 46969.3 5.554 225.62 1.07 19.22 11.75 802.7
2001 8 23 12 46847.3 0.831 208.45 1.07 18.53 9.53 762.6
2001 8 24 12 46724.2 0.828 237.11 1.07 19.60 12.10 811.5
2001 8 25 12 46600.0 2.206 231.46 1.07 19.03 8.54 800.2
2001 8 26 12 46474.8 2.214 216.71 1.07 22.14 13.97 917.1
2001 8 27 12 46348.7 1.803 202.30 1.07 16.45 8.64 731.9
2001 8 28 12 46221.7 0.375 189.89 1.07 20.73 12.35 853.1
2001 8 29 12 46093.7 0.639 219.39 1.07 16.21 8.05 776.2
2001 8 30 12 45964.9 5.991 202.94 1.07 19.02 11.23 803.7
2001 8 31 12 45835.3 4.194 220.65 1.07 17.38 8.91 753.9
2001 9 1 12 45704.9 1.195 220.45 1.07 16.54 7.55 800.2
2001 9 2 12 45573.7 2.454 197.07 1.07 20.71 11.04 782.8
2001 9 3 12 45441.8 2.761 202.57 1.07 19.67 11.80 853.9
2001 9 4 12 45309.3 1.605 200.63 1.07 18.53 10.79 828.9
2001 9 5 12 45176.2 0.093 221.44 1.07 18.48 10.42 880.1
2001 9 6 12 45042.4 2.684 192.88 1.07 16.99 8.99 813.6
2001 9 7 12 44908.2 0.111 206.81 1.07 17.29 8.88 730.3
2001 9 8 12 44773.4 0.440 196.77 1.07 16.79 7.82 719.4
2001 9 9 12 44638.1 3.742 217.55 1.07 16.88 9.18 762.7
2001 9 10 12 44502.5 0.786 183.05 1.07 17.19 8.20 766.1
2001 9 11 12 44366.4 1.152 176.02 1.07 19.35 10.83 764.1
2001 9 12 12 44230.0 0.344 162.06 1.07 18.08 9.91 808.5
2001 9 13 12 44093.3 0.346 191.39 1.07 17.49 9.99 807.4
2001 9 14 12 43956.3 2.598 191.11 1.07 15.36 4.42 675.1
2001 9 15 12 43819.1 1.716 182.92 1.07 17.35 9.44 823.7
2001 9 16 12 43681.7 1.668 198.41 1.07 12.78 3.81 693.6
2001 9 17 12 43544.2 2.542 206.23 1.07 15.30 7.09 777.5
2001 9 18 12 43406.5 0.485 170.41 1.07 14.31 4.20 762.3
2001 9 19 12 43268.9 0.975 177.25 1.07 15.42 6.22 697.0
2001 9 20 12 43131.1 0.463 153.91 1.07 15.37 7.70 769.5
2001 9 21 12 42993.5 0.690 178.81 1.07 14.97 7.30 728.7
2001 9 22 12 42855.8 0.537 166.98 1.07 15.41 6.65 754.3
2001 9 23 12 42718.3 2.034 168.71 1.07 15.48 8.23 752.6
2001 9 24 12 42580.9 3.999 171.48 1.07 17.07 8.47 758.3
2001 9 25 12 42443.7 0.417 179.63 1.07 13.66 5.32 674.9
2001 9 26 12 42306.7 2.273 166.94 1.07 13.44 4.17 699.0
2001 9 27 12 42170.0 3.581 199.13 1.07 14.34 5.36 758.6
2001 9 28 12 42033.6 0.530 166.56 1.07 14.76 6.49 698.6
2001 9 29 12 41897.5 0.804 145.35 1.07 14.17 3.70 613.1
2001 9 30 12 41761.9 1.111 154.04 1.07 16.66 8.13 783.2
2001 10 1 12 41626.6 3.380 172.96 1.07 14.99 6.74 773.5
2001 10 2 12 41491.8 2.921 172.27 1.07 15.59 6.98 817.2
2001 10 3 12 41357.6 0.045 160.76 1.07 14.01 6.55 727.4
2001 10 4 12 41223.8 0.600 159.48 1.07 13.25 4.26 681.5
2001 10 5 12 41090.7 0.592 160.99 1.07 9.13 0.34 624.9
2001 10 6 12 40958.2 0.975 166.81 1.07 12.80 3.87 651.3
2001 10 7 12 40826.3 2.151 154.98 1.07 12.03 3.18 642.2
2001 10 8 12 40695.1 0.677 135.36 1.07 11.87 3.13 689.9
2001 10 9 12 40564.7 0.875 142.20 1.07 13.59 4.54 649.8
2001 10 10 12 40435.1 0.569 142.69 1.07 9.91 2.21 613.9
2001 10 11 12 40306.3 2.318 132.57 1.07 13.33 5.84 672.5
2001 10 12 12 40178.3 1.755 130.58 1.07 12.44 4.75 673.2
2001 10 13 12 40051.3 2.451 152.50 1.07 11.62 3.58 661.2
2001 10 14 12 39925.2 0.474 145.51 1.07 12.29 2.91 650.3
2001 10 15 12 39800.0 1.626 155.21 1.07 8.17 -0.50 583.3
2001 10 16 12 39675.8 0.204 169.81 1.07 11.23 4.29 708.6
2001 10 17 12 39552.7 2.053 153.89 1.07 8.21 -0.56 583.6
2001 10 18 12 39430.7 1.470 151.29 1.07 10.76 2.47 625.2
2001 10 19 12 39309.8 0.920 117.83 1.07 8.22 -1.58 532.8
2001 10 20 12 39190.1 0.175 147.45 1.07 8.62 0.44 597.6
2001 10 21 12 39071.5 0.290 137.07 1.07 8.92 -0.22 653.2
2001 10 22 12 38954.2 1.261 154.03 1.07 8.97 0.15 610.8
2001 10 23 12 38838.1 0.408 116.54 1.07 9.47 -1.34 624.4
2001 10 24 12 38723.3 1.202 147.26 1.07 10.04 1.39 565.5
2001 10 25 12 38609.8 0.782 124.30 1.07 12.37 4.48 661.3
2001 10 26 12 38497.7 1.082 116.89 1.07 7.55 -0.31 539.1
2001 10 27 12 38387.0 1.148 161.28 1.07 8.55 -0.37 588.5
2001 10 28 12 38277.7 0.501 130.90 1.07 8.01 0.02 614.3
2001 10 29 12 38169.9 0.484 127.04 1.07 6.34 -1.49 598.0
2001 10 30 12 38063.6 1.918 119.61 1.07 4.78 -4.43 533.5
2001 10 31 12 37958.7 0.733 121.86 1.07 6.10 -1.73 594.1
2001 11 1 12 37855.5 2.747 119.56 1.07 6.48 -2.39 545.4
2001 11 2 12 37753.8 1.287 120.88 1.07 6.55 -3.12 520.9
2001 11 3 12 37653.8 1.190 121.36 1.07 4.78 -4.39 484.3
2001 11 4 12 37555.3 1.945 118.72 1.07 6.26 -2.17 603.4
2001 11 5 12 37458.6 0.246 105.49 1.07 6.25 -3.55 552.3
2001 11 6 12 37363.5 0.952 120.84 1.07 4.97 -5.28 482.7
2001 11 7 12 37270.2 1.329 123.69 1.07 7.26 -1.03 580.9
2001 11 8 12 37178.7 0.309 130.38 1.07 3.36 -4.96 531.5
2001 11 9 12 37088.9 2.496 134.15 1.07 6.15 -2.67 525.6
2001 11 10 12 37000.9 1.338 112.12 1.07 5.20 -3.33 541.3
2001 11 11 12 36914.8 0.904 121.22 1.07 5.48 -2.60 542.2
2001 11 12 12 36830.5 0.300 126.42 1.07 5.78 -4.19 554.3
2001 11 13 12 36748.2 0.525 106.10 1.07 5.41 -5.34 483.8
2001 11 14 12 36667.7 0.367 116.86 1.07 1.85 -6.11 498.6
2001 11 15 12 36589.2 1.301 117.85 1.07 4.22 -4.10 488.5
2001 11 16 12 36512.6 3.327 85.14 1.07 5.11 -3.07 505.6
2001 11 17 12 36438.0 0.858 111.27 1.07 4.98 -4.30 477.4
2001 11 18 12 36365.4 2.901 112.71 1.07 2.85 -5.60 517.3
2001 11 19 12 36294.9 2.636 99.63 1.07 2.25 -5.51 509.1
2001 11 20 12 36226.3 1.056 123.27 1.07 4.55 -3.90 562.1
2001 11 21 12 36159.9 0.592 134.72 1.07 4.25 -4.78 523.5
2001 11 22 12 36095.5 0.415 113.34 1.07 1.72 -6.71 469.7
2001 11 23 12 36033.3 0.044 90.02 1.07 1.24 -6.30 465.8
2001 11 24 12 35973.2 1.535 103.78 1.07 2.39 -6.10 508.8
2001 11 25 12 35915.2 1.971 92.86 1.07 1.64 -7.88 461.2
2001 11 26 12 35859.3 1.210 136.16 1.07 2.82 -4.41 487.7
2001 11 27 12 35805.7 0.846 97.33 1.07 4.49 -4.37 495.8
2001 11 28 12 35754.2 3.883 107.47 1.07 0.43 -8.74 430.1
2001 11 29 12 35704.9 1.810 120.81 1.07 1.93 -7.19 456.7
2001 11 30 12 35657.9 1.425 91.35 1.07 0.81 -7.41 475.7
2001 12 1 12 35613.1 0.158 92.65 1.07 2.94 -6.16 497.2
2001 12 2 12 35570.6 1.076 121.43 1.07 2.89 -7.04 436.3
2001 12 3 12 35530.3 0.931 120.55 1.07 0.14 -8.11 405.3
2001 12 4 12 35492.2 0.840 87.90 1.07 2.99 -5.45 441.5
2001 12 5 12 35456.5 1.755 86.86 1.07 2.45 -6.09 478.2
2001 12 6 12 35423.1 1.090 110.28 1.07 0.80 -8.64 481.5
2001 12 7 12 35391.9 4.393 109.84 1.07 2.03 -6.91 455.5
2001 12 8 12 35363.1 0.934 92.59 1.07 -1.28 -9.54 408.7
2001 12 9 12 35336.6 1.151 105.01 1.07 3.50 -5.03 507.0
2001 12 10 12 35312.4 3.435 84.02 1.07 0.59 -7.77 445.1
2001 12 11 12 35290.6 0.186 108.09 1.07 2.26 -5.13 460.9
2001 12 12 12 35271.1 0.282 103.89 1.07 -0.65 -9.06 398.2
2001 12 13 12 35253.9 0.279 75.30 1.07 -2.25 -10.47 383.1
2001 12 14 12 35239.2 2.979 94.41 1.07 0.70 -8.65 474.2
2001 12 15 12 35226.7 1.324 95.01 1.07 -1.23 -10.75 421.0
2001 12 16 12 35216.7 5.596 109.10 1.07 -1.18 -9.25 380.6
2001 12 17 12 35209.0 1.821 84.15 1.07 0.01 -8.98 460.6
2001 12 18 12 35203.6 1.222 116.17 1.07 0.80 -9.22 468.0
2001 12 19 12 35200.7 0.311 100.32 1.07 -0.03 -8.25 448.4
2001 12 20 12 35200.1 0.727 115.23 1.07 0.92 -6.86 444.7
2001 12 21 12 35201.9 6.522 78.99 1.07 -1.07 -10.52 391.6
2001 12 22 12 35206.0 1.276 103.72 1.07 1.18 -8.81 471.0
2001 12 23 12 35212.5 3.586 102.23 1.07 0.28 -7.18 422.4
2001 12 24 12 35221.4 0.989 102.83 1.07 -2.67 -10.24 382.8
2001 12 25 12 35232.6 0.413 105.10 1.07 -0.18 -7.97 452.7
2001 12 26 12 35246.3 1.227 104.14 1.07 -1.18 -10.45 380.6
2001 12 27 12 35262.2 1.592 66.94 1.07 -2.49 -11.33 322.8
2001 12 28 12 35280.5 2.962 125.34 1.07 -0.52 -8.80 389.4
2001 12 29 12 35301.2 0.290 91.14 1.07 -0.82 -8.71 384.8
2001 12 30 12 35324.2 1.105 92.29 1.07 -0.53 -9.23 402.0
2001 12 31 12 35349.5 1.175 102.34 1.07 -3.24 -9.72 459.6
2002 1 1 12 35377.2 0.223 108.87 1.07 -4.95 -13.07 380.2
2002 1 2 12 35407.2 0.255 82.23 1.07 -2.24 -10.73 386.4
2002 1 3 12 35439.5 0.378 79.93 1.07 -2.20 -10.92 401.0
2002 1 4 12 35474.1 1.118 124.83 1.07 -1.12 -9.54 414.6
2002 1 5 12 35511.0 0.334 97.88 1.07 -5.94 -14.23 309.6
2002 1 6 12 35550.1 1.465 107.94 1.07 -0.98 -10.48 391.5
2002 1 7 12 35591.5 3.456 88.63 1.07 -0.75 -10.31 384.2
2002 1 8 12 35635.2 0.316 128.50 1.07 -0.69 -9.89 364.1
2002 1 9 12 35681.2 5.815 117.29 1.07 -0.79 -9.65 407.9
2002 1 10 12 35729.3 1.224 96.88 1.07 -3.73 -12.19 332.2
2002 1 11 12 35779.7 3.200 128.78 1.07 -3.42 -12.38 336.9
2002 1 12 12 35832.2 1.538 116.31 1.07 -2.44 -11.06 392.6
2002 1 13 12 35887.0 0.784 119.04 1.07 -2.39 -12.13 309.6
2002 1 14 12 35943.9 0.569 120.71 1.07 -3.60 -11.23 342.0
2002 1 15 12 36003.0 1.083 102.44 1.07 -1.92 -11.63 367.1
2002 1 16 12 36064.1 0.909 135.69 1.07 -1.50 -9.85 367.3
2002 1 17 12 36127.5 1.580 135.58 1.07 -1.68 -11.10 358.7
2002 1 18 12 36192.9 0.274 136.81 1.07 -1.97 -10.25 420.6
2002 1 19 12 36260.3 0.108 75.93 1.07 -1.59 -8.94 412.7
2002 1 20 12 36329.9 0.532 111.87 1.07 -2.54 -10.49 367.6
2002 1 21 12 36401.5 1.588 117.47 1.07 -1.35 -10.66 410.2
2002 1 22 12 36475.1 0.312 108.02 1.07 -1.52 -9.93 349.2
2002 1 23 12 36550.6 4.977 113.69 1.07 -3.30 -12.19 312.5
2002 1 24 12 36628.2 1.110 113.86 1.07 0.67 -8.99 378.9
2002 1 25 12 36707.7 3.490 135.30 1.07 0.21 -7.59 427.6
2002 1 26 12 36789.1 0.646 134.05 1.07 -1.00 -7.74 398.0
2002 1 27 12 36872.4 0.218 121.99 1.07 -0.31 -7.87 497.7
2002 1 28 12 36957.6 2.207 124.26 1.07 -1.51 -11.08 300.3
2002 1 29 12 37044.7 1.256 118.94 1.07 -2.45 -9.39 424.5
2002 1 30 12 37133.6 0.640 149.54 1.07 -0.21 -9.30 401.6
2002 1 31 12 37224.2 0.168 126.00 1.07 -1.41 -10.34 394.9
2002 2 1 12 37316.7 1.546 147.44 1.07 -0.72 -9.92 384.4
2002 2 2 12 37410.8 1.617 136.79 1.07 0.57 -7.90 435.0
2002 2 3 12 37506.7 2.834 132.03 1.07 -4.00 -14.24 285.2
2002 2 4 12 37604.3 1.481 101.36 1.07 -0.93 -10.31 429.2
2002 2 5 12 37703.6 3.221 143.62 1.07 -2.91 -10.57 348.9
2002 2 6 12 37804.5 10.441 100.26 1.07 -1.74 -8.27 429.7
2002 2 7 12 37906.9 2.928 124.31 1.07 -2.58 -12.95 412.6
2002 2 8 12 38011.0 2.184 107.72 1.07 0.40 -7.36 476.3
2002 2 9 12 38116.5 2.250 143.95 1.07 -0.58 -10.15 359.9
2002 2 10 12 38223.6 0.970 124.22 1.07 -1.11 -10.08 436.5
2002 2 11 12 38332.2 0.686 141.26 1.07 -3.45 -13.06 348.2
2002 2 12 12 38442.2 1.299 101.06 1.07 -1.84 -9.64 393.5
2002 2 13 12 38553.6 0.711 147.10 1.07 -1.67 -9.81 427.7
2002 2 14 12 38666.4 0.970 147.33 1.07 -0.41 -8.92 461.3
2002 2 15 12 38780.5 0.658 120.54 1.07 -1.42 -9.40 389.8
2002 2 16 12 38896.0 1.410 128.89 1.07 -1.16 -9.26 400.8
2002 2 17 12 39012.7 1.322 158.34 1.07 -4.24 -13.75 309.9
2002 2 18 12 39130.6 1.628 143.58 1.07 0.91 -7.43 468.2
2002 2 19 12 39249.8 2.457 153.39 1.07 -2.15 -11.26 401.2
2002 2 20 12 39370.1 0.610 115.31 1.07 -1.32 -10.53 408.5
2002 2 21 12 39491.6 0.970 140.57 1.07 0.62 -7.57 419.4
2002 2 22 12 39614.2 0.316 159.71 1.07 1.26 -6.28 531.2
2002 2 23 12 39737.8 3.536 134.58 1.07 0.08 -8.57 403.6
2002 2 24 12 39862.5 10.132 137.03 1.07 0.72 -6.55 476.9
2002 2 25 12 39988.1 2.506 147.88 1.07 1.73 -7.13 452.0
2002 2 26 12 40114.7 3.605 137.79 1.07 -3.50 -13.45 299.3
2002 2 27 12 40242.2 0.594 171.95 1.07 1.87 -7.81 451.2
2002 2 28 12 40370.6 7.686 162.71 1.07 -2.56 -12.42 353.8
2002 3 1 12 40499.8 4.631 153.11 1.07 0.33 -7.94 462.2
2002 3 2 12 40629.8 0.108 186.08 1.07 1.57 -5.48 489.2
2002 3 3 12 40760.6 1.777 154.06 1.07 -0.38 -8.04 446.2
2002 3 4 12 40892.1 2.240 164.69 1.07 0.92 -6.95 515.3
2002 3 5 12 41024.3 2.292 144.76 1.07 -3.40 -10.69 380.7
2002 3 6 12 41157.2 0.543 159.26 1.07 -0.44 -8.49 380.8
2002 3 7 12 41290.6 0.736 171.62 1.07 0.45 -7.23 483.3
2002 3 8 12 41424.6 0.692 172.45 1.07 0.32 -8.20 462.1
2002 3 9 12 41559.2 3.566 150.31 1.07 1.73 -7.57 406.4
2002 3 10 12 41694.2 2.223 145.71 1.07 4.69 -4.90 465.3
2002 3 11 12 41829.7 2.488 167.76 1.07 3.55 -5.36 477.6
2002 3 12 12 41965.5 0.977 173.84 1.07 3.77 -6.22 447.8
2002 3 13 12 42101.8 0.704 139.72 1.07 3.28 -5.59 477.5
2002 3 14 12 42238.3 0.094 203.03 1.07 0.62 -8.24 426.2
2002 3 15 12 42375.2 0.354 176.69 1.07 4.70 -3.19 533.3
2002 3 16 12 42512.3 0.308 142.97 1.07 3.66 -5.06 537.0
2002 3 17 12 42649.6 12.912 181.05 1.07 4.05 -3.53 592.3
2002 3 18 12 42787.0 0.095 151.93 1.07 4.65 -4.31 476.2
2002 3 19 12 42924.6 2.962 162.07 1.07 4.38 -5.02 502.8
2002 3 20 12 43062.3 4.230 185.79 1.07 4.35 -2.81 576.7
2002 3 21 12 43200.0 0.136 161.32 1.07 2.75 -4.92 538.7
2002 3 22 12 43337.7 4.094 167.31 1.07 2.62 -5.86 439.2
2002 3 23 12 43475.4 2.086 195.73 1.07 2.81 -6.26 474.9
2002 3 24 12 43613.0 1.199 182.65 1.07 0.15 -6.61 495.3
2002 3 25 12 43750.4 11.014 178.89 1.07 3.94 -4.62 482.4
2002 3 26 12 43887.7 0.108 184.48 1.07 5.70 -2.19 537.6
2002 3 27 12 44024.8 2.925 213.94 1.07 6.76 -0.62 615.5
2002 3 28 12 44161.7 5.858 202.43 1.07 4.18 -4.05 504.8
2002 3 29 12 44298.2 2.102 170.38 1.07 5.31 -4.21 534.0
2002 3 30 12 44434.5 9.621 215.02 1.07 4.89 -3.84 574.4
2002 3 31 12 44570.3 1.004 187.47 1.07 6.19 -2.81 550.5
2002 4 1 12 44705.8 2.008 193.90 1.07 4.00 -4.61 497.4
2002 4 2 12 44840.8 9.467 181.96 1.07 5.45 -2.88 562.3
2002 4 3 12 44975.4 23.003 190.90 1.07 5.24 -3.66 539.9
2002 4 4 12 45109.4 7.490 202.12 1.07 7.60 -1.28 559.6
2002 4 5 12 45242.8 3.395 201.61 1.07 4.28 -4.19 519.2
2002 4 6 12 45375.7 1.186 227.76 1.07 7.61 -2.19 579.8
2002 4 7 12 45507.9 0.848 186.12 1.07 8.64 -0.22 603.6
2002 4 8 12 45639.4 7.875 202.23 1.07 5.28 -3.09 511.8
2002 4 9 12 45770.2 4.014 174.37 1.07 6.72 -1.73 589.9
2002 4 10 12 45900.2 1.974 198.46 1.07 6.60 -2.60 541.9
2002 4 11 12 46029.4 3.547 223.93 1.07 10.49 1.49 620.4
2002 4 12 12 46157.8 2.571 232.23 1.07 10.36 0.56 562.3
2002 4 13 12 46285.3 2.912 234.77 1.07 9.91 0.69 654.6
2002 4 14 12 46411.9 5.945 206.44 1.07 9.35 -0.74 601.6
2002 4 15 12 46537.5 0.431 208.73 1.07 10.28 1.48 618.1
2002 4 16 12 46662.2 2.365 200.12 1.07 10.05 1.82 655.4
2002 4 17 12 46785.8 0.194 212.96 1.07 11.77 2.58 685.2
2002 4 18 12 46908.4 3.051 234.79 1.07 9.65 -0.76 611.4
2002 4 19 12 47029.9 6.533 230.80 1.07 6.09 -1.83 553.4
2002 4 20 12 47150.2 3.613 211.90 1.07 9.26 0.83 588.1
2002 4 21 12 47269.4 1.311 215.84 1.07 11.02 1.72 617.8
2002 4 22 12 47387.3 2.386 217.57 1.07 9.92 0.59 622.5
2002 4 23 12 47504.0 0.440 214.85 1.07 12.41 4.52 651.7
2002 4 24 12 47619.5 3.663 227.70 1.07 9.57 1.32 680.5
2002 4 25 12 47733.6 0.334 236.44 1.07 12.38 4.34 696.7
2002 4 26 12 47846.4 2.142 260.99 1.07 9.04 -0.77 616.9
2002 4 27 12 47957.8 1.518 227.76 1.07 11.95 3.78 648.9
2002 4 28 12 48067.8 3.654 239.11 1.07 10.43 0.99 624.6
2002 4 29 12 48176.4 2.393 214.61 1.07 9.85 0.11 584.8
2002 4 30 12 48283.5 2.281 232.43 1.07 11.97 3.34 612.7
2002 5 1 12 48389.0 0.058 229.56 1.07 10.44 2.22 662.6
2002 5 2 12 48493.1 2.729 242.92 1.07 13.62 5.04 738.9
2002 5 3 12 48595.5 2.417 241.31 1.07 12.12 3.59 743.2
2002 5 4 12 48696.4 1.879 245.30 1.07 13.00 3.47 678.4
2002 5 5 12 48795.7 2.906 233.88 1.07 12.98 2.80 643.7
2002 5 6 12 48893.3 0.626 231.79 1.07 14.11 5.87 744.6
2002 5 7 12 48989.2 2.923 219.86 1.07 12.42 4.01 659.0
2002 5 8 12 49083.3 2.918 241.96 1.07 15.34 6.34 709.3
2002 5 9 12 49175.8 0.466 238.27 1.07 16.92 7.96 757.1
2002 5 10 12 49266.4 3.199 261.18 1.07 12.39 3.86 649.7
2002 5 11 12 49355.3 6.277 239.12 1.07 16.64 7.70 727.6
2002 5 12 12 49442.4 2.756 234.33 1.07 13.61 5.57 757.2
2002 5 13 12 49527.6 0.441 251.82 1.07 13.87 5.87 691.1
2002 5 14 12 49610.9 4.519 223.52 1.07 16.09 7.42 765.6
2002 5 15 12 49692.3 0.422 249.26 1.07 13.35 4.56 666.2
2002 5 16 12 49771.8 0.834 236.38 1.07 16.09 7.70 749.6
2002 5 17 12 49849.4 0.475 228.27 1.07 16.21 5.30 716.7
2002 5 18 12 49924.9 2.080 249.23 1.07 15.45 6.80 739.5
2002 5 19 12 49998.5 10.198 212.16 1.07 15.58 5.69 688.7
2002 5 20 12 50070.1 1.481 257.33 1.07 15.12 6.86 764.0
2002 5 21 12 50139.7 1.099 250.70 1.07 17.19 9.31 790.0
2002 5 22 12 50207.1 15.866 241.06 1.07 15.70 5.06 650.1
2002 5 23 12 50272.5 1.790 264.93 1.07 18.13 10.06 828.7
2002 5 24 12 50335.9 0.862 258.99 1.07 18.35 9.66 795.5
2002 5 25 12 50397.0 1.057 232.90 1.07 14.62 6.41 723.5
2002 5 26 12 50456.1 5.192 261.45 1.07 14.99 7.18 751.4
2002 5 27 12 50513.0 2.010 260.77 1.07 16.86 8.43 718.2
2002 5 28 12 50567.8 2.742 247.04 1.07 15.89 7.40 723.7
2002 5 29 12 50620.3 2.122 250.87 1.07 16.43 6.90 743.4
2002 5 30 12 50670.7 0.620 279.32 1.07 16.40 7.10 712.1
2002 5 31 12 50718.8 11.257 261.36 1.07 20.67 13.68 894.5
2002 6 1 12 50764.8 3.861 237.18 1.07 19.66 11.85 798.7
2002 6 2 12 50808.5 1.182 258.01 1.07 16.83 8.60 767.2
2002 6 3 12 50849.9 3.392 233.60 1.07 15.35 5.98 760.7
2002 6 4 12 50889.0 0.787 264.65 1.07 17.54 9.22 758.4
2002 6 5 12 50925.9 12.593 248.86 1.07 16.62 7.67 753.7
2002 6 6 12 50960.5 1.145 250.66 1.07 19.75 12.93 831.1
2002 6 7 12 50992.8 7.049 244.11 1.07 18.91 11.42 782.1
2002 6 8 12 51022.8 0.991 253.32 1.07 18.10 8.83 795.1
2002 6 9 12 51050.5 6.065 262.08 1.07 18.97 9.78 794.1
2002 6 10 12 51075.8 1.980 249.14 1.07 17.50 8.72 776.5
2002 6 11 12 51098.8 1.009 247.73 1.07 19.01 11.44 837.8
2002 6 12 12 51119.5 0.586 260.42 1.07 21.94 14.22 859.3
2002 6 13 12 51137.8 0.875 254.79 1.07 18.59 8.24 728.6
2002 6 14 12 51153.7 1.725 255.94 1.07 19.89 11.62 838.0
2002 6 15 12 51167.4 2.040 249.45 1.07 18.68 11.01 864.6
2002 6 16 12 51178.6 1.701 245.57 1.07 18.77 10.00 809.6
2002 6 17 12 51187.5 2.344 257.97 1.07 21.33 13.17 821.0
2002 6 18 12 51194.0 1.374 270.80 1.07 18.34 11.26 913.3
2002 6 19 12 51198.1 2.140 258.91 1.07 20.03 12.55 813.8
2002 6 20 12 51199.9 1.111 255.47 1.07 19.09 10.88 762.7
2002 6 21 12 51199.3 7.619 238.57 1.07 22.57 14.24 937.7
2002 6 22 12 51196.4 10.130 252.83 1.07 19.57 10.94 794.4
2002 6 23 12 51191.0 3.216 251.87 1.07 18.80 10.64 798.0
2002 6 24 12 51183.3 3.631 261.12 1.07 20.55 11.80 870.7
2002 6 25 12 51173.3 2.537 260.43 1.07 20.65 12.89 907.8
2002 6 26 12 51160.8 0.848 294.51 1.07 22.61 13.19 858.4
2002 6 27 12 51146.1 0.282 254.05 1.07 20.23 11.14 845.0
2002 6 28 12 51128.9 1.254 271.35 1.07 21.76 12.84 911.2
2002 6 29 12 51109.4 2.578 271.59 1.07 19.70 12.09 806.3
2002 6 30 12 51087.6 3.744 268.29 1.07 22.91 14.95 907.7
2002 7 1 12 51063.4 2.267 258.74 1.07 22.67 14.31 874.7
2002 7 2 12 51036.9 3.320 296.33 1.07 22.24 13.93 842.3
2002 7 3 12 51008.1 2.108 245.36 1.07 22.72 12.53 878.5
2002 7 4 12 50976.9 3.763 265.05 1.07 21.92 13.84 912.8
2002 7 5 12 50943.5 2.327 268.32 1.07 21.76 12.28 864.7
2002 7 6 12 50907.8 2.411 232.42 1.07 19.92 10.77 832.7
2002 7 7 12 50869.7 6.282 235.53 1.07 20.68 14.57 883.0
2002 7 8 12 50829.4 10.023 274.82 1.07 23.00 14.78 905.2
2002 7 9 12 50786.9 1.011 260.38 1.07 22.98 14.48 906.4
2002 7 10 12 50742.1 12.788 238.20 1.07 23.15 14.35 957.3
2002 7 11 12 50695.1 4.378 273.18 1.07 21.20 13.58 823.2
2002 7 12 12 50645.8 2.417 251.79 1.07 24.40 14.90 879.8
2002 7 13 12 50594.3 4.824 268.08 1.07 21.65 12.58 845.8
2002 7 14 12 50540.7 0.456 278.86 1.07 22.62 14.92 912.8
2002 7 15 12 50484.8 4.290 249.95 1.07 26.12 17.50 994.6
2002 7 16 12 50426.8 2.238 223.26 1.07 21.20 12.89 888.5
2002 7 17 12 50366.7 5.343 240.03 1.07 23.06 13.95 870.3
2002 7 18 12 50304.5 4.010 220.94 1.07 19.72 11.57 850.7
2002 7 19 12 50240.1 7.077 236.78 1.07 21.44 12.39 844.4
2002 7 20 12 50173.7 0.519 270.45 1.07 22.89 12.98 867.3
2002 7 21 12 50105.1 3.586 238.03 1.07 21.07 13.24 895.8
2002 7 22 12 50034.6 0.928 231.64 1.07 22.05 12.71 774.4
2002 7 23 12 49962.0 3.371 270.83 1.07 22.33 12.69 845.7
2002 7 24 12 49887.4 2.537 243.88 1.07 22.22 12.80 826.7
2002 7 25 12 49810.8 1.185 249.45 1.07 18.65 10.07 775.0
2002 7 26 12 49732.3 0.994 228.85 1.07 25.30 16.08 903.3
2002 7 27 12 49651.8 0.256 262.87 1.07 20.26 13.11 806.2
2002 7 28 12 49569.5 4.401 244.15 1.07 20.69 12.95 897.5
2002 7 29 12 49485.2 2.760 254.53 1.07 19.43 10.90 894.6
2002 7 30 12 49399.1 1.555 220.08 1.07 20.29 10.92 824.3
2002 7 31 12 49311.1 2.490 260.42 1.07 21.69 13.84 925.3
2002 8 1 12 49221.3 7.645 244.90 1.07 23.23 14.86 877.7
2002 8 2 12 49129.8 1.420 228.16 1.07 20.75 11.57 871.4
2002 8 3 12 49036.5 1.213 231.85 1.07 21.82 13.39 854.0
2002 8 4 12 48941.4 0.977 229.31 1.07 22.04 13.60 854.8
2002 8 5 12 48844.7 3.150 240.13 1.07 19.81 10.59 816.7
2002 8 6 12 48746.2 0.669 237.09 1.07 18.66 8.92 833.0
2002 8 7 12 48646.2 1.480 258.18 1.07 19.94 12.28 880.5
2002 8 8 12 48544.5 0.803 202.81 1.07 23.31 15.28 949.7
2002 8 9 12 48441.3 2.609 241.33 1.07 20.03 11.31 783.5
2002 8 10 12 48336.4 1.856 206.91 1.07 20.06 11.87 804.4
2002 8 11 12 48230.1 3.124 267.97 1.07 21.59 13.69 859.3
2002 8 12 12 48122.3 0.172 251.52 1.07 21.95 13.01 904.7
2002 8 13 12 48013.0 0.836 227.34 1.07 19.19 10.32 827.4
2002 8 14 12 47902.3 1.591 233.21 1.07 21.93 14.71 840.8
2002 8 15 12 47790.2 2.907 226.79 1.07 21.47 12.34 838.5
2002 8 16 12 47676.7 1.468 215.35 1.07 19.77 12.67 833.3
2002 8 17 12 47561.9 1.504 212.46 1.07 17.73 11.81 832.2
2002 8 18 12 47445.8 3.859 221.74 1.07 21.64 13.25 933.1
2002 8 19 12 47328.5 0.842 181.13 1.07 20.87 10.89 812.1
2002 8 20 12 47209.9 2.236 239.67 1.07 20.51 11.83 824.7
2002 8 21 12 47090.2 2.884 244.40 1.07 18.05 9.51 754.9
2002 8 22 12 46969.3 0.534 213.68 1.07 23.42 14.76 920.4
2002 8 23 12 46847.3 1.096 237.98 1.07 18.38 10.83 812.8
2002 8 24 12 46724.2 2.496 207.44 1.07 18.97 9.98 773.8
2002 8 25 12 46600.0 1.091 205.40 1.07 21.13 12.89 877.3
2002 8 26 12 46474.8 2.054 215.67 1.07 19.70 11.41 817.4
2002 8 27 12 46348.7 1.062 219.18 1.07 19.73 11.47 823.2
2002 8 28 12 46221.7 1.860 197.41 1.07 17.50 8.15 732.3
2002 8 29 12 46093.7 0.549 213.85 1.07 17.26 9.40 730.2
2002 8 30 12 45964.9 1.566 211.79 1.07 19.63 10.22 828.7
2002 8 31 12 45835.3 0.822 172.38 1.07 18.31 10.02 812.6
2002 9 1 12 45704.9 1.478 200.77 1.07 21.64 13.44 878.0
2002 9 2 12 45573.7 3.420 200.23 1.07 16.89 7.49 745.6
2002 9 3 12 45441.8 0.854 193.12 1.07 17.91 8.45 751.9
2002 9 4 12 45309.3 0.989 191.84 1.07 18.66 9.78 798.4
2002 9 5 12 45176.2 0.074 206.88 1.07 17.56 9.86 817.4
2002 9 6 12 45042.4 1.517 174.35 1.07 16.89 8.63 784.2
2002 9 7 12 44908.2 0.876 213.24 1.07 18.05 10.28 784.3
2002 9 8 12 44773.4 2.477 193.72 1.07 20.82 13.12 891.2
2002 9 9 12 44638.1 0.327 212.90 1.07 16.66 8.65 774.7
2002 9 10 12 44502.5 2.104 183.49 1.07 15.05 6.42 729.3
2002 9 11 12 44366.4 1.913 206.15 1.07 18.14 6.94 722.1
2002 9 12 12 44230.0 1.402 198.48 1.07 16.60 8.55 757.1
2002 9 13 12 44093.3 4.294 162.09 1.07 15.44 8.71 780.5
2002 9 14 12 43956.3 6.237 184.75 1.07 17.75 8.56 731.1
2002 9 15 12 43819.1 3.110 224.18 1.07 17.36 8.73 762.2
2002 9 16 12 43681.7 0.037 197.50 1.07 15.46 8.28 749.5
2002 9 17 12 43544.2 0.474 166.87 1.07 13.81 5.64 706.5
2002 9 18 12 43406.5 0.236 174.99 1.07 17.51 9.29 794.1
2002 9 19 12 43268.9 0.353 193.10 1.07 14.93 6.00 678.1
2002 9 20 12 43131.1 3.121 184.38 1.07 16.18 7.80 806.7
2002 9 21 12 42993.5 4.902 155.20 1.07 15.40 6.96 738.2
2002 9 22 12 42855.8 2.966 150.16 1.07 16.18 7.91 775.4
2002 9 23 12 42718.3 1.544 185.84 1.07 15.59 6.07 749.7
2002 9 24 12 42580.9 0.244 169.58 1.07 17.03 10.36 862.1
2002 9 25 12 42443.7 0.954 188.47 1.07 15.86 7.28 750.4
2002 9 26 12 42306.7 2.172 176.20 1.07 11.74 2.33 619.6
2002 9 27 12 42170.0 5.367 157.42 1.07 13.97 4.80 658.4
2002 9 28 12 42033.6 3.199 167.74 1.07 14.53 5.04 714.5
2002 9 29 12 41897.5 0.627 160.57 1.07 13.52 4.72 683.9
2002 9 30 12 41761.9 0.717 169.95 1.07 15.71 6.85 786.2
2002 10 1 12 41626.6 0.834 150.78 1.07 14.43 6.61 710.8
2002 10 2 12 41491.8 1.936 140.14 1.07 10.70 1.08 591.4
2002 10 3 12 41357.6 0.332 159.17 1.07 12.80 3.09 629.9
2002 10 4 12 41223.8 0.960 147.37 1.07 13.19 2.98 730.0
2002 10 5 12 41090.7 1.417 173.08 1.07 11.76 3.45 717.1
2002 10 6 12 40958.2 1.810 154.00 1.07 13.78 5.72 684.1
2002 10 7 12 40826.3 1.069 160.18 1.07 13.39 2.06 631.3
2002 10 8 12 40695.1 0.876 149.30 1.07 12.93 4.67 681.7
2002 10 9 12 40564.7 1.901 156.05 1.07 13.25 4.08 629.0
2002 10 10 12 40435.1 1.344 161.45 1.07 13.96 6.19 720.3
2002 10 11 12 40306.3 2.272 154.65 1.07 12.99 5.93 738.6
2002 10 12 12 40178.3 0.567 125.24 1.07 12.75 2.78 658.0
2002 10 13 12 40051.3 4.887 141.84 1.07 11.31 2.25 637.4
2002 10 14 12 39925.2 2.485 177.89 1.07 10.26 2.49 638.0
2002 10 15 12 39800.0 2.430 151.58 1.07 14.00 6.23 712.2
2002 10 16 12 39675.8 0.637 138.04 1.07 11.34 2.62 658.5
2002 10 17 12 39552.7 0.287 135.87 1.07 9.07 1.21 667.4
2002 10 18 12 39430.7 0.148 163.35 1.07 10.19 1.97 628.5
2002 10 19 12 39309.8 2.724 149.02 1.07 9.58 1.77 612.5
2002 10 20 12 39190.1 0.541 120.94 1.07 11.14 3.38 640.5
2002 10 21 12 39071.5 0.275 168.70 1.07 9.22 0.52 666.9
2002 10 22 12 38954.2 1.572 141.78 1.07 7.17 -0.76 640.6
2002 10 23 12 38838.1 0.726 140.26 1.07 10.16 1.47 628.1
2002 10 24 12 38723.3 1.787 157.43 1.07 8.27 0.37 611.1
2002 10 25 12 38609.8 0.487 136.54 1.07 5.41 -3.79 516.9
2002 10 26 12 38497.7 1.106 139.36 1.07 10.02 1.78 602.2
2002 10 27 12 38387.0 1.789 109.07 1.07 6.49 -1.77 563.9
2002 10 28 12 38277.7 4.559 129.44 1.07 6.77 -1.07 534.5
2002 10 29 12 38169.9 2.330 110.76 1.07 8.17 -0.52 565.4
2002 10 30 12 38063.6 0.645 120.85 1.07 8.05 -1.30 559.2
2002 10 31 12 37958.7 0.076 131.33 1.07 6.83 -1.83 595.5
2002 11 1 12 37855.5 0.679 92.93 1.07 7.99 -1.77 566.5
2002 11 2 12 37753.8 0.795 130.41 1.07 8.49 -0.44 561.8
2002 11 3 12 37653.8 1.210 137.12 1.07 5.65 -4.20 548.8
2002 11 4 12 37555.3 2.799 96.07 1.07 6.94 -1.59 564.4
2002 11 5 12 37458.6 1.817 112.40 1.07 6.83 -0.89 552.4
2002 11 6 12 37363.5 0.623 98.92 1.07 8.23 0.39 626.5
2002 11 7 12 37270.2 1.080 128.49 1.07 6.56 -3.40 537.0
2002 11 8 12 37178.7 2.924 112.25 1.07 3.28 -5.12 430.7
2002 11 9 12 37088.9 0.087 135.75 1.07 9.31 2.72 659.1
2002 11 10 12 37000.9 1.043 98.33 1.07 5.82 -3.23 514.8
2002 11 11 12 36914.8 0.148 120.10 1.07 5.84 -2.38 527.5
2002 11 12 12 36830.5 0.335 103.77 1.07 5.10 -2.52 539.9
2002 11 13 12 36748.2 3.110 115.73 1.07 5.48 -4.31 458.9
2002 11 14 12 36667.7 0.252 109.76 1.07 5.52 -2.78 537.2
2002 11 15 12 36589.2 0.981 124.44 1.07 5.86 -1.98 568.6
2002 11 16 12 36512.6 1.538 117.45 1.07 4.28 -4.58 483.4
2002 11 17 12 36438.0 4.609 129.60 1.07 0.75 -9.03 410.6
2002 11 18 12 36365.4 0.745 110.21 1.07 3.49 -4.10 519.2
2002 11 19 12 36294.9 1.729 97.26 1.07 3.64 -6.37 486.5
2002 11 20 12 36226.3 0.289 119.46 1.07 2.76 -7.66 465.3
2002 11 21 12 36159.9 1.699 108.49 1.07 1.98 -7.76 426.1
2002 11 22 12 36095.5 0.875 104.96 1.07 2.71 -6.22 467.3
2002 11 23 12 36033.3 1.248 113.44 1.07 4.54 -5.32 447.4
2002 11 24 12 35973.2 2.029 96.35 1.07 3.56 -6.00 460.3
2002 11 25 12 35915.2 1.713 133.86 1.07 0.89 -8.28 474.0
2002 11 26 12 35859.3 0.208 122.36 1.07 0.13 -7.41 422.2
2002 11 27 12 35805.7 0.140 111.54 1.07 -0.06 -8.29 469.3
2002 11 28 12 35754.2 1.995 109.38 1.07 2.79 -5.62 453.7
2002 11 29 12 35704.9 0.738 105.68 1.07 0.00 -7.27 475.6
2002 11 30 12 35657.9 1.209 96.79 1.07 1.98 -5.25 502.0
2002 12 1 12 35613.1 1.291 111.72 1.07 2.93 -6.43 521.1
2002 12 2 12 35570.6 2.643 97.35 1.07 2.39 -7.02 386.5
2002 12 3 12 35530.3 0.822 127.93 1.07 1.12 -7.99 416.1
2002 12 4 12 35492.2 1.404 124.45 1.07 3.83 -4.57 558.6
2002 12 5 12 35456.5 1.099 105.87 1.07 0.43 -7.04 462.2
2002 12 6 12 35423.1 0.337 116.11 1.07 1.41 -8.06 455.1
2002 12 7 12 35391.9 1.049 79.35 1.07 0.49 -8.18 411.0
2002 12 8 12 35363.1 0.387 104.12 1.07 0.63 -8.08 406.1
2002 12 9 12 35336.6 1.468 75.08 1.07 2.02 -5.40 528.1
2002 12 10 12 35312.4 1.445 102.68 1.07 1.63 -6.24 473.3
2002 12 11 12 35290.6 0.308 88.83 1.07 -2.19 -11.65 464.4
2002 12 12 12 35271.1 1.080 114.29 1.07 -1.14 -9.07 423.0
2002 12 13 12 35253.9 1.351 101.75 1.07 1.52 -7.32 477.1
2002 12 14 12 35239.2 0.659 94.79 1.07 -1.81 -10.18 428.0
2002 12 15 12 35226.7 3.868 94.92 1.07 -1.48 -11.12 392.4
2002 12 16 12 35216.7 1.404 67.21 1.07 0.44 -9.81 428.3
2002 12 17 12 35209.0 0.510 113.35 1.07 1.27 -7.57 488.1
2002 12 18 12 35203.6 0.297 120.72 1.07 0.97 -8.43 430.4
2002 12 19 12 35200.7 0.344 111.70 1.07 -2.82 -11.58 351.4
2002 12 20 12 35200.1 0.355 92.55 1.07 -0.91 -10.06 428.3
2002 12 21 12 35201.9 0.155 86.99 1.07 -1.18 -9.74 454.0
2002 12 22 12 35206.0 2.352 74.93 1.07 -1.60 -10.00 378.5
2002 12 23 12 35212.5 2.844 94.32 1.07 -3.16 -11.17 427.5
2002 12 24 12 35221.4 3.793 65.57 1.07 1.17 -6.85 428.4
2002 12 25 12 35232.6 0.122 68.26 1.07 -1.14 -8.68 428.2
2002 12 26 12 35246.3 3.814 114.97 1.07 -2.52 -11.04 333.4
2002 12 27 12 35262.2 0.994 124.65 1.07 -0.60 -10.21 340.2
2002 12 28 12 35280.5 1.792 91.47 1.07 -1.47 -9.26 408.0
2002 12 29 12 35301.2 2.226 108.08 1.07 -0.03 -8.40 446.9
2002 12 30 12 35324.2 1.213 93.84 1.07 -2.10 -10.06 395.5
2002 12 31 12 35349.5 4.236 119.16 1.07 -2.08 -10.01 456.0
2003 1 1 12 35377.2 6.183 105.18 1.07 -1.45 -10.27 358.2
2003 1 2 12 35407.2 3.151 111.32 1.07 -0.51 -9.35 413.0
2003 1 3 12 35439.5 3.109 75.14 1.07 -3.07 -10.03 377.5
2003 1 4 12 35474.1 3.940 101.34 1.07 -3.75 -13.42 318.8
2003 1 5 12 35511.0 1.217 95.21 1.07 -0.94 -9.91 382.4
2003 1 6 12 35550.1 0.457 124.06 1.07 -1.33 -9.22 403.1
2003 1 7 12 35591.5 1.708 95.73 1.07 -1.71 -10.47 386.1
2003 1 8 12 35635.2 0.885 100.62 1.07 -1.70 -10.77 346.5
2003 1 9 12 35681.2 0.560 76.92 1.07 -1.82 -9.76 435.7
2003 1 10 12 35729.3 0.062 107.59 1.07 0.13 -7.36 489.3
2003 1 11 12 35779.7 0.207 107.34 1.07 -1.61 -10.07 402.5
2003 1 12 12 35832.2 4.554 101.98 1.07 -2.24 -12.11 352.2
2003 1 13 12 35887.0 3.899 125.98 1.07 -3.53 -12.03 351.1
2003 1 14 12 35943.9 6.115 107.74 1.07 -2.57 -10.83 412.0
2003 1 15 12 36003.0 0.122 98.59 1.07 -1.17 -10.60 357.5
2003 1 16 12 36064.1 0.898 96.63 1.07 -0.90 -8.26 451.2
2003 1 17 12 36127.5 0.763 120.51 1.07 -4.22 -12.37 341.4
2003 1 18 12 36192.9 2.642 85.61 1.07 -0.70 -10.09 384.6
2003 1 19 12 36260.3 0.672 100.66 1.07 -2.21 -10.35 389.1
2003 1 20 12 36329.9 0.556 109.40 1.07 1.50 -6.65 471.6
2003 1 21 12 36401.5 0.607 105.86 1.07 -0.19 -9.30 370.9
2003 1 22 12 36475.1 1.527 111.65 1.07 -2.29 -11.92 333.0
2003 1 23 12 36550.6 2.051 130.48 1.07 -3.76 -12.59 329.3
2003 1 24 12 36628.2 1.206 110.22 1.07 -3.54 -12.65 355.1
2003 1 25 12 36707.7 0.918 100.13 1.07 -2.77 -11.16 321.7
2003 1 26 12 36789.1 5.105 138.98 1.07 0.74 -8.08 465.9
2003 1 27 12 36872.4 0.362 112.57 1.07 -2.39 -10.59 434.4
2003 1 28 12 36957.6 0.891 123.93 1.07 -1.57 -9.98 375.9
2003 1 29 12 37044.7 2.458 140.62 1.07 -2.08 -10.06 399.0
2003 1 30 12 37133.6 1.690 108.54 1.07 -2.12 -10.24 424.9
2003 1 31 12 37224.2 3.562 147.00 1.07 -2.42 -10.19 393.4
2003 2 1 12 37316.7 0.459 147.92 1.07 0.45 -8.86 413.7
2003 2 2 12 37410.8 0.021 111.15 1.07 -0.40 -8.13 464.1
2003 2 3 12 37506.7 1.319 114.48 1.07 -3.79 -10.79 421.3
2003 2 4 12 37604.3 4.638 135.08 1.07 -4.07 -11.67 349.7
2003 2 5 12 37703.6 4.254 146.78 1.07 -0.31 -10.12 379.3
2003 2 6 12 37804.5 2.785 138.48 1.07 0.15 -7.10 471.8
2003 2 7 12 37906.9 0.902 126.45 1.07 -2.79 -10.75 365.8
2003 2 8 12 38011.0 1.316 136.13 1.07 -1.98 -9.74 374.5
2003 2 9 12 38116.5 2.575 139.86 1.07 0.39 -8.86 404.8
2003 2 10 12 38223.6 2.259 134.95 1.07 -0.22 -10.00 369.4
2003 2 11 12 38332.2 4.286 124.56 1.07 -1.09 -8.49 391.2
2003 2 12 12 38442.2 0.029 144.69 1.07 -0.16 -9.15 465.1
2003 2 13 12 38553.6 1.972 129.61 1.07 -1.30 -10.58 349.2
2003 2 14 12 38666.4 3.932 106.33 1.07 -1.44 -11.32 375.0
2003 2 15 12 38780.5 1.198 115.36 1.07 0.86 -9.15 360.7
2003 2 16 12 38896.0 0.920 156.42 1.07 -1.64 -10.24 442.5
2003 2 17 12 39012.7 0.827 122.13 1.07 -1.25 -9.11 419.5
2003 2 18 12 39130.6 3.566 140.94 1.07 2.10 -6.25 520.1
2003 2 19 12 39249.8 1.471 159.72 1.07 -1.63 -10.34 369.1
2003 2 20 12 39370.1 9.324 144.42 1.07 2.27 -5.24 567.0
2003 2 21 12 39491.6 1.526 177.50 1.07 0.14 -7.25 419.8
2003 2 22 12 39614.2 8.901 142.74 1.07 0.00 -9.35 429.7
2003 2 23 12 39737.8 7.585 133.08 1.07 0.89 -7.55 375.0
2003 2 24 12 39862.5 0.224 125.03 1.07 1.49 -7.01 446.0
2003 2 25 12 39988.1 0.756 120.15 1.07 2.40 -6.45 468.8
2003 2 26 12 40114.7 5.482 172.35 1.07 0.14 -8.09 438.3
2003 2 27 12 40242.2 0.281 133.74 1.07 1.27 -6.14 462.7
2003 2 28 12 40370.6 1.387 127.57 1.07 0.06 -10.15 409.1
2003 3 1 12 40499.8 0.732 147.65 1.07 0.05 -8.37 416.9
2003 3 2 12 40629.8 5.368 145.57 1.07 1.19 -7.29 497.5
2003 3 3 12 40760.6 7.117 145.66 1.07 2.25 -6.55 483.3
2003 3 4 12 40892.1 6.674 176.37 1.07 -0.10 -8.08 398.3
2003 3 5 12 41024.3 3.217 161.65 1.07 -0.97 -9.78 416.4
2003 3 6 12 41157.2 4.077 172.70 1.07 0.04 -9.14 415.4
2003 3 7 12 41290.6 10.039 195.35 1.07 1.00 -6.96 391.2
2003 3 8 12 41424.6 1.784 150.38 1.07 3.80 -5.81 529.4
2003 3 9 12 41559.2 2.401 167.09 1.07 0.76 -8.40 401.5
2003 3 10 12 41694.2 0.204 144.09 1.07 2.93 -6.35 476.4
2003 3 11 12 41829.7 0.092 189.41 1.07 4.04 -3.20 547.5
2003 3 12 12 41965.5 4.999 164.59 1.07 1.35 -7.14 457.8
2003 3 13 12 42101.8 15.582 122.81 1.07 4.70 -5.00 523.4
2003 3 14 12 42238.3 3.807 150.42 1.07 3.69 -4.70 532.0
2003 3 15 12 42375.2 1.388 194.11 1.07 1.54 -7.96 446.5
2003 3 16 12 42512.3 9.279 145.76 1.07 2.57 -5.80 455.3
2003 3 17 12 42649.6 5.466 173.02 1.07 2.15 -7.52 452.5
2003 3 18 12 42787.0 3.770 183.30 1.07 3.12 -6.71 501.1
2003 3 19 12 42924.6 5.216 185.72 1.07 4.28 -3.75 521.0
2003 3 20 12 43062.3 3.294 217.03 1.07 2.88 -6.22 431.6
2003 3 21 12 43200.0 6.444 178.83 1.07 4.59 -3.01 574.1
2003 3 22 12 43337.7 0.476 166.93 1.07 4.48 -5.88 468.4
2003 3 23 12 43475.4 3.414 169.60 1.07 2.80 -5.33 519.7
2003 3 24 12 43613.0 1.559 201.62 1.07 5.14 -3.85 506.4
2003 3 25 12 43750.4 3.828 148.68 1.07 6.38 -1.63 582.7
2003 3 26 12 43887.7 4.751 190.39 1.07 4.60 -4.34 505.2
2003 3 27 12 44024.8 8.471 212.89 1.07 6.25 -1.86 544.0
2003 3 28 12 44161.7 1.161 190.97 1.07 3.80 -5.02 514.2
2003 3 29 12 44298.2 2.648 210.74 1.07 7.84 -0.69 562.5
2003 3 30 12 44434.5 4.849 160.23 1.07 6.63 -0.92 529.3
2003 3 31 12 44570.3 1.506 212.85 1.07 6.97 -1.58 589.9
2003 4 1 12 44705.8 0.343 198.13 1.07 5.12 -3.98 502.9
2003 4 2 12 44840.8 2.986 188.31 1.07 7.37 -2.00 568.5
2003 4 3 12 44975.4 3.219 189.90 1.07 7.13 -1.08 585.6
2003 4 4 12 45109.4 1.454 225.24 1.07 7.82 0.12 622.7
2003 4 5 12 45242.8 1.137 187.94 1.07 8.85 0.79 642.7
2003 4 6 12 45375.7 1.630 190.04 1.07 6.37 -0.83 597.9
2003 4 7 12 45507.9 1.094 227.30 1.07 9.25 0.89 636.4
2003 4 8 12 45639.4 1.993 208.90 1.07 8.65 -0.40 619.4
2003 4 9 12 45770.2 12.080 213.15 1.07 5.95 -1.55 552.7
2003 4 10 12 45900.2 12.017 191.54 1.07 10.40 0.72 595.8
2003 4 11 12 46029.4 3.122 192.61 1.07 7.33 -1.91 579.7
2003 4 12 12 46157.8 0.670 235.97 1.07 8.64 0.11 551.0
2003 4 13 12 46285.3 3.004 215.87 1.07 8.91 -0.51 551.8
2003 4 14 12 46411.9 1.053 211.70 1.07 7.32 -0.85 532.9
2003 4 15 12 46537.5 2.188 208.36 1.07 10.26 1.31 659.4
2003 4 16 12 46662.2 6.567 212.21 1.07 8.51 0.76 647.6
2003 4 17 12 46785.8 1.397 203.97 1.07 7.46 -0.75 609.7
2003 4 18 12 46908.4 4.718 222.85 1.07 8.35 1.27 626.7
2003 4 19 12 47029.9 1.660 208.17 1.07 7.07 -2.94 527.5
2003 4 20 12 47150.2 6.688 213.06 1.07 7.99 -0.23 588.6
2003 4 21 12 47269.4 2.820 227.51 1.07 11.69 3.19 675.2
2003 4 22 12 47387.3 6.715 242.92 1.07 8.11 -0.39 613.0
2003 4 23 12 47504.0 0.850 241.38 1.07 11.13 2.19 610.5
2003 4 24 12 47619.5 5.367 214.23 1.07 9.95 1.61 653.6
2003 4 25 12 47733.6 2.511 221.95 1.07 12.65 2.47 681.8
2003 4 26 12 47846.4 3.370 200.79 1.07 11.20 1.00 644.4
2003 4 27 12 47957.8 6.024 236.72 1.07 9.63 0.37 562.7
2003 4 28 12 48067.8 1.939 239.51 1.07 12.52 2.31 668.4
2003 4 29 12 48176.4 4.711 229.59 1.07 11.27 2.98 657.2
2003 4 30 12 48283.5 1.115 249.57 1.07 13.05 3.65 719.9
2003 5 1 12 48389.0 9.230 222.57 1.07 12.74 4.07 677.6
2003 5 2 12 48493.1 3.009 233.97 1.07 10.87 2.49 682.9
2003 5 3 12 48595.5 11.367 216.13 1.07 12.46 3.72 718.3
2003 5 4 12 48696.4 7.990 232.52 1.07 12.00 3.91 702.6
2003 5 5 12 48795.7 0.529 228.36 1.07 12.67 3.67 657.0
2003 5 6 12 48893.3 3.041 245.58 1.07 13.05 4.38 702.0
2003 5 7 12 48989.2 4.209 231.80 1.07 11.06 2.03 616.5
2003 5 8 12 49083.3 2.037 256.34 1.07 14.10 6.23 707.7
2003 5 9 12 49175.8 5.044 213.86 1.07 13.35 3.66 708.1
2003 5 10 12 49266.4 2.919 248.77 1.07 12.13 3.81 677.5
2003 5 11 12 49355.3 2.050 199.78 1.07 12.49 5.10 697.8
2003 5 12 12 49442.4 6.499 240.35 1.07 11.82 3.58 721.1
2003 5 13 12 49527.6 16.042 260.65 1.07 17.54 8.44 810.9
2003 5 14 12 49610.9 1.522 242.12 1.07 14.76 6.40 695.8
2003 5 15 12 49692.3 7.258 262.83 1.07 15.55 6.41 731.4
2003 5 16 12 49771.8 1.269 230.40 1.07 17.34 9.59 780.1
2003 5 17 12 49849.4 0.939 248.81 1.07 19.46 11.21 816.9
2003 5 18 12 49924.9 0.217 234.55 1.07 14.49 6.00 751.4
2003 5 19 12 49998.5 12.247 269.79 1.07 14.95 7.46 769.6
2003 5 20 12 50070.1 6.187 235.58 1.07 14.40 5.84 669.3
2003 5 21 12 50139.7 2.550 234.34 1.07 15.87 6.08 755.3
2003 5 22 12 50207.1 0.433 268.70 1.07 13.56 4.98 686.0
2003 5 23 12 50272.5 0.801 231.49 1.07 18.41 9.56 804.4
2003 5 24 12 50335.9 6.778 238.53 1.07 17.37 8.72 795.2
2003 5 25 12 50397.0 6.537 259.84 1.07 16.48 8.26 787.8
2003 5 26 12 50456.1 0.190 255.52 1.07 14.77 6.70 717.2
2003 5 27 12 50513.0 2.023 242.18 1.07 19.29 9.80 809.3
2003 5 28 12 50567.8 0.662 251.55 1.07 16.63 8.02 786.3
2003 5 29 12 50620.3 0.621 280.65 1.07 20.06 11.28 821.8
2003 5 30 12 50670.7 1.678 239.10 1.07 17.17 8.72 760.7
2003 5 31 12 50718.8 2.157 254.80 1.07 17.89 9.60 762.0
2003 6 1 12 50764.8 4.659 250.85 1.07 16.06 7.38 801.9
2003 6 2 12 50808.5 3.980 270.70 1.07 19.90 10.30 770.2
2003 6 3 12 50849.9 1.246 237.62 1.07 15.73 7.03 713.0
2003 6 4 12 50889.0 3.835 246.30 1.07 19.55 11.86 844.4
2003 6 5 12 50925.9 14.466 251.83 1.07 20.61 11.09 792.2
2003 6 6 12 50960.5 0.668 246.88 1.07 16.19 8.65 827.2
2003 6 7 12 50992.8 7.860 263.96 1.07 20.22 10.25 768.6
2003 6 8 12 51022.8 1.046 268.26 1.07 21.12 12.66 858.9
2003 6 9 12 51050.5 2.023 264.38 1.07 19.75 10.63 840.5
2003 6 10 12 51075.8 1.140 231.79 1.07 20.11 11.47 793.6
2003 6 11 12 51098.8 0.744 253.52 1.07 19.94 11.90 814.0
2003 6 12 12 51119.5 0.174 255.01 1.07 19.59 11.72 838.1
2003 6 13 12 51137.8 3.233 241.72 1.07 18.08 10.48 790.0
2003 6 14 12 51153.7 0.949 245.80 1.07 19.66 9.79 808.6
2003 6 15 12 51167.4 1.678 285.76 1.07 19.40 10.07 795.0
2003 6 16 12 51178.6 2.362 271.40 1.07 22.79 13.70 877.5
2003 6 17 12 51187.5 1.287 241.21 1.07 19.99 10.76 835.7
2003 6 18 12 51194.0 0.046 269.22 1.07 20.15 11.86 811.1
2003 6 19 12 51198.1 9.371 268.21 1.07 20.59 12.60 852.2
2003 6 20 12 51199.9 0.893 247.77 1.07 21.09 10.97 812.6
2003 6 21 12 51199.3 2.315 266.87 1.07 19.35 9.84 769.8
2003 6 22 12 51196.4 0.904 252.51 1.07 22.04 13.27 889.8
2003 6 23 12 51191.0 0.786 232.14 1.07 20.58 11.94 789.3
2003 6 24 12 51183.3 3.340 252.65 1.07 21.90 14.53 850.0
2003 6 25 12 51173.3 1.745 243.07 1.07 19.53 9.91 818.8
2003 6 26 12 51160.8 1.049 249.99 1.07 20.77 11.70 791.7
2003 6 27 12 51146.1 3.002 266.74 1.07 23.28 15.69 965.3
2003 6 28 12 51128.9 1.777 266.58 1.07 24.12 15.07 857.4
2003 6 29 12 51109.4 2.313 264.47 1.07 22.21 14.16 928.7
2003 6 30 12 51087.6 0.411 263.19 1.07 19.60 10.59 839.1
2003 7 1 12 51063.4 0.654 242.43 1.07 18.59 9.74 746.9
2003 7 2 12 51036.9 2.294 246.27 1.07 22.42 14.23 885.8
2003 7 3 12 51008.1 3.612 275.33 1.07 24.45 15.59 869.3
2003 7 4 12 50976.9 1.596 284.36 1.07 20.95 11.72 809.7
2003 7 5 12 50943.5 1.094 257.20 1.07 21.31 13.23 850.5
2003 7 6 12 50907.8 3.315 261.48 1.07 22.06 12.70 791.9
2003 7 7 12 50869.7 0.667 288.49 1.07 25.47 17.43 927.1
2003 7 8 12 50829.4 13.222 249.83 1.07 22.02 13.10 854.7
2003 7 9 12 50786.9 1.141 258.29 1.07 22.09 12.72 847.2
2003 7 10 12 50742.1 13.668 245.43 1.07 21.26 13.30 823.3
2003 7 11 12 50695.1 0.409 223.07 1.07 22.02 13.03 845.7
2003 7 12 12 50645.8 4.585 245.51 1.07 23.59 14.79 901.1
2003 7 13 12 50594.3 1.502 259.52 1.07 20.95 10.72 836.1
2003 7 14 12 50540.7 1.371 229.65 1.07 23.38 13.80 951.1
2003 7 15 12 50484.8 5.006 260.28 1.07 23.46 15.75 948.2
2003 7 16 12 50426.8 1.858 232.80 1.07 20.79 12.30 818.2
2003 7 17 12 50366.7 4.968 242.32 1.07 23.19 15.47 893.2
2003 7 18 12 50304.5 5.648 248.04 1.07 25.09 16.37 938.5
2003 7 19 12 50240.1 1.203 236.47 1.07 20.18 11.60 870.1
2003 7 20 12 50173.7 1.412 250.13 1.07 21.79 14.48 941.9
2003 7 21 12 50105.1 1.936 247.28 1.07 22.40 14.10 830.1
2003 7 22 12 50034.6 6.090 249.33 1.07 22.59 15.27 935.0
2003 7 23 12 49962.0 2.855 269.64 1.07 20.57 11.57 792.7
2003 7 24 12 49887.4 1.316 234.52 1.07 20.11 11.27 816.9
2003 7 25 12 49810.8 0.218 253.19 1.07 20.86 11.61 861.5
2003 7 26 12 49732.3 1.353 234.04 1.07 22.10 13.91 853.1
2003 7 27 12 49651.8 0.441 244.67 1.07 21.23 11.87 823.0
2003 7 28 12 49569.5 5.782 258.09 1.07 23.21 15.92 976.1
2003 7 29 12 49485.2 1.949 257.68 1.07 23.69 13.75 923.4
2003 7 30 12 49399.1 1.119 235.04 1.07 20.55 11.92 852.1
2003 7 31 12 49311.1 0.063 254.74 1.07 22.30 13.21 808.5
2003 8 1 12 49221.3 0.030 244.47 1.07 21.91 13.49 820.4
2003 8 2 12 49129.8 1.164 241.12 1.07 25.54 16.30 929.8
2003 8 3 12 49036.5 1.530 242.51 1.07 21.04 12.59 865.7
2003 8 4 12 48941.4 4.441 237.06 1.07 22.24 13.93 886.4
2003 8 5 12 48844.7 0.366 223.39 1.07 24.56 16.37 896.4
2003 8 6 12 48746.2 0.798 233.38 1.07 18.53 11.31 824.4
2003 8 7 12 48646.2 8.738 255.93 1.07 23.67 15.00 931.0
2003 8 8 12 48544.5 6.105 224.13 1.07 20.46 11.61 827.3
2003 8 9 12 48441.3 1.197 280.98 1.07 19.14 10.36 779.9
2003 8 10 12 48336.4 0.980 220.10 1.07 21.72 11.93 841.2
2003 8 11 12 48230.1 3.190 243.40 1.07 21.48 13.63 886.8
2003 8 12 12 48122.3 2.491 207.35 1.07 22.03 12.62 841.6
2003 8 13 12 48013.0 0.526 234.39 1.07 22.15 14.37 896.6
2003 8 14 12 47902.3 1.919 202.10 1.07 20.78 11.45 823.5
2003 8 15 12 47790.2 1.340 239.25 1.07 23.49 13.53 827.3
2003 8 16 12 47676.7 0.478 225.24 1.07 22.85 12.30 836.2
2003 8 17 12 47561.9 1.029 238.55 1.07 21.35 13.43 898.7
2003 8 18 12 47445.8 1.700 204.43 1.07 21.11 13.52 858.6
2003 8 19 12 47328.5 0.350 224.29 1.07 22.25 13.93 939.3
2003 8 20 12 47209.9 3.618 229.32 1.07 20.44 11.00 763.8
2003 8 21 12 47090.2 1.996 227.99 1.07 18.43 8.87 790.0
2003 8 22 12 46969.3 1.014 204.37 1.07 20.01 11.02 838.1
2003 8 23 12 46847.3 3.991 218.69 1.07 19.55 11.65 799.8
2003 8 24 12 46724.2 4.693 207.58 1.07 20.15 11.30 824.5
2003 8 25 12 46600.0 4.256 217.01 1.07 18.05 8.25 698.5
2003 8 26 12 46474.8 0.633 187.71 1.07 18.12 8.79 777.4
2003 8 27 12 46348.7 0.205 233.72 1.07 21.31 12.84 843.5
2003 8 28 12 46221.7 3.413 201.14 1.07 19.57 11.91 848.9
2003 8 29 12 46093.7 0.494 216.23 1.07 18.91 10.79 833.2
2003 8 30 12 45964.9 0.250 190.23 1.07 18.56 9.26 779.1
2003 8 31 12 45835.3 0.840 181.42 1.07 18.83 10.19 769.0
2003 9 1 12 45704.9 2.063 215.11 1.07 19.18 11.38 786.7
2003 9 2 12 45573.7 0.257 213.47 1.07 16.31 7.65 719.0
2003 9 3 12 45441.8 1.234 215.19 1.07 18.05 8.15 772.0
2003 9 4 12 45309.3 0.580 206.47 1.07 18.80 9.64 801.1
2003 9 5 12 45176.2 1.512 217.46 1.07 18.14 6.93 671.0
2003 9 6 12 45042.4 1.221 203.59 1.07 15.60 7.23 799.0
2003 9 7 12 44908.2 0.393 183.25 1.07 18.10 10.53 819.5
2003 9 8 12 44773.4 0.899 231.80 1.07 17.85 10.42 793.4
2003 9 9 12 44638.1 1.142 181.87 1.07 16.71 8.04 738.2
2003 9 10 12 44502.5 1.575 205.67 1.07 16.20 6.88 724.3
2003 9 11 12 44366.4 1.640 199.14 1.07 17.73 8.94 814.4
2003 9 12 12 44230.0 5.984 206.22 1.07 17.43 8.93 802.6
2003 9 13 12 44093.3 3.706 187.53 1.07 17.79 10.18 800.3
2003 9 14 12 43956.3 0.851 192.61 1.07 20.05 11.73 864.8
2003 9 15 12 43819.1 2.614 176.78 1.07 17.62 7.67 776.7
2003 9 16 12 43681.7 0.959 193.52 1.07 15.50 7.53 744.7
2003 9 17 12 43544.2 1.317 164.19 1.07 18.30 8.16 796.1
2003 9 18 12 43406.5 3.288 201.12 1.07 15.86 7.40 786.5
2003 9 19 12 43268.9 0.271 215.96 1.07 15.69 8.42 803.6
2003 9 20 12 43131.1 0.668 195.83 1.07 14.53 4.62 709.0
2003 9 21 12 42993.5 1.120 146.84 1.07 16.56 7.85 772.6
2003 9 22 12 42855.8 1.011 168.58 1.07 15.07 6.41 702.0
2003 9 23 12 42718.3 0.414 189.92 1.07 16.66 8.06 702.9
2003 9 24 12 42580.9 0.331 157.06 1.07 16.04 8.09 769.7
2003 9 25 12 42443.7 0.538 152.24 1.07 13.71 4.56 684.2
2003 9 26 12 42306.7 0.269 173.15 1.07 13.36 5.29 694.1
2003 9 27 12 42170.0 0.347 162.53 1.07 14.97 6.14 681.1
2003 9 28 12 42033.6 1.526 160.32 1.07 16.27 7.77 777.6
2003 9 29 12 41897.5 1.498 146.03 1.07 15.80 6.08 716.0
2003 9 30 12 41761.9 0.480 191.04 1.07 16.31 8.56 740.1
2003 10 1 12 41626.6 1.106 149.61 1.07 14.08 5.60 691.5
2003 10 2 12 41491.8 1.228 156.46 1.07 15.00 6.87 704.7
2003 10 3 12 41357.6 4.928 167.86 1.07 15.15 7.44 739.3
2003 10 4 12 41223.8 0.149 156.81 1.07 16.26 7.43 748.1
2003 10 5 12 41090.7 1.345 151.72 1.07 13.67 4.86 711.6
2003 10 6 12 40958.2 2.396 171.66 1.07 12.29 2.26 590.3
2003 10 7 12 40826.3 0.989 161.77 1.07 14.40 5.94 722.8
2003 10 8 12 40695.1 2.980 159.80 1.07 10.48 2.98 612.9
2003 10 9 12 40564.7 1.833 147.32 1.07 13.89 5.24 692.0
2003 10 10 12 40435.1 1.647 132.65 1.07 14.08 4.81 708.7
2003 10 11 12 40306.3 0.894 168.23 1.07 13.39 5.50 702.9
2003 10 12 12 40178.3 0.078 138.91 1.07 10.25 0.50 548.1
2003 10 13 12 40051.3 0.846 128.02 1.07 11.79 2.70 639.7
2003 10 14 12 39925.2 2.030 141.73 1.07 12.89 3.75 721.8
2003 10 15 12 39800.0 1.651 144.90 1.07 11.84 3.95 709.8
2003 10 16 12 39675.8 1.634 123.54 1.07 10.90 2.48 722.8
2003 10 17 12 39552.7 1.466 136.76 1.07 10.96 1.89 639.7
2003 10 18 12 39430.7 0.982 142.00 1.07 15.05 6.04 699.0
2003 10 19 12 39309.8 0.551 121.66 1.07 8.74 0.27 593.3
2003 10 20 12 39190.1 0.905 156.51 1.07 8.11 -0.33 598.2
2003 10 21 12 39071.5 3.897 119.15 1.07 8.40 -0.09 589.1
2003 10 22 12 38954.2 0.816 147.22 1.07 12.80 3.66 694.3
2003 10 23 12 38838.1 1.323 138.62 1.07 10.48 2.74 670.9
2003 10 24 12 38723.3 1.351 173.30 1.07 8.35 1.03 577.4
2003 10 25 12 38609.8 0.218 134.97 1.07 12.33 4.86 723.2
2003 10 26 12 38497.7 0.253 111.90 1.07 7.07 -0.55 593.9
2003 10 27 12 38387.0 0.968 112.82 1.07 7.68 0.99 667.1
2003 10 28 12 38277.7 1.056 125.97 1.07 6.60 -2.56 579.1
2003 10 29 12 38169.9 0.013 92.25 1.07 8.27 -0.84 616.5
2003 10 30 12 38063.6 0.142 108.35 1.07 8.66 -1.05 576.6
2003 10 31 12 37958.7 0.483 136.93 1.07 7.97 -0.82 544.3
2003 11 1 12 37855.5 2.106 159.00 1.07 9.34 -0.25 634.5
2003 11 2 12 37753.8 0.020 123.99 1.07 6.75 -0.79 606.7
2003 11 3 12 37653.8 1.285 108.62 1.07 6.72 -1.70 616.8
2003 11 4 12 37555.3 0.382 138.98 1.07 7.40 -1.46 556.6
2003 11 5 12 37458.6 1.502 142.15 1.07 9.50 0.03 611.3
2003 11 6 12 37363.5 1.030 114.82 1.07 7.24 -2.38 554.2
2003 11 7 12 37270.2 0.381 130.07 1.07 5.92 -3.10 519.0
2003 11 8 12 37178.7 0.492 139.37 1.07 7.36 0.06 552.0
2003 11 9 12 37088.9 0.335 123.84 1.07 5.64 -2.04 549.5
2003 11 10 12 37000.9 1.931 107.65 1.07 6.15 -1.84 539.6
2003 11 11 12 36914.8 0.191 109.30 1.07 5.31 -5.03 537.3
2003 11 12 12 36830.5 0.086 97.80 1.07 3.55 -5.13 508.4
2003 11 13 12 36748.2 1.461 103.71 1.07 4.21 -4.58 493.9
2003 11 14 12 36667.7 1.291 124.02 1.07 7.30 -1.86 598.9
2003 11 15 12 36589.2 0.430 110.57 1.07 5.27 -3.29 561.5
2003 11 16 12 36512.6 0.595 90.29 1.07 4.85 -4.47 516.0
2003 11 17 12 36438.0 3.762 117.50 1.07 4.49 -4.54 509.7
2003 11 18 12 36365.4 3.129 128.19 1.07 3.82 -5.47 462.7
2003 11 19 12 36294.9 0.548 108.28 1.07 4.15 -4.96 507.8
2003 11 20 12 36226.3 4.274 109.02 1.07 3.34 -7.90 438.1
2003 11 21 12 36159.9 0.885 131.66 1.07 4.10 -4.44 547.7
2003 11 22 12 36095.5 1.349 126.58 1.07 1.97 -6.13 491.8
2003 11 23 12 36033.3 1.769 116.53 1.07 4.41 -4.83 494.8
2003 11 24 12 35973.2 2.409 129.10 1.07 3.09 -4.61 547.7
2003 11 25 12 35915.2 1.390 124.77 1.07 1.11 -8.19 420.1
2003 11 26 12 35859.3 0.418 104.84 1.07 2.43 -7.15 445.2
2003 11 27 12 35805.7 0.045 111.87 1.07 2.11 -5.65 491.4
2003 11 28 12 35754.2 2.678 107.37 1.07 4.04 -4.98 520.7
2003 11 29 12 35704.9 0.165 134.74 1.07 2.12 -6.29 488.0
2003 11 30 12 35657.9 0.262 111.05 1.07 1.03 -8.74 481.4
2003 12 1 12 35613.1 1.584 109.46 1.07 -0.93 -9.66 425.9
2003 12 2 12 35570.6 0.636 131.78 1.07 1.03 -7.83 390.9
2003 12 3 12 35530.3 1.219 105.91 1.07 3.52 -5.38 500.2
2003 12 4 12 35492.2 1.262 97.91 1.07 2.30 -6.59 472.4
2003 12 5 12 35456.5 0.621 70.17 1.07 0.16 -8.29 409.2
2003 12 6 12 35423.1 0.328 95.80 1.07 1.05 -7.45 446.8
2003 12 7 12 35391.9 2.377 104.80 1.07 1.30 -6.89 424.4
2003 12 8 12 35363.1 1.836 116.39 1.07 3.40 -6.79 473.8
2003 12 9 12 35336.6 0.822 101.27 1.07 0.92 -6.48 468.1
2003 12 10 12 35312.4 0.046 88.19 1.07 -0.02 -8.80 396.0
2003 12 11 12 35290.6 0.642 106.87 1.07 1.17 -7.85 429.6
2003 12 12 12 35271.1 0.715 74.23 1.07 1.47 -6.86 500.0
2003 12 13 12 35253.9 3.351 120.02 1.07 1.54 -7.21 460.0
2003 12 14 12 35239.2 3.772 121.89 1.07 1.39 -7.12 449.5
2003 12 15 12 35226.7 1.261 73.98 1.07 3.36 -5.54 468.8
2003 12 16 12 35216.7 1.385 87.50 1.07 -1.78 -9.92 420.6
2003 12 17 12 35209.0 0.214 105.39 1.07 -0.27 -10.16 422.4
2003 12 18 12 35203.6 1.948 126.47 1.07 -0.20 -8.61 450.6
2003 12 19 12 35200.7 0.039 99.23 1.07 -2.22 -11.23 395.7
2003 12 20 12 35200.1 0.410 105.86 1.07 -2.07 -12.12 389.9
2003 12 21 12 35201.9 0.646 103.83 1.07 -0.88 -8.60 418.9
2003 12 22 12 35206.0 1.433 76.78 1.07 -1.14 -10.04 378.3
2003 12 23 12 35212.5 0.197 95.02 1.07 -1.46 -9.25 426.7
2003 12 24 12 35221.4 1.194 88.84 1.07 -3.47 -11.49 374.6
2003 12 25 12 35232.6 0.176 103.86 1.07 -2.54 -11.74 358.8
2003 12 26 12 35246.3 4.277 90.22 1.07 -1.81 -9.47 413.1
2003 12 27 12 35262.2 0.526 101.11 1.07 -1.40 -10.19 457.0
2003 12 28 12 35280.5 2.156 100.03 1.07 -0.68 -9.82 415.0
2003 12 29 12 35301.2 0.886 101.47 1.07 -1.59 -10.98 403.6
2003 12 30 12 35324.2 0.751 117.26 1.07 -2.27 -11.51 327.5
2003 12 31 12 35349.5 2.286 107.29 1.07 -0.80 -9.11 454.3
2004 1 1 12 35377.2 0.544 98.11 1.07 -1.02 -10.20 398.5
2004 1 2 12 35407.2 0.631 109.53 1.07 -2.86 -11.11 383.0
2004 1 3 12 35439.5 0.877 94.28 1.07 1.42 -7.59 441.9
2004 1 4 12 35474.1 1.449 86.60 1.07 -4.99 -12.83 308.1
2004 1 5 12 35511.0 0.910 119.22 1.07 -0.63 -9.54 363.3
2004 1 6 12 35550.1 0.609 93.64 1.07 -0.31 -9.06 395.5
2004 1 7 12 35591.5 0.700 88.74 1.07 -0.16 -8.87 528.5
2004 1 8 12 35635.2 1.283 127.14 1.07 -1.26 -9.72 451.9
2004 1 9 12 35681.2 0.901 118.00 1.07 -3.84 -12.41 356.7
2004 1 10 12 35729.3 6.564 102.53 1.07 1.11 -8.26 447.0
2004 1 11 12 35779.7 1.266 119.19 1.07 -3.90 -10.97 426.1
2004 1 12 12 35832.2 1.375 99.35 1.07 -3.49 -11.57 375.7
2004 1 13 12 35887.0 1.307 114.10 1.07 -2.71 -10.57 331.9
2004 1 14 12 35943.9 1.312 108.28 1.07 -3.82 -11.48 409.0
2004 1 15 12 36003.0 0.460 102.58 1.07 -3.83 -12.60 350.2
2004 1 16 12 36064.1 1.522 112.53 1.07 -3.28 -11.22 382.6
2004 1 17 12 36127.5 2.351 92.48 1.07 -4.88 -12.40 351.3
2004 1 18 12 36192.9 0.428 101.37 1.07 -1.80 -9.26 408.6
2004 1 19 12 36260.3 1.495 79.84 1.07 -2.64 -10.49 414.6
2004 1 20 12 36329.9 3.110 106.40 1.07 -2.35 -11.12 382.3
2004 1 21 12 36401.5 0.642 115.83 1.07 -1.55 -9.07 425.8
2004 1 22 12 36475.1 1.024 91.11 1.07 -2.15 -11.77 339.4
2004 1 23 12 36550.6 2.598 119.22 1.07 -2.93 -12.04 429.3
2004 1 24 12 36628.2 2.858 81.32 1.07 -1.25 -11.69 406.0
2004 1 25 12 36707.7 1.283 106.24 1.07 -2.32 -11.12 408.5
2004 1 26 12 36789.1 3.515 114.41 1.07 -3.10 -12.04 407.6
2004 1 27 12 36872.4 0.117 116.40 1.07 -2.08 -11.06 383.8
2004 1 28 12 36957.6 0.451 121.06 1.07 0.07 -8.70 457.1
2004 1 29 12 37044.7 0.447 93.58 1.07 -2.66 -12.13 383.3
2004 1 30 12 37133.6 0.183 121.83 1.07 -0.78 -8.88 427.2
2004 1 31 12 37224.2 0.919 130.44 1.07 -3.20 -11.98 358.8
2004 2 1 12 37316.7 1.580 114.46 1.07 -1.64 -10.50 390.1
2004 2 2 12 37410.8 2.275 118.49 1.07 -1.22 -10.89 388.7
2004 2 3 12 37506.7 0.319 101.45 1.07 -2.88 -12.30 315.8
2004 2 4 12 37604.3 1.035 136.97 1.07 -2.05 -11.40 392.0
2004 2 5 12 37703.6 0.986 105.99 1.07 -2.88 -11.10 414.3
2004 2 6 12 37804.5 5.891 142.22 1.07 -2.68 -9.07 402.5
2004 2 7 12 37906.9 1.161 159.99 1.07 -1.36 -9.77 390.2
2004 2 8 12 38011.0 4.065 120.62 1.07 1.14 -6.83 443.8
2004 2 9 12 38116.5 2.488 117.57 1.07 -0.57 -8.49 420.3
2004 2 10 12 38223.6 4.975 127.43 1.07 -1.07 -10.97 346.8
2004 2 11 12 38332.2 3.123 146.23 1.07 1.09 -6.59 455.4
2004 2 12 12 38442.2 1.998 118.71 1.07 -2.92 -11.32 405.0
2004 2 13 12 38553.6 0.952 101.29 1.07 1.15 -6.59 436.6
2004 2 14 12 38666.4 1.940 151.57 1.07 -1.33 -10.76 379.5
2004 2 15 12 38780.5 2.897 136.10 1.07 -0.26 -8.64 449.9
2004 2 16 12 38896.0 2.207 133.48 1.07 0.44 -7.61 459.7
2004 2 17 12 39012.7 1.719 138.89 1.07 0.24 -8.43 449.6
2004 2 18 12 39130.6 7.019 126.93 1.07 -0.92 -10.44 407.8
2004 2 19 12 39249.8 0.276 137.53 1.07 0.98 -9.02 426.1
2004 2 20 12 39370.1 0.738 145.54 1.07 -0.77 -8.81 390.4
2004 2 21 12 39491.6 2.392 150.11 1.07 -0.67 -8.81 426.9
2004 2 22 12 39614.2 0.451 144.53 1.07 -0.01 -9.17 398.4
2004 2 23 12 39737.8 1.661 109.06 1.07 0.94 -7.01 485.3
2004 2 24 12 39862.5 4.536 141.63 1.07 -1.20 -10.24 376.2
2004 2 25 12 39988.1 0.521 148.47 1.07 -0.91 -10.30 424.8
2004 2 26 12 40114.7 1.318 150.99 1.07 -2.04 -10.31 397.6
2004 2 27 12 40242.2 0.778 143.80 1.07 0.26 -9.74 420.4
2004 2 28 12 40370.6 0.573 180.93 1.07 2.39 -6.05 499.1
2004 2 29 12 40499.8 1.045 146.10 1.07 5.76 -4.19 558.0
2004 3 1 12 40629.8 2.453 160.80 1.07 1.45 -8.09 465.8
2004 3 2 12 40760.6 1.196 148.45 1.07 3.68 -5.23 485.6
2004 3 3 12 40892.1 2.699 163.80 1.07 1.41 -6.63 490.0
2004 3 4 12 41024.3 2.370 135.85 1.07 1.66 -8.58 443.6
2004 3 5 12 41157.2 4.074 182.02 1.07 1.46 -6.56 498.3
2004 3 6 12 41290.6 3.051 165.72 1.07 1.73 -5.92 487.4
2004 3 7 12 41424.6 0.716 154.09 1.07 1.89 -6.52 517.7
2004 3 8 12 41559.2 2.046 157.35 1.07 1.62 -7.13 466.0
2004 3 9 12 41694.2 0.933 153.65 1.07 4.92 -3.70 482.5
2004 3 10 12 41829.7 6.497 160.74 1.07 3.25 -6.51 476.0
2004 3 11 12 41965.5 8.238 167.13 1.07 1.51 -7.13 435.5
2004 3 12 12 42101.8 0.945 160.37 1.07 3.70 -4.65 498.0
2004 3 13 12 42238.3 9.395 181.19 1.07 4.41 -1.26 575.1
2004 3 14 12 42375.2 4.510 204.87 1.07 1.23 -6.35 491.2
2004 3 15 12 42512.3 2.184 169.55 1.07 4.80 -3.93 513.0
2004 3 16 12 42649.6 13.205 140.83 1.07 4.77 -4.63 555.7
2004 3 17 12 42787.0 2.263 170.46 1.07 4.15 -4.18 522.0
2004 3 18 12 42924.6 0.208 175.45 1.07 6.14 -2.51 545.9
2004 3 19 12 43062.3 1.174 189.76 1.07 5.45 -2.86 575.9
2004 3 20 12 43200.0 1.323 169.15 1.07 3.52 -5.92 493.4
2004 3 21 12 43337.7 4.937 170.79 1.07 4.52 -5.41 452.0
2004 3 22 12 43475.4 4.051 171.79 1.07 6.62 -1.67 536.4
2004 3 23 12 43613.0 3.986 164.63 1.07 3.99 -5.01 554.7
2004 3 24 12 43750.4 3.320 158.57 1.07 4.29 -4.33 516.4
2004 3 25 12 43887.7 3.106 187.94 1.07 5.50 -3.97 522.1
2004 3 26 12 44024.8 8.212 166.31 1.07 4.93 -2.80 585.0
2004 3 27 12 44161.7 7.346 184.84 1.07 9.17 -0.46 593.4
2004 3 28 12 44298.2 4.244 200.55 1.07 7.70 -0.23 587.7
2004 3 29 12 44434.5 3.383 178.38 1.07 9.13 0.47 612.8
2004 3 30 12 44570.3 0.120 210.65 1.07 7.88 -0.92 574.2
2004 3 31 12 44705.8 0.848 183.88 1.07 6.55 -1.92 561.8
2004 4 1 12 44840.8 2.144 173.36 1.07 3.44 -5.33 499.4
2004 4 2 12 44975.4 0.413 191.29 1.07 7.15 -1.70 581.6
2004 4 3 12 45109.4 1.406 204.01 1.07 5.13 -3.50 526.2
2004 4 4 12 45242.8 5.416 212.23 1.07 4.66 -4.34 514.6
2004 4 5 12 45375.7 1.562 207.25 1.07 8.97 0.62 616.3
2004 4 6 12 45507.9 3.023 229.35 1.07 5.75 -1.82 637.8
2004 4 7 12 45639.4 3.665 207.14 1.07 6.53 -0.05 615.2
2004 4 8 12 45770.2 4.051 197.61 1.07 7.08 -0.72 510.5
2004 4 9 12 45900.2 4.472 206.03 1.07 8.22 0.16 600.7
2004 4 10 12 46029.4 4.495 188.65 1.07 8.11 -2.15 520.7
2004 4 11 12 46157.8 0.092 221.99 1.07 9.53 0.80 608.1
2004 4 12 12 46285.3 6.046 189.95 1.07 9.48 0.33 599.8
2004 4 13 12 46411.9 3.237 196.46 1.07 6.46 -3.37 486.6
2004 4 14 12 46537.5 1.879 211.20 1.07 11.32 3.55 727.0
2004 4 15 12 46662.2 1.553 200.25 1.07 7.51 -2.42 557.2
2004 4 16 12 46785.8 0.027 221.33 1.07 7.91 -1.35 605.3
2004 4 17 12 46908.4 0.575 221.32 1.07 12.27 2.27 626.3
2004 4 18 12 47029.9 0.603 229.07 1.07 9.71 1.00 620.1
2004 4 19 12 47150.2 0.620 228.07 1.07 11.73 4.04 703.5
2004 4 20 12 47269.4 0.178 223.97 1.07 11.31 1.73 599.0
2004 4 21 12 47387.3 4.393 220.57 1.07 11.12 2.09 720.7
2004 4 22 12 47504.0 2.469 233.50 1.07 9.58 1.62 670.2
2004 4 23 12 47619.5 2.605 224.13 1.07 10.54 2.95 666.3
2004 4 24 12 47733.6 7.427 246.28 1.07 13.56 4.97 682.7
2004 4 25 12 47846.4 0.208 239.83 1.07 10.21 0.62 619.9
2004 4 26 12 47957.8 6.995 223.44 1.07 11.55 2.70 590.1
2004 4 27 12 48067.8 1.725 246.45 1.07 12.43 3.49 682.0
2004 4 28 12 48176.4 5.047 252.28 1.07 11.26 2.18 689.2
2004 4 29 12 48283.5 0.051 262.59 1.07 11.02 1.36 585.0
2004 4 30 12 48389.0 6.765 248.88 1.07 11.99 3.97 663.1
2004 5 1 12 48493.1 0.417 216.89 1.07 12.16 3.29 639.9
2004 5 2 12 48595.5 2.023 219.58 1.07 10.41 0.36 642.5
2004 5 3 12 48696.4 7.465 219.19 1.07 13.28 5.14 719.2
2004 5 4 12 48795.7 3.776 251.03 1.07 15.06 7.80 739.2
2004 5 5 12 48893.3 2.084 275.03 1.07 8.24 -0.14 597.4
2004 5 6 12 48989.2 5.002 243.37 1.07 13.74 4.32 692.1
2004 5 7 12 49083.3 1.706 239.47 1.07 9.16 2.25 610.6
2004 5 8 12 49175.8 6.111 247.29 1.07 16.07 7.45 717.5
2004 5 9 12 49266.4 2.794 249.20 1.07 13.16 5.18 689.8
2004 5 10 12 49355.3 0.076 260.54 1.07 14.26 5.35 681.1
2004 5 11 12 49442.4 1.794 233.63 1.07 12.92 3.80 672.9
2004 5 12 12 49527.6 3.169 250.13 1.07 17.59 9.58 768.0
2004 5 13 12 49610.9 4.097 256.38 1.07 17.94 8.57 776.6
2004 5 14 12 49692.3 5.491 248.72 1.07 13.34 4.39 686.3
2004 5 15 12 49771.8 1.674 222.28 1.07 13.35 4.66 712.6
2004 5 16 12 49849.4 3.333 218.24 1.07 16.64 9.05 789.8
2004 5 17 12 49924.9 1.121 226.55 1.07 16.85 7.13 685.8
2004 5 18 12 49998.5 11.179 264.61 1.07 15.16 7.41 735.3
2004 5 19 12 50070.1 4.753 272.31 1.07 14.34 6.36 742.5
2004 5 20 12 50139.7 5.351 232.89 1.07 18.36 10.23 842.1
2004 5 21 12 50207.1 8.023 262.28 1.07 15.88 7.83 792.7
2004 5 22 12 50272.5 2.765 220.19 1.07 15.96 6.46 768.7
2004 5 23 12 50335.9 7.663 242.06 1.07 16.81 7.08 745.9
2004 5 24 12 50397.0 4.456 257.51 1.07 14.58 4.52 724.8
2004 5 25 12 50456.1 4.568 265.15 1.07 16.02 7.10 799.0
2004 5 26 12 50513.0 1.668 242.98 1.07 15.62 7.26 771.0
2004 5 27 12 50567.8 6.061 252.09 1.07 14.32 4.92 708.7
2004 5 28 12 50620.3 3.667 253.16 1.07 16.16 8.02 777.8
2004 5 29 12 50670.7 1.856 234.68 1.07 17.53 8.79 719.3
2004 5 30 12 50718.8 0.108 270.94 1.07 16.57 7.96 746.4
2004 5 31 12 50764.8 2.988 258.54 1.07 17.71 9.59 714.3
2004 6 1 12 50808.5 1.807 244.12 1.07 16.47 7.87 755.7
2004 6 2 12 50849.9 1.964 255.53 1.07 19.14 9.58 766.2
2004 6 3 12 50889.0 2.691 273.38 1.07 19.85 12.49 802.1
2004 6 4 12 50925.9 5.138 245.19 1.07 19.51 11.34 840.7
2004 6 5 12 50960.5 7.880 240.36 1.07 18.90 9.40 767.2
2004 6 6 12 50992.8 6.189 241.33 1.07 20.03 11.25 820.3
2004 6 7 12 51022.8 3.813 294.25 1.07 18.02 9.55 803.5
2004 6 8 12 51050.5 3.969 271.84 1.07 17.89 8.32 722.1
2004 6 9 12 51075.8 2.263 244.08 1.07 19.11 11.12 844.3
2004 6 10 12 51098.8 8.138 260.68 1.07 18.53 9.02 782.2
2004 6 11 12 51119.5 0.873 262.99 1.07 21.53 14.28 901.1
2004 6 12 12 51137.8 0.545 260.24 1.07 22.64 14.78 872.4
2004 6 13 12 51153.7 1.630 250.98 1.07 23.68 14.52 922.7
2004 6 14 12 51167.4 0.273 238.74 1.07 21.24 11.77 836.2
2004 6 15 12 51178.6 3.301 248.90 1.07 20.51 12.02 845.8
2004 6 16 12 51187.5 17.374 252.17 1.07 17.14 7.41 736.4
2004 6 17 12 51194.0 9.720 272.35 1.07 19.57 10.82 773.1
2004 6 18 12 51198.1 3.373 262.54 1.07 19.19 10.57 813.8
2004 6 19 12 51199.9 0.425 268.34 1.07 19.41 11.10 840.4
2004 6 20 12 51199.3 5.117 243.10 1.07 22.54 14.72 889.0
2004 6 21 12 51196.4 7.326 256.20 1.07 22.78 14.85 868.7
2004 6 22 12 51191.0 1.238 275.72 1.07 20.07 12.23 832.3
2004 6 23 12 51183.3 2.898 240.71 1.07 19.87 11.57 847.9
2004 6 24 12 51173.3 0.087 285.09 1.07 20.55 12.07 866.3
2004 6 25 12 51160.8 3.565 261.31 1.07 18.22 9.09 810.2
2004 6 26 12 51146.1 2.005 269.17 1.07 22.98 12.80 885.8
2004 6 27 12 51128.9 0.745 230.72 1.07 22.37 13.88 846.0
2004 6 28 12 51109.4 1.641 269.93 1.07 19.35 9.77 808.2
2004 6 29 12 51087.6 1.086 245.84 1.07 19.45 10.94 824.9
2004 6 30 12 51063.4 1.562 259.76 1.07 23.84 13.43 858.5
2004 7 1 12 51036.9 1.997 240.42 1.07 22.68 13.10 808.3
2004 7 2 12 51008.1 0.824 273.15 1.07 24.26 15.04 888.7
2004 7 3 12 50976.9 4.224 241.94 1.07 20.41 14.33 939.6
2004 7 4 12 50943.5 4.181 264.53 1.07 24.33 15.13 912.8
2004 7 5 12 50907.8 0.640 262.52 1.07 20.27 11.31 820.5
2004 7 6 12 50869.7 11.303 260.78 1.07 21.98 13.42 842.2
2004 7 7 12 50829.4 0.759 253.60 1.07 19.19 11.21 843.7
2004 7 8 12 50786.9 2.964 264.14 1.07 21.08 11.89 887.1
2004 7 9 12 50742.1 0.351 254.57 1.07 22.16 11.99 857.9
2004 7 10 12 50695.1 0.438 250.98 1.07 21.30 11.45 793.2
2004 7 11 12 50645.8 4.771 265.55 1.07 22.90 14.03 851.8
2004 7 12 12 50594.3 7.108 284.73 1.07 20.76 13.37 832.9
2004 7 13 12 50540.7 7.566 252.99 1.07 22.01 12.59 915.3
2004 7 14 12 50484.8 5.730 232.91 1.07 21.53 13.54 878.9
2004 7 15 12 50426.8 0.971 248.16 1.07 21.53 12.51 872.0
2004 7 16 12 50366.7 5.106 261.25 1.07 23.26 14.50 901.2
2004 7 17 12 50304.5 0.534 245.74 1.07 21.02 11.49 842.7
2004 7 18 12 50240.1 2.108 228.83 1.07 21.79 13.49 847.7
2004 7 19 12 50173.7 3.757 253.56 1.07 21.34 13.20 834.1
2004 7 20 12 50105.1 2.052 246.05 1.07 24.47 14.51 855.5
2004 7 21 12 50034.6 3.981 238.93 1.07 21.99 12.72 853.9
2004 7 22 12 49962.0 8.129 251.78 1.07 22.00 13.29 851.4
2004 7 23 12 49887.4 0.938 260.37 1.07 21.60 13.41 852.6
2004 7 24 12 49810.8 7.579 239.90 1.07 22.64 15.94 921.9
2004 7 25 12 49732.3 3.827 257.52 1.07 21.34 12.21 794.8
2004 7 26 12 49651.8 6.880 246.15 1.07 21.25 10.50 773.3
2004 7 27 12 49569.5 5.125 228.63 1.07 21.23 12.16 876.6
2004 7 28 12 49485.2 7.950 213.81 1.07 21.98 13.65 913.7
2004 7 29 12 49399.1 5.894 245.44 1.07 23.47 15.25 951.5
2004 7 30 12 49311.1 3.089 240.26 1.07 21.33 12.56 842.6
2004 7 31 12 49221.3 3.749 229.51 1.07 19.80 10.33 804.3
2004 8 1 12 49129.8 1.897 230.41 1.07 19.49 11.18 856.8
2004 8 2 12 49036.5 3.188 220.83 1.07 26.03 17.50 902.8
2004 8 3 12 48941.4 3.624 241.41 1.07 20.39 11.98 833.2
2004 8 4 12 48844.7 2.871 220.64 1.07 24.42 15.23 917.3
2004 8 5 12 48746.2 0.617 231.35 1.07 21.15 13.23 856.3
2004 8 6 12 48646.2 1.750 227.32 1.07 20.01 11.56 864.1
2004 8 7 12 48544.5 0.070 210.93 1.07 21.26 12.58 854.6
2004 8 8 12 48441.3 0.871 241.57 1.07 22.26 14.48 853.1
2004 8 9 12 48336.4 0.343 228.79 1.07 20.91 12.02 828.5
2004 8 10 12 48230.1 5.458 266.05 1.07 20.27 12.37 820.5
2004 8 11 12 48122.3 2.391 216.29 1.07 18.75 9.69 825.3
2004 8 12 12 48013.0 8.777 254.95 1.07 20.07 10.56 835.3
2004 8 13 12 47902.3 1.779 227.85 1.07 21.53 12.92 881.0
2004 8 14 12 47790.2 2.487 218.79 1.07 18.52 8.28 788.0
2004 8 15 12 47676.7 4.364 209.97 1.07 20.10 11.77 862.5
2004 8 16 12 47561.9 4.875 203.62 1.07 21.06 13.28 935.3
2004 8 17 12 47445.8 2.286 212.81 1.07 22.35 15.68 906.2
2004 8 18 12 47328.5 0.259 210.20 1.07 18.80 11.01 820.8
2004 8 19 12 47209.9 3.589 213.79 1.07 23.42 16.26 925.6
2004 8 20 12 47090.2 0.239 207.91 1.07 20.94 12.58 860.1
2004 8 21 12 46969.3 2.135 231.09 1.07 18.39 10.91 828.1
2004 8 22 12 46847.3 0.295 200.19 1.07 20.25 11.80 882.8
2004 8 23 12 46724.2 1.011 204.05 1.07 18.83 11.37 873.5
2004 8 24 12 46600.0 1.081 210.11 1.07 17.45 7.12 749.9
2004 8 25 12 46474.8 1.053 200.33 1.07 19.44 9.94 825.8
2004 8 26 12 46348.7 0.157 225.54 1.07 19.35 10.46 764.7
2004 8 27 12 46221.7 0.522 196.26 1.07 19.85 11.95 857.5
2004 8 28 12 46093.7 2.077 203.97 1.07 17.88 9.85 854.8
2004 8 29 12 45964.9 0.402 201.57 1.07 17.85 8.50 677.2
2004 8 30 12 45835.3 1.379 200.41 1.07 20.44 10.71 839.7
2004 8 31 12 45704.9 7.917 236.88 1.07 20.04 11.33 856.4
2004 9 1 12 45573.7 3.227 222.24 1.07 16.89 7.91 755.7
2004 9 2 12 45441.8 0.331 209.59 1.07 16.11 7.18 767.1
2004 9 3 12 45309.3 4.647 205.00 1.07 16.79 7.96 748.9
2004 9 4 12 45176.2 1.135 226.98 1.07 20.00 11.21 879.2
2004 9 5 12 45042.4 2.213 195.28 1.07 13.84 6.01 752.0
2004 9 6 12 44908.2 1.737 192.11 1.07 17.14 9.26 798.0
2004 9 7 12 44773.4 2.122 194.12 1.07 19.25 10.30 767.9
2004 9 8 12 44638.1 1.048 191.89 1.07 17.99 9.08 762.6
2004 9 9 12 44502.5 0.965 197.00 1.07 17.32 9.35 722.4
2004 9 10 12 44366.4 1.515 192.08 1.07 18.77 10.38 808.5
2004 9 11 12 44230.0 0.709 157.51 1.07 16.89 9.03 792.1
2004 9 12 12 44093.3 2.925 192.23 1.07 16.23 8.04 754.2
2004 9 13 12 43956.3 1.143 194.08 1.07 18.01 9.39 780.4
2004 9 14 12 43819.1 4.531 192.52 1.07 19.59 11.15 812.7
2004 9 15 12 43681.7 2.221 174.32 1.07 13.13 3.01 636.0
2004 9 16 12 43544.2 0.961 162.01 1.07 15.19 6.09 715.2
2004 9 17 12 43406.5 2.721 198.66 1.07 15.73 8.31 775.7
2004 9 18 12 43268.9 0.182 175.06 1.07 15.17 7.40 698.5
2004 9 19 12 43131.1 0.493 172.06 1.07 15.93 7.12 789.6
2004 9 20 12 42993.5 2.562 168.50 1.07 15.62 6.13 712.4
2004 9 21 12 42855.8 0.827 183.68 1.07 13.64 5.56 692.6
2004 9 22 12 42718.3 1.336 188.46 1.07 16.14 6.00 747.9
2004 9 23 12 42580.9 0.827 179.46 1.07 14.92 6.70 769.9
2004 9 24 12 42443.7 1.611 177.57 1.07 16.79 8.23 819.6
2004 9 25 12 42306.7 1.330 165.16 1.07 16.32 7.51 793.0
2004 9 26 12 42170.0 0.304 162.70 1.07 14.21 6.46 690.9
2004 9 27 12 42033.6 3.902 162.15 1.07 15.14 7.26 758.9
2004 9 28 12 41897.5 2.682 172.47 1.07 10.70 2.72 684.5
2004 9 29 12 41761.9 0.036 157.01 1.07 10.76 3.41 694.7
2004 9 30 12 41626.6 0.074 172.29 1.07 15.39 6.35 683.9
2004 10 1 12 41491.8 0.041 171.95 1.07 13.35 4.33 665.3
2004 10 2 12 41357.6 0.387 171.25 1.07 15.27 6.72 715.5
2004 10 3 12 41223.8 2.208 153.78 1.07 14.81 7.65 778.2
2004 10 4 12 41090.7 0.942 145.78 1.07 10.66 0.75 602.1
2004 10 5 12 40958.2 0.611 157.59 1.07 13.74 4.72 713.2
2004 10 6 12 40826.3 0.063 148.95 1.07 11.39 2.29 642.1
2004 10 7 12 40695.1 1.291 145.51 1.07 11.90 3.70 699.6
2004 10 8 12 40564.7 1.412 149.41 1.07 10.24 0.73 624.2
2004 10 9 12 40435.1 0.784 161.12 1.07 13.44 4.90 711.2
2004 10 10 12 40306.3 2.516 138.15 1.07 12.48 5.25 651.5
2004 10 11 12 40178.3 2.511 174.79 1.07 10.64 1.05 597.3
2004 10 12 12 40051.3 0.407 156.18 1.07 10.17 0.88 641.6
2004 10 13 12 39925.2 0.659 140.22 1.07 12.29 3.80 670.0
2004 10 14 12 39800.0 2.542 156.63 1.07 9.75 1.88 608.5
2004 10 15 12 39675.8 0.708 131.39 1.07 9.81 1.36 586.4
2004 10 16 12 39552.7 0.438 145.83 1.07 9.42 1.58 581.5
2004 10 17 12 39430.7 1.182 148.76 1.07 9.19 1.35 642.7
2004 10 18 12 39309.8 2.312 150.83 1.07 11.12 1.62 694.6
2004 10 19 12 39190.1 1.201 137.72 1.07 10.24 1.52 581.0
2004 10 20 12 39071.5 0.385 122.49 1.07 8.85 -1.36 587.2
2004 10 21 12 38954.2 0.514 137.33 1.07 7.90 -0.27 587.5
2004 10 22 12 38838.1 1.462 154.65 1.07 9.25 2.35 644.8
2004 10 23 12 38723.3 0.692 125.09 1.07 8.67 -0.40 600.6
2004 10 24 12 38609.8 2.088 123.46 1.07 10.03 1.18 579.8
2004 10 25 12 38497.7 0.650 129.33 1.07 7.57 -1.59 572.6
2004 10 26 12 38387.0 0.725 140.32 1.07 9.10 1.69 688.7
2004 10 27 12 38277.7 0.848 114.27 1.07 7.87 -0.22 606.2
2004 10 28 12 38169.9 0.789 120.44 1.07 8.48 -0.36 598.8
2004 10 29 12 38063.6 0.152 113.30 1.07 10.28 0.58 618.1
2004 10 30 12 37958.7 1.510 148.01 1.07 7.25 -1.58 565.7
2004 10 31 12 37855.5 2.838 112.48 1.07 10.70 1.25 651.1
2004 11 1 12 37753.8 1.247 127.25 1.07 6.91 -1.77 602.5
2004 11 2 12 37653.8 1.400 114.47 1.07 5.47 -3.01 533.8
2004 11 3 12 37555.3 0.509 129.25 1.07 9.19 -0.10 557.0
2004 11 4 12 37458.6 1.190 136.76 1.07 9.36 0.45 640.5
2004 11 5 12 37363.5 2.676 118.97 1.07 5.03 -2.78 543.3
2004 11 6 12 37270.2 0.850 131.98 1.07 5.06 -4.05 514.6
2004 11 7 12 37178.7 1.756 128.36 1.07 7.27 -0.06 629.7
2004 11 8 12 37088.9 1.601 122.39 1.07 6.71 -1.47 566.8
2004 11 9 12 37000.9 2.028 131.09 1.07 4.44 -3.88 558.4
2004 11 10 12 36914.8 1.284 150.74 1.07 4.12 -4.09 559.1
2004 11 11 12 36830.5 1.268 134.75 1.07 5.70 -4.68 542.3
2004 11 12 12 36748.2 1.994 91.58 1.07 4.88 -2.96 556.4
2004 11 13 12 36667.7 1.805 93.96 1.07 5.77 -1.90 565.0
2004 11 14 12 36589.2 0.687 112.47 1.07 5.57 -2.59 538.5
2004 11 15 12 36512.6 1.093 82.66 1.07 5.90 -3.81 495.4
2004 11 16 12 36438.0 0.043 110.06 1.07 1.28 -6.95 502.5
2004 11 17 12 36365.4 0.688 88.81 1.07 6.96 -2.46 554.9
2004 11 18 12 36294.9 0.813 113.26 1.07 4.76 -3.27 520.8
2004 11 19 12 36226.3 0.693 115.95 1.07 3.16 -4.95 520.6
2004 11 20 12 36159.9 0.780 107.24 1.07 3.47 -5.42 537.3
2004 11 21 12 36095.5 1.081 103.63 1.07 4.43 -3.97 527.7
2004 11 22 12 36033.3 1.618 97.60 1.07 3.64 -4.72 538.4
2004 11 23 12 35973.2 1.260 109.03 1.07 3.49 -4.09 554.5
2004 11 24 12 35915.2 0.951 88.85 1.07 2.81 -5.40 497.2
2004 11 25 12 35859.3 0.506 92.89 1.07 5.28 -4.09 511.9
2004 11 26 12 35805.7 0.440 112.25 1.07 3.13 -6.88 492.7
2004 11 27 12 35754.2 0.817 100.15 1.07 4.16 -3.33 543.9
2004 11 28 12 35704.9 0.093 97.89 1.07 5.57 -4.08 528.2
2004 11 29 12 35657.9 0.417 118.74 1.07 3.58 -5.94 480.9
2004 11 30 12 35613.1 3.642 103.32 1.07 2.43 -6.53 478.7
2004 12 1 12 35570.6 0.256 96.45 1.07 -0.93 -9.88 390.1
2004 12 2 12 35530.3 0.159 113.27 1.07 1.07 -8.79 411.7
2004 12 3 12 35492.2 1.611 89.30 1.07 4.71 -3.83 590.5
2004 12 4 12 35456.5 1.961 54.57 1.07 1.88 -7.71 445.3
2004 12 5 12 35423.1 0.698 122.62 1.07 -0.76 -9.04 443.1
2004 12 6 12 35391.9 0.736 84.03 1.07 0.79 -7.42 443.5
2004 12 7 12 35363.1 0.953 126.46 1.07 -0.80 -8.52 471.9
2004 12 8 12 35336.6 2.134 92.85 1.07 0.15 -8.09 450.6
2004 12 9 12 35312.4 1.481 72.73 1.07 0.10 -7.98 437.3
2004 12 10 12 35290.6 0.865 86.79 1.07 -0.31 -10.09 343.3
2004 12 11 12 35271.1 0.402 106.17 1.07 0.56 -8.70 409.3
2004 12 12 12 35253.9 3.527 123.78 1.07 -2.74 -11.46 395.9
2004 12 13 12 35239.2 0.273 113.72 1.07 1.19 -6.72 401.3
2004 12 14 12 35226.7 0.197 115.37 1.07 2.23 -6.41 446.8
2004 12 15 12 35216.7 1.565 81.11 1.07 -2.79 -11.61 273.0
2004 12 16 12 35209.0 0.080 112.31 1.07 1.45 -6.68 399.7
2004 12 17 12 35203.6 1.148 96.40 1.07 0.73 -9.40 420.6
2004 12 18 12 35200.7 0.436 126.24 1.07 0.19 -9.23 377.7
2004 12 19 12 35200.1 0.969 106.79 1.07 -0.39 -8.85 433.0
2004 12 20 12 35201.9 1.646 105.78 1.07 -0.22 -8.79 457.6
2004 12 21 12 35206.0 0.329 79.19 1.07 0.64 -7.58 440.3
2004 12 22 12 35212.5 1.269 109.57 1.07 -0.42 -8.81 423.3
2004 12 23 12 35221.4 0.754 90.96 1.07 3.20 -5.08 479.6
2004 12 24 12 35232.6 0.473 110.42 1.07 -1.88 -10.94 389.9
2004 12 25 12 35246.3 1.490 97.57 1.07 1.46 -6.08 478.8
2004 12 26 12 35262.2 1.442 93.05 1.07 -1.28 -10.73 348.3
2004 12 27 12 35280.5 1.701 108.42 1.07 -1.76 -10.55 375.2
2004 12 28 12 35301.2 0.020 103.33 1.07 0.27 -8.31 474.0
2004 12 29 12 35324.2 0.825 82.42 1.07 -1.77 -9.86 443.0
2004 12 30 12 35349.5 1.123 124.20 1.07 1.23 -8.12 441.8
2004 12 31 12 35377.2 1.595 98.64 1.07 -2.56 -11.23 293.5
2005 1 1 12 35377.2 0.799 114.66 1.07 0.46 -7.31 480.9
2005 1 2 12 35407.2 0.700 100.29 1.07 -0.60 -9.21 376.5
2005 1 3 12 35439.5 0.760 89.20 1.07 -1.81 -10.28 377.5
2005 1 4 12 35474.1 0.590 99.77 1.07 -3.09 -12.00 361.7
2005 1 5 12 35511.0 0.250 111.40 1.07 -3.14 -11.74 410.7
2005 1 6 12 35550.1 1.764 139.69 1.07 -2.99 -11.61 360.4
2005 1 7 12 35591.5 2.607 119.10 1.07 -0.09 -8.37 451.7
2005 1 8 12 35635.2 0.207 96.18 1.07 -1.73 -11.31 322.5
2005 1 9 12 35681.2 1.231 82.04 1.07 -0.65 -9.36 420.2
2005 1 10 12 35729.3 3.795 105.71 1.07 -1.63 -10.12 428.2
2005 1 11 12 35779.7 7.867 106.62 1.07 -3.54 -11.50 358.3
2005 1 12 12 35832.2 0.274 121.15 1.07 -1.39 -9.45 406.6
2005 1 13 12 35887.0 0.380 126.68 1.07 -1.02 -8.50 473.9
2005 1 14 12 35943.9 2.840 116.86 1.07 -4.58 -13.16 326.0
2005 1 15 12 36003.0 7.503 122.28 1.07 -2.87 -12.51 363.1
2005 1 16 12 36064.1 0.645 105.64 1.07 -3.21 -11.87 338.8
2005 1 17 12 36127.5 0.396 122.20 1.07 -3.88 -13.77 322.6
2005 1 18 12 36192.9 1.467 114.69 1.07 -1.78 -11.68 334.7
2005 1 19 12 36260.3 0.503 140.63 1.07 -1.59 -10.70 339.5
2005 1 20 12 36329.9 2.923 114.72 1.07 -0.03 -8.44 416.9
2005 1 21 12 36401.5 1.743 109.21 1.07 -0.78 -10.24 430.9
2005 1 22 12 36475.1 3.236 124.28 1.07 -2.44 -9.97 408.4
2005 1 23 12 36550.6 4.087 136.39 1.07 -2.42 -10.85 406.1
2005 1 24 12 36628.2 0.337 126.51 1.07 0.71 -6.90 428.4
2005 1 25 12 36707.7 2.415 121.60 1.07 -1.17 -8.38 496.1
2005 1 26 12 36789.1 1.881 115.21 1.07 -0.18 -7.99 469.0
2005 1 27 12 36872.4 0.514 103.56 1.07 -4.00 -12.98 310.9
2005 1 28 12 36957.6 0.047 135.34 1.07 -4.22 -13.67 312.8
2005 1 29 12 37044.7 2.128 136.25 1.07 -2.43 -11.79 318.2
2005 1 30 12 37133.6 8.365 87.74 1.07 -0.31 -8.80 374.6
2005 1 31 12 37224.2 0.665 107.50 1.07 0.65 -8.30 445.9
2005 2 1 12 37316.7 2.474 131.94 1.07 -2.83 -12.26 287.1
2005 2 2 12 37410.8 2.212 114.62 1.07 -0.85 -8.98 424.3
2005 2 3 12 37506.7 1.146 131.43 1.07 -0.97 -9.16 394.7
2005 2 4 12 37604.3 2.548 109.18 1.07 -3.28 -12.62 363.9
2005 2 5 12 37703.6 0.621 112.52 1.07 -2.75 -11.80 367.4
2005 2 6 12 37804.5 3.948 108.80 1.07 -1.58 -11.36 330.1
2005 2 7 12 37906.9 11.362 125.37 1.07 -3.26 -11.80 356.4
2005 2 8 12 38011.0 1.033 128.08 1.07 2.52 -6.44 475.0
2005 2 9 12 38116.5 4.400 111.00 1.07 -2.80 -10.61 389.8
2005 2 10 12 38223.6 1.630 114.76 1.07 -1.82 -10.43 388.3
2005 2 11 12 38332.2 2.242 124.86 1.07 -0.50 -9.72 442.4
2005 2 12 12 38442.2 1.494 127.23 1.07 -0.61 -9.20 448.8
2005 2 13 12 38553.6 1.296 121.93 1.07 0.04 -8.81 389.9
2005 2 14 12 38666.4 1.784 143.61 1.07 -2.31 -11.54 327.0
2005 2 15 12 38780.5 0.745 129.44 1.07 -2.74 -11.47 331.4
2005 2 16 12 38896.0 1.245 139.25 1.07 -0.46 -10.14 390.8
2005 2 17 12 39012.7 7.670 144.25 1.07 -1.87 -10.38 398.5
2005 2 18 12 39130.6 2.897 125.82 1.07 -1.50 -9.95 455.0
2005 2 19 12 39249.8 0.742 148.35 1.07 -1.51 -9.28 387.2
2005 2 20 12 39370.1 1.254 144.03 1.07 -1.40 -9.89 401.9
2005 2 21 12 39491.6 1.095 144.15 1.07 -2.27 -11.68 359.0
2005 2 22 12 39614.2 0.954 131.48 1.07 -1.58 -12.66 360.5
2005 2 23 12 39737.8 1.642 158.91 1.07 -0.41 -9.91 399.6
2005 2 24 12 39862.5 0.677 121.94 1.07 1.96 -6.40 446.0
2005 2 25 12 39988.1 3.993 145.71 1.07 3.43 -4.21 519.7
2005 2 26 12 40114.7 17.846 136.33 1.07 1.90 -6.65 518.4
2005 2 27 12 40242.2 0.187 143.97 1.07 1.00 -8.28 432.4
2005 2 28 12 40370.6 12.394 130.41 1.07 2.30 -6.12 527.3
2005 3 1 12 40499.8 1.935 142.15 1.07 0.67 -9.88 399.0
2005 3 2 12 40629.8 1.467 137.48 1.07 1.42 -7.16 492.3
2005 3 3 12 40760.6 0.734 132.95 1.07 2.25 -5.88 464.8
2005 3 4 12 40892.1 2.493 164.64 1.07 2.13 -7.11 472.3
2005 3 5 12 41024.3 1.513 147.27 1.07 2.90 -4.93 535.4
2005 3 6 12 41157.2 2.705 156.22 1.07 2.62 -4.85 528.0
2005 3 7 12 41290.6 6.507 166.06 1.07 0.65 -7.50 503.4
2005 3 8 12 41424.6 2.577 166.23 1.07 2.87 -5.43 575.5
2005 3 9 12 41559.2 0.099 161.14 1.07 0.94 -10.45 346.2
2005 3 10 12 41694.2 0.134 154.36 1.07 3.31 -5.05 464.4
2005 3 11 12 41829.7 4.134 160.13 1.07 1.76 -6.07 435.4
2005 3 12 12 41965.5 0.599 170.22 1.07 0.60 -8.10 495.8
2005 3 13 12 42101.8 0.141 184.53 1.07 0.60 -7.35 434.7
2005 3 14 12 42238.3 13.639 135.25 1.07 6.10 -2.39 541.8
2005 3 15 12 42375.2 5.178 177.39 1.07 1.46 -7.11 473.5
2005 3 16 12 42512.3 2.408 155.04 1.07 4.62 -3.59 526.8
2005 3 17 12 42649.6 4.836 166.49 1.07 4.38 -4.37 523.4
2005 3 18 12 42787.0 0.589 172.38 1.07 4.93 -4.29 496.3
2005 3 19 12 42924.6 0.609 175.31 1.07 2.21 -6.60 511.4
2005 3 20 12 43062.3 4.659 168.90 1.07 3.27 -5.62 454.7
2005 3 21 12 43200.0 1.583 196.97 1.07 2.61 -5.68 483.2
2005 3 22 12 43337.7 2.128 189.60 1.07 5.73 -3.58 536.3
2005 3 23 12 43475.4 0.760 175.62 1.07 6.66 -1.01 599.5
2005 3 24 12 43613.0 4.880 207.51 1.07 4.55 -3.79 535.7
2005 3 25 12 43750.4 1.908 174.53 1.07 8.02 0.38 598.1
2005 3 26 12 43887.7 0.456 174.93 1.07 5.38 -3.42 510.4
2005 3 27 12 44024.8 5.574 189.47 1.07 4.87 -4.79 556.5
2005 3 28 12 44161.7 2.573 180.58 1.07 5.52 -4.07 479.4
2005 3 29 12 44298.2 2.398 196.59 1.07 6.29 -2.83 568.4
2005 3 30 12 44434.5 2.063 187.52 1.07 3.53 -5.91 444.5
2005 3 31 12 44570.3 0.547 198.31 1.07 6.34 -3.52 543.4
2005 4 1 12 44705.8 5.232 181.24 1.07 5.90 -2.55 577.5
2005 4 2 12 44840.8 1.385 223.13 1.07 5.94 -2.39 511.7
2005 4 3 12 44975.4 5.819 189.90 1.07 6.34 -2.44 571.2
2005 4 4 12 45109.4 0.190 220.19 1.07 8.20 0.72 595.0
2005 4 5 12 45242.8 1.132 179.79 1.07 6.94 -1.69 496.6
2005 4 6 12 45375.7 4.204 228.33 1.07 5.43 -3.44 555.2
2005 4 7 12 45507.9 12.192 200.79 1.07 7.44 -1.40 540.2
2005 4 8 12 45639.4 0.674 200.46 1.07 7.16 -0.84 562.8
2005 4 9 12 45770.2 6.213 167.37 1.07 7.74 -1.95 516.5
2005 4 10 12 45900.2 1.652 186.71 1.07 7.82 -2.25 533.4
2005 4 11 12 46029.4 7.204 193.38 1.07 8.67 0.24 646.9
2005 4 12 12 46157.8 3.309 192.29 1.07 6.25 -2.18 609.7
2005 4 13 12 46285.3 0.415 219.64 1.07 6.51 -1.61 542.2
2005 4 14 12 46411.9 1.779 204.91 1.07 8.61 -0.01 594.1
2005 4 15 12 46537.5 12.421 212.74 1.07 8.56 1.37 635.0
2005 4 16 12 46662.2 2.454 216.94 1.07 7.72 -0.22 563.6
2005 4 17 12 46785.8 0.961 167.32 1.07 6.30 -4.14 535.9
2005 4 18 12 46908.4 1.080 211.92 1.07 9.95 0.25 647.4
2005 4 19 12 47029.9 1.905 248.50 1.07 9.10 -0.99 543.1
2005 4 20 12 47150.2 9.692 234.84 1.07 10.48 1.95 679.5
2005 4 21 12 47269.4 3.996 227.05 1.07 10.60 2.15 606.6
2005 4 22 12 47387.3 5.759 223.19 1.07 11.47 4.24 675.6
2005 4 23 12 47504.0 1.667 243.67 1.07 9.01 -0.18 671.2
2005 4 24 12 47619.5 9.618 232.37 1.07 10.85 1.53 686.4
2005 4 25 12 47733.6 1.010 222.27 1.07 14.15 5.75 673.9
2005 4 26 12 47846.4 1.456 231.17 1.07 11.59 2.17 668.4
2005 4 27 12 47957.8 3.368 239.07 1.07 13.67 4.87 657.3
2005 4 28 12 48067.8 7.097 246.89 1.07 12.69 4.83 711.9
2005 4 29 12 48176.4 0.842 208.04 1.07 10.51 2.53 638.4
2005 4 30 12 48283.5 13.574 232.13 1.07 15.66 7.91 776.5
2005 5 1 12 48389.0 0.164 245.80 1.07 14.34 4.69 703.6
2005 5 2 12 48493.1 7.727 223.53 1.07 10.52 2.37 654.6
2005 5 3 12 48595.5 0.569 230.40 1.07 12.42 3.83 670.6
2005 5 4 12 48696.4 7.712 258.96 1.07 15.53 8.83 843.8
2005 5 5 12 48795.7 1.691 238.83 1.07 14.02 6.00 705.2
2005 5 6 12 48893.3 1.756 225.05 1.07 10.50 1.90 618.2
2005 5 7 12 48989.2 1.459 215.88 1.07 12.41 4.63 739.7
2005 5 8 12 49083.3 10.585 236.52 1.07 12.47 4.34 655.5
2005 5 9 12 49175.8 1.394 230.31 1.07 16.08 8.09 792.1
2005 5 10 12 49266.4 3.359 258.95 1.07 14.82 6.63 723.2
2005 5 11 12 49355.3 0.544 229.86 1.07 13.78 4.88 672.0
2005 5 12 12 49442.4 3.056 255.23 1.07 13.27 4.36 721.4
2005 5 13 12 49527.6 3.442 242.35 1.07 15.63 7.60 761.1
2005 5 14 12 49610.9 0.613 236.64 1.07 14.63 5.54 712.8
2005 5 15 12 49692.3 4.117 239.98 1.07 15.28 6.82 742.1
2005 5 16 12 49771.8 4.741 263.95 1.07 16.10 7.91 779.0
2005 5 17 12 49849.4 0.692 257.75 1.07 15.64 6.59 688.3
2005 5 18 12 49924.9 0.741 250.01 1.07 13.53 5.29 738.5
2005 5 19 12 49998.5 13.924 238.31 1.07 17.03 8.46 717.5
2005 5 20 12 50070.1 2.896 259.23 1.07 17.48 8.58 738.8
2005 5 21 12 50139.7 4.701 250.66 1.07 19.26 11.29 848.3
2005 5 22 12 50207.1 1.219 243.27 1.07 15.34 5.75 745.6
2005 5 23 12 50272.5 0.775 236.43 1.07 18.38 8.78 759.4
2005 5 24 12 50335.9 2.629 242.34 1.07 18.55 9.99 825.2
2005 5 25 12 50397.0 1.698 235.37 1.07 18.40 8.91 768.3
2005 5 26 12 50456.1 1.006 239.75 1.07 17.21 9.65 743.7
2005 5 27 12 50513.0 0.818 293.18 1.07 15.76 6.90 719.0
2005 5 28 12 50567.8 5.043 225.74 1.07 16.86 7.16 701.3
2005 5 29 12 50620.3 0.376 267.10 1.07 15.79 7.07 741.0
2005 5 30 12 50670.7 7.770 261.75 1.07 15.36 8.20 772.1
2005 5 31 12 50718.8 1.267 231.11 1.07 18.91 9.62 805.1
2005 6 1 12 50764.8 2.939 267.71 1.07 16.68 7.59 711.6
2005 6 2 12 50808.5 8.907 287.06 1.07 15.12 6.98 752.5
2005 6 3 12 50849.9 5.372 256.15 1.07 18.43 10.96 836.1
2005 6 4 12 50889.0 0.074 270.65 1.07 19.61 10.22 844.5
2005 6 5 12 50925.9 0.851 254.90 1.07 19.49 10.29 788.8
2005 6 6 12 50960.5 3.837 263.71 1.07 17.21 7.37 715.3
2005 6 7 12 50992.8 2.433 229.67 1.07 17.93 9.32 762.1
2005 6 8 12 51022.8 0.685 258.21 1.07 19.58 11.19 829.4
2005 6 9 12 51050.5 8.708 258.63 1.07 20.46 12.59 850.8
2005 6 10 12 51075.8 2.166 252.10 1.07 19.89 11.64 827.2
2005 6 11 12 51098.8 0.882 280.88 1.07 20.68 12.16 826.0
2005 6 12 12 51119.5 2.849 258.41 1.07 19.24 10.86 835.0
2005 6 13 12 51137.8 0.721 257.02 1.07 20.22 12.10 858.1
2005 6 14 12 51153.7 12.845 253.94 1.07 20.07 10.53 802.2
2005 6 15 12 51167.4 3.999 253.11 1.07 18.21 9.82 866.3
2005 6 16 12 51178.6 4.462 257.57 1.07 17.33 7.40 707.9
2005 6 17 12 51187.5 2.158 255.53 1.07 18.80 11.12 806.4
2005 6 18 12 51194.0 4.905 266.50 1.07 19.09 11.94 808.4
2005 6 19 12 51198.1 16.397 268.25 1.07 22.30 13.24 841.7
2005 6 20 12 51199.9 9.366 281.83 1.07 20.23 11.89 830.3
2005 6 21 12 51199.3 3.297 253.30 1.07 19.25 11.30 835.5
2005 6 22 12 51196.4 2.561 244.93 1.07 20.32 12.97 860.0
2005 6 23 12 51191.0 3.590 262.31 1.07 21.01 12.31 930.4
2005 6 24 12 51183.3 4.009 262.60 1.07 20.13 10.98 770.6
2005 6 25 12 51173.3 1.466 273.81 1.07 20.01 11.79 824.9
2005 6 26 12 51160.8 3.055 238.83 1.07 20.37 12.83 875.5
2005 6 27 12 51146.1 1.288 258.32 1.07 21.36 12.83 772.5
2005 6 28 12 51128.9 2.986 276.60 1.07 20.86 13.35 888.6
2005 6 29 12 51109.4 2.586 272.39 1.07 20.50 12.71 896.2
2005 6 30 12 51087.6 4.823 276.55 1.07 20.12 12.12 832.2
2005 7 1 12 51063.4 0.777 253.30 1.07 21.84 13.22 843.6
2005 7 2 12 51036.9 1.981 225.28 1.07 20.82 12.03 825.5
2005 7 3 12 51008.1 1.063 261.80 1.07 22.32 15.10 912.0
2005 7 4 12 50976.9 2.035 264.77 1.07 23.89 14.59 896.1
2005 7 5 12 50943.5 2.225 247.50 1.07 19.91 11.72 852.4
2005 7 6 12 50907.8 5.992 262.39 1.07 21.27 13.03 835.3
2005 7 7 12 50869.7 3.083 258.42 1.07 19.29 10.97 846.7
2005 7 8 12 50829.4 1.761 234.13 1.07 21.37 11.91 834.3
2005 7 9 12 50786.9 0.804 271.34 1.07 24.61 16.07 997.6
2005 7 10 12 50742.1 0.819 232.74 1.07 22.70 13.68 843.3
2005 7 11 12 50695.1 1.409 265.55 1.07 20.84 12.99 902.2
2005 7 12 12 50645.8 2.771 241.02 1.07 22.57 14.17 862.0
2005 7 13 12 50594.3 4.387 256.60 1.07 20.21 12.80 818.1
2005 7 14 12 50540.7 2.174 254.84 1.07 20.24 12.79 855.1
2005 7 15 12 50484.8 2.280 254.23 1.07 22.93 14.02 844.9
2005 7 16 12 50426.8 6.372 268.54 1.07 21.50 14.05 891.7
2005 7 17 12 50366.7 5.839 264.34 1.07 21.65 12.56 880.7
2005 7 18 12 50304.5 3.075 239.38 1.07 21.92 14.39 873.3
2005 7 19 12 50240.1 5.035 251.20 1.07 21.61 12.08 816.5
2005 7 20 12 50173.7 7.210 258.75 1.07 23.96 16.55 960.3
2005 7 21 12 50105.1 4.721 257.19 1.07 19.81 10.65 782.2
2005 7 22 12 50034.6 1.631 256.42 1.07 20.79 11.92 791.8
2005 7 23 12 49962.0 1.733 248.52 1.07 22.33 13.59 898.6
2005 7 24 12 49887.4 1.977 259.78 1.07 20.22 11.15 828.6
2005 7 25 12 49810.8 5.861 257.81 1.07 20.82 13.31 864.7
2005 7 26 12 49732.3 1.282 250.65 1.07 23.23 13.27 837.4
2005 7 27 12 49651.8 6.605 241.35 1.07 20.66 12.47 869.1
2005 7 28 12 49569.5 1.457 268.46 1.07 23.12 15.00 922.7
2005 7 29 12 49485.2 2.704 238.25 1.07 19.85 10.41 749.6
2005 7 30 12 49399.1 5.348 228.73 1.07 24.91 15.95 1006.0
2005 7 31 12 49311.1 3.416 236.55 1.07 22.81 13.42 826.6
2005 8 1 12 49221.3 0.133 242.77 1.07 22.81 13.95 859.1
2005 8 2 12 49129.8 4.289 234.69 1.07 21.13 13.26 850.8
2005 8 3 12 49036.5 1.935 225.86 1.07 21.68 12.78 795.3
2005 8 4 12 48941.4 2.466 235.75 1.07 25.66 17.29 916.7
2005 8 5 12 48844.7 5.860 253.29 1.07 19.92 11.24 806.5
2005 8 6 12 48746.2 0.934 215.05 1.07 20.66 13.66 861.7
2005 8 7 12 48646.2 5.457 236.63 1.07 20.95 12.45 824.9
2005 8 8 12 48544.5 1.072 216.56 1.07 21.64 12.35 881.5
2005 8 9 12 48441.3 0.386 215.84 1.07 22.35 13.94 888.3
2005 8 10 12 48336.4 1.643 206.43 1.07 21.99 13.95 906.6
2005 8 11 12 48230.1 0.446 230.32 1.07 19.55 10.52 800.4
2005 8 12 12 48122.3 0.552 202.85 1.07 22.25 14.68 913.7
2005 8 13 12 48013.0 1.121 230.09 1.07 22.16 12.26 851.1
2005 8 14 12 47902.3 4.739 224.84 1.07 21.04 12.10 864.6
2005 8 15 12 47790.2 2.627 232.59 1.07 19.90 11.32 794.8
2005 8 16 12 47676.7 0.383 192.70 1.07 21.18 13.36 902.7
2005 8 17 12 47561.9 7.396 198.05 1.07 20.24 12.77 860.9
2005 8 18 12 47445.8 5.136 216.29 1.07 20.49 13.00 861.1
2005 8 19 12 47328.5 0.142 220.87 1.07 20.49 12.02 882.0
2005 8 20 12 47209.9 0.010 234.77 1.07 19.05 11.35 818.6
2005 8 21 12 47090.2 2.732 216.31 1.07 20.31 12.24 833.9
2005 8 22 12 46969.3 5.497 205.27 1.07 21.75 13.25 904.7
2005 8 23 12 46847.3 2.074 233.40 1.07 21.05 12.05 829.3
2005 8 24 12 46724.2 1.795 205.69 1.07 19.63 11.22 818.2
2005 8 25 12 46600.0 0.521 191.43 1.07 19.43 11.85 791.6
2005 8 26 12 46474.8 2.653 217.66 1.07 22.32 13.79 848.2
2005 8 27 12 46348.7 1.214 211.65 1.07 18.25 9.35 817.2
2005 8 28 12 46221.7 0.453 222.94 1.07 20.40 12.72 861.8
2005 8 29 12 46093.7 0.474 193.13 1.07 21.13 12.18 810.9
2005 8 30 12 45964.9 3.512 208.31 1.07 17.52 9.37 769.6
2005 8 31 12 45835.3 0.185 196.13 1.07 18.78 10.50 781.8
2005 9 1 12 45704.9 0.410 208.75 1.07 20.56 12.69 864.5
2005 9 2 12 45573.7 7.283 193.15 1.07 17.67 9.71 808.1
2005 9 3 12 45441.8 0.218 202.61 1.07 18.84 10.77 797.2
2005 9 4 12 45309.3 5.004 218.36 1.07 16.38 7.52 718.5
2005 9 5 12 45176.2 0.190 200.70 1.07 17.72 8.71 723.8
2005 9 6 12 45042.4 0.901 193.46 1.07 20.27 11.93 881.9
2005 9 7 12 44908.2 0.174 218.26 1.07 16.16 7.75 746.6
2005 9 8 12 44773.4 0.315 193.68 1.07 15.41 8.80 792.5
2005 9 9 12 44638.1 0.799 197.88 1.07 17.65 9.34 754.9
2005 9 10 12 44502.5 0.550 205.69 1.07 18.35 9.82 785.4
2005 9 11 12 44366.4 1.887 188.95 1.07 16.65 7.60 717.3
2005 9 12 12 44230.0 0.662 188.45 1.07 16.76 7.35 766.1
2005 9 13 12 44093.3 0.195 186.95 1.07 18.17 8.37 790.4
2005 9 14 12 43956.3 1.365 192.25 1.07 18.73 9.27 809.5
2005 9 15 12 43819.1 0.097 222.42 1.07 17.50 8.67 749.2
2005 9 16 12 43681.7 0.778 202.26 1.07 17.97 10.14 805.9
2005 9 17 12 43544.2 2.419 198.67 1.07 16.33 8.07 724.7
2005 9 18 12 43406.5 0.327 168.64 1.07 15.26 5.88 721.2
2005 9 19 12 43268.9 1.064 174.32 1.07 13.78 4.70 717.2
2005 9 20 12 43131.1 1.525 187.96 1.07 13.77 5.08 689.9
2005 9 21 12 42993.5 0.425 149.93 1.07 15.47 6.59 727.2
2005 9 22 12 42855.8 1.759 164.64 1.07 17.42 8.14 734.0
2005 9 23 12 42718.3 1.579 193.17 1.07 13.88 3.31 641.1
2005 9 24 12 42580.9 0.072 189.61 1.07 19.71 10.26 780.7
2005 9 25 12 42443.7 0.342 176.65 1.07 14.65 5.25 683.3
2005 9 26 12 42306.7 0.149 181.68 1.07 13.22 5.53 739.4
2005 9 27 12 42170.0 1.930 202.67 1.07 13.71 6.23 703.0
2005 9 28 12 42033.6 0.476 164.55 1.07 14.23 4.13 682.0
2005 9 29 12 41897.5 2.441 199.19 1.07 16.20 8.20 788.4
2005 9 30 12 41761.9 0.931 172.75 1.07 14.13 6.50 739.2
2005 10 1 12 41626.6 0.357 161.41 1.07 11.89 2.68 730.9
2005 10 2 12 41491.8 0.232 184.42 1.07 16.20 6.30 746.3
2005 10 3 12 41357.6 1.050 149.98 1.07 12.44 5.15 693.5
2005 10 4 12 41223.8 1.180 161.09 1.07 11.95 3.20 621.0
2005 10 5 12 41090.7 0.427 155.65 1.07 13.67 6.09 757.4
2005 10 6 12 40958.2 2.388 181.34 1.07 14.26 5.73 700.9
2005 10 7 12 40826.3 4.958 150.60 1.07 14.01 6.59 708.0
2005 10 8 12 40695.1 0.214 151.24 1.07 9.74 1.51 602.2
2005 10 9 12 40564.7 0.732 152.71 1.07 14.60 5.71 680.4
2005 10 10 12 40435.1 0.268 124.11 1.07 10.38 1.40 620.8
2005 10 11 12 40306.3 1.661 169.85 1.07 12.70 3.64 657.0
2005 10 12 12 40178.3 1.073 149.31 1.07 12.24 3.48 675.2
2005 10 13 12 40051.3 0.234 142.33 1.07 12.24 3.59 738.0
2005 10 14 12 39925.2 0.616 159.65 1.07 10.81 2.50 651.9
2005 10 15 12 39800.0 1.193 142.61 1.07 12.66 3.75 727.2
2005 10 16 12 39675.8 1.268 150.17 1.07 10.77 3.58 661.8
2005 10 17 12 39552.7 1.221 130.23 1.07 12.62 5.31 699.4
2005 10 18 12 39430.7 0.363 132.51 1.07 8.63 0.26 535.6
2005 10 19 12 39309.8 0.013 145.13 1.07 12.78 5.67 749.8
2005 10 20 12 39190.1 1.374 131.09 1.07 7.30 -0.13 571.4
2005 10 21 12 39071.5 0.101 114.83 1.07 12.27 3.44 692.0
2005 10 22 12 38954.2 0.430 158.96 1.07 8.74 0.52 536.2
2005 10 23 12 38838.1 0.680 115.09 1.07 9.93 1.29 604.9
2005 10 24 12 38723.3 1.682 148.05 1.07 8.41 0.98 623.1
2005 10 25 12 38609.8 1.148 131.20 1.07 7.51 -1.77 557.9
2005 10 26 12 38497.7 1.557 149.72 1.07 8.03 -1.69 540.7
2005 10 27 12 38387.0 1.766 132.62 1.07 9.69 1.08 627.3
2005 10 28 12 38277.7 0.552 129.17 1.07 8.87 -0.40 614.0
2005 10 29 12 38169.9 3.597 136.80 1.07 9.96 0.71 570.4
2005 10 30 12 38063.6 0.136 129.23 1.07 8.70 -0.03 613.9
2005 10 31 12 37958.7 1.571 130.94 1.07 8.23 -0.71 617.8
2005 11 1 12 37855.5 0.753 125.19 1.07 10.00 1.18 652.6
2005 11 2 12 37753.8 0.720 138.81 1.07 8.00 -0.76 585.2
2005 11 3 12 37653.8 0.824 114.69 1.07 5.61 -2.76 535.4
2005 11 4 12 37555.3 0.648 144.75 1.07 5.03 -4.08 537.3
2005 11 5 12 37458.6 0.782 128.23 1.07 9.46 0.42 603.2
2005 11 6 12 37363.5 0.610 138.18 1.07 6.35 -1.54 606.3
2005 11 7 12 37270.2 0.186 110.56 1.07 6.37 -1.27 644.0
2005 11 8 12 37178.7 0.954 149.83 1.07 5.21 -1.95 525.6
2005 11 9 12 37088.9 0.552 128.21 1.07 3.54 -5.02 509.9
2005 11 10 12 37000.9 1.847 147.26 1.07 8.65 0.97 616.6
2005 11 11 12 36914.8 2.385 112.17 1.07 3.65 -5.19 435.9
2005 11 12 12 36830.5 1.462 100.73 1.07 3.84 -4.38 524.1
2005 11 13 12 36748.2 2.072 113.65 1.07 4.65 -3.86 518.5
2005 11 14 12 36667.7 2.032 126.97 1.07 4.23 -2.96 565.5
2005 11 15 12 36589.2 0.787 133.02 1.07 3.88 -5.21 522.7
2005 11 16 12 36512.6 0.877 104.79 1.07 5.60 -3.64 532.2
2005 11 17 12 36438.0 0.255 128.99 1.07 6.06 -2.49 578.1
2005 11 18 12 36365.4 0.846 117.45 1.07 4.13 -6.00 442.4
2005 11 19 12 36294.9 2.785 125.56 1.07 4.47 -4.07 516.7
2005 11 20 12 36226.3 2.154 93.75 1.07 2.47 -8.09 473.3
2005 11 21 12 36159.9 1.548 98.39 1.07 4.56 -4.74 530.4
2005 11 22 12 36095.5 0.973 89.65 1.07 3.10 -5.50 484.9
2005 11 23 12 36033.3 1.309 108.20 1.07 2.77 -7.14 470.0
2005 11 24 12 35973.2 3.494 122.73 1.07 4.62 -3.78 500.2
2005 11 25 12 35915.2 1.969 126.48 1.07 0.85 -9.50 456.3
2005 11 26 12 35859.3 0.412 96.68 1.07 4.39 -4.27 542.8
2005 11 27 12 35805.7 0.318 112.76 1.07 2.59 -5.42 495.3
2005 11 28 12 35754.2 0.402 112.09 1.07 1.80 -5.87 494.2
2005 11 29 12 35704.9 1.057 79.08 1.07 4.99 -2.38 566.5
2005 11 30 12 35657.9 1.194 109.20 1.07 3.40 -5.90 500.6
2005 12 1 12 35613.1 0.042 76.62 1.07 -0.50 -9.43 403.1
2005 12 2 12 35570.6 0.112 102.18 1.07 3.34 -5.81 504.2
2005 12 3 12 35530.3 0.927 93.57 1.07 2.63 -5.28 553.5
2005 12 4 12 35492.2 0.908 111.83 1.07 -0.32 -8.75 451.3
2005 12 5 12 35456.5 1.647 113.29 1.07 1.34 -7.27 444.6
2005 12 6 12 35423.1 2.332 122.92 1.07 2.52 -6.13 467.1
2005 12 7 12 35391.9 0.253 103.02 1.07 -1.58 -9.72 412.4
2005 12 8 12 35363.1 0.940 106.58 1.07 2.21 -7.08 503.9
2005 12 9 12 35336.6 0.323 88.70 1.07 0.32 -7.65 460.5
2005 12 10 12 35312.4 1.987 92.04 1.07 0.50 -7.84 389.5
2005 12 11 12 35290.6 0.453 93.07 1.07 2.34 -5.42 461.4
2005 12 12 12 35271.1 0.900 98.78 1.07 -0.64 -9.53 379.4
2005 12 13 12 35253.9 0.242 131.01 1.07 -1.27 -9.83 422.6
2005 12 14 12 35239.2 0.966 102.44 1.07 1.33 -6.40 434.4
2005 12 15 12 35226.7 0.662 120.57 1.07 0.30 -9.23 447.8
2005 12 16 12 35216.7 3.730 109.13 1.07 -0.64 -8.27 485.6
2005 12 17 12 35209.0 0.161 112.27 1.07 -2.12 -10.93 407.6
2005 12 18 12 35203.6 0.568 102.90 1.07 -0.81 -8.78 363.2
2005 12 19 12 35200.7 0.660 98.30 1.07 -1.20 -9.15 391.6
2005 12 20 12 35200.1 0.545 102.59 1.07 -0.79 -9.53 401.5
2005 12 21 12 35201.9 0.483 88.25 1.07 -2.92 -11.49 354.0
2005 12 22 12 35206.0 0.968 91.27 1.07 -1.67 -11.35 345.3
2005 12 23 12 35212.5 0.969 100.03 1.07 -0.12 -10.15 372.9
2005 12 24 12 35221.4 0.252 101.83 1.07 -0.95 -9.46 413.5
2005 12 25 12 35232.6 2.220 70.14 1.07 -1.21 -8.87 407.1
2005 12 26 12 35246.3 1.961 85.22 1.07 -2.43 -11.17 367.1
2005 12 27 12 35262.2 2.850 109.71 1.07 -2.46 -12.73 366.9
2005 12 28 12 35280.5 0.925 111.99 1.07 -1.58 -10.56 320.6
2005 12 29 12 35301.2 0.005 76.56 1.07 -1.28 -10.28 346.0
2005 12 30 12 35324.2 2.258 103.90 1.07 -2.57 -11.45 356.4
2005 12 31 12 35349.5 1.413 152.90 1.07 -1.10 -10.52 377.3
2006 1 1 12 35377.2 1.399 118.88 1.07 -1.17 -10.35 374.5
2006 1 2 12 35407.2 4.234 84.52 1.07 -3.05 -12.84 343.5
2006 1 3 12 35439.5 1.638 104.87 1.07 0.27 -6.68 455.2
2006 1 4 12 35474.1 0.362 105.84 1.07 -2.85 -10.11 443.3
2006 1 5 12 35511.0 1.295 100.11 1.07 -3.01 -12.38 321.6
2006 1 6 12 35550.1 1.288 118.50 1.07 -2.66 -11.22 378.6
2006 1 7 12 35591.5 6.042 121.12 1.07 -3.78 -12.86 335.0
2006 1 8 12 35635.2 2.144 96.29 1.07 -4.41 -13.13 335.5
2006 1 9 12 35681.2 1.067 114.36 1.07 -0.23 -8.51 419.9
2006 1 10 12 35729.3 4.548 94.60 1.07 -0.49 -8.94 447.6
2006 1 11 12 35779.7 0.086 104.06 1.07 -3.20 -11.01 390.9
2006 1 12 12 35832.2 0.725 130.42 1.07 -0.95 -9.96 367.0
2006 1 13 12 35887.0 0.686 93.00 1.07 -2.90 -11.49 407.0
2006 1 14 12 35943.9 0.528 119.89 1.07 -3.48 -14.06 334.0
2006 1 15 12 36003.0 0.779 88.72 1.07 -2.35 -10.82 373.0
2006 1 16 12 36064.1 3.340 99.66 1.07 -2.37 -12.64 370.3
2006 1 17 12 36127.5 1.681 99.29 1.07 -0.51 -10.12 378.6
2006 1 18 12 36192.9 0.781 96.89 1.07 -5.55 -13.14 342.9
2006 1 19 12 36260.3 0.152 89.48 1.07 -2.43 -10.00 366.5
2006 1 20 12 36329.9 1.261 91.96 1.07 1.39 -8.01 463.0
2006 1 21 12 36401.5 2.191 84.69 1.07 -5.35 -12.57 359.7
2006 1 22 12 36475.1 0.973 100.34 1.07 -2.83 -10.85 382.9
2006 1 23 12 36550.6 3.007 99.65 1.07 -2.44 -10.65 402.9
2006 1 24 12 36628.2 0.243 113.55 1.07 -1.73 -11.26 328.5
2006 1 25 12 36707.7 1.906 135.15 1.07 -0.83 -7.97 465.0
2006 1 26 12 36789.1 3.133 123.19 1.07 -1.69 -9.71 382.8
2006 1 27 12 36872.4 1.910 121.45 1.07 0.49 -8.74 476.2
2006 1 28 12 36957.6 2.872 106.92 1.07 -2.41 -12.87 341.2
2006 1 29 12 37044.7 1.394 125.30 1.07 -0.23 -9.76 366.2
2006 1 30 12 37133.6 0.987 128.22 1.07 -2.00 -10.47 458.0
2006 1 31 12 37224.2 2.723 110.74 1.07 -0.56 -9.33 433.8
2006 2 1 12 37316.7 3.645 136.97 1.07 -2.65 -10.05 367.9
2006 2 2 12 37410.8 0.303 116.77 1.07 -2.98 -12.44 359.1
2006 2 3 12 37506.7 9.160 118.04 1.07 -3.56 -11.91 392.1
2006 2 4 12 37604.3 0.015 129.31 1.07 -1.92 -9.68 313.6
2006 2 5 12 37703.6 0.088 105.44 1.07 -2.54 -12.19 361.3
2006 2 6 12 37804.5 0.049 117.73 1.07 -0.91 -9.02 419.9
2006 2 7 12 37906.9 0.741 124.66 1.07 -0.33 -8.94 422.5
2006 2 8 12 38011.0 1.245 118.41 1.07 0.27 -8.77 376.8
2006 2 9 12 38116.5 6.293 136.25 1.07 0.03 -10.33 385.5
2006 2 10 12 38223.6 2.777 117.94 1.07 0.51 -7.73 400.1
2006 2 11 12 38332.2 5.113 122.14 1.07 -0.03 -9.16 427.5
2006 2 12 12 38442.2 0.880 145.68 1.07 -2.66 -11.56 351.5
2006 2 13 12 38553.6 0.889 132.91 1.07 -0.46 -7.94 446.6
2006 2 14 12 38666.4 1.428 145.02 1.07 -1.88 -10.51 389.8
2006 2 15 12 38780.5 1.444 143.84 1.07 -0.92 -9.32 419.7
2006 2 16 12 38896.0 1.404 162.97 1.07 -0.68 -7.72 431.0
2006 2 17 12 39012.7 6.915 130.73 1.07 -4.24 -12.71 345.8
2006 2 18 12 39130.6 1.835 119.91 1.07 -1.97 -11.21 381.0
2006 2 19 12 39249.8 1.015 115.63 1.07 -1.06 -8.64 468.1
2006 2 20 12 39370.1 0.067 132.26 1.07 -4.39 -12.93 349.7
2006 2 21 12 39491.6 3.668 158.44 1.07 1.88 -7.14 478.7
2006 2 22 12 39614.2 3.173 153.46 1.07 0.21 -9.11 439.8
2006 2 23 12 39737.8 7.014 142.29 1.07 0.32 -8.51 429.1
2006 2 24 12 39862.5 1.448 178.69 1.07 1.79 -6.05 497.7
2006 2 25 12 39988.1 0.212 128.22 1.07 1.45 -7.59 462.0
2006 2 26 12 40114.7 0.797 163.67 1.07 1.58 -6.88 411.3
2006 2 27 12 40242.2 0.573 141.92 1.07 2.17 -7.10 476.5
2006 2 28 12 40370.6 3.971 177.85 1.07 1.22 -6.24 506.6
2006 3 1 12 40499.8 2.644 146.83 1.07 1.39 -8.31 446.6
2006 3 2 12 40629.8 4.539 170.35 1.07 1.71 -7.68 416.0
2006 3 3 12 40760.6 0.626 152.51 1.07 -0.80 -9.93 376.1
2006 3 4 12 40892.1 0.312 194.72 1.07 -1.85 -11.54 345.4
2006 3 5 12 41024.3 5.666 161.59 1.07 -1.63 -9.81 413.3
2006 3 6 12 41157.2 0.625 159.59 1.07 2.66 -5.40 516.6
2006 3 7 12 41290.6 0.807 165.91 1.07 0.96 -7.12 396.0
2006 3 8 12 41424.6 1.633 172.62 1.07 1.50 -6.55 456.3
2006 3 9 12 41559.2 0.724 187.66 1.07 2.30 -7.49 449.6
2006 3 10 12 41694.2 4.314 187.02 1.07 4.35 -4.05 525.0
2006 3 11 12 41829.7 4.016 136.50 1.07 3.37 -4.13 491.6
2006 3 12 12 41965.5 1.365 163.60 1.07 2.84 -6.03 478.0
2006 3 13 12 42101.8 3.215 159.60 1.07 3.32 -4.42 515.0
2006 3 14 12 42238.3 7.166 181.79 1.07 6.22 -2.50 546.6
2006 3 15 12 42375.2 1.577 163.04 1.07 1.54 -7.16 465.4
2006 3 16 12 42512.3 5.698 203.13 1.07 5.29 -4.28 509.5
2006 3 17 12 42649.6 3.155 161.79 1.07 3.40 -5.58 495.9
2006 3 18 12 42787.0 12.988 153.66 1.07 3.43 -4.15 494.5
2006 3 19 12 42924.6 2.880 179.98 1.07 4.66 -4.45 509.4
2006 3 20 12 43062.3 8.614 189.96 1.07 1.13 -5.95 466.0
2006 3 21 12 43200.0 1.102 165.09 1.07 2.47 -6.26 477.2
2006 3 22 12 43337.7 0.858 200.39 1.07 4.84 -2.68 546.1
2006 3 23 12 43475.4 4.512 173.30 1.07 5.12 -3.47 514.3
2006 3 24 12 43613.0 0.845 178.87 1.07 5.48 -4.97 489.6
2006 3 25 12 43750.4 2.999 187.24 1.07 5.88 -3.30 525.6
2006 3 26 12 43887.7 2.787 178.27 1.07 8.01 -1.17 567.2
2006 3 27 12 44024.8 2.862 217.64 1.07 4.22 -4.94 441.9
2006 3 28 12 44161.7 2.197 170.03 1.07 5.96 -3.65 565.1
2006 3 29 12 44298.2 10.707 168.64 1.07 6.69 -2.70 537.6
2006 3 30 12 44434.5 0.082 181.37 1.07 6.32 -1.80 580.7
2006 3 31 12 44570.3 6.993 176.37 1.07 5.79 -0.71 533.9
2006 4 1 12 44705.8 1.594 171.12 1.07 4.98 -3.46 535.7
2006 4 2 12 44840.8 0.331 200.22 1.07 6.03 -2.85 536.8
2006 4 3 12 44975.4 5.850 180.03 1.07 8.48 -2.09 509.8
2006 4 4 12 45109.4 2.358 197.00 1.07 10.03 3.01 706.5
2006 4 5 12 45242.8 1.340 192.97 1.07 4.32 -3.42 571.8
2006 4 6 12 45375.7 3.119 222.26 1.07 7.16 -1.80 575.9
2006 4 7 12 45507.9 1.926 184.10 1.07 4.67 -3.69 551.1
2006 4 8 12 45639.4 4.105 210.88 1.07 6.45 -2.53 562.1
2006 4 9 12 45770.2 2.501 204.72 1.07 8.10 -1.44 559.1
2006 4 10 12 45900.2 1.835 196.73 1.07 6.16 -2.75 492.1
2006 4 11 12 46029.4 3.112 206.72 1.07 7.48 -0.44 559.2
2006 4 12 12 46157.8 0.762 215.57 1.07 7.45 -0.86 566.2
2006 4 13 12 46285.3 4.869 187.99 1.07 8.85 0.07 663.2
2006 4 14 12 46411.9 2.619 214.64 1.07 8.13 0.05 573.6
2006 4 15 12 46537.5 9.056 213.66 1.07 10.72 1.87 627.2
2006 4 16 12 46662.2 4.745 226.78 1.07 9.08 1.47 631.2
2006 4 17 12 46785.8 4.579 222.31 1.07 8.06 -1.38 586.7
2006 4 18 12 46908.4 5.219 241.73 1.07 7.23 -1.66 560.3
2006 4 19 12 47029.9 8.660 234.93 1.07 8.50 0.53 598.0
2006 4 20 12 47150.2 2.990 216.13 1.07 9.69 1.66 707.6
2006 4 21 12 47269.4 0.164 241.71 1.07 10.95 1.81 621.0
2006 4 22 12 47387.3 4.536 224.90 1.07 11.47 2.17 715.5
2006 4 23 12 47504.0 2.962 239.05 1.07 11.98 3.79 663.5
2006 4 24 12 47619.5 1.562 223.18 1.07 11.65 4.20 686.3
2006 4 25 12 47733.6 0.653 231.08 1.07 12.47 4.59 715.6
2006 4 26 12 47846.4 0.779 200.00 1.07 10.71 1.16 612.1
2006 4 27 12 47957.8 3.669 230.70 1.07 11.15 2.01 600.1
2006 4 28 12 48067.8 1.769 237.63 1.07 10.72 1.26 633.1
2006 4 29 12 48176.4 2.960 238.83 1.07 10.64 3.17 625.4
2006 4 30 12 48283.5 0.744 205.14 1.07 14.10 5.45 637.9
2006 5 1 12 48389.0 8.317 226.28 1.07 11.97 3.12 675.3
2006 5 2 12 48493.1 0.739 220.99 1.07 10.74 2.36 614.2
2006 5 3 12 48595.5 3.980 233.28 1.07 11.36 3.14 689.2
2006 5 4 12 48696.4 3.635 202.68 1.07 16.00 7.08 748.9
2006 5 5 12 48795.7 4.049 224.95 1.07 13.43 5.05 722.6
2006 5 6 12 48893.3 0.214 238.07 1.07 13.95 5.43 748.4
2006 5 7 12 48989.2 7.896 230.89 1.07 12.65 5.36 728.6
2006 5 8 12 49083.3 2.586 264.12 1.07 10.31 1.74 666.6
2006 5 9 12 49175.8 1.041 234.18 1.07 11.94 3.66 653.8
2006 5 10 12 49266.4 6.312 239.54 1.07 13.06 3.95 712.3
2006 5 11 12 49355.3 3.552 215.89 1.07 13.29 4.20 700.1
2006 5 12 12 49442.4 2.923 227.33 1.07 14.41 6.17 738.0
2006 5 13 12 49527.6 5.949 255.84 1.07 15.86 6.53 761.4
2006 5 14 12 49610.9 0.074 235.08 1.07 14.83 6.50 762.2
2006 5 15 12 49692.3 0.813 243.13 1.07 15.62 6.83 745.9
2006 5 16 12 49771.8 8.095 237.48 1.07 16.54 8.43 713.2
2006 5 17 12 49849.4 0.888 256.71 1.07 17.52 7.36 788.5
2006 5 18 12 49924.9 3.977 229.18 1.07 14.14 6.70 719.0
2006 5 19 12 49998.5 4.374 239.05 1.07 16.34 6.42 738.5
2006 5 20 12 50070.1 3.434 255.03 1.07 16.58 9.42 808.7
2006 5 21 12 50139.7 4.184 244.38 1.07 16.46 7.93 695.4
2006 5 22 12 50207.1 1.449 220.89 1.07 15.64 7.45 739.0
2006 5 23 12 50272.5 2.674 249.35 1.07 14.95 6.32 731.6
2006 5 24 12 50335.9 2.052 225.79 1.07 16.34 7.81 846.4
2006 5 25 12 50397.0 1.923 250.89 1.07 17.12 7.76 782.5
2006 5 26 12 50456.1 0.971 265.02 1.07 18.53 10.43 781.3
2006 5 27 12 50513.0 3.543 243.87 1.07 16.87 8.63 808.6
2006 5 28 12 50567.8 6.285 268.58 1.07 15.50 7.24 789.0
2006 5 29 12 50620.3 0.807 263.92 1.07 15.92 8.51 763.1
2006 5 30 12 50670.7 3.477 266.80 1.07 15.79 6.07 723.3
2006 5 31 12 50718.8 1.811 229.60 1.07 17.60 9.06 796.9
2006 6 1 12 50764.8 4.464 251.10 1.07 15.83 6.04 736.5
2006 6 2 12 50808.5 0.800 265.23 1.07 16.86 9.20 783.2
2006 6 3 12 50849.9 0.089 247.85 1.07 20.61 12.59 819.7
2006 6 4 12 50889.0 4.002 229.70 1.07 18.08 9.29 736.3
2006 6 5 12 50925.9 1.571 271.83 1.07 18.61 10.72 785.7
2006 6 6 12 50960.5 0.534 270.73 1.07 16.68 8.48 753.2
2006 6 7 12 50992.8 0.520 277.65 1.07 18.70 8.91 774.2
2006 6 8 12 51022.8 2.677 229.17 1.07 16.42 8.35 788.4
2006 6 9 12 51050.5 2.150 254.79 1.07 19.26 9.97 773.6
2006 6 10 12 51075.8 0.832 251.58 1.07 17.31 8.83 749.8
2006 6 11 12 51098.8 1.855 243.40 1.07 21.30 13.45 883.6
2006 6 12 12 51119.5 4.662 261.04 1.07 22.34 13.78 852.0
2006 6 13 12 51137.8 4.009 263.39 1.07 18.59 9.94 779.0
2006 6 14 12 51153.7 4.057 254.64 1.07 17.34 9.88 793.6
2006 6 15 12 51167.4 0.488 283.67 1.07 19.13 10.67 806.6
2006 6 16 12 51178.6 7.371 229.20 1.07 17.45 8.64 738.5
2006 6 17 12 51187.5 2.609 265.73 1.07 19.51 9.65 814.1
2006 6 18 12 51194.0 1.204 239.66 1.07 18.82 10.24 838.3
2006 6 19 12 51198.1 5.163 261.06 1.07 21.97 13.93 865.3
2006 6 20 12 51199.9 10.634 266.01 1.07 17.25 9.84 862.7
2006 6 21 12 51199.3 3.560 279.25 1.07 18.50 8.65 751.1
2006 6 22 12 51196.4 1.573 255.07 1.07 21.87 13.63 873.0
2006 6 23 12 51191.0 3.650 261.82 1.07 19.76 11.71 795.2
2006 6 24 12 51183.3 1.426 225.49 1.07 23.04 14.10 867.6
2006 6 25 12 51173.3 0.928 276.47 1.07 20.91 13.63 927.7
2006 6 26 12 51160.8 0.170 268.02 1.07 21.28 12.01 850.6
2006 6 27 12 51146.1 0.823 261.41 1.07 21.50 14.36 888.8
2006 6 28 12 51128.9 0.739 261.30 1.07 21.70 13.22 839.3
2006 6 29 12 51109.4 1.248 248.81 1.07 20.87 12.89 815.8
2006 6 30 12 51087.6 0.148 251.59 1.07 21.01 12.09 878.9
2006 7 1 12 51063.4 4.702 247.29 1.07 23.16 13.33 878.5
2006 7 2 12 51036.9 2.737 244.70 1.07 20.28 11.60 807.4
2006 7 3 12 51008.1 2.394 260.49 1.07 21.71 13.63 845.6
2006 7 4 12 50976.9 2.278 278.73 1.07 20.91 11.88 854.0
2006 7 5 12 50943.5 10.868 250.17 1.07 22.54 13.72 904.6
2006 7 6 12 50907.8 1.968 258.82 1.07 23.55 15.02 856.9
2006 7 7 12 50869.7 2.025 253.79 1.07 20.89 11.07 820.0
2006 7 8 12 50829.4 7.009 253.20 1.07 20.25 11.42 835.5
2006 7 9 12 50786.9 2.992 251.35 1.07 20.64 12.21 847.4
2006 7 10 12 50742.1 2.989 278.88 1.07 23.19 14.16 879.3
2006 7 11 12 50695.1 2.564 253.34 1.07 22.22 14.61 848.5
2006 7 12 12 50645.8 0.462 267.87 1.07 21.76 13.34 868.9
2006 7 13 12 50594.3 0.408 253.11 1.07 21.61 11.31 849.7
2006 7 14 12 50540.7 2.189 279.18 1.07 20.86 11.85 794.6
2006 7 15 12 50484.8 2.029 272.17 1.07 23.23 14.08 886.5
2006 7 16 12 50426.8 2.878 264.25 1.07 22.23 12.94 871.5
2006 7 17 12 50366.7 4.938 262.41 1.07 24.65 17.28 912.2
2006 7 18 12 50304.5 6.172 260.48 1.07 21.94 13.84 858.3
2006 7 19 12 50240.1 6.891 243.13 1.07 22.38 13.48 843.7
2006 7 20 12 50173.7 0.742 253.43 1.07 21.30 12.32 847.6
2006 7 21 12 50105.1 10.974 284.18 1.07 21.03 12.17 810.3
2006 7 22 12 50034.6 0.243 254.85 1.07 21.89 12.82 805.6
2006 7 23 12 49962.0 4.727 238.63 1.07 23.77 14.62 905.4
2006 7 24 12 49887.4 5.240 224.94 1.07 21.27 13.07 893.1
2006 7 25 12 49810.8 0.740 238.87 1.07 21.23 10.98 810.3
2006 7 26 12 49732.3 2.728 227.99 1.07 19.80 11.61 773.4
2006 7 27 12 49651.8 3.162 250.02 1.07 25.63 15.81 881.0
2006 7 28 12 49569.5 1.652 223.18 1.07 21.00 12.81 840.7
2006 7 29 12 49485.2 1.788 220.29 1.07 19.72 11.97 844.8
2006 7 30 12 49399.1 1.813 244.88 1.07 22.09 12.66 829.7
2006 7 31 12 49311.1 0.938 218.25 1.07 22.16 12.98 866.3
2006 8 1 12 49221.3 4.837 243.17 1.07 22.94 15.12 875.9
2006 8 2 12 49129.8 1.623 263.19 1.07 21.99 13.14 897.6
2006 8 3 12 49036.5 1.339 244.35 1.07 19.03 9.80 750.1
2006 8 4 12 48941.4 0.649 247.94 1.07 20.47 11.29 818.8
2006 8 5 12 48844.7 4.223 245.36 1.07 23.16 16.49 911.9
2006 8 6 12 48746.2 3.968 206.59 1.07 22.89 13.90 882.8
2006 8 7 12 48646.2 1.711 201.32 1.07 22.08 13.89 836.9
2006 8 8 12 48544.5 0.302 240.02 1.07 23.59 15.51 913.5
2006 8 9 12 48441.3 3.934 242.57 1.07 20.96 13.61 855.4
2006 8 10 12 48336.4 5.232 238.29 1.07 22.98 15.92 924.2
2006 8 11 12 48230.1 1.492 234.74 1.07 20.51 10.41 790.6
2006 8 12 12 48122.3 4.960 218.89 1.07 23.69 16.25 958.3
2006 8 13 12 48013.0 0.027 234.02 1.07 20.24 11.75 834.2
2006 8 14 12 47902.3 2.974 240.25 1.07 19.18 9.75 784.3
2006 8 15 12 47790.2 2.807 218.59 1.07 19.03 11.21 814.7
2006 8 16 12 47676.7 2.619 212.58 1.07 22.83 13.51 861.6
2006 8 17 12 47561.9 4.249 203.12 1.07 22.91 15.34 925.3
2006 8 18 12 47445.8 5.949 202.66 1.07 19.15 10.24 806.3
2006 8 19 12 47328.5 1.741 214.78 1.07 19.44 11.70 825.4
2006 8 20 12 47209.9 6.385 222.69 1.07 16.76 8.75 796.8
2006 8 21 12 47090.2 5.350 239.85 1.07 18.39 8.82 839.0
2006 8 22 12 46969.3 0.559 208.70 1.07 19.72 10.00 779.6
2006 8 23 12 46847.3 0.595 198.28 1.07 19.60 11.14 829.6
2006 8 24 12 46724.2 1.194 219.14 1.07 16.76 7.77 731.2
2006 8 25 12 46600.0 0.055 205.86 1.07 17.59 9.52 805.6
2006 8 26 12 46474.8 1.090 231.19 1.07 22.45 13.67 912.1
2006 8 27 12 46348.7 0.488 222.28 1.07 21.27 11.98 797.9
2006 8 28 12 46221.7 1.033 218.76 1.07 19.63 11.30 835.9
2006 8 29 12 46093.7 8.069 187.96 1.07 19.54 9.28 735.5
2006 8 30 12 45964.9 0.665 198.47 1.07 19.17 9.51 772.6
2006 8 31 12 45835.3 0.629 221.47 1.07 18.84 9.41 785.4
2006 9 1 12 45704.9 0.588 201.51 1.07 18.91 8.40 786.1
2006 9 2 12 45573.7 3.046 170.41 1.07 16.40 8.09 729.4
2006 9 3 12 45441.8 0.145 227.38 1.07 18.23 8.94 742.0
2006 9 4 12 45309.3 1.259 196.36 1.07 15.43 7.02 717.9
2006 9 5 12 45176.2 1.680 204.39 1.07 18.01 10.00 805.1
2006 9 6 12 45042.4 2.529 204.61 1.07 18.80 11.21 779.7
2006 9 7 12 44908.2 3.359 195.12 1.07 17.17 9.21 856.1
2006 9 8 12 44773.4 2.586 213.49 1.07 18.24 8.36 745.8
2006 9 9 12 44638.1 0.744 191.85 1.07 17.54 8.22 737.7
2006 9 10 12 44502.5 0.693 188.16 1.07 18.21 8.22 724.3
2006 9 11 12 44366.4 0.560 228.44 1.07 17.91 8.58 786.6
2006 9 12 12 44230.0 1.076 165.86 1.07 15.94 8.51 753.8
2006 9 13 12 44093.3 1.774 191.34 1.07 14.91 6.55 747.6
2006 9 14 12 43956.3 4.222 193.25 1.07 14.86 7.05 751.1
2006 9 15 12 43819.1 1.805 195.35 1.07 15.34 5.67 770.1
2006 9 16 12 43681.7 3.825 214.07 1.07 17.75 8.99 743.9
2006 9 17 12 43544.2 0.107 185.52 1.07 17.45 9.33 784.6
2006 9 18 12 43406.5 0.942 165.49 1.07 15.48 6.07 713.7
2006 9 19 12 43268.9 0.640 184.38 1.07 15.57 6.79 673.8
2006 9 20 12 43131.1 2.988 178.53 1.07 13.83 5.99 732.9
2006 9 21 12 42993.5 1.447 195.55 1.07 13.74 5.95 709.7
2006 9 22 12 42855.8 3.318 187.11 1.07 16.09 7.91 779.9
2006 9 23 12 42718.3 2.624 172.10 1.07 14.64 6.00 724.8
2006 9 24 12 42580.9 0.083 166.82 1.07 14.59 6.08 719.2
2006 9 25 12 42443.7 4.536 178.51 1.07 15.91 6.42 767.7
2006 9 26 12 42306.7 5.409 175.22 1.07 15.38 8.29 743.4
2006 9 27 12 42170.0 0.505 145.84 1.07 14.18 4.55 715.3
2006 9 28 12 42033.6 2.859 147.22 1.07 16.12 8.56 781.3
2006 9 29 12 41897.5 1.074 174.05 1.07 13.35 3.21 712.5
2006 9 30 12 41761.9 0.540 150.92 1.07 12.51 3.69 666.5
2006 10 1 12 41626.6 2.109 143.45 1.07 11.86 3.56 738.5
2006 10 2 12 41491.8 2.572 167.68 1.07 15.36 6.18 709.7
2006 10 3 12 41357.6 2.137 143.44 1.07 12.41 2.61 664.9
2006 10 4 12 41223.8 0.011 156.09 1.07 13.18 3.92 659.9
2006 10 5 12 41090.7 0.625 170.01 1.07 15.77 6.97 764.3
2006 10 6 12 40958.2 0.077 140.15 1.07 11.57 3.11 645.9
2006 10 7 12 40826.3 1.708 164.05 1.07 12.73 4.04 760.4
2006 10 8 12 40695.1 0.013 166.90 1.07 12.52 4.02 686.1
2006 10 9 12 40564.7 0.785 138.23 1.07 12.23 3.89 675.1
2006 10 10 12 40435.1 0.974 174.92 1.07 13.33 5.27 677.3
2006 10 11 12 40306.3 0.693 139.23 1.07 12.32 3.35 606.6
2006 10 12 12 40178.3 1.581 154.32 1.07 11.83 3.50 679.7
2006 10 13 12 40051.3 3.926 132.55 1.07 13.86 4.32 653.9
2006 10 14 12 39925.2 1.788 134.84 1.07 8.91 -0.97 602.1
2006 10 15 12 39800.0 1.089 167.52 1.07 9.15 0.18 522.9
2006 10 16 12 39675.8 0.416 170.32 1.07 10.62 4.51 657.7
2006 10 17 12 39552.7 0.888 157.45 1.07 11.30 2.69 655.9
2006 10 18 12 39430.7 2.118 134.83 1.07 10.25 2.32 688.2
2006 10 19 12 39309.8 0.567 125.32 1.07 9.11 1.46 626.7
2006 10 20 12 39190.1 0.963 112.37 1.07 11.79 2.94 663.8
2006 10 21 12 39071.5 0.868 141.42 1.07 10.91 3.50 635.9
2006 10 22 12 38954.2 2.160 110.80 1.07 8.58 0.38 607.0
2006 10 23 12 38838.1 5.122 130.70 1.07 11.74 4.01 667.5
2006 10 24 12 38723.3 1.753 142.32 1.07 8.45 0.00 649.1
2006 10 25 12 38609.8 1.476 119.62 1.07 8.46 0.06 539.6
2006 10 26 12 38497.7 1.063 131.28 1.07 6.37 -1.09 599.8
2006 10 27 12 38387.0 2.298 124.43 1.07 8.85 -0.14 575.6
2006 10 28 12 38277.7 0.809 137.63 1.07 11.14 2.80 649.9
2006 10 29 12 38169.9 0.792 129.19 1.07 10.88 2.35 640.8
2006 10 30 12 38063.6 2.003 117.96 1.07 7.31 -1.18 561.0
2006 10 31 12 37958.7 1.090 106.61 1.07 6.83 -1.21 543.0
2006 11 1 12 37855.5 0.359 155.34 1.07 7.47 -0.86 536.1
2006 11 2 12 37753.8 0.531 115.45 1.07 9.38 0.73 688.9
2006 11 3 12 37653.8 1.355 110.68 1.07 7.34 0.10 597.3
2006 11 4 12 37555.3 0.043 141.00 1.07 8.03 -0.24 564.0
2006 11 5 12 37458.6 0.307 120.07 1.07 7.68 -1.42 592.8
2006 11 6 12 37363.5 1.440 135.58 1.07 8.14 -0.44 617.1
2006 11 7 12 37270.2 0.838 120.38 1.07 7.53 -1.05 579.8
2006 11 8 12 37178.7 0.801 123.24 1.07 5.09 -3.94 490.5
2006 11 9 12 37088.9 0.938 125.86 1.07 6.09 -2.86 570.9
2006 11 10 12 37000.9 2.586 117.08 1.07 4.99 -3.69 501.1
2006 11 11 12 36914.8 1.466 101.78 1.07 6.87 -1.31 546.2
2006 11 12 12 36830.5 1.356 109.28 1.07 6.06 -3.44 498.6
2006 11 13 12 36748.2 0.424 82.77 1.07 5.93 -2.21 522.8
2006 11 14 12 36667.7 1.980 124.40 1.07 5.45 -3.31 555.5
2006 11 15 12 36589.2 1.288 102.45 1.07 2.43 -7.02 443.2
2006 11 16 12 36512.6 0.803 94.30 1.07 5.37 -2.81 616.6
2006 11 17 12 36438.0 1.689 121.68 1.07 2.45 -5.89 489.7
2006 11 18 12 36365.4 1.796 111.17 1.07 2.65 -5.48 494.5
2006 11 19 12 36294.9 1.080 127.75 1.07 5.67 -2.03 566.8
2006 11 20 12 36226.3 0.457 78.23 1.07 3.23 -3.90 504.6
2006 11 21 12 36159.9 0.934 104.06 1.07 1.57 -6.95 486.3
2006 11 22 12 36095.5 1.720 99.85 1.07 2.53 -6.28 448.7
2006 11 23 12 36033.3 0.348 119.88 1.07 4.40 -4.28 499.8
2006 11 24 12 35973.2 0.241 110.36 1.07 2.41 -6.46 496.9
2006 11 25 12 35915.2 0.262 131.29 1.07 4.62 -4.41 552.6
2006 11 26 12 35859.3 0.250 132.03 1.07 4.15 -4.43 573.7
2006 11 27 12 35805.7 1.133 116.33 1.07 4.12 -5.69 473.0
2006 11 28 12 35754.2 0.225 109.73 1.07 3.43 -4.48 526.7
2006 11 29 12 35704.9 0.338 84.05 1.07 0.39 -7.91 387.3
2006 11 30 12 35657.9 2.912 113.27 1.07 1.75 -5.62 534.8
2006 12 1 12 35613.1 0.351 135.92 1.07 2.64 -6.63 462.3
2006 12 2 12 35570.6 2.216 123.24 1.07 0.63 -6.81 485.1
2006 12 3 12 35530.3 0.297 95.05 1.07 2.45 -5.38 511.7
2006 12 4 12 35492.2 0.957 98.63 1.07 3.13 -6.21 490.0
2006 12 5 12 35456.5 1.231 129.36 1.07 -0.30 -9.76 385.8
2006 12 6 12 35423.1 1.552 85.29 1.07 -1.47 -9.78 382.3
2006 12 7 12 35391.9 0.106 105.86 1.07 1.25 -6.87 490.1
2006 12 8 12 35363.1 0.366 91.71 1.07 4.63 -3.32 518.2
2006 12 9 12 35336.6 0.985 94.32 1.07 0.76 -8.33 412.4
2006 12 10 12 35312.4 2.546 107.17 1.07 -1.21 -7.87 439.3
2006 12 11 12 35290.6 1.029 109.73 1.07 1.41 -8.07 434.5
2006 12 12 12 35271.1 0.323 93.47 1.07 0.94 -6.71 453.2
2006 12 13 12 35253.9 3.574 113.60 1.07 1.19 -8.79 419.9
2006 12 14 12 35239.2 0.051 111.37 1.07 3.48 -5.73 493.7
2006 12 15 12 35226.7 2.436 111.88 1.07 -1.74 -9.61 377.5
2006 12 16 12 35216.7 0.883 103.41 1.07 1.10 -6.08 443.4
2006 12 17 12 35209.0 0.573 122.56 1.07 -0.17 -7.86 459.9
2006 12 18 12 35203.6 3.491 85.06 1.07 0.38 -8.33 445.6
2006 12 19 12 35200.7 1.226 102.65 1.07 -1.37 -10.87 372.3
2006 12 20 12 35200.1 0.960 94.66 1.07 -2.55 -10.12 380.9
2006 12 21 12 35201.9 0.174 105.27 1.07 1.93 -6.80 487.9
2006 12 22 12 35206.0 0.762 116.77 1.07 2.04 -5.38 457.1
2006 12 23 12 35212.5 3.740 80.63 1.07 2.18 -5.49 456.2
2006 12 24 12 35221.4 2.785 100.30 1.07 -1.94 -10.10 375.0
2006 12 25 12 35232.6 0.527 92.13 1.07 -1.15 -10.38 319.0
2006 12 26 12 35246.3 0.380 118.41 1.07 0.83 -8.36 492.4
2006 12 27 12 35262.2 0.367 124.29 1.07 -1.32 -9.42 372.6
2006 12 28 12 35280.5 2.428 83.56 1.07 -2.19 -10.64 417.8
2006 12 29 12 35301.2 0.833 110.03 1.07 -0.61 -7.67 455.1
2006 12 30 12 35324.2 0.277 151.28 1.07 -3.16 -11.24 386.6
2006 12 31 12 35349.5 0.013 104.72 1.07 -4.10 -12.25 404.9
2007 1 1 12 35377.2 1.853 101.37 1.07 2.08 -5.24 508.8
2007 1 2 12 35407.2 2.881 108.32 1.07 -1.95 -11.03 377.9
2007 1 3 12 35439.5 0.458 116.20 1.07 -0.33 -8.47 475.1
2007 1 4 12 35474.1 0.634 123.77 1.07 -2.02 -11.27 310.1
2007 1 5 12 35511.0 4.139 126.69 1.07 -1.30 -9.15 455.4
2007 1 6 12 35550.1 0.595 88.69 1.07 -1.63 -8.92 424.5
2007 1 7 12 35591.5 1.198 121.67 1.07 -4.00 -12.40 349.5
2007 1 8 12 35635.2 0.339 103.60 1.07 -2.70 -12.60 340.6
2007 1 9 12 35681.2 1.971 102.22 1.07 -0.75 -8.49 440.8
2007 1 10 12 35729.3 1.273 101.38 1.07 -1.37 -8.72 410.8
2007 1 11 12 35779.7 0.990 117.01 1.07 -1.92 -11.07 349.8
2007 1 12 12 35832.2 3.646 98.62 1.07 -4.98 -14.07 320.9
2007 1 13 12 35887.0 0.462 127.31 1.07 -1.17 -8.94 442.4
2007 1 14 12 35943.9 4.212 105.20 1.07 -2.64 -11.94 357.5
2007 1 15 12 36003.0 2.034 120.26 1.07 -2.90 -12.34 367.6
2007 1 16 12 36064.1 0.305 117.13 1.07 -3.23 -12.51 371.5
2007 1 17 12 36127.5 0.344 94.24 1.07 -1.87 -10.78 404.2
2007 1 18 12 36192.9 0.681 96.45 1.07 -2.16 -10.12 414.8
2007 1 19 12 36260.3 7.433 120.63 1.07 -2.60 -11.03 398.1
2007 1 20 12 36329.9 2.988 90.82 1.07 0.03 -7.76 453.5
2007 1 21 12 36401.5 5.352 114.18 1.07 -1.94 -10.03 335.5
2007 1 22 12 36475.1 0.083 105.72 1.07 -4.17 -11.64 345.6
2007 1 23 12 36550.6 0.788 107.33 1.07 -2.92 -10.63 379.2
2007 1 24 12 36628.2 5.325 119.98 1.07 -1.63 -11.07 403.3
2007 1 25 12 36707.7 6.988 134.89 1.07 -0.92 -9.75 390.4
2007 1 26 12 36789.1 3.542 124.00 1.07 -3.40 -10.93 410.8
2007 1 27 12 36872.4 4.840 96.27 1.07 -3.37 -11.59 411.1
2007 1 28 12 36957.6 1.494 118.31 1.07 -1.12 -10.09 464.1
2007 1 29 12 37044.7 0.596 131.12 1.07 -1.70 -10.55 408.0
2007 1 30 12 37133.6 4.696 114.43 1.07 -1.22 -9.08 398.5
2007 1 31 12 37224.2 2.070 118.71 1.07 -2.76 -11.60 379.6
2007 2 1 12 37316.7 10.732 112.95 1.07 -0.44 -8.09 463.1
2007 2 2 12 37410.8 0.143 138.80 1.07 -0.48 -9.20 370.9
2007 2 3 12 37506.7 1.799 107.93 1.07 -0.65 -8.01 475.6
2007 2 4 12 37604.3 1.689 117.82 1.07 -2.23 -9.85 387.8
2007 2 5 12 37703.6 7.178 109.23 1.07 -2.19 -11.21 381.8
2007 2 6 12 37804.5 0.878 137.89 1.07 -1.69 -9.64 376.4
2007 2 7 12 37906.9 1.700 111.60 1.07 -4.00 -13.66 358.7
2007 2 8 12 38011.0 4.282 116.93 1.07 -1.90 -10.42 335.9
2007 2 9 12 38116.5 4.198 124.40 1.07 0.09 -8.50 428.1
2007 2 10 12 38223.6 0.059 132.05 1.07 -2.40 -12.34 338.2
2007 2 11 12 38332.2 1.983 125.49 1.07 1.64 -8.35 456.5
2007 2 12 12 38442.2 1.009 132.48 1.07 -2.89 -10.52 376.8
2007 2 13 12 38553.6 1.405 104.72 1.07 -2.34 -10.97 418.1
2007 2 14 12 38666.4 4.598 144.84 1.07 -1.87 -10.34 384.5
2007 2 15 12 38780.5 3.344 140.59 1.07 0.12 -8.71 444.0
2007 2 16 12 38896.0 2.418 137.97 1.07 -1.17 -8.76 445.8
2007 2 17 12 39012.7 1.918 100.68 1.07 -2.39 -12.19 367.8
2007 2 18 12 39130.6 0.605 139.78 1.07 0.35 -7.58 464.7
2007 2 19 12 39249.8 5.291 130.19 1.07 0.04 -6.97 412.9
2007 2 20 12 39370.1 0.999 132.02 1.07 -1.39 -10.63 370.1
2007 2 21 12 39491.6 2.063 142.57 1.07 2.46 -6.91 446.9
2007 2 22 12 39614.2 1.275 162.09 1.07 1.08 -7.21 475.7
2007 2 23 12 39737.8 0.618 172.97 1.07 0.96 -7.12 493.0
2007 2 24 12 39862.5 0.326 164.67 1.07 -0.68 -10.30 402.3
2007 2 25 12 39988.1 9.007 145.90 1.07 -1.20 -10.08 389.3
2007 2 26 12 40114.7 0.900 173.44 1.07 2.63 -4.75 505.7
2007 2 27 12 40242.2 0.027 172.63 1.07 -0.73 -7.80 453.1
2007 2 28 12 40370.6 3.524 152.80 1.07 1.52 -7.21 453.2
2007 3 1 12 40499.8 9.199 125.21 1.07 2.26 -6.23 455.4
2007 3 2 12 40629.8 9.633 141.52 1.07 -1.10 -9.45 376.3
2007 3 3 12 40760.6 1.742 122.96 1.07 0.83 -10.00 369.7
2007 3 4 12 40892.1 4.348 149.88 1.07 -0.18 -9.38 378.0
2007 3 5 12 41024.3 1.101 159.33 1.07 1.98 -6.66 471.9
2007 3 6 12 41157.2 15.038 133.93 1.07 0.34 -6.38 453.3
2007 3 7 12 41290.6 1.231 174.28 1.07 0.39 -7.87 461.6
2007 3 8 12 41424.6 0.680 165.01 1.07 -0.11 -7.54 382.5
2007 3 9 12 41559.2 5.560 136.11 1.07 1.91 -6.84 439.0
2007 3 10 12 41694.2 6.417 168.21 1.07 -0.35 -8.59 422.8
2007 3 11 12 41829.7 1.838 139.55 1.07 4.57 -4.80 509.1
2007 3 12 12 41965.5 4.616 198.90 1.07 2.18 -7.60 450.3
2007 3 13 12 42101.8 2.238 149.79 1.07 3.89 -5.62 516.9
2007 3 14 12 42238.3 0.005 156.23 1.07 2.70 -6.26 519.4
2007 3 15 12 42375.2 1.016 165.02 1.07 3.45 -5.23 509.0
2007 3 16 12 42512.3 0.268 174.81 1.07 1.21 -7.91 445.5
2007 3 17 12 42649.6 2.722 168.26 1.07 4.13 -6.37 488.8
2007 3 18 12 42787.0 3.345 152.17 1.07 1.70 -6.38 469.4
2007 3 19 12 42924.6 2.133 178.39 1.07 5.71 -3.62 563.6
2007 3 20 12 43062.3 1.749 169.77 1.07 3.07 -5.57 487.3
2007 3 21 12 43200.0 4.949 170.86 1.07 5.05 -4.21 510.1
2007 3 22 12 43337.7 8.634 205.19 1.07 2.35 -5.52 504.5
2007 3 23 12 43475.4 2.550 176.58 1.07 5.50 -4.58 488.3
2007 3 24 12 43613.0 0.099 178.95 1.07 2.03 -5.92 527.6
2007 3 25 12 43750.4 1.432 187.63 1.07 2.34 -6.71 420.7
2007 3 26 12 43887.7 4.109 194.17 1.07 6.49 -2.47 519.6
2007 3 27 12 44024.8 0.841 192.19 1.07 6.53 -2.14 590.2
2007 3 28 12 44161.7 9.453 154.00 1.07 4.63 -4.13 566.4
2007 3 29 12 44298.2 2.155 186.25 1.07 4.95 -2.63 607.0
2007 3 30 12 44434.5 8.572 186.35 1.07 5.49 -2.69 530.0
2007 3 31 12 44570.3 1.183 175.53 1.07 6.32 -1.32 571.0
2007 4 1 12 44705.8 0.562 175.66 1.07 7.57 -0.74 594.9
2007 4 2 12 44840.8 1.335 212.87 1.07 5.77 -3.04 552.7
2007 4 3 12 44975.4 4.893 199.52 1.07 4.14 -4.66 538.9
2007 4 4 12 45109.4 3.838 190.82 1.07 6.55 -3.44 544.9
2007 4 5 12 45242.8 6.286 205.27 1.07 5.77 -1.42 649.5
2007 4 6 12 45375.7 7.061 219.86 1.07 9.03 0.22 638.1
2007 4 7 12 45507.9 1.921 210.75 1.07 6.71 -3.42 568.1
2007 4 8 12 45639.4 7.880 224.63 1.07 9.27 -0.26 568.8
2007 4 9 12 45770.2 8.243 209.56 1.07 7.63 -2.34 580.7
2007 4 10 12 45900.2 3.462 217.19 1.07 6.91 -2.38 587.3
2007 4 11 12 46029.4 10.606 204.80 1.07 9.85 1.59 660.4
2007 4 12 12 46157.8 2.592 227.54 1.07 7.13 -3.24 485.0
2007 4 13 12 46285.3 3.916 236.14 1.07 8.50 0.84 594.6
2007 4 14 12 46411.9 5.578 214.94 1.07 8.18 -1.04 557.4
2007 4 15 12 46537.5 3.105 194.09 1.07 7.69 -1.19 571.8
2007 4 16 12 46662.2 1.357 216.47 1.07 9.58 0.81 608.0
2007 4 17 12 46785.8 8.439 214.48 1.07 8.42 -1.17 670.5
2007 4 18 12 46908.4 2.164 227.19 1.07 8.28 0.14 589.0
2007 4 19 12 47029.9 4.937 212.99 1.07 9.46 -0.38 595.0
2007 4 20 12 47150.2 0.720 221.05 1.07 9.02 1.54 651.0
2007 4 21 12 47269.4 2.896 229.67 1.07 9.53 -0.04 603.8
2007 4 22 12 47387.3 7.577 212.05 1.07 10.13 1.39 687.1
2007 4 23 12 47504.0 5.446 227.81 1.07 11.44 2.18 660.4
2007 4 24 12 47619.5 3.696 227.72 1.07 10.06 2.22 638.2
2007 4 25 12 47733.6 0.299 192.09 1.07 9.01 -0.61 580.5
2007 4 26 12 47846.4 4.284 224.36 1.07 11.93 4.33 717.1
2007 4 27 12 47957.8 1.072 205.47 1.07 10.46 3.47 710.7
2007 4 28 12 48067.8 3.191 249.45 1.07 12.09 2.26 664.8
2007 4 29 12 48176.4 6.567 220.73 1.07 13.43 3.20 650.4
2007 4 30 12 48283.5 0.274 223.94 1.07 11.90 2.97 643.8
2007 5 1 12 48389.0 4.499 243.84 1.07 10.86 2.27 665.5
2007 5 2 12 48493.1 5.041 196.98 1.07 12.04 3.15 713.5
2007 5 3 12 48595.5 0.796 216.27 1.07 11.42 2.48 674.9
2007 5 4 12 48696.4 3.090 254.09 1.07 11.55 3.39 659.6
2007 5 5 12 48795.7 2.541 234.99 1.07 12.40 3.98 676.4
2007 5 6 12 48893.3 0.446 214.72 1.07 11.33 1.35 568.6
2007 5 7 12 48989.2 1.454 226.20 1.07 11.75 2.46 685.4
2007 5 8 12 49083.3 1.798 218.54 1.07 14.58 6.93 705.6
2007 5 9 12 49175.8 6.978 229.59 1.07 13.97 5.39 743.5
2007 5 10 12 49266.4 5.156 234.79 1.07 14.41 5.68 718.6
2007 5 11 12 49355.3 4.894 267.70 1.07 15.22 5.50 774.2
2007 5 12 12 49442.4 4.778 225.95 1.07 11.59 3.49 703.4
2007 5 13 12 49527.6 6.706 222.27 1.07 14.05 5.35 719.8
2007 5 14 12 49610.9 0.651 239.60 1.07 16.97 8.26 767.8
2007 5 15 12 49692.3 1.182 245.25 1.07 17.45 9.54 774.1
2007 5 16 12 49771.8 7.034 240.49 1.07 14.06 4.53 694.6
2007 5 17 12 49849.4 2.493 245.42 1.07 13.94 6.19 722.1
2007 5 18 12 49924.9 2.952 271.39 1.07 12.36 3.92 635.9
2007 5 19 12 49998.5 0.616 231.21 1.07 15.00 7.24 785.0
2007 5 20 12 50070.1 0.750 245.57 1.07 16.66 7.75 748.3
2007 5 21 12 50139.7 7.703 270.47 1.07 17.32 9.66 785.8
2007 5 22 12 50207.1 9.245 275.90 1.07 14.19 3.24 612.4
2007 5 23 12 50272.5 2.204 255.80 1.07 16.03 6.25 713.9
2007 5 24 12 50335.9 23.230 224.21 1.07 15.70 6.27 749.1
2007 5 25 12 50397.0 2.443 263.77 1.07 15.05 5.76 693.6
2007 5 26 12 50456.1 8.082 265.25 1.07 15.91 8.10 733.6
2007 5 27 12 50513.0 3.636 258.48 1.07 18.26 8.02 753.9
2007 5 28 12 50567.8 1.928 247.36 1.07 17.88 9.91 802.9
2007 5 29 12 50620.3 4.721 243.46 1.07 17.86 9.16 814.6
2007 5 30 12 50670.7 0.569 268.70 1.07 19.48 9.90 836.9
2007 5 31 12 50718.8 9.064 261.54 1.07 17.47 10.19 802.5
2007 6 1 12 50764.8 1.635 272.31 1.07 17.58 7.81 717.7
2007 6 2 12 50808.5 2.764 252.22 1.07 18.59 10.63 796.2
2007 6 3 12 50849.9 1.323 263.72 1.07 16.60 8.97 810.2
2007 6 4 12 50889.0 3.295 241.25 1.07 19.49 9.31 753.1
2007 6 5 12 50925.9 1.773 280.66 1.07 19.31 9.79 815.9
2007 6 6 12 50960.5 2.213 284.59 1.07 19.10 11.50 900.7
2007 6 7 12 50992.8 1.696 257.69 1.07 17.62 9.08 810.5
2007 6 8 12 51022.8 0.109 231.40 1.07 19.84 11.69 845.1
2007 6 9 12 51050.5 3.668 276.92 1.07 21.53 12.91 899.1
2007 6 10 12 51075.8 1.227 289.93 1.07 19.88 11.83 849.7
2007 6 11 12 51098.8 5.696 254.02 1.07 18.38 8.73 763.6
2007 6 12 12 51119.5 1.098 254.04 1.07 22.01 13.92 885.1
2007 6 13 12 51137.8 1.876 254.28 1.07 20.14 11.33 794.7
2007 6 14 12 51153.7 4.178 255.34 1.07 22.20 13.35 828.7
2007 6 15 12 51167.4 3.995 276.35 1.07 18.28 8.51 766.5
2007 6 16 12 51178.6 4.738 267.44 1.07 18.83 8.91 757.2
2007 6 17 12 51187.5 0.464 243.84 1.07 21.16 12.37 826.0
2007 6 18 12 51194.0 2.199 255.83 1.07 16.12 8.43 737.0
2007 6 19 12 51198.1 0.456 264.51 1.07 23.03 14.51 882.1
2007 6 20 12 51199.9 0.816 250.52 1.07 22.21 12.76 833.8
2007 6 21 12 51199.3 1.534 266.58 1.07 19.37 10.55 812.0
2007 6 22 12 51196.4 0.871 261.82 1.07 22.34 13.44 848.9
2007 6 23 12 51191.0 1.381 276.66 1.07 20.69 11.36 806.1
2007 6 24 12 51183.3 2.510 271.13 1.07 20.35 12.00 834.0
2007 6 25 12 51173.3 13.087 252.98 1.07 19.33 9.88 748.2
2007 6 26 12 51160.8 1.830 260.25 1.07 22.42 13.19 837.4
2007 6 27 12 51146.1 2.274 247.97 1.07 21.99 12.44 886.0
2007 6 28 12 51128.9 0.966 290.25 1.07 21.46 12.18 864.1
2007 6 29 12 51109.4 3.148 269.29 1.07 19.40 11.95 839.5
2007 6 30 12 51087.6 4.013 237.97 1.07 21.97 12.73 809.3
2007 7 1 12 51063.4 0.344 255.10 1.07 22.75 13.69 842.5
2007 7 2 12 51036.9 0.903 233.98 1.07 23.97 15.93 911.1
2007 7 3 12 51008.1 1.672 251.70 1.07 21.19 13.35 878.6
2007 7 4 12 50976.9 0.716 258.92 1.07 20.69 11.61 813.5
2007 7 5 12 50943.5 2.833 270.36 1.07 19.95 12.28 862.5
2007 7 6 12 50907.8 0.600 272.13 1.07 21.73 12.28 840.7
2007 7 7 12 50869.7 1.642 236.15 1.07 22.89 14.77 921.4
2007 7 8 12 50829.4 1.720 258.93 1.07 24.62 15.89 930.6
2007 7 9 12 50786.9 0.102 260.68 1.07 22.48 14.16 909.7
2007 7 10 12 50742.1 1.765 256.71 1.07 23.77 15.59 912.0
2007 7 11 12 50695.1 2.128 232.38 1.07 22.03 13.31 850.4
2007 7 12 12 50645.8 0.030 242.24 1.07 22.91 14.66 918.8
2007 7 13 12 50594.3 3.209 251.16 1.07 21.06 13.02 865.2
2007 7 14 12 50540.7 0.863 265.01 1.07 22.30 12.34 852.5
2007 7 15 12 50484.8 5.411 238.90 1.07 20.41 11.04 835.1
2007 7 16 12 50426.8 3.406 243.92 1.07 23.57 15.64 947.6
2007 7 17 12 50366.7 3.743 247.71 1.07 25.14 14.94 911.5
2007 7 18 12 50304.5 8.984 226.52 1.07 22.22 12.65 884.7
2007 7 19 12 50240.1 2.702 244.47 1.07 21.33 13.90 808.8
2007 7 20 12 50173.7 5.996 255.42 1.07 27.80 18.84 992.2
2007 7 21 12 50105.1 0.699 234.39 1.07 23.72 15.22 947.0
2007 7 22 12 50034.6 3.164 241.07 1.07 24.25 15.92 950.2
2007 7 23 12 49962.0 3.154 238.74 1.07 22.58 14.29 856.1
2007 7 24 12 49887.4 10.044 256.42 1.07 20.44 11.37 807.7
2007 7 25 12 49810.8 4.263 221.14 1.07 21.64 12.70 906.3
2007 7 26 12 49732.3 6.418 236.87 1.07 22.07 15.13 975.0
2007 7 27 12 49651.8 1.133 267.29 1.07 21.87 12.15 857.8
2007 7 28 12 49569.5 2.258 260.43 1.07 20.25 11.04 926.9
2007 7 29 12 49485.2 1.632 258.50 1.07 21.82 12.24 838.7
2007 7 30 12 49399.1 8.282 262.38 1.07 20.10 11.28 863.3
2007 7 31 12 49311.1 0.232 226.55 1.07 19.78 10.38 781.1
2007 8 1 12 49221.3 3.555 259.25 1.07 20.58 12.93 873.4
2007 8 2 12 49129.8 0.727 207.81 1.07 21.27 13.88 841.0
2007 8 3 12 49036.5 5.661 229.97 1.07 21.32 12.63 872.0
2007 8 4 12 48941.4 2.200 246.76 1.07 21.40 11.93 820.5
2007 8 5 12 48844.7 1.231 239.30 1.07 24.26 17.06 913.0
2007 8 6 12 48746.2 2.210 238.76 1.07 21.30 12.03 885.7
2007 8 7 12 48646.2 0.130 219.89 1.07 18.66 10.17 820.9
2007 8 8 12 48544.5 4.685 190.97 1.07 20.83 12.47 825.9
2007 8 9 12 48441.3 5.173 238.10 1.07 20.88 11.44 809.1
2007 8 10 12 48336.4 3.580 246.44 1.07 17.78 8.78 730.2
2007 8 11 12 48230.1 3.436 231.84 1.07 21.08 13.90 859.1
2007 8 12 12 48122.3 1.143 232.81 1.07 20.18 11.74 814.4
2007 8 13 12 48013.0 0.314 233.56 1.07 20.78 12.51 862.2
2007 8 14 12 47902.3 2.477 214.23 1.07 21.15 13.14 869.0
2007 8 15 12 47790.2 0.452 223.46 1.07 20.51 12.19 815.3
2007 8 16 12 47676.7 0.290 206.80 1.07 20.44 12.59 822.0
2007 8 17 12 47561.9 3.658 238.85 1.07 19.74 11.51 884.5
2007 8 18 12 47445.8 2.376 187.50 1.07 21.26 12.49 876.2
2007 8 19 12 47328.5 1.494 217.07 1.07 19.71 13.58 899.5
2007 8 20 12 47209.9 1.462 245.98 1.07 21.17 12.04 839.7
2007 8 21 12 47090.2 0.468 225.83 1.07 18.46 9.49 754.7
2007 8 22 12 46969.3 0.347 200.46 1.07 19.37 11.82 847.9
2007 8 23 12 46847.3 0.156 222.75 1.07 20.61 12.58 833.3
2007 8 24 12 46724.2 1.909 227.16 1.07 18.08 9.11 863.8
2007 8 25 12 46600.0 1.589 216.34 1.07 18.82 9.78 772.7
2007 8 26 12 46474.8 2.006 221.19 1.07 20.36 11.71 876.6
2007 8 27 12 46348.7 0.832 192.91 1.07 18.27 9.88 789.4
2007 8 28 12 46221.7 3.632 199.70 1.07 21.09 12.45 848.9
2007 8 29 12 46093.7 1.596 213.86 1.07 19.19 10.13 845.8
2007 8 30 12 45964.9 1.573 202.68 1.07 18.58 10.48 776.5
2007 8 31 12 45835.3 6.146 199.64 1.07 19.78 11.19 861.4
2007 9 1 12 45704.9 4.037 189.70 1.07 18.87 10.93 804.9
2007 9 2 12 45573.7 3.192 224.60 1.07 18.68 10.16 823.4
2007 9 3 12 45441.8 1.518 203.81 1.07 18.20 8.35 796.0
2007 9 4 12 45309.3 1.328 215.65 1.07 18.12 9.87 821.4
2007 9 5 12 45176.2 2.391 166.90 1.07 16.62 8.77 738.4
2007 9 6 12 45042.4 0.473 212.41 1.07 19.01 10.70 799.8
2007 9 7 12 44908.2 1.807 179.99 1.07 16.99 7.09 746.8
2007 9 8 12 44773.4 0.413 191.57 1.07 19.21 10.81 786.6
2007 9 9 12 44638.1 3.109 197.18 1.07 16.18 7.18 755.3
2007 9 10 12 44502.5 4.178 222.65 1.07 19.17 10.60 843.5
2007 9 11 12 44366.4 1.039 218.86 1.07 16.10 7.88 742.7
2007 9 12 12 44230.0 2.085 189.23 1.07 18.20 9.38 815.2
2007 9 13 12 44093.3 0.014 195.23 1.07 16.31 8.20 764.2
2007 9 14 12 43956.3 0.281 178.53 1.07 17.03 8.79 783.9
2007 9 15 12 43819.1 0.256 186.79 1.07 15.70 7.37 767.8
2007 9 16 12 43681.7 0.274 184.49 1.07 15.24 6.33 762.4
2007 9 17 12 43544.2 0.230 188.27 1.07 15.70 7.88 728.1
2007 9 18 12 43406.5 2.165 173.65 1.07 17.03 9.59 819.7
2007 9 19 12 43268.9 7.172 188.06 1.07 16.85 8.22 791.4
2007 9 20 12 43131.1 1.626 184.80 1.07 16.51 7.51 755.3
2007 9 21 12 42993.5 2.305 161.85 1.07 15.88 6.95 707.8
2007 9 22 12 42855.8 0.298 174.93 1.07 18.43 10.46 825.1
2007 9 23 12 42718.3 0.807 167.22 1.07 13.94 5.41 721.4
2007 9 24 12 42580.9 2.365 204.37 1.07 14.79 5.99 714.1
2007 9 25 12 42443.7 2.722 191.64 1.07 11.11 1.91 661.6
2007 9 26 12 42306.7 1.480 185.83 1.07 15.22 6.93 718.6
2007 9 27 12 42170.0 0.520 162.24 1.07 13.09 4.97 718.8
2007 9 28 12 42033.6 2.897 195.99 1.07 14.15 5.49 711.7
2007 9 29 12 41897.5 0.375 161.82 1.07 12.93 4.55 715.0
2007 9 30 12 41761.9 0.526 154.97 1.07 13.59 5.38 668.3
2007 10 1 12 41626.6 0.188 198.27 1.07 13.85 5.98 636.8
2007 10 2 12 41491.8 1.662 172.93 1.07 12.38 3.07 622.7
2007 10 3 12 41357.6 0.605 149.80 1.07 13.70 4.53 692.8
2007 10 4 12 41223.8 1.069 154.45 1.07 12.40 3.48 729.9
2007 10 5 12 41090.7 0.362 170.61 1.07 11.87 3.29 676.8
2007 10 6 12 40958.2 1.093 153.07 1.07 13.60 4.63 737.0
2007 10 7 12 40826.3 2.320 154.93 1.07 12.76 3.93 702.4
2007 10 8 12 40695.1 0.514 180.18 1.07 9.64 1.61 571.3
2007 10 9 12 40564.7 1.371 143.75 1.07 11.55 1.78 638.9
2007 10 10 12 40435.1 0.964 145.38 1.07 10.36 1.13 603.6
2007 10 11 12 40306.3 1.623 193.02 1.07 13.60 4.45 662.1
2007 10 12 12 40178.3 1.759 156.96 1.07 10.32 2.72 656.0
2007 10 13 12 40051.3 0.133 156.10 1.07 10.28 1.73 646.2
2007 10 14 12 39925.2 2.072 170.41 1.07 11.08 2.65 600.8
2007 10 15 12 39800.0 0.913 154.70 1.07 11.55 2.27 620.0
2007 10 16 12 39675.8 1.794 164.68 1.07 9.59 0.59 594.2
2007 10 17 12 39552.7 0.006 122.50 1.07 10.63 -0.04 595.1
2007 10 18 12 39430.7 1.535 149.77 1.07 10.59 2.02 662.7
2007 10 19 12 39309.8 0.388 138.72 1.07 7.55 -1.60 546.6
2007 10 20 12 39190.1 1.129 147.69 1.07 10.46 0.56 625.5
2007 10 21 12 39071.5 1.382 105.79 1.07 8.82 0.45 670.2
2007 10 22 12 38954.2 4.277 116.14 1.07 7.66 -1.70 566.9
2007 10 23 12 38838.1 1.030 135.77 1.07 11.82 3.28 676.4
2007 10 24 12 38723.3 0.930 146.55 1.07 7.67 -0.72 578.5
2007 10 25 12 38609.8 0.212 114.60 1.07 9.86 3.47 647.1
2007 10 26 12 38497.7 0.756 124.81 1.07 9.24 0.31 590.2
2007 10 27 12 38387.0 0.252 137.32 1.07 5.89 -2.57 571.4
2007 10 28 12 38277.7 1.637 129.41 1.07 7.02 -1.63 534.3
2007 10 29 12 38169.9 1.409 145.30 1.07 6.30 -2.92 521.4
2007 10 30 12 38063.6 1.862 145.82 1.07 9.06 0.60 593.8
2007 10 31 12 37958.7 0.584 111.86 1.07 8.68 0.68 627.7
2007 11 1 12 37855.5 0.106 125.36 1.07 9.67 1.49 620.3
2007 11 2 12 37753.8 0.603 117.75 1.07 5.67 -2.39 541.4
2007 11 3 12 37653.8 0.979 143.62 1.07 10.40 1.15 613.2
2007 11 4 12 37555.3 3.424 137.14 1.07 8.09 -0.46 597.1
2007 11 5 12 37458.6 3.634 108.65 1.07 8.97 -0.92 620.6
2007 11 6 12 37363.5 0.354 142.37 1.07 6.55 -3.45 573.0
2007 11 7 12 37270.2 0.818 100.94 1.07 5.72 -1.54 534.0
2007 11 8 12 37178.7 0.134 112.96 1.07 4.68 -3.84 526.5
2007 11 9 12 37088.9 0.073 102.68 1.07 7.62 -0.49 614.3
2007 11 10 12 37000.9 2.106 111.32 1.07 5.37 -2.74 601.0
2007 11 11 12 36914.8 0.073 83.68 1.07 5.19 -3.45 497.5
2007 11 12 12 36830.5 2.046 116.28 1.07 6.85 -0.70 591.7
2007 11 13 12 36748.2 2.017 89.77 1.07 6.21 -2.52 578.4
2007 11 14 12 36667.7 0.342 107.46 1.07 4.51 -5.83 466.0
2007 11 15 12 36589.2 0.272 131.24 1.07 4.84 -3.64 511.6
2007 11 16 12 36512.6 0.649 115.56 1.07 4.87 -2.99 526.6
2007 11 17 12 36438.0 0.925 145.88 1.07 4.37 -5.38 503.5
2007 11 18 12 36365.4 0.925 127.87 1.07 5.84 -3.00 531.6
2007 11 19 12 36294.9 0.511 126.77 1.07 4.69 -3.03 553.4
2007 11 20 12 36226.3 0.038 102.03 1.07 3.27 -4.64 489.2
2007 11 21 12 36159.9 1.063 105.47 1.07 5.48 -3.24 571.5
2007 11 22 12 36095.5 2.605 116.91 1.07 2.48 -6.76 479.4
2007 11 23 12 36033.3 0.789 100.83 1.07 3.07 -5.55 435.6
2007 11 24 12 35973.2 0.559 107.95 1.07 2.71 -5.71 504.4
2007 11 25 12 35915.2 3.247 124.13 1.07 2.30 -5.73 440.2
2007 11 26 12 35859.3 0.341 108.73 1.07 2.26 -6.48 453.4
2007 11 27 12 35805.7 0.951 84.33 1.07 3.99 -3.38 530.0
2007 11 28 12 35754.2 2.741 115.94 1.07 2.50 -5.93 466.2
2007 11 29 12 35704.9 1.177 98.72 1.07 4.80 -4.10 539.1
2007 11 30 12 35657.9 3.049 96.69 1.07 1.33 -7.73 505.9
2007 12 1 12 35613.1 0.614 140.55 1.07 1.05 -8.25 373.1
2007 12 2 12 35570.6 2.765 105.96 1.07 -0.16 -7.96 423.5
2007 12 3 12 35530.3 1.328 134.80 1.07 -0.31 -9.09 423.7
2007 12 4 12 35492.2 1.873 91.72 1.07 0.35 -10.56 384.2
2007 12 5 12 35456.5 0.538 92.56 1.07 0.14 -8.79 366.8
2007 12 6 12 35423.1 1.228 95.14 1.07 0.35 -7.29 491.4
2007 12 7 12 35391.9 0.824 100.45 1.07 1.29 -7.69 450.5
2007 12 8 12 35363.1 0.821 97.15 1.07 -0.29 -9.98 423.2
2007 12 9 12 35336.6 1.514 86.52 1.07 3.27 -5.73 502.3
2007 12 10 12 35312.4 0.789 115.28 1.07 0.51 -7.64 438.5
2007 12 11 12 35290.6 0.309 102.43 1.07 1.74 -7.07 420.0
2007 12 12 12 35271.1 0.073 113.41 1.07 -0.90 -10.27 397.2
2007 12 13 12 35253.9 0.546 105.42 1.07 -0.30 -8.46 390.5
2007 12 14 12 35239.2 1.772 138.80 1.07 0.62 -7.08 490.4
2007 12 15 12 35226.7 1.717 102.56 1.07 0.67 -6.78 499.8
2007 12 16 12 35216.7 2.346 114.95 1.07 1.26 -7.20 468.3
2007 12 17 12 35209.0 0.241 119.61 1.07 -2.13 -10.90 376.8
2007 12 18 12 35203.6 0.783 82.64 1.07 3.65 -4.62 539.2
2007 12 19 12 35200.7 0.245 84.33 1.07 2.01 -5.61 525.3
2007 12 20 12 35200.1 0.702 85.16 1.07 -0.16 -7.95 459.1
2007 12 21 12 35201.9 0.854 94.61 1.07 -0.08 -8.76 464.3
2007 12 22 12 35206.0 2.325 95.62 1.07 -0.37 -9.75 445.7
2007 12 23 12 35212.5 1.820 103.80 1.07 -2.22 -10.64 433.2
2007 12 24 12 35221.4 0.889 124.28 1.07 -2.91 -11.54 408.5
2007 12 25 12 35232.6 0.112 76.49 1.07 -2.68 -10.93 302.8
2007 12 26 12 35246.3 0.480 77.43 1.07 -2.95 -12.44 365.7
2007 12 27 12 35262.2 0.879 92.06 1.07 1.41 -7.74 449.6
2007 12 28 12 35280.5 4.792 86.30 1.07 -1.93 -9.84 427.7
2007 12 29 12 35301.2 1.745 78.52 1.07 0.39 -8.08 393.2
2007 12 30 12 35324.2 0.429 96.28 1.07 -1.70 -11.26 339.6
2007 12 31 12 35349.5 0.368 105.07 1.07 -1.59 -9.16 471.8
2008 1 1 12 35377.2 1.123 100.73 1.07 -1.83 -10.68 406.0
2008 1 2 12 35407.2 0.617 93.78 1.07 -2.40 -10.71 395.5
2008 1 3 12 35439.5 0.428 102.64 1.07 1.04 -7.97 424.4
2008 1 4 12 35474.1 0.631 76.92 1.07 -1.44 -9.84 372.8
2008 1 5 12 35511.0 0.964 113.74 1.07 0.41 -7.16 435.4
2008 1 6 12 35550.1 3.446 103.60 1.07 -1.39 -8.95 399.7
2008 1 7 12 35591.5 2.774 109.42 1.07 0.35 -7.03 480.2
2008 1 8 12 35635.2 2.256 105.52 1.07 -1.67 -10.67 396.2
2008 1 9 12 35681.2 2.960 80.82 1.07 -2.25 -10.35 366.4
2008 1 10 12 35729.3 2.246 98.79 1.07 -4.09 -14.04 347.0
2008 1 11 12 35779.7 3.468 126.55 1.07 -0.80 -9.15 332.5
2008 1 12 12 35832.2 0.515 115.45 1.07 0.37 -6.77 380.3
2008 1 13 12 35887.0 0.269 103.93 1.07 -0.47 -10.05 422.1
2008 1 14 12 35943.9 1.716 119.87 1.07 -2.61 -11.90 413.6
2008 1 15 12 36003.0 2.819 123.49 1.07 -0.79 -9.52 326.2
2008 1 16 12 36064.1 1.510 129.67 1.07 -3.59 -12.40 337.2
2008 1 17 12 36127.5 0.587 121.41 1.07 -3.53 -11.48 424.1
2008 1 18 12 36192.9 2.525 132.31 1.07 -3.05 -11.06 330.8
2008 1 19 12 36260.3 1.829 111.70 1.07 -3.03 -13.27 362.9
2008 1 20 12 36329.9 0.859 125.51 1.07 -1.12 -10.57 378.4
2008 1 21 12 36401.5 0.903 97.10 1.07 -0.76 -9.50 439.4
2008 1 22 12 36475.1 0.088 124.81 1.07 -2.61 -11.68 403.0
2008 1 23 12 36550.6 0.283 116.72 1.07 0.41 -7.91 453.1
2008 1 24 12 36628.2 0.247 123.61 1.07 -2.72 -11.01 354.0
2008 1 25 12 36707.7 0.195 134.08 1.07 -0.18 -10.59 358.7
2008 1 26 12 36789.1 3.019 102.48 1.07 -2.46 -11.32 358.7
2008 1 27 12 36872.4 0.041 138.68 1.07 -1.86 -11.15 326.7
2008 1 28 12 36957.6 0.023 127.94 1.07 -1.75 -10.26 417.2
2008 1 29 12 37044.7 8.571 123.04 1.07 -0.56 -8.63 370.0
2008 1 30 12 37133.6 1.096 101.51 1.07 -2.08 -10.85 427.7
2008 1 31 12 37224.2 0.373 111.37 1.07 -4.25 -13.88 298.3
2008 2 1 12 37316.7 0.595 135.45 1.07 -0.54 -8.09 430.7
2008 2 2 12 37410.8 3.416 122.32 1.07 -1.65 -10.88 364.5
2008 2 3 12 37506.7 1.193 140.88 1.07 1.02 -8.00 490.8
2008 2 4 12 37604.3 0.183 136.64 1.07 -3.48 -13.60 343.9
2008 2 5 12 37703.6 0.009 114.05 1.07 -1.79 -9.96 432.5
2008 2 6 12 37804.5 1.373 125.77 1.07 -3.83 -12.42 335.8
2008 2 7 12 37906.9 0.588 125.76 1.07 -1.20 -9.40 433.4
2008 2 8 12 38011.0 1.403 141.78 1.07 -1.12 -10.37 415.6
2008 2 9 12 38116.5 3.719 130.59 1.07 0.90 -7.18 458.3
2008 2 10 12 38223.6 2.390 129.68 1.07 -0.40 -7.87 449.6
2008 2 11 12 38332.2 0.199 138.34 1.07 -1.82 -12.25 364.2
2008 2 12 12 38442.2 1.323 128.78 1.07 -0.84 -9.08 426.1
2008 2 13 12 38553.6 7.837 146.06 1.07 0.59 -9.18 440.5
2008 2 14 12 38666.4 0.145 137.58 1.07 -3.43 -11.67 340.7
2008 2 15 12 38780.5 0.743 154.82 1.07 0.11 -7.64 358.2
2008 2 16 12 38896.0 1.683 149.13 1.07 -1.68 -11.11 356.8
2008 2 17 12 39012.7 4.668 141.54 1.07 -1.06 -10.31 374.0
2008 2 18 12 39130.6 9.085 161.69 1.07 -0.38 -8.87 429.9
2008 2 19 12 39249.8 1.336 132.30 1.07 -2.58 -11.19 378.8
2008 2 20 12 39370.1 2.308 144.68 1.07 -2.46 -12.15 339.2
2008 2 21 12 39491.6 1.403 145.35 1.07 0.89 -8.16 379.9
2008 2 22 12 39614.2 3.649 150.73 1.07 -0.61 -9.83 384.6
2008 2 23 12 39737.8 2.235 137.62 1.07 0.08 -8.70 436.2
2008 2 24 12 39862.5 8.594 149.09 1.07 0.60 -6.60 504.9
2008 2 25 12 39988.1 1.897 139.64 1.07 -1.48 -9.96 379.4
2008 2 26 12 40114.7 4.471 128.33 1.07 -0.61 -10.07 395.6
2008 2 27 12 40242.2 2.069 148.63 1.07 -0.71 -9.09 409.4
2008 2 28 12 40370.6 0.389 156.17 1.07 -2.72 -11.53 336.7
2008 2 29 12 40499.8 4.894 137.99 1.07 0.60 -6.85 487.7
2008 3 1 12 40629.8 0.274 149.41 1.07 0.79 -8.17 447.8
2008 3 2 12 40760.6 3.570 164.08 1.07 1.89 -6.96 538.5
2008 3 3 12 40892.1 1.875 167.34 1.07 1.84 -5.87 447.3
2008 3 4 12 41024.3 1.833 170.00 1.07 -1.14 -10.42 386.7
2008 3 5 12 41157.2 4.757 144.74 1.07 -0.96 -10.52 391.6
2008 3 6 12 41290.6 5.909 194.99 1.07 0.82 -7.56 424.2
2008 3 7 12 41424.6 3.704 139.62 1.07 2.22 -6.25 509.8
2008 3 8 12 41559.2 7.164 161.02 1.07 1.28 -8.38 420.9
2008 3 9 12 41694.2 1.457 130.53 1.07 1.04 -9.15 396.1
2008 3 10 12 41829.7 1.553 151.58 1.07 4.35 -3.99 546.5
2008 3 11 12 41965.5 0.177 154.58 1.07 3.40 -4.95 470.9
2008 3 12 12 42101.8 1.579 188.09 1.07 3.76 -4.41 519.6
2008 3 13 12 42238.3 1.217 195.80 1.07 3.38 -4.41 485.4
2008 3 14 12 42375.2 2.110 175.35 1.07 1.37 -7.15 446.5
2008 3 15 12 42512.3 2.525 166.08 1.07 4.30 -4.43 511.0
2008 3 16 12 42649.6 2.414 135.95 1.07 7.15 -0.87 600.5
2008 3 17 12 42787.0 1.180 163.85 1.07 4.45 -4.06 519.1
2008 3 18 12 42924.6 2.390 149.88 1.07 3.57 -6.23 458.5
2008 3 19 12 43062.3 2.501 168.62 1.07 1.59 -6.82 475.0
2008 3 20 12 43200.0 5.548 175.20 1.07 2.94 -5.14 470.0
2008 3 21 12 43337.7 0.345 184.58 1.07 5.30 -4.03 551.5
2008 3 22 12 43475.4 1.435 179.90 1.07 5.41 -1.82 649.1
2008 3 23 12 43613.0 0.849 177.28 1.07 3.07 -5.78 486.5
2008 3 24 12 43750.4 5.873 177.99 1.07 5.53 -2.21 571.5
2008 3 25 12 43887.7 0.129 184.78 1.07 3.54 -5.84 446.7
2008 3 26 12 44024.8 6.380 204.61 1.07 6.48 -1.46 568.6
2008 3 27 12 44161.7 0.610 199.83 1.07 6.28 -1.22 595.9
2008 3 28 12 44298.2 6.703 181.02 1.07 7.03 -2.21 568.0
2008 3 29 12 44434.5 0.922 187.37 1.07 5.02 -3.35 511.8
2008 3 30 12 44570.3 4.081 223.11 1.07 7.04 -1.75 549.6
2008 3 31 12 44705.8 0.840 186.07 1.07 6.32 -3.10 529.2
2008 4 1 12 44840.8 3.104 206.19 1.07 6.94 -1.57 559.9
2008 4 2 12 44975.4 2.939 212.55 1.07 6.64 -2.22 531.6
2008 4 3 12 45109.4 1.073 199.46 1.07 5.44 -3.37 567.2
2008 4 4 12 45242.8 2.205 190.71 1.07 7.43 -2.11 584.9
2008 4 5 12 45375.7 1.331 173.64 1.07 7.82 -0.10 560.2
2008 4 6 12 45507.9 0.777 212.17 1.07 5.68 -3.26 596.3
2008 4 7 12 45639.4 17.017 207.83 1.07 8.40 -0.44 615.8
2008 4 8 12 45770.2 0.012 194.84 1.07 8.52 -0.92 565.1
2008 4 9 12 45900.2 3.424 215.16 1.07 6.93 -0.81 577.1
2008 4 10 12 46029.4 1.551 210.40 1.07 8.55 -1.10 573.4
2008 4 11 12 46157.8 1.495 198.00 1.07 7.43 -2.45 515.9
2008 4 12 12 46285.3 1.648 189.46 1.07 9.44 0.95 566.5
2008 4 13 12 46411.9 2.894 205.68 1.07 7.43 -1.57 550.2
2008 4 14 12 46537.5 3.406 234.85 1.07 10.95 2.86 685.0
2008 4 15 12 46662.2 1.307 224.78 1.07 11.08 3.72 625.4
2008 4 16 12 46785.8 1.378 221.64 1.07 10.61 3.03 655.9
2008 4 17 12 46908.4 0.235 223.53 1.07 12.51 4.68 682.6
2008 4 18 12 47029.9 1.004 205.59 1.07 11.94 2.61 636.7
2008 4 19 12 47150.2 3.480 212.30 1.07 11.41 3.64 662.1
2008 4 20 12 47269.4 4.344 221.68 1.07 12.55 3.59 692.7
2008 4 21 12 47387.3 3.828 220.97 1.07 10.23 0.71 587.6
2008 4 22 12 47504.0 1.562 207.15 1.07 9.79 1.62 619.8
2008 4 23 12 47619.5 2.591 207.48 1.07 12.30 3.35 680.9
2008 4 24 12 47733.6 6.602 224.13 1.07 10.87 2.14 616.4
2008 4 25 12 47846.4 5.179 219.07 1.07 12.62 4.56 713.1
2008 4 26 12 47957.8 1.620 223.42 1.07 10.29 2.31 684.1
2008 4 27 12 48067.8 1.618 225.74 1.07 10.66 1.81 619.1
2008 4 28 12 48176.4 7.456 250.76 1.07 9.66 1.17 657.7
2008 4 29 12 48283.5 1.894 224.03 1.07 10.39 2.53 627.1
2008 4 30 12 48389.0 0.972 239.20 1.07 12.77 3.59 624.7
2008 5 1 12 48493.1 4.530 217.06 1.07 10.35 0.48 659.4
2008 5 2 12 48595.5 6.285 254.72 1.07 11.18 2.19 644.7
2008 5 3 12 48696.4 1.111 261.33 1.07 11.66 2.80 662.1
2008 5 4 12 48795.7 6.792 230.09 1.07 12.45 3.75 656.9
2008 5 5 12 48893.3 10.225 218.14 1.07 13.40 6.61 703.4
2008 5 6 12 48989.2 5.030 211.97 1.07 16.40 7.22 743.8
2008 5 7 12 49083.3 0.155 241.59 1.07 14.85 6.12 785.9
2008 5 8 12 49175.8 2.371 235.26 1.07 12.97 3.68 661.6
2008 5 9 12 49266.4 8.426 261.71 1.07 14.08 5.67 745.2
2008 5 10 12 49355.3 6.436 245.99 1.07 13.44 5.26 768.1
2008 5 11 12 49442.4 3.382 232.22 1.07 15.76 7.76 750.9
2008 5 12 12 49527.6 3.736 256.95 1.07 15.47 7.07 743.8
2008 5 13 12 49610.9 6.411 212.76 1.07 14.00 5.48 700.4
2008 5 14 12 49692.3 0.850 244.52 1.07 15.58 5.04 684.0
2008 5 15 12 49771.8 4.608 246.95 1.07 15.87 7.85 740.7
2008 5 16 12 49849.4 5.572 253.93 1.07 15.46 7.96 687.4
2008 5 17 12 49924.9 2.100 239.16 1.07 16.15 6.92 724.7
2008 5 18 12 49998.5 1.985 245.73 1.07 16.61 7.32 723.7
2008 5 19 12 50070.1 7.860 240.92 1.07 19.12 9.64 795.0
2008 5 20 12 50139.7 2.025 257.01 1.07 17.90 9.80 869.6
2008 5 21 12 50207.1 1.310 261.25 1.07 14.84 5.34 720.3
2008 5 22 12 50272.5 0.399 238.06 1.07 16.83 8.13 771.0
2008 5 23 12 50335.9 3.212 262.22 1.07 19.82 10.03 787.9
2008 5 24 12 50397.0 1.721 233.97 1.07 17.35 9.08 800.0
2008 5 25 12 50456.1 1.765 248.80 1.07 19.74 10.79 816.3
2008 5 26 12 50513.0 2.823 266.51 1.07 21.07 12.64 827.7
2008 5 27 12 50567.8 6.941 246.67 1.07 15.91 6.62 745.8
2008 5 28 12 50620.3 6.039 246.95 1.07 17.36 8.19 735.1
2008 5 29 12 50670.7 5.166 257.61 1.07 17.73 8.68 762.8
2008 5 30 12 50718.8 1.380 209.49 1.07 15.83 6.55 725.5
2008 5 31 12 50764.8 4.181 245.07 1.07 20.03 10.71 805.9
2008 6 1 12 50808.5 0.264 250.23 1.07 18.61 8.99 828.1
2008 6 2 12 50849.9 3.331 253.14 1.07 15.77 7.54 780.3
2008 6 3 12 50889.0 1.159 260.04 1.07 18.88 10.52 775.3
2008 6 4 12 50925.9 3.025 256.63 1.07 17.36 8.42 740.0
2008 6 5 12 50960.5 1.655 275.92 1.07 18.65 10.65 820.3
2008 6 6 12 50992.8 2.444 284.15 1.07 15.09 7.67 796.6
2008 6 7 12 51022.8 0.075 256.64 1.07 18.69 9.52 780.2
2008 6 8 12 51050.5 15.526 248.62 1.07 20.36 11.93 798.6
2008 6 9 12 51075.8 3.027 277.48 1.07 18.60 10.17 810.8
2008 6 10 12 51098.8 6.560 255.09 1.07 16.70 7.59 742.1
2008 6 11 12 51119.5 3.640 249.63 1.07 19.40 9.76 855.9
2008 6 12 12 51137.8 0.072 271.50 1.07 19.31 12.67 828.8
2008 6 13 12 51153.7 3.119 259.79 1.07 22.09 13.77 845.1
2008 6 14 12 51167.4 0.148 272.41 1.07 20.52 11.94 825.4
2008 6 15 12 51178.6 1.273 249.15 1.07 19.63 11.29 796.1
2008 6 16 12 51187.5 2.407 255.65 1.07 18.28 11.62 843.6
2008 6 17 12 51194.0 1.744 272.60 1.07 20.13 11.36 819.5
2008 6 18 12 51198.1 0.381 226.83 1.07 23.21 14.65 923.2
2008 6 19 12 51199.9 0.380 252.98 1.07 20.98 12.43 925.6
2008 6 20 12 51199.3 5.425 275.16 1.07 21.50 13.77 866.7
2008 6 21 12 51196.4 6.411 256.21 1.07 16.90 8.51 730.0
2008 6 22 12 51191.0 4.136 275.99 1.07 22.08 12.24 830.4
2008 6 23 12 51183.3 6.778 248.75 1.07 20.94 10.92 795.8
2008 6 24 12 51173.3 14.535 263.42 1.07 20.92 13.15 883.4
2008 6 25 12 51160.8 3.113 255.18 1.07 21.23 12.83 873.4
2008 6 26 12 51146.1 5.417 234.92 1.07 21.35 12.49 866.9
2008 6 27 12 51128.9 1.988 254.30 1.07 20.74 11.51 827.1
2008 6 28 12 51109.4 0.730 252.15 1.07 20.46 13.26 855.6
2008 6 29 12 51087.6 8.780 249.23 1.07 19.17 10.76 843.6
2008 6 30 12 51063.4 0.798 245.44 1.07 20.79 12.61 885.4
2008 7 1 12 51036.9 1.152 279.40 1.07 23.08 15.13 957.9
2008 7 2 12 51008.1 2.107 247.87 1.07 20.64 12.38 880.0
2008 7 3 12 50976.9 13.748 262.68 1.07 22.73 13.77 882.0
2008 7 4 12 50943.5 2.887 255.55 1.07 19.98 11.22 797.9
2008 7 5 12 50907.8 1.422 269.55 1.07 19.61 11.53 860.6
2008 7 6 12 50869.7 5.288 282.70 1.07 21.05 13.16 863.6
2008 7 7 12 50829.4 2.173 279.49 1.07 23.12 15.37 916.0
2008 7 8 12 50786.9 1.812 247.92 1.07 19.57 10.33 807.3
2008 7 9 12 50742.1 3.742 263.84 1.07 24.48 16.02 856.7
2008 7 10 12 50695.1 1.511 272.67 1.07 25.05 15.81 943.0
2008 7 11 12 50645.8 8.719 250.11 1.07 22.94 14.24 864.7
2008 7 12 12 50594.3 8.224 269.12 1.07 21.10 12.30 855.7
2008 7 13 12 50540.7 5.385 253.88 1.07 21.22 12.61 865.4
2008 7 14 12 50484.8 0.827 233.62 1.07 20.92 13.06 849.2
2008 7 15 12 50426.8 1.640 282.07 1.07 20.93 11.65 860.4
2008 7 16 12 50366.7 4.347 225.75 1.07 21.65 14.62 952.3
2008 7 17 12 50304.5 1.578 230.42 1.07 19.25 11.65 826.2
2008 7 18 12 50240.1 1.388 243.34 1.07 22.52 12.63 841.7
2008 7 19 12 50173.7 2.800 263.51 1.07 20.30 11.95 838.3
2008 7 20 12 50105.1 0.719 257.85 1.07 20.71 11.18 840.3
2008 7 21 12 50034.6 1.753 276.76 1.07 20.85 12.53 831.4
2008 7 22 12 49962.0 1.088 262.75 1.07 22.53 12.78 840.1
2008 7 23 12 49887.4 0.423 249.44 1.07 23.63 15.95 917.3
2008 7 24 12 49810.8 3.063 264.31 1.07 20.44 12.79 834.9
2008 7 25 12 49732.3 0.515 241.11 1.07 23.75 14.76 876.3
2008 7 26 12 49651.8 0.259 246.32 1.07 20.23 11.76 850.9
2008 7 27 12 49569.5 0.157 236.36 1.07 20.80 11.17 801.5
2008 7 28 12 49485.2 3.098 258.95 1.07 23.21 14.15 891.3
2008 7 29 12 49399.1 0.463 236.62 1.07 19.34 10.60 782.0
2008 7 30 12 49311.1 0.657 221.23 1.07 20.97 11.10 826.3
2008 7 31 12 49221.3 4.511 220.21 1.07 20.36 13.05 837.1
2008 8 1 12 49129.8 0.107 222.52 1.07 21.02 12.52 847.5
2008 8 2 12 49036.5 1.216 245.51 1.07 20.64 13.01 901.8
2008 8 3 12 48941.4 0.714 234.89 1.07 19.00 10.24 781.7
2008 8 4 12 48844.7 3.959 236.74 1.07 22.47 13.30 838.5
2008 8 5 12 48746.2 1.069 241.26 1.07 22.02 13.49 877.5
2008 8 6 12 48646.2 0.636 242.03 1.07 22.79 14.93 889.1
2008 8 7 12 48544.5 1.300 228.48 1.07 20.77 11.61 919.4
2008 8 8 12 48441.3 1.759 230.81 1.07 21.17 12.76 808.9
2008 8 9 12 48336.4 0.155 224.38 1.07 22.58 13.49 869.9
2008 8 10 12 48230.1 0.642 235.65 1.07 21.50 11.18 901.1
2008 8 11 12 48122.3 3.766 227.55 1.07 22.45 13.54 879.8
2008 8 12 12 48013.0 1.077 214.78 1.07 22.26 13.74 883.7
2008 8 13 12 47902.3 4.344 228.28 1.07 20.99 12.38 801.3
2008 8 14 12 47790.2 6.081 235.89 1.07 20.98 12.13 832.1
2008 8 15 12 47676.7 4.346 251.11 1.07 20.65 12.10 844.5
2008 8 16 12 47561.9 4.661 205.87 1.07 20.80 11.66 770.3
2008 8 17 12 47445.8 1.595 203.03 1.07 19.74 11.52 858.1
2008 8 18 12 47328.5 0.400 199.70 1.07 20.97 11.99 808.9
2008 8 19 12 47209.9 3.749 210.48 1.07 20.63 12.67 890.6
2008 8 20 12 47090.2 4.869 215.95 1.07 19.35 9.61 735.2
2008 8 21 12 46969.3 2.241 210.81 1.07 20.72 12.17 861.5
2008 8 22 12 46847.3 0.796 194.77 1.07 21.88 13.65 900.9
2008 8 23 12 46724.2 0.791 236.67 1.07 19.93 12.30 812.7
2008 8 24 12 46600.0 4.469 185.96 1.07 19.90 10.85 841.7
2008 8 25 12 46474.8 0.269 239.27 1.07 19.95 12.26 839.7
2008 8 26 12 46348.7 2.305 219.92 1.07 16.70 8.42 734.9
2008 8 27 12 46221.7 1.303 231.61 1.07 18.88 11.64 800.6
2008 8 28 12 46093.7 3.268 194.02 1.07 22.77 12.97 855.6
2008 8 29 12 45964.9 1.554 202.25 1.07 19.23 10.79 820.1
2008 8 30 12 45835.3 2.259 203.21 1.07 17.69 9.03 800.8
2008 8 31 12 45704.9 3.233 198.25 1.07 18.84 10.34 802.9
2008 9 1 12 45573.7 2.847 207.35 1.07 17.91 9.97 820.0
2008 9 2 12 45441.8 1.638 206.21 1.07 18.87 11.35 833.4
2008 9 3 12 45309.3 5.419 187.73 1.07 18.74 10.37 808.0
2008 9 4 12 45176.2 4.325 228.17 1.07 18.23 8.31 727.4
2008 9 5 12 45042.4 3.626 181.71 1.07 19.51 10.57 781.7
2008 9 6 12 44908.2 1.091 204.45 1.07 16.20 10.09 804.9
2008 9 7 12 44773.4 0.937 199.48 1.07 18.36 8.96 796.9
2008 9 8 12 44638.1 0.228 198.54 1.07 19.27 10.78 852.7
2008 9 9 12 44502.5 2.099 155.75 1.07 17.13 9.08 799.0
2008 9 10 12 44366.4 1.160 188.87 1.07 18.60 10.77 837.3
2008 9 11 12 44230.0 5.110 187.61 1.07 16.88 7.76 784.7
2008 9 12 12 44093.3 4.382 194.59 1.07 15.42 7.94 752.7
2008 9 13 12 43956.3 0.331 167.60 1.07 14.03 6.38 756.6
2008 9 14 12 43819.1 0.106 191.03 1.07 15.88 7.60 773.3
2008 9 15 12 43681.7 0.451 197.12 1.07 16.07 6.70 757.2
2008 9 16 12 43544.2 5.158 193.45 1.07 19.66 10.58 818.6
2008 9 17 12 43406.5 7.068 182.69 1.07 16.26 7.10 757.4
2008 9 18 12 43268.9 2.380 198.57 1.07 15.17 6.34 732.8
2008 9 19 12 43131.1 2.547 192.78 1.07 16.63 9.10 736.3
2008 9 20 12 42993.5 0.196 167.51 1.07 15.07 6.67 776.9
2008 9 21 12 42855.8 1.223 179.57 1.07 17.02 8.88 808.2
2008 9 22 12 42718.3 4.822 190.12 1.07 17.60 9.09 788.3
2008 9 23 12 42580.9 0.470 198.43 1.07 15.34 7.92 781.9
2008 9 24 12 42443.7 2.039 163.25 1.07 12.24 2.35 631.7
2008 9 25 12 42306.7 2.402 158.20 1.07 14.57 2.91 637.7
2008 9 26 12 42170.0 0.416 154.34 1.07 14.29 5.61 700.6
2008 9 27 12 42033.6 1.797 149.15 1.07 16.80 8.14 758.0
2008 9 28 12 41897.5 0.066 167.37 1.07 14.82 6.13 724.1
2008 9 29 12 41761.9 0.667 155.98 1.07 13.37 4.17 643.6
2008 9 30 12 41626.6 0.961 173.16 1.07 15.85 6.16 664.8
2008 10 1 12 41491.8 4.610 154.11 1.07 13.38 4.65 655.1
2008 10 2 12 41357.6 0.755 144.88 1.07 13.17 4.23 660.4
2008 10 3 12 41223.8 3.120 174.80 1.07 12.41 3.95 716.9
2008 10 4 12 41090.7 0.578 158.38 1.07 14.70 6.61 674.8
2008 10 5 12 40958.2 0.684 170.43 1.07 11.96 4.25 705.3
2008 10 6 12 40826.3 0.179 148.86 1.07 13.54 5.55 679.9
2008 10 7 12 40695.1 0.474 181.14 1.07 12.96 4.30 674.2
2008 10 8 12 40564.7 2.428 159.21 1.07 12.26 3.98 685.6
2008 10 9 12 40435.1 1.072 135.87 1.07 13.32 3.74 676.6
2008 10 10 12 40306.3 1.315 126.62 1.07 14.06 4.75 714.9
2008 10 11 12 40178.3 0.594 154.45 1.07 9.70 2.42 565.0
2008 10 12 12 40051.3 0.127 155.12 1.07 11.10 3.29 726.7
2008 10 13 12 39925.2 0.381 158.05 1.07 10.77 0.96 646.5
2008 10 14 12 39800.0 0.720 119.30 1.07 11.09 1.89 617.3
2008 10 15 12 39675.8 0.657 118.49 1.07 9.85 2.69 675.7
2008 10 16 12 39552.7 0.499 116.53 1.07 8.97 -0.28 633.1
2008 10 17 12 39430.7 0.821 128.46 1.07 10.15 0.03 697.4
2008 10 18 12 39309.8 2.178 150.30 1.07 11.63 2.58 678.4
2008 10 19 12 39190.1 0.477 140.23 1.07 9.59 0.57 606.3
2008 10 20 12 39071.5 1.603 113.27 1.07 10.31 2.60 645.2
2008 10 21 12 38954.2 0.763 114.84 1.07 11.78 3.84 642.3
2008 10 22 12 38838.1 4.248 141.51 1.07 9.53 0.53 645.5
2008 10 23 12 38723.3 1.338 152.49 1.07 10.56 1.89 653.2
2008 10 24 12 38609.8 0.157 141.86 1.07 10.49 2.12 660.6
2008 10 25 12 38497.7 0.548 156.39 1.07 10.52 2.50 660.6
2008 10 26 12 38387.0 0.985 137.96 1.07 11.58 2.68 577.6
2008 10 27 12 38277.7 1.580 153.89 1.07 8.06 -0.31 564.9
2008 10 28 12 38169.9 1.011 166.13 1.07 9.42 1.96 555.2
2008 10 29 12 38063.6 0.200 125.68 1.07 8.17 -0.55 602.3
2008 10 30 12 37958.7 0.512 138.39 1.07 8.39 -0.10 577.2
2008 10 31 12 37855.5 0.963 94.29 1.07 8.05 -0.06 596.4
2008 11 1 12 37753.8 1.850 136.56 1.07 9.03 -0.03 592.8
2008 11 2 12 37653.8 3.713 108.64 1.07 6.27 -3.03 595.6
2008 11 3 12 37555.3 1.636 132.87 1.07 7.43 -0.86 566.4
2008 11 4 12 37458.6 2.034 115.95 1.07 4.73 -3.40 518.8
2008 11 5 12 37363.5 0.317 128.49 1.07 5.24 -3.42 502.2
2008 11 6 12 37270.2 2.061 103.02 1.07 5.38 -3.73 494.3
2008 11 7 12 37178.7 1.768 114.53 1.07 6.94 -2.04 548.2
2008 11 8 12 37088.9 1.038 130.30 1.07 6.48 -1.91 547.2
2008 11 9 12 37000.9 2.622 123.46 1.07 7.76 -1.78 572.6
2008 11 10 12 36914.8 1.048 88.16 1.07 6.95 -0.81 534.3
2008 11 11 12 36830.5 0.964 114.21 1.07 5.25 -2.09 522.2
2008 11 12 12 36748.2 0.849 106.08 1.07 9.61 -0.20 604.5
2008 11 13 12 36667.7 2.024 99.79 1.07 5.18 -2.97 502.0
2008 11 14 12 36589.2 0.428 103.25 1.07 2.62 -5.35 489.6
2008 11 15 12 36512.6 1.156 124.74 1.07 2.63 -5.27 501.3
2008 11 16 12 36438.0 2.472 135.87 1.07 5.39 -4.53 502.9
2008 11 17 12 36365.4 0.205 120.92 1.07 1.82 -7.04 450.2
2008 11 18 12 36294.9 0.716 101.47 1.07 4.26 -4.80 508.5
2008 11 19 12 36226.3 0.439 111.01 1.07 3.30 -5.49 463.5
2008 11 20 12 36159.9 0.601 110.28 1.07 6.49 -3.09 594.3
2008 11 21 12 36095.5 0.258 122.71 1.07 1.71 -5.51 467.9
2008 11 22 12 36033.3 0.215 108.74 1.07 4.78 -3.47 559.3
2008 11 23 12 35973.2 0.463 116.97 1.07 2.59 -6.82 485.6
2008 11 24 12 35915.2 0.134 108.14 1.07 2.29 -6.75 403.1
2008 11 25 12 35859.3 0.550 114.63 1.07 5.07 -2.41 515.7
2008 11 26 12 35805.7 3.354 119.56 1.07 1.84 -6.84 473.9
2008 11 27 12 35754.2 0.030 89.28 1.07 1.11 -6.47 535.8
2008 11 28 12 35704.9 1.250 102.68 1.07 1.59 -6.47 493.9
2008 11 29 12 35657.9 0.231 100.85 1.07 0.63 -9.06 458.3
2008 11 30 12 35613.1 0.541 115.70 1.07 -0.31 -9.70 398.4
2008 12 1 12 35570.6 0.291 103.43 1.07 0.66 -8.88 470.5
2008 12 2 12 35530.3 0.181 92.21 1.07 -0.74 -8.96 456.9
2008 12 3 12 35492.2 0.771 96.50 1.07 0.24 -6.84 365.9
2008 12 4 12 35456.5 0.321 104.71 1.07 0.05 -8.41 418.1
2008 12 5 12 35423.1 1.986 111.26 1.07 1.62 -7.07 439.0
2008 12 6 12 35391.9 0.465 91.44 1.07 -0.83 -9.01 387.3
2008 12 7 12 35363.1 6.420 93.23 1.07 1.86 -6.80 470.4
2008 12 8 12 35336.6 0.651 92.38 1.07 -2.40 -11.27 421.6
2008 12 9 12 35312.4 1.483 92.76 1.07 -0.69 -9.14 411.9
2008 12 10 12 35290.6 2.417 94.59 1.07 0.25 -7.74 423.9
2008 12 11 12 35271.1 0.777 106.47 1.07 -0.16 -9.17 424.7
2008 12 12 12 35253.9 1.993 114.52 1.07 0.41 -8.99 431.9
2008 12 13 12 35239.2 0.463 91.68 1.07 -1.82 -9.66 416.8
2008 12 14 12 35226.7 0.601 74.32 1.07 2.93 -7.44 412.2
2008 12 15 12 35216.7 1.613 104.48 1.07 2.40 -7.26 492.9
2008 12 16 12 35209.0 0.966 76.32 1.07 -4.04 -12.63 299.7
2008 12 17 12 35203.6 2.992 120.02 1.07 0.65 -7.24 422.0
2008 12 18 12 35200.7 0.929 98.69 1.07 -0.89 -9.33 436.7
2008 12 19 12 35200.1 5.470 102.93 1.07 -0.65 -9.71 444.4
2008 12 20 12 35201.9 1.937 115.41 1.07 -0.72 -8.67 412.0
2008 12 21 12 35206.0 4.408 96.02 1.07 -1.86 -11.09 359.7
2008 12 22 12 35212.5 0.280 105.76 1.07 -0.93 -9.00 401.3
2008 12 23 12 35221.4 0.674 105.99 1.07 1.44 -7.52 415.8
2008 12 24 12 35232.6 0.788 125.69 1.07 1.80 -7.75 427.1
2008 12 25 12 35246.3 0.974 131.19 1.07 -1.20 -9.23 387.6
2008 12 26 12 35262.2 1.156 99.78 1.07 -3.54 -10.87 354.6
2008 12 27 12 35280.5 9.715 123.21 1.07 -1.56 -10.48 380.3
2008 12 28 12 35301.2 2.880 69.48 1.07 -1.72 -9.52 412.5
2008 12 29 12 35324.2 0.277 97.36 1.07 0.83 -9.35 435.3
2008 12 30 12 35349.5 4.673 110.98 1.07 -3.20 -12.90 340.1
2008 12 31 12 35377.2 0.773 80.46 1.07 -4.28 -13.67 326.0
2009 1 1 12 35377.2 0.941 134.03 1.07 -2.52 -11.26 366.4
2009 1 2 12 35407.2 3.250 124.24 1.07 -0.53 -8.76 397.5
2009 1 3 12 35439.5 0.586 96.93 1.07 -2.99 -12.58 344.4
2009 1 4 12 35474.1 2.883 135.01 1.07 -2.01 -11.38 387.6
2009 1 5 12 35511.0 0.030 114.91 1.07 -0.57 -8.54 443.2
2009 1 6 12 35550.1 4.844 107.09 1.07 -4.05 -13.35 312.4
2009 1 7 12 35591.5 0.875 110.60 1.07 -1.94 -9.46 406.9
2009 1 8 12 35635.2 0.423 92.93 1.07 -1.46 -10.67 410.1
2009 1 9 12 35681.2 1.134 107.31 1.07 -0.90 -8.59 437.7
2009 1 10 12 35729.3 8.223 93.09 1.07 -2.52 -10.49 368.6
2009 1 11 12 35779.7 0.019 105.82 1.07 0.39 -8.18 397.5
2009 1 12 12 35832.2 0.840 107.89 1.07 -2.69 -11.14 301.9
2009 1 13 12 35887.0 1.351 110.11 1.07 -0.76 -9.29 453.9
2009 1 14 12 35943.9 1.226 107.25 1.07 -0.31 -8.03 508.3
2009 1 15 12 36003.0 3.872 143.31 1.07 -5.83 -16.20 298.1
2009 1 16 12 36064.1 2.232 84.45 1.07 0.29 -8.60 402.1
2009 1 17 12 36127.5 0.921 82.24 1.07 -3.66 -12.13 347.8
2009 1 18 12 36192.9 1.018 96.77 1.07 -2.69 -10.35 374.0
2009 1 19 12 36260.3 0.294 110.34 1.07 -0.39 -9.48 400.8
2009 1 20 12 36329.9 0.796 105.34 1.07 -2.68 -12.98 349.9
2009 1 21 12 36401.5 0.179 90.80 1.07 -2.15 -12.79 357.9
2009 1 22 12 36475.1 2.150 141.37 1.07 -0.62 -9.19 387.5
2009 1 23 12 36550.6 1.797 121.60 1.07 -1.74 -11.42 381.2
2009 1 24 12 36628.2 0.970 109.29 1.07 -3.49 -12.30 273.5
2009 1 25 12 36707.7 1.784 101.23 1.07 -0.17 -9.82 447.1
2009 1 26 12 36789.1 0.746 111.85 1.07 -1.42 -10.33 352.2
2009 1 27 12 36872.4 1.686 109.10 1.07 -4.25 -11.32 375.4
2009 1 28 12 36957.6 1.664 123.34 1.07 -2.06 -9.67 421.8
2009 1 29 12 37044.7 1.245 98.94 1.07 -1.34 -9.98 406.9
2009 1 30 12 37133.6 0.956 107.58 1.07 -2.41 -11.25 390.3
2009 1 31 12 37224.2 0.166 133.03 1.07 -4.21 -13.55 368.2
2009 2 1 12 37316.7 0.796 112.09 1.07 -3.80 -11.98 342.1
2009 2 2 12 37410.8 2.097 131.57 1.07 -2.68 -11.59 375.0
2009 2 3 12 37506.7 3.758 121.99 1.07 -1.08 -8.63 408.3
2009 2 4 12 37604.3 3.578 120.05 1.07 0.18 -8.35 467.0
2009 2 5 12 37703.6 3.321 114.43 1.07 -3.61 -12.11 353.2
2009 2 6 12 37804.5 0.293 127.06 1.07 -2.32 -12.28 350.4
2009 2 7 12 37906.9 5.061 123.95 1.07 -4.53 -13.62 321.0
2009 2 8 12 38011.0 0.586 92.02 1.07 -1.37 -8.50 440.1
2009 2 9 12 38116.5 0.953 145.92 1.07 1.02 -8.84 420.4
2009 2 10 12 38223.6 1.942 135.12 1.07 0.37 -8.46 427.9
2009 2 11 12 38332.2 4.839 109.81 1.07 -1.50 -10.31 382.1
2009 2 12 12 38442.2 0.523 129.61 1.07 -1.51 -9.94 393.3
2009 2 13 12 38553.6 14.962 128.38 1.07 -1.47 -9.79 407.0
2009 2 14 12 38666.4 1.525 120.30 1.07 -1.28 -10.35 423.1
2009 2 15 12 38780.5 1.502 145.50 1.07 -0.71 -8.65 437.4
2009 2 16 12 38896.0 1.863 158.12 1.07 -1.20 -10.33 378.8
2009 2 17 12 39012.7 4.106 131.30 1.07 -0.57 -8.74 413.1
2009 2 18 12 39130.6 3.627 132.96 1.07 -2.14 -12.03 407.0
2009 2 19 12 39249.8 0.445 126.31 1.07 0.32 -8.94 375.2
2009 2 20 12 39370.1 3.008 108.31 1.07 0.69 -9.17 376.0
2009 2 21 12 39491.6 3.105 149.23 1.07 3.60 -4.83 480.5
2009 2 22 12 39614.2 6.163 172.65 1.07 0.73 -7.67 465.6
2009 2 23 12 39737.8 0.085 143.01 1.07 -0.13 -9.10 391.3
2009 2 24 12 39862.5 6.850 143.91 1.07 2.63 -5.80 456.3
2009 2 25 12 39988.1 5.638 146.86 1.07 2.45 -7.14 485.8
2009 2 26 12 40114.7 5.181 141.49 1.07 -0.60 -8.26 391.0
2009 2 27 12 40242.2 8.218 133.22 1.07 3.21 -4.72 526.4
2009 2 28 12 40370.6 5.938 190.08 1.07 1.25 -8.15 474.0
2009 3 1 12 40499.8 3.524 159.99 1.07 -1.23 -10.83 405.2
2009 3 2 12 40629.8 1.727 163.16 1.07 -0.07 -9.11 424.2
2009 3 3 12 40760.6 0.459 189.48 1.07 0.23 -8.24 456.6
2009 3 4 12 40892.1 0.696 159.94 1.07 3.53 -5.02 578.2
2009 3 5 12 41024.3 7.616 145.54 1.07 1.71 -7.78 445.5
2009 3 6 12 41157.2 1.436 143.24 1.07 1.75 -7.24 456.4
2009 3 7 12 41290.6 1.759 189.71 1.07 1.66 -6.72 529.5
2009 3 8 12 41424.6 3.167 174.20 1.07 4.87 -4.10 500.9
2009 3 9 12 41559.2 1.493 162.09 1.07 1.74 -6.82 456.0
2009 3 10 12 41694.2 3.093 156.72 1.07 1.58 -6.27 529.7
2009 3 11 12 41829.7 1.721 161.98 1.07 4.15 -4.99 528.9
2009 3 12 12 41965.5 2.520 173.59 1.07 2.78 -5.15 459.6
2009 3 13 12 42101.8 3.180 196.49 1.07 4.81 -3.87 526.2
2009 3 14 12 42238.3 1.074 169.39 1.07 2.23 -6.50 491.8
2009 3 15 12 42375.2 3.283 158.89 1.07 3.29 -6.43 469.2
2009 3 16 12 42512.3 1.538 153.88 1.07 5.89 -2.12 554.1
2009 3 17 12 42649.6 10.027 183.95 1.07 2.62 -4.44 471.9
2009 3 18 12 42787.0 0.086 192.10 1.07 5.00 -4.46 530.4
2009 3 19 12 42924.6 6.697 204.82 1.07 1.39 -7.98 503.4
2009 3 20 12 43062.3 1.604 218.98 1.07 5.00 -2.38 564.6
2009 3 21 12 43200.0 4.811 157.43 1.07 3.09 -5.01 528.8
2009 3 22 12 43337.7 1.848 181.85 1.07 5.58 -3.58 502.3
2009 3 23 12 43475.4 4.047 176.89 1.07 2.74 -4.52 477.8
2009 3 24 12 43613.0 3.435 181.28 1.07 6.14 -2.82 520.0
2009 3 25 12 43750.4 1.880 173.05 1.07 4.69 -3.88 531.4
2009 3 26 12 43887.7 0.854 192.00 1.07 5.59 -2.74 548.8
2009 3 27 12 44024.8 3.675 169.34 1.07 5.34 -2.65 498.5
2009 3 28 12 44161.7 5.293 196.92 1.07 5.19 -3.05 528.5
2009 3 29 12 44298.2 0.234 208.50 1.07 4.55 -2.40 553.5
2009 3 30 12 44434.5 2.382 184.67 1.07 4.29 -3.21 546.1
2009 3 31 12 44570.3 0.553 210.74 1.07 6.97 -0.37 594.7
2009 4 1 12 44705.8 4.696 197.09 1.07 4.41 -4.72 532.2
2009 4 2 12 44840.8 0.098 210.60 1.07 6.08 -2.26 513.8
2009 4 3 12 44975.4 0.883 202.48 1.07 4.99 -2.26 609.9
2009 4 4 12 45109.4 1.684 185.20 1.07 6.19 -2.73 485.0
2009 4 5 12 45242.8 2.885 200.07 1.07 4.08 -4.83 536.0
2009 4 6 12 45375.7 2.397 195.14 1.07 8.87 1.01 660.8
2009 4 7 12 45507.9 7.342 215.72 1.07 8.38 0.16 574.0
2009 4 8 12 45639.4 8.705 200.85 1.07 7.43 -1.18 634.1
2009 4 9 12 45770.2 5.651 221.54 1.07 7.98 -0.40 587.9
2009 4 10 12 45900.2 1.792 214.76 1.07 9.68 -0.38 587.4
2009 4 11 12 46029.4 2.683 211.32 1.07 7.31 -1.55 596.1
2009 4 12 12 46157.8 1.477 213.30 1.07 10.29 1.01 624.3
2009 4 13 12 46285.3 2.028 225.63 1.07 7.47 0.15 589.1
2009 4 14 12 46411.9 8.469 222.12 1.07 8.68 -0.07 588.8
2009 4 15 12 46537.5 10.710 227.71 1.07 6.86 -1.68 572.8
2009 4 16 12 46662.2 6.483 199.14 1.07 11.21 3.49 652.2
2009 4 17 12 46785.8 3.622 207.70 1.07 8.93 1.57 647.8
2009 4 18 12 46908.4 2.797 217.17 1.07 10.07 1.68 618.8
2009 4 19 12 47029.9 3.313 214.32 1.07 8.61 -0.67 573.4
2009 4 20 12 47150.2 2.927 205.43 1.07 9.66 0.63 599.8
2009 4 21 12 47269.4 6.593 239.49 1.07 8.67 0.30 546.8
2009 4 22 12 47387.3 4.003 204.76 1.07 9.11 0.77 607.0
2009 4 23 12 47504.0 2.378 237.72 1.07 8.14 -1.10 590.5
2009 4 24 12 47619.5 5.380 250.91 1.07 10.40 0.15 653.3
2009 4 25 12 47733.6 2.608 217.77 1.07 9.93 0.03 646.2
2009 4 26 12 47846.4 1.247 193.24 1.07 14.51 4.96 699.7
2009 4 27 12 47957.8 1.014 220.42 1.07 9.71 0.93 618.3
2009 4 28 12 48067.8 0.256 217.15 1.07 10.55 1.69 613.5
2009 4 29 12 48176.4 16.446 208.66 1.07 12.93 3.00 683.0
2009 4 30 12 48283.5 4.321 237.12 1.07 10.50 1.70 596.5
2009 5 1 12 48389.0 3.529 238.50 1.07 11.97 4.71 667.7
2009 5 2 12 48493.1 0.564 239.88 1.07 13.45 5.14 657.7
2009 5 3 12 48595.5 0.768 220.03 1.07 13.54 6.54 727.7
2009 5 4 12 48696.4 3.504 251.18 1.07 12.83 4.24 690.7
2009 5 5 12 48795.7 2.191 226.10 1.07 12.82 4.20 649.6
2009 5 6 12 48893.3 0.566 221.16 1.07 14.60 6.23 696.0
2009 5 7 12 48989.2 0.859 221.56 1.07 15.18 8.04 777.9
2009 5 8 12 49083.3 1.496 227.69 1.07 13.65 6.31 718.8
2009 5 9 12 49175.8 3.466 241.42 1.07 14.52 6.52 702.2
2009 5 10 12 49266.4 1.339 224.88 1.07 13.16 4.90 679.4
2009 5 11 12 49355.3 1.694 229.34 1.07 15.85 6.56 752.1
2009 5 12 12 49442.4 0.126 266.23 1.07 15.48 5.81 733.7
2009 5 13 12 49527.6 3.460 233.63 1.07 14.03 5.07 697.3
2009 5 14 12 49610.9 1.249 257.32 1.07 13.91 6.54 698.8
2009 5 15 12 49692.3 8.638 246.17 1.07 17.60 10.43 770.4
2009 5 16 12 49771.8 8.094 260.03 1.07 14.32 4.43 635.0
2009 5 17 12 49849.4 3.655 249.66 1.07 14.94 7.42 721.6
2009 5 18 12 49924.9 4.907 247.42 1.07 13.57 6.43 747.4
2009 5 19 12 49998.5 9.578 243.06 1.07 17.17 9.56 767.9
2009 5 20 12 50070.1 5.255 236.79 1.07 15.04 6.07 690.8
2009 5 21 12 50139.7 3.008 253.22 1.07 16.02 8.08 733.7
2009 5 22 12 50207.1 0.984 241.87 1.07 16.07 6.23 711.3
2009 5 23 12 50272.5 3.995 221.51 1.07 19.90 10.17 834.8
2009 5 24 12 50335.9 0.875 256.55 1.07 19.21 12.61 824.6
2009 5 25 12 50397.0 9.424 250.37 1.07 17.19 8.22 746.4
2009 5 26 12 50456.1 0.827 258.24 1.07 15.90 6.39 692.3
2009 5 27 12 50513.0 2.116 253.13 1.07 17.24 8.36 794.9
2009 5 28 12 50567.8 0.506 265.44 1.07 17.11 10.01 798.8
2009 5 29 12 50620.3 8.456 260.97 1.07 19.77 12.10 799.8
2009 5 30 12 50670.7 2.206 252.79 1.07 21.41 12.28 813.8
2009 5 31 12 50718.8 4.782 261.18 1.07 18.20 9.55 802.9
2009 6 1 12 50764.8 0.721 275.47 1.07 19.06 10.87 849.5
2009 6 2 12 50808.5 16.674 243.32 1.07 20.96 12.91 839.3
2009 6 3 12 50849.9 2.379 226.63 1.07 18.96 10.78 835.4
2009 6 4 12 50889.0 8.313 271.16 1.07 17.12 7.77 766.5
2009 6 5 12 50925.9 2.717 266.48 1.07 18.31 9.54 847.2
2009 6 6 12 50960.5 1.016 299.35 1.07 18.62 9.14 753.1
2009 6 7 12 50992.8 3.560 259.58 1.07 17.68 9.86 850.9
2009 6 8 12 51022.8 8.405 254.36 1.07 18.98 10.31 829.6
2009 6 9 12 51050.5 3.159 265.28 1.07 16.77 8.45 741.6
2009 6 10 12 51075.8 2.274 271.75 1.07 16.21 7.09 761.8
2009 6 11 12 51098.8 3.945 268.20 1.07 19.22 11.15 799.9
2009 6 12 12 51119.5 6.309 255.77 1.07 19.11 11.07 828.2
2009 6 13 12 51137.8 6.006 278.64 1.07 22.25 12.53 868.2
2009 6 14 12 51153.7 3.772 244.91 1.07 18.99 11.04 802.0
2009 6 15 12 51167.4 3.726 249.67 1.07 20.28 10.77 870.0
2009 6 16 12 51178.6 1.643 283.54 1.07 19.32 10.19 803.3
2009 6 17 12 51187.5 2.280 270.36 1.07 17.31 9.46 790.6
2009 6 18 12 51194.0 2.005 253.65 1.07 20.10 10.99 844.2
2009 6 19 12 51198.1 4.777 262.07 1.07 20.62 12.13 864.8
2009 6 20 12 51199.9 5.928 291.07 1.07 19.57 10.91 845.1
2009 6 21 12 51199.3 1.559 256.79 1.07 20.20 10.46 830.6
2009 6 22 12 51196.4 3.517 249.57 1.07 22.01 14.56 955.8
2009 6 23 12 51191.0 0.398 261.03 1.07 20.29 12.84 864.3
2009 6 24 12 51183.3 3.225 273.31 1.07 22.70 14.49 895.7
2009 6 25 12 51173.3 0.018 265.51 1.07 21.20 12.38 887.8
2009 6 26 12 51160.8 0.769 275.54 1.07 22.55 14.05 881.2
2009 6 27 12 51146.1 0.452 246.97 1.07 23.42 15.91 883.4
2009 6 28 12 51128.9 0.042 241.65 1.07 19.78 10.78 800.8
2009 6 29 12 51109.4 1.323 275.74 1.07 22.82 13.89 863.2
2009 6 30 12 51087.6 5.792 241.81 1.07 23.26 14.50 941.0
2009 7 1 12 51063.4 0.166 241.42 1.07 22.96 12.63 829.5
2009 7 2 12 51036.9 3.541 247.44 1.07 21.01 12.99 824.1
2009 7 3 12 51008.1 6.525 244.34 1.07 17.34 8.92 804.5
2009 7 4 12 50976.9 7.429 248.30 1.07 25.21 17.30 1007.5
2009 7 5 12 50943.5 1.311 231.69 1.07 19.23 10.28 762.8
2009 7 6 12 50907.8 1.215 278.12 1.07 24.63 14.90 961.1
2009 7 7 12 50869.7 0.797 233.75 1.07 19.94 11.48 800.9
2009 7 8 12 50829.4 6.026 290.55 1.07 19.85 10.35 752.1
2009 7 9 12 50786.9 2.309 268.36 1.07 21.90 13.78 830.8
2009 7 10 12 50742.1 0.905 296.61 1.07 21.71 13.67 875.1
2009 7 11 12 50695.1 0.562 244.33 1.07 25.12 18.26 952.5
2009 7 12 12 50645.8 2.954 248.52 1.07 20.90 13.45 866.3
2009 7 13 12 50594.3 0.785 274.81 1.07 23.28 14.93 882.1
2009 7 14 12 50540.7 3.079 238.84 1.07 22.70 13.92 838.7
2009 7 15 12 50484.8 1.840 265.59 1.07 20.62 12.76 875.3
2009 7 16 12 50426.8 11.288 251.30 1.07 22.81 14.48 873.3
2009 7 17 12 50366.7 1.000 266.46 1.07 21.87 12.92 892.2
2009 7 18 12 50304.5 2.485 272.23 1.07 23.77 13.54 891.2
2009 7 19 12 50240.1 2.558 242.99 1.07 21.68 14.95 888.1
2009 7 20 12 50173.7 2.651 238.55 1.07 24.24 16.52 914.5
2009 7 21 12 50105.1 0.730 230.08 1.07 22.57 14.51 826.1
2009 7 22 12 50034.6 0.362 226.77 1.07 20.19 11.67 858.3
2009 7 23 12 49962.0 2.071 239.92 1.07 19.33 12.28 850.9
2009 7 24 12 49887.4 4.892 247.35 1.07 24.73 16.87 951.5
2009 7 25 12 49810.8 2.342 238.13 1.07 21.89 12.20 816.3
2009 7 26 12 49732.3 0.869 249.88 1.07 21.86 13.08 861.7
2009 7 27 12 49651.8 7.035 256.03 1.07 22.31 14.34 849.3
2009 7 28 12 49569.5 1.150 235.91 1.07 21.85 14.24 853.6
2009 7 29 12 49485.2 3.080 236.68 1.07 22.05 13.24 904.3
2009 7 30 12 49399.1 0.692 260.60 1.07 19.39 12.04 830.0
2009 7 31 12 49311.1 3.614 247.24 1.07 23.21 13.57 866.8
2009 8 1 12 49221.3 0.855 238.04 1.07 22.02 13.24 820.2
2009 8 2 12 49129.8 0.505 229.86 1.07 22.77 14.03 851.1
2009 8 3 12 49036.5 3.019 252.12 1.07 20.85 13.03 826.1
2009 8 4 12 48941.4 0.925 233.87 1.07 21.61 14.08 872.3
2009 8 5 12 48844.7 1.636 208.01 1.07 19.42 11.87 818.1
2009 8 6 12 48746.2 0.761 205.33 1.07 23.19 13.50 859.4
2009 8 7 12 48646.2 0.421 222.88 1.07 21.28 12.82 872.0
2009 8 8 12 48544.5 1.442 218.63 1.07 17.79 7.99 802.6
2009 8 9 12 48441.3 1.284 233.50 1.07 20.78 12.24 858.5
2009 8 10 12 48336.4 2.122 203.72 1.07 21.83 14.59 860.1
2009 8 11 12 48230.1 1.800 231.27 1.07 23.39 16.44 889.2
2009 8 12 12 48122.3 2.474 214.79 1.07 18.91 10.72 783.8
2009 8 13 12 48013.0 0.214 243.85 1.07 22.98 14.64 897.1
2009 8 14 12 47902.3 0.852 215.81 1.07 22.00 13.29 895.9
2009 8 15 12 47790.2 2.489 239.30 1.07 20.17 11.58 860.3
2009 8 16 12 47676.7 3.843 223.74 1.07 22.10 14.69 955.9
2009 8 17 12 47561.9 4.860 216.39 1.07 21.14 11.87 834.0
2009 8 18 12 47445.8 3.695 203.32 1.07 19.74 10.94 802.6
2009 8 19 12 47328.5 0.547 209.20 1.07 22.13 13.57 869.4
2009 8 20 12 47209.9 1.717 240.67 1.07 22.46 13.31 811.5
2009 8 21 12 47090.2 0.566 217.42 1.07 18.15 9.97 798.8
2009 8 22 12 46969.3 1.932 204.73 1.07 20.69 13.35 856.0
2009 8 23 12 46847.3 1.839 221.09 1.07 19.80 11.72 798.1
2009 8 24 12 46724.2 3.475 207.98 1.07 20.63 11.48 868.0
2009 8 25 12 46600.0 1.728 203.28 1.07 19.31 10.12 780.0
2009 8 26 12 46474.8 0.482 206.32 1.07 21.95 12.35 831.9
2009 8 27 12 46348.7 0.049 225.80 1.07 16.74 8.06 714.4
2009 8 28 12 46221.7 7.533 209.60 1.07 19.70 10.44 813.3
2009 8 29 12 46093.7 1.872 219.33 1.07 18.51 10.11 860.4
2009 8 30 12 45964.9 1.622 201.03 1.07 18.82 9.66 799.2
2009 8 31 12 45835.3 1.972 196.97 1.07 16.13 6.41 761.0
2009 9 1 12 45704.9 1.441 226.92 1.07 20.81 10.66 793.2
2009 9 2 12 45573.7 0.300 187.63 1.07 16.65 8.55 790.7
2009 9 3 12 45441.8 1.064 197.57 1.07 19.29 9.58 768.8
2009 9 4 12 45309.3 0.638 217.77 1.07 17.63 9.43 756.7
2009 9 5 12 45176.2 3.215 192.76 1.07 17.90 8.78 788.4
2009 9 6 12 45042.4 2.279 226.18 1.07 19.05 10.66 855.2
2009 9 7 12 44908.2 2.458 183.65 1.07 19.87 11.23 798.5
2009 9 8 12 44773.4 0.057 205.22 1.07 15.87 7.39 757.1
2009 9 9 12 44638.1 4.050 219.97 1.07 17.09 9.25 725.7
2009 9 10 12 44502.5 0.237 195.84 1.07 17.96 8.80 743.3
2009 9 11 12 44366.4 0.534 197.76 1.07 17.32 9.91 876.1
2009 9 12 12 44230.0 1.539 202.68 1.07 18.49 10.51 795.7
2009 9 13 12 44093.3 0.680 150.56 1.07 19.31 10.44 789.9
2009 9 14 12 43956.3 0.193 208.98 1.07 15.88 7.10 760.7
2009 9 15 12 43819.1 3.018 191.30 1.07 15.46 6.95 706.8
2009 9 16 12 43681.7 1.139 185.72 1.07 17.37 8.43 786.9
2009 9 17 12 43544.2 2.263 185.79 1.07 14.59 4.59 710.5
2009 9 18 12 43406.5 0.003 151.37 1.07 16.91 7.52 740.1
2009 9 19 12 43268.9 0.339 194.26 1.07 15.94 6.55 774.3
2009 9 20 12 43131.1 1.713 184.94 1.07 15.59 6.83 688.8
2009 9 21 12 42993.5 0.450 163.59 1.07 16.72 7.14 731.5
2009 9 22 12 42855.8 4.928 182.72 1.07 14.74 6.80 775.6
2009 9 23 12 42718.3 9.782 183.38 1.07 20.21 11.71 862.2
2009 9 24 12 42580.9 0.876 165.50 1.07 14.66 5.72 700.4
2009 9 25 12 42443.7 0.922 191.58 1.07 13.80 4.54 670.4
2009 9 26 12 42306.7 0.605 169.21 1.07 18.13 9.54 797.8
2009 9 27 12 42170.0 2.029 165.53 1.07 14.49 6.64 673.4
2009 9 28 12 42033.6 1.085 178.39 1.07 12.74 2.64 653.2
2009 9 29 12 41897.5 4.987 153.93 1.07 13.90 4.10 690.3
2009 9 30 12 41761.9 0.394 158.63 1.07 16.69 7.26 722.2
2009 10 1 12 41626.6 1.474 147.05 1.07 14.14 4.49 689.4
2009 10 2 12 41491.8 2.376 160.30 1.07 12.18 2.42 648.4
2009 10 3 12 41357.6 1.707 156.60 1.07 14.79 6.20 679.1
2009 10 4 12 41223.8 4.747 162.18 1.07 14.11 5.48 707.5
2009 10 5 12 41090.7 1.913 174.19 1.07 13.87 4.97 656.8
2009 10 6 12 40958.2 0.512 167.78 1.07 10.31 1.86 617.4
2009 10 7 12 40826.3 4.151 158.20 1.07 10.98 2.31 630.7
2009 10 8 12 40695.1 0.755 174.27 1.07 10.04 0.83 662.0
2009 10 9 12 40564.7 0.242 144.31 1.07 11.64 2.70 679.6
2009 10 10 12 40435.1 2.586 159.78 1.07 14.15 5.71 760.2
2009 10 11 12 40306.3 0.201 164.79 1.07 8.96 -0.62 569.4
2009 10 12 12 40178.3 0.634 178.17 1.07 9.75 1.39 619.1
2009 10 13 12 40051.3 1.428 150.71 1.07 8.76 -2.41 559.7
2009 10 14 12 39925.2 0.036 141.44 1.07 12.31 3.68 676.5
2009 10 15 12 39800.0 0.399 146.23 1.07 13.73 5.38 741.2
2009 10 16 12 39675.8 0.113 145.75 1.07 11.10 1.73 654.8
2009 10 17 12 39552.7 0.951 133.43 1.07 11.22 3.47 697.0
2009 10 18 12 39430.7 0.692 142.60 1.07 10.25 2.56 642.7
2009 10 19 12 39309.8 1.859 167.69 1.07 9.83 1.39 650.7
2009 10 20 12 39190.1 3.748 114.73 1.07 10.94 3.63 658.1
2009 10 21 12 39071.5 0.612 102.38 1.07 8.32 -0.93 653.3
2009 10 22 12 38954.2 1.914 114.79 1.07 10.44 2.54 641.6
2009 10 23 12 38838.1 0.198 122.39 1.07 8.80 1.33 630.9
2009 10 24 12 38723.3 2.509 117.35 1.07 9.01 -0.51 612.9
2009 10 25 12 38609.8 3.968 121.98 1.07 8.02 -0.52 661.7
2009 10 26 12 38497.7 0.711 117.48 1.07 5.48 -4.30 546.3
2009 10 27 12 38387.0 0.387 138.63 1.07 9.56 1.63 607.1
2009 10 28 12 38277.7 0.509 116.61 1.07 8.06 0.80 648.1
2009 10 29 12 38169.9 0.281 112.38 1.07 7.94 -1.10 530.3
2009 10 30 12 38063.6 1.519 99.30 1.07 10.68 2.05 625.4
2009 10 31 12 37958.7 1.145 142.51 1.07 7.84 -1.17 553.5
2009 11 1 12 37855.5 0.229 146.65 1.07 6.31 -0.30 581.4
2009 11 2 12 37753.8 0.830 129.35 1.07 4.90 -4.42 534.8
2009 11 3 12 37653.8 0.788 126.45 1.07 6.54 -2.79 577.1
2009 11 4 12 37555.3 0.377 133.43 1.07 7.44 -0.71 623.3
2009 11 5 12 37458.6 2.167 134.79 1.07 4.45 -4.22 500.4
2009 11 6 12 37363.5 1.007 104.31 1.07 8.05 1.46 585.7
2009 11 7 12 37270.2 1.278 116.98 1.07 5.63 -1.39 586.9
2009 11 8 12 37178.7 1.525 134.48 1.07 5.77 -2.33 560.0
2009 11 9 12 37088.9 1.916 110.74 1.07 5.80 -2.05 504.7
2009 11 10 12 37000.9 4.009 120.38 1.07 3.50 -4.52 498.8
2009 11 11 12 36914.8 1.312 135.33 1.07 4.65 -3.11 506.9
2009 11 12 12 36830.5 0.945 152.19 1.07 5.86 -2.32 489.4
2009 11 13 12 36748.2 2.706 130.27 1.07 4.94 -4.47 515.2
2009 11 14 12 36667.7 0.878 95.66 1.07 4.12 -5.13 477.9
2009 11 15 12 36589.2 3.155 103.47 1.07 4.18 -3.64 508.4
2009 11 16 12 36512.6 0.289 131.31 1.07 5.33 -3.67 528.7
2009 11 17 12 36438.0 2.068 101.18 1.07 6.42 -1.10 519.5
2009 11 18 12 36365.4 0.394 124.72 1.07 3.87 -4.15 483.3
2009 11 19 12 36294.9 0.263 136.78 1.07 2.63 -6.92 468.6
2009 11 20 12 36226.3 0.366 126.28 1.07 7.46 -2.05 575.3
2009 11 21 12 36159.9 0.077 136.50 1.07 5.13 -4.51 550.2
2009 11 22 12 36095.5 0.100 91.87 1.07 3.25 -4.72 511.8
2009 11 23 12 36033.3 0.339 79.24 1.07 2.36 -5.31 511.0
2009 11 24 12 35973.2 1.155 95.94 1.07 5.67 -3.24 537.9
2009 11 25 12 35915.2 0.332 107.22 1.07 1.65 -6.96 487.1
2009 11 26 12 35859.3 4.414 92.89 1.07 2.78 -5.57 454.1
2009 11 27 12 35805.7 0.050 94.37 1.07 3.63 -4.27 493.4
2009 11 28 12 35754.2 2.421 103.39 1.07 2.73 -6.14 473.8
2009 11 29 12 35704.9 1.479 98.10 1.07 0.85 -7.40 451.5
2009 11 30 12 35657.9 0.408 117.09 1.07 1.52 -7.14 419.8
2009 12 1 12 35613.1 0.751 104.35 1.07 1.95 -7.90 394.0
2009 12 2 12 35570.6 3.704 94.81 1.07 0.06 -7.44 423.4
2009 12 3 12 35530.3 0.839 117.61 1.07 1.40 -6.95 438.8
2009 12 4 12 35492.2 0.253 145.78 1.07 3.72 -5.03 509.2
2009 12 5 12 35456.5 0.327 109.47 1.07 4.08 -5.12 435.1
2009 12 6 12 35423.1 0.708 94.18 1.07 0.90 -8.27 503.3
2009 12 7 12 35391.9 4.859 77.00 1.07 1.00 -8.76 398.1
2009 12 8 12 35363.1 0.408 97.50 1.07 0.65 -8.85 373.8
2009 12 9 12 35336.6 2.995 83.40 1.07 -2.34 -11.69 325.3
2009 12 10 12 35312.4 0.540 108.61 1.07 1.36 -7.68 441.7
2009 12 11 12 35290.6 0.349 126.00 1.07 0.94 -6.60 439.3
2009 12 12 12 35271.1 0.854 87.74 1.07 1.97 -6.15 470.9
2009 12 13 12 35253.9 0.051 91.70 1.07 1.89 -7.45 438.6
2009 12 14 12 35239.2 1.766 111.07 1.07 1.10 -8.77 427.2
2009 12 15 12 35226.7 0.988 89.24 1.07 1.00 -8.33 429.5
2009 12 16 12 35216.7 1.387 73.79 1.07 -1.61 -9.05 430.8
2009 12 17 12 35209.0 3.564 117.84 1.07 0.10 -7.97 489.8
2009 12 18 12 35203.6 0.790 78.93 1.07 -2.39 -11.13 365.0
2009 12 19 12 35200.7 0.903 98.48 1.07 -0.96 -9.57 376.8
2009 12 20 12 35200.1 2.171 97.73 1.07 1.96 -5.72 512.8
2009 12 21 12 35201.9 0.236 93.35 1.07 0.20 -8.41 443.0
2009 12 22 12 35206.0 0.062 108.90 1.07 -0.24 -7.03 455.6
2009 12 23 12 35212.5 0.179 76.95 1.07 -0.83 -9.36 418.0
2009 12 24 12 35221.4 0.283 105.26 1.07 -0.90 -10.24 378.3
2009 12 25 12 35232.6 1.006 87.21 1.07 -0.71 -10.92 421.6
2009 12 26 12 35246.3 1.279 100.91 1.07 -0.91 -9.15 444.8
2009 12 27 12 35262.2 1.516 87.90 1.07 -0.12 -8.89 429.6
2009 12 28 12 35280.5 3.596 102.21 1.07 1.86 -7.49 440.1
2009 12 29 12 35301.2 1.190 113.15 1.07 0.90 -7.14 404.1
2009 12 30 12 35324.2 0.206 98.44 1.07 -1.99 -10.37 415.8
2009 12 31 12 35349.5 1.317 96.35 1.07 -2.32 -11.29 376.8
