38.9 -106.95 basin centroid
Elevation: 2800.0 m  Area: 320.0 km2

Year Mnth Day Hr dayl(s) prcp(mm/day) srad(W/m2) swe(mm) tmax(C) tmin(C) vp(Pa)
1995 1 1 12 35377.2 5.275 97.27 113.72 -11.86 -23.28 146.3
1995 1 2 12 35407.2 14.208 104.23 113.72 -13.06 -22.72 157.3
1995 1 3 12 35439.5 0.288 111.02 113.72 -14.35 -24.49 149.1
1995 1 4 12 35474.1 0.812 103.66 113.72 -12.50 -23.66 103.8
1995 1 5 12 35511.0 0.218 105.23 113.72 -14.98 -26.12 105.3
1995 1 6 12 35550.1 0.790 71.89 113.72 -11.40 -21.72 115.9
1995 1 7 12 35591.5 0.874 96.14 113.72 -12.24 -23.84 94.1
1995 1 8 12 35635.2 5.253 92.67 113.72 -14.23 -24.78 96.5
1995 1 9 12 35681.2 7.263 120.57 113.72 -14.11 -25.04 66.1
1995 1 10 12 35729.3 3.231 99.44 113.72 -13.67 -24.29 130.5
1995 1 11 12 35779.7 6.583 95.68 113.72 -14.15 -26.57 50.0
1995 1 12 12 35832.2 4.957 115.04 113.72 -11.94 -23.47 160.8
1995 1 13 12 35887.0 1.192 84.08 113.72 -14.75 -25.35 119.1
1995 1 14 12 35943.9 3.732 106.15 113.72 -16.21 -26.17 56.3
1995 1 15 12 36003.0 0.689 78.38 113.72 -14.36 -25.27 84.1
1995 1 16 12 36064.1 2.530 97.84 113.72 -12.86 -23.08 135.7
1995 1 17 12 36127.5 3.167 102.33 113.72 -12.47 -24.46 151.5
1995 1 18 12 36192.9 4.580 131.78 113.72 -13.83 -24.99 72.0
1995 1 19 12 36260.3 10.518 108.37 113.72 -14.95 -25.53 50.0
1995 1 20 12 36329.9 0.439 97.94 113.72 -14.06 -24.91 89.0
1995 1 21 12 36401.5 2.521 110.01 113.72 -14.97 -25.16 69.1
1995 1 22 12 36475.1 9.100 134.36 113.72 -17.44 -28.44 50.0
1995 1 23 12 36550.6 1.132 82.69 113.72 -15.25 -26.24 74.0
1995 1 24 12 36628.2 0.770 125.87 113.72 -13.19 -23.46 95.5
1995 1 25 12 36707.7 5.190 120.77 113.72 -14.34 -25.57 98.8
1995 1 26 12 36789.1 4.485 114.14 113.72 -14.37 -25.90 50.0
1995 1 27 12 36872.4 0.249 112.07 113.72 -12.22 -22.65 235.7
1995 1 28 12 36957.6 1.403 139.13 113.72 -15.29 -26.87 94.5
1995 1 29 12 37044.7 0.612 129.22 113.72 -15.11 -24.78 82.4
1995 1 30 12 37133.6 0.618 103.77 113.72 -13.28 -25.55 65.8
1995 1 31 12 37224.2 4.259 120.58 113.72 -14.80 -25.84 77.5
1995 2 1 12 37316.7 4.265 139.85 113.72 -14.76 -24.26 136.8
1995 2 2 12 37410.8 2.664 130.18 113.72 -11.32 -20.54 175.8
1995 2 3 12 37506.7 0.454 127.00 113.72 -15.20 -26.07 50.0
1995 2 4 12 37604.3 0.661 104.50 113.72 -14.63 -24.55 65.5
1995 2 5 12 37703.6 3.979 159.74 113.72 -12.82 -23.00 139.5
1995 2 6 12 37804.5 0.323 136.87 113.72 -13.49 -24.68 84.7
1995 2 7 12 37906.9 0.124 153.82 113.72 -15.41 -25.83 91.8
1995 2 8 12 38011.0 1.601 132.63 113.72 -10.60 -22.09 94.4
1995 2 9 12 38116.5 2.736 128.89 113.72 -14.40 -26.45 85.2
1995 2 10 12 38223.6 0.177 120.57 113.72 -13.50 -23.90 112.5
1995 2 11 12 38332.2 4.223 145.95 113.72 -12.40 -22.75 92.5
1995 2 12 12 38442.2 2.433 154.89 113.72 -9.73 -21.47 181.4
1995 2 13 12 38553.6 0.584 149.16 113.72 -13.50 -24.41 126.7
1995 2 14 12 38666.4 3.048 168.50 113.72 -14.17 -25.92 57.3
1995 2 15 12 38780.5 0.065 137.77 113.72 -11.96 -23.13 156.9
1995 2 16 12 38896.0 1.797 127.65 113.72 -9.48 -20.63 146.5
1995 2 17 12 39012.7 1.897 141.99 113.72 -12.31 -22.51 80.9
1995 2 18 12 39130.6 2.827 151.37 113.72 -12.84 -24.04 114.1
1995 2 19 12 39249.8 3.211 136.56 113.72 -11.72 -23.53 102.8
1995 2 20 12 39370.1 5.857 141.05 113.72 -15.31 -24.74 67.9
1995 2 21 12 39491.6 2.666 146.12 113.72 -13.01 -23.41 148.8
1995 2 22 12 39614.2 0.311 151.55 113.72 -14.71 -24.80 110.5
1995 2 23 12 39737.8 0.842 147.40 113.72 -12.40 -22.71 195.0
1995 2 24 12 39862.5 0.179 149.79 113.72 -12.51 -22.56 161.4
1995 2 25 12 39988.1 14.628 157.42 113.72 -15.57 -26.02 96.1
1995 2 26 12 40114.7 12.912 160.68 113.72 -11.22 -21.65 140.8
1995 2 27 12 40242.2 0.300 143.00 113.72 -10.44 -21.13 113.1
1995 2 28 12 40370.6 6.926 124.16 113.72 -11.52 -22.67 205.9
1995 3 1 12 40499.8 4.272 137.42 113.72 -13.39 -23.48 145.1
1995 3 2 12 40629.8 8.104 161.21 113.72 -9.07 -20.08 246.6
1995 3 3 12 40760.6 0.901 144.64 113.72 -7.98 -18.69 190.8
1995 3 4 12 40892.1 4.295 160.90 113.72 -10.08 -20.59 218.4
1995 3 5 12 41024.3 1.215 157.38 113.72 -11.07 -21.51 178.5
1995 3 6 12 41157.2 0.615 160.58 113.72 -10.91 -22.52 181.5
1995 3 7 12 41290.6 3.075 168.28 113.72 -9.59 -20.23 212.7
1995 3 8 12 41424.6 5.727 180.10 113.72 -9.96 -21.57 161.6
1995 3 9 12 41559.2 5.239 163.34 113.72 -9.29 -19.94 209.6
1995 3 10 12 41694.2 7.391 149.31 113.72 -9.11 -19.28 203.7
1995 3 11 12 41829.7 1.004 170.96 113.72 -10.73 -20.09 223.3
1995 3 12 12 41965.5 12.847 178.35 113.72 -10.70 -21.04 155.4
1995 3 13 12 42101.8 2.973 135.21 113.72 -9.72 -19.83 182.3
1995 3 14 12 42238.3 0.561 159.55 113.72 -8.44 -20.11 193.1
1995 3 15 12 42375.2 6.874 172.19 113.72 -11.31 -21.68 184.9
1995 3 16 12 42512.3 2.543 165.92 113.72 -9.14 -20.84 184.9
1995 3 17 12 42649.6 1.420 176.51 113.72 -8.68 -18.52 219.8
1995 3 18 12 42787.0 2.556 166.51 113.72 -9.19 -20.84 214.9
1995 3 19 12 42924.6 0.117 191.30 113.72 -6.18 -17.76 262.5
1995 3 20 12 43062.3 10.653 179.39 113.72 -6.26 -16.45 257.2
1995 3 21 12 43200.0 4.742 153.00 113.72 -7.30 -16.76 233.6
1995 3 22 12 43337.7 2.944 192.35 113.72 -5.09 -15.04 293.9
1995 3 23 12 43475.4 1.930 194.68 113.72 -6.25 -17.33 234.7
1995 3 24 12 43613.0 7.591 183.57 113.72 -7.18 -18.77 201.5
1995 3 25 12 43750.4 11.084 157.91 113.72 -7.91 -19.05 241.5
1995 3 26 12 43887.7 0.451 200.41 113.72 -7.60 -18.30 267.8
1995 3 27 12 44024.8 2.910 172.92 113.72 -6.25 -17.11 256.0
1995 3 28 12 44161.7 3.913 184.20 113.72 -7.19 -18.81 223.7
1995 3 29 12 44298.2 7.444 182.37 113.72 -8.71 -18.48 208.1
1995 3 30 12 44434.5 5.342 170.75 113.72 -6.82 -16.57 236.7
1995 3 31 12 44570.3 4.143 193.80 113.72 -4.51 -13.80 347.9
1995 4 1 12 44705.8 2.589 198.10 113.72 -9.72 -21.84 125.0
1995 4 2 12 44840.8 0.353 198.11 113.72 -3.55 -15.00 281.4
1995 4 3 12 44975.4 3.075 194.61 113.72 -4.60 -15.20 276.5
1995 4 4 12 45109.4 1.972 187.92 113.72 -5.62 -16.41 284.5
1995 4 5 12 45242.8 0.433 222.46 113.72 -4.63 -15.79 278.2
1995 4 6 12 45375.7 10.746 204.54 113.72 -3.42 -14.91 284.8
1995 4 7 12 45507.9 2.771 189.05 113.72 -4.61 -16.21 316.6
1995 4 8 12 45639.4 5.058 211.00 113.72 -3.04 -12.22 404.6
1995 4 9 12 45770.2 2.043 211.17 113.72 -2.98 -14.92 313.2
1995 4 10 12 45900.2 0.678 216.23 113.72 -3.79 -15.84 287.5
1995 4 11 12 46029.4 5.355 207.81 113.72 -5.52 -17.27 239.5
1995 4 12 12 46157.8 11.117 200.24 113.72 -3.79 -14.44 310.6
1995 4 13 12 46285.3 6.986 190.31 113.72 -6.50 -17.52 213.4
1995 4 14 12 46411.9 4.113 204.16 113.72 -2.57 -13.04 368.9
1995 4 15 12 46537.5 1.920 188.53 113.72 -3.66 -15.03 295.5
1995 4 16 12 46662.2 3.344 219.13 113.72 -3.75 -14.48 289.8
1995 4 17 12 46785.8 5.063 191.77 113.72 -1.64 -12.37 342.7
1995 4 18 12 46908.4 1.707 211.75 113.72 -4.32 -13.86 344.0
1995 4 19 12 47029.9 4.951 229.23 113.72 -2.04 -11.42 364.0
1995 4 20 12 47150.2 2.049 215.87 113.72 -2.51 -13.43 307.8
1995 4 21 12 47269.4 0.702 219.81 113.72 -2.06 -12.18 293.7
1995 4 22 12 47387.3 2.151 228.53 113.72 -1.16 -11.83 361.0
1995 4 23 12 47504.0 2.823 230.74 113.72 1.35 -8.83 434.7
1995 4 24 12 47619.5 6.047 239.76 113.72 -0.58 -11.07 363.9
1995 4 25 12 47733.6 3.401 233.79 113.72 1.07 -9.14 393.3
1995 4 26 12 47846.4 0.182 231.83 113.72 1.33 -8.79 390.5
1995 4 27 12 47957.8 4.804 198.16 113.72 0.60 -9.86 391.4
1995 4 28 12 48067.8 1.695 232.30 113.72 -3.12 -13.81 290.4
1995 4 29 12 48176.4 0.308 254.64 113.72 -0.51 -10.47 356.9
1995 4 30 12 48283.5 4.680 240.55 113.72 -1.58 -12.49 335.9
1995 5 1 12 48389.0 5.360 246.44 113.72 4.55 -6.71 522.4
1995 5 2 12 48493.1 2.838 222.82 113.72 -1.04 -13.09 408.3
1995 5 3 12 48595.5 3.405 232.92 113.72 -1.58 -12.04 394.5
1995 5 4 12 48696.4 2.707 243.43 113.72 -3.29 -13.54 348.6
1995 5 5 12 48795.7 4.396 242.60 113.72 -0.49 -12.67 288.5
1995 5 6 12 48893.3 1.923 248.78 113.72 1.45 -9.84 483.4
1995 5 7 12 48989.2 0.654 220.88 113.72 3.09 -7.11 469.6
1995 5 8 12 49083.3 0.849 226.94 113.72 0.05 -10.86 349.8
1995 5 9 12 49175.8 1.591 220.35 113.72 3.61 -7.14 537.7
1995 5 10 12 49266.4 1.787 244.54 113.72 1.95 -8.12 434.7
1995 5 11 12 49355.3 8.173 238.74 113.72 1.52 -9.37 437.6
1995 5 12 12 49442.4 2.250 239.51 113.72 2.70 -7.80 434.6
1995 5 13 12 49527.6 3.175 233.07 113.72 4.75 -6.91 478.8
1995 5 14 12 49610.9 1.896 231.46 113.72 2.89 -7.62 468.1
1995 5 15 12 49692.3 2.507 244.95 113.72 1.34 -10.53 415.3
1995 5 16 12 49771.8 3.068 262.33 113.72 3.83 -8.01 478.3
1995 5 17 12 49849.4 5.704 270.00 113.72 3.99 -7.21 460.4
1995 5 18 12 49924.9 5.542 270.81 113.72 3.28 -7.08 464.6
1995 5 19 12 49998.5 0.250 240.96 113.72 5.28 -5.48 488.9
1995 5 20 12 50070.1 0.816 230.96 113.72 0.49 -10.94 349.9
1995 5 21 12 50139.7 1.437 262.65 113.72 4.64 -5.46 463.7
1995 5 22 12 50207.1 4.990 269.19 113.72 5.46 -5.09 489.0
1995 5 23 12 50272.5 2.634 256.99 113.72 2.28 -7.68 484.2
1995 5 24 12 50335.9 1.591 251.01 113.72 2.40 -9.11 432.0
1995 5 25 12 50397.0 0.370 242.57 113.72 6.30 -3.35 530.1
1995 5 26 12 50456.1 4.036 261.64 113.72 6.73 -2.80 536.0
1995 5 27 12 50513.0 5.452 261.77 113.72 7.18 -2.89 507.1
1995 5 28 12 50567.8 0.593 257.92 113.72 4.26 -6.15 450.1
1995 5 29 12 50620.3 0.132 237.61 113.72 5.77 -4.64 511.9
1995 5 30 12 50670.7 1.769 239.80 113.72 6.13 -4.41 512.0
1995 5 31 12 50718.8 1.802 253.78 113.72 3.22 -8.68 449.8
1995 6 1 12 50764.8 6.545 271.28 113.72 6.18 -5.10 491.4
1995 6 2 12 50808.5 0.906 269.73 113.72 6.30 -4.58 525.4
1995 6 3 12 50849.9 0.711 250.51 113.72 7.36 -4.26 468.8
1995 6 4 12 50889.0 0.667 229.49 113.72 5.54 -4.12 489.2
1995 6 5 12 50925.9 0.376 277.29 113.72 8.42 -1.98 568.2
1995 6 6 12 50960.5 1.448 276.22 113.72 6.80 -2.57 549.1
1995 6 7 12 50992.8 3.802 259.79 113.72 9.39 -0.78 606.6
1995 6 8 12 51022.8 3.915 251.78 113.72 8.08 -3.83 558.6
1995 6 9 12 51050.5 0.388 253.90 113.72 7.52 -2.24 591.9
1995 6 10 12 51075.8 4.328 272.72 113.72 5.46 -5.70 533.6
1995 6 11 12 51098.8 1.745 267.04 113.72 5.38 -4.32 568.1
1995 6 12 12 51119.5 3.240 252.77 113.72 9.89 0.30 595.3
1995 6 13 12 51137.8 0.878 292.40 113.72 8.93 -0.79 653.3
1995 6 14 12 51153.7 1.651 236.59 113.72 7.31 -2.63 634.1
1995 6 15 12 51167.4 1.267 250.65 113.72 7.23 -3.22 496.5
1995 6 16 12 51178.6 1.776 251.10 113.72 8.31 -2.50 532.3
1995 6 17 12 51187.5 1.197 261.47 113.72 6.07 -3.22 546.4
1995 6 18 12 51194.0 1.922 276.93 113.72 7.50 -3.09 545.2
1995 6 19 12 51198.1 0.016 272.41 113.72 9.22 -1.88 511.7
1995 6 20 12 51199.9 0.771 261.90 113.72 9.53 -0.92 553.2
1995 6 21 12 51199.3 1.301 240.09 113.72 7.96 -1.92 568.1
1995 6 22 12 51196.4 2.591 274.29 113.72 11.01 1.10 615.4
1995 6 23 12 51191.0 0.016 242.88 113.72 10.27 -1.40 590.7
1995 6 24 12 51183.3 3.906 253.81 113.72 7.64 -2.29 612.8
1995 6 25 12 51173.3 1.470 258.60 113.72 6.97 -3.28 497.1
1995 6 26 12 51160.8 3.542 247.50 113.72 9.86 -1.21 645.1
1995 6 27 12 51146.1 1.986 247.06 113.72 8.38 -3.08 594.8
1995 6 28 12 51128.9 4.582 272.59 113.72 8.17 -1.49 518.5
1995 6 29 12 51109.4 2.064 280.91 113.72 9.54 -0.04 563.5
1995 6 30 12 51087.6 0.108 257.77 113.72 10.36 0.81 604.1
1995 7 1 12 51063.4 2.439 231.95 113.72 10.54 -1.31 545.2
1995 7 2 12 51036.9 1.497 262.58 113.72 9.50 -1.47 588.0
1995 7 3 12 51008.1 0.608 247.64 113.72 6.03 -4.72 524.6
1995 7 4 12 50976.9 1.529 263.18 113.72 10.97 1.37 631.6
1995 7 5 12 50943.5 1.966 261.87 113.72 8.38 -1.77 575.7
1995 7 6 12 50907.8 1.578 228.85 113.72 10.10 -0.88 578.5
1995 7 7 12 50869.7 0.155 250.84 113.72 9.51 -1.16 588.6
1995 7 8 12 50829.4 4.406 265.54 113.72 13.10 2.87 714.8
1995 7 9 12 50786.9 2.527 254.47 113.72 12.86 2.66 581.6
1995 7 10 12 50742.1 1.146 238.98 113.72 9.12 -0.33 593.9
1995 7 11 12 50695.1 0.831 264.79 113.72 7.83 -1.80 577.9
1995 7 12 12 50645.8 3.969 229.48 113.72 7.98 -1.82 560.6
1995 7 13 12 50594.3 1.435 257.45 113.72 10.31 -1.10 587.4
1995 7 14 12 50540.7 0.160 245.32 113.72 9.12 -2.24 591.1
1995 7 15 12 50484.8 3.842 259.36 113.72 8.28 -3.31 518.3
1995 7 16 12 50426.8 0.647 248.85 113.72 9.18 -1.28 640.7
1995 7 17 12 50366.7 0.151 258.96 113.72 10.66 -0.52 545.1
1995 7 18 12 50304.5 1.379 271.46 113.72 9.87 -0.45 609.6
1995 7 19 12 50240.1 0.463 260.81 113.72 9.27 -0.93 580.9
1995 7 20 12 50173.7 0.905 259.88 113.72 9.46 -1.14 585.0
1995 7 21 12 50105.1 1.550 257.80 113.72 9.76 -0.32 616.5
1995 7 22 12 50034.6 1.152 222.59 113.72 10.33 -0.96 562.2
1995 7 23 12 49962.0 2.867 248.83 113.72 10.41 -1.55 602.1
1995 7 24 12 49887.4 0.164 250.92 113.72 7.50 -3.84 582.5
1995 7 25 12 49810.8 2.154 254.40 113.72 10.21 0.10 593.4
1995 7 26 12 49732.3 1.047 244.06 113.72 9.40 0.09 586.4
1995 7 27 12 49651.8 1.620 255.25 113.72 8.40 -1.19 614.1
1995 7 28 12 49569.5 0.571 229.31 113.72 9.33 -1.60 597.5
1995 7 29 12 49485.2 1.179 272.74 113.72 11.60 1.59 584.9
1995 7 30 12 49399.1 3.257 250.36 113.72 11.04 -0.84 599.8
1995 7 31 12 49311.1 1.572 227.31 113.72 9.94 0.41 631.4
1995 8 1 12 49221.3 0.182 260.55 113.72 8.41 -1.94 559.6
1995 8 2 12 49129.8 2.380 222.56 113.72 7.67 -2.46 595.8
1995 8 3 12 49036.5 0.814 238.51 113.72 8.25 -4.04 471.0
1995 8 4 12 48941.4 0.015 239.14 113.72 9.63 -0.76 520.2
1995 8 5 12 48844.7 0.299 230.30 113.72 9.61 0.32 638.4
1995 8 6 12 48746.2 0.210 233.63 113.72 8.53 -2.00 535.6
1995 8 7 12 48646.2 0.741 235.41 113.72 10.76 -0.07 597.5
1995 8 8 12 48544.5 2.300 217.35 113.72 9.96 -1.01 545.8
1995 8 9 12 48441.3 1.764 236.51 113.72 5.34 -6.00 505.5
1995 8 10 12 48336.4 0.384 231.41 113.72 9.41 -1.28 584.6
1995 8 11 12 48230.1 1.284 259.46 113.72 10.30 -1.43 567.4
1995 8 12 12 48122.3 0.448 251.48 113.72 9.40 -1.01 542.9
1995 8 13 12 48013.0 0.574 217.13 113.72 9.88 0.01 595.4
1995 8 14 12 47902.3 1.099 224.91 113.72 8.53 -2.57 558.6
1995 8 15 12 47790.2 0.131 215.50 113.72 8.74 -1.71 549.8
1995 8 16 12 47676.7 0.620 220.94 113.72 8.68 -2.13 542.5
1995 8 17 12 47561.9 0.626 236.51 113.72 8.93 -1.51 570.1
1995 8 18 12 47445.8 0.306 220.92 113.72 7.69 -2.34 573.4
1995 8 19 12 47328.5 1.193 213.80 113.72 10.10 -0.33 606.1
1995 8 20 12 47209.9 1.196 229.18 113.72 10.49 0.42 643.7
1995 8 21 12 47090.2 0.214 189.85 113.72 7.46 -2.89 539.6
1995 8 22 12 46969.3 0.118 211.90 113.72 6.39 -3.68 556.8
1995 8 23 12 46847.3 0.705 237.02 113.72 6.01 -4.49 475.1
1995 8 24 12 46724.2 0.246 236.51 113.72 8.52 -1.97 572.5
1995 8 25 12 46600.0 0.463 233.58 113.72 8.68 -1.53 579.8
1995 8 26 12 46474.8 1.689 194.28 113.72 8.29 -2.53 620.2
1995 8 27 12 46348.7 0.153 192.91 113.72 8.30 -2.10 537.8
1995 8 28 12 46221.7 0.294 202.81 113.72 6.58 -4.90 466.0
1995 8 29 12 46093.7 0.021 209.13 113.72 4.31 -7.90 419.0
1995 8 30 12 45964.9 0.377 196.65 113.72 6.42 -4.27 495.7
1995 8 31 12 45835.3 1.625 181.14 113.72 9.51 -1.89 574.6
1995 9 1 12 45704.9 0.063 218.97 113.72 7.29 -1.92 523.7
1995 9 2 12 45573.7 2.635 215.15 113.72 7.39 -4.01 530.2
1995 9 3 12 45441.8 0.241 193.56 113.72 7.97 -2.18 557.4
1995 9 4 12 45309.3 0.228 211.77 113.72 5.21 -6.12 504.9
1995 9 5 12 45176.2 2.528 213.91 113.72 6.65 -4.13 536.0
1995 9 6 12 45042.4 0.332 162.73 113.72 6.94 -4.72 530.4
1995 9 7 12 44908.2 0.442 206.73 113.72 4.62 -7.11 472.4
1995 9 8 12 44773.4 0.624 194.82 113.72 6.41 -4.13 552.5
1995 9 9 12 44638.1 1.083 156.68 113.72 7.65 -3.43 486.6
1995 9 10 12 44502.5 0.606 208.30 113.72 4.94 -5.23 451.8
1995 9 11 12 44366.4 1.126 192.86 113.72 2.80 -6.97 460.0
1995 9 12 12 44230.0 1.246 166.36 113.72 5.48 -6.56 471.3
1995 9 13 12 44093.3 0.970 194.90 113.72 4.07 -5.86 452.1
1995 9 14 12 43956.3 0.389 190.28 113.72 5.16 -6.41 488.6
1995 9 15 12 43819.1 3.120 194.30 113.72 3.45 -7.61 408.6
1995 9 16 12 43681.7 3.746 155.80 113.72 4.63 -7.29 446.2
1995 9 17 12 43544.2 2.267 178.93 113.72 6.21 -5.69 485.7
1995 9 18 12 43406.5 0.945 167.35 113.72 4.15 -8.21 453.1
1995 9 19 12 43268.9 0.352 178.24 113.72 1.54 -9.58 393.2
1995 9 20 12 43131.1 0.610 153.84 113.72 4.40 -6.35 509.4
1995 9 21 12 42993.5 0.112 161.18 113.72 3.68 -7.41 502.1
1995 9 22 12 42855.8 2.180 199.65 113.72 3.79 -8.44 477.3
1995 9 23 12 42718.3 1.341 192.61 113.72 4.75 -7.62 501.8
1995 9 24 12 42580.9 0.527 188.38 113.72 2.31 -8.48 462.4
1995 9 25 12 42443.7 0.372 194.50 113.72 2.48 -7.69 464.7
1995 9 26 12 42306.7 1.049 143.02 113.72 1.18 -9.42 389.1
1995 9 27 12 42170.0 0.395 168.85 113.72 2.82 -6.48 453.4
1995 9 28 12 42033.6 0.070 172.00 113.72 2.59 -8.24 463.7
1995 9 29 12 41897.5 0.267 161.16 113.72 1.76 -8.79 370.8
1995 9 30 12 41761.9 1.382 137.71 113.72 3.07 -7.74 484.8
1995 10 1 12 41626.6 1.402 177.52 113.72 0.20 -11.22 357.4
1995 10 2 12 41491.8 0.624 172.19 113.72 1.75 -9.18 400.4
1995 10 3 12 41357.6 3.727 152.27 113.72 2.26 -7.86 466.0
1995 10 4 12 41223.8 0.614 172.92 113.72 0.35 -9.75 413.5
1995 10 5 12 41090.7 1.945 160.77 113.72 -1.10 -11.61 355.2
1995 10 6 12 40958.2 0.604 167.09 113.72 -1.78 -11.31 346.4
1995 10 7 12 40826.3 0.207 142.55 113.72 0.80 -9.64 362.2
1995 10 8 12 40695.1 0.429 158.53 113.72 2.90 -7.64 382.4
1995 10 9 12 40564.7 1.663 157.39 113.72 -0.76 -10.36 436.8
1995 10 10 12 40435.1 1.338 148.88 113.72 0.63 -10.74 378.7
1995 10 11 12 40306.3 0.909 110.95 113.72 -3.89 -13.55 302.4
1995 10 12 12 40178.3 1.386 152.36 113.72 0.10 -11.47 393.1
1995 10 13 12 40051.3 1.245 152.11 113.72 -2.29 -13.31 310.5
1995 10 14 12 39925.2 1.421 133.07 113.72 -1.46 -13.72 302.7
1995 10 15 12 39800.0 1.442 154.58 113.72 -0.95 -11.55 404.6
1995 10 16 12 39675.8 1.746 148.43 113.72 -3.77 -13.51 352.1
1995 10 17 12 39552.7 0.204 149.67 113.72 3.23 -8.32 439.2
1995 10 18 12 39430.7 5.762 136.65 113.72 -2.60 -13.62 310.9
1995 10 19 12 39309.8 1.210 115.47 113.72 -0.99 -11.96 367.7
1995 10 20 12 39190.1 3.424 114.60 113.72 0.14 -10.84 400.7
1995 10 21 12 39071.5 1.263 149.03 113.72 -1.87 -13.51 337.6
1995 10 22 12 38954.2 1.356 121.13 113.72 -4.36 -15.13 333.9
1995 10 23 12 38838.1 0.517 124.41 113.72 -2.57 -12.11 327.7
1995 10 24 12 38723.3 0.626 147.83 113.72 -5.69 -16.89 254.5
1995 10 25 12 38609.8 0.037 102.05 113.72 -3.63 -14.25 331.8
1995 10 26 12 38497.7 5.406 108.88 113.72 -0.82 -11.45 353.9
1995 10 27 12 38387.0 3.210 143.71 113.72 -5.66 -16.78 293.0
1995 10 28 12 38277.7 0.547 132.04 113.72 -4.99 -15.56 329.0
1995 10 29 12 38169.9 1.256 99.80 113.72 -1.17 -12.28 356.2
1995 10 30 12 38063.6 2.093 122.04 113.72 -4.42 -14.88 313.8
1995 10 31 12 37958.7 0.274 130.23 113.72 -5.70 -16.56 262.6
1995 11 1 12 37855.5 0.505 110.03 113.72 -3.98 -15.90 273.2
1995 11 2 12 37753.8 1.135 103.85 113.72 -5.47 -17.71 284.4
1995 11 3 12 37653.8 4.300 99.21 113.72 -9.04 -21.55 143.9
1995 11 4 12 37555.3 0.573 136.25 113.72 -7.20 -18.33 258.1
1995 11 5 12 37458.6 2.310 138.24 113.72 -2.28 -12.41 337.0
1995 11 6 12 37363.5 5.919 132.96 113.72 -5.07 -16.45 245.6
1995 11 7 12 37270.2 3.707 139.19 113.72 -3.56 -14.56 339.1
1995 11 8 12 37178.7 0.249 138.99 113.72 -7.50 -18.82 244.5
1995 11 9 12 37088.9 0.791 96.15 113.72 -6.23 -17.70 226.4
1995 11 10 12 37000.9 1.259 133.03 113.72 -6.59 -15.63 282.3
1995 11 11 12 36914.8 0.515 118.83 113.72 -7.35 -18.79 220.4
1995 11 12 12 36830.5 3.392 144.80 113.72 -6.41 -18.29 241.3
1995 11 13 12 36748.2 0.222 166.27 113.72 -8.58 -20.10 183.3
1995 11 14 12 36667.7 0.664 111.74 113.72 -5.29 -16.03 331.6
1995 11 15 12 36589.2 2.061 109.32 113.72 -6.59 -17.84 209.9
1995 11 16 12 36512.6 1.466 107.37 113.72 -7.73 -18.30 188.5
1995 11 17 12 36438.0 0.541 113.46 113.72 -7.45 -18.84 219.7
1995 11 18 12 36365.4 5.619 115.13 113.72 -8.29 -19.56 149.2
1995 11 19 12 36294.9 0.378 150.52 113.72 -10.60 -21.97 137.4
1995 11 20 12 36226.3 3.252 112.41 113.72 -9.68 -20.55 170.0
1995 11 21 12 36159.9 2.593 103.15 113.72 -8.64 -18.87 223.1
1995 11 22 12 36095.5 2.772 109.15 113.72 -9.07 -19.22 209.7
1995 11 23 12 36033.3 0.137 95.96 113.72 -7.74 -17.42 258.7
1995 11 24 12 35973.2 1.496 82.56 113.72 -8.04 -19.89 178.7
1995 11 25 12 35915.2 2.097 104.93 113.72 -9.89 -21.53 158.1
1995 11 26 12 35859.3 2.444 141.59 113.72 -10.65 -22.19 173.6
1995 11 27 12 35805.7 1.352 119.38 113.72 -8.25 -19.05 150.8
1995 11 28 12 35754.2 3.021 98.35 113.72 -9.26 -20.92 194.2
1995 11 29 12 35704.9 1.469 110.31 113.72 -10.64 -21.99 95.9
1995 11 30 12 35657.9 0.583 142.29 113.72 -11.57 -21.83 163.8
1995 12 1 12 35613.1 0.642 107.11 113.72 -11.03 -20.97 196.1
1995 12 2 12 35570.6 2.724 90.35 113.72 -9.58 -19.83 212.7
1995 12 3 12 35530.3 0.697 104.33 113.72 -7.79 -18.33 214.7
1995 12 4 12 35492.2 3.450 112.55 113.72 -10.78 -22.11 165.4
1995 12 5 12 35456.5 0.705 108.81 113.72 -11.86 -22.64 118.8
1995 12 6 12 35423.1 0.380 124.02 113.72 -7.52 -17.41 293.3
1995 12 7 12 35391.9 8.796 103.42 113.72 -11.45 -21.72 190.5
1995 12 8 12 35363.1 5.873 66.49 113.72 -12.22 -22.32 125.2
1995 12 9 12 35336.6 2.095 108.44 113.72 -11.78 -21.82 205.0
1995 12 10 12 35312.4 1.056 107.18 113.72 -11.98 -23.05 144.9
1995 12 11 12 35290.6 3.752 105.99 113.72 -9.52 -19.81 169.8
1995 12 12 12 35271.1 10.910 87.98 113.72 -14.06 -25.17 131.7
1995 12 13 12 35253.9 1.248 130.44 113.72 -10.79 -21.11 227.1
1995 12 14 12 35239.2 9.073 84.08 113.72 -11.81 -21.63 159.7
1995 12 15 12 35226.7 1.099 85.55 113.72 -12.75 -22.31 164.8
1995 12 16 12 35216.7 0.239 96.73 113.72 -12.53 -22.86 142.4
1995 12 17 12 35209.0 2.130 119.99 113.72 -12.52 -23.00 157.3
1995 12 18 12 35203.6 0.167 120.58 113.72 -12.12 -21.81 187.7
1995 12 19 12 35200.7 3.838 109.61 113.72 -13.03 -24.53 139.1
1995 12 20 12 35200.1 0.385 113.40 113.72 -12.56 -22.20 100.5
1995 12 21 12 35201.9 3.389 80.48 113.72 -13.73 -24.42 96.0
1995 12 22 12 35206.0 4.777 74.56 113.72 -9.38 -20.07 227.5
1995 12 23 12 35212.5 9.046 94.55 113.72 -11.24 -22.40 131.1
1995 12 24 12 35221.4 0.262 113.50 113.72 -12.11 -23.85 133.5
1995 12 25 12 35232.6 0.992 114.00 113.72 -13.59 -23.22 108.2
1995 12 26 12 35246.3 1.485 87.43 113.72 -11.78 -22.26 175.2
1995 12 27 12 35262.2 3.752 85.96 113.72 -12.64 -23.74 126.4
1995 12 28 12 35280.5 1.902 118.33 113.72 -12.99 -23.51 147.9
1995 12 29 12 35301.2 0.599 103.87 113.72 -14.04 -25.11 109.6
1995 12 30 12 35324.2 1.224 70.17 113.72 -12.90 -25.07 56.5
1995 12 31 12 35349.5 2.831 84.63 113.72 -10.85 -21.80 226.9
1996 1 1 12 35377.2 1.432 109.05 113.72 -13.32 -25.25 55.8
1996 1 2 12 35407.2 8.620 84.28 113.72 -13.90 -24.51 184.4
1996 1 3 12 35439.5 3.388 87.63 113.72 -13.41 -22.94 76.3
1996 1 4 12 35474.1 0.625 88.52 113.72 -13.55 -24.86 104.8
1996 1 5 12 35511.0 2.231 116.23 113.72 -14.49 -24.65 64.7
1996 1 6 12 35550.1 4.255 103.36 113.72 -14.82 -26.14 125.8
1996 1 7 12 35591.5 3.181 129.06 113.72 -12.57 -23.38 101.9
1996 1 8 12 35635.2 1.395 97.92 113.72 -11.99 -23.49 97.4
1996 1 9 12 35681.2 1.923 101.65 113.72 -10.43 -20.74 186.3
1996 1 10 12 35729.3 2.235 110.31 113.72 -13.18 -22.90 184.9
1996 1 11 12 35779.7 6.063 96.43 113.72 -13.72 -24.36 149.7
1996 1 12 12 35832.2 4.529 82.35 113.72 -12.57 -22.94 134.6
1996 1 13 12 35887.0 0.285 101.58 113.72 -15.30 -25.68 76.9
1996 1 14 12 35943.9 8.906 96.21 113.72 -13.00 -23.99 135.7
1996 1 15 12 36003.0 11.369 106.13 113.72 -12.42 -22.17 154.8
1996 1 16 12 36064.1 1.634 99.67 113.72 -12.45 -23.66 129.1
1996 1 17 12 36127.5 4.071 116.04 113.72 -11.49 -23.55 124.7
1996 1 18 12 36192.9 18.586 104.65 113.72 -14.90 -26.43 89.6
1996 1 19 12 36260.3 2.564 86.36 113.72 -14.74 -25.05 112.6
1996 1 20 12 36329.9 3.178 101.96 113.72 -14.32 -25.43 137.1
1996 1 21 12 36401.5 5.073 93.98 113.72 -15.66 -26.39 53.1
1996 1 22 12 36475.1 8.281 141.57 113.72 -13.17 -24.16 97.3
1996 1 23 12 36550.6 0.152 114.20 113.72 -12.96 -23.61 125.0
1996 1 24 12 36628.2 2.544 124.29 113.72 -13.11 -23.03 133.3
1996 1 25 12 36707.7 8.369 113.64 113.72 -13.71 -23.29 160.2
1996 1 26 12 36789.1 5.348 143.40 113.72 -12.40 -23.97 88.9
1996 1 27 12 36872.4 3.878 97.81 113.72 -13.02 -23.07 176.7
1996 1 28 12 36957.6 3.313 105.70 113.72 -14.75 -25.39 83.6
1996 1 29 12 37044.7 8.145 135.14 113.72 -18.24 -30.02 50.0
1996 1 30 12 37133.6 4.851 111.57 113.72 -14.27 -24.68 182.4
1996 1 31 12 37224.2 11.479 109.02 113.72 -13.68 -23.00 170.9
1996 2 1 12 37316.7 2.277 112.74 113.72 -13.62 -25.01 118.6
1996 2 2 12 37410.8 0.049 151.09 113.72 -13.91 -24.89 135.6
1996 2 3 12 37506.7 7.432 153.74 113.72 -14.39 -26.48 61.6
1996 2 4 12 37604.3 2.038 130.19 113.72 -14.80 -25.70 93.9
1996 2 5 12 37703.6 2.952 127.99 113.72 -15.02 -25.70 65.9
1996 2 6 12 37804.5 3.641 137.80 113.72 -12.76 -21.98 142.1
1996 2 7 12 37906.9 1.553 132.96 113.72 -11.71 -23.26 144.0
1996 2 8 12 38011.0 0.478 130.75 113.72 -15.16 -25.18 99.2
1996 2 9 12 38116.5 7.146 122.41 113.72 -13.30 -23.86 135.8
1996 2 10 12 38223.6 15.971 121.00 113.72 -11.95 -20.96 184.8
1996 2 11 12 38332.2 3.084 138.76 113.72 -13.33 -23.99 111.6
1996 2 12 12 38442.2 0.053 134.51 113.72 -11.90 -22.74 173.0
1996 2 13 12 38553.6 8.198 155.56 113.72 -11.27 -21.39 153.7
1996 2 14 12 38666.4 0.156 130.78 113.72 -12.20 -22.61 155.3
1996 2 15 12 38780.5 1.510 121.93 113.72 -13.45 -23.50 164.5
1996 2 16 12 38896.0 13.109 115.04 113.72 -10.64 -20.99 201.5
1996 2 17 12 39012.7 4.726 126.60 113.72 -12.91 -24.89 101.3
1996 2 18 12 39130.6 4.086 117.74 113.72 -12.81 -23.19 82.3
1996 2 19 12 39249.8 4.654 157.71 113.72 -11.53 -21.93 151.1
1996 2 20 12 39370.1 0.951 135.32 113.72 -12.65 -24.04 182.9
1996 2 21 12 39491.6 4.916 131.40 113.72 -12.42 -22.99 132.7
1996 2 22 12 39614.2 4.334 151.34 113.72 -12.53 -24.80 103.8
1996 2 23 12 39737.8 2.571 174.61 113.72 -12.13 -22.72 150.6
1996 2 24 12 39862.5 10.301 140.22 113.72 -11.44 -21.70 178.9
1996 2 25 12 39988.1 6.438 130.87 113.72 -14.58 -24.61 88.2
1996 2 26 12 40114.7 0.639 143.21 113.72 -11.64 -21.88 185.2
1996 2 27 12 40242.2 1.936 122.54 113.72 -14.01 -25.52 101.9
1996 2 28 12 40370.6 1.506 159.43 113.72 -11.84 -23.82 72.0
1996 2 29 12 40499.8 1.000 161.65 113.72 -10.59 -20.64 110.9
1996 3 1 12 40629.8 9.296 147.71 113.72 -11.45 -21.93 145.3
1996 3 2 12 40760.6 1.928 138.80 113.72 -9.77 -20.18 160.2
1996 3 3 12 40892.1 6.573 192.93 113.72 -10.16 -19.62 216.9
1996 3 4 12 41024.3 5.073 139.80 113.72 -13.77 -25.86 71.6
1996 3 5 12 41157.2 0.615 148.32 113.72 -8.60 -17.95 255.0
1996 3 6 12 41290.6 9.299 161.42 113.72 -9.87 -21.12 192.1
1996 3 7 12 41424.6 2.874 175.16 113.72 -10.95 -21.09 148.1
1996 3 8 12 41559.2 1.933 161.33 113.72 -10.64 -21.45 160.0
1996 3 9 12 41694.2 0.376 165.47 113.72 -12.91 -23.99 103.7
1996 3 10 12 41829.7 1.083 175.48 113.72 -9.30 -21.31 201.9
1996 3 11 12 41965.5 0.779 215.74 113.72 -8.49 -19.83 198.2
1996 3 12 12 42101.8 0.223 160.33 113.72 -10.32 -20.75 222.6
1996 3 13 12 42238.3 4.709 162.73 113.72 -10.49 -21.01 219.0
1996 3 14 12 42375.2 0.828 170.14 113.72 -8.76 -18.80 220.0
1996 3 15 12 42512.3 3.352 183.31 113.72 -7.01 -18.36 215.0
1996 3 16 12 42649.6 8.429 212.37 113.72 -6.99 -17.20 229.8
1996 3 17 12 42787.0 5.850 174.21 113.72 -7.21 -17.96 262.1
1996 3 18 12 42924.6 3.886 185.57 113.72 -5.25 -15.54 286.1
1996 3 19 12 43062.3 0.073 146.24 113.72 -6.72 -17.11 236.0
1996 3 20 12 43200.0 1.398 180.97 113.72 -6.19 -17.37 279.6
1996 3 21 12 43337.7 4.181 181.17 113.72 -7.61 -18.21 263.2
1996 3 22 12 43475.4 0.797 198.04 113.72 -8.08 -18.51 201.3
1996 3 23 12 43613.0 0.764 176.37 113.72 -5.68 -15.85 293.9
1996 3 24 12 43750.4 7.961 167.17 113.72 -8.66 -18.26 252.4
1996 3 25 12 43887.7 2.196 190.32 113.72 -6.37 -17.68 297.5
1996 3 26 12 44024.8 0.245 164.86 113.72 -7.73 -19.46 205.8
1996 3 27 12 44161.7 4.230 177.56 113.72 -6.12 -15.89 282.2
1996 3 28 12 44298.2 0.464 191.81 113.72 -6.03 -17.86 262.6
1996 3 29 12 44434.5 4.101 156.39 113.72 -6.00 -15.97 318.6
1996 3 30 12 44570.3 1.790 189.87 113.72 -6.08 -17.60 259.9
1996 3 31 12 44705.8 2.950 218.77 113.72 -5.06 -16.36 279.6
1996 4 1 12 44840.8 0.715 172.24 113.72 -4.62 -15.48 273.5
1996 4 2 12 44975.4 1.650 187.50 113.72 -7.56 -19.52 199.9
1996 4 3 12 45109.4 1.367 207.92 113.72 -5.33 -16.91 257.4
1996 4 4 12 45242.8 0.851 212.66 113.72 -5.69 -17.83 264.4
1996 4 5 12 45375.7 1.702 202.63 113.72 -4.57 -14.84 316.7
1996 4 6 12 45507.9 0.071 200.28 113.72 -5.29 -16.10 257.4
1996 4 7 12 45639.4 5.236 229.20 113.72 -2.55 -13.34 358.8
1996 4 8 12 45770.2 4.936 208.89 113.72 -4.36 -15.21 290.7
1996 4 9 12 45900.2 1.801 191.14 113.72 -2.58 -13.39 327.6
1996 4 10 12 46029.4 1.858 210.10 113.72 -5.28 -16.47 293.7
1996 4 11 12 46157.8 1.590 207.55 113.72 -4.07 -14.10 344.7
1996 4 12 12 46285.3 5.121 204.27 113.72 -4.36 -16.58 278.9
1996 4 13 12 46411.9 1.230 186.90 113.72 -2.65 -14.60 364.1
1996 4 14 12 46537.5 6.230 213.27 113.72 -4.81 -14.52 253.3
1996 4 15 12 46662.2 0.362 223.36 113.72 -5.39 -15.98 309.5
1996 4 16 12 46785.8 6.205 227.12 113.72 -3.56 -15.98 250.5
1996 4 17 12 46908.4 0.024 217.25 113.72 -1.57 -12.12 357.2
1996 4 18 12 47029.9 1.470 218.83 113.72 -3.42 -15.49 290.9
1996 4 19 12 47150.2 5.052 211.10 113.72 -1.60 -11.36 371.3
1996 4 20 12 47269.4 5.785 235.21 113.72 -2.76 -12.83 316.4
1996 4 21 12 47387.3 0.380 204.04 113.72 -4.22 -13.34 292.8
1996 4 22 12 47504.0 3.925 215.22 113.72 -0.10 -11.14 319.7
1996 4 23 12 47619.5 3.506 212.11 113.72 -0.20 -11.97 354.5
1996 4 24 12 47733.6 4.100 223.66 113.72 -1.03 -12.26 359.1
1996 4 25 12 47846.4 16.539 246.16 113.72 -0.70 -11.91 379.8
1996 4 26 12 47957.8 17.889 209.76 113.72 -0.87 -11.36 407.9
1996 4 27 12 48067.8 7.212 232.87 113.72 -1.90 -14.17 342.1
1996 4 28 12 48176.4 0.713 234.29 113.72 1.81 -8.99 450.0
1996 4 29 12 48283.5 1.287 216.37 113.72 -0.10 -11.71 336.1
1996 4 30 12 48389.0 2.683 229.00 113.72 0.80 -10.41 425.2
1996 5 1 12 48493.1 1.379 219.48 113.72 -0.29 -9.98 411.9
1996 5 2 12 48595.5 0.702 235.47 113.72 1.33 -8.67 387.9
1996 5 3 12 48696.4 5.450 233.19 113.72 2.58 -7.63 479.7
1996 5 4 12 48795.7 0.338 258.53 113.72 1.31 -8.98 394.3
1996 5 5 12 48893.3 4.311 225.45 113.72 1.80 -9.21 385.0
1996 5 6 12 48989.2 4.140 235.31 113.72 2.78 -8.06 485.3
1996 5 7 12 49083.3 0.198 233.23 113.72 2.72 -9.34 420.7
1996 5 8 12 49175.8 0.187 260.11 113.72 3.42 -8.37 401.7
1996 5 9 12 49266.4 1.949 233.28 113.72 2.53 -8.17 420.8
1996 5 10 12 49355.3 2.718 228.19 113.72 2.72 -8.97 452.6
1996 5 11 12 49442.4 1.339 230.78 113.72 2.80 -7.45 415.2
1996 5 12 12 49527.6 1.011 231.39 113.72 3.93 -6.91 457.7
1996 5 13 12 49610.9 1.767 235.39 113.72 2.17 -8.87 418.6
1996 5 14 12 49692.3 3.744 232.09 113.72 3.80 -7.48 532.3
1996 5 15 12 49771.8 0.205 245.95 113.72 6.64 -3.80 480.5
1996 5 16 12 49849.4 2.186 227.01 113.72 3.92 -6.34 430.9
1996 5 17 12 49924.9 0.630 255.90 113.72 1.77 -9.74 388.5
1996 5 18 12 49998.5 12.686 248.60 113.72 3.31 -7.91 422.8
1996 5 19 12 50070.1 2.276 273.03 113.72 4.86 -6.09 479.4
1996 5 20 12 50139.7 7.170 256.40 113.72 3.10 -7.45 437.2
1996 5 21 12 50207.1 3.352 255.56 113.72 2.81 -7.74 470.9
1996 5 22 12 50272.5 9.379 280.87 113.72 2.39 -8.49 433.0
1996 5 23 12 50335.9 1.664 257.88 113.72 4.32 -5.92 452.9
1996 5 24 12 50397.0 1.912 248.75 113.72 7.22 -3.69 519.3
1996 5 25 12 50456.1 1.377 239.52 113.72 4.17 -7.74 437.3
1996 5 26 12 50513.0 0.701 274.92 113.72 6.45 -3.28 569.0
1996 5 27 12 50567.8 0.211 238.55 113.72 4.88 -5.13 523.6
1996 5 28 12 50620.3 2.358 237.11 113.72 4.88 -7.02 481.3
1996 5 29 12 50670.7 4.290 237.68 113.72 6.40 -4.26 493.3
1996 5 30 12 50718.8 1.459 243.90 113.72 3.48 -6.28 484.1
1996 5 31 12 50764.8 0.924 256.30 113.72 8.44 -2.60 513.8
1996 6 1 12 50808.5 6.244 252.15 113.72 6.90 -3.28 554.2
1996 6 2 12 50849.9 0.374 264.38 113.72 7.82 -2.09 595.0
1996 6 3 12 50889.0 1.656 240.54 113.72 6.01 -4.58 446.1
1996 6 4 12 50925.9 3.390 244.18 113.72 7.28 -1.80 561.8
1996 6 5 12 50960.5 0.512 259.91 113.72 8.08 -2.20 553.8
1996 6 6 12 50992.8 1.632 243.47 113.72 6.69 -4.03 547.1
1996 6 7 12 51022.8 4.060 237.80 113.72 5.65 -5.28 477.2
1996 6 8 12 51050.5 0.486 235.56 113.72 5.68 -5.15 479.3
1996 6 9 12 51075.8 2.871 258.03 113.72 6.60 -4.65 512.3
1996 6 10 12 51098.8 0.095 257.96 113.72 7.70 -3.99 539.1
1996 6 11 12 51119.5 1.265 257.46 113.72 7.25 -4.27 521.3
1996 6 12 12 51137.8 4.456 277.63 113.72 6.88 -4.03 546.4
1996 6 13 12 51153.7 2.865 264.07 113.72 8.76 -1.40 593.2
1996 6 14 12 51167.4 4.608 259.68 113.72 7.17 -3.37 517.6
1996 6 15 12 51178.6 1.266 280.01 113.72 7.08 -3.59 529.6
1996 6 16 12 51187.5 0.511 274.50 113.72 9.50 0.39 625.0
1996 6 17 12 51194.0 1.313 248.99 113.72 9.02 -0.43 568.3
1996 6 18 12 51198.1 3.768 272.50 113.72 6.47 -5.06 479.0
1996 6 19 12 51199.9 5.763 286.59 113.72 6.41 -3.82 480.4
1996 6 20 12 51199.3 8.063 286.64 113.72 6.85 -4.90 538.1
1996 6 21 12 51196.4 0.769 274.61 113.72 8.56 -2.02 625.3
1996 6 22 12 51191.0 0.059 265.73 113.72 10.47 -1.43 551.8
1996 6 23 12 51183.3 0.025 264.19 113.72 10.97 -0.32 611.6
1996 6 24 12 51173.3 0.201 281.59 113.72 10.01 -0.29 632.4
1996 6 25 12 51160.8 3.164 239.54 113.72 11.84 0.68 579.2
1996 6 26 12 51146.1 2.061 278.47 113.72 9.35 -2.31 565.0
1996 6 27 12 51128.9 2.172 261.25 113.72 10.79 -0.56 629.5
1996 6 28 12 51109.4 1.131 245.25 113.72 8.35 -3.21 528.8
1996 6 29 12 51087.6 0.697 241.15 113.72 6.94 -3.53 528.0
1996 6 30 12 51063.4 4.490 233.05 113.72 8.88 -0.95 623.3
1996 7 1 12 51036.9 0.004 266.84 113.72 9.22 -1.73 553.6
1996 7 2 12 51008.1 0.211 286.92 113.72 13.35 3.38 651.3
1996 7 3 12 50976.9 2.369 250.28 113.72 9.53 -1.73 560.9
1996 7 4 12 50943.5 0.748 244.63 113.72 8.06 -2.82 599.3
1996 7 5 12 50907.8 2.708 275.20 113.72 11.09 1.71 659.3
1996 7 6 12 50869.7 2.422 258.40 113.72 8.55 -2.39 569.5
1996 7 7 12 50829.4 2.144 275.11 113.72 9.95 0.01 617.1
1996 7 8 12 50786.9 2.008 241.23 113.72 11.09 -0.28 562.1
1996 7 9 12 50742.1 2.822 265.21 113.72 8.42 -2.40 570.2
1996 7 10 12 50695.1 2.790 282.18 113.72 12.12 0.64 601.5
1996 7 11 12 50645.8 1.107 238.71 113.72 11.57 0.82 612.2
1996 7 12 12 50594.3 0.800 249.13 113.72 10.44 -0.17 590.8
1996 7 13 12 50540.7 1.551 247.98 113.72 12.56 2.36 677.3
1996 7 14 12 50484.8 3.352 264.09 113.72 9.38 -1.89 619.0
1996 7 15 12 50426.8 0.369 271.18 113.72 11.16 0.23 579.0
1996 7 16 12 50366.7 0.837 241.44 113.72 10.40 0.55 645.1
1996 7 17 12 50304.5 0.528 288.52 113.72 9.03 -2.73 542.9
1996 7 18 12 50240.1 0.266 251.25 113.72 9.09 -3.69 552.0
1996 7 19 12 50173.7 0.580 241.22 113.72 13.05 1.72 646.6
1996 7 20 12 50105.1 0.132 270.47 113.72 11.59 1.28 610.2
1996 7 21 12 50034.6 0.099 250.45 113.72 11.33 0.60 596.2
1996 7 22 12 49962.0 4.270 241.98 113.72 9.05 -2.52 546.5
1996 7 23 12 49887.4 0.211 238.74 113.72 11.04 0.29 619.9
1996 7 24 12 49810.8 1.734 277.64 113.72 9.41 -1.69 584.5
1996 7 25 12 49732.3 5.307 230.41 113.72 12.49 0.44 701.1
1996 7 26 12 49651.8 2.695 261.41 113.72 11.74 0.67 633.0
1996 7 27 12 49569.5 1.612 231.52 113.72 11.27 1.07 585.8
1996 7 28 12 49485.2 1.877 233.51 113.72 11.09 0.07 642.5
1996 7 29 12 49399.1 0.470 240.76 113.72 9.70 -2.31 575.1
1996 7 30 12 49311.1 2.635 248.09 113.72 10.53 1.11 620.7
1996 7 31 12 49221.3 4.169 215.54 113.72 12.07 0.47 579.7
1996 8 1 12 49129.8 0.574 231.13 113.72 10.41 -0.09 593.3
1996 8 2 12 49036.5 0.079 253.80 113.72 8.40 -1.73 604.1
1996 8 3 12 48941.4 2.039 252.78 113.72 11.50 1.04 639.2
1996 8 4 12 48844.7 5.952 232.09 113.72 8.54 -2.44 595.4
1996 8 5 12 48746.2 0.216 217.83 113.72 9.46 -2.79 586.8
1996 8 6 12 48646.2 0.674 237.69 113.72 8.73 -1.13 587.1
1996 8 7 12 48544.5 0.389 245.95 113.72 5.47 -6.27 383.7
1996 8 8 12 48441.3 1.008 235.14 113.72 9.58 -0.45 567.5
1996 8 9 12 48336.4 0.306 252.45 113.72 12.50 2.59 609.0
1996 8 10 12 48230.1 0.624 226.25 113.72 9.65 -2.13 603.4
1996 8 11 12 48122.3 0.182 209.45 113.72 13.54 1.75 653.9
1996 8 12 12 48013.0 0.016 219.21 113.72 8.78 -2.33 550.3
1996 8 13 12 47902.3 0.692 227.05 113.72 9.26 -0.80 571.7
1996 8 14 12 47790.2 1.512 215.35 113.72 8.68 -2.59 584.1
1996 8 15 12 47676.7 0.110 216.97 113.72 8.84 -1.88 538.8
1996 8 16 12 47561.9 4.687 238.04 113.72 9.21 -1.99 524.9
1996 8 17 12 47445.8 1.240 210.27 113.72 10.83 0.65 575.2
1996 8 18 12 47328.5 0.395 201.29 113.72 7.20 -4.11 524.5
1996 8 19 12 47209.9 2.545 232.25 113.72 8.37 -3.01 518.8
1996 8 20 12 47090.2 1.847 228.58 113.72 9.18 -2.45 584.3
1996 8 21 12 46969.3 1.380 202.13 113.72 10.06 -1.59 571.1
1996 8 22 12 46847.3 0.874 227.08 113.72 4.79 -5.15 458.0
1996 8 23 12 46724.2 0.399 198.28 113.72 5.82 -5.27 490.2
1996 8 24 12 46600.0 1.079 203.15 113.72 7.86 -3.70 499.4
1996 8 25 12 46474.8 0.860 196.18 113.72 9.36 -2.78 543.2
1996 8 26 12 46348.7 2.351 204.61 113.72 6.83 -4.18 551.5
1996 8 27 12 46221.7 1.250 218.68 113.72 8.43 -3.03 537.2
1996 8 28 12 46093.7 0.496 212.99 113.72 10.27 -1.34 555.4
1996 8 29 12 45964.9 0.485 195.44 113.72 7.18 -4.24 530.7
1996 8 30 12 45835.3 0.261 209.19 113.72 6.69 -4.01 509.1
1996 8 31 12 45704.9 0.898 210.78 113.72 7.60 -4.13 535.6
1996 9 1 12 45573.7 0.415 218.07 113.72 7.02 -4.02 531.5
1996 9 2 12 45441.8 0.123 207.81 113.72 6.99 -3.10 508.5
1996 9 3 12 45309.3 1.632 212.16 113.72 6.20 -5.05 461.7
1996 9 4 12 45176.2 0.366 200.73 113.72 5.93 -5.72 476.5
1996 9 5 12 45042.4 0.527 186.20 113.72 4.66 -5.29 508.4
1996 9 6 12 44908.2 2.768 199.51 113.72 6.94 -3.93 575.1
1996 9 7 12 44773.4 1.876 213.97 113.72 4.30 -6.64 435.1
1996 9 8 12 44638.1 1.225 213.40 113.72 4.48 -5.90 453.4
1996 9 9 12 44502.5 0.892 154.30 113.72 3.75 -7.12 488.5
1996 9 10 12 44366.4 3.338 201.10 113.72 4.89 -5.85 490.3
1996 9 11 12 44230.0 0.555 182.89 113.72 5.26 -6.80 460.1
1996 9 12 12 44093.3 0.275 194.94 113.72 3.40 -8.07 460.2
1996 9 13 12 43956.3 2.356 167.07 113.72 4.49 -4.82 542.1
1996 9 14 12 43819.1 1.250 179.74 113.72 4.96 -6.67 499.0
1996 9 15 12 43681.7 0.201 160.75 113.72 2.19 -8.56 409.2
1996 9 16 12 43544.2 1.265 176.95 113.72 3.23 -6.18 491.0
1996 9 17 12 43406.5 0.071 191.18 113.72 6.90 -3.35 568.3
1996 9 18 12 43268.9 2.001 187.36 113.72 2.95 -7.62 440.4
1996 9 19 12 43131.1 0.973 211.50 113.72 4.90 -6.54 481.7
1996 9 20 12 42993.5 1.136 170.21 113.72 2.89 -8.41 415.7
1996 9 21 12 42855.8 1.217 163.38 113.72 3.77 -7.28 427.3
1996 9 22 12 42718.3 1.292 195.97 113.72 2.09 -8.44 445.0
1996 9 23 12 42580.9 0.725 148.06 113.72 0.25 -9.53 438.4
1996 9 24 12 42443.7 0.820 175.33 113.72 2.25 -8.46 455.3
1996 9 25 12 42306.7 0.447 178.61 113.72 3.39 -7.87 403.9
1996 9 26 12 42170.0 0.983 135.05 113.72 3.55 -7.33 494.4
1996 9 27 12 42033.6 0.751 151.98 113.72 2.56 -7.83 462.4
1996 9 28 12 41897.5 0.902 146.50 113.72 0.98 -9.55 444.4
1996 9 29 12 41761.9 0.119 178.12 113.72 3.33 -7.67 420.5
1996 9 30 12 41626.6 0.372 154.63 113.72 0.67 -11.02 406.5
1996 10 1 12 41491.8 0.691 159.01 113.72 0.57 -9.37 433.6
1996 10 2 12 41357.6 0.186 137.37 113.72 -0.11 -11.12 341.5
1996 10 3 12 41223.8 0.042 148.09 113.72 0.53 -10.07 413.6
1996 10 4 12 41090.7 1.058 147.06 113.72 0.52 -10.82 354.6
1996 10 5 12 40958.2 0.222 154.31 113.72 1.20 -10.16 399.2
1996 10 6 12 40826.3 0.396 151.67 113.72 -1.47 -11.87 434.1
1996 10 7 12 40695.1 1.284 177.00 113.72 -0.33 -12.14 367.8
1996 10 8 12 40564.7 1.946 164.02 113.72 -1.04 -12.77 343.0
1996 10 9 12 40435.1 0.533 125.70 113.72 0.60 -9.00 377.5
1996 10 10 12 40306.3 2.424 166.33 113.72 0.20 -9.94 411.9
1996 10 11 12 40178.3 3.031 162.98 113.72 -2.00 -12.47 348.1
1996 10 12 12 40051.3 0.824 149.53 113.72 0.08 -11.58 310.1
1996 10 13 12 39925.2 0.832 162.04 113.72 -0.94 -11.57 337.9
1996 10 14 12 39800.0 0.400 164.04 113.72 0.12 -10.74 413.9
1996 10 15 12 39675.8 1.103 137.47 113.72 -2.25 -13.40 372.7
1996 10 16 12 39552.7 2.140 125.23 113.72 -0.60 -11.47 374.8
1996 10 17 12 39430.7 3.046 150.78 113.72 -0.39 -12.34 385.6
1996 10 18 12 39309.8 0.274 128.87 113.72 -1.79 -14.25 318.0
1996 10 19 12 39190.1 0.963 143.87 113.72 1.04 -9.52 389.0
1996 10 20 12 39071.5 1.884 123.14 113.72 -1.57 -12.24 423.2
1996 10 21 12 38954.2 0.058 152.15 113.72 0.13 -10.47 350.2
1996 10 22 12 38838.1 0.965 124.99 113.72 1.06 -9.12 432.2
1996 10 23 12 38723.3 4.727 132.07 113.72 -5.44 -15.83 265.9
1996 10 24 12 38609.8 2.593 129.97 113.72 -1.41 -11.02 375.4
1996 10 25 12 38497.7 0.284 111.73 113.72 -2.57 -12.42 401.3
1996 10 26 12 38387.0 4.141 148.06 113.72 -3.18 -13.93 324.7
1996 10 27 12 38277.7 0.726 150.05 113.72 -4.74 -15.41 284.0
1996 10 28 12 38169.9 0.190 127.55 113.72 -5.29 -15.91 267.4
1996 10 29 12 38063.6 1.363 117.24 113.72 -5.74 -17.76 263.6
1996 10 30 12 37958.7 0.179 124.08 113.72 -1.03 -11.09 351.8
1996 10 31 12 37855.5 1.100 118.96 113.72 -3.83 -14.16 321.6
1996 11 1 12 37753.8 2.170 125.20 113.72 -6.80 -18.93 219.4
1996 11 2 12 37653.8 0.594 119.86 113.72 -6.54 -16.10 256.5
1996 11 3 12 37555.3 0.558 109.95 113.72 -8.20 -19.34 172.2
1996 11 4 12 37458.6 0.256 139.56 113.72 -3.58 -14.48 313.5
1996 11 5 12 37363.5 0.060 118.42 113.72 -5.49 -16.41 262.7
1996 11 6 12 37270.2 0.730 149.68 113.72 -4.99 -15.93 290.1
1996 11 7 12 37178.7 1.141 121.35 113.72 -5.95 -14.83 240.3
1996 11 8 12 37088.9 0.831 112.82 113.72 -4.73 -15.73 273.6
1996 11 9 12 37000.9 1.879 113.78 113.72 -6.94 -18.00 267.7
1996 11 10 12 36914.8 1.531 111.64 113.72 -6.09 -16.87 215.1
1996 11 11 12 36830.5 0.994 114.71 113.72 -6.31 -17.79 302.4
1996 11 12 12 36748.2 2.420 118.84 113.72 -8.65 -19.22 228.5
1996 11 13 12 36667.7 1.314 97.85 113.72 -8.18 -19.64 204.9
1996 11 14 12 36589.2 1.002 98.57 113.72 -7.74 -18.14 242.4
1996 11 15 12 36512.6 0.557 124.83 113.72 -6.99 -18.62 203.9
1996 11 16 12 36438.0 0.118 120.07 113.72 -5.57 -16.84 307.7
1996 11 17 12 36365.4 1.010 88.03 113.72 -7.66 -19.27 222.0
1996 11 18 12 36294.9 3.192 118.79 113.72 -8.15 -19.37 216.5
1996 11 19 12 36226.3 0.543 122.87 113.72 -7.73 -19.96 232.9
1996 11 20 12 36159.9 0.951 113.39 113.72 -8.60 -21.36 186.4
1996 11 21 12 36095.5 3.529 84.14 113.72 -8.58 -19.63 188.9
1996 11 22 12 36033.3 13.486 88.28 113.72 -6.44 -18.47 231.5
1996 11 23 12 35973.2 1.378 107.03 113.72 -9.22 -18.63 246.3
1996 11 24 12 35915.2 2.193 135.39 113.72 -8.66 -19.75 208.8
1996 11 25 12 35859.3 0.118 98.52 113.72 -10.19 -20.42 153.1
1996 11 26 12 35805.7 2.567 115.14 113.72 -7.49 -18.04 283.0
1996 11 27 12 35754.2 0.872 95.88 113.72 -10.91 -22.56 155.5
1996 11 28 12 35704.9 0.645 130.55 113.72 -9.81 -20.95 171.1
1996 11 29 12 35657.9 3.022 105.20 113.72 -8.39 -18.60 249.5
1996 11 30 12 35613.1 0.396 85.94 113.72 -11.32 -21.58 155.6
1996 12 1 12 35570.6 3.127 91.47 113.72 -8.87 -18.97 176.5
1996 12 2 12 35530.3 8.805 89.86 113.72 -13.39 -24.72 107.4
1996 12 3 12 35492.2 4.290 104.67 113.72 -12.10 -22.44 173.2
1996 12 4 12 35456.5 0.472 92.12 113.72 -10.75 -22.04 153.0
1996 12 5 12 35423.1 0.789 94.80 113.72 -7.14 -17.13 252.3
1996 12 6 12 35391.9 3.936 131.11 113.72 -10.68 -20.69 182.4
1996 12 7 12 35363.1 0.460 92.84 113.72 -10.78 -22.68 145.1
1996 12 8 12 35336.6 1.598 104.01 113.72 -9.45 -20.02 205.7
1996 12 9 12 35312.4 1.172 97.03 113.72 -12.93 -24.60 133.6
1996 12 10 12 35290.6 2.090 100.17 113.72 -15.98 -26.12 101.6
1996 12 11 12 35271.1 2.218 110.71 113.72 -8.95 -20.66 249.6
1996 12 12 12 35253.9 3.095 67.57 113.72 -10.77 -21.31 227.8
1996 12 13 12 35239.2 6.874 102.65 113.72 -12.47 -22.68 122.4
1996 12 14 12 35226.7 5.035 94.62 113.72 -11.83 -22.58 143.4
1996 12 15 12 35216.7 4.704 102.80 113.72 -10.45 -20.56 212.1
1996 12 16 12 35209.0 4.120 97.04 113.72 -12.34 -22.90 89.9
1996 12 17 12 35203.6 2.369 97.12 113.72 -12.03 -21.58 179.5
1996 12 18 12 35200.7 1.780 104.44 113.72 -9.30 -20.99 156.3
1996 12 19 12 35200.1 5.516 91.75 113.72 -14.33 -25.43 91.5
1996 12 20 12 35201.9 4.405 129.52 113.72 -11.78 -24.12 119.7
1996 12 21 12 35206.0 0.751 85.63 113.72 -14.49 -25.53 50.0
1996 12 22 12 35212.5 3.648 121.71 113.72 -10.41 -22.15 231.2
1996 12 23 12 35221.4 2.538 81.60 113.72 -12.40 -24.31 99.3
1996 12 24 12 35232.6 3.181 96.37 113.72 -13.96 -26.00 124.8
1996 12 25 12 35246.3 6.538 105.12 113.72 -15.26 -26.44 50.0
1996 12 26 12 35262.2 0.860 86.63 113.72 -13.62 -24.21 97.7
1996 12 27 12 35280.5 0.749 85.78 113.72 -12.89 -23.31 159.0
1996 12 28 12 35301.2 2.897 96.80 113.72 -11.50 -21.50 163.9
1996 12 29 12 35324.2 1.004 114.68 113.72 -14.95 -25.00 125.2
1996 12 30 12 35349.5 0.206 102.72 113.72 -14.62 -26.32 93.8
1996 12 31 12 35377.2 0.442 130.19 113.72 -14.19 -25.58 64.6
1997 1 1 12 35377.2 12.993 110.24 113.72 -14.61 -25.25 132.8
1997 1 2 12 35407.2 2.470 95.21 113.72 -14.28 -24.91 120.2
1997 1 3 12 35439.5 4.063 61.98 113.72 -14.98 -24.68 64.2
1997 1 4 12 35474.1 1.791 79.48 113.72 -12.99 -24.02 123.8
1997 1 5 12 35511.0 6.434 99.13 113.72 -14.39 -24.58 129.1
1997 1 6 12 35550.1 9.351 80.03 113.72 -13.70 -24.61 105.8
1997 1 7 12 35591.5 2.500 101.03 113.72 -13.30 -23.81 126.2
1997 1 8 12 35635.2 1.055 107.70 113.72 -15.86 -26.35 88.5
1997 1 9 12 35681.2 8.376 100.42 113.72 -12.94 -23.76 76.8
1997 1 10 12 35729.3 3.989 101.22 113.72 -13.55 -25.13 92.4
1997 1 11 12 35779.7 2.164 135.16 113.72 -13.58 -24.16 106.6
1997 1 12 12 35832.2 0.279 107.31 113.72 -14.12 -24.40 135.6
1997 1 13 12 35887.0 2.281 104.80 113.72 -14.35 -25.06 82.9
1997 1 14 12 35943.9 2.957 92.52 113.72 -13.88 -26.89 121.6
1997 1 15 12 36003.0 3.390 107.98 113.72 -13.83 -24.77 87.9
1997 1 16 12 36064.1 0.916 101.46 113.72 -15.76 -26.01 50.0
1997 1 17 12 36127.5 0.963 136.30 113.72 -11.63 -23.22 173.5
1997 1 18 12 36192.9 0.465 118.47 113.72 -15.04 -24.99 119.0
1997 1 19 12 36260.3 1.087 131.91 113.72 -13.90 -25.19 108.6
1997 1 20 12 36329.9 4.945 114.43 113.72 -12.25 -23.31 127.4
1997 1 21 12 36401.5 12.152 130.70 113.72 -14.50 -25.14 87.4
1997 1 22 12 36475.1 1.917 97.74 113.72 -13.63 -25.16 111.2
1997 1 23 12 36550.6 3.639 117.25 113.72 -17.25 -27.33 50.0
1997 1 24 12 36628.2 0.434 101.24 113.72 -16.92 -26.71 119.8
1997 1 25 12 36707.7 0.459 108.48 113.72 -13.97 -25.65 94.9
1997 1 26 12 36789.1 6.826 116.52 113.72 -13.62 -24.57 101.2
1997 1 27 12 36872.4 4.390 102.37 113.72 -12.22 -21.51 158.2
1997 1 28 12 36957.6 4.596 95.64 113.72 -12.65 -22.57 112.8
1997 1 29 12 37044.7 7.098 133.20 113.72 -16.20 -28.29 56.0
1997 1 30 12 37133.6 3.967 94.13 113.72 -11.87 -21.74 142.2
1997 1 31 12 37224.2 0.271 145.59 113.72 -15.52 -29.06 50.0
1997 2 1 12 37316.7 8.670 108.93 113.72 -12.40 -22.70 222.4
1997 2 2 12 37410.8 1.427 130.61 113.72 -14.32 -25.80 50.0
1997 2 3 12 37506.7 8.161 132.44 113.72 -9.52 -19.95 198.1
1997 2 4 12 37604.3 6.667 107.46 113.72 -14.42 -25.02 58.5
1997 2 5 12 37703.6 3.900 131.94 113.72 -13.59 -24.28 98.3
1997 2 6 12 37804.5 6.771 128.62 113.72 -13.18 -23.51 125.6
1997 2 7 12 37906.9 9.903 136.54 113.72 -13.71 -24.91 62.7
1997 2 8 12 38011.0 4.557 146.25 113.72 -14.77 -26.05 91.2
1997 2 9 12 38116.5 6.128 141.37 113.72 -9.90 -19.96 244.9
1997 2 10 12 38223.6 0.841 117.21 113.72 -14.05 -24.84 113.1
1997 2 11 12 38332.2 5.731 129.28 113.72 -14.02 -25.28 119.7
1997 2 12 12 38442.2 0.818 120.06 113.72 -13.13 -24.08 167.2
1997 2 13 12 38553.6 3.577 124.90 113.72 -12.59 -23.61 146.1
1997 2 14 12 38666.4 1.249 141.98 113.72 -13.82 -24.90 50.0
1997 2 15 12 38780.5 1.675 144.88 113.72 -11.27 -21.72 171.0
1997 2 16 12 38896.0 11.266 145.69 113.72 -12.38 -23.88 50.0
1997 2 17 12 39012.7 2.870 142.44 113.72 -12.48 -22.06 137.1
1997 2 18 12 39130.6 3.579 145.92 113.72 -11.57 -22.19 111.2
1997 2 19 12 39249.8 6.069 133.68 113.72 -13.58 -25.85 91.2
1997 2 20 12 39370.1 3.332 161.97 113.72 -13.08 -23.66 100.0
1997 2 21 12 39491.6 5.744 152.94 113.72 -12.12 -23.66 135.7
1997 2 22 12 39614.2 6.275 143.83 113.72 -10.58 -21.40 195.4
1997 2 23 12 39737.8 1.541 162.27 113.72 -12.22 -23.15 108.3
1997 2 24 12 39862.5 0.634 138.90 113.72 -12.21 -22.47 158.1
1997 2 25 12 39988.1 3.302 149.67 113.72 -14.78 -25.05 50.0
1997 2 26 12 40114.7 1.715 162.57 113.72 -12.53 -23.15 92.1
1997 2 27 12 40242.2 6.808 132.15 113.72 -13.84 -23.11 175.8
1997 2 28 12 40370.6 1.784 185.05 113.72 -13.34 -24.72 79.2
1997 3 1 12 40499.8 10.213 144.17 113.72 -10.55 -20.26 179.1
1997 3 2 12 40629.8 10.558 147.51 113.72 -5.99 -15.67 262.1
1997 3 3 12 40760.6 9.464 155.91 113.72 -10.53 -21.06 126.7
1997 3 4 12 40892.1 5.332 168.02 113.72 -10.18 -20.62 156.6
1997 3 5 12 41024.3 1.333 170.78 113.72 -11.68 -21.72 165.4
1997 3 6 12 41157.2 2.075 182.06 113.72 -11.97 -23.02 128.1
1997 3 7 12 41290.6 5.240 159.95 113.72 -7.16 -18.37 264.9
1997 3 8 12 41424.6 2.585 167.20 113.72 -11.30 -22.46 132.2
1997 3 9 12 41559.2 2.412 140.52 113.72 -12.94 -23.51 129.5
1997 3 10 12 41694.2 9.866 148.88 113.72 -9.42 -20.59 171.9
1997 3 11 12 41829.7 0.444 164.93 113.72 -10.27 -21.65 195.1
1997 3 12 12 41965.5 5.541 173.02 113.72 -8.57 -20.20 153.0
1997 3 13 12 42101.8 4.913 168.33 113.72 -6.95 -18.54 243.6
1997 3 14 12 42238.3 3.543 178.25 113.72 -8.58 -19.89 214.2
1997 3 15 12 42375.2 0.788 170.90 113.72 -8.63 -19.92 176.9
1997 3 16 12 42512.3 2.107 169.61 113.72 -7.81 -18.53 226.5
1997 3 17 12 42649.6 3.466 210.50 113.72 -4.57 -15.99 291.7
1997 3 18 12 42787.0 0.653 171.92 113.72 -5.04 -15.44 270.3
1997 3 19 12 42924.6 8.187 192.43 113.72 -8.75 -17.98 219.0
1997 3 20 12 43062.3 3.069 159.04 113.72 -6.68 -16.48 233.5
1997 3 21 12 43200.0 2.823 181.85 113.72 -5.25 -16.89 322.8
1997 3 22 12 43337.7 5.777 171.26 113.72 -6.70 -17.74 231.1
1997 3 23 12 43475.4 11.513 212.45 113.72 -7.66 -19.48 173.6
1997 3 24 12 43613.0 2.018 175.77 113.72 -8.13 -18.77 171.6
1997 3 25 12 43750.4 0.543 185.04 113.72 -7.05 -17.64 223.1
1997 3 26 12 43887.7 12.621 174.52 113.72 -8.72 -19.38 220.5
1997 3 27 12 44024.8 3.790 174.99 113.72 -5.47 -17.11 250.0
1997 3 28 12 44161.7 16.748 188.47 113.72 -4.54 -15.86 293.3
1997 3 29 12 44298.2 10.085 196.42 113.72 -7.03 -17.07 280.1
1997 3 30 12 44434.5 1.108 208.21 113.72 -6.92 -17.40 247.4
1997 3 31 12 44570.3 2.407 185.02 113.72 -7.63 -19.13 213.6
1997 4 1 12 44705.8 0.012 186.12 113.72 -5.15 -16.98 307.3
1997 4 2 12 44840.8 1.273 215.69 113.72 -5.68 -16.53 291.4
1997 4 3 12 44975.4 0.403 221.66 113.72 -7.63 -18.52 241.0
1997 4 4 12 45109.4 1.412 197.83 113.72 -0.89 -12.72 335.3
1997 4 5 12 45242.8 0.184 207.41 113.72 -7.73 -18.78 244.7
1997 4 6 12 45375.7 0.953 226.80 113.72 -7.02 -18.21 246.3
1997 4 7 12 45507.9 1.341 242.81 113.72 -3.25 -14.52 319.0
1997 4 8 12 45639.4 2.688 210.68 113.72 -3.48 -14.62 329.2
1997 4 9 12 45770.2 0.285 217.00 113.72 -5.33 -15.91 291.6
1997 4 10 12 45900.2 8.025 209.00 113.72 -5.22 -15.95 235.4
1997 4 11 12 46029.4 1.249 186.09 113.72 -3.16 -12.96 342.4
1997 4 12 12 46157.8 3.811 214.78 113.72 -3.08 -13.72 292.1
1997 4 13 12 46285.3 1.174 231.42 113.72 -4.50 -14.65 325.9
1997 4 14 12 46411.9 2.799 200.82 113.72 -1.75 -13.61 280.8
1997 4 15 12 46537.5 2.497 185.56 113.72 -2.17 -12.85 342.0
1997 4 16 12 46662.2 8.142 223.48 113.72 -0.82 -11.92 363.4
1997 4 17 12 46785.8 2.051 189.51 113.72 -2.69 -12.92 307.3
1997 4 18 12 46908.4 2.180 193.50 113.72 -1.20 -11.79 361.7
1997 4 19 12 47029.9 0.646 193.78 113.72 -2.55 -12.09 381.3
1997 4 20 12 47150.2 0.167 189.46 113.72 -1.19 -12.73 328.6
1997 4 21 12 47269.4 3.440 236.55 113.72 -1.26 -12.63 356.2
1997 4 22 12 47387.3 3.503 223.95 113.72 -0.31 -10.84 398.4
1997 4 23 12 47504.0 3.081 253.89 113.72 -0.60 -11.51 337.9
1997 4 24 12 47619.5 6.187 235.22 113.72 -4.01 -15.56 290.0
1997 4 25 12 47733.6 2.445 256.26 113.72 -1.91 -12.41 345.5
1997 4 26 12 47846.4 1.547 216.80 113.72 -0.64 -11.83 362.9
1997 4 27 12 47957.8 2.941 233.01 113.72 0.14 -10.30 345.9
1997 4 28 12 48067.8 1.999 209.57 113.72 0.88 -11.28 332.3
1997 4 29 12 48176.4 6.575 225.60 113.72 0.67 -10.36 429.4
1997 4 30 12 48283.5 1.088 252.35 113.72 -1.00 -11.68 389.2
1997 5 1 12 48389.0 2.111 231.28 113.72 1.64 -9.03 426.0
1997 5 2 12 48493.1 1.210 229.41 113.72 -0.75 -10.99 407.2
1997 5 3 12 48595.5 7.359 233.62 113.72 2.56 -8.44 391.5
1997 5 4 12 48696.4 1.251 237.12 113.72 2.86 -7.58 441.5
1997 5 5 12 48795.7 8.272 238.13 113.72 1.05 -9.81 394.2
1997 5 6 12 48893.3 0.922 256.93 113.72 0.29 -9.92 378.5
1997 5 7 12 48989.2 4.501 227.08 113.72 0.42 -11.61 333.7
1997 5 8 12 49083.3 1.931 235.73 113.72 0.02 -12.87 382.2
1997 5 9 12 49175.8 0.213 241.23 113.72 0.47 -9.33 394.6
1997 5 10 12 49266.4 7.763 227.11 113.72 1.78 -9.48 424.0
1997 5 11 12 49355.3 0.800 234.85 113.72 1.40 -10.76 394.8
1997 5 12 12 49442.4 1.456 253.92 113.72 0.02 -10.91 413.2
1997 5 13 12 49527.6 2.928 230.91 113.72 1.90 -9.31 435.8
1997 5 14 12 49610.9 0.442 285.72 113.72 2.96 -7.55 439.8
1997 5 15 12 49692.3 0.946 269.47 113.72 2.50 -7.91 403.9
1997 5 16 12 49771.8 1.661 248.37 113.72 1.85 -9.28 441.1
1997 5 17 12 49849.4 0.173 255.13 113.72 -0.21 -10.26 431.4
1997 5 18 12 49924.9 2.551 258.81 113.72 5.28 -6.49 544.1
1997 5 19 12 49998.5 0.352 256.39 113.72 3.69 -9.00 449.4
1997 5 20 12 50070.1 4.001 250.13 113.72 4.41 -6.28 455.3
1997 5 21 12 50139.7 5.697 290.67 113.72 4.38 -6.63 452.1
1997 5 22 12 50207.1 4.173 239.30 113.72 5.03 -7.29 391.9
1997 5 23 12 50272.5 4.663 244.92 113.72 4.82 -5.50 465.7
1997 5 24 12 50335.9 1.473 252.45 113.72 4.78 -7.38 414.3
1997 5 25 12 50397.0 0.278 261.65 113.72 5.95 -4.94 518.7
1997 5 26 12 50456.1 5.232 282.74 113.72 6.44 -3.75 553.7
1997 5 27 12 50513.0 0.881 253.11 113.72 7.21 -3.38 600.1
1997 5 28 12 50567.8 1.806 262.36 113.72 4.05 -6.59 560.9
1997 5 29 12 50620.3 0.569 259.99 113.72 5.84 -5.34 500.7
1997 5 30 12 50670.7 0.457 253.47 113.72 3.22 -7.45 433.6
1997 5 31 12 50718.8 2.448 273.81 113.72 5.06 -5.33 481.6
1997 6 1 12 50764.8 1.977 262.07 113.72 5.64 -5.67 465.8
1997 6 2 12 50808.5 0.884 270.91 113.72 7.20 -4.50 580.3
1997 6 3 12 50849.9 8.496 252.10 113.72 6.07 -4.10 434.9
1997 6 4 12 50889.0 3.109 248.78 113.72 7.40 -1.92 610.3
1997 6 5 12 50925.9 0.746 252.11 113.72 6.02 -3.58 500.4
1997 6 6 12 50960.5 1.121 262.09 113.72 5.82 -7.08 446.6
1997 6 7 12 50992.8 1.821 274.69 113.72 5.62 -4.18 439.1
1997 6 8 12 51022.8 1.106 289.68 113.72 8.00 -3.31 565.5
1997 6 9 12 51050.5 5.630 261.13 113.72 6.53 -2.83 567.2
1997 6 10 12 51075.8 2.760 286.71 113.72 3.59 -8.04 406.4
1997 6 11 12 51098.8 3.456 268.38 113.72 8.32 -3.39 565.5
1997 6 12 12 51119.5 3.754 249.17 113.72 6.10 -4.74 532.6
1997 6 13 12 51137.8 2.657 261.16 113.72 7.91 -3.22 519.8
1997 6 14 12 51153.7 2.995 271.08 113.72 6.04 -5.04 437.7
1997 6 15 12 51167.4 5.089 272.37 113.72 7.88 -2.17 550.1
1997 6 16 12 51178.6 3.069 252.59 113.72 3.67 -6.14 508.4
1997 6 17 12 51187.5 0.335 254.53 113.72 8.04 -3.52 502.2
1997 6 18 12 51194.0 6.514 254.91 113.72 6.89 -2.60 580.4
1997 6 19 12 51198.1 0.076 257.02 113.72 6.40 -5.38 466.6
1997 6 20 12 51199.9 2.372 264.58 113.72 9.56 -1.73 562.7
1997 6 21 12 51199.3 1.737 288.31 113.72 8.33 -0.44 569.1
1997 6 22 12 51196.4 0.856 253.65 113.72 8.24 -2.26 559.5
1997 6 23 12 51191.0 3.338 235.32 113.72 7.62 -3.71 550.5
1997 6 24 12 51183.3 1.234 234.27 113.72 10.14 -0.45 639.9
1997 6 25 12 51173.3 2.366 271.98 113.72 8.23 -2.00 566.2
1997 6 26 12 51160.8 0.249 251.43 113.72 11.20 0.67 566.7
1997 6 27 12 51146.1 3.717 263.50 113.72 10.90 1.12 641.4
1997 6 28 12 51128.9 3.389 248.68 113.72 11.27 -0.22 586.6
1997 6 29 12 51109.4 1.391 256.87 113.72 10.66 -0.66 577.1
1997 6 30 12 51087.6 0.429 254.00 113.72 8.37 -3.14 540.3
1997 7 1 12 51063.4 3.765 248.33 113.72 9.43 -2.04 576.0
1997 7 2 12 51036.9 0.076 276.91 113.72 9.11 -1.66 554.4
1997 7 3 12 51008.1 1.401 277.73 113.72 10.73 -0.92 599.1
1997 7 4 12 50976.9 0.933 267.37 113.72 9.52 -1.05 591.1
1997 7 5 12 50943.5 1.930 288.09 113.72 9.22 -1.07 596.1
1997 7 6 12 50907.8 0.891 237.34 113.72 12.13 0.35 633.4
1997 7 7 12 50869.7 2.897 253.53 113.72 9.20 -2.11 491.7
1997 7 8 12 50829.4 0.261 251.06 113.72 8.80 -2.41 540.0
1997 7 9 12 50786.9 3.443 266.51 113.72 9.17 -1.80 559.4
1997 7 10 12 50742.1 1.055 236.51 113.72 11.42 0.49 602.3
1997 7 11 12 50695.1 0.645 264.96 113.72 10.13 0.05 575.1
1997 7 12 12 50645.8 1.731 232.81 113.72 10.57 0.55 591.4
1997 7 13 12 50594.3 2.558 265.16 113.72 10.26 -1.19 591.9
1997 7 14 12 50540.7 0.909 270.73 113.72 6.64 -3.61 541.7
1997 7 15 12 50484.8 0.993 235.87 113.72 8.35 -1.35 573.9
1997 7 16 12 50426.8 0.419 246.76 113.72 9.55 -0.28 564.2
1997 7 17 12 50366.7 0.055 269.52 113.72 10.45 -0.18 622.1
1997 7 18 12 50304.5 0.553 271.92 113.72 8.51 -2.33 577.0
1997 7 19 12 50240.1 1.108 228.99 113.72 8.47 -3.45 564.4
1997 7 20 12 50173.7 0.706 255.39 113.72 9.53 -1.60 544.6
1997 7 21 12 50105.1 0.701 258.86 113.72 11.99 -0.01 708.7
1997 7 22 12 50034.6 0.217 248.21 113.72 6.77 -3.12 544.1
1997 7 23 12 49962.0 0.273 269.16 113.72 6.01 -5.00 477.2
1997 7 24 12 49887.4 0.204 238.67 113.72 12.58 1.71 705.5
1997 7 25 12 49810.8 1.060 239.88 113.72 7.66 -3.63 549.8
1997 7 26 12 49732.3 1.525 235.44 113.72 9.33 -2.59 554.2
1997 7 27 12 49651.8 1.082 248.20 113.72 7.67 -2.56 558.5
1997 7 28 12 49569.5 1.570 239.67 113.72 9.44 -0.96 619.3
1997 7 29 12 49485.2 0.249 255.94 113.72 9.66 -0.39 599.7
1997 7 30 12 49399.1 0.919 236.78 113.72 12.25 0.05 549.2
1997 7 31 12 49311.1 0.520 238.62 113.72 10.88 1.13 622.1
1997 8 1 12 49221.3 0.754 244.01 113.72 7.83 -3.07 565.6
1997 8 2 12 49129.8 0.090 227.64 113.72 6.85 -3.33 532.0
1997 8 3 12 49036.5 0.175 254.41 113.72 10.41 -2.49 520.6
1997 8 4 12 48941.4 0.920 248.50 113.72 8.84 -1.64 566.2
1997 8 5 12 48844.7 0.332 247.04 113.72 8.48 -2.38 578.3
1997 8 6 12 48746.2 0.358 220.96 113.72 11.28 0.31 644.4
1997 8 7 12 48646.2 0.645 258.45 113.72 6.81 -4.07 485.3
1997 8 8 12 48544.5 1.355 206.48 113.72 8.83 -2.45 515.8
1997 8 9 12 48441.3 1.856 244.33 113.72 10.26 -1.67 564.8
1997 8 10 12 48336.4 0.050 234.28 113.72 7.47 -4.34 492.4
1997 8 11 12 48230.1 0.441 241.13 113.72 11.12 0.34 589.4
1997 8 12 12 48122.3 0.974 226.82 113.72 7.57 -2.18 548.4
1997 8 13 12 48013.0 1.242 230.22 113.72 8.91 -1.01 602.8
1997 8 14 12 47902.3 1.641 238.35 113.72 7.89 -2.73 520.1
1997 8 15 12 47790.2 1.106 226.72 113.72 4.73 -6.46 435.8
1997 8 16 12 47676.7 0.345 228.83 113.72 8.12 -1.03 557.2
1997 8 17 12 47561.9 0.917 228.17 113.72 9.85 -0.41 546.4
1997 8 18 12 47445.8 0.799 256.21 113.72 7.01 -3.32 535.3
1997 8 19 12 47328.5 0.141 198.16 113.72 7.52 -4.35 516.3
1997 8 20 12 47209.9 0.288 240.39 113.72 7.58 -3.01 570.0
1997 8 21 12 47090.2 0.999 226.54 113.72 9.06 -2.73 513.6
1997 8 22 12 46969.3 1.562 223.46 113.72 7.60 -1.53 573.1
1997 8 23 12 46847.3 0.379 198.24 113.72 8.07 -3.41 541.9
1997 8 24 12 46724.2 3.616 233.37 113.72 7.97 -3.31 487.3
1997 8 25 12 46600.0 0.002 197.84 113.72 7.01 -4.31 520.5
1997 8 26 12 46474.8 0.698 235.68 113.72 10.21 -0.88 590.0
1997 8 27 12 46348.7 0.782 204.17 113.72 6.02 -4.25 511.2
1997 8 28 12 46221.7 1.802 233.15 113.72 8.48 -2.32 515.3
1997 8 29 12 46093.7 0.311 199.14 113.72 9.21 -1.55 566.6
1997 8 30 12 45964.9 0.383 194.48 113.72 6.96 -3.27 476.0
1997 8 31 12 45835.3 0.391 205.72 113.72 7.12 -4.89 511.9
1997 9 1 12 45704.9 1.707 194.72 113.72 7.69 -2.51 572.0
1997 9 2 12 45573.7 1.993 201.00 113.72 6.20 -4.49 503.5
1997 9 3 12 45441.8 0.467 228.52 113.72 3.77 -7.59 486.5
1997 9 4 12 45309.3 0.225 193.59 113.72 6.09 -4.60 487.1
1997 9 5 12 45176.2 0.235 203.17 113.72 8.79 -1.92 539.7
1997 9 6 12 45042.4 0.101 223.10 113.72 7.02 -5.88 474.1
1997 9 7 12 44908.2 2.184 201.46 113.72 6.13 -3.57 596.6
1997 9 8 12 44773.4 0.703 213.42 113.72 7.00 -2.84 534.7
1997 9 9 12 44638.1 1.635 203.53 113.72 5.49 -6.36 537.2
1997 9 10 12 44502.5 0.531 208.81 113.72 5.59 -5.82 482.5
1997 9 11 12 44366.4 4.009 191.45 113.72 4.74 -4.98 476.2
1997 9 12 12 44230.0 1.413 199.82 113.72 5.94 -4.33 571.9
1997 9 13 12 44093.3 0.990 216.85 113.72 4.25 -6.24 480.7
1997 9 14 12 43956.3 1.200 183.39 113.72 4.41 -6.04 470.4
1997 9 15 12 43819.1 0.211 193.26 113.72 6.03 -4.47 536.5
1997 9 16 12 43681.7 0.410 175.43 113.72 4.25 -7.40 489.4
1997 9 17 12 43544.2 1.660 199.78 113.72 5.22 -6.04 461.9
1997 9 18 12 43406.5 0.752 157.80 113.72 5.16 -4.84 530.3
1997 9 19 12 43268.9 1.304 177.03 113.72 3.90 -6.38 465.7
1997 9 20 12 43131.1 0.534 195.19 113.72 3.31 -7.26 425.3
1997 9 21 12 42993.5 0.655 176.42 113.72 1.67 -9.64 385.9
1997 9 22 12 42855.8 2.169 150.47 113.72 1.83 -8.18 401.2
1997 9 23 12 42718.3 0.915 164.40 113.72 4.20 -7.37 455.1
1997 9 24 12 42580.9 0.964 164.31 113.72 3.99 -5.63 490.1
1997 9 25 12 42443.7 0.714 196.81 113.72 1.43 -9.95 435.2
1997 9 26 12 42306.7 0.489 183.69 113.72 3.32 -8.18 462.5
1997 9 27 12 42170.0 0.601 183.85 113.72 2.86 -7.92 429.5
1997 9 28 12 42033.6 0.813 150.62 113.72 3.74 -6.89 456.5
1997 9 29 12 41897.5 2.395 167.78 113.72 5.40 -5.33 474.0
1997 9 30 12 41761.9 0.836 189.70 113.72 2.82 -9.04 422.4
1997 10 1 12 41626.6 2.053 178.45 113.72 0.72 -9.74 398.5
1997 10 2 12 41491.8 0.273 156.04 113.72 2.68 -7.34 454.7
1997 10 3 12 41357.6 1.291 174.10 113.72 -0.20 -11.07 422.6
1997 10 4 12 41223.8 0.040 141.71 113.72 4.50 -7.54 494.6
1997 10 5 12 41090.7 0.347 146.78 113.72 -0.88 -11.84 344.4
1997 10 6 12 40958.2 0.371 130.07 113.72 1.42 -10.28 417.6
1997 10 7 12 40826.3 0.494 155.31 113.72 0.57 -11.78 384.0
1997 10 8 12 40695.1 2.195 165.19 113.72 -0.26 -11.50 353.5
1997 10 9 12 40564.7 0.052 139.93 113.72 -0.56 -10.06 441.2
1997 10 10 12 40435.1 2.498 151.71 113.72 2.00 -8.87 378.2
1997 10 11 12 40306.3 0.606 139.21 113.72 0.60 -10.42 423.9
1997 10 12 12 40178.3 0.651 141.65 113.72 -0.68 -10.92 378.2
1997 10 13 12 40051.3 3.339 133.55 113.72 1.94 -8.37 400.4
1997 10 14 12 39925.2 1.748 166.60 113.72 -1.04 -13.02 334.2
1997 10 15 12 39800.0 4.404 136.36 113.72 0.03 -9.27 470.9
1997 10 16 12 39675.8 5.019 141.75 113.72 -3.29 -13.93 396.7
1997 10 17 12 39552.7 2.412 136.38 113.72 -3.41 -13.49 306.9
1997 10 18 12 39430.7 0.384 147.77 113.72 -0.63 -11.90 360.8
1997 10 19 12 39309.8 1.463 179.19 113.72 -1.43 -13.80 318.4
1997 10 20 12 39190.1 1.104 182.43 113.72 1.12 -9.78 403.9
1997 10 21 12 39071.5 0.518 136.17 113.72 -3.37 -15.05 347.8
1997 10 22 12 38954.2 2.430 144.54 113.72 -1.50 -11.37 361.0
1997 10 23 12 38838.1 0.145 151.56 113.72 -3.09 -15.02 276.0
1997 10 24 12 38723.3 0.342 154.82 113.72 -1.66 -12.44 338.0
1997 10 25 12 38609.8 0.061 144.40 113.72 -1.98 -12.30 348.3
1997 10 26 12 38497.7 0.293 150.33 113.72 -3.38 -13.84 346.3
1997 10 27 12 38387.0 0.400 138.82 113.72 -4.66 -15.86 286.6
1997 10 28 12 38277.7 0.920 122.10 113.72 -4.26 -16.48 290.3
1997 10 29 12 38169.9 2.836 146.96 113.72 -5.62 -17.63 279.2
1997 10 30 12 38063.6 0.621 131.49 113.72 -3.61 -15.02 291.2
1997 10 31 12 37958.7 2.961 133.38 113.72 -8.57 -20.50 187.9
1997 11 1 12 37855.5 5.986 107.01 113.72 -5.43 -16.29 288.8
1997 11 2 12 37753.8 3.410 114.79 113.72 -3.41 -14.82 285.2
1997 11 3 12 37653.8 0.354 119.56 113.72 -3.64 -15.48 291.8
1997 11 4 12 37555.3 0.535 132.25 113.72 -7.58 -19.52 241.4
1997 11 5 12 37458.6 3.161 150.31 113.72 -4.49 -16.56 272.4
1997 11 6 12 37363.5 0.532 134.11 113.72 -7.27 -18.12 275.9
1997 11 7 12 37270.2 1.345 118.75 113.72 -6.32 -17.71 218.4
1997 11 8 12 37178.7 1.994 105.75 113.72 -4.80 -15.58 298.5
1997 11 9 12 37088.9 2.548 138.39 113.72 -7.61 -18.47 247.9
1997 11 10 12 37000.9 1.605 123.58 113.72 -4.20 -15.16 306.2
1997 11 11 12 36914.8 0.264 69.93 113.72 -6.15 -16.43 262.8
1997 11 12 12 36830.5 0.833 132.72 113.72 -6.03 -18.01 196.1
1997 11 13 12 36748.2 3.883 121.87 113.72 -5.30 -15.57 322.1
1997 11 14 12 36667.7 1.346 83.22 113.72 -5.76 -16.25 232.7
1997 11 15 12 36589.2 5.854 124.00 113.72 -6.08 -17.04 219.1
1997 11 16 12 36512.6 1.819 115.17 113.72 -8.46 -19.90 219.4
1997 11 17 12 36438.0 0.490 93.42 113.72 -9.32 -20.09 187.1
1997 11 18 12 36365.4 2.499 143.01 113.72 -8.26 -18.70 230.3
1997 11 19 12 36294.9 4.349 118.30 113.72 -7.30 -19.22 177.0
1997 11 20 12 36226.3 1.666 103.76 113.72 -10.12 -20.43 200.1
1997 11 21 12 36159.9 1.713 98.61 113.72 -7.49 -16.90 287.0
1997 11 22 12 36095.5 2.177 106.84 113.72 -7.98 -18.83 176.5
1997 11 23 12 36033.3 2.450 106.71 113.72 -8.99 -18.75 232.7
1997 11 24 12 35973.2 0.699 117.13 113.72 -8.79 -19.21 242.8
1997 11 25 12 35915.2 0.095 104.31 113.72 -8.96 -19.54 169.1
1997 11 26 12 35859.3 2.865 101.14 113.72 -8.56 -19.92 206.0
1997 11 27 12 35805.7 1.571 109.17 113.72 -8.26 -19.34 214.8
1997 11 28 12 35754.2 2.359 99.74 113.72 -5.24 -16.82 274.2
1997 11 29 12 35704.9 1.311 104.05 113.72 -9.45 -19.50 201.9
1997 11 30 12 35657.9 2.447 126.04 113.72 -10.83 -22.22 111.8
1997 12 1 12 35613.1 0.503 97.61 113.72 -12.88 -22.27 142.8
1997 12 2 12 35570.6 1.083 101.81 113.72 -12.28 -22.73 128.7
1997 12 3 12 35530.3 0.483 91.85 113.72 -11.46 -21.94 159.2
1997 12 4 12 35492.2 1.135 119.50 113.72 -9.43 -21.29 210.3
1997 12 5 12 35456.5 0.262 77.22 113.72 -11.20 -21.47 126.0
1997 12 6 12 35423.1 3.471 89.77 113.72 -10.14 -21.12 206.4
1997 12 7 12 35391.9 6.056 112.63 113.72 -11.99 -23.24 188.2
1997 12 8 12 35363.1 0.298 99.38 113.72 -10.35 -21.67 217.7
1997 12 9 12 35336.6 1.795 114.61 113.72 -9.86 -21.65 220.7
1997 12 10 12 35312.4 1.462 98.23 113.72 -11.90 -22.69 151.9
1997 12 11 12 35290.6 6.508 90.82 113.72 -10.78 -21.71 168.0
1997 12 12 12 35271.1 1.979 98.88 113.72 -12.21 -24.07 64.4
1997 12 13 12 35253.9 5.100 81.16 113.72 -13.53 -23.91 115.2
1997 12 14 12 35239.2 3.520 88.01 113.72 -10.97 -20.07 232.7
1997 12 15 12 35226.7 2.499 113.96 113.72 -11.30 -23.24 92.6
1997 12 16 12 35216.7 0.994 96.29 113.72 -11.14 -22.03 133.6
1997 12 17 12 35209.0 2.555 99.64 113.72 -10.71 -20.18 199.6
1997 12 18 12 35203.6 0.540 101.91 113.72 -12.63 -24.05 69.4
1997 12 19 12 35200.7 1.258 76.48 113.72 -12.62 -23.07 193.3
1997 12 20 12 35200.1 0.090 76.62 113.72 -12.89 -23.37 150.0
1997 12 21 12 35201.9 6.267 105.74 113.72 -12.04 -22.32 164.0
1997 12 22 12 35206.0 2.349 93.90 113.72 -12.86 -22.20 180.3
1997 12 23 12 35212.5 6.215 96.82 113.72 -12.56 -24.79 94.0
1997 12 24 12 35221.4 2.283 109.44 113.72 -13.92 -24.57 117.0
1997 12 25 12 35232.6 2.488 86.31 113.72 -14.47 -25.67 57.3
1997 12 26 12 35246.3 3.677 91.96 113.72 -14.37 -25.21 50.0
1997 12 27 12 35262.2 1.923 95.33 113.72 -12.47 -23.23 134.4
1997 12 28 12 35280.5 1.684 105.85 113.72 -13.23 -24.27 162.1
1997 12 29 12 35301.2 1.450 95.62 113.72 -13.98 -25.65 137.2
1997 12 30 12 35324.2 0.656 91.75 113.72 -12.32 -23.93 115.7
1997 12 31 12 35349.5 1.480 126.90 113.72 -11.19 -20.29 185.8
1998 1 1 12 35377.2 5.454 102.37 113.72 -14.19 -26.09 50.0
1998 1 2 12 35407.2 1.347 111.89 113.72 -15.13 -24.95 132.9
1998 1 3 12 35439.5 10.826 75.26 113.72 -12.14 -23.77 137.3
1998 1 4 12 35474.1 0.127 83.42 113.72 -13.59 -24.32 108.0
1998 1 5 12 35511.0 5.820 111.90 113.72 -13.94 -23.17 77.5
1998 1 6 12 35550.1 1.714 99.89 113.72 -12.19 -22.35 98.9
1998 1 7 12 35591.5 3.571 98.12 113.72 -14.15 -26.10 81.9
1998 1 8 12 35635.2 0.767 90.10 113.72 -13.20 -24.27 68.3
1998 1 9 12 35681.2 0.207 119.43 113.72 -13.59 -24.41 127.9
1998 1 10 12 35729.3 5.010 115.11 113.72 -9.00 -18.97 238.1
1998 1 11 12 35779.7 7.086 104.82 113.72 -14.09 -24.86 63.4
1998 1 12 12 35832.2 2.377 110.01 113.72 -12.51 -23.44 132.6
1998 1 13 12 35887.0 1.444 102.30 113.72 -14.32 -23.74 97.0
1998 1 14 12 35943.9 2.216 97.18 113.72 -13.28 -22.82 171.8
1998 1 15 12 36003.0 2.223 100.25 113.72 -14.27 -24.51 208.5
1998 1 16 12 36064.1 1.778 120.11 113.72 -12.79 -24.09 114.5
1998 1 17 12 36127.5 2.726 103.36 113.72 -14.14 -27.06 103.2
1998 1 18 12 36192.9 4.000 110.79 113.72 -13.24 -25.07 129.5
1998 1 19 12 36260.3 3.701 104.16 113.72 -15.13 -27.17 54.3
1998 1 20 12 36329.9 1.176 125.39 113.72 -15.19 -26.04 95.1
1998 1 21 12 36401.5 1.867 102.26 113.72 -16.81 -26.86 50.0
1998 1 22 12 36475.1 0.624 135.66 113.72 -13.43 -22.65 151.1
1998 1 23 12 36550.6 3.667 104.90 113.72 -14.94 -24.72 96.5
1998 1 24 12 36628.2 0.929 105.70 113.72 -10.66 -22.03 200.3
1998 1 25 12 36707.7 1.364 145.13 113.72 -14.64 -25.24 76.5
1998 1 26 12 36789.1 3.893 99.89 113.72 -12.04 -22.52 118.1
1998 1 27 12 36872.4 4.120 116.16 113.72 -12.16 -24.21 85.3
1998 1 28 12 36957.6 6.461 132.75 113.72 -14.22 -25.72 111.3
1998 1 29 12 37044.7 14.155 95.29 113.72 -14.92 -26.06 73.2
1998 1 30 12 37133.6 2.485 123.21 113.72 -13.98 -23.07 88.0
1998 1 31 12 37224.2 2.040 97.16 113.72 -12.03 -22.52 180.0
1998 2 1 12 37316.7 2.853 121.72 113.72 -10.26 -22.11 112.4
1998 2 2 12 37410.8 1.649 152.65 113.72 -15.49 -26.63 50.9
1998 2 3 12 37506.7 0.553 87.80 113.72 -13.57 -24.01 113.5
1998 2 4 12 37604.3 0.489 122.91 113.72 -14.44 -25.44 58.3
1998 2 5 12 37703.6 2.251 118.21 113.72 -14.02 -25.10 50.0
1998 2 6 12 37804.5 8.573 110.94 113.72 -10.85 -21.07 203.1
1998 2 7 12 37906.9 1.546 104.12 113.72 -14.50 -24.18 135.9
1998 2 8 12 38011.0 5.004 144.59 113.72 -15.69 -25.52 91.3
1998 2 9 12 38116.5 7.358 132.13 113.72 -12.90 -23.94 132.1
1998 2 10 12 38223.6 4.967 102.35 113.72 -12.56 -23.49 79.1
1998 2 11 12 38332.2 5.499 117.20 113.72 -13.68 -24.73 121.0
1998 2 12 12 38442.2 0.568 124.19 113.72 -13.99 -23.95 133.5
1998 2 13 12 38553.6 1.955 109.97 113.72 -12.64 -23.75 138.2
1998 2 14 12 38666.4 0.295 135.98 113.72 -14.82 -27.16 70.0
1998 2 15 12 38780.5 1.258 139.63 113.72 -12.07 -22.49 180.1
1998 2 16 12 38896.0 0.492 140.57 113.72 -13.13 -23.51 126.4
1998 2 17 12 39012.7 4.193 168.44 113.72 -10.43 -21.55 170.8
1998 2 18 12 39130.6 0.492 125.19 113.72 -11.93 -21.25 135.0
1998 2 19 12 39249.8 0.508 133.40 113.72 -12.54 -23.77 145.2
1998 2 20 12 39370.1 2.451 133.80 113.72 -12.54 -22.21 135.8
1998 2 21 12 39491.6 0.133 155.74 113.72 -14.99 -26.86 50.0
1998 2 22 12 39614.2 13.963 155.32 113.72 -12.16 -22.74 132.9
1998 2 23 12 39737.8 1.941 128.42 113.72 -12.16 -23.61 95.6
1998 2 24 12 39862.5 7.410 168.30 113.72 -11.66 -22.52 146.4
1998 2 25 12 39988.1 0.555 134.26 113.72 -11.90 -22.09 182.9
1998 2 26 12 40114.7 3.625 161.96 113.72 -9.35 -20.60 154.6
1998 2 27 12 40242.2 4.400 162.33 113.72 -11.77 -23.13 137.0
1998 2 28 12 40370.6 0.757 157.68 113.72 -12.50 -23.48 150.5
1998 3 1 12 40499.8 5.439 148.06 113.72 -13.60 -21.39 97.8
1998 3 2 12 40629.8 1.238 149.63 113.72 -11.63 -22.27 210.2
1998 3 3 12 40760.6 1.594 162.83 113.72 -12.40 -23.08 124.5
1998 3 4 12 40892.1 0.749 164.82 113.72 -12.63 -23.08 110.3
1998 3 5 12 41024.3 5.701 168.89 113.72 -11.01 -23.18 138.8
1998 3 6 12 41157.2 3.563 170.22 113.72 -8.69 -18.75 204.8
1998 3 7 12 41290.6 3.339 166.04 113.72 -8.84 -19.07 216.4
1998 3 8 12 41424.6 3.242 183.45 113.72 -12.02 -24.24 92.7
1998 3 9 12 41559.2 3.456 154.59 113.72 -9.88 -18.76 258.6
1998 3 10 12 41694.2 1.163 165.58 113.72 -9.15 -19.95 281.6
1998 3 11 12 41829.7 5.059 157.92 113.72 -8.75 -20.44 212.9
1998 3 12 12 41965.5 0.943 204.31 113.72 -7.06 -17.61 253.8
1998 3 13 12 42101.8 3.289 180.48 113.72 -11.06 -22.58 131.8
1998 3 14 12 42238.3 2.247 185.58 113.72 -10.47 -22.55 180.8
1998 3 15 12 42375.2 1.480 178.45 113.72 -9.96 -20.98 157.3
1998 3 16 12 42512.3 2.310 172.28 113.72 -8.25 -19.23 224.9
1998 3 17 12 42649.6 3.311 214.56 113.72 -12.71 -24.77 89.0
1998 3 18 12 42787.0 5.006 194.10 113.72 -8.80 -20.22 157.8
1998 3 19 12 42924.6 2.777 172.44 113.72 -10.95 -22.58 142.0
1998 3 20 12 43062.3 6.230 174.54 113.72 -8.11 -19.19 186.6
1998 3 21 12 43200.0 1.236 183.33 113.72 -4.82 -15.10 342.2
1998 3 22 12 43337.7 1.916 173.26 113.72 -6.39 -17.08 235.8
1998 3 23 12 43475.4 4.277 177.54 113.72 -9.40 -20.23 191.5
1998 3 24 12 43613.0 0.552 161.33 113.72 -8.01 -20.27 175.2
1998 3 25 12 43750.4 5.506 149.57 113.72 -8.53 -19.35 175.9
1998 3 26 12 43887.7 0.613 216.53 113.72 -5.06 -16.73 285.8
1998 3 27 12 44024.8 11.110 180.65 113.72 -10.12 -22.29 151.3
1998 3 28 12 44161.7 1.236 185.06 113.72 -7.29 -17.38 322.6
1998 3 29 12 44298.2 10.274 192.02 113.72 -7.48 -19.35 244.5
1998 3 30 12 44434.5 5.071 202.78 113.72 -8.00 -18.73 227.5
1998 3 31 12 44570.3 0.385 205.34 113.72 -3.56 -14.75 316.0
1998 4 1 12 44705.8 0.855 210.49 113.72 -8.20 -19.77 202.0
1998 4 2 12 44840.8 0.469 205.03 113.72 -7.45 -17.27 223.7
1998 4 3 12 44975.4 1.827 193.73 113.72 -3.07 -14.35 269.9
1998 4 4 12 45109.4 5.957 218.06 113.72 -5.41 -16.64 235.6
1998 4 5 12 45242.8 9.024 197.75 113.72 -5.33 -16.72 305.8
1998 4 6 12 45375.7 0.697 217.23 113.72 -5.80 -16.46 278.5
1998 4 7 12 45507.9 0.567 179.98 113.72 -4.67 -15.59 304.2
1998 4 8 12 45639.4 3.607 223.91 113.72 -5.10 -16.47 294.3
1998 4 9 12 45770.2 0.395 192.33 113.72 -5.36 -16.90 256.0
1998 4 10 12 45900.2 5.751 185.25 113.72 -6.16 -16.99 242.0
1998 4 11 12 46029.4 4.484 188.81 113.72 -3.79 -15.11 358.4
1998 4 12 12 46157.8 2.645 212.62 113.72 -4.54 -13.96 336.7
1998 4 13 12 46285.3 5.481 245.14 113.72 -4.15 -15.37 242.7
1998 4 14 12 46411.9 5.302 209.18 113.72 -2.25 -12.78 291.7
1998 4 15 12 46537.5 0.797 211.69 113.72 -3.79 -14.66 329.2
1998 4 16 12 46662.2 0.523 226.15 113.72 -2.99 -14.02 293.1
1998 4 17 12 46785.8 2.275 207.22 113.72 -0.11 -10.19 392.3
1998 4 18 12 46908.4 5.474 214.84 113.72 -1.84 -12.17 290.9
1998 4 19 12 47029.9 0.727 213.07 113.72 -3.02 -13.37 318.8
1998 4 20 12 47150.2 0.561 249.01 113.72 -3.65 -14.01 347.3
1998 4 21 12 47269.4 0.604 221.83 113.72 -1.99 -14.08 302.3
1998 4 22 12 47387.3 1.450 233.10 113.72 -0.41 -10.85 347.8
1998 4 23 12 47504.0 0.867 212.36 113.72 -2.27 -13.26 327.4
1998 4 24 12 47619.5 3.621 207.11 113.72 -1.24 -12.45 352.1
1998 4 25 12 47733.6 5.255 235.29 113.72 -1.89 -9.92 391.0
1998 4 26 12 47846.4 12.244 230.26 113.72 -1.37 -13.35 285.6
1998 4 27 12 47957.8 2.070 243.03 113.72 -2.47 -13.35 344.9
1998 4 28 12 48067.8 1.166 215.38 113.72 -0.04 -10.97 363.3
1998 4 29 12 48176.4 10.048 228.38 113.72 -0.02 -10.89 387.5
1998 4 30 12 48283.5 1.923 211.51 113.72 2.18 -9.43 382.0
1998 5 1 12 48389.0 6.981 224.47 113.72 0.32 -10.30 431.5
1998 5 2 12 48493.1 2.741 211.25 113.72 -0.71 -12.40 373.3
1998 5 3 12 48595.5 0.398 229.69 113.72 2.74 -7.83 432.6
1998 5 4 12 48696.4 3.423 254.58 113.72 1.31 -9.36 421.9
1998 5 5 12 48795.7 4.236 223.08 113.72 1.25 -9.75 454.2
1998 5 6 12 48893.3 0.176 223.87 113.72 1.14 -9.71 441.0
1998 5 7 12 48989.2 4.554 235.39 113.72 1.59 -7.94 486.4
1998 5 8 12 49083.3 7.251 236.07 113.72 0.26 -10.08 416.6
1998 5 9 12 49175.8 5.107 251.31 113.72 1.63 -9.04 403.0
1998 5 10 12 49266.4 3.369 221.18 113.72 1.61 -8.85 440.7
1998 5 11 12 49355.3 2.494 204.00 113.72 2.67 -8.10 489.1
1998 5 12 12 49442.4 1.282 243.38 113.72 4.00 -6.35 491.1
1998 5 13 12 49527.6 0.472 268.64 113.72 3.97 -7.31 428.9
1998 5 14 12 49610.9 0.146 241.20 113.72 3.48 -5.55 490.9
1998 5 15 12 49692.3 3.993 250.86 113.72 0.31 -10.34 416.1
1998 5 16 12 49771.8 1.450 244.52 113.72 2.43 -6.10 483.1
1998 5 17 12 49849.4 8.484 257.68 113.72 0.54 -8.49 453.1
1998 5 18 12 49924.9 2.369 242.83 113.72 5.08 -6.12 458.9
1998 5 19 12 49998.5 1.250 246.88 113.72 3.46 -7.15 450.5
1998 5 20 12 50070.1 1.686 273.27 113.72 3.60 -6.91 472.0
1998 5 21 12 50139.7 1.808 266.56 113.72 2.97 -7.08 470.0
1998 5 22 12 50207.1 6.944 239.70 113.72 6.07 -4.62 488.5
1998 5 23 12 50272.5 4.663 240.74 113.72 4.50 -5.33 419.9
1998 5 24 12 50335.9 0.714 242.42 113.72 4.35 -7.86 356.4
1998 5 25 12 50397.0 0.440 235.11 113.72 4.88 -6.41 470.5
1998 5 26 12 50456.1 7.866 244.28 113.72 5.17 -5.79 489.8
1998 5 27 12 50513.0 1.352 251.31 113.72 4.83 -6.51 463.7
1998 5 28 12 50567.8 2.017 242.08 113.72 7.09 -5.10 499.1
1998 5 29 12 50620.3 6.794 261.88 113.72 7.24 -2.86 590.9
1998 5 30 12 50670.7 2.636 229.60 113.72 5.66 -6.03 464.6
1998 5 31 12 50718.8 1.442 237.49 113.72 4.51 -6.83 474.4
1998 6 1 12 50764.8 0.784 265.53 113.72 6.32 -3.87 573.1
1998 6 2 12 50808.5 2.628 284.60 113.72 5.09 -4.73 474.4
1998 6 3 12 50849.9 1.986 260.29 113.72 8.28 -2.97 593.6
1998 6 4 12 50889.0 1.571 244.38 113.72 8.64 -2.99 569.4
1998 6 5 12 50925.9 0.504 240.56 113.72 7.51 -3.94 512.0
1998 6 6 12 50960.5 1.552 251.98 113.72 4.84 -5.07 422.5
1998 6 7 12 50992.8 2.526 276.93 113.72 6.02 -3.84 564.9
1998 6 8 12 51022.8 5.067 265.94 113.72 6.56 -3.97 573.6
1998 6 9 12 51050.5 1.834 239.95 113.72 5.73 -4.87 481.8
1998 6 10 12 51075.8 2.097 264.19 113.72 6.67 -5.18 551.4
1998 6 11 12 51098.8 3.733 280.51 113.72 7.61 -2.82 492.9
1998 6 12 12 51119.5 3.146 276.91 113.72 8.18 -1.99 568.9
1998 6 13 12 51137.8 2.330 279.34 113.72 9.44 -1.22 570.2
1998 6 14 12 51153.7 1.536 271.54 113.72 7.60 -3.04 499.2
1998 6 15 12 51167.4 3.312 240.44 113.72 7.30 -4.32 506.1
1998 6 16 12 51178.6 1.181 247.68 113.72 5.94 -3.93 520.5
1998 6 17 12 51187.5 2.139 285.97 113.72 8.51 -3.38 496.7
1998 6 18 12 51194.0 0.846 254.84 113.72 7.42 -3.40 552.3
1998 6 19 12 51198.1 0.553 231.53 113.72 7.89 -2.54 528.7
1998 6 20 12 51199.9 1.094 269.09 113.72 7.46 -2.43 540.6
1998 6 21 12 51199.3 0.148 275.92 113.72 7.60 -2.35 596.3
1998 6 22 12 51196.4 0.477 258.76 113.72 9.58 -0.31 574.3
1998 6 23 12 51191.0 1.335 268.16 113.72 8.52 -2.52 481.7
1998 6 24 12 51183.3 2.038 247.41 113.72 11.04 2.10 634.4
1998 6 25 12 51173.3 3.884 252.77 113.72 7.11 -2.82 546.8
1998 6 26 12 51160.8 1.209 232.48 113.72 10.74 -0.34 586.0
1998 6 27 12 51146.1 0.486 243.36 113.72 8.21 -2.82 569.4
1998 6 28 12 51128.9 0.245 280.84 113.72 8.95 -1.25 587.1
1998 6 29 12 51109.4 3.463 209.37 113.72 9.85 -1.33 555.5
1998 6 30 12 51087.6 1.496 253.07 113.72 10.72 -1.10 598.8
1998 7 1 12 51063.4 1.083 250.63 113.72 10.85 0.11 616.1
1998 7 2 12 51036.9 1.509 267.29 113.72 10.88 -1.74 578.3
1998 7 3 12 51008.1 2.720 226.08 113.72 9.06 -1.45 566.2
1998 7 4 12 50976.9 4.425 246.32 113.72 12.15 1.86 645.8
1998 7 5 12 50943.5 0.940 248.61 113.72 10.41 -0.60 591.2
1998 7 6 12 50907.8 2.418 263.16 113.72 5.13 -4.75 495.9
1998 7 7 12 50869.7 0.193 256.55 113.72 9.68 -0.44 605.6
1998 7 8 12 50829.4 5.570 231.45 113.72 9.10 -2.51 566.4
1998 7 9 12 50786.9 0.884 250.79 113.72 9.25 -1.52 586.3
1998 7 10 12 50742.1 0.142 243.76 113.72 10.71 -0.51 608.4
1998 7 11 12 50695.1 2.901 261.90 113.72 10.25 -0.81 516.3
1998 7 12 12 50645.8 0.498 250.77 113.72 8.80 -1.08 605.6
1998 7 13 12 50594.3 1.124 280.17 113.72 12.10 1.80 607.1
1998 7 14 12 50540.7 1.977 243.45 113.72 7.94 -3.43 565.0
1998 7 15 12 50484.8 2.565 244.33 113.72 7.86 -2.76 504.0
1998 7 16 12 50426.8 1.650 244.29 113.72 8.28 -3.13 584.9
1998 7 17 12 50366.7 1.014 248.77 113.72 10.59 -0.60 522.5
1998 7 18 12 50304.5 1.217 263.67 113.72 10.48 0.91 628.0
1998 7 19 12 50240.1 8.067 243.77 113.72 8.72 -0.04 588.2
1998 7 20 12 50173.7 2.780 243.80 113.72 9.05 -0.33 607.3
1998 7 21 12 50105.1 0.290 254.41 113.72 9.93 -0.65 638.9
1998 7 22 12 50034.6 1.137 234.15 113.72 8.33 -2.32 560.7
1998 7 23 12 49962.0 1.604 257.08 113.72 11.12 1.14 651.0
1998 7 24 12 49887.4 0.008 241.21 113.72 12.26 1.55 677.0
1998 7 25 12 49810.8 2.905 232.57 113.72 9.63 -2.31 535.3
1998 7 26 12 49732.3 0.316 217.74 113.72 10.40 1.06 632.0
1998 7 27 12 49651.8 0.464 227.99 113.72 10.02 -1.73 606.5
1998 7 28 12 49569.5 0.195 240.60 113.72 11.88 2.05 651.6
1998 7 29 12 49485.2 2.365 241.47 113.72 12.72 2.52 632.9
1998 7 30 12 49399.1 1.718 237.73 113.72 9.24 -0.08 613.9
1998 7 31 12 49311.1 2.426 218.91 113.72 9.78 -0.33 596.9
1998 8 1 12 49221.3 3.399 237.04 113.72 10.98 -0.29 609.5
1998 8 2 12 49129.8 1.146 216.00 113.72 10.17 0.24 588.9
1998 8 3 12 49036.5 0.511 219.32 113.72 8.24 -2.85 550.2
1998 8 4 12 48941.4 1.143 253.69 113.72 6.84 -4.74 501.0
1998 8 5 12 48844.7 0.418 234.42 113.72 8.61 -3.66 512.0
1998 8 6 12 48746.2 1.497 241.79 113.72 9.94 -0.96 620.1
1998 8 7 12 48646.2 2.607 255.47 113.72 8.79 -3.36 517.4
1998 8 8 12 48544.5 0.302 232.10 113.72 7.74 -1.91 539.1
1998 8 9 12 48441.3 1.099 246.34 113.72 8.38 -3.67 490.9
1998 8 10 12 48336.4 0.761 236.69 113.72 11.93 0.83 614.6
1998 8 11 12 48230.1 0.813 219.03 113.72 7.42 -3.65 522.4
1998 8 12 12 48122.3 2.028 226.57 113.72 8.56 -2.10 579.6
1998 8 13 12 48013.0 1.317 216.37 113.72 8.18 -3.32 496.7
1998 8 14 12 47902.3 0.610 235.70 113.72 11.80 1.91 587.7
1998 8 15 12 47790.2 0.694 240.37 113.72 6.57 -4.10 462.4
1998 8 16 12 47676.7 0.900 203.77 113.72 7.51 -3.30 547.7
1998 8 17 12 47561.9 0.836 209.94 113.72 8.69 -2.63 578.5
1998 8 18 12 47445.8 0.886 216.60 113.72 8.75 -1.61 596.5
1998 8 19 12 47328.5 1.647 208.56 113.72 10.09 0.40 593.0
1998 8 20 12 47209.9 0.155 216.08 113.72 9.83 1.18 627.6
1998 8 21 12 47090.2 1.263 223.85 113.72 7.14 -4.41 444.3
1998 8 22 12 46969.3 1.389 236.48 113.72 8.56 -2.35 601.5
1998 8 23 12 46847.3 3.755 208.39 113.72 7.71 -4.61 542.5
1998 8 24 12 46724.2 0.708 206.46 113.72 7.17 -3.08 565.4
1998 8 25 12 46600.0 1.219 219.08 113.72 9.27 -2.63 520.5
1998 8 26 12 46474.8 1.849 211.47 113.72 8.00 -2.58 537.5
1998 8 27 12 46348.7 1.187 187.59 113.72 9.89 0.08 595.8
1998 8 28 12 46221.7 0.029 196.77 113.72 8.08 -3.04 590.1
1998 8 29 12 46093.7 0.039 203.16 113.72 8.63 -2.91 571.7
1998 8 30 12 45964.9 0.629 218.77 113.72 3.04 -6.71 460.2
1998 8 31 12 45835.3 0.774 222.45 113.72 7.11 -3.12 555.1
1998 9 1 12 45704.9 1.060 188.58 113.72 7.49 -4.22 488.3
1998 9 2 12 45573.7 0.130 191.62 113.72 7.49 -3.20 494.4
1998 9 3 12 45441.8 1.384 214.79 113.72 8.88 -2.60 545.8
1998 9 4 12 45309.3 0.134 193.59 113.72 7.34 -2.61 513.7
1998 9 5 12 45176.2 1.155 204.54 113.72 4.45 -6.25 424.2
1998 9 6 12 45042.4 0.213 194.97 113.72 6.93 -2.65 548.0
1998 9 7 12 44908.2 1.319 196.97 113.72 7.22 -4.32 505.6
1998 9 8 12 44773.4 1.833 188.92 113.72 4.90 -5.72 455.3
1998 9 9 12 44638.1 0.295 210.53 113.72 5.04 -5.77 472.6
1998 9 10 12 44502.5 1.145 169.15 113.72 6.68 -3.92 533.0
1998 9 11 12 44366.4 0.918 185.11 113.72 5.34 -5.91 475.0
1998 9 12 12 44230.0 0.278 205.05 113.72 6.82 -5.79 488.5
1998 9 13 12 44093.3 0.123 185.12 113.72 5.29 -4.97 495.5
1998 9 14 12 43956.3 1.437 185.21 113.72 1.57 -9.19 468.1
1998 9 15 12 43819.1 3.321 199.86 113.72 4.76 -6.70 505.8
1998 9 16 12 43681.7 0.575 191.04 113.72 3.91 -7.30 457.6
1998 9 17 12 43544.2 0.032 195.38 113.72 5.25 -6.48 445.8
1998 9 18 12 43406.5 0.006 199.27 113.72 4.79 -7.50 433.2
1998 9 19 12 43268.9 0.867 158.28 113.72 2.56 -7.41 413.1
1998 9 20 12 43131.1 0.079 171.68 113.72 4.09 -6.25 451.1
1998 9 21 12 42993.5 0.052 164.79 113.72 4.42 -7.46 470.8
1998 9 22 12 42855.8 0.283 180.61 113.72 4.10 -4.68 488.6
1998 9 23 12 42718.3 1.473 189.95 113.72 4.71 -6.99 455.0
1998 9 24 12 42580.9 1.370 135.46 113.72 1.53 -8.70 461.4
1998 9 25 12 42443.7 1.582 147.83 113.72 2.64 -8.16 453.4
1998 9 26 12 42306.7 0.449 139.10 113.72 -0.66 -12.47 352.7
1998 9 27 12 42170.0 0.494 155.84 113.72 4.26 -6.26 471.5
1998 9 28 12 42033.6 2.157 167.84 113.72 2.49 -8.46 424.8
1998 9 29 12 41897.5 0.587 190.07 113.72 1.98 -9.33 441.3
1998 9 30 12 41761.9 0.132 144.76 113.72 1.76 -7.98 449.3
1998 10 1 12 41626.6 0.327 198.90 113.72 2.48 -7.82 435.8
1998 10 2 12 41491.8 1.704 169.48 113.72 3.12 -7.10 419.7
1998 10 3 12 41357.6 1.300 168.68 113.72 0.93 -10.05 413.6
1998 10 4 12 41223.8 0.723 169.62 113.72 1.78 -8.74 435.5
1998 10 5 12 41090.7 0.077 136.35 113.72 1.56 -9.26 367.3
1998 10 6 12 40958.2 1.329 147.35 113.72 -2.53 -12.93 336.7
1998 10 7 12 40826.3 0.598 139.54 113.72 -0.50 -12.08 368.5
1998 10 8 12 40695.1 0.140 163.22 113.72 1.01 -11.69 358.4
1998 10 9 12 40564.7 1.788 138.62 113.72 2.01 -7.71 500.3
1998 10 10 12 40435.1 0.658 147.67 113.72 1.99 -8.82 469.4
1998 10 11 12 40306.3 0.999 139.58 113.72 -2.09 -12.43 313.5
1998 10 12 12 40178.3 2.815 169.72 113.72 1.04 -10.30 386.5
1998 10 13 12 40051.3 1.306 137.88 113.72 0.89 -10.09 427.3
1998 10 14 12 39925.2 1.763 129.23 113.72 -0.25 -9.83 400.9
1998 10 15 12 39800.0 0.973 151.71 113.72 -4.10 -14.61 329.9
1998 10 16 12 39675.8 2.151 142.30 113.72 -2.08 -11.12 358.2
1998 10 17 12 39552.7 0.220 163.07 113.72 -1.32 -11.41 324.7
1998 10 18 12 39430.7 0.089 145.40 113.72 -2.04 -13.38 353.2
1998 10 19 12 39309.8 0.189 143.69 113.72 -5.15 -15.60 278.1
1998 10 20 12 39190.1 0.634 151.57 113.72 -2.50 -11.95 438.4
1998 10 21 12 39071.5 1.911 144.11 113.72 -3.71 -14.33 341.6
1998 10 22 12 38954.2 0.556 147.92 113.72 -1.63 -11.91 329.9
1998 10 23 12 38838.1 1.903 145.50 113.72 -2.00 -11.67 386.8
1998 10 24 12 38723.3 1.227 128.81 113.72 -2.14 -14.82 301.5
1998 10 25 12 38609.8 5.533 114.59 113.72 -3.69 -13.93 337.2
1998 10 26 12 38497.7 1.293 128.82 113.72 -3.31 -13.03 317.7
1998 10 27 12 38387.0 0.515 100.28 113.72 -3.67 -15.08 307.7
1998 10 28 12 38277.7 1.834 118.22 113.72 -2.38 -12.34 384.9
1998 10 29 12 38169.9 1.208 122.28 113.72 -4.75 -15.56 313.5
1998 10 30 12 38063.6 0.258 146.61 113.72 -5.29 -17.45 283.9
1998 10 31 12 37958.7 0.970 123.82 113.72 -2.92 -13.09 431.8
1998 11 1 12 37855.5 0.959 151.37 113.72 -3.33 -14.14 303.2
1998 11 2 12 37753.8 1.035 131.12 113.72 -4.06 -14.92 355.7
1998 11 3 12 37653.8 0.300 98.60 113.72 -2.60 -12.88 351.3
1998 11 4 12 37555.3 5.524 139.28 113.72 -2.03 -13.59 316.6
1998 11 5 12 37458.6 0.135 136.75 113.72 -3.52 -13.70 325.8
1998 11 6 12 37363.5 3.854 95.00 113.72 -6.68 -18.21 262.9
1998 11 7 12 37270.2 1.222 130.12 113.72 -4.51 -14.10 306.9
1998 11 8 12 37178.7 0.407 139.98 113.72 -5.79 -15.68 227.7
1998 11 9 12 37088.9 0.405 85.28 113.72 -6.99 -16.56 294.0
1998 11 10 12 37000.9 1.015 100.39 113.72 -7.45 -17.88 249.2
1998 11 11 12 36914.8 0.501 129.94 113.72 -6.13 -17.27 239.1
1998 11 12 12 36830.5 1.182 112.21 113.72 -5.50 -16.87 224.7
1998 11 13 12 36748.2 2.344 136.29 113.72 -4.84 -16.27 286.8
1998 11 14 12 36667.7 0.228 127.53 113.72 -6.09 -17.03 298.2
1998 11 15 12 36589.2 1.735 125.07 113.72 -6.43 -17.77 217.6
1998 11 16 12 36512.6 2.651 129.39 113.72 -7.78 -18.32 242.1
1998 11 17 12 36438.0 1.633 98.85 113.72 -7.33 -18.77 290.9
1998 11 18 12 36365.4 1.161 105.76 113.72 -10.08 -21.38 201.0
1998 11 19 12 36294.9 0.388 138.89 113.72 -7.17 -18.27 234.7
1998 11 20 12 36226.3 0.448 103.76 113.72 -7.55 -18.97 217.8
1998 11 21 12 36159.9 0.461 124.77 113.72 -5.50 -16.57 254.5
1998 11 22 12 36095.5 0.840 104.74 113.72 -8.60 -18.94 223.8
1998 11 23 12 36033.3 0.863 95.60 113.72 -6.93 -18.44 219.2
1998 11 24 12 35973.2 4.894 91.68 113.72 -9.60 -21.36 165.1
1998 11 25 12 35915.2 2.083 114.21 113.72 -6.51 -17.45 247.8
1998 11 26 12 35859.3 2.168 124.91 113.72 -7.05 -18.76 177.1
1998 11 27 12 35805.7 1.730 112.16 113.72 -7.69 -17.42 247.8
1998 11 28 12 35754.2 1.901 108.12 113.72 -9.45 -20.81 265.7
1998 11 29 12 35704.9 2.389 86.59 113.72 -10.04 -20.80 143.5
1998 11 30 12 35657.9 0.355 103.36 113.72 -10.42 -20.86 230.2
1998 12 1 12 35613.1 1.403 105.61 113.72 -11.48 -23.29 167.2
1998 12 2 12 35570.6 0.541 89.28 113.72 -9.47 -20.94 202.1
1998 12 3 12 35530.3 3.943 108.59 113.72 -10.69 -22.00 145.8
1998 12 4 12 35492.2 0.851 91.36 113.72 -9.89 -20.07 228.1
1998 12 5 12 35456.5 2.572 95.45 113.72 -10.36 -19.69 263.3
1998 12 6 12 35423.1 3.058 112.61 113.72 -12.37 -21.68 201.2
1998 12 7 12 35391.9 2.219 124.69 113.72 -9.30 -19.08 228.4
1998 12 8 12 35363.1 2.010 123.09 113.72 -10.89 -22.68 149.7
1998 12 9 12 35336.6 1.721 98.04 113.72 -9.87 -21.37 156.1
1998 12 10 12 35312.4 3.322 108.16 113.72 -13.05 -22.74 151.2
1998 12 11 12 35290.6 0.655 109.24 113.72 -12.57 -22.15 176.2
1998 12 12 12 35271.1 2.508 108.95 113.72 -12.14 -22.31 158.1
1998 12 13 12 35253.9 0.109 101.28 113.72 -11.31 -21.47 171.3
1998 12 14 12 35239.2 0.881 118.67 113.72 -11.95 -23.10 139.2
1998 12 15 12 35226.7 1.037 89.92 113.72 -9.87 -19.30 272.2
1998 12 16 12 35216.7 0.248 81.90 113.72 -10.48 -21.86 171.1
1998 12 17 12 35209.0 2.185 104.25 113.72 -13.24 -25.33 102.9
1998 12 18 12 35203.6 0.760 94.22 113.72 -7.83 -17.99 171.3
1998 12 19 12 35200.7 5.408 127.62 113.72 -12.48 -23.75 157.1
1998 12 20 12 35200.1 1.447 91.88 113.72 -10.52 -22.36 173.5
1998 12 21 12 35201.9 3.423 114.39 113.72 -12.99 -23.08 157.6
1998 12 22 12 35206.0 4.775 106.03 113.72 -11.72 -23.98 141.7
1998 12 23 12 35212.5 3.090 78.01 113.72 -11.33 -21.76 139.4
1998 12 24 12 35221.4 1.266 107.99 113.72 -15.10 -26.25 69.3
1998 12 25 12 35232.6 1.965 89.43 113.72 -10.31 -19.83 259.4
1998 12 26 12 35246.3 0.273 135.38 113.72 -14.18 -24.62 68.7
1998 12 27 12 35262.2 3.644 87.66 113.72 -13.62 -23.56 91.8
1998 12 28 12 35280.5 4.648 85.85 113.72 -14.08 -25.74 50.0
1998 12 29 12 35301.2 1.247 67.16 113.72 -14.09 -26.25 72.6
1998 12 30 12 35324.2 1.400 88.64 113.72 -14.09 -25.18 147.3
1998 12 31 12 35349.5 4.933 111.28 113.72 -15.17 -25.48 101.8
1999 1 1 12 35377.2 0.372 85.19 113.72 -12.30 -23.05 174.8
1999 1 2 12 35407.2 0.910 108.68 113.72 -13.33 -23.21 78.9
1999 1 3 12 35439.5 1.020 105.15 113.72 -13.77 -24.13 95.2
1999 1 4 12 35474.1 0.111 87.00 113.72 -12.09 -23.73 108.0
1999 1 5 12 35511.0 3.184 100.21 113.72 -11.02 -21.44 222.3
1999 1 6 12 35550.1 1.341 88.27 113.72 -16.05 -26.71 73.1
1999 1 7 12 35591.5 1.363 115.69 113.72 -11.32 -21.10 179.5
1999 1 8 12 35635.2 2.455 75.91 113.72 -13.83 -25.37 101.5
1999 1 9 12 35681.2 0.222 114.76 113.72 -15.86 -27.19 52.2
1999 1 10 12 35729.3 1.984 93.35 113.72 -13.25 -23.73 188.2
1999 1 11 12 35779.7 0.218 106.44 113.72 -14.07 -23.74 186.8
1999 1 12 12 35832.2 3.317 112.20 113.72 -12.63 -23.59 165.0
1999 1 13 12 35887.0 5.997 107.88 113.72 -13.72 -24.05 152.4
1999 1 14 12 35943.9 4.080 137.26 113.72 -13.42 -24.20 103.9
1999 1 15 12 36003.0 1.119 100.65 113.72 -14.63 -25.46 107.9
1999 1 16 12 36064.1 3.716 87.00 113.72 -15.53 -25.41 50.0
1999 1 17 12 36127.5 1.686 140.76 113.72 -12.88 -23.59 118.3
1999 1 18 12 36192.9 2.461 114.39 113.72 -14.79 -25.94 50.0
1999 1 19 12 36260.3 3.573 111.81 113.72 -13.40 -24.60 126.2
1999 1 20 12 36329.9 0.150 143.84 113.72 -11.77 -22.81 143.8
1999 1 21 12 36401.5 1.862 91.34 113.72 -14.23 -25.58 114.5
1999 1 22 12 36475.1 0.853 110.47 113.72 -12.93 -23.92 144.3
1999 1 23 12 36550.6 2.194 96.21 113.72 -14.01 -24.77 141.5
1999 1 24 12 36628.2 2.617 111.64 113.72 -14.50 -25.07 78.8
1999 1 25 12 36707.7 1.187 92.61 113.72 -16.27 -27.86 50.0
1999 1 26 12 36789.1 1.581 116.27 113.72 -13.97 -25.10 159.3
1999 1 27 12 36872.4 0.625 116.02 113.72 -14.13 -25.22 82.4
1999 1 28 12 36957.6 3.002 116.11 113.72 -15.15 -26.57 70.5
1999 1 29 12 37044.7 4.880 83.48 113.72 -16.87 -28.13 72.7
1999 1 30 12 37133.6 0.263 129.93 113.72 -16.28 -26.36 67.1
1999 1 31 12 37224.2 4.692 115.87 113.72 -11.06 -20.77 153.5
1999 2 1 12 37316.7 3.454 159.69 113.72 -13.63 -24.68 173.0
1999 2 2 12 37410.8 4.408 114.17 113.72 -15.80 -27.16 50.0
1999 2 3 12 37506.7 6.726 112.66 113.72 -14.49 -25.36 151.5
1999 2 4 12 37604.3 1.236 125.61 113.72 -13.52 -24.25 129.3
1999 2 5 12 37703.6 5.917 105.68 113.72 -12.80 -23.05 172.5
1999 2 6 12 37804.5 6.888 143.59 113.72 -13.76 -24.88 135.3
1999 2 7 12 37906.9 0.336 112.23 113.72 -10.32 -21.55 160.0
1999 2 8 12 38011.0 2.773 114.89 113.72 -10.18 -19.01 241.1
1999 2 9 12 38116.5 2.669 141.01 113.72 -12.63 -24.47 173.3
1999 2 10 12 38223.6 7.338 133.41 113.72 -13.68 -23.76 167.8
1999 2 11 12 38332.2 16.981 134.21 113.72 -12.48 -22.09 196.4
1999 2 12 12 38442.2 4.585 112.03 113.72 -14.96 -25.97 104.8
1999 2 13 12 38553.6 12.186 148.11 113.72 -11.38 -21.83 163.8
1999 2 14 12 38666.4 0.995 119.19 113.72 -12.54 -24.68 84.2
1999 2 15 12 38780.5 4.226 109.93 113.72 -14.51 -25.29 145.5
1999 2 16 12 38896.0 2.314 142.50 113.72 -13.49 -23.36 119.3
1999 2 17 12 39012.7 3.876 134.90 113.72 -11.65 -22.35 141.8
1999 2 18 12 39130.6 4.714 135.72 113.72 -14.91 -25.68 90.5
1999 2 19 12 39249.8 5.486 150.54 113.72 -13.65 -23.06 98.5
1999 2 20 12 39370.1 1.731 136.91 113.72 -12.90 -23.04 131.6
1999 2 21 12 39491.6 2.117 116.68 113.72 -10.62 -20.86 163.7
1999 2 22 12 39614.2 5.120 139.05 113.72 -9.40 -20.85 143.4
1999 2 23 12 39737.8 3.403 149.70 113.72 -11.29 -24.05 85.0
1999 2 24 12 39862.5 1.147 149.30 113.72 -16.48 -26.98 62.9
1999 2 25 12 39988.1 2.192 145.19 113.72 -13.29 -24.09 152.3
1999 2 26 12 40114.7 6.566 185.31 113.72 -6.25 -16.44 271.8
1999 2 27 12 40242.2 0.772 175.32 113.72 -11.13 -21.83 133.9
1999 2 28 12 40370.6 2.452 133.69 113.72 -15.14 -25.91 65.3
1999 3 1 12 40499.8 0.437 132.46 113.72 -7.54 -18.32 247.2
1999 3 2 12 40629.8 7.097 174.19 113.72 -12.97 -24.66 144.5
1999 3 3 12 40760.6 18.154 171.59 113.72 -9.96 -22.24 187.2
1999 3 4 12 40892.1 8.792 179.11 113.72 -12.40 -23.91 132.2
1999 3 5 12 41024.3 1.404 151.58 113.72 -7.24 -18.92 270.4
1999 3 6 12 41157.2 1.395 157.17 113.72 -12.52 -23.36 120.3
1999 3 7 12 41290.6 6.774 134.23 113.72 -11.12 -23.23 103.4
1999 3 8 12 41424.6 6.056 164.41 113.72 -8.52 -19.70 200.7
1999 3 9 12 41559.2 2.590 154.01 113.72 -10.77 -20.03 240.6
1999 3 10 12 41694.2 0.623 153.23 113.72 -9.05 -19.91 226.0
1999 3 11 12 41829.7 2.653 180.15 113.72 -8.38 -19.14 253.2
1999 3 12 12 41965.5 2.253 165.32 113.72 -9.20 -19.99 200.9
1999 3 13 12 42101.8 15.200 181.39 113.72 -10.97 -21.60 175.7
1999 3 14 12 42238.3 4.821 168.76 113.72 -10.32 -21.54 166.2
1999 3 15 12 42375.2 0.168 179.97 113.72 -9.54 -20.48 168.1
1999 3 16 12 42512.3 4.984 153.44 113.72 -7.92 -19.15 221.5
1999 3 17 12 42649.6 7.113 159.69 113.72 -7.41 -19.41 208.7
1999 3 18 12 42787.0 6.176 182.67 113.72 -8.15 -18.01 228.8
1999 3 19 12 42924.6 5.848 202.63 113.72 -7.23 -18.73 247.0
1999 3 20 12 43062.3 3.324 185.62 113.72 -10.49 -20.01 207.2
1999 3 21 12 43200.0 2.113 180.23 113.72 -7.48 -18.89 266.3
1999 3 22 12 43337.7 0.559 203.91 113.72 -7.84 -19.73 183.0
1999 3 23 12 43475.4 10.274 179.48 113.72 -6.82 -16.07 269.9
1999 3 24 12 43613.0 4.360 172.18 113.72 -6.25 -18.23 185.8
1999 3 25 12 43750.4 1.414 185.61 113.72 -8.77 -21.38 146.2
1999 3 26 12 43887.7 2.939 192.47 113.72 -7.17 -19.13 239.9
1999 3 27 12 44024.8 0.562 169.25 113.72 -4.82 -15.73 313.4
1999 3 28 12 44161.7 2.899 191.55 113.72 -6.17 -18.04 263.5
1999 3 29 12 44298.2 7.840 165.12 113.72 -6.59 -17.84 285.8
1999 3 30 12 44434.5 4.875 187.84 113.72 -8.07 -20.50 209.9
1999 3 31 12 44570.3 6.711 191.35 113.72 -5.24 -15.17 302.2
1999 4 1 12 44705.8 6.262 194.57 113.72 -7.94 -18.40 255.6
1999 4 2 12 44840.8 3.930 167.04 113.72 -5.93 -17.74 226.2
1999 4 3 12 44975.4 2.204 199.26 113.72 -6.20 -18.85 177.5
1999 4 4 12 45109.4 1.706 212.20 113.72 -4.67 -16.20 268.1
1999 4 5 12 45242.8 9.362 221.55 113.72 -5.96 -16.24 270.7
1999 4 6 12 45375.7 4.352 223.55 113.72 -5.36 -15.30 301.3
1999 4 7 12 45507.9 4.038 203.46 113.72 -6.03 -17.02 239.6
1999 4 8 12 45639.4 4.297 241.57 113.72 -4.83 -16.04 265.1
1999 4 9 12 45770.2 1.878 194.30 113.72 -3.94 -15.20 323.5
1999 4 10 12 45900.2 3.767 196.08 113.72 -4.58 -15.13 264.7
1999 4 11 12 46029.4 1.187 208.57 113.72 -4.32 -14.42 312.7
1999 4 12 12 46157.8 1.492 221.99 113.72 -3.40 -14.32 299.1
1999 4 13 12 46285.3 4.826 220.50 113.72 -1.94 -13.04 292.5
1999 4 14 12 46411.9 4.080 176.59 113.72 -2.12 -12.30 345.9
1999 4 15 12 46537.5 0.809 198.91 113.72 -4.97 -14.58 285.6
1999 4 16 12 46662.2 0.853 226.13 113.72 -1.67 -12.70 337.4
1999 4 17 12 46785.8 5.786 202.53 113.72 -0.57 -11.30 380.5
1999 4 18 12 46908.4 1.210 215.15 113.72 -1.35 -12.76 283.7
1999 4 19 12 47029.9 2.342 223.69 113.72 -5.83 -16.56 303.8
1999 4 20 12 47150.2 0.010 226.76 113.72 -1.60 -13.14 431.4
1999 4 21 12 47269.4 0.630 233.60 113.72 0.28 -9.38 388.1
1999 4 22 12 47387.3 1.348 240.94 113.72 -2.26 -12.35 339.4
1999 4 23 12 47504.0 1.537 232.53 113.72 2.97 -6.44 450.6
1999 4 24 12 47619.5 3.759 205.78 113.72 -4.44 -15.69 257.7
1999 4 25 12 47733.6 0.146 234.13 113.72 -0.75 -9.89 466.0
1999 4 26 12 47846.4 15.393 242.69 113.72 0.32 -10.28 389.1
1999 4 27 12 47957.8 4.523 234.38 113.72 -0.30 -11.21 400.8
1999 4 28 12 48067.8 1.310 248.02 113.72 -0.12 -9.92 441.1
1999 4 29 12 48176.4 2.981 233.33 113.72 -1.71 -13.32 368.9
1999 4 30 12 48283.5 2.904 228.93 113.72 -0.81 -11.58 406.1
1999 5 1 12 48389.0 0.132 219.19 113.72 1.12 -9.81 368.5
1999 5 2 12 48493.1 6.935 263.45 113.72 -2.71 -13.18 367.9
1999 5 3 12 48595.5 0.992 218.28 113.72 2.02 -9.13 409.8
1999 5 4 12 48696.4 1.607 234.89 113.72 0.69 -10.54 442.6
1999 5 5 12 48795.7 1.417 230.61 113.72 1.89 -9.21 393.3
1999 5 6 12 48893.3 2.311 216.92 113.72 2.53 -8.50 398.2
1999 5 7 12 48989.2 3.864 251.21 113.72 7.06 -3.68 528.9
1999 5 8 12 49083.3 3.233 246.32 113.72 3.76 -6.01 501.5
1999 5 9 12 49175.8 0.742 243.42 113.72 0.05 -12.47 299.2
1999 5 10 12 49266.4 1.180 231.25 113.72 5.29 -4.89 492.2
1999 5 11 12 49355.3 4.430 250.00 113.72 -1.83 -13.00 309.3
1999 5 12 12 49442.4 5.369 238.51 113.72 1.77 -9.17 446.5
1999 5 13 12 49527.6 0.353 250.49 113.72 2.89 -8.78 409.7
1999 5 14 12 49610.9 0.276 265.65 113.72 2.33 -8.43 467.4
1999 5 15 12 49692.3 7.708 208.27 113.72 3.43 -7.68 427.1
1999 5 16 12 49771.8 0.439 260.75 113.72 2.94 -8.04 450.6
1999 5 17 12 49849.4 0.808 282.10 113.72 5.31 -5.03 460.3
1999 5 18 12 49924.9 1.495 273.06 113.72 2.84 -7.45 449.9
1999 5 19 12 49998.5 0.756 259.58 113.72 3.57 -6.09 447.5
1999 5 20 12 50070.1 0.809 267.05 113.72 6.58 -4.69 554.3
1999 5 21 12 50139.7 0.806 236.65 113.72 5.56 -4.70 540.5
1999 5 22 12 50207.1 2.272 253.68 113.72 4.03 -6.27 483.4
1999 5 23 12 50272.5 0.176 248.48 113.72 5.16 -5.57 521.6
1999 5 24 12 50335.9 3.994 244.35 113.72 7.44 -2.01 547.0
1999 5 25 12 50397.0 0.253 266.79 113.72 2.72 -8.59 448.8
1999 5 26 12 50456.1 6.386 249.60 113.72 3.34 -7.34 453.0
1999 5 27 12 50513.0 1.078 225.32 113.72 4.27 -6.28 492.1
1999 5 28 12 50567.8 0.960 260.25 113.72 5.63 -6.13 483.3
1999 5 29 12 50620.3 0.105 253.79 113.72 6.92 -2.87 543.1
1999 5 30 12 50670.7 0.082 265.10 113.72 4.48 -6.41 419.8
1999 5 31 12 50718.8 1.668 249.04 113.72 4.37 -6.08 461.3
1999 6 1 12 50764.8 0.098 229.81 113.72 3.97 -5.56 545.4
1999 6 2 12 50808.5 0.686 241.47 113.72 4.68 -5.95 479.8
1999 6 3 12 50849.9 2.937 242.77 113.72 5.26 -5.51 470.7
1999 6 4 12 50889.0 1.963 241.48 113.72 3.15 -7.60 451.8
1999 6 5 12 50925.9 1.146 248.82 113.72 5.70 -5.91 438.5
1999 6 6 12 50960.5 1.733 268.51 113.72 5.11 -6.00 468.2
1999 6 7 12 50992.8 2.885 237.21 113.72 6.58 -4.34 521.1
1999 6 8 12 51022.8 0.930 271.47 113.72 9.51 -1.21 593.0
1999 6 9 12 51050.5 3.343 239.46 113.72 4.71 -4.99 513.0
1999 6 10 12 51075.8 1.508 253.04 113.72 8.75 -1.30 621.7
1999 6 11 12 51098.8 3.952 258.45 113.72 9.87 -1.41 554.1
1999 6 12 12 51119.5 1.614 254.70 113.72 8.94 -1.88 519.7
1999 6 13 12 51137.8 0.213 268.71 113.72 8.13 -1.55 560.6
1999 6 14 12 51153.7 0.588 257.91 113.72 9.71 -2.47 536.0
1999 6 15 12 51167.4 1.365 257.32 113.72 8.81 -2.17 564.4
1999 6 16 12 51178.6 9.873 224.14 113.72 9.64 -2.20 549.6
1999 6 17 12 51187.5 0.514 265.89 113.72 8.27 -0.58 595.0
1999 6 18 12 51194.0 7.883 288.12 113.72 6.61 -3.57 533.9
1999 6 19 12 51198.1 3.274 252.60 113.72 10.05 -1.15 605.9
1999 6 20 12 51199.9 3.372 269.91 113.72 12.32 1.50 631.8
1999 6 21 12 51199.3 2.491 247.64 113.72 8.00 -3.46 539.3
1999 6 22 12 51196.4 7.011 274.74 113.72 8.64 -0.56 644.4
1999 6 23 12 51191.0 0.594 267.69 113.72 8.87 -3.76 477.9
1999 6 24 12 51183.3 3.003 254.33 113.72 6.59 -3.95 528.8
1999 6 25 12 51173.3 0.250 253.25 113.72 7.61 -3.25 533.9
1999 6 26 12 51160.8 0.581 269.29 113.72 9.43 -2.20 559.8
1999 6 27 12 51146.1 2.490 260.07 113.72 8.91 -2.09 577.9
1999 6 28 12 51128.9 3.136 240.82 113.72 9.16 -2.94 518.4
1999 6 29 12 51109.4 1.875 236.17 113.72 9.25 -0.30 579.2
1999 6 30 12 51087.6 0.048 267.70 113.72 9.10 -1.68 590.8
1999 7 1 12 51063.4 0.421 247.19 113.72 8.20 -1.87 560.2
1999 7 2 12 51036.9 0.172 258.90 113.72 10.07 -1.12 551.0
1999 7 3 12 51008.1 1.040 266.90 113.72 9.97 0.24 630.7
1999 7 4 12 50976.9 0.162 239.73 113.72 8.21 -2.56 570.0
1999 7 5 12 50943.5 0.548 242.22 113.72 10.21 0.27 612.3
1999 7 6 12 50907.8 0.522 281.42 113.72 8.71 -1.64 581.6
1999 7 7 12 50869.7 3.445 250.51 113.72 10.67 -0.16 615.9
1999 7 8 12 50829.4 0.583 271.58 113.72 9.67 -0.33 592.7
1999 7 9 12 50786.9 6.005 293.48 113.72 10.37 2.92 669.6
1999 7 10 12 50742.1 0.674 259.01 113.72 10.08 -1.63 533.7
1999 7 11 12 50695.1 1.838 242.02 113.72 9.76 -1.13 573.1
1999 7 12 12 50645.8 1.375 256.36 113.72 10.37 -1.47 601.6
1999 7 13 12 50594.3 1.163 251.11 113.72 11.17 0.70 682.0
1999 7 14 12 50540.7 2.392 254.41 113.72 10.11 -0.51 595.5
1999 7 15 12 50484.8 0.973 263.60 113.72 10.11 0.86 592.1
1999 7 16 12 50426.8 0.479 264.74 113.72 9.44 -1.57 560.0
1999 7 17 12 50366.7 1.976 221.60 113.72 7.25 -2.79 502.7
1999 7 18 12 50304.5 0.263 268.89 113.72 10.04 -2.42 573.7
1999 7 19 12 50240.1 0.639 254.51 113.72 8.10 -2.58 551.8
1999 7 20 12 50173.7 2.221 241.13 113.72 9.15 -2.34 526.4
1999 7 21 12 50105.1 0.809 260.06 113.72 8.70 -1.63 563.7
1999 7 22 12 50034.6 1.478 232.59 113.72 8.92 -0.96 604.0
1999 7 23 12 49962.0 1.237 232.56 113.72 9.00 -2.28 558.0
1999 7 24 12 49887.4 0.472 262.76 113.72 10.70 0.34 588.1
1999 7 25 12 49810.8 0.805 247.11 113.72 10.46 -0.63 620.2
1999 7 26 12 49732.3 0.223 268.84 113.72 10.11 -0.65 599.2
1999 7 27 12 49651.8 2.364 234.23 113.72 11.73 1.26 604.3
1999 7 28 12 49569.5 0.598 248.06 113.72 14.48 2.88 660.3
1999 7 29 12 49485.2 2.467 248.66 113.72 10.63 -0.97 519.1
1999 7 30 12 49399.1 0.688 248.08 113.72 11.19 1.09 631.6
1999 7 31 12 49311.1 1.433 250.42 113.72 10.22 -1.13 663.3
1999 8 1 12 49221.3 0.213 247.11 113.72 10.73 0.95 653.8
1999 8 2 12 49129.8 2.062 239.59 113.72 7.28 -4.94 498.0
1999 8 3 12 49036.5 0.694 209.24 113.72 5.61 -4.44 520.5
1999 8 4 12 48941.4 0.459 250.38 113.72 6.44 -4.35 531.2
1999 8 5 12 48844.7 0.169 200.84 113.72 8.62 -2.25 575.2
1999 8 6 12 48746.2 6.398 216.96 113.72 11.55 0.87 615.8
1999 8 7 12 48646.2 0.121 223.89 113.72 9.83 -2.13 493.9
1999 8 8 12 48544.5 4.180 246.99 113.72 8.79 -1.11 569.2
1999 8 9 12 48441.3 3.136 229.08 113.72 10.17 -0.98 564.3
1999 8 10 12 48336.4 0.105 259.49 113.72 9.77 -1.70 564.9
1999 8 11 12 48230.1 0.713 209.50 113.72 7.14 -1.93 540.7
1999 8 12 12 48122.3 0.639 212.73 113.72 9.79 -1.28 594.3
1999 8 13 12 48013.0 0.726 194.37 113.72 10.26 -1.23 638.0
1999 8 14 12 47902.3 0.988 209.82 113.72 12.08 1.93 669.6
1999 8 15 12 47790.2 2.132 216.41 113.72 8.72 -1.87 562.3
1999 8 16 12 47676.7 0.144 246.74 113.72 11.29 1.30 673.2
1999 8 17 12 47561.9 0.621 239.31 113.72 8.05 -2.68 576.4
1999 8 18 12 47445.8 0.414 226.04 113.72 12.05 2.01 663.9
1999 8 19 12 47328.5 0.357 216.62 113.72 7.57 -1.59 552.8
1999 8 20 12 47209.9 0.725 231.57 113.72 9.32 -2.08 555.7
1999 8 21 12 47090.2 0.539 237.99 113.72 8.68 -2.49 569.6
1999 8 22 12 46969.3 0.953 207.99 113.72 10.38 -1.70 632.3
1999 8 23 12 46847.3 0.027 208.26 113.72 10.06 -0.43 636.2
1999 8 24 12 46724.2 1.829 208.77 113.72 6.35 -4.35 532.5
1999 8 25 12 46600.0 0.790 187.98 113.72 7.29 -2.50 556.6
1999 8 26 12 46474.8 0.478 230.91 113.72 10.87 0.04 625.5
1999 8 27 12 46348.7 0.088 202.74 113.72 7.70 -3.16 554.5
1999 8 28 12 46221.7 0.960 205.88 113.72 8.65 -1.99 607.8
1999 8 29 12 46093.7 0.646 230.78 113.72 5.69 -5.29 463.0
1999 8 30 12 45964.9 0.695 199.55 113.72 6.80 -3.71 528.6
1999 8 31 12 45835.3 0.802 225.34 113.72 5.97 -4.65 531.5
1999 9 1 12 45704.9 1.250 178.83 113.72 8.28 -2.09 602.8
1999 9 2 12 45573.7 0.918 212.16 113.72 7.86 -3.12 597.9
1999 9 3 12 45441.8 2.592 195.74 113.72 8.45 -1.91 519.8
1999 9 4 12 45309.3 1.244 177.40 113.72 4.84 -5.47 470.9
1999 9 5 12 45176.2 0.895 182.73 113.72 7.14 -3.92 521.4
1999 9 6 12 45042.4 0.723 200.53 113.72 6.20 -4.67 471.3
1999 9 7 12 44908.2 0.204 182.68 113.72 2.35 -8.59 480.0
1999 9 8 12 44773.4 0.066 201.48 113.72 6.56 -5.22 501.1
1999 9 9 12 44638.1 1.185 183.20 113.72 7.64 -3.55 566.1
1999 9 10 12 44502.5 0.658 168.73 113.72 7.90 -2.29 550.7
1999 9 11 12 44366.4 1.289 206.21 113.72 5.33 -4.79 518.2
1999 9 12 12 44230.0 2.475 194.72 113.72 6.46 -4.07 479.6
1999 9 13 12 44093.3 0.595 161.89 113.72 5.87 -5.74 455.3
1999 9 14 12 43956.3 0.099 197.36 113.72 3.75 -6.27 445.2
1999 9 15 12 43819.1 1.686 188.02 113.72 3.37 -5.95 431.5
1999 9 16 12 43681.7 0.543 178.34 113.72 4.47 -5.85 515.6
1999 9 17 12 43544.2 0.332 177.56 113.72 4.02 -6.79 465.7
1999 9 18 12 43406.5 0.300 202.17 113.72 4.33 -7.17 490.2
1999 9 19 12 43268.9 1.219 185.48 113.72 3.39 -7.42 449.9
1999 9 20 12 43131.1 1.208 200.15 113.72 4.15 -7.04 494.8
1999 9 21 12 42993.5 2.132 185.07 113.72 2.05 -8.90 452.3
1999 9 22 12 42855.8 0.163 180.08 113.72 5.76 -4.01 517.9
1999 9 23 12 42718.3 0.159 163.82 113.72 0.56 -9.54 417.0
1999 9 24 12 42580.9 0.879 176.18 113.72 2.98 -8.10 450.5
1999 9 25 12 42443.7 0.992 187.75 113.72 2.61 -8.12 472.8
1999 9 26 12 42306.7 1.951 172.29 113.72 2.52 -8.28 435.2
1999 9 27 12 42170.0 2.096 198.75 113.72 1.27 -9.88 414.9
1999 9 28 12 42033.6 0.869 183.63 113.72 0.07 -11.80 321.5
1999 9 29 12 41897.5 2.256 149.00 113.72 2.51 -7.63 422.8
1999 9 30 12 41761.9 0.709 158.35 113.72 1.65 -8.21 415.6
1999 10 1 12 41626.6 0.726 174.37 113.72 2.33 -8.95 438.3
1999 10 2 12 41491.8 0.588 140.01 113.72 -0.91 -12.24 336.0
1999 10 3 12 41357.6 0.161 159.83 113.72 3.94 -6.14 482.5
1999 10 4 12 41223.8 0.068 146.25 113.72 1.04 -10.29 391.1
1999 10 5 12 41090.7 0.948 159.52 113.72 -3.60 -15.51 291.7
1999 10 6 12 40958.2 2.011 143.71 113.72 1.05 -10.11 425.7
1999 10 7 12 40826.3 0.368 172.06 113.72 -0.15 -9.86 409.5
1999 10 8 12 40695.1 2.291 147.31 113.72 -1.34 -12.56 343.1
1999 10 9 12 40564.7 2.920 163.62 113.72 2.01 -9.31 427.6
1999 10 10 12 40435.1 0.560 129.95 113.72 1.35 -9.83 453.7
1999 10 11 12 40306.3 0.042 146.49 113.72 0.26 -11.46 374.2
1999 10 12 12 40178.3 0.647 130.59 113.72 -0.34 -12.19 319.4
1999 10 13 12 40051.3 0.220 166.41 113.72 0.10 -10.91 342.3
1999 10 14 12 39925.2 2.206 135.64 113.72 -3.23 -15.15 288.5
1999 10 15 12 39800.0 1.110 144.69 113.72 -0.78 -11.90 327.7
1999 10 16 12 39675.8 0.043 150.04 113.72 0.58 -10.01 328.0
1999 10 17 12 39552.7 1.457 132.33 113.72 0.08 -10.42 382.8
1999 10 18 12 39430.7 2.452 124.30 113.72 -3.27 -14.18 327.8
1999 10 19 12 39309.8 1.019 143.88 113.72 -1.62 -13.38 374.0
1999 10 20 12 39190.1 0.552 110.92 113.72 -3.79 -14.92 301.1
1999 10 21 12 39071.5 1.419 158.84 113.72 -2.07 -12.60 357.3
1999 10 22 12 38954.2 4.053 135.49 113.72 -3.64 -13.95 336.5
1999 10 23 12 38838.1 2.989 114.27 113.72 -4.03 -15.05 301.6
1999 10 24 12 38723.3 0.162 131.26 113.72 -2.39 -13.75 304.9
1999 10 25 12 38609.8 1.234 142.77 113.72 -4.22 -14.96 366.0
1999 10 26 12 38497.7 0.273 120.72 113.72 -4.53 -15.61 258.1
1999 10 27 12 38387.0 0.585 102.74 113.72 -3.02 -14.63 319.8
1999 10 28 12 38277.7 3.387 128.93 113.72 -5.97 -16.53 246.1
1999 10 29 12 38169.9 1.290 141.12 113.72 -4.44 -15.22 298.9
1999 10 30 12 38063.6 0.327 132.13 113.72 -6.46 -18.15 249.3
1999 10 31 12 37958.7 0.794 133.63 113.72 -6.39 -17.70 240.0
1999 11 1 12 37855.5 2.254 140.91 113.72 -2.81 -13.76 288.4
1999 11 2 12 37753.8 0.583 149.28 113.72 -5.39 -17.41 241.4
1999 11 3 12 37653.8 1.448 84.14 113.72 -6.04 -17.42 285.3
1999 11 4 12 37555.3 0.658 103.68 113.72 -3.89 -14.18 271.3
1999 11 5 12 37458.6 0.751 125.10 113.72 -2.94 -14.13 366.3
1999 11 6 12 37363.5 4.110 125.79 113.72 -5.18 -16.62 270.4
1999 11 7 12 37270.2 1.388 97.47 113.72 -4.23 -14.16 338.2
1999 11 8 12 37178.7 2.078 108.05 113.72 -6.78 -17.30 222.4
1999 11 9 12 37088.9 1.395 144.72 113.72 -6.07 -16.31 269.3
1999 11 10 12 37000.9 0.141 112.70 113.72 -6.33 -17.76 224.9
1999 11 11 12 36914.8 0.285 120.30 113.72 -6.05 -17.07 267.4
1999 11 12 12 36830.5 4.394 143.17 113.72 -5.28 -16.08 245.5
1999 11 13 12 36748.2 4.047 116.89 113.72 -9.12 -19.74 186.7
1999 11 14 12 36667.7 1.428 126.49 113.72 -8.44 -17.41 313.9
1999 11 15 12 36589.2 0.487 122.46 113.72 -8.01 -18.75 244.5
1999 11 16 12 36512.6 0.099 108.09 113.72 -8.93 -18.86 234.2
1999 11 17 12 36438.0 7.923 106.48 113.72 -7.31 -16.28 285.3
1999 11 18 12 36365.4 0.282 129.38 113.72 -7.51 -16.94 305.0
1999 11 19 12 36294.9 0.569 110.83 113.72 -7.93 -18.60 224.2
1999 11 20 12 36226.3 0.709 95.13 113.72 -8.80 -18.68 254.5
1999 11 21 12 36159.9 0.507 125.83 113.72 -6.35 -17.05 188.3
1999 11 22 12 36095.5 1.426 66.13 113.72 -8.22 -19.05 215.4
1999 11 23 12 36033.3 7.682 132.01 113.72 -8.94 -19.07 209.4
1999 11 24 12 35973.2 1.231 104.93 113.72 -8.79 -18.88 206.7
1999 11 25 12 35915.2 2.013 107.27 113.72 -7.94 -18.33 255.6
1999 11 26 12 35859.3 2.730 107.84 113.72 -8.90 -19.83 199.3
1999 11 27 12 35805.7 3.414 126.02 113.72 -10.68 -21.87 157.9
1999 11 28 12 35754.2 1.671 108.15 113.72 -6.90 -18.67 203.1
1999 11 29 12 35704.9 0.487 104.71 113.72 -9.01 -19.68 194.6
1999 11 30 12 35657.9 2.879 90.29 113.72 -11.59 -22.20 95.8
1999 12 1 12 35613.1 6.423 93.43 113.72 -12.74 -22.88 133.0
1999 12 2 12 35570.6 0.756 113.34 113.72 -9.14 -21.10 135.5
1999 12 3 12 35530.3 2.312 106.64 113.72 -8.38 -19.10 264.4
1999 12 4 12 35492.2 3.109 128.23 113.72 -9.79 -20.75 207.0
1999 12 5 12 35456.5 1.017 90.34 113.72 -9.69 -20.54 216.6
1999 12 6 12 35423.1 3.715 84.92 113.72 -9.80 -19.60 168.3
1999 12 7 12 35391.9 4.865 106.42 113.72 -10.89 -20.66 211.9
1999 12 8 12 35363.1 2.428 100.35 113.72 -13.55 -23.54 109.1
1999 12 9 12 35336.6 3.694 83.39 113.72 -12.21 -22.94 149.5
1999 12 10 12 35312.4 1.453 93.34 113.72 -10.11 -21.06 173.2
1999 12 11 12 35290.6 0.328 111.48 113.72 -10.55 -20.39 150.9
1999 12 12 12 35271.1 0.526 80.91 113.72 -11.85 -21.28 143.3
1999 12 13 12 35253.9 8.386 83.48 113.72 -12.50 -22.02 179.4
1999 12 14 12 35239.2 5.242 89.47 113.72 -11.54 -21.95 179.9
1999 12 15 12 35226.7 0.488 89.65 113.72 -12.43 -23.20 94.8
1999 12 16 12 35216.7 0.422 112.06 113.72 -12.15 -22.40 186.2
1999 12 17 12 35209.0 3.458 91.76 113.72 -11.94 -22.14 145.7
1999 12 18 12 35203.6 15.014 124.51 113.72 -13.42 -24.54 70.8
1999 12 19 12 35200.7 2.113 84.36 113.72 -11.16 -22.11 141.3
1999 12 20 12 35200.1 0.721 105.47 113.72 -12.71 -21.07 137.9
1999 12 21 12 35201.9 4.479 99.42 113.72 -11.83 -22.95 119.3
1999 12 22 12 35206.0 6.351 100.11 113.72 -12.56 -22.68 132.1
1999 12 23 12 35212.5 3.638 63.20 113.72 -10.44 -21.65 182.5
1999 12 24 12 35221.4 3.185 83.75 113.72 -12.03 -22.93 165.9
1999 12 25 12 35232.6 0.516 97.82 113.72 -12.32 -23.85 154.8
1999 12 26 12 35246.3 4.741 70.92 113.72 -12.45 -23.99 143.8
1999 12 27 12 35262.2 3.819 56.78 113.72 -9.97 -20.27 137.5
1999 12 28 12 35280.5 1.404 82.28 113.72 -13.23 -23.64 83.9
1999 12 29 12 35301.2 0.319 106.07 113.72 -13.00 -22.32 186.4
1999 12 30 12 35324.2 1.282 108.40 113.72 -13.16 -23.94 107.3
1999 12 31 12 35349.5 2.139 83.14 113.72 -16.33 -27.00 55.7
2000 1 1 12 35377.2 4.210 98.75 113.72 -13.30 -24.14 136.2
2000 1 2 12 35407.2 4.964 108.43 113.72 -11.98 -23.56 167.5
2000 1 3 12 35439.5 1.955 122.27 113.72 -12.79 -23.12 151.7
2000 1 4 12 35474.1 1.790 122.03 113.72 -11.35 -22.28 128.5
2000 1 5 12 35511.0 5.887 116.78 113.72 -12.49 -24.44 74.7
2000 1 6 12 35550.1 3.178 95.41 113.72 -12.96 -22.87 110.4
2000 1 7 12 35591.5 4.074 103.18 113.72 -12.42 -23.68 163.1
2000 1 8 12 35635.2 1.532 105.42 113.72 -13.25 -23.78 150.1
2000 1 9 12 35681.2 5.932 101.56 113.72 -14.25 -24.76 106.2
2000 1 10 12 35729.3 1.115 84.64 113.72 -14.06 -24.69 63.5
2000 1 11 12 35779.7 11.612 127.41 113.72 -17.47 -29.07 50.0
2000 1 12 12 35832.2 0.486 112.81 113.72 -11.53 -21.21 181.5
2000 1 13 12 35887.0 2.501 119.92 113.72 -14.24 -25.62 64.6
2000 1 14 12 35943.9 0.427 117.35 113.72 -15.53 -28.29 50.0
2000 1 15 12 36003.0 3.994 101.53 113.72 -14.52 -24.65 122.3
2000 1 16 12 36064.1 6.871 86.16 113.72 -11.35 -21.50 156.7
2000 1 17 12 36127.5 4.337 120.54 113.72 -13.89 -25.64 56.1
2000 1 18 12 36192.9 1.520 120.22 113.72 -13.61 -24.42 117.3
2000 1 19 12 36260.3 0.438 114.95 113.72 -10.87 -20.81 191.4
2000 1 20 12 36329.9 1.516 143.59 113.72 -12.74 -22.41 94.9
2000 1 21 12 36401.5 4.540 103.52 113.72 -14.42 -24.73 103.2
2000 1 22 12 36475.1 0.704 108.03 113.72 -16.53 -26.67 50.0
2000 1 23 12 36550.6 0.226 116.61 113.72 -13.01 -23.24 149.6
2000 1 24 12 36628.2 1.945 106.82 113.72 -14.97 -25.88 50.0
2000 1 25 12 36707.7 0.475 111.56 113.72 -12.94 -24.61 69.5
2000 1 26 12 36789.1 3.377 131.38 113.72 -13.98 -24.99 50.0
2000 1 27 12 36872.4 2.234 107.01 113.72 -13.27 -23.17 149.1
2000 1 28 12 36957.6 1.899 108.89 113.72 -12.50 -22.41 106.8
2000 1 29 12 37044.7 13.976 127.11 113.72 -16.41 -27.04 50.0
2000 1 30 12 37133.6 3.942 99.54 113.72 -13.58 -24.65 104.3
2000 1 31 12 37224.2 12.552 119.01 113.72 -13.76 -23.17 131.7
2000 2 1 12 37316.7 2.705 119.15 113.72 -13.26 -23.96 139.9
2000 2 2 12 37410.8 1.727 131.51 113.72 -12.88 -23.17 158.6
2000 2 3 12 37506.7 3.247 135.12 113.72 -13.36 -25.13 131.4
2000 2 4 12 37604.3 0.577 121.65 113.72 -14.51 -25.35 141.4
2000 2 5 12 37703.6 2.215 123.75 113.72 -15.17 -25.10 129.3
2000 2 6 12 37804.5 6.564 125.52 113.72 -15.79 -27.69 56.2
2000 2 7 12 37906.9 1.880 122.45 113.72 -13.17 -24.00 126.5
2000 2 8 12 38011.0 1.405 147.49 113.72 -12.49 -22.96 159.3
2000 2 9 12 38116.5 1.070 136.69 113.72 -13.72 -23.38 71.8
2000 2 10 12 38223.6 5.764 149.23 113.72 -11.88 -21.90 157.3
2000 2 11 12 38332.2 3.639 118.17 113.72 -13.22 -22.67 91.8
2000 2 12 12 38442.2 13.042 151.19 113.72 -13.10 -23.23 113.3
2000 2 13 12 38553.6 11.455 135.33 113.72 -15.04 -25.13 53.1
2000 2 14 12 38666.4 2.065 144.93 113.72 -13.46 -25.02 111.2
2000 2 15 12 38780.5 4.672 107.17 113.72 -11.32 -22.91 159.8
2000 2 16 12 38896.0 1.709 161.36 113.72 -10.51 -19.97 237.1
2000 2 17 12 39012.7 1.420 144.73 113.72 -12.80 -23.96 91.8
2000 2 18 12 39130.6 1.311 167.26 113.72 -11.11 -22.34 133.4
2000 2 19 12 39249.8 1.146 157.18 113.72 -10.18 -22.83 175.9
2000 2 20 12 39370.1 6.819 110.99 113.72 -13.60 -23.56 113.5
2000 2 21 12 39491.6 1.408 165.74 113.72 -11.61 -23.31 112.3
2000 2 22 12 39614.2 1.779 146.94 113.72 -11.69 -23.14 158.5
2000 2 23 12 39737.8 3.657 155.01 113.72 -10.25 -20.17 212.2
2000 2 24 12 39862.5 3.346 154.75 113.72 -12.99 -25.56 117.6
2000 2 25 12 39988.1 3.034 146.40 113.72 -11.14 -20.86 197.4
2000 2 26 12 40114.7 7.935 143.08 113.72 -11.88 -23.34 121.3
2000 2 27 12 40242.2 1.371 161.01 113.72 -10.73 -21.64 208.4
2000 2 28 12 40370.6 1.151 139.22 113.72 -9.40 -20.82 210.1
2000 2 29 12 40499.8 4.871 153.42 113.72 -8.88 -20.75 184.5
2000 3 1 12 40629.8 4.723 175.33 113.72 -9.12 -20.53 216.1
2000 3 2 12 40760.6 7.331 137.31 113.72 -12.31 -23.77 124.2
2000 3 3 12 40892.1 2.084 153.94 113.72 -11.39 -23.18 108.6
2000 3 4 12 41024.3 2.472 175.76 113.72 -9.03 -18.60 231.4
2000 3 5 12 41157.2 6.633 147.30 113.72 -9.49 -21.06 236.6
2000 3 6 12 41290.6 1.668 132.28 113.72 -10.64 -22.95 172.3
2000 3 7 12 41424.6 2.813 132.52 113.72 -11.47 -23.92 134.1
2000 3 8 12 41559.2 2.594 156.54 113.72 -15.80 -26.25 50.0
2000 3 9 12 41694.2 1.482 190.20 113.72 -12.17 -24.36 77.3
2000 3 10 12 41829.7 7.841 154.86 113.72 -10.08 -21.03 172.1
2000 3 11 12 41965.5 1.228 163.34 113.72 -9.90 -19.12 199.3
2000 3 12 12 42101.8 4.448 169.81 113.72 -8.69 -19.34 213.7
2000 3 13 12 42238.3 0.055 186.98 113.72 -8.23 -18.77 229.0
2000 3 14 12 42375.2 4.926 184.61 113.72 -5.58 -16.80 221.2
2000 3 15 12 42512.3 2.566 170.82 113.72 -9.96 -20.77 159.5
2000 3 16 12 42649.6 4.541 183.49 113.72 -11.56 -22.53 138.8
2000 3 17 12 42787.0 7.851 191.78 113.72 -9.85 -20.40 205.0
2000 3 18 12 42924.6 2.343 152.56 113.72 -5.77 -15.24 309.4
2000 3 19 12 43062.3 0.650 172.97 113.72 -8.08 -19.23 184.5
2000 3 20 12 43200.0 3.289 161.99 113.72 -6.41 -17.84 206.5
2000 3 21 12 43337.7 4.885 170.48 113.72 -8.59 -19.45 182.6
2000 3 22 12 43475.4 3.415 192.51 113.72 -8.31 -18.35 257.0
2000 3 23 12 43613.0 13.764 166.13 113.72 -9.95 -21.02 165.4
2000 3 24 12 43750.4 2.301 220.15 113.72 -7.69 -18.28 237.7
2000 3 25 12 43887.7 3.252 196.76 113.72 -6.99 -17.38 264.9
2000 3 26 12 44024.8 1.714 179.48 113.72 -5.52 -14.59 344.9
2000 3 27 12 44161.7 0.853 187.64 113.72 -5.79 -15.85 246.4
2000 3 28 12 44298.2 2.729 171.66 113.72 -3.46 -14.95 337.3
2000 3 29 12 44434.5 2.242 170.23 113.72 -6.47 -19.03 236.8
2000 3 30 12 44570.3 2.792 187.92 113.72 -5.69 -16.37 322.7
2000 3 31 12 44705.8 0.595 214.69 113.72 -5.88 -17.24 297.3
2000 4 1 12 44840.8 0.818 175.31 113.72 -6.70 -17.89 245.5
2000 4 2 12 44975.4 0.653 216.25 113.72 -4.85 -16.44 248.7
2000 4 3 12 45109.4 11.906 196.31 113.72 -5.68 -16.88 282.2
2000 4 4 12 45242.8 1.319 204.01 113.72 -2.57 -13.79 290.6
2000 4 5 12 45375.7 2.411 202.85 113.72 -6.05 -16.94 267.7
2000 4 6 12 45507.9 8.275 214.70 113.72 -5.17 -16.51 247.5
2000 4 7 12 45639.4 0.273 220.86 113.72 -6.33 -17.70 238.8
2000 4 8 12 45770.2 1.256 202.48 113.72 -3.75 -14.13 252.0
2000 4 9 12 45900.2 3.411 214.65 113.72 -6.05 -16.85 260.5
2000 4 10 12 46029.4 3.392 227.81 113.72 -3.86 -14.66 310.4
2000 4 11 12 46157.8 5.638 221.79 113.72 -5.40 -16.24 259.2
2000 4 12 12 46285.3 4.178 204.66 113.72 -4.92 -16.43 268.8
2000 4 13 12 46411.9 1.220 209.19 113.72 -4.38 -14.04 286.8
2000 4 14 12 46537.5 11.309 198.58 113.72 -1.94 -11.11 401.2
2000 4 15 12 46662.2 1.318 241.89 113.72 -2.97 -12.78 345.2
2000 4 16 12 46785.8 1.365 220.46 113.72 -2.80 -15.01 366.9
2000 4 17 12 46908.4 3.912 196.03 113.72 -1.57 -12.90 350.8
2000 4 18 12 47029.9 4.481 205.70 113.72 -3.20 -13.43 342.9
2000 4 19 12 47150.2 1.505 217.20 113.72 -4.95 -16.35 258.9
2000 4 20 12 47269.4 6.683 240.82 113.72 -3.44 -14.80 339.7
2000 4 21 12 47387.3 1.268 219.01 113.72 -2.02 -13.91 308.9
2000 4 22 12 47504.0 2.359 232.10 113.72 -1.45 -12.54 401.0
2000 4 23 12 47619.5 1.332 213.48 113.72 -0.34 -11.79 415.1
2000 4 24 12 47733.6 4.216 235.00 113.72 -1.19 -13.90 306.7
2000 4 25 12 47846.4 0.468 245.98 113.72 0.76 -9.12 409.4
2000 4 26 12 47957.8 1.856 239.42 113.72 -0.02 -10.48 368.6
2000 4 27 12 48067.8 1.130 191.82 113.72 -2.46 -14.33 273.2
2000 4 28 12 48176.4 7.018 227.48 113.72 -3.97 -14.07 327.3
2000 4 29 12 48283.5 0.685 214.97 113.72 -1.46 -12.15 357.1
2000 4 30 12 48389.0 1.429 241.96 113.72 0.47 -9.41 431.7
2000 5 1 12 48493.1 1.396 233.98 113.72 1.02 -9.19 414.6
2000 5 2 12 48595.5 0.298 259.63 113.72 0.50 -10.92 407.9
2000 5 3 12 48696.4 2.174 229.98 113.72 1.04 -9.22 414.2
2000 5 4 12 48795.7 2.861 237.05 113.72 3.05 -7.19 450.4
2000 5 5 12 48893.3 7.353 235.08 113.72 1.28 -8.67 429.2
2000 5 6 12 48989.2 4.537 248.67 113.72 1.99 -8.02 462.5
2000 5 7 12 49083.3 2.813 224.26 113.72 4.05 -5.08 487.2
2000 5 8 12 49175.8 2.548 224.76 113.72 -0.86 -10.90 409.3
2000 5 9 12 49266.4 6.967 232.22 113.72 4.61 -6.81 441.6
2000 5 10 12 49355.3 3.208 250.32 113.72 -1.59 -12.25 345.5
2000 5 11 12 49442.4 0.498 258.01 113.72 1.20 -10.44 335.2
2000 5 12 12 49527.6 5.189 241.88 113.72 1.79 -8.04 428.9
2000 5 13 12 49610.9 0.825 252.98 113.72 0.37 -11.12 344.0
2000 5 14 12 49692.3 0.371 252.54 113.72 2.76 -6.26 491.5
2000 5 15 12 49771.8 0.125 244.86 113.72 3.12 -7.92 456.9
2000 5 16 12 49849.4 3.919 245.27 113.72 4.49 -6.35 509.6
2000 5 17 12 49924.9 1.947 258.69 113.72 4.62 -6.55 518.9
2000 5 18 12 49998.5 1.959 276.72 113.72 4.01 -7.37 447.7
2000 5 19 12 50070.1 5.139 263.52 113.72 5.60 -5.62 465.4
2000 5 20 12 50139.7 3.477 267.44 113.72 5.07 -5.54 503.2
2000 5 21 12 50207.1 3.977 280.66 113.72 3.79 -6.99 448.5
2000 5 22 12 50272.5 0.043 240.25 113.72 4.63 -6.51 451.7
2000 5 23 12 50335.9 1.840 261.88 113.72 3.68 -6.88 461.9
2000 5 24 12 50397.0 7.193 273.81 113.72 2.96 -8.27 416.9
2000 5 25 12 50456.1 0.161 266.65 113.72 5.61 -5.19 557.9
2000 5 26 12 50513.0 0.972 244.14 113.72 2.89 -6.50 462.1
2000 5 27 12 50567.8 0.307 241.73 113.72 5.02 -6.24 474.3
2000 5 28 12 50620.3 4.807 278.70 113.72 2.02 -9.03 443.8
2000 5 29 12 50670.7 0.155 260.94 113.72 5.73 -5.99 545.9
2000 5 30 12 50718.8 1.586 259.77 113.72 4.69 -6.38 465.7
2000 5 31 12 50764.8 1.392 255.94 113.72 6.79 -3.71 469.7
2000 6 1 12 50808.5 0.079 278.74 113.72 5.76 -5.46 488.4
2000 6 2 12 50849.9 3.243 271.11 113.72 6.05 -5.65 435.7
2000 6 3 12 50889.0 2.686 254.10 113.72 6.47 -4.04 503.7
2000 6 4 12 50925.9 0.830 270.93 113.72 5.62 -4.80 548.9
2000 6 5 12 50960.5 6.414 260.28 113.72 5.83 -4.47 486.5
2000 6 6 12 50992.8 0.113 271.01 113.72 5.98 -5.82 452.3
2000 6 7 12 51022.8 0.027 278.57 113.72 6.78 -2.93 567.2
2000 6 8 12 51050.5 1.931 277.05 113.72 6.26 -4.93 494.9
2000 6 9 12 51075.8 0.481 232.87 113.72 7.91 -3.70 562.3
2000 6 10 12 51098.8 1.487 266.69 113.72 4.71 -5.27 486.2
2000 6 11 12 51119.5 4.722 281.37 113.72 5.24 -4.49 529.6
2000 6 12 12 51137.8 0.235 248.60 113.72 10.45 -0.60 541.7
2000 6 13 12 51153.7 4.139 289.38 113.72 7.09 -4.38 484.4
2000 6 14 12 51167.4 0.262 268.98 113.72 6.34 -4.11 512.2
2000 6 15 12 51178.6 0.926 274.16 113.72 7.94 -3.93 509.3
2000 6 16 12 51187.5 4.786 274.24 113.72 9.24 0.48 684.5
2000 6 17 12 51194.0 2.828 239.77 113.72 9.16 -2.47 581.2
2000 6 18 12 51198.1 0.485 274.91 113.72 7.18 -3.33 563.0
2000 6 19 12 51199.9 2.050 267.40 113.72 7.64 -3.29 529.1
2000 6 20 12 51199.3 0.796 253.27 113.72 8.01 -3.53 487.7
2000 6 21 12 51196.4 0.925 284.32 113.72 9.08 -2.47 600.7
2000 6 22 12 51191.0 1.114 231.49 113.72 8.77 -1.13 528.9
2000 6 23 12 51183.3 2.296 250.65 113.72 7.42 -3.09 521.8
2000 6 24 12 51173.3 1.512 281.53 113.72 8.12 -3.24 552.5
2000 6 25 12 51160.8 1.110 274.74 113.72 8.57 -2.68 624.7
2000 6 26 12 51146.1 1.137 251.40 113.72 11.27 -0.18 648.7
2000 6 27 12 51128.9 2.261 248.61 113.72 8.86 -1.23 594.1
2000 6 28 12 51109.4 2.864 256.67 113.72 14.17 4.11 746.6
2000 6 29 12 51087.6 3.689 264.75 113.72 8.87 -1.50 555.1
2000 6 30 12 51063.4 1.243 253.48 113.72 6.82 -3.77 538.0
2000 7 1 12 51036.9 2.425 258.58 113.72 9.94 -0.36 636.6
2000 7 2 12 51008.1 2.036 260.97 113.72 11.05 -1.07 536.5
2000 7 3 12 50976.9 1.011 254.44 113.72 10.25 -0.33 604.6
2000 7 4 12 50943.5 0.080 252.52 113.72 9.88 -0.06 612.0
2000 7 5 12 50907.8 4.732 241.34 113.72 9.07 -1.54 581.4
2000 7 6 12 50869.7 1.110 258.21 113.72 9.26 -1.50 538.8
2000 7 7 12 50829.4 1.039 257.51 113.72 6.24 -5.07 511.8
2000 7 8 12 50786.9 3.441 243.72 113.72 11.06 -0.19 605.0
2000 7 9 12 50742.1 0.910 261.56 113.72 9.24 -1.97 544.0
2000 7 10 12 50695.1 1.000 274.52 113.72 11.57 0.95 642.3
2000 7 11 12 50645.8 0.688 257.32 113.72 9.08 -2.11 598.4
2000 7 12 12 50594.3 0.638 262.29 113.72 9.83 -2.43 530.3
2000 7 13 12 50540.7 0.834 270.12 113.72 11.80 1.64 647.7
2000 7 14 12 50484.8 4.457 254.23 113.72 11.95 1.57 672.9
2000 7 15 12 50426.8 0.058 267.55 113.72 11.23 0.71 656.3
2000 7 16 12 50366.7 1.025 219.01 113.72 7.17 -4.37 507.9
2000 7 17 12 50304.5 0.890 242.32 113.72 8.08 -3.12 569.8
2000 7 18 12 50240.1 4.840 235.76 113.72 11.05 0.66 606.0
2000 7 19 12 50173.7 2.194 272.78 113.72 8.95 -1.83 588.0
2000 7 20 12 50105.1 0.564 260.42 113.72 10.11 -1.25 552.9
2000 7 21 12 50034.6 3.311 232.10 113.72 10.31 0.55 565.3
2000 7 22 12 49962.0 0.496 234.86 113.72 10.37 -1.11 593.8
2000 7 23 12 49887.4 2.258 228.18 113.72 8.39 -4.80 530.5
2000 7 24 12 49810.8 3.635 252.90 113.72 11.49 0.76 636.5
2000 7 25 12 49732.3 1.047 250.11 113.72 9.15 -1.54 544.7
2000 7 26 12 49651.8 0.226 240.05 113.72 10.80 0.05 526.8
2000 7 27 12 49569.5 0.041 232.42 113.72 9.58 -0.90 608.3
2000 7 28 12 49485.2 1.053 244.26 113.72 12.75 1.50 673.8
2000 7 29 12 49399.1 2.031 282.52 113.72 12.00 2.03 583.7
2000 7 30 12 49311.1 7.315 237.23 113.72 12.99 1.10 612.8
2000 7 31 12 49221.3 2.688 259.24 113.72 12.23 1.42 600.3
2000 8 1 12 49129.8 0.897 236.67 113.72 9.51 -1.79 571.6
2000 8 2 12 49036.5 0.192 254.76 113.72 8.86 -1.13 617.5
2000 8 3 12 48941.4 0.727 248.31 113.72 7.91 -3.52 522.5
2000 8 4 12 48844.7 3.476 237.80 113.72 9.96 -0.78 569.2
2000 8 5 12 48746.2 4.584 246.89 113.72 9.54 -1.19 587.9
2000 8 6 12 48646.2 0.416 254.28 113.72 9.38 -1.26 511.0
2000 8 7 12 48544.5 0.627 236.30 113.72 8.14 -3.25 560.2
2000 8 8 12 48441.3 2.895 231.53 113.72 9.85 -0.65 618.7
2000 8 9 12 48336.4 2.722 243.18 113.72 8.67 -2.11 558.0
2000 8 10 12 48230.1 0.424 256.60 113.72 8.44 -2.08 545.2
2000 8 11 12 48122.3 1.584 210.20 113.72 9.34 -0.20 587.5
2000 8 12 12 48013.0 0.451 210.95 113.72 8.89 -1.81 555.4
2000 8 13 12 47902.3 2.182 250.08 113.72 6.79 -4.81 502.1
2000 8 14 12 47790.2 0.788 219.61 113.72 7.66 -1.57 521.7
2000 8 15 12 47676.7 0.524 245.27 113.72 9.55 -0.47 603.1
2000 8 16 12 47561.9 1.657 215.35 113.72 8.59 -1.69 555.1
2000 8 17 12 47445.8 0.834 217.26 113.72 5.65 -5.30 494.6
2000 8 18 12 47328.5 1.597 238.72 113.72 9.51 -0.70 568.7
2000 8 19 12 47209.9 0.201 232.94 113.72 8.28 -4.16 528.2
2000 8 20 12 47090.2 0.266 203.72 113.72 6.66 -2.90 581.8
2000 8 21 12 46969.3 0.684 228.48 113.72 7.14 -2.94 547.4
2000 8 22 12 46847.3 0.304 208.28 113.72 8.28 -2.66 497.6
2000 8 23 12 46724.2 0.454 223.61 113.72 4.60 -5.50 490.1
2000 8 24 12 46600.0 0.695 216.75 113.72 8.43 -1.88 568.8
2000 8 25 12 46474.8 0.351 212.02 113.72 9.16 -2.45 549.4
2000 8 26 12 46348.7 2.900 204.07 113.72 8.89 -1.77 541.7
2000 8 27 12 46221.7 0.273 187.00 113.72 9.16 -1.34 571.8
2000 8 28 12 46093.7 0.644 201.32 113.72 6.13 -4.78 529.7
2000 8 29 12 45964.9 0.658 219.91 113.72 8.72 -2.26 546.0
2000 8 30 12 45835.3 0.827 215.04 113.72 7.44 -2.64 588.6
2000 8 31 12 45704.9 0.489 194.40 113.72 5.64 -5.02 480.1
2000 9 1 12 45573.7 1.682 222.19 113.72 7.45 -1.84 532.2
2000 9 2 12 45441.8 1.779 209.80 113.72 7.27 -4.06 511.9
2000 9 3 12 45309.3 0.359 212.32 113.72 8.78 -1.69 505.1
2000 9 4 12 45176.2 1.907 186.20 113.72 8.12 -3.42 531.3
2000 9 5 12 45042.4 0.338 227.53 113.72 5.13 -5.12 487.5
2000 9 6 12 44908.2 0.643 206.36 113.72 6.53 -5.16 517.3
2000 9 7 12 44773.4 0.727 220.90 113.72 6.36 -4.21 464.5
2000 9 8 12 44638.1 0.317 187.07 113.72 6.08 -3.77 547.5
2000 9 9 12 44502.5 0.087 167.74 113.72 5.09 -5.67 491.2
2000 9 10 12 44366.4 0.828 179.66 113.72 8.02 -3.58 576.0
2000 9 11 12 44230.0 0.168 208.10 113.72 4.28 -5.76 479.7
2000 9 12 12 44093.3 2.710 174.17 113.72 7.55 -2.96 551.1
2000 9 13 12 43956.3 0.425 212.13 113.72 2.75 -8.12 456.6
2000 9 14 12 43819.1 1.512 177.52 113.72 4.14 -7.43 390.4
2000 9 15 12 43681.7 1.429 192.84 113.72 5.69 -6.40 505.4
2000 9 16 12 43544.2 0.322 189.16 113.72 2.79 -6.21 471.9
2000 9 17 12 43406.5 0.447 179.61 113.72 3.09 -8.17 398.5
2000 9 18 12 43268.9 0.445 178.33 113.72 4.82 -6.78 462.2
2000 9 19 12 43131.1 0.987 166.73 113.72 1.24 -9.31 449.0
2000 9 20 12 42993.5 5.531 209.52 113.72 5.31 -6.30 463.7
2000 9 21 12 42855.8 0.953 186.51 113.72 5.69 -4.71 508.9
2000 9 22 12 42718.3 0.420 153.00 113.72 5.57 -4.15 456.9
2000 9 23 12 42580.9 1.051 155.64 113.72 3.59 -8.06 413.2
2000 9 24 12 42443.7 0.182 182.58 113.72 2.27 -8.77 445.9
2000 9 25 12 42306.7 0.299 173.08 113.72 2.18 -8.28 466.2
2000 9 26 12 42170.0 2.986 144.63 113.72 2.96 -8.81 430.1
2000 9 27 12 42033.6 0.605 208.59 113.72 2.53 -8.99 437.6
2000 9 28 12 41897.5 0.289 127.31 113.72 1.58 -9.32 401.7
2000 9 29 12 41761.9 0.146 160.84 113.72 4.33 -4.90 502.6
2000 9 30 12 41626.6 0.768 166.70 113.72 1.39 -10.09 366.3
2000 10 1 12 41491.8 0.165 154.84 113.72 3.72 -7.31 439.1
2000 10 2 12 41357.6 2.370 176.52 113.72 1.51 -7.30 453.1
2000 10 3 12 41223.8 1.629 170.08 113.72 1.22 -8.94 374.2
2000 10 4 12 41090.7 0.439 163.18 113.72 1.74 -10.41 463.5
2000 10 5 12 40958.2 3.867 158.65 113.72 1.52 -9.47 389.6
2000 10 6 12 40826.3 0.517 166.47 113.72 0.35 -9.99 406.6
2000 10 7 12 40695.1 0.665 153.96 113.72 1.21 -8.44 393.8
2000 10 8 12 40564.7 0.348 133.13 113.72 1.19 -8.50 339.4
2000 10 9 12 40435.1 1.599 169.01 113.72 2.43 -7.92 493.0
2000 10 10 12 40306.3 0.212 179.46 113.72 -0.14 -10.37 394.3
2000 10 11 12 40178.3 0.501 153.20 113.72 -1.63 -13.47 265.5
2000 10 12 12 40051.3 0.419 152.24 113.72 -1.68 -13.03 308.6
2000 10 13 12 39925.2 1.165 148.87 113.72 2.69 -9.15 479.0
2000 10 14 12 39800.0 0.140 128.39 113.72 -3.89 -13.87 337.1
2000 10 15 12 39675.8 0.804 138.77 113.72 -3.06 -13.56 251.4
2000 10 16 12 39552.7 2.749 157.64 113.72 -1.44 -12.16 341.4
2000 10 17 12 39430.7 0.188 148.29 113.72 -2.61 -12.18 351.0
2000 10 18 12 39309.8 1.868 169.03 113.72 -0.67 -11.04 395.0
2000 10 19 12 39190.1 2.264 153.30 113.72 -1.01 -10.90 381.8
2000 10 20 12 39071.5 0.808 134.81 113.72 -3.11 -13.31 281.8
2000 10 21 12 38954.2 0.022 149.86 113.72 -0.26 -10.38 373.4
2000 10 22 12 38838.1 1.885 135.65 113.72 -4.38 -16.01 252.6
2000 10 23 12 38723.3 2.902 112.77 113.72 -4.03 -14.06 341.4
2000 10 24 12 38609.8 4.490 152.03 113.72 -0.78 -11.20 359.8
2000 10 25 12 38497.7 1.137 142.84 113.72 -5.30 -16.43 254.8
2000 10 26 12 38387.0 0.073 178.25 113.72 -3.02 -13.28 326.6
2000 10 27 12 38277.7 1.971 124.99 113.72 -1.40 -11.17 350.8
2000 10 28 12 38169.9 0.103 142.97 113.72 -7.85 -18.73 270.6
2000 10 29 12 38063.6 1.745 119.80 113.72 -4.66 -16.06 312.4
2000 10 30 12 37958.7 2.383 116.85 113.72 -2.94 -14.30 349.1
2000 10 31 12 37855.5 3.381 163.80 113.72 -4.97 -16.88 225.3
2000 11 1 12 37753.8 0.658 96.87 113.72 -4.67 -15.61 298.4
2000 11 2 12 37653.8 0.341 126.21 113.72 -4.68 -15.01 323.4
2000 11 3 12 37555.3 1.291 151.87 113.72 -4.69 -14.11 287.1
2000 11 4 12 37458.6 0.179 101.61 113.72 -6.57 -18.02 204.5
2000 11 5 12 37363.5 0.785 116.16 113.72 -4.41 -14.92 271.8
2000 11 6 12 37270.2 0.550 136.47 113.72 -5.37 -16.16 233.0
2000 11 7 12 37178.7 3.093 103.89 113.72 -7.67 -18.48 261.8
2000 11 8 12 37088.9 4.489 125.97 113.72 -6.85 -18.87 251.2
2000 11 9 12 37000.9 2.152 108.29 113.72 -8.46 -20.07 188.9
2000 11 10 12 36914.8 2.856 139.36 113.72 -6.21 -15.56 286.9
2000 11 11 12 36830.5 1.431 137.99 113.72 -5.99 -15.98 260.0
2000 11 12 12 36748.2 1.329 110.42 113.72 -6.59 -17.17 326.1
2000 11 13 12 36667.7 0.133 73.74 113.72 -6.28 -16.71 252.8
2000 11 14 12 36589.2 1.908 123.77 113.72 -7.09 -17.29 238.3
2000 11 15 12 36512.6 2.845 130.61 113.72 -6.33 -17.49 246.4
2000 11 16 12 36438.0 1.020 122.38 113.72 -7.85 -18.97 181.1
2000 11 17 12 36365.4 1.085 119.75 113.72 -6.78 -18.08 246.5
2000 11 18 12 36294.9 0.039 117.05 113.72 -9.94 -20.61 230.6
2000 11 19 12 36226.3 1.143 107.26 113.72 -10.29 -22.01 154.6
2000 11 20 12 36159.9 3.623 100.24 113.72 -8.24 -19.57 232.6
2000 11 21 12 36095.5 1.961 111.59 113.72 -7.52 -17.91 183.0
2000 11 22 12 36033.3 1.337 106.77 113.72 -9.13 -20.21 167.2
2000 11 23 12 35973.2 0.329 119.94 113.72 -7.93 -20.13 200.3
2000 11 24 12 35915.2 0.832 96.21 113.72 -8.59 -19.69 150.7
2000 11 25 12 35859.3 0.658 101.93 113.72 -12.29 -22.66 156.7
2000 11 26 12 35805.7 0.406 109.03 113.72 -5.90 -16.61 258.6
2000 11 27 12 35754.2 2.083 95.81 113.72 -11.43 -23.58 137.2
2000 11 28 12 35704.9 0.910 85.79 113.72 -11.12 -21.10 171.1
2000 11 29 12 35657.9 3.646 115.83 113.72 -8.14 -19.13 212.4
2000 11 30 12 35613.1 1.472 86.11 113.72 -9.99 -20.52 111.5
2000 12 1 12 35570.6 7.687 108.07 113.72 -11.32 -21.29 141.5
2000 12 2 12 35530.3 0.927 112.84 113.72 -11.02 -21.92 176.8
2000 12 3 12 35492.2 4.689 125.78 113.72 -11.79 -24.11 75.2
2000 12 4 12 35456.5 5.626 138.69 113.72 -11.81 -21.21 146.4
2000 12 5 12 35423.1 0.856 123.53 113.72 -9.57 -22.14 144.2
2000 12 6 12 35391.9 1.430 92.84 113.72 -11.64 -22.71 135.5
2000 12 7 12 35363.1 1.092 98.68 113.72 -12.63 -22.40 173.5
2000 12 8 12 35336.6 0.825 107.41 113.72 -12.31 -23.66 133.6
2000 12 9 12 35312.4 3.100 101.70 113.72 -11.53 -22.84 123.3
2000 12 10 12 35290.6 3.475 104.71 113.72 -12.55 -23.52 78.1
2000 12 11 12 35271.1 0.754 120.90 113.72 -12.02 -22.96 232.5
2000 12 12 12 35253.9 0.743 103.96 113.72 -11.16 -22.64 148.3
2000 12 13 12 35239.2 1.724 115.58 113.72 -12.52 -23.83 150.8
2000 12 14 12 35226.7 1.682 84.76 113.72 -13.21 -23.15 65.6
2000 12 15 12 35216.7 0.184 108.83 113.72 -13.08 -24.30 102.8
2000 12 16 12 35209.0 3.375 76.41 113.72 -10.05 -20.45 178.7
2000 12 17 12 35203.6 0.140 118.23 113.72 -8.99 -20.52 175.7
2000 12 18 12 35200.7 0.687 98.61 113.72 -12.29 -21.98 183.7
2000 12 19 12 35200.1 2.188 80.67 113.72 -11.37 -21.42 163.6
2000 12 20 12 35201.9 3.445 97.21 113.72 -13.97 -24.84 90.3
2000 12 21 12 35206.0 0.648 108.54 113.72 -13.54 -23.83 123.0
2000 12 22 12 35212.5 1.593 82.89 113.72 -12.08 -21.66 167.6
2000 12 23 12 35221.4 1.147 88.38 113.72 -16.39 -27.99 50.0
2000 12 24 12 35232.6 0.003 95.74 113.72 -11.77 -23.41 161.4
2000 12 25 12 35246.3 1.230 114.31 113.72 -13.86 -24.36 95.5
2000 12 26 12 35262.2 0.503 71.78 113.72 -14.71 -26.54 66.1
2000 12 27 12 35280.5 1.886 109.03 113.72 -12.59 -24.63 152.3
2000 12 28 12 35301.2 0.403 98.54 113.72 -11.08 -23.16 224.0
2000 12 29 12 35324.2 1.158 118.67 113.72 -13.78 -24.46 124.8
2000 12 30 12 35349.5 1.689 108.86 113.72 -12.94 -25.37 50.0
2000 12 31 12 35377.2 2.112 123.51 113.72 -12.76 -23.89 113.7
2001 1 1 12 35377.2 1.514 109.28 113.72 -13.08 -26.63 118.9
2001 1 2 12 35407.2 5.772 85.24 113.72 -15.00 -25.45 84.1
2001 1 3 12 35439.5 2.595 110.17 113.72 -13.23 -23.62 152.5
2001 1 4 12 35474.1 3.545 111.47 113.72 -13.34 -24.31 138.4
2001 1 5 12 35511.0 1.797 93.97 113.72 -17.76 -27.61 50.0
2001 1 6 12 35550.1 5.801 96.62 113.72 -12.43 -22.59 205.0
2001 1 7 12 35591.5 0.935 69.04 113.72 -16.01 -27.44 64.0
2001 1 8 12 35635.2 0.916 116.56 113.72 -13.60 -25.10 97.1
2001 1 9 12 35681.2 5.291 103.83 113.72 -11.55 -21.65 162.1
2001 1 10 12 35729.3 11.312 97.81 113.72 -14.23 -24.48 75.2
2001 1 11 12 35779.7 1.829 91.75 113.72 -15.46 -26.48 50.0
2001 1 12 12 35832.2 0.786 99.90 113.72 -13.08 -25.29 63.6
2001 1 13 12 35887.0 1.549 114.45 113.72 -11.84 -21.90 230.3
2001 1 14 12 35943.9 0.042 111.14 113.72 -15.62 -26.37 103.7
2001 1 15 12 36003.0 3.061 103.99 113.72 -17.51 -28.36 50.0
2001 1 16 12 36064.1 0.201 91.22 113.72 -12.21 -25.28 149.6
2001 1 17 12 36127.5 0.994 105.06 113.72 -12.71 -23.09 179.2
2001 1 18 12 36192.9 2.342 98.30 113.72 -13.42 -24.27 95.3
2001 1 19 12 36260.3 2.709 108.16 113.72 -16.70 -27.93 57.3
2001 1 20 12 36329.9 13.909 121.42 113.72 -13.10 -24.57 88.2
2001 1 21 12 36401.5 0.759 104.70 113.72 -12.44 -23.15 167.7
2001 1 22 12 36475.1 2.724 138.58 113.72 -10.75 -21.17 191.3
2001 1 23 12 36550.6 0.516 105.67 113.72 -14.39 -25.50 77.4
2001 1 24 12 36628.2 2.730 89.26 113.72 -13.71 -24.07 81.6
2001 1 25 12 36707.7 4.602 112.42 113.72 -17.16 -28.88 50.0
2001 1 26 12 36789.1 0.536 107.50 113.72 -12.45 -23.78 139.2
2001 1 27 12 36872.4 6.033 168.58 113.72 -12.46 -22.71 184.7
2001 1 28 12 36957.6 3.429 111.28 113.72 -13.24 -24.37 131.6
2001 1 29 12 37044.7 2.370 96.15 113.72 -12.03 -21.46 198.6
2001 1 30 12 37133.6 2.174 119.95 113.72 -14.95 -25.53 66.9
2001 1 31 12 37224.2 3.874 117.79 113.72 -14.06 -25.80 50.0
2001 2 1 12 37316.7 0.350 103.68 113.72 -13.96 -26.01 50.0
2001 2 2 12 37410.8 1.523 127.50 113.72 -11.99 -22.16 148.0
2001 2 3 12 37506.7 2.504 131.56 113.72 -11.91 -23.19 113.0
2001 2 4 12 37604.3 7.298 125.26 113.72 -13.06 -23.12 133.8
2001 2 5 12 37703.6 3.669 121.03 113.72 -13.08 -24.31 135.8
2001 2 6 12 37804.5 0.431 120.52 113.72 -12.59 -23.19 155.0
2001 2 7 12 37906.9 3.830 117.72 113.72 -13.85 -24.92 50.0
2001 2 8 12 38011.0 3.334 108.89 113.72 -11.24 -21.83 240.8
2001 2 9 12 38116.5 1.404 151.44 113.72 -13.88 -24.10 129.7
2001 2 10 12 38223.6 8.306 166.80 113.72 -12.49 -23.27 143.3
2001 2 11 12 38332.2 9.516 115.92 113.72 -13.95 -24.22 111.2
2001 2 12 12 38442.2 3.350 123.38 113.72 -11.55 -23.71 117.4
2001 2 13 12 38553.6 0.774 117.31 113.72 -13.03 -23.50 163.0
2001 2 14 12 38666.4 6.302 148.02 113.72 -9.70 -20.48 161.2
2001 2 15 12 38780.5 0.389 120.58 113.72 -12.89 -23.90 131.1
2001 2 16 12 38896.0 0.861 147.44 113.72 -11.20 -23.92 167.2
2001 2 17 12 39012.7 5.616 144.55 113.72 -13.46 -25.59 93.9
2001 2 18 12 39130.6 0.712 137.01 113.72 -12.87 -23.49 145.6
2001 2 19 12 39249.8 7.822 160.90 113.72 -12.37 -22.89 100.2
2001 2 20 12 39370.1 0.776 136.45 113.72 -11.67 -22.14 181.9
2001 2 21 12 39491.6 1.752 142.95 113.72 -13.21 -24.01 130.8
2001 2 22 12 39614.2 1.560 125.89 113.72 -12.83 -24.59 105.2
2001 2 23 12 39737.8 4.564 108.76 113.72 -11.72 -23.35 154.7
2001 2 24 12 39862.5 4.488 162.53 113.72 -11.14 -23.63 93.1
2001 2 25 12 39988.1 1.510 138.61 113.72 -11.67 -22.37 206.6
2001 2 26 12 40114.7 4.012 166.49 113.72 -11.76 -21.04 266.1
2001 2 27 12 40242.2 2.974 145.14 113.72 -13.35 -24.23 97.4
2001 2 28 12 40370.6 4.892 150.07 113.72 -10.48 -21.89 197.5
2001 3 1 12 40499.8 4.281 156.09 113.72 -9.84 -20.61 183.4
2001 3 2 12 40629.8 0.767 146.21 113.72 -9.52 -20.43 154.5
2001 3 3 12 40760.6 7.951 131.38 113.72 -10.60 -22.79 183.1
2001 3 4 12 40892.1 0.131 143.85 113.72 -11.59 -22.19 147.8
2001 3 5 12 41024.3 1.751 143.99 113.72 -11.02 -21.91 180.2
2001 3 6 12 41157.2 4.040 159.07 113.72 -10.16 -21.10 235.3
2001 3 7 12 41290.6 2.339 177.66 113.72 -10.27 -19.48 226.2
2001 3 8 12 41424.6 2.086 151.36 113.72 -11.36 -22.24 161.4
2001 3 9 12 41559.2 1.706 162.10 113.72 -12.46 -21.81 135.1
2001 3 10 12 41694.2 1.461 168.52 113.72 -10.62 -22.08 129.7
2001 3 11 12 41829.7 7.181 154.38 113.72 -10.04 -22.05 154.9
2001 3 12 12 41965.5 2.122 173.44 113.72 -9.00 -20.45 179.7
2001 3 13 12 42101.8 2.121 185.52 113.72 -9.92 -19.78 224.9
2001 3 14 12 42238.3 1.021 176.29 113.72 -9.51 -20.92 148.9
2001 3 15 12 42375.2 4.375 171.00 113.72 -8.80 -20.74 161.9
2001 3 16 12 42512.3 0.356 160.51 113.72 -6.45 -16.98 255.9
2001 3 17 12 42649.6 11.228 172.72 113.72 -8.88 -19.99 203.2
2001 3 18 12 42787.0 0.769 164.58 113.72 -10.78 -21.12 179.4
2001 3 19 12 42924.6 2.068 168.45 113.72 -9.31 -20.65 181.2
2001 3 20 12 43062.3 3.538 176.79 113.72 -5.39 -16.93 237.9
2001 3 21 12 43200.0 5.926 176.88 113.72 -5.77 -15.25 312.5
2001 3 22 12 43337.7 1.613 196.87 113.72 -6.34 -17.80 279.4
2001 3 23 12 43475.4 1.260 173.93 113.72 -6.51 -17.98 249.7
2001 3 24 12 43613.0 2.710 189.96 113.72 -6.31 -16.74 247.8
2001 3 25 12 43750.4 1.058 178.54 113.72 -7.55 -20.58 130.9
2001 3 26 12 43887.7 1.832 173.21 113.72 -5.71 -15.92 331.4
2001 3 27 12 44024.8 8.557 197.35 113.72 -5.46 -14.83 298.2
2001 3 28 12 44161.7 0.745 195.90 113.72 -5.36 -15.47 330.3
2001 3 29 12 44298.2 0.041 181.98 113.72 -7.33 -18.97 269.9
2001 3 30 12 44434.5 0.928 145.47 113.72 -6.73 -18.11 261.9
2001 3 31 12 44570.3 0.338 210.51 113.72 -7.01 -17.76 273.4
2001 4 1 12 44705.8 4.076 206.72 113.72 -4.36 -14.87 328.9
2001 4 2 12 44840.8 1.226 213.72 113.72 -5.20 -14.71 299.1
2001 4 3 12 44975.4 6.312 215.87 113.72 -4.87 -14.42 277.2
2001 4 4 12 45109.4 1.742 199.31 113.72 -4.40 -15.37 316.5
2001 4 5 12 45242.8 0.345 194.18 113.72 -7.18 -18.41 186.0
2001 4 6 12 45375.7 5.575 174.88 113.72 -3.54 -14.97 288.9
2001 4 7 12 45507.9 0.772 205.11 113.72 -5.47 -15.76 265.6
2001 4 8 12 45639.4 0.039 197.65 113.72 -5.14 -15.07 315.7
2001 4 9 12 45770.2 3.208 193.96 113.72 -5.51 -16.26 281.8
2001 4 10 12 45900.2 0.946 186.62 113.72 -3.94 -14.74 286.0
2001 4 11 12 46029.4 3.433 192.84 113.72 -3.95 -13.06 326.1
2001 4 12 12 46157.8 4.747 189.39 113.72 -5.73 -15.99 338.9
2001 4 13 12 46285.3 2.802 225.75 113.72 -6.13 -18.57 205.1
2001 4 14 12 46411.9 0.994 228.85 113.72 -3.54 -14.37 307.1
2001 4 15 12 46537.5 5.552 202.24 113.72 -1.81 -12.45 368.4
2001 4 16 12 46662.2 0.648 232.99 113.72 -1.75 -12.76 346.8
2001 4 17 12 46785.8 3.351 217.40 113.72 -1.12 -10.91 400.1
2001 4 18 12 46908.4 4.009 239.11 113.72 -2.71 -13.77 357.5
2001 4 19 12 47029.9 2.231 227.25 113.72 -2.74 -14.32 356.7
2001 4 20 12 47150.2 4.484 228.98 113.72 -2.17 -13.53 330.7
2001 4 21 12 47269.4 2.723 224.37 113.72 -0.59 -10.85 395.2
2001 4 22 12 47387.3 3.095 211.05 113.72 0.83 -11.05 385.3
2001 4 23 12 47504.0 4.430 203.24 113.72 -2.07 -13.27 307.8
2001 4 24 12 47619.5 2.540 227.27 113.72 -1.57 -11.70 371.9
2001 4 25 12 47733.6 4.857 223.91 113.72 -0.92 -12.81 294.4
2001 4 26 12 47846.4 6.613 265.46 113.72 -1.16 -12.79 355.4
2001 4 27 12 47957.8 3.287 238.79 113.72 -1.43 -13.58 264.3
2001 4 28 12 48067.8 4.398 216.01 113.72 -0.54 -12.06 329.2
2001 4 29 12 48176.4 2.124 228.50 113.72 -1.33 -12.55 374.6
2001 4 30 12 48283.5 6.558 225.31 113.72 1.14 -9.85 417.0
2001 5 1 12 48389.0 2.773 231.30 113.72 2.47 -9.06 418.2
2001 5 2 12 48493.1 3.961 213.26 113.72 0.04 -11.07 365.1
2001 5 3 12 48595.5 0.316 247.57 113.72 3.16 -6.86 436.9
2001 5 4 12 48696.4 3.612 229.04 113.72 0.70 -9.83 386.2
2001 5 5 12 48795.7 2.226 245.77 113.72 0.02 -9.07 439.1
2001 5 6 12 48893.3 3.442 227.88 113.72 2.29 -9.05 411.5
2001 5 7 12 48989.2 3.748 231.93 113.72 0.08 -11.08 315.8
2001 5 8 12 49083.3 4.065 247.73 113.72 2.59 -8.08 401.4
2001 5 9 12 49175.8 3.532 208.69 113.72 2.24 -8.98 396.1
2001 5 10 12 49266.4 1.541 255.47 113.72 1.44 -9.38 404.5
2001 5 11 12 49355.3 8.039 263.60 113.72 1.48 -10.85 374.1
2001 5 12 12 49442.4 5.152 264.18 113.72 1.13 -9.97 368.9
2001 5 13 12 49527.6 1.680 232.76 113.72 4.18 -5.92 500.0
2001 5 14 12 49610.9 1.578 248.63 113.72 2.48 -6.79 404.7
2001 5 15 12 49692.3 0.454 238.23 113.72 3.47 -6.17 454.3
2001 5 16 12 49771.8 0.736 223.43 113.72 3.18 -7.52 473.1
2001 5 17 12 49849.4 1.588 247.82 113.72 3.06 -7.35 469.1
2001 5 18 12 49924.9 5.601 225.40 113.72 4.05 -6.48 462.2
2001 5 19 12 49998.5 1.379 256.98 113.72 4.51 -6.73 493.5
2001 5 20 12 50070.1 0.426 260.98 113.72 4.13 -7.43 459.1
2001 5 21 12 50139.7 3.022 268.77 113.72 3.82 -6.78 466.5
2001 5 22 12 50207.1 3.206 257.76 113.72 2.65 -8.24 453.3
2001 5 23 12 50272.5 1.349 244.52 113.72 3.55 -6.58 480.6
2001 5 24 12 50335.9 4.780 248.52 113.72 4.17 -8.53 469.3
2001 5 25 12 50397.0 5.015 253.81 113.72 4.82 -6.11 469.4
2001 5 26 12 50456.1 0.108 274.50 113.72 2.36 -7.47 443.3
2001 5 27 12 50513.0 3.089 275.23 113.72 6.07 -4.27 520.4
2001 5 28 12 50567.8 1.463 252.42 113.72 5.78 -5.80 484.6
2001 5 29 12 50620.3 9.769 268.95 113.72 4.59 -7.26 510.6
2001 5 30 12 50670.7 2.871 246.97 113.72 4.25 -6.59 484.0
2001 5 31 12 50718.8 0.761 261.73 113.72 4.75 -5.42 469.9
2001 6 1 12 50764.8 3.094 250.41 113.72 3.95 -6.43 426.6
2001 6 2 12 50808.5 0.671 259.74 113.72 5.58 -5.12 544.7
2001 6 3 12 50849.9 2.147 244.17 113.72 5.98 -4.31 502.5
2001 6 4 12 50889.0 0.499 235.58 113.72 7.77 -2.82 553.5
2001 6 5 12 50925.9 1.007 238.57 113.72 7.25 -3.07 538.1
2001 6 6 12 50960.5 4.169 266.35 113.72 8.55 -1.50 594.3
2001 6 7 12 50992.8 6.208 241.21 113.72 6.99 -4.16 500.2
2001 6 8 12 51022.8 2.035 253.11 113.72 5.60 -5.91 485.3
2001 6 9 12 51050.5 3.156 271.86 113.72 9.71 -0.51 573.5
2001 6 10 12 51075.8 0.804 275.56 113.72 6.76 -4.45 594.4
2001 6 11 12 51098.8 0.383 244.30 113.72 5.05 -7.31 431.2
2001 6 12 12 51119.5 1.754 223.19 113.72 7.82 -1.84 580.1
2001 6 13 12 51137.8 1.627 247.32 113.72 5.23 -5.37 578.1
2001 6 14 12 51153.7 1.192 262.55 113.72 7.61 -3.02 572.5
2001 6 15 12 51167.4 1.123 269.74 113.72 7.14 -3.80 523.3
2001 6 16 12 51178.6 2.407 242.09 113.72 8.76 -1.37 577.6
2001 6 17 12 51187.5 0.722 233.37 113.72 9.52 -2.31 529.4
2001 6 18 12 51194.0 0.522 246.32 113.72 7.71 -3.09 588.7
2001 6 19 12 51198.1 2.013 252.19 113.72 7.71 -2.86 536.0
2001 6 20 12 51199.9 0.159 291.31 113.72 9.55 -0.81 581.5
2001 6 21 12 51199.3 2.155 261.64 113.72 7.36 -4.81 477.5
2001 6 22 12 51196.4 0.792 269.69 113.72 8.71 -1.62 558.2
2001 6 23 12 51191.0 2.589 276.41 113.72 9.52 -1.62 569.6
2001 6 24 12 51183.3 4.078 253.09 113.72 7.61 -3.71 558.5
2001 6 25 12 51173.3 0.483 261.24 113.72 8.43 -3.62 535.7
2001 6 26 12 51160.8 0.967 263.40 113.72 9.12 0.11 635.0
2001 6 27 12 51146.1 3.130 268.56 113.72 11.05 0.15 534.4
2001 6 28 12 51128.9 1.628 257.36 113.72 7.32 -3.29 576.3
2001 6 29 12 51109.4 4.948 274.75 113.72 8.98 -2.66 506.6
2001 6 30 12 51087.6 1.650 275.43 113.72 11.31 -0.71 608.8
2001 7 1 12 51063.4 3.598 254.38 113.72 10.80 0.66 519.9
2001 7 2 12 51036.9 0.236 269.76 113.72 9.00 -2.88 544.4
2001 7 3 12 51008.1 0.419 263.92 113.72 9.37 -0.39 620.6
2001 7 4 12 50976.9 4.174 297.70 113.72 10.22 0.86 592.0
2001 7 5 12 50943.5 0.397 270.88 113.72 10.31 -1.11 578.9
2001 7 6 12 50907.8 4.114 262.87 113.72 11.71 0.54 638.6
2001 7 7 12 50869.7 0.475 248.16 113.72 11.39 -1.45 593.1
2001 7 8 12 50829.4 0.153 240.78 113.72 7.66 -4.53 462.5
2001 7 9 12 50786.9 0.881 263.79 113.72 7.38 -2.91 571.7
2001 7 10 12 50742.1 0.215 229.80 113.72 9.00 -0.80 635.3
2001 7 11 12 50695.1 1.924 279.31 113.72 7.07 -4.36 549.3
2001 7 12 12 50645.8 0.013 223.57 113.72 11.85 0.54 574.0
2001 7 13 12 50594.3 5.044 238.51 113.72 7.66 -4.40 479.4
2001 7 14 12 50540.7 1.128 268.41 113.72 9.48 -2.22 557.8
2001 7 15 12 50484.8 1.926 252.32 113.72 8.64 -1.09 595.7
2001 7 16 12 50426.8 2.132 255.01 113.72 7.59 -2.96 566.8
2001 7 17 12 50366.7 1.216 241.35 113.72 11.75 -0.48 566.6
2001 7 18 12 50304.5 1.538 249.13 113.72 9.13 -1.22 573.4
2001 7 19 12 50240.1 0.663 260.66 113.72 12.86 3.95 654.5
2001 7 20 12 50173.7 2.026 237.25 113.72 12.11 0.99 589.7
2001 7 21 12 50105.1 3.927 245.12 113.72 9.99 -1.34 585.4
2001 7 22 12 50034.6 0.614 248.43 113.72 6.85 -3.48 528.1
2001 7 23 12 49962.0 2.181 243.56 113.72 9.48 -0.52 603.3
2001 7 24 12 49887.4 2.496 258.14 113.72 13.40 3.26 648.1
2001 7 25 12 49810.8 0.553 253.00 113.72 10.60 -0.45 611.1
2001 7 26 12 49732.3 0.876 243.75 113.72 9.69 -1.45 537.3
2001 7 27 12 49651.8 0.824 218.93 113.72 9.00 -3.18 522.8
2001 7 28 12 49569.5 0.717 261.42 113.72 11.22 -0.56 555.6
2001 7 29 12 49485.2 0.379 229.00 113.72 10.42 -0.09 606.7
2001 7 30 12 49399.1 0.873 268.63 113.72 10.26 -0.97 635.0
2001 7 31 12 49311.1 0.659 228.44 113.72 11.50 0.90 629.0
2001 8 1 12 49221.3 2.692 244.03 113.72 11.38 0.39 604.7
2001 8 2 12 49129.8 1.095 248.84 113.72 10.37 -0.38 586.4
2001 8 3 12 49036.5 0.404 235.42 113.72 7.29 -3.50 512.6
2001 8 4 12 48941.4 2.747 242.09 113.72 8.14 -2.06 591.9
2001 8 5 12 48844.7 2.295 232.21 113.72 8.64 -1.48 582.7
2001 8 6 12 48746.2 0.643 263.80 113.72 9.45 -1.37 522.5
2001 8 7 12 48646.2 0.979 237.49 113.72 11.69 0.73 647.2
2001 8 8 12 48544.5 2.537 231.70 113.72 12.46 1.63 606.5
2001 8 9 12 48441.3 1.754 236.08 113.72 9.90 -1.53 549.8
2001 8 10 12 48336.4 0.072 248.35 113.72 10.07 0.14 614.8
2001 8 11 12 48230.1 0.240 236.16 113.72 6.90 -4.35 495.1
2001 8 12 12 48122.3 0.419 231.97 113.72 8.46 -2.47 617.9
2001 8 13 12 48013.0 0.476 206.61 113.72 8.18 -2.48 543.3
2001 8 14 12 47902.3 0.709 244.35 113.72 7.97 -2.58 567.4
2001 8 15 12 47790.2 1.112 231.16 113.72 9.71 -0.88 536.2
2001 8 16 12 47676.7 0.698 218.09 113.72 8.07 -2.84 524.8
2001 8 17 12 47561.9 2.016 228.52 113.72 5.81 -3.67 522.7
2001 8 18 12 47445.8 0.469 243.32 113.72 9.82 -0.92 611.6
2001 8 19 12 47328.5 1.992 232.01 113.72 10.27 -0.74 553.0
2001 8 20 12 47209.9 0.945 249.63 113.72 8.79 -0.57 624.5
2001 8 21 12 47090.2 0.884 232.02 113.72 8.00 -3.42 535.4
2001 8 22 12 46969.3 1.457 188.75 113.72 6.79 -2.57 558.4
2001 8 23 12 46847.3 1.253 235.39 113.72 6.78 -5.62 465.2
2001 8 24 12 46724.2 0.664 189.09 113.72 9.52 -1.60 539.1
2001 8 25 12 46600.0 0.299 234.26 113.72 6.68 -5.46 425.5
2001 8 26 12 46474.8 2.273 226.03 113.72 10.70 -1.19 585.1
2001 8 27 12 46348.7 0.809 236.69 113.72 8.98 -1.46 589.6
2001 8 28 12 46221.7 0.815 216.86 113.72 7.94 -2.63 536.5
2001 8 29 12 46093.7 4.640 213.23 113.72 11.37 0.08 554.2
2001 8 30 12 45964.9 1.918 226.23 113.72 9.08 -0.41 575.1
2001 8 31 12 45835.3 0.592 188.70 113.72 6.39 -3.51 541.1
2001 9 1 12 45704.9 0.735 205.65 113.72 5.36 -5.48 495.9
2001 9 2 12 45573.7 0.255 200.29 113.72 6.12 -6.13 497.6
2001 9 3 12 45441.8 0.152 195.98 113.72 6.46 -3.57 480.0
2001 9 4 12 45309.3 0.590 192.53 113.72 5.33 -5.86 470.7
2001 9 5 12 45176.2 1.141 202.13 113.72 4.63 -5.93 478.3
2001 9 6 12 45042.4 0.279 209.20 113.72 6.52 -3.64 546.2
2001 9 7 12 44908.2 1.552 219.39 113.72 7.35 -3.77 506.5
2001 9 8 12 44773.4 0.200 191.46 113.72 8.65 -1.13 593.5
2001 9 9 12 44638.1 0.602 188.87 113.72 5.82 -5.28 465.8
2001 9 10 12 44502.5 1.436 150.71 113.72 6.45 -3.92 528.1
2001 9 11 12 44366.4 3.513 213.63 113.72 2.61 -7.59 439.4
2001 9 12 12 44230.0 2.536 169.93 113.72 6.51 -3.56 518.2
2001 9 13 12 44093.3 2.096 196.14 113.72 3.54 -5.86 555.1
2001 9 14 12 43956.3 0.845 191.95 113.72 5.34 -6.12 467.7
2001 9 15 12 43819.1 1.666 201.05 113.72 4.65 -7.06 446.2
2001 9 16 12 43681.7 0.560 171.62 113.72 4.18 -6.88 419.7
2001 9 17 12 43544.2 1.386 192.05 113.72 2.14 -6.22 505.3
2001 9 18 12 43406.5 0.136 206.49 113.72 3.06 -6.66 450.4
2001 9 19 12 43268.9 1.074 184.18 113.72 2.58 -8.66 425.9
2001 9 20 12 43131.1 0.136 166.17 113.72 2.94 -8.13 412.0
2001 9 21 12 42993.5 2.062 155.93 113.72 5.43 -5.38 504.8
2001 9 22 12 42855.8 1.655 198.89 113.72 2.94 -7.64 475.2
2001 9 23 12 42718.3 2.903 168.60 113.72 2.28 -8.01 479.1
2001 9 24 12 42580.9 0.175 170.20 113.72 4.07 -6.18 472.9
2001 9 25 12 42443.7 4.967 210.36 113.72 3.40 -6.44 453.4
2001 9 26 12 42306.7 0.798 184.91 113.72 5.77 -3.43 511.7
2001 9 27 12 42170.0 2.128 186.89 113.72 4.05 -6.86 463.4
2001 9 28 12 42033.6 0.268 192.96 113.72 -0.64 -11.61 375.3
2001 9 29 12 41897.5 1.247 143.58 113.72 3.36 -7.74 461.6
2001 9 30 12 41761.9 0.728 188.64 113.72 2.98 -8.04 413.8
2001 10 1 12 41626.6 1.777 189.33 113.72 4.25 -6.26 478.9
2001 10 2 12 41491.8 0.051 156.23 113.72 1.26 -9.03 388.8
2001 10 3 12 41357.6 0.247 172.86 113.72 3.01 -6.41 467.9
2001 10 4 12 41223.8 2.483 174.75 113.72 0.63 -10.74 427.2
2001 10 5 12 41090.7 0.243 148.29 113.72 1.40 -9.11 410.9
2001 10 6 12 40958.2 0.786 171.30 113.72 -0.82 -12.29 327.6
2001 10 7 12 40826.3 0.677 146.73 113.72 -1.50 -11.98 371.0
2001 10 8 12 40695.1 1.225 193.83 113.72 1.66 -7.00 486.9
2001 10 9 12 40564.7 0.339 156.07 113.72 0.16 -10.75 362.0
2001 10 10 12 40435.1 2.847 160.86 113.72 -1.97 -10.81 343.2
2001 10 11 12 40306.3 1.292 126.65 113.72 0.97 -10.50 365.7
2001 10 12 12 40178.3 3.183 155.72 113.72 -4.56 -15.73 272.3
2001 10 13 12 40051.3 1.995 166.81 113.72 -1.87 -12.95 386.6
2001 10 14 12 39925.2 1.258 133.83 113.72 -3.36 -14.02 277.5
2001 10 15 12 39800.0 1.761 138.17 113.72 0.73 -10.20 345.3
2001 10 16 12 39675.8 1.763 134.10 113.72 -1.93 -12.12 365.8
2001 10 17 12 39552.7 3.316 126.21 113.72 -1.37 -14.36 291.4
2001 10 18 12 39430.7 1.209 122.88 113.72 -1.23 -12.82 313.9
2001 10 19 12 39309.8 0.677 156.54 113.72 -0.68 -9.97 420.1
2001 10 20 12 39190.1 0.004 120.92 113.72 -1.06 -12.99 343.0
2001 10 21 12 39071.5 1.140 111.96 113.72 -1.11 -12.19 386.3
2001 10 22 12 38954.2 0.751 129.56 113.72 -2.91 -13.22 357.5
2001 10 23 12 38838.1 2.125 137.13 113.72 -1.44 -12.28 318.2
2001 10 24 12 38723.3 1.130 143.94 113.72 -3.91 -15.39 241.8
2001 10 25 12 38609.8 1.159 120.79 113.72 -3.74 -14.18 349.9
2001 10 26 12 38497.7 1.168 124.15 113.72 -5.65 -15.78 280.7
2001 10 27 12 38387.0 2.589 139.98 113.72 -1.03 -12.31 444.3
2001 10 28 12 38277.7 0.311 144.34 113.72 -5.24 -15.71 314.7
2001 10 29 12 38169.9 4.000 148.35 113.72 -1.84 -11.95 402.2
2001 10 30 12 38063.6 3.905 135.83 113.72 -3.35 -13.29 305.9
2001 10 31 12 37958.7 0.464 102.72 113.72 -4.06 -14.57 306.2
2001 11 1 12 37855.5 1.034 113.43 113.72 -4.01 -13.44 355.4
2001 11 2 12 37753.8 0.149 144.35 113.72 -6.36 -17.12 255.0
2001 11 3 12 37653.8 1.828 151.10 113.72 -2.56 -14.14 318.8
2001 11 4 12 37555.3 0.279 122.24 113.72 -5.71 -16.68 273.7
2001 11 5 12 37458.6 6.603 119.95 113.72 -3.84 -13.67 304.8
2001 11 6 12 37363.5 1.766 106.62 113.72 -6.38 -17.89 215.7
2001 11 7 12 37270.2 1.632 142.01 113.72 -7.90 -20.50 184.5
2001 11 8 12 37178.7 0.967 103.91 113.72 -2.98 -13.41 319.4
2001 11 9 12 37088.9 1.466 148.31 113.72 -7.05 -18.21 209.5
2001 11 10 12 37000.9 2.468 116.78 113.72 -5.65 -14.65 303.2
2001 11 11 12 36914.8 2.569 104.25 113.72 -11.07 -21.66 127.6
2001 11 12 12 36830.5 0.411 89.56 113.72 -6.83 -16.64 290.1
2001 11 13 12 36748.2 0.509 111.42 113.72 -6.01 -17.20 273.7
2001 11 14 12 36667.7 0.911 112.78 113.72 -6.89 -17.21 276.3
2001 11 15 12 36589.2 4.155 109.11 113.72 -7.43 -17.94 216.1
2001 11 16 12 36512.6 4.368 113.20 113.72 -7.79 -17.48 221.4
2001 11 17 12 36438.0 0.433 133.16 113.72 -6.35 -16.99 299.7
2001 11 18 12 36365.4 2.205 120.94 113.72 -9.78 -20.99 174.2
2001 11 19 12 36294.9 2.091 113.87 113.72 -8.37 -18.34 250.3
2001 11 20 12 36226.3 1.166 127.39 113.72 -6.04 -17.41 217.2
2001 11 21 12 36159.9 2.507 95.85 113.72 -10.59 -22.05 150.5
2001 11 22 12 36095.5 3.135 119.66 113.72 -8.70 -19.54 245.0
2001 11 23 12 36033.3 0.428 118.75 113.72 -10.37 -21.43 175.4
2001 11 24 12 35973.2 0.110 130.23 113.72 -8.43 -19.22 208.1
2001 11 25 12 35915.2 0.333 86.59 113.72 -9.00 -20.34 210.2
2001 11 26 12 35859.3 1.004 93.60 113.72 -10.64 -20.54 198.7
2001 11 27 12 35805.7 1.269 93.90 113.72 -9.35 -19.26 277.3
2001 11 28 12 35754.2 3.650 112.71 113.72 -9.45 -19.58 209.6
2001 11 29 12 35704.9 1.526 108.41 113.72 -10.62 -20.83 202.8
2001 11 30 12 35657.9 1.050 113.10 113.72 -10.49 -22.77 140.7
2001 12 1 12 35613.1 0.107 72.53 113.72 -10.99 -21.70 136.4
2001 12 2 12 35570.6 4.860 125.79 113.72 -13.59 -23.70 138.6
2001 12 3 12 35530.3 0.513 106.83 113.72 -8.93 -18.66 182.9
2001 12 4 12 35492.2 5.325 111.21 113.72 -8.67 -19.64 236.8
2001 12 5 12 35456.5 0.976 108.12 113.72 -13.24 -22.99 100.6
2001 12 6 12 35423.1 0.412 92.81 113.72 -8.94 -19.50 183.5
2001 12 7 12 35391.9 1.819 109.69 113.72 -10.29 -23.16 107.8
2001 12 8 12 35363.1 0.658 102.77 113.72 -12.69 -23.56 147.3
2001 12 9 12 35336.6 1.322 102.31 113.72 -11.48 -22.95 107.4
2001 12 10 12 35312.4 1.810 108.52 113.72 -12.36 -23.65 142.3
2001 12 11 12 35290.6 3.760 99.37 113.72 -10.04 -20.00 179.8
2001 12 12 12 35271.1 8.522 80.30 113.72 -12.93 -23.49 126.6
2001 12 13 12 35253.9 3.490 97.82 113.72 -8.49 -19.71 189.7
2001 12 14 12 35239.2 0.221 124.77 113.72 -10.06 -21.40 241.8
2001 12 15 12 35226.7 1.132 91.97 113.72 -13.75 -24.20 66.0
2001 12 16 12 35216.7 1.765 101.58 113.72 -9.57 -20.52 204.3
2001 12 17 12 35209.0 2.338 112.60 113.72 -11.05 -21.29 173.9
2001 12 18 12 35203.6 3.058 131.83 113.72 -12.48 -23.94 97.8
2001 12 19 12 35200.7 1.875 96.17 113.72 -11.34 -22.45 162.9
2001 12 20 12 35200.1 1.292 81.59 113.72 -11.07 -22.77 115.8
2001 12 21 12 35201.9 0.793 110.11 113.72 -13.70 -24.94 69.0
2001 12 22 12 35206.0 4.752 87.88 113.72 -11.40 -20.46 156.4
2001 12 23 12 35212.5 6.558 104.55 113.72 -13.40 -24.79 106.7
2001 12 24 12 35221.4 0.604 109.30 113.72 -11.62 -22.80 126.1
2001 12 25 12 35232.6 6.552 93.14 113.72 -13.13 -24.59 82.2
2001 12 26 12 35246.3 2.537 96.38 113.72 -14.52 -25.47 100.9
2001 12 27 12 35262.2 2.805 112.91 113.72 -12.15 -23.00 172.3
2001 12 28 12 35280.5 2.575 117.19 113.72 -13.74 -23.56 86.2
2001 12 29 12 35301.2 0.153 101.68 113.72 -13.01 -24.14 127.2
2001 12 30 12 35324.2 2.325 103.77 113.72 -12.70 -23.41 147.5
2001 12 31 12 35349.5 7.951 84.64 113.72 -11.18 -23.48 168.7
2002 1 1 12 35377.2 3.158 103.54 113.72 -14.10 -25.59 79.5
2002 1 2 12 35407.2 1.576 96.20 113.72 -14.78 -24.71 152.2
2002 1 3 12 35439.5 1.157 103.57 113.72 -11.09 -22.58 166.0
2002 1 4 12 35474.1 0.556 124.01 113.72 -13.61 -23.80 67.7
2002 1 5 12 35511.0 6.266 86.22 113.72 -14.48 -26.02 88.5
2002 1 6 12 35550.1 2.106 121.13 113.72 -13.17 -24.11 117.3
2002 1 7 12 35591.5 0.262 106.84 113.72 -14.27 -23.70 155.5
2002 1 8 12 35635.2 0.428 103.95 113.72 -14.20 -24.40 147.4
2002 1 9 12 35681.2 4.796 91.78 113.72 -9.97 -22.33 124.2
2002 1 10 12 35729.3 4.165 109.49 113.72 -15.35 -23.57 155.8
2002 1 11 12 35779.7 0.866 138.37 113.72 -16.05 -27.68 50.0
2002 1 12 12 35832.2 10.124 68.11 113.72 -12.08 -21.39 151.0
2002 1 13 12 35887.0 0.513 77.54 113.72 -14.51 -25.67 130.1
2002 1 14 12 35943.9 3.364 104.79 113.72 -13.48 -25.26 80.4
2002 1 15 12 36003.0 0.746 112.93 113.72 -13.02 -24.18 117.4
2002 1 16 12 36064.1 5.766 122.73 113.72 -16.61 -27.93 50.0
2002 1 17 12 36127.5 2.606 116.06 113.72 -12.28 -23.52 145.0
2002 1 18 12 36192.9 3.907 85.39 113.72 -14.84 -25.59 127.7
2002 1 19 12 36260.3 0.394 119.85 113.72 -11.15 -21.57 216.9
2002 1 20 12 36329.9 0.617 108.71 113.72 -15.19 -24.86 130.0
2002 1 21 12 36401.5 7.807 125.29 113.72 -11.64 -22.27 103.9
2002 1 22 12 36475.1 1.577 101.99 113.72 -11.36 -22.10 201.7
2002 1 23 12 36550.6 1.011 90.53 113.72 -14.70 -26.08 96.4
2002 1 24 12 36628.2 2.236 107.52 113.72 -14.24 -25.26 127.7
2002 1 25 12 36707.7 5.301 122.44 113.72 -14.40 -25.60 78.9
2002 1 26 12 36789.1 6.695 121.64 113.72 -11.63 -23.53 129.1
2002 1 27 12 36872.4 5.183 116.98 113.72 -13.61 -22.37 181.1
2002 1 28 12 36957.6 3.956 108.40 113.72 -13.05 -23.66 187.2
2002 1 29 12 37044.7 7.068 116.47 113.72 -14.03 -24.62 113.3
2002 1 30 12 37133.6 13.206 141.56 113.72 -13.07 -22.89 104.7
2002 1 31 12 37224.2 2.240 158.52 113.72 -12.93 -25.79 102.0
2002 2 1 12 37316.7 2.561 127.55 113.72 -14.58 -23.59 122.5
2002 2 2 12 37410.8 4.921 137.49 113.72 -10.98 -22.47 118.9
2002 2 3 12 37506.7 12.671 112.16 113.72 -13.89 -25.40 88.0
2002 2 4 12 37604.3 2.283 144.34 113.72 -11.99 -23.22 149.9
2002 2 5 12 37703.6 12.160 119.80 113.72 -15.37 -25.38 124.0
2002 2 6 12 37804.5 2.895 107.04 113.72 -12.39 -21.47 156.1
2002 2 7 12 37906.9 0.557 144.35 113.72 -11.75 -21.24 162.0
2002 2 8 12 38011.0 0.782 129.45 113.72 -12.88 -24.06 115.7
2002 2 9 12 38116.5 10.894 150.07 113.72 -11.59 -23.83 176.1
2002 2 10 12 38223.6 3.082 142.63 113.72 -14.19 -25.32 133.8
2002 2 11 12 38332.2 2.509 111.92 113.72 -12.34 -23.65 143.8
2002 2 12 12 38442.2 3.647 135.19 113.72 -15.25 -27.37 68.5
2002 2 13 12 38553.6 2.856 120.08 113.72 -12.66 -23.00 130.7
2002 2 14 12 38666.4 2.184 153.62 113.72 -13.98 -24.78 127.5
2002 2 15 12 38780.5 2.036 137.10 113.72 -12.81 -23.21 106.1
2002 2 16 12 38896.0 2.568 127.09 113.72 -10.54 -20.75 199.3
2002 2 17 12 39012.7 0.673 107.67 113.72 -9.90 -20.16 135.9
2002 2 18 12 39130.6 0.713 156.80 113.72 -14.33 -25.18 50.0
2002 2 19 12 39249.8 0.235 135.36 113.72 -10.44 -19.93 143.5
2002 2 20 12 39370.1 3.822 137.77 113.72 -10.10 -21.29 230.6
2002 2 21 12 39491.6 3.065 150.17 113.72 -11.60 -22.91 137.0
2002 2 22 12 39614.2 1.238 130.88 113.72 -9.94 -20.92 141.0
2002 2 23 12 39737.8 0.657 122.61 113.72 -12.48 -22.85 216.1
2002 2 24 12 39862.5 2.720 149.52 113.72 -12.51 -22.76 121.5
2002 2 25 12 39988.1 1.495 133.92 113.72 -12.38 -23.45 146.7
2002 2 26 12 40114.7 2.656 147.99 113.72 -10.42 -21.48 147.0
2002 2 27 12 40242.2 0.743 137.44 113.72 -11.51 -21.27 198.5
2002 2 28 12 40370.6 3.429 131.32 113.72 -12.31 -24.15 116.5
2002 3 1 12 40499.8 2.151 128.38 113.72 -12.10 -20.70 163.5
2002 3 2 12 40629.8 5.276 155.81 113.72 -10.96 -22.00 119.9
2002 3 3 12 40760.6 0.329 172.05 113.72 -12.10 -23.06 117.5
2002 3 4 12 40892.1 1.493 171.59 113.72 -9.68 -20.19 166.1
2002 3 5 12 41024.3 1.276 158.62 113.72 -8.75 -19.12 164.7
2002 3 6 12 41157.2 4.306 180.94 113.72 -8.93 -20.26 216.9
2002 3 7 12 41290.6 6.498 152.87 113.72 -5.88 -16.41 305.3
2002 3 8 12 41424.6 2.899 174.53 113.72 -9.48 -21.02 159.1
2002 3 9 12 41559.2 2.068 156.21 113.72 -7.40 -18.68 164.0
2002 3 10 12 41694.2 5.281 154.05 113.72 -9.51 -21.59 179.1
2002 3 11 12 41829.7 1.656 178.44 113.72 -10.04 -20.73 190.1
2002 3 12 12 41965.5 10.187 174.14 113.72 -9.29 -20.23 165.4
2002 3 13 12 42101.8 0.979 178.46 113.72 -9.05 -21.46 169.0
2002 3 14 12 42238.3 0.062 148.06 113.72 -9.32 -20.67 103.9
2002 3 15 12 42375.2 0.314 187.19 113.72 -10.59 -21.42 171.9
2002 3 16 12 42512.3 1.551 183.28 113.72 -10.27 -20.38 187.8
2002 3 17 12 42649.6 14.446 168.45 113.72 -6.93 -18.75 264.8
2002 3 18 12 42787.0 0.717 184.61 113.72 -7.20 -18.25 242.7
2002 3 19 12 42924.6 10.007 193.69 113.72 -5.61 -17.29 256.9
2002 3 20 12 43062.3 2.835 167.58 113.72 -8.69 -18.91 280.7
2002 3 21 12 43200.0 0.708 169.06 113.72 -8.65 -19.99 176.4
2002 3 22 12 43337.7 1.710 177.05 113.72 -9.47 -19.85 158.1
2002 3 23 12 43475.4 5.716 149.43 113.72 -5.98 -17.07 286.1
2002 3 24 12 43613.0 1.948 189.08 113.72 -8.72 -20.88 213.8
2002 3 25 12 43750.4 0.731 199.17 113.72 -7.24 -18.10 270.2
2002 3 26 12 43887.7 1.554 195.43 113.72 -6.54 -18.28 227.3
2002 3 27 12 44024.8 6.877 195.44 113.72 -9.16 -19.07 197.3
2002 3 28 12 44161.7 17.724 204.97 113.72 -5.46 -14.81 266.5
2002 3 29 12 44298.2 5.373 189.48 113.72 -4.92 -15.21 269.1
2002 3 30 12 44434.5 10.377 168.77 113.72 -5.83 -17.14 212.0
2002 3 31 12 44570.3 5.215 195.64 113.72 -6.18 -16.96 247.6
2002 4 1 12 44705.8 5.159 214.58 113.72 -5.90 -16.47 320.3
2002 4 2 12 44840.8 4.123 201.83 113.72 -3.56 -13.49 313.8
2002 4 3 12 44975.4 3.451 192.17 113.72 -5.38 -16.33 277.2
2002 4 4 12 45109.4 0.979 210.86 113.72 -5.29 -15.77 301.1
2002 4 5 12 45242.8 2.459 206.22 113.72 -6.09 -18.24 224.4
2002 4 6 12 45375.7 5.233 198.52 113.72 -9.06 -19.67 195.6
2002 4 7 12 45507.9 3.425 204.86 113.72 -3.02 -14.51 348.4
2002 4 8 12 45639.4 0.222 199.63 113.72 -4.47 -15.23 301.0
2002 4 9 12 45770.2 6.556 214.92 113.72 -5.57 -17.20 289.8
2002 4 10 12 45900.2 4.230 193.50 113.72 -0.89 -11.36 444.4
2002 4 11 12 46029.4 6.183 213.24 113.72 -3.19 -13.48 304.3
2002 4 12 12 46157.8 0.649 222.62 113.72 -3.96 -14.94 296.5
2002 4 13 12 46285.3 1.832 214.42 113.72 -1.92 -13.41 326.8
2002 4 14 12 46411.9 3.492 215.86 113.72 -2.69 -13.03 324.6
2002 4 15 12 46537.5 8.571 214.43 113.72 -2.51 -12.06 345.8
2002 4 16 12 46662.2 3.031 222.64 113.72 -3.74 -13.00 382.1
2002 4 17 12 46785.8 11.738 210.47 113.72 -1.57 -12.06 361.8
2002 4 18 12 46908.4 1.344 215.13 113.72 -1.00 -11.58 443.1
2002 4 19 12 47029.9 3.847 204.78 113.72 -3.11 -14.96 288.5
2002 4 20 12 47150.2 0.128 215.45 113.72 -4.84 -14.59 353.4
2002 4 21 12 47269.4 5.244 190.63 113.72 -0.37 -13.03 392.2
2002 4 22 12 47387.3 7.863 222.30 113.72 -0.64 -10.49 387.7
2002 4 23 12 47504.0 3.145 232.28 113.72 -0.12 -10.90 395.5
2002 4 24 12 47619.5 0.432 223.19 113.72 -1.11 -13.85 349.5
2002 4 25 12 47733.6 2.232 239.15 113.72 0.48 -10.06 382.2
2002 4 26 12 47846.4 1.245 246.49 113.72 -1.74 -12.67 396.6
2002 4 27 12 47957.8 1.424 227.34 113.72 -0.84 -12.00 335.7
2002 4 28 12 48067.8 2.173 213.73 113.72 -1.92 -12.94 325.6
2002 4 29 12 48176.4 0.390 246.14 113.72 1.59 -9.23 400.2
2002 4 30 12 48283.5 2.761 244.17 113.72 -0.01 -10.83 390.1
2002 5 1 12 48389.0 1.321 238.62 113.72 0.61 -11.37 382.4
2002 5 2 12 48493.1 3.315 225.06 113.72 1.11 -9.37 393.6
2002 5 3 12 48595.5 3.298 239.62 113.72 0.31 -10.80 380.6
2002 5 4 12 48696.4 0.573 230.29 113.72 2.10 -7.43 417.9
2002 5 5 12 48795.7 1.525 224.95 113.72 3.55 -6.56 503.7
2002 5 6 12 48893.3 1.446 242.32 113.72 2.73 -7.29 475.1
2002 5 7 12 48989.2 1.969 223.29 113.72 -1.12 -10.43 380.9
2002 5 8 12 49083.3 6.398 250.17 113.72 1.82 -8.39 426.5
2002 5 9 12 49175.8 0.934 243.98 113.72 2.09 -8.83 403.5
2002 5 10 12 49266.4 1.459 238.99 113.72 3.91 -8.93 393.5
2002 5 11 12 49355.3 3.158 240.93 113.72 1.42 -9.19 383.8
2002 5 12 12 49442.4 2.132 226.33 113.72 0.88 -8.54 401.4
2002 5 13 12 49527.6 4.457 228.08 113.72 3.88 -6.20 504.7
2002 5 14 12 49610.9 2.992 270.10 113.72 2.79 -8.42 462.7
2002 5 15 12 49692.3 1.391 242.66 113.72 2.07 -8.68 385.3
2002 5 16 12 49771.8 2.260 224.36 113.72 2.80 -8.44 452.1
2002 5 17 12 49849.4 5.350 260.27 113.72 1.26 -9.29 377.5
2002 5 18 12 49924.9 0.400 231.88 113.72 3.82 -7.39 475.1
2002 5 19 12 49998.5 0.463 256.63 113.72 3.29 -6.36 475.3
2002 5 20 12 50070.1 0.557 270.81 113.72 4.72 -5.98 464.8
2002 5 21 12 50139.7 1.387 246.14 113.72 3.80 -6.80 477.4
2002 5 22 12 50207.1 1.564 267.44 113.72 4.33 -7.13 497.9
2002 5 23 12 50272.5 5.772 261.73 113.72 3.77 -7.36 396.5
2002 5 24 12 50335.9 1.010 274.96 113.72 4.25 -7.48 484.6
2002 5 25 12 50397.0 0.205 260.70 113.72 3.11 -6.56 444.9
2002 5 26 12 50456.1 4.947 244.63 113.72 6.52 -4.69 548.9
2002 5 27 12 50513.0 0.933 221.89 113.72 5.07 -5.60 514.0
2002 5 28 12 50567.8 3.400 241.80 113.72 2.32 -9.72 371.9
2002 5 29 12 50620.3 4.150 246.67 113.72 3.09 -8.70 408.6
2002 5 30 12 50670.7 2.154 269.60 113.72 7.18 -3.82 538.0
2002 5 31 12 50718.8 1.616 273.40 113.72 5.72 -5.33 521.8
2002 6 1 12 50764.8 0.653 239.21 113.72 5.91 -4.69 520.4
2002 6 2 12 50808.5 0.621 274.43 113.72 6.09 -3.10 549.7
2002 6 3 12 50849.9 4.095 244.90 113.72 6.98 -5.44 472.1
2002 6 4 12 50889.0 2.386 244.39 113.72 8.69 -1.33 574.5
2002 6 5 12 50925.9 4.038 236.51 113.72 7.21 -3.19 533.9
2002 6 6 12 50960.5 0.922 262.67 113.72 7.14 -4.15 472.0
2002 6 7 12 50992.8 4.661 249.14 113.72 5.97 -5.18 506.5
2002 6 8 12 51022.8 6.141 277.92 113.72 4.65 -5.25 483.9
2002 6 9 12 51050.5 0.285 244.88 113.72 7.81 -3.04 580.5
2002 6 10 12 51075.8 0.311 269.74 113.72 8.07 -2.99 575.3
2002 6 11 12 51098.8 3.141 240.80 113.72 9.01 -2.63 553.0
2002 6 12 12 51119.5 1.788 274.67 113.72 10.06 -1.41 604.9
2002 6 13 12 51137.8 1.189 261.13 113.72 5.88 -5.90 500.5
2002 6 14 12 51153.7 3.475 263.93 113.72 6.82 -3.27 533.8
2002 6 15 12 51167.4 0.703 254.30 113.72 8.86 -2.57 506.2
2002 6 16 12 51178.6 0.753 253.56 113.72 7.98 -3.78 519.6
2002 6 17 12 51187.5 0.322 267.33 113.72 10.25 -0.41 581.8
2002 6 18 12 51194.0 3.721 287.07 113.72 7.91 -3.55 525.8
2002 6 19 12 51198.1 0.224 244.24 113.72 11.31 1.74 628.0
2002 6 20 12 51199.9 3.272 254.89 113.72 8.49 -2.27 587.6
2002 6 21 12 51199.3 2.403 250.80 113.72 10.95 0.32 642.7
2002 6 22 12 51196.4 3.291 237.29 113.72 5.00 -5.64 472.7
2002 6 23 12 51191.0 0.338 237.05 113.72 9.43 -0.91 542.1
2002 6 24 12 51183.3 1.209 248.85 113.72 8.83 -1.40 542.9
2002 6 25 12 51173.3 0.508 253.79 113.72 5.74 -5.03 536.6
2002 6 26 12 51160.8 4.655 280.85 113.72 8.95 -2.67 575.4
2002 6 27 12 51146.1 1.406 274.30 113.72 7.20 -3.73 491.3
2002 6 28 12 51128.9 0.691 246.98 113.72 8.35 -2.40 508.0
2002 6 29 12 51109.4 0.449 270.69 113.72 9.66 -2.44 533.4
2002 6 30 12 51087.6 1.524 246.89 113.72 9.09 -3.39 586.1
2002 7 1 12 51063.4 0.675 257.32 113.72 9.88 -1.89 574.8
2002 7 2 12 51036.9 0.762 263.23 113.72 9.65 -2.71 538.7
2002 7 3 12 51008.1 1.026 289.73 113.72 13.01 1.82 632.6
2002 7 4 12 50976.9 6.441 261.80 113.72 9.92 -1.50 513.6
2002 7 5 12 50943.5 1.217 235.26 113.72 9.76 -0.97 571.8
2002 7 6 12 50907.8 0.603 268.24 113.72 10.27 0.04 638.0
2002 7 7 12 50869.7 1.184 273.76 113.72 9.65 -0.92 569.8
2002 7 8 12 50829.4 0.469 269.62 113.72 7.36 -3.09 530.8
2002 7 9 12 50786.9 3.947 240.96 113.72 10.81 0.77 625.3
2002 7 10 12 50742.1 2.180 257.29 113.72 11.75 0.69 580.1
2002 7 11 12 50695.1 0.189 254.68 113.72 12.18 -0.70 595.9
2002 7 12 12 50645.8 2.110 281.00 113.72 10.91 -1.28 549.5
2002 7 13 12 50594.3 1.336 263.19 113.72 9.50 -0.90 567.1
2002 7 14 12 50540.7 1.729 279.16 113.72 10.33 -0.32 582.3
2002 7 15 12 50484.8 2.766 242.21 113.72 12.63 2.39 636.4
2002 7 16 12 50426.8 0.291 249.02 113.72 9.63 1.11 625.2
2002 7 17 12 50366.7 0.909 243.60 113.72 8.19 -2.43 549.1
2002 7 18 12 50304.5 1.566 265.73 113.72 13.31 2.43 643.1
2002 7 19 12 50240.1 2.393 267.49 113.72 8.47 -2.05 562.6
2002 7 20 12 50173.7 1.795 255.60 113.72 7.64 -4.11 490.6
2002 7 21 12 50105.1 0.837 250.47 113.72 10.48 0.28 540.9
2002 7 22 12 50034.6 2.466 254.61 113.72 10.61 -0.33 593.2
2002 7 23 12 49962.0 0.742 226.88 113.72 10.67 1.22 603.8
2002 7 24 12 49887.4 0.597 240.71 113.72 11.29 -0.79 597.9
2002 7 25 12 49810.8 0.034 241.15 113.72 9.72 -1.08 561.9
2002 7 26 12 49732.3 0.200 245.12 113.72 9.72 -1.58 511.4
2002 7 27 12 49651.8 0.718 234.74 113.72 9.06 -2.59 544.5
2002 7 28 12 49569.5 0.215 230.95 113.72 10.10 -0.20 627.5
2002 7 29 12 49485.2 0.073 218.88 113.72 10.68 -0.38 601.8
2002 7 30 12 49399.1 0.267 248.47 113.72 11.19 1.46 586.5
2002 7 31 12 49311.1 3.316 220.54 113.72 8.45 -2.78 525.7
2002 8 1 12 49221.3 0.139 255.21 113.72 7.89 -3.23 520.5
2002 8 2 12 49129.8 1.948 244.16 113.72 11.04 1.85 631.5
2002 8 3 12 49036.5 1.281 251.66 113.72 8.87 -3.01 522.2
2002 8 4 12 48941.4 0.751 224.04 113.72 8.14 -3.29 481.5
2002 8 5 12 48844.7 1.750 264.40 113.72 6.79 -6.49 466.2
2002 8 6 12 48746.2 0.875 268.76 113.72 11.62 0.46 652.1
2002 8 7 12 48646.2 3.216 234.91 113.72 9.86 -0.39 572.6
2002 8 8 12 48544.5 0.936 239.35 113.72 10.20 -0.27 557.2
2002 8 9 12 48441.3 0.156 232.22 113.72 9.97 -0.72 628.4
2002 8 10 12 48336.4 1.349 246.47 113.72 9.56 -1.94 618.8
2002 8 11 12 48230.1 0.819 242.19 113.72 9.13 -1.82 551.4
2002 8 12 12 48122.3 0.500 202.59 113.72 8.99 -2.13 564.5
2002 8 13 12 48013.0 1.218 215.73 113.72 7.55 -3.26 541.4
2002 8 14 12 47902.3 1.109 232.91 113.72 6.28 -4.38 539.0
2002 8 15 12 47790.2 0.565 237.51 113.72 12.21 1.13 589.1
2002 8 16 12 47676.7 0.470 227.01 113.72 8.81 -1.97 559.6
2002 8 17 12 47561.9 1.190 198.17 113.72 8.00 -2.88 509.7
2002 8 18 12 47445.8 0.061 230.81 113.72 7.36 -3.98 530.7
2002 8 19 12 47328.5 0.721 248.66 113.72 10.03 -0.70 631.4
2002 8 20 12 47209.9 2.564 185.66 113.72 8.57 -3.25 545.1
2002 8 21 12 47090.2 0.532 232.99 113.72 6.96 -3.70 500.5
2002 8 22 12 46969.3 0.365 245.17 113.72 7.69 -4.00 549.9
2002 8 23 12 46847.3 0.017 230.63 113.72 8.50 -2.32 535.2
2002 8 24 12 46724.2 2.374 214.03 113.72 7.34 -3.09 552.4
2002 8 25 12 46600.0 1.729 227.45 113.72 9.02 -2.52 526.3
2002 8 26 12 46474.8 2.432 211.45 113.72 10.86 0.89 577.9
2002 8 27 12 46348.7 1.777 219.62 113.72 6.92 -2.45 528.2
2002 8 28 12 46221.7 0.720 211.47 113.72 7.00 -4.32 432.5
2002 8 29 12 46093.7 0.360 210.61 113.72 6.05 -4.86 470.2
2002 8 30 12 45964.9 0.049 196.22 113.72 6.94 -2.89 606.4
2002 8 31 12 45835.3 0.505 199.40 113.72 4.09 -8.15 352.5
2002 9 1 12 45704.9 3.259 229.42 113.72 8.54 -2.23 508.3
2002 9 2 12 45573.7 0.496 194.44 113.72 4.75 -6.29 526.5
2002 9 3 12 45441.8 0.720 173.08 113.72 5.40 -4.68 477.7
2002 9 4 12 45309.3 0.182 253.82 113.72 6.59 -4.40 499.8
2002 9 5 12 45176.2 0.102 193.21 113.72 8.39 -2.05 558.5
2002 9 6 12 45042.4 1.581 194.40 113.72 4.89 -6.57 419.1
2002 9 7 12 44908.2 1.719 191.05 113.72 5.74 -4.30 545.3
2002 9 8 12 44773.4 0.250 195.97 113.72 6.30 -5.40 488.5
2002 9 9 12 44638.1 0.583 182.99 113.72 4.70 -5.41 472.8
2002 9 10 12 44502.5 0.652 215.37 113.72 5.36 -5.37 520.8
2002 9 11 12 44366.4 2.295 188.67 113.72 3.00 -9.69 366.4
2002 9 12 12 44230.0 0.493 174.62 113.72 4.43 -6.32 474.7
2002 9 13 12 44093.3 0.246 145.90 113.72 6.90 -3.42 501.2
2002 9 14 12 43956.3 1.800 203.99 113.72 6.11 -5.67 448.8
2002 9 15 12 43819.1 0.272 179.58 113.72 4.05 -7.43 511.5
2002 9 16 12 43681.7 1.294 190.45 113.72 3.02 -7.71 449.7
2002 9 17 12 43544.2 2.415 169.51 113.72 4.05 -7.16 485.2
2002 9 18 12 43406.5 0.810 183.47 113.72 2.00 -8.54 413.6
2002 9 19 12 43268.9 0.414 180.28 113.72 3.72 -7.25 424.2
2002 9 20 12 43131.1 0.727 193.12 113.72 3.22 -8.64 333.8
2002 9 21 12 42993.5 3.501 180.42 113.72 2.98 -5.95 471.4
2002 9 22 12 42855.8 0.776 159.71 113.72 3.26 -7.81 394.0
2002 9 23 12 42718.3 1.463 211.22 113.72 4.09 -6.61 470.7
2002 9 24 12 42580.9 0.563 180.33 113.72 1.54 -7.84 404.4
2002 9 25 12 42443.7 0.085 158.26 113.72 4.35 -5.76 498.8
2002 9 26 12 42306.7 1.929 173.90 113.72 4.41 -5.95 542.7
2002 9 27 12 42170.0 0.576 175.57 113.72 5.83 -4.12 602.3
2002 9 28 12 42033.6 2.167 175.60 113.72 2.79 -7.57 458.1
2002 9 29 12 41897.5 1.470 172.42 113.72 4.36 -6.00 479.6
2002 9 30 12 41761.9 1.161 169.30 113.72 3.42 -6.93 440.4
2002 10 1 12 41626.6 2.846 178.03 113.72 2.04 -8.89 398.7
2002 10 2 12 41491.8 0.604 173.84 113.72 -0.27 -10.21 368.3
2002 10 3 12 41357.6 2.010 172.77 113.72 2.71 -7.55 493.4
2002 10 4 12 41223.8 0.866 133.59 113.72 1.52 -11.12 365.9
2002 10 5 12 41090.7 0.567 132.89 113.72 3.65 -6.47 535.3
2002 10 6 12 40958.2 1.430 145.68 113.72 1.87 -9.56 380.9
2002 10 7 12 40826.3 0.498 152.54 113.72 2.15 -8.46 426.6
2002 10 8 12 40695.1 0.674 143.55 113.72 -0.51 -12.65 309.0
2002 10 9 12 40564.7 1.095 138.41 113.72 0.52 -10.74 401.1
2002 10 10 12 40435.1 2.974 155.93 113.72 -2.93 -14.02 313.5
2002 10 11 12 40306.3 0.222 137.97 113.72 0.58 -9.79 403.2
2002 10 12 12 40178.3 0.577 113.73 113.72 1.37 -9.90 392.7
2002 10 13 12 40051.3 1.898 128.14 113.72 1.43 -11.10 394.6
2002 10 14 12 39925.2 0.496 138.11 113.72 -1.40 -12.59 368.3
2002 10 15 12 39800.0 0.581 142.13 113.72 -3.79 -14.90 327.0
2002 10 16 12 39675.8 0.943 158.24 113.72 -2.08 -12.38 324.2
2002 10 17 12 39552.7 1.899 150.05 113.72 -1.60 -12.28 364.0
2002 10 18 12 39430.7 1.371 112.23 113.72 -1.08 -12.49 335.3
2002 10 19 12 39309.8 3.642 162.89 113.72 -4.94 -15.52 329.5
2002 10 20 12 39190.1 1.229 136.91 113.72 -2.26 -11.59 375.6
2002 10 21 12 39071.5 1.445 139.75 113.72 -3.87 -13.73 334.4
2002 10 22 12 38954.2 1.056 139.36 113.72 -0.35 -12.67 338.2
2002 10 23 12 38838.1 1.657 123.59 113.72 -6.22 -15.04 274.7
2002 10 24 12 38723.3 0.712 143.68 113.72 -1.41 -11.26 377.0
2002 10 25 12 38609.8 1.785 104.87 113.72 -3.37 -12.91 378.6
2002 10 26 12 38497.7 0.553 153.08 113.72 -6.41 -18.43 208.4
2002 10 27 12 38387.0 3.371 134.68 113.72 -1.03 -12.16 396.4
2002 10 28 12 38277.7 1.214 136.23 113.72 -1.72 -12.05 376.0
2002 10 29 12 38169.9 4.761 137.60 113.72 -2.08 -13.78 263.6
2002 10 30 12 38063.6 3.443 122.01 113.72 -4.02 -14.40 284.6
2002 10 31 12 37958.7 1.677 146.65 113.72 -5.37 -14.86 371.4
2002 11 1 12 37855.5 2.473 115.68 113.72 -4.46 -15.53 285.7
2002 11 2 12 37753.8 2.008 110.53 113.72 -3.94 -13.38 305.2
2002 11 3 12 37653.8 0.301 126.77 113.72 -5.78 -16.02 253.5
2002 11 4 12 37555.3 1.688 102.89 113.72 -6.45 -18.74 221.2
2002 11 5 12 37458.6 1.620 114.09 113.72 -4.62 -16.12 305.2
2002 11 6 12 37363.5 1.255 125.55 113.72 -5.27 -15.18 286.3
2002 11 7 12 37270.2 2.298 131.73 113.72 -4.37 -15.99 256.9
2002 11 8 12 37178.7 1.814 119.23 113.72 -3.67 -13.60 259.9
2002 11 9 12 37088.9 1.963 105.32 113.72 -4.86 -15.17 269.2
2002 11 10 12 37000.9 5.271 112.95 113.72 -8.07 -18.62 206.7
2002 11 11 12 36914.8 1.613 107.13 113.72 -6.55 -17.81 253.4
2002 11 12 12 36830.5 1.441 114.84 113.72 -6.14 -16.70 278.1
2002 11 13 12 36748.2 5.548 106.18 113.72 -5.70 -15.15 340.1
2002 11 14 12 36667.7 2.784 100.02 113.72 -5.81 -16.92 225.8
2002 11 15 12 36589.2 2.010 97.36 113.72 -7.37 -17.69 250.3
2002 11 16 12 36512.6 0.813 85.55 113.72 -8.21 -17.40 256.8
2002 11 17 12 36438.0 5.918 128.60 113.72 -6.14 -16.73 235.4
2002 11 18 12 36365.4 4.068 122.39 113.72 -7.27 -18.46 258.2
2002 11 19 12 36294.9 0.766 92.52 113.72 -7.59 -18.79 275.2
2002 11 20 12 36226.3 0.228 120.02 113.72 -9.25 -21.72 166.4
2002 11 21 12 36159.9 1.295 110.23 113.72 -5.22 -16.99 245.9
2002 11 22 12 36095.5 0.582 89.58 113.72 -8.17 -18.70 270.8
2002 11 23 12 36033.3 1.482 92.58 113.72 -8.85 -18.87 235.7
2002 11 24 12 35973.2 3.517 105.50 113.72 -8.51 -19.65 170.5
2002 11 25 12 35915.2 4.372 118.27 113.72 -9.25 -19.29 208.5
2002 11 26 12 35859.3 0.204 115.51 113.72 -11.15 -21.24 164.4
2002 11 27 12 35805.7 0.361 97.98 113.72 -8.94 -20.35 167.6
2002 11 28 12 35754.2 0.596 112.43 113.72 -11.72 -23.00 116.0
2002 11 29 12 35704.9 2.211 102.61 113.72 -9.55 -21.43 151.4
2002 11 30 12 35657.9 4.878 93.56 113.72 -12.25 -22.46 175.2
2002 12 1 12 35613.1 1.788 118.54 113.72 -13.25 -24.05 110.3
2002 12 2 12 35570.6 0.207 106.04 113.72 -9.25 -19.34 215.8
2002 12 3 12 35530.3 2.580 110.97 113.72 -11.97 -22.82 172.6
2002 12 4 12 35492.2 1.219 86.46 113.72 -9.82 -21.37 163.7
2002 12 5 12 35456.5 1.253 94.77 113.72 -10.36 -20.53 153.2
2002 12 6 12 35423.1 2.352 114.53 113.72 -10.53 -22.92 169.9
2002 12 7 12 35391.9 3.315 97.71 113.72 -11.84 -22.90 130.5
2002 12 8 12 35363.1 4.805 98.29 113.72 -11.23 -22.65 200.5
2002 12 9 12 35336.6 5.460 85.45 113.72 -12.15 -21.73 195.6
2002 12 10 12 35312.4 4.360 104.08 113.72 -9.88 -19.28 230.2
2002 12 11 12 35290.6 3.982 84.72 113.72 -12.15 -22.61 154.5
2002 12 12 12 35271.1 0.384 106.20 113.72 -11.93 -23.19 169.9
2002 12 13 12 35253.9 3.777 85.65 113.72 -10.56 -19.98 207.8
2002 12 14 12 35239.2 1.867 97.25 113.72 -12.73 -24.09 53.1
2002 12 15 12 35226.7 5.697 123.89 113.72 -14.60 -26.51 66.7
2002 12 16 12 35216.7 1.264 105.65 113.72 -13.62 -26.01 96.9
2002 12 17 12 35209.0 1.763 94.89 113.72 -10.56 -21.28 144.3
2002 12 18 12 35203.6 1.103 112.89 113.72 -12.13 -24.30 191.8
2002 12 19 12 35200.7 1.357 89.15 113.72 -11.92 -21.58 163.9
2002 12 20 12 35200.1 7.010 85.21 113.72 -12.02 -23.28 151.2
2002 12 21 12 35201.9 1.193 94.55 113.72 -9.88 -21.71 201.0
2002 12 22 12 35206.0 2.497 116.54 113.72 -15.77 -25.68 104.6
2002 12 23 12 35212.5 1.340 115.76 113.72 -12.94 -23.04 136.0
2002 12 24 12 35221.4 2.533 92.76 113.72 -12.80 -22.26 166.7
2002 12 25 12 35232.6 3.143 96.07 113.72 -12.96 -25.12 91.9
2002 12 26 12 35246.3 4.161 106.77 113.72 -11.81 -24.14 114.4
2002 12 27 12 35262.2 2.358 137.04 113.72 -11.85 -21.41 137.5
2002 12 28 12 35280.5 8.043 97.24 113.72 -13.49 -26.54 61.4
2002 12 29 12 35301.2 0.320 121.75 113.72 -15.78 -27.55 50.0
2002 12 30 12 35324.2 1.222 104.98 113.72 -9.55 -20.31 193.7
2002 12 31 12 35349.5 1.169 114.29 113.72 -13.39 -25.25 82.7
2003 1 1 12 35377.2 0.878 116.98 113.72 -13.31 -23.94 136.2
2003 1 2 12 35407.2 4.078 104.71 113.72 -11.61 -23.33 88.5
2003 1 3 12 35439.5 1.206 101.97 113.72 -14.15 -23.92 93.8
2003 1 4 12 35474.1 3.083 99.63 113.72 -11.68 -21.90 134.3
2003 1 5 12 35511.0 8.682 108.37 113.72 -14.13 -24.71 105.5
2003 1 6 12 35550.1 0.032 121.32 113.72 -10.97 -22.05 151.6
2003 1 7 12 35591.5 4.027 123.76 113.72 -13.07 -24.70 138.9
2003 1 8 12 35635.2 5.873 122.51 113.72 -14.81 -25.72 86.9
2003 1 9 12 35681.2 1.445 97.82 113.72 -10.56 -22.35 153.1
2003 1 10 12 35729.3 3.594 96.77 113.72 -12.96 -22.23 123.8
2003 1 11 12 35779.7 3.459 93.38 113.72 -14.81 -25.35 84.3
2003 1 12 12 35832.2 8.955 108.63 113.72 -16.03 -27.53 50.0
2003 1 13 12 35887.0 3.239 120.86 113.72 -12.89 -22.44 166.0
2003 1 14 12 35943.9 0.849 98.96 113.72 -11.88 -22.72 170.5
2003 1 15 12 36003.0 5.777 105.28 113.72 -13.39 -23.08 93.3
2003 1 16 12 36064.1 5.711 118.34 113.72 -13.49 -23.20 137.4
2003 1 17 12 36127.5 0.753 104.46 113.72 -11.66 -22.11 154.7
2003 1 18 12 36192.9 6.425 107.07 113.72 -13.10 -24.92 137.8
2003 1 19 12 36260.3 4.207 127.32 113.72 -14.99 -26.25 50.0
2003 1 20 12 36329.9 1.414 111.65 113.72 -14.92 -22.85 120.2
2003 1 21 12 36401.5 0.756 101.21 113.72 -13.16 -24.40 119.9
2003 1 22 12 36475.1 6.354 114.20 113.72 -13.23 -24.23 100.7
2003 1 23 12 36550.6 4.298 120.01 113.72 -12.34 -23.51 116.7
2003 1 24 12 36628.2 1.641 151.85 113.72 -13.40 -24.95 87.4
2003 1 25 12 36707.7 2.110 137.86 113.72 -12.91 -23.15 152.7
2003 1 26 12 36789.1 4.828 163.78 113.72 -13.38 -25.26 129.0
2003 1 27 12 36872.4 6.392 100.74 113.72 -12.43 -23.90 119.6
2003 1 28 12 36957.6 0.926 138.44 113.72 -12.73 -23.28 126.2
2003 1 29 12 37044.7 4.103 141.74 113.72 -14.20 -25.20 115.9
2003 1 30 12 37133.6 0.181 119.79 113.72 -14.06 -24.73 111.6
2003 1 31 12 37224.2 1.066 114.36 113.72 -13.25 -24.07 123.3
2003 2 1 12 37316.7 1.016 132.23 113.72 -13.52 -25.26 128.8
2003 2 2 12 37410.8 2.719 117.22 113.72 -11.67 -21.30 142.0
2003 2 3 12 37506.7 2.945 105.91 113.72 -13.27 -23.16 129.0
2003 2 4 12 37604.3 2.095 102.78 113.72 -15.67 -27.23 50.0
2003 2 5 12 37703.6 6.461 102.58 113.72 -15.25 -25.67 70.6
2003 2 6 12 37804.5 0.207 129.54 113.72 -13.77 -24.96 62.5
2003 2 7 12 37906.9 0.987 137.14 113.72 -12.26 -22.20 144.7
2003 2 8 12 38011.0 2.403 113.49 113.72 -14.37 -24.48 121.5
2003 2 9 12 38116.5 7.780 136.42 113.72 -12.23 -22.02 80.6
2003 2 10 12 38223.6 1.526 137.39 113.72 -14.28 -25.84 73.4
2003 2 11 12 38332.2 0.867 136.52 113.72 -12.81 -24.70 103.4
2003 2 12 12 38442.2 0.107 142.62 113.72 -12.35 -24.63 99.0
2003 2 13 12 38553.6 0.743 136.77 113.72 -14.60 -23.26 84.6
2003 2 14 12 38666.4 0.137 154.66 113.72 -12.20 -22.28 183.1
2003 2 15 12 38780.5 1.420 145.16 113.72 -10.28 -20.08 226.6
2003 2 16 12 38896.0 4.879 118.14 113.72 -12.91 -24.85 137.3
2003 2 17 12 39012.7 4.131 165.73 113.72 -12.40 -22.69 129.5
2003 2 18 12 39130.6 5.126 124.89 113.72 -12.03 -24.21 121.0
2003 2 19 12 39249.8 0.580 140.25 113.72 -12.17 -22.61 126.0
2003 2 20 12 39370.1 0.321 179.98 113.72 -12.16 -22.95 108.9
2003 2 21 12 39491.6 3.948 150.26 113.72 -12.17 -23.21 102.1
2003 2 22 12 39614.2 6.231 131.80 113.72 -14.33 -25.56 94.8
2003 2 23 12 39737.8 2.853 150.43 113.72 -11.18 -21.04 204.3
2003 2 24 12 39862.5 4.259 154.46 113.72 -13.35 -24.57 147.2
2003 2 25 12 39988.1 2.662 150.90 113.72 -11.05 -20.77 183.1
2003 2 26 12 40114.7 1.696 141.55 113.72 -10.44 -21.28 154.0
2003 2 27 12 40242.2 2.043 131.22 113.72 -10.75 -21.25 172.0
2003 2 28 12 40370.6 6.172 134.24 113.72 -12.56 -22.92 170.8
2003 3 1 12 40499.8 2.622 141.31 113.72 -10.63 -21.06 227.5
2003 3 2 12 40629.8 6.120 173.72 113.72 -11.28 -21.90 197.3
2003 3 3 12 40760.6 3.328 137.32 113.72 -11.71 -20.79 216.6
2003 3 4 12 40892.1 1.416 159.26 113.72 -7.59 -17.49 291.1
2003 3 5 12 41024.3 4.531 179.22 113.72 -11.89 -24.73 107.6
2003 3 6 12 41157.2 2.724 169.33 113.72 -9.65 -20.62 196.1
2003 3 7 12 41290.6 7.446 182.23 113.72 -7.96 -17.57 280.5
2003 3 8 12 41424.6 1.067 153.45 113.72 -9.52 -20.97 196.1
2003 3 9 12 41559.2 0.145 173.01 113.72 -10.86 -21.66 192.8
2003 3 10 12 41694.2 4.980 182.21 113.72 -10.61 -21.35 154.8
2003 3 11 12 41829.7 8.833 180.41 113.72 -11.72 -21.25 217.0
2003 3 12 12 41965.5 6.251 181.00 113.72 -9.32 -20.96 165.8
2003 3 13 12 42101.8 9.447 151.10 113.72 -9.11 -20.63 220.8
2003 3 14 12 42238.3 11.175 180.39 113.72 -9.51 -19.91 199.1
2003 3 15 12 42375.2 2.332 179.07 113.72 -6.83 -17.36 236.8
2003 3 16 12 42512.3 0.803 170.87 113.72 -8.86 -19.24 155.4
2003 3 17 12 42649.6 0.008 165.42 113.72 -10.95 -21.50 163.5
2003 3 18 12 42787.0 4.741 182.63 113.72 -6.18 -17.08 221.1
2003 3 19 12 42924.6 0.206 162.44 113.72 -10.00 -20.36 165.2
2003 3 20 12 43062.3 3.645 172.15 113.72 -7.28 -17.92 256.9
2003 3 21 12 43200.0 5.027 194.13 113.72 -6.91 -17.91 196.3
2003 3 22 12 43337.7 2.949 197.01 113.72 -7.80 -18.65 263.9
2003 3 23 12 43475.4 1.969 189.99 113.72 -6.10 -17.33 329.0
2003 3 24 12 43613.0 0.975 177.23 113.72 -7.20 -18.57 214.2
2003 3 25 12 43750.4 9.823 168.83 113.72 -7.67 -18.02 275.7
2003 3 26 12 43887.7 0.966 175.19 113.72 -10.07 -21.92 119.8
2003 3 27 12 44024.8 1.967 207.53 113.72 -9.35 -19.60 220.0
2003 3 28 12 44161.7 1.708 192.53 113.72 -2.43 -13.44 341.8
2003 3 29 12 44298.2 5.238 189.45 113.72 -5.27 -16.15 369.2
2003 3 30 12 44434.5 3.217 194.80 113.72 -4.29 -15.24 284.1
2003 3 31 12 44570.3 0.482 203.97 113.72 -2.21 -12.61 361.7
2003 4 1 12 44705.8 5.705 179.66 113.72 -6.33 -15.94 275.6
2003 4 2 12 44840.8 0.946 189.11 113.72 -5.80 -15.16 285.7
2003 4 3 12 44975.4 3.590 207.44 113.72 -7.86 -17.83 239.3
2003 4 4 12 45109.4 8.874 202.69 113.72 -5.63 -16.36 267.1
2003 4 5 12 45242.8 1.262 217.02 113.72 -5.47 -15.63 268.5
2003 4 6 12 45375.7 1.348 213.06 113.72 -5.38 -17.80 252.1
2003 4 7 12 45507.9 2.215 191.50 113.72 -3.01 -13.33 306.6
2003 4 8 12 45639.4 2.296 154.33 113.72 -3.31 -13.80 312.0
2003 4 9 12 45770.2 3.240 208.77 113.72 -2.80 -14.84 360.8
2003 4 10 12 45900.2 4.304 191.32 113.72 -5.81 -17.08 255.0
2003 4 11 12 46029.4 0.846 215.91 113.72 -3.74 -14.31 340.3
2003 4 12 12 46157.8 2.530 233.44 113.72 -3.06 -13.55 326.6
2003 4 13 12 46285.3 0.660 195.41 113.72 -0.57 -10.60 411.0
2003 4 14 12 46411.9 4.770 221.82 113.72 -2.99 -12.45 345.7
2003 4 15 12 46537.5 6.563 226.43 113.72 -3.20 -14.12 240.0
2003 4 16 12 46662.2 1.584 219.81 113.72 -1.12 -12.83 342.4
2003 4 17 12 46785.8 2.869 220.78 113.72 -2.93 -13.08 308.4
2003 4 18 12 46908.4 8.007 185.94 113.72 -1.64 -11.40 362.9
2003 4 19 12 47029.9 3.575 219.28 113.72 -1.47 -11.26 395.5
2003 4 20 12 47150.2 0.645 219.37 113.72 -2.71 -13.13 391.9
2003 4 21 12 47269.4 0.256 236.44 113.72 -2.76 -11.96 318.6
2003 4 22 12 47387.3 0.981 236.27 113.72 -1.63 -12.65 339.8
2003 4 23 12 47504.0 1.890 215.39 113.72 -2.03 -11.55 369.5
2003 4 24 12 47619.5 5.045 195.70 113.72 -3.42 -15.15 298.5
2003 4 25 12 47733.6 1.689 201.40 113.72 0.11 -12.50 351.7
2003 4 26 12 47846.4 0.557 247.59 113.72 0.09 -11.65 383.9
2003 4 27 12 47957.8 1.776 226.42 113.72 -1.67 -12.93 328.2
2003 4 28 12 48067.8 1.881 206.98 113.72 -1.61 -12.41 345.8
2003 4 29 12 48176.4 0.997 209.93 113.72 0.58 -10.96 392.6
2003 4 30 12 48283.5 1.654 234.30 113.72 2.68 -8.01 418.8
2003 5 1 12 48389.0 2.694 233.70 113.72 1.79 -8.49 412.4
2003 5 2 12 48493.1 0.185 257.77 113.72 2.26 -8.26 432.9
2003 5 3 12 48595.5 1.829 232.75 113.72 0.21 -10.70 368.2
2003 5 4 12 48696.4 13.855 240.76 113.72 1.49 -8.35 403.7
2003 5 5 12 48795.7 3.154 235.33 113.72 0.87 -10.57 355.7
2003 5 6 12 48893.3 4.754 249.22 113.72 0.17 -10.82 382.3
2003 5 7 12 48989.2 7.125 264.29 113.72 1.76 -9.48 451.4
2003 5 8 12 49083.3 8.205 253.00 113.72 0.36 -9.92 413.4
2003 5 9 12 49175.8 1.164 269.32 113.72 0.74 -10.40 363.4
2003 5 10 12 49266.4 0.206 248.78 113.72 1.38 -9.10 464.5
2003 5 11 12 49355.3 5.284 217.76 113.72 1.74 -8.41 416.7
2003 5 12 12 49442.4 1.700 230.06 113.72 2.39 -8.81 471.4
2003 5 13 12 49527.6 1.783 255.59 113.72 -0.47 -12.55 346.8
2003 5 14 12 49610.9 3.498 240.49 113.72 1.42 -9.56 416.8
2003 5 15 12 49692.3 2.120 244.95 113.72 5.36 -6.07 467.6
2003 5 16 12 49771.8 2.652 233.57 113.72 3.18 -8.13 428.4
2003 5 17 12 49849.4 2.847 268.16 113.72 4.22 -8.56 470.3
2003 5 18 12 49924.9 5.066 270.22 113.72 4.19 -7.91 436.4
2003 5 19 12 49998.5 3.083 244.55 113.72 3.58 -6.58 496.7
2003 5 20 12 50070.1 0.507 245.41 113.72 2.60 -8.95 422.4
2003 5 21 12 50139.7 0.488 268.53 113.72 3.28 -6.60 464.6
2003 5 22 12 50207.1 0.942 265.76 113.72 7.22 -4.15 535.6
2003 5 23 12 50272.5 2.827 226.26 113.72 3.66 -6.75 461.4
2003 5 24 12 50335.9 0.552 261.55 113.72 7.21 -3.79 500.5
2003 5 25 12 50397.0 0.547 259.41 113.72 4.18 -6.10 455.2
2003 5 26 12 50456.1 2.569 255.36 113.72 4.49 -6.51 487.1
2003 5 27 12 50513.0 1.000 239.97 113.72 5.25 -5.38 426.2
2003 5 28 12 50567.8 6.535 240.84 113.72 5.04 -4.78 515.7
2003 5 29 12 50620.3 1.046 207.73 113.72 4.06 -6.37 429.5
2003 5 30 12 50670.7 3.588 244.86 113.72 5.60 -5.75 490.3
2003 5 31 12 50718.8 1.580 225.63 113.72 3.58 -8.72 465.7
2003 6 1 12 50764.8 0.378 247.53 113.72 6.49 -4.40 485.5
2003 6 2 12 50808.5 0.969 262.12 113.72 6.43 -4.03 535.2
2003 6 3 12 50849.9 1.651 238.98 113.72 7.34 -3.34 566.9
2003 6 4 12 50889.0 0.971 276.87 113.72 5.65 -5.85 465.6
2003 6 5 12 50925.9 5.505 286.60 113.72 7.65 -3.03 520.0
2003 6 6 12 50960.5 0.579 261.16 113.72 7.33 -2.94 552.4
2003 6 7 12 50992.8 1.080 267.06 113.72 7.02 -2.67 584.1
2003 6 8 12 51022.8 2.535 233.95 113.72 9.93 -1.05 647.4
2003 6 9 12 51050.5 7.322 261.26 113.72 7.81 -1.03 557.2
2003 6 10 12 51075.8 2.826 237.68 113.72 6.54 -3.10 557.4
2003 6 11 12 51098.8 2.315 233.13 113.72 9.67 -1.00 565.6
2003 6 12 12 51119.5 3.539 240.20 113.72 8.26 -2.33 519.4
2003 6 13 12 51137.8 4.363 257.06 113.72 10.28 0.60 604.9
2003 6 14 12 51153.7 5.102 258.93 113.72 4.96 -6.61 460.8
2003 6 15 12 51167.4 2.674 258.58 113.72 7.41 -4.04 521.9
2003 6 16 12 51178.6 1.914 242.33 113.72 7.53 -4.30 526.5
2003 6 17 12 51187.5 0.540 261.47 113.72 5.25 -5.75 492.0
2003 6 18 12 51194.0 2.010 249.51 113.72 8.45 -3.04 575.6
2003 6 19 12 51198.1 5.608 261.91 113.72 7.75 -3.34 589.6
2003 6 20 12 51199.9 0.024 256.46 113.72 5.41 -5.42 492.1
2003 6 21 12 51199.3 4.316 232.95 113.72 7.36 -4.54 494.4
2003 6 22 12 51196.4 1.782 249.77 113.72 10.69 0.98 613.6
2003 6 23 12 51191.0 3.431 268.07 113.72 10.07 0.22 597.5
2003 6 24 12 51183.3 2.512 272.41 113.72 7.73 -3.44 513.5
2003 6 25 12 51173.3 1.477 241.26 113.72 7.77 -1.84 518.2
2003 6 26 12 51160.8 1.698 248.15 113.72 10.26 -0.23 555.0
2003 6 27 12 51146.1 2.611 252.75 113.72 6.10 -3.82 544.2
2003 6 28 12 51128.9 0.516 276.86 113.72 10.02 -1.86 585.2
2003 6 29 12 51109.4 1.422 266.13 113.72 6.46 -4.61 517.5
2003 6 30 12 51087.6 2.216 239.68 113.72 11.74 1.44 621.6
2003 7 1 12 51063.4 2.720 266.02 113.72 10.33 -0.60 572.9
2003 7 2 12 51036.9 2.454 277.40 113.72 6.65 -4.29 472.9
2003 7 3 12 51008.1 0.985 261.33 113.72 8.90 -1.98 540.8
2003 7 4 12 50976.9 1.441 246.14 113.72 10.01 -0.49 568.2
2003 7 5 12 50943.5 0.303 270.16 113.72 6.61 -4.10 475.5
2003 7 6 12 50907.8 3.458 259.85 113.72 9.58 0.02 607.0
2003 7 7 12 50869.7 1.665 252.95 113.72 10.41 -1.18 554.2
2003 7 8 12 50829.4 1.367 269.69 113.72 6.63 -4.09 519.4
2003 7 9 12 50786.9 1.344 255.81 113.72 10.89 0.66 568.8
2003 7 10 12 50742.1 1.035 256.63 113.72 9.63 -2.17 574.3
2003 7 11 12 50695.1 2.449 267.85 113.72 11.22 0.15 615.8
2003 7 12 12 50645.8 1.330 246.94 113.72 9.53 -1.13 561.9
2003 7 13 12 50594.3 0.389 236.60 113.72 8.32 -1.28 615.7
2003 7 14 12 50540.7 0.549 258.29 113.72 8.20 -2.49 547.7
2003 7 15 12 50484.8 0.210 276.20 113.72 9.48 -0.71 589.9
2003 7 16 12 50426.8 3.939 218.15 113.72 9.68 -0.46 544.0
2003 7 17 12 50366.7 1.032 262.67 113.72 11.58 -1.43 548.0
2003 7 18 12 50304.5 4.181 251.57 113.72 9.57 -1.16 557.2
2003 7 19 12 50240.1 1.348 242.39 113.72 7.66 -3.49 553.6
2003 7 20 12 50173.7 0.762 240.04 113.72 9.31 -0.28 623.2
2003 7 21 12 50105.1 0.929 262.60 113.72 7.71 -2.53 532.3
2003 7 22 12 50034.6 1.261 258.54 113.72 10.52 0.42 613.5
2003 7 23 12 49962.0 0.358 232.06 113.72 10.86 0.47 635.1
2003 7 24 12 49887.4 0.229 251.44 113.72 11.10 0.38 597.5
2003 7 25 12 49810.8 2.523 266.69 113.72 9.51 -0.63 543.6
2003 7 26 12 49732.3 0.671 255.78 113.72 8.89 -1.93 582.8
2003 7 27 12 49651.8 3.837 219.50 113.72 9.15 -0.62 600.4
2003 7 28 12 49569.5 1.638 253.38 113.72 9.76 -1.90 570.8
2003 7 29 12 49485.2 0.594 224.14 113.72 9.10 -0.87 611.4
2003 7 30 12 49399.1 4.869 245.26 113.72 12.25 1.16 654.4
2003 7 31 12 49311.1 2.459 229.90 113.72 9.25 -1.01 598.4
2003 8 1 12 49221.3 0.132 246.25 113.72 9.60 -2.46 515.8
2003 8 2 12 49129.8 0.398 229.25 113.72 8.59 -2.00 514.6
2003 8 3 12 49036.5 1.609 222.67 113.72 8.57 -2.35 563.5
2003 8 4 12 48941.4 0.457 242.14 113.72 7.71 -3.13 539.3
2003 8 5 12 48844.7 0.609 238.18 113.72 8.02 -4.20 520.3
2003 8 6 12 48746.2 1.349 247.79 113.72 12.31 1.54 681.5
2003 8 7 12 48646.2 0.699 226.51 113.72 10.26 -0.44 618.8
2003 8 8 12 48544.5 1.045 210.74 113.72 8.87 -3.35 527.4
2003 8 9 12 48441.3 1.156 242.55 113.72 8.33 -3.39 510.1
2003 8 10 12 48336.4 0.565 253.07 113.72 11.10 0.42 627.8
2003 8 11 12 48230.1 0.351 221.63 113.72 7.92 -2.56 562.7
2003 8 12 12 48122.3 1.679 236.51 113.72 6.54 -4.30 507.5
2003 8 13 12 48013.0 1.707 223.45 113.72 9.72 -1.04 497.1
2003 8 14 12 47902.3 1.285 256.01 113.72 7.54 -3.24 506.4
2003 8 15 12 47790.2 0.450 218.01 113.72 6.92 -4.32 539.0
2003 8 16 12 47676.7 1.285 224.08 113.72 7.11 -3.83 484.6
2003 8 17 12 47561.9 0.103 193.29 113.72 9.28 -2.64 564.5
2003 8 18 12 47445.8 1.390 246.05 113.72 8.40 -2.86 556.0
2003 8 19 12 47328.5 0.304 213.27 113.72 6.98 -3.85 493.3
2003 8 20 12 47209.9 0.274 239.58 113.72 9.06 -0.75 612.0
2003 8 21 12 47090.2 2.898 208.85 113.72 7.01 -3.89 519.9
2003 8 22 12 46969.3 0.004 216.51 113.72 5.69 -3.46 526.3
2003 8 23 12 46847.3 0.646 204.75 113.72 6.07 -3.19 501.8
2003 8 24 12 46724.2 0.117 201.22 113.72 7.95 -2.79 583.0
2003 8 25 12 46600.0 0.908 209.60 113.72 6.62 -4.51 474.1
2003 8 26 12 46474.8 0.337 210.67 113.72 7.84 -1.15 540.9
2003 8 27 12 46348.7 0.130 206.01 113.72 9.22 -0.98 584.6
2003 8 28 12 46221.7 0.516 187.39 113.72 6.48 -3.97 491.3
2003 8 29 12 46093.7 0.237 213.19 113.72 11.30 -0.08 660.5
2003 8 30 12 45964.9 0.250 178.30 113.72 7.58 -3.56 499.1
2003 8 31 12 45835.3 1.360 201.28 113.72 6.77 -4.83 527.1
2003 9 1 12 45704.9 0.087 181.34 113.72 4.89 -4.72 554.9
2003 9 2 12 45573.7 0.943 217.24 113.72 6.23 -4.17 538.1
2003 9 3 12 45441.8 0.620 220.90 113.72 6.24 -4.81 481.2
2003 9 4 12 45309.3 0.314 209.97 113.72 7.61 -3.57 538.9
2003 9 5 12 45176.2 1.343 192.62 113.72 5.43 -6.17 517.3
2003 9 6 12 45042.4 2.994 187.30 113.72 6.82 -4.04 474.3
2003 9 7 12 44908.2 0.717 193.28 113.72 6.08 -4.58 541.3
2003 9 8 12 44773.4 0.736 194.91 113.72 7.32 -5.30 508.8
2003 9 9 12 44638.1 0.161 201.62 113.72 7.29 -4.29 571.0
2003 9 10 12 44502.5 0.097 198.99 113.72 6.05 -5.30 506.9
2003 9 11 12 44366.4 0.653 161.09 113.72 6.53 -3.40 536.6
2003 9 12 12 44230.0 0.049 200.23 113.72 6.90 -4.34 533.7
2003 9 13 12 44093.3 1.110 194.72 113.72 5.86 -6.38 435.3
2003 9 14 12 43956.3 0.099 175.84 113.72 5.30 -6.38 448.0
2003 9 15 12 43819.1 1.164 171.68 113.72 5.33 -4.09 520.2
2003 9 16 12 43681.7 2.182 185.74 113.72 6.96 -4.14 501.5
2003 9 17 12 43544.2 1.047 186.14 113.72 4.54 -7.09 439.8
2003 9 18 12 43406.5 0.073 165.54 113.72 5.29 -6.85 524.1
2003 9 19 12 43268.9 4.074 181.56 113.72 3.00 -7.78 498.2
2003 9 20 12 43131.1 0.825 182.08 113.72 6.09 -4.61 431.6
2003 9 21 12 42993.5 0.758 190.81 113.72 4.33 -6.12 478.8
2003 9 22 12 42855.8 0.641 174.89 113.72 2.95 -5.67 450.9
2003 9 23 12 42718.3 0.323 144.76 113.72 3.18 -8.61 462.4
2003 9 24 12 42580.9 0.196 177.59 113.72 2.77 -8.32 440.2
2003 9 25 12 42443.7 0.122 147.08 113.72 2.92 -7.65 491.0
2003 9 26 12 42306.7 0.590 158.32 113.72 3.04 -8.11 411.9
2003 9 27 12 42170.0 1.193 149.44 113.72 2.24 -10.22 367.2
2003 9 28 12 42033.6 0.237 175.74 113.72 -0.04 -10.43 384.8
2003 9 29 12 41897.5 1.070 150.68 113.72 4.81 -6.50 452.2
2003 9 30 12 41761.9 0.559 180.61 113.72 2.35 -9.30 411.3
2003 10 1 12 41626.6 0.731 146.90 113.72 2.16 -9.35 448.6
2003 10 2 12 41491.8 1.908 132.72 113.72 1.49 -8.07 452.6
2003 10 3 12 41357.6 1.118 156.36 113.72 2.72 -7.04 450.4
2003 10 4 12 41223.8 1.372 140.32 113.72 1.24 -10.44 392.9
2003 10 5 12 41090.7 5.026 178.66 113.72 0.50 -11.69 318.8
2003 10 6 12 40958.2 0.260 147.39 113.72 0.39 -9.69 347.6
2003 10 7 12 40826.3 1.854 173.58 113.72 2.44 -6.71 502.0
2003 10 8 12 40695.1 1.400 150.36 113.72 0.66 -8.27 411.8
2003 10 9 12 40564.7 1.409 158.99 113.72 0.10 -11.83 406.5
2003 10 10 12 40435.1 1.056 144.41 113.72 -0.70 -10.41 382.5
2003 10 11 12 40306.3 1.311 186.72 113.72 -0.73 -11.54 373.3
2003 10 12 12 40178.3 0.655 132.55 113.72 1.17 -11.18 401.4
2003 10 13 12 40051.3 0.945 102.73 113.72 -2.03 -13.52 358.0
2003 10 14 12 39925.2 2.450 151.15 113.72 0.14 -11.29 358.8
2003 10 15 12 39800.0 0.462 130.63 113.72 -0.01 -10.43 393.5
2003 10 16 12 39675.8 0.537 147.82 113.72 -0.95 -12.85 342.5
2003 10 17 12 39552.7 1.449 142.49 113.72 -1.77 -11.81 375.1
2003 10 18 12 39430.7 1.338 134.37 113.72 -3.91 -14.33 319.1
2003 10 19 12 39309.8 0.679 134.99 113.72 -0.90 -10.88 360.4
2003 10 20 12 39190.1 1.544 146.04 113.72 -4.50 -15.82 288.0
2003 10 21 12 39071.5 1.546 133.30 113.72 -2.06 -12.54 305.3
2003 10 22 12 38954.2 5.369 135.25 113.72 -2.44 -14.07 318.8
2003 10 23 12 38838.1 6.884 128.91 113.72 -1.57 -11.83 367.0
2003 10 24 12 38723.3 1.586 159.66 113.72 -4.27 -15.26 265.3
2003 10 25 12 38609.8 2.492 153.74 113.72 -4.55 -15.46 282.3
2003 10 26 12 38497.7 1.588 110.89 113.72 -2.54 -13.36 317.3
2003 10 27 12 38387.0 0.996 131.91 113.72 -3.80 -15.99 265.3
2003 10 28 12 38277.7 1.779 118.56 113.72 -6.78 -16.62 290.3
2003 10 29 12 38169.9 0.999 111.02 113.72 -3.96 -14.70 319.9
2003 10 30 12 38063.6 1.232 80.66 113.72 -1.45 -11.29 403.0
2003 10 31 12 37958.7 1.134 122.71 113.72 -3.54 -13.44 393.5
2003 11 1 12 37855.5 1.165 122.83 113.72 -6.34 -17.79 277.1
2003 11 2 12 37753.8 0.586 145.88 113.72 -4.06 -15.08 252.4
2003 11 3 12 37653.8 2.555 140.25 113.72 -3.49 -15.53 269.7
2003 11 4 12 37555.3 1.885 130.93 113.72 -7.75 -17.57 288.8
2003 11 5 12 37458.6 0.580 133.65 113.72 -5.79 -16.33 261.5
2003 11 6 12 37363.5 1.185 134.41 113.72 -3.61 -14.25 301.2
2003 11 7 12 37270.2 0.348 128.02 113.72 -8.04 -19.06 228.7
2003 11 8 12 37178.7 1.605 140.56 113.72 -6.37 -17.95 232.5
2003 11 9 12 37088.9 3.322 99.85 113.72 -6.47 -16.24 326.4
2003 11 10 12 37000.9 0.946 110.70 113.72 -6.96 -16.16 272.0
2003 11 11 12 36914.8 2.758 107.72 113.72 -4.47 -14.21 388.1
2003 11 12 12 36830.5 1.338 108.03 113.72 -4.89 -15.82 266.7
2003 11 13 12 36748.2 1.030 113.21 113.72 -7.37 -17.85 223.2
2003 11 14 12 36667.7 0.597 139.17 113.72 -8.63 -18.57 203.5
2003 11 15 12 36589.2 1.178 127.32 113.72 -5.38 -16.10 254.4
2003 11 16 12 36512.6 3.005 131.47 113.72 -6.31 -15.55 310.6
2003 11 17 12 36438.0 2.025 111.21 113.72 -7.68 -17.48 210.1
2003 11 18 12 36365.4 0.491 109.81 113.72 -6.85 -15.42 261.4
2003 11 19 12 36294.9 2.348 119.62 113.72 -7.04 -17.69 261.8
2003 11 20 12 36226.3 1.774 116.74 113.72 -9.50 -22.24 90.2
2003 11 21 12 36159.9 0.418 116.07 113.72 -9.26 -20.00 155.8
2003 11 22 12 36095.5 0.275 143.73 113.72 -8.53 -19.64 205.7
2003 11 23 12 36033.3 0.259 117.12 113.72 -11.62 -22.28 166.7
2003 11 24 12 35973.2 3.484 95.92 113.72 -9.40 -18.77 214.5
2003 11 25 12 35915.2 0.448 96.59 113.72 -10.24 -21.48 183.6
2003 11 26 12 35859.3 1.222 119.22 113.72 -8.96 -20.43 165.6
2003 11 27 12 35805.7 2.397 117.51 113.72 -11.07 -22.39 197.6
2003 11 28 12 35754.2 2.297 120.22 113.72 -8.90 -17.98 267.8
2003 11 29 12 35704.9 2.321 112.86 113.72 -9.37 -20.54 164.8
2003 11 30 12 35657.9 0.394 88.98 113.72 -10.01 -20.61 182.2
2003 12 1 12 35613.1 2.541 127.18 113.72 -9.31 -18.64 168.4
2003 12 2 12 35570.6 1.240 123.85 113.72 -9.28 -19.55 236.9
2003 12 3 12 35530.3 1.860 97.52 113.72 -10.68 -23.28 96.0
2003 12 4 12 35492.2 1.788 108.42 113.72 -10.41 -21.60 151.8
2003 12 5 12 35456.5 1.537 105.35 113.72 -11.63 -22.95 132.2
2003 12 6 12 35423.1 4.342 96.66 113.72 -11.79 -23.98 79.0
2003 12 7 12 35391.9 3.883 84.53 113.72 -8.52 -19.70 180.9
2003 12 8 12 35363.1 15.008 110.25 113.72 -11.34 -24.31 124.9
2003 12 9 12 35336.6 6.197 78.99 113.72 -11.18 -21.72 150.6
2003 12 10 12 35312.4 0.177 92.19 113.72 -11.41 -22.21 182.0
2003 12 11 12 35290.6 1.797 126.58 113.72 -10.87 -22.24 177.5
2003 12 12 12 35271.1 5.946 106.96 113.72 -12.37 -24.62 82.2
2003 12 13 12 35253.9 1.603 106.29 113.72 -12.35 -22.03 145.7
2003 12 14 12 35239.2 1.272 95.97 113.72 -10.39 -21.65 153.5
2003 12 15 12 35226.7 0.432 76.85 113.72 -14.15 -24.07 106.5
2003 12 16 12 35216.7 0.372 106.38 113.72 -11.75 -22.65 191.2
2003 12 17 12 35209.0 3.950 107.57 113.72 -13.37 -23.01 145.6
2003 12 18 12 35203.6 2.184 111.95 113.72 -15.27 -25.60 50.0
2003 12 19 12 35200.7 0.040 94.12 113.72 -12.48 -23.19 116.5
2003 12 20 12 35200.1 5.218 93.87 113.72 -14.19 -25.66 72.9
2003 12 21 12 35201.9 5.899 108.54 113.72 -14.56 -24.32 126.3
2003 12 22 12 35206.0 1.591 81.19 113.72 -8.76 -19.73 259.5
2003 12 23 12 35212.5 2.033 112.32 113.72 -11.94 -23.39 155.8
2003 12 24 12 35221.4 7.230 97.81 113.72 -11.99 -22.92 138.6
2003 12 25 12 35232.6 1.556 104.72 113.72 -13.01 -23.84 97.6
2003 12 26 12 35246.3 0.136 135.08 113.72 -14.80 -24.90 144.6
2003 12 27 12 35262.2 4.312 96.54 113.72 -13.34 -25.65 78.2
2003 12 28 12 35280.5 6.043 102.90 113.72 -13.70 -22.60 105.5
2003 12 29 12 35301.2 2.501 101.46 113.72 -16.13 -26.56 79.6
2003 12 30 12 35324.2 0.613 71.56 113.72 -10.63 -21.44 134.2
2003 12 31 12 35349.5 6.913 110.67 113.72 -13.51 -23.96 140.6
2004 1 1 12 35377.2 1.370 66.70 113.72 -14.69 -26.72 53.8
2004 1 2 12 35407.2 0.796 113.43 113.72 -13.32 -24.02 110.4
2004 1 3 12 35439.5 2.550 92.02 113.72 -15.63 -25.91 50.0
2004 1 4 12 35474.1 1.721 91.67 113.72 -15.02 -26.06 111.2
2004 1 5 12 35511.0 4.228 102.53 113.72 -11.36 -21.74 129.8
2004 1 6 12 35550.1 12.922 83.61 113.72 -14.49 -24.66 85.2
2004 1 7 12 35591.5 0.758 102.24 113.72 -13.78 -25.17 102.4
2004 1 8 12 35635.2 4.977 87.91 113.72 -13.64 -23.44 126.8
2004 1 9 12 35681.2 1.696 85.47 113.72 -14.09 -24.94 170.1
2004 1 10 12 35729.3 4.337 102.02 113.72 -14.67 -23.95 69.3
2004 1 11 12 35779.7 2.788 124.15 113.72 -10.49 -20.24 183.7
2004 1 12 12 35832.2 1.385 117.16 113.72 -15.03 -25.51 113.5
2004 1 13 12 35887.0 5.266 98.71 113.72 -15.28 -26.73 52.1
2004 1 14 12 35943.9 1.585 104.98 113.72 -13.22 -24.11 117.6
2004 1 15 12 36003.0 0.894 99.88 113.72 -15.90 -25.90 159.6
2004 1 16 12 36064.1 5.029 90.73 113.72 -12.45 -23.70 127.9
2004 1 17 12 36127.5 0.895 93.57 113.72 -14.30 -24.75 147.0
2004 1 18 12 36192.9 4.881 113.90 113.72 -13.81 -24.17 136.1
2004 1 19 12 36260.3 2.598 99.65 113.72 -13.56 -24.45 133.2
2004 1 20 12 36329.9 2.786 110.39 113.72 -14.51 -25.96 74.8
2004 1 21 12 36401.5 0.773 96.70 113.72 -12.62 -22.14 108.3
2004 1 22 12 36475.1 2.953 124.63 113.72 -13.01 -23.43 164.1
2004 1 23 12 36550.6 1.528 123.09 113.72 -13.19 -24.23 132.0
2004 1 24 12 36628.2 9.085 137.63 113.72 -16.22 -27.65 63.0
2004 1 25 12 36707.7 0.465 135.50 113.72 -14.45 -24.53 104.8
2004 1 26 12 36789.1 6.778 102.07 113.72 -14.07 -24.93 82.0
2004 1 27 12 36872.4 7.287 103.83 113.72 -11.27 -21.29 213.9
2004 1 28 12 36957.6 4.002 122.85 113.72 -15.97 -27.51 59.7
2004 1 29 12 37044.7 8.866 105.15 113.72 -14.77 -25.33 50.0
2004 1 30 12 37133.6 2.007 122.86 113.72 -12.15 -23.34 131.7
2004 1 31 12 37224.2 2.308 115.05 113.72 -15.14 -24.55 99.9
2004 2 1 12 37316.7 4.323 134.92 113.72 -14.68 -25.18 50.0
2004 2 2 12 37410.8 2.105 136.29 113.72 -11.13 -22.73 123.0
2004 2 3 12 37506.7 0.495 118.47 113.72 -13.04 -23.09 216.0
2004 2 4 12 37604.3 0.578 96.60 113.72 -12.25 -22.06 88.0
2004 2 5 12 37703.6 5.546 140.19 113.72 -12.39 -23.46 96.2
2004 2 6 12 37804.5 2.610 116.88 113.72 -13.24 -24.68 50.0
2004 2 7 12 37906.9 5.185 126.72 113.72 -13.21 -25.77 50.0
2004 2 8 12 38011.0 5.953 126.06 113.72 -11.95 -21.87 107.5
2004 2 9 12 38116.5 2.100 134.93 113.72 -14.48 -26.68 50.0
2004 2 10 12 38223.6 3.573 120.90 113.72 -10.53 -21.37 224.1
2004 2 11 12 38332.2 0.475 114.54 113.72 -13.85 -26.03 106.5
2004 2 12 12 38442.2 1.297 134.70 113.72 -11.43 -20.79 176.3
2004 2 13 12 38553.6 2.018 145.93 113.72 -12.13 -21.86 213.1
2004 2 14 12 38666.4 2.752 132.82 113.72 -13.62 -24.18 102.2
2004 2 15 12 38780.5 0.354 133.91 113.72 -11.98 -21.94 132.5
2004 2 16 12 38896.0 2.060 119.16 113.72 -12.42 -23.32 120.5
2004 2 17 12 39012.7 1.012 145.84 113.72 -15.16 -26.62 50.0
2004 2 18 12 39130.6 14.198 148.10 113.72 -12.54 -24.68 50.0
2004 2 19 12 39249.8 2.956 138.89 113.72 -14.18 -24.34 132.9
2004 2 20 12 39370.1 5.302 127.09 113.72 -11.44 -23.04 149.1
2004 2 21 12 39491.6 5.317 144.14 113.72 -12.30 -21.08 139.8
2004 2 22 12 39614.2 3.188 146.63 113.72 -10.66 -22.35 167.1
2004 2 23 12 39737.8 4.095 144.76 113.72 -12.90 -22.89 157.4
2004 2 24 12 39862.5 3.736 130.38 113.72 -13.68 -23.46 112.6
2004 2 25 12 39988.1 3.743 151.69 113.72 -13.23 -25.10 69.4
2004 2 26 12 40114.7 8.734 151.59 113.72 -8.46 -19.62 231.3
2004 2 27 12 40242.2 2.873 156.70 113.72 -6.82 -17.80 257.4
2004 2 28 12 40370.6 5.527 149.66 113.72 -8.23 -16.24 327.3
2004 2 29 12 40499.8 0.709 172.25 113.72 -13.41 -24.41 125.0
2004 3 1 12 40629.8 2.428 154.27 113.72 -13.03 -24.74 52.0
2004 3 2 12 40760.6 1.599 176.53 113.72 -12.42 -22.83 97.4
2004 3 3 12 40892.1 2.181 160.26 113.72 -9.52 -21.16 170.3
2004 3 4 12 41024.3 4.432 140.87 113.72 -7.38 -18.23 259.7
2004 3 5 12 41157.2 4.092 172.11 113.72 -9.04 -20.20 205.6
2004 3 6 12 41290.6 2.200 155.44 113.72 -9.96 -20.35 174.6
2004 3 7 12 41424.6 1.377 155.58 113.72 -11.48 -22.73 94.9
2004 3 8 12 41559.2 6.396 179.16 113.72 -10.37 -21.73 209.6
2004 3 9 12 41694.2 4.678 146.20 113.72 -9.65 -19.59 250.9
2004 3 10 12 41829.7 0.350 140.02 113.72 -8.30 -18.87 180.4
2004 3 11 12 41965.5 0.433 164.37 113.72 -10.21 -20.99 200.1
2004 3 12 12 42101.8 1.575 173.54 113.72 -8.70 -21.04 186.9
2004 3 13 12 42238.3 0.159 183.40 113.72 -8.72 -19.03 240.0
2004 3 14 12 42375.2 0.546 173.92 113.72 -8.82 -20.00 245.6
2004 3 15 12 42512.3 3.298 139.36 113.72 -9.39 -19.97 243.3
2004 3 16 12 42649.6 4.035 159.93 113.72 -8.45 -20.72 200.7
2004 3 17 12 42787.0 2.332 156.98 113.72 -8.60 -19.18 209.1
2004 3 18 12 42924.6 2.330 148.97 113.72 -9.45 -20.10 189.0
2004 3 19 12 43062.3 1.622 176.07 113.72 -6.78 -17.76 238.2
2004 3 20 12 43200.0 1.203 187.66 113.72 -5.56 -17.07 340.5
2004 3 21 12 43337.7 5.158 195.95 113.72 -7.49 -17.36 254.2
2004 3 22 12 43475.4 5.512 190.20 113.72 -7.63 -19.03 242.8
2004 3 23 12 43613.0 2.220 175.76 113.72 -6.24 -16.31 286.2
2004 3 24 12 43750.4 0.563 201.74 113.72 -6.92 -16.88 232.8
2004 3 25 12 43887.7 1.198 183.72 113.72 -5.30 -16.76 279.1
2004 3 26 12 44024.8 2.448 189.16 113.72 -6.66 -16.86 242.9
2004 3 27 12 44161.7 2.195 179.68 113.72 -5.75 -16.89 233.8
2004 3 28 12 44298.2 4.640 187.31 113.72 -3.84 -14.13 335.3
2004 3 29 12 44434.5 1.102 186.03 113.72 -4.34 -15.89 244.2
2004 3 30 12 44570.3 4.115 172.98 113.72 -6.29 -17.18 282.8
2004 3 31 12 44705.8 2.495 204.61 113.72 -4.23 -14.97 317.7
2004 4 1 12 44840.8 13.389 198.92 113.72 -7.26 -18.08 276.3
2004 4 2 12 44975.4 2.345 209.68 113.72 -5.76 -16.26 289.2
2004 4 3 12 45109.4 1.244 188.53 113.72 -4.01 -15.46 262.1
2004 4 4 12 45242.8 8.014 211.01 113.72 -2.77 -14.01 353.2
2004 4 5 12 45375.7 2.147 178.23 113.72 -5.99 -16.22 310.6
2004 4 6 12 45507.9 3.834 211.20 113.72 -4.70 -15.83 310.1
2004 4 7 12 45639.4 6.491 214.53 113.72 -4.46 -15.65 308.9
2004 4 8 12 45770.2 1.149 190.12 113.72 -4.40 -15.87 238.3
2004 4 9 12 45900.2 0.634 223.75 113.72 -5.88 -17.05 284.7
2004 4 10 12 46029.4 5.426 231.67 113.72 -3.10 -14.72 268.1
2004 4 11 12 46157.8 1.002 200.96 113.72 -5.56 -15.78 265.8
2004 4 12 12 46285.3 0.813 232.59 113.72 -1.74 -12.90 317.1
2004 4 13 12 46411.9 0.498 186.59 113.72 -1.21 -12.88 295.4
2004 4 14 12 46537.5 1.449 211.33 113.72 -3.99 -14.95 306.3
2004 4 15 12 46662.2 0.984 175.41 113.72 -4.73 -16.65 266.1
2004 4 16 12 46785.8 4.709 229.80 113.72 -2.67 -14.15 356.8
2004 4 17 12 46908.4 1.069 194.13 113.72 -3.19 -12.91 378.0
2004 4 18 12 47029.9 1.315 189.03 113.72 -2.52 -14.19 321.5
2004 4 19 12 47150.2 1.187 223.44 113.72 -1.86 -12.78 368.1
2004 4 20 12 47269.4 3.930 236.24 113.72 -3.19 -12.22 352.4
2004 4 21 12 47387.3 4.965 215.81 113.72 0.90 -9.70 402.7
2004 4 22 12 47504.0 2.251 225.09 113.72 -2.34 -13.55 332.7
2004 4 23 12 47619.5 2.129 250.62 113.72 0.23 -12.16 352.3
2004 4 24 12 47733.6 2.537 211.08 113.72 -2.30 -12.97 347.0
2004 4 25 12 47846.4 2.738 211.74 113.72 -0.67 -12.08 378.2
2004 4 26 12 47957.8 4.122 243.86 113.72 0.12 -10.24 358.7
2004 4 27 12 48067.8 3.869 232.04 113.72 -0.15 -11.49 358.0
2004 4 28 12 48176.4 11.557 251.14 113.72 -0.53 -11.11 401.1
2004 4 29 12 48283.5 1.369 211.40 113.72 -0.68 -10.33 376.8
2004 4 30 12 48389.0 1.349 205.06 113.72 -0.35 -10.61 371.7
2004 5 1 12 48493.1 2.933 211.42 113.72 -0.55 -12.41 382.3
2004 5 2 12 48595.5 1.351 244.56 113.72 1.16 -9.57 386.5
2004 5 3 12 48696.4 2.884 252.97 113.72 3.61 -6.42 484.6
2004 5 4 12 48795.7 4.614 252.02 113.72 1.60 -10.41 396.2
2004 5 5 12 48893.3 4.333 245.26 113.72 2.16 -7.29 480.8
2004 5 6 12 48989.2 0.156 256.68 113.72 3.09 -7.60 446.0
2004 5 7 12 49083.3 1.005 229.72 113.72 0.98 -9.36 389.2
2004 5 8 12 49175.8 1.329 209.97 113.72 -0.85 -11.93 341.9
2004 5 9 12 49266.4 0.184 216.41 113.72 2.05 -8.71 475.5
2004 5 10 12 49355.3 1.685 219.75 113.72 3.53 -7.99 424.2
2004 5 11 12 49442.4 0.986 213.40 113.72 5.45 -4.11 499.8
2004 5 12 12 49527.6 3.124 222.87 113.72 1.16 -8.21 422.0
2004 5 13 12 49610.9 6.487 230.23 113.72 4.47 -4.62 499.6
2004 5 14 12 49692.3 1.648 254.02 113.72 3.40 -8.81 411.5
2004 5 15 12 49771.8 3.177 250.13 113.72 2.61 -7.93 458.4
2004 5 16 12 49849.4 0.313 269.12 113.72 1.81 -8.64 430.2
2004 5 17 12 49924.9 3.561 228.66 113.72 2.69 -8.68 408.7
2004 5 18 12 49998.5 3.685 253.58 113.72 4.60 -5.90 503.7
2004 5 19 12 50070.1 8.801 268.44 113.72 5.76 -6.19 484.7
2004 5 20 12 50139.7 1.439 241.73 113.72 0.02 -9.61 447.7
2004 5 21 12 50207.1 10.481 243.39 113.72 5.05 -6.98 470.0
2004 5 22 12 50272.5 0.109 271.45 113.72 3.60 -7.00 456.1
2004 5 23 12 50335.9 3.117 246.02 113.72 3.91 -6.26 468.7
2004 5 24 12 50397.0 0.992 273.47 113.72 5.43 -5.85 487.3
2004 5 25 12 50456.1 1.473 230.34 113.72 7.85 -1.85 574.0
2004 5 26 12 50513.0 2.608 277.42 113.72 4.06 -8.20 435.9
2004 5 27 12 50567.8 3.484 272.54 113.72 5.16 -5.67 473.5
2004 5 28 12 50620.3 1.309 239.86 113.72 3.10 -9.05 437.8
2004 5 29 12 50670.7 1.337 250.08 113.72 6.28 -5.14 510.3
2004 5 30 12 50718.8 1.721 236.57 113.72 4.75 -6.45 471.6
2004 5 31 12 50764.8 0.115 248.24 113.72 8.30 -2.94 561.2
2004 6 1 12 50808.5 1.527 232.63 113.72 6.63 -3.15 534.7
2004 6 2 12 50849.9 0.390 229.80 113.72 5.82 -5.92 482.0
2004 6 3 12 50889.0 0.577 238.08 113.72 5.98 -6.06 497.7
2004 6 4 12 50925.9 2.052 272.81 113.72 7.09 -4.06 542.9
2004 6 5 12 50960.5 3.495 229.70 113.72 7.72 -2.99 559.8
2004 6 6 12 50992.8 1.915 278.52 113.72 5.07 -5.33 470.5
2004 6 7 12 51022.8 2.474 271.95 113.72 6.74 -3.14 548.6
2004 6 8 12 51050.5 3.841 278.27 113.72 7.10 -5.42 492.8
2004 6 9 12 51075.8 1.722 263.93 113.72 7.55 -1.90 573.8
2004 6 10 12 51098.8 1.426 283.73 113.72 9.32 -2.13 612.1
2004 6 11 12 51119.5 2.776 237.68 113.72 5.35 -5.67 480.3
2004 6 12 12 51137.8 1.129 279.90 113.72 9.05 -1.73 566.0
2004 6 13 12 51153.7 0.671 305.16 113.72 8.29 -4.25 498.1
2004 6 14 12 51167.4 1.788 255.72 113.72 7.11 -4.03 513.5
2004 6 15 12 51178.6 0.802 258.96 113.72 9.18 -0.82 563.2
2004 6 16 12 51187.5 1.938 246.05 113.72 7.51 -2.78 512.2
2004 6 17 12 51194.0 0.505 260.94 113.72 5.48 -5.72 426.9
2004 6 18 12 51198.1 1.348 262.77 113.72 3.15 -7.48 429.6
2004 6 19 12 51199.9 0.530 224.55 113.72 6.58 -3.85 504.3
2004 6 20 12 51199.3 0.019 269.17 113.72 7.69 -3.31 532.0
2004 6 21 12 51196.4 3.457 276.61 113.72 8.87 -1.54 553.0
2004 6 22 12 51191.0 1.546 246.69 113.72 9.60 -1.84 594.2
2004 6 23 12 51183.3 4.174 253.47 113.72 8.41 -3.15 543.8
2004 6 24 12 51173.3 2.381 272.46 113.72 6.77 -4.27 536.9
2004 6 25 12 51160.8 0.591 245.67 113.72 8.40 -4.33 542.8
2004 6 26 12 51146.1 3.627 270.61 113.72 8.72 -1.52 611.2
2004 6 27 12 51128.9 3.765 263.58 113.72 11.74 1.00 649.3
2004 6 28 12 51109.4 2.194 294.12 113.72 10.04 -0.94 554.8
2004 6 29 12 51087.6 0.032 256.95 113.72 6.79 -3.37 558.4
2004 6 30 12 51063.4 0.604 250.63 113.72 8.87 -1.62 577.3
2004 7 1 12 51036.9 1.300 262.08 113.72 10.46 0.51 650.6
2004 7 2 12 51008.1 1.576 259.82 113.72 9.51 -0.03 600.2
2004 7 3 12 50976.9 0.395 282.25 113.72 7.10 -3.44 565.6
2004 7 4 12 50943.5 0.104 281.13 113.72 10.82 -0.56 591.8
2004 7 5 12 50907.8 3.348 246.13 113.72 10.19 -0.03 603.5
2004 7 6 12 50869.7 1.053 253.81 113.72 9.45 -1.92 581.6
2004 7 7 12 50829.4 1.086 245.88 113.72 8.52 -2.89 532.9
2004 7 8 12 50786.9 2.776 242.79 113.72 11.30 0.26 621.8
2004 7 9 12 50742.1 0.689 206.51 113.72 7.09 -2.78 498.8
2004 7 10 12 50695.1 2.449 280.28 113.72 7.52 -2.68 560.8
2004 7 11 12 50645.8 0.619 244.40 113.72 8.78 -1.31 535.6
2004 7 12 12 50594.3 2.965 247.25 113.72 10.36 -0.34 609.8
2004 7 13 12 50540.7 0.174 294.96 113.72 7.88 -2.46 457.2
2004 7 14 12 50484.8 0.334 243.25 113.72 9.13 -1.19 521.9
2004 7 15 12 50426.8 2.902 249.52 113.72 9.46 -1.89 563.7
2004 7 16 12 50366.7 0.698 255.67 113.72 10.50 0.17 605.4
2004 7 17 12 50304.5 0.302 256.12 113.72 9.58 -1.23 567.9
2004 7 18 12 50240.1 1.701 241.12 113.72 9.59 -1.54 590.9
2004 7 19 12 50173.7 0.678 266.59 113.72 8.94 -2.14 585.1
2004 7 20 12 50105.1 1.041 251.46 113.72 11.63 0.39 683.7
2004 7 21 12 50034.6 3.353 250.03 113.72 10.98 -0.04 600.5
2004 7 22 12 49962.0 0.856 237.51 113.72 10.92 0.12 633.3
2004 7 23 12 49887.4 0.025 244.92 113.72 8.81 -1.46 545.9
2004 7 24 12 49810.8 4.183 260.73 113.72 9.19 -0.40 575.6
2004 7 25 12 49732.3 1.221 259.99 113.72 10.66 0.31 581.6
2004 7 26 12 49651.8 1.502 238.08 113.72 9.04 -1.67 563.3
2004 7 27 12 49569.5 1.091 232.08 113.72 8.50 -3.90 528.8
2004 7 28 12 49485.2 0.804 256.03 113.72 10.30 1.43 659.9
2004 7 29 12 49399.1 0.208 246.51 113.72 7.87 -3.50 540.4
2004 7 30 12 49311.1 0.305 254.26 113.72 9.48 -1.86 602.9
2004 7 31 12 49221.3 5.771 225.68 113.72 11.09 1.31 666.7
2004 8 1 12 49129.8 2.554 238.98 113.72 9.93 -1.75 566.2
2004 8 2 12 49036.5 1.378 251.55 113.72 8.09 -2.41 548.7
2004 8 3 12 48941.4 0.633 226.73 113.72 10.32 -0.85 537.3
2004 8 4 12 48844.7 0.151 264.76 113.72 8.66 -2.34 536.9
2004 8 5 12 48746.2 2.770 259.92 113.72 10.77 0.01 576.0
2004 8 6 12 48646.2 1.120 231.40 113.72 10.21 -1.55 546.1
2004 8 7 12 48544.5 0.816 230.49 113.72 8.86 -2.04 546.5
2004 8 8 12 48441.3 0.506 237.23 113.72 8.19 -1.79 580.0
2004 8 9 12 48336.4 0.817 233.91 113.72 7.97 -2.89 550.9
2004 8 10 12 48230.1 0.412 248.52 113.72 13.05 5.05 730.7
2004 8 11 12 48122.3 0.298 216.01 113.72 5.65 -5.07 510.1
2004 8 12 12 48013.0 0.172 215.08 113.72 6.37 -5.39 474.5
2004 8 13 12 47902.3 0.212 231.09 113.72 10.58 -0.64 610.0
2004 8 14 12 47790.2 0.185 233.33 113.72 10.17 -2.18 515.3
2004 8 15 12 47676.7 1.499 224.23 113.72 9.29 -0.65 616.4
2004 8 16 12 47561.9 0.976 237.05 113.72 5.67 -3.85 500.1
2004 8 17 12 47445.8 0.732 242.97 113.72 9.37 -0.76 516.0
2004 8 18 12 47328.5 1.197 232.49 113.72 6.99 -4.48 526.7
2004 8 19 12 47209.9 0.178 225.67 113.72 8.21 -3.29 525.0
2004 8 20 12 47090.2 0.870 215.65 113.72 8.86 -1.35 608.3
2004 8 21 12 46969.3 0.169 218.82 113.72 8.90 -2.31 582.6
2004 8 22 12 46847.3 0.098 195.98 113.72 7.06 -4.43 481.7
2004 8 23 12 46724.2 0.357 197.40 113.72 9.84 -1.73 611.0
2004 8 24 12 46600.0 3.678 232.88 113.72 9.02 -0.29 537.7
2004 8 25 12 46474.8 1.401 239.05 113.72 6.24 -4.93 515.3
2004 8 26 12 46348.7 0.028 190.99 113.72 6.83 -3.30 576.7
2004 8 27 12 46221.7 0.006 218.41 113.72 6.29 -4.07 488.1
2004 8 28 12 46093.7 0.264 186.07 113.72 7.20 -4.27 577.9
2004 8 29 12 45964.9 0.440 232.37 113.72 8.11 -2.66 551.7
2004 8 30 12 45835.3 0.132 206.10 113.72 4.26 -7.34 464.3
2004 8 31 12 45704.9 1.938 242.84 113.72 3.92 -5.72 520.8
2004 9 1 12 45573.7 0.899 194.19 113.72 5.51 -6.02 492.1
2004 9 2 12 45441.8 1.144 194.77 113.72 8.64 -1.87 522.9
2004 9 3 12 45309.3 0.356 207.09 113.72 6.82 -4.37 416.1
2004 9 4 12 45176.2 1.030 213.32 113.72 8.69 -2.85 513.6
2004 9 5 12 45042.4 0.573 210.59 113.72 5.94 -4.00 493.3
2004 9 6 12 44908.2 0.165 211.69 113.72 4.75 -6.46 442.3
2004 9 7 12 44773.4 1.196 192.34 113.72 3.35 -8.92 402.7
2004 9 8 12 44638.1 0.937 209.16 113.72 4.46 -6.00 394.6
2004 9 9 12 44502.5 0.128 226.38 113.72 4.61 -6.75 429.2
2004 9 10 12 44366.4 2.121 203.68 113.72 1.75 -8.93 437.8
2004 9 11 12 44230.0 1.791 178.03 113.72 3.96 -6.16 508.1
2004 9 12 12 44093.3 0.007 195.34 113.72 3.78 -6.74 443.4
2004 9 13 12 43956.3 1.350 158.20 113.72 4.92 -5.17 517.3
2004 9 14 12 43819.1 0.354 196.73 113.72 4.65 -7.19 378.6
2004 9 15 12 43681.7 1.178 159.81 113.72 5.02 -4.82 511.7
2004 9 16 12 43544.2 2.885 194.22 113.72 1.93 -9.10 453.5
2004 9 17 12 43406.5 0.845 181.46 113.72 2.49 -9.45 426.4
2004 9 18 12 43268.9 1.514 195.76 113.72 5.40 -7.36 452.0
2004 9 19 12 43131.1 0.464 180.04 113.72 3.45 -7.60 371.5
2004 9 20 12 42993.5 0.232 199.13 113.72 4.92 -6.50 526.6
2004 9 21 12 42855.8 1.280 185.15 113.72 3.26 -8.16 495.1
2004 9 22 12 42718.3 1.371 191.71 113.72 3.57 -6.97 481.7
2004 9 23 12 42580.9 0.725 168.05 113.72 3.89 -5.53 529.3
2004 9 24 12 42443.7 4.524 165.89 113.72 2.08 -9.44 411.2
2004 9 25 12 42306.7 1.179 150.16 113.72 1.72 -9.00 442.8
2004 9 26 12 42170.0 0.275 152.64 113.72 1.51 -9.74 430.3
2004 9 27 12 42033.6 1.903 169.79 113.72 2.22 -9.37 410.8
2004 9 28 12 41897.5 1.532 167.96 113.72 3.01 -8.60 403.1
2004 9 29 12 41761.9 1.189 171.65 113.72 1.34 -8.14 463.4
2004 9 30 12 41626.6 0.408 153.93 113.72 3.49 -7.30 510.4
2004 10 1 12 41491.8 1.532 165.47 113.72 4.18 -6.77 501.9
2004 10 2 12 41357.6 0.198 181.77 113.72 0.05 -11.30 384.2
2004 10 3 12 41223.8 3.481 166.75 113.72 2.95 -7.80 451.9
2004 10 4 12 41090.7 0.642 159.51 113.72 0.94 -10.37 402.2
2004 10 5 12 40958.2 0.895 161.87 113.72 1.33 -7.92 373.0
2004 10 6 12 40826.3 0.864 174.92 113.72 0.36 -10.24 392.1
2004 10 7 12 40695.1 4.960 157.56 113.72 2.19 -8.50 423.5
2004 10 8 12 40564.7 0.499 145.86 113.72 0.68 -10.03 363.2
2004 10 9 12 40435.1 0.713 144.71 113.72 -0.57 -10.32 425.2
2004 10 10 12 40306.3 0.782 142.90 113.72 -0.88 -11.69 374.6
2004 10 11 12 40178.3 0.174 141.25 113.72 -2.26 -13.44 252.7
2004 10 12 12 40051.3 1.446 160.36 113.72 -1.52 -12.19 363.3
2004 10 13 12 39925.2 1.120 172.76 113.72 0.96 -9.20 454.3
2004 10 14 12 39800.0 0.501 139.87 113.72 0.55 -9.30 396.1
2004 10 15 12 39675.8 1.567 131.23 113.72 -2.24 -12.87 311.9
2004 10 16 12 39552.7 1.364 124.47 113.72 -3.13 -13.75 286.4
2004 10 17 12 39430.7 0.267 168.20 113.72 -0.26 -10.27 397.6
2004 10 18 12 39309.8 1.565 155.60 113.72 -1.25 -14.24 293.4
2004 10 19 12 39190.1 0.063 129.69 113.72 -5.07 -15.80 239.9
2004 10 20 12 39071.5 1.070 140.82 113.72 2.01 -9.26 463.4
2004 10 21 12 38954.2 0.378 158.59 113.72 -2.50 -13.25 341.1
2004 10 22 12 38838.1 3.570 135.43 113.72 -0.17 -10.69 370.6
2004 10 23 12 38723.3 2.660 148.17 113.72 -2.67 -12.47 400.8
2004 10 24 12 38609.8 3.690 131.76 113.72 -4.70 -16.60 276.2
2004 10 25 12 38497.7 0.456 128.55 113.72 -3.05 -14.42 307.5
2004 10 26 12 38387.0 0.315 92.14 113.72 -5.75 -17.26 261.4
2004 10 27 12 38277.7 0.989 124.71 113.72 -3.94 -15.22 279.7
2004 10 28 12 38169.9 0.538 121.66 113.72 -5.59 -17.48 246.2
2004 10 29 12 38063.6 0.415 136.44 113.72 -4.46 -13.55 346.4
2004 10 30 12 37958.7 3.101 131.33 113.72 -3.99 -14.09 368.6
2004 10 31 12 37855.5 3.100 129.52 113.72 -4.12 -15.54 272.7
2004 11 1 12 37753.8 2.412 139.83 113.72 -6.95 -17.74 264.0
2004 11 2 12 37653.8 1.700 89.48 113.72 -5.93 -17.08 214.2
2004 11 3 12 37555.3 0.879 122.81 113.72 -8.13 -18.80 239.1
2004 11 4 12 37458.6 2.300 105.04 113.72 -4.43 -15.85 337.2
2004 11 5 12 37363.5 2.232 102.86 113.72 -5.26 -17.27 255.2
2004 11 6 12 37270.2 1.583 116.34 113.72 -7.52 -18.78 207.1
2004 11 7 12 37178.7 3.443 120.11 113.72 -3.84 -13.54 313.3
2004 11 8 12 37088.9 1.569 126.42 113.72 -5.45 -17.44 265.8
2004 11 9 12 37000.9 0.066 124.55 113.72 -6.50 -16.42 273.4
2004 11 10 12 36914.8 0.878 104.75 113.72 -7.24 -17.59 236.0
2004 11 11 12 36830.5 0.567 113.35 113.72 -7.68 -18.80 243.6
2004 11 12 12 36748.2 0.380 137.04 113.72 -8.10 -18.30 207.7
2004 11 13 12 36667.7 0.423 138.89 113.72 -5.34 -15.97 306.5
2004 11 14 12 36589.2 0.786 109.29 113.72 -6.87 -19.38 202.9
2004 11 15 12 36512.6 0.664 114.52 113.72 -9.04 -20.17 216.4
2004 11 16 12 36438.0 2.130 98.94 113.72 -5.71 -16.81 289.0
2004 11 17 12 36365.4 0.561 127.06 113.72 -7.97 -17.61 189.4
2004 11 18 12 36294.9 2.280 145.69 113.72 -9.39 -20.51 187.6
2004 11 19 12 36226.3 3.229 102.24 113.72 -5.23 -16.20 230.2
2004 11 20 12 36159.9 2.281 127.24 113.72 -10.01 -21.74 113.3
2004 11 21 12 36095.5 1.601 120.00 113.72 -9.78 -20.63 180.3
2004 11 22 12 36033.3 2.566 105.82 113.72 -8.71 -20.47 199.9
2004 11 23 12 35973.2 0.449 97.29 113.72 -8.40 -18.33 187.0
2004 11 24 12 35915.2 0.107 144.33 113.72 -10.18 -21.32 181.8
2004 11 25 12 35859.3 2.761 118.09 113.72 -12.54 -24.29 88.0
2004 11 26 12 35805.7 1.904 120.44 113.72 -9.33 -19.15 219.0
2004 11 27 12 35754.2 5.805 102.37 113.72 -11.11 -22.96 216.7
2004 11 28 12 35704.9 3.616 105.96 113.72 -10.24 -20.84 173.7
2004 11 29 12 35657.9 1.089 86.33 113.72 -11.08 -23.07 104.5
2004 11 30 12 35613.1 1.261 115.54 113.72 -11.64 -22.21 155.3
2004 12 1 12 35570.6 1.847 98.09 113.72 -10.57 -20.51 184.0
2004 12 2 12 35530.3 1.364 87.90 113.72 -11.27 -22.59 137.9
2004 12 3 12 35492.2 1.842 90.10 113.72 -11.73 -23.47 131.6
2004 12 4 12 35456.5 0.862 138.72 113.72 -9.16 -20.88 176.8
2004 12 5 12 35423.1 3.380 97.77 113.72 -12.25 -23.09 101.0
2004 12 6 12 35391.9 2.553 107.44 113.72 -11.27 -20.53 214.1
2004 12 7 12 35363.1 1.554 83.71 113.72 -11.09 -21.03 218.7
2004 12 8 12 35336.6 0.427 98.53 113.72 -13.70 -23.57 117.5
2004 12 9 12 35312.4 1.557 80.57 113.72 -12.98 -24.63 117.9
2004 12 10 12 35290.6 2.331 106.48 113.72 -11.49 -21.41 110.4
2004 12 11 12 35271.1 1.489 87.05 113.72 -11.67 -21.68 165.8
2004 12 12 12 35253.9 1.165 112.51 113.72 -12.86 -23.42 189.4
2004 12 13 12 35239.2 0.058 73.55 113.72 -11.84 -23.14 161.1
2004 12 14 12 35226.7 10.871 90.79 113.72 -11.51 -21.54 173.9
2004 12 15 12 35216.7 0.670 117.82 113.72 -11.15 -22.49 148.8
2004 12 16 12 35209.0 2.590 123.09 113.72 -11.14 -21.42 162.7
2004 12 17 12 35203.6 0.545 100.13 113.72 -10.44 -21.54 181.7
2004 12 18 12 35200.7 2.421 94.18 113.72 -12.20 -23.78 155.2
2004 12 19 12 35200.1 2.673 101.75 113.72 -14.54 -25.67 71.6
2004 12 20 12 35201.9 1.376 130.80 113.72 -13.00 -22.23 177.9
2004 12 21 12 35206.0 1.613 96.03 113.72 -14.56 -26.29 50.0
2004 12 22 12 35212.5 0.922 100.18 113.72 -11.48 -21.49 157.1
2004 12 23 12 35221.4 11.721 84.42 113.72 -10.78 -20.91 148.5
2004 12 24 12 35232.6 4.231 90.16 113.72 -12.94 -23.88 127.1
2004 12 25 12 35246.3 2.218 107.07 113.72 -11.27 -22.51 152.3
2004 12 26 12 35262.2 1.077 114.02 113.72 -11.45 -23.25 146.9
2004 12 27 12 35280.5 3.955 105.34 113.72 -12.71 -22.48 159.6
2004 12 28 12 35301.2 4.022 113.47 113.72 -12.45 -24.20 137.6
2004 12 29 12 35324.2 0.615 86.23 113.72 -11.89 -24.92 164.1
2004 12 30 12 35349.5 0.242 85.00 113.72 -15.47 -26.03 101.4
2004 12 31 12 35377.2 1.101 113.69 113.72 -13.07 -24.95 50.0
2005 1 1 12 35377.2 1.042 94.63 113.72 -12.61 -23.50 122.5
2005 1 2 12 35407.2 0.291 84.45 113.72 -15.66 -27.53 50.0
2005 1 3 12 35439.5 0.761 105.44 113.72 -10.69 -21.96 113.3
2005 1 4 12 35474.1 0.535 104.03 113.72 -11.98 -22.72 170.5
2005 1 5 12 35511.0 6.064 100.26 113.72 -12.01 -22.60 201.7
2005 1 6 12 35550.1 2.863 127.31 113.72 -13.10 -22.83 117.4
2005 1 7 12 35591.5 3.240 132.04 113.72 -15.18 -25.98 118.4
2005 1 8 12 35635.2 4.523 118.75 113.72 -15.70 -26.41 104.0
2005 1 9 12 35681.2 0.622 111.25 113.72 -13.98 -24.97 108.8
2005 1 10 12 35729.3 3.359 125.99 113.72 -12.82 -22.88 167.3
2005 1 11 12 35779.7 1.419 108.16 113.72 -13.08 -24.78 81.4
2005 1 12 12 35832.2 6.319 103.42 113.72 -11.35 -22.50 184.5
2005 1 13 12 35887.0 5.602 98.12 113.72 -14.41 -25.21 133.8
2005 1 14 12 35943.9 7.499 95.71 113.72 -14.50 -26.02 93.8
2005 1 15 12 36003.0 0.742 121.95 113.72 -13.96 -23.65 136.2
2005 1 16 12 36064.1 1.942 86.11 113.72 -15.72 -26.27 50.9
2005 1 17 12 36127.5 1.124 100.36 113.72 -11.74 -23.52 157.9
2005 1 18 12 36192.9 1.020 104.62 113.72 -14.37 -24.85 103.5
2005 1 19 12 36260.3 1.203 89.49 113.72 -13.62 -23.37 128.5
2005 1 20 12 36329.9 4.267 105.43 113.72 -12.78 -24.15 145.3
2005 1 21 12 36401.5 1.083 113.42 113.72 -15.12 -24.83 94.7
2005 1 22 12 36475.1 0.853 128.16 113.72 -13.57 -24.16 95.6
2005 1 23 12 36550.6 1.059 105.92 113.72 -13.98 -24.62 140.3
2005 1 24 12 36628.2 0.373 115.79 113.72 -12.49 -22.33 108.1
2005 1 25 12 36707.7 1.123 92.66 113.72 -13.92 -24.56 130.7
2005 1 26 12 36789.1 6.148 97.64 113.72 -18.19 -28.68 50.0
2005 1 27 12 36872.4 11.649 88.17 113.72 -15.28 -26.01 50.0
2005 1 28 12 36957.6 1.576 132.26 113.72 -16.10 -28.30 53.7
2005 1 29 12 37044.7 6.527 113.53 113.72 -10.92 -21.39 181.9
2005 1 30 12 37133.6 9.348 122.65 113.72 -11.65 -22.25 136.0
2005 1 31 12 37224.2 0.154 128.09 113.72 -16.96 -28.06 50.0
2005 2 1 12 37316.7 1.566 133.29 113.72 -15.21 -28.04 50.0
2005 2 2 12 37410.8 7.797 152.19 113.72 -15.72 -26.02 65.5
2005 2 3 12 37506.7 4.721 122.45 113.72 -13.26 -24.75 128.7
2005 2 4 12 37604.3 5.664 113.37 113.72 -14.97 -26.67 50.0
2005 2 5 12 37703.6 2.480 135.51 113.72 -13.87 -25.65 74.2
2005 2 6 12 37804.5 3.384 161.49 113.72 -15.48 -27.85 76.4
2005 2 7 12 37906.9 1.831 118.98 113.72 -12.70 -23.13 106.5
2005 2 8 12 38011.0 6.666 116.18 113.72 -15.80 -24.71 62.1
2005 2 9 12 38116.5 1.869 90.84 113.72 -9.45 -20.72 157.6
2005 2 10 12 38223.6 2.937 99.23 113.72 -10.87 -21.02 186.9
2005 2 11 12 38332.2 1.325 152.61 113.72 -9.33 -20.20 253.3
2005 2 12 12 38442.2 0.938 129.82 113.72 -12.06 -22.64 151.8
2005 2 13 12 38553.6 7.241 116.47 113.72 -10.55 -21.40 145.8
2005 2 14 12 38666.4 6.641 134.71 113.72 -11.46 -21.63 142.5
2005 2 15 12 38780.5 1.149 174.82 113.72 -14.21 -25.98 92.8
2005 2 16 12 38896.0 3.563 137.02 113.72 -13.17 -23.89 70.3
2005 2 17 12 39012.7 6.646 166.85 113.72 -11.87 -21.77 108.2
2005 2 18 12 39130.6 14.216 125.25 113.72 -10.68 -20.92 187.5
2005 2 19 12 39249.8 3.872 162.40 113.72 -12.32 -22.85 169.5
2005 2 20 12 39370.1 6.410 133.29 113.72 -11.37 -22.09 185.5
2005 2 21 12 39491.6 6.335 131.37 113.72 -12.59 -23.68 136.9
2005 2 22 12 39614.2 5.617 130.05 113.72 -12.59 -23.67 162.4
2005 2 23 12 39737.8 0.237 140.52 113.72 -14.07 -26.11 72.2
2005 2 24 12 39862.5 3.465 161.26 113.72 -11.07 -21.47 159.2
2005 2 25 12 39988.1 1.954 140.66 113.72 -12.35 -22.06 157.2
2005 2 26 12 40114.7 0.910 165.19 113.72 -13.42 -23.98 129.2
2005 2 27 12 40242.2 0.765 139.66 113.72 -12.25 -23.04 255.9
2005 2 28 12 40370.6 1.368 150.47 113.72 -10.81 -21.13 171.6
2005 3 1 12 40499.8 8.074 145.04 113.72 -10.10 -22.59 153.5
2005 3 2 12 40629.8 0.726 181.48 113.72 -11.24 -22.45 203.2
2005 3 3 12 40760.6 5.711 163.37 113.72 -9.22 -20.08 215.0
2005 3 4 12 40892.1 9.610 161.18 113.72 -8.45 -20.61 137.3
2005 3 5 12 41024.3 1.363 154.06 113.72 -10.97 -21.64 218.7
2005 3 6 12 41157.2 8.994 150.83 113.72 -8.93 -21.21 185.5
2005 3 7 12 41290.6 6.989 145.81 113.72 -11.25 -21.49 85.0
2005 3 8 12 41424.6 1.895 182.08 113.72 -12.04 -22.66 134.5
2005 3 9 12 41559.2 3.152 139.37 113.72 -11.36 -22.31 132.2
2005 3 10 12 41694.2 1.101 159.51 113.72 -11.08 -21.27 160.3
2005 3 11 12 41829.7 2.447 179.53 113.72 -10.28 -20.96 179.7
2005 3 12 12 41965.5 20.473 142.53 113.72 -6.49 -16.91 283.5
2005 3 13 12 42101.8 2.963 171.69 113.72 -10.09 -20.66 224.8
2005 3 14 12 42238.3 1.529 157.32 113.72 -9.70 -21.19 215.3
2005 3 15 12 42375.2 0.251 172.15 113.72 -8.74 -18.28 282.4
2005 3 16 12 42512.3 3.895 170.59 113.72 -10.78 -20.58 182.3
2005 3 17 12 42649.6 0.880 140.67 113.72 -8.41 -18.87 160.0
2005 3 18 12 42787.0 0.545 185.44 113.72 -7.47 -18.15 161.9
2005 3 19 12 42924.6 3.798 162.43 113.72 -6.06 -16.26 298.1
2005 3 20 12 43062.3 1.047 170.39 113.72 -6.13 -15.93 279.7
2005 3 21 12 43200.0 5.817 180.76 113.72 -7.38 -16.66 311.8
2005 3 22 12 43337.7 0.206 187.01 113.72 -8.08 -19.31 227.6
2005 3 23 12 43475.4 4.584 189.46 113.72 -7.81 -17.77 191.9
2005 3 24 12 43613.0 10.773 195.99 113.72 -6.77 -17.64 229.1
2005 3 25 12 43750.4 4.119 148.49 113.72 -7.26 -19.35 225.8
2005 3 26 12 43887.7 6.066 194.12 113.72 -7.14 -17.27 221.2
2005 3 27 12 44024.8 1.213 188.41 113.72 -8.22 -17.85 288.2
2005 3 28 12 44161.7 6.257 181.32 113.72 -5.62 -15.64 273.9
2005 3 29 12 44298.2 4.023 194.92 113.72 -5.99 -16.93 251.8
2005 3 30 12 44434.5 3.141 206.15 113.72 -7.38 -17.87 194.5
2005 3 31 12 44570.3 7.886 180.56 113.72 -3.82 -14.06 380.0
2005 4 1 12 44705.8 4.773 216.09 113.72 -5.54 -15.88 276.5
2005 4 2 12 44840.8 0.918 213.60 113.72 -7.80 -17.61 256.5
2005 4 3 12 44975.4 1.770 203.31 113.72 -4.04 -14.09 295.0
2005 4 4 12 45109.4 9.343 180.75 113.72 -6.27 -17.54 237.4
2005 4 5 12 45242.8 0.785 232.75 113.72 -5.68 -16.46 280.1
2005 4 6 12 45375.7 0.783 206.02 113.72 -5.14 -16.35 286.0
2005 4 7 12 45507.9 5.523 205.30 113.72 -3.37 -14.04 336.5
2005 4 8 12 45639.4 1.667 206.10 113.72 -4.55 -16.84 293.5
2005 4 9 12 45770.2 10.490 213.99 113.72 -3.33 -12.59 369.0
2005 4 10 12 45900.2 4.734 220.91 113.72 -6.42 -17.84 259.6
2005 4 11 12 46029.4 1.816 207.92 113.72 -5.51 -16.72 245.9
2005 4 12 12 46157.8 3.858 190.94 113.72 -3.60 -14.33 306.6
2005 4 13 12 46285.3 1.160 226.38 113.72 -4.53 -16.43 234.5
2005 4 14 12 46411.9 11.634 199.89 113.72 -3.54 -14.61 292.8
2005 4 15 12 46537.5 3.083 198.30 113.72 -1.91 -12.58 361.3
2005 4 16 12 46662.2 1.967 213.67 113.72 -4.03 -13.51 341.8
2005 4 17 12 46785.8 1.376 209.02 113.72 -3.72 -14.41 331.7
2005 4 18 12 46908.4 0.833 222.78 113.72 -2.25 -13.37 376.7
2005 4 19 12 47029.9 0.989 226.85 113.72 -5.40 -17.10 218.7
2005 4 20 12 47150.2 1.224 212.45 113.72 -0.49 -9.58 352.4
2005 4 21 12 47269.4 0.352 222.51 113.72 -1.60 -12.34 345.4
2005 4 22 12 47387.3 1.718 214.59 113.72 -1.45 -12.18 400.6
2005 4 23 12 47504.0 2.078 234.54 113.72 -2.19 -14.09 361.5
2005 4 24 12 47619.5 3.718 231.55 113.72 -0.14 -10.52 395.5
2005 4 25 12 47733.6 7.787 236.10 113.72 -1.21 -12.48 341.8
2005 4 26 12 47846.4 0.794 222.20 113.72 1.08 -8.55 436.9
2005 4 27 12 47957.8 8.342 231.45 113.72 -3.12 -13.55 362.6
2005 4 28 12 48067.8 0.220 236.33 113.72 -0.26 -10.96 357.5
2005 4 29 12 48176.4 0.806 241.00 113.72 -0.08 -11.94 344.0
2005 4 30 12 48283.5 1.479 240.78 113.72 0.52 -10.36 395.7
2005 5 1 12 48389.0 2.101 230.05 113.72 2.36 -8.61 461.4
2005 5 2 12 48493.1 0.382 215.69 113.72 -1.58 -12.29 379.3
2005 5 3 12 48595.5 3.031 241.48 113.72 -1.43 -13.80 264.8
2005 5 4 12 48696.4 1.773 241.74 113.72 0.33 -11.19 401.3
2005 5 5 12 48795.7 0.064 219.46 113.72 -1.77 -12.97 340.1
2005 5 6 12 48893.3 4.215 249.63 113.72 4.72 -5.68 505.6
2005 5 7 12 48989.2 0.265 240.23 113.72 2.86 -9.48 403.9
2005 5 8 12 49083.3 1.294 236.90 113.72 2.43 -7.26 469.8
2005 5 9 12 49175.8 3.170 242.96 113.72 3.03 -6.78 465.9
2005 5 10 12 49266.4 0.987 254.63 113.72 3.96 -7.64 430.9
2005 5 11 12 49355.3 1.155 264.93 113.72 1.32 -7.50 427.2
2005 5 12 12 49442.4 1.574 241.62 113.72 1.90 -8.71 420.0
2005 5 13 12 49527.6 0.634 239.82 113.72 3.14 -7.75 406.2
2005 5 14 12 49610.9 0.493 253.23 113.72 2.06 -8.26 421.5
2005 5 15 12 49692.3 1.311 224.82 113.72 1.62 -8.85 413.3
2005 5 16 12 49771.8 1.978 258.65 113.72 2.40 -8.31 465.0
2005 5 17 12 49849.4 1.073 226.17 113.72 3.95 -7.72 465.6
2005 5 18 12 49924.9 3.171 226.63 113.72 4.93 -6.22 536.0
2005 5 19 12 49998.5 3.380 271.28 113.72 1.84 -8.68 376.2
2005 5 20 12 50070.1 4.885 217.46 113.72 3.64 -6.49 462.5
2005 5 21 12 50139.7 0.492 269.01 113.72 4.02 -5.63 524.5
2005 5 22 12 50207.1 1.744 273.47 113.72 2.19 -8.97 428.8
2005 5 23 12 50272.5 1.297 255.82 113.72 5.13 -5.61 481.3
2005 5 24 12 50335.9 6.896 260.44 113.72 4.47 -6.86 434.8
2005 5 25 12 50397.0 2.368 228.36 113.72 3.39 -6.53 490.2
2005 5 26 12 50456.1 1.972 245.17 113.72 4.25 -6.80 469.5
2005 5 27 12 50513.0 8.617 258.51 113.72 5.94 -5.33 483.2
2005 5 28 12 50567.8 0.446 258.62 113.72 6.77 -3.98 550.6
2005 5 29 12 50620.3 4.258 260.87 113.72 5.97 -6.16 543.9
2005 5 30 12 50670.7 3.607 259.64 113.72 8.48 -1.88 535.7
2005 5 31 12 50718.8 3.785 255.50 113.72 7.46 -3.59 545.7
2005 6 1 12 50764.8 0.308 237.32 113.72 6.77 -1.82 567.8
2005 6 2 12 50808.5 3.112 261.36 113.72 5.04 -6.26 494.4
2005 6 3 12 50849.9 0.737 239.45 113.72 7.94 -3.07 578.2
2005 6 4 12 50889.0 3.107 251.42 113.72 5.24 -4.75 547.8
2005 6 5 12 50925.9 4.276 278.14 113.72 7.66 -2.51 534.8
2005 6 6 12 50960.5 0.079 234.14 113.72 3.02 -6.95 411.2
2005 6 7 12 50992.8 4.835 256.06 113.72 6.08 -4.94 498.4
2005 6 8 12 51022.8 1.444 271.25 113.72 4.87 -6.85 460.4
2005 6 9 12 51050.5 2.810 268.09 113.72 6.67 -2.00 477.5
2005 6 10 12 51075.8 6.430 263.34 113.72 4.92 -5.46 521.1
2005 6 11 12 51098.8 0.720 248.83 113.72 7.41 -3.21 520.0
2005 6 12 12 51119.5 1.523 278.86 113.72 8.19 -1.96 559.2
2005 6 13 12 51137.8 0.200 241.02 113.72 6.64 -5.20 478.8
2005 6 14 12 51153.7 4.439 269.93 113.72 7.26 -3.91 515.6
2005 6 15 12 51167.4 1.191 261.97 113.72 8.19 -3.45 569.3
2005 6 16 12 51178.6 2.227 247.99 113.72 7.90 -2.76 547.3
2005 6 17 12 51187.5 1.691 254.04 113.72 10.11 -1.79 627.8
2005 6 18 12 51194.0 1.614 287.11 113.72 7.17 -3.09 557.0
2005 6 19 12 51198.1 1.441 242.55 113.72 9.11 -0.74 606.2
2005 6 20 12 51199.9 0.273 233.60 113.72 8.80 -1.08 572.2
2005 6 21 12 51199.3 1.604 250.42 113.72 6.13 -4.32 511.8
2005 6 22 12 51196.4 1.113 266.16 113.72 8.74 -1.91 592.8
2005 6 23 12 51191.0 0.660 281.27 113.72 8.57 -2.56 584.4
2005 6 24 12 51183.3 4.640 260.21 113.72 8.06 -2.38 560.3
2005 6 25 12 51173.3 1.243 235.30 113.72 11.55 0.66 629.9
2005 6 26 12 51160.8 2.954 261.04 113.72 10.90 -1.40 567.8
2005 6 27 12 51146.1 0.656 272.30 113.72 7.91 -3.39 538.9
2005 6 28 12 51128.9 0.304 264.10 113.72 10.08 -0.08 601.0
2005 6 29 12 51109.4 0.626 266.50 113.72 10.32 -1.38 573.6
2005 6 30 12 51087.6 0.952 230.80 113.72 9.50 -2.22 585.7
2005 7 1 12 51063.4 1.988 238.50 113.72 7.70 -3.26 533.3
2005 7 2 12 51036.9 0.293 256.36 113.72 7.98 -4.55 490.1
2005 7 3 12 51008.1 4.353 275.08 113.72 10.27 0.05 592.9
2005 7 4 12 50976.9 0.525 245.93 113.72 10.29 0.01 591.5
2005 7 5 12 50943.5 6.057 260.51 113.72 9.16 -0.88 595.6
2005 7 6 12 50907.8 0.030 259.57 113.72 11.61 0.99 603.1
2005 7 7 12 50869.7 0.263 241.06 113.72 11.93 0.45 642.7
2005 7 8 12 50829.4 0.202 245.25 113.72 11.96 0.17 595.4
2005 7 9 12 50786.9 1.122 255.49 113.72 12.00 1.65 680.0
2005 7 10 12 50742.1 0.348 249.94 113.72 9.79 -0.44 592.0
2005 7 11 12 50695.1 2.994 267.26 113.72 7.85 -3.85 538.9
2005 7 12 12 50645.8 5.733 248.15 113.72 9.40 -2.40 581.7
2005 7 13 12 50594.3 5.010 267.25 113.72 9.73 -1.08 615.1
2005 7 14 12 50540.7 2.256 247.98 113.72 8.99 -1.70 584.7
2005 7 15 12 50484.8 0.415 253.21 113.72 9.38 -0.67 665.2
2005 7 16 12 50426.8 0.177 264.27 113.72 8.23 -2.04 559.4
2005 7 17 12 50366.7 1.853 250.06 113.72 11.05 0.19 558.5
2005 7 18 12 50304.5 1.061 244.65 113.72 12.43 2.46 648.2
2005 7 19 12 50240.1 0.907 249.36 113.72 13.57 2.49 673.7
2005 7 20 12 50173.7 0.478 263.14 113.72 10.37 -0.67 600.2
2005 7 21 12 50105.1 3.403 254.03 113.72 9.74 -0.38 561.9
2005 7 22 12 50034.6 1.262 216.18 113.72 9.94 -0.09 588.0
2005 7 23 12 49962.0 0.051 236.79 113.72 12.03 2.02 616.0
2005 7 24 12 49887.4 5.001 236.17 113.72 11.99 1.05 601.0
2005 7 25 12 49810.8 4.425 254.86 113.72 9.60 -1.14 574.3
2005 7 26 12 49732.3 0.740 216.58 113.72 11.75 0.25 619.1
2005 7 27 12 49651.8 0.290 248.71 113.72 10.16 0.08 579.8
2005 7 28 12 49569.5 0.631 253.23 113.72 8.79 -2.48 531.3
2005 7 29 12 49485.2 0.509 252.39 113.72 9.63 -2.77 566.0
2005 7 30 12 49399.1 2.815 240.72 113.72 12.39 1.23 599.0
2005 7 31 12 49311.1 0.773 216.87 113.72 10.88 -0.61 560.8
2005 8 1 12 49221.3 1.238 236.36 113.72 9.00 -3.97 586.5
2005 8 2 12 49129.8 0.654 261.41 113.72 11.12 -0.14 581.4
2005 8 3 12 49036.5 1.170 229.43 113.72 10.74 0.56 556.5
2005 8 4 12 48941.4 2.039 270.13 113.72 9.15 -1.32 536.4
2005 8 5 12 48844.7 0.145 248.61 113.72 8.44 -2.03 499.6
2005 8 6 12 48746.2 0.889 233.32 113.72 7.84 -1.82 613.1
2005 8 7 12 48646.2 2.460 237.85 113.72 6.98 -4.29 512.1
2005 8 8 12 48544.5 0.741 239.06 113.72 8.40 -3.32 502.4
2005 8 9 12 48441.3 0.907 223.76 113.72 9.05 -1.36 589.7
2005 8 10 12 48336.4 0.873 225.16 113.72 11.13 0.62 663.7
2005 8 11 12 48230.1 0.117 260.22 113.72 10.41 -1.41 566.7
2005 8 12 12 48122.3 1.078 251.60 113.72 9.39 -1.55 617.9
2005 8 13 12 48013.0 0.083 222.46 113.72 6.20 -4.17 506.5
2005 8 14 12 47902.3 0.237 215.34 113.72 9.37 -1.21 540.5
2005 8 15 12 47790.2 1.026 202.00 113.72 6.37 -3.84 577.5
2005 8 16 12 47676.7 0.732 257.12 113.72 10.06 -1.28 552.8
2005 8 17 12 47561.9 0.464 238.98 113.72 10.01 -1.93 544.5
2005 8 18 12 47445.8 0.579 241.15 113.72 8.64 -2.89 573.3
2005 8 19 12 47328.5 0.896 213.13 113.72 9.69 -0.42 592.6
2005 8 20 12 47209.9 1.089 210.96 113.72 9.88 -0.09 594.8
2005 8 21 12 47090.2 0.535 205.08 113.72 8.42 -2.52 542.0
2005 8 22 12 46969.3 3.432 170.29 113.72 7.93 -1.66 546.7
2005 8 23 12 46847.3 0.852 203.35 113.72 6.04 -4.89 507.6
2005 8 24 12 46724.2 0.154 220.04 113.72 7.38 -3.83 538.1
2005 8 25 12 46600.0 1.062 217.73 113.72 6.30 -5.63 480.8
2005 8 26 12 46474.8 0.488 203.51 113.72 6.17 -4.69 523.1
2005 8 27 12 46348.7 0.253 221.31 113.72 6.45 -3.50 542.4
2005 8 28 12 46221.7 1.149 200.10 113.72 4.49 -5.30 505.6
2005 8 29 12 46093.7 0.846 220.45 113.72 8.77 -1.18 567.9
2005 8 30 12 45964.9 0.494 218.97 113.72 7.50 -2.91 530.8
2005 8 31 12 45835.3 0.040 218.64 113.72 8.77 -0.75 596.1
2005 9 1 12 45704.9 0.983 206.16 113.72 8.10 -3.48 494.5
2005 9 2 12 45573.7 0.355 191.49 113.72 7.50 -2.35 640.0
2005 9 3 12 45441.8 1.947 184.53 113.72 7.80 -2.77 469.1
2005 9 4 12 45309.3 0.572 168.56 113.72 6.69 -3.94 504.4
2005 9 5 12 45176.2 0.623 211.12 113.72 8.28 -3.66 542.2
2005 9 6 12 45042.4 0.013 173.14 113.72 5.40 -5.12 519.5
2005 9 7 12 44908.2 0.552 195.06 113.72 5.99 -3.89 496.9
2005 9 8 12 44773.4 1.961 199.00 113.72 5.44 -7.06 439.3
2005 9 9 12 44638.1 1.199 178.34 113.72 8.73 -1.43 572.8
2005 9 10 12 44502.5 1.623 191.18 113.72 4.60 -8.03 398.6
2005 9 11 12 44366.4 1.027 196.45 113.72 7.32 -4.62 471.6
2005 9 12 12 44230.0 0.201 186.20 113.72 3.17 -7.70 472.3
2005 9 13 12 44093.3 0.286 195.84 113.72 5.20 -4.33 537.9
2005 9 14 12 43956.3 0.249 180.89 113.72 4.61 -6.29 474.6
2005 9 15 12 43819.1 0.427 182.02 113.72 3.18 -7.24 478.3
2005 9 16 12 43681.7 1.274 171.49 113.72 3.55 -7.98 443.2
2005 9 17 12 43544.2 0.232 181.41 113.72 5.12 -5.83 460.1
2005 9 18 12 43406.5 1.271 182.16 113.72 3.69 -7.16 422.1
2005 9 19 12 43268.9 0.656 166.83 113.72 2.57 -6.93 480.1
2005 9 20 12 43131.1 4.515 185.75 113.72 5.18 -6.22 455.4
2005 9 21 12 42993.5 0.101 140.95 113.72 3.62 -7.71 470.2
2005 9 22 12 42855.8 0.526 192.79 113.72 3.97 -5.97 471.4
2005 9 23 12 42718.3 0.650 153.92 113.72 4.93 -6.07 517.5
2005 9 24 12 42580.9 1.748 189.42 113.72 5.42 -5.29 465.5
2005 9 25 12 42443.7 1.505 181.74 113.72 -0.52 -10.97 346.5
2005 9 26 12 42306.7 0.177 186.26 113.72 2.56 -8.75 431.2
2005 9 27 12 42170.0 0.065 152.81 113.72 0.02 -12.42 341.1
2005 9 28 12 42033.6 0.498 165.28 113.72 6.43 -3.51 534.2
2005 9 29 12 41897.5 1.096 171.38 113.72 2.37 -8.33 431.1
2005 9 30 12 41761.9 0.562 172.04 113.72 3.41 -8.41 416.4
2005 10 1 12 41626.6 0.810 176.87 113.72 0.82 -9.36 404.7
2005 10 2 12 41491.8 0.118 172.69 113.72 1.03 -8.17 371.0
2005 10 3 12 41357.6 1.120 168.71 113.72 3.01 -6.83 508.0
2005 10 4 12 41223.8 0.992 167.61 113.72 1.94 -7.20 436.8
2005 10 5 12 41090.7 0.537 169.16 113.72 3.48 -8.30 447.0
2005 10 6 12 40958.2 2.465 157.88 113.72 -0.49 -11.09 315.8
2005 10 7 12 40826.3 0.519 173.45 113.72 0.24 -10.28 367.8
2005 10 8 12 40695.1 0.463 153.80 113.72 1.13 -9.76 412.2
2005 10 9 12 40564.7 1.385 128.28 113.72 1.16 -9.91 456.1
2005 10 10 12 40435.1 2.726 171.03 113.72 0.58 -12.59 361.5
2005 10 11 12 40306.3 0.327 158.08 113.72 -2.24 -11.68 382.8
2005 10 12 12 40178.3 1.449 147.55 113.72 -1.87 -13.96 305.8
2005 10 13 12 40051.3 1.611 150.22 113.72 -0.15 -10.22 394.9
2005 10 14 12 39925.2 0.359 169.86 113.72 -3.18 -13.97 314.3
2005 10 15 12 39800.0 0.410 147.50 113.72 -2.40 -13.22 344.4
2005 10 16 12 39675.8 0.268 167.54 113.72 -1.22 -12.19 393.2
2005 10 17 12 39552.7 1.574 150.60 113.72 -2.65 -13.29 323.4
2005 10 18 12 39430.7 0.323 136.86 113.72 -1.35 -11.63 367.8
2005 10 19 12 39309.8 2.762 121.45 113.72 -2.03 -12.07 346.5
2005 10 20 12 39190.1 0.586 141.27 113.72 -3.29 -14.19 308.2
2005 10 21 12 39071.5 1.021 158.43 113.72 -3.46 -15.22 329.3
2005 10 22 12 38954.2 1.286 129.01 113.72 -0.60 -12.39 365.3
2005 10 23 12 38838.1 2.907 141.88 113.72 -2.15 -12.12 366.9
2005 10 24 12 38723.3 4.200 158.26 113.72 -2.56 -13.57 324.4
2005 10 25 12 38609.8 1.512 107.51 113.72 -3.05 -14.67 280.4
2005 10 26 12 38497.7 2.101 138.94 113.72 -4.70 -16.09 298.7
2005 10 27 12 38387.0 0.397 140.18 113.72 -4.39 -15.27 319.6
2005 10 28 12 38277.7 4.066 136.12 113.72 -7.35 -19.18 242.6
2005 10 29 12 38169.9 2.270 104.14 113.72 -4.91 -15.73 284.6
2005 10 30 12 38063.6 8.161 117.25 113.72 -5.09 -14.88 278.7
2005 10 31 12 37958.7 1.230 96.30 113.72 -3.54 -14.43 330.3
2005 11 1 12 37855.5 0.498 106.79 113.72 -5.47 -17.68 278.5
2005 11 2 12 37753.8 0.875 138.19 113.72 -3.58 -13.69 351.1
2005 11 3 12 37653.8 3.252 119.59 113.72 -5.35 -15.27 271.0
2005 11 4 12 37555.3 4.470 135.84 113.72 -4.94 -14.81 314.8
2005 11 5 12 37458.6 0.570 134.05 113.72 -5.41 -16.16 218.2
2005 11 6 12 37363.5 0.229 104.78 113.72 -4.51 -13.45 371.1
2005 11 7 12 37270.2 1.178 123.24 113.72 -3.95 -14.16 321.7
2005 11 8 12 37178.7 0.454 95.99 113.72 -7.43 -15.84 288.9
2005 11 9 12 37088.9 3.087 123.01 113.72 -3.51 -13.23 381.7
2005 11 10 12 37000.9 1.146 124.37 113.72 -7.63 -17.47 232.9
2005 11 11 12 36914.8 1.026 113.74 113.72 -6.81 -18.11 241.3
2005 11 12 12 36830.5 1.044 91.07 113.72 -7.52 -19.07 192.6
2005 11 13 12 36748.2 0.943 93.17 113.72 -4.65 -15.36 247.9
2005 11 14 12 36667.7 0.249 152.82 113.72 -8.69 -19.65 215.5
2005 11 15 12 36589.2 0.543 123.21 113.72 -6.21 -17.44 258.2
2005 11 16 12 36512.6 2.775 108.94 113.72 -10.78 -21.69 102.5
2005 11 17 12 36438.0 0.426 126.78 113.72 -6.43 -17.39 274.0
2005 11 18 12 36365.4 2.744 133.73 113.72 -8.12 -19.43 210.0
2005 11 19 12 36294.9 1.733 129.11 113.72 -8.58 -18.85 245.6
2005 11 20 12 36226.3 3.989 107.36 113.72 -9.23 -20.63 194.4
2005 11 21 12 36159.9 1.593 104.59 113.72 -8.47 -19.30 245.3
2005 11 22 12 36095.5 0.640 120.89 113.72 -9.08 -20.85 217.9
2005 11 23 12 36033.3 0.615 104.80 113.72 -10.95 -21.67 172.6
2005 11 24 12 35973.2 0.163 125.71 113.72 -10.06 -20.70 213.7
2005 11 25 12 35915.2 0.726 108.83 113.72 -7.86 -19.42 238.0
2005 11 26 12 35859.3 1.321 118.50 113.72 -9.82 -20.57 153.2
2005 11 27 12 35805.7 4.741 121.65 113.72 -10.57 -21.45 144.6
2005 11 28 12 35754.2 3.185 86.06 113.72 -9.48 -20.64 156.8
2005 11 29 12 35704.9 1.206 107.23 113.72 -8.97 -20.13 217.3
2005 11 30 12 35657.9 0.531 121.80 113.72 -8.89 -19.33 192.2
2005 12 1 12 35613.1 2.727 92.03 113.72 -9.51 -20.29 133.3
2005 12 2 12 35570.6 0.857 95.49 113.72 -8.36 -18.39 201.9
2005 12 3 12 35530.3 0.560 121.32 113.72 -10.25 -21.87 151.0
2005 12 4 12 35492.2 2.835 125.84 113.72 -10.82 -21.77 178.4
2005 12 5 12 35456.5 0.674 49.74 113.72 -9.30 -20.59 226.9
2005 12 6 12 35423.1 3.947 120.21 113.72 -11.82 -22.57 177.2
2005 12 7 12 35391.9 0.204 67.05 113.72 -11.50 -22.09 163.6
2005 12 8 12 35363.1 0.685 100.68 113.72 -13.42 -25.17 71.8
2005 12 9 12 35336.6 0.645 80.58 113.72 -8.45 -18.77 164.4
2005 12 10 12 35312.4 3.795 92.91 113.72 -8.17 -17.24 240.6
2005 12 11 12 35290.6 1.861 102.48 113.72 -11.69 -22.35 144.3
2005 12 12 12 35271.1 3.778 108.67 113.72 -10.41 -21.90 164.9
2005 12 13 12 35253.9 0.509 121.98 113.72 -10.63 -21.66 193.6
2005 12 14 12 35239.2 3.734 80.21 113.72 -11.51 -22.57 168.7
2005 12 15 12 35226.7 3.458 117.61 113.72 -10.09 -21.43 174.3
2005 12 16 12 35216.7 0.754 96.00 113.72 -13.93 -24.15 105.0
2005 12 17 12 35209.0 0.841 96.24 113.72 -12.42 -24.68 60.7
2005 12 18 12 35203.6 0.867 125.54 113.72 -15.38 -25.96 56.7
2005 12 19 12 35200.7 8.260 112.64 113.72 -13.87 -23.64 98.2
2005 12 20 12 35200.1 1.869 74.77 113.72 -14.90 -24.72 183.4
2005 12 21 12 35201.9 0.454 98.84 113.72 -15.32 -25.30 153.9
2005 12 22 12 35206.0 0.842 88.84 113.72 -13.40 -24.73 67.7
2005 12 23 12 35212.5 12.676 93.61 113.72 -12.20 -21.84 175.0
2005 12 24 12 35221.4 2.420 98.24 113.72 -13.84 -24.34 72.6
2005 12 25 12 35232.6 1.713 107.27 113.72 -13.74 -23.41 138.6
2005 12 26 12 35246.3 0.233 81.63 113.72 -14.11 -24.05 104.3
2005 12 27 12 35262.2 0.733 97.30 113.72 -12.88 -23.43 127.2
2005 12 28 12 35280.5 5.851 94.88 113.72 -14.08 -25.07 130.1
2005 12 29 12 35301.2 2.617 106.77 113.72 -14.75 -23.66 138.0
2005 12 30 12 35324.2 0.784 100.45 113.72 -11.91 -24.14 143.3
2005 12 31 12 35349.5 12.687 115.56 113.72 -14.69 -25.63 102.5
2006 1 1 12 35377.2 2.607 105.65 113.72 -15.35 -27.28 50.0
2006 1 2 12 35407.2 15.294 111.12 113.72 -12.39 -23.10 98.6
2006 1 3 12 35439.5 0.607 105.89 113.72 -16.09 -26.60 59.0
2006 1 4 12 35474.1 0.391 85.50 113.72 -11.77 -23.09 129.2
2006 1 5 12 35511.0 2.077 97.49 113.72 -15.20 -26.46 55.1
2006 1 6 12 35550.1 0.259 93.47 113.72 -13.59 -25.45 69.9
2006 1 7 12 35591.5 1.466 115.30 113.72 -15.25 -25.69 88.3
2006 1 8 12 35635.2 3.929 117.12 113.72 -13.78 -24.95 140.7
2006 1 9 12 35681.2 3.530 103.58 113.72 -14.61 -25.07 50.0
2006 1 10 12 35729.3 2.705 107.47 113.72 -15.34 -26.56 50.0
2006 1 11 12 35779.7 0.870 82.10 113.72 -16.30 -26.90 69.8
2006 1 12 12 35832.2 5.371 100.48 113.72 -14.73 -24.94 50.0
2006 1 13 12 35887.0 1.927 69.34 113.72 -13.23 -23.65 83.8
2006 1 14 12 35943.9 0.049 119.58 113.72 -12.95 -23.58 191.9
2006 1 15 12 36003.0 0.717 141.46 113.72 -15.05 -25.94 98.2
2006 1 16 12 36064.1 0.737 100.64 113.72 -15.06 -25.48 170.5
2006 1 17 12 36127.5 6.367 112.71 113.72 -14.26 -25.54 50.0
2006 1 18 12 36192.9 0.729 116.19 113.72 -14.00 -24.95 163.5
2006 1 19 12 36260.3 3.580 93.56 113.72 -14.00 -24.53 70.1
2006 1 20 12 36329.9 0.148 109.33 113.72 -14.65 -24.22 142.5
2006 1 21 12 36401.5 4.116 119.03 113.72 -14.54 -25.83 50.0
2006 1 22 12 36475.1 0.264 115.29 113.72 -14.41 -25.92 90.3
2006 1 23 12 36550.6 6.355 114.40 113.72 -17.59 -28.16 50.0
2006 1 24 12 36628.2 2.044 109.84 113.72 -14.56 -24.39 98.7
2006 1 25 12 36707.7 5.057 102.84 113.72 -12.76 -22.91 100.1
2006 1 26 12 36789.1 1.932 126.03 113.72 -11.82 -22.60 139.6
2006 1 27 12 36872.4 1.151 143.13 113.72 -12.11 -21.93 168.5
2006 1 28 12 36957.6 0.241 87.50 113.72 -13.71 -25.96 50.0
2006 1 29 12 37044.7 0.115 86.15 113.72 -15.60 -25.59 82.0
2006 1 30 12 37133.6 1.128 101.12 113.72 -14.60 -25.65 85.1
2006 1 31 12 37224.2 2.469 113.62 113.72 -14.88 -25.17 110.1
2006 2 1 12 37316.7 0.501 117.23 113.72 -15.80 -25.80 50.0
2006 2 2 12 37410.8 12.196 124.02 113.72 -15.05 -25.70 68.2
2006 2 3 12 37506.7 8.055 124.15 113.72 -14.68 -25.43 96.8
2006 2 4 12 37604.3 2.106 121.96 113.72 -15.63 -26.74 53.3
2006 2 5 12 37703.6 9.028 144.12 113.72 -12.08 -21.52 136.6
2006 2 6 12 37804.5 2.187 112.16 113.72 -12.50 -23.02 167.6
2006 2 7 12 37906.9 0.527 140.68 113.72 -13.42 -24.04 148.2
2006 2 8 12 38011.0 1.829 157.89 113.72 -12.71 -22.30 176.6
2006 2 9 12 38116.5 4.799 107.11 113.72 -12.75 -23.95 110.0
2006 2 10 12 38223.6 0.995 100.99 113.72 -14.23 -25.23 89.2
2006 2 11 12 38332.2 10.426 134.11 113.72 -10.35 -20.40 229.4
2006 2 12 12 38442.2 1.416 142.12 113.72 -14.12 -23.50 154.0
2006 2 13 12 38553.6 5.456 134.08 113.72 -15.39 -26.15 114.9
2006 2 14 12 38666.4 2.022 102.78 113.72 -12.55 -23.04 141.6
2006 2 15 12 38780.5 0.882 110.50 113.72 -11.86 -23.93 139.7
2006 2 16 12 38896.0 0.443 129.34 113.72 -13.06 -22.84 163.2
2006 2 17 12 39012.7 6.058 144.36 113.72 -10.64 -22.31 197.1
2006 2 18 12 39130.6 3.572 133.99 113.72 -12.14 -23.37 64.2
2006 2 19 12 39249.8 1.103 143.70 113.72 -13.54 -24.19 120.0
2006 2 20 12 39370.1 6.187 144.48 113.72 -13.09 -24.41 140.4
2006 2 21 12 39491.6 1.171 156.88 113.72 -11.86 -24.22 151.0
2006 2 22 12 39614.2 3.416 126.73 113.72 -11.85 -23.64 113.6
2006 2 23 12 39737.8 3.994 146.70 113.72 -10.04 -20.76 196.5
2006 2 24 12 39862.5 14.419 168.21 113.72 -10.49 -20.09 220.3
2006 2 25 12 39988.1 13.766 136.03 113.72 -13.97 -23.64 164.9
2006 2 26 12 40114.7 1.202 139.74 113.72 -11.74 -22.24 165.9
2006 2 27 12 40242.2 0.880 151.72 113.72 -13.23 -23.90 129.7
2006 2 28 12 40370.6 3.125 135.85 113.72 -9.05 -19.21 207.7
2006 3 1 12 40499.8 6.948 135.53 113.72 -12.56 -22.30 187.7
2006 3 2 12 40629.8 0.106 149.09 113.72 -10.66 -21.37 210.0
2006 3 3 12 40760.6 11.248 151.95 113.72 -11.87 -22.55 180.3
2006 3 4 12 40892.1 1.578 168.19 113.72 -13.65 -24.29 136.5
2006 3 5 12 41024.3 6.706 144.79 113.72 -12.42 -22.42 159.0
2006 3 6 12 41157.2 1.604 160.03 113.72 -10.77 -22.66 129.1
2006 3 7 12 41290.6 10.345 179.42 113.72 -9.39 -20.18 174.2
2006 3 8 12 41424.6 1.571 179.87 113.72 -9.30 -19.78 235.4
2006 3 9 12 41559.2 5.154 161.94 113.72 -11.94 -24.25 149.0
2006 3 10 12 41694.2 2.683 167.78 113.72 -9.31 -19.38 219.8
2006 3 11 12 41829.7 0.503 152.72 113.72 -8.20 -18.14 244.5
2006 3 12 12 41965.5 1.480 171.99 113.72 -8.70 -21.05 185.4
2006 3 13 12 42101.8 0.066 191.97 113.72 -9.84 -20.97 216.5
2006 3 14 12 42238.3 1.232 189.87 113.72 -9.06 -20.17 219.3
2006 3 15 12 42375.2 3.854 171.42 113.72 -8.74 -20.25 182.0
2006 3 16 12 42512.3 9.856 178.31 113.72 -6.70 -18.11 253.2
2006 3 17 12 42649.6 2.515 163.46 113.72 -6.08 -17.30 206.6
2006 3 18 12 42787.0 18.213 161.92 113.72 -7.49 -17.80 225.5
2006 3 19 12 42924.6 7.531 171.78 113.72 -8.20 -18.00 187.5
2006 3 20 12 43062.3 0.937 182.68 113.72 -8.15 -18.51 204.1
2006 3 21 12 43200.0 2.707 190.83 113.72 -7.82 -19.35 190.1
2006 3 22 12 43337.7 4.607 180.19 113.72 -7.44 -17.60 185.4
2006 3 23 12 43475.4 1.611 189.36 113.72 -8.34 -18.65 262.1
2006 3 24 12 43613.0 3.760 145.85 113.72 -4.43 -17.57 233.3
2006 3 25 12 43750.4 1.296 188.06 113.72 -8.38 -18.19 226.5
2006 3 26 12 43887.7 2.595 177.57 113.72 -5.06 -15.76 259.0
2006 3 27 12 44024.8 8.663 169.49 113.72 -10.11 -20.78 201.4
2006 3 28 12 44161.7 1.432 196.43 113.72 -7.04 -19.24 256.7
2006 3 29 12 44298.2 0.278 212.69 113.72 -6.94 -16.45 286.6
2006 3 30 12 44434.5 13.808 192.14 113.72 -5.90 -16.43 281.8
2006 3 31 12 44570.3 6.089 206.90 113.72 -6.60 -16.78 205.2
2006 4 1 12 44705.8 4.288 188.79 113.72 -3.78 -15.64 284.3
2006 4 2 12 44840.8 10.520 227.20 113.72 -6.02 -16.41 291.2
2006 4 3 12 44975.4 6.392 174.11 113.72 -7.01 -17.38 288.4
2006 4 4 12 45109.4 1.542 197.58 113.72 -6.71 -17.64 265.5
2006 4 5 12 45242.8 13.422 211.70 113.72 -5.77 -17.61 310.5
2006 4 6 12 45375.7 3.653 201.29 113.72 -3.78 -14.63 285.6
2006 4 7 12 45507.9 5.413 223.72 113.72 -3.30 -14.87 280.8
2006 4 8 12 45639.4 0.130 173.30 113.72 -6.26 -17.62 259.0
2006 4 9 12 45770.2 0.620 204.03 113.72 -5.46 -15.33 331.7
2006 4 10 12 45900.2 0.375 203.26 113.72 -5.65 -16.38 315.5
2006 4 11 12 46029.4 4.507 206.64 113.72 -4.28 -15.14 236.0
2006 4 12 12 46157.8 0.832 185.83 113.72 -2.20 -13.94 324.4
2006 4 13 12 46285.3 3.383 206.48 113.72 -3.19 -14.02 348.1
2006 4 14 12 46411.9 5.974 207.06 113.72 -2.41 -13.33 361.1
2006 4 15 12 46537.5 0.796 217.02 113.72 -1.91 -13.50 347.0
2006 4 16 12 46662.2 0.145 231.10 113.72 -3.71 -13.64 324.7
2006 4 17 12 46785.8 7.573 217.53 113.72 -4.54 -14.51 218.7
2006 4 18 12 46908.4 1.148 223.35 113.72 -3.29 -14.71 367.4
2006 4 19 12 47029.9 10.329 237.16 113.72 -0.97 -11.46 389.2
2006 4 20 12 47150.2 3.909 237.34 113.72 -1.10 -13.38 306.0
2006 4 21 12 47269.4 8.495 184.93 113.72 -1.67 -12.22 345.9
2006 4 22 12 47387.3 0.300 233.83 113.72 -0.16 -10.34 401.0
2006 4 23 12 47504.0 4.834 234.91 113.72 -1.16 -12.86 357.0
2006 4 24 12 47619.5 4.952 220.26 113.72 -1.67 -12.46 309.1
2006 4 25 12 47733.6 6.893 218.46 113.72 -3.32 -14.02 289.9
2006 4 26 12 47846.4 0.820 209.53 113.72 1.14 -7.34 468.1
2006 4 27 12 47957.8 1.169 198.46 113.72 -0.70 -9.44 393.9
2006 4 28 12 48067.8 6.952 241.43 113.72 -1.03 -11.57 315.2
2006 4 29 12 48176.4 0.187 241.24 113.72 -0.30 -11.63 343.6
2006 4 30 12 48283.5 0.659 229.34 113.72 2.30 -8.30 433.6
2006 5 1 12 48389.0 4.501 242.54 113.72 1.75 -8.15 387.8
2006 5 2 12 48493.1 1.344 248.28 113.72 -0.08 -12.22 404.7
2006 5 3 12 48595.5 1.641 207.02 113.72 1.37 -11.11 413.5
2006 5 4 12 48696.4 8.857 238.70 113.72 2.70 -9.01 447.3
2006 5 5 12 48795.7 1.453 232.32 113.72 1.59 -8.60 430.6
2006 5 6 12 48893.3 4.087 243.42 113.72 1.44 -8.70 389.0
2006 5 7 12 48989.2 6.741 240.69 113.72 -1.67 -12.12 332.4
2006 5 8 12 49083.3 1.538 250.38 113.72 3.53 -6.38 512.0
2006 5 9 12 49175.8 4.054 216.02 113.72 0.31 -10.63 363.5
2006 5 10 12 49266.4 8.695 260.37 113.72 -0.76 -11.77 363.6
2006 5 11 12 49355.3 4.803 233.70 113.72 -0.46 -10.95 372.2
2006 5 12 12 49442.4 3.244 240.41 113.72 1.15 -8.28 429.8
2006 5 13 12 49527.6 4.698 216.88 113.72 3.36 -7.11 453.9
2006 5 14 12 49610.9 5.309 242.56 113.72 4.56 -6.32 466.5
2006 5 15 12 49692.3 1.908 244.65 113.72 3.52 -6.96 447.3
2006 5 16 12 49771.8 2.557 244.52 113.72 5.80 -3.87 513.1
2006 5 17 12 49849.4 5.500 235.45 113.72 2.77 -8.31 427.5
2006 5 18 12 49924.9 0.516 228.96 113.72 3.21 -7.94 412.8
2006 5 19 12 49998.5 1.959 257.61 113.72 0.94 -10.23 353.3
2006 5 20 12 50070.1 0.744 222.64 113.72 3.06 -7.09 447.2
2006 5 21 12 50139.7 3.292 261.47 113.72 1.04 -10.38 366.1
2006 5 22 12 50207.1 0.434 275.49 113.72 2.27 -8.02 437.6
2006 5 23 12 50272.5 4.373 283.98 113.72 5.40 -6.58 436.5
2006 5 24 12 50335.9 3.491 235.11 113.72 2.10 -8.91 365.0
2006 5 25 12 50397.0 1.586 260.83 113.72 2.42 -8.43 475.1
2006 5 26 12 50456.1 4.633 244.12 113.72 2.33 -7.04 440.3
2006 5 27 12 50513.0 0.482 271.50 113.72 6.30 -3.72 458.8
2006 5 28 12 50567.8 4.158 259.57 113.72 7.76 -3.32 555.8
2006 5 29 12 50620.3 0.562 249.82 113.72 5.35 -5.86 468.0
2006 5 30 12 50670.7 0.850 241.05 113.72 7.04 -4.30 512.0
2006 5 31 12 50718.8 5.555 249.64 113.72 4.04 -7.66 450.3
2006 6 1 12 50764.8 5.597 245.53 113.72 7.78 -1.72 593.1
2006 6 2 12 50808.5 2.934 255.72 113.72 5.02 -6.39 478.7
2006 6 3 12 50849.9 11.651 256.91 113.72 7.25 -2.18 511.7
2006 6 4 12 50889.0 7.757 248.57 113.72 6.35 -4.37 474.0
2006 6 5 12 50925.9 1.413 247.60 113.72 3.66 -7.20 410.1
2006 6 6 12 50960.5 0.502 267.02 113.72 5.36 -5.37 475.0
2006 6 7 12 50992.8 3.792 268.44 113.72 7.08 -2.75 553.9
2006 6 8 12 51022.8 2.173 246.04 113.72 4.19 -7.29 427.0
2006 6 9 12 51050.5 3.118 257.69 113.72 7.54 -2.85 519.9
2006 6 10 12 51075.8 3.360 245.79 113.72 5.11 -5.72 461.2
2006 6 11 12 51098.8 0.655 298.11 113.72 8.17 -2.30 533.7
2006 6 12 12 51119.5 0.420 245.09 113.72 5.45 -5.51 507.4
2006 6 13 12 51137.8 3.049 263.18 113.72 8.28 -2.81 532.6
2006 6 14 12 51153.7 2.924 266.21 113.72 8.96 -1.42 602.4
2006 6 15 12 51167.4 0.232 249.69 113.72 7.61 -4.30 495.6
2006 6 16 12 51178.6 0.713 246.88 113.72 7.85 -1.83 561.9
2006 6 17 12 51187.5 0.401 255.68 113.72 10.32 -0.40 583.9
2006 6 18 12 51194.0 1.700 246.96 113.72 7.02 -4.22 522.0
2006 6 19 12 51198.1 1.440 262.81 113.72 7.50 -3.00 553.8
2006 6 20 12 51199.9 0.069 247.25 113.72 9.37 -1.99 558.9
2006 6 21 12 51199.3 1.659 262.19 113.72 9.14 -1.59 646.9
2006 6 22 12 51196.4 2.046 229.00 113.72 8.24 -2.49 594.0
2006 6 23 12 51191.0 2.132 247.81 113.72 6.88 -2.91 523.6
2006 6 24 12 51183.3 0.373 253.53 113.72 10.26 -0.32 632.2
2006 6 25 12 51173.3 1.395 274.74 113.72 7.03 -4.67 542.0
2006 6 26 12 51160.8 4.741 231.89 113.72 12.39 2.05 600.7
2006 6 27 12 51146.1 0.640 274.69 113.72 7.26 -2.96 476.4
2006 6 28 12 51128.9 0.814 269.18 113.72 7.47 -4.62 513.3
2006 6 29 12 51109.4 3.632 232.31 113.72 9.72 -2.03 554.5
2006 6 30 12 51087.6 2.411 266.95 113.72 10.10 0.91 543.0
2006 7 1 12 51063.4 1.404 244.68 113.72 7.89 -3.18 539.5
2006 7 2 12 51036.9 2.000 266.94 113.72 11.95 0.90 618.7
2006 7 3 12 51008.1 3.140 267.54 113.72 9.97 -0.86 563.8
2006 7 4 12 50976.9 0.252 269.67 113.72 9.16 -2.15 603.5
2006 7 5 12 50943.5 4.599 248.86 113.72 10.17 -2.05 551.5
2006 7 6 12 50907.8 1.966 267.31 113.72 11.46 -0.24 582.6
2006 7 7 12 50869.7 0.324 279.80 113.72 12.10 0.79 615.1
2006 7 8 12 50829.4 2.960 251.93 113.72 10.02 -1.18 534.8
2006 7 9 12 50786.9 1.387 253.41 113.72 7.86 -3.55 500.7
2006 7 10 12 50742.1 2.303 266.08 113.72 7.93 -4.07 433.3
2006 7 11 12 50695.1 1.091 212.25 113.72 7.73 -3.52 540.5
2006 7 12 12 50645.8 2.515 239.73 113.72 8.92 -0.99 606.9
2006 7 13 12 50594.3 0.556 269.05 113.72 9.96 -1.37 580.2
2006 7 14 12 50540.7 0.783 255.71 113.72 10.25 -0.69 591.5
2006 7 15 12 50484.8 1.993 249.62 113.72 11.64 2.00 636.4
2006 7 16 12 50426.8 4.072 238.14 113.72 6.86 -4.49 554.4
2006 7 17 12 50366.7 1.149 252.07 113.72 9.97 1.61 626.7
2006 7 18 12 50304.5 2.438 243.08 113.72 10.68 0.60 637.6
2006 7 19 12 50240.1 2.222 224.20 113.72 5.79 -4.95 523.6
2006 7 20 12 50173.7 3.662 269.28 113.72 10.68 -0.32 551.1
2006 7 21 12 50105.1 0.335 238.63 113.72 14.09 4.37 705.8
2006 7 22 12 50034.6 1.533 244.27 113.72 11.15 -0.20 561.3
2006 7 23 12 49962.0 1.378 220.87 113.72 10.45 -0.70 567.9
2006 7 24 12 49887.4 1.498 238.85 113.72 9.56 0.05 594.3
2006 7 25 12 49810.8 0.570 261.20 113.72 10.31 -0.79 620.5
2006 7 26 12 49732.3 1.065 259.29 113.72 12.25 1.07 598.7
2006 7 27 12 49651.8 2.583 244.90 113.72 9.40 -1.93 570.0
2006 7 28 12 49569.5 0.333 234.32 113.72 11.68 -0.66 538.7
2006 7 29 12 49485.2 1.681 243.24 113.72 10.56 0.57 604.6
2006 7 30 12 49399.1 0.795 249.58 113.72 12.27 1.44 613.1
2006 7 31 12 49311.1 1.306 218.66 113.72 11.43 1.48 666.3
2006 8 1 12 49221.3 0.741 243.97 113.72 10.04 -0.90 558.3
2006 8 2 12 49129.8 2.418 250.80 113.72 9.90 -1.24 527.1
2006 8 3 12 49036.5 0.243 237.46 113.72 9.20 -2.14 543.1
2006 8 4 12 48941.4 1.265 237.12 113.72 11.08 0.83 596.9
2006 8 5 12 48844.7 2.522 225.55 113.72 8.68 -2.77 550.8
2006 8 6 12 48746.2 1.320 239.92 113.72 9.68 -0.82 622.1
2006 8 7 12 48646.2 0.374 258.59 113.72 9.15 -1.62 556.5
2006 8 8 12 48544.5 0.353 254.54 113.72 7.37 -4.27 524.6
2006 8 9 12 48441.3 1.185 223.78 113.72 9.64 -1.51 565.6
2006 8 10 12 48336.4 0.076 225.75 113.72 6.95 -3.84 537.2
2006 8 11 12 48230.1 1.536 250.78 113.72 8.50 -2.55 518.6
2006 8 12 12 48122.3 0.128 238.15 113.72 10.09 0.81 614.4
2006 8 13 12 48013.0 0.228 236.75 113.72 9.26 -1.35 600.4
2006 8 14 12 47902.3 3.454 199.90 113.72 9.16 -1.80 540.1
2006 8 15 12 47790.2 2.927 239.62 113.72 7.54 -3.55 522.8
2006 8 16 12 47676.7 0.564 220.56 113.72 10.32 -0.66 583.7
2006 8 17 12 47561.9 2.419 227.12 113.72 7.33 -3.96 475.3
2006 8 18 12 47445.8 0.346 211.88 113.72 9.62 -1.84 583.8
2006 8 19 12 47328.5 1.460 246.03 113.72 10.41 0.09 583.6
2006 8 20 12 47209.9 2.529 205.48 113.72 6.06 -3.51 527.4
2006 8 21 12 47090.2 0.411 248.19 113.72 7.64 -3.52 547.0
2006 8 22 12 46969.3 0.117 218.12 113.72 7.40 -3.06 559.2
2006 8 23 12 46847.3 0.962 213.96 113.72 8.44 -2.89 505.5
2006 8 24 12 46724.2 0.383 202.00 113.72 6.50 -4.22 527.1
2006 8 25 12 46600.0 0.416 206.16 113.72 6.05 -5.80 512.6
2006 8 26 12 46474.8 0.209 209.70 113.72 7.60 -3.89 501.6
2006 8 27 12 46348.7 0.459 213.51 113.72 6.71 -4.80 526.8
2006 8 28 12 46221.7 0.515 218.31 113.72 7.21 -3.71 537.2
2006 8 29 12 46093.7 0.327 205.81 113.72 8.64 -3.10 551.8
2006 8 30 12 45964.9 0.196 215.73 113.72 4.74 -7.85 467.9
2006 8 31 12 45835.3 1.850 224.09 113.72 6.86 -5.03 471.8
2006 9 1 12 45704.9 1.139 220.93 113.72 6.01 -4.93 472.1
2006 9 2 12 45573.7 0.129 213.14 113.72 6.79 -4.64 541.1
2006 9 3 12 45441.8 0.987 209.92 113.72 5.73 -5.53 479.3
2006 9 4 12 45309.3 0.278 185.19 113.72 4.70 -5.89 437.9
2006 9 5 12 45176.2 1.708 202.90 113.72 6.91 -4.55 503.6
2006 9 6 12 45042.4 0.332 182.15 113.72 10.33 -0.54 585.5
2006 9 7 12 44908.2 2.008 212.34 113.72 5.87 -3.22 542.4
2006 9 8 12 44773.4 1.891 200.06 113.72 4.77 -6.33 461.4
2006 9 9 12 44638.1 1.267 211.33 113.72 4.61 -6.35 524.6
2006 9 10 12 44502.5 0.324 210.65 113.72 6.95 -3.55 501.7
2006 9 11 12 44366.4 0.607 198.28 113.72 4.07 -7.39 393.6
2006 9 12 12 44230.0 0.695 180.15 113.72 7.17 -4.10 473.5
2006 9 13 12 44093.3 0.903 155.29 113.72 2.60 -8.28 411.9
2006 9 14 12 43956.3 2.192 195.71 113.72 5.17 -5.47 504.4
2006 9 15 12 43819.1 0.544 183.67 113.72 5.71 -5.83 476.7
2006 9 16 12 43681.7 1.724 196.82 113.72 5.69 -4.67 516.6
2006 9 17 12 43544.2 0.175 193.92 113.72 5.41 -4.16 496.3
2006 9 18 12 43406.5 0.381 191.04 113.72 4.59 -7.74 457.1
2006 9 19 12 43268.9 0.298 184.40 113.72 5.75 -4.74 457.1
2006 9 20 12 43131.1 1.786 154.43 113.72 2.35 -8.52 433.7
2006 9 21 12 42993.5 2.640 196.89 113.72 2.69 -8.35 450.4
2006 9 22 12 42855.8 0.461 157.70 113.72 2.87 -7.67 418.3
2006 9 23 12 42718.3 0.330 165.47 113.72 5.51 -4.19 566.1
2006 9 24 12 42580.9 0.672 168.85 113.72 3.80 -6.80 407.2
2006 9 25 12 42443.7 0.284 172.71 113.72 3.94 -6.10 498.5
2006 9 26 12 42306.7 0.495 166.28 113.72 2.45 -8.38 456.9
2006 9 27 12 42170.0 0.690 161.36 113.72 3.76 -6.75 438.4
2006 9 28 12 42033.6 0.703 180.37 113.72 0.01 -11.22 384.4
2006 9 29 12 41897.5 0.092 147.00 113.72 1.53 -9.24 388.9
2006 9 30 12 41761.9 0.483 159.40 113.72 1.63 -9.39 420.3
2006 10 1 12 41626.6 3.459 132.82 113.72 1.05 -9.67 399.3
2006 10 2 12 41491.8 0.127 147.45 113.72 1.08 -11.05 378.4
2006 10 3 12 41357.6 1.023 138.13 113.72 2.18 -9.51 391.6
2006 10 4 12 41223.8 0.936 171.25 113.72 1.52 -8.33 415.4
2006 10 5 12 41090.7 4.475 161.71 113.72 2.75 -6.93 437.5
2006 10 6 12 40958.2 1.009 145.45 113.72 -2.37 -14.55 327.6
2006 10 7 12 40826.3 3.422 108.28 113.72 2.79 -8.46 480.2
2006 10 8 12 40695.1 1.001 132.06 113.72 -0.61 -12.01 427.4
2006 10 9 12 40564.7 0.506 137.16 113.72 2.13 -8.47 458.1
2006 10 10 12 40435.1 1.082 146.94 113.72 -0.67 -11.54 368.4
2006 10 11 12 40306.3 0.203 162.43 113.72 0.30 -9.95 430.2
2006 10 12 12 40178.3 1.201 128.20 113.72 -2.07 -13.95 330.9
2006 10 13 12 40051.3 0.590 128.25 113.72 -2.48 -13.00 329.0
2006 10 14 12 39925.2 0.539 122.11 113.72 0.01 -11.06 437.4
2006 10 15 12 39800.0 2.416 146.04 113.72 -5.07 -16.46 299.6
2006 10 16 12 39675.8 0.747 112.22 113.72 -3.10 -13.55 306.2
2006 10 17 12 39552.7 0.056 117.05 113.72 -0.33 -11.33 401.8
2006 10 18 12 39430.7 1.621 149.38 113.72 -2.31 -13.19 353.0
2006 10 19 12 39309.8 1.976 163.96 113.72 -3.22 -12.95 312.4
2006 10 20 12 39190.1 5.872 140.86 113.72 0.18 -10.56 390.6
2006 10 21 12 39071.5 1.327 134.00 113.72 0.50 -8.74 423.0
2006 10 22 12 38954.2 0.732 170.21 113.72 -2.52 -15.18 218.1
2006 10 23 12 38838.1 1.746 128.56 113.72 -0.81 -11.62 325.0
2006 10 24 12 38723.3 0.261 127.46 113.72 -0.65 -12.34 385.5
2006 10 25 12 38609.8 0.611 126.05 113.72 -3.16 -14.70 284.1
2006 10 26 12 38497.7 1.988 155.49 113.72 -4.11 -15.43 308.8
2006 10 27 12 38387.0 0.919 139.95 113.72 -3.41 -13.47 368.4
2006 10 28 12 38277.7 0.099 138.70 113.72 -5.93 -17.06 196.7
2006 10 29 12 38169.9 0.865 134.60 113.72 -3.10 -14.82 352.0
2006 10 30 12 38063.6 1.348 121.79 113.72 -4.65 -14.92 296.3
2006 10 31 12 37958.7 0.924 122.74 113.72 -4.28 -16.02 291.1
2006 11 1 12 37855.5 0.133 112.09 113.72 -4.50 -13.96 378.9
2006 11 2 12 37753.8 0.013 119.60 113.72 -6.03 -17.87 271.5
2006 11 3 12 37653.8 2.568 128.78 113.72 -5.02 -16.05 273.7
2006 11 4 12 37555.3 2.354 120.62 113.72 -7.20 -16.46 254.7
2006 11 5 12 37458.6 0.612 134.72 113.72 -6.09 -17.15 243.6
2006 11 6 12 37363.5 0.589 125.57 113.72 -7.23 -17.69 229.2
2006 11 7 12 37270.2 0.904 123.55 113.72 -7.07 -17.96 278.7
2006 11 8 12 37178.7 2.854 106.77 113.72 -9.34 -20.14 213.4
2006 11 9 12 37088.9 1.539 100.49 113.72 -6.79 -18.25 241.4
2006 11 10 12 37000.9 4.213 101.11 113.72 -5.61 -16.05 272.4
2006 11 11 12 36914.8 1.537 133.47 113.72 -6.27 -16.00 301.8
2006 11 12 12 36830.5 0.514 90.40 113.72 -5.10 -17.45 194.4
2006 11 13 12 36748.2 0.706 118.33 113.72 -8.34 -19.88 258.3
2006 11 14 12 36667.7 2.320 117.53 113.72 -7.82 -19.06 210.8
2006 11 15 12 36589.2 5.396 103.63 113.72 -5.91 -17.42 223.0
2006 11 16 12 36512.6 1.750 112.59 113.72 -7.60 -17.89 276.7
2006 11 17 12 36438.0 3.665 114.95 113.72 -7.38 -18.66 260.5
2006 11 18 12 36365.4 2.184 94.33 113.72 -4.66 -15.40 289.8
2006 11 19 12 36294.9 2.004 99.11 113.72 -8.40 -18.00 279.8
2006 11 20 12 36226.3 6.249 108.25 113.72 -8.92 -21.15 207.0
2006 11 21 12 36159.9 0.432 108.05 113.72 -9.86 -20.40 203.3
2006 11 22 12 36095.5 1.095 87.63 113.72 -8.98 -19.87 153.3
2006 11 23 12 36033.3 0.901 108.38 113.72 -7.18 -18.08 242.2
2006 11 24 12 35973.2 1.550 108.35 113.72 -8.02 -19.55 209.3
2006 11 25 12 35915.2 0.226 120.89 113.72 -6.90 -18.01 232.4
2006 11 26 12 35859.3 1.510 105.02 113.72 -8.68 -19.48 199.2
2006 11 27 12 35805.7 0.754 98.75 113.72 -12.74 -23.69 148.7
2006 11 28 12 35754.2 0.827 115.80 113.72 -8.60 -18.84 185.8
2006 11 29 12 35704.9 4.515 120.50 113.72 -9.55 -21.22 211.4
2006 11 30 12 35657.9 0.673 82.55 113.72 -9.86 -21.78 163.0
2006 12 1 12 35613.1 8.669 94.99 113.72 -8.19 -20.59 162.8
2006 12 2 12 35570.6 2.003 70.70 113.72 -10.58 -21.27 165.9
2006 12 3 12 35530.3 0.043 87.58 113.72 -9.45 -19.64 213.1
2006 12 4 12 35492.2 4.406 123.88 113.72 -12.08 -23.82 166.9
2006 12 5 12 35456.5 0.017 85.12 113.72 -12.89 -24.70 127.3
2006 12 6 12 35423.1 0.369 107.87 113.72 -11.65 -20.94 216.6
2006 12 7 12 35391.9 2.585 106.72 113.72 -11.37 -21.14 175.2
2006 12 8 12 35363.1 1.405 91.51 113.72 -10.21 -19.94 194.8
2006 12 9 12 35336.6 3.438 93.19 113.72 -12.81 -23.33 189.0
2006 12 10 12 35312.4 0.942 120.64 113.72 -9.04 -19.27 210.4
2006 12 11 12 35290.6 0.941 113.69 113.72 -12.88 -23.91 105.5
2006 12 12 12 35271.1 1.157 132.90 113.72 -11.69 -23.63 108.0
2006 12 13 12 35253.9 2.888 60.85 113.72 -11.66 -23.56 137.7
2006 12 14 12 35239.2 3.691 107.03 113.72 -11.35 -22.15 124.5
2006 12 15 12 35226.7 0.437 63.13 113.72 -11.24 -21.30 179.5
2006 12 16 12 35216.7 5.530 98.17 113.72 -8.64 -19.57 213.5
2006 12 17 12 35209.0 9.660 95.34 113.72 -13.05 -23.36 150.5
2006 12 18 12 35203.6 1.893 81.40 113.72 -11.78 -22.65 94.4
2006 12 19 12 35200.7 2.557 89.48 113.72 -12.48 -23.04 79.3
2006 12 20 12 35200.1 0.941 94.05 113.72 -10.99 -21.17 163.5
2006 12 21 12 35201.9 4.948 105.12 113.72 -11.89 -21.62 163.4
2006 12 22 12 35206.0 7.358 81.40 113.72 -12.33 -22.90 108.5
2006 12 23 12 35212.5 6.738 87.60 113.72 -14.99 -24.24 74.2
2006 12 24 12 35221.4 0.415 106.54 113.72 -13.52 -24.51 122.8
2006 12 25 12 35232.6 0.817 109.64 113.72 -14.39 -24.13 108.0
2006 12 26 12 35246.3 1.715 138.44 113.72 -13.68 -24.02 143.9
2006 12 27 12 35262.2 4.686 101.66 113.72 -14.33 -26.59 50.0
2006 12 28 12 35280.5 0.253 108.82 113.72 -13.95 -23.62 124.5
2006 12 29 12 35301.2 1.163 96.16 113.72 -13.86 -25.39 142.3
2006 12 30 12 35324.2 3.693 120.79 113.72 -13.90 -24.90 93.0
2006 12 31 12 35349.5 0.379 86.02 113.72 -13.82 -23.92 104.0
2007 1 1 12 35377.2 1.935 99.28 113.72 -14.84 -26.23 102.7
2007 1 2 12 35407.2 2.367 104.35 113.72 -13.45 -24.31 150.4
2007 1 3 12 35439.5 0.612 108.23 113.72 -14.91 -25.19 77.2
2007 1 4 12 35474.1 2.277 115.29 113.72 -14.51 -25.97 63.7
2007 1 5 12 35511.0 2.505 98.56 113.72 -13.74 -24.73 131.4
2007 1 6 12 35550.1 1.049 115.40 113.72 -17.58 -28.67 50.0
2007 1 7 12 35591.5 0.215 81.20 113.72 -10.02 -20.05 208.7
2007 1 8 12 35635.2 0.179 106.64 113.72 -13.01 -22.55 156.0
2007 1 9 12 35681.2 3.692 75.00 113.72 -13.35 -25.03 97.8
2007 1 10 12 35729.3 3.704 100.41 113.72 -14.65 -25.38 122.4
2007 1 11 12 35779.7 1.543 141.81 113.72 -13.75 -24.97 142.2
2007 1 12 12 35832.2 1.888 108.82 113.72 -15.73 -26.51 50.0
2007 1 13 12 35887.0 1.310 98.22 113.72 -13.21 -22.59 174.8
2007 1 14 12 35943.9 7.039 113.66 113.72 -16.49 -26.98 59.0
2007 1 15 12 36003.0 1.357 105.82 113.72 -15.88 -27.13 50.0
2007 1 16 12 36064.1 10.389 90.27 113.72 -15.05 -26.95 50.0
2007 1 17 12 36127.5 0.861 80.11 113.72 -11.73 -21.73 153.1
2007 1 18 12 36192.9 6.010 108.24 113.72 -15.65 -26.82 95.4
2007 1 19 12 36260.3 0.427 106.19 113.72 -13.50 -24.92 70.6
2007 1 20 12 36329.9 3.357 105.99 113.72 -17.09 -27.65 50.0
2007 1 21 12 36401.5 0.347 123.17 113.72 -13.95 -24.29 106.2
2007 1 22 12 36475.1 1.162 132.13 113.72 -11.38 -22.47 136.2
2007 1 23 12 36550.6 6.038 123.18 113.72 -13.22 -24.77 136.6
2007 1 24 12 36628.2 0.378 108.05 113.72 -17.06 -26.77 72.4
2007 1 25 12 36707.7 8.671 115.89 113.72 -13.87 -24.12 139.0
2007 1 26 12 36789.1 5.228 131.39 113.72 -14.60 -24.61 95.9
2007 1 27 12 36872.4 5.209 128.90 113.72 -12.04 -23.13 101.0
2007 1 28 12 36957.6 5.217 125.22 113.72 -14.00 -25.46 130.1
2007 1 29 12 37044.7 9.364 110.18 113.72 -15.97 -27.20 50.0
2007 1 30 12 37133.6 3.518 134.89 113.72 -13.98 -26.00 99.4
2007 1 31 12 37224.2 1.201 140.42 113.72 -14.78 -25.85 72.0
2007 2 1 12 37316.7 4.423 133.47 113.72 -16.93 -28.27 54.3
2007 2 2 12 37410.8 2.313 166.26 113.72 -13.90 -24.76 113.8
2007 2 3 12 37506.7 8.065 134.30 113.72 -13.58 -24.34 117.0
2007 2 4 12 37604.3 2.490 141.25 113.72 -12.96 -23.69 138.6
2007 2 5 12 37703.6 5.714 134.65 113.72 -11.95 -23.22 128.4
2007 2 6 12 37804.5 0.744 124.10 113.72 -13.83 -25.58 50.0
2007 2 7 12 37906.9 2.277 109.43 113.72 -15.60 -27.55 57.6
2007 2 8 12 38011.0 2.366 116.57 113.72 -14.53 -25.18 130.8
2007 2 9 12 38116.5 8.249 117.78 113.72 -13.23 -23.93 120.2
2007 2 10 12 38223.6 5.388 112.10 113.72 -11.31 -23.22 126.2
2007 2 11 12 38332.2 0.766 127.02 113.72 -13.05 -22.70 153.7
2007 2 12 12 38442.2 2.658 132.47 113.72 -13.17 -23.30 163.4
2007 2 13 12 38553.6 1.746 151.41 113.72 -13.24 -24.86 94.4
2007 2 14 12 38666.4 5.548 116.59 113.72 -12.81 -23.40 87.3
2007 2 15 12 38780.5 6.122 149.18 113.72 -9.84 -20.75 189.8
2007 2 16 12 38896.0 7.689 140.98 113.72 -12.74 -23.32 144.4
2007 2 17 12 39012.7 6.073 143.77 113.72 -12.91 -23.57 133.9
2007 2 18 12 39130.6 0.981 137.86 113.72 -12.35 -22.61 132.9
2007 2 19 12 39249.8 2.423 171.88 113.72 -13.32 -22.94 151.3
2007 2 20 12 39370.1 6.644 129.91 113.72 -14.54 -25.10 91.1
2007 2 21 12 39491.6 8.915 134.54 113.72 -14.70 -25.07 85.5
2007 2 22 12 39614.2 0.437 145.91 113.72 -13.06 -22.69 137.6
2007 2 23 12 39737.8 4.539 151.31 113.72 -10.09 -21.32 178.9
2007 2 24 12 39862.5 2.539 150.00 113.72 -9.99 -21.53 177.7
2007 2 25 12 39988.1 3.488 147.13 113.72 -13.29 -23.55 113.5
2007 2 26 12 40114.7 5.539 157.04 113.72 -11.73 -23.51 135.8
2007 2 27 12 40242.2 2.819 159.45 113.72 -11.17 -22.61 159.2
2007 2 28 12 40370.6 3.186 151.13 113.72 -12.32 -21.92 178.4
2007 3 1 12 40499.8 0.695 180.55 113.72 -9.14 -21.31 188.2
2007 3 2 12 40629.8 2.449 160.92 113.72 -9.82 -20.38 231.5
2007 3 3 12 40760.6 2.292 151.47 113.72 -10.28 -22.24 175.8
2007 3 4 12 40892.1 2.169 175.57 113.72 -10.58 -21.05 239.1
2007 3 5 12 41024.3 2.115 127.80 113.72 -12.88 -22.22 186.6
2007 3 6 12 41157.2 11.062 142.69 113.72 -8.36 -19.97 230.6
2007 3 7 12 41290.6 5.475 157.85 113.72 -9.37 -21.86 126.1
2007 3 8 12 41424.6 0.545 144.58 113.72 -9.48 -19.99 222.8
2007 3 9 12 41559.2 2.341 175.64 113.72 -11.05 -22.35 178.6
2007 3 10 12 41694.2 7.334 176.48 113.72 -10.76 -21.71 164.5
2007 3 11 12 41829.7 0.814 190.76 113.72 -8.88 -19.39 150.7
2007 3 12 12 41965.5 6.325 158.99 113.72 -7.81 -18.16 166.9
2007 3 13 12 42101.8 2.604 177.53 113.72 -6.71 -17.06 250.5
2007 3 14 12 42238.3 8.815 189.58 113.72 -10.24 -21.06 162.6
2007 3 15 12 42375.2 3.729 174.19 113.72 -9.21 -19.66 162.1
2007 3 16 12 42512.3 0.242 187.91 113.72 -11.94 -22.89 153.8
2007 3 17 12 42649.6 0.393 172.99 113.72 -12.32 -23.38 98.3
2007 3 18 12 42787.0 0.606 195.59 113.72 -7.67 -18.48 180.4
2007 3 19 12 42924.6 2.140 165.83 113.72 -9.56 -19.90 263.9
2007 3 20 12 43062.3 3.615 155.35 113.72 -11.06 -22.38 167.5
2007 3 21 12 43200.0 2.033 174.32 113.72 -9.67 -20.30 181.3
2007 3 22 12 43337.7 3.320 180.06 113.72 -7.23 -18.40 189.7
2007 3 23 12 43475.4 3.166 189.32 113.72 -6.99 -18.38 205.9
2007 3 24 12 43613.0 0.829 190.89 113.72 -9.83 -19.79 185.5
2007 3 25 12 43750.4 1.457 174.86 113.72 -5.34 -15.84 266.9
2007 3 26 12 43887.7 3.002 171.90 113.72 -8.05 -18.55 219.4
2007 3 27 12 44024.8 0.423 212.64 113.72 -6.41 -17.96 205.3
2007 3 28 12 44161.7 3.471 187.55 113.72 -6.57 -17.57 222.4
2007 3 29 12 44298.2 2.407 183.85 113.72 -6.45 -16.77 213.2
2007 3 30 12 44434.5 0.941 197.13 113.72 -7.65 -18.15 177.6
2007 3 31 12 44570.3 7.724 179.16 113.72 -6.09 -14.84 257.2
2007 4 1 12 44705.8 0.646 184.33 113.72 -5.45 -16.08 260.2
2007 4 2 12 44840.8 3.653 208.29 113.72 -5.96 -17.29 245.0
2007 4 3 12 44975.4 3.766 182.54 113.72 -5.31 -16.46 284.8
2007 4 4 12 45109.4 0.654 179.16 113.72 -3.61 -15.10 310.5
2007 4 5 12 45242.8 0.984 195.09 113.72 -5.77 -17.09 276.9
2007 4 6 12 45375.7 4.256 205.64 113.72 -3.88 -14.60 298.8
2007 4 7 12 45507.9 5.591 223.70 113.72 -4.98 -16.15 296.7
2007 4 8 12 45639.4 3.406 209.50 113.72 -2.32 -12.06 294.6
2007 4 9 12 45770.2 4.192 213.44 113.72 -6.37 -16.46 288.9
2007 4 10 12 45900.2 1.450 191.66 113.72 -2.10 -12.21 354.6
2007 4 11 12 46029.4 6.589 211.10 113.72 -4.65 -15.65 315.8
2007 4 12 12 46157.8 0.236 192.79 113.72 -0.48 -10.55 308.6
2007 4 13 12 46285.3 3.046 224.58 113.72 -2.79 -12.77 371.9
2007 4 14 12 46411.9 6.317 213.82 113.72 -1.96 -11.49 321.5
2007 4 15 12 46537.5 5.650 212.60 113.72 -3.27 -14.51 343.5
2007 4 16 12 46662.2 0.007 222.21 113.72 -1.80 -12.60 322.8
2007 4 17 12 46785.8 5.094 208.50 113.72 -1.60 -13.00 352.5
2007 4 18 12 46908.4 1.366 209.81 113.72 -2.63 -11.32 371.1
2007 4 19 12 47029.9 1.319 204.03 113.72 -1.06 -12.02 390.0
2007 4 20 12 47150.2 3.070 246.22 113.72 -7.04 -16.82 268.1
2007 4 21 12 47269.4 0.574 217.28 113.72 -2.76 -13.43 378.4
2007 4 22 12 47387.3 3.489 217.13 113.72 -1.55 -11.65 345.4
2007 4 23 12 47504.0 5.787 233.45 113.72 -0.63 -11.44 340.2
2007 4 24 12 47619.5 7.877 224.37 113.72 0.28 -9.78 384.8
2007 4 25 12 47733.6 10.916 190.51 113.72 -1.35 -11.93 380.5
2007 4 26 12 47846.4 3.070 256.81 113.72 -1.35 -10.78 404.6
2007 4 27 12 47957.8 1.096 220.38 113.72 0.75 -9.81 365.3
2007 4 28 12 48067.8 0.729 216.08 113.72 1.37 -10.00 374.5
2007 4 29 12 48176.4 12.287 227.32 113.72 0.96 -9.42 420.2
2007 4 30 12 48283.5 1.590 223.09 113.72 -0.17 -10.97 418.0
2007 5 1 12 48389.0 0.028 224.44 113.72 4.08 -7.51 428.8
2007 5 2 12 48493.1 0.818 234.67 113.72 0.58 -9.92 358.9
2007 5 3 12 48595.5 1.145 206.05 113.72 0.99 -10.31 424.0
2007 5 4 12 48696.4 4.702 245.99 113.72 3.31 -7.68 394.1
2007 5 5 12 48795.7 7.783 250.27 113.72 3.36 -7.41 468.0
2007 5 6 12 48893.3 5.096 211.59 113.72 2.32 -10.10 333.0
2007 5 7 12 48989.2 3.778 244.73 113.72 0.11 -11.04 375.7
2007 5 8 12 49083.3 7.793 225.99 113.72 1.83 -8.23 424.7
2007 5 9 12 49175.8 4.852 233.19 113.72 2.63 -8.32 410.1
2007 5 10 12 49266.4 6.306 245.94 113.72 4.98 -7.34 496.3
2007 5 11 12 49355.3 1.079 254.55 113.72 6.67 -4.20 513.6
2007 5 12 12 49442.4 0.432 247.39 113.72 1.54 -8.88 417.4
2007 5 13 12 49527.6 0.636 222.44 113.72 3.91 -7.13 449.7
2007 5 14 12 49610.9 1.763 245.07 113.72 1.60 -9.42 388.6
2007 5 15 12 49692.3 9.771 252.26 113.72 2.82 -8.34 488.1
2007 5 16 12 49771.8 1.128 234.13 113.72 1.89 -8.41 420.5
2007 5 17 12 49849.4 0.643 233.81 113.72 5.88 -5.58 544.1
2007 5 18 12 49924.9 13.567 246.18 113.72 3.92 -6.44 446.4
2007 5 19 12 49998.5 2.750 256.59 113.72 4.18 -6.83 464.0
2007 5 20 12 50070.1 1.245 240.20 113.72 4.00 -5.80 469.7
2007 5 21 12 50139.7 0.322 253.00 113.72 4.67 -6.52 445.5
2007 5 22 12 50207.1 0.267 231.16 113.72 4.90 -6.79 458.5
2007 5 23 12 50272.5 4.843 254.78 113.72 3.43 -6.88 512.4
2007 5 24 12 50335.9 0.073 224.04 113.72 2.10 -8.31 472.5
2007 5 25 12 50397.0 1.831 256.62 113.72 2.81 -7.66 447.5
2007 5 26 12 50456.1 6.446 265.78 113.72 2.55 -7.57 407.6
2007 5 27 12 50513.0 1.005 250.63 113.72 5.43 -6.17 486.2
2007 5 28 12 50567.8 2.543 262.04 113.72 4.08 -7.35 437.1
2007 5 29 12 50620.3 0.771 257.88 113.72 6.93 -2.81 514.9
2007 5 30 12 50670.7 8.862 234.05 113.72 5.99 -4.47 529.9
2007 5 31 12 50718.8 2.778 237.47 113.72 3.03 -8.13 398.9
2007 6 1 12 50764.8 5.945 250.22 113.72 5.32 -6.89 465.4
2007 6 2 12 50808.5 1.901 253.86 113.72 2.91 -8.89 435.7
2007 6 3 12 50849.9 2.363 244.76 113.72 4.53 -7.04 479.0
2007 6 4 12 50889.0 3.020 238.59 113.72 5.66 -5.59 449.7
2007 6 5 12 50925.9 1.424 214.41 113.72 5.12 -5.43 541.5
2007 6 6 12 50960.5 3.815 282.71 113.72 9.51 -2.38 560.4
2007 6 7 12 50992.8 1.651 283.50 113.72 7.95 -3.27 533.7
2007 6 8 12 51022.8 3.208 245.55 113.72 6.47 -5.34 452.6
2007 6 9 12 51050.5 5.699 236.90 113.72 9.24 -1.90 536.5
2007 6 10 12 51075.8 1.999 280.58 113.72 5.77 -3.12 526.0
2007 6 11 12 51098.8 0.816 227.19 113.72 6.87 -2.98 538.6
2007 6 12 12 51119.5 5.159 274.61 113.72 8.77 -1.57 578.0
2007 6 13 12 51137.8 2.749 268.93 113.72 5.94 -5.27 483.0
2007 6 14 12 51153.7 1.048 254.29 113.72 8.77 -2.90 584.6
2007 6 15 12 51167.4 0.629 280.57 113.72 8.30 -2.57 536.3
2007 6 16 12 51178.6 0.811 249.89 113.72 8.86 -3.19 541.2
2007 6 17 12 51187.5 1.595 272.48 113.72 10.78 0.50 643.2
2007 6 18 12 51194.0 6.367 256.20 113.72 8.88 -2.08 541.1
2007 6 19 12 51198.1 7.700 241.73 113.72 8.49 -2.33 511.5
2007 6 20 12 51199.9 3.529 290.64 113.72 6.16 -5.97 467.3
2007 6 21 12 51199.3 0.743 249.37 113.72 8.83 -1.93 587.8
2007 6 22 12 51196.4 4.637 253.52 113.72 7.89 -3.10 539.1
2007 6 23 12 51191.0 1.390 272.11 113.72 8.52 -3.05 558.5
2007 6 24 12 51183.3 1.778 278.44 113.72 8.09 -2.54 509.0
2007 6 25 12 51173.3 1.088 239.95 113.72 9.62 -1.50 520.7
2007 6 26 12 51160.8 1.211 281.22 113.72 7.48 -3.08 554.9
2007 6 27 12 51146.1 0.568 259.37 113.72 9.37 -0.94 590.9
2007 6 28 12 51128.9 3.284 257.97 113.72 7.57 -4.10 489.7
2007 6 29 12 51109.4 5.053 256.58 113.72 6.51 -4.21 480.6
2007 6 30 12 51087.6 0.042 258.63 113.72 8.77 -1.96 554.9
2007 7 1 12 51063.4 1.466 235.24 113.72 10.04 0.24 602.5
2007 7 2 12 51036.9 0.633 264.47 113.72 8.25 -1.88 525.0
2007 7 3 12 51008.1 0.607 261.14 113.72 9.68 -1.40 569.1
2007 7 4 12 50976.9 1.188 252.26 113.72 8.99 -2.15 512.6
2007 7 5 12 50943.5 1.595 260.52 113.72 8.04 -2.64 527.2
2007 7 6 12 50907.8 1.084 254.00 113.72 10.48 -1.22 535.3
2007 7 7 12 50869.7 2.306 255.59 113.72 8.71 -2.87 538.6
2007 7 8 12 50829.4 0.706 262.56 113.72 10.30 -0.88 562.4
2007 7 9 12 50786.9 1.873 252.48 113.72 7.59 -5.12 537.3
2007 7 10 12 50742.1 0.186 243.76 113.72 10.02 -1.57 576.9
2007 7 11 12 50695.1 1.577 266.33 113.72 10.78 -0.28 554.2
2007 7 12 12 50645.8 1.114 238.33 113.72 10.41 1.81 662.8
2007 7 13 12 50594.3 2.044 269.72 113.72 11.25 -0.07 591.9
2007 7 14 12 50540.7 0.340 248.25 113.72 10.90 0.63 634.4
2007 7 15 12 50484.8 0.869 265.98 113.72 10.40 -0.56 549.2
2007 7 16 12 50426.8 0.821 273.84 113.72 11.24 0.79 633.0
2007 7 17 12 50366.7 0.370 250.78 113.72 9.42 -2.25 615.8
2007 7 18 12 50304.5 2.862 264.13 113.72 10.77 -1.26 591.4
2007 7 19 12 50240.1 1.024 259.86 113.72 10.03 0.33 588.0
2007 7 20 12 50173.7 0.981 252.48 113.72 12.78 0.91 651.9
2007 7 21 12 50105.1 0.665 258.09 113.72 10.41 0.80 594.6
2007 7 22 12 50034.6 5.051 244.15 113.72 8.07 -3.03 553.1
2007 7 23 12 49962.0 0.020 272.25 113.72 10.37 -1.10 644.7
2007 7 24 12 49887.4 0.752 248.14 113.72 8.55 -2.66 528.6
2007 7 25 12 49810.8 0.023 235.15 113.72 11.05 1.53 645.3
2007 7 26 12 49732.3 0.589 238.81 113.72 11.06 -0.30 653.4
2007 7 27 12 49651.8 0.514 257.83 113.72 9.01 -2.10 586.7
2007 7 28 12 49569.5 0.091 229.89 113.72 8.34 -1.68 587.0
2007 7 29 12 49485.2 0.258 271.23 113.72 10.06 -0.36 533.1
2007 7 30 12 49399.1 0.599 261.57 113.72 8.48 -0.66 557.1
2007 7 31 12 49311.1 0.642 222.64 113.72 8.54 -1.33 598.6
2007 8 1 12 49221.3 0.361 251.81 113.72 9.00 -2.36 542.7
2007 8 2 12 49129.8 2.518 224.78 113.72 10.65 0.89 602.2
2007 8 3 12 49036.5 1.905 225.86 113.72 7.44 -4.90 536.6
2007 8 4 12 48941.4 0.153 230.38 113.72 8.48 -1.70 585.1
2007 8 5 12 48844.7 0.144 225.31 113.72 13.16 1.84 611.3
2007 8 6 12 48746.2 0.277 246.34 113.72 12.44 2.11 664.3
2007 8 7 12 48646.2 0.983 238.27 113.72 11.26 2.03 611.0
2007 8 8 12 48544.5 0.464 239.78 113.72 9.45 -2.69 497.7
2007 8 9 12 48441.3 0.842 232.46 113.72 10.44 0.38 616.2
2007 8 10 12 48336.4 1.837 223.45 113.72 8.67 -1.46 532.7
2007 8 11 12 48230.1 0.221 222.49 113.72 5.11 -5.16 458.2
2007 8 12 12 48122.3 0.036 245.81 113.72 8.24 -3.35 501.4
2007 8 13 12 48013.0 1.108 222.90 113.72 8.30 -2.57 552.5
2007 8 14 12 47902.3 0.211 247.96 113.72 8.97 -2.60 570.5
2007 8 15 12 47790.2 1.022 216.37 113.72 9.56 -0.89 572.2
2007 8 16 12 47676.7 0.867 225.46 113.72 11.23 -0.62 550.4
2007 8 17 12 47561.9 1.912 228.26 113.72 8.70 -2.45 516.1
2007 8 18 12 47445.8 0.935 240.19 113.72 7.05 -3.24 487.4
2007 8 19 12 47328.5 0.694 235.83 113.72 8.17 -3.22 555.9
2007 8 20 12 47209.9 0.646 224.71 113.72 9.32 -1.79 535.8
2007 8 21 12 47090.2 3.044 220.02 113.72 8.08 -3.44 536.7
2007 8 22 12 46969.3 0.775 204.06 113.72 6.94 -3.66 471.4
2007 8 23 12 46847.3 0.469 213.59 113.72 8.82 -2.09 595.0
2007 8 24 12 46724.2 0.343 249.18 113.72 6.20 -5.18 494.6
2007 8 25 12 46600.0 1.028 199.62 113.72 6.48 -4.82 455.1
2007 8 26 12 46474.8 2.614 204.31 113.72 8.30 -2.37 533.1
2007 8 27 12 46348.7 1.216 190.76 113.72 6.38 -5.27 498.7
2007 8 28 12 46221.7 2.236 199.01 113.72 6.90 -3.94 493.3
2007 8 29 12 46093.7 1.292 191.19 113.72 7.32 -3.45 540.5
2007 8 30 12 45964.9 0.083 189.26 113.72 7.10 -3.57 565.5
2007 8 31 12 45835.3 3.917 211.20 113.72 5.58 -5.64 513.1
2007 9 1 12 45704.9 0.828 216.01 113.72 7.39 -2.93 539.3
2007 9 2 12 45573.7 2.962 209.03 113.72 5.38 -4.65 548.4
2007 9 3 12 45441.8 2.203 187.09 113.72 9.09 -1.19 580.5
2007 9 4 12 45309.3 0.062 175.83 113.72 5.86 -4.77 499.4
2007 9 5 12 45176.2 0.637 169.09 113.72 7.23 -4.71 501.3
2007 9 6 12 45042.4 0.277 180.14 113.72 7.27 -2.19 557.4
2007 9 7 12 44908.2 0.225 181.69 113.72 5.48 -5.27 506.2
2007 9 8 12 44773.4 0.937 188.85 113.72 4.41 -6.14 448.9
2007 9 9 12 44638.1 1.503 198.32 113.72 6.80 -4.56 541.2
2007 9 10 12 44502.5 0.122 187.22 113.72 3.41 -7.56 486.2
2007 9 11 12 44366.4 0.097 215.43 113.72 3.48 -6.38 545.1
2007 9 12 12 44230.0 0.725 224.90 113.72 6.13 -4.04 466.2
2007 9 13 12 44093.3 1.309 187.34 113.72 4.75 -6.30 473.6
2007 9 14 12 43956.3 1.771 158.85 113.72 3.82 -5.75 459.4
2007 9 15 12 43819.1 2.881 178.14 113.72 3.97 -7.64 465.2
2007 9 16 12 43681.7 2.602 180.82 113.72 3.35 -8.80 459.4
2007 9 17 12 43544.2 1.111 193.73 113.72 7.64 -4.70 505.8
2007 9 18 12 43406.5 1.319 162.02 113.72 5.72 -4.44 500.6
2007 9 19 12 43268.9 1.722 156.34 113.72 2.78 -8.58 412.7
2007 9 20 12 43131.1 0.111 183.24 113.72 3.37 -7.55 442.1
2007 9 21 12 42993.5 0.622 169.73 113.72 4.55 -5.38 502.6
2007 9 22 12 42855.8 2.345 168.12 113.72 2.01 -8.53 439.3
2007 9 23 12 42718.3 0.237 161.99 113.72 2.45 -9.30 457.8
2007 9 24 12 42580.9 0.067 167.75 113.72 2.65 -6.85 457.2
2007 9 25 12 42443.7 0.251 175.42 113.72 1.59 -9.44 437.6
2007 9 26 12 42306.7 0.361 135.02 113.72 4.37 -6.48 442.8
2007 9 27 12 42170.0 0.796 169.95 113.72 1.46 -9.91 363.0
2007 9 28 12 42033.6 1.394 178.65 113.72 2.17 -9.53 439.0
2007 9 29 12 41897.5 1.904 173.68 113.72 2.32 -8.29 445.9
2007 9 30 12 41761.9 1.254 197.23 113.72 4.33 -7.62 431.4
2007 10 1 12 41626.6 2.685 157.70 113.72 1.63 -9.24 387.3
2007 10 2 12 41491.8 0.360 161.52 113.72 4.77 -4.77 490.1
2007 10 3 12 41357.6 0.349 180.68 113.72 0.82 -9.38 418.6
2007 10 4 12 41223.8 0.173 161.05 113.72 0.83 -9.80 408.3
2007 10 5 12 41090.7 0.773 181.49 113.72 2.37 -9.31 370.2
2007 10 6 12 40958.2 0.318 169.83 113.72 3.64 -7.20 417.6
2007 10 7 12 40826.3 2.219 158.42 113.72 0.17 -11.27 378.5
2007 10 8 12 40695.1 0.119 154.78 113.72 2.21 -7.43 468.7
2007 10 9 12 40564.7 2.756 150.13 113.72 1.43 -9.75 381.2
2007 10 10 12 40435.1 0.268 151.83 113.72 -1.19 -12.62 304.9
2007 10 11 12 40306.3 2.505 138.38 113.72 -0.28 -11.25 375.8
2007 10 12 12 40178.3 0.421 159.94 113.72 -0.52 -11.94 294.9
2007 10 13 12 40051.3 1.881 177.23 113.72 -2.21 -12.82 331.9
2007 10 14 12 39925.2 0.956 120.07 113.72 -0.62 -9.96 418.6
2007 10 15 12 39800.0 1.842 163.68 113.72 -0.95 -11.75 357.7
2007 10 16 12 39675.8 0.039 148.39 113.72 -0.72 -12.25 307.9
2007 10 17 12 39552.7 0.680 159.19 113.72 -1.38 -12.31 399.1
2007 10 18 12 39430.7 2.864 133.50 113.72 -2.69 -14.51 310.0
2007 10 19 12 39309.8 0.861 138.38 113.72 1.77 -6.73 471.7
2007 10 20 12 39190.1 0.419 158.88 113.72 -1.78 -11.14 403.6
2007 10 21 12 39071.5 0.123 137.98 113.72 -0.36 -10.16 391.3
2007 10 22 12 38954.2 0.348 149.92 113.72 -1.86 -12.06 350.6
2007 10 23 12 38838.1 3.459 127.55 113.72 -0.46 -11.39 408.9
2007 10 24 12 38723.3 1.716 132.26 113.72 -4.09 -15.01 275.3
2007 10 25 12 38609.8 2.227 141.74 113.72 -3.27 -14.24 342.6
2007 10 26 12 38497.7 0.702 139.05 113.72 -4.01 -12.91 307.9
2007 10 27 12 38387.0 0.643 144.27 113.72 -4.40 -15.36 271.0
2007 10 28 12 38277.7 2.293 125.66 113.72 -3.35 -14.60 316.7
2007 10 29 12 38169.9 2.934 129.70 113.72 -4.32 -15.21 338.7
2007 10 30 12 38063.6 0.586 143.17 113.72 -6.30 -16.68 270.7
2007 10 31 12 37958.7 1.915 149.23 113.72 -4.81 -18.40 190.0
2007 11 1 12 37855.5 1.596 113.97 113.72 -5.14 -15.63 308.8
2007 11 2 12 37753.8 1.523 143.36 113.72 -3.44 -16.28 250.6
2007 11 3 12 37653.8 1.136 113.01 113.72 -7.13 -16.76 283.9
2007 11 4 12 37555.3 0.176 126.67 113.72 -5.93 -18.11 246.4
2007 11 5 12 37458.6 2.325 126.82 113.72 -6.49 -17.93 196.3
2007 11 6 12 37363.5 0.292 114.33 113.72 -4.44 -16.78 275.3
2007 11 7 12 37270.2 0.544 118.04 113.72 -6.58 -15.93 244.3
2007 11 8 12 37178.7 11.002 93.25 113.72 -4.38 -15.19 336.7
2007 11 9 12 37088.9 0.508 129.76 113.72 -6.22 -15.24 248.1
2007 11 10 12 37000.9 0.874 113.85 113.72 -5.61 -14.82 298.9
2007 11 11 12 36914.8 6.787 116.52 113.72 -4.87 -14.67 278.1
2007 11 12 12 36830.5 4.679 107.72 113.72 -8.53 -20.45 233.4
2007 11 13 12 36748.2 0.021 126.40 113.72 -7.28 -17.95 194.5
2007 11 14 12 36667.7 10.501 117.46 113.72 -6.47 -16.18 346.4
2007 11 15 12 36589.2 6.156 96.65 113.72 -6.99 -17.48 239.6
2007 11 16 12 36512.6 1.613 111.44 113.72 -9.42 -20.51 172.8
2007 11 17 12 36438.0 0.447 96.85 113.72 -6.61 -17.13 280.6
2007 11 18 12 36365.4 4.644 111.96 113.72 -7.76 -18.21 234.9
2007 11 19 12 36294.9 2.977 121.19 113.72 -7.82 -19.80 178.4
2007 11 20 12 36226.3 8.366 113.15 113.72 -8.52 -19.78 181.5
2007 11 21 12 36159.9 7.765 116.11 113.72 -13.14 -23.42 116.7
2007 11 22 12 36095.5 1.449 124.81 113.72 -7.72 -17.83 222.7
2007 11 23 12 36033.3 1.785 96.05 113.72 -7.83 -18.44 255.5
2007 11 24 12 35973.2 0.427 101.15 113.72 -9.52 -20.64 189.7
2007 11 25 12 35915.2 0.509 80.15 113.72 -11.28 -22.23 169.2
2007 11 26 12 35859.3 1.289 100.90 113.72 -10.02 -21.43 158.9
2007 11 27 12 35805.7 2.963 96.86 113.72 -7.89 -18.77 243.8
2007 11 28 12 35754.2 9.013 115.35 113.72 -10.16 -20.28 173.6
2007 11 29 12 35704.9 0.556 111.97 113.72 -9.67 -18.53 201.8
2007 11 30 12 35657.9 1.430 127.09 113.72 -10.36 -22.13 142.2
2007 12 1 12 35613.1 3.812 96.61 113.72 -9.54 -19.33 256.1
2007 12 2 12 35570.6 1.921 109.65 113.72 -12.14 -22.64 130.0
2007 12 3 12 35530.3 2.904 114.41 113.72 -10.62 -22.70 130.0
2007 12 4 12 35492.2 1.806 137.29 113.72 -8.82 -19.70 212.5
2007 12 5 12 35456.5 0.297 109.10 113.72 -11.99 -22.93 137.4
2007 12 6 12 35423.1 5.448 101.51 113.72 -11.17 -21.97 128.0
2007 12 7 12 35391.9 3.093 103.80 113.72 -9.32 -19.28 179.0
2007 12 8 12 35363.1 0.874 108.61 113.72 -9.91 -19.13 239.8
2007 12 9 12 35336.6 1.369 121.97 113.72 -10.49 -20.25 159.3
2007 12 10 12 35312.4 0.773 94.74 113.72 -10.72 -21.35 199.6
2007 12 11 12 35290.6 3.620 90.24 113.72 -10.87 -21.41 157.8
2007 12 12 12 35271.1 0.129 140.04 113.72 -11.90 -21.04 109.6
2007 12 13 12 35253.9 0.749 83.64 113.72 -10.02 -21.67 186.0
2007 12 14 12 35239.2 1.219 113.23 113.72 -12.50 -22.31 177.9
2007 12 15 12 35226.7 1.254 106.51 113.72 -13.41 -25.13 115.0
2007 12 16 12 35216.7 0.475 105.00 113.72 -14.11 -26.13 63.5
2007 12 17 12 35209.0 1.990 81.68 113.72 -13.07 -23.36 122.1
2007 12 18 12 35203.6 0.140 140.67 113.72 -13.20 -25.32 79.9
2007 12 19 12 35200.7 3.959 102.65 113.72 -13.42 -24.54 87.6
2007 12 20 12 35200.1 8.200 92.27 113.72 -14.22 -23.92 129.9
2007 12 21 12 35201.9 2.767 80.07 113.72 -12.00 -23.53 123.2
2007 12 22 12 35206.0 0.508 69.90 113.72 -14.08 -23.44 117.3
2007 12 23 12 35212.5 3.730 110.69 113.72 -11.93 -24.53 88.0
2007 12 24 12 35221.4 1.377 87.65 113.72 -11.76 -21.72 170.0
2007 12 25 12 35232.6 2.853 96.30 113.72 -9.07 -20.98 218.5
2007 12 26 12 35246.3 2.241 91.43 113.72 -13.69 -24.65 110.6
2007 12 27 12 35262.2 4.700 108.69 113.72 -13.33 -23.96 80.2
2007 12 28 12 35280.5 2.871 106.65 113.72 -14.29 -25.31 93.0
2007 12 29 12 35301.2 1.288 112.29 113.72 -15.00 -26.01 94.3
2007 12 30 12 35324.2 0.799 113.10 113.72 -13.94 -25.90 103.2
2007 12 31 12 35349.5 1.559 90.76 113.72 -14.54 -24.21 131.2
2008 1 1 12 35377.2 5.501 81.57 113.72 -15.22 -27.00 63.9
2008 1 2 12 35407.2 1.524 99.84 113.72 -13.15 -24.93 182.6
2008 1 3 12 35439.5 3.688 110.16 113.72 -15.17 -26.05 50.0
2008 1 4 12 35474.1 3.963 104.36 113.72 -12.77 -24.12 162.2
2008 1 5 12 35511.0 1.800 75.07 113.72 -12.38 -22.51 166.4
2008 1 6 12 35550.1 1.653 104.36 113.72 -15.01 -26.24 144.1
2008 1 7 12 35591.5 2.077 88.91 113.72 -11.66 -22.46 107.4
2008 1 8 12 35635.2 3.493 104.68 113.72 -13.19 -23.90 168.1
2008 1 9 12 35681.2 1.230 119.28 113.72 -13.94 -23.96 169.9
2008 1 10 12 35729.3 2.799 67.89 113.72 -16.53 -27.75 50.0
2008 1 11 12 35779.7 1.102 128.40 113.72 -16.46 -28.60 50.0
2008 1 12 12 35832.2 8.109 90.63 113.72 -11.56 -23.01 203.5
2008 1 13 12 35887.0 4.182 121.81 113.72 -11.96 -21.85 138.2
2008 1 14 12 35943.9 0.020 120.05 113.72 -11.56 -22.08 189.8
2008 1 15 12 36003.0 2.000 103.51 113.72 -11.19 -22.29 199.1
2008 1 16 12 36064.1 5.385 115.46 113.72 -11.92 -22.68 141.7
2008 1 17 12 36127.5 14.988 98.75 113.72 -13.64 -24.65 102.0
2008 1 18 12 36192.9 0.383 84.04 113.72 -13.16 -23.33 186.4
2008 1 19 12 36260.3 0.026 127.67 113.72 -15.03 -25.56 79.7
2008 1 20 12 36329.9 1.310 101.05 113.72 -13.64 -24.66 90.0
2008 1 21 12 36401.5 1.123 139.03 113.72 -12.87 -22.94 60.3
2008 1 22 12 36475.1 4.344 126.00 113.72 -12.83 -22.69 179.8
2008 1 23 12 36550.6 0.584 100.84 113.72 -14.16 -25.69 75.0
2008 1 24 12 36628.2 1.219 123.11 113.72 -17.00 -28.52 53.2
2008 1 25 12 36707.7 1.393 123.00 113.72 -16.20 -25.08 94.0
2008 1 26 12 36789.1 3.129 141.73 113.72 -13.19 -23.49 170.2
2008 1 27 12 36872.4 4.216 109.39 113.72 -14.64 -24.10 159.2
2008 1 28 12 36957.6 0.991 114.09 113.72 -12.85 -22.94 111.4
2008 1 29 12 37044.7 3.189 124.95 113.72 -15.64 -26.07 64.6
2008 1 30 12 37133.6 0.037 119.61 113.72 -11.73 -24.24 132.6
2008 1 31 12 37224.2 9.386 99.39 113.72 -15.14 -26.92 103.9
2008 2 1 12 37316.7 0.752 136.39 113.72 -11.47 -21.75 168.3
2008 2 2 12 37410.8 7.017 146.08 113.72 -15.97 -27.49 56.6
2008 2 3 12 37506.7 1.173 125.37 113.72 -12.68 -23.60 138.4
2008 2 4 12 37604.3 4.518 104.95 113.72 -14.93 -25.00 73.7
2008 2 5 12 37703.6 1.757 123.34 113.72 -13.49 -24.18 102.8
2008 2 6 12 37804.5 5.513 112.40 113.72 -11.80 -22.28 148.9
2008 2 7 12 37906.9 6.717 123.18 113.72 -11.99 -21.68 196.3
2008 2 8 12 38011.0 8.823 130.89 113.72 -14.51 -24.12 171.4
2008 2 9 12 38116.5 3.906 139.01 113.72 -14.12 -24.97 73.3
2008 2 10 12 38223.6 0.106 151.31 113.72 -15.49 -25.27 116.2
2008 2 11 12 38332.2 0.662 140.73 113.72 -15.74 -27.31 60.4
2008 2 12 12 38442.2 9.264 116.55 113.72 -14.22 -24.84 88.2
2008 2 13 12 38553.6 2.095 143.76 113.72 -14.17 -24.51 80.9
2008 2 14 12 38666.4 1.927 130.38 113.72 -15.06 -25.94 88.1
2008 2 15 12 38780.5 4.889 133.21 113.72 -13.01 -23.99 102.7
2008 2 16 12 38896.0 4.205 136.75 113.72 -12.66 -24.35 124.1
2008 2 17 12 39012.7 13.913 140.15 113.72 -12.53 -23.36 102.8
2008 2 18 12 39130.6 2.440 154.50 113.72 -13.61 -25.69 53.0
2008 2 19 12 39249.8 2.067 147.95 113.72 -13.17 -24.08 150.7
2008 2 20 12 39370.1 6.675 123.92 113.72 -12.67 -23.42 137.4
2008 2 21 12 39491.6 5.162 120.38 113.72 -10.86 -21.07 183.8
2008 2 22 12 39614.2 0.431 153.89 113.72 -12.99 -24.73 90.2
2008 2 23 12 39737.8 2.128 153.46 113.72 -14.38 -24.90 124.7
2008 2 24 12 39862.5 14.881 165.54 113.72 -12.22 -22.56 143.2
2008 2 25 12 39988.1 0.937 146.40 113.72 -12.27 -23.09 161.6
2008 2 26 12 40114.7 2.030 153.35 113.72 -13.91 -24.36 99.3
2008 2 27 12 40242.2 12.019 157.58 113.72 -11.96 -22.55 117.2
2008 2 28 12 40370.6 11.814 128.39 113.72 -12.56 -25.44 69.4
2008 2 29 12 40499.8 8.422 128.81 113.72 -11.22 -22.75 157.6
2008 3 1 12 40629.8 1.736 165.34 113.72 -10.33 -19.42 182.0
2008 3 2 12 40760.6 1.151 161.14 113.72 -11.63 -21.91 216.3
2008 3 3 12 40892.1 6.560 177.12 113.72 -9.92 -21.20 135.2
2008 3 4 12 41024.3 9.908 185.90 113.72 -11.00 -21.51 165.4
2008 3 5 12 41157.2 2.423 155.07 113.72 -10.79 -21.02 215.3
2008 3 6 12 41290.6 3.947 155.62 113.72 -10.71 -20.28 203.1
2008 3 7 12 41424.6 1.034 141.90 113.72 -10.38 -21.50 159.5
2008 3 8 12 41559.2 0.284 171.36 113.72 -12.00 -23.28 168.9
2008 3 9 12 41694.2 0.331 134.07 113.72 -12.53 -23.73 97.6
2008 3 10 12 41829.7 2.455 151.74 113.72 -7.95 -19.21 207.2
2008 3 11 12 41965.5 0.892 172.29 113.72 -9.15 -20.43 142.9
2008 3 12 12 42101.8 3.648 159.13 113.72 -10.12 -20.77 211.2
2008 3 13 12 42238.3 1.137 169.67 113.72 -7.54 -18.68 243.2
2008 3 14 12 42375.2 8.009 168.65 113.72 -4.67 -15.52 306.4
2008 3 15 12 42512.3 1.594 156.44 113.72 -11.05 -20.35 196.9
2008 3 16 12 42649.6 1.896 143.51 113.72 -8.69 -20.25 197.4
2008 3 17 12 42787.0 9.444 186.37 113.72 -7.46 -17.99 243.5
2008 3 18 12 42924.6 3.292 174.58 113.72 -10.73 -22.43 160.5
2008 3 19 12 43062.3 3.681 183.72 113.72 -10.39 -20.45 194.9
2008 3 20 12 43200.0 1.944 179.12 113.72 -6.50 -16.40 244.0
2008 3 21 12 43337.7 2.923 180.23 113.72 -7.83 -19.32 145.8
2008 3 22 12 43475.4 0.555 185.21 113.72 -8.60 -19.96 263.4
2008 3 23 12 43613.0 6.617 181.24 113.72 -9.84 -20.11 178.4
2008 3 24 12 43750.4 1.257 180.43 113.72 -6.70 -17.72 240.3
2008 3 25 12 43887.7 0.395 171.80 113.72 -9.11 -18.77 257.9
2008 3 26 12 44024.8 4.210 225.49 113.72 -8.35 -20.11 208.0
2008 3 27 12 44161.7 4.792 204.72 113.72 -8.06 -18.00 197.1
2008 3 28 12 44298.2 2.569 213.35 113.72 -6.94 -15.95 246.0
2008 3 29 12 44434.5 9.951 211.38 113.72 -7.90 -18.38 258.8
2008 3 30 12 44570.3 1.156 189.51 113.72 -7.48 -18.78 242.2
2008 3 31 12 44705.8 2.295 192.33 113.72 -4.44 -15.86 267.3
2008 4 1 12 44840.8 0.071 196.45 113.72 -5.41 -16.34 272.0
2008 4 2 12 44975.4 3.215 192.29 113.72 -5.44 -15.70 287.2
2008 4 3 12 45109.4 4.188 212.26 113.72 -4.61 -16.60 275.3
2008 4 4 12 45242.8 2.970 188.23 113.72 -6.65 -17.70 258.6
2008 4 5 12 45375.7 4.181 185.75 113.72 -4.32 -15.01 288.1
2008 4 6 12 45507.9 6.191 183.63 113.72 -4.02 -13.58 349.4
2008 4 7 12 45639.4 2.232 199.53 113.72 -6.00 -15.31 311.7
2008 4 8 12 45770.2 1.712 198.62 113.72 -3.36 -14.27 340.8
2008 4 9 12 45900.2 0.681 197.72 113.72 -3.70 -15.39 315.3
2008 4 10 12 46029.4 3.406 209.55 113.72 -3.46 -14.15 339.4
2008 4 11 12 46157.8 6.811 192.09 113.72 -1.15 -11.81 350.2
2008 4 12 12 46285.3 4.867 221.99 113.72 -3.26 -13.11 334.1
2008 4 13 12 46411.9 12.912 195.66 113.72 -4.62 -15.78 258.9
2008 4 14 12 46537.5 2.635 195.79 113.72 -2.84 -14.43 317.5
2008 4 15 12 46662.2 1.458 204.97 113.72 -2.81 -13.62 303.7
2008 4 16 12 46785.8 2.028 213.79 113.72 -4.28 -15.35 307.0
2008 4 17 12 46908.4 5.193 229.99 113.72 -5.45 -16.54 305.1
2008 4 18 12 47029.9 3.936 217.18 113.72 -2.30 -13.80 324.0
2008 4 19 12 47150.2 1.146 195.43 113.72 -0.59 -12.39 336.0
2008 4 20 12 47269.4 3.092 228.01 113.72 -0.36 -10.68 401.3
2008 4 21 12 47387.3 0.974 228.90 113.72 -1.16 -11.75 395.9
2008 4 22 12 47504.0 3.886 214.33 113.72 0.97 -10.47 368.2
2008 4 23 12 47619.5 0.121 226.76 113.72 -0.91 -11.06 382.3
2008 4 24 12 47733.6 0.233 246.85 113.72 -1.26 -13.54 338.6
2008 4 25 12 47846.4 0.358 213.50 113.72 -0.46 -11.58 360.0
2008 4 26 12 47957.8 0.661 241.99 113.72 -1.66 -12.28 369.7
2008 4 27 12 48067.8 3.432 247.66 113.72 -2.25 -12.17 307.5
2008 4 28 12 48176.4 4.780 232.40 113.72 -1.62 -12.86 353.1
2008 4 29 12 48283.5 2.158 212.40 113.72 -0.66 -10.56 442.5
2008 4 30 12 48389.0 0.342 251.49 113.72 1.56 -9.76 421.5
2008 5 1 12 48493.1 5.689 246.67 113.72 -1.71 -11.85 364.1
2008 5 2 12 48595.5 1.922 242.18 113.72 -0.80 -10.25 358.5
2008 5 3 12 48696.4 6.705 234.18 113.72 2.07 -9.53 399.1
2008 5 4 12 48795.7 2.352 253.32 113.72 0.53 -10.15 406.3
2008 5 5 12 48893.3 0.167 224.18 113.72 0.96 -9.40 414.7
2008 5 6 12 48989.2 0.778 250.75 113.72 0.90 -10.90 345.1
2008 5 7 12 49083.3 0.115 234.01 113.72 4.56 -5.90 489.6
2008 5 8 12 49175.8 1.312 214.61 113.72 2.70 -8.56 403.1
2008 5 9 12 49266.4 2.309 225.60 113.72 2.43 -9.05 401.8
2008 5 10 12 49355.3 3.186 247.61 113.72 2.54 -8.60 454.9
2008 5 11 12 49442.4 4.632 245.76 113.72 3.05 -8.15 429.9
2008 5 12 12 49527.6 1.062 249.92 113.72 5.40 -4.76 485.4
2008 5 13 12 49610.9 0.329 238.60 113.72 2.26 -8.54 399.6
2008 5 14 12 49692.3 2.181 248.09 113.72 3.26 -5.69 464.7
2008 5 15 12 49771.8 1.049 255.10 113.72 3.24 -7.99 424.0
2008 5 16 12 49849.4 4.035 281.89 113.72 4.73 -5.69 512.0
2008 5 17 12 49924.9 1.090 241.37 113.72 6.12 -4.80 503.0
2008 5 18 12 49998.5 3.005 263.36 113.72 2.86 -8.96 457.0
2008 5 19 12 50070.1 3.776 258.40 113.72 4.60 -4.92 466.5
2008 5 20 12 50139.7 6.498 251.24 113.72 4.37 -6.34 512.0
2008 5 21 12 50207.1 0.162 230.55 113.72 2.19 -9.23 410.9
2008 5 22 12 50272.5 0.256 271.57 113.72 5.91 -4.57 501.8
2008 5 23 12 50335.9 2.152 255.09 113.72 6.97 -3.00 532.9
2008 5 24 12 50397.0 3.590 243.11 113.72 6.03 -5.45 558.8
2008 5 25 12 50456.1 2.750 239.30 113.72 4.02 -6.74 450.9
2008 5 26 12 50513.0 0.608 257.05 113.72 3.10 -6.87 524.8
2008 5 27 12 50567.8 3.257 239.61 113.72 6.26 -4.40 537.8
2008 5 28 12 50620.3 2.231 245.67 113.72 3.85 -6.51 436.6
2008 5 29 12 50670.7 0.974 245.84 113.72 4.16 -6.86 434.0
2008 5 30 12 50718.8 5.614 255.88 113.72 6.10 -5.96 486.5
2008 5 31 12 50764.8 3.341 264.66 113.72 7.04 -3.96 524.0
2008 6 1 12 50808.5 4.830 251.32 113.72 5.59 -5.66 474.9
2008 6 2 12 50849.9 1.974 253.31 113.72 5.93 -4.95 484.9
2008 6 3 12 50889.0 2.863 258.51 113.72 6.23 -5.01 546.2
2008 6 4 12 50925.9 2.468 246.03 113.72 5.17 -5.50 494.7
2008 6 5 12 50960.5 0.107 248.80 113.72 6.11 -4.96 514.8
2008 6 6 12 50992.8 1.617 250.92 113.72 4.40 -5.75 488.4
2008 6 7 12 51022.8 2.252 262.55 113.72 8.07 -2.24 556.5
2008 6 8 12 51050.5 3.843 282.64 113.72 11.28 -0.26 659.5
2008 6 9 12 51075.8 0.538 240.07 113.72 7.32 -2.47 567.8
2008 6 10 12 51098.8 1.674 262.58 113.72 9.15 -2.23 634.3
2008 6 11 12 51119.5 4.719 255.75 113.72 7.10 -4.60 531.3
2008 6 12 12 51137.8 1.145 256.83 113.72 5.60 -4.36 493.2
2008 6 13 12 51153.7 0.147 252.22 113.72 11.12 -0.16 634.1
2008 6 14 12 51167.4 2.866 276.79 113.72 6.59 -4.13 515.0
2008 6 15 12 51178.6 1.731 223.40 113.72 9.39 -2.44 597.0
2008 6 16 12 51187.5 0.076 242.84 113.72 8.41 -2.68 526.1
2008 6 17 12 51194.0 1.202 276.29 113.72 9.98 -0.91 534.2
2008 6 18 12 51198.1 1.473 277.45 113.72 8.20 -2.91 544.9
2008 6 19 12 51199.9 1.067 286.40 113.72 6.66 -4.55 553.1
2008 6 20 12 51199.3 1.544 264.59 113.72 7.51 -3.25 516.0
2008 6 21 12 51196.4 1.698 267.20 113.72 12.14 2.13 660.0
2008 6 22 12 51191.0 1.800 231.96 113.72 9.18 -2.37 532.4
2008 6 23 12 51183.3 1.207 259.88 113.72 12.06 -0.76 613.1
2008 6 24 12 51173.3 2.808 268.13 113.72 8.33 -1.48 559.5
2008 6 25 12 51160.8 2.682 252.29 113.72 10.04 -1.29 582.3
2008 6 26 12 51146.1 0.630 258.08 113.72 7.13 -4.13 507.4
2008 6 27 12 51128.9 4.757 277.77 113.72 9.18 -2.06 536.3
2008 6 28 12 51109.4 0.550 280.95 113.72 12.54 0.68 555.9
2008 6 29 12 51087.6 1.653 262.63 113.72 8.10 -3.01 500.7
2008 6 30 12 51063.4 1.766 257.87 113.72 8.31 -2.71 537.4
2008 7 1 12 51036.9 0.247 269.30 113.72 10.65 0.20 617.5
2008 7 2 12 51008.1 0.160 252.54 113.72 9.65 -1.59 623.8
2008 7 3 12 50976.9 0.648 273.43 113.72 12.38 -0.38 576.9
2008 7 4 12 50943.5 2.185 249.56 113.72 9.23 -2.64 528.0
2008 7 5 12 50907.8 0.780 268.33 113.72 9.74 -0.16 557.0
2008 7 6 12 50869.7 0.207 256.40 113.72 10.16 -1.31 599.5
2008 7 7 12 50829.4 2.663 247.01 113.72 8.12 -2.24 572.3
2008 7 8 12 50786.9 0.724 261.26 113.72 7.83 -3.54 542.6
2008 7 9 12 50742.1 1.612 249.54 113.72 7.73 -2.42 561.9
2008 7 10 12 50695.1 1.012 269.86 113.72 4.89 -5.83 472.1
2008 7 11 12 50645.8 2.248 239.54 113.72 9.75 -2.21 596.6
2008 7 12 12 50594.3 0.648 257.31 113.72 7.96 -3.78 501.1
2008 7 13 12 50540.7 0.472 242.43 113.72 9.12 -2.87 528.4
2008 7 14 12 50484.8 0.183 270.87 113.72 11.48 1.41 597.7
2008 7 15 12 50426.8 1.297 262.99 113.72 8.55 -3.26 531.0
2008 7 16 12 50366.7 1.898 251.00 113.72 11.02 -0.08 575.1
2008 7 17 12 50304.5 0.883 250.82 113.72 7.62 -3.24 516.2
2008 7 18 12 50240.1 3.638 275.67 113.72 8.97 -1.65 531.0
2008 7 19 12 50173.7 0.665 261.12 113.72 12.61 1.44 600.1
2008 7 20 12 50105.1 0.214 237.71 113.72 9.36 -2.70 497.7
2008 7 21 12 50034.6 0.621 262.37 113.72 11.93 0.16 614.0
2008 7 22 12 49962.0 0.574 239.18 113.72 13.52 1.88 611.7
2008 7 23 12 49887.4 1.895 249.17 113.72 9.35 -3.57 576.9
2008 7 24 12 49810.8 1.040 214.63 113.72 8.96 -1.49 598.5
2008 7 25 12 49732.3 0.048 257.55 113.72 6.70 -3.69 528.2
2008 7 26 12 49651.8 2.307 234.47 113.72 10.36 -1.30 591.1
2008 7 27 12 49569.5 0.313 240.58 113.72 10.46 0.71 639.9
2008 7 28 12 49485.2 0.172 221.96 113.72 11.02 0.14 587.9
2008 7 29 12 49399.1 0.808 244.70 113.72 11.92 1.80 629.8
2008 7 30 12 49311.1 0.387 242.17 113.72 8.26 -1.92 593.9
2008 7 31 12 49221.3 1.881 221.10 113.72 12.56 1.65 667.4
2008 8 1 12 49129.8 1.018 239.79 113.72 9.29 -3.13 514.2
2008 8 2 12 49036.5 0.546 234.39 113.72 10.21 -0.43 660.3
2008 8 3 12 48941.4 0.294 255.77 113.72 9.51 -0.86 542.1
2008 8 4 12 48844.7 3.125 225.82 113.72 8.40 -2.92 473.1
2008 8 5 12 48746.2 2.465 242.65 113.72 7.71 -2.96 592.4
2008 8 6 12 48646.2 0.714 212.41 113.72 9.76 -1.06 600.6
2008 8 7 12 48544.5 0.033 234.65 113.72 7.93 -3.63 533.0
2008 8 8 12 48441.3 0.507 237.78 113.72 8.98 -1.90 586.4
2008 8 9 12 48336.4 1.553 237.48 113.72 8.62 -2.58 528.0
2008 8 10 12 48230.1 0.220 228.52 113.72 8.63 -1.87 510.4
2008 8 11 12 48122.3 3.138 255.20 113.72 6.39 -4.88 488.9
2008 8 12 12 48013.0 2.768 222.72 113.72 4.26 -7.11 436.9
2008 8 13 12 47902.3 0.357 234.25 113.72 10.19 -1.92 531.9
2008 8 14 12 47790.2 0.246 221.18 113.72 10.53 1.49 611.8
2008 8 15 12 47676.7 1.715 212.20 113.72 4.91 -6.25 457.2
2008 8 16 12 47561.9 1.171 205.80 113.72 9.28 -2.42 537.4
2008 8 17 12 47445.8 0.526 208.74 113.72 8.89 -1.43 582.8
2008 8 18 12 47328.5 1.795 230.35 113.72 6.47 -4.18 533.2
2008 8 19 12 47209.9 0.122 240.01 113.72 9.70 -0.66 595.8
2008 8 20 12 47090.2 0.600 227.92 113.72 9.96 -0.32 517.4
2008 8 21 12 46969.3 2.210 212.67 113.72 9.73 -0.19 565.7
2008 8 22 12 46847.3 1.334 207.05 113.72 10.65 -1.00 549.8
2008 8 23 12 46724.2 1.623 217.71 113.72 9.42 -1.27 610.6
2008 8 24 12 46600.0 5.108 198.38 113.72 6.55 -5.51 464.3
2008 8 25 12 46474.8 0.999 226.01 113.72 7.70 -3.34 476.3
2008 8 26 12 46348.7 1.019 217.03 113.72 8.13 -2.13 578.0
2008 8 27 12 46221.7 0.133 195.70 113.72 9.71 -1.81 566.5
2008 8 28 12 46093.7 0.449 231.31 113.72 6.92 -2.09 633.6
2008 8 29 12 45964.9 1.232 189.56 113.72 6.22 -4.57 467.2
2008 8 30 12 45835.3 1.161 207.13 113.72 4.55 -7.70 439.5
2008 8 31 12 45704.9 1.665 217.56 113.72 8.20 -2.03 528.3
2008 9 1 12 45573.7 0.731 214.75 113.72 7.07 -1.96 529.8
2008 9 2 12 45441.8 0.718 193.04 113.72 5.31 -7.28 429.8
2008 9 3 12 45309.3 0.582 194.91 113.72 7.62 -2.61 514.9
2008 9 4 12 45176.2 0.036 185.43 113.72 5.81 -5.78 489.9
2008 9 5 12 45042.4 0.146 201.71 113.72 4.18 -6.66 468.7
2008 9 6 12 44908.2 0.559 209.38 113.72 8.01 -3.83 522.4
2008 9 7 12 44773.4 1.904 167.09 113.72 2.77 -7.35 491.0
2008 9 8 12 44638.1 0.774 202.72 113.72 5.92 -5.13 514.1
2008 9 9 12 44502.5 0.603 185.65 113.72 5.38 -4.49 535.2
2008 9 10 12 44366.4 0.662 190.27 113.72 2.93 -8.70 430.9
2008 9 11 12 44230.0 0.537 174.33 113.72 5.71 -5.26 504.1
2008 9 12 12 44093.3 0.529 179.65 113.72 4.01 -8.64 455.1
2008 9 13 12 43956.3 0.279 217.45 113.72 7.41 -1.31 539.5
2008 9 14 12 43819.1 0.889 181.12 113.72 6.22 -3.04 519.5
2008 9 15 12 43681.7 1.971 184.65 113.72 4.87 -4.18 518.6
2008 9 16 12 43544.2 0.734 169.72 113.72 0.63 -8.94 422.4
2008 9 17 12 43406.5 0.995 220.81 113.72 3.36 -7.91 399.1
2008 9 18 12 43268.9 0.806 187.68 113.72 3.07 -7.77 467.5
2008 9 19 12 43131.1 1.216 178.99 113.72 5.65 -4.92 544.9
2008 9 20 12 42993.5 0.607 191.74 113.72 3.92 -6.58 509.3
2008 9 21 12 42855.8 0.034 181.88 113.72 3.95 -7.73 424.6
2008 9 22 12 42718.3 0.253 172.60 113.72 4.81 -6.90 487.4
2008 9 23 12 42580.9 0.667 171.88 113.72 5.55 -6.32 461.4
2008 9 24 12 42443.7 3.267 149.35 113.72 5.10 -6.04 481.3
2008 9 25 12 42306.7 0.294 165.58 113.72 3.54 -7.51 482.8
2008 9 26 12 42170.0 0.401 162.12 113.72 2.12 -9.04 459.5
2008 9 27 12 42033.6 0.377 173.15 113.72 2.99 -7.61 434.6
2008 9 28 12 41897.5 0.056 163.80 113.72 2.10 -9.81 388.3
2008 9 29 12 41761.9 0.720 175.91 113.72 3.13 -8.35 477.9
2008 9 30 12 41626.6 0.024 165.76 113.72 0.91 -10.50 386.9
2008 10 1 12 41491.8 1.021 150.30 113.72 2.92 -7.23 365.4
2008 10 2 12 41357.6 1.378 183.91 113.72 1.43 -9.21 429.0
2008 10 3 12 41223.8 0.016 154.44 113.72 1.74 -8.79 400.2
2008 10 4 12 41090.7 5.943 167.22 113.72 -0.83 -12.38 343.9
2008 10 5 12 40958.2 0.097 137.92 113.72 0.35 -10.41 409.5
2008 10 6 12 40826.3 0.217 167.82 113.72 1.23 -10.19 340.8
2008 10 7 12 40695.1 4.539 130.41 113.72 0.09 -11.31 396.8
2008 10 8 12 40564.7 0.909 182.70 113.72 -3.36 -13.87 277.2
2008 10 9 12 40435.1 1.262 162.62 113.72 -1.90 -13.21 313.4
2008 10 10 12 40306.3 0.609 147.80 113.72 0.26 -10.62 397.1
2008 10 11 12 40178.3 0.614 158.35 113.72 1.80 -9.21 378.8
2008 10 12 12 40051.3 1.284 129.50 113.72 -1.01 -12.75 308.2
2008 10 13 12 39925.2 2.664 144.22 113.72 -1.60 -12.86 352.8
2008 10 14 12 39800.0 0.969 157.17 113.72 0.51 -10.74 401.0
2008 10 15 12 39675.8 4.260 153.35 113.72 -1.26 -12.37 347.3
2008 10 16 12 39552.7 0.095 143.41 113.72 -0.37 -12.61 366.4
2008 10 17 12 39430.7 4.250 147.04 113.72 -2.13 -13.52 450.5
2008 10 18 12 39309.8 0.587 157.31 113.72 -2.51 -12.58 303.8
2008 10 19 12 39190.1 4.314 150.75 113.72 -0.87 -11.32 306.4
2008 10 20 12 39071.5 1.781 110.54 113.72 -1.30 -12.42 385.3
2008 10 21 12 38954.2 0.275 137.43 113.72 -3.00 -14.74 269.7
2008 10 22 12 38838.1 1.299 136.66 113.72 -4.41 -15.13 308.5
2008 10 23 12 38723.3 0.043 116.48 113.72 -5.43 -15.46 309.0
2008 10 24 12 38609.8 0.427 118.26 113.72 -5.44 -15.03 298.4
2008 10 25 12 38497.7 0.732 155.44 113.72 -4.29 -15.51 298.2
2008 10 26 12 38387.0 0.980 120.98 113.72 -3.07 -14.72 356.9
2008 10 27 12 38277.7 3.234 124.43 113.72 -6.25 -16.66 248.4
2008 10 28 12 38169.9 0.557 117.70 113.72 -6.35 -16.87 301.0
2008 10 29 12 38063.6 0.365 134.84 113.72 -3.59 -14.38 273.1
2008 10 30 12 37958.7 0.340 131.78 113.72 -2.01 -13.32 344.2
2008 10 31 12 37855.5 1.361 155.63 113.72 -2.93 -14.78 319.1
2008 11 1 12 37753.8 2.367 117.49 113.72 -7.53 -17.79 242.0
2008 11 2 12 37653.8 0.504 132.39 113.72 -4.38 -14.46 339.9
2008 11 3 12 37555.3 1.422 95.25 113.72 -3.73 -14.82 304.9
2008 11 4 12 37458.6 0.652 101.31 113.72 -6.11 -15.54 299.2
2008 11 5 12 37363.5 0.071 141.61 113.72 -5.92 -16.53 248.3
2008 11 6 12 37270.2 4.943 137.28 113.72 -5.26 -16.20 246.1
2008 11 7 12 37178.7 5.156 126.45 113.72 -5.22 -16.97 230.0
2008 11 8 12 37088.9 1.466 135.79 113.72 -5.58 -17.74 226.8
2008 11 9 12 37000.9 0.173 101.87 113.72 -5.25 -16.46 232.3
2008 11 10 12 36914.8 1.405 141.94 113.72 -6.21 -16.71 321.8
2008 11 11 12 36830.5 1.372 100.78 113.72 -7.66 -16.59 258.9
2008 11 12 12 36748.2 0.639 120.34 113.72 -7.58 -18.33 233.2
2008 11 13 12 36667.7 1.106 156.26 113.72 -8.27 -18.59 193.7
2008 11 14 12 36589.2 4.112 100.66 113.72 -7.98 -19.44 272.5
2008 11 15 12 36512.6 2.063 133.35 113.72 -6.63 -17.26 247.1
2008 11 16 12 36438.0 0.744 126.88 113.72 -8.81 -19.55 191.3
2008 11 17 12 36365.4 4.584 103.65 113.72 -6.23 -17.79 229.4
2008 11 18 12 36294.9 5.447 142.30 113.72 -9.50 -19.23 209.1
2008 11 19 12 36226.3 2.834 96.59 113.72 -7.89 -18.80 215.0
2008 11 20 12 36159.9 0.120 109.05 113.72 -7.12 -17.03 219.0
2008 11 21 12 36095.5 1.064 118.58 113.72 -7.87 -18.66 252.6
2008 11 22 12 36033.3 0.726 106.90 113.72 -11.49 -22.55 115.6
2008 11 23 12 35973.2 0.605 154.36 113.72 -8.69 -20.11 222.1
2008 11 24 12 35915.2 5.129 88.28 113.72 -10.16 -21.24 135.3
2008 11 25 12 35859.3 5.663 130.86 113.72 -11.20 -20.83 188.6
2008 11 26 12 35805.7 0.805 72.12 113.72 -9.05 -20.57 157.9
2008 11 27 12 35754.2 1.053 62.18 113.72 -11.42 -21.69 144.5
2008 11 28 12 35704.9 0.201 105.84 113.72 -9.34 -20.39 206.7
2008 11 29 12 35657.9 4.874 115.63 113.72 -7.68 -18.01 275.3
2008 11 30 12 35613.1 3.912 126.48 113.72 -9.56 -20.20 250.7
2008 12 1 12 35570.6 0.586 127.83 113.72 -10.52 -22.39 163.5
2008 12 2 12 35530.3 0.697 106.30 113.72 -10.56 -21.23 175.3
2008 12 3 12 35492.2 2.349 110.40 113.72 -9.10 -18.16 207.8
2008 12 4 12 35456.5 2.328 106.21 113.72 -11.07 -21.62 113.8
2008 12 5 12 35423.1 1.579 125.12 113.72 -11.45 -21.51 188.4
2008 12 6 12 35391.9 3.858 83.39 113.72 -12.29 -22.85 135.3
2008 12 7 12 35363.1 2.814 91.66 113.72 -12.37 -22.54 149.4
2008 12 8 12 35336.6 2.118 114.21 113.72 -9.83 -21.20 164.0
2008 12 9 12 35312.4 0.865 116.92 113.72 -12.03 -22.92 120.0
2008 12 10 12 35290.6 2.977 121.09 113.72 -10.59 -20.69 206.5
2008 12 11 12 35271.1 2.167 99.65 113.72 -10.60 -21.68 217.5
2008 12 12 12 35253.9 0.984 93.07 113.72 -13.11 -23.05 102.9
2008 12 13 12 35239.2 1.100 110.95 113.72 -12.99 -24.59 51.9
2008 12 14 12 35226.7 0.661 83.82 113.72 -11.05 -21.80 156.9
2008 12 15 12 35216.7 2.041 125.16 113.72 -11.82 -22.83 121.9
2008 12 16 12 35209.0 3.743 92.55 113.72 -12.41 -21.10 213.5
2008 12 17 12 35203.6 0.366 95.89 113.72 -11.56 -22.67 161.8
2008 12 18 12 35200.7 1.087 111.28 113.72 -10.84 -21.30 230.8
2008 12 19 12 35200.1 4.054 89.11 113.72 -12.52 -24.91 134.1
2008 12 20 12 35201.9 1.341 82.78 113.72 -13.41 -25.15 100.2
2008 12 21 12 35206.0 1.876 117.35 113.72 -12.48 -23.04 143.7
2008 12 22 12 35212.5 0.548 84.48 113.72 -13.96 -24.97 112.4
2008 12 23 12 35221.4 0.478 104.11 113.72 -12.63 -23.62 100.3
2008 12 24 12 35232.6 1.084 100.65 113.72 -12.92 -23.98 133.4
2008 12 25 12 35246.3 1.511 71.97 113.72 -14.23 -25.18 137.5
2008 12 26 12 35262.2 2.782 84.92 113.72 -13.70 -25.87 63.7
2008 12 27 12 35280.5 6.908 106.13 113.72 -13.66 -24.52 102.3
2008 12 28 12 35301.2 0.488 119.51 113.72 -12.14 -23.12 157.3
2008 12 29 12 35324.2 0.205 89.81 113.72 -14.63 -24.57 153.5
2008 12 30 12 35349.5 0.166 88.21 113.72 -14.59 -24.73 83.2
2008 12 31 12 35377.2 2.268 111.24 113.72 -14.00 -27.07 66.0
2009 1 1 12 35377.2 2.915 113.80 113.72 -12.60 -23.99 119.3
2009 1 2 12 35407.2 0.848 116.08 113.72 -12.41 -21.77 156.3
2009 1 3 12 35439.5 2.144 105.71 113.72 -13.17 -23.24 79.3
2009 1 4 12 35474.1 4.939 94.78 113.72 -12.54 -22.95 118.7
2009 1 5 12 35511.0 1.477 114.87 113.72 -11.92 -23.12 100.7
2009 1 6 12 35550.1 1.340 102.24 113.72 -13.48 -23.68 122.3
2009 1 7 12 35591.5 0.397 113.98 113.72 -14.96 -26.97 50.0
2009 1 8 12 35635.2 2.888 96.57 113.72 -13.91 -25.16 61.0
2009 1 9 12 35681.2 0.785 101.66 113.72 -15.87 -26.40 64.0
2009 1 10 12 35729.3 3.671 113.32 113.72 -13.27 -23.59 184.3
2009 1 11 12 35779.7 1.487 74.94 113.72 -14.63 -25.26 75.0
2009 1 12 12 35832.2 1.685 126.40 113.72 -13.75 -24.24 103.6
2009 1 13 12 35887.0 0.106 106.11 113.72 -14.07 -24.74 98.5
2009 1 14 12 35943.9 5.388 65.17 113.72 -14.53 -25.59 66.4
2009 1 15 12 36003.0 4.394 110.56 113.72 -13.64 -23.36 85.4
2009 1 16 12 36064.1 0.785 102.14 113.72 -14.17 -23.49 184.4
2009 1 17 12 36127.5 3.876 93.64 113.72 -14.94 -25.78 50.0
2009 1 18 12 36192.9 0.531 139.30 113.72 -15.65 -27.39 50.0
2009 1 19 12 36260.3 3.979 123.16 113.72 -13.47 -24.45 133.4
2009 1 20 12 36329.9 3.315 108.93 113.72 -15.81 -26.54 50.0
2009 1 21 12 36401.5 7.523 112.83 113.72 -11.30 -23.87 145.8
2009 1 22 12 36475.1 3.259 116.76 113.72 -12.05 -21.78 190.2
2009 1 23 12 36550.6 0.721 89.08 113.72 -16.35 -27.66 50.0
2009 1 24 12 36628.2 2.427 153.71 113.72 -13.01 -24.47 111.8
2009 1 25 12 36707.7 1.554 115.74 113.72 -12.22 -23.29 132.6
2009 1 26 12 36789.1 7.322 143.02 113.72 -14.79 -25.96 56.6
2009 1 27 12 36872.4 0.271 104.00 113.72 -13.35 -24.11 99.4
2009 1 28 12 36957.6 2.368 126.38 113.72 -14.04 -24.20 111.2
2009 1 29 12 37044.7 0.694 100.69 113.72 -12.79 -22.57 134.6
2009 1 30 12 37133.6 9.114 76.11 113.72 -14.45 -24.61 125.0
2009 1 31 12 37224.2 2.667 133.81 113.72 -12.21 -23.77 120.1
2009 2 1 12 37316.7 3.712 124.09 113.72 -13.90 -24.79 117.7
2009 2 2 12 37410.8 1.626 114.15 113.72 -14.12 -24.83 91.7
2009 2 3 12 37506.7 4.306 72.44 113.72 -12.62 -23.17 155.8
2009 2 4 12 37604.3 0.758 116.98 113.72 -12.18 -22.59 174.7
2009 2 5 12 37703.6 0.829 129.14 113.72 -16.98 -27.72 50.0
2009 2 6 12 37804.5 7.535 109.88 113.72 -17.77 -28.64 50.0
2009 2 7 12 37906.9 15.102 129.05 113.72 -12.83 -22.91 121.0
2009 2 8 12 38011.0 0.150 118.59 113.72 -14.27 -25.18 83.3
2009 2 9 12 38116.5 1.163 111.14 113.72 -15.19 -25.22 104.9
2009 2 10 12 38223.6 5.797 128.10 113.72 -13.69 -23.84 126.9
2009 2 11 12 38332.2 3.585 98.77 113.72 -8.68 -18.32 226.5
2009 2 12 12 38442.2 0.924 139.94 113.72 -14.96 -25.59 108.0
2009 2 13 12 38553.6 1.572 135.01 113.72 -11.56 -21.20 181.4
2009 2 14 12 38666.4 1.026 143.74 113.72 -13.94 -24.98 77.6
2009 2 15 12 38780.5 4.124 152.73 113.72 -14.88 -25.41 124.8
2009 2 16 12 38896.0 0.927 133.17 113.72 -13.53 -23.71 157.6
2009 2 17 12 39012.7 1.614 97.81 113.72 -14.64 -26.25 75.4
2009 2 18 12 39130.6 4.867 135.46 113.72 -14.76 -25.88 65.7
2009 2 19 12 39249.8 3.119 123.32 113.72 -13.39 -24.73 82.3
2009 2 20 12 39370.1 6.616 163.19 113.72 -13.83 -24.68 156.6
2009 2 21 12 39491.6 0.895 137.35 113.72 -12.31 -23.53 123.8
2009 2 22 12 39614.2 1.555 156.76 113.72 -11.72 -22.44 155.6
2009 2 23 12 39737.8 0.765 167.29 113.72 -13.04 -23.90 134.6
2009 2 24 12 39862.5 1.301 135.41 113.72 -10.79 -21.82 80.8
2009 2 25 12 39988.1 0.366 149.01 113.72 -12.61 -23.29 106.7
2009 2 26 12 40114.7 5.116 149.74 113.72 -11.72 -23.07 204.7
2009 2 27 12 40242.2 0.323 183.52 113.72 -14.62 -26.11 50.0
2009 2 28 12 40370.6 3.529 170.70 113.72 -11.11 -22.86 97.8
2009 3 1 12 40499.8 1.391 137.03 113.72 -7.72 -19.95 187.5
2009 3 2 12 40629.8 1.691 145.14 113.72 -9.77 -21.11 147.9
2009 3 3 12 40760.6 0.392 148.65 113.72 -11.08 -21.45 148.4
2009 3 4 12 40892.1 1.105 144.74 113.72 -12.42 -23.38 97.8
2009 3 5 12 41024.3 2.880 153.50 113.72 -8.09 -18.88 217.2
2009 3 6 12 41157.2 0.334 151.62 113.72 -10.63 -21.76 175.5
2009 3 7 12 41290.6 1.013 161.45 113.72 -11.25 -20.51 201.8
2009 3 8 12 41424.6 2.434 160.52 113.72 -11.07 -21.73 140.7
2009 3 9 12 41559.2 3.618 180.90 113.72 -6.83 -18.09 267.5
2009 3 10 12 41694.2 1.761 153.52 113.72 -9.96 -21.61 172.2
2009 3 11 12 41829.7 9.984 141.26 113.72 -8.95 -18.38 264.6
2009 3 12 12 41965.5 2.314 160.26 113.72 -9.77 -21.69 174.8
2009 3 13 12 42101.8 4.395 159.82 113.72 -9.40 -20.84 175.4
2009 3 14 12 42238.3 2.887 192.48 113.72 -9.77 -21.21 168.7
2009 3 15 12 42375.2 1.425 184.43 113.72 -6.84 -17.66 257.3
2009 3 16 12 42512.3 4.924 192.59 113.72 -8.73 -19.25 252.9
2009 3 17 12 42649.6 4.867 188.93 113.72 -10.74 -21.49 174.0
2009 3 18 12 42787.0 9.608 146.29 113.72 -7.86 -18.96 227.1
2009 3 19 12 42924.6 1.436 164.46 113.72 -8.45 -20.37 209.5
2009 3 20 12 43062.3 12.763 156.14 113.72 -7.53 -16.85 209.8
2009 3 21 12 43200.0 4.590 203.51 113.72 -8.42 -19.01 176.9
2009 3 22 12 43337.7 6.634 193.98 113.72 -8.56 -18.90 228.5
2009 3 23 12 43475.4 0.431 188.73 113.72 -6.22 -17.56 220.1
2009 3 24 12 43613.0 2.514 175.60 113.72 -4.59 -15.63 279.5
2009 3 25 12 43750.4 8.273 178.67 113.72 -9.98 -19.84 202.7
2009 3 26 12 43887.7 0.415 173.98 113.72 -6.88 -19.45 283.4
2009 3 27 12 44024.8 1.280 198.00 113.72 -7.63 -17.82 238.4
2009 3 28 12 44161.7 9.831 191.17 113.72 -8.00 -18.99 156.7
2009 3 29 12 44298.2 7.128 201.39 113.72 -9.67 -20.14 203.3
2009 3 30 12 44434.5 2.213 198.62 113.72 -5.70 -15.17 327.1
2009 3 31 12 44570.3 1.002 206.09 113.72 -6.78 -17.96 256.8
2009 4 1 12 44705.8 3.839 202.81 113.72 -6.67 -19.63 221.3
2009 4 2 12 44840.8 7.067 212.94 113.72 -3.86 -15.53 267.3
2009 4 3 12 44975.4 4.449 208.85 113.72 -6.12 -16.91 249.2
2009 4 4 12 45109.4 7.937 191.38 113.72 -5.99 -15.47 265.2
2009 4 5 12 45242.8 7.948 207.77 113.72 -7.07 -18.18 214.4
2009 4 6 12 45375.7 3.456 206.40 113.72 -6.23 -15.79 278.0
2009 4 7 12 45507.9 4.615 200.22 113.72 -2.46 -15.12 325.1
2009 4 8 12 45639.4 2.726 204.13 113.72 -3.54 -14.75 391.5
2009 4 9 12 45770.2 0.120 220.80 113.72 -2.33 -12.30 358.5
2009 4 10 12 45900.2 2.800 215.12 113.72 -5.32 -15.36 309.0
2009 4 11 12 46029.4 0.411 222.25 113.72 -3.31 -15.67 214.2
2009 4 12 12 46157.8 0.317 210.18 113.72 -2.08 -13.55 315.9
2009 4 13 12 46285.3 5.512 228.10 113.72 -2.57 -13.48 376.3
2009 4 14 12 46411.9 1.115 223.72 113.72 -0.87 -12.20 358.8
2009 4 15 12 46537.5 1.688 201.28 113.72 -2.43 -12.29 351.0
2009 4 16 12 46662.2 0.606 209.25 113.72 -2.83 -13.62 414.7
2009 4 17 12 46785.8 0.765 203.11 113.72 -6.15 -18.11 273.6
2009 4 18 12 46908.4 1.959 200.89 113.72 -1.79 -12.22 378.8
2009 4 19 12 47029.9 2.882 258.49 113.72 -1.31 -11.70 364.1
2009 4 20 12 47150.2 1.814 244.52 113.72 -0.28 -12.00 368.2
2009 4 21 12 47269.4 3.454 238.03 113.72 -2.99 -14.50 374.2
2009 4 22 12 47387.3 4.567 228.61 113.72 -1.64 -13.01 406.8
2009 4 23 12 47504.0 3.620 214.91 113.72 -3.77 -13.47 314.4
2009 4 24 12 47619.5 2.620 207.57 113.72 -3.59 -14.46 262.0
2009 4 25 12 47733.6 2.554 222.19 113.72 -0.20 -12.77 346.2
2009 4 26 12 47846.4 0.429 215.66 113.72 1.14 -10.63 410.4
2009 4 27 12 47957.8 1.312 238.29 113.72 1.39 -8.83 477.5
2009 4 28 12 48067.8 3.794 230.96 113.72 0.31 -10.82 380.4
2009 4 29 12 48176.4 0.327 242.61 113.72 2.92 -8.86 412.3
2009 4 30 12 48283.5 12.661 234.47 113.72 -0.53 -11.64 400.6
2009 5 1 12 48389.0 5.036 206.53 113.72 1.61 -8.41 404.1
2009 5 2 12 48493.1 0.616 230.34 113.72 -1.52 -10.57 381.4
2009 5 3 12 48595.5 1.388 239.77 113.72 -4.05 -14.90 302.2
2009 5 4 12 48696.4 0.253 239.09 113.72 0.14 -10.27 392.5
2009 5 5 12 48795.7 5.080 227.64 113.72 0.88 -10.00 438.4
2009 5 6 12 48893.3 1.680 229.58 113.72 1.62 -9.01 435.9
2009 5 7 12 48989.2 2.509 227.92 113.72 1.18 -10.36 376.6
2009 5 8 12 49083.3 1.989 213.78 113.72 2.20 -7.44 444.1
2009 5 9 12 49175.8 3.767 239.32 113.72 4.47 -6.70 549.9
2009 5 10 12 49266.4 0.565 252.35 113.72 3.16 -8.52 386.2
2009 5 11 12 49355.3 14.370 234.42 113.72 1.10 -10.32 337.3
2009 5 12 12 49442.4 3.689 223.79 113.72 -1.33 -11.60 330.8
2009 5 13 12 49527.6 4.106 258.19 113.72 1.01 -10.34 402.2
2009 5 14 12 49610.9 2.584 264.55 113.72 4.83 -4.75 539.0
2009 5 15 12 49692.3 0.527 238.32 113.72 2.25 -8.04 435.8
2009 5 16 12 49771.8 1.281 231.65 113.72 4.21 -5.90 465.1
2009 5 17 12 49849.4 1.079 244.32 113.72 4.34 -6.80 442.0
2009 5 18 12 49924.9 5.358 251.46 113.72 3.48 -7.82 391.6
2009 5 19 12 49998.5 0.603 241.24 113.72 3.61 -7.16 504.8
2009 5 20 12 50070.1 1.935 225.15 113.72 2.93 -8.82 417.5
2009 5 21 12 50139.7 0.306 263.81 113.72 7.44 -2.98 547.1
2009 5 22 12 50207.1 3.327 253.70 113.72 2.85 -7.22 481.2
2009 5 23 12 50272.5 0.774 273.96 113.72 6.14 -5.22 537.3
2009 5 24 12 50335.9 2.703 251.99 113.72 5.88 -4.37 505.8
2009 5 25 12 50397.0 2.774 274.06 113.72 5.72 -4.87 475.2
2009 5 26 12 50456.1 1.132 249.16 113.72 4.79 -5.12 497.0
2009 5 27 12 50513.0 0.640 244.07 113.72 2.92 -6.57 464.7
2009 5 28 12 50567.8 1.292 246.17 113.72 3.58 -6.59 451.4
2009 5 29 12 50620.3 1.415 281.57 113.72 4.30 -6.54 431.3
2009 5 30 12 50670.7 0.796 251.89 113.72 6.18 -3.66 538.6
2009 5 31 12 50718.8 0.463 278.91 113.72 7.12 -3.64 566.9
2009 6 1 12 50764.8 0.430 248.73 113.72 6.41 -4.60 560.5
2009 6 2 12 50808.5 0.932 235.32 113.72 6.48 -4.80 481.2
2009 6 3 12 50849.9 2.354 266.98 113.72 7.81 -2.91 594.5
2009 6 4 12 50889.0 1.705 247.27 113.72 3.26 -6.74 432.2
2009 6 5 12 50925.9 0.468 261.81 113.72 3.23 -8.40 436.6
2009 6 6 12 50960.5 0.650 260.62 113.72 4.36 -7.43 482.8
2009 6 7 12 50992.8 1.845 260.72 113.72 8.21 -3.56 545.3
2009 6 8 12 51022.8 0.288 282.96 113.72 3.95 -6.03 521.7
2009 6 9 12 51050.5 3.772 262.29 113.72 7.08 -3.40 501.3
2009 6 10 12 51075.8 1.933 260.55 113.72 5.87 -3.75 519.5
2009 6 11 12 51098.8 9.404 253.67 113.72 7.60 -3.62 521.5
2009 6 12 12 51119.5 1.610 267.26 113.72 7.28 -4.50 544.2
2009 6 13 12 51137.8 1.435 266.07 113.72 7.99 -1.56 561.8
2009 6 14 12 51153.7 0.505 253.52 113.72 7.14 -4.25 522.0
2009 6 15 12 51167.4 0.140 273.81 113.72 8.92 -1.34 565.4
2009 6 16 12 51178.6 3.699 256.72 113.72 10.17 -1.70 576.9
2009 6 17 12 51187.5 2.014 268.58 113.72 9.98 -0.67 564.0
2009 6 18 12 51194.0 0.949 240.05 113.72 7.65 -3.28 500.9
2009 6 19 12 51198.1 1.930 273.69 113.72 7.01 -4.93 486.4
2009 6 20 12 51199.9 3.478 249.23 113.72 8.70 -0.58 560.8
2009 6 21 12 51199.3 1.723 270.12 113.72 11.47 -0.04 593.2
2009 6 22 12 51196.4 2.524 279.18 113.72 8.53 -3.02 563.1
2009 6 23 12 51191.0 0.407 266.06 113.72 9.96 -1.36 532.6
2009 6 24 12 51183.3 1.154 277.12 113.72 9.97 -2.57 536.1
2009 6 25 12 51173.3 4.986 243.56 113.72 10.04 -1.02 644.7
2009 6 26 12 51160.8 4.070 258.37 113.72 10.88 -0.44 537.3
2009 6 27 12 51146.1 0.455 249.74 113.72 7.08 -2.93 507.9
2009 6 28 12 51128.9 0.338 249.38 113.72 7.69 -2.86 551.8
2009 6 29 12 51109.4 0.332 235.42 113.72 9.28 -2.54 501.1
2009 6 30 12 51087.6 2.553 260.08 113.72 11.12 -0.20 592.1
2009 7 1 12 51063.4 0.026 272.74 113.72 11.19 2.11 692.5
2009 7 2 12 51036.9 1.176 277.36 113.72 9.34 -2.19 537.5
2009 7 3 12 51008.1 3.027 242.23 113.72 10.97 0.83 589.8
2009 7 4 12 50976.9 0.484 250.57 113.72 8.90 -2.44 502.3
2009 7 5 12 50943.5 0.841 246.32 113.72 8.35 -3.25 508.5
2009 7 6 12 50907.8 0.092 244.94 113.72 7.65 -3.59 521.1
2009 7 7 12 50869.7 0.682 252.25 113.72 9.48 -0.14 661.2
2009 7 8 12 50829.4 4.232 256.59 113.72 9.21 -2.76 539.2
2009 7 9 12 50786.9 1.139 251.52 113.72 11.28 1.01 615.9
2009 7 10 12 50742.1 0.601 234.53 113.72 10.66 0.83 615.2
2009 7 11 12 50695.1 0.908 269.49 113.72 9.93 -1.31 547.6
2009 7 12 12 50645.8 1.834 257.13 113.72 9.97 -0.04 528.5
2009 7 13 12 50594.3 0.845 259.85 113.72 9.28 -0.85 626.3
2009 7 14 12 50540.7 1.147 260.17 113.72 7.26 -4.18 534.4
2009 7 15 12 50484.8 0.394 262.10 113.72 8.18 -3.38 565.7
2009 7 16 12 50426.8 0.586 254.57 113.72 11.15 0.22 611.5
2009 7 17 12 50366.7 7.467 239.17 113.72 9.77 -0.94 616.0
2009 7 18 12 50304.5 4.715 273.77 113.72 8.02 -3.07 492.2
2009 7 19 12 50240.1 2.016 259.98 113.72 12.05 1.70 635.5
2009 7 20 12 50173.7 3.443 236.27 113.72 12.55 1.13 638.0
2009 7 21 12 50105.1 1.038 235.80 113.72 11.81 0.28 645.1
2009 7 22 12 50034.6 0.259 278.19 113.72 10.63 -0.17 609.2
2009 7 23 12 49962.0 0.285 245.18 113.72 10.42 -0.20 608.5
2009 7 24 12 49887.4 2.553 236.71 113.72 9.94 0.19 610.5
2009 7 25 12 49810.8 5.125 238.15 113.72 10.21 -0.23 551.0
2009 7 26 12 49732.3 0.139 252.09 113.72 10.88 0.65 595.2
2009 7 27 12 49651.8 0.032 237.38 113.72 10.98 -0.10 582.9
2009 7 28 12 49569.5 0.575 245.69 113.72 10.57 -0.50 615.1
2009 7 29 12 49485.2 0.327 277.49 113.72 4.95 -6.36 488.2
2009 7 30 12 49399.1 1.510 218.42 113.72 11.56 0.90 663.3
2009 7 31 12 49311.1 0.913 235.02 113.72 10.09 -0.59 602.9
2009 8 1 12 49221.3 0.608 241.13 113.72 7.72 -3.00 533.5
2009 8 2 12 49129.8 1.260 212.84 113.72 10.01 -0.95 619.4
2009 8 3 12 49036.5 0.661 246.12 113.72 10.12 -0.71 548.4
2009 8 4 12 48941.4 0.147 250.84 113.72 7.26 -2.22 547.0
2009 8 5 12 48844.7 1.295 215.62 113.72 8.60 -1.98 531.9
2009 8 6 12 48746.2 2.220 234.24 113.72 7.85 -2.49 516.6
2009 8 7 12 48646.2 0.897 237.21 113.72 7.98 -2.44 518.6
2009 8 8 12 48544.5 0.752 242.07 113.72 10.24 -0.70 566.1
2009 8 9 12 48441.3 0.517 272.45 113.72 8.38 -1.99 565.9
2009 8 10 12 48336.4 0.420 220.24 113.72 9.38 -1.40 561.5
2009 8 11 12 48230.1 0.986 238.36 113.72 10.28 -1.53 577.3
2009 8 12 12 48122.3 1.806 227.31 113.72 8.44 -2.82 550.2
2009 8 13 12 48013.0 0.277 223.66 113.72 10.18 0.97 549.3
2009 8 14 12 47902.3 0.544 227.27 113.72 10.96 1.09 626.5
2009 8 15 12 47790.2 1.748 232.06 113.72 10.11 -0.93 558.9
2009 8 16 12 47676.7 0.379 224.91 113.72 9.65 -0.61 538.5
2009 8 17 12 47561.9 0.436 227.75 113.72 9.94 -0.69 593.1
2009 8 18 12 47445.8 1.880 221.25 113.72 9.15 -0.25 596.8
2009 8 19 12 47328.5 2.703 207.23 113.72 9.73 -1.17 581.0
2009 8 20 12 47209.9 0.058 232.48 113.72 6.60 -4.02 540.3
2009 8 21 12 47090.2 1.138 234.30 113.72 8.14 -3.30 513.6
2009 8 22 12 46969.3 1.017 232.41 113.72 8.73 -2.18 526.7
2009 8 23 12 46847.3 1.681 226.59 113.72 7.92 -5.07 497.3
2009 8 24 12 46724.2 1.967 203.60 113.72 11.67 1.08 607.7
2009 8 25 12 46600.0 0.178 199.70 113.72 7.51 -2.49 631.2
2009 8 26 12 46474.8 0.095 226.49 113.72 5.00 -4.44 506.4
2009 8 27 12 46348.7 1.102 193.42 113.72 7.64 -2.78 543.5
2009 8 28 12 46221.7 0.277 199.94 113.72 8.67 -2.42 524.1
2009 8 29 12 46093.7 0.931 241.13 113.72 5.99 -5.47 458.1
2009 8 30 12 45964.9 0.114 215.27 113.72 7.11 -4.07 467.1
2009 8 31 12 45835.3 3.461 208.74 113.72 6.92 -5.16 485.2
2009 9 1 12 45704.9 0.413 177.27 113.72 6.81 -4.20 507.9
2009 9 2 12 45573.7 0.228 193.67 113.72 5.86 -5.92 512.3
2009 9 3 12 45441.8 0.033 214.96 113.72 8.26 -3.02 529.9
2009 9 4 12 45309.3 1.010 178.84 113.72 9.72 -1.25 560.6
2009 9 5 12 45176.2 0.372 205.80 113.72 5.06 -5.48 495.1
2009 9 6 12 45042.4 1.344 177.69 113.72 4.21 -7.91 436.0
2009 9 7 12 44908.2 1.225 187.72 113.72 5.36 -5.71 511.7
2009 9 8 12 44773.4 1.116 172.13 113.72 7.97 -2.28 594.7
2009 9 9 12 44638.1 0.072 195.81 113.72 5.32 -4.36 508.7
2009 9 10 12 44502.5 1.100 167.51 113.72 6.09 -4.76 472.6
2009 9 11 12 44366.4 0.652 190.41 113.72 4.01 -5.03 492.1
2009 9 12 12 44230.0 2.262 199.88 113.72 7.90 -2.34 556.4
2009 9 13 12 44093.3 0.523 191.93 113.72 4.61 -6.14 433.7
2009 9 14 12 43956.3 0.952 194.54 113.72 5.26 -4.55 497.3
2009 9 15 12 43819.1 0.013 189.58 113.72 3.52 -7.68 398.3
2009 9 16 12 43681.7 2.997 183.45 113.72 3.20 -8.43 440.8
2009 9 17 12 43544.2 0.330 182.42 113.72 4.36 -5.69 449.9
2009 9 18 12 43406.5 0.397 186.46 113.72 4.35 -6.03 466.7
2009 9 19 12 43268.9 1.678 164.31 113.72 5.31 -4.66 499.2
2009 9 20 12 43131.1 4.282 173.37 113.72 1.30 -8.68 384.8
2009 9 21 12 42993.5 0.678 208.45 113.72 2.23 -6.96 459.0
2009 9 22 12 42855.8 4.898 183.83 113.72 2.44 -9.52 374.2
2009 9 23 12 42718.3 0.649 193.92 113.72 3.47 -7.62 489.3
2009 9 24 12 42580.9 0.034 178.91 113.72 1.41 -9.62 444.6
2009 9 25 12 42443.7 0.264 161.46 113.72 2.77 -7.10 490.5
2009 9 26 12 42306.7 1.456 166.50 113.72 1.76 -8.74 426.8
2009 9 27 12 42170.0 2.045 143.57 113.72 2.33 -7.53 456.8
2009 9 28 12 42033.6 0.984 188.95 113.72 1.18 -9.39 404.1
2009 9 29 12 41897.5 4.024 180.41 113.72 0.63 -10.18 409.7
2009 9 30 12 41761.9 1.946 153.07 113.72 2.38 -7.87 488.9
2009 10 1 12 41626.6 0.638 175.73 113.72 3.43 -7.16 424.6
2009 10 2 12 41491.8 1.634 173.04 113.72 2.78 -7.71 456.4
2009 10 3 12 41357.6 0.214 162.73 113.72 3.03 -7.25 401.0
2009 10 4 12 41223.8 0.947 167.38 113.72 3.01 -7.44 436.1
2009 10 5 12 41090.7 0.327 167.46 113.72 0.72 -9.29 409.6
2009 10 6 12 40958.2 3.007 163.35 113.72 3.57 -7.19 463.1
2009 10 7 12 40826.3 0.429 158.53 113.72 1.70 -8.97 438.3
2009 10 8 12 40695.1 0.222 156.24 113.72 -1.06 -12.67 383.3
2009 10 9 12 40564.7 0.914 145.14 113.72 -0.85 -10.86 338.1
2009 10 10 12 40435.1 0.329 165.98 113.72 0.18 -9.25 438.4
2009 10 11 12 40306.3 1.163 180.78 113.72 1.07 -11.17 428.0
2009 10 12 12 40178.3 1.965 132.98 113.72 -0.80 -11.09 364.4
2009 10 13 12 40051.3 2.030 149.03 113.72 -2.12 -13.03 321.7
2009 10 14 12 39925.2 0.892 137.45 113.72 0.32 -10.63 391.0
2009 10 15 12 39800.0 3.234 154.26 113.72 -2.75 -13.04 334.6
2009 10 16 12 39675.8 4.635 151.16 113.72 -0.82 -11.65 360.6
2009 10 17 12 39552.7 0.463 145.55 113.72 -1.42 -11.90 404.9
2009 10 18 12 39430.7 1.450 133.44 113.72 -3.70 -14.79 375.5
2009 10 19 12 39309.8 0.988 134.00 113.72 0.77 -8.83 413.7
2009 10 20 12 39190.1 2.601 128.49 113.72 -2.08 -13.06 408.1
2009 10 21 12 39071.5 0.921 112.89 113.72 -4.09 -15.50 279.4
2009 10 22 12 38954.2 1.098 155.98 113.72 -2.44 -12.97 363.4
2009 10 23 12 38838.1 1.538 146.41 113.72 -5.32 -16.79 232.9
2009 10 24 12 38723.3 2.187 154.59 113.72 -2.39 -13.00 313.5
2009 10 25 12 38609.8 0.630 128.87 113.72 -1.84 -11.33 363.7
2009 10 26 12 38497.7 0.353 140.33 113.72 0.71 -10.12 422.5
2009 10 27 12 38387.0 1.723 119.16 113.72 -3.40 -15.28 300.6
2009 10 28 12 38277.7 0.220 122.23 113.72 -4.74 -15.87 233.3
2009 10 29 12 38169.9 0.985 160.44 113.72 -3.64 -13.79 284.1
2009 10 30 12 38063.6 0.907 123.04 113.72 -2.00 -12.71 293.9
2009 10 31 12 37958.7 0.382 141.80 113.72 -3.61 -13.85 332.6
2009 11 1 12 37855.5 1.056 130.32 113.72 -3.31 -14.62 312.0
2009 11 2 12 37753.8 2.733 104.61 113.72 -3.62 -14.75 308.8
2009 11 3 12 37653.8 0.342 122.52 113.72 -4.20 -14.50 313.6
2009 11 4 12 37555.3 2.146 129.22 113.72 -7.27 -16.78 241.7
2009 11 5 12 37458.6 0.597 133.23 113.72 -7.55 -18.66 231.9
2009 11 6 12 37363.5 1.199 94.83 113.72 -7.93 -18.70 269.0
2009 11 7 12 37270.2 2.601 106.22 113.72 -7.55 -17.47 267.6
2009 11 8 12 37178.7 0.625 124.44 113.72 -7.58 -18.27 199.4
2009 11 9 12 37088.9 4.644 104.78 113.72 -3.36 -13.65 317.0
2009 11 10 12 37000.9 9.713 136.29 113.72 -7.40 -18.79 205.3
2009 11 11 12 36914.8 0.405 116.21 113.72 -6.38 -17.18 282.8
2009 11 12 12 36830.5 0.563 123.60 113.72 -7.09 -18.39 200.5
2009 11 13 12 36748.2 0.939 134.92 113.72 -6.62 -18.77 230.0
2009 11 14 12 36667.7 4.311 96.46 113.72 -6.99 -18.50 219.6
2009 11 15 12 36589.2 0.246 120.83 113.72 -9.17 -19.61 184.4
2009 11 16 12 36512.6 0.267 115.15 113.72 -6.57 -16.93 267.5
2009 11 17 12 36438.0 0.217 114.86 113.72 -8.67 -18.86 216.2
2009 11 18 12 36365.4 0.162 108.30 113.72 -8.91 -19.30 236.3
2009 11 19 12 36294.9 0.455 113.34 113.72 -8.47 -19.45 196.3
2009 11 20 12 36226.3 1.543 66.38 113.72 -6.98 -19.25 179.6
2009 11 21 12 36159.9 11.709 128.26 113.72 -9.31 -21.02 173.4
2009 11 22 12 36095.5 0.219 88.91 113.72 -8.41 -18.32 241.1
2009 11 23 12 36033.3 1.531 134.95 113.72 -8.11 -19.58 226.6
2009 11 24 12 35973.2 2.304 93.49 113.72 -8.50 -19.36 207.2
2009 11 25 12 35915.2 1.124 92.26 113.72 -8.75 -19.50 235.3
2009 11 26 12 35859.3 1.810 112.67 113.72 -11.32 -23.23 95.1
2009 11 27 12 35805.7 0.863 110.13 113.72 -9.19 -19.73 234.8
2009 11 28 12 35754.2 0.616 112.30 113.72 -10.92 -20.50 207.2
2009 11 29 12 35704.9 1.016 110.48 113.72 -12.34 -23.16 123.5
2009 11 30 12 35657.9 4.279 102.47 113.72 -10.56 -21.57 200.0
2009 12 1 12 35613.1 3.114 98.62 113.72 -10.80 -22.52 158.9
2009 12 2 12 35570.6 1.400 112.44 113.72 -5.73 -16.75 303.4
2009 12 3 12 35530.3 0.249 92.93 113.72 -8.86 -19.22 192.3
2009 12 4 12 35492.2 0.126 104.71 113.72 -9.29 -20.10 177.6
2009 12 5 12 35456.5 1.052 77.15 113.72 -11.22 -22.38 169.0
2009 12 6 12 35423.1 2.974 106.04 113.72 -11.03 -21.03 181.5
2009 12 7 12 35391.9 2.691 103.40 113.72 -7.04 -18.05 195.9
2009 12 8 12 35363.1 2.412 101.02 113.72 -11.99 -23.13 193.5
2009 12 9 12 35336.6 0.209 126.96 113.72 -10.78 -21.47 223.1
2009 12 10 12 35312.4 3.922 123.55 113.72 -8.54 -18.29 239.9
2009 12 11 12 35290.6 2.197 114.62 113.72 -12.51 -23.44 110.7
2009 12 12 12 35271.1 0.513 114.10 113.72 -11.33 -22.84 123.3
2009 12 13 12 35253.9 4.372 102.12 113.72 -11.70 -22.07 170.2
2009 12 14 12 35239.2 0.428 105.00 113.72 -13.13 -24.20 159.2
2009 12 15 12 35226.7 2.562 106.76 113.72 -10.75 -21.11 257.2
2009 12 16 12 35216.7 0.785 109.20 113.72 -13.70 -26.14 68.1
2009 12 17 12 35209.0 1.331 101.16 113.72 -10.98 -21.75 154.3
2009 12 18 12 35203.6 2.922 108.17 113.72 -11.61 -22.61 142.9
2009 12 19 12 35200.7 2.044 100.98 113.72 -11.01 -22.58 160.7
2009 12 20 12 35200.1 1.718 106.32 113.72 -12.75 -24.52 83.9
2009 12 21 12 35201.9 0.745 113.78 113.72 -11.98 -23.00 99.1
2009 12 22 12 35206.0 0.813 90.22 113.72 -11.12 -22.77 137.6
2009 12 23 12 35212.5 5.173 102.11 113.72 -14.86 -28.04 50.0
2009 12 24 12 35221.4 10.734 101.35 113.72 -14.65 -26.39 123.6
2009 12 25 12 35232.6 0.648 85.05 113.72 -12.05 -23.83 91.0
2009 12 26 12 35246.3 7.853 121.33 113.72 -11.78 -22.55 182.8
2009 12 27 12 35262.2 0.537 88.24 113.72 -12.89 -24.64 104.1
2009 12 28 12 35280.5 2.859 122.29 113.72 -11.79 -22.59 140.9
2009 12 29 12 35301.2 0.510 80.88 113.72 -13.79 -25.35 50.0
2009 12 30 12 35324.2 5.966 78.79 113.72 -11.41 -21.59 180.0
2009 12 31 12 35349.5 4.666 96.45 113.72 -13.49 -23.99 128.5
