01013500 1995 1 1 186.7205 A
01013500 1995 1 2 208.5229 A
01013500 1995 1 3 184.1879 A
01013500 1995 1 4 127.0909 A
01013500 1995 1 5 247.8168 A
01013500 1995 1 6 189.2704 A
01013500 1995 1 7 187.7677 A
01013500 1995 1 8 188.1131 A
01013500 1995 1 9 187.9802 A
01013500 1995 1 10 166.1851 A
01013500 1995 1 11 164.4114 A
01013500 1995 1 12 317.2267 A
01013500 1995 1 13 248.9168 A
01013500 1995 1 14 398.5349 A
01013500 1995 1 15 297.3605 A
01013500 1995 1 16 260.9575 A
01013500 1995 1 17 251.4530 A
01013500 1995 1 18 264.3885 A
01013500 1995 1 19 277.9070 A
01013500 1995 1 20 214.8470 A
01013500 1995 1 21 238.8895 A
01013500 1995 1 22 309.7601 A
01013500 1995 1 23 236.5854 A
01013500 1995 1 24 475.9653 A
01013500 1995 1 25 447.4169 A
01013500 1995 1 26 304.1467 A
01013500 1995 1 27 354.1992 A
01013500 1995 1 28 281.5395 A
01013500 1995 1 29 359.4433 A
01013500 1995 1 30 302.3629 A
01013500 1995 1 31 365.3551 A
01013500 1995 2 1 383.3237 A
01013500 1995 2 2 367.6113 A
01013500 1995 2 3 378.1109 A
01013500 1995 2 4 478.8942 A
01013500 1995 2 5 454.2623 A
01013500 1995 2 6 417.5918 A
01013500 1995 2 7 431.6725 A
01013500 1995 2 8 368.8173 A
01013500 1995 2 9 389.8865 A
01013500 1995 2 10 506.1666 A
01013500 1995 2 11 489.4432 A
01013500 1995 2 12 463.7708 A
01013500 1995 2 13 407.8381 A
01013500 1995 2 14 471.9329 A
01013500 1995 2 15 453.0538 A
01013500 1995 2 16 474.1561 A
01013500 1995 2 17 489.5863 A
01013500 1995 2 18 464.3707 A
01013500 1995 2 19 415.8149 A
01013500 1995 2 20 540.2317 A
01013500 1995 2 21 644.2813 A
01013500 1995 2 22 596.8675 A
01013500 1995 2 23 617.7215 A
01013500 1995 2 24 632.3887 A
01013500 1995 2 25 741.7884 A
01013500 1995 2 26 715.2984 A
01013500 1995 2 27 721.5024 A
01013500 1995 2 28 660.8752 A
01013500 1995 3 1 718.2661 A
01013500 1995 3 2 745.7552 A
01013500 1995 3 3 723.3664 A
01013500 1995 3 4 848.5867 A
01013500 1995 3 5 869.3908 A
01013500 1995 3 6 826.1530 A
01013500 1995 3 7 946.4208 A
01013500 1995 3 8 975.5670 A
01013500 1995 3 9 1173.9466 A
01013500 1995 3 10 1074.4989 A
01013500 1995 3 11 973.0129 A
01013500 1995 3 12 1067.7919 A
01013500 1995 3 13 993.4667 A
01013500 1995 3 14 1101.0885 A
01013500 1995 3 15 1189.8083 A
01013500 1995 3 16 1133.5386 A
01013500 1995 3 17 1121.1912 A
01013500 1995 3 18 1268.7850 A
01013500 1995 3 19 1514.4780 A
01013500 1995 3 20 1415.5844 A
01013500 1995 3 21 1365.3136 A
01013500 1995 3 22 1426.2830 A
01013500 1995 3 23 1536.1546 A
01013500 1995 3 24 1397.1381 A
01013500 1995 3 25 1590.5587 A
01013500 1995 3 26 1482.1134 A
01013500 1995 3 27 1483.4470 A
01013500 1995 3 28 1930.5451 A
01013500 1995 3 29 1601.6900 A
01013500 1995 3 30 1836.5598 A
01013500 1995 3 31 1686.2232 A
01013500 1995 4 1 1649.0290 A
01013500 1995 4 2 1656.5614 A
01013500 1995 4 3 1649.8885 A
01013500 1995 4 4 1645.3286 A
01013500 1995 4 5 1890.6778 A
01013500 1995 4 6 1659.3939 A
01013500 1995 4 7 1630.8346 A
01013500 1995 4 8 1703.0086 A
01013500 1995 4 9 2044.0987 A
01013500 1995 4 10 1962.9506 A
01013500 1995 4 11 1760.4388 A
01013500 1995 4 12 1752.4309 A
01013500 1995 4 13 2049.8137 A
01013500 1995 4 14 1837.8062 A
01013500 1995 4 15 1774.4630 A
01013500 1995 4 16 1808.0159 A
01013500 1995 4 17 1842.0390 A
01013500 1995 4 18 1820.8307 A
01013500 1995 4 19 1895.8315 A
01013500 1995 4 20 1835.0789 A
01013500 1995 4 21 1860.8139 A
01013500 1995 4 22 2073.5076 A
01013500 1995 4 23 1910.4451 A
01013500 1995 4 24 1909.1278 A
01013500 1995 4 25 2097.4132 A
01013500 1995 4 26 1969.0764 A
01013500 1995 4 27 2043.6475 A
01013500 1995 4 28 2049.9439 A
01013500 1995 4 29 2000.8305 A
01013500 1995 4 30 2067.8913 A
01013500 1995 5 1 2093.3091 A
01013500 1995 5 2 2028.0793 A
01013500 1995 5 3 2061.4367 A
01013500 1995 5 4 2151.4235 A
01013500 1995 5 5 2249.7042 A
01013500 1995 5 6 2186.2767 A
01013500 1995 5 7 2270.8561 A
01013500 1995 5 8 2214.9645 A
01013500 1995 5 9 2284.3655 A
01013500 1995 5 10 2472.4233 A
01013500 1995 5 11 2265.3322 A
01013500 1995 5 12 2490.2064 A
01013500 1995 5 13 2410.2991 A
01013500 1995 5 14 2548.0099 A
01013500 1995 5 15 2598.9359 A
01013500 1995 5 16 2801.3412 A
01013500 1995 5 17 2868.7686 A
01013500 1995 5 18 2864.2022 A
01013500 1995 5 19 2749.1431 A
01013500 1995 5 20 2694.8925 A
01013500 1995 5 21 2709.2125 A
01013500 1995 5 22 2661.8009 A
01013500 1995 5 23 2820.7695 A
01013500 1995 5 24 2702.6318 A
01013500 1995 5 25 2751.4146 A
01013500 1995 5 26 2702.8935 A
01013500 1995 5 27 2816.5746 A
01013500 1995 5 28 2692.9586 A
01013500 1995 5 29 2919.5115 A
01013500 1995 5 30 2735.2255 A
01013500 1995 5 31 3120.1025 A
01013500 1995 6 1 3233.2252 A
01013500 1995 6 2 2897.7852 A
01013500 1995 6 3 3108.2263 A
01013500 1995 6 4 2914.3942 A
01013500 1995 6 5 3021.1645 A
01013500 1995 6 6 3188.4892 A
01013500 1995 6 7 2960.7716 A
01013500 1995 6 8 3130.3382 A
01013500 1995 6 9 3011.6132 A
01013500 1995 6 10 3101.0196 A
01013500 1995 6 11 3168.9858 A
01013500 1995 6 12 3148.5923 A
01013500 1995 6 13 3116.6329 A
01013500 1995 6 14 3050.8441 A
01013500 1995 6 15 3068.6488 A
01013500 1995 6 16 3168.1008 A
01013500 1995 6 17 3217.9191 A
01013500 1995 6 18 3163.9722 A
01013500 1995 6 19 3162.4980 A
01013500 1995 6 20 3562.5087 A
01013500 1995 6 21 3389.7099 A
01013500 1995 6 22 3256.0332 A
01013500 1995 6 23 3364.4727 A
01013500 1995 6 24 3312.2965 A
01013500 1995 6 25 3265.8669 A
01013500 1995 6 26 3292.0258 A
01013500 1995 6 27 3247.7283 A
01013500 1995 6 28 3241.3507 A
01013500 1995 6 29 3569.2203 A
01013500 1995 6 30 3340.8187 A
01013500 1995 7 1 3361.1962 A
01013500 1995 7 2 3500.5098 A
01013500 1995 7 3 3583.4997 A
01013500 1995 7 4 3392.7803 A
01013500 1995 7 5 3398.5293 A
01013500 1995 7 6 3597.4650 A
01013500 1995 7 7 3410.8868 A
01013500 1995 7 8 3676.2970 A
01013500 1995 7 9 3533.8657 A
01013500 1995 7 10 3552.7714 A
01013500 1995 7 11 3563.1973 A
01013500 1995 7 12 3679.4072 A
01013500 1995 7 13 3685.4550 A
01013500 1995 7 14 3601.3623 A
01013500 1995 7 15 3582.5702 A
01013500 1995 7 16 3682.1149 A
01013500 1995 7 17 3691.3422 A
01013500 1995 7 18 3639.6975 A
01013500 1995 7 19 3800.6637 A
01013500 1995 7 20 3697.1161 A
01013500 1995 7 21 3748.1755 A
01013500 1995 7 22 3664.2789 A
01013500 1995 7 23 3732.8470 A
01013500 1995 7 24 3858.5713 A
01013500 1995 7 25 3680.5008 A
01013500 1995 7 26 3927.1998 A
01013500 1995 7 27 3875.4006 A
01013500 1995 7 28 3828.8744 A
01013500 1995 7 29 3991.7352 A
01013500 1995 7 30 3796.3662 A
01013500 1995 7 31 3855.9824 A
01013500 1995 8 1 3804.9157 A
01013500 1995 8 2 3811.4380 A
01013500 1995 8 3 3815.4721 A
01013500 1995 8 4 3827.2645 A
01013500 1995 8 5 3817.9647 A
01013500 1995 8 6 4014.0625 A
01013500 1995 8 7 3889.6357 A
01013500 1995 8 8 3825.5965 A
01013500 1995 8 9 3885.2893 A
01013500 1995 8 10 4011.2279 A
01013500 1995 8 11 3869.1982 A
01013500 1995 8 12 3987.7072 A
01013500 1995 8 13 3899.8623 A
01013500 1995 8 14 4018.3470 A
01013500 1995 8 15 3954.2112 A
01013500 1995 8 16 3919.9391 A
01013500 1995 8 17 3933.2744 A
01013500 1995 8 18 3970.7818 A
01013500 1995 8 19 3902.7811 A
01013500 1995 8 20 3933.8080 A
01013500 1995 8 21 4154.1208 A
01013500 1995 8 22 4015.3490 A
01013500 1995 8 23 4041.0933 A
01013500 1995 8 24 3976.8187 A
01013500 1995 8 25 4047.7643 A
01013500 1995 8 26 3971.0480 A
01013500 1995 8 27 3975.3210 A
01013500 1995 8 28 4031.6588 A
01013500 1995 8 29 4138.2143 A
01013500 1995 8 30 4044.9719 A
01013500 1995 8 31 4008.0255 A
01013500 1995 9 1 3985.8839 A
01013500 1995 9 2 4002.6856 A
01013500 1995 9 3 3998.1577 A
01013500 1995 9 4 4108.8306 A
01013500 1995 9 5 4044.0749 A
01013500 1995 9 6 4052.4147 A
01013500 1995 9 7 4160.4434 A
01013500 1995 9 8 4010.8161 A
01013500 1995 9 9 4033.5714 A
01013500 1995 9 10 4075.9606 A
01013500 1995 9 11 4081.4529 A
01013500 1995 9 12 4115.4405 A
01013500 1995 9 13 4044.0530 A
01013500 1995 9 14 4052.5671 A
01013500 1995 9 15 4062.7593 A
01013500 1995 9 16 4041.3868 A
01013500 1995 9 17 4037.7837 A
01013500 1995 9 18 4063.7346 A
01013500 1995 9 19 4018.3882 A
01013500 1995 9 20 4031.9719 A
01013500 1995 9 21 4082.0042 A
01013500 1995 9 22 4061.1373 A
01013500 1995 9 23 4048.3016 A
01013500 1995 9 24 4074.4436 A
01013500 1995 9 25 4046.3787 A
01013500 1995 9 26 4179.8200 A
01013500 1995 9 27 4073.3583 A
01013500 1995 9 28 4075.3958 A
01013500 1995 9 29 4080.7867 A
01013500 1995 9 30 4179.9420 A
01013500 1995 10 1 4096.5245 A
01013500 1995 10 2 4049.0323 A
01013500 1995 10 3 4100.6078 A
01013500 1995 10 4 4128.8492 A
01013500 1995 10 5 4075.1277 A
01013500 1995 10 6 4055.3194 A
01013500 1995 10 7 4095.2640 A
01013500 1995 10 8 4115.2454 A
01013500 1995 10 9 4066.6936 A
01013500 1995 10 10 4082.6274 A
01013500 1995 10 11 4240.5385 A
01013500 1995 10 12 4106.4351 A
01013500 1995 10 13 4114.5685 A
01013500 1995 10 14 4095.9659 A
01013500 1995 10 15 4070.2867 A
01013500 1995 10 16 4114.8857 A
01013500 1995 10 17 4140.0638 A
01013500 1995 10 18 4081.1012 A
01013500 1995 10 19 4154.7491 A
01013500 1995 10 20 4087.0921 A
01013500 1995 10 21 4110.0347 A
01013500 1995 10 22 4144.4515 A
01013500 1995 10 23 4127.6264 A
01013500 1995 10 24 4109.7572 A
01013500 1995 10 25 4140.3632 A
01013500 1995 10 26 4133.4753 A
01013500 1995 10 27 4072.5662 A
01013500 1995 10 28 4107.9611 A
01013500 1995 10 29 4290.6691 A
01013500 1995 10 30 4210.8520 A
01013500 1995 10 31 4165.5449 A
01013500 1995 11 1 4179.2655 A
01013500 1995 11 2 4154.2103 A
01013500 1995 11 3 4213.3078 A
01013500 1995 11 4 4146.9318 A
01013500 1995 11 5 4186.2453 A
01013500 1995 11 6 4244.1412 A
01013500 1995 11 7 4157.6975 A
01013500 1995 11 8 4157.5727 A
01013500 1995 11 9 4172.2938 A
01013500 1995 11 10 4176.3228 A
01013500 1995 11 11 4191.5854 A
01013500 1995 11 12 4184.9246 A
01013500 1995 11 13 4197.3925 A
01013500 1995 11 14 4205.8669 A
01013500 1995 11 15 4190.1509 A
01013500 1995 11 16 4188.1935 A
01013500 1995 11 17 4161.0978 A
01013500 1995 11 18 4176.0027 A
01013500 1995 11 19 4237.9284 A
01013500 1995 11 20 4223.2874 A
01013500 1995 11 21 4220.6447 A
01013500 1995 11 22 4370.6527 A
01013500 1995 11 23 4328.6635 A
01013500 1995 11 24 4245.5394 A
01013500 1995 11 25 4248.8970 A
01013500 1995 11 26 4236.3396 A
01013500 1995 11 27 4243.2520 A
01013500 1995 11 28 4308.1795 A
01013500 1995 11 29 4349.5841 A
01013500 1995 11 30 4266.8056 A
01013500 1995 12 1 4252.6491 A
01013500 1995 12 2 4332.9366 A
01013500 1995 12 3 4425.6437 A
01013500 1995 12 4 4321.3071 A
01013500 1995 12 5 4294.3503 A
01013500 1995 12 6 4294.2291 A
01013500 1995 12 7 4253.3314 A
01013500 1995 12 8 4350.0197 A
01013500 1995 12 9 4373.8954 A
01013500 1995 12 10 4488.8632 A
01013500 1995 12 11 4330.9892 A
01013500 1995 12 12 4317.3516 A
01013500 1995 12 13 4347.4029 A
01013500 1995 12 14 4307.5394 A
01013500 1995 12 15 4469.4259 A
01013500 1995 12 16 4472.2570 A
01013500 1995 12 17 4439.2933 A
01013500 1995 12 18 4366.6083 A
01013500 1995 12 19 4343.1789 A
01013500 1995 12 20 4421.1157 A
01013500 1995 12 21 4412.4572 A
01013500 1995 12 22 4366.4013 A
01013500 1995 12 23 4377.3473 A
01013500 1995 12 24 4458.2020 A
01013500 1995 12 25 4388.8046 A
01013500 1995 12 26 4390.9199 A
01013500 1995 12 27 4465.2629 A
01013500 1995 12 28 4457.7160 A
01013500 1995 12 29 4437.2591 A
01013500 1995 12 30 4414.9720 A
01013500 1995 12 31 4406.3200 A
01013500 1996 1 1 4432.3239 A
01013500 1996 1 2 4450.0636 A
01013500 1996 1 3 4503.4632 A
01013500 1996 1 4 4575.1202 A
01013500 1996 1 5 4519.3046 A
01013500 1996 1 6 4699.4982 A
01013500 1996 1 7 4512.3848 A
01013500 1996 1 8 4518.6275 A
01013500 1996 1 9 4584.5111 A
01013500 1996 1 10 4526.5932 A
01013500 1996 1 11 4528.8889 A
01013500 1996 1 12 4604.8873 A
01013500 1996 1 13 4585.9634 A
01013500 1996 1 14 4620.2676 A
01013500 1996 1 15 4688.4761 A
01013500 1996 1 16 4604.3736 A
01013500 1996 1 17 4548.9094 A
01013500 1996 1 18 4677.8590 A
01013500 1996 1 19 4675.4880 A
01013500 1996 1 20 4596.8318 A
01013500 1996 1 21 4634.6479 A
01013500 1996 1 22 4592.3209 A
01013500 1996 1 23 4670.6849 A
01013500 1996 1 24 4651.2179 A
01013500 1996 1 25 4638.3162 A
01013500 1996 1 26 4685.7541 A
01013500 1996 1 27 4662.1121 A
01013500 1996 1 28 4668.6831 A
01013500 1996 1 29 4654.5487 A
01013500 1996 1 30 4648.1415 A
01013500 1996 1 31 4606.6899 A
01013500 1996 2 1 4642.4260 A
01013500 1996 2 2 4840.9137 A
01013500 1996 2 3 4673.9080 A
01013500 1996 2 4 4654.5738 A
01013500 1996 2 5 4739.7552 A
01013500 1996 2 6 4698.5158 A
01013500 1996 2 7 4726.8824 A
01013500 1996 2 8 4737.3126 A
01013500 1996 2 9 4724.5288 A
01013500 1996 2 10 4831.1281 A
01013500 1996 2 11 4694.5618 A
01013500 1996 2 12 4805.4296 A
01013500 1996 2 13 4815.5221 A
01013500 1996 2 14 4743.1890 A
01013500 1996 2 15 4762.9797 A
01013500 1996 2 16 4784.9443 A
01013500 1996 2 17 4806.9025 A
01013500 1996 2 18 4746.7135 A
01013500 1996 2 19 4813.7367 A
01013500 1996 2 20 4802.7668 A
01013500 1996 2 21 4857.5110 A
01013500 1996 2 22 4953.0957 A
01013500 1996 2 23 4911.2682 A
01013500 1996 2 24 4992.5707 A
01013500 1996 2 25 4978.3636 A
01013500 1996 2 26 4898.1647 A
01013500 1996 2 27 4919.5527 A
01013500 1996 2 28 5013.4285 A
01013500 1996 2 29 4890.8494 A
01013500 1996 3 1 4967.4790 A
01013500 1996 3 2 4997.3329 A
01013500 1996 3 3 5012.4738 A
01013500 1996 3 4 5012.4214 A
01013500 1996 3 5 5059.9975 A
01013500 1996 3 6 5181.2601 A
01013500 1996 3 7 5233.4776 A
01013500 1996 3 8 5114.7986 A
01013500 1996 3 9 5259.5696 A
01013500 1996 3 10 5253.5971 A
01013500 1996 3 11 5237.9726 A
01013500 1996 3 12 5193.2867 A
01013500 1996 3 13 5467.6334 A
01013500 1996 3 14 5418.5304 A
01013500 1996 3 15 5324.9480 A
01013500 1996 3 16 5404.1341 A
01013500 1996 3 17 5494.2224 A
01013500 1996 3 18 5498.2742 A
01013500 1996 3 19 5526.8617 A
01013500 1996 3 20 5450.6790 A
01013500 1996 3 21 5638.6124 A
01013500 1996 3 22 5609.5848 A
01013500 1996 3 23 5440.0484 A
01013500 1996 3 24 5490.9769 A
01013500 1996 3 25 5618.2577 A
01013500 1996 3 26 5661.7490 A
01013500 1996 3 27 5636.5548 A
01013500 1996 3 28 5677.3247 A
01013500 1996 3 29 5575.6987 A
01013500 1996 3 30 5566.9084 A
01013500 1996 3 31 5589.7534 A
01013500 1996 4 1 5794.6875 A
01013500 1996 4 2 5677.5675 A
01013500 1996 4 3 5711.2952 A
01013500 1996 4 4 5832.0422 A
01013500 1996 4 5 5716.6258 A
01013500 1996 4 6 5946.0037 A
01013500 1996 4 7 5805.0045 A
01013500 1996 4 8 5898.3869 A
01013500 1996 4 9 5822.3018 A
01013500 1996 4 10 5781.2245 A
01013500 1996 4 11 5775.4097 A
01013500 1996 4 12 5787.9420 A
01013500 1996 4 13 5779.1199 A
01013500 1996 4 14 5874.4283 A
01013500 1996 4 15 5770.4790 A
01013500 1996 4 16 5849.9439 A
01013500 1996 4 17 5789.6144 A
01013500 1996 4 18 5768.0511 A
01013500 1996 4 19 5966.8346 A
01013500 1996 4 20 5806.9665 A
01013500 1996 4 21 5824.2331 A
01013500 1996 4 22 5796.9801 A
01013500 1996 4 23 5843.5405 A
01013500 1996 4 24 6078.3770 A
01013500 1996 4 25 6302.6989 A
01013500 1996 4 26 6040.7850 A
01013500 1996 4 27 5955.8194 A
01013500 1996 4 28 6065.3806 A
01013500 1996 4 29 5979.3730 A
01013500 1996 4 30 6052.9679 A
01013500 1996 5 1 5947.3556 A
01013500 1996 5 2 5989.2014 A
01013500 1996 5 3 5974.8698 A
01013500 1996 5 4 6133.8604 A
01013500 1996 5 5 6173.8761 A
01013500 1996 5 6 6416.7587 A
01013500 1996 5 7 6319.1363 A
01013500 1996 5 8 6173.6162 A
01013500 1996 5 9 6318.5606 A
01013500 1996 5 10 6237.2758 A
01013500 1996 5 11 6210.9952 A
01013500 1996 5 12 6247.6387 A
01013500 1996 5 13 6206.7799 A
01013500 1996 5 14 6573.9746 A
01013500 1996 5 15 6299.6325 A
01013500 1996 5 16 6415.9723 A
01013500 1996 5 17 6435.5143 A
01013500 1996 5 18 6387.3076 A
01013500 1996 5 19 6408.0822 A
01013500 1996 5 20 6474.8157 A
01013500 1996 5 21 6411.2485 A
01013500 1996 5 22 6630.8328 A
01013500 1996 5 23 6551.9016 A
01013500 1996 5 24 6425.3788 A
01013500 1996 5 25 6679.7536 A
01013500 1996 5 26 6552.4848 A
01013500 1996 5 27 6536.2787 A
01013500 1996 5 28 6566.1037 A
01013500 1996 5 29 6497.3169 A
01013500 1996 5 30 6485.0832 A
01013500 1996 5 31 6504.7815 A
01013500 1996 6 1 6537.8899 A
01013500 1996 6 2 6499.2890 A
01013500 1996 6 3 6538.9940 A
01013500 1996 6 4 6490.5508 A
01013500 1996 6 5 6663.7927 A
01013500 1996 6 6 6638.2724 A
01013500 1996 6 7 6653.6096 A
01013500 1996 6 8 6947.3281 A
01013500 1996 6 9 6698.1326 A
01013500 1996 6 10 6825.4442 A
01013500 1996 6 11 6874.6557 A
01013500 1996 6 12 6701.2393 A
01013500 1996 6 13 6757.0236 A
01013500 1996 6 14 6723.3705 A
01013500 1996 6 15 6968.1664 A
01013500 1996 6 16 6896.7236 A
01013500 1996 6 17 6766.3647 A
01013500 1996 6 18 6932.1934 A
01013500 1996 6 19 7025.8295 A
01013500 1996 6 20 6889.2340 A
01013500 1996 6 21 6893.6768 A
01013500 1996 6 22 6933.0224 A
01013500 1996 6 23 6917.7498 A
01013500 1996 6 24 6893.0350 A
01013500 1996 6 25 6896.7624 A
01013500 1996 6 26 6903.0227 A
01013500 1996 6 27 6935.1815 A
01013500 1996 6 28 6900.2250 A
01013500 1996 6 29 7090.7619 A
01013500 1996 6 30 6954.8557 A
01013500 1996 7 1 7062.8907 A
01013500 1996 7 2 7201.3694 A
01013500 1996 7 3 7314.5272 A
01013500 1996 7 4 7045.3327 A
01013500 1996 7 5 7229.2877 A
01013500 1996 7 6 7132.7643 A
01013500 1996 7 7 7128.3988 A
01013500 1996 7 8 7153.4811 A
01013500 1996 7 9 7479.1067 A
01013500 1996 7 10 7598.7091 A
01013500 1996 7 11 7236.3790 A
01013500 1996 7 12 7456.2108 A
01013500 1996 7 13 7305.9240 A
01013500 1996 7 14 7343.5568 A
01013500 1996 7 15 7577.4021 A
01013500 1996 7 16 7432.9868 A
01013500 1996 7 17 7509.3718 A
01013500 1996 7 18 7486.6218 A
01013500 1996 7 19 7478.3579 A
01013500 1996 7 20 7536.5386 A
01013500 1996 7 21 7462.2138 A
01013500 1996 7 22 7535.1670 A
01013500 1996 7 23 7533.5660 A
01013500 1996 7 24 7489.6336 A
01013500 1996 7 25 7523.9035 A
01013500 1996 7 26 7720.7062 A
01013500 1996 7 27 7509.6829 A
01013500 1996 7 28 7516.6550 A
01013500 1996 7 29 7527.7830 A
01013500 1996 7 30 7541.2168 A
01013500 1996 7 31 7511.7087 A
01013500 1996 8 1 7559.4465 A
01013500 1996 8 2 7648.4718 A
01013500 1996 8 3 7650.5739 A
01013500 1996 8 4 7565.4223 A
01013500 1996 8 5 7806.7360 A
01013500 1996 8 6 7639.2396 A
01013500 1996 8 7 7620.0576 A
01013500 1996 8 8 7600.5437 A
01013500 1996 8 9 7718.3921 A
01013500 1996 8 10 7682.6444 A
01013500 1996 8 11 7677.4001 A
01013500 1996 8 12 8131.2096 A
01013500 1996 8 13 7835.6724 A
01013500 1996 8 14 7799.6266 A
01013500 1996 8 15 7760.2314 A
01013500 1996 8 16 7787.4391 A
01013500 1996 8 17 7774.8505 A
01013500 1996 8 18 7712.4443 A
01013500 1996 8 19 7890.1166 A
01013500 1996 8 20 7804.0849 A
01013500 1996 8 21 7825.3426 A
01013500 1996 8 22 7802.0154 A
01013500 1996 8 23 7780.2533 A
01013500 1996 8 24 7852.9044 A
01013500 1996 8 25 7767.5940 A
01013500 1996 8 26 7850.7528 A
01013500 1996 8 27 7876.2951 A
01013500 1996 8 28 7864.0787 A
01013500 1996 8 29 7859.8552 A
01013500 1996 8 30 7951.6507 A
01013500 1996 8 31 7859.4236 A
01013500 1996 9 1 7912.0896 A
01013500 1996 9 2 7892.0736 A
01013500 1996 9 3 8168.4153 A
01013500 1996 9 4 7912.1209 A
01013500 1996 9 5 7911.8715 A
01013500 1996 9 6 7904.8941 A
01013500 1996 9 7 7918.0698 A
01013500 1996 9 8 7950.1818 A
01013500 1996 9 9 7903.0610 A
01013500 1996 9 10 7950.1295 A
01013500 1996 9 11 7897.1884 A
01013500 1996 9 12 7921.2215 A
01013500 1996 9 13 7901.5148 A
01013500 1996 9 14 8010.6483 A
01013500 1996 9 15 7982.8005 A
01013500 1996 9 16 7974.2400 A
01013500 1996 9 17 7996.3277 A
01013500 1996 9 18 7960.4956 A
01013500 1996 9 19 8018.2391 A
01013500 1996 9 20 7987.4928 A
01013500 1996 9 21 8014.2703 A
01013500 1996 9 22 8094.5725 A
01013500 1996 9 23 8019.3874 A
01013500 1996 9 24 7988.2567 A
01013500 1996 9 25 8039.8298 A
01013500 1996 9 26 8072.0735 A
01013500 1996 9 27 8007.4356 A
01013500 1996 9 28 8010.5117 A
01013500 1996 9 29 8007.2009 A
01013500 1996 9 30 8040.1763 A
01013500 1996 10 1 7983.2045 A
01013500 1996 10 2 8083.9979 A
01013500 1996 10 3 8046.3598 A
01013500 1996 10 4 8032.0019 A
01013500 1996 10 5 8077.9383 A
01013500 1996 10 6 8048.5264 A
01013500 1996 10 7 8042.7119 A
01013500 1996 10 8 7998.3168 A
01013500 1996 10 9 8025.7381 A
01013500 1996 10 10 8041.2581 A
01013500 1996 10 11 8009.5315 A
01013500 1996 10 12 8017.2970 A
01013500 1996 10 13 8002.8863 A
01013500 1996 10 14 7978.7642 A
01013500 1996 10 15 7998.5562 A
01013500 1996 10 16 7963.4284 A
01013500 1996 10 17 8003.8769 A
01013500 1996 10 18 8065.3767 A
01013500 1996 10 19 8033.3516 A
01013500 1996 10 20 8064.3849 A
01013500 1996 10 21 7984.2708 A
01013500 1996 10 22 8043.2974 A
01013500 1996 10 23 8021.1767 A
01013500 1996 10 24 8044.0552 A
01013500 1996 10 25 8004.4152 A
01013500 1996 10 26 7999.5530 A
01013500 1996 10 27 8011.7701 A
01013500 1996 10 28 8029.6641 A
01013500 1996 10 29 8014.3061 A
01013500 1996 10 30 7982.5015 A
01013500 1996 10 31 7999.3812 A
01013500 1996 11 1 8011.4486 A
01013500 1996 11 2 7996.0740 A
01013500 1996 11 3 7987.4528 A
01013500 1996 11 4 7956.2698 A
01013500 1996 11 5 8064.2002 A
01013500 1996 11 6 8039.9397 A
01013500 1996 11 7 8027.8905 A
01013500 1996 11 8 8088.1509 A
01013500 1996 11 9 8051.4576 A
01013500 1996 11 10 8277.1217 A
01013500 1996 11 11 8174.8721 A
01013500 1996 11 12 8113.2554 A
01013500 1996 11 13 8053.4593 A
01013500 1996 11 14 8102.5363 A
01013500 1996 11 15 8072.7851 A
01013500 1996 11 16 8061.5224 A
01013500 1996 11 17 8039.8975 A
01013500 1996 11 18 8101.1207 A
01013500 1996 11 19 8066.8989 A
01013500 1996 11 20 8058.6267 A
01013500 1996 11 21 8116.0021 A
01013500 1996 11 22 8054.1674 A
01013500 1996 11 23 8119.5172 A
01013500 1996 11 24 8088.6621 A
01013500 1996 11 25 8063.5514 A
01013500 1996 11 26 8073.5292 A
01013500 1996 11 27 8067.7680 A
01013500 1996 11 28 8106.4956 A
01013500 1996 11 29 8070.5544 A
01013500 1996 11 30 8060.8426 A
01013500 1996 12 1 8071.3636 A
01013500 1996 12 2 8106.9271 A
01013500 1996 12 3 8137.2721 A
01013500 1996 12 4 8136.1213 A
01013500 1996 12 5 8118.1461 A
01013500 1996 12 6 8126.1977 A
01013500 1996 12 7 8073.7640 A
01013500 1996 12 8 8094.0773 A
01013500 1996 12 9 8186.1226 A
01013500 1996 12 10 8087.1855 A
01013500 1996 12 11 8115.8776 A
01013500 1996 12 12 8151.3764 A
01013500 1996 12 13 8128.8530 A
01013500 1996 12 14 8118.6223 A
01013500 1996 12 15 8152.3885 A
01013500 1996 12 16 8210.8678 A
01013500 1996 12 17 8139.4558 A
01013500 1996 12 18 8176.6600 A
01013500 1996 12 19 8137.6817 A
01013500 1996 12 20 8141.3253 A
01013500 1996 12 21 8302.2323 A
01013500 1996 12 22 8178.2284 A
01013500 1996 12 23 8238.6419 A
01013500 1996 12 24 8220.2553 A
01013500 1996 12 25 8177.4932 A
01013500 1996 12 26 8228.8935 A
01013500 1996 12 27 8220.8567 A
01013500 1996 12 28 8242.1965 A
01013500 1996 12 29 8213.2174 A
01013500 1996 12 30 8176.6036 A
01013500 1996 12 31 8272.7675 A
01013500 1997 1 1 8218.3252 A
01013500 1997 1 2 8197.9385 A
01013500 1997 1 3 8164.2089 A
01013500 1997 1 4 8237.5945 A
01013500 1997 1 5 8331.2999 A
01013500 1997 1 6 8314.5935 A
01013500 1997 1 7 8330.3803 A
01013500 1997 1 8 8393.0296 A
01013500 1997 1 9 8284.3698 A
01013500 1997 1 10 8248.7143 A
01013500 1997 1 11 8305.5974 A
01013500 1997 1 12 8236.5788 A
01013500 1997 1 13 8259.3606 A
01013500 1997 1 14 8369.5596 A
01013500 1997 1 15 8422.7718 A
01013500 1997 1 16 8292.6406 A
01013500 1997 1 17 8377.4123 A
01013500 1997 1 18 8288.9538 A
01013500 1997 1 19 8292.9873 A
01013500 1997 1 20 8524.4394 A
01013500 1997 1 21 8393.0662 A
01013500 1997 1 22 8313.7501 A
01013500 1997 1 23 8356.1522 A
01013500 1997 1 24 8352.9738 A
01013500 1997 1 25 8394.0326 A
01013500 1997 1 26 8384.9266 A
01013500 1997 1 27 8395.5142 A
01013500 1997 1 28 8436.1595 A
01013500 1997 1 29 8372.4457 A
01013500 1997 1 30 8365.3205 A
01013500 1997 1 31 8408.0309 A
01013500 1997 2 1 8428.0020 A
01013500 1997 2 2 8445.1009 A
01013500 1997 2 3 8380.4876 A
01013500 1997 2 4 8643.4213 A
01013500 1997 2 5 8486.0377 A
01013500 1997 2 6 8492.4483 A
01013500 1997 2 7 8424.7368 A
01013500 1997 2 8 8442.9135 A
01013500 1997 2 9 8452.6649 A
01013500 1997 2 10 8467.9277 A
01013500 1997 2 11 8411.8870 A
01013500 1997 2 12 8532.7320 A
01013500 1997 2 13 8455.5615 A
01013500 1997 2 14 8473.6294 A
01013500 1997 2 15 8453.9639 A
01013500 1997 2 16 8567.9356 A
01013500 1997 2 17 8493.4309 A
01013500 1997 2 18 8434.4466 A
01013500 1997 2 19 8502.0945 A
01013500 1997 2 20 8446.3183 A
01013500 1997 2 21 8530.1116 A
01013500 1997 2 22 8571.3986 A
01013500 1997 2 23 8506.7676 A
01013500 1997 2 24 8503.3503 A
01013500 1997 2 25 8566.7339 A
01013500 1997 2 26 8773.6773 A
01013500 1997 2 27 8582.6837 A
01013500 1997 2 28 8636.5914 A
01013500 1997 3 1 8590.9463 A
01013500 1997 3 2 8635.8370 A
01013500 1997 3 3 8670.7864 A
01013500 1997 3 4 8615.0915 A
01013500 1997 3 5 8779.2682 A
01013500 1997 3 6 8636.5375 A
01013500 1997 3 7 8834.8512 A
01013500 1997 3 8 8741.8218 A
01013500 1997 3 9 8828.8283 A
01013500 1997 3 10 8741.9731 A
01013500 1997 3 11 8955.9116 A
01013500 1997 3 12 8777.7874 A
01013500 1997 3 13 8880.5857 A
01013500 1997 3 14 8813.3561 A
01013500 1997 3 15 9021.8257 A
01013500 1997 3 16 9034.7181 A
01013500 1997 3 17 9123.5955 A
01013500 1997 3 18 9137.3242 A
01013500 1997 3 19 9057.5387 A
01013500 1997 3 20 9281.1351 A
01013500 1997 3 21 9265.7046 A
01013500 1997 3 22 9417.9684 A
01013500 1997 3 23 9407.2298 A
01013500 1997 3 24 9391.1484 A
01013500 1997 3 25 9315.7392 A
01013500 1997 3 26 9532.3336 A
01013500 1997 3 27 9494.8208 A
01013500 1997 3 28 9376.9135 A
01013500 1997 3 29 9314.5236 A
01013500 1997 3 30 9301.7114 A
01013500 1997 3 31 9541.8782 A
01013500 1997 4 1 9424.5401 A
01013500 1997 4 2 9373.7233 A
01013500 1997 4 3 9416.3159 A
01013500 1997 4 4 9473.0412 A
01013500 1997 4 5 9427.8847 A
01013500 1997 4 6 9419.6887 A
01013500 1997 4 7 9616.4333 A
01013500 1997 4 8 9852.7232 A
01013500 1997 4 9 9474.7297 A
01013500 1997 4 10 9488.0114 A
01013500 1997 4 11 9478.4655 A
01013500 1997 4 12 10032.8440 A
01013500 1997 4 13 9615.1592 A
01013500 1997 4 14 9932.0465 A
01013500 1997 4 15 9629.0720 A
01013500 1997 4 16 10231.3844 A
01013500 1997 4 17 9953.1019 A
01013500 1997 4 18 9968.6271 A
01013500 1997 4 19 9958.7850 A
01013500 1997 4 20 9863.0087 A
01013500 1997 4 21 9907.0806 A
01013500 1997 4 22 9879.1079 A
01013500 1997 4 23 9856.2778 A
01013500 1997 4 24 10046.1016 A
01013500 1997 4 25 9917.4995 A
01013500 1997 4 26 10028.9942 A
01013500 1997 4 27 9960.4589 A
01013500 1997 4 28 9920.9717 A
01013500 1997 4 29 9943.9412 A
01013500 1997 4 30 9903.6488 A
01013500 1997 5 1 10384.5065 A
01013500 1997 5 2 10105.9789 A
01013500 1997 5 3 10226.9160 A
01013500 1997 5 4 10054.3244 A
01013500 1997 5 5 10302.8960 A
01013500 1997 5 6 10172.9047 A
01013500 1997 5 7 10136.2534 A
01013500 1997 5 8 10116.4592 A
01013500 1997 5 9 10073.3253 A
01013500 1997 5 10 10321.6113 A
01013500 1997 5 11 10151.0696 A
01013500 1997 5 12 10307.0790 A
01013500 1997 5 13 10217.7707 A
01013500 1997 5 14 10177.0037 A
01013500 1997 5 15 10277.7165 A
01013500 1997 5 16 10270.9736 A
01013500 1997 5 17 10566.7073 A
01013500 1997 5 18 10402.1660 A
01013500 1997 5 19 10371.2721 A
01013500 1997 5 20 10521.5330 A
01013500 1997 5 21 10382.4866 A
01013500 1997 5 22 10657.0452 A
01013500 1997 5 23 10608.1928 A
01013500 1997 5 24 10466.1957 A
01013500 1997 5 25 10580.7655 A
01013500 1997 5 26 10629.0174 A
01013500 1997 5 27 11071.5915 A
01013500 1997 5 28 10686.8218 A
01013500 1997 5 29 10940.3005 A
01013500 1997 5 30 10668.8567 A
01013500 1997 5 31 10690.4394 A
01013500 1997 6 1 10804.4653 A
01013500 1997 6 2 10710.0368 A
01013500 1997 6 3 10736.1433 A
01013500 1997 6 4 10703.1846 A
01013500 1997 6 5 10834.2274 A
01013500 1997 6 6 10926.6248 A
01013500 1997 6 7 10819.2566 A
01013500 1997 6 8 10904.1920 A
01013500 1997 6 9 10768.6479 A
01013500 1997 6 10 10853.7502 A
01013500 1997 6 11 11247.2668 A
01013500 1997 6 12 11004.0099 A
01013500 1997 6 13 10919.9309 A
01013500 1997 6 14 10899.8218 A
01013500 1997 6 15 11048.5329 A
01013500 1997 6 16 10922.8770 A
01013500 1997 6 17 10946.9024 A
01013500 1997 6 18 10989.5621 A
01013500 1997 6 19 11124.0783 A
01013500 1997 6 20 11339.6691 A
01013500 1997 6 21 11105.4081 A
01013500 1997 6 22 11252.9808 A
01013500 1997 6 23 11114.3308 A
01013500 1997 6 24 11159.0534 A
01013500 1997 6 25 11127.9626 A
01013500 1997 6 26 11150.9611 A
01013500 1997 6 27 11091.8558 A
01013500 1997 6 28 11119.7368 A
01013500 1997 6 29 11152.2195 A
01013500 1997 6 30 11267.9036 A
01013500 1997 7 1 11498.4580 A
01013500 1997 7 2 11192.2523 A
01013500 1997 7 3 11385.0125 A
01013500 1997 7 4 11258.4169 A
01013500 1997 7 5 11311.0715 A
01013500 1997 7 6 11242.5231 A
01013500 1997 7 7 11253.8368 A
01013500 1997 7 8 11276.0637 A
01013500 1997 7 9 11329.3667 A
01013500 1997 7 10 11395.2003 A
01013500 1997 7 11 11776.8787 A
01013500 1997 7 12 11498.5210 A
01013500 1997 7 13 11418.5955 A
01013500 1997 7 14 11464.9639 A
01013500 1997 7 15 11459.0051 A
01013500 1997 7 16 11517.3223 A
01013500 1997 7 17 11473.1695 A
01013500 1997 7 18 11479.5604 A
01013500 1997 7 19 11508.8876 A
01013500 1997 7 20 11446.0294 A
01013500 1997 7 21 11570.6144 A
01013500 1997 7 22 11538.9197 A
01013500 1997 7 23 11544.9827 A
01013500 1997 7 24 11602.9954 A
01013500 1997 7 25 11733.1671 A
01013500 1997 7 26 11713.6875 A
01013500 1997 7 27 11673.4803 A
01013500 1997 7 28 11606.0096 A
01013500 1997 7 29 11818.4184 A
01013500 1997 7 30 11649.9338 A
01013500 1997 7 31 11755.4378 A
01013500 1997 8 1 12002.1794 A
01013500 1997 8 2 11719.5872 A
01013500 1997 8 3 11700.2943 A
01013500 1997 8 4 11787.7295 A
01013500 1997 8 5 11797.7517 A
01013500 1997 8 6 11722.6178 A
01013500 1997 8 7 11819.5944 A
01013500 1997 8 8 11778.0102 A
01013500 1997 8 9 11781.9168 A
01013500 1997 8 10 11750.0263 A
01013500 1997 8 11 11836.3705 A
01013500 1997 8 12 11744.7907 A
01013500 1997 8 13 11766.4074 A
01013500 1997 8 14 11780.2876 A
01013500 1997 8 15 11748.3186 A
01013500 1997 8 16 11810.9219 A
01013500 1997 8 17 11783.3225 A
01013500 1997 8 18 11773.9491 A
01013500 1997 8 19 11764.6148 A
01013500 1997 8 20 11823.6006 A
01013500 1997 8 21 11789.9073 A
01013500 1997 8 22 11811.6332 A
01013500 1997 8 23 11795.7905 A
01013500 1997 8 24 11742.4294 A
01013500 1997 8 25 11731.1812 A
01013500 1997 8 26 11756.3456 A
01013500 1997 8 27 11809.5406 A
01013500 1997 8 28 11766.0810 A
01013500 1997 8 29 11833.3513 A
01013500 1997 8 30 11747.6063 A
01013500 1997 8 31 11794.9743 A
01013500 1997 9 1 11857.7949 A
01013500 1997 9 2 11892.3511 A
01013500 1997 9 3 11945.0764 A
01013500 1997 9 4 11794.4429 A
01013500 1997 9 5 11789.3424 A
01013500 1997 9 6 11833.6841 A
01013500 1997 9 7 11899.0211 A
01013500 1997 9 8 11818.9757 A
01013500 1997 9 9 11794.6803 A
01013500 1997 9 10 11841.6599 A
01013500 1997 9 11 11873.6849 A
01013500 1997 9 12 11959.0589 A
01013500 1997 9 13 11869.2406 A
01013500 1997 9 14 11835.8864 A
01013500 1997 9 15 11887.8945 A
01013500 1997 9 16 11889.5688 A
01013500 1997 9 17 11860.4786 A
01013500 1997 9 18 11858.9286 A
01013500 1997 9 19 11878.6781 A
01013500 1997 9 20 11839.8601 A
01013500 1997 9 21 11898.0892 A
01013500 1997 9 22 11927.2081 A
01013500 1997 9 23 11834.3972 A
01013500 1997 9 24 11910.1049 A
01013500 1997 9 25 11882.1024 A
01013500 1997 9 26 11915.1721 A
01013500 1997 9 27 11861.9302 A
01013500 1997 9 28 11877.8662 A
01013500 1997 9 29 11878.0495 A
01013500 1997 9 30 11836.5226 A
01013500 1997 10 1 11917.2949 A
01013500 1997 10 2 11903.0586 A
01013500 1997 10 3 11949.9941 A
01013500 1997 10 4 11916.4088 A
01013500 1997 10 5 11896.2889 A
01013500 1997 10 6 12002.2043 A
01013500 1997 10 7 11963.4215 A
01013500 1997 10 8 11952.7730 A
01013500 1997 10 9 11896.0768 A
01013500 1997 10 10 11953.2116 A
01013500 1997 10 11 11988.2521 A
01013500 1997 10 12 11987.4214 A
01013500 1997 10 13 11914.6406 A
01013500 1997 10 14 11939.8975 A
01013500 1997 10 15 12035.9549 A
01013500 1997 10 16 11904.0987 A
01013500 1997 10 17 11934.7697 A
01013500 1997 10 18 11917.5951 A
01013500 1997 10 19 11943.0745 A
01013500 1997 10 20 11954.5332 A
01013500 1997 10 21 11954.0720 A
01013500 1997 10 22 11971.5838 A
01013500 1997 10 23 11925.6676 A
01013500 1997 10 24 11948.0757 A
01013500 1997 10 25 11907.1127 A
01013500 1997 10 26 12004.2877 A
01013500 1997 10 27 11945.9984 A
01013500 1997 10 28 11960.6345 A
01013500 1997 10 29 11987.9875 A
01013500 1997 10 30 11894.8862 A
01013500 1997 10 31 11974.9929 A
01013500 1997 11 1 11946.0130 A
01013500 1997 11 2 11930.4037 A
01013500 1997 11 3 12004.2979 A
01013500 1997 11 4 11964.8873 A
01013500 1997 11 5 11922.3201 A
01013500 1997 11 6 11942.9283 A
01013500 1997 11 7 12070.7469 A
01013500 1997 11 8 11968.7499 A
01013500 1997 11 9 11951.3426 A
01013500 1997 11 10 11936.2347 A
01013500 1997 11 11 11939.4269 A
01013500 1997 11 12 12004.9281 A
01013500 1997 11 13 11972.0193 A
01013500 1997 11 14 11949.2131 A
01013500 1997 11 15 11959.4965 A
01013500 1997 11 16 11937.2694 A
01013500 1997 11 17 11910.9318 A
01013500 1997 11 18 11968.0889 A
01013500 1997 11 19 12020.9430 A
01013500 1997 11 20 11946.4829 A
01013500 1997 11 21 11950.5288 A
01013500 1997 11 22 12048.5400 A
01013500 1997 11 23 12027.6979 A
01013500 1997 11 24 12141.6577 A
01013500 1997 11 25 12022.2365 A
01013500 1997 11 26 12029.1336 A
01013500 1997 11 27 12260.2976 A
01013500 1997 11 28 12184.8159 A
01013500 1997 11 29 12036.8738 A
01013500 1997 11 30 12065.8798 A
01013500 1997 12 1 12238.9475 A
01013500 1997 12 2 12115.4447 A
01013500 1997 12 3 12159.1055 A
01013500 1997 12 4 12240.5559 A
01013500 1997 12 5 12103.0981 A
01013500 1997 12 6 12119.3324 A
01013500 1997 12 7 12125.4954 A
01013500 1997 12 8 12099.6782 A
01013500 1997 12 9 12150.2503 A
01013500 1997 12 10 12083.6756 A
01013500 1997 12 11 12108.7522 A
01013500 1997 12 12 12119.9857 A
01013500 1997 12 13 12105.0471 A
01013500 1997 12 14 12169.6325 A
01013500 1997 12 15 12184.7450 A
01013500 1997 12 16 12428.9214 A
01013500 1997 12 17 12166.1492 A
01013500 1997 12 18 12232.4973 A
01013500 1997 12 19 12299.4741 A
01013500 1997 12 20 12182.4353 A
01013500 1997 12 21 12256.0523 A
01013500 1997 12 22 12230.2400 A
01013500 1997 12 23 12270.4595 A
01013500 1997 12 24 12341.7632 A
01013500 1997 12 25 12253.8024 A
01013500 1997 12 26 12283.5624 A
01013500 1997 12 27 12243.9108 A
01013500 1997 12 28 12232.1017 A
01013500 1997 12 29 12303.1137 A
01013500 1997 12 30 12269.8605 A
01013500 1997 12 31 12333.6592 A
01013500 1998 1 1 12295.7009 A
01013500 1998 1 2 12284.2983 A
01013500 1998 1 3 12622.7702 A
01013500 1998 1 4 12450.8980 A
01013500 1998 1 5 12423.3834 A
01013500 1998 1 6 12347.0974 A
01013500 1998 1 7 12459.8385 A
01013500 1998 1 8 12426.5767 A
01013500 1998 1 9 12376.2144 A
01013500 1998 1 10 12358.3466 A
01013500 1998 1 11 12423.7654 A
01013500 1998 1 12 12415.5674 A
01013500 1998 1 13 12370.8878 A
01013500 1998 1 14 12398.0648 A
01013500 1998 1 15 12408.4948 A
01013500 1998 1 16 12398.6612 A
01013500 1998 1 17 12435.2383 A
01013500 1998 1 18 12673.3478 A
01013500 1998 1 19 12606.3517 A
01013500 1998 1 20 12529.4096 A
01013500 1998 1 21 12512.2425 A
01013500 1998 1 22 12470.7136 A
01013500 1998 1 23 12586.1911 A
01013500 1998 1 24 12489.5992 A
01013500 1998 1 25 12533.2545 A
01013500 1998 1 26 12513.5148 A
01013500 1998 1 27 12513.9901 A
01013500 1998 1 28 12500.6898 A
01013500 1998 1 29 12545.9653 A
01013500 1998 1 30 12536.1567 A
01013500 1998 1 31 12497.0535 A
01013500 1998 2 1 12515.0311 A
01013500 1998 2 2 12713.5642 A
01013500 1998 2 3 12620.5280 A
01013500 1998 2 4 12618.3400 A
01013500 1998 2 5 12574.1455 A
01013500 1998 2 6 12548.8912 A
01013500 1998 2 7 12673.7873 A
01013500 1998 2 8 12774.1562 A
01013500 1998 2 9 12699.9121 A
01013500 1998 2 10 12863.4297 A
01013500 1998 2 11 12680.8660 A
01013500 1998 2 12 12729.8720 A
01013500 1998 2 13 12684.0453 A
01013500 1998 2 14 12732.9782 A
01013500 1998 2 15 12696.1233 A
01013500 1998 2 16 12801.2652 A
01013500 1998 2 17 12788.6314 A
01013500 1998 2 18 12774.7460 A
01013500 1998 2 19 12727.9948 A
01013500 1998 2 20 12763.3022 A
01013500 1998 2 21 12805.1723 A
01013500 1998 2 22 12875.5112 A
01013500 1998 2 23 12861.5577 A
01013500 1998 2 24 12820.1322 A
01013500 1998 2 25 12814.0547 A
01013500 1998 2 26 12925.2234 A
01013500 1998 2 27 12851.6696 A
01013500 1998 2 28 12999.8533 A
01013500 1998 3 1 12868.4659 A
01013500 1998 3 2 12927.2610 A
01013500 1998 3 3 12966.8910 A
01013500 1998 3 4 12958.7071 A
01013500 1998 3 5 13003.2211 A
01013500 1998 3 6 13102.5481 A
01013500 1998 3 7 13055.8973 A
01013500 1998 3 8 13088.0589 A
01013500 1998 3 9 13073.3524 A
01013500 1998 3 10 13257.5450 A
01013500 1998 3 11 13189.0406 A
01013500 1998 3 12 13088.6963 A
01013500 1998 3 13 13132.2225 A
01013500 1998 3 14 13107.0672 A
01013500 1998 3 15 13221.2269 A
01013500 1998 3 16 13259.3642 A
01013500 1998 3 17 13400.0287 A
01013500 1998 3 18 13347.0222 A
01013500 1998 3 19 13343.3223 A
01013500 1998 3 20 13474.2454 A
01013500 1998 3 21 13438.3592 A
01013500 1998 3 22 13686.0423 A
01013500 1998 3 23 13590.0845 A
01013500 1998 3 24 13700.4987 A
01013500 1998 3 25 13472.0401 A
01013500 1998 3 26 13448.8274 A
01013500 1998 3 27 13539.1136 A
01013500 1998 3 28 13796.4237 A
01013500 1998 3 29 13755.4854 A
01013500 1998 3 30 13772.3107 A
01013500 1998 3 31 13598.9943 A
01013500 1998 4 1 13678.5000 A
01013500 1998 4 2 13780.7662 A
01013500 1998 4 3 13721.6539 A
01013500 1998 4 4 13735.7229 A
01013500 1998 4 5 13884.8611 A
01013500 1998 4 6 13791.7424 A
01013500 1998 4 7 13791.8598 A
01013500 1998 4 8 13771.3239 A
01013500 1998 4 9 13860.1390 A
01013500 1998 4 10 13878.5283 A
01013500 1998 4 11 13798.8666 A
01013500 1998 4 12 13879.5554 A
01013500 1998 4 13 13759.6947 A
01013500 1998 4 14 13811.1866 A
01013500 1998 4 15 13804.1045 A
01013500 1998 4 16 14214.1367 A
01013500 1998 4 17 13970.1454 A
01013500 1998 4 18 14144.4753 A
01013500 1998 4 19 13959.4567 A
01013500 1998 4 20 13947.1397 A
01013500 1998 4 21 14114.4374 A
01013500 1998 4 22 14140.9831 A
01013500 1998 4 23 14100.5773 A
01013500 1998 4 24 14411.9978 A
01013500 1998 4 25 14311.7800 A
01013500 1998 4 26 14283.6632 A
01013500 1998 4 27 14395.6855 A
01013500 1998 4 28 14461.8068 A
01013500 1998 4 29 14237.4315 A
01013500 1998 4 30 14777.8236 A
01013500 1998 5 1 14316.0350 A
01013500 1998 5 2 14323.2890 A
01013500 1998 5 3 14360.9383 A
01013500 1998 5 4 14447.8373 A
01013500 1998 5 5 14548.7091 A
01013500 1998 5 6 14384.8872 A
01013500 1998 5 7 14608.2792 A
01013500 1998 5 8 14605.6975 A
01013500 1998 5 9 14454.1525 A
01013500 1998 5 10 14640.9293 A
01013500 1998 5 11 14476.1258 A
01013500 1998 5 12 14490.8352 A
01013500 1998 5 13 14536.2498 A
01013500 1998 5 14 14498.9884 A
01013500 1998 5 15 14518.6621 A
01013500 1998 5 16 14563.3395 A
01013500 1998 5 17 14557.5494 A
01013500 1998 5 18 14691.7782 A
01013500 1998 5 19 14911.6031 A
01013500 1998 5 20 14690.3895 A
01013500 1998 5 21 14632.0162 A
01013500 1998 5 22 14714.4136 A
01013500 1998 5 23 14662.1138 A
01013500 1998 5 24 14816.1472 A
01013500 1998 5 25 14638.1879 A
01013500 1998 5 26 14656.1487 A
01013500 1998 5 27 14733.4117 A
01013500 1998 5 28 14774.7691 A
01013500 1998 5 29 14700.8344 A
01013500 1998 5 30 14741.0494 A
01013500 1998 5 31 14760.9627 A
01013500 1998 6 1 14777.2948 A
01013500 1998 6 2 14921.7209 A
01013500 1998 6 3 14873.0401 A
01013500 1998 6 4 14853.0389 A
01013500 1998 6 5 14894.5033 A
01013500 1998 6 6 14777.1453 A
01013500 1998 6 7 14969.2175 A
01013500 1998 6 8 14926.0733 A
01013500 1998 6 9 14938.7354 A
01013500 1998 6 10 15035.2793 A
01013500 1998 6 11 14927.7936 A
01013500 1998 6 12 14976.7492 A
01013500 1998 6 13 14904.2061 A
01013500 1998 6 14 14903.0482 A
01013500 1998 6 15 15171.5018 A
01013500 1998 6 16 15127.1069 A
01013500 1998 6 17 15104.3957 A
01013500 1998 6 18 15082.5969 A
01013500 1998 6 19 15057.8752 A
01013500 1998 6 20 14992.6236 A
01013500 1998 6 21 15171.3379 A
01013500 1998 6 22 15185.4956 A
01013500 1998 6 23 15096.4097 A
01013500 1998 6 24 15242.5398 A
01013500 1998 6 25 15096.0502 A
01013500 1998 6 26 15105.3306 A
01013500 1998 6 27 15101.4603 A
01013500 1998 6 28 15184.3979 A
01013500 1998 6 29 15429.8762 A
01013500 1998 6 30 15283.3245 A
01013500 1998 7 1 15195.1155 A
01013500 1998 7 2 15188.3396 A
01013500 1998 7 3 15151.5077 A
01013500 1998 7 4 15206.0328 A
01013500 1998 7 5 15224.2566 A
01013500 1998 7 6 15232.1131 A
01013500 1998 7 7 15170.9867 A
01013500 1998 7 8 15277.3355 A
01013500 1998 7 9 15203.9291 A
01013500 1998 7 10 15224.9501 A
01013500 1998 7 11 15206.1639 A
01013500 1998 7 12 15195.4250 A
01013500 1998 7 13 15278.2960 A
01013500 1998 7 14 15211.0230 A
01013500 1998 7 15 15389.7785 A
01013500 1998 7 16 15248.8011 A
01013500 1998 7 17 15332.0533 A
01013500 1998 7 18 15315.1668 A
01013500 1998 7 19 15317.3246 A
01013500 1998 7 20 15295.6812 A
01013500 1998 7 21 15341.8563 A
01013500 1998 7 22 15353.7858 A
01013500 1998 7 23 15312.9433 A
01013500 1998 7 24 15302.9104 A
01013500 1998 7 25 15305.1317 A
01013500 1998 7 26 15305.9922 A
01013500 1998 7 27 15375.0385 A
01013500 1998 7 28 15319.2324 A
01013500 1998 7 29 15439.9848 A
01013500 1998 7 30 15361.1105 A
01013500 1998 7 31 15467.6302 A
01013500 1998 8 1 15382.9198 A
01013500 1998 8 2 15469.5453 A
01013500 1998 8 3 15364.6271 A
01013500 1998 8 4 15656.1606 A
01013500 1998 8 5 15532.0109 A
01013500 1998 8 6 15466.0726 A
01013500 1998 8 7 15450.7639 A
01013500 1998 8 8 15439.7275 A
01013500 1998 8 9 15433.7006 A
01013500 1998 8 10 15501.7514 A
01013500 1998 8 11 15556.1074 A
01013500 1998 8 12 15516.1546 A
01013500 1998 8 13 15495.8273 A
01013500 1998 8 14 15489.9759 A
01013500 1998 8 15 15640.2756 A
01013500 1998 8 16 15529.2005 A
01013500 1998 8 17 15562.3773 A
01013500 1998 8 18 15529.2838 A
01013500 1998 8 19 15524.7260 A
01013500 1998 8 20 15542.5674 A
01013500 1998 8 21 15569.7393 A
01013500 1998 8 22 15553.1311 A
01013500 1998 8 23 15527.8717 A
01013500 1998 8 24 15563.4966 A
01013500 1998 8 25 15601.8696 A
01013500 1998 8 26 15578.0752 A
01013500 1998 8 27 15566.2835 A
01013500 1998 8 28 15549.0585 A
01013500 1998 8 29 15706.7182 A
01013500 1998 8 30 15550.6823 A
01013500 1998 8 31 15630.4453 A
01013500 1998 9 1 15620.0403 A
01013500 1998 9 2 15776.0355 A
01013500 1998 9 3 15669.1893 A
01013500 1998 9 4 15602.4898 A
01013500 1998 9 5 15599.3417 A
01013500 1998 9 6 15726.1501 A
01013500 1998 9 7 15654.9135 A
01013500 1998 9 8 15615.4448 A
01013500 1998 9 9 15795.1588 A
01013500 1998 9 10 15653.8923 A
01013500 1998 9 11 15658.4100 A
01013500 1998 9 12 15671.6117 A
01013500 1998 9 13 15684.8751 A
01013500 1998 9 14 15648.6383 A
01013500 1998 9 15 15671.0191 A
01013500 1998 9 16 15633.3282 A
01013500 1998 9 17 15638.2892 A
01013500 1998 9 18 15744.8469 A
01013500 1998 9 19 15695.3853 A
01013500 1998 9 20 15668.0403 A
01013500 1998 9 21 15647.4490 A
01013500 1998 9 22 15677.2720 A
01013500 1998 9 23 15665.9564 A
01013500 1998 9 24 15686.2176 A
01013500 1998 9 25 15734.3090 A
01013500 1998 9 26 15745.8010 A
01013500 1998 9 27 15764.5860 A
01013500 1998 9 28 15700.7967 A
01013500 1998 9 29 15800.2645 A
01013500 1998 9 30 15734.9899 A
01013500 1998 10 1 15818.4409 A
01013500 1998 10 2 15719.5642 A
01013500 1998 10 3 15681.6546 A
01013500 1998 10 4 15697.9836 A
01013500 1998 10 5 15699.2103 A
01013500 1998 10 6 15722.4467 A
01013500 1998 10 7 15810.9575 A
01013500 1998 10 8 15693.8775 A
01013500 1998 10 9 15754.2005 A
01013500 1998 10 10 15679.1188 A
01013500 1998 10 11 15736.1255 A
01013500 1998 10 12 15927.0652 A
01013500 1998 10 13 15770.6544 A
01013500 1998 10 14 15816.5031 A
01013500 1998 10 15 15777.1973 A
01013500 1998 10 16 15809.2773 A
01013500 1998 10 17 15748.1197 A
01013500 1998 10 18 15873.4328 A
01013500 1998 10 19 15787.0318 A
01013500 1998 10 20 15748.4140 A
01013500 1998 10 21 15878.3143 A
01013500 1998 10 22 15788.9146 A
01013500 1998 10 23 15841.2942 A
01013500 1998 10 24 15820.0436 A
01013500 1998 10 25 15823.9538 A
01013500 1998 10 26 15828.9261 A
01013500 1998 10 27 15823.7290 A
01013500 1998 10 28 15798.1297 A
01013500 1998 10 29 15807.2950 A
01013500 1998 10 30 15829.7908 A
01013500 1998 10 31 15797.1175 A
01013500 1998 11 1 15808.6520 A
01013500 1998 11 2 15789.4818 A
01013500 1998 11 3 15800.7456 A
01013500 1998 11 4 15819.5450 A
01013500 1998 11 5 15841.1189 A
01013500 1998 11 6 15785.0019 A
01013500 1998 11 7 15813.4580 A
01013500 1998 11 8 15842.0076 A
01013500 1998 11 9 15810.9647 A
01013500 1998 11 10 15834.1381 A
01013500 1998 11 11 15888.4062 A
01013500 1998 11 12 15828.9931 A
01013500 1998 11 13 15986.9588 A
01013500 1998 11 14 15844.8968 A
01013500 1998 11 15 15939.0710 A
01013500 1998 11 16 15872.0304 A
01013500 1998 11 17 15843.7116 A
01013500 1998 11 18 15849.0605 A
01013500 1998 11 19 15931.2328 A
01013500 1998 11 20 15889.6435 A
01013500 1998 11 21 15826.5311 A
01013500 1998 11 22 15855.5324 A
01013500 1998 11 23 15898.5376 A
01013500 1998 11 24 15873.9790 A
01013500 1998 11 25 15870.3762 A
01013500 1998 11 26 15880.8847 A
01013500 1998 11 27 15912.0786 A
01013500 1998 11 28 15847.9178 A
01013500 1998 11 29 15840.5548 A
01013500 1998 11 30 15992.7187 A
01013500 1998 12 1 15908.7730 A
01013500 1998 12 2 15958.7303 A
01013500 1998 12 3 15983.0302 A
01013500 1998 12 4 15938.7669 A
01013500 1998 12 5 16160.0670 A
01013500 1998 12 6 16039.6059 A
01013500 1998 12 7 16024.1184 A
01013500 1998 12 8 16084.8871 A
01013500 1998 12 9 15972.8171 A
01013500 1998 12 10 15984.7542 A
01013500 1998 12 11 16055.6291 A
01013500 1998 12 12 16053.6763 A
01013500 1998 12 13 16060.3504 A
01013500 1998 12 14 16006.7991 A
01013500 1998 12 15 16069.2364 A
01013500 1998 12 16 16042.3530 A
01013500 1998 12 17 16028.2704 A
01013500 1998 12 18 16139.4129 A
01013500 1998 12 19 16038.3731 A
01013500 1998 12 20 16114.8522 A
01013500 1998 12 21 16070.8861 A
01013500 1998 12 22 16046.3919 A
01013500 1998 12 23 16036.2078 A
01013500 1998 12 24 16153.7297 A
01013500 1998 12 25 16095.3205 A
01013500 1998 12 26 16181.6443 A
01013500 1998 12 27 16065.8401 A
01013500 1998 12 28 16072.4120 A
01013500 1998 12 29 16124.6790 A
01013500 1998 12 30 16087.5541 A
01013500 1998 12 31 16125.6888 A
01013500 1999 1 1 16140.1982 A
01013500 1999 1 2 16161.4340 A
01013500 1999 1 3 16078.4725 A
01013500 1999 1 4 16116.1428 A
01013500 1999 1 5 16104.1501 A
01013500 1999 1 6 16247.8250 A
01013500 1999 1 7 16197.4717 A
01013500 1999 1 8 16143.3334 A
01013500 1999 1 9 16212.3977 A
01013500 1999 1 10 16264.0653 A
01013500 1999 1 11 16275.9091 A
01013500 1999 1 12 16197.3749 A
01013500 1999 1 13 16198.7668 A
01013500 1999 1 14 16219.4961 A
01013500 1999 1 15 16172.0861 A
01013500 1999 1 16 16217.2849 A
01013500 1999 1 17 16469.6799 A
01013500 1999 1 18 16232.2962 A
01013500 1999 1 19 16251.2784 A
01013500 1999 1 20 16298.1596 A
01013500 1999 1 21 16276.6578 A
01013500 1999 1 22 16340.1814 A
01013500 1999 1 23 16296.5929 A
01013500 1999 1 24 16267.6782 A
01013500 1999 1 25 16278.0503 A
01013500 1999 1 26 16306.8599 A
01013500 1999 1 27 16247.9104 A
01013500 1999 1 28 16286.5903 A
01013500 1999 1 29 16347.5654 A
01013500 1999 1 30 16291.8526 A
01013500 1999 1 31 16347.8468 A
01013500 1999 2 1 16321.0342 A
01013500 1999 2 2 16351.1216 A
01013500 1999 2 3 16261.0751 A
01013500 1999 2 4 16307.1357 A
01013500 1999 2 5 16378.9004 A
01013500 1999 2 6 16393.6514 A
01013500 1999 2 7 16366.8859 A
01013500 1999 2 8 16407.5996 A
01013500 1999 2 9 16396.7408 A
01013500 1999 2 10 16383.7251 A
01013500 1999 2 11 16431.4271 A
01013500 1999 2 12 16368.4276 A
01013500 1999 2 13 16360.1686 A
01013500 1999 2 14 16535.9164 A
01013500 1999 2 15 16477.1528 A
01013500 1999 2 16 16449.7639 A
01013500 1999 2 17 16499.9347 A
01013500 1999 2 18 16449.7257 A
01013500 1999 2 19 16545.8832 A
01013500 1999 2 20 16639.7611 A
01013500 1999 2 21 16510.2753 A
01013500 1999 2 22 16602.0931 A
01013500 1999 2 23 16500.6191 A
01013500 1999 2 24 16530.2377 A
01013500 1999 2 25 16543.7867 A
01013500 1999 2 26 16567.5891 A
01013500 1999 2 27 16591.0459 A
01013500 1999 2 28 16613.8397 A
01013500 1999 3 1 16699.2963 A
01013500 1999 3 2 16548.3933 A
01013500 1999 3 3 17166.8238 A
01013500 1999 3 4 16889.5456 A
01013500 1999 3 5 16832.2106 A
01013500 1999 3 6 16802.4888 A
01013500 1999 3 7 16894.2422 A
01013500 1999 3 8 16862.3533 A
01013500 1999 3 9 16853.7052 A
01013500 1999 3 10 17021.2900 A
01013500 1999 3 11 16994.4941 A
01013500 1999 3 12 17113.9426 A
01013500 1999 3 13 17077.1856 A
01013500 1999 3 14 16986.5394 A
01013500 1999 3 15 17114.9822 A
01013500 1999 3 16 17212.1146 A
01013500 1999 3 17 17057.4217 A
01013500 1999 3 18 17571.1759 A
01013500 1999 3 19 17281.0267 A
01013500 1999 3 20 17580.2675 A
01013500 1999 3 21 17362.0355 A
01013500 1999 3 22 17421.2186 A
01013500 1999 3 23 17477.3939 A
01013500 1999 3 24 17388.4731 A
01013500 1999 3 25 17543.6784 A
01013500 1999 3 26 17591.8767 A
01013500 1999 3 27 17776.9792 A
01013500 1999 3 28 17463.1535 A
01013500 1999 3 29 17649.6174 A
01013500 1999 3 30 17607.2355 A
01013500 1999 3 31 17590.9557 A
01013500 1999 4 1 17540.3587 A
01013500 1999 4 2 17603.3828 A
01013500 1999 4 3 17663.3804 A
01013500 1999 4 4 17934.1500 A
01013500 1999 4 5 17844.6956 A
01013500 1999 4 6 17660.8304 A
01013500 1999 4 7 17626.7738 A
01013500 1999 4 8 17786.8636 A
01013500 1999 4 9 17765.8693 A
01013500 1999 4 10 17850.1139 A
01013500 1999 4 11 17994.2465 A
01013500 1999 4 12 17775.1450 A
01013500 1999 4 13 17829.1130 A
01013500 1999 4 14 17919.9102 A
01013500 1999 4 15 17860.7735 A
01013500 1999 4 16 17796.2642 A
01013500 1999 4 17 17931.6175 A
01013500 1999 4 18 18139.3074 A
01013500 1999 4 19 17870.8169 A
01013500 1999 4 20 17919.1930 A
01013500 1999 4 21 17975.9098 A
01013500 1999 4 22 17910.0259 A
01013500 1999 4 23 17939.3910 A
01013500 1999 4 24 17916.6567 A
01013500 1999 4 25 18040.7658 A
01013500 1999 4 26 18014.6975 A
01013500 1999 4 27 18003.5150 A
01013500 1999 4 28 18046.5049 A
01013500 1999 4 29 18136.7621 A
01013500 1999 4 30 18010.4679 A
01013500 1999 5 1 18007.4278 A
01013500 1999 5 2 17975.3259 A
01013500 1999 5 3 18255.1361 A
01013500 1999 5 4 18115.4566 A
01013500 1999 5 5 18110.7506 A
01013500 1999 5 6 18090.1284 A
01013500 1999 5 7 18116.1965 A
01013500 1999 5 8 18335.8862 A
01013500 1999 5 9 18088.3444 A
01013500 1999 5 10 18110.5490 A
01013500 1999 5 11 18204.8881 A
01013500 1999 5 12 18160.8035 A
01013500 1999 5 13 18289.1645 A
01013500 1999 5 14 18156.4326 A
01013500 1999 5 15 18185.9302 A
01013500 1999 5 16 18309.0254 A
01013500 1999 5 17 18314.8357 A
01013500 1999 5 18 18279.6849 A
01013500 1999 5 19 18553.5337 A
01013500 1999 5 20 18268.3273 A
01013500 1999 5 21 18345.0048 A
01013500 1999 5 22 18274.7212 A
01013500 1999 5 23 18328.9257 A
01013500 1999 5 24 18305.9587 A
01013500 1999 5 25 18375.1374 A
01013500 1999 5 26 18354.9600 A
01013500 1999 5 27 18820.0137 A
01013500 1999 5 28 18387.0077 A
01013500 1999 5 29 18525.1898 A
01013500 1999 5 30 18455.8448 A
01013500 1999 5 31 18402.6509 A
01013500 1999 6 1 18450.4246 A
01013500 1999 6 2 18453.5812 A
01013500 1999 6 3 18670.6549 A
01013500 1999 6 4 18556.7044 A
01013500 1999 6 5 18657.6872 A
01013500 1999 6 6 18671.9281 A
01013500 1999 6 7 18692.9203 A
01013500 1999 6 8 18659.0062 A
01013500 1999 6 9 18650.2710 A
01013500 1999 6 10 18575.1909 A
01013500 1999 6 11 18648.9007 A
01013500 1999 6 12 18635.3458 A
01013500 1999 6 13 18761.0674 A
01013500 1999 6 14 18654.3617 A
01013500 1999 6 15 18720.1557 A
01013500 1999 6 16 18662.5862 A
01013500 1999 6 17 18667.7320 A
01013500 1999 6 18 18667.8823 A
01013500 1999 6 19 18669.8135 A
01013500 1999 6 20 18693.8161 A
01013500 1999 6 21 18640.4343 A
01013500 1999 6 22 18714.0669 A
01013500 1999 6 23 18668.6718 A
01013500 1999 6 24 18640.0275 A
01013500 1999 6 25 18680.7389 A
01013500 1999 6 26 18666.3405 A
01013500 1999 6 27 18806.3533 A
01013500 1999 6 28 18677.7358 A
01013500 1999 6 29 18837.0437 A
01013500 1999 6 30 18768.8982 A
01013500 1999 7 1 18739.1183 A
01013500 1999 7 2 18712.6054 A
01013500 1999 7 3 18770.9164 A
01013500 1999 7 4 18805.3072 A
01013500 1999 7 5 18768.7886 A
01013500 1999 7 6 18946.5188 A
01013500 1999 7 7 18832.8066 A
01013500 1999 7 8 18810.5902 A
01013500 1999 7 9 18809.6333 A
01013500 1999 7 10 18952.4961 A
01013500 1999 7 11 18971.5428 A
01013500 1999 7 12 18909.2910 A
01013500 1999 7 13 19052.3515 A
01013500 1999 7 14 19034.0167 A
01013500 1999 7 15 19008.1456 A
01013500 1999 7 16 18963.2041 A
01013500 1999 7 17 18977.7333 A
01013500 1999 7 18 18973.7483 A
01013500 1999 7 19 18922.9193 A
01013500 1999 7 20 18918.8254 A
01013500 1999 7 21 19030.8313 A
01013500 1999 7 22 18935.7304 A
01013500 1999 7 23 19021.0977 A
01013500 1999 7 24 19021.7280 A
01013500 1999 7 25 19009.9984 A
01013500 1999 7 26 18987.4324 A
01013500 1999 7 27 19139.4322 A
01013500 1999 7 28 19000.0364 A
01013500 1999 7 29 19001.8215 A
01013500 1999 7 30 19010.1343 A
01013500 1999 7 31 19074.0487 A
01013500 1999 8 1 19037.8742 A
01013500 1999 8 2 19086.9079 A
01013500 1999 8 3 19071.4427 A
01013500 1999 8 4 19032.2539 A
01013500 1999 8 5 19064.4213 A
01013500 1999 8 6 19122.8022 A
01013500 1999 8 7 19249.4843 A
01013500 1999 8 8 19097.6945 A
01013500 1999 8 9 19082.3073 A
01013500 1999 8 10 19194.4933 A
01013500 1999 8 11 19101.3689 A
01013500 1999 8 12 19107.5247 A
01013500 1999 8 13 19137.9539 A
01013500 1999 8 14 19106.5666 A
01013500 1999 8 15 19104.6860 A
01013500 1999 8 16 19134.1725 A
01013500 1999 8 17 19188.7957 A
01013500 1999 8 18 19192.4710 A
01013500 1999 8 19 19144.6571 A
01013500 1999 8 20 19154.9380 A
01013500 1999 8 21 19189.8952 A
01013500 1999 8 22 19147.3401 A
01013500 1999 8 23 19185.1475 A
01013500 1999 8 24 19129.3318 A
01013500 1999 8 25 19314.8926 A
01013500 1999 8 26 19164.7187 A
01013500 1999 8 27 19371.0259 A
01013500 1999 8 28 19259.0344 A
01013500 1999 8 29 19243.0791 A
01013500 1999 8 30 19331.2438 A
01013500 1999 8 31 19226.0146 A
01013500 1999 9 1 19227.5134 A
01013500 1999 9 2 19224.1941 A
01013500 1999 9 3 19230.9251 A
01013500 1999 9 4 19305.7142 A
01013500 1999 9 5 19222.4058 A
01013500 1999 9 6 19315.7292 A
01013500 1999 9 7 19378.4269 A
01013500 1999 9 8 19440.0534 A
01013500 1999 9 9 19318.9129 A
01013500 1999 9 10 19286.4067 A
01013500 1999 9 11 19322.8523 A
01013500 1999 9 12 19340.7404 A
01013500 1999 9 13 19303.4422 A
01013500 1999 9 14 19322.9692 A
01013500 1999 9 15 19350.6312 A
01013500 1999 9 16 19290.8661 A
01013500 1999 9 17 19313.6357 A
01013500 1999 9 18 19349.4248 A
01013500 1999 9 19 19357.8450 A
01013500 1999 9 20 19283.8096 A
01013500 1999 9 21 19337.5332 A
01013500 1999 9 22 19506.3815 A
01013500 1999 9 23 19351.0968 A
01013500 1999 9 24 19350.3768 A
01013500 1999 9 25 19326.4688 A
01013500 1999 9 26 19357.2517 A
01013500 1999 9 27 19442.9810 A
01013500 1999 9 28 19422.8178 A
01013500 1999 9 29 19557.8307 A
01013500 1999 9 30 19426.8625 A
01013500 1999 10 1 19364.8328 A
01013500 1999 10 2 19394.2682 A
01013500 1999 10 3 19383.7425 A
01013500 1999 10 4 19416.3658 A
01013500 1999 10 5 19397.8577 A
01013500 1999 10 6 19359.0453 A
01013500 1999 10 7 19421.3156 A
01013500 1999 10 8 19354.5065 A
01013500 1999 10 9 19353.2019 A
01013500 1999 10 10 19348.1268 A
01013500 1999 10 11 19424.5967 A
01013500 1999 10 12 19559.2728 A
01013500 1999 10 13 19486.2749 A
01013500 1999 10 14 19391.8215 A
01013500 1999 10 15 19402.1305 A
01013500 1999 10 16 19430.8636 A
01013500 1999 10 17 19448.7048 A
01013500 1999 10 18 19393.0313 A
01013500 1999 10 19 19414.1149 A
01013500 1999 10 20 19393.2542 A
01013500 1999 10 21 19393.5364 A
01013500 1999 10 22 19531.8028 A
01013500 1999 10 23 19392.1497 A
01013500 1999 10 24 19665.5738 A
01013500 1999 10 25 19497.4714 A
01013500 1999 10 26 19472.7947 A
01013500 1999 10 27 19434.1078 A
01013500 1999 10 28 19504.5372 A
01013500 1999 10 29 19503.5741 A
01013500 1999 10 30 19554.3108 A
01013500 1999 10 31 19543.4673 A
01013500 1999 11 1 19508.9280 A
01013500 1999 11 2 19516.1869 A
01013500 1999 11 3 19467.4647 A
01013500 1999 11 4 19535.3795 A
01013500 1999 11 5 19418.5234 A
01013500 1999 11 6 19516.4780 A
01013500 1999 11 7 19470.3365 A
01013500 1999 11 8 19505.0330 A
01013500 1999 11 9 19492.2647 A
01013500 1999 11 10 19532.2683 A
01013500 1999 11 11 19509.9150 A
01013500 1999 11 12 19572.3669 A
01013500 1999 11 13 19486.7605 A
01013500 1999 11 14 19468.4089 A
01013500 1999 11 15 19500.1901 A
01013500 1999 11 16 19686.8410 A
01013500 1999 11 17 19650.9966 A
01013500 1999 11 18 19581.4054 A
01013500 1999 11 19 19571.8139 A
01013500 1999 11 20 19563.3114 A
01013500 1999 11 21 19552.3369 A
01013500 1999 11 22 19591.6055 A
01013500 1999 11 23 19673.7178 A
01013500 1999 11 24 19612.0689 A
01013500 1999 11 25 19617.2364 A
01013500 1999 11 26 19607.5860 A
01013500 1999 11 27 19764.1421 A
01013500 1999 11 28 19640.6406 A
01013500 1999 11 29 19725.8377 A
01013500 1999 11 30 19603.7893 A
01013500 1999 12 1 19827.1089 A
01013500 1999 12 2 19773.2252 A
01013500 1999 12 3 19675.5687 A
01013500 1999 12 4 19755.2352 A
01013500 1999 12 5 19696.7840 A
01013500 1999 12 6 19668.4480 A
01013500 1999 12 7 19749.1041 A
01013500 1999 12 8 19725.0451 A
01013500 1999 12 9 19856.3533 A
01013500 1999 12 10 19696.3544 A
01013500 1999 12 11 19750.3986 A
01013500 1999 12 12 19775.2929 A
01013500 1999 12 13 19781.6282 A
01013500 1999 12 14 19764.3308 A
01013500 1999 12 15 19733.7297 A
01013500 1999 12 16 19791.6603 A
01013500 1999 12 17 19775.1722 A
01013500 1999 12 18 19798.8242 A
01013500 1999 12 19 19744.9931 A
01013500 1999 12 20 19808.3721 A
01013500 1999 12 21 19762.9318 A
01013500 1999 12 22 19731.3204 A
01013500 1999 12 23 19842.7058 A
01013500 1999 12 24 19814.1283 A
01013500 1999 12 25 19786.7412 A
01013500 1999 12 26 19771.9529 A
01013500 1999 12 27 19828.6909 A
01013500 1999 12 28 19779.6838 A
01013500 1999 12 29 19855.3842 A
01013500 1999 12 30 19811.4899 A
01013500 1999 12 31 19787.8666 A
01013500 2000 1 1 19787.5715 A
01013500 2000 1 2 19789.4527 A
01013500 2000 1 3 19848.6193 A
01013500 2000 1 4 19786.5801 A
01013500 2000 1 5 19805.1529 A
01013500 2000 1 6 19861.7137 A
01013500 2000 1 7 19953.8321 A
01013500 2000 1 8 19812.1450 A
01013500 2000 1 9 19828.0772 A
01013500 2000 1 10 19859.7071 A
01013500 2000 1 11 19988.6591 A
01013500 2000 1 12 19866.1191 A
01013500 2000 1 13 19872.0695 A
01013500 2000 1 14 19821.7764 A
01013500 2000 1 15 19816.4115 A
01013500 2000 1 16 19841.6824 A
01013500 2000 1 17 19938.5791 A
01013500 2000 1 18 19967.4740 A
01013500 2000 1 19 19920.8664 A
01013500 2000 1 20 19927.7753 A
01013500 2000 1 21 19872.9856 A
01013500 2000 1 22 20012.4492 A
01013500 2000 1 23 19906.7177 A
01013500 2000 1 24 19945.2816 A
01013500 2000 1 25 19984.9432 A
01013500 2000 1 26 20098.5459 A
01013500 2000 1 27 19941.5804 A
01013500 2000 1 28 20088.0345 A
01013500 2000 1 29 19988.1588 A
01013500 2000 1 30 19993.0394 A
01013500 2000 1 31 20033.4835 A
01013500 2000 2 1 20032.3137 A
01013500 2000 2 2 20031.4517 A
01013500 2000 2 3 19999.6011 A
01013500 2000 2 4 20007.0187 A
01013500 2000 2 5 19969.0254 A
01013500 2000 2 6 20047.3361 A
01013500 2000 2 7 20044.6191 A
01013500 2000 2 8 20094.0939 A
01013500 2000 2 9 20170.6816 A
01013500 2000 2 10 20059.1455 A
01013500 2000 2 11 20145.0593 A
01013500 2000 2 12 20059.0350 A
01013500 2000 2 13 20117.9693 A
01013500 2000 2 14 20103.8535 A
01013500 2000 2 15 20101.0876 A
01013500 2000 2 16 20104.2047 A
01013500 2000 2 17 20242.9202 A
01013500 2000 2 18 20259.2233 A
01013500 2000 2 19 20216.3559 A
01013500 2000 2 20 20211.2625 A
01013500 2000 2 21 20317.5737 A
01013500 2000 2 22 20271.1945 A
01013500 2000 2 23 20344.7602 A
01013500 2000 2 24 20299.1308 A
01013500 2000 2 25 20255.7472 A
01013500 2000 2 26 20339.4112 A
01013500 2000 2 27 20341.8963 A
01013500 2000 2 28 20346.0751 A
01013500 2000 2 29 20482.5484 A
01013500 2000 3 1 20424.6052 A
01013500 2000 3 2 20430.5874 A
01013500 2000 3 3 20355.9247 A
01013500 2000 3 4 20542.4572 A
01013500 2000 3 5 20421.6026 A
01013500 2000 3 6 20574.3797 A
01013500 2000 3 7 20541.8516 A
01013500 2000 3 8 20566.6322 A
01013500 2000 3 9 20665.5699 A
01013500 2000 3 10 20762.3445 A
01013500 2000 3 11 20653.2726 A
01013500 2000 3 12 20870.9525 A
01013500 2000 3 13 20716.8604 A
01013500 2000 3 14 20850.4440 A
01013500 2000 3 15 20749.6754 A
01013500 2000 3 16 20759.4386 A
01013500 2000 3 17 20887.3543 A
01013500 2000 3 18 20883.4049 A
01013500 2000 3 19 20895.5124 A
01013500 2000 3 20 20921.8960 A
01013500 2000 3 21 20880.1702 A
01013500 2000 3 22 20971.1542 A
01013500 2000 3 23 21006.8914 A
01013500 2000 3 24 20917.4313 A
01013500 2000 3 25 20900.7618 A
01013500 2000 3 26 20952.3175 A
01013500 2000 3 27 21017.8410 A
01013500 2000 3 28 21013.8304 A
01013500 2000 3 29 20930.0595 A
01013500 2000 3 30 20977.4470 A
01013500 2000 3 31 20989.5784 A
01013500 2000 4 1 20986.5515 A
01013500 2000 4 2 21323.0303 A
01013500 2000 4 3 21066.8755 A
01013500 2000 4 4 21354.6299 A
01013500 2000 4 5 21485.1889 A
01013500 2000 4 6 21301.8200 A
01013500 2000 4 7 21379.3853 A
01013500 2000 4 8 21257.9620 A
01013500 2000 4 9 21311.9988 A
01013500 2000 4 10 21382.4072 A
01013500 2000 4 11 21333.2030 A
01013500 2000 4 12 21274.2775 A
01013500 2000 4 13 21344.4480 A
01013500 2000 4 14 21342.6952 A
01013500 2000 4 15 21430.2605 A
01013500 2000 4 16 21452.8227 A
01013500 2000 4 17 21440.6216 A
01013500 2000 4 18 21352.1872 A
01013500 2000 4 19 21619.0963 A
01013500 2000 4 20 21731.1406 A
01013500 2000 4 21 21434.0528 A
01013500 2000 4 22 21570.5128 A
01013500 2000 4 23 21579.5747 A
01013500 2000 4 24 21498.9926 A
01013500 2000 4 25 21805.3644 A
01013500 2000 4 26 21684.9580 A
01013500 2000 4 27 21799.0109 A
01013500 2000 4 28 21665.6809 A
01013500 2000 4 29 21997.8808 A
01013500 2000 4 30 21677.1192 A
01013500 2000 5 1 21762.2442 A
01013500 2000 5 2 21691.6111 A
01013500 2000 5 3 21745.2237 A
01013500 2000 5 4 21704.0134 A
01013500 2000 5 5 21727.3100 A
01013500 2000 5 6 21847.4123 A
01013500 2000 5 7 21851.0371 A
01013500 2000 5 8 21988.8589 A
01013500 2000 5 9 22027.3751 A
01013500 2000 5 10 22038.0374 A
01013500 2000 5 11 21945.9526 A
01013500 2000 5 12 21923.1337 A
01013500 2000 5 13 21895.9305 A
01013500 2000 5 14 21952.7143 A
01013500 2000 5 15 21992.1939 A
01013500 2000 5 16 21912.2357 A
01013500 2000 5 17 22122.6894 A
01013500 2000 5 18 22113.1980 A
01013500 2000 5 19 21940.5771 A
01013500 2000 5 20 21983.3234 A
01013500 2000 5 21 22010.3916 A
01013500 2000 5 22 22177.9485 A
01013500 2000 5 23 22060.4523 A
01013500 2000 5 24 22071.4788 A
01013500 2000 5 25 22095.2698 A
01013500 2000 5 26 22104.6915 A
01013500 2000 5 27 22070.4651 A
01013500 2000 5 28 22045.6396 A
01013500 2000 5 29 22125.5581 A
01013500 2000 5 30 22070.1788 A
01013500 2000 5 31 22132.3026 A
01013500 2000 6 1 22101.5339 A
01013500 2000 6 2 22243.0367 A
01013500 2000 6 3 22333.2024 A
01013500 2000 6 4 22193.7229 A
01013500 2000 6 5 22310.9646 A
01013500 2000 6 6 22223.0231 A
01013500 2000 6 7 22652.4683 A
01013500 2000 6 8 22280.3435 A
01013500 2000 6 9 22461.1239 A
01013500 2000 6 10 22303.8826 A
01013500 2000 6 11 22304.1705 A
01013500 2000 6 12 22513.4819 A
01013500 2000 6 13 22310.8403 A
01013500 2000 6 14 22333.4122 A
01013500 2000 6 15 22467.8634 A
01013500 2000 6 16 22356.9806 A
01013500 2000 6 17 22809.5671 A
01013500 2000 6 18 22502.3333 A
01013500 2000 6 19 22466.0148 A
01013500 2000 6 20 22659.7948 A
01013500 2000 6 21 22534.5755 A
01013500 2000 6 22 22500.5645 A
01013500 2000 6 23 22605.4414 A
01013500 2000 6 24 22638.8136 A
01013500 2000 6 25 22606.6004 A
01013500 2000 6 26 22633.6583 A
01013500 2000 6 27 22595.0274 A
01013500 2000 6 28 22730.4887 A
01013500 2000 6 29 22882.2720 A
01013500 2000 6 30 22667.7206 A
01013500 2000 7 1 22803.4809 A
01013500 2000 7 2 22804.5496 A
01013500 2000 7 3 22698.8721 A
01013500 2000 7 4 22733.6759 A
01013500 2000 7 5 22705.6038 A
01013500 2000 7 6 22893.1118 A
01013500 2000 7 7 22846.3112 A
01013500 2000 7 8 22784.9073 A
01013500 2000 7 9 22786.8253 A
01013500 2000 7 10 22750.2838 A
01013500 2000 7 11 22740.5201 A
01013500 2000 7 12 22951.4712 A
01013500 2000 7 13 22931.2235 A
01013500 2000 7 14 22832.9053 A
01013500 2000 7 15 22798.2912 A
01013500 2000 7 16 22812.3779 A
01013500 2000 7 17 22815.4924 A
01013500 2000 7 18 23060.3437 A
01013500 2000 7 19 22978.6180 A
01013500 2000 7 20 22903.9234 A
01013500 2000 7 21 22977.6957 A
01013500 2000 7 22 22888.7134 A
01013500 2000 7 23 22971.4792 A
01013500 2000 7 24 22904.7655 A
01013500 2000 7 25 22915.1948 A
01013500 2000 7 26 22920.1633 A
01013500 2000 7 27 22906.0632 A
01013500 2000 7 28 23008.7182 A
01013500 2000 7 29 23022.7858 A
01013500 2000 7 30 23021.0669 A
01013500 2000 7 31 23006.2864 A
01013500 2000 8 1 22980.1800 A
01013500 2000 8 2 22986.7794 A
01013500 2000 8 3 23154.8140 A
01013500 2000 8 4 22992.8372 A
01013500 2000 8 5 23021.9840 A
01013500 2000 8 6 22999.1455 A
01013500 2000 8 7 23008.4358 A
01013500 2000 8 8 22976.5141 A
01013500 2000 8 9 22991.6371 A
01013500 2000 8 10 23074.9930 A
01013500 2000 8 11 22982.9878 A
01013500 2000 8 12 23013.4397 A
01013500 2000 8 13 22990.0258 A
01013500 2000 8 14 23007.4892 A
01013500 2000 8 15 22954.2639 A
01013500 2000 8 16 23033.9741 A
01013500 2000 8 17 23131.0463 A
01013500 2000 8 18 23001.5303 A
01013500 2000 8 19 23310.2224 A
01013500 2000 8 20 23061.9459 A
01013500 2000 8 21 23047.7762 A
01013500 2000 8 22 23137.3082 A
01013500 2000 8 23 23126.2652 A
01013500 2000 8 24 23100.6278 A
01013500 2000 8 25 23071.2709 A
01013500 2000 8 26 23094.9362 A
01013500 2000 8 27 23200.9121 A
01013500 2000 8 28 23191.7549 A
01013500 2000 8 29 23098.8028 A
01013500 2000 8 30 23234.8054 A
01013500 2000 8 31 23311.3801 A
01013500 2000 9 1 23230.6994 A
01013500 2000 9 2 23181.3262 A
01013500 2000 9 3 23195.3380 A
01013500 2000 9 4 23158.9219 A
01013500 2000 9 5 23191.7710 A
01013500 2000 9 6 23146.4184 A
01013500 2000 9 7 23231.4749 A
01013500 2000 9 8 23310.2621 A
01013500 2000 9 9 23251.1396 A
01013500 2000 9 10 23305.4111 A
01013500 2000 9 11 23281.4422 A
01013500 2000 9 12 23260.6304 A
01013500 2000 9 13 23286.4735 A
01013500 2000 9 14 23316.1016 A
01013500 2000 9 15 23265.0695 A
01013500 2000 9 16 23447.2833 A
01013500 2000 9 17 23316.5468 A
01013500 2000 9 18 23291.6347 A
01013500 2000 9 19 23339.3087 A
01013500 2000 9 20 23288.0131 A
01013500 2000 9 21 23297.7159 A
01013500 2000 9 22 23295.4559 A
01013500 2000 9 23 23290.4993 A
01013500 2000 9 24 23303.3578 A
01013500 2000 9 25 23323.1610 A
01013500 2000 9 26 23276.5038 A
01013500 2000 9 27 23348.2525 A
01013500 2000 9 28 23266.1418 A
01013500 2000 9 29 23271.6435 A
01013500 2000 9 30 23295.8138 A
01013500 2000 10 1 23322.2974 A
01013500 2000 10 2 23328.7485 A
01013500 2000 10 3 23269.8459 A
01013500 2000 10 4 23303.8447 A
01013500 2000 10 5 23314.1324 A
01013500 2000 10 6 23276.8905 A
01013500 2000 10 7 23322.5484 A
01013500 2000 10 8 23268.7917 A
01013500 2000 10 9 23272.6117 A
01013500 2000 10 10 23285.4464 A
01013500 2000 10 11 23342.0234 A
01013500 2000 10 12 23345.2373 A
01013500 2000 10 13 23350.0272 A
01013500 2000 10 14 23307.6833 A
01013500 2000 10 15 23276.5695 A
01013500 2000 10 16 23331.1148 A
01013500 2000 10 17 23336.4741 A
01013500 2000 10 18 23328.3910 A
01013500 2000 10 19 23332.2489 A
01013500 2000 10 20 23306.5072 A
01013500 2000 10 21 23327.9086 A
01013500 2000 10 22 23318.7131 A
01013500 2000 10 23 23292.2278 A
01013500 2000 10 24 23263.9616 A
01013500 2000 10 25 23393.5702 A
01013500 2000 10 26 23363.2776 A
01013500 2000 10 27 23317.7144 A
01013500 2000 10 28 23361.0317 A
01013500 2000 10 29 23342.9054 A
01013500 2000 10 30 23302.8664 A
01013500 2000 10 31 23316.3795 A
01013500 2000 11 1 23299.4475 A
01013500 2000 11 2 23471.3776 A
01013500 2000 11 3 23374.6304 A
01013500 2000 11 4 23368.5298 A
01013500 2000 11 5 23326.8966 A
01013500 2000 11 6 23330.4243 A
01013500 2000 11 7 23306.5839 A
01013500 2000 11 8 23374.3358 A
01013500 2000 11 9 23312.8335 A
01013500 2000 11 10 23352.0321 A
01013500 2000 11 11 23400.6342 A
01013500 2000 11 12 23359.7549 A
01013500 2000 11 13 23367.3047 A
01013500 2000 11 14 23378.1579 A
01013500 2000 11 15 23423.6871 A
01013500 2000 11 16 23456.3041 A
01013500 2000 11 17 23428.5175 A
01013500 2000 11 18 23407.4352 A
01013500 2000 11 19 23450.4824 A
01013500 2000 11 20 23588.1001 A
01013500 2000 11 21 23532.0119 A
01013500 2000 11 22 23846.2245 A
01013500 2000 11 23 23537.7528 A
01013500 2000 11 24 23520.2795 A
01013500 2000 11 25 23497.4762 A
01013500 2000 11 26 23481.6405 A
01013500 2000 11 27 23660.5319 A
01013500 2000 11 28 23573.4107 A
01013500 2000 11 29 23531.6254 A
01013500 2000 11 30 23603.1012 A
01013500 2000 12 1 23553.0387 A
01013500 2000 12 2 23532.5828 A
01013500 2000 12 3 23631.6062 A
01013500 2000 12 4 23675.2928 A
01013500 2000 12 5 23627.1369 A
01013500 2000 12 6 23605.3161 A
01013500 2000 12 7 23592.8588 A
01013500 2000 12 8 23592.3411 A
01013500 2000 12 9 23676.4258 A
01013500 2000 12 10 23635.6335 A
01013500 2000 12 11 23607.4438 A
01013500 2000 12 12 23582.8500 A
01013500 2000 12 13 23620.6612 A
01013500 2000 12 14 23607.5314 A
01013500 2000 12 15 23684.7826 A
01013500 2000 12 16 23689.6709 A
01013500 2000 12 17 23639.9963 A
01013500 2000 12 18 23718.7839 A
01013500 2000 12 19 23759.4990 A
01013500 2000 12 20 23631.1533 A
01013500 2000 12 21 23644.9851 A
01013500 2000 12 22 23686.8399 A
01013500 2000 12 23 23682.0644 A
01013500 2000 12 24 23647.1298 A
01013500 2000 12 25 23687.9489 A
01013500 2000 12 26 23659.3955 A
01013500 2000 12 27 23656.5248 A
01013500 2000 12 28 23705.2494 A
01013500 2000 12 29 23644.2074 A
01013500 2000 12 30 23786.2199 A
01013500 2000 12 31 23659.3199 A
01013500 2001 1 1 23770.4262 A
01013500 2001 1 2 23672.6969 A
01013500 2001 1 3 23766.5547 A
01013500 2001 1 4 23746.3449 A
01013500 2001 1 5 24022.4835 A
01013500 2001 1 6 23752.1745 A
01013500 2001 1 7 23886.6134 A
01013500 2001 1 8 23877.5733 A
01013500 2001 1 9 23831.1495 A
01013500 2001 1 10 24071.7274 A
01013500 2001 1 11 23893.2278 A
01013500 2001 1 12 23876.7994 A
01013500 2001 1 13 23931.1849 A
01013500 2001 1 14 23864.8029 A
01013500 2001 1 15 23900.5288 A
01013500 2001 1 16 23924.3325 A
01013500 2001 1 17 24082.7504 A
01013500 2001 1 18 23890.7658 A
01013500 2001 1 19 23914.6772 A
01013500 2001 1 20 23915.9957 A
01013500 2001 1 21 24010.6552 A
01013500 2001 1 22 23986.7855 A
01013500 2001 1 23 23961.9073 A
01013500 2001 1 24 24194.5934 A
01013500 2001 1 25 23959.6712 A
01013500 2001 1 26 24108.0167 A
01013500 2001 1 27 24059.7378 A
01013500 2001 1 28 24029.5094 A
01013500 2001 1 29 24060.8340 A
01013500 2001 1 30 24073.2831 A
01013500 2001 1 31 24191.0024 A
01013500 2001 2 1 24201.1937 A
01013500 2001 2 2 24073.7642 A
01013500 2001 2 3 24095.7958 A
01013500 2001 2 4 24140.0395 A
01013500 2001 2 5 24408.9003 A
01013500 2001 2 6 24189.7600 A
01013500 2001 2 7 24134.2479 A
01013500 2001 2 8 24262.4450 A
01013500 2001 2 9 24178.3184 A
01013500 2001 2 10 24174.7532 A
01013500 2001 2 11 24137.9263 A
01013500 2001 2 12 24368.7144 A
01013500 2001 2 13 24189.8730 A
01013500 2001 2 14 24251.2424 A
01013500 2001 2 15 24194.9427 A
01013500 2001 2 16 24186.5474 A
01013500 2001 2 17 24314.8992 A
01013500 2001 2 18 24308.4335 A
01013500 2001 2 19 24278.6054 A
01013500 2001 2 20 24324.0490 A
01013500 2001 2 21 24385.0876 A
01013500 2001 2 22 24323.5892 A
01013500 2001 2 23 24672.1309 A
01013500 2001 2 24 24652.1724 A
01013500 2001 2 25 24469.4958 A
01013500 2001 2 26 24433.2970 A
01013500 2001 2 27 24490.0690 A
01013500 2001 2 28 24506.3556 A
01013500 2001 3 1 24554.8850 A
01013500 2001 3 2 24533.7100 A
01013500 2001 3 3 24569.8028 A
01013500 2001 3 4 24588.7445 A
01013500 2001 3 5 24631.2511 A
01013500 2001 3 6 24574.1640 A
01013500 2001 3 7 24802.6631 A
01013500 2001 3 8 24587.3333 A
01013500 2001 3 9 24799.8503 A
01013500 2001 3 10 25284.7259 A
01013500 2001 3 11 24817.2364 A
01013500 2001 3 12 24882.2018 A
01013500 2001 3 13 24805.7437 A
01013500 2001 3 14 25091.5944 A
01013500 2001 3 15 24994.8481 A
01013500 2001 3 16 25007.2619 A
01013500 2001 3 17 25227.2119 A
01013500 2001 3 18 25005.1421 A
01013500 2001 3 19 25154.0323 A
01013500 2001 3 20 25161.2607 A
01013500 2001 3 21 25198.0659 A
01013500 2001 3 22 25233.5127 A
01013500 2001 3 23 25253.5996 A
01013500 2001 3 24 25349.8879 A
01013500 2001 3 25 25370.3910 A
01013500 2001 3 26 25394.8990 A
01013500 2001 3 27 25670.8780 A
01013500 2001 3 28 25536.6176 A
01013500 2001 3 29 25590.3154 A
01013500 2001 3 30 25545.1931 A
01013500 2001 3 31 25615.6813 A
01013500 2001 4 1 25587.8303 A
01013500 2001 4 2 25784.0555 A
01013500 2001 4 3 26210.6790 A
01013500 2001 4 4 26024.3054 A
01013500 2001 4 5 25943.8200 A
01013500 2001 4 6 25827.9536 A
01013500 2001 4 7 25770.4817 A
01013500 2001 4 8 25772.2492 A
01013500 2001 4 9 25796.4575 A
01013500 2001 4 10 25852.8371 A
01013500 2001 4 11 25835.3524 A
01013500 2001 4 12 25830.8744 A
01013500 2001 4 13 25830.8384 A
01013500 2001 4 14 25803.7704 A
01013500 2001 4 15 25839.3987 A
01013500 2001 4 16 25892.9644 A
01013500 2001 4 17 25900.8607 A
01013500 2001 4 18 25901.3982 A
01013500 2001 4 19 25976.7620 A
01013500 2001 4 20 25855.6949 A
01013500 2001 4 21 25860.4717 A
01013500 2001 4 22 26164.9936 A
01013500 2001 4 23 26247.2142 A
01013500 2001 4 24 25954.3450 A
01013500 2001 4 25 26031.7959 A
01013500 2001 4 26 26063.3890 A
01013500 2001 4 27 26130.3298 A
01013500 2001 4 28 26083.8261 A
01013500 2001 4 29 26152.0805 A
01013500 2001 4 30 26140.6631 A
01013500 2001 5 1 26164.5441 A
01013500 2001 5 2 26585.6164 A
01013500 2001 5 3 26237.3388 A
01013500 2001 5 4 26188.5668 A
01013500 2001 5 5 26170.9407 A
01013500 2001 5 6 26324.9856 A
01013500 2001 5 7 26223.1106 A
01013500 2001 5 8 26330.7199 A
01013500 2001 5 9 26348.4393 A
01013500 2001 5 10 26461.5885 A
01013500 2001 5 11 26297.2812 A
01013500 2001 5 12 26358.2124 A
01013500 2001 5 13 26469.1181 A
01013500 2001 5 14 26390.0616 A
01013500 2001 5 15 26641.7123 A
01013500 2001 5 16 26475.8198 A
01013500 2001 5 17 26411.1319 A
01013500 2001 5 18 26395.9360 A
01013500 2001 5 19 26373.6940 A
01013500 2001 5 20 26503.0700 A
01013500 2001 5 21 26462.0863 A
01013500 2001 5 22 26564.8529 A
01013500 2001 5 23 26453.2102 A
01013500 2001 5 24 26578.6136 A
01013500 2001 5 25 26560.6128 A
01013500 2001 5 26 26545.7374 A
01013500 2001 5 27 26574.8508 A
01013500 2001 5 28 26495.1467 A
01013500 2001 5 29 26602.6400 A
01013500 2001 5 30 26717.4796 A
01013500 2001 5 31 26603.6661 A
01013500 2001 6 1 26752.4087 A
01013500 2001 6 2 26766.5307 A
01013500 2001 6 3 26695.9497 A
01013500 2001 6 4 26766.7970 A
01013500 2001 6 5 26667.1262 A
01013500 2001 6 6 26765.2185 A
01013500 2001 6 7 26853.5162 A
01013500 2001 6 8 26728.5342 A
01013500 2001 6 9 26680.7092 A
01013500 2001 6 10 26767.6397 A
01013500 2001 6 11 26858.1892 A
01013500 2001 6 12 26728.6457 A
01013500 2001 6 13 26956.8819 A
01013500 2001 6 14 26742.1220 A
01013500 2001 6 15 26754.7876 A
01013500 2001 6 16 26777.2669 A
01013500 2001 6 17 26913.5377 A
01013500 2001 6 18 26828.0929 A
01013500 2001 6 19 26775.8188 A
01013500 2001 6 20 26901.6871 A
01013500 2001 6 21 26800.1149 A
01013500 2001 6 22 27077.4812 A
01013500 2001 6 23 26873.1823 A
01013500 2001 6 24 26978.4224 A
01013500 2001 6 25 26885.6633 A
01013500 2001 6 26 26879.9237 A
01013500 2001 6 27 26990.8645 A
01013500 2001 6 28 27228.6584 A
01013500 2001 6 29 27005.0481 A
01013500 2001 6 30 27138.5929 A
01013500 2001 7 1 26995.6004 A
01013500 2001 7 2 27066.9360 A
01013500 2001 7 3 27032.1360 A
01013500 2001 7 4 27116.9730 A
01013500 2001 7 5 27083.4761 A
01013500 2001 7 6 27269.1916 A
01013500 2001 7 7 27349.4201 A
01013500 2001 7 8 27188.3073 A
01013500 2001 7 9 27228.9712 A
01013500 2001 7 10 27141.1789 A
01013500 2001 7 11 27242.8370 A
01013500 2001 7 12 27134.7869 A
01013500 2001 7 13 27566.4527 A
01013500 2001 7 14 27201.8304 A
01013500 2001 7 15 27241.2607 A
01013500 2001 7 16 27251.5768 A
01013500 2001 7 17 27195.6136 A
01013500 2001 7 18 27235.2338 A
01013500 2001 7 19 27238.9645 A
01013500 2001 7 20 27334.6980 A
01013500 2001 7 21 27239.9620 A
01013500 2001 7 22 27239.6373 A
01013500 2001 7 23 27251.5545 A
01013500 2001 7 24 27240.0388 A
01013500 2001 7 25 27504.6820 A
01013500 2001 7 26 27271.5772 A
01013500 2001 7 27 27369.8507 A
01013500 2001 7 28 27321.1166 A
01013500 2001 7 29 27362.7465 A
01013500 2001 7 30 27385.0257 A
01013500 2001 7 31 27412.5376 A
01013500 2001 8 1 27503.1620 A
01013500 2001 8 2 27425.7618 A
01013500 2001 8 3 27382.1212 A
01013500 2001 8 4 27558.1545 A
01013500 2001 8 5 27467.1057 A
01013500 2001 8 6 27399.8221 A
01013500 2001 8 7 27537.3958 A
01013500 2001 8 8 27576.1108 A
01013500 2001 8 9 27421.6017 A
01013500 2001 8 10 27446.7041 A
01013500 2001 8 11 27681.9166 A
01013500 2001 8 12 27452.6459 A
01013500 2001 8 13 27494.0479 A
01013500 2001 8 14 27499.6250 A
01013500 2001 8 15 27527.6806 A
01013500 2001 8 16 27551.6094 A
01013500 2001 8 17 27581.8608 A
01013500 2001 8 18 27737.0579 A
01013500 2001 8 19 27631.6467 A
01013500 2001 8 20 27586.6475 A
01013500 2001 8 21 27629.9175 A
01013500 2001 8 22 27654.4488 A
01013500 2001 8 23 27615.7074 A
01013500 2001 8 24 27604.0145 A
01013500 2001 8 25 27689.0083 A
01013500 2001 8 26 27609.9272 A
01013500 2001 8 27 27617.5869 A
01013500 2001 8 28 27619.5742 A
01013500 2001 8 29 27694.2722 A
01013500 2001 8 30 27617.2168 A
01013500 2001 8 31 27644.0294 A
01013500 2001 9 1 27616.7977 A
01013500 2001 9 2 27603.2256 A
01013500 2001 9 3 27642.6645 A
01013500 2001 9 4 27693.6682 A
01013500 2001 9 5 27645.8472 A
01013500 2001 9 6 27684.1968 A
01013500 2001 9 7 27676.6541 A
01013500 2001 9 8 27666.3625 A
01013500 2001 9 9 27658.2048 A
01013500 2001 9 10 27754.8335 A
01013500 2001 9 11 27654.3130 A
01013500 2001 9 12 27711.8515 A
01013500 2001 9 13 27632.3035 A
01013500 2001 9 14 27735.1013 A
01013500 2001 9 15 27663.9977 A
01013500 2001 9 16 27658.9187 A
01013500 2001 9 17 27692.2230 A
01013500 2001 9 18 27675.5509 A
01013500 2001 9 19 27654.3497 A
01013500 2001 9 20 27753.9414 A
01013500 2001 9 21 27694.3379 A
01013500 2001 9 22 27696.5166 A
01013500 2001 9 23 27711.9538 A
01013500 2001 9 24 27737.6217 A
01013500 2001 9 25 27675.0043 A
01013500 2001 9 26 27641.8749 A
01013500 2001 9 27 27689.6886 A
01013500 2001 9 28 27681.1569 A
01013500 2001 9 29 27747.9216 A
01013500 2001 9 30 27667.8423 A
01013500 2001 10 1 27667.0497 A
01013500 2001 10 2 27700.1781 A
01013500 2001 10 3 27688.1688 A
01013500 2001 10 4 27814.6583 A
01013500 2001 10 5 27724.8407 A
01013500 2001 10 6 27830.0437 A
01013500 2001 10 7 27747.8034 A
01013500 2001 10 8 27772.8618 A
01013500 2001 10 9 27799.2479 A
01013500 2001 10 10 27861.9485 A
01013500 2001 10 11 27753.4691 A
01013500 2001 10 12 27764.4021 A
01013500 2001 10 13 27726.8509 A
01013500 2001 10 14 27827.9402 A
01013500 2001 10 15 27761.1607 A
01013500 2001 10 16 27889.3596 A
01013500 2001 10 17 27772.7852 A
01013500 2001 10 18 27783.8213 A
01013500 2001 10 19 27842.0445 A
01013500 2001 10 20 27826.3560 A
01013500 2001 10 21 27806.8740 A
01013500 2001 10 22 27884.1594 A
01013500 2001 10 23 27780.6796 A
01013500 2001 10 24 27823.4067 A
01013500 2001 10 25 27788.1008 A
01013500 2001 10 26 27873.3874 A
01013500 2001 10 27 27850.4664 A
01013500 2001 10 28 27787.9515 A
01013500 2001 10 29 27810.3524 A
01013500 2001 10 30 27807.2404 A
01013500 2001 10 31 27778.9860 A
01013500 2001 11 1 27785.9091 A
01013500 2001 11 2 27776.2993 A
01013500 2001 11 3 27850.7198 A
01013500 2001 11 4 27804.6692 A
01013500 2001 11 5 27772.4147 A
01013500 2001 11 6 27817.3935 A
01013500 2001 11 7 27838.8166 A
01013500 2001 11 8 27832.9145 A
01013500 2001 11 9 27845.9016 A
01013500 2001 11 10 27849.3040 A
01013500 2001 11 11 27907.1053 A
01013500 2001 11 12 27827.6630 A
01013500 2001 11 13 27833.1896 A
01013500 2001 11 14 27794.6822 A
01013500 2001 11 15 27812.3977 A
01013500 2001 11 16 27825.0417 A
01013500 2001 11 17 27846.2397 A
01013500 2001 11 18 27931.5745 A
01013500 2001 11 19 27837.8451 A
01013500 2001 11 20 27886.0948 A
01013500 2001 11 21 27847.9775 A
01013500 2001 11 22 27829.1026 A
01013500 2001 11 23 27829.3431 A
01013500 2001 11 24 27934.8301 A
01013500 2001 11 25 27996.9828 A
01013500 2001 11 26 27927.8903 A
01013500 2001 11 27 27899.8764 A
01013500 2001 11 28 27840.7588 A
01013500 2001 11 29 27949.8121 A
01013500 2001 11 30 27991.1324 A
01013500 2001 12 1 27896.6636 A
01013500 2001 12 2 27899.3962 A
01013500 2001 12 3 27924.1021 A
01013500 2001 12 4 27874.7585 A
01013500 2001 12 5 27920.5905 A
01013500 2001 12 6 27940.4834 A
01013500 2001 12 7 27911.7245 A
01013500 2001 12 8 27907.6317 A
01013500 2001 12 9 27975.2958 A
01013500 2001 12 10 28017.0178 A
01013500 2001 12 11 27918.4390 A
01013500 2001 12 12 27926.5771 A
01013500 2001 12 13 27893.1562 A
01013500 2001 12 14 27879.7325 A
01013500 2001 12 15 28133.3635 A
01013500 2001 12 16 28043.5991 A
01013500 2001 12 17 27941.8253 A
01013500 2001 12 18 27983.6114 A
01013500 2001 12 19 27988.1413 A
01013500 2001 12 20 28187.8624 A
01013500 2001 12 21 28193.3461 A
01013500 2001 12 22 28044.0156 A
01013500 2001 12 23 28145.7607 A
01013500 2001 12 24 28144.4595 A
01013500 2001 12 25 28051.9429 A
01013500 2001 12 26 28061.4745 A
01013500 2001 12 27 28098.6877 A
01013500 2001 12 28 28045.4417 A
01013500 2001 12 29 28116.2710 A
01013500 2001 12 30 28077.6611 A
01013500 2001 12 31 28047.2530 A
01013500 2002 1 1 28071.5534 A
01013500 2002 1 2 28104.1310 A
01013500 2002 1 3 28054.7768 A
01013500 2002 1 4 28228.6103 A
01013500 2002 1 5 28149.9751 A
01013500 2002 1 6 28113.5167 A
01013500 2002 1 7 28112.3255 A
01013500 2002 1 8 28110.0409 A
01013500 2002 1 9 28223.4192 A
01013500 2002 1 10 28236.2460 A
01013500 2002 1 11 28146.3172 A
01013500 2002 1 12 28127.7776 A
01013500 2002 1 13 28189.1151 A
01013500 2002 1 14 28221.3283 A
01013500 2002 1 15 28232.1514 A
01013500 2002 1 16 28151.7932 A
01013500 2002 1 17 28148.8802 A
01013500 2002 1 18 28164.5563 A
01013500 2002 1 19 28207.5427 A
01013500 2002 1 20 28297.5036 A
01013500 2002 1 21 28250.7462 A
01013500 2002 1 22 28182.4695 A
01013500 2002 1 23 28291.8419 A
01013500 2002 1 24 28207.7959 A
01013500 2002 1 25 28207.7785 A
01013500 2002 1 26 28215.6486 A
01013500 2002 1 27 28224.2323 A
01013500 2002 1 28 28280.6204 A
01013500 2002 1 29 28224.9149 A
01013500 2002 1 30 28235.7316 A
01013500 2002 1 31 28299.7852 A
01013500 2002 2 1 28312.3401 A
01013500 2002 2 2 28261.1668 A
01013500 2002 2 3 28222.4976 A
01013500 2002 2 4 28351.3188 A
01013500 2002 2 5 28454.0208 A
01013500 2002 2 6 28357.4047 A
01013500 2002 2 7 28373.6546 A
01013500 2002 2 8 28383.3098 A
01013500 2002 2 9 28301.1833 A
01013500 2002 2 10 28375.0177 A
01013500 2002 2 11 28357.6751 A
01013500 2002 2 12 28443.0913 A
01013500 2002 2 13 28338.6689 A
01013500 2002 2 14 28409.7093 A
01013500 2002 2 15 28426.5522 A
01013500 2002 2 16 28332.3305 A
01013500 2002 2 17 28466.1547 A
01013500 2002 2 18 28421.7548 A
01013500 2002 2 19 28609.2925 A
01013500 2002 2 20 28558.0269 A
01013500 2002 2 21 28450.3685 A
01013500 2002 2 22 28499.8870 A
01013500 2002 2 23 28514.4357 A
01013500 2002 2 24 28681.7559 A
01013500 2002 2 25 28528.7735 A
01013500 2002 2 26 28620.0555 A
01013500 2002 2 27 28509.9792 A
01013500 2002 2 28 28574.6419 A
01013500 2002 3 1 28597.9582 A
01013500 2002 3 2 28944.3845 A
01013500 2002 3 3 28816.2085 A
01013500 2002 3 4 28690.9732 A
01013500 2002 3 5 28737.6766 A
01013500 2002 3 6 28826.8895 A
01013500 2002 3 7 28833.6207 A
01013500 2002 3 8 28800.1560 A
01013500 2002 3 9 28888.3026 A
01013500 2002 3 10 28799.1593 A
01013500 2002 3 11 28922.3476 A
01013500 2002 3 12 29012.8332 A
01013500 2002 3 13 28978.5288 A
01013500 2002 3 14 28928.8806 A
01013500 2002 3 15 28994.3197 A
01013500 2002 3 16 29014.7926 A
01013500 2002 3 17 29031.6052 A
01013500 2002 3 18 29144.5482 A
01013500 2002 3 19 29138.6652 A
01013500 2002 3 20 29076.7394 A
01013500 2002 3 21 29361.7671 A
01013500 2002 3 22 29260.0293 A
01013500 2002 3 23 29338.4130 A
01013500 2002 3 24 29409.4929 A
01013500 2002 3 25 29438.0273 A
01013500 2002 3 26 29715.8088 A
01013500 2002 3 27 29491.7210 A
01013500 2002 3 28 29441.6090 A
01013500 2002 3 29 29472.0043 A
01013500 2002 3 30 29429.1843 A
01013500 2002 3 31 29521.4895 A
01013500 2002 4 1 29487.5379 A
01013500 2002 4 2 29448.9209 A
01013500 2002 4 3 29463.5967 A
01013500 2002 4 4 29437.8814 A
01013500 2002 4 5 29636.7615 A
01013500 2002 4 6 29709.9127 A
01013500 2002 4 7 29697.8197 A
01013500 2002 4 8 29537.9521 A
01013500 2002 4 9 29555.7520 A
01013500 2002 4 10 29660.4614 A
01013500 2002 4 11 29680.0621 A
01013500 2002 4 12 29616.9806 A
01013500 2002 4 13 29892.6141 A
01013500 2002 4 14 29860.3222 A
01013500 2002 4 15 29768.3141 A
01013500 2002 4 16 29705.5128 A
01013500 2002 4 17 29821.0358 A
01013500 2002 4 18 29702.2286 A
01013500 2002 4 19 29845.0851 A
01013500 2002 4 20 29989.9483 A
01013500 2002 4 21 30030.2638 A
01013500 2002 4 22 30157.0733 A
01013500 2002 4 23 29872.3328 A
01013500 2002 4 24 29896.0293 A
01013500 2002 4 25 29965.4187 A
01013500 2002 4 26 30132.6105 A
01013500 2002 4 27 29912.6195 A
01013500 2002 4 28 29967.3960 A
01013500 2002 4 29 30038.7381 A
01013500 2002 4 30 30186.1295 A
01013500 2002 5 1 30213.6566 A
01013500 2002 5 2 30322.5943 A
01013500 2002 5 3 30104.1462 A
01013500 2002 5 4 30194.4876 A
01013500 2002 5 5 30640.7531 A
01013500 2002 5 6 30225.4633 A
01013500 2002 5 7 30337.3682 A
01013500 2002 5 8 30280.5125 A
01013500 2002 5 9 30363.1339 A
01013500 2002 5 10 30452.0432 A
01013500 2002 5 11 30305.7113 A
01013500 2002 5 12 30336.4878 A
01013500 2002 5 13 30492.1929 A
01013500 2002 5 14 30510.9151 A
01013500 2002 5 15 30504.9299 A
01013500 2002 5 16 30668.8997 A
01013500 2002 5 17 30429.5469 A
01013500 2002 5 18 30477.5037 A
01013500 2002 5 19 30475.2257 A
01013500 2002 5 20 30432.7061 A
01013500 2002 5 21 30554.1932 A
01013500 2002 5 22 31006.6208 A
01013500 2002 5 23 30575.6630 A
01013500 2002 5 24 30693.6145 A
01013500 2002 5 25 30578.5414 A
01013500 2002 5 26 30571.3009 A
01013500 2002 5 27 30539.2299 A
01013500 2002 5 28 30606.7857 A
01013500 2002 5 29 30797.1638 A
01013500 2002 5 30 30602.4927 A
01013500 2002 5 31 30591.8293 A
01013500 2002 6 1 30650.1270 A
01013500 2002 6 2 30650.7485 A
01013500 2002 6 3 30816.4646 A
01013500 2002 6 4 30886.4136 A
01013500 2002 6 5 30772.2377 A
01013500 2002 6 6 30821.0720 A
01013500 2002 6 7 30874.8035 A
01013500 2002 6 8 30756.1521 A
01013500 2002 6 9 30760.5873 A
01013500 2002 6 10 30733.6650 A
01013500 2002 6 11 30771.4252 A
01013500 2002 6 12 30846.4988 A
01013500 2002 6 13 30739.4253 A
01013500 2002 6 14 30889.6345 A
01013500 2002 6 15 30797.2707 A
01013500 2002 6 16 30873.6687 A
01013500 2002 6 17 30934.7733 A
01013500 2002 6 18 30879.0651 A
01013500 2002 6 19 31273.0051 A
01013500 2002 6 20 31006.2913 A
01013500 2002 6 21 31287.0378 A
01013500 2002 6 22 31054.6563 A
01013500 2002 6 23 31070.7614 A
01013500 2002 6 24 31056.7886 A
01013500 2002 6 25 31060.5238 A
01013500 2002 6 26 31050.5599 A
01013500 2002 6 27 31025.5803 A
01013500 2002 6 28 31010.0232 A
01013500 2002 6 29 31027.2223 A
01013500 2002 6 30 31021.6338 A
01013500 2002 7 1 31059.3964 A
01013500 2002 7 2 31066.3545 A
01013500 2002 7 3 31060.3299 A
01013500 2002 7 4 31124.9682 A
01013500 2002 7 5 31340.7322 A
01013500 2002 7 6 31293.5443 A
01013500 2002 7 7 31164.4179 A
01013500 2002 7 8 31215.3764 A
01013500 2002 7 9 31171.7890 A
01013500 2002 7 10 31204.1209 A
01013500 2002 7 11 31264.1730 A
01013500 2002 7 12 31159.7615 A
01013500 2002 7 13 31217.4667 A
01013500 2002 7 14 31419.6967 A
01013500 2002 7 15 31429.7277 A
01013500 2002 7 16 31227.0274 A
01013500 2002 7 17 31533.0341 A
01013500 2002 7 18 31264.3209 A
01013500 2002 7 19 31428.3757 A
01013500 2002 7 20 31302.0605 A
01013500 2002 7 21 31444.9728 A
01013500 2002 7 22 31341.3259 A
01013500 2002 7 23 31627.9802 A
01013500 2002 7 24 31400.7344 A
01013500 2002 7 25 31409.5505 A
01013500 2002 7 26 31535.1280 A
01013500 2002 7 27 31439.8261 A
01013500 2002 7 28 31436.0747 A
01013500 2002 7 29 31435.6051 A
01013500 2002 7 30 31421.9074 A
01013500 2002 7 31 31465.5721 A
01013500 2002 8 1 31460.3870 A
01013500 2002 8 2 31468.3350 A
01013500 2002 8 3 31402.3174 A
01013500 2002 8 4 31630.8573 A
01013500 2002 8 5 31450.7483 A
01013500 2002 8 6 31551.0870 A
01013500 2002 8 7 31464.9333 A
01013500 2002 8 8 31473.1522 A
01013500 2002 8 9 31484.1922 A
01013500 2002 8 10 31694.4556 A
01013500 2002 8 11 31512.3270 A
01013500 2002 8 12 31598.7481 A
01013500 2002 8 13 31514.9687 A
01013500 2002 8 14 31547.4454 A
01013500 2002 8 15 31546.5385 A
01013500 2002 8 16 31522.6689 A
01013500 2002 8 17 31519.8138 A
01013500 2002 8 18 31558.3925 A
01013500 2002 8 19 31572.9733 A
01013500 2002 8 20 31534.1285 A
01013500 2002 8 21 31532.4478 A
01013500 2002 8 22 31643.0914 A
01013500 2002 8 23 31599.5454 A
01013500 2002 8 24 31518.9772 A
01013500 2002 8 25 31564.8662 A
01013500 2002 8 26 31519.6629 A
01013500 2002 8 27 31554.5586 A
01013500 2002 8 28 31595.2093 A
01013500 2002 8 29 31710.9934 A
01013500 2002 8 30 31564.0145 A
01013500 2002 8 31 31638.7164 A
01013500 2002 9 1 31525.0358 A
01013500 2002 9 2 31586.2780 A
01013500 2002 9 3 31553.5259 A
01013500 2002 9 4 31713.2589 A
01013500 2002 9 5 31613.2541 A
01013500 2002 9 6 31615.7978 A
01013500 2002 9 7 31676.7263 A
01013500 2002 9 8 31711.2786 A
01013500 2002 9 9 31600.7570 A
01013500 2002 9 10 31598.0586 A
01013500 2002 9 11 31735.1823 A
01013500 2002 9 12 31632.5592 A
01013500 2002 9 13 31801.2076 A
01013500 2002 9 14 31769.1896 A
01013500 2002 9 15 31654.4078 A
01013500 2002 9 16 31685.4209 A
01013500 2002 9 17 31689.8129 A
01013500 2002 9 18 31648.3366 A
01013500 2002 9 19 31825.0786 A
01013500 2002 9 20 31703.8191 A
01013500 2002 9 21 31728.1471 A
01013500 2002 9 22 31685.2007 A
01013500 2002 9 23 31687.1489 A
01013500 2002 9 24 31706.6637 A
01013500 2002 9 25 31818.8656 A
01013500 2002 9 26 31706.9150 A
01013500 2002 9 27 31751.7175 A
01013500 2002 9 28 31708.8340 A
01013500 2002 9 29 31884.7956 A
01013500 2002 9 30 31778.9755 A
01013500 2002 10 1 31803.6983 A
01013500 2002 10 2 31780.9818 A
01013500 2002 10 3 31762.9244 A
01013500 2002 10 4 31788.6532 A
01013500 2002 10 5 31876.0032 A
01013500 2002 10 6 32042.2146 A
01013500 2002 10 7 31816.4404 A
01013500 2002 10 8 31803.5278 A
01013500 2002 10 9 31819.8456 A
01013500 2002 10 10 31838.8767 A
01013500 2002 10 11 31813.2263 A
01013500 2002 10 12 31872.8701 A
01013500 2002 10 13 31814.0443 A
01013500 2002 10 14 31832.3132 A
01013500 2002 10 15 31853.0637 A
01013500 2002 10 16 31814.2392 A
01013500 2002 10 17 31868.6803 A
01013500 2002 10 18 31826.8869 A
01013500 2002 10 19 31877.4145 A
01013500 2002 10 20 31849.6652 A
01013500 2002 10 21 31853.8504 A
01013500 2002 10 22 31940.2516 A
01013500 2002 10 23 31833.7707 A
01013500 2002 10 24 31902.0507 A
01013500 2002 10 25 31927.9881 A
01013500 2002 10 26 31855.9633 A
01013500 2002 10 27 31846.9679 A
01013500 2002 10 28 31926.5197 A
01013500 2002 10 29 31889.3943 A
01013500 2002 10 30 31869.4708 A
01013500 2002 10 31 31907.5031 A
01013500 2002 11 1 32014.1656 A
01013500 2002 11 2 31950.1121 A
01013500 2002 11 3 31896.9409 A
01013500 2002 11 4 31960.8315 A
01013500 2002 11 5 31917.9419 A
01013500 2002 11 6 31884.3384 A
01013500 2002 11 7 31935.4575 A
01013500 2002 11 8 31897.1986 A
01013500 2002 11 9 31971.0704 A
01013500 2002 11 10 31985.1158 A
01013500 2002 11 11 31895.4929 A
01013500 2002 11 12 31921.6466 A
01013500 2002 11 13 31935.6473 A
01013500 2002 11 14 31972.7168 A
01013500 2002 11 15 31920.5879 A
01013500 2002 11 16 31972.2465 A
01013500 2002 11 17 31937.3228 A
01013500 2002 11 18 31958.5420 A
01013500 2002 11 19 31939.4116 A
01013500 2002 11 20 31927.4048 A
01013500 2002 11 21 31943.7281 A
01013500 2002 11 22 31973.1208 A
01013500 2002 11 23 31938.9241 A
01013500 2002 11 24 31897.0816 A
01013500 2002 11 25 31926.3058 A
01013500 2002 11 26 32019.2129 A
01013500 2002 11 27 31979.4830 A
01013500 2002 11 28 31931.0858 A
01013500 2002 11 29 31971.8022 A
01013500 2002 11 30 31943.2389 A
01013500 2002 12 1 32022.9875 A
01013500 2002 12 2 32020.3330 A
01013500 2002 12 3 31943.3189 A
01013500 2002 12 4 32006.5223 A
01013500 2002 12 5 31957.4189 A
01013500 2002 12 6 31967.5894 A
01013500 2002 12 7 32043.3133 A
01013500 2002 12 8 32015.4686 A
01013500 2002 12 9 31942.7902 A
01013500 2002 12 10 31968.9901 A
01013500 2002 12 11 32027.2412 A
01013500 2002 12 12 31987.4174 A
01013500 2002 12 13 32012.8497 A
01013500 2002 12 14 32126.2942 A
01013500 2002 12 15 32110.7403 A
01013500 2002 12 16 32042.5123 A
01013500 2002 12 17 32014.5641 A
01013500 2002 12 18 32006.4287 A
01013500 2002 12 19 32051.1056 A
01013500 2002 12 20 32065.4347 A
01013500 2002 12 21 32149.0166 A
01013500 2002 12 22 32042.0068 A
01013500 2002 12 23 32078.6880 A
01013500 2002 12 24 32069.3324 A
01013500 2002 12 25 32065.4425 A
01013500 2002 12 26 32096.7360 A
01013500 2002 12 27 32263.4813 A
01013500 2002 12 28 32141.7291 A
01013500 2002 12 29 32138.7702 A
01013500 2002 12 30 32097.2974 A
01013500 2002 12 31 32112.4162 A
01013500 2003 1 1 32103.0391 A
01013500 2003 1 2 32084.1742 A
01013500 2003 1 3 32219.1776 A
01013500 2003 1 4 32312.1948 A
01013500 2003 1 5 32164.7257 A
01013500 2003 1 6 32220.0838 A
01013500 2003 1 7 32175.7844 A
01013500 2003 1 8 32276.7970 A
01013500 2003 1 9 32270.5918 A
01013500 2003 1 10 32219.8698 A
01013500 2003 1 11 32290.3522 A
01013500 2003 1 12 32195.3160 A
01013500 2003 1 13 32177.4723 A
01013500 2003 1 14 32298.6363 A
01013500 2003 1 15 32220.2534 A
01013500 2003 1 16 32314.9958 A
01013500 2003 1 17 32317.2024 A
01013500 2003 1 18 32366.8949 A
01013500 2003 1 19 32298.7494 A
01013500 2003 1 20 32287.9702 A
01013500 2003 1 21 32248.7455 A
01013500 2003 1 22 32284.7812 A
01013500 2003 1 23 32285.9791 A
01013500 2003 1 24 32319.1323 A
01013500 2003 1 25 32308.5125 A
01013500 2003 1 26 32450.7401 A
01013500 2003 1 27 32339.2447 A
01013500 2003 1 28 32321.9422 A
01013500 2003 1 29 32334.0523 A
01013500 2003 1 30 32409.8922 A
01013500 2003 1 31 32320.7829 A
01013500 2003 2 1 32336.3520 A
01013500 2003 2 2 32355.9204 A
01013500 2003 2 3 32430.2165 A
01013500 2003 2 4 32349.6058 A
01013500 2003 2 5 32366.5445 A
01013500 2003 2 6 32378.1304 A
01013500 2003 2 7 32398.3591 A
01013500 2003 2 8 32323.7033 A
01013500 2003 2 9 32369.6101 A
01013500 2003 2 10 32382.4677 A
01013500 2003 2 11 32454.6940 A
01013500 2003 2 12 32417.6624 A
01013500 2003 2 13 32459.1468 A
01013500 2003 2 14 32384.6970 A
01013500 2003 2 15 32389.6571 A
01013500 2003 2 16 32384.3542 A
01013500 2003 2 17 32582.5763 A
01013500 2003 2 18 32642.6591 A
01013500 2003 2 19 32568.5461 A
01013500 2003 2 20 32539.8188 A
01013500 2003 2 21 32455.5880 A
01013500 2003 2 22 32583.1514 A
01013500 2003 2 23 32576.0542 A
01013500 2003 2 24 32519.5409 A
01013500 2003 2 25 32616.8016 A
01013500 2003 2 26 32540.9077 A
01013500 2003 2 27 32646.5524 A
01013500 2003 2 28 32566.9897 A
01013500 2003 3 1 32664.5174 A
01013500 2003 3 2 32662.3415 A
01013500 2003 3 3 32959.3196 A
01013500 2003 3 4 32754.2948 A
01013500 2003 3 5 32773.8658 A
01013500 2003 3 6 32925.9077 A
01013500 2003 3 7 32773.2259 A
01013500 2003 3 8 32884.8703 A
01013500 2003 3 9 32902.7896 A
01013500 2003 3 10 32955.9018 A
01013500 2003 3 11 32951.2470 A
01013500 2003 3 12 32953.9401 A
01013500 2003 3 13 33007.1223 A
01013500 2003 3 14 33014.1975 A
01013500 2003 3 15 33050.0308 A
01013500 2003 3 16 33113.7526 A
01013500 2003 3 17 33028.0328 A
01013500 2003 3 18 33200.7908 A
01013500 2003 3 19 33304.3823 A
01013500 2003 3 20 33223.3208 A
01013500 2003 3 21 33266.0180 A
01013500 2003 3 22 33323.2155 A
01013500 2003 3 23 33281.7386 A
01013500 2003 3 24 33326.8676 A
01013500 2003 3 25 33390.3822 A
01013500 2003 3 26 33256.6715 A
01013500 2003 3 27 33235.1023 A
01013500 2003 3 28 33479.1202 A
01013500 2003 3 29 33536.3565 A
01013500 2003 3 30 33537.1298 A
01013500 2003 3 31 33356.8860 A
01013500 2003 4 1 33387.9815 A
01013500 2003 4 2 33357.3202 A
01013500 2003 4 3 33826.6122 A
01013500 2003 4 4 33595.0967 A
01013500 2003 4 5 33492.6390 A
01013500 2003 4 6 33738.4807 A
01013500 2003 4 7 33637.3479 A
01013500 2003 4 8 33794.2209 A
01013500 2003 4 9 33607.5015 A
01013500 2003 4 10 33965.2546 A
01013500 2003 4 11 33662.6607 A
01013500 2003 4 12 33664.8055 A
01013500 2003 4 13 33765.8711 A
01013500 2003 4 14 33707.8867 A
01013500 2003 4 15 34010.4737 A
01013500 2003 4 16 33807.3007 A
01013500 2003 4 17 33750.0983 A
01013500 2003 4 18 33759.5571 A
01013500 2003 4 19 33763.6736 A
01013500 2003 4 20 33967.0278 A
01013500 2003 4 21 33910.1412 A
01013500 2003 4 22 33800.1506 A
01013500 2003 4 23 33842.6721 A
01013500 2003 4 24 34066.7705 A
01013500 2003 4 25 34054.3656 A
01013500 2003 4 26 34009.9511 A
01013500 2003 4 27 33926.3614 A
01013500 2003 4 28 33909.2309 A
01013500 2003 4 29 34224.9424 A
01013500 2003 4 30 34044.5875 A
01013500 2003 5 1 33970.5297 A
01013500 2003 5 2 33956.3337 A
01013500 2003 5 3 33986.3704 A
01013500 2003 5 4 34005.9326 A
01013500 2003 5 5 34030.0958 A
01013500 2003 5 6 33974.3675 A
01013500 2003 5 7 34125.1384 A
01013500 2003 5 8 34330.3244 A
01013500 2003 5 9 34405.6745 A
01013500 2003 5 10 34197.3224 A
01013500 2003 5 11 34160.2504 A
01013500 2003 5 12 34245.6436 A
01013500 2003 5 13 34411.2837 A
01013500 2003 5 14 34303.6382 A
01013500 2003 5 15 34353.2401 A
01013500 2003 5 16 34435.7461 A
01013500 2003 5 17 34396.0773 A
01013500 2003 5 18 34358.9122 A
01013500 2003 5 19 34362.5848 A
01013500 2003 5 20 34346.3900 A
01013500 2003 5 21 34494.6240 A
01013500 2003 5 22 34344.8433 A
01013500 2003 5 23 34443.9646 A
01013500 2003 5 24 34556.5989 A
01013500 2003 5 25 34622.5681 A
01013500 2003 5 26 34622.6109 A
01013500 2003 5 27 34582.7235 A
01013500 2003 5 28 34646.1882 A
01013500 2003 5 29 34782.6596 A
01013500 2003 5 30 34577.0871 A
01013500 2003 5 31 34671.1661 A
01013500 2003 6 1 34721.4887 A
01013500 2003 6 2 34612.4335 A
01013500 2003 6 3 34762.9130 A
01013500 2003 6 4 34742.0422 A
01013500 2003 6 5 34695.8006 A
01013500 2003 6 6 34728.9031 A
01013500 2003 6 7 34763.5203 A
01013500 2003 6 8 34735.4756 A
01013500 2003 6 9 34728.1992 A
01013500 2003 6 10 34768.5615 A
01013500 2003 6 11 34728.4540 A
01013500 2003 6 12 34814.7805 A
01013500 2003 6 13 34913.0158 A
01013500 2003 6 14 34810.0972 A
01013500 2003 6 15 35029.8658 A
01013500 2003 6 16 34804.3977 A
01013500 2003 6 17 34983.9296 A
01013500 2003 6 18 34955.2405 A
01013500 2003 6 19 35000.1011 A
01013500 2003 6 20 35040.6457 A
01013500 2003 6 21 34974.1187 A
01013500 2003 6 22 34966.5544 A
01013500 2003 6 23 35001.3867 A
01013500 2003 6 24 34947.1468 A
01013500 2003 6 25 35010.8573 A
01013500 2003 6 26 34949.5881 A
01013500 2003 6 27 34935.2624 A
01013500 2003 6 28 35025.0549 A
01013500 2003 6 29 34931.9620 A
01013500 2003 6 30 34963.4122 A
01013500 2003 7 1 34945.4139 A
01013500 2003 7 2 34949.1457 A
01013500 2003 7 3 34955.4286 A
01013500 2003 7 4 35027.3301 A
01013500 2003 7 5 35005.6770 A
01013500 2003 7 6 34950.3891 A
01013500 2003 7 7 35002.3783 A
01013500 2003 7 8 35032.9972 A
01013500 2003 7 9 35076.4907 A
01013500 2003 7 10 35055.4261 A
01013500 2003 7 11 35096.2614 A
01013500 2003 7 12 35222.2883 A
01013500 2003 7 13 35110.1137 A
01013500 2003 7 14 35116.0758 A
01013500 2003 7 15 35065.0720 A
01013500 2003 7 16 35134.3970 A
01013500 2003 7 17 35083.9443 A
01013500 2003 7 18 35043.6174 A
01013500 2003 7 19 35046.9076 A
01013500 2003 7 20 35466.1898 A
01013500 2003 7 21 35130.4408 A
01013500 2003 7 22 35269.3538 A
01013500 2003 7 23 35159.8883 A
01013500 2003 7 24 35172.9861 A
01013500 2003 7 25 35287.0500 A
01013500 2003 7 26 35247.9467 A
01013500 2003 7 27 35188.1900 A
01013500 2003 7 28 35434.2930 A
01013500 2003 7 29 35237.3847 A
01013500 2003 7 30 35260.1907 A
01013500 2003 7 31 35252.6687 A
01013500 2003 8 1 35359.9970 A
01013500 2003 8 2 35295.7422 A
01013500 2003 8 3 35349.8134 A
01013500 2003 8 4 35537.4354 A
01013500 2003 8 5 35302.1762 A
01013500 2003 8 6 35329.5860 A
01013500 2003 8 7 35316.2913 A
01013500 2003 8 8 35364.7426 A
01013500 2003 8 9 35320.8967 A
01013500 2003 8 10 35533.0720 A
01013500 2003 8 11 35399.9652 A
01013500 2003 8 12 35357.7371 A
01013500 2003 8 13 35369.5953 A
01013500 2003 8 14 35429.4984 A
01013500 2003 8 15 35402.4426 A
01013500 2003 8 16 35379.7565 A
01013500 2003 8 17 35367.1025 A
01013500 2003 8 18 35440.8505 A
01013500 2003 8 19 35419.7724 A
01013500 2003 8 20 35514.6245 A
01013500 2003 8 21 35434.1820 A
01013500 2003 8 22 35661.7877 A
01013500 2003 8 23 35501.8529 A
01013500 2003 8 24 35581.7023 A
01013500 2003 8 25 35491.2202 A
01013500 2003 8 26 35504.6926 A
01013500 2003 8 27 35536.0829 A
01013500 2003 8 28 35498.8797 A
01013500 2003 8 29 35514.7151 A
01013500 2003 8 30 35508.0514 A
01013500 2003 8 31 35518.7404 A
01013500 2003 9 1 35527.9090 A
01013500 2003 9 2 35754.0325 A
01013500 2003 9 3 35637.3941 A
01013500 2003 9 4 35615.6153 A
01013500 2003 9 5 35544.9173 A
01013500 2003 9 6 35551.6382 A
01013500 2003 9 7 35570.3749 A
01013500 2003 9 8 35696.1131 A
01013500 2003 9 9 35616.0174 A
01013500 2003 9 10 35584.2925 A
01013500 2003 9 11 35592.6033 A
01013500 2003 9 12 35768.9256 A
01013500 2003 9 13 35614.0572 A
01013500 2003 9 14 35580.4366 A
01013500 2003 9 15 35677.7138 A
01013500 2003 9 16 35661.3657 A
01013500 2003 9 17 35675.3626 A
01013500 2003 9 18 35666.4506 A
01013500 2003 9 19 35624.8232 A
01013500 2003 9 20 35633.3475 A
01013500 2003 9 21 35790.7627 A
01013500 2003 9 22 35689.8911 A
01013500 2003 9 23 35651.8531 A
01013500 2003 9 24 35700.2799 A
01013500 2003 9 25 35658.3705 A
01013500 2003 9 26 35647.4299 A
01013500 2003 9 27 35687.5823 A
01013500 2003 9 28 35654.1828 A
01013500 2003 9 29 35665.5513 A
01013500 2003 9 30 35637.6157 A
01013500 2003 10 1 35661.2702 A
01013500 2003 10 2 35668.4603 A
01013500 2003 10 3 35659.2534 A
01013500 2003 10 4 35633.3370 A
01013500 2003 10 5 35648.9150 A
01013500 2003 10 6 35611.3280 A
01013500 2003 10 7 35707.8738 A
01013500 2003 10 8 35629.3620 A
01013500 2003 10 9 35628.1036 A
01013500 2003 10 10 35694.7609 A
01013500 2003 10 11 35656.5825 A
01013500 2003 10 12 35754.4083 A
01013500 2003 10 13 35629.5690 A
01013500 2003 10 14 35675.7607 A
01013500 2003 10 15 35661.6992 A
01013500 2003 10 16 35622.0214 A
01013500 2003 10 17 35641.4349 A
01013500 2003 10 18 35660.2277 A
01013500 2003 10 19 35605.6421 A
01013500 2003 10 20 35654.0956 A
01013500 2003 10 21 35712.8179 A
01013500 2003 10 22 35606.3346 A
01013500 2003 10 23 35621.3776 A
01013500 2003 10 24 35681.2336 A
01013500 2003 10 25 35738.6131 A
01013500 2003 10 26 35662.6427 A
01013500 2003 10 27 35676.5678 A
01013500 2003 10 28 35741.6874 A
01013500 2003 10 29 35686.3331 A
01013500 2003 10 30 35641.5560 A
01013500 2003 10 31 35705.3477 A
01013500 2003 11 1 35658.9207 A
01013500 2003 11 2 35672.0888 A
01013500 2003 11 3 35715.7682 A
01013500 2003 11 4 35727.1347 A
01013500 2003 11 5 35677.9959 A
01013500 2003 11 6 35742.1617 A
01013500 2003 11 7 35658.3683 A
01013500 2003 11 8 35694.1943 A
01013500 2003 11 9 35679.0992 A
01013500 2003 11 10 35746.9407 A
01013500 2003 11 11 35666.7773 A
01013500 2003 11 12 35704.2463 A
01013500 2003 11 13 35650.6301 A
01013500 2003 11 14 35734.4492 A
01013500 2003 11 15 35679.8792 A
01013500 2003 11 16 35756.0247 A
01013500 2003 11 17 35766.0189 A
01013500 2003 11 18 35717.1441 A
01013500 2003 11 19 35750.2990 A
01013500 2003 11 20 35882.2669 A
01013500 2003 11 21 35772.7097 A
01013500 2003 11 22 35724.5784 A
01013500 2003 11 23 35843.6021 A
01013500 2003 11 24 35715.1035 A
01013500 2003 11 25 35727.8715 A
01013500 2003 11 26 35776.0842 A
01013500 2003 11 27 35759.2789 A
01013500 2003 11 28 35752.9549 A
01013500 2003 11 29 35757.5223 A
01013500 2003 11 30 35787.1955 A
01013500 2003 12 1 35782.0357 A
01013500 2003 12 2 35836.3319 A
01013500 2003 12 3 35760.5149 A
01013500 2003 12 4 35789.8535 A
01013500 2003 12 5 35796.5403 A
01013500 2003 12 6 35932.1581 A
01013500 2003 12 7 35869.2620 A
01013500 2003 12 8 35831.8688 A
01013500 2003 12 9 35878.5985 A
01013500 2003 12 10 35838.5486 A
01013500 2003 12 11 35912.9406 A
01013500 2003 12 12 35959.8973 A
01013500 2003 12 13 35939.7054 A
01013500 2003 12 14 35970.1748 A
01013500 2003 12 15 35923.8245 A
01013500 2003 12 16 35893.9050 A
01013500 2003 12 17 35924.7196 A
01013500 2003 12 18 35908.5074 A
01013500 2003 12 19 35888.9939 A
01013500 2003 12 20 35953.9701 A
01013500 2003 12 21 35903.4791 A
01013500 2003 12 22 35923.8193 A
01013500 2003 12 23 35906.8672 A
01013500 2003 12 24 35965.8607 A
01013500 2003 12 25 35915.1101 A
01013500 2003 12 26 36012.0185 A
01013500 2003 12 27 35922.0953 A
01013500 2003 12 28 36063.0008 A
01013500 2003 12 29 35988.1074 A
01013500 2003 12 30 35954.0079 A
01013500 2003 12 31 36045.7632 A
01013500 2004 1 1 36013.1695 A
01013500 2004 1 2 35967.0637 A
01013500 2004 1 3 36120.1303 A
01013500 2004 1 4 36105.1661 A
01013500 2004 1 5 36106.8642 A
01013500 2004 1 6 36179.8948 A
01013500 2004 1 7 36097.4799 A
01013500 2004 1 8 36252.0827 A
01013500 2004 1 9 36078.2372 A
01013500 2004 1 10 36081.5979 A
01013500 2004 1 11 36094.5812 A
01013500 2004 1 12 36344.5234 A
01013500 2004 1 13 36101.8638 A
01013500 2004 1 14 36213.1336 A
01013500 2004 1 15 36163.8003 A
01013500 2004 1 16 36125.2394 A
01013500 2004 1 17 36147.8518 A
01013500 2004 1 18 36170.3491 A
01013500 2004 1 19 36184.2260 A
01013500 2004 1 20 36126.1407 A
01013500 2004 1 21 36158.6987 A
01013500 2004 1 22 36117.1831 A
01013500 2004 1 23 36133.1953 A
01013500 2004 1 24 36200.0204 A
01013500 2004 1 25 36112.9614 A
01013500 2004 1 26 36330.9974 A
01013500 2004 1 27 36144.6643 A
01013500 2004 1 28 36231.7712 A
01013500 2004 1 29 36270.1140 A
01013500 2004 1 30 36219.5304 A
01013500 2004 1 31 36312.9204 A
01013500 2004 2 1 36216.4160 A
01013500 2004 2 2 36215.3762 A
01013500 2004 2 3 36228.3559 A
01013500 2004 2 4 36330.9180 A
01013500 2004 2 5 36391.1794 A
01013500 2004 2 6 36328.2819 A
01013500 2004 2 7 36262.4878 A
01013500 2004 2 8 36397.0547 A
01013500 2004 2 9 36337.3788 A
01013500 2004 2 10 36342.3722 A
01013500 2004 2 11 36439.1897 A
01013500 2004 2 12 36420.4479 A
01013500 2004 2 13 36413.9164 A
01013500 2004 2 14 36533.0579 A
01013500 2004 2 15 36380.7264 A
01013500 2004 2 16 36409.6131 A
01013500 2004 2 17 36392.1806 A
01013500 2004 2 18 36533.0650 A
01013500 2004 2 19 36592.0354 A
01013500 2004 2 20 36554.5312 A
01013500 2004 2 21 36582.9489 A
01013500 2004 2 22 36754.5998 A
01013500 2004 2 23 36647.7677 A
01013500 2004 2 24 36563.2942 A
01013500 2004 2 25 36613.7696 A
01013500 2004 2 26 36646.8318 A
01013500 2004 2 27 36685.2512 A
01013500 2004 2 28 36642.6352 A
01013500 2004 2 29 36806.7979 A
01013500 2004 3 1 36810.0849 A
01013500 2004 3 2 36923.7128 A
01013500 2004 3 3 36706.9428 A
01013500 2004 3 4 36964.6803 A
01013500 2004 3 5 36854.6113 A
01013500 2004 3 6 37007.9843 A
01013500 2004 3 7 36976.5487 A
01013500 2004 3 8 37007.4791 A
01013500 2004 3 9 37016.2347 A
01013500 2004 3 10 37030.4577 A
01013500 2004 3 11 36953.8546 A
01013500 2004 3 12 37133.2410 A
01013500 2004 3 13 37213.9490 A
01013500 2004 3 14 37226.8267 A
01013500 2004 3 15 37198.4743 A
01013500 2004 3 16 37336.3651 A
01013500 2004 3 17 37341.3678 A
01013500 2004 3 18 37348.8421 A
01013500 2004 3 19 37469.7687 A
01013500 2004 3 20 37543.5235 A
01013500 2004 3 21 37501.1741 A
01013500 2004 3 22 37470.1965 A
01013500 2004 3 23 37539.8268 A
01013500 2004 3 24 37514.4407 A
01013500 2004 3 25 37465.0112 A
01013500 2004 3 26 37400.5289 A
01013500 2004 3 27 37482.8778 A
01013500 2004 3 28 37522.6838 A
01013500 2004 3 29 37528.6430 A
01013500 2004 3 30 37671.4521 A
01013500 2004 3 31 37665.1122 A
01013500 2004 4 1 37532.4297 A
01013500 2004 4 2 37631.8029 A
01013500 2004 4 3 37669.2130 A
01013500 2004 4 4 37935.6735 A
01013500 2004 4 5 37690.6597 A
01013500 2004 4 6 37863.2993 A
01013500 2004 4 7 37681.6493 A
01013500 2004 4 8 37899.9327 A
01013500 2004 4 9 37735.4054 A
01013500 2004 4 10 37851.8387 A
01013500 2004 4 11 37989.2703 A
01013500 2004 4 12 38603.7931 A
01013500 2004 4 13 37927.6672 A
01013500 2004 4 14 38048.4556 A
01013500 2004 4 15 38177.3521 A
01013500 2004 4 16 38432.2974 A
01013500 2004 4 17 38198.2478 A
01013500 2004 4 18 38310.7656 A
01013500 2004 4 19 38350.6318 A
01013500 2004 4 20 38190.5230 A
01013500 2004 4 21 38639.3133 A
01013500 2004 4 22 38814.1208 A
01013500 2004 4 23 38559.2365 A
01013500 2004 4 24 38441.1952 A
01013500 2004 4 25 38680.7596 A
01013500 2004 4 26 38605.8736 A
01013500 2004 4 27 38702.8044 A
01013500 2004 4 28 38540.4902 A
01013500 2004 4 29 38516.7926 A
01013500 2004 4 30 38719.9169 A
01013500 2004 5 1 38565.0146 A
01013500 2004 5 2 38555.6570 A
01013500 2004 5 3 38602.2516 A
01013500 2004 5 4 38585.1265 A
01013500 2004 5 5 38826.1563 A
01013500 2004 5 6 38744.4145 A
01013500 2004 5 7 38807.8395 A
01013500 2004 5 8 38654.6043 A
01013500 2004 5 9 38782.8901 A
01013500 2004 5 10 39033.9277 A
01013500 2004 5 11 38824.6436 A
01013500 2004 5 12 38834.4331 A
01013500 2004 5 13 38881.0415 A
01013500 2004 5 14 38857.0283 A
01013500 2004 5 15 38950.1280 A
01013500 2004 5 16 38837.8996 A
01013500 2004 5 17 38836.9104 A
01013500 2004 5 18 38966.5261 A
01013500 2004 5 19 38994.9766 A
01013500 2004 5 20 38865.7788 A
01013500 2004 5 21 38854.5203 A
01013500 2004 5 22 38901.0380 A
01013500 2004 5 23 39040.6276 A
01013500 2004 5 24 39017.1518 A
01013500 2004 5 25 38971.7020 A
01013500 2004 5 26 38989.0157 A
01013500 2004 5 27 39001.6798 A
01013500 2004 5 28 38959.1932 A
01013500 2004 5 29 39036.5994 A
01013500 2004 5 30 38940.9022 A
01013500 2004 5 31 39064.5869 A
01013500 2004 6 1 39059.9117 A
01013500 2004 6 2 39090.9629 A
01013500 2004 6 3 39036.1127 A
01013500 2004 6 4 39261.2712 A
01013500 2004 6 5 39146.3394 A
01013500 2004 6 6 39149.5273 A
01013500 2004 6 7 39189.2144 A
01013500 2004 6 8 39065.4178 A
01013500 2004 6 9 39274.8804 A
01013500 2004 6 10 39224.6017 A
01013500 2004 6 11 39234.4579 A
01013500 2004 6 12 39533.4586 A
01013500 2004 6 13 39478.0995 A
01013500 2004 6 14 39288.5484 A
01013500 2004 6 15 39399.2146 A
01013500 2004 6 16 39345.9675 A
01013500 2004 6 17 39475.7402 A
01013500 2004 6 18 39411.1487 A
01013500 2004 6 19 39342.6912 A
01013500 2004 6 20 39331.3268 A
01013500 2004 6 21 39366.5505 A
01013500 2004 6 22 39401.3860 A
01013500 2004 6 23 39406.5823 A
01013500 2004 6 24 39540.7421 A
01013500 2004 6 25 39426.1105 A
01013500 2004 6 26 39642.3525 A
01013500 2004 6 27 39444.2076 A
01013500 2004 6 28 39528.1642 A
01013500 2004 6 29 39568.3253 A
01013500 2004 6 30 39499.9090 A
01013500 2004 7 1 39540.2654 A
01013500 2004 7 2 39695.5683 A
01013500 2004 7 3 39623.1703 A
01013500 2004 7 4 39689.7284 A
01013500 2004 7 5 39745.9342 A
01013500 2004 7 6 39690.0085 A
01013500 2004 7 7 39644.1595 A
01013500 2004 7 8 39631.9144 A
01013500 2004 7 9 39642.4211 A
01013500 2004 7 10 39676.4352 A
01013500 2004 7 11 39592.2423 A
01013500 2004 7 12 39624.2094 A
01013500 2004 7 13 39773.4735 A
01013500 2004 7 14 39770.5340 A
01013500 2004 7 15 39694.5668 A
01013500 2004 7 16 39671.8770 A
01013500 2004 7 17 39750.3457 A
01013500 2004 7 18 39639.2876 A
01013500 2004 7 19 39766.1518 A
01013500 2004 7 20 39896.0536 A
01013500 2004 7 21 39784.3365 A
01013500 2004 7 22 39838.9067 A
01013500 2004 7 23 39857.7216 A
01013500 2004 7 24 39761.8487 A
01013500 2004 7 25 39765.3440 A
01013500 2004 7 26 39787.1571 A
01013500 2004 7 27 39915.9449 A
01013500 2004 7 28 39863.7764 A
01013500 2004 7 29 39870.8293 A
01013500 2004 7 30 39785.7571 A
01013500 2004 7 31 39811.9022 A
01013500 2004 8 1 39820.8421 A
01013500 2004 8 2 39925.4349 A
01013500 2004 8 3 39908.3911 A
01013500 2004 8 4 39800.2236 A
01013500 2004 8 5 39858.6524 A
01013500 2004 8 6 39945.0833 A
01013500 2004 8 7 39874.8084 A
01013500 2004 8 8 39948.6119 A
01013500 2004 8 9 39936.2373 A
01013500 2004 8 10 39925.9411 A
01013500 2004 8 11 40062.0559 A
01013500 2004 8 12 39964.4085 A
01013500 2004 8 13 39951.3420 A
01013500 2004 8 14 40058.0384 A
01013500 2004 8 15 39916.4860 A
01013500 2004 8 16 39930.0149 A
01013500 2004 8 17 40003.1254 A
01013500 2004 8 18 40045.8348 A
01013500 2004 8 19 40009.6655 A
01013500 2004 8 20 40022.3400 A
01013500 2004 8 21 39998.8008 A
01013500 2004 8 22 39994.0067 A
01013500 2004 8 23 39961.3937 A
01013500 2004 8 24 40018.3411 A
01013500 2004 8 25 40008.5824 A
01013500 2004 8 26 40000.8115 A
01013500 2004 8 27 40021.4437 A
01013500 2004 8 28 40054.1228 A
01013500 2004 8 29 40014.2972 A
01013500 2004 8 30 39983.1053 A
01013500 2004 8 31 40018.0672 A
01013500 2004 9 1 39993.8542 A
01013500 2004 9 2 40101.2070 A
01013500 2004 9 3 40050.4219 A
01013500 2004 9 4 40208.8283 A
01013500 2004 9 5 40151.0063 A
01013500 2004 9 6 40194.0758 A
01013500 2004 9 7 40163.2668 A
01013500 2004 9 8 40078.6161 A
01013500 2004 9 9 40167.1512 A
01013500 2004 9 10 40167.5592 A
01013500 2004 9 11 40088.5576 A
01013500 2004 9 12 40084.8236 A
01013500 2004 9 13 40252.3127 A
01013500 2004 9 14 40116.7418 A
01013500 2004 9 15 40102.7068 A
01013500 2004 9 16 40208.1111 A
01013500 2004 9 17 40183.2354 A
01013500 2004 9 18 40132.7899 A
01013500 2004 9 19 40112.9192 A
01013500 2004 9 20 40140.5939 A
01013500 2004 9 21 40172.5038 A
01013500 2004 9 22 40097.0780 A
01013500 2004 9 23 40148.8858 A
01013500 2004 9 24 40277.1151 A
01013500 2004 9 25 40306.2580 A
01013500 2004 9 26 40148.4259 A
01013500 2004 9 27 40241.8988 A
01013500 2004 9 28 40180.7446 A
01013500 2004 9 29 40210.3066 A
01013500 2004 9 30 40198.4911 A
01013500 2004 10 1 40264.8866 A
01013500 2004 10 2 40187.2392 A
01013500 2004 10 3 40190.1766 A
01013500 2004 10 4 40206.3064 A
01013500 2004 10 5 40168.4862 A
01013500 2004 10 6 40204.2119 A
01013500 2004 10 7 40184.4227 A
01013500 2004 10 8 40190.6060 A
01013500 2004 10 9 40159.3929 A
01013500 2004 10 10 40170.1960 A
01013500 2004 10 11 40195.4028 A
01013500 2004 10 12 40222.8157 A
01013500 2004 10 13 40147.9827 A
01013500 2004 10 14 40200.1666 A
01013500 2004 10 15 40182.7060 A
01013500 2004 10 16 40205.2311 A
01013500 2004 10 17 40263.3932 A
01013500 2004 10 18 40270.4590 A
01013500 2004 10 19 40190.0920 A
01013500 2004 10 20 40384.5249 A
01013500 2004 10 21 40232.8267 A
01013500 2004 10 22 40274.6773 A
01013500 2004 10 23 40233.5212 A
01013500 2004 10 24 40219.4978 A
01013500 2004 10 25 40221.7221 A
01013500 2004 10 26 40296.1315 A
01013500 2004 10 27 40316.8587 A
01013500 2004 10 28 40317.7717 A
01013500 2004 10 29 40252.0106 A
01013500 2004 10 30 40239.5432 A
01013500 2004 10 31 40272.6286 A
01013500 2004 11 1 40250.4327 A
01013500 2004 11 2 40251.3079 A
01013500 2004 11 3 40262.6020 A
01013500 2004 11 4 40246.8206 A
01013500 2004 11 5 40239.4118 A
01013500 2004 11 6 40338.7704 A
01013500 2004 11 7 40287.5219 A
01013500 2004 11 8 40239.4828 A
01013500 2004 11 9 40313.2414 A
01013500 2004 11 10 40311.3185 A
01013500 2004 11 11 40260.9656 A
01013500 2004 11 12 40261.0666 A
01013500 2004 11 13 40225.7184 A
01013500 2004 11 14 40231.2014 A
01013500 2004 11 15 40368.9071 A
01013500 2004 11 16 40302.7562 A
01013500 2004 11 17 40343.6055 A
01013500 2004 11 18 40280.9818 A
01013500 2004 11 19 40314.4260 A
01013500 2004 11 20 40284.7274 A
01013500 2004 11 21 40322.9334 A
01013500 2004 11 22 40310.4181 A
01013500 2004 11 23 40308.7033 A
01013500 2004 11 24 40397.2497 A
01013500 2004 11 25 40304.5793 A
01013500 2004 11 26 40288.4321 A
01013500 2004 11 27 40312.9750 A
01013500 2004 11 28 40306.1411 A
01013500 2004 11 29 40275.2036 A
01013500 2004 11 30 40281.9019 A
01013500 2004 12 1 40287.3434 A
01013500 2004 12 2 40309.2040 A
01013500 2004 12 3 40349.8390 A
01013500 2004 12 4 40274.8093 A
01013500 2004 12 5 40305.3576 A
01013500 2004 12 6 40308.1386 A
01013500 2004 12 7 40278.6478 A
01013500 2004 12 8 40415.9332 A
01013500 2004 12 9 40339.3971 A
01013500 2004 12 10 40318.8655 A
01013500 2004 12 11 40555.9684 A
01013500 2004 12 12 40462.2376 A
01013500 2004 12 13 40454.6880 A
01013500 2004 12 14 40483.2846 A
01013500 2004 12 15 40431.9775 A
01013500 2004 12 16 40452.3853 A
01013500 2004 12 17 40489.6962 A
01013500 2004 12 18 40448.8288 A
01013500 2004 12 19 40505.6687 A
01013500 2004 12 20 40464.3689 A
01013500 2004 12 21 40429.4724 A
01013500 2004 12 22 40490.5188 A
01013500 2004 12 23 40454.9751 A
01013500 2004 12 24 40452.1975 A
01013500 2004 12 25 40421.1315 A
01013500 2004 12 26 40460.4822 A
01013500 2004 12 27 40434.3716 A
01013500 2004 12 28 40418.4592 A
01013500 2004 12 29 40521.8322 A
01013500 2004 12 30 40580.5449 A
01013500 2004 12 31 40459.4497 A
01013500 2005 1 1 40462.6265 A
01013500 2005 1 2 40475.7674 A
01013500 2005 1 3 40445.6963 A
01013500 2005 1 4 40457.3688 A
01013500 2005 1 5 40540.7271 A
01013500 2005 1 6 40445.0874 A
01013500 2005 1 7 40455.6390 A
01013500 2005 1 8 40512.9117 A
01013500 2005 1 9 40511.7602 A
01013500 2005 1 10 40488.3804 A
01013500 2005 1 11 40543.2707 A
01013500 2005 1 12 40530.0720 A
01013500 2005 1 13 40495.7156 A
01013500 2005 1 14 40519.9479 A
01013500 2005 1 15 40682.1534 A
01013500 2005 1 16 40525.2930 A
01013500 2005 1 17 40568.7819 A
01013500 2005 1 18 40545.7795 A
01013500 2005 1 19 40746.8511 A
01013500 2005 1 20 40637.5866 A
01013500 2005 1 21 40709.8273 A
01013500 2005 1 22 40672.2512 A
01013500 2005 1 23 40618.0463 A
01013500 2005 1 24 40622.5299 A
01013500 2005 1 25 40682.1344 A
01013500 2005 1 26 40619.6468 A
01013500 2005 1 27 40609.1544 A
01013500 2005 1 28 40616.4358 A
01013500 2005 1 29 40593.1625 A
01013500 2005 1 30 40618.8491 A
01013500 2005 1 31 40721.1320 A
01013500 2005 2 1 40631.2108 A
01013500 2005 2 2 40634.5714 A
01013500 2005 2 3 40703.0932 A
01013500 2005 2 4 40653.1582 A
01013500 2005 2 5 40822.2358 A
01013500 2005 2 6 40673.7687 A
01013500 2005 2 7 40751.5924 A
01013500 2005 2 8 40708.5716 A
01013500 2005 2 9 40690.7345 A
01013500 2005 2 10 40772.3598 A
01013500 2005 2 11 40679.2332 A
01013500 2005 2 12 40785.3631 A
01013500 2005 2 13 40769.5113 A
01013500 2005 2 14 40758.5106 A
01013500 2005 2 15 40792.7318 A
01013500 2005 2 16 40756.4857 A
01013500 2005 2 17 40796.2021 A
01013500 2005 2 18 40732.6487 A
01013500 2005 2 19 40766.4254 A
01013500 2005 2 20 40785.8884 A
01013500 2005 2 21 40763.9705 A
01013500 2005 2 22 40853.5837 A
01013500 2005 2 23 40831.5466 A
01013500 2005 2 24 40844.8806 A
01013500 2005 2 25 40911.5591 A
01013500 2005 2 26 40906.2180 A
01013500 2005 2 27 40848.5123 A
01013500 2005 2 28 41180.6000 A
01013500 2005 3 1 40945.2609 A
01013500 2005 3 2 40993.5903 A
01013500 2005 3 3 40887.2350 A
01013500 2005 3 4 41091.0694 A
01013500 2005 3 5 40994.5692 A
01013500 2005 3 6 40932.2350 A
01013500 2005 3 7 41012.0820 A
01013500 2005 3 8 41158.1260 A
01013500 2005 3 9 41122.4485 A
01013500 2005 3 10 41195.7497 A
01013500 2005 3 11 41193.4662 A
01013500 2005 3 12 41254.2193 A
01013500 2005 3 13 41110.6286 A
01013500 2005 3 14 41123.5032 A
01013500 2005 3 15 41450.8776 A
01013500 2005 3 16 41330.5834 A
01013500 2005 3 17 41263.1575 A
01013500 2005 3 18 41423.5000 A
01013500 2005 3 19 41650.1100 A
01013500 2005 3 20 41464.5070 A
01013500 2005 3 21 41560.0626 A
01013500 2005 3 22 41469.6986 A
01013500 2005 3 23 41725.6093 A
01013500 2005 3 24 41770.1355 A
01013500 2005 3 25 41654.1551 A
01013500 2005 3 26 41729.0329 A
01013500 2005 3 27 41814.5422 A
01013500 2005 3 28 41686.0072 A
01013500 2005 3 29 41608.6707 A
01013500 2005 3 30 41818.2376 A
01013500 2005 3 31 41826.7884 A
01013500 2005 4 1 41761.5997 A
01013500 2005 4 2 41669.8031 A
01013500 2005 4 3 41719.9032 A
01013500 2005 4 4 41777.9180 A
01013500 2005 4 5 41737.2395 A
01013500 2005 4 6 41808.5101 A
01013500 2005 4 7 41761.5374 A
01013500 2005 4 8 41815.3103 A
01013500 2005 4 9 41760.2610 A
01013500 2005 4 10 41785.4020 A
01013500 2005 4 11 42034.9087 A
01013500 2005 4 12 42020.6997 A
01013500 2005 4 13 41907.4464 A
01013500 2005 4 14 41983.6167 A
01013500 2005 4 15 41931.0059 A
01013500 2005 4 16 41966.5861 A
01013500 2005 4 17 42041.2953 A
01013500 2005 4 18 42261.2590 A
01013500 2005 4 19 41988.6952 A
01013500 2005 4 20 41948.2113 A
01013500 2005 4 21 42156.5061 A
01013500 2005 4 22 42076.7781 A
01013500 2005 4 23 42209.8839 A
01013500 2005 4 24 42087.9695 A
01013500 2005 4 25 42175.3240 A
01013500 2005 4 26 42231.4804 A
01013500 2005 4 27 42198.1900 A
01013500 2005 4 28 42369.6449 A
01013500 2005 4 29 42373.2335 A
01013500 2005 4 30 42685.1683 A
01013500 2005 5 1 42333.6689 A
01013500 2005 5 2 42327.8780 A
01013500 2005 5 3 42473.4907 A
01013500 2005 5 4 42362.0042 A
01013500 2005 5 5 42335.4391 A
01013500 2005 5 6 42609.4865 A
01013500 2005 5 7 42542.8053 A
01013500 2005 5 8 42412.2576 A
01013500 2005 5 9 42466.6020 A
01013500 2005 5 10 42425.6017 A
01013500 2005 5 11 42461.1130 A
01013500 2005 5 12 42548.5366 A
01013500 2005 5 13 42417.2011 A
01013500 2005 5 14 42495.6819 A
01013500 2005 5 15 42454.3247 A
01013500 2005 5 16 42861.2818 A
01013500 2005 5 17 42805.4780 A
01013500 2005 5 18 42576.8242 A
01013500 2005 5 19 42583.7669 A
01013500 2005 5 20 42860.4929 A
01013500 2005 5 21 42832.4672 A
01013500 2005 5 22 42660.5077 A
01013500 2005 5 23 42651.7340 A
01013500 2005 5 24 42830.6354 A
01013500 2005 5 25 42662.6371 A
01013500 2005 5 26 42762.6401 A
01013500 2005 5 27 42733.0107 A
01013500 2005 5 28 42775.9086 A
01013500 2005 5 29 42979.2105 A
01013500 2005 5 30 42763.3547 A
01013500 2005 5 31 42785.1798 A
01013500 2005 6 1 42823.1919 A
01013500 2005 6 2 42908.1897 A
01013500 2005 6 3 42821.8504 A
01013500 2005 6 4 42809.4827 A
01013500 2005 6 5 42860.2718 A
01013500 2005 6 6 42847.7378 A
01013500 2005 6 7 43008.7870 A
01013500 2005 6 8 43041.8366 A
01013500 2005 6 9 42881.5056 A
01013500 2005 6 10 42872.7258 A
01013500 2005 6 11 42901.3251 A
01013500 2005 6 12 42908.4783 A
01013500 2005 6 13 42889.7698 A
01013500 2005 6 14 43195.5099 A
01013500 2005 6 15 43077.9647 A
01013500 2005 6 16 43030.1740 A
01013500 2005 6 17 43011.8356 A
01013500 2005 6 18 43004.8211 A
01013500 2005 6 19 43107.3005 A
01013500 2005 6 20 43055.6131 A
01013500 2005 6 21 43016.9556 A
01013500 2005 6 22 43157.9378 A
01013500 2005 6 23 43161.3209 A
01013500 2005 6 24 43090.2360 A
01013500 2005 6 25 43094.9641 A
01013500 2005 6 26 43064.1055 A
01013500 2005 6 27 43075.5782 A
01013500 2005 6 28 43309.3936 A
01013500 2005 6 29 43194.3217 A
01013500 2005 6 30 43255.1574 A
01013500 2005 7 1 43146.8498 A
01013500 2005 7 2 43147.3961 A
01013500 2005 7 3 43295.7304 A
01013500 2005 7 4 43573.9519 A
01013500 2005 7 5 43229.7155 A
01013500 2005 7 6 43231.6963 A
01013500 2005 7 7 43234.8180 A
01013500 2005 7 8 43263.0703 A
01013500 2005 7 9 43209.1965 A
01013500 2005 7 10 43487.4436 A
01013500 2005 7 11 43352.3450 A
01013500 2005 7 12 43305.0751 A
01013500 2005 7 13 43320.7124 A
01013500 2005 7 14 43743.3259 A
01013500 2005 7 15 43370.7071 A
01013500 2005 7 16 43354.3960 A
01013500 2005 7 17 43543.2155 A
01013500 2005 7 18 43466.6936 A
01013500 2005 7 19 43407.9361 A
01013500 2005 7 20 43422.2538 A
01013500 2005 7 21 43524.5069 A
01013500 2005 7 22 43560.3661 A
01013500 2005 7 23 43467.0109 A
01013500 2005 7 24 43450.7061 A
01013500 2005 7 25 43534.8832 A
01013500 2005 7 26 43434.5771 A
01013500 2005 7 27 43487.7677 A
01013500 2005 7 28 43648.5379 A
01013500 2005 7 29 43571.9519 A
01013500 2005 7 30 43677.3642 A
01013500 2005 7 31 43626.4972 A
01013500 2005 8 1 43567.7454 A
01013500 2005 8 2 43575.5276 A
01013500 2005 8 3 43595.6715 A
01013500 2005 8 4 43575.0266 A
01013500 2005 8 5 43634.5889 A
01013500 2005 8 6 43562.1120 A
01013500 2005 8 7 43611.4723 A
01013500 2005 8 8 43609.8197 A
01013500 2005 8 9 43588.8735 A
01013500 2005 8 10 43715.9639 A
01013500 2005 8 11 43601.5727 A
01013500 2005 8 12 43681.1204 A
01013500 2005 8 13 43634.9878 A
01013500 2005 8 14 43708.4617 A
01013500 2005 8 15 43633.9865 A
01013500 2005 8 16 43609.1102 A
01013500 2005 8 17 43612.9836 A
01013500 2005 8 18 43615.7863 A
01013500 2005 8 19 43657.0100 A
01013500 2005 8 20 43612.4994 A
01013500 2005 8 21 43645.2505 A
01013500 2005 8 22 43644.9791 A
01013500 2005 8 23 43609.6888 A
01013500 2005 8 24 43704.1035 A
01013500 2005 8 25 43631.5625 A
01013500 2005 8 26 43821.2623 A
01013500 2005 8 27 43655.8700 A
01013500 2005 8 28 43627.5992 A
01013500 2005 8 29 43712.9453 A
01013500 2005 8 30 43727.8434 A
01013500 2005 8 31 43666.5972 A
01013500 2005 9 1 43732.2869 A
01013500 2005 9 2 43703.4222 A
01013500 2005 9 3 43757.9986 A
01013500 2005 9 4 43759.8286 A
01013500 2005 9 5 43715.9347 A
01013500 2005 9 6 43786.6486 A
01013500 2005 9 7 43711.4886 A
01013500 2005 9 8 43662.2061 A
01013500 2005 9 9 43716.2377 A
01013500 2005 9 10 43761.8639 A
01013500 2005 9 11 43728.9327 A
01013500 2005 9 12 43726.6434 A
01013500 2005 9 13 43713.2943 A
01013500 2005 9 14 43819.9169 A
01013500 2005 9 15 43746.2144 A
01013500 2005 9 16 43766.0840 A
01013500 2005 9 17 43793.6623 A
01013500 2005 9 18 43955.6460 A
01013500 2005 9 19 43757.8300 A
01013500 2005 9 20 43815.8505 A
01013500 2005 9 21 43793.7465 A
01013500 2005 9 22 43816.7073 A
01013500 2005 9 23 43814.3986 A
01013500 2005 9 24 43869.1876 A
01013500 2005 9 25 43845.4730 A
01013500 2005 9 26 43898.3916 A
01013500 2005 9 27 43838.5839 A
01013500 2005 9 28 43944.7520 A
01013500 2005 9 29 43877.0137 A
01013500 2005 9 30 43851.2853 A
01013500 2005 10 1 43849.4942 A
01013500 2005 10 2 43989.1529 A
01013500 2005 10 3 43872.5092 A
01013500 2005 10 4 43839.3946 A
01013500 2005 10 5 43884.1293 A
01013500 2005 10 6 43970.3978 A
01013500 2005 10 7 43850.0405 A
01013500 2005 10 8 43911.0086 A
01013500 2005 10 9 43957.1515 A
01013500 2005 10 10 43911.6707 A
01013500 2005 10 11 43876.5081 A
01013500 2005 10 12 43934.6996 A
01013500 2005 10 13 43889.0319 A
01013500 2005 10 14 43944.4808 A
01013500 2005 10 15 43956.4326 A
01013500 2005 10 16 43914.3244 A
01013500 2005 10 17 43897.8981 A
01013500 2005 10 18 43967.6151 A
01013500 2005 10 19 43970.8949 A
01013500 2005 10 20 44003.0378 A
01013500 2005 10 21 43959.7384 A
01013500 2005 10 22 43952.0932 A
01013500 2005 10 23 43932.9889 A
01013500 2005 10 24 43914.2825 A
01013500 2005 10 25 43988.8640 A
01013500 2005 10 26 43930.1329 A
01013500 2005 10 27 43947.1647 A
01013500 2005 10 28 44066.7908 A
01013500 2005 10 29 43959.2752 A
01013500 2005 10 30 43921.0704 A
01013500 2005 10 31 43971.2879 A
01013500 2005 11 1 44034.1598 A
01013500 2005 11 2 43978.6718 A
01013500 2005 11 3 43966.4797 A
01013500 2005 11 4 44009.3534 A
01013500 2005 11 5 44040.0301 A
01013500 2005 11 6 43986.8896 A
01013500 2005 11 7 43984.9343 A
01013500 2005 11 8 43981.4304 A
01013500 2005 11 9 44150.1051 A
01013500 2005 11 10 44090.0776 A
01013500 2005 11 11 44049.2566 A
01013500 2005 11 12 44058.2206 A
01013500 2005 11 13 44031.4381 A
01013500 2005 11 14 44081.8059 A
01013500 2005 11 15 44086.5422 A
01013500 2005 11 16 44022.9686 A
01013500 2005 11 17 44042.9833 A
01013500 2005 11 18 44132.0115 A
01013500 2005 11 19 44039.9270 A
01013500 2005 11 20 44035.9398 A
01013500 2005 11 21 44204.0483 A
01013500 2005 11 22 44268.5886 A
01013500 2005 11 23 44104.9834 A
01013500 2005 11 24 44210.6436 A
01013500 2005 11 25 44103.7023 A
01013500 2005 11 26 44155.0838 A
01013500 2005 11 27 44143.1084 A
01013500 2005 11 28 44130.7662 A
01013500 2005 11 29 44143.3550 A
01013500 2005 11 30 44128.6787 A
01013500 2005 12 1 44127.2619 A
01013500 2005 12 2 44108.4722 A
01013500 2005 12 3 44117.1162 A
01013500 2005 12 4 44111.7506 A
01013500 2005 12 5 44219.2995 A
01013500 2005 12 6 44120.7271 A
01013500 2005 12 7 44182.6931 A
01013500 2005 12 8 44183.9009 A
01013500 2005 12 9 44181.1979 A
01013500 2005 12 10 44373.1321 A
01013500 2005 12 11 44283.7667 A
01013500 2005 12 12 44448.1253 A
01013500 2005 12 13 44306.3674 A
01013500 2005 12 14 44387.2850 A
01013500 2005 12 15 44295.6841 A
01013500 2005 12 16 44305.1020 A
01013500 2005 12 17 44358.8724 A
01013500 2005 12 18 44319.6463 A
01013500 2005 12 19 44384.9193 A
01013500 2005 12 20 44453.4480 A
01013500 2005 12 21 44394.8878 A
01013500 2005 12 22 44382.3419 A
01013500 2005 12 23 44404.4277 A
01013500 2005 12 24 44356.1933 A
01013500 2005 12 25 44405.2834 A
01013500 2005 12 26 44444.9410 A
01013500 2005 12 27 44418.0812 A
01013500 2005 12 28 44394.0012 A
01013500 2005 12 29 44437.7699 A
01013500 2005 12 30 44395.6196 A
01013500 2005 12 31 44357.2943 A
01013500 2006 1 1 44387.4244 A
01013500 2006 1 2 44409.4894 A
01013500 2006 1 3 44594.2539 A
01013500 2006 1 4 44414.2466 A
01013500 2006 1 5 44482.3978 A
01013500 2006 1 6 44428.8548 A
01013500 2006 1 7 44419.2845 A
01013500 2006 1 8 44387.0405 A
01013500 2006 1 9 44498.5434 A
01013500 2006 1 10 44467.7652 A
01013500 2006 1 11 44428.4265 A
01013500 2006 1 12 44490.0726 A
01013500 2006 1 13 44690.1995 A
01013500 2006 1 14 44515.2471 A
01013500 2006 1 15 44456.2548 A
01013500 2006 1 16 44531.6693 A
01013500 2006 1 17 44549.5697 A
01013500 2006 1 18 44541.6095 A
01013500 2006 1 19 44507.1827 A
01013500 2006 1 20 44511.8816 A
01013500 2006 1 21 44538.4390 A
01013500 2006 1 22 44604.3331 A
01013500 2006 1 23 44593.7326 A
01013500 2006 1 24 44637.1668 A
01013500 2006 1 25 44745.3430 A
01013500 2006 1 26 44597.7825 A
01013500 2006 1 27 44660.2076 A
01013500 2006 1 28 44700.2712 A
01013500 2006 1 29 44596.5746 A
01013500 2006 1 30 44661.0847 A
01013500 2006 1 31 44774.3376 A
01013500 2006 2 1 44681.3425 A
01013500 2006 2 2 44673.7694 A
01013500 2006 2 3 44651.3675 A
01013500 2006 2 4 44728.4576 A
01013500 2006 2 5 44841.7187 A
01013500 2006 2 6 44739.5700 A
01013500 2006 2 7 44721.4434 A
01013500 2006 2 8 44781.8055 A
01013500 2006 2 9 44868.2141 A
01013500 2006 2 10 45057.5625 A
01013500 2006 2 11 44881.2593 A
01013500 2006 2 12 44888.5533 A
01013500 2006 2 13 44937.0145 A
01013500 2006 2 14 44973.4743 A
01013500 2006 2 15 45047.9366 A
01013500 2006 2 16 44992.2943 A
01013500 2006 2 17 44968.5798 A
01013500 2006 2 18 44899.6378 A
01013500 2006 2 19 44946.7968 A
01013500 2006 2 20 44947.6299 A
01013500 2006 2 21 45092.9898 A
01013500 2006 2 22 45046.1605 A
01013500 2006 2 23 44975.7359 A
01013500 2006 2 24 45136.6150 A
01013500 2006 2 25 45042.9837 A
01013500 2006 2 26 44996.4116 A
01013500 2006 2 27 45118.7223 A
01013500 2006 2 28 45141.7605 A
01013500 2006 3 1 45147.9025 A
01013500 2006 3 2 45153.3237 A
01013500 2006 3 3 45135.4062 A
01013500 2006 3 4 45071.3366 A
01013500 2006 3 5 45201.9981 A
01013500 2006 3 6 45137.4320 A
01013500 2006 3 7 45353.1089 A
01013500 2006 3 8 45243.2765 A
01013500 2006 3 9 45264.7110 A
01013500 2006 3 10 45340.1057 A
01013500 2006 3 11 45238.4398 A
01013500 2006 3 12 45491.6625 A
01013500 2006 3 13 45418.3170 A
01013500 2006 3 14 45451.3786 A
01013500 2006 3 15 45450.1124 A
01013500 2006 3 16 45443.1374 A
01013500 2006 3 17 45540.7145 A
01013500 2006 3 18 45544.6424 A
01013500 2006 3 19 45700.7016 A
01013500 2006 3 20 45744.2921 A
01013500 2006 3 21 45697.6684 A
01013500 2006 3 22 45638.9927 A
01013500 2006 3 23 45736.4985 A
01013500 2006 3 24 45842.7413 A
01013500 2006 3 25 45954.2498 A
01013500 2006 3 26 45990.2385 A
01013500 2006 3 27 46122.9121 A
01013500 2006 3 28 46030.3970 A
01013500 2006 3 29 45938.6374 A
01013500 2006 3 30 45896.2972 A
01013500 2006 3 31 46093.7104 A
01013500 2006 4 1 45898.6331 A
01013500 2006 4 2 46066.8779 A
01013500 2006 4 3 45929.7538 A
01013500 2006 4 4 45919.2796 A
01013500 2006 4 5 46028.0526 A
01013500 2006 4 6 46336.1560 A
01013500 2006 4 7 46033.6241 A
01013500 2006 4 8 46155.5263 A
01013500 2006 4 9 46175.3616 A
01013500 2006 4 10 46103.3229 A
01013500 2006 4 11 46067.1263 A
01013500 2006 4 12 46307.4658 A
01013500 2006 4 13 46186.1132 A
01013500 2006 4 14 46253.8747 A
01013500 2006 4 15 46135.4407 A
01013500 2006 4 16 46310.4002 A
01013500 2006 4 17 46377.4193 A
01013500 2006 4 18 46178.8756 A
01013500 2006 4 19 46197.2556 A
01013500 2006 4 20 46237.9295 A
01013500 2006 4 21 46235.9939 A
01013500 2006 4 22 46298.1531 A
01013500 2006 4 23 46848.9923 A
01013500 2006 4 24 46530.5371 A
01013500 2006 4 25 46607.8594 A
01013500 2006 4 26 46421.4358 A
01013500 2006 4 27 46474.2486 A
01013500 2006 4 28 46476.0237 A
01013500 2006 4 29 46525.4480 A
01013500 2006 4 30 46508.9133 A
01013500 2006 5 1 46436.2335 A
01013500 2006 5 2 46739.3200 A
01013500 2006 5 3 46692.4555 A
01013500 2006 5 4 46639.7518 A
01013500 2006 5 5 46687.7671 A
01013500 2006 5 6 46569.1976 A
01013500 2006 5 7 46749.9556 A
01013500 2006 5 8 46599.3481 A
01013500 2006 5 9 46615.2618 A
01013500 2006 5 10 46640.7148 A
01013500 2006 5 11 46869.5178 A
01013500 2006 5 12 46816.4565 A
01013500 2006 5 13 46652.9976 A
01013500 2006 5 14 46677.0804 A
01013500 2006 5 15 46787.9909 A
01013500 2006 5 16 47077.8816 A
01013500 2006 5 17 46768.0631 A
01013500 2006 5 18 46761.1785 A
01013500 2006 5 19 46924.7112 A
01013500 2006 5 20 46997.4818 A
01013500 2006 5 21 46858.3995 A
01013500 2006 5 22 46995.1355 A
01013500 2006 5 23 46863.4273 A
01013500 2006 5 24 47013.5365 A
01013500 2006 5 25 46990.9873 A
01013500 2006 5 26 46942.6518 A
01013500 2006 5 27 47322.3458 A
01013500 2006 5 28 47068.5882 A
01013500 2006 5 29 47235.4768 A
01013500 2006 5 30 47506.8376 A
01013500 2006 5 31 47092.7508 A
01013500 2006 6 1 47193.9424 A
01013500 2006 6 2 47137.4625 A
01013500 2006 6 3 47136.1947 A
01013500 2006 6 4 47116.2932 A
01013500 2006 6 5 47465.2937 A
01013500 2006 6 6 47172.7491 A
01013500 2006 6 7 47238.3210 A
01013500 2006 6 8 47151.9835 A
01013500 2006 6 9 47184.9747 A
01013500 2006 6 10 47340.3654 A
01013500 2006 6 11 47324.1882 A
01013500 2006 6 12 47497.7159 A
01013500 2006 6 13 47268.6019 A
01013500 2006 6 14 47282.3798 A
01013500 2006 6 15 47281.2958 A
01013500 2006 6 16 47250.2790 A
01013500 2006 6 17 47247.4995 A
01013500 2006 6 18 47324.8714 A
01013500 2006 6 19 47300.2011 A
01013500 2006 6 20 47671.1933 A
01013500 2006 6 21 47452.3044 A
01013500 2006 6 22 47409.3466 A
01013500 2006 6 23 47405.2898 A
01013500 2006 6 24 47406.4426 A
01013500 2006 6 25 47575.9093 A
01013500 2006 6 26 47643.7884 A
01013500 2006 6 27 47533.2396 A
01013500 2006 6 28 47533.0412 A
01013500 2006 6 29 47487.6835 A
01013500 2006 6 30 47492.4672 A
01013500 2006 7 1 47488.9109 A
01013500 2006 7 2 47531.3164 A
01013500 2006 7 3 47482.9777 A
01013500 2006 7 4 47491.8487 A
01013500 2006 7 5 47627.9159 A
01013500 2006 7 6 47477.7135 A
01013500 2006 7 7 47542.5003 A
01013500 2006 7 8 47583.3853 A
01013500 2006 7 9 47724.6378 A
01013500 2006 7 10 47631.8573 A
01013500 2006 7 11 47622.1007 A
01013500 2006 7 12 47542.4913 A
01013500 2006 7 13 47559.0130 A
01013500 2006 7 14 47708.7548 A
01013500 2006 7 15 47691.6318 A
01013500 2006 7 16 47707.3089 A
01013500 2006 7 17 47609.2825 A
01013500 2006 7 18 47692.9521 A
01013500 2006 7 19 47696.9806 A
01013500 2006 7 20 47700.4083 A
01013500 2006 7 21 47654.7311 A
01013500 2006 7 22 47749.7049 A
01013500 2006 7 23 47677.1667 A
01013500 2006 7 24 47686.1391 A
01013500 2006 7 25 47745.2229 A
01013500 2006 7 26 47893.7608 A
01013500 2006 7 27 47759.7065 A
01013500 2006 7 28 47747.9744 A
01013500 2006 7 29 47734.3897 A
01013500 2006 7 30 47853.4206 A
01013500 2006 7 31 47857.3028 A
01013500 2006 8 1 47812.8668 A
01013500 2006 8 2 47768.5026 A
01013500 2006 8 3 47917.7340 A
01013500 2006 8 4 47966.2407 A
01013500 2006 8 5 47818.5337 A
01013500 2006 8 6 47814.7377 A
01013500 2006 8 7 47888.6343 A
01013500 2006 8 8 47915.3713 A
01013500 2006 8 9 47882.0312 A
01013500 2006 8 10 47932.6423 A
01013500 2006 8 11 47859.4856 A
01013500 2006 8 12 47872.6406 A
01013500 2006 8 13 47870.0135 A
01013500 2006 8 14 47838.1919 A
01013500 2006 8 15 47851.1173 A
01013500 2006 8 16 47890.7171 A
01013500 2006 8 17 47846.5243 A
01013500 2006 8 18 47865.6764 A
01013500 2006 8 19 47835.7973 A
01013500 2006 8 20 47819.9414 A
01013500 2006 8 21 47930.0818 A
01013500 2006 8 22 47979.0751 A
01013500 2006 8 23 47903.8461 A
01013500 2006 8 24 47947.2309 A
01013500 2006 8 25 47911.8578 A
01013500 2006 8 26 47925.0977 A
01013500 2006 8 27 47886.5559 A
01013500 2006 8 28 47875.4640 A
01013500 2006 8 29 47897.0376 A
01013500 2006 8 30 47969.5808 A
01013500 2006 8 31 47908.6351 A
01013500 2006 9 1 47942.8886 A
01013500 2006 9 2 47933.6671 A
01013500 2006 9 3 47951.6863 A
01013500 2006 9 4 47948.9004 A
01013500 2006 9 5 47941.7431 A
01013500 2006 9 6 47899.5970 A
01013500 2006 9 7 47917.6831 A
01013500 2006 9 8 47986.6265 A
01013500 2006 9 9 47967.3011 A
01013500 2006 9 10 48092.5556 A
01013500 2006 9 11 47997.2526 A
01013500 2006 9 12 47934.0453 A
01013500 2006 9 13 47976.7651 A
01013500 2006 9 14 48204.4484 A
01013500 2006 9 15 48007.0040 A
01013500 2006 9 16 48015.9628 A
01013500 2006 9 17 47970.2738 A
01013500 2006 9 18 48057.6864 A
01013500 2006 9 19 48054.0140 A
01013500 2006 9 20 48115.6865 A
01013500 2006 9 21 48044.4027 A
01013500 2006 9 22 48075.5793 A
01013500 2006 9 23 48034.1712 A
01013500 2006 9 24 48056.1223 A
01013500 2006 9 25 48069.1458 A
01013500 2006 9 26 48147.7555 A
01013500 2006 9 27 48104.4665 A
01013500 2006 9 28 48137.4262 A
01013500 2006 9 29 48044.1090 A
01013500 2006 9 30 48205.2672 A
01013500 2006 10 1 48091.7178 A
01013500 2006 10 2 48068.5036 A
01013500 2006 10 3 48186.1330 A
01013500 2006 10 4 48090.1018 A
01013500 2006 10 5 48118.5855 A
01013500 2006 10 6 48162.2214 A
01013500 2006 10 7 48204.3551 A
01013500 2006 10 8 48145.6581 A
01013500 2006 10 9 48169.6895 A
01013500 2006 10 10 48113.7886 A
01013500 2006 10 11 48120.0333 A
01013500 2006 10 12 48182.1810 A
01013500 2006 10 13 48103.1299 A
01013500 2006 10 14 48137.0621 A
01013500 2006 10 15 48146.4503 A
01013500 2006 10 16 48122.9317 A
01013500 2006 10 17 48174.7605 A
01013500 2006 10 18 48132.7670 A
01013500 2006 10 19 48143.5819 A
01013500 2006 10 20 48218.4154 A
01013500 2006 10 21 48218.7309 A
01013500 2006 10 22 48221.4681 A
01013500 2006 10 23 48192.9501 A
01013500 2006 10 24 48200.0149 A
01013500 2006 10 25 48251.8758 A
01013500 2006 10 26 48180.4054 A
01013500 2006 10 27 48263.4153 A
01013500 2006 10 28 48191.6619 A
01013500 2006 10 29 48194.1477 A
01013500 2006 10 30 48218.0630 A
01013500 2006 10 31 48154.5626 A
01013500 2006 11 1 48182.8450 A
01013500 2006 11 2 48192.4333 A
01013500 2006 11 3 48195.8639 A
01013500 2006 11 4 48317.7138 A
01013500 2006 11 5 48187.0790 A
01013500 2006 11 6 48255.0033 A
01013500 2006 11 7 48299.3942 A
01013500 2006 11 8 48232.8704 A
01013500 2006 11 9 48222.3776 A
01013500 2006 11 10 48224.9166 A
01013500 2006 11 11 48198.0506 A
01013500 2006 11 12 48240.5360 A
01013500 2006 11 13 48219.7119 A
01013500 2006 11 14 48232.4796 A
01013500 2006 11 15 48202.4704 A
01013500 2006 11 16 48225.1139 A
01013500 2006 11 17 48235.2124 A
01013500 2006 11 18 48400.0046 A
01013500 2006 11 19 48680.4103 A
01013500 2006 11 20 48406.4053 A
01013500 2006 11 21 48330.5226 A
01013500 2006 11 22 48343.2877 A
01013500 2006 11 23 48307.1597 A
01013500 2006 11 24 48360.1240 A
01013500 2006 11 25 48339.1003 A
01013500 2006 11 26 48289.8796 A
01013500 2006 11 27 48416.8973 A
01013500 2006 11 28 48324.4133 A
01013500 2006 11 29 48306.7441 A
01013500 2006 11 30 48414.7258 A
01013500 2006 12 1 48393.7649 A
01013500 2006 12 2 48493.4569 A
01013500 2006 12 3 48415.5170 A
01013500 2006 12 4 48534.7491 A
01013500 2006 12 5 48414.0990 A
01013500 2006 12 6 48472.7029 A
01013500 2006 12 7 48677.6035 A
01013500 2006 12 8 48547.4456 A
01013500 2006 12 9 48568.7935 A
01013500 2006 12 10 48578.9636 A
01013500 2006 12 11 48588.2146 A
01013500 2006 12 12 48488.0591 A
01013500 2006 12 13 48516.8059 A
01013500 2006 12 14 48537.1785 A
01013500 2006 12 15 48576.2022 A
01013500 2006 12 16 48586.3418 A
01013500 2006 12 17 48754.2510 A
01013500 2006 12 18 48593.7405 A
01013500 2006 12 19 48650.9382 A
01013500 2006 12 20 48588.4907 A
01013500 2006 12 21 48757.3158 A
01013500 2006 12 22 48628.7794 A
01013500 2006 12 23 48609.5473 A
01013500 2006 12 24 48749.7639 A
01013500 2006 12 25 48645.4018 A
01013500 2006 12 26 48633.0387 A
01013500 2006 12 27 48622.8143 A
01013500 2006 12 28 48755.5023 A
01013500 2006 12 29 48844.5529 A
01013500 2006 12 30 48692.1357 A
01013500 2006 12 31 48756.9026 A
01013500 2007 1 1 48715.6359 A
01013500 2007 1 2 48725.4026 A
01013500 2007 1 3 48710.0132 A
01013500 2007 1 4 48680.8158 A
01013500 2007 1 5 48886.6149 A
01013500 2007 1 6 48772.1368 A
01013500 2007 1 7 48807.5862 A
01013500 2007 1 8 48781.6424 A
01013500 2007 1 9 48731.3081 A
01013500 2007 1 10 48761.3485 A
01013500 2007 1 11 48787.8562 A
01013500 2007 1 12 48770.0342 A
01013500 2007 1 13 48813.9000 A
01013500 2007 1 14 48790.8632 A
01013500 2007 1 15 48871.8332 A
01013500 2007 1 16 48819.8689 A
01013500 2007 1 17 48806.6868 A
01013500 2007 1 18 48797.9450 A
01013500 2007 1 19 48840.1564 A
01013500 2007 1 20 48845.3745 A
01013500 2007 1 21 48797.3618 A
01013500 2007 1 22 48877.2360 A
01013500 2007 1 23 48847.7257 A
01013500 2007 1 24 49049.6150 A
01013500 2007 1 25 48851.9816 A
01013500 2007 1 26 48876.0446 A
01013500 2007 1 27 48872.4497 A
01013500 2007 1 28 48884.6169 A
01013500 2007 1 29 48863.3225 A
01013500 2007 1 30 49009.7956 A
01013500 2007 1 31 48880.0969 A
01013500 2007 2 1 48878.8506 A
01013500 2007 2 2 48871.2784 A
01013500 2007 2 3 48905.1078 A
01013500 2007 2 4 48921.7333 A
01013500 2007 2 5 49025.3686 A
01013500 2007 2 6 48935.9449 A
01013500 2007 2 7 48977.5411 A
01013500 2007 2 8 49028.6790 A
01013500 2007 2 9 49037.9000 A
01013500 2007 2 10 48967.0746 A
01013500 2007 2 11 48971.1096 A
01013500 2007 2 12 48947.1700 A
01013500 2007 2 13 49024.4045 A
01013500 2007 2 14 48968.3820 A
01013500 2007 2 15 48972.8347 A
01013500 2007 2 16 49160.6704 A
01013500 2007 2 17 49056.6916 A
01013500 2007 2 18 49105.0736 A
01013500 2007 2 19 49296.9440 A
01013500 2007 2 20 49092.5640 A
01013500 2007 2 21 49047.1238 A
01013500 2007 2 22 49091.1801 A
01013500 2007 2 23 49150.2799 A
01013500 2007 2 24 49136.1555 A
01013500 2007 2 25 49226.6596 A
01013500 2007 2 26 49146.3344 A
01013500 2007 2 27 49244.8340 A
01013500 2007 2 28 49239.7831 A
01013500 2007 3 1 49236.7087 A
01013500 2007 3 2 49403.7476 A
01013500 2007 3 3 49294.5107 A
01013500 2007 3 4 49430.6013 A
01013500 2007 3 5 49278.5646 A
01013500 2007 3 6 49284.0160 A
01013500 2007 3 7 49327.1026 A
01013500 2007 3 8 49361.2066 A
01013500 2007 3 9 49529.1534 A
01013500 2007 3 10 49481.9871 A
01013500 2007 3 11 49619.1437 A
01013500 2007 3 12 49644.5675 A
01013500 2007 3 13 49700.0498 A
01013500 2007 3 14 49593.1264 A
01013500 2007 3 15 49663.0950 A
01013500 2007 3 16 49667.2760 A
01013500 2007 3 17 49868.8380 A
01013500 2007 3 18 49746.1354 A
01013500 2007 3 19 49863.0339 A
01013500 2007 3 20 49762.7158 A
01013500 2007 3 21 50087.5780 A
01013500 2007 3 22 49980.9117 A
01013500 2007 3 23 50042.9270 A
01013500 2007 3 24 50013.7840 A
01013500 2007 3 25 50132.4756 A
01013500 2007 3 26 50155.6387 A
01013500 2007 3 27 50140.2955 A
01013500 2007 3 28 50249.5588 A
01013500 2007 3 29 50027.7052 A
01013500 2007 3 30 50214.7574 A
01013500 2007 3 31 50069.5438 A
01013500 2007 4 1 50081.2046 A
01013500 2007 4 2 50158.2925 A
01013500 2007 4 3 50119.9836 A
01013500 2007 4 4 50352.7725 A
01013500 2007 4 5 50117.0814 A
01013500 2007 4 6 50097.7810 A
01013500 2007 4 7 50115.9624 A
01013500 2007 4 8 50234.1215 A
01013500 2007 4 9 50191.8429 A
01013500 2007 4 10 50138.9625 A
01013500 2007 4 11 50197.3294 A
01013500 2007 4 12 50182.0789 A
01013500 2007 4 13 50384.7309 A
01013500 2007 4 14 50491.1552 A
01013500 2007 4 15 50240.3161 A
01013500 2007 4 16 50398.5448 A
01013500 2007 4 17 50355.2302 A
01013500 2007 4 18 50318.5304 A
01013500 2007 4 19 50358.2232 A
01013500 2007 4 20 50631.1663 A
01013500 2007 4 21 50400.6924 A
01013500 2007 4 22 50381.2359 A
01013500 2007 4 23 50437.2875 A
01013500 2007 4 24 50617.4684 A
01013500 2007 4 25 50777.1168 A
01013500 2007 4 26 50510.6906 A
01013500 2007 4 27 50536.7381 A
01013500 2007 4 28 50516.9474 A
01013500 2007 4 29 50530.1044 A
01013500 2007 4 30 50487.5665 A
01013500 2007 5 1 50517.2183 A
01013500 2007 5 2 50566.5139 A
01013500 2007 5 3 50526.1829 A
01013500 2007 5 4 50836.1692 A
01013500 2007 5 5 50707.6487 A
01013500 2007 5 6 50640.4313 A
01013500 2007 5 7 50761.4870 A
01013500 2007 5 8 50908.6348 A
01013500 2007 5 9 50663.3347 A
01013500 2007 5 10 50792.2130 A
01013500 2007 5 11 50788.9176 A
01013500 2007 5 12 50710.4660 A
01013500 2007 5 13 50697.8495 A
01013500 2007 5 14 50750.6123 A
01013500 2007 5 15 50965.5147 A
01013500 2007 5 16 50767.4830 A
01013500 2007 5 17 50808.6814 A
01013500 2007 5 18 50803.3227 A
01013500 2007 5 19 50754.9258 A
01013500 2007 5 20 50754.3505 A
01013500 2007 5 21 50782.8761 A
01013500 2007 5 22 50731.8220 A
01013500 2007 5 23 50826.0936 A
01013500 2007 5 24 50782.1647 A
01013500 2007 5 25 50771.6987 A
01013500 2007 5 26 50839.1962 A
01013500 2007 5 27 50823.3253 A
01013500 2007 5 28 50875.9326 A
01013500 2007 5 29 51082.3865 A
01013500 2007 5 30 50856.2493 A
01013500 2007 5 31 51162.8521 A
01013500 2007 6 1 50913.6459 A
01013500 2007 6 2 50905.6351 A
01013500 2007 6 3 51083.5060 A
01013500 2007 6 4 50980.6191 A
01013500 2007 6 5 51097.2577 A
01013500 2007 6 6 51143.1435 A
01013500 2007 6 7 50991.1653 A
01013500 2007 6 8 51117.9796 A
01013500 2007 6 9 51092.1083 A
01013500 2007 6 10 51065.0926 A
01013500 2007 6 11 51308.1146 A
01013500 2007 6 12 51281.3941 A
01013500 2007 6 13 51122.6579 A
01013500 2007 6 14 51171.2214 A
01013500 2007 6 15 51230.6945 A
01013500 2007 6 16 51277.7132 A
01013500 2007 6 17 51175.0368 A
01013500 2007 6 18 51154.0799 A
01013500 2007 6 19 51178.3445 A
01013500 2007 6 20 51180.2865 A
01013500 2007 6 21 51214.4189 A
01013500 2007 6 22 51205.1156 A
01013500 2007 6 23 51159.1238 A
01013500 2007 6 24 51238.8268 A
01013500 2007 6 25 51206.6665 A
01013500 2007 6 26 51313.5009 A
01013500 2007 6 27 51240.2277 A
01013500 2007 6 28 51407.8577 A
01013500 2007 6 29 51355.7009 A
01013500 2007 6 30 51303.6362 A
01013500 2007 7 1 51387.5380 A
01013500 2007 7 2 51605.2849 A
01013500 2007 7 3 51500.0863 A
01013500 2007 7 4 51356.0482 A
01013500 2007 7 5 51632.5725 A
01013500 2007 7 6 51471.3991 A
01013500 2007 7 7 51681.8722 A
01013500 2007 7 8 51464.9750 A
01013500 2007 7 9 51603.2646 A
01013500 2007 7 10 51504.9400 A
01013500 2007 7 11 51527.7811 A
01013500 2007 7 12 51559.2607 A
01013500 2007 7 13 51710.0608 A
01013500 2007 7 14 51556.1663 A
01013500 2007 7 15 51572.2392 A
01013500 2007 7 16 51554.1652 A
01013500 2007 7 17 51557.5851 A
01013500 2007 7 18 51545.1284 A
01013500 2007 7 19 51555.6501 A
01013500 2007 7 20 51605.9097 A
01013500 2007 7 21 51534.3152 A
01013500 2007 7 22 51549.1372 A
01013500 2007 7 23 51566.7722 A
01013500 2007 7 24 51557.8794 A
01013500 2007 7 25 51657.5770 A
01013500 2007 7 26 51629.5614 A
01013500 2007 7 27 51694.3199 A
01013500 2007 7 28 51586.8350 A
01013500 2007 7 29 51587.3494 A
01013500 2007 7 30 51625.8704 A
01013500 2007 7 31 51627.1030 A
01013500 2007 8 1 51685.6475 A
01013500 2007 8 2 51652.8837 A
01013500 2007 8 3 51748.7799 A
01013500 2007 8 4 51681.9857 A
01013500 2007 8 5 51725.7243 A
01013500 2007 8 6 51709.0321 A
01013500 2007 8 7 51697.9255 A
01013500 2007 8 8 51697.8021 A
01013500 2007 8 9 51661.2487 A
01013500 2007 8 10 51682.4012 A
01013500 2007 8 11 51673.9718 A
01013500 2007 8 12 51648.6311 A
01013500 2007 8 13 51658.8800 A
01013500 2007 8 14 51730.1204 A
01013500 2007 8 15 51642.2337 A
01013500 2007 8 16 51742.8850 A
01013500 2007 8 17 51706.2222 A
01013500 2007 8 18 51715.6464 A
01013500 2007 8 19 51694.8547 A
01013500 2007 8 20 51728.4594 A
01013500 2007 8 21 51791.8098 A
01013500 2007 8 22 51781.9770 A
01013500 2007 8 23 51725.9795 A
01013500 2007 8 24 51775.8151 A
01013500 2007 8 25 51783.5803 A
01013500 2007 8 26 51745.4912 A
01013500 2007 8 27 51786.7557 A
01013500 2007 8 28 51791.3485 A
01013500 2007 8 29 51757.4328 A
01013500 2007 8 30 51729.2860 A
01013500 2007 8 31 51762.6269 A
01013500 2007 9 1 51935.7370 A
01013500 2007 9 2 51784.5405 A
01013500 2007 9 3 51872.5824 A
01013500 2007 9 4 51852.7807 A
01013500 2007 9 5 51870.8681 A
01013500 2007 9 6 51874.2202 A
01013500 2007 9 7 51901.9857 A
01013500 2007 9 8 51849.3609 A
01013500 2007 9 9 52087.1695 A
01013500 2007 9 10 51936.1950 A
01013500 2007 9 11 51881.3643 A
01013500 2007 9 12 51915.8497 A
01013500 2007 9 13 51917.1770 A
01013500 2007 9 14 51917.1787 A
01013500 2007 9 15 51862.1459 A
01013500 2007 9 16 51950.4299 A
01013500 2007 9 17 51912.3001 A
01013500 2007 9 18 51914.2280 A
01013500 2007 9 19 51946.2068 A
01013500 2007 9 20 51949.8570 A
01013500 2007 9 21 51903.9877 A
01013500 2007 9 22 51910.1470 A
01013500 2007 9 23 51934.8063 A
01013500 2007 9 24 51892.6685 A
01013500 2007 9 25 51927.4350 A
01013500 2007 9 26 51895.7162 A
01013500 2007 9 27 51915.0584 A
01013500 2007 9 28 51954.8584 A
01013500 2007 9 29 51950.0858 A
01013500 2007 9 30 51879.7229 A
01013500 2007 10 1 51972.3442 A
01013500 2007 10 2 51880.3928 A
01013500 2007 10 3 51978.0927 A
01013500 2007 10 4 51945.3518 A
01013500 2007 10 5 51920.0056 A
01013500 2007 10 6 51964.5316 A
01013500 2007 10 7 52018.8657 A
01013500 2007 10 8 51951.9331 A
01013500 2007 10 9 51920.3514 A
01013500 2007 10 10 51922.1113 A
01013500 2007 10 11 51972.0094 A
01013500 2007 10 12 51987.1310 A
01013500 2007 10 13 51962.5639 A
01013500 2007 10 14 52001.7138 A
01013500 2007 10 15 51986.9166 A
01013500 2007 10 16 52020.2260 A
01013500 2007 10 17 51971.9852 A
01013500 2007 10 18 52015.7365 A
01013500 2007 10 19 52053.2968 A
01013500 2007 10 20 51967.0750 A
01013500 2007 10 21 52027.7098 A
01013500 2007 10 22 52001.9155 A
01013500 2007 10 23 51943.9349 A
01013500 2007 10 24 52009.2760 A
01013500 2007 10 25 52007.6841 A
01013500 2007 10 26 52001.7870 A
01013500 2007 10 27 52029.6951 A
01013500 2007 10 28 52016.7433 A
01013500 2007 10 29 52021.5937 A
01013500 2007 10 30 52088.8084 A
01013500 2007 10 31 52043.5609 A
01013500 2007 11 1 52116.1930 A
01013500 2007 11 2 52079.7318 A
01013500 2007 11 3 52066.4017 A
01013500 2007 11 4 52076.6897 A
01013500 2007 11 5 52045.7999 A
01013500 2007 11 6 52064.0917 A
01013500 2007 11 7 52047.2455 A
01013500 2007 11 8 52039.5472 A
01013500 2007 11 9 52043.3928 A
01013500 2007 11 10 52041.8261 A
01013500 2007 11 11 51999.1477 A
01013500 2007 11 12 52062.4251 A
01013500 2007 11 13 52145.1545 A
01013500 2007 11 14 52078.6324 A
01013500 2007 11 15 52052.5333 A
01013500 2007 11 16 52049.1696 A
01013500 2007 11 17 52061.3503 A
01013500 2007 11 18 52085.0154 A
01013500 2007 11 19 52075.2895 A
01013500 2007 11 20 52105.5130 A
01013500 2007 11 21 52070.9112 A
01013500 2007 11 22 52034.0459 A
01013500 2007 11 23 52123.0297 A
01013500 2007 11 24 52090.6957 A
01013500 2007 11 25 52101.1817 A
01013500 2007 11 26 52067.4109 A
01013500 2007 11 27 52217.8163 A
01013500 2007 11 28 52089.5102 A
01013500 2007 11 29 52137.9817 A
01013500 2007 11 30 52075.4463 A
01013500 2007 12 1 52078.6544 A
01013500 2007 12 2 52070.7046 A
01013500 2007 12 3 52084.4962 A
01013500 2007 12 4 52109.4093 A
01013500 2007 12 5 52096.1983 A
01013500 2007 12 6 52069.2459 A
01013500 2007 12 7 52080.0478 A
01013500 2007 12 8 52165.9688 A
01013500 2007 12 9 52090.1025 A
01013500 2007 12 10 52097.7580 A
01013500 2007 12 11 52082.8088 A
01013500 2007 12 12 52117.7960 A
01013500 2007 12 13 52092.9324 A
01013500 2007 12 14 52101.8806 A
01013500 2007 12 15 52101.0154 A
01013500 2007 12 16 52096.9758 A
01013500 2007 12 17 52162.2899 A
01013500 2007 12 18 52150.9933 A
01013500 2007 12 19 52119.8895 A
01013500 2007 12 20 52118.9142 A
01013500 2007 12 21 52113.4694 A
01013500 2007 12 22 52125.9992 A
01013500 2007 12 23 52146.4673 A
01013500 2007 12 24 52156.5733 A
01013500 2007 12 25 52105.0962 A
01013500 2007 12 26 52173.5558 A
01013500 2007 12 27 52159.8927 A
01013500 2007 12 28 52238.2741 A
01013500 2007 12 29 52269.4124 A
01013500 2007 12 30 52191.7323 A
01013500 2007 12 31 52196.3634 A
01013500 2008 1 1 52188.2762 A
01013500 2008 1 2 52185.3898 A
01013500 2008 1 3 52234.1748 A
01013500 2008 1 4 52195.4255 A
01013500 2008 1 5 52173.6953 A
01013500 2008 1 6 52190.3627 A
01013500 2008 1 7 52247.4713 A
01013500 2008 1 8 52185.3835 A
01013500 2008 1 9 52200.3812 A
01013500 2008 1 10 52273.9854 A
01013500 2008 1 11 52206.4993 A
01013500 2008 1 12 52278.5264 A
01013500 2008 1 13 52209.9342 A
01013500 2008 1 14 52262.1625 A
01013500 2008 1 15 52244.2061 A
01013500 2008 1 16 52219.5086 A
01013500 2008 1 17 52429.2193 A
01013500 2008 1 18 52321.3288 A
01013500 2008 1 19 52268.2101 A
01013500 2008 1 20 52480.4079 A
01013500 2008 1 21 52333.5744 A
01013500 2008 1 22 52274.8640 A
01013500 2008 1 23 52298.4932 A
01013500 2008 1 24 52307.0578 A
01013500 2008 1 25 52284.1752 A
01013500 2008 1 26 52358.9247 A
01013500 2008 1 27 52397.9331 A
01013500 2008 1 28 52305.2962 A
01013500 2008 1 29 52357.3322 A
01013500 2008 1 30 52355.0137 A
01013500 2008 1 31 52337.8675 A
01013500 2008 2 1 52435.1425 A
01013500 2008 2 2 52347.4761 A
01013500 2008 2 3 52407.3363 A
01013500 2008 2 4 52450.3857 A
01013500 2008 2 5 52401.1608 A
01013500 2008 2 6 52352.1899 A
01013500 2008 2 7 52442.9984 A
01013500 2008 2 8 52433.4208 A
01013500 2008 2 9 52451.6702 A
01013500 2008 2 10 52603.6704 A
01013500 2008 2 11 52553.8599 A
01013500 2008 2 12 52492.5141 A
01013500 2008 2 13 52476.2670 A
01013500 2008 2 14 52517.0899 A
01013500 2008 2 15 52477.6061 A
01013500 2008 2 16 52473.0654 A
01013500 2008 2 17 52534.1382 A
01013500 2008 2 18 52500.8205 A
01013500 2008 2 19 52506.2417 A
01013500 2008 2 20 52528.8232 A
01013500 2008 2 21 52536.2486 A
01013500 2008 2 22 52555.2873 A
01013500 2008 2 23 52680.6151 A
01013500 2008 2 24 52542.7821 A
01013500 2008 2 25 52547.7714 A
01013500 2008 2 26 52544.7996 A
01013500 2008 2 27 52748.2388 A
01013500 2008 2 28 52612.3996 A
01013500 2008 2 29 53128.8289 A
01013500 2008 3 1 52727.4599 A
01013500 2008 3 2 52771.9679 A
01013500 2008 3 3 52835.7340 A
01013500 2008 3 4 52738.2543 A
01013500 2008 3 5 52787.9850 A
01013500 2008 3 6 52863.6316 A
01013500 2008 3 7 52913.5268 A
01013500 2008 3 8 52968.8721 A
01013500 2008 3 9 52909.3669 A
01013500 2008 3 10 53053.7281 A
01013500 2008 3 11 52965.8357 A
01013500 2008 3 12 53122.1449 A
01013500 2008 3 13 53053.7514 A
01013500 2008 3 14 53098.2477 A
01013500 2008 3 15 53208.2475 A
01013500 2008 3 16 53153.8209 A
01013500 2008 3 17 53359.9187 A
01013500 2008 3 18 53450.0469 A
01013500 2008 3 19 53332.8170 A
01013500 2008 3 20 53480.0419 A
01013500 2008 3 21 53384.2097 A
01013500 2008 3 22 53402.9639 A
01013500 2008 3 23 53295.9997 A
01013500 2008 3 24 53262.0260 A
01013500 2008 3 25 53840.0434 A
01013500 2008 3 26 53449.5031 A
01013500 2008 3 27 53459.1324 A
01013500 2008 3 28 53501.4095 A
01013500 2008 3 29 53485.3982 A
01013500 2008 3 30 53691.9031 A
01013500 2008 3 31 53481.4785 A
01013500 2008 4 1 53563.0263 A
01013500 2008 4 2 53583.3774 A
01013500 2008 4 3 53483.1696 A
01013500 2008 4 4 53491.5470 A
01013500 2008 4 5 53774.9020 A
01013500 2008 4 6 53562.5714 A
01013500 2008 4 7 53716.8556 A
01013500 2008 4 8 53613.0705 A
01013500 2008 4 9 53557.9356 A
01013500 2008 4 10 53527.0302 A
01013500 2008 4 11 53545.9836 A
01013500 2008 4 12 53680.8590 A
01013500 2008 4 13 53620.9335 A
01013500 2008 4 14 53729.8246 A
01013500 2008 4 15 53627.4597 A
01013500 2008 4 16 53929.6547 A
01013500 2008 4 17 53647.3333 A
01013500 2008 4 18 53750.7600 A
01013500 2008 4 19 53800.4484 A
01013500 2008 4 20 53785.7877 A
01013500 2008 4 21 53809.5963 A
01013500 2008 4 22 53843.5377 A
01013500 2008 4 23 53841.1338 A
01013500 2008 4 24 53996.9012 A
01013500 2008 4 25 53898.5050 A
01013500 2008 4 26 53866.3765 A
01013500 2008 4 27 53901.0958 A
01013500 2008 4 28 53863.2561 A
01013500 2008 4 29 53871.7461 A
01013500 2008 4 30 54183.4537 A
01013500 2008 5 1 54024.6818 A
01013500 2008 5 2 54019.3706 A
01013500 2008 5 3 54032.3137 A
01013500 2008 5 4 53977.3404 A
01013500 2008 5 5 54003.7480 A
01013500 2008 5 6 54071.8226 A
01013500 2008 5 7 54031.3883 A
01013500 2008 5 8 54278.9048 A
01013500 2008 5 9 54058.1781 A
01013500 2008 5 10 54255.8680 A
01013500 2008 5 11 54240.2106 A
01013500 2008 5 12 54157.4488 A
01013500 2008 5 13 54454.6881 A
01013500 2008 5 14 54334.2697 A
01013500 2008 5 15 54451.7826 A
01013500 2008 5 16 54357.1435 A
01013500 2008 5 17 54351.1077 A
01013500 2008 5 18 54365.3122 A
01013500 2008 5 19 54342.7408 A
01013500 2008 5 20 54421.6882 A
01013500 2008 5 21 54325.3926 A
01013500 2008 5 22 54343.2782 A
01013500 2008 5 23 54316.1596 A
01013500 2008 5 24 54346.8388 A
01013500 2008 5 25 54375.4613 A
01013500 2008 5 26 54326.0961 A
01013500 2008 5 27 54329.1966 A
01013500 2008 5 28 54326.3418 A
01013500 2008 5 29 54328.9402 A
01013500 2008 5 30 54385.6311 A
01013500 2008 5 31 54568.8868 A
01013500 2008 6 1 54348.2429 A
01013500 2008 6 2 54576.4049 A
01013500 2008 6 3 54732.2609 A
01013500 2008 6 4 54609.2925 A
01013500 2008 6 5 54553.4573 A
01013500 2008 6 6 54526.2664 A
01013500 2008 6 7 54554.4493 A
01013500 2008 6 8 54909.3416 A
01013500 2008 6 9 54648.7381 A
01013500 2008 6 10 54639.8999 A
01013500 2008 6 11 54658.2747 A
01013500 2008 6 12 54592.2514 A
01013500 2008 6 13 54793.4905 A
01013500 2008 6 14 54679.9447 A
01013500 2008 6 15 54881.6328 A
01013500 2008 6 16 54792.6460 A
01013500 2008 6 17 54794.0940 A
01013500 2008 6 18 54858.5220 A
01013500 2008 6 19 54713.0519 A
01013500 2008 6 20 54733.5245 A
01013500 2008 6 21 54727.0714 A
01013500 2008 6 22 54885.7347 A
01013500 2008 6 23 54804.7068 A
01013500 2008 6 24 54989.0171 A
01013500 2008 6 25 54850.3715 A
01013500 2008 6 26 54917.8226 A
01013500 2008 6 27 55002.7136 A
01013500 2008 6 28 54984.7224 A
01013500 2008 6 29 54932.5546 A
01013500 2008 6 30 54884.3565 A
01013500 2008 7 1 54874.6406 A
01013500 2008 7 2 54956.8407 A
01013500 2008 7 3 54884.4718 A
01013500 2008 7 4 54893.4030 A
01013500 2008 7 5 54890.4297 A
01013500 2008 7 6 55015.5720 A
01013500 2008 7 7 54931.1066 A
01013500 2008 7 8 55104.9197 A
01013500 2008 7 9 55007.8223 A
01013500 2008 7 10 55012.6477 A
01013500 2008 7 11 55080.1725 A
01013500 2008 7 12 55019.3099 A
01013500 2008 7 13 55047.5261 A
01013500 2008 7 14 54999.6375 A
01013500 2008 7 15 55027.6272 A
01013500 2008 7 16 55045.6074 A
01013500 2008 7 17 55169.9966 A
01013500 2008 7 18 55063.0683 A
01013500 2008 7 19 55111.4765 A
01013500 2008 7 20 55043.7220 A
01013500 2008 7 21 55074.6202 A
01013500 2008 7 22 55074.5635 A
01013500 2008 7 23 55129.8950 A
01013500 2008 7 24 55059.0355 A
01013500 2008 7 25 55055.1115 A
01013500 2008 7 26 55144.8301 A
01013500 2008 7 27 55259.9135 A
01013500 2008 7 28 55248.0640 A
01013500 2008 7 29 55207.7572 A
01013500 2008 7 30 55274.2925 A
01013500 2008 7 31 55278.3337 A
01013500 2008 8 1 55364.0560 A
01013500 2008 8 2 55238.5809 A
01013500 2008 8 3 55315.9997 A
01013500 2008 8 4 55226.5041 A
01013500 2008 8 5 55354.3457 A
01013500 2008 8 6 55220.8972 A
01013500 2008 8 7 55239.5658 A
01013500 2008 8 8 55252.6409 A
01013500 2008 8 9 55427.7173 A
01013500 2008 8 10 55353.7654 A
01013500 2008 8 11 55323.2811 A
01013500 2008 8 12 55269.9528 A
01013500 2008 8 13 55473.1928 A
01013500 2008 8 14 55339.2866 A
01013500 2008 8 15 55281.9904 A
01013500 2008 8 16 55322.8858 A
01013500 2008 8 17 55305.0734 A
01013500 2008 8 18 55302.9178 A
01013500 2008 8 19 55301.2051 A
01013500 2008 8 20 55342.3502 A
01013500 2008 8 21 55362.0073 A
01013500 2008 8 22 55299.4172 A
01013500 2008 8 23 55365.1885 A
01013500 2008 8 24 55312.5596 A
01013500 2008 8 25 55338.3642 A
01013500 2008 8 26 55419.6571 A
01013500 2008 8 27 55342.3132 A
01013500 2008 8 28 55395.6890 A
01013500 2008 8 29 55408.9866 A
01013500 2008 8 30 55409.9942 A
01013500 2008 8 31 55440.3260 A
01013500 2008 9 1 55453.1954 A
01013500 2008 9 2 55423.6458 A
01013500 2008 9 3 55415.3164 A
01013500 2008 9 4 55418.5313 A
01013500 2008 9 5 55413.1964 A
01013500 2008 9 6 55502.5372 A
01013500 2008 9 7 55455.9381 A
01013500 2008 9 8 55413.1224 A
01013500 2008 9 9 55483.8993 A
01013500 2008 9 10 55394.5467 A
01013500 2008 9 11 55417.2574 A
01013500 2008 9 12 55492.8971 A
01013500 2008 9 13 55417.8469 A
01013500 2008 9 14 55416.5987 A
01013500 2008 9 15 55452.3776 A
01013500 2008 9 16 55478.2793 A
01013500 2008 9 17 55421.3200 A
01013500 2008 9 18 55466.9357 A
01013500 2008 9 19 55489.0136 A
01013500 2008 9 20 55482.7042 A
01013500 2008 9 21 55442.4868 A
01013500 2008 9 22 55478.6343 A
01013500 2008 9 23 55440.0756 A
01013500 2008 9 24 55454.9098 A
01013500 2008 9 25 55447.7887 A
01013500 2008 9 26 55484.8306 A
01013500 2008 9 27 55437.6290 A
01013500 2008 9 28 55450.5845 A
01013500 2008 9 29 55493.4258 A
01013500 2008 9 30 55505.3910 A
01013500 2008 10 1 55465.3260 A
01013500 2008 10 2 55518.7513 A
01013500 2008 10 3 55434.7288 A
01013500 2008 10 4 55430.4440 A
01013500 2008 10 5 55502.4463 A
01013500 2008 10 6 55526.7916 A
01013500 2008 10 7 55466.3103 A
01013500 2008 10 8 55432.1979 A
01013500 2008 10 9 55479.2794 A
01013500 2008 10 10 55486.1527 A
01013500 2008 10 11 55487.7832 A
01013500 2008 10 12 55489.3285 A
01013500 2008 10 13 55482.0134 A
01013500 2008 10 14 55448.0732 A
01013500 2008 10 15 55482.6071 A
01013500 2008 10 16 55459.4902 A
01013500 2008 10 17 55534.8865 A
01013500 2008 10 18 55569.9899 A
01013500 2008 10 19 55489.1960 A
01013500 2008 10 20 55535.4891 A
01013500 2008 10 21 55554.8101 A
01013500 2008 10 22 55538.6084 A
01013500 2008 10 23 55492.8472 A
01013500 2008 10 24 55479.6809 A
01013500 2008 10 25 55519.8659 A
01013500 2008 10 26 55520.6711 A
01013500 2008 10 27 55672.4682 A
01013500 2008 10 28 55564.5652 A
01013500 2008 10 29 55595.5905 A
01013500 2008 10 30 55578.8722 A
01013500 2008 10 31 55575.6991 A
01013500 2008 11 1 55531.8804 A
01013500 2008 11 2 55534.6564 A
01013500 2008 11 3 55536.5477 A
01013500 2008 11 4 55513.9635 A
01013500 2008 11 5 55573.2835 A
01013500 2008 11 6 55558.5445 A
01013500 2008 11 7 55531.8914 A
01013500 2008 11 8 55574.7262 A
01013500 2008 11 9 55586.3145 A
01013500 2008 11 10 55545.5681 A
01013500 2008 11 11 55609.5575 A
01013500 2008 11 12 55563.1269 A
01013500 2008 11 13 55502.3886 A
01013500 2008 11 14 55534.6697 A
01013500 2008 11 15 55622.6701 A
01013500 2008 11 16 55657.0880 A
01013500 2008 11 17 55587.7746 A
01013500 2008 11 18 55602.8681 A
01013500 2008 11 19 55628.8452 A
01013500 2008 11 20 55617.1858 A
01013500 2008 11 21 55572.6540 A
01013500 2008 11 22 55613.8929 A
01013500 2008 11 23 55570.7733 A
01013500 2008 11 24 55621.2408 A
01013500 2008 11 25 55569.9435 A
01013500 2008 11 26 55609.6000 A
01013500 2008 11 27 55583.2693 A
01013500 2008 11 28 55573.1014 A
01013500 2008 11 29 55590.9375 A
01013500 2008 11 30 55556.0106 A
01013500 2008 12 1 55591.7178 A
01013500 2008 12 2 55673.6720 A
01013500 2008 12 3 55621.0786 A
01013500 2008 12 4 55725.8620 A
01013500 2008 12 5 55614.7865 A
01013500 2008 12 6 55719.5311 A
01013500 2008 12 7 55616.2518 A
01013500 2008 12 8 55611.9714 A
01013500 2008 12 9 55752.2112 A
01013500 2008 12 10 55642.0043 A
01013500 2008 12 11 55683.0312 A
01013500 2008 12 12 55696.9762 A
01013500 2008 12 13 55834.4499 A
01013500 2008 12 14 55708.2194 A
01013500 2008 12 15 55700.8448 A
01013500 2008 12 16 55683.8191 A
01013500 2008 12 17 55813.8157 A
01013500 2008 12 18 55728.2755 A
01013500 2008 12 19 55804.0925 A
01013500 2008 12 20 55764.6544 A
01013500 2008 12 21 55735.8636 A
01013500 2008 12 22 55821.0355 A
01013500 2008 12 23 55810.5761 A
01013500 2008 12 24 55802.1066 A
01013500 2008 12 25 55865.6012 A
01013500 2008 12 26 55774.7412 A
01013500 2008 12 27 55786.4842 A
01013500 2008 12 28 55833.4043 A
01013500 2008 12 29 55876.9000 A
01013500 2008 12 30 55891.5123 A
01013500 2008 12 31 55803.2391 A
01013500 2009 1 1 55857.6315 A
01013500 2009 1 2 55825.0411 A
01013500 2009 1 3 55982.9392 A
01013500 2009 1 4 55829.3835 A
01013500 2009 1 5 55950.4969 A
01013500 2009 1 6 55858.0578 A
01013500 2009 1 7 55929.7089 A
01013500 2009 1 8 55927.2001 A
01013500 2009 1 9 55869.5058 A
01013500 2009 1 10 55911.8783 A
01013500 2009 1 11 55932.2265 A
01013500 2009 1 12 55851.8223 A
01013500 2009 1 13 55861.2518 A
01013500 2009 1 14 55879.6865 A
01013500 2009 1 15 55854.9866 A
01013500 2009 1 16 55957.7334 A
01013500 2009 1 17 55946.8881 A
01013500 2009 1 18 55920.5183 A
01013500 2009 1 19 55926.7993 A
01013500 2009 1 20 55881.4766 A
01013500 2009 1 21 55991.7251 A
01013500 2009 1 22 55899.3379 A
01013500 2009 1 23 55903.0948 A
01013500 2009 1 24 55930.1947 A
01013500 2009 1 25 55927.8957 A
01013500 2009 1 26 56003.1528 A
01013500 2009 1 27 55995.6124 A
01013500 2009 1 28 56093.1733 A
01013500 2009 1 29 55998.5422 A
01013500 2009 1 30 56069.2101 A
01013500 2009 1 31 56076.4076 A
01013500 2009 2 1 56216.1539 A
01013500 2009 2 2 56178.1307 A
01013500 2009 2 3 56136.2186 A
01013500 2009 2 4 56122.2773 A
01013500 2009 2 5 56075.5833 A
01013500 2009 2 6 56146.4206 A
01013500 2009 2 7 56118.6798 A
01013500 2009 2 8 56116.9941 A
01013500 2009 2 9 56125.3332 A
01013500 2009 2 10 56118.7923 A
01013500 2009 2 11 56146.8242 A
01013500 2009 2 12 56176.8495 A
01013500 2009 2 13 56181.7037 A
01013500 2009 2 14 56155.1444 A
01013500 2009 2 15 56205.6699 A
01013500 2009 2 16 56431.1579 A
01013500 2009 2 17 56188.6002 A
01013500 2009 2 18 56246.6703 A
01013500 2009 2 19 56358.4903 A
01013500 2009 2 20 56286.0577 A
01013500 2009 2 21 56270.7062 A
01013500 2009 2 22 56442.4250 A
01013500 2009 2 23 56294.8264 A
01013500 2009 2 24 56510.8299 A
01013500 2009 2 25 56427.7893 A
01013500 2009 2 26 56468.1712 A
01013500 2009 2 27 56422.8167 A
01013500 2009 2 28 56482.7874 A
01013500 2009 3 1 56471.8482 A
01013500 2009 3 2 56414.2037 A
01013500 2009 3 3 56608.7895 A
01013500 2009 3 4 56466.4294 A
01013500 2009 3 5 56532.7793 A
01013500 2009 3 6 56486.0756 A
01013500 2009 3 7 56609.6203 A
01013500 2009 3 8 56576.8476 A
01013500 2009 3 9 56630.6169 A
01013500 2009 3 10 56625.4715 A
01013500 2009 3 11 56715.1633 A
01013500 2009 3 12 56694.4979 A
01013500 2009 3 13 56912.7751 A
01013500 2009 3 14 56686.3519 A
01013500 2009 3 15 56805.3966 A
01013500 2009 3 16 56791.1108 A
01013500 2009 3 17 56874.7085 A
01013500 2009 3 18 56852.9135 A
01013500 2009 3 19 56869.6825 A
01013500 2009 3 20 56954.4099 A
01013500 2009 3 21 56961.2467 A
01013500 2009 3 22 57214.1964 A
01013500 2009 3 23 57233.4421 A
01013500 2009 3 24 57136.3374 A
01013500 2009 3 25 57406.8388 A
01013500 2009 3 26 57422.8938 A
01013500 2009 3 27 57384.7879 A
01013500 2009 3 28 57741.0985 A
01013500 2009 3 29 57296.0634 A
01013500 2009 3 30 57424.3768 A
01013500 2009 3 31 57390.7416 A
01013500 2009 4 1 57298.3870 A
01013500 2009 4 2 57500.5362 A
01013500 2009 4 3 57339.8130 A
01013500 2009 4 4 57320.0687 A
01013500 2009 4 5 57331.7785 A
01013500 2009 4 6 57301.0106 A
01013500 2009 4 7 57469.1798 A
01013500 2009 4 8 57458.2796 A
01013500 2009 4 9 57399.4099 A
01013500 2009 4 10 57361.2157 A
01013500 2009 4 11 57399.6424 A
01013500 2009 4 12 57509.2649 A
01013500 2009 4 13 57425.5015 A
01013500 2009 4 14 57625.5042 A
01013500 2009 4 15 57684.4214 A
01013500 2009 4 16 57858.0258 A
01013500 2009 4 17 57569.5658 A
01013500 2009 4 18 57542.7356 A
01013500 2009 4 19 57774.9770 A
01013500 2009 4 20 57875.3811 A
01013500 2009 4 21 57658.5095 A
01013500 2009 4 22 57683.0310 A
01013500 2009 4 23 57705.5137 A
01013500 2009 4 24 57637.5604 A
01013500 2009 4 25 57843.7054 A
01013500 2009 4 26 57764.1053 A
01013500 2009 4 27 57756.5439 A
01013500 2009 4 28 57772.0941 A
01013500 2009 4 29 57706.5522 A
01013500 2009 4 30 57709.4689 A
01013500 2009 5 1 57853.9017 A
01013500 2009 5 2 57755.5789 A
01013500 2009 5 3 57723.1932 A
01013500 2009 5 4 57726.5100 A
01013500 2009 5 5 57781.1817 A
01013500 2009 5 6 57760.1576 A
01013500 2009 5 7 57992.8290 A
01013500 2009 5 8 57789.5498 A
01013500 2009 5 9 57780.0272 A
01013500 2009 5 10 58263.3493 A
01013500 2009 5 11 57898.1737 A
01013500 2009 5 12 57855.6193 A
01013500 2009 5 13 58048.0339 A
01013500 2009 5 14 58234.3178 A
01013500 2009 5 15 58203.8635 A
01013500 2009 5 16 58201.6484 A
01013500 2009 5 17 58030.9471 A
01013500 2009 5 18 58380.2719 A
01013500 2009 5 19 58402.6213 A
01013500 2009 5 20 58126.9234 A
01013500 2009 5 21 58471.2675 A
01013500 2009 5 22 58408.1672 A
01013500 2009 5 23 58241.0274 A
01013500 2009 5 24 58280.8678 A
01013500 2009 5 25 58210.4234 A
01013500 2009 5 26 58372.2198 A
01013500 2009 5 27 58274.4189 A
01013500 2009 5 28 58254.5065 A
01013500 2009 5 29 58307.9340 A
01013500 2009 5 30 58528.9163 A
01013500 2009 5 31 58517.4422 A
01013500 2009 6 1 58336.7892 A
01013500 2009 6 2 58386.8614 A
01013500 2009 6 3 58328.5392 A
01013500 2009 6 4 58345.4787 A
01013500 2009 6 5 58358.0924 A
01013500 2009 6 6 58487.6499 A
01013500 2009 6 7 58490.2335 A
01013500 2009 6 8 58407.1647 A
01013500 2009 6 9 58571.5103 A
01013500 2009 6 10 58414.0638 A
01013500 2009 6 11 58733.0292 A
01013500 2009 6 12 58506.6392 A
01013500 2009 6 13 58608.3107 A
01013500 2009 6 14 58489.4339 A
01013500 2009 6 15 58484.9486 A
01013500 2009 6 16 58529.5962 A
01013500 2009 6 17 58517.8153 A
01013500 2009 6 18 58499.7989 A
01013500 2009 6 19 58674.7608 A
01013500 2009 6 20 58746.4079 A
01013500 2009 6 21 58593.3701 A
01013500 2009 6 22 58566.2644 A
01013500 2009 6 23 58577.0087 A
01013500 2009 6 24 58652.3282 A
01013500 2009 6 25 58663.3843 A
01013500 2009 6 26 58671.5984 A
01013500 2009 6 27 58763.8671 A
01013500 2009 6 28 58791.4338 A
01013500 2009 6 29 58706.6643 A
01013500 2009 6 30 58696.2165 A
01013500 2009 7 1 58924.8698 A
01013500 2009 7 2 58745.1744 A
01013500 2009 7 3 58757.7873 A
01013500 2009 7 4 58765.8621 A
01013500 2009 7 5 58781.7354 A
01013500 2009 7 6 58812.0915 A
01013500 2009 7 7 58802.0533 A
01013500 2009 7 8 58879.5306 A
01013500 2009 7 9 58796.1289 A
01013500 2009 7 10 58826.7252 A
01013500 2009 7 11 58773.0231 A
01013500 2009 7 12 58787.3276 A
01013500 2009 7 13 58938.4015 A
01013500 2009 7 14 59027.1258 A
01013500 2009 7 15 59164.4422 A
01013500 2009 7 16 59021.8744 A
01013500 2009 7 17 58986.7571 A
01013500 2009 7 18 58927.8810 A
01013500 2009 7 19 59008.3140 A
01013500 2009 7 20 59038.6277 A
01013500 2009 7 21 58942.6971 A
01013500 2009 7 22 59033.6992 A
01013500 2009 7 23 59017.6985 A
01013500 2009 7 24 58976.8859 A
01013500 2009 7 25 58938.1362 A
01013500 2009 7 26 59108.3193 A
01013500 2009 7 27 58971.9738 A
01013500 2009 7 28 58961.6751 A
01013500 2009 7 29 58956.2035 A
01013500 2009 7 30 59159.6896 A
01013500 2009 7 31 58994.7352 A
01013500 2009 8 1 58990.8580 A
01013500 2009 8 2 59036.6852 A
01013500 2009 8 3 59001.5559 A
01013500 2009 8 4 59120.7903 A
01013500 2009 8 5 59007.7402 A
01013500 2009 8 6 59054.3617 A
01013500 2009 8 7 59076.9358 A
01013500 2009 8 8 59022.0229 A
01013500 2009 8 9 59157.3832 A
01013500 2009 8 10 59046.9656 A
01013500 2009 8 11 59087.3429 A
01013500 2009 8 12 59025.4299 A
01013500 2009 8 13 59089.6713 A
01013500 2009 8 14 59048.3335 A
01013500 2009 8 15 59014.9982 A
01013500 2009 8 16 59083.9765 A
01013500 2009 8 17 59083.1260 A
01013500 2009 8 18 59103.0038 A
01013500 2009 8 19 59120.7970 A
01013500 2009 8 20 59179.1675 A
01013500 2009 8 21 59118.5652 A
01013500 2009 8 22 59259.3001 A
01013500 2009 8 23 59185.3371 A
01013500 2009 8 24 59145.6865 A
01013500 2009 8 25 59139.6099 A
01013500 2009 8 26 59197.5924 A
01013500 2009 8 27 59311.9218 A
01013500 2009 8 28 59161.8101 A
01013500 2009 8 29 59280.6914 A
01013500 2009 8 30 59183.1353 A
01013500 2009 8 31 59301.6073 A
01013500 2009 9 1 59178.2518 A
01013500 2009 9 2 59186.1833 A
01013500 2009 9 3 59238.6476 A
01013500 2009 9 4 59194.6433 A
01013500 2009 9 5 59192.0212 A
01013500 2009 9 6 59244.4886 A
01013500 2009 9 7 59235.9875 A
01013500 2009 9 8 59341.9613 A
01013500 2009 9 9 59236.3186 A
01013500 2009 9 10 59315.0173 A
01013500 2009 9 11 59253.3146 A
01013500 2009 9 12 59205.8858 A
01013500 2009 9 13 59318.2806 A
01013500 2009 9 14 59297.7317 A
01013500 2009 9 15 59241.9367 A
01013500 2009 9 16 59235.4240 A
01013500 2009 9 17 59267.6785 A
01013500 2009 9 18 59256.3723 A
01013500 2009 9 19 59248.3871 A
01013500 2009 9 20 59228.6276 A
01013500 2009 9 21 59281.3800 A
01013500 2009 9 22 59258.2038 A
01013500 2009 9 23 59263.9596 A
01013500 2009 9 24 59316.4488 A
01013500 2009 9 25 59276.7071 A
01013500 2009 9 26 59267.3468 A
01013500 2009 9 27 59299.1777 A
01013500 2009 9 28 59406.3267 A
01013500 2009 9 29 59265.0239 A
01013500 2009 9 30 59290.4600 A
01013500 2009 10 1 59275.6410 A
01013500 2009 10 2 59269.1351 A
01013500 2009 10 3 59275.0483 A
01013500 2009 10 4 59280.9918 A
01013500 2009 10 5 59376.3771 A
01013500 2009 10 6 59345.8427 A
01013500 2009 10 7 59335.0689 A
01013500 2009 10 8 59315.4895 A
01013500 2009 10 9 59303.6848 A
01013500 2009 10 10 59378.7382 A
01013500 2009 10 11 59324.3354 A
01013500 2009 10 12 59319.3139 A
01013500 2009 10 13 59260.3456 A
01013500 2009 10 14 59377.9103 A
01013500 2009 10 15 59328.6833 A
01013500 2009 10 16 59303.1239 A
01013500 2009 10 17 59280.9010 A
01013500 2009 10 18 59311.9016 A
01013500 2009 10 19 59341.0879 A
01013500 2009 10 20 59294.2466 A
01013500 2009 10 21 59450.8617 A
01013500 2009 10 22 59391.7438 A
01013500 2009 10 23 59379.6174 A
01013500 2009 10 24 59389.9431 A
01013500 2009 10 25 59343.6291 A
01013500 2009 10 26 59328.4763 A
01013500 2009 10 27 59366.0989 A
01013500 2009 10 28 59394.8124 A
01013500 2009 10 29 59404.6253 A
01013500 2009 10 30 59392.1819 A
01013500 2009 10 31 59384.3756 A
01013500 2009 11 1 59556.5692 A
01013500 2009 11 2 59398.5236 A
01013500 2009 11 3 59392.4392 A
01013500 2009 11 4 59392.1295 A
01013500 2009 11 5 59412.1736 A
01013500 2009 11 6 59360.0677 A
01013500 2009 11 7 59368.7025 A
01013500 2009 11 8 59419.3513 A
01013500 2009 11 9 59467.6934 A
01013500 2009 11 10 59407.1016 A
01013500 2009 11 11 59506.4049 A
01013500 2009 11 12 59448.8525 A
01013500 2009 11 13 59443.6372 A
01013500 2009 11 14 59401.4522 A
01013500 2009 11 15 59610.2405 A
01013500 2009 11 16 59416.2975 A
01013500 2009 11 17 59501.8022 A
01013500 2009 11 18 59544.8698 A
01013500 2009 11 19 59463.7701 A
01013500 2009 11 20 59599.9885 A
01013500 2009 11 21 59458.2028 A
01013500 2009 11 22 59467.7748 A
01013500 2009 11 23 59480.5970 A
01013500 2009 11 24 59465.5503 A
01013500 2009 11 25 59475.5450 A
01013500 2009 11 26 59469.5714 A
01013500 2009 11 27 59434.4945 A
01013500 2009 11 28 59488.4518 A
01013500 2009 11 29 59513.4827 A
01013500 2009 11 30 59454.5265 A
01013500 2009 12 1 59471.5742 A
01013500 2009 12 2 59500.1334 A
01013500 2009 12 3 59517.0102 A
01013500 2009 12 4 59435.3445 A
01013500 2009 12 5 59461.1709 A
01013500 2009 12 6 59457.5409 A
01013500 2009 12 7 59470.5465 A
01013500 2009 12 8 59469.1170 A
01013500 2009 12 9 59494.8553 A
01013500 2009 12 10 59509.6249 A
01013500 2009 12 11 59503.8983 A
01013500 2009 12 12 59450.8494 A
01013500 2009 12 13 59472.8968 A
01013500 2009 12 14 59443.2422 A
01013500 2009 12 15 59501.3171 A
01013500 2009 12 16 59505.1334 A
01013500 2009 12 17 59516.3299 A
01013500 2009 12 18 59466.0220 A
01013500 2009 12 19 59490.1985 A
01013500 2009 12 20 59475.1960 A
01013500 2009 12 21 59570.7231 A
01013500 2009 12 22 59550.6029 A
01013500 2009 12 23 59500.1681 A
01013500 2009 12 24 59500.2566 A
01013500 2009 12 25 59827.8112 A
01013500 2009 12 26 59529.2910 A
01013500 2009 12 27 59541.6902 A
01013500 2009 12 28 59639.3014 A
01013500 2009 12 29 59591.4186 A
01013500 2009 12 30 59562.5665 A
01013500 2009 12 31 59628.6413 A
