36.95 -121.4 basin centroid
Elevation: 500.0 m  Area: 90.0 km2

Year Mnth Day Hr dayl(s) prcp(mm/day) srad(W/m2) swe(mm) tmax(C) tmin(C) vp(Pa)
1995 1 1 12 35377.2 0.344 76.57 0.58 -2.34 -10.36 373.1
1995 1 2 12 35407.2 2.671 95.00 0.58 -1.83 -10.47 414.7
1995 1 3 12 35439.5 0.596 122.22 0.58 -2.31 -9.54 427.0
1995 1 4 12 35474.1 0.100 124.62 0.58 -2.24 -9.47 470.5
1995 1 5 12 35511.0 1.435 97.75 0.58 -2.98 -10.95 422.7
1995 1 6 12 35550.1 1.452 93.49 0.58 -2.72 -11.05 412.8
1995 1 7 12 35591.5 1.969 97.21 0.58 -1.56 -9.72 456.5
1995 1 8 12 35635.2 3.170 90.05 0.58 -3.07 -11.70 376.2
1995 1 9 12 35681.2 1.156 97.84 0.58 -2.45 -10.47 386.7
1995 1 10 12 35729.3 0.451 106.80 0.58 -2.58 -10.31 423.0
1995 1 11 12 35779.7 1.703 110.84 0.58 -4.30 -11.94 341.5
1995 1 12 12 35832.2 3.465 96.24 0.58 -1.45 -9.60 451.7
1995 1 13 12 35887.0 0.385 89.11 0.58 -0.33 -8.87 388.9
1995 1 14 12 35943.9 1.262 126.84 0.58 0.79 -8.31 401.9
1995 1 15 12 36003.0 0.178 94.46 0.58 -2.12 -11.72 346.6
1995 1 16 12 36064.1 1.276 92.21 0.58 0.02 -7.10 432.8
1995 1 17 12 36127.5 0.377 126.80 0.58 0.22 -7.13 438.5
1995 1 18 12 36192.9 3.620 137.68 0.58 -2.18 -10.31 336.7
1995 1 19 12 36260.3 1.587 88.29 0.58 -2.82 -10.99 359.1
1995 1 20 12 36329.9 3.284 107.97 0.58 -1.14 -10.54 382.4
1995 1 21 12 36401.5 2.286 103.73 0.58 -2.37 -8.93 430.5
1995 1 22 12 36475.1 2.287 125.60 0.58 0.44 -7.20 452.1
1995 1 23 12 36550.6 2.139 114.03 0.58 -2.79 -10.98 389.5
1995 1 24 12 36628.2 1.307 120.96 0.58 -2.27 -9.33 423.1
1995 1 25 12 36707.7 2.964 113.04 0.58 -2.48 -12.14 316.9
1995 1 26 12 36789.1 1.343 130.38 0.58 -3.17 -11.69 394.1
1995 1 27 12 36872.4 3.787 107.74 0.58 -2.90 -11.14 362.2
1995 1 28 12 36957.6 1.453 99.32 0.58 -0.48 -9.11 342.4
1995 1 29 12 37044.7 1.242 133.73 0.58 -0.47 -6.81 442.1
1995 1 30 12 37133.6 0.242 118.43 0.58 -4.31 -13.13 343.3
1995 1 31 12 37224.2 0.158 136.77 0.58 -2.52 -10.67 433.6
1995 2 1 12 37316.7 0.488 122.30 0.58 -0.01 -6.51 509.1
1995 2 2 12 37410.8 4.967 131.04 0.58 -3.32 -10.27 341.0
1995 2 3 12 37506.7 0.501 146.01 0.58 -4.02 -12.66 315.1
1995 2 4 12 37604.3 0.592 128.13 0.58 -2.02 -10.80 394.3
1995 2 5 12 37703.6 2.591 95.68 0.58 -2.04 -11.20 384.1
1995 2 6 12 37804.5 2.268 133.02 0.58 -1.70 -8.55 432.6
1995 2 7 12 37906.9 5.484 122.22 0.58 -0.26 -8.51 441.1
1995 2 8 12 38011.0 0.524 161.35 0.58 -0.59 -9.87 353.5
1995 2 9 12 38116.5 6.477 104.56 0.58 -1.11 -10.07 394.1
1995 2 10 12 38223.6 4.502 145.37 0.58 -2.47 -11.79 362.5
1995 2 11 12 38332.2 4.951 134.40 0.58 -0.75 -10.04 369.0
1995 2 12 12 38442.2 2.655 129.88 0.58 -0.43 -7.99 437.5
1995 2 13 12 38553.6 1.400 138.03 0.58 -1.72 -10.44 391.5
1995 2 14 12 38666.4 2.896 125.08 0.58 1.03 -8.56 428.4
1995 2 15 12 38780.5 2.401 142.13 0.58 -2.66 -10.58 445.8
1995 2 16 12 38896.0 1.056 119.20 0.58 -3.31 -11.94 371.4
1995 2 17 12 39012.7 2.757 152.16 0.58 -1.90 -10.10 389.5
1995 2 18 12 39130.6 0.463 166.19 0.58 -1.39 -9.92 372.3
1995 2 19 12 39249.8 5.030 132.71 0.58 -1.45 -9.84 439.6
1995 2 20 12 39370.1 2.124 145.20 0.58 2.09 -5.78 491.5
1995 2 21 12 39491.6 0.089 166.52 0.58 1.25 -6.16 458.9
1995 2 22 12 39614.2 0.607 146.46 0.58 1.80 -5.31 452.2
1995 2 23 12 39737.8 1.266 164.19 0.58 1.52 -7.05 485.5
1995 2 24 12 39862.5 2.211 148.20 0.58 0.78 -7.49 466.8
1995 2 25 12 39988.1 6.158 145.20 0.58 -2.02 -10.13 375.7
1995 2 26 12 40114.7 0.135 154.73 0.58 -2.02 -9.48 391.4
1995 2 27 12 40242.2 12.114 119.86 0.58 2.58 -5.34 497.8
1995 2 28 12 40370.6 0.344 163.63 0.58 -0.21 -8.96 455.6
1995 3 1 12 40499.8 0.423 147.24 0.58 1.35 -6.84 474.2
1995 3 2 12 40629.8 1.662 169.77 0.58 1.61 -5.58 462.7
1995 3 3 12 40760.6 0.982 158.66 0.58 3.69 -4.72 548.6
1995 3 4 12 40892.1 0.360 162.09 0.58 1.38 -6.81 470.6
1995 3 5 12 41024.3 4.752 155.50 0.58 0.35 -7.73 425.3
1995 3 6 12 41157.2 2.806 206.17 0.58 3.11 -6.25 468.6
1995 3 7 12 41290.6 2.594 160.22 0.58 0.41 -7.55 456.0
1995 3 8 12 41424.6 2.871 182.85 0.58 1.58 -6.57 504.6
1995 3 9 12 41559.2 0.511 202.80 0.58 1.61 -5.42 486.8
1995 3 10 12 41694.2 0.753 152.10 0.58 1.24 -6.55 426.7
1995 3 11 12 41829.7 1.242 145.71 0.58 2.96 -6.42 453.5
1995 3 12 12 41965.5 1.873 174.93 0.58 4.67 -2.28 615.8
1995 3 13 12 42101.8 9.013 156.11 0.58 2.21 -5.58 546.7
1995 3 14 12 42238.3 3.051 172.56 0.58 2.67 -7.23 475.6
1995 3 15 12 42375.2 4.175 176.10 0.58 1.41 -6.85 400.7
1995 3 16 12 42512.3 2.196 163.26 0.58 2.43 -6.40 534.3
1995 3 17 12 42649.6 0.619 185.29 0.58 1.52 -7.61 425.2
1995 3 18 12 42787.0 3.066 174.39 0.58 0.85 -6.72 492.5
1995 3 19 12 42924.6 1.592 190.60 0.58 1.63 -7.37 455.5
1995 3 20 12 43062.3 1.146 189.92 0.58 4.40 -4.32 535.7
1995 3 21 12 43200.0 2.275 198.83 0.58 2.71 -4.82 517.5
1995 3 22 12 43337.7 6.056 202.16 0.58 4.55 -3.78 531.3
1995 3 23 12 43475.4 2.099 195.15 0.58 3.71 -5.08 493.9
1995 3 24 12 43613.0 6.398 190.02 0.58 4.82 -3.92 490.9
1995 3 25 12 43750.4 8.912 204.47 0.58 4.54 -3.48 504.3
1995 3 26 12 43887.7 0.463 162.69 0.58 5.79 -1.98 561.8
1995 3 27 12 44024.8 1.807 161.77 0.58 5.85 -2.75 531.9
1995 3 28 12 44161.7 3.187 154.14 0.58 4.44 -3.97 520.4
1995 3 29 12 44298.2 1.171 196.07 0.58 4.40 -3.52 558.6
1995 3 30 12 44434.5 5.994 188.00 0.58 6.24 -1.63 589.3
1995 3 31 12 44570.3 4.619 180.97 0.58 4.92 -4.77 517.8
1995 4 1 12 44705.8 2.734 184.41 0.58 6.81 -0.75 596.4
1995 4 2 12 44840.8 1.805 202.26 0.58 4.85 -2.78 552.7
1995 4 3 12 44975.4 0.592 172.48 0.58 5.89 -3.57 562.4
1995 4 4 12 45109.4 4.779 197.27 0.58 6.50 -1.62 574.6
1995 4 5 12 45242.8 0.836 211.01 0.58 7.82 0.25 581.8
1995 4 6 12 45375.7 4.597 196.64 0.58 6.72 -2.43 627.8
1995 4 7 12 45507.9 4.952 201.58 0.58 6.59 -0.95 568.6
1995 4 8 12 45639.4 3.991 228.31 0.58 8.01 0.12 554.6
1995 4 9 12 45770.2 1.119 191.82 0.58 6.69 -1.95 562.3
1995 4 10 12 45900.2 5.419 227.20 0.58 8.16 0.50 576.5
1995 4 11 12 46029.4 0.788 186.44 0.58 8.25 0.48 572.9
1995 4 12 12 46157.8 2.782 193.74 0.58 9.71 -0.01 607.4
1995 4 13 12 46285.3 4.541 191.96 0.58 7.87 -0.86 596.1
1995 4 14 12 46411.9 0.499 229.78 0.58 8.52 0.37 581.6
1995 4 15 12 46537.5 0.659 211.08 0.58 8.05 0.67 607.3
1995 4 16 12 46662.2 3.114 209.48 0.58 8.39 0.83 654.6
1995 4 17 12 46785.8 1.193 234.14 0.58 10.23 2.58 602.1
1995 4 18 12 46908.4 11.798 220.87 0.58 8.79 1.60 637.2
1995 4 19 12 47029.9 2.381 218.29 0.58 8.85 1.16 606.3
1995 4 20 12 47150.2 1.503 217.66 0.58 11.05 2.20 652.9
1995 4 21 12 47269.4 9.756 221.00 0.58 8.62 -0.90 570.6
1995 4 22 12 47387.3 6.510 235.63 0.58 9.56 0.12 566.9
1995 4 23 12 47504.0 0.503 236.10 0.58 6.85 -1.85 583.3
1995 4 24 12 47619.5 7.010 252.53 0.58 9.83 2.31 709.4
1995 4 25 12 47733.6 2.299 239.20 0.58 9.74 1.55 651.9
1995 4 26 12 47846.4 0.172 222.88 0.58 9.94 2.68 653.0
1995 4 27 12 47957.8 0.643 215.51 0.58 11.34 2.55 675.2
1995 4 28 12 48067.8 2.075 238.69 0.58 10.33 1.85 635.9
1995 4 29 12 48176.4 0.820 228.91 0.58 11.11 3.90 728.7
1995 4 30 12 48283.5 6.970 217.92 0.58 12.32 4.35 691.7
1995 5 1 12 48389.0 2.658 246.34 0.58 12.72 4.94 753.6
1995 5 2 12 48493.1 4.936 227.11 0.58 11.60 3.48 696.8
1995 5 3 12 48595.5 3.092 224.70 0.58 11.63 3.50 686.2
1995 5 4 12 48696.4 0.629 244.38 0.58 11.00 0.94 628.3
1995 5 5 12 48795.7 0.510 237.15 0.58 10.00 1.22 637.0
1995 5 6 12 48893.3 3.419 252.64 0.58 12.53 5.04 665.4
1995 5 7 12 48989.2 3.385 225.51 0.58 13.44 5.17 705.1
1995 5 8 12 49083.3 2.373 223.32 0.58 12.46 4.66 745.1
1995 5 9 12 49175.8 0.296 224.87 0.58 13.92 5.00 685.0
1995 5 10 12 49266.4 7.511 273.15 0.58 14.93 6.72 730.0
1995 5 11 12 49355.3 2.212 269.34 0.58 14.81 6.71 756.6
1995 5 12 12 49442.4 7.059 214.80 0.58 14.86 7.10 698.2
1995 5 13 12 49527.6 0.747 228.82 0.58 14.41 5.81 686.0
1995 5 14 12 49610.9 2.089 242.14 0.58 14.59 6.92 784.3
1995 5 15 12 49692.3 8.654 243.05 0.58 15.89 8.26 759.1
1995 5 16 12 49771.8 1.700 254.10 0.58 14.07 3.68 723.0
1995 5 17 12 49849.4 0.692 253.64 0.58 15.28 8.66 798.8
1995 5 18 12 49924.9 16.951 241.55 0.58 10.85 4.02 669.2
1995 5 19 12 49998.5 11.003 252.59 0.58 14.41 6.41 763.2
1995 5 20 12 50070.1 2.595 240.30 0.58 16.39 7.62 744.3
1995 5 21 12 50139.7 2.751 268.09 0.58 15.27 7.86 725.0
1995 5 22 12 50207.1 9.910 269.86 0.58 16.55 9.12 831.1
1995 5 23 12 50272.5 1.743 216.52 0.58 17.31 9.57 741.3
1995 5 24 12 50335.9 0.735 233.98 0.58 17.49 9.85 785.9
1995 5 25 12 50397.0 0.327 267.40 0.58 15.78 8.50 732.8
1995 5 26 12 50456.1 2.902 242.96 0.58 16.32 8.59 773.5
1995 5 27 12 50513.0 1.231 250.02 0.58 14.76 7.32 758.4
1995 5 28 12 50567.8 8.308 244.07 0.58 16.15 8.90 801.1
1995 5 29 12 50620.3 0.483 225.60 0.58 17.73 9.48 849.5
1995 5 30 12 50670.7 3.518 255.77 0.58 15.95 7.76 781.1
1995 5 31 12 50718.8 3.297 258.49 0.58 17.67 9.33 787.3
1995 6 1 12 50764.8 6.886 269.47 0.58 17.20 7.82 750.1
1995 6 2 12 50808.5 1.519 259.47 0.58 15.28 7.50 726.0
1995 6 3 12 50849.9 0.910 261.47 0.58 18.97 11.39 835.6
1995 6 4 12 50889.0 4.545 271.47 0.58 18.42 9.49 777.0
1995 6 5 12 50925.9 5.000 244.88 0.58 19.28 11.03 877.9
1995 6 6 12 50960.5 1.213 249.12 0.58 17.10 8.07 771.9
1995 6 7 12 50992.8 4.508 265.81 0.58 19.30 11.64 811.6
1995 6 8 12 51022.8 0.772 263.46 0.58 18.25 9.78 795.7
1995 6 9 12 51050.5 10.421 291.69 0.58 19.49 9.12 816.4
1995 6 10 12 51075.8 7.519 252.63 0.58 17.84 10.15 814.4
1995 6 11 12 51098.8 1.169 277.77 0.58 18.73 10.16 800.6
1995 6 12 12 51119.5 9.241 265.86 0.58 19.63 11.03 815.6
1995 6 13 12 51137.8 3.370 266.97 0.58 18.40 10.18 823.4
1995 6 14 12 51153.7 0.449 292.33 0.58 18.39 10.99 823.0
1995 6 15 12 51167.4 13.372 233.27 0.58 18.17 9.45 774.5
1995 6 16 12 51178.6 1.384 249.52 0.58 18.84 11.06 829.3
1995 6 17 12 51187.5 1.798 237.78 0.58 20.86 10.66 820.2
1995 6 18 12 51194.0 0.691 264.44 0.58 19.44 12.29 853.8
1995 6 19 12 51198.1 2.592 258.53 0.58 18.36 10.27 835.8
1995 6 20 12 51199.9 5.050 269.33 0.58 18.26 10.01 767.4
1995 6 21 12 51199.3 0.278 253.77 0.58 20.35 11.25 816.6
1995 6 22 12 51196.4 9.916 269.52 0.58 16.65 7.44 746.5
1995 6 23 12 51191.0 0.763 242.06 0.58 20.78 12.36 830.4
1995 6 24 12 51183.3 4.605 273.01 0.58 19.32 12.27 822.3
1995 6 25 12 51173.3 4.204 218.36 0.58 17.93 9.26 791.9
1995 6 26 12 51160.8 0.485 281.65 0.58 20.75 12.34 857.0
1995 6 27 12 51146.1 0.164 260.95 0.58 16.89 8.34 756.3
1995 6 28 12 51128.9 0.012 255.05 0.58 20.56 11.91 882.8
1995 6 29 12 51109.4 7.086 265.04 0.58 23.19 14.13 877.2
1995 6 30 12 51087.6 0.643 261.00 0.58 21.05 12.20 801.3
1995 7 1 12 51063.4 4.713 240.45 0.58 21.67 12.72 876.5
1995 7 2 12 51036.9 6.785 267.04 0.58 21.23 14.51 863.7
1995 7 3 12 51008.1 5.085 244.85 0.58 21.10 12.44 904.1
1995 7 4 12 50976.9 3.970 249.33 0.58 23.02 13.35 845.9
1995 7 5 12 50943.5 8.535 258.46 0.58 18.55 10.00 773.4
1995 7 6 12 50907.8 5.204 253.65 0.58 18.55 10.68 847.1
1995 7 7 12 50869.7 1.964 243.46 0.58 21.86 14.87 889.7
1995 7 8 12 50829.4 1.034 269.97 0.58 20.83 11.84 837.4
1995 7 9 12 50786.9 2.249 219.12 0.58 20.67 12.63 824.2
1995 7 10 12 50742.1 2.616 225.79 0.58 24.02 16.36 923.3
1995 7 11 12 50695.1 4.076 229.61 0.58 22.09 14.34 882.2
1995 7 12 12 50645.8 4.638 252.51 0.58 21.22 11.86 813.4
1995 7 13 12 50594.3 1.578 247.62 0.58 20.46 13.26 904.0
1995 7 14 12 50540.7 0.030 256.30 0.58 23.77 14.84 871.4
1995 7 15 12 50484.8 8.614 242.21 0.58 21.88 14.38 876.2
1995 7 16 12 50426.8 1.418 288.20 0.58 20.47 13.62 851.4
1995 7 17 12 50366.7 5.936 231.18 0.58 23.02 14.36 873.0
1995 7 18 12 50304.5 3.671 258.54 0.58 21.37 14.18 846.9
1995 7 19 12 50240.1 4.958 247.61 0.58 20.81 12.95 871.6
1995 7 20 12 50173.7 1.627 250.09 0.58 19.58 10.82 858.1
1995 7 21 12 50105.1 5.154 254.81 0.58 23.32 13.24 886.8
1995 7 22 12 50034.6 1.567 233.38 0.58 20.03 12.26 874.3
1995 7 23 12 49962.0 2.702 253.42 0.58 22.33 13.57 883.2
1995 7 24 12 49887.4 0.487 231.77 0.58 21.71 13.36 841.2
1995 7 25 12 49810.8 1.090 253.64 0.58 21.72 13.55 835.3
1995 7 26 12 49732.3 2.339 231.69 0.58 22.95 14.72 872.1
1995 7 27 12 49651.8 0.620 250.92 0.58 21.41 12.59 867.0
1995 7 28 12 49569.5 5.348 236.88 0.58 21.35 13.28 897.8
1995 7 29 12 49485.2 7.247 239.70 0.58 21.97 11.55 804.2
1995 7 30 12 49399.1 2.612 236.57 0.58 21.17 14.07 888.4
1995 7 31 12 49311.1 1.297 223.07 0.58 21.98 14.35 916.5
1995 8 1 12 49221.3 4.480 243.06 0.58 20.80 13.72 914.6
1995 8 2 12 49129.8 2.068 224.21 0.58 21.25 12.54 885.7
1995 8 3 12 49036.5 3.825 230.12 0.58 21.84 14.35 885.2
1995 8 4 12 48941.4 6.631 240.96 0.58 21.75 14.89 967.6
1995 8 5 12 48844.7 4.459 227.85 0.58 21.99 13.90 937.6
1995 8 6 12 48746.2 5.743 251.15 0.58 20.91 13.56 863.2
1995 8 7 12 48646.2 2.242 244.04 0.58 21.69 15.05 928.0
1995 8 8 12 48544.5 0.442 247.50 0.58 19.91 11.99 845.8
1995 8 9 12 48441.3 0.594 228.57 0.58 23.99 15.94 920.3
1995 8 10 12 48336.4 1.287 241.82 0.58 22.25 14.91 849.6
1995 8 11 12 48230.1 0.515 234.71 0.58 18.35 10.45 897.5
1995 8 12 12 48122.3 4.000 260.24 0.58 20.18 10.84 794.1
1995 8 13 12 48013.0 4.228 197.93 0.58 20.84 12.80 837.0
1995 8 14 12 47902.3 2.087 223.23 0.58 19.86 11.85 829.4
1995 8 15 12 47790.2 0.909 231.34 0.58 21.62 13.64 914.6
1995 8 16 12 47676.7 0.819 207.79 0.58 18.38 10.78 813.3
1995 8 17 12 47561.9 7.752 213.45 0.58 19.85 11.63 774.4
1995 8 18 12 47445.8 3.451 231.92 0.58 20.02 11.59 808.2
1995 8 19 12 47328.5 0.626 208.27 0.58 23.66 15.72 959.1
1995 8 20 12 47209.9 3.361 223.38 0.58 18.57 10.21 804.2
1995 8 21 12 47090.2 3.083 226.35 0.58 17.59 9.40 775.0
1995 8 22 12 46969.3 4.436 224.98 0.58 18.15 10.69 844.5
1995 8 23 12 46847.3 2.708 227.62 0.58 22.25 14.84 930.9
1995 8 24 12 46724.2 0.937 214.04 0.58 20.67 12.38 860.2
1995 8 25 12 46600.0 2.073 217.56 0.58 20.05 12.37 862.2
1995 8 26 12 46474.8 0.438 243.96 0.58 18.22 9.31 853.5
1995 8 27 12 46348.7 2.710 204.48 0.58 18.61 9.93 784.5
1995 8 28 12 46221.7 1.029 227.79 0.58 18.33 9.39 742.0
1995 8 29 12 46093.7 8.659 215.10 0.58 17.61 9.84 781.7
1995 8 30 12 45964.9 2.549 219.00 0.58 19.34 10.66 806.0
1995 8 31 12 45835.3 3.831 206.38 0.58 19.43 11.13 846.9
1995 9 1 12 45704.9 2.229 207.92 0.58 16.58 8.15 751.4
1995 9 2 12 45573.7 1.153 202.27 0.58 16.93 8.26 715.1
1995 9 3 12 45441.8 2.666 196.64 0.58 19.14 8.17 773.2
1995 9 4 12 45309.3 1.535 217.55 0.58 20.49 12.76 841.0
1995 9 5 12 45176.2 3.323 215.93 0.58 17.52 9.56 779.1
1995 9 6 12 45042.4 0.378 194.31 0.58 19.59 11.41 801.3
1995 9 7 12 44908.2 3.462 204.36 0.58 16.86 7.28 721.9
1995 9 8 12 44773.4 0.100 184.13 0.58 14.70 6.28 719.8
1995 9 9 12 44638.1 3.004 188.14 0.58 18.53 10.59 787.6
1995 9 10 12 44502.5 2.285 158.53 0.58 17.09 8.50 806.3
1995 9 11 12 44366.4 1.362 213.51 0.58 17.05 8.70 744.2
1995 9 12 12 44230.0 1.321 194.76 0.58 16.49 8.09 769.8
1995 9 13 12 44093.3 6.075 184.28 0.58 14.43 6.97 746.5
1995 9 14 12 43956.3 0.370 192.67 0.58 15.39 6.59 743.0
1995 9 15 12 43819.1 0.710 150.58 0.58 17.33 8.66 797.4
1995 9 16 12 43681.7 2.318 183.33 0.58 17.36 8.94 803.8
1995 9 17 12 43544.2 0.182 153.26 0.58 14.41 6.30 719.1
1995 9 18 12 43406.5 1.160 197.05 0.58 16.25 7.00 752.0
1995 9 19 12 43268.9 2.365 199.13 0.58 16.11 9.16 742.8
1995 9 20 12 43131.1 0.526 156.82 0.58 12.30 5.92 777.9
1995 9 21 12 42993.5 0.791 184.75 0.58 15.65 8.02 745.8
1995 9 22 12 42855.8 0.994 170.81 0.58 14.17 7.06 700.1
1995 9 23 12 42718.3 0.947 150.75 0.58 15.47 5.93 701.5
1995 9 24 12 42580.9 4.304 211.56 0.58 15.01 7.62 762.3
1995 9 25 12 42443.7 0.796 153.54 0.58 13.72 4.05 715.7
1995 9 26 12 42306.7 0.359 187.25 0.58 13.28 4.77 704.0
1995 9 27 12 42170.0 3.302 158.35 0.58 15.94 8.31 770.8
1995 9 28 12 42033.6 0.921 141.95 0.58 11.92 4.23 715.1
1995 9 29 12 41897.5 5.042 165.88 0.58 12.26 4.39 682.6
1995 9 30 12 41761.9 1.087 181.75 0.58 12.39 2.74 653.2
1995 10 1 12 41626.6 0.445 146.23 0.58 13.65 5.89 737.7
1995 10 2 12 41491.8 1.096 167.68 0.58 13.12 5.42 740.6
1995 10 3 12 41357.6 2.401 165.78 0.58 12.34 2.92 674.8
1995 10 4 12 41223.8 1.883 161.44 0.58 11.67 3.28 625.8
1995 10 5 12 41090.7 0.320 196.24 0.58 13.22 3.83 724.3
1995 10 6 12 40958.2 1.230 147.74 0.58 14.74 6.14 730.6
1995 10 7 12 40826.3 1.787 173.51 0.58 14.07 5.44 644.4
1995 10 8 12 40695.1 1.245 142.37 0.58 10.02 0.71 598.5
1995 10 9 12 40564.7 1.491 138.82 0.58 11.68 3.70 711.3
1995 10 10 12 40435.1 1.523 158.33 0.58 10.45 2.08 607.1
1995 10 11 12 40306.3 0.615 157.20 0.58 11.65 4.41 690.8
1995 10 12 12 40178.3 0.237 164.23 0.58 12.06 3.66 736.8
1995 10 13 12 40051.3 1.064 148.90 0.58 12.22 3.40 692.1
1995 10 14 12 39925.2 1.241 124.37 0.58 13.16 4.18 644.8
1995 10 15 12 39800.0 0.970 135.17 0.58 11.20 3.71 666.8
1995 10 16 12 39675.8 1.092 153.76 0.58 10.25 2.21 620.2
1995 10 17 12 39552.7 0.373 134.31 0.58 7.54 -0.17 616.2
1995 10 18 12 39430.7 0.125 111.07 0.58 10.66 3.26 694.4
1995 10 19 12 39309.8 0.971 148.72 0.58 10.54 2.52 630.0
1995 10 20 12 39190.1 0.077 135.83 0.58 12.02 4.44 649.7
1995 10 21 12 39071.5 0.093 161.69 0.58 11.41 2.99 673.2
1995 10 22 12 38954.2 2.765 157.99 0.58 9.05 1.42 650.1
1995 10 23 12 38838.1 2.699 98.38 0.58 7.66 -0.91 606.6
1995 10 24 12 38723.3 0.080 133.82 0.58 7.07 -2.42 571.9
1995 10 25 12 38609.8 1.417 148.44 0.58 10.23 0.56 601.8
1995 10 26 12 38497.7 0.902 140.76 0.58 7.15 -0.78 507.4
1995 10 27 12 38387.0 2.732 112.92 0.58 7.21 -0.25 576.1
1995 10 28 12 38277.7 0.528 129.45 0.58 6.03 -1.99 582.3
1995 10 29 12 38169.9 1.004 111.03 0.58 11.06 1.78 636.5
1995 10 30 12 38063.6 0.935 137.35 0.58 8.08 0.15 615.3
1995 10 31 12 37958.7 1.223 126.39 0.58 7.59 -2.01 509.9
1995 11 1 12 37855.5 0.472 155.39 0.58 7.63 -1.80 556.0
1995 11 2 12 37753.8 0.010 122.79 0.58 5.78 -3.66 520.0
1995 11 3 12 37653.8 0.937 123.12 0.58 8.32 -0.12 610.8
1995 11 4 12 37555.3 0.364 82.87 0.58 6.11 -0.45 585.5
1995 11 5 12 37458.6 0.873 136.62 0.58 6.42 -2.64 535.2
1995 11 6 12 37363.5 0.454 109.49 0.58 10.48 3.45 628.5
1995 11 7 12 37270.2 0.649 96.83 0.58 4.76 -2.76 553.0
1995 11 8 12 37178.7 0.380 109.90 0.58 6.43 -1.30 577.1
1995 11 9 12 37088.9 0.310 117.86 0.58 8.80 1.27 603.4
1995 11 10 12 37000.9 0.969 145.10 0.58 4.71 -2.72 510.4
1995 11 11 12 36914.8 1.970 122.91 0.58 4.06 -2.80 613.9
1995 11 12 12 36830.5 0.628 128.39 0.58 4.90 -4.47 484.1
1995 11 13 12 36748.2 1.140 106.05 0.58 3.24 -5.35 513.9
1995 11 14 12 36667.7 0.235 154.25 0.58 7.02 -0.57 576.9
1995 11 15 12 36589.2 0.337 103.66 0.58 4.58 -3.97 473.0
1995 11 16 12 36512.6 0.522 106.51 0.58 5.17 -2.53 583.1
1995 11 17 12 36438.0 0.146 83.48 0.58 4.09 -4.36 515.3
1995 11 18 12 36365.4 0.636 104.64 0.58 3.86 -4.50 517.3
1995 11 19 12 36294.9 0.386 112.60 0.58 2.84 -4.11 514.6
1995 11 20 12 36226.3 2.743 119.74 0.58 6.60 -2.05 546.7
1995 11 21 12 36159.9 1.701 113.11 0.58 3.10 -4.50 518.2
1995 11 22 12 36095.5 0.673 120.76 0.58 1.21 -6.99 468.9
1995 11 23 12 36033.3 1.019 91.86 0.58 2.92 -6.13 440.8
1995 11 24 12 35973.2 0.062 93.37 0.58 3.66 -5.35 439.5
1995 11 25 12 35915.2 3.187 126.90 0.58 2.70 -4.33 491.5
1995 11 26 12 35859.3 1.102 127.87 0.58 4.81 -2.08 554.2
1995 11 27 12 35805.7 0.339 118.57 0.58 -1.98 -10.34 426.9
1995 11 28 12 35754.2 0.545 115.62 0.58 -0.17 -9.27 434.3
1995 11 29 12 35704.9 0.387 94.36 0.58 1.44 -6.86 519.1
1995 11 30 12 35657.9 2.818 125.86 0.58 -0.01 -7.55 449.8
1995 12 1 12 35613.1 1.065 100.84 0.58 3.30 -3.56 472.5
1995 12 2 12 35570.6 0.210 117.55 0.58 1.70 -7.78 405.1
1995 12 3 12 35530.3 0.039 95.41 0.58 -0.32 -7.31 437.8
1995 12 4 12 35492.2 0.921 114.62 0.58 2.53 -5.25 509.9
1995 12 5 12 35456.5 0.067 110.48 0.58 2.54 -5.99 460.9
1995 12 6 12 35423.1 0.137 111.63 0.58 1.33 -6.80 455.6
1995 12 7 12 35391.9 0.908 120.66 0.58 -1.06 -8.16 448.7
1995 12 8 12 35363.1 1.337 94.05 0.58 -0.59 -8.89 411.4
1995 12 9 12 35336.6 0.164 79.20 0.58 -1.17 -9.15 404.5
1995 12 10 12 35312.4 1.534 89.88 0.58 0.47 -8.78 439.5
1995 12 11 12 35290.6 1.794 106.79 0.58 1.18 -7.19 382.7
1995 12 12 12 35271.1 0.588 113.00 0.58 0.56 -7.50 468.7
1995 12 13 12 35253.9 3.354 111.78 0.58 -0.86 -8.62 444.7
1995 12 14 12 35239.2 2.898 110.87 0.58 2.30 -6.13 486.7
1995 12 15 12 35226.7 0.090 97.02 0.58 0.00 -8.31 474.9
1995 12 16 12 35216.7 0.213 81.43 0.58 -1.69 -10.13 427.6
1995 12 17 12 35209.0 0.154 120.17 0.58 -1.77 -9.94 431.2
1995 12 18 12 35203.6 3.507 85.11 0.58 0.59 -8.11 422.9
1995 12 19 12 35200.7 1.462 119.48 0.58 -0.29 -9.07 420.4
1995 12 20 12 35200.1 1.726 100.17 0.58 -1.36 -8.81 404.0
1995 12 21 12 35201.9 0.011 83.26 0.58 0.26 -7.27 492.5
1995 12 22 12 35206.0 1.437 114.14 0.58 -0.72 -7.28 443.1
1995 12 23 12 35212.5 2.360 106.27 0.58 -2.02 -10.17 426.6
1995 12 24 12 35221.4 1.333 88.78 0.58 -2.77 -10.79 372.9
1995 12 25 12 35232.6 2.650 94.12 0.58 -1.64 -9.24 396.2
1995 12 26 12 35246.3 2.669 91.17 0.58 -2.13 -11.52 409.4
1995 12 27 12 35262.2 0.495 94.31 0.58 -2.19 -10.71 415.4
1995 12 28 12 35280.5 0.552 112.98 0.58 -4.22 -13.15 380.9
1995 12 29 12 35301.2 0.233 116.52 0.58 -1.20 -9.61 374.1
1995 12 30 12 35324.2 0.072 112.59 0.58 -0.82 -8.36 398.2
1995 12 31 12 35349.5 0.959 91.60 0.58 -2.35 -11.65 319.1
1996 1 1 12 35377.2 0.344 86.75 0.58 0.32 -7.41 458.8
1996 1 2 12 35407.2 1.087 105.15 0.58 -2.61 -10.27 386.8
1996 1 3 12 35439.5 1.293 99.55 0.58 -0.74 -10.35 384.0
1996 1 4 12 35474.1 0.302 84.51 0.58 -1.93 -10.84 398.4
1996 1 5 12 35511.0 0.569 105.35 0.58 -3.74 -11.13 357.6
1996 1 6 12 35550.1 0.704 85.84 0.58 -3.37 -10.14 347.5
1996 1 7 12 35591.5 0.066 114.45 0.58 -3.72 -12.18 310.6
1996 1 8 12 35635.2 0.100 93.21 0.58 -2.96 -11.24 344.5
1996 1 9 12 35681.2 0.453 92.46 0.58 -1.67 -10.31 399.4
1996 1 10 12 35729.3 1.077 89.86 0.58 -4.44 -13.89 332.7
1996 1 11 12 35779.7 0.423 103.13 0.58 -0.56 -7.15 490.6
1996 1 12 12 35832.2 2.274 106.46 0.58 -1.79 -10.49 361.4
1996 1 13 12 35887.0 1.204 107.64 0.58 -2.05 -10.19 379.2
1996 1 14 12 35943.9 1.127 98.37 0.58 -4.89 -13.77 335.1
1996 1 15 12 36003.0 3.643 124.06 0.58 -0.19 -9.97 383.8
1996 1 16 12 36064.1 1.874 123.13 0.58 -0.51 -8.27 430.7
1996 1 17 12 36127.5 0.320 106.66 0.58 -3.95 -12.86 348.4
1996 1 18 12 36192.9 0.552 111.99 0.58 -0.66 -8.39 480.2
1996 1 19 12 36260.3 3.800 103.83 0.58 -2.35 -10.18 416.3
1996 1 20 12 36329.9 0.984 118.84 0.58 -1.49 -9.06 398.5
1996 1 21 12 36401.5 0.456 115.17 0.58 -4.11 -11.51 403.9
1996 1 22 12 36475.1 0.866 116.10 0.58 -2.09 -10.19 384.8
1996 1 23 12 36550.6 1.037 127.46 0.58 -4.31 -12.19 379.1
1996 1 24 12 36628.2 1.591 123.26 0.58 -1.78 -9.63 416.1
1996 1 25 12 36707.7 0.888 102.81 0.58 -4.19 -12.81 298.5
1996 1 26 12 36789.1 3.333 115.40 0.58 -0.90 -9.16 419.6
1996 1 27 12 36872.4 0.302 127.78 0.58 -0.83 -8.15 446.1
1996 1 28 12 36957.6 3.533 98.90 0.58 -1.01 -9.59 330.6
1996 1 29 12 37044.7 2.031 147.10 0.58 -3.11 -11.89 362.7
1996 1 30 12 37133.6 0.618 122.87 0.58 -2.34 -10.52 422.0
1996 1 31 12 37224.2 2.200 129.55 0.58 -2.53 -11.50 368.2
1996 2 1 12 37316.7 2.306 118.56 0.58 -2.05 -10.84 364.7
1996 2 2 12 37410.8 1.254 126.15 0.58 -3.75 -12.54 355.4
1996 2 3 12 37506.7 0.270 125.98 0.58 -2.96 -11.37 400.8
1996 2 4 12 37604.3 0.997 122.92 0.58 -0.12 -7.42 486.1
1996 2 5 12 37703.6 0.632 134.21 0.58 0.41 -7.99 454.5
1996 2 6 12 37804.5 1.097 125.64 0.58 -2.30 -9.67 392.4
1996 2 7 12 37906.9 4.863 121.35 0.58 -0.33 -7.32 420.8
1996 2 8 12 38011.0 3.235 117.35 0.58 -2.37 -10.71 410.4
1996 2 9 12 38116.5 0.419 152.08 0.58 0.37 -6.94 446.1
1996 2 10 12 38223.6 0.440 107.99 0.58 -0.45 -7.91 414.5
1996 2 11 12 38332.2 3.201 113.68 0.58 -4.39 -13.17 284.5
1996 2 12 12 38442.2 6.205 129.44 0.58 -2.57 -11.57 312.7
1996 2 13 12 38553.6 0.259 120.01 0.58 -0.13 -7.32 478.3
1996 2 14 12 38666.4 2.112 133.09 0.58 -0.48 -8.54 421.5
1996 2 15 12 38780.5 2.223 125.60 0.58 -0.07 -7.65 464.1
1996 2 16 12 38896.0 0.549 144.63 0.58 0.38 -6.62 507.3
1996 2 17 12 39012.7 5.161 131.05 0.58 0.83 -7.55 482.6
1996 2 18 12 39130.6 1.175 150.41 0.58 -2.82 -11.02 308.2
1996 2 19 12 39249.8 0.351 130.76 0.58 -0.68 -10.14 360.2
1996 2 20 12 39370.1 7.453 163.86 0.58 -1.98 -9.93 398.2
1996 2 21 12 39491.6 1.845 146.52 0.58 -0.28 -7.43 472.9
1996 2 22 12 39614.2 0.119 143.30 0.58 -1.83 -9.63 422.0
1996 2 23 12 39737.8 3.340 186.41 0.58 -0.69 -9.58 466.4
1996 2 24 12 39862.5 3.056 155.35 0.58 1.06 -7.10 475.0
1996 2 25 12 39988.1 2.252 154.39 0.58 -1.73 -9.71 394.9
1996 2 26 12 40114.7 1.658 168.54 0.58 0.73 -7.32 440.0
1996 2 27 12 40242.2 4.134 157.34 0.58 0.84 -5.99 451.8
1996 2 28 12 40370.6 0.197 138.78 0.58 0.64 -7.93 456.6
1996 2 29 12 40499.8 0.706 141.37 0.58 1.69 -6.95 452.5
1996 3 1 12 40629.8 0.327 171.42 0.58 -0.46 -8.37 375.7
1996 3 2 12 40760.6 3.724 176.22 0.58 -0.82 -7.88 463.9
1996 3 3 12 40892.1 3.106 126.93 0.58 1.92 -4.67 508.7
1996 3 4 12 41024.3 1.635 162.43 0.58 1.61 -6.24 486.4
1996 3 5 12 41157.2 3.805 143.03 0.58 0.89 -7.57 414.1
1996 3 6 12 41290.6 0.263 153.53 0.58 2.44 -6.38 520.6
1996 3 7 12 41424.6 4.792 155.18 0.58 -0.12 -9.01 398.3
1996 3 8 12 41559.2 1.802 148.01 0.58 3.69 -3.19 578.6
1996 3 9 12 41694.2 3.687 159.83 0.58 0.29 -6.82 470.6
1996 3 10 12 41829.7 4.440 184.42 0.58 0.24 -8.97 411.6
1996 3 11 12 41965.5 7.021 187.50 0.58 1.98 -5.65 540.9
1996 3 12 12 42101.8 2.531 172.95 0.58 -1.22 -9.74 411.6
1996 3 13 12 42238.3 2.395 158.62 0.58 1.11 -6.31 480.1
1996 3 14 12 42375.2 11.062 182.49 0.58 2.30 -5.71 477.0
1996 3 15 12 42512.3 3.098 159.77 0.58 0.31 -8.51 361.0
1996 3 16 12 42649.6 1.187 170.65 0.58 2.68 -4.50 537.8
1996 3 17 12 42787.0 6.533 190.05 0.58 2.59 -5.66 478.5
1996 3 18 12 42924.6 2.501 179.71 0.58 5.89 -1.50 561.8
1996 3 19 12 43062.3 0.187 182.81 0.58 4.85 -3.97 493.1
1996 3 20 12 43200.0 0.082 151.80 0.58 4.46 -3.84 508.3
1996 3 21 12 43337.7 2.531 197.37 0.58 1.92 -7.87 414.1
1996 3 22 12 43475.4 1.342 191.44 0.58 2.97 -6.15 510.6
1996 3 23 12 43613.0 0.900 175.80 0.58 5.94 -2.68 502.9
1996 3 24 12 43750.4 4.461 186.62 0.58 4.46 -5.19 434.5
1996 3 25 12 43887.7 19.139 194.15 0.58 4.80 -1.88 524.4
1996 3 26 12 44024.8 0.796 172.73 0.58 4.93 -3.13 576.5
1996 3 27 12 44161.7 9.434 166.63 0.58 4.27 -4.10 486.4
1996 3 28 12 44298.2 2.689 166.86 0.58 5.45 -2.97 568.0
1996 3 29 12 44434.5 7.026 197.54 0.58 5.47 -2.50 478.8
1996 3 30 12 44570.3 4.490 188.81 0.58 3.54 -4.17 496.4
1996 3 31 12 44705.8 1.662 190.19 0.58 5.04 -1.83 556.0
1996 4 1 12 44840.8 2.571 184.48 0.58 4.56 -3.13 503.7
1996 4 2 12 44975.4 3.246 172.75 0.58 5.60 -2.59 548.7
1996 4 3 12 45109.4 3.004 198.65 0.58 9.89 1.67 635.3
1996 4 4 12 45242.8 0.871 193.86 0.58 6.28 -1.24 541.7
1996 4 5 12 45375.7 0.790 192.54 0.58 9.59 1.00 586.4
1996 4 6 12 45507.9 2.429 209.22 0.58 5.46 -3.27 538.0
1996 4 7 12 45639.4 14.691 222.22 0.58 6.22 -1.91 603.9
1996 4 8 12 45770.2 4.451 197.06 0.58 4.83 -2.53 577.4
1996 4 9 12 45900.2 0.396 178.36 0.58 6.98 -1.73 596.7
1996 4 10 12 46029.4 1.697 203.79 0.58 8.49 0.90 641.7
1996 4 11 12 46157.8 1.812 182.77 0.58 6.88 -2.13 582.8
1996 4 12 12 46285.3 5.284 191.62 0.58 6.07 -3.38 520.2
1996 4 13 12 46411.9 6.360 225.54 0.58 8.16 1.41 610.7
1996 4 14 12 46537.5 8.082 220.04 0.58 8.59 -0.27 630.3
1996 4 15 12 46662.2 1.276 228.16 0.58 11.77 4.50 679.7
1996 4 16 12 46785.8 0.509 237.13 0.58 6.18 -1.46 546.8
1996 4 17 12 46908.4 2.401 197.81 0.58 7.53 0.74 639.6
1996 4 18 12 47029.9 10.439 209.02 0.58 9.00 -0.31 575.1
1996 4 19 12 47150.2 0.120 254.62 0.58 8.68 -0.45 596.8
1996 4 20 12 47269.4 4.139 237.24 0.58 9.47 0.99 558.1
1996 4 21 12 47387.3 4.639 242.15 0.58 10.60 0.59 629.5
1996 4 22 12 47504.0 3.959 226.17 0.58 8.74 0.12 560.6
1996 4 23 12 47619.5 10.049 205.17 0.58 9.08 1.72 643.5
1996 4 24 12 47733.6 0.679 231.60 0.58 9.08 1.52 626.1
1996 4 25 12 47846.4 1.350 230.37 0.58 9.12 0.60 681.9
1996 4 26 12 47957.8 3.053 217.69 0.58 8.58 -0.56 588.3
1996 4 27 12 48067.8 1.942 226.08 0.58 6.96 -2.67 559.5
1996 4 28 12 48176.4 1.959 231.93 0.58 12.87 4.40 699.7
1996 4 29 12 48283.5 6.413 231.06 0.58 13.77 6.13 699.7
1996 4 30 12 48389.0 2.320 256.41 0.58 11.98 3.90 705.5
1996 5 1 12 48493.1 6.381 215.53 0.58 13.92 6.13 731.6
1996 5 2 12 48595.5 5.369 251.91 0.58 10.44 3.20 685.3
1996 5 3 12 48696.4 1.024 241.19 0.58 12.97 4.54 758.4
1996 5 4 12 48795.7 10.335 257.79 0.58 11.91 3.43 626.8
1996 5 5 12 48893.3 7.732 230.00 0.58 11.33 3.40 679.5
1996 5 6 12 48989.2 0.991 247.22 0.58 12.03 4.65 696.4
1996 5 7 12 49083.3 1.296 216.46 0.58 12.12 2.56 612.3
1996 5 8 12 49175.8 3.712 251.44 0.58 12.08 3.75 635.5
1996 5 9 12 49266.4 4.388 248.43 0.58 11.19 3.09 684.9
1996 5 10 12 49355.3 8.037 254.56 0.58 15.21 5.95 769.7
1996 5 11 12 49442.4 1.190 237.82 0.58 13.09 5.92 756.0
1996 5 12 12 49527.6 2.281 246.33 0.58 14.35 5.93 743.4
1996 5 13 12 49610.9 3.331 270.62 0.58 15.12 5.93 726.6
1996 5 14 12 49692.3 2.839 257.40 0.58 13.96 6.09 742.4
1996 5 15 12 49771.8 5.714 256.80 0.58 15.26 6.98 740.4
1996 5 16 12 49849.4 1.465 231.59 0.58 13.64 4.71 722.8
1996 5 17 12 49924.9 1.281 239.07 0.58 14.91 7.15 725.9
1996 5 18 12 49998.5 3.042 258.97 0.58 15.70 6.20 752.3
1996 5 19 12 50070.1 9.374 247.14 0.58 16.08 7.67 782.7
1996 5 20 12 50139.7 10.860 225.71 0.58 15.31 7.04 750.7
1996 5 21 12 50207.1 1.732 251.63 0.58 16.64 8.26 843.7
1996 5 22 12 50272.5 1.750 239.55 0.58 15.32 8.14 747.0
1996 5 23 12 50335.9 6.409 261.53 0.58 15.81 8.79 819.9
1996 5 24 12 50397.0 9.219 243.43 0.58 15.70 8.98 760.5
1996 5 25 12 50456.1 1.657 247.69 0.58 17.59 8.62 784.0
1996 5 26 12 50513.0 1.774 250.67 0.58 13.20 4.30 681.0
1996 5 27 12 50567.8 1.517 274.12 0.58 16.71 7.67 801.4
1996 5 28 12 50620.3 0.955 263.44 0.58 17.79 9.58 800.2
1996 5 29 12 50670.7 2.189 254.69 0.58 15.38 6.27 696.7
1996 5 30 12 50718.8 1.644 267.77 0.58 18.73 10.61 824.6
1996 5 31 12 50764.8 8.991 217.13 0.58 18.54 8.99 746.8
1996 6 1 12 50808.5 1.543 256.48 0.58 17.48 8.13 770.7
1996 6 2 12 50849.9 4.636 264.93 0.58 21.45 13.01 867.0
1996 6 3 12 50889.0 0.388 261.75 0.58 16.48 8.30 716.3
1996 6 4 12 50925.9 1.227 245.35 0.58 18.68 9.03 829.8
1996 6 5 12 50960.5 4.013 260.95 0.58 18.37 10.42 815.3
1996 6 6 12 50992.8 4.002 255.46 0.58 17.48 10.70 851.8
1996 6 7 12 51022.8 1.660 275.08 0.58 18.52 12.38 888.6
1996 6 8 12 51050.5 5.663 249.80 0.58 22.06 13.92 879.9
1996 6 9 12 51075.8 3.473 288.13 0.58 18.49 9.93 778.1
1996 6 10 12 51098.8 3.762 252.81 0.58 18.44 10.49 835.8
1996 6 11 12 51119.5 0.850 258.92 0.58 17.65 10.24 784.8
1996 6 12 12 51137.8 3.541 249.89 0.58 19.50 11.93 819.5
1996 6 13 12 51153.7 2.208 244.90 0.58 18.62 11.83 880.9
1996 6 14 12 51167.4 0.874 246.38 0.58 17.97 9.44 778.3
1996 6 15 12 51178.6 0.555 270.60 0.58 18.80 10.31 800.0
1996 6 16 12 51187.5 1.094 276.70 0.58 21.27 13.06 890.1
1996 6 17 12 51194.0 15.018 231.26 0.58 17.46 7.63 745.0
1996 6 18 12 51198.1 1.431 250.69 0.58 20.13 11.45 800.9
1996 6 19 12 51199.9 3.584 252.74 0.58 17.54 8.95 776.6
1996 6 20 12 51199.3 1.263 261.58 0.58 17.57 9.00 794.4
1996 6 21 12 51196.4 7.128 245.59 0.58 19.19 11.20 812.9
1996 6 22 12 51191.0 1.782 274.37 0.58 19.41 12.01 844.0
1996 6 23 12 51183.3 2.253 253.75 0.58 22.91 16.17 916.8
1996 6 24 12 51173.3 3.880 282.15 0.58 18.51 9.58 763.3
1996 6 25 12 51160.8 0.529 231.37 0.58 21.18 13.14 804.2
1996 6 26 12 51146.1 1.147 265.11 0.58 21.52 13.12 887.9
1996 6 27 12 51128.9 1.572 278.21 0.58 20.38 12.23 851.4
1996 6 28 12 51109.4 2.301 247.02 0.58 22.63 14.20 884.1
1996 6 29 12 51087.6 1.559 253.55 0.58 20.87 12.27 833.1
1996 6 30 12 51063.4 5.645 218.34 0.58 21.92 13.43 880.0
1996 7 1 12 51036.9 1.376 256.35 0.58 20.07 11.33 812.8
1996 7 2 12 51008.1 0.014 260.56 0.58 19.96 12.06 857.4
1996 7 3 12 50976.9 2.925 253.43 0.58 24.22 16.36 922.7
1996 7 4 12 50943.5 0.884 246.06 0.58 23.50 13.93 853.9
1996 7 5 12 50907.8 5.249 254.51 0.58 22.59 13.52 922.4
1996 7 6 12 50869.7 0.202 248.57 0.58 22.61 14.42 914.2
1996 7 7 12 50829.4 11.015 244.70 0.58 22.56 13.69 915.7
1996 7 8 12 50786.9 3.605 244.55 0.58 19.65 10.85 850.1
1996 7 9 12 50742.1 3.232 271.77 0.58 21.24 13.91 865.0
1996 7 10 12 50695.1 1.446 247.52 0.58 24.60 16.58 929.9
1996 7 11 12 50645.8 1.860 232.71 0.58 22.59 14.97 927.5
1996 7 12 12 50594.3 4.743 239.44 0.58 19.54 10.59 810.8
1996 7 13 12 50540.7 1.151 275.83 0.58 22.08 14.96 874.3
1996 7 14 12 50484.8 4.760 262.02 0.58 22.58 13.70 877.8
1996 7 15 12 50426.8 1.771 248.83 0.58 20.63 10.82 868.7
1996 7 16 12 50366.7 0.384 262.28 0.58 20.96 12.77 866.0
1996 7 17 12 50304.5 2.901 250.39 0.58 20.18 11.86 793.5
1996 7 18 12 50240.1 0.668 241.91 0.58 21.88 12.81 841.0
1996 7 19 12 50173.7 1.449 270.63 0.58 20.58 12.49 892.4
1996 7 20 12 50105.1 0.013 263.89 0.58 21.97 13.31 864.0
1996 7 21 12 50034.6 0.783 242.97 0.58 20.31 12.94 814.8
1996 7 22 12 49962.0 0.146 255.90 0.58 21.36 12.65 863.8
1996 7 23 12 49887.4 1.372 257.29 0.58 22.53 14.20 874.8
1996 7 24 12 49810.8 5.234 256.52 0.58 19.95 10.39 842.7
1996 7 25 12 49732.3 6.839 239.83 0.58 24.66 17.15 942.8
1996 7 26 12 49651.8 0.811 230.22 0.58 19.92 12.31 903.8
1996 7 27 12 49569.5 2.354 256.04 0.58 18.64 10.22 791.8
1996 7 28 12 49485.2 0.662 255.71 0.58 21.75 12.75 889.3
1996 7 29 12 49399.1 1.291 251.35 0.58 23.88 15.02 904.2
1996 7 30 12 49311.1 2.461 233.67 0.58 18.85 10.56 801.1
1996 7 31 12 49221.3 5.320 246.16 0.58 20.17 11.46 825.5
1996 8 1 12 49129.8 1.357 245.02 0.58 19.73 11.57 804.1
1996 8 2 12 49036.5 1.970 215.56 0.58 18.40 10.48 842.8
1996 8 3 12 48941.4 2.143 231.72 0.58 21.35 13.86 861.7
1996 8 4 12 48844.7 1.624 239.87 0.58 24.92 16.21 969.6
1996 8 5 12 48746.2 0.407 241.65 0.58 21.67 12.75 877.9
1996 8 6 12 48646.2 0.685 237.07 0.58 19.94 11.68 830.8
1996 8 7 12 48544.5 5.195 209.70 0.58 21.72 13.60 880.8
1996 8 8 12 48441.3 1.099 249.83 0.58 20.47 11.07 841.3
1996 8 9 12 48336.4 1.209 225.47 0.58 18.98 9.98 824.2
1996 8 10 12 48230.1 1.641 217.57 0.58 21.74 13.91 935.3
1996 8 11 12 48122.3 1.749 247.17 0.58 24.09 14.91 949.0
1996 8 12 12 48013.0 1.604 213.54 0.58 22.09 14.47 840.0
1996 8 13 12 47902.3 0.489 215.08 0.58 19.80 13.00 899.0
1996 8 14 12 47790.2 3.491 231.17 0.58 19.64 11.50 844.5
1996 8 15 12 47676.7 5.402 215.45 0.58 20.11 11.66 807.1
1996 8 16 12 47561.9 1.947 252.88 0.58 20.45 13.26 845.1
1996 8 17 12 47445.8 0.142 215.40 0.58 21.41 13.10 891.8
1996 8 18 12 47328.5 3.276 215.25 0.58 20.15 12.22 856.3
1996 8 19 12 47209.9 2.501 228.05 0.58 20.52 11.93 839.0
1996 8 20 12 47090.2 0.248 189.82 0.58 18.08 11.91 886.3
1996 8 21 12 46969.3 2.281 218.05 0.58 21.40 12.34 845.6
1996 8 22 12 46847.3 1.879 227.65 0.58 19.21 11.00 859.9
1996 8 23 12 46724.2 0.325 200.63 0.58 20.91 11.79 735.4
1996 8 24 12 46600.0 6.779 212.97 0.58 19.66 11.64 892.8
1996 8 25 12 46474.8 2.034 205.38 0.58 17.16 9.52 828.5
1996 8 26 12 46348.7 0.722 198.64 0.58 17.79 8.89 768.8
1996 8 27 12 46221.7 5.229 216.04 0.58 20.78 11.62 822.3
1996 8 28 12 46093.7 2.491 235.07 0.58 17.88 8.74 768.1
1996 8 29 12 45964.9 0.615 201.32 0.58 17.99 9.91 836.4
1996 8 30 12 45835.3 2.337 228.81 0.58 21.40 13.65 889.8
1996 8 31 12 45704.9 0.654 205.90 0.58 16.20 8.25 741.7
1996 9 1 12 45573.7 0.675 214.95 0.58 19.46 11.40 828.2
1996 9 2 12 45441.8 1.606 178.62 0.58 19.03 10.99 847.2
1996 9 3 12 45309.3 2.074 219.00 0.58 16.62 8.98 809.7
1996 9 4 12 45176.2 1.146 183.36 0.58 16.89 8.89 822.5
1996 9 5 12 45042.4 1.765 189.29 0.58 19.03 10.50 800.8
1996 9 6 12 44908.2 1.386 187.41 0.58 17.89 9.68 784.4
1996 9 7 12 44773.4 0.746 163.56 0.58 18.86 10.53 851.9
1996 9 8 12 44638.1 1.220 203.11 0.58 16.71 7.87 752.9
1996 9 9 12 44502.5 3.634 174.26 0.58 16.12 7.52 782.5
1996 9 10 12 44366.4 2.380 220.72 0.58 17.29 8.00 756.3
1996 9 11 12 44230.0 1.445 195.06 0.58 17.57 9.18 759.8
1996 9 12 12 44093.3 4.573 182.96 0.58 16.84 8.50 760.1
1996 9 13 12 43956.3 1.576 189.08 0.58 16.87 8.86 772.7
1996 9 14 12 43819.1 2.911 158.63 0.58 17.76 8.49 731.9
1996 9 15 12 43681.7 0.658 171.12 0.58 16.30 7.12 760.4
1996 9 16 12 43544.2 2.502 198.24 0.58 15.26 7.75 777.6
1996 9 17 12 43406.5 2.837 187.63 0.58 16.28 8.89 761.1
1996 9 18 12 43268.9 0.044 188.89 0.58 14.37 5.34 759.7
1996 9 19 12 43131.1 0.472 186.38 0.58 12.15 3.72 696.0
1996 9 20 12 42993.5 0.856 152.40 0.58 14.13 4.98 716.1
1996 9 21 12 42855.8 3.870 157.74 0.58 17.26 9.92 820.7
1996 9 22 12 42718.3 0.788 181.34 0.58 15.64 7.78 745.8
1996 9 23 12 42580.9 2.723 185.20 0.58 16.81 8.61 748.9
1996 9 24 12 42443.7 0.677 159.47 0.58 14.13 5.42 660.1
1996 9 25 12 42306.7 5.327 175.22 0.58 16.06 8.66 827.3
1996 9 26 12 42170.0 0.124 179.54 0.58 13.64 5.76 691.3
1996 9 27 12 42033.6 4.446 187.36 0.58 12.16 4.99 701.0
1996 9 28 12 41897.5 4.849 182.43 0.58 12.46 4.91 713.9
1996 9 29 12 41761.9 1.157 158.13 0.58 12.33 3.88 688.6
1996 9 30 12 41626.6 2.051 203.60 0.58 13.40 3.90 708.1
1996 10 1 12 41491.8 3.473 170.72 0.58 15.04 6.82 755.0
1996 10 2 12 41357.6 2.401 169.51 0.58 12.28 4.33 688.1
1996 10 3 12 41223.8 0.585 187.47 0.58 11.98 3.55 658.9
1996 10 4 12 41090.7 0.887 138.89 0.58 13.61 4.92 735.2
1996 10 5 12 40958.2 0.363 167.61 0.58 13.54 5.48 686.9
1996 10 6 12 40826.3 3.460 147.88 0.58 12.35 4.44 746.3
1996 10 7 12 40695.1 0.925 152.95 0.58 12.00 2.95 670.0
1996 10 8 12 40564.7 0.389 145.60 0.58 11.08 2.34 623.3
1996 10 9 12 40435.1 0.382 156.14 0.58 11.93 2.96 643.5
1996 10 10 12 40306.3 0.350 127.31 0.58 9.44 0.55 648.2
1996 10 11 12 40178.3 2.310 154.66 0.58 12.14 5.10 680.2
1996 10 12 12 40051.3 0.324 131.21 0.58 10.04 1.73 648.1
1996 10 13 12 39925.2 2.775 181.93 0.58 9.63 0.29 598.2
1996 10 14 12 39800.0 2.695 153.67 0.58 10.62 3.16 671.6
1996 10 15 12 39675.8 3.886 119.44 0.58 10.35 1.51 675.6
1996 10 16 12 39552.7 0.337 113.43 0.58 12.52 4.17 678.5
1996 10 17 12 39430.7 0.661 127.53 0.58 11.55 3.98 719.8
1996 10 18 12 39309.8 1.147 142.65 0.58 7.57 -0.39 590.3
1996 10 19 12 39190.1 1.472 129.50 0.58 9.05 1.80 623.2
1996 10 20 12 39071.5 0.685 135.56 0.58 8.81 -0.91 604.2
1996 10 21 12 38954.2 1.666 148.84 0.58 10.43 2.47 656.9
1996 10 22 12 38838.1 0.674 122.50 0.58 10.47 2.82 699.4
1996 10 23 12 38723.3 0.240 136.35 0.58 8.22 0.28 589.9
1996 10 24 12 38609.8 0.285 119.42 0.58 5.94 -3.65 500.8
1996 10 25 12 38497.7 0.575 141.01 0.58 8.54 0.63 648.8
1996 10 26 12 38387.0 1.774 125.31 0.58 6.40 -3.12 504.7
1996 10 27 12 38277.7 1.061 126.80 0.58 5.75 -1.81 601.6
1996 10 28 12 38169.9 0.585 112.83 0.58 7.47 -0.46 558.2
1996 10 29 12 38063.6 0.708 149.26 0.58 6.70 0.29 635.4
1996 10 30 12 37958.7 0.101 136.62 0.58 6.50 -2.73 557.8
1996 10 31 12 37855.5 1.023 101.02 0.58 7.45 -2.72 505.0
1996 11 1 12 37753.8 0.467 140.94 0.58 5.69 -4.18 456.6
1996 11 2 12 37653.8 0.341 110.47 0.58 5.70 -1.74 574.0
1996 11 3 12 37555.3 1.567 108.62 0.58 4.11 -5.48 524.3
1996 11 4 12 37458.6 2.279 146.39 0.58 4.84 -3.71 567.3
1996 11 5 12 37363.5 1.240 141.13 0.58 7.17 -1.55 535.4
1996 11 6 12 37270.2 1.877 106.99 0.58 5.62 -1.67 593.7
1996 11 7 12 37178.7 0.557 101.25 0.58 7.39 -0.79 588.8
1996 11 8 12 37088.9 0.850 108.81 0.58 3.91 -3.74 575.3
1996 11 9 12 37000.9 0.567 99.11 0.58 3.67 -4.68 494.5
1996 11 10 12 36914.8 0.185 108.34 0.58 1.51 -6.84 477.0
1996 11 11 12 36830.5 0.559 124.52 0.58 6.14 -2.24 512.3
1996 11 12 12 36748.2 0.181 88.48 0.58 4.05 -3.78 549.1
1996 11 13 12 36667.7 1.252 95.32 0.58 4.39 -4.14 486.9
1996 11 14 12 36589.2 0.086 96.83 0.58 2.67 -4.76 525.7
1996 11 15 12 36512.6 5.240 116.91 0.58 1.75 -6.45 480.3
1996 11 16 12 36438.0 0.788 121.56 0.58 3.23 -5.34 481.9
1996 11 17 12 36365.4 0.163 95.68 0.58 3.04 -5.09 485.0
1996 11 18 12 36294.9 1.016 102.94 0.58 5.12 -2.83 548.3
1996 11 19 12 36226.3 0.179 128.99 0.58 1.11 -6.64 486.0
1996 11 20 12 36159.9 1.119 130.00 0.58 2.84 -6.04 492.5
1996 11 21 12 36095.5 0.023 122.66 0.58 4.72 -2.91 573.5
1996 11 22 12 36033.3 2.656 82.02 0.58 1.04 -7.41 449.2
1996 11 23 12 35973.2 0.506 119.14 0.58 1.34 -5.52 498.1
1996 11 24 12 35915.2 1.025 89.03 0.58 2.27 -5.89 530.2
1996 11 25 12 35859.3 1.629 91.17 0.58 3.14 -5.37 519.5
1996 11 26 12 35805.7 0.967 98.83 0.58 2.55 -5.76 449.9
1996 11 27 12 35754.2 0.486 127.92 0.58 2.80 -4.48 494.8
1996 11 28 12 35704.9 2.347 113.35 0.58 0.61 -6.78 462.5
1996 11 29 12 35657.9 1.599 117.98 0.58 2.05 -5.38 474.0
1996 11 30 12 35613.1 0.082 92.58 0.58 2.41 -7.38 476.1
1996 12 1 12 35570.6 0.808 95.35 0.58 -0.65 -9.36 388.8
1996 12 2 12 35530.3 0.032 104.31 0.58 3.85 -4.64 473.0
1996 12 3 12 35492.2 0.356 120.98 0.58 0.54 -6.86 462.3
1996 12 4 12 35456.5 0.774 82.01 0.58 -1.90 -10.97 351.8
1996 12 5 12 35423.1 1.059 95.78 0.58 2.19 -6.08 462.4
1996 12 6 12 35391.9 0.431 97.95 0.58 0.35 -8.84 443.9
1996 12 7 12 35363.1 4.264 80.03 0.58 1.42 -6.83 445.8
1996 12 8 12 35336.6 1.184 114.59 0.58 1.34 -6.61 481.6
1996 12 9 12 35312.4 0.573 71.37 0.58 0.66 -6.89 447.3
1996 12 10 12 35290.6 1.967 116.36 0.58 1.87 -5.59 480.9
1996 12 11 12 35271.1 2.692 98.16 0.58 -1.32 -9.74 429.2
1996 12 12 12 35253.9 0.779 105.00 0.58 2.00 -7.71 455.2
1996 12 13 12 35239.2 2.525 112.95 0.58 -2.72 -11.52 407.6
1996 12 14 12 35226.7 2.070 85.13 0.58 0.70 -8.46 414.0
1996 12 15 12 35216.7 0.111 101.09 0.58 -0.13 -7.60 453.1
1996 12 16 12 35209.0 0.506 110.45 0.58 1.25 -6.23 439.9
1996 12 17 12 35203.6 0.261 77.01 0.58 -2.31 -10.07 393.9
1996 12 18 12 35200.7 1.245 107.35 0.58 -0.61 -6.92 425.5
1996 12 19 12 35200.1 1.046 115.65 0.58 1.84 -6.63 485.1
1996 12 20 12 35201.9 0.098 91.26 0.58 -2.31 -8.86 413.1
1996 12 21 12 35206.0 1.334 108.84 0.58 -2.30 -11.42 388.2
1996 12 22 12 35212.5 0.791 92.41 0.58 1.17 -6.50 496.3
1996 12 23 12 35221.4 4.275 85.13 0.58 1.28 -6.91 463.7
1996 12 24 12 35232.6 0.765 88.44 0.58 -1.34 -9.38 456.1
1996 12 25 12 35246.3 0.342 107.40 0.58 -4.26 -12.61 351.9
1996 12 26 12 35262.2 1.291 83.36 0.58 -2.80 -12.14 347.6
1996 12 27 12 35280.5 0.153 80.88 0.58 -3.59 -11.08 365.3
1996 12 28 12 35301.2 0.122 96.72 0.58 1.14 -7.71 422.9
1996 12 29 12 35324.2 0.398 123.05 0.58 -2.05 -8.89 404.2
1996 12 30 12 35349.5 1.290 108.42 0.58 -3.12 -11.66 334.3
1996 12 31 12 35377.2 4.245 112.74 0.58 -1.77 -9.68 405.5
1997 1 1 12 35377.2 0.788 114.17 0.58 -3.39 -10.83 397.9
1997 1 2 12 35407.2 0.510 103.42 0.58 -2.58 -8.88 398.7
1997 1 3 12 35439.5 3.597 94.14 0.58 -2.07 -10.41 430.9
1997 1 4 12 35474.1 1.772 87.39 0.58 -3.57 -13.02 406.6
1997 1 5 12 35511.0 0.883 65.46 0.58 -4.95 -13.63 302.6
1997 1 6 12 35550.1 2.820 83.34 0.58 -1.78 -9.48 462.3
1997 1 7 12 35591.5 0.560 68.19 0.58 -0.62 -8.81 434.9
1997 1 8 12 35635.2 5.679 106.88 0.58 -3.94 -11.32 391.9
1997 1 9 12 35681.2 3.464 79.18 0.58 -0.62 -8.81 345.4
1997 1 10 12 35729.3 1.118 105.60 0.58 -3.72 -11.71 339.8
1997 1 11 12 35779.7 1.269 104.45 0.58 -2.13 -9.65 391.3
1997 1 12 12 35832.2 1.814 98.35 0.58 -2.18 -10.08 324.1
1997 1 13 12 35887.0 1.390 116.14 0.58 -4.66 -13.58 316.2
1997 1 14 12 35943.9 7.061 100.86 0.58 -3.81 -12.03 379.3
1997 1 15 12 36003.0 2.856 121.73 0.58 -3.52 -11.43 346.9
1997 1 16 12 36064.1 1.247 125.86 0.58 -3.04 -11.92 380.5
1997 1 17 12 36127.5 2.377 75.59 0.58 -1.42 -10.74 366.3
1997 1 18 12 36192.9 0.038 88.59 0.58 -1.08 -10.41 431.3
1997 1 19 12 36260.3 0.630 72.98 0.58 -3.88 -12.73 324.3
1997 1 20 12 36329.9 0.826 128.56 0.58 0.15 -7.22 504.1
1997 1 21 12 36401.5 0.440 119.97 0.58 -4.48 -13.32 337.7
1997 1 22 12 36475.1 0.459 123.12 0.58 -3.25 -12.21 362.5
1997 1 23 12 36550.6 2.094 113.38 0.58 -2.97 -11.21 364.0
1997 1 24 12 36628.2 1.477 127.43 0.58 0.10 -8.54 445.4
1997 1 25 12 36707.7 1.713 96.46 0.58 -3.05 -11.61 326.9
1997 1 26 12 36789.1 2.666 101.20 0.58 -5.33 -12.20 350.5
1997 1 27 12 36872.4 0.263 118.64 0.58 -3.01 -10.42 387.0
1997 1 28 12 36957.6 4.163 119.73 0.58 -0.99 -9.66 403.9
1997 1 29 12 37044.7 2.666 120.58 0.58 -1.03 -7.17 438.1
1997 1 30 12 37133.6 0.518 115.11 0.58 -3.44 -11.91 342.6
1997 1 31 12 37224.2 0.805 132.99 0.58 -2.92 -9.56 396.6
1997 2 1 12 37316.7 4.746 99.41 0.58 -0.96 -11.25 360.7
1997 2 2 12 37410.8 2.185 97.85 0.58 -1.41 -9.50 412.7
1997 2 3 12 37506.7 0.936 127.67 0.58 -1.93 -10.02 461.7
1997 2 4 12 37604.3 0.775 103.16 0.58 -5.00 -13.20 327.6
1997 2 5 12 37703.6 0.710 120.53 0.58 -2.57 -13.35 356.9
1997 2 6 12 37804.5 1.149 120.11 0.58 -1.97 -10.42 397.7
1997 2 7 12 37906.9 7.516 139.99 0.58 -1.14 -10.77 472.9
1997 2 8 12 38011.0 0.787 159.35 0.58 -2.46 -9.88 435.1
1997 2 9 12 38116.5 5.177 141.49 0.58 -3.75 -11.69 391.4
1997 2 10 12 38223.6 0.478 125.63 0.58 -1.07 -9.24 407.8
1997 2 11 12 38332.2 1.651 113.78 0.58 -0.33 -7.97 466.3
1997 2 12 12 38442.2 3.165 116.44 0.58 -2.36 -10.43 396.7
1997 2 13 12 38553.6 1.447 129.74 0.58 -3.26 -11.90 370.8
1997 2 14 12 38666.4 3.711 145.59 0.58 -2.80 -11.02 438.2
1997 2 15 12 38780.5 1.968 133.58 0.58 -3.63 -11.67 354.2
1997 2 16 12 38896.0 2.006 137.50 0.58 -1.96 -9.55 437.3
1997 2 17 12 39012.7 0.676 154.57 0.58 -1.06 -10.42 346.3
1997 2 18 12 39130.6 0.704 169.55 0.58 -1.25 -9.97 422.9
1997 2 19 12 39249.8 0.316 155.83 0.58 2.10 -7.21 468.2
1997 2 20 12 39370.1 3.022 155.93 0.58 -0.26 -7.97 452.2
1997 2 21 12 39491.6 0.407 153.24 0.58 -0.77 -8.57 452.9
1997 2 22 12 39614.2 0.814 153.33 0.58 -0.64 -8.69 472.3
1997 2 23 12 39737.8 5.409 120.52 0.58 1.15 -7.51 446.7
1997 2 24 12 39862.5 3.548 151.93 0.58 1.65 -7.87 440.1
1997 2 25 12 39988.1 2.389 146.14 0.58 1.01 -7.10 468.3
1997 2 26 12 40114.7 1.065 147.22 0.58 3.26 -4.63 486.8
1997 2 27 12 40242.2 1.801 168.39 0.58 0.73 -7.15 463.4
1997 2 28 12 40370.6 1.960 179.13 0.58 0.94 -9.66 400.5
1997 3 1 12 40499.8 1.001 139.39 0.58 2.22 -5.37 522.5
1997 3 2 12 40629.8 2.117 138.92 0.58 0.31 -6.91 462.6
1997 3 3 12 40760.6 2.179 146.51 0.58 -0.51 -8.09 431.4
1997 3 4 12 40892.1 3.871 154.36 0.58 0.56 -9.45 417.6
1997 3 5 12 41024.3 0.627 163.67 0.58 1.95 -6.50 422.7
1997 3 6 12 41157.2 2.658 148.89 0.58 2.80 -4.91 477.8
1997 3 7 12 41290.6 5.406 142.25 0.58 2.08 -6.97 497.5
1997 3 8 12 41424.6 0.521 147.87 0.58 2.73 -6.44 415.6
1997 3 9 12 41559.2 1.429 177.76 0.58 2.66 -4.96 513.4
1997 3 10 12 41694.2 1.329 156.86 0.58 2.89 -6.86 489.0
1997 3 11 12 41829.7 1.336 162.54 0.58 2.88 -5.16 481.9
1997 3 12 12 41965.5 4.695 155.17 0.58 0.23 -7.42 455.9
1997 3 13 12 42101.8 1.968 184.64 0.58 2.23 -6.03 454.0
1997 3 14 12 42238.3 0.991 173.28 0.58 3.35 -4.57 521.3
1997 3 15 12 42375.2 3.046 170.94 0.58 1.40 -6.65 447.1
1997 3 16 12 42512.3 0.465 180.32 0.58 2.43 -5.78 485.2
1997 3 17 12 42649.6 10.803 171.00 0.58 0.26 -8.64 427.5
1997 3 18 12 42787.0 6.438 155.83 0.58 2.59 -5.49 516.3
1997 3 19 12 42924.6 3.011 170.53 0.58 4.38 -3.50 516.7
1997 3 20 12 43062.3 1.350 188.58 0.58 7.17 -0.41 602.3
1997 3 21 12 43200.0 1.338 193.39 0.58 2.46 -5.01 458.8
1997 3 22 12 43337.7 3.088 229.45 0.58 2.95 -4.74 460.5
1997 3 23 12 43475.4 5.915 190.89 0.58 7.19 0.01 581.4
1997 3 24 12 43613.0 0.612 165.25 0.58 7.16 -0.97 570.2
1997 3 25 12 43750.4 2.027 198.99 0.58 7.07 -1.64 582.3
1997 3 26 12 43887.7 6.025 190.27 0.58 2.76 -4.69 461.8
1997 3 27 12 44024.8 1.595 151.22 0.58 6.42 -3.16 549.4
1997 3 28 12 44161.7 2.917 167.27 0.58 5.70 -3.14 552.8
1997 3 29 12 44298.2 0.789 175.54 0.58 7.39 -2.41 476.4
1997 3 30 12 44434.5 6.929 210.31 0.58 5.14 -3.41 505.8
1997 3 31 12 44570.3 4.811 205.14 0.58 7.12 -0.93 549.0
1997 4 1 12 44705.8 3.443 195.51 0.58 5.96 -2.41 507.8
1997 4 2 12 44840.8 0.630 198.88 0.58 7.21 -1.76 507.7
1997 4 3 12 44975.4 4.850 212.73 0.58 5.28 -3.48 580.5
1997 4 4 12 45109.4 3.215 212.07 0.58 8.71 0.49 581.6
1997 4 5 12 45242.8 2.302 187.65 0.58 6.94 -0.06 584.6
1997 4 6 12 45375.7 0.591 212.79 0.58 4.98 -4.16 527.1
1997 4 7 12 45507.9 6.086 224.36 0.58 7.21 -1.45 553.9
1997 4 8 12 45639.4 2.414 216.66 0.58 3.46 -3.53 533.6
1997 4 9 12 45770.2 0.057 190.04 0.58 7.48 -0.49 615.8
1997 4 10 12 45900.2 3.769 212.16 0.58 7.85 -0.51 535.7
1997 4 11 12 46029.4 0.261 190.62 0.58 7.84 0.64 558.1
1997 4 12 12 46157.8 1.504 194.05 0.58 10.55 2.64 653.0
1997 4 13 12 46285.3 1.421 194.51 0.58 7.70 -0.80 531.0
1997 4 14 12 46411.9 4.938 232.92 0.58 8.71 2.09 617.5
1997 4 15 12 46537.5 2.306 201.89 0.58 11.41 3.97 642.0
1997 4 16 12 46662.2 2.983 190.51 0.58 10.47 1.84 623.0
1997 4 17 12 46785.8 6.511 201.99 0.58 10.24 2.22 613.3
1997 4 18 12 46908.4 1.575 222.69 0.58 8.15 0.82 610.4
1997 4 19 12 47029.9 4.030 236.41 0.58 12.00 3.66 590.2
1997 4 20 12 47150.2 6.649 211.88 0.58 8.90 -0.83 563.2
1997 4 21 12 47269.4 4.607 243.10 0.58 11.52 3.72 650.0
1997 4 22 12 47387.3 2.658 224.83 0.58 11.13 4.22 676.4
1997 4 23 12 47504.0 1.511 215.90 0.58 11.63 3.60 620.8
1997 4 24 12 47619.5 2.013 216.54 0.58 11.80 3.96 657.0
1997 4 25 12 47733.6 2.103 219.29 0.58 10.87 2.22 584.2
1997 4 26 12 47846.4 1.730 224.12 0.58 12.25 4.20 724.5
1997 4 27 12 47957.8 3.129 226.57 0.58 10.85 1.31 607.7
1997 4 28 12 48067.8 4.168 239.04 0.58 11.65 4.44 671.6
1997 4 29 12 48176.4 0.153 217.12 0.58 10.45 2.48 657.1
1997 4 30 12 48283.5 4.751 229.49 0.58 11.63 2.86 664.9
1997 5 1 12 48389.0 2.753 225.19 0.58 10.31 2.17 660.6
1997 5 2 12 48493.1 3.014 247.29 0.58 12.12 4.26 702.4
1997 5 3 12 48595.5 2.859 231.20 0.58 12.40 4.58 707.9
1997 5 4 12 48696.4 3.434 254.64 0.58 11.99 4.00 660.9
1997 5 5 12 48795.7 9.612 251.84 0.58 10.48 3.58 590.1
1997 5 6 12 48893.3 0.474 209.30 0.58 12.76 5.94 769.0
1997 5 7 12 48989.2 10.482 221.68 0.58 12.17 5.50 742.7
1997 5 8 12 49083.3 7.812 230.29 0.58 13.78 6.10 727.4
1997 5 9 12 49175.8 1.689 252.84 0.58 13.76 4.39 699.4
1997 5 10 12 49266.4 0.774 261.04 0.58 12.85 4.60 744.6
1997 5 11 12 49355.3 1.301 234.48 0.58 12.71 4.51 691.8
1997 5 12 12 49442.4 1.018 216.53 0.58 11.67 3.65 648.7
1997 5 13 12 49527.6 1.738 223.57 0.58 15.55 6.53 739.2
1997 5 14 12 49610.9 3.307 243.33 0.58 14.46 4.95 674.1
1997 5 15 12 49692.3 1.006 239.70 0.58 15.21 6.96 761.7
1997 5 16 12 49771.8 0.448 250.91 0.58 13.69 5.88 713.7
1997 5 17 12 49849.4 4.843 245.13 0.58 16.24 8.05 725.5
1997 5 18 12 49924.9 0.685 234.33 0.58 13.63 5.67 704.6
1997 5 19 12 49998.5 3.680 240.73 0.58 13.69 6.19 685.1
1997 5 20 12 50070.1 2.305 243.68 0.58 14.52 7.49 732.5
1997 5 21 12 50139.7 3.450 243.33 0.58 14.35 6.43 715.4
1997 5 22 12 50207.1 1.348 249.60 0.58 14.28 6.11 702.9
1997 5 23 12 50272.5 5.573 275.21 0.58 14.10 6.26 737.9
1997 5 24 12 50335.9 5.134 257.78 0.58 13.04 4.38 672.7
1997 5 25 12 50397.0 0.994 262.95 0.58 17.07 8.52 762.1
1997 5 26 12 50456.1 1.114 231.57 0.58 15.68 8.61 785.4
1997 5 27 12 50513.0 4.879 249.91 0.58 16.17 8.01 781.7
1997 5 28 12 50567.8 0.221 300.20 0.58 20.02 11.59 798.1
1997 5 29 12 50620.3 1.874 258.06 0.58 19.08 11.28 798.3
1997 5 30 12 50670.7 18.934 258.53 0.58 16.94 8.67 814.6
1997 5 31 12 50718.8 4.657 248.62 0.58 18.69 10.28 777.6
1997 6 1 12 50764.8 1.366 260.54 0.58 16.91 8.40 731.7
1997 6 2 12 50808.5 5.447 261.19 0.58 18.11 8.98 835.4
1997 6 3 12 50849.9 0.920 285.00 0.58 15.62 6.53 695.8
1997 6 4 12 50889.0 2.913 267.38 0.58 16.54 8.91 754.3
1997 6 5 12 50925.9 4.734 269.66 0.58 16.56 8.76 771.9
1997 6 6 12 50960.5 6.338 245.28 0.58 18.15 10.93 814.6
1997 6 7 12 50992.8 0.708 250.26 0.58 21.26 12.11 796.1
1997 6 8 12 51022.8 6.174 248.23 0.58 18.95 10.98 797.9
1997 6 9 12 51050.5 1.313 239.32 0.58 16.24 8.42 771.7
1997 6 10 12 51075.8 1.740 248.71 0.58 18.81 10.44 849.0
1997 6 11 12 51098.8 2.655 244.31 0.58 19.91 9.72 816.7
1997 6 12 12 51119.5 2.096 270.09 0.58 17.50 9.81 785.9
1997 6 13 12 51137.8 0.705 254.03 0.58 18.70 10.35 806.0
1997 6 14 12 51153.7 1.580 252.38 0.58 19.81 11.27 838.9
1997 6 15 12 51167.4 0.124 246.79 0.58 22.54 13.53 856.0
1997 6 16 12 51178.6 7.279 252.16 0.58 20.00 12.21 823.2
1997 6 17 12 51187.5 0.257 285.03 0.58 19.06 10.53 786.7
1997 6 18 12 51194.0 1.390 290.61 0.58 20.31 14.11 904.8
1997 6 19 12 51198.1 6.868 273.24 0.58 22.47 14.14 881.6
1997 6 20 12 51199.9 1.121 263.67 0.58 20.53 13.12 846.6
1997 6 21 12 51199.3 0.355 250.96 0.58 20.38 12.28 844.3
1997 6 22 12 51196.4 0.055 261.41 0.58 19.66 10.85 770.0
1997 6 23 12 51191.0 4.324 277.17 0.58 20.86 13.28 896.1
1997 6 24 12 51183.3 1.842 239.34 0.58 18.01 8.82 791.5
1997 6 25 12 51173.3 2.985 240.86 0.58 20.84 11.99 819.1
1997 6 26 12 51160.8 2.110 265.94 0.58 16.46 8.09 796.5
1997 6 27 12 51146.1 8.272 268.08 0.58 22.37 14.45 879.1
1997 6 28 12 51128.9 10.211 270.04 0.58 21.46 12.03 807.9
1997 6 29 12 51109.4 0.669 235.97 0.58 21.67 13.69 899.1
1997 6 30 12 51087.6 5.968 254.29 0.58 24.71 16.07 930.5
1997 7 1 12 51063.4 1.586 259.82 0.58 20.56 12.44 849.4
1997 7 2 12 51036.9 2.188 252.39 0.58 22.31 14.34 868.4
1997 7 3 12 51008.1 0.512 249.56 0.58 21.97 13.20 825.3
1997 7 4 12 50976.9 8.334 248.37 0.58 19.94 11.46 788.7
1997 7 5 12 50943.5 0.891 268.59 0.58 19.81 10.86 788.0
1997 7 6 12 50907.8 4.264 231.59 0.58 22.14 14.60 883.6
1997 7 7 12 50869.7 0.306 272.10 0.58 22.75 14.27 896.2
1997 7 8 12 50829.4 0.297 248.16 0.58 20.53 12.48 816.5
1997 7 9 12 50786.9 2.688 251.98 0.58 21.17 11.03 818.5
1997 7 10 12 50742.1 6.544 254.42 0.58 21.31 13.23 885.1
1997 7 11 12 50695.1 2.500 269.46 0.58 24.20 17.32 923.1
1997 7 12 12 50645.8 4.549 281.15 0.58 21.87 14.20 869.9
1997 7 13 12 50594.3 0.621 274.55 0.58 20.39 11.91 811.1
1997 7 14 12 50540.7 0.307 242.23 0.58 21.65 13.51 851.7
1997 7 15 12 50484.8 1.771 236.79 0.58 20.60 12.75 853.0
1997 7 16 12 50426.8 1.016 235.24 0.58 21.66 14.19 935.3
1997 7 17 12 50366.7 3.185 222.58 0.58 20.62 12.27 897.2
1997 7 18 12 50304.5 7.118 253.10 0.58 18.55 10.77 818.0
1997 7 19 12 50240.1 3.222 263.31 0.58 22.60 13.16 822.3
1997 7 20 12 50173.7 0.342 269.22 0.58 21.93 12.34 846.8
1997 7 21 12 50105.1 4.434 265.70 0.58 17.33 8.78 762.4
1997 7 22 12 50034.6 0.754 242.92 0.58 22.87 16.48 916.9
1997 7 23 12 49962.0 1.515 241.40 0.58 21.10 12.26 843.6
1997 7 24 12 49887.4 2.368 224.59 0.58 21.74 14.00 905.9
1997 7 25 12 49810.8 4.474 237.80 0.58 23.70 17.31 922.2
1997 7 26 12 49732.3 1.036 239.78 0.58 21.35 12.86 887.3
1997 7 27 12 49651.8 0.394 240.90 0.58 21.96 14.29 870.4
1997 7 28 12 49569.5 0.357 247.21 0.58 21.91 13.78 881.2
1997 7 29 12 49485.2 0.268 274.56 0.58 21.92 13.10 864.5
1997 7 30 12 49399.1 2.318 235.44 0.58 21.59 13.52 868.2
1997 7 31 12 49311.1 7.732 252.47 0.58 20.83 12.54 828.9
1997 8 1 12 49221.3 1.151 226.94 0.58 19.77 11.43 821.1
1997 8 2 12 49129.8 2.416 231.99 0.58 19.83 9.74 812.9
1997 8 3 12 49036.5 2.793 224.04 0.58 21.53 12.37 811.9
1997 8 4 12 48941.4 6.461 238.50 0.58 22.71 13.95 919.6
1997 8 5 12 48844.7 3.541 225.10 0.58 19.85 12.13 802.4
1997 8 6 12 48746.2 0.114 247.17 0.58 21.07 13.09 901.5
1997 8 7 12 48646.2 0.159 192.42 0.58 19.77 11.87 787.3
1997 8 8 12 48544.5 2.885 252.12 0.58 21.50 12.94 867.8
1997 8 9 12 48441.3 4.103 238.78 0.58 22.23 14.54 926.7
1997 8 10 12 48336.4 4.700 248.95 0.58 22.15 15.18 923.0
1997 8 11 12 48230.1 0.700 209.32 0.58 20.66 13.28 830.8
1997 8 12 12 48122.3 0.155 210.43 0.58 22.87 14.15 879.7
1997 8 13 12 48013.0 3.380 216.55 0.58 19.91 11.81 827.8
1997 8 14 12 47902.3 2.955 212.44 0.58 21.74 14.45 831.1
1997 8 15 12 47790.2 3.441 239.49 0.58 18.98 10.98 790.4
1997 8 16 12 47676.7 1.823 203.22 0.58 20.27 11.33 857.0
1997 8 17 12 47561.9 0.088 228.95 0.58 22.28 13.80 864.8
1997 8 18 12 47445.8 0.398 211.36 0.58 19.01 9.88 789.9
1997 8 19 12 47328.5 3.709 221.11 0.58 19.81 11.33 817.8
1997 8 20 12 47209.9 6.889 224.37 0.58 20.29 12.41 857.1
1997 8 21 12 47090.2 5.437 254.54 0.58 19.54 10.82 851.5
1997 8 22 12 46969.3 7.042 205.99 0.58 20.41 12.51 873.0
1997 8 23 12 46847.3 1.259 220.55 0.58 19.13 11.21 817.5
1997 8 24 12 46724.2 0.450 210.78 0.58 19.43 11.81 818.5
1997 8 25 12 46600.0 0.754 223.92 0.58 19.66 11.85 863.3
1997 8 26 12 46474.8 1.434 210.58 0.58 21.36 13.68 856.0
1997 8 27 12 46348.7 0.398 205.30 0.58 20.32 11.43 832.7
1997 8 28 12 46221.7 1.773 213.48 0.58 19.06 10.67 873.0
1997 8 29 12 46093.7 1.143 227.52 0.58 19.62 11.70 797.8
1997 8 30 12 45964.9 10.169 219.89 0.58 17.09 10.37 775.2
1997 8 31 12 45835.3 1.510 226.50 0.58 21.72 14.29 873.3
1997 9 1 12 45704.9 2.137 222.26 0.58 19.19 10.70 785.8
1997 9 2 12 45573.7 3.935 220.48 0.58 19.53 10.98 821.2
1997 9 3 12 45441.8 1.284 183.12 0.58 18.51 10.85 771.1
1997 9 4 12 45309.3 0.587 189.54 0.58 19.87 11.72 874.8
1997 9 5 12 45176.2 1.324 200.98 0.58 16.40 8.25 747.4
1997 9 6 12 45042.4 0.312 207.34 0.58 17.74 9.21 758.1
1997 9 7 12 44908.2 1.841 187.68 0.58 17.34 8.66 806.0
1997 9 8 12 44773.4 1.414 171.81 0.58 19.50 10.61 830.2
1997 9 9 12 44638.1 0.063 198.74 0.58 17.16 9.76 782.7
1997 9 10 12 44502.5 0.188 202.31 0.58 16.42 8.45 774.1
1997 9 11 12 44366.4 1.533 175.61 0.58 15.23 6.52 717.4
1997 9 12 12 44230.0 2.767 183.94 0.58 16.78 8.66 756.0
1997 9 13 12 44093.3 1.355 167.77 0.58 15.54 7.12 708.6
1997 9 14 12 43956.3 0.097 196.70 0.58 15.03 6.77 756.2
1997 9 15 12 43819.1 0.945 178.78 0.58 16.21 7.97 817.3
1997 9 16 12 43681.7 1.224 195.33 0.58 14.39 6.04 691.3
1997 9 17 12 43544.2 1.657 199.65 0.58 13.43 5.03 696.7
1997 9 18 12 43406.5 1.719 193.19 0.58 14.69 6.75 759.2
1997 9 19 12 43268.9 0.329 161.23 0.58 18.21 11.22 849.6
1997 9 20 12 43131.1 1.284 169.32 0.58 16.66 7.87 729.3
1997 9 21 12 42993.5 0.417 139.60 0.58 14.51 4.71 703.7
1997 9 22 12 42855.8 2.860 170.87 0.58 15.63 7.01 710.6
1997 9 23 12 42718.3 3.575 186.52 0.58 16.04 8.22 724.9
1997 9 24 12 42580.9 4.291 159.47 0.58 16.30 8.22 715.4
1997 9 25 12 42443.7 0.966 190.92 0.58 12.66 4.96 720.9
1997 9 26 12 42306.7 5.401 186.02 0.58 14.83 5.80 677.7
1997 9 27 12 42170.0 0.171 172.51 0.58 13.75 6.49 723.3
1997 9 28 12 42033.6 3.693 173.77 0.58 14.94 7.29 756.9
1997 9 29 12 41897.5 0.447 155.74 0.58 12.41 2.75 690.8
1997 9 30 12 41761.9 0.172 146.28 0.58 13.10 3.55 668.1
1997 10 1 12 41626.6 1.345 150.83 0.58 12.82 4.70 703.8
1997 10 2 12 41491.8 0.569 184.21 0.58 10.97 2.91 671.9
1997 10 3 12 41357.6 4.728 146.28 0.58 12.72 5.48 691.3
1997 10 4 12 41223.8 2.095 174.89 0.58 12.24 5.09 681.9
1997 10 5 12 41090.7 1.214 183.01 0.58 11.64 2.16 643.0
1997 10 6 12 40958.2 2.389 167.42 0.58 11.19 3.32 666.2
1997 10 7 12 40826.3 1.967 134.22 0.58 9.92 1.82 692.6
1997 10 8 12 40695.1 1.677 187.27 0.58 12.37 3.90 681.4
1997 10 9 12 40564.7 0.449 153.93 0.58 12.07 2.80 652.3
1997 10 10 12 40435.1 0.828 149.97 0.58 10.36 0.21 593.2
1997 10 11 12 40306.3 0.481 139.03 0.58 10.31 2.53 638.5
1997 10 12 12 40178.3 0.127 156.80 0.58 10.88 2.16 634.9
1997 10 13 12 40051.3 0.584 165.92 0.58 11.76 3.47 682.0
1997 10 14 12 39925.2 3.521 155.88 0.58 11.30 4.13 680.2
1997 10 15 12 39800.0 0.310 146.95 0.58 10.21 2.11 643.9
1997 10 16 12 39675.8 1.301 150.74 0.58 9.64 0.31 617.0
1997 10 17 12 39552.7 2.464 133.32 0.58 10.88 3.09 645.5
1997 10 18 12 39430.7 1.389 146.28 0.58 10.67 2.86 696.5
1997 10 19 12 39309.8 0.422 159.75 0.58 8.21 0.89 558.8
1997 10 20 12 39190.1 1.584 147.02 0.58 10.88 3.33 711.7
1997 10 21 12 39071.5 0.858 151.24 0.58 7.00 -1.36 557.6
1997 10 22 12 38954.2 2.602 113.72 0.58 10.09 2.69 617.4
1997 10 23 12 38838.1 3.310 146.53 0.58 9.06 0.04 635.4
1997 10 24 12 38723.3 0.004 126.28 0.58 8.46 -0.04 557.1
1997 10 25 12 38609.8 2.813 133.76 0.58 9.43 1.30 667.8
1997 10 26 12 38497.7 3.060 128.92 0.58 8.34 -0.51 529.9
1997 10 27 12 38387.0 0.447 134.42 0.58 7.52 -0.97 611.0
1997 10 28 12 38277.7 0.831 132.19 0.58 9.93 0.42 592.9
1997 10 29 12 38169.9 0.488 120.41 0.58 10.83 2.69 629.4
1997 10 30 12 38063.6 0.771 136.33 0.58 4.42 -3.54 571.4
1997 10 31 12 37958.7 0.129 140.60 0.58 7.56 -3.04 509.8
1997 11 1 12 37855.5 0.712 131.07 0.58 7.24 -1.71 558.5
1997 11 2 12 37753.8 1.142 131.86 0.58 5.53 -2.40 513.1
1997 11 3 12 37653.8 0.234 107.70 0.58 11.80 4.68 697.8
1997 11 4 12 37555.3 1.485 107.87 0.58 6.42 -0.99 597.9
1997 11 5 12 37458.6 0.020 155.70 0.58 4.55 -4.08 571.1
1997 11 6 12 37363.5 2.185 103.48 0.58 5.90 -2.54 563.6
1997 11 7 12 37270.2 1.202 119.45 0.58 8.46 -0.44 563.1
1997 11 8 12 37178.7 0.968 122.85 0.58 8.28 -0.81 576.9
1997 11 9 12 37088.9 0.856 103.00 0.58 9.77 2.11 620.3
1997 11 10 12 37000.9 0.041 103.27 0.58 6.67 -1.91 556.1
1997 11 11 12 36914.8 1.756 122.24 0.58 2.38 -6.74 482.9
1997 11 12 12 36830.5 0.391 142.31 0.58 3.70 -3.18 515.6
1997 11 13 12 36748.2 0.561 93.31 0.58 4.05 -5.71 451.8
1997 11 14 12 36667.7 3.147 89.00 0.58 4.38 -4.03 513.2
1997 11 15 12 36589.2 0.311 88.37 0.58 2.48 -4.56 502.1
1997 11 16 12 36512.6 0.146 116.11 0.58 2.12 -5.18 485.3
1997 11 17 12 36438.0 0.685 110.96 0.58 3.11 -4.70 508.9
1997 11 18 12 36365.4 0.148 89.43 0.58 4.13 -3.19 514.1
1997 11 19 12 36294.9 1.500 106.49 0.58 6.20 -2.58 541.8
1997 11 20 12 36226.3 1.007 135.53 0.58 5.22 -3.55 488.5
1997 11 21 12 36159.9 0.563 111.29 0.58 3.83 -3.80 533.7
1997 11 22 12 36095.5 2.000 83.05 0.58 2.45 -4.78 473.4
1997 11 23 12 36033.3 0.082 119.75 0.58 2.92 -3.98 525.4
1997 11 24 12 35973.2 2.342 136.47 0.58 3.21 -4.73 470.7
1997 11 25 12 35915.2 1.711 102.23 0.58 0.97 -7.39 425.3
1997 11 26 12 35859.3 3.373 152.37 0.58 0.25 -7.55 435.5
1997 11 27 12 35805.7 1.444 94.52 0.58 1.44 -7.86 488.5
1997 11 28 12 35754.2 0.829 103.67 0.58 1.61 -7.01 479.1
1997 11 29 12 35704.9 1.185 109.07 0.58 0.44 -8.47 398.6
1997 11 30 12 35657.9 0.107 76.51 0.58 2.00 -6.71 477.6
1997 12 1 12 35613.1 0.089 98.08 0.58 1.33 -6.63 501.8
1997 12 2 12 35570.6 0.246 110.63 0.58 -0.15 -8.47 398.0
1997 12 3 12 35530.3 1.043 94.81 0.58 -0.02 -6.07 477.3
1997 12 4 12 35492.2 0.938 123.11 0.58 3.50 -4.14 532.7
1997 12 5 12 35456.5 0.786 114.75 0.58 2.39 -5.24 506.6
1997 12 6 12 35423.1 2.082 78.97 0.58 0.05 -7.36 460.4
1997 12 7 12 35391.9 2.005 116.80 0.58 -0.11 -9.13 376.0
1997 12 8 12 35363.1 1.731 113.70 0.58 1.69 -6.91 472.9
1997 12 9 12 35336.6 0.295 100.03 0.58 1.56 -6.59 411.9
1997 12 10 12 35312.4 4.204 99.80 0.58 -1.74 -10.55 318.7
1997 12 11 12 35290.6 0.798 122.33 0.58 -1.41 -9.90 340.0
1997 12 12 12 35271.1 1.709 70.37 0.58 -0.60 -7.63 498.5
1997 12 13 12 35253.9 0.037 116.62 0.58 0.10 -8.73 380.8
1997 12 14 12 35239.2 0.902 114.70 0.58 -1.00 -9.51 417.5
1997 12 15 12 35226.7 0.844 120.73 0.58 1.33 -4.89 545.8
1997 12 16 12 35216.7 1.168 107.14 0.58 0.71 -6.27 473.9
1997 12 17 12 35209.0 0.365 123.25 0.58 -3.21 -10.38 381.4
1997 12 18 12 35203.6 0.573 97.10 0.58 1.10 -7.10 452.4
1997 12 19 12 35200.7 1.210 116.14 0.58 0.56 -9.01 444.1
1997 12 20 12 35200.1 0.406 103.36 0.58 0.72 -7.03 473.7
1997 12 21 12 35201.9 2.995 90.37 0.58 -0.50 -7.61 473.6
1997 12 22 12 35206.0 1.953 101.81 0.58 -0.40 -9.01 416.6
1997 12 23 12 35212.5 0.412 96.55 0.58 -0.99 -10.23 444.1
1997 12 24 12 35221.4 0.283 122.94 0.58 1.18 -6.86 468.8
1997 12 25 12 35232.6 2.534 114.36 0.58 -0.78 -8.38 444.0
1997 12 26 12 35246.3 0.211 83.27 0.58 -2.23 -10.47 397.3
1997 12 27 12 35262.2 0.462 100.69 0.58 -0.27 -6.99 462.4
1997 12 28 12 35280.5 0.045 88.43 0.58 -2.01 -10.70 380.1
1997 12 29 12 35301.2 2.077 85.47 0.58 -3.29 -12.07 298.9
1997 12 30 12 35324.2 0.649 104.71 0.58 -2.47 -10.40 354.2
1997 12 31 12 35349.5 0.027 108.41 0.58 -4.71 -12.69 320.9
1998 1 1 12 35377.2 2.482 123.63 0.58 -0.75 -7.94 440.8
1998 1 2 12 35407.2 3.187 97.07 0.58 -0.49 -8.94 405.2
1998 1 3 12 35439.5 1.101 117.91 0.58 -4.18 -11.20 415.4
1998 1 4 12 35474.1 3.279 115.73 0.58 -2.38 -9.14 447.8
1998 1 5 12 35511.0 0.923 109.09 0.58 -4.33 -12.80 304.1
1998 1 6 12 35550.1 2.828 102.54 0.58 -2.83 -10.07 367.5
1998 1 7 12 35591.5 1.366 87.64 0.58 -3.95 -10.61 356.1
1998 1 8 12 35635.2 0.103 136.52 0.58 -1.74 -8.75 395.3
1998 1 9 12 35681.2 1.915 112.85 0.58 -2.14 -11.16 395.4
1998 1 10 12 35729.3 0.130 123.23 0.58 -2.89 -11.25 362.3
1998 1 11 12 35779.7 0.498 108.60 0.58 -4.70 -12.99 336.5
1998 1 12 12 35832.2 2.806 113.28 0.58 -4.09 -12.64 388.8
1998 1 13 12 35887.0 1.203 106.51 0.58 -3.18 -11.96 372.1
1998 1 14 12 35943.9 1.862 95.94 0.58 -2.08 -11.11 308.1
1998 1 15 12 36003.0 1.374 111.44 0.58 -1.89 -9.57 479.9
1998 1 16 12 36064.1 3.703 111.41 0.58 -1.06 -9.69 338.4
1998 1 17 12 36127.5 4.519 92.14 0.58 -1.94 -10.47 331.0
1998 1 18 12 36192.9 5.207 132.59 0.58 -1.68 -9.02 436.4
1998 1 19 12 36260.3 1.308 84.60 0.58 -1.29 -8.90 421.7
1998 1 20 12 36329.9 1.487 117.53 0.58 -4.92 -12.28 381.2
1998 1 21 12 36401.5 0.560 123.48 0.58 -0.20 -7.95 446.0
1998 1 22 12 36475.1 0.270 109.25 0.58 -2.18 -10.21 432.3
1998 1 23 12 36550.6 1.303 112.60 0.58 -2.72 -11.82 343.6
1998 1 24 12 36628.2 1.394 119.51 0.58 -0.58 -9.97 386.5
1998 1 25 12 36707.7 0.603 155.72 0.58 -0.29 -8.44 408.7
1998 1 26 12 36789.1 1.647 114.01 0.58 1.47 -7.79 440.6
1998 1 27 12 36872.4 4.708 107.47 0.58 -5.75 -11.34 377.0
1998 1 28 12 36957.6 0.152 116.69 0.58 -0.62 -8.07 469.3
1998 1 29 12 37044.7 0.888 108.39 0.58 -2.06 -9.98 454.5
1998 1 30 12 37133.6 1.396 81.46 0.58 0.99 -7.24 466.1
1998 1 31 12 37224.2 2.083 104.29 0.58 -4.09 -11.31 378.8
1998 2 1 12 37316.7 0.492 125.28 0.58 -4.81 -12.15 361.3
1998 2 2 12 37410.8 0.650 146.72 0.58 -2.28 -11.24 382.2
1998 2 3 12 37506.7 4.007 122.90 0.58 -4.50 -11.48 357.9
1998 2 4 12 37604.3 0.730 119.67 0.58 -1.11 -10.18 363.9
1998 2 5 12 37703.6 0.842 119.05 0.58 -6.21 -15.44 266.8
1998 2 6 12 37804.5 1.966 148.75 0.58 -1.57 -9.28 437.1
1998 2 7 12 37906.9 0.442 148.70 0.58 -2.06 -12.12 391.8
1998 2 8 12 38011.0 0.997 105.11 0.58 -0.63 -7.55 470.9
1998 2 9 12 38116.5 5.972 116.09 0.58 -1.39 -9.33 421.9
1998 2 10 12 38223.6 4.652 116.17 0.58 -1.76 -8.86 478.7
1998 2 11 12 38332.2 1.127 131.67 0.58 -3.24 -12.48 363.9
1998 2 12 12 38442.2 1.325 117.42 0.58 -0.53 -8.25 465.5
1998 2 13 12 38553.6 0.117 129.27 0.58 -1.95 -9.89 411.5
1998 2 14 12 38666.4 1.455 122.10 0.58 1.80 -7.19 489.3
1998 2 15 12 38780.5 2.280 122.05 0.58 -1.32 -9.14 451.5
1998 2 16 12 38896.0 5.396 166.09 0.58 0.76 -7.54 413.0
1998 2 17 12 39012.7 0.051 100.75 0.58 -1.15 -10.01 428.9
1998 2 18 12 39130.6 0.973 153.05 0.58 1.02 -6.91 463.2
1998 2 19 12 39249.8 1.518 138.65 0.58 -0.34 -9.49 373.4
1998 2 20 12 39370.1 0.675 145.09 0.58 -1.03 -9.54 375.4
1998 2 21 12 39491.6 5.521 139.96 0.58 -1.28 -9.72 454.6
1998 2 22 12 39614.2 6.396 170.56 0.58 -0.47 -8.58 430.1
1998 2 23 12 39737.8 0.177 158.12 0.58 -0.15 -9.18 398.3
1998 2 24 12 39862.5 0.670 154.58 0.58 -0.53 -8.96 391.9
1998 2 25 12 39988.1 1.486 181.02 0.58 0.43 -7.37 432.6
1998 2 26 12 40114.7 1.023 144.85 0.58 -1.12 -9.62 407.9
1998 2 27 12 40242.2 3.141 153.89 0.58 -2.66 -10.89 410.4
1998 2 28 12 40370.6 5.237 154.83 0.58 0.45 -8.63 453.3
1998 3 1 12 40499.8 2.580 135.24 0.58 0.73 -7.47 529.1
1998 3 2 12 40629.8 6.976 165.23 0.58 3.53 -3.42 557.5
1998 3 3 12 40760.6 2.976 166.33 0.58 0.19 -8.98 421.7
1998 3 4 12 40892.1 1.086 172.83 0.58 4.22 -4.00 566.2
1998 3 5 12 41024.3 2.076 172.00 0.58 -0.97 -9.45 378.0
1998 3 6 12 41157.2 1.705 155.81 0.58 3.78 -3.58 557.2
1998 3 7 12 41290.6 1.693 160.63 0.58 -0.69 -8.08 484.1
1998 3 8 12 41424.6 2.315 156.14 0.58 3.51 -4.17 536.9
1998 3 9 12 41559.2 0.364 193.94 0.58 1.52 -7.20 495.1
1998 3 10 12 41694.2 3.160 158.32 0.58 -0.97 -9.49 421.5
1998 3 11 12 41829.7 1.807 172.27 0.58 0.13 -6.90 492.2
1998 3 12 12 41965.5 0.568 172.69 0.58 2.01 -5.99 461.5
1998 3 13 12 42101.8 1.758 136.18 0.58 2.85 -6.16 496.4
1998 3 14 12 42238.3 1.559 138.82 0.58 1.93 -5.56 458.5
1998 3 15 12 42375.2 2.372 198.95 0.58 1.86 -6.63 506.0
1998 3 16 12 42512.3 4.102 162.65 0.58 -1.11 -9.93 433.4
1998 3 17 12 42649.6 2.200 185.91 0.58 2.99 -6.01 467.7
1998 3 18 12 42787.0 2.131 175.84 0.58 4.19 -4.07 462.8
1998 3 19 12 42924.6 3.076 164.34 0.58 3.27 -5.00 477.1
1998 3 20 12 43062.3 2.664 174.06 0.58 5.02 -3.48 533.5
1998 3 21 12 43200.0 2.672 196.45 0.58 6.00 -1.74 562.5
1998 3 22 12 43337.7 1.359 182.38 0.58 1.35 -7.71 410.0
1998 3 23 12 43475.4 0.049 234.26 0.58 4.00 -5.43 527.4
1998 3 24 12 43613.0 3.361 173.38 0.58 2.56 -4.46 532.5
1998 3 25 12 43750.4 0.418 198.64 0.58 4.99 -3.58 531.1
1998 3 26 12 43887.7 4.936 196.50 0.58 5.52 -3.81 541.8
1998 3 27 12 44024.8 4.464 176.23 0.58 6.01 -2.36 554.3
1998 3 28 12 44161.7 7.255 179.74 0.58 5.98 -3.02 473.2
1998 3 29 12 44298.2 1.163 174.06 0.58 5.39 -1.16 621.4
1998 3 30 12 44434.5 0.814 174.53 0.58 7.77 -1.51 633.8
1998 3 31 12 44570.3 1.093 177.86 0.58 4.72 -3.13 553.3
1998 4 1 12 44705.8 2.921 194.78 0.58 4.96 -3.37 524.3
1998 4 2 12 44840.8 5.839 161.27 0.58 4.75 -3.07 486.0
1998 4 3 12 44975.4 2.022 184.32 0.58 5.85 -3.01 528.2
1998 4 4 12 45109.4 8.511 199.43 0.58 5.37 -2.56 506.6
1998 4 5 12 45242.8 2.456 199.05 0.58 9.41 1.27 613.5
1998 4 6 12 45375.7 1.891 197.49 0.58 10.05 1.43 606.5
1998 4 7 12 45507.9 0.962 204.22 0.58 7.09 -1.37 570.5
1998 4 8 12 45639.4 6.338 188.00 0.58 4.28 -3.63 517.8
1998 4 9 12 45770.2 3.125 202.94 0.58 7.67 -0.24 592.4
1998 4 10 12 45900.2 3.184 235.23 0.58 8.23 -0.11 591.7
1998 4 11 12 46029.4 0.782 216.42 0.58 8.31 0.37 619.4
1998 4 12 12 46157.8 5.930 196.23 0.58 5.61 -2.13 537.7
1998 4 13 12 46285.3 8.553 203.29 0.58 9.05 0.35 546.2
1998 4 14 12 46411.9 4.155 225.25 0.58 9.66 0.69 603.4
1998 4 15 12 46537.5 2.957 212.68 0.58 8.77 -1.30 617.8
1998 4 16 12 46662.2 1.623 205.50 0.58 11.60 3.12 651.9
1998 4 17 12 46785.8 1.410 214.52 0.58 5.84 -1.65 537.3
1998 4 18 12 46908.4 0.332 215.76 0.58 9.56 2.08 645.7
1998 4 19 12 47029.9 1.758 215.42 0.58 8.35 0.53 614.6
1998 4 20 12 47150.2 0.252 210.81 0.58 9.42 0.25 650.1
1998 4 21 12 47269.4 3.295 201.90 0.58 10.66 3.00 657.3
1998 4 22 12 47387.3 0.539 219.82 0.58 9.29 0.79 553.1
1998 4 23 12 47504.0 1.253 227.80 0.58 10.93 3.71 685.2
1998 4 24 12 47619.5 1.046 226.67 0.58 10.92 2.77 676.6
1998 4 25 12 47733.6 2.679 220.60 0.58 10.65 2.35 652.5
1998 4 26 12 47846.4 2.135 247.93 0.58 10.88 3.33 697.6
1998 4 27 12 47957.8 2.472 211.03 0.58 12.59 5.17 684.2
1998 4 28 12 48067.8 2.226 204.72 0.58 11.14 3.79 700.3
1998 4 29 12 48176.4 5.593 199.95 0.58 9.39 1.87 707.5
1998 4 30 12 48283.5 2.467 208.49 0.58 11.55 3.42 664.9
1998 5 1 12 48389.0 2.704 243.40 0.58 12.06 3.70 652.7
1998 5 2 12 48493.1 4.331 227.74 0.58 13.21 4.98 685.8
1998 5 3 12 48595.5 0.985 229.22 0.58 13.56 3.58 653.0
1998 5 4 12 48696.4 3.339 233.15 0.58 12.79 3.82 705.3
1998 5 5 12 48795.7 0.134 225.64 0.58 13.21 4.56 702.5
1998 5 6 12 48893.3 2.875 225.79 0.58 15.31 7.93 757.6
1998 5 7 12 48989.2 1.034 245.52 0.58 13.08 5.23 779.5
1998 5 8 12 49083.3 3.282 234.34 0.58 13.96 7.40 719.4
1998 5 9 12 49175.8 1.319 222.85 0.58 14.26 6.27 755.3
1998 5 10 12 49266.4 1.074 234.08 0.58 12.37 3.31 705.8
1998 5 11 12 49355.3 12.477 252.11 0.58 12.92 5.64 725.1
1998 5 12 12 49442.4 0.357 243.32 0.58 15.73 8.48 751.3
1998 5 13 12 49527.6 0.697 261.48 0.58 15.45 7.71 738.1
1998 5 14 12 49610.9 0.198 250.81 0.58 15.89 7.39 715.9
1998 5 15 12 49692.3 1.419 242.37 0.58 13.72 6.92 795.4
1998 5 16 12 49771.8 3.128 249.80 0.58 12.93 5.44 704.2
1998 5 17 12 49849.4 7.924 238.69 0.58 17.00 7.36 722.2
1998 5 18 12 49924.9 0.784 249.38 0.58 13.18 6.36 703.9
1998 5 19 12 49998.5 0.479 253.27 0.58 15.62 7.89 827.6
1998 5 20 12 50070.1 0.892 238.54 0.58 15.49 5.03 692.2
1998 5 21 12 50139.7 0.550 251.02 0.58 17.50 10.39 780.0
1998 5 22 12 50207.1 6.468 269.49 0.58 16.51 9.31 767.9
1998 5 23 12 50272.5 4.294 252.22 0.58 15.34 7.11 788.0
1998 5 24 12 50335.9 24.605 243.98 0.58 17.54 9.02 793.2
1998 5 25 12 50397.0 3.477 276.52 0.58 17.14 9.40 777.2
1998 5 26 12 50456.1 2.033 251.19 0.58 17.49 9.35 786.2
1998 5 27 12 50513.0 3.851 283.98 0.58 17.67 11.20 870.0
1998 5 28 12 50567.8 7.959 258.74 0.58 16.81 8.91 771.4
1998 5 29 12 50620.3 9.707 255.48 0.58 16.04 6.93 733.2
1998 5 30 12 50670.7 0.734 261.42 0.58 17.13 8.50 752.6
1998 5 31 12 50718.8 4.113 277.77 0.58 18.95 9.92 753.1
1998 6 1 12 50764.8 2.080 233.37 0.58 22.22 13.72 926.2
1998 6 2 12 50808.5 0.759 219.57 0.58 17.59 10.76 865.5
1998 6 3 12 50849.9 4.519 231.77 0.58 14.41 6.11 721.4
1998 6 4 12 50889.0 1.550 246.17 0.58 16.21 7.96 774.3
1998 6 5 12 50925.9 1.328 255.10 0.58 18.36 10.01 783.3
1998 6 6 12 50960.5 10.456 264.94 0.58 19.24 11.85 872.4
1998 6 7 12 50992.8 1.288 243.72 0.58 19.55 9.92 799.7
1998 6 8 12 51022.8 3.962 256.08 0.58 18.30 11.21 902.4
1998 6 9 12 51050.5 1.779 262.27 0.58 24.73 17.22 1008.3
1998 6 10 12 51075.8 1.316 254.91 0.58 18.90 11.88 779.6
1998 6 11 12 51098.8 1.620 256.01 0.58 18.00 9.45 738.4
1998 6 12 12 51119.5 6.055 254.77 0.58 17.87 10.36 838.8
1998 6 13 12 51137.8 4.133 298.20 0.58 20.63 12.69 820.6
1998 6 14 12 51153.7 0.658 255.14 0.58 19.03 10.95 786.6
1998 6 15 12 51167.4 9.824 295.14 0.58 20.66 12.45 872.1
1998 6 16 12 51178.6 2.702 275.12 0.58 19.54 11.53 813.7
1998 6 17 12 51187.5 11.052 268.48 0.58 19.08 11.04 808.3
1998 6 18 12 51194.0 10.665 255.37 0.58 16.64 6.85 772.7
1998 6 19 12 51198.1 7.612 269.20 0.58 19.70 11.01 821.2
1998 6 20 12 51199.9 12.042 239.04 0.58 19.96 11.90 845.3
1998 6 21 12 51199.3 3.102 250.66 0.58 22.39 13.68 863.5
1998 6 22 12 51196.4 3.061 243.58 0.58 21.45 14.96 891.0
1998 6 23 12 51191.0 1.408 279.83 0.58 21.73 13.43 877.7
1998 6 24 12 51183.3 2.074 278.05 0.58 21.49 14.74 881.7
1998 6 25 12 51173.3 6.623 263.51 0.58 18.53 11.67 790.9
1998 6 26 12 51160.8 0.681 250.25 0.58 20.22 12.15 856.4
1998 6 27 12 51146.1 0.078 241.35 0.58 20.44 12.54 824.9
1998 6 28 12 51128.9 13.115 273.61 0.58 21.98 13.39 859.2
1998 6 29 12 51109.4 4.844 256.11 0.58 19.85 11.27 827.5
1998 6 30 12 51087.6 5.632 265.60 0.58 20.73 12.30 865.4
1998 7 1 12 51063.4 0.109 260.73 0.58 19.25 11.74 789.3
1998 7 2 12 51036.9 2.768 247.36 0.58 20.04 11.52 857.9
1998 7 3 12 51008.1 1.332 251.77 0.58 21.91 12.78 829.7
1998 7 4 12 50976.9 1.414 279.41 0.58 19.99 12.99 933.0
1998 7 5 12 50943.5 1.678 237.15 0.58 22.59 14.58 927.8
1998 7 6 12 50907.8 5.920 233.56 0.58 18.45 9.54 850.9
1998 7 7 12 50869.7 0.770 249.46 0.58 20.55 11.54 851.1
1998 7 8 12 50829.4 2.490 267.51 0.58 21.81 14.33 874.3
1998 7 9 12 50786.9 5.047 252.78 0.58 23.91 15.89 923.2
1998 7 10 12 50742.1 3.678 265.46 0.58 21.26 13.66 883.6
1998 7 11 12 50695.1 0.791 263.25 0.58 21.95 13.56 841.4
1998 7 12 12 50645.8 4.972 244.06 0.58 21.48 12.59 830.9
1998 7 13 12 50594.3 1.025 238.22 0.58 23.05 14.45 882.6
1998 7 14 12 50540.7 0.263 244.42 0.58 20.43 12.82 858.8
1998 7 15 12 50484.8 3.415 286.49 0.58 22.44 14.35 914.5
1998 7 16 12 50426.8 11.028 268.02 0.58 21.54 12.82 846.2
1998 7 17 12 50366.7 1.375 238.74 0.58 19.47 11.55 852.1
1998 7 18 12 50304.5 1.897 256.97 0.58 23.09 13.54 851.4
1998 7 19 12 50240.1 0.742 266.46 0.58 21.60 13.28 878.4
1998 7 20 12 50173.7 2.427 237.26 0.58 22.83 14.03 910.3
1998 7 21 12 50105.1 5.302 266.41 0.58 21.01 14.13 863.5
1998 7 22 12 50034.6 1.825 254.88 0.58 21.73 13.09 863.0
1998 7 23 12 49962.0 6.222 258.48 0.58 21.18 14.86 919.0
1998 7 24 12 49887.4 4.273 254.59 0.58 21.58 13.70 839.7
1998 7 25 12 49810.8 2.530 249.88 0.58 21.89 14.88 893.6
1998 7 26 12 49732.3 4.458 248.02 0.58 21.78 12.61 851.7
1998 7 27 12 49651.8 0.575 257.40 0.58 20.75 13.42 856.3
1998 7 28 12 49569.5 0.484 269.69 0.58 21.71 13.60 878.4
1998 7 29 12 49485.2 1.801 233.12 0.58 21.95 14.14 843.4
1998 7 30 12 49399.1 0.093 228.54 0.58 21.12 13.18 867.6
1998 7 31 12 49311.1 0.272 263.47 0.58 22.67 13.86 897.7
1998 8 1 12 49221.3 2.221 249.95 0.58 20.89 12.88 861.8
1998 8 2 12 49129.8 1.282 236.94 0.58 24.96 16.23 940.4
1998 8 3 12 49036.5 1.559 245.63 0.58 20.68 12.75 858.7
1998 8 4 12 48941.4 0.737 240.91 0.58 23.85 16.28 911.6
1998 8 5 12 48844.7 4.507 221.21 0.58 18.62 9.77 795.9
1998 8 6 12 48746.2 1.495 242.39 0.58 22.20 13.54 886.5
1998 8 7 12 48646.2 0.818 226.62 0.58 19.86 13.40 900.5
1998 8 8 12 48544.5 3.067 224.31 0.58 24.49 16.85 906.7
1998 8 9 12 48441.3 3.055 265.96 0.58 18.35 10.64 814.7
1998 8 10 12 48336.4 0.150 241.96 0.58 18.97 10.09 862.7
1998 8 11 12 48230.1 0.192 235.17 0.58 21.19 12.73 876.7
1998 8 12 12 48122.3 1.119 213.61 0.58 18.88 11.83 846.3
1998 8 13 12 48013.0 2.455 220.54 0.58 20.18 12.53 826.2
1998 8 14 12 47902.3 2.731 243.45 0.58 20.63 13.23 880.9
1998 8 15 12 47790.2 1.142 210.07 0.58 21.37 12.63 853.6
1998 8 16 12 47676.7 0.114 234.67 0.58 17.96 10.36 790.7
1998 8 17 12 47561.9 0.945 218.13 0.58 19.27 9.90 810.3
1998 8 18 12 47445.8 1.539 244.80 0.58 20.12 9.86 803.2
1998 8 19 12 47328.5 1.804 227.57 0.58 21.84 13.32 871.1
1998 8 20 12 47209.9 0.151 249.95 0.58 22.30 14.46 842.7
1998 8 21 12 47090.2 0.088 187.51 0.58 19.53 11.85 824.0
1998 8 22 12 46969.3 1.591 232.56 0.58 20.23 13.99 903.3
1998 8 23 12 46847.3 2.534 214.18 0.58 21.77 13.51 846.7
1998 8 24 12 46724.2 0.134 223.92 0.58 19.94 10.93 759.9
1998 8 25 12 46600.0 0.004 241.16 0.58 18.21 10.66 821.6
1998 8 26 12 46474.8 2.166 205.17 0.58 17.32 7.91 725.7
1998 8 27 12 46348.7 2.274 217.97 0.58 19.39 10.71 824.7
1998 8 28 12 46221.7 0.773 216.52 0.58 19.23 9.73 851.2
1998 8 29 12 46093.7 0.339 174.08 0.58 17.56 9.20 782.6
1998 8 30 12 45964.9 2.129 206.13 0.58 18.55 11.72 849.7
1998 8 31 12 45835.3 1.485 228.75 0.58 18.15 9.91 795.9
1998 9 1 12 45704.9 0.989 220.63 0.58 17.69 9.52 804.9
1998 9 2 12 45573.7 0.597 206.51 0.58 19.36 10.49 814.7
1998 9 3 12 45441.8 3.149 221.86 0.58 17.42 9.31 786.7
1998 9 4 12 45309.3 1.358 170.98 0.58 18.40 10.21 847.1
1998 9 5 12 45176.2 3.132 187.84 0.58 15.95 7.27 746.2
1998 9 6 12 45042.4 2.669 200.10 0.58 19.56 10.08 853.0
1998 9 7 12 44908.2 4.651 191.55 0.58 18.92 10.78 820.0
1998 9 8 12 44773.4 0.326 189.54 0.58 18.24 10.93 817.8
1998 9 9 12 44638.1 2.238 189.67 0.58 15.32 8.65 764.8
1998 9 10 12 44502.5 6.573 203.46 0.58 16.11 9.26 757.5
1998 9 11 12 44366.4 1.002 200.90 0.58 17.05 8.70 759.4
1998 9 12 12 44230.0 1.624 196.25 0.58 11.68 2.78 662.2
1998 9 13 12 44093.3 2.920 185.09 0.58 18.19 10.26 810.7
1998 9 14 12 43956.3 3.154 211.52 0.58 14.80 6.23 719.1
1998 9 15 12 43819.1 1.627 176.06 0.58 18.35 10.68 844.9
1998 9 16 12 43681.7 1.780 212.50 0.58 13.95 6.51 734.4
1998 9 17 12 43544.2 1.038 210.24 0.58 15.94 7.10 746.2
1998 9 18 12 43406.5 0.880 175.93 0.58 18.63 11.11 841.0
1998 9 19 12 43268.9 3.187 166.35 0.58 14.88 6.63 782.2
1998 9 20 12 43131.1 0.215 180.62 0.58 18.18 10.01 804.6
1998 9 21 12 42993.5 0.681 157.18 0.58 14.87 5.96 662.2
1998 9 22 12 42855.8 0.605 183.33 0.58 13.72 6.63 675.6
1998 9 23 12 42718.3 0.525 176.94 0.58 14.79 5.09 705.6
1998 9 24 12 42580.9 2.124 176.91 0.58 13.61 5.55 661.7
1998 9 25 12 42443.7 1.478 180.56 0.58 11.96 3.71 643.5
1998 9 26 12 42306.7 1.264 158.93 0.58 16.65 8.06 765.5
1998 9 27 12 42170.0 0.400 157.18 0.58 13.04 4.77 694.6
1998 9 28 12 42033.6 1.516 147.65 0.58 15.30 5.90 658.6
1998 9 29 12 41897.5 0.331 174.30 0.58 15.28 6.04 685.2
1998 9 30 12 41761.9 5.382 134.28 0.58 13.84 5.42 684.0
1998 10 1 12 41626.6 0.329 151.90 0.58 13.72 4.55 709.5
1998 10 2 12 41491.8 1.745 163.45 0.58 11.97 3.02 667.2
1998 10 3 12 41357.6 0.999 153.93 0.58 15.17 7.69 773.9
1998 10 4 12 41223.8 0.541 187.74 0.58 14.14 6.86 762.6
1998 10 5 12 41090.7 0.410 130.92 0.58 15.11 6.15 748.5
1998 10 6 12 40958.2 0.378 134.69 0.58 10.35 1.28 622.7
1998 10 7 12 40826.3 1.369 146.95 0.58 14.41 4.12 718.1
1998 10 8 12 40695.1 0.804 147.06 0.58 13.04 4.67 691.4
1998 10 9 12 40564.7 2.509 162.52 0.58 15.47 7.72 683.9
1998 10 10 12 40435.1 0.337 162.42 0.58 12.27 3.47 662.5
1998 10 11 12 40306.3 0.631 179.04 0.58 11.17 3.23 670.8
1998 10 12 12 40178.3 2.267 155.36 0.58 12.48 4.65 630.8
1998 10 13 12 40051.3 0.220 128.43 0.58 11.24 3.75 650.5
1998 10 14 12 39925.2 0.922 124.45 0.58 8.69 0.43 641.0
1998 10 15 12 39800.0 1.670 167.01 0.58 11.61 3.55 635.9
1998 10 16 12 39675.8 3.061 161.35 0.58 7.42 -1.09 571.1
1998 10 17 12 39552.7 1.658 132.95 0.58 10.40 2.24 707.6
1998 10 18 12 39430.7 1.454 126.44 0.58 11.70 2.30 662.1
1998 10 19 12 39309.8 1.180 135.50 0.58 8.56 0.26 604.8
1998 10 20 12 39190.1 0.970 103.72 0.58 10.49 1.69 622.9
1998 10 21 12 39071.5 1.801 154.74 0.58 9.59 1.93 665.9
1998 10 22 12 38954.2 1.129 147.76 0.58 10.07 3.75 687.8
1998 10 23 12 38838.1 2.657 137.33 0.58 8.43 1.55 680.4
1998 10 24 12 38723.3 0.440 110.11 0.58 10.35 2.69 701.6
1998 10 25 12 38609.8 1.230 136.25 0.58 8.97 0.62 584.3
1998 10 26 12 38497.7 0.814 166.01 0.58 10.57 2.34 628.7
1998 10 27 12 38387.0 1.061 99.14 0.58 10.48 2.35 685.9
1998 10 28 12 38277.7 0.477 134.20 0.58 7.30 -1.33 608.0
1998 10 29 12 38169.9 2.276 104.71 0.58 7.36 -0.22 603.7
1998 10 30 12 38063.6 0.093 106.81 0.58 8.50 0.59 573.9
1998 10 31 12 37958.7 1.248 142.18 0.58 7.49 -2.14 540.6
1998 11 1 12 37855.5 2.379 116.20 0.58 7.29 -0.52 555.5
1998 11 2 12 37753.8 1.112 115.58 0.58 4.13 -4.17 539.7
1998 11 3 12 37653.8 2.467 143.55 0.58 3.95 -5.65 510.8
1998 11 4 12 37555.3 0.452 124.59 0.58 8.76 1.91 670.8
1998 11 5 12 37458.6 0.773 104.87 0.58 8.70 -0.00 596.2
1998 11 6 12 37363.5 1.098 114.83 0.58 5.99 -0.95 575.7
1998 11 7 12 37270.2 0.429 119.25 0.58 8.14 -0.79 548.6
1998 11 8 12 37178.7 3.447 127.82 0.58 5.38 -3.06 517.3
1998 11 9 12 37088.9 0.326 107.91 0.58 4.90 -3.84 513.6
1998 11 10 12 37000.9 0.097 131.35 0.58 4.30 -4.09 519.3
1998 11 11 12 36914.8 2.194 113.19 0.58 4.47 -3.07 534.0
1998 11 12 12 36830.5 1.263 125.38 0.58 4.32 -3.58 521.2
1998 11 13 12 36748.2 0.539 117.84 0.58 1.89 -7.20 458.2
1998 11 14 12 36667.7 0.107 99.86 0.58 2.04 -6.94 489.0
1998 11 15 12 36589.2 1.884 116.28 0.58 2.45 -5.53 527.6
1998 11 16 12 36512.6 0.195 121.13 0.58 5.44 -3.24 507.8
1998 11 17 12 36438.0 0.495 156.94 0.58 4.39 -4.54 505.9
1998 11 18 12 36365.4 1.018 120.59 0.58 5.94 -2.49 579.9
1998 11 19 12 36294.9 1.168 98.38 0.58 2.15 -6.35 469.0
1998 11 20 12 36226.3 1.534 89.80 0.58 4.56 -4.79 559.7
1998 11 21 12 36159.9 0.682 110.08 0.58 3.29 -5.27 518.2
1998 11 22 12 36095.5 1.503 130.35 0.58 2.27 -4.90 434.2
1998 11 23 12 36033.3 4.195 121.61 0.58 2.63 -6.81 485.3
1998 11 24 12 35973.2 0.735 104.06 0.58 1.93 -6.24 513.7
1998 11 25 12 35915.2 2.041 81.06 0.58 1.20 -7.26 400.6
1998 11 26 12 35859.3 1.716 117.89 0.58 3.76 -3.84 512.7
1998 11 27 12 35805.7 2.380 100.91 0.58 0.36 -6.52 493.3
1998 11 28 12 35754.2 0.034 114.58 0.58 0.47 -6.56 456.2
1998 11 29 12 35704.9 1.568 110.61 0.58 1.52 -8.03 418.2
1998 11 30 12 35657.9 0.569 96.23 0.58 1.69 -7.07 424.6
1998 12 1 12 35613.1 0.293 112.02 0.58 0.33 -8.01 420.9
1998 12 2 12 35570.6 0.787 106.34 0.58 1.45 -5.30 487.4
1998 12 3 12 35530.3 1.453 73.44 0.58 1.03 -9.06 450.7
1998 12 4 12 35492.2 1.069 117.46 0.58 -0.80 -8.91 474.7
1998 12 5 12 35456.5 0.676 92.32 0.58 1.09 -6.15 500.1
1998 12 6 12 35423.1 1.643 82.54 0.58 4.39 -4.44 505.9
1998 12 7 12 35391.9 0.571 105.20 0.58 -0.62 -7.38 463.6
1998 12 8 12 35363.1 0.243 96.90 0.58 1.31 -7.26 484.8
1998 12 9 12 35336.6 0.109 110.83 0.58 0.84 -6.91 458.9
1998 12 10 12 35312.4 0.406 91.82 0.58 -0.53 -7.44 420.9
1998 12 11 12 35290.6 2.230 103.90 0.58 -1.00 -8.72 417.7
1998 12 12 12 35271.1 0.038 101.67 0.58 -0.32 -9.05 400.5
1998 12 13 12 35253.9 2.693 92.05 0.58 0.25 -6.72 457.7
1998 12 14 12 35239.2 1.682 107.05 0.58 -0.37 -7.36 396.2
1998 12 15 12 35226.7 0.296 109.40 0.58 -0.26 -8.30 475.9
1998 12 16 12 35216.7 0.077 105.28 0.58 -1.76 -9.58 420.6
1998 12 17 12 35209.0 4.984 126.87 0.58 -2.79 -11.46 295.4
1998 12 18 12 35203.6 2.619 114.12 0.58 -0.51 -7.86 439.4
1998 12 19 12 35200.7 1.062 125.55 0.58 -0.34 -9.95 468.7
1998 12 20 12 35200.1 1.575 94.69 0.58 0.52 -7.82 428.7
1998 12 21 12 35201.9 1.339 89.45 0.58 1.47 -5.95 455.4
1998 12 22 12 35206.0 0.785 108.10 0.58 1.01 -7.18 481.6
1998 12 23 12 35212.5 1.420 72.97 0.58 -2.53 -10.43 347.2
1998 12 24 12 35221.4 2.786 70.30 0.58 -0.34 -9.24 432.7
1998 12 25 12 35232.6 0.171 112.08 0.58 -2.13 -9.87 371.3
1998 12 26 12 35246.3 0.213 98.34 0.58 -1.19 -9.00 408.9
1998 12 27 12 35262.2 3.549 88.03 0.58 -0.40 -9.01 457.5
1998 12 28 12 35280.5 3.330 98.05 0.58 -1.53 -8.88 376.9
1998 12 29 12 35301.2 2.803 134.59 0.58 -0.60 -7.83 444.3
1998 12 30 12 35324.2 2.128 102.93 0.58 -0.63 -9.20 429.9
1998 12 31 12 35349.5 0.626 91.25 0.58 0.86 -6.70 470.6
1999 1 1 12 35377.2 0.556 76.07 0.58 -3.63 -12.57 340.9
1999 1 2 12 35407.2 0.372 87.08 0.58 -3.17 -11.46 373.0
1999 1 3 12 35439.5 4.129 112.82 0.58 -0.63 -9.28 352.2
1999 1 4 12 35474.1 1.016 92.35 0.58 -3.86 -13.17 378.5
1999 1 5 12 35511.0 0.748 101.60 0.58 -1.61 -9.95 407.6
1999 1 6 12 35550.1 0.013 104.24 0.58 -2.24 -12.07 385.3
1999 1 7 12 35591.5 4.845 96.44 0.58 -0.82 -9.53 397.9
1999 1 8 12 35635.2 4.303 95.57 0.58 -2.40 -10.25 391.4
1999 1 9 12 35681.2 0.113 84.84 0.58 -3.11 -10.72 429.8
1999 1 10 12 35729.3 1.616 113.44 0.58 -0.95 -8.84 388.2
1999 1 11 12 35779.7 0.152 109.87 0.58 -2.29 -11.14 409.4
1999 1 12 12 35832.2 1.636 107.88 0.58 -2.71 -10.56 416.5
1999 1 13 12 35887.0 2.858 107.72 0.58 -3.54 -11.91 430.1
1999 1 14 12 35943.9 1.044 97.40 0.58 -1.16 -9.17 414.4
1999 1 15 12 36003.0 0.581 115.49 0.58 -4.03 -13.11 328.9
1999 1 16 12 36064.1 3.557 135.41 0.58 -1.52 -9.57 438.8
1999 1 17 12 36127.5 0.590 93.64 0.58 -1.73 -10.10 367.7
1999 1 18 12 36192.9 3.979 117.51 0.58 -2.37 -11.03 415.8
1999 1 19 12 36260.3 1.266 129.40 0.58 -5.51 -13.74 301.7
1999 1 20 12 36329.9 0.527 87.94 0.58 -1.83 -8.83 425.1
1999 1 21 12 36401.5 0.170 102.70 0.58 -1.63 -9.36 433.4
1999 1 22 12 36475.1 0.521 116.95 0.58 -0.53 -9.68 420.3
1999 1 23 12 36550.6 1.224 101.75 0.58 -0.74 -7.79 438.8
1999 1 24 12 36628.2 1.835 115.15 0.58 -3.74 -10.71 390.9
1999 1 25 12 36707.7 1.649 81.39 0.58 -4.10 -12.28 325.9
1999 1 26 12 36789.1 1.586 98.93 0.58 -3.93 -11.25 350.3
1999 1 27 12 36872.4 7.620 122.21 0.58 -1.53 -10.74 376.8
1999 1 28 12 36957.6 0.777 120.24 0.58 -1.06 -9.36 425.7
1999 1 29 12 37044.7 2.278 116.50 0.58 -2.82 -11.49 386.4
1999 1 30 12 37133.6 1.683 133.28 0.58 -3.23 -11.14 403.9
1999 1 31 12 37224.2 7.883 122.00 0.58 -3.04 -11.18 336.2
1999 2 1 12 37316.7 1.064 129.11 0.58 -3.77 -13.00 370.6
1999 2 2 12 37410.8 1.065 122.94 0.58 -2.94 -9.47 420.7
1999 2 3 12 37506.7 0.616 149.11 0.58 -1.86 -9.15 424.2
1999 2 4 12 37604.3 0.222 133.52 0.58 -3.78 -11.04 375.0
1999 2 5 12 37703.6 1.603 114.68 0.58 -1.88 -9.35 422.2
1999 2 6 12 37804.5 1.306 128.23 0.58 -1.25 -9.12 367.0
1999 2 7 12 37906.9 0.724 127.40 0.58 -2.89 -11.38 298.7
1999 2 8 12 38011.0 1.933 145.86 0.58 -1.62 -8.87 424.5
1999 2 9 12 38116.5 2.290 113.10 0.58 -1.69 -9.70 427.4
1999 2 10 12 38223.6 4.717 129.39 0.58 -1.08 -8.73 394.3
1999 2 11 12 38332.2 0.029 113.65 0.58 -2.42 -11.61 369.8
1999 2 12 12 38442.2 16.863 114.50 0.58 -0.10 -8.64 472.2
1999 2 13 12 38553.6 0.485 135.16 0.58 -3.24 -10.94 422.6
1999 2 14 12 38666.4 5.139 150.42 0.58 0.91 -7.37 440.3
1999 2 15 12 38780.5 5.580 126.35 0.58 1.77 -7.81 432.3
1999 2 16 12 38896.0 4.968 125.38 0.58 -0.49 -8.81 485.9
1999 2 17 12 39012.7 2.147 160.64 0.58 0.14 -9.93 403.5
1999 2 18 12 39130.6 0.393 160.83 0.58 -2.01 -8.67 426.5
1999 2 19 12 39249.8 2.264 135.77 0.58 1.29 -6.53 529.8
1999 2 20 12 39370.1 1.599 152.69 0.58 -1.91 -10.11 393.0
1999 2 21 12 39491.6 2.046 145.28 0.58 -0.81 -9.01 406.1
1999 2 22 12 39614.2 1.213 150.17 0.58 2.22 -7.10 402.4
1999 2 23 12 39737.8 1.520 133.80 0.58 0.05 -6.26 476.0
1999 2 24 12 39862.5 0.125 162.55 0.58 0.84 -7.61 437.5
1999 2 25 12 39988.1 2.476 156.31 0.58 -0.34 -8.56 429.2
1999 2 26 12 40114.7 1.664 170.35 0.58 0.38 -8.00 387.5
1999 2 27 12 40242.2 0.753 145.18 0.58 1.40 -6.09 483.1
1999 2 28 12 40370.6 1.377 158.00 0.58 1.45 -6.40 494.0
1999 3 1 12 40499.8 1.104 158.86 0.58 0.20 -7.86 471.9
1999 3 2 12 40629.8 1.118 144.76 0.58 -0.40 -8.27 441.3
1999 3 3 12 40760.6 0.987 166.80 0.58 -0.60 -9.03 428.0
1999 3 4 12 40892.1 0.990 143.51 0.58 0.80 -6.30 548.0
1999 3 5 12 41024.3 1.418 157.88 0.58 1.77 -4.96 519.0
1999 3 6 12 41157.2 0.159 187.94 0.58 4.35 -3.64 537.1
1999 3 7 12 41290.6 0.299 153.83 0.58 2.79 -7.26 456.9
1999 3 8 12 41424.6 2.965 155.69 0.58 2.42 -4.29 531.3
1999 3 9 12 41559.2 1.817 173.99 0.58 0.90 -7.11 413.7
1999 3 10 12 41694.2 2.173 178.70 0.58 2.95 -3.95 583.7
1999 3 11 12 41829.7 3.751 166.68 0.58 0.96 -6.90 477.4
1999 3 12 12 41965.5 5.079 185.39 0.58 3.04 -5.01 485.2
1999 3 13 12 42101.8 3.064 187.49 0.58 1.92 -6.47 472.5
1999 3 14 12 42238.3 2.483 185.57 0.58 1.52 -7.22 449.4
1999 3 15 12 42375.2 0.291 154.93 0.58 3.85 -4.25 546.3
1999 3 16 12 42512.3 1.335 185.65 0.58 2.27 -4.95 513.9
1999 3 17 12 42649.6 0.119 182.19 0.58 4.79 -3.74 506.3
1999 3 18 12 42787.0 2.940 177.94 0.58 2.69 -5.46 519.2
1999 3 19 12 42924.6 2.925 185.62 0.58 5.15 -1.36 509.0
1999 3 20 12 43062.3 5.240 192.80 0.58 2.74 -6.01 481.1
1999 3 21 12 43200.0 1.627 174.39 0.58 1.56 -6.64 444.1
1999 3 22 12 43337.7 4.342 184.96 0.58 3.10 -6.40 490.5
1999 3 23 12 43475.4 2.432 182.27 0.58 3.48 -3.86 475.3
1999 3 24 12 43613.0 6.263 184.66 0.58 3.99 -3.69 513.5
1999 3 25 12 43750.4 4.292 169.51 0.58 7.07 -1.84 627.3
1999 3 26 12 43887.7 2.006 192.67 0.58 3.44 -5.42 499.1
1999 3 27 12 44024.8 5.904 206.33 0.58 6.16 -1.25 571.2
1999 3 28 12 44161.7 9.000 174.83 0.58 3.94 -3.71 511.7
1999 3 29 12 44298.2 8.301 178.82 0.58 3.75 -4.40 524.4
1999 3 30 12 44434.5 2.822 213.94 0.58 5.33 -2.02 529.7
1999 3 31 12 44570.3 8.373 172.48 0.58 7.65 0.20 608.4
1999 4 1 12 44705.8 1.752 167.07 0.58 3.72 -4.57 482.5
1999 4 2 12 44840.8 1.630 213.80 0.58 6.35 -1.00 575.1
1999 4 3 12 44975.4 0.987 209.48 0.58 6.88 -0.38 626.2
1999 4 4 12 45109.4 2.152 187.58 0.58 6.49 -1.63 593.5
1999 4 5 12 45242.8 5.826 180.36 0.58 6.31 -2.18 557.0
1999 4 6 12 45375.7 0.487 227.72 0.58 3.10 -4.31 518.7
1999 4 7 12 45507.9 2.270 195.28 0.58 7.26 -0.80 577.6
1999 4 8 12 45639.4 0.979 230.32 0.58 8.05 -0.63 561.1
1999 4 9 12 45770.2 5.154 198.53 0.58 9.09 -0.31 532.3
1999 4 10 12 45900.2 4.568 203.27 0.58 5.09 -4.36 530.5
1999 4 11 12 46029.4 0.199 197.15 0.58 10.55 2.78 703.3
1999 4 12 12 46157.8 0.861 199.40 0.58 9.67 1.95 615.7
1999 4 13 12 46285.3 3.244 193.40 0.58 7.29 -1.81 553.3
1999 4 14 12 46411.9 0.184 210.30 0.58 9.85 1.67 649.9
1999 4 15 12 46537.5 3.429 231.30 0.58 9.66 0.87 615.9
1999 4 16 12 46662.2 2.559 203.26 0.58 8.17 -1.00 565.9
1999 4 17 12 46785.8 5.410 224.12 0.58 10.31 2.69 655.7
1999 4 18 12 46908.4 0.573 212.26 0.58 8.07 -0.38 597.2
1999 4 19 12 47029.9 4.087 202.39 0.58 9.50 0.78 615.5
1999 4 20 12 47150.2 10.421 194.85 0.58 5.13 -1.54 512.6
1999 4 21 12 47269.4 3.663 209.38 0.58 11.38 3.06 700.0
1999 4 22 12 47387.3 2.262 231.04 0.58 9.09 -0.65 520.0
1999 4 23 12 47504.0 4.210 217.04 0.58 8.96 1.25 586.2
1999 4 24 12 47619.5 3.251 257.83 0.58 10.71 3.14 673.4
1999 4 25 12 47733.6 5.560 223.46 0.58 10.34 2.96 646.9
1999 4 26 12 47846.4 1.851 227.80 0.58 9.78 0.88 560.5
1999 4 27 12 47957.8 6.361 214.35 0.58 9.67 1.73 663.0
1999 4 28 12 48067.8 1.139 189.08 0.58 10.85 2.59 643.9
1999 4 29 12 48176.4 4.865 242.17 0.58 11.21 3.24 671.8
1999 4 30 12 48283.5 5.504 224.89 0.58 11.87 3.25 675.8
1999 5 1 12 48389.0 0.632 228.00 0.58 10.82 1.86 658.4
1999 5 2 12 48493.1 3.324 209.15 0.58 11.79 4.00 685.3
1999 5 3 12 48595.5 0.787 219.19 0.58 12.20 4.11 656.3
1999 5 4 12 48696.4 3.044 237.43 0.58 14.64 6.33 747.4
1999 5 5 12 48795.7 0.126 223.24 0.58 9.99 2.12 667.3
1999 5 6 12 48893.3 7.887 241.94 0.58 10.04 1.43 558.2
1999 5 7 12 48989.2 6.891 237.28 0.58 14.71 7.18 739.2
1999 5 8 12 49083.3 4.329 244.64 0.58 14.96 7.10 701.7
1999 5 9 12 49175.8 11.931 211.87 0.58 15.37 7.64 818.8
1999 5 10 12 49266.4 7.087 244.78 0.58 14.19 6.14 712.2
1999 5 11 12 49355.3 4.935 214.68 0.58 14.88 6.39 739.8
1999 5 12 12 49442.4 2.676 248.80 0.58 14.18 6.22 775.0
1999 5 13 12 49527.6 3.352 227.86 0.58 14.39 6.41 770.8
1999 5 14 12 49610.9 0.287 240.74 0.58 14.31 6.02 695.6
1999 5 15 12 49692.3 2.561 249.29 0.58 14.00 5.55 705.1
1999 5 16 12 49771.8 2.963 265.96 0.58 15.29 7.43 741.1
1999 5 17 12 49849.4 0.253 261.91 0.58 17.76 9.90 755.6
1999 5 18 12 49924.9 1.980 244.74 0.58 12.48 5.68 727.7
1999 5 19 12 49998.5 10.365 258.25 0.58 15.22 6.38 725.2
1999 5 20 12 50070.1 6.608 245.21 0.58 16.11 9.04 778.9
1999 5 21 12 50139.7 3.749 260.18 0.58 15.96 9.57 717.7
1999 5 22 12 50207.1 3.892 263.59 0.58 15.06 7.97 780.3
1999 5 23 12 50272.5 3.932 235.82 0.58 15.26 8.90 770.7
1999 5 24 12 50335.9 3.854 262.06 0.58 16.80 7.65 737.3
1999 5 25 12 50397.0 7.305 260.48 0.58 16.04 8.14 786.8
1999 5 26 12 50456.1 2.539 272.81 0.58 18.44 10.40 850.7
1999 5 27 12 50513.0 2.146 235.47 0.58 17.72 9.46 736.1
1999 5 28 12 50567.8 2.894 225.03 0.58 15.07 6.63 737.7
1999 5 29 12 50620.3 3.095 251.89 0.58 15.64 7.41 765.6
1999 5 30 12 50670.7 1.519 244.96 0.58 16.06 7.70 749.5
1999 5 31 12 50718.8 4.520 233.64 0.58 17.78 9.56 803.2
1999 6 1 12 50764.8 6.778 265.29 0.58 18.55 9.35 774.7
1999 6 2 12 50808.5 2.712 275.06 0.58 18.07 9.74 764.5
1999 6 3 12 50849.9 12.220 242.03 0.58 19.01 11.65 888.1
1999 6 4 12 50889.0 0.145 271.40 0.58 20.38 13.01 853.3
1999 6 5 12 50925.9 1.644 256.20 0.58 17.03 9.48 769.8
1999 6 6 12 50960.5 0.242 250.59 0.58 18.50 9.88 766.1
1999 6 7 12 50992.8 0.150 238.29 0.58 17.68 8.42 741.6
1999 6 8 12 51022.8 3.539 280.69 0.58 17.93 8.70 843.3
1999 6 9 12 51050.5 9.569 266.70 0.58 16.62 7.00 731.7
1999 6 10 12 51075.8 3.710 292.21 0.58 18.77 9.20 762.4
1999 6 11 12 51098.8 2.840 267.34 0.58 20.10 12.14 870.4
1999 6 12 12 51119.5 6.137 290.83 0.58 20.03 12.75 820.4
1999 6 13 12 51137.8 6.835 287.09 0.58 18.91 9.81 818.9
1999 6 14 12 51153.7 10.547 264.22 0.58 21.76 12.29 909.5
1999 6 15 12 51167.4 4.362 250.57 0.58 18.37 9.43 780.1
1999 6 16 12 51178.6 11.769 256.92 0.58 18.91 9.48 818.0
1999 6 17 12 51187.5 5.446 250.42 0.58 17.61 9.21 853.4
1999 6 18 12 51194.0 0.573 250.17 0.58 21.35 13.15 895.7
1999 6 19 12 51198.1 5.420 252.23 0.58 18.31 9.57 767.8
1999 6 20 12 51199.9 0.964 257.95 0.58 21.00 13.88 864.0
1999 6 21 12 51199.3 1.152 271.26 0.58 15.99 7.75 745.6
1999 6 22 12 51196.4 0.278 234.32 0.58 19.84 9.83 785.6
1999 6 23 12 51191.0 3.827 246.15 0.58 17.64 10.61 776.9
1999 6 24 12 51183.3 3.602 255.49 0.58 20.77 13.16 850.4
1999 6 25 12 51173.3 2.486 267.20 0.58 22.71 15.81 909.2
1999 6 26 12 51160.8 1.859 258.37 0.58 19.51 11.06 804.5
1999 6 27 12 51146.1 10.956 245.14 0.58 19.55 12.00 867.1
1999 6 28 12 51128.9 2.453 254.64 0.58 19.32 10.22 816.8
1999 6 29 12 51109.4 2.101 258.62 0.58 22.10 13.70 895.0
1999 6 30 12 51087.6 2.397 239.35 0.58 19.45 11.60 837.4
1999 7 1 12 51063.4 2.076 263.13 0.58 21.35 13.15 861.1
1999 7 2 12 51036.9 1.014 234.47 0.58 19.27 11.33 852.6
1999 7 3 12 51008.1 4.391 252.10 0.58 22.46 14.03 862.5
1999 7 4 12 50976.9 3.640 255.29 0.58 23.03 15.77 891.0
1999 7 5 12 50943.5 2.472 271.35 0.58 21.18 12.49 885.4
1999 7 6 12 50907.8 9.009 251.63 0.58 21.97 13.65 855.7
1999 7 7 12 50869.7 0.623 271.60 0.58 20.43 11.54 834.2
1999 7 8 12 50829.4 3.718 272.29 0.58 21.46 10.02 772.9
1999 7 9 12 50786.9 5.070 263.63 0.58 21.64 13.33 840.0
1999 7 10 12 50742.1 2.462 252.06 0.58 22.87 15.14 887.5
1999 7 11 12 50695.1 3.067 263.37 0.58 21.01 12.14 824.6
1999 7 12 12 50645.8 2.125 272.06 0.58 21.95 13.40 861.2
1999 7 13 12 50594.3 7.334 247.36 0.58 19.29 12.64 867.4
1999 7 14 12 50540.7 8.018 235.66 0.58 19.68 10.70 811.1
1999 7 15 12 50484.8 2.219 247.56 0.58 21.98 14.71 889.0
1999 7 16 12 50426.8 2.993 265.76 0.58 21.45 14.99 892.3
1999 7 17 12 50366.7 3.447 285.32 0.58 21.44 14.50 862.7
1999 7 18 12 50304.5 1.217 254.44 0.58 21.07 13.18 835.9
1999 7 19 12 50240.1 3.640 242.50 0.58 21.46 14.32 850.8
1999 7 20 12 50173.7 1.740 242.86 0.58 21.17 12.83 871.7
1999 7 21 12 50105.1 3.756 216.44 0.58 23.43 14.92 888.8
1999 7 22 12 50034.6 0.729 236.74 0.58 20.55 12.00 859.1
1999 7 23 12 49962.0 4.047 239.15 0.58 21.55 13.50 895.2
1999 7 24 12 49887.4 0.364 260.81 0.58 22.74 14.84 882.5
1999 7 25 12 49810.8 3.060 251.97 0.58 21.48 14.39 909.0
1999 7 26 12 49732.3 2.127 264.21 0.58 22.17 13.48 845.3
1999 7 27 12 49651.8 2.773 250.99 0.58 22.57 14.64 920.8
1999 7 28 12 49569.5 1.933 242.57 0.58 22.13 12.80 847.1
1999 7 29 12 49485.2 4.482 242.21 0.58 18.88 11.54 791.4
1999 7 30 12 49399.1 2.906 226.59 0.58 19.45 11.90 807.8
1999 7 31 12 49311.1 1.787 243.80 0.58 23.10 15.38 871.5
1999 8 1 12 49221.3 4.122 257.32 0.58 21.72 13.81 855.9
1999 8 2 12 49129.8 8.590 223.76 0.58 23.77 14.42 876.2
1999 8 3 12 49036.5 0.367 243.79 0.58 21.43 12.98 931.4
1999 8 4 12 48941.4 2.315 228.63 0.58 22.06 14.21 903.8
1999 8 5 12 48844.7 1.717 230.14 0.58 21.74 15.36 837.9
1999 8 6 12 48746.2 2.068 222.38 0.58 21.79 13.82 877.4
1999 8 7 12 48646.2 0.890 239.84 0.58 22.66 13.78 865.8
1999 8 8 12 48544.5 10.844 242.70 0.58 21.09 12.77 895.9
1999 8 9 12 48441.3 0.149 231.04 0.58 19.99 11.65 809.4
1999 8 10 12 48336.4 0.125 234.69 0.58 20.09 11.90 821.3
1999 8 11 12 48230.1 2.092 242.80 0.58 20.82 11.36 800.2
1999 8 12 12 48122.3 0.786 259.39 0.58 19.61 11.08 821.4
1999 8 13 12 48013.0 0.398 232.30 0.58 20.63 12.69 879.4
1999 8 14 12 47902.3 3.840 218.12 0.58 19.23 10.78 814.7
1999 8 15 12 47790.2 0.364 231.94 0.58 19.26 10.44 810.5
1999 8 16 12 47676.7 1.372 197.65 0.58 23.11 15.44 852.8
1999 8 17 12 47561.9 1.814 228.18 0.58 21.67 13.78 894.5
1999 8 18 12 47445.8 0.854 211.83 0.58 16.90 8.88 791.9
1999 8 19 12 47328.5 4.286 240.71 0.58 20.87 12.60 821.9
1999 8 20 12 47209.9 1.389 220.41 0.58 19.05 10.76 805.5
1999 8 21 12 47090.2 0.224 212.18 0.58 20.13 12.46 885.1
1999 8 22 12 46969.3 9.311 206.59 0.58 18.14 10.94 754.0
1999 8 23 12 46847.3 0.306 210.61 0.58 17.36 8.56 756.6
1999 8 24 12 46724.2 0.181 202.59 0.58 19.95 12.16 875.5
1999 8 25 12 46600.0 0.492 205.70 0.58 19.60 12.04 865.3
1999 8 26 12 46474.8 1.774 187.99 0.58 20.19 12.51 881.1
1999 8 27 12 46348.7 6.353 243.43 0.58 17.47 8.90 823.9
1999 8 28 12 46221.7 0.861 211.25 0.58 18.97 9.11 770.2
1999 8 29 12 46093.7 1.076 212.68 0.58 16.68 7.53 775.3
1999 8 30 12 45964.9 2.732 197.69 0.58 17.65 8.62 795.8
1999 8 31 12 45835.3 0.301 179.35 0.58 16.41 9.39 794.2
1999 9 1 12 45704.9 1.442 182.93 0.58 17.31 9.38 787.5
1999 9 2 12 45573.7 1.888 194.49 0.58 20.41 12.40 866.0
1999 9 3 12 45441.8 2.020 199.24 0.58 16.81 7.80 776.1
1999 9 4 12 45309.3 0.569 203.20 0.58 18.00 9.63 791.3
1999 9 5 12 45176.2 4.898 202.00 0.58 15.63 7.75 736.3
1999 9 6 12 45042.4 0.553 191.97 0.58 15.97 7.65 743.6
1999 9 7 12 44908.2 0.462 181.42 0.58 16.94 9.11 784.8
1999 9 8 12 44773.4 0.382 180.81 0.58 16.03 8.15 751.9
1999 9 9 12 44638.1 0.336 183.41 0.58 14.86 5.95 678.3
1999 9 10 12 44502.5 0.273 163.20 0.58 18.60 9.86 774.3
1999 9 11 12 44366.4 2.322 177.99 0.58 16.11 8.64 732.7
1999 9 12 12 44230.0 0.492 161.23 0.58 13.66 5.58 728.2
1999 9 13 12 44093.3 5.564 155.03 0.58 14.62 5.80 706.8
1999 9 14 12 43956.3 3.009 202.91 0.58 16.90 9.57 758.0
1999 9 15 12 43819.1 0.879 204.29 0.58 18.18 10.98 821.1
1999 9 16 12 43681.7 2.855 205.31 0.58 18.00 8.68 733.2
1999 9 17 12 43544.2 3.653 183.48 0.58 15.51 7.49 761.2
1999 9 18 12 43406.5 2.308 196.25 0.58 16.54 8.46 771.1
1999 9 19 12 43268.9 0.449 190.26 0.58 16.05 8.30 798.6
1999 9 20 12 43131.1 2.223 154.89 0.58 14.57 8.03 783.6
1999 9 21 12 42993.5 3.249 148.88 0.58 15.20 6.40 765.2
1999 9 22 12 42855.8 0.790 178.59 0.58 12.34 3.23 670.7
1999 9 23 12 42718.3 1.034 165.84 0.58 13.18 5.77 718.6
1999 9 24 12 42580.9 3.751 161.07 0.58 15.15 7.52 746.2
1999 9 25 12 42443.7 1.137 161.37 0.58 15.88 5.99 733.2
1999 9 26 12 42306.7 2.032 155.49 0.58 14.93 7.32 731.2
1999 9 27 12 42170.0 1.051 168.31 0.58 14.92 5.18 667.4
1999 9 28 12 42033.6 2.179 182.17 0.58 13.03 5.21 710.5
1999 9 29 12 41897.5 2.408 156.84 0.58 14.54 8.00 759.1
1999 9 30 12 41761.9 2.400 158.91 0.58 12.15 3.68 649.6
1999 10 1 12 41626.6 0.211 168.75 0.58 14.84 6.29 724.9
1999 10 2 12 41491.8 3.002 158.88 0.58 12.85 5.44 725.9
1999 10 3 12 41357.6 0.197 158.28 0.58 11.34 4.12 689.2
1999 10 4 12 41223.8 1.869 168.92 0.58 14.84 6.87 730.8
1999 10 5 12 41090.7 2.351 155.40 0.58 12.74 5.36 692.1
1999 10 6 12 40958.2 0.515 154.07 0.58 10.42 1.86 680.0
1999 10 7 12 40826.3 0.589 136.97 0.58 12.70 5.09 688.5
1999 10 8 12 40695.1 0.517 173.34 0.58 13.20 4.99 691.5
1999 10 9 12 40564.7 2.333 144.25 0.58 12.63 3.48 664.7
1999 10 10 12 40435.1 0.305 136.54 0.58 10.92 3.25 686.4
1999 10 11 12 40306.3 1.078 165.02 0.58 10.28 1.79 593.2
1999 10 12 12 40178.3 0.269 148.18 0.58 10.47 2.24 629.9
1999 10 13 12 40051.3 1.472 130.78 0.58 13.81 5.73 694.6
1999 10 14 12 39925.2 1.863 133.03 0.58 10.13 1.92 674.6
1999 10 15 12 39800.0 0.721 134.10 0.58 9.15 1.37 553.5
1999 10 16 12 39675.8 0.995 134.58 0.58 10.40 2.72 592.1
1999 10 17 12 39552.7 0.229 120.35 0.58 9.34 0.82 583.4
1999 10 18 12 39430.7 0.513 113.71 0.58 8.27 0.81 611.4
1999 10 19 12 39309.8 1.467 137.03 0.58 8.54 0.92 634.1
1999 10 20 12 39190.1 0.362 145.32 0.58 8.53 0.22 584.9
1999 10 21 12 39071.5 0.112 148.77 0.58 5.80 -2.67 509.7
1999 10 22 12 38954.2 4.850 168.30 0.58 11.83 4.36 700.3
1999 10 23 12 38838.1 0.146 155.36 0.58 11.46 2.82 627.4
1999 10 24 12 38723.3 1.515 137.01 0.58 9.41 0.97 584.1
1999 10 25 12 38609.8 0.030 131.51 0.58 7.04 -0.29 576.6
1999 10 26 12 38497.7 0.947 120.48 0.58 8.47 0.82 555.9
1999 10 27 12 38387.0 0.262 117.79 0.58 9.92 1.22 624.5
1999 10 28 12 38277.7 1.126 119.75 0.58 7.08 -0.59 578.9
1999 10 29 12 38169.9 2.370 105.09 0.58 10.89 3.45 594.5
1999 10 30 12 38063.6 1.214 126.75 0.58 10.06 3.47 650.9
1999 10 31 12 37958.7 0.162 131.84 0.58 6.06 -1.45 555.3
1999 11 1 12 37855.5 1.091 119.46 0.58 6.53 -1.43 536.6
1999 11 2 12 37753.8 2.232 138.10 0.58 8.12 -0.63 518.1
1999 11 3 12 37653.8 0.460 115.39 0.58 6.91 -0.41 591.7
1999 11 4 12 37555.3 2.375 116.70 0.58 6.44 -3.48 503.4
1999 11 5 12 37458.6 0.247 150.97 0.58 8.04 0.58 622.0
1999 11 6 12 37363.5 1.050 128.23 0.58 6.09 -2.12 534.1
1999 11 7 12 37270.2 0.371 131.86 0.58 5.11 -2.67 537.7
1999 11 8 12 37178.7 0.268 112.92 0.58 5.57 -3.34 491.7
1999 11 9 12 37088.9 0.541 119.13 0.58 6.27 -1.76 593.4
1999 11 10 12 37000.9 1.550 119.25 0.58 4.34 -4.83 491.4
1999 11 11 12 36914.8 0.763 119.94 0.58 3.91 -5.43 437.0
1999 11 12 12 36830.5 1.142 103.64 0.58 6.42 -2.09 539.3
1999 11 13 12 36748.2 1.430 136.70 0.58 1.47 -6.09 441.9
1999 11 14 12 36667.7 0.678 112.26 0.58 4.51 -3.45 535.8
1999 11 15 12 36589.2 3.318 128.97 0.58 3.88 -3.09 563.6
1999 11 16 12 36512.6 1.329 92.96 0.58 5.29 -3.24 540.3
1999 11 17 12 36438.0 0.351 104.26 0.58 4.17 -2.91 557.9
1999 11 18 12 36365.4 0.229 117.77 0.58 5.15 -2.99 512.1
1999 11 19 12 36294.9 0.030 103.20 0.58 1.61 -6.52 460.5
1999 11 20 12 36226.3 3.601 109.97 0.58 3.01 -4.00 518.3
1999 11 21 12 36159.9 1.548 106.35 0.58 2.37 -5.62 485.1
1999 11 22 12 36095.5 0.019 104.77 0.58 5.88 -2.55 512.0
1999 11 23 12 36033.3 0.208 106.99 0.58 -0.11 -7.75 399.2
1999 11 24 12 35973.2 0.171 124.90 0.58 2.21 -6.68 424.2
1999 11 25 12 35915.2 1.429 105.78 0.58 1.78 -5.47 502.0
1999 11 26 12 35859.3 0.794 98.40 0.58 2.53 -4.80 506.3
1999 11 27 12 35805.7 1.947 88.13 0.58 4.28 -3.98 527.5
1999 11 28 12 35754.2 1.885 122.35 0.58 2.53 -5.65 451.0
1999 11 29 12 35704.9 0.224 95.27 0.58 1.71 -6.40 475.8
1999 11 30 12 35657.9 0.319 105.48 0.58 -0.99 -8.21 443.2
1999 12 1 12 35613.1 3.286 94.37 0.58 3.58 -5.15 447.7
1999 12 2 12 35570.6 0.467 117.09 0.58 1.44 -6.15 455.8
1999 12 3 12 35530.3 0.024 116.24 0.58 0.56 -9.55 398.5
1999 12 4 12 35492.2 0.660 97.11 0.58 -0.56 -9.11 445.2
1999 12 5 12 35456.5 0.166 86.53 0.58 2.47 -5.93 498.6
1999 12 6 12 35423.1 1.134 110.24 0.58 2.07 -6.62 524.3
1999 12 7 12 35391.9 0.164 108.49 0.58 1.34 -6.02 469.5
1999 12 8 12 35363.1 1.419 127.97 0.58 0.04 -7.82 371.7
1999 12 9 12 35336.6 2.872 103.04 0.58 1.08 -8.24 449.3
1999 12 10 12 35312.4 2.301 95.63 0.58 0.46 -8.86 369.2
1999 12 11 12 35290.6 1.505 107.03 0.58 1.01 -7.14 466.2
1999 12 12 12 35271.1 0.091 122.52 0.58 -1.75 -9.18 402.4
1999 12 13 12 35253.9 0.578 102.89 0.58 1.18 -7.11 442.4
1999 12 14 12 35239.2 2.643 95.96 0.58 1.32 -5.95 469.8
1999 12 15 12 35226.7 0.057 109.67 0.58 0.42 -7.35 432.7
1999 12 16 12 35216.7 0.038 88.14 0.58 -1.10 -9.58 347.2
1999 12 17 12 35209.0 5.402 85.56 0.58 -0.41 -9.73 435.6
1999 12 18 12 35203.6 0.374 69.12 0.58 1.84 -5.87 492.0
1999 12 19 12 35200.7 0.392 119.84 0.58 2.52 -5.96 464.3
1999 12 20 12 35200.1 2.452 118.10 0.58 -2.84 -11.40 391.1
1999 12 21 12 35201.9 3.869 117.12 0.58 -1.44 -9.32 408.3
1999 12 22 12 35206.0 1.898 98.47 0.58 -0.33 -7.95 477.6
1999 12 23 12 35212.5 0.338 122.81 0.58 -1.56 -9.54 455.3
1999 12 24 12 35221.4 1.164 101.75 0.58 -1.71 -10.95 364.4
1999 12 25 12 35232.6 1.516 99.59 0.58 -0.51 -9.38 420.5
1999 12 26 12 35246.3 1.479 111.99 0.58 -0.52 -9.34 434.6
1999 12 27 12 35262.2 0.568 127.00 0.58 -0.31 -7.38 497.8
1999 12 28 12 35280.5 0.147 110.30 0.58 -0.51 -8.46 377.2
1999 12 29 12 35301.2 0.923 94.30 0.58 -2.25 -9.83 394.5
1999 12 30 12 35324.2 2.670 117.39 0.58 -3.11 -10.80 361.4
1999 12 31 12 35349.5 3.690 71.48 0.58 -1.19 -9.04 390.0
2000 1 1 12 35377.2 1.285 78.73 0.58 -2.59 -10.45 402.8
2000 1 2 12 35407.2 0.384 80.60 0.58 -0.90 -8.72 398.3
2000 1 3 12 35439.5 1.013 100.52 0.58 -1.60 -10.62 428.4
2000 1 4 12 35474.1 2.482 85.89 0.58 -0.58 -7.89 477.9
2000 1 5 12 35511.0 0.394 117.68 0.58 -2.63 -8.61 420.5
2000 1 6 12 35550.1 1.225 104.50 0.58 -2.94 -12.05 305.6
2000 1 7 12 35591.5 0.730 77.75 0.58 -1.04 -9.28 372.8
2000 1 8 12 35635.2 1.037 64.97 0.58 -1.46 -10.35 425.2
2000 1 9 12 35681.2 0.907 91.88 0.58 -1.88 -8.44 420.0
2000 1 10 12 35729.3 0.055 113.14 0.58 -0.22 -8.15 488.9
2000 1 11 12 35779.7 1.593 96.89 0.58 -2.56 -12.88 368.0
2000 1 12 12 35832.2 0.273 104.25 0.58 -2.94 -10.90 462.1
2000 1 13 12 35887.0 1.428 102.09 0.58 -3.22 -12.02 401.2
2000 1 14 12 35943.9 1.016 113.35 0.58 -2.98 -10.67 411.0
2000 1 15 12 36003.0 0.227 125.26 0.58 -0.63 -8.40 416.8
2000 1 16 12 36064.1 0.474 125.34 0.58 -3.51 -11.45 385.8
2000 1 17 12 36127.5 1.500 103.02 0.58 -1.48 -9.40 402.9
2000 1 18 12 36192.9 4.927 117.44 0.58 -1.22 -8.15 473.2
2000 1 19 12 36260.3 1.170 109.18 0.58 -3.77 -11.89 321.0
2000 1 20 12 36329.9 2.811 99.69 0.58 -1.25 -9.20 393.2
2000 1 21 12 36401.5 2.757 119.81 0.58 -4.43 -12.27 379.4
2000 1 22 12 36475.1 1.571 109.98 0.58 -1.87 -11.05 350.0
2000 1 23 12 36550.6 1.056 117.88 0.58 -4.15 -13.09 358.9
2000 1 24 12 36628.2 0.455 124.71 0.58 -2.34 -10.02 411.8
2000 1 25 12 36707.7 0.764 110.47 0.58 -1.11 -8.14 440.1
2000 1 26 12 36789.1 1.575 115.19 0.58 -3.75 -12.57 380.8
2000 1 27 12 36872.4 0.533 115.41 0.58 -1.12 -8.60 403.8
2000 1 28 12 36957.6 0.231 111.02 0.58 0.46 -8.57 406.0
2000 1 29 12 37044.7 7.847 110.21 0.58 -4.16 -10.95 391.8
2000 1 30 12 37133.6 1.066 107.32 0.58 -4.39 -13.02 318.3
2000 1 31 12 37224.2 1.894 113.91 0.58 -4.25 -12.24 332.3
2000 2 1 12 37316.7 1.874 139.40 0.58 -2.39 -11.31 395.0
2000 2 2 12 37410.8 0.227 149.76 0.58 -0.92 -8.61 467.3
2000 2 3 12 37506.7 1.140 143.27 0.58 -1.43 -9.88 386.2
2000 2 4 12 37604.3 0.474 103.88 0.58 -4.92 -13.65 342.6
2000 2 5 12 37703.6 5.115 106.47 0.58 -2.34 -10.82 384.6
2000 2 6 12 37804.5 1.796 135.61 0.58 -2.99 -11.66 367.5
2000 2 7 12 37906.9 0.375 128.70 0.58 -3.96 -12.83 335.6
2000 2 8 12 38011.0 0.609 163.58 0.58 -2.85 -12.13 353.0
2000 2 9 12 38116.5 1.749 129.00 0.58 -1.90 -10.14 406.5
2000 2 10 12 38223.6 5.355 150.08 0.58 -2.49 -9.88 388.3
2000 2 11 12 38332.2 2.813 114.91 0.58 -2.39 -10.32 421.1
2000 2 12 12 38442.2 0.374 146.84 0.58 -2.75 -10.32 374.4
2000 2 13 12 38553.6 8.029 148.08 0.58 -0.67 -8.73 437.0
2000 2 14 12 38666.4 2.733 140.78 0.58 -2.24 -10.00 423.3
2000 2 15 12 38780.5 3.144 151.46 0.58 -1.91 -8.20 434.9
2000 2 16 12 38896.0 1.422 132.71 0.58 0.42 -7.89 426.4
2000 2 17 12 39012.7 2.888 121.38 0.58 -0.30 -8.02 424.1
2000 2 18 12 39130.6 3.845 114.07 0.58 -3.86 -12.65 329.8
2000 2 19 12 39249.8 0.964 150.77 0.58 -0.96 -8.98 415.4
2000 2 20 12 39370.1 0.774 138.31 0.58 0.38 -8.29 417.5
2000 2 21 12 39491.6 2.841 137.97 0.58 0.55 -7.04 446.9
2000 2 22 12 39614.2 0.639 128.38 0.58 -1.63 -10.01 380.1
2000 2 23 12 39737.8 3.826 173.79 0.58 -0.89 -8.03 407.2
2000 2 24 12 39862.5 2.836 162.99 0.58 0.54 -7.42 496.1
2000 2 25 12 39988.1 3.659 159.59 0.58 -0.86 -8.53 372.2
2000 2 26 12 40114.7 1.371 127.34 0.58 -0.65 -9.82 412.2
2000 2 27 12 40242.2 5.090 152.02 0.58 0.55 -6.65 432.5
2000 2 28 12 40370.6 3.136 139.53 0.58 1.92 -5.72 486.0
2000 2 29 12 40499.8 2.094 177.78 0.58 1.14 -6.59 473.6
2000 3 1 12 40629.8 3.506 151.50 0.58 1.17 -6.07 448.5
2000 3 2 12 40760.6 9.087 168.88 0.58 0.81 -7.56 423.1
2000 3 3 12 40892.1 2.481 133.61 0.58 -1.90 -8.32 424.6
2000 3 4 12 41024.3 1.027 160.49 0.58 0.19 -8.01 417.6
2000 3 5 12 41157.2 2.360 148.43 0.58 0.55 -7.41 444.1
2000 3 6 12 41290.6 5.904 143.59 0.58 -0.99 -8.42 426.4
2000 3 7 12 41424.6 1.781 136.70 0.58 1.62 -7.05 434.9
2000 3 8 12 41559.2 0.245 140.60 0.58 0.78 -6.92 480.2
2000 3 9 12 41694.2 1.075 140.73 0.58 -2.19 -10.60 403.2
2000 3 10 12 41829.7 2.926 140.41 0.58 1.87 -6.28 448.3
2000 3 11 12 41965.5 1.061 177.87 0.58 3.03 -4.81 463.5
2000 3 12 12 42101.8 0.411 143.78 0.58 3.40 -4.04 550.4
2000 3 13 12 42238.3 7.588 185.61 0.58 1.74 -5.29 433.7
2000 3 14 12 42375.2 3.141 172.59 0.58 2.52 -6.24 447.6
2000 3 15 12 42512.3 3.443 192.46 0.58 0.89 -7.56 473.3
2000 3 16 12 42649.6 2.353 149.76 0.58 0.79 -5.96 484.0
2000 3 17 12 42787.0 9.412 168.16 0.58 3.89 -3.88 548.5
2000 3 18 12 42924.6 0.367 172.09 0.58 2.63 -5.04 530.0
2000 3 19 12 43062.3 2.334 186.88 0.58 4.82 -3.94 497.5
2000 3 20 12 43200.0 6.353 198.03 0.58 2.33 -7.00 476.5
2000 3 21 12 43337.7 1.699 220.50 0.58 5.51 -2.14 555.2
2000 3 22 12 43475.4 0.434 160.93 0.58 1.97 -8.40 405.5
2000 3 23 12 43613.0 3.780 197.28 0.58 3.83 -4.13 499.4
2000 3 24 12 43750.4 0.392 163.03 0.58 4.18 -2.48 522.5
2000 3 25 12 43887.7 1.493 203.68 0.58 4.82 -3.44 541.2
2000 3 26 12 44024.8 3.632 174.37 0.58 5.39 -2.34 513.6
2000 3 27 12 44161.7 1.500 203.84 0.58 4.98 -3.52 496.9
2000 3 28 12 44298.2 8.249 199.72 0.58 2.67 -5.77 503.6
2000 3 29 12 44434.5 3.472 192.62 0.58 7.06 -0.83 599.7
2000 3 30 12 44570.3 5.325 187.78 0.58 6.17 -1.37 551.8
2000 3 31 12 44705.8 1.685 189.25 0.58 4.82 -3.91 533.4
2000 4 1 12 44840.8 2.332 193.61 0.58 5.02 -4.32 509.1
2000 4 2 12 44975.4 3.743 199.39 0.58 6.29 -1.83 524.9
2000 4 3 12 45109.4 7.065 204.11 0.58 9.82 1.89 609.8
2000 4 4 12 45242.8 7.722 188.21 0.58 3.97 -4.93 494.2
2000 4 5 12 45375.7 5.873 208.07 0.58 6.30 0.17 658.5
2000 4 6 12 45507.9 2.256 211.36 0.58 7.00 -2.46 560.7
2000 4 7 12 45639.4 0.741 212.10 0.58 3.27 -5.48 517.2
2000 4 8 12 45770.2 4.531 223.05 0.58 6.12 -2.06 503.7
2000 4 9 12 45900.2 1.560 213.27 0.58 8.22 -0.55 573.1
2000 4 10 12 46029.4 1.385 209.25 0.58 8.41 0.75 588.3
2000 4 11 12 46157.8 9.925 204.43 0.58 8.09 -0.25 603.4
2000 4 12 12 46285.3 3.376 229.86 0.58 8.03 -0.24 589.4
2000 4 13 12 46411.9 6.137 220.46 0.58 10.20 3.22 613.9
2000 4 14 12 46537.5 1.424 198.77 0.58 10.01 3.16 694.8
2000 4 15 12 46662.2 1.827 201.48 0.58 6.02 -1.71 550.2
2000 4 16 12 46785.8 2.675 191.34 0.58 7.43 -0.30 597.2
2000 4 17 12 46908.4 6.767 199.06 0.58 10.15 3.91 733.1
2000 4 18 12 47029.9 1.326 232.24 0.58 12.02 3.05 661.9
2000 4 19 12 47150.2 3.198 209.79 0.58 11.38 4.48 650.7
2000 4 20 12 47269.4 1.268 203.14 0.58 9.66 2.18 635.4
2000 4 21 12 47387.3 1.267 211.01 0.58 8.28 0.01 605.6
2000 4 22 12 47504.0 0.393 199.10 0.58 12.21 3.94 679.2
2000 4 23 12 47619.5 2.530 248.04 0.58 9.40 0.71 605.2
2000 4 24 12 47733.6 2.927 252.70 0.58 11.23 2.31 685.5
2000 4 25 12 47846.4 0.596 256.74 0.58 9.99 1.53 582.1
2000 4 26 12 47957.8 0.202 219.60 0.58 11.25 1.40 705.1
2000 4 27 12 48067.8 1.367 229.53 0.58 12.17 3.89 691.4
2000 4 28 12 48176.4 7.479 263.26 0.58 10.82 2.81 678.9
2000 4 29 12 48283.5 2.162 226.89 0.58 10.81 2.27 657.7
2000 4 30 12 48389.0 3.323 231.52 0.58 12.03 5.03 681.9
2000 5 1 12 48493.1 2.527 224.95 0.58 12.00 4.91 705.2
2000 5 2 12 48595.5 0.519 223.34 0.58 12.25 4.15 664.7
2000 5 3 12 48696.4 9.697 237.39 0.58 10.67 3.89 704.1
2000 5 4 12 48795.7 5.007 214.57 0.58 11.07 2.10 634.3
2000 5 5 12 48893.3 0.947 235.24 0.58 14.17 5.94 728.2
2000 5 6 12 48989.2 9.863 256.58 0.58 12.28 2.47 645.3
2000 5 7 12 49083.3 9.142 249.47 0.58 13.64 5.42 682.7
2000 5 8 12 49175.8 2.153 266.84 0.58 14.22 5.28 726.1
2000 5 9 12 49266.4 2.083 282.53 0.58 12.17 3.43 677.0
2000 5 10 12 49355.3 2.232 261.34 0.58 13.39 4.98 695.1
2000 5 11 12 49442.4 3.081 247.23 0.58 14.51 6.55 734.8
2000 5 12 12 49527.6 6.375 253.68 0.58 11.48 3.07 672.0
2000 5 13 12 49610.9 3.083 260.55 0.58 14.00 4.89 747.5
2000 5 14 12 49692.3 2.716 230.13 0.58 13.99 7.14 813.3
2000 5 15 12 49771.8 3.045 247.98 0.58 14.70 6.24 719.8
2000 5 16 12 49849.4 4.928 245.67 0.58 13.20 4.86 676.8
2000 5 17 12 49924.9 3.263 256.24 0.58 16.69 8.86 774.5
2000 5 18 12 49998.5 11.477 255.10 0.58 16.23 6.68 723.8
2000 5 19 12 50070.1 2.000 260.97 0.58 17.14 10.05 834.6
2000 5 20 12 50139.7 4.787 264.75 0.58 15.79 6.70 730.5
2000 5 21 12 50207.1 1.827 250.93 0.58 15.61 6.87 714.6
2000 5 22 12 50272.5 8.292 233.09 0.58 14.84 7.50 774.8
2000 5 23 12 50335.9 1.615 243.05 0.58 15.43 7.17 742.9
2000 5 24 12 50397.0 3.551 268.62 0.58 14.78 7.47 728.6
2000 5 25 12 50456.1 0.119 238.88 0.58 16.81 8.87 792.1
2000 5 26 12 50513.0 0.847 236.74 0.58 14.90 6.97 678.9
2000 5 27 12 50567.8 7.385 266.49 0.58 16.36 6.84 728.0
2000 5 28 12 50620.3 5.771 254.45 0.58 13.29 3.98 712.2
2000 5 29 12 50670.7 19.218 258.02 0.58 12.67 5.68 712.6
2000 5 30 12 50718.8 3.234 251.25 0.58 18.16 10.29 843.2
2000 5 31 12 50764.8 1.038 219.20 0.58 15.00 7.05 729.0
2000 6 1 12 50808.5 1.214 261.31 0.58 16.63 8.58 795.1
2000 6 2 12 50849.9 9.223 233.35 0.58 17.73 9.23 756.6
2000 6 3 12 50889.0 1.863 223.57 0.58 18.83 11.77 829.0
2000 6 4 12 50925.9 0.647 274.67 0.58 18.75 10.96 786.6
2000 6 5 12 50960.5 0.586 268.46 0.58 18.88 11.31 757.3
2000 6 6 12 50992.8 1.068 240.75 0.58 17.63 9.74 772.0
2000 6 7 12 51022.8 1.605 261.00 0.58 17.48 9.06 763.3
2000 6 8 12 51050.5 2.894 253.35 0.58 18.59 10.36 786.6
2000 6 9 12 51075.8 1.009 262.75 0.58 20.02 11.34 862.7
2000 6 10 12 51098.8 0.254 265.41 0.58 17.88 9.91 863.5
2000 6 11 12 51119.5 4.909 266.47 0.58 15.61 7.77 752.3
2000 6 12 12 51137.8 5.351 271.47 0.58 18.47 10.16 812.1
2000 6 13 12 51153.7 1.238 276.71 0.58 21.84 15.25 889.0
2000 6 14 12 51167.4 5.814 279.45 0.58 17.01 10.30 805.5
2000 6 15 12 51178.6 3.305 286.32 0.58 21.31 11.98 842.4
2000 6 16 12 51187.5 1.145 300.77 0.58 15.50 7.06 737.3
2000 6 17 12 51194.0 1.583 259.02 0.58 17.98 8.40 759.9
2000 6 18 12 51198.1 3.253 278.30 0.58 20.95 11.15 843.9
2000 6 19 12 51199.9 7.016 256.40 0.58 18.81 11.73 788.6
2000 6 20 12 51199.3 0.363 266.41 0.58 20.15 12.41 845.6
2000 6 21 12 51196.4 1.088 269.39 0.58 20.06 13.18 892.7
2000 6 22 12 51191.0 0.501 268.33 0.58 22.80 14.00 863.8
2000 6 23 12 51183.3 7.880 243.76 0.58 19.10 11.34 810.4
2000 6 24 12 51173.3 1.859 263.28 0.58 22.68 14.00 874.6
2000 6 25 12 51160.8 3.559 232.89 0.58 19.58 10.80 831.0
2000 6 26 12 51146.1 10.433 234.58 0.58 20.65 12.74 838.4
2000 6 27 12 51128.9 1.613 241.64 0.58 20.15 12.52 836.4
2000 6 28 12 51109.4 3.822 260.06 0.58 21.25 13.62 879.7
2000 6 29 12 51087.6 4.012 255.58 0.58 19.22 11.39 802.9
2000 6 30 12 51063.4 2.224 247.66 0.58 20.39 10.69 804.9
2000 7 1 12 51036.9 10.297 273.69 0.58 20.52 10.99 774.1
2000 7 2 12 51008.1 5.000 275.77 0.58 23.17 15.61 943.7
2000 7 3 12 50976.9 1.338 238.03 0.58 18.73 10.24 836.3
2000 7 4 12 50943.5 0.266 259.02 0.58 18.86 10.22 830.4
2000 7 5 12 50907.8 7.319 246.14 0.58 19.90 10.68 838.2
2000 7 6 12 50869.7 9.982 271.35 0.58 20.93 12.89 849.5
2000 7 7 12 50829.4 1.128 239.37 0.58 21.04 12.98 857.4
2000 7 8 12 50786.9 3.768 228.91 0.58 19.83 11.17 813.5
2000 7 9 12 50742.1 0.625 248.67 0.58 20.06 11.81 861.9
2000 7 10 12 50695.1 5.330 265.63 0.58 21.46 13.71 917.0
2000 7 11 12 50645.8 2.356 234.81 0.58 20.75 10.92 776.7
2000 7 12 12 50594.3 6.246 265.68 0.58 22.14 14.23 900.2
2000 7 13 12 50540.7 7.041 259.41 0.58 21.18 13.25 928.8
2000 7 14 12 50484.8 2.088 249.66 0.58 20.23 12.11 836.3
2000 7 15 12 50426.8 1.811 258.24 0.58 17.94 10.98 849.0
2000 7 16 12 50366.7 4.276 269.82 0.58 22.52 13.82 893.1
2000 7 17 12 50304.5 1.337 242.67 0.58 21.04 13.41 863.7
2000 7 18 12 50240.1 2.976 230.34 0.58 23.27 16.05 950.4
2000 7 19 12 50173.7 0.780 241.08 0.58 19.89 12.61 881.9
2000 7 20 12 50105.1 1.490 226.54 0.58 19.75 12.49 846.4
2000 7 21 12 50034.6 0.274 290.82 0.58 22.10 13.32 869.4
2000 7 22 12 49962.0 2.149 261.78 0.58 21.56 13.54 865.2
2000 7 23 12 49887.4 2.387 258.82 0.58 20.60 13.02 895.7
2000 7 24 12 49810.8 2.480 242.45 0.58 21.44 12.84 890.5
2000 7 25 12 49732.3 4.716 230.03 0.58 21.14 13.26 848.2
2000 7 26 12 49651.8 5.075 224.43 0.58 21.83 13.15 856.5
2000 7 27 12 49569.5 8.817 256.23 0.58 22.67 13.76 933.5
2000 7 28 12 49485.2 4.402 245.74 0.58 20.42 10.09 821.5
2000 7 29 12 49399.1 1.764 226.69 0.58 21.22 12.60 856.1
2000 7 30 12 49311.1 0.730 219.49 0.58 24.24 16.19 948.0
2000 7 31 12 49221.3 2.176 236.36 0.58 22.55 15.02 903.9
2000 8 1 12 49129.8 2.455 222.93 0.58 21.83 14.45 851.2
2000 8 2 12 49036.5 4.481 236.32 0.58 21.23 12.74 874.3
2000 8 3 12 48941.4 4.686 256.16 0.58 23.75 16.37 860.5
2000 8 4 12 48844.7 6.946 201.97 0.58 20.09 13.34 898.1
2000 8 5 12 48746.2 2.116 231.45 0.58 21.12 12.80 842.1
2000 8 6 12 48646.2 3.412 251.96 0.58 21.60 13.48 872.5
2000 8 7 12 48544.5 7.756 238.00 0.58 18.82 10.48 774.6
2000 8 8 12 48441.3 1.434 264.17 0.58 20.01 12.20 845.7
2000 8 9 12 48336.4 2.196 231.45 0.58 24.99 17.11 979.4
2000 8 10 12 48230.1 4.574 255.70 0.58 20.83 13.19 870.1
2000 8 11 12 48122.3 0.431 236.04 0.58 20.89 11.62 865.4
2000 8 12 12 48013.0 0.903 221.40 0.58 20.49 12.90 880.0
2000 8 13 12 47902.3 2.169 225.79 0.58 17.78 9.65 771.3
2000 8 14 12 47790.2 2.640 236.56 0.58 19.74 12.34 803.7
2000 8 15 12 47676.7 3.778 226.04 0.58 20.58 12.00 798.1
2000 8 16 12 47561.9 0.179 233.40 0.58 19.29 11.75 798.5
2000 8 17 12 47445.8 2.656 203.04 0.58 20.65 12.06 872.6
2000 8 18 12 47328.5 1.270 228.91 0.58 18.01 10.19 771.6
2000 8 19 12 47209.9 2.680 209.60 0.58 20.57 11.87 834.9
2000 8 20 12 47090.2 0.103 205.84 0.58 21.49 13.40 840.6
2000 8 21 12 46969.3 2.624 222.24 0.58 19.45 10.66 803.8
2000 8 22 12 46847.3 2.278 204.25 0.58 18.07 10.56 857.7
2000 8 23 12 46724.2 1.044 240.16 0.58 18.97 10.72 834.7
2000 8 24 12 46600.0 3.332 210.38 0.58 18.03 8.89 805.0
2000 8 25 12 46474.8 0.311 192.11 0.58 16.76 9.97 784.7
2000 8 26 12 46348.7 3.624 180.07 0.58 21.40 14.53 901.6
2000 8 27 12 46221.7 1.541 205.97 0.58 17.13 8.41 771.8
2000 8 28 12 46093.7 0.412 206.91 0.58 21.29 14.44 858.8
2000 8 29 12 45964.9 6.822 188.41 0.58 19.86 12.77 845.1
2000 8 30 12 45835.3 0.713 209.60 0.58 20.74 12.74 841.0
2000 8 31 12 45704.9 0.487 201.56 0.58 17.89 9.64 779.8
2000 9 1 12 45573.7 0.559 194.98 0.58 17.00 9.01 748.3
2000 9 2 12 45441.8 1.882 179.01 0.58 16.98 6.93 746.6
2000 9 3 12 45309.3 4.950 156.65 0.58 18.40 11.61 822.4
2000 9 4 12 45176.2 0.280 196.48 0.58 17.22 8.30 768.9
2000 9 5 12 45042.4 0.136 206.36 0.58 16.73 8.33 751.1
2000 9 6 12 44908.2 4.323 196.40 0.58 19.30 11.65 826.5
2000 9 7 12 44773.4 0.197 197.25 0.58 17.69 10.25 778.7
2000 9 8 12 44638.1 3.771 182.98 0.58 20.41 11.48 802.5
2000 9 9 12 44502.5 4.823 189.69 0.58 15.98 9.24 779.9
2000 9 10 12 44366.4 2.078 158.56 0.58 15.62 7.07 760.9
2000 9 11 12 44230.0 0.432 207.28 0.58 14.91 7.09 774.0
2000 9 12 12 44093.3 2.815 168.87 0.58 16.57 9.03 800.7
2000 9 13 12 43956.3 3.215 198.64 0.58 17.96 9.82 793.5
2000 9 14 12 43819.1 1.942 188.24 0.58 17.63 9.93 828.8
2000 9 15 12 43681.7 0.852 172.31 0.58 18.59 10.45 817.5
2000 9 16 12 43544.2 5.001 191.77 0.58 17.56 9.30 698.3
2000 9 17 12 43406.5 3.524 192.21 0.58 15.26 7.62 730.0
2000 9 18 12 43268.9 2.511 180.50 0.58 16.10 7.89 762.3
2000 9 19 12 43131.1 6.628 168.03 0.58 17.14 8.94 746.7
2000 9 20 12 42993.5 0.501 162.30 0.58 14.16 6.28 732.6
2000 9 21 12 42855.8 1.862 153.92 0.58 13.52 4.26 659.9
2000 9 22 12 42718.3 1.119 165.96 0.58 15.22 7.11 736.4
2000 9 23 12 42580.9 0.407 172.34 0.58 14.40 5.04 670.2
2000 9 24 12 42443.7 0.099 181.17 0.58 15.27 8.18 751.6
2000 9 25 12 42306.7 0.679 181.32 0.58 12.90 4.14 662.7
2000 9 26 12 42170.0 0.206 163.45 0.58 14.25 6.04 769.1
2000 9 27 12 42033.6 1.241 165.74 0.58 13.25 5.47 732.9
2000 9 28 12 41897.5 0.426 173.82 0.58 13.14 3.89 691.0
2000 9 29 12 41761.9 1.877 153.45 0.58 13.50 6.68 693.7
2000 9 30 12 41626.6 0.562 168.55 0.58 10.43 3.21 644.3
2000 10 1 12 41491.8 0.932 171.90 0.58 12.27 4.31 685.6
2000 10 2 12 41357.6 1.077 159.18 0.58 12.18 3.19 669.9
2000 10 3 12 41223.8 0.627 154.16 0.58 12.95 3.92 672.9
2000 10 4 12 41090.7 2.132 181.26 0.58 11.06 2.29 674.7
2000 10 5 12 40958.2 1.624 146.23 0.58 12.39 4.65 690.2
2000 10 6 12 40826.3 0.255 151.64 0.58 10.21 2.29 701.8
2000 10 7 12 40695.1 1.197 163.18 0.58 11.46 3.15 675.4
2000 10 8 12 40564.7 1.070 138.17 0.58 8.14 -0.56 578.0
2000 10 9 12 40435.1 0.814 135.99 0.58 12.30 4.17 666.0
2000 10 10 12 40306.3 0.830 153.14 0.58 8.61 -0.13 566.7
2000 10 11 12 40178.3 4.138 140.09 0.58 10.08 2.53 628.9
2000 10 12 12 40051.3 0.192 170.97 0.58 10.37 2.85 683.0
2000 10 13 12 39925.2 0.044 167.09 0.58 11.40 2.30 620.6
2000 10 14 12 39800.0 0.384 141.84 0.58 10.53 2.10 639.6
2000 10 15 12 39675.8 0.255 150.60 0.58 10.18 2.37 658.1
2000 10 16 12 39552.7 1.415 139.10 0.58 11.30 4.40 655.9
2000 10 17 12 39430.7 1.817 142.73 0.58 8.30 0.07 581.9
2000 10 18 12 39309.8 3.524 158.00 0.58 9.76 2.71 642.8
2000 10 19 12 39190.1 0.580 140.43 0.58 8.20 -0.18 554.9
2000 10 20 12 39071.5 1.170 131.45 0.58 4.56 -2.77 554.7
2000 10 21 12 38954.2 3.044 94.93 0.58 11.18 3.86 703.7
2000 10 22 12 38838.1 1.168 117.20 0.58 7.39 0.30 636.0
2000 10 23 12 38723.3 0.110 157.48 0.58 7.08 -0.52 573.3
2000 10 24 12 38609.8 1.871 152.18 0.58 7.96 1.35 637.1
2000 10 25 12 38497.7 4.559 115.94 0.58 5.99 -1.81 593.5
2000 10 26 12 38387.0 0.124 124.11 0.58 5.66 -3.47 504.6
2000 10 27 12 38277.7 1.820 124.74 0.58 5.64 -2.55 566.9
2000 10 28 12 38169.9 1.466 123.27 0.58 6.77 -2.48 587.6
2000 10 29 12 38063.6 0.136 111.10 0.58 5.08 -2.71 565.8
2000 10 30 12 37958.7 0.696 112.78 0.58 8.46 -1.46 576.6
2000 10 31 12 37855.5 0.243 122.93 0.58 5.36 -2.14 575.6
2000 11 1 12 37753.8 2.059 125.86 0.58 6.79 -0.53 567.6
2000 11 2 12 37653.8 0.613 99.60 0.58 6.96 -2.01 584.2
2000 11 3 12 37555.3 0.643 145.39 0.58 7.37 -1.06 547.8
2000 11 4 12 37458.6 0.624 124.80 0.58 5.97 -3.33 609.5
2000 11 5 12 37363.5 0.289 121.63 0.58 5.92 -4.32 440.1
2000 11 6 12 37270.2 2.583 130.79 0.58 3.69 -4.32 534.8
2000 11 7 12 37178.7 0.958 110.24 0.58 7.07 -2.45 585.5
2000 11 8 12 37088.9 0.547 97.68 0.58 5.15 -2.64 477.1
2000 11 9 12 37000.9 1.171 91.14 0.58 3.95 -5.76 474.9
2000 11 10 12 36914.8 1.371 128.05 0.58 8.58 1.31 619.8
2000 11 11 12 36830.5 0.420 125.59 0.58 5.75 -2.04 565.4
2000 11 12 12 36748.2 0.280 129.58 0.58 6.04 -1.27 641.6
2000 11 13 12 36667.7 1.944 133.82 0.58 3.01 -4.47 535.5
2000 11 14 12 36589.2 1.251 110.45 0.58 5.22 -2.76 579.1
2000 11 15 12 36512.6 0.359 147.62 0.58 3.84 -6.10 473.2
2000 11 16 12 36438.0 3.665 104.38 0.58 1.03 -8.04 452.1
2000 11 17 12 36365.4 1.029 93.25 0.58 3.03 -5.33 583.1
2000 11 18 12 36294.9 2.279 98.60 0.58 2.45 -4.01 586.2
2000 11 19 12 36226.3 0.089 132.59 0.58 2.90 -5.00 546.8
2000 11 20 12 36159.9 0.617 108.82 0.58 2.74 -6.02 466.4
2000 11 21 12 36095.5 0.396 126.07 0.58 2.15 -6.70 473.6
2000 11 22 12 36033.3 0.204 129.52 0.58 0.27 -7.55 459.0
2000 11 23 12 35973.2 0.571 90.71 0.58 3.24 -6.39 512.5
2000 11 24 12 35915.2 0.921 98.87 0.58 2.50 -5.47 532.7
2000 11 25 12 35859.3 0.054 91.16 0.58 3.46 -4.63 533.2
2000 11 26 12 35805.7 1.440 117.05 0.58 -0.62 -8.47 445.3
2000 11 27 12 35754.2 2.354 113.71 0.58 3.38 -5.40 503.8
2000 11 28 12 35704.9 0.357 111.71 0.58 3.12 -5.66 505.3
2000 11 29 12 35657.9 1.769 89.90 0.58 -0.10 -7.67 435.0
2000 11 30 12 35613.1 1.796 114.33 0.58 1.90 -7.16 466.2
2000 12 1 12 35570.6 0.172 98.10 0.58 2.22 -4.77 516.7
2000 12 2 12 35530.3 2.147 108.29 0.58 1.00 -6.19 445.5
2000 12 3 12 35492.2 0.731 99.79 0.58 2.36 -6.18 420.4
2000 12 4 12 35456.5 2.127 93.92 0.58 3.66 -3.93 521.1
2000 12 5 12 35423.1 2.960 106.51 0.58 1.28 -7.69 448.1
2000 12 6 12 35391.9 0.761 113.60 0.58 -0.12 -8.84 468.6
2000 12 7 12 35363.1 0.456 117.30 0.58 0.32 -9.46 392.9
2000 12 8 12 35336.6 0.423 80.31 0.58 1.86 -6.41 501.6
2000 12 9 12 35312.4 0.411 86.77 0.58 0.05 -7.40 427.7
2000 12 10 12 35290.6 0.105 84.50 0.58 -0.03 -8.35 464.9
2000 12 11 12 35271.1 0.072 76.55 0.58 -0.94 -8.30 409.2
2000 12 12 12 35253.9 2.699 119.32 0.58 0.01 -9.24 366.0
2000 12 13 12 35239.2 1.457 78.03 0.58 2.36 -5.87 503.5
2000 12 14 12 35226.7 0.123 86.80 0.58 -0.19 -7.55 452.5
2000 12 15 12 35216.7 2.472 102.17 0.58 0.80 -8.93 407.8
2000 12 16 12 35209.0 0.700 97.19 0.58 -1.95 -10.48 385.9
2000 12 17 12 35203.6 1.216 113.02 0.58 2.12 -5.40 477.8
2000 12 18 12 35200.7 0.833 107.18 0.58 -1.27 -9.87 406.0
2000 12 19 12 35200.1 2.654 119.68 0.58 -0.35 -8.90 415.9
2000 12 20 12 35201.9 0.415 115.18 0.58 0.05 -7.62 408.4
2000 12 21 12 35206.0 0.605 98.14 0.58 -1.88 -11.24 383.8
2000 12 22 12 35212.5 1.706 94.60 0.58 2.70 -5.18 482.5
2000 12 23 12 35221.4 0.064 97.68 0.58 -1.90 -9.59 390.1
2000 12 24 12 35232.6 1.577 84.49 0.58 -1.32 -7.83 467.6
2000 12 25 12 35246.3 2.369 85.84 0.58 -3.49 -10.20 391.4
2000 12 26 12 35262.2 1.239 96.07 0.58 -0.84 -8.97 423.6
2000 12 27 12 35280.5 0.575 59.10 0.58 -1.93 -10.80 413.1
2000 12 28 12 35301.2 0.289 99.39 0.58 -2.61 -11.15 400.6
2000 12 29 12 35324.2 0.172 94.01 0.58 -1.07 -9.60 375.8
2000 12 30 12 35349.5 0.621 101.36 0.58 -0.12 -8.24 450.8
2000 12 31 12 35377.2 1.190 88.06 0.58 -3.64 -12.32 358.3
2001 1 1 12 35377.2 1.297 104.38 0.58 -2.72 -9.75 361.5
2001 1 2 12 35407.2 0.787 80.83 0.58 -3.42 -10.98 366.0
2001 1 3 12 35439.5 1.828 118.88 0.58 -4.19 -13.04 329.1
2001 1 4 12 35474.1 2.950 105.93 0.58 1.18 -8.50 400.3
2001 1 5 12 35511.0 0.505 96.85 0.58 -1.08 -9.92 391.4
2001 1 6 12 35550.1 0.269 114.38 0.58 -4.97 -13.34 297.0
2001 1 7 12 35591.5 2.464 86.53 0.58 -1.61 -9.08 445.6
2001 1 8 12 35635.2 2.687 119.65 0.58 -4.90 -12.80 317.1
2001 1 9 12 35681.2 2.843 123.65 0.58 -3.91 -12.11 374.6
2001 1 10 12 35729.3 1.255 114.00 0.58 -2.18 -11.05 382.6
2001 1 11 12 35779.7 0.007 70.91 0.58 -1.29 -11.48 393.3
2001 1 12 12 35832.2 0.945 103.76 0.58 -1.19 -9.39 431.6
2001 1 13 12 35887.0 7.161 88.07 0.58 -1.73 -10.06 400.7
2001 1 14 12 35943.9 1.056 105.11 0.58 -1.62 -9.61 452.5
2001 1 15 12 36003.0 1.168 134.26 0.58 -1.70 -9.67 421.9
2001 1 16 12 36064.1 0.238 100.07 0.58 -1.07 -9.65 362.2
2001 1 17 12 36127.5 3.384 93.38 0.58 -2.90 -11.27 342.1
2001 1 18 12 36192.9 0.522 99.13 0.58 -3.62 -11.28 307.6
2001 1 19 12 36260.3 0.513 99.66 0.58 -1.85 -10.32 408.0
2001 1 20 12 36329.9 4.301 94.51 0.58 0.04 -8.80 407.9
2001 1 21 12 36401.5 1.181 98.67 0.58 -3.10 -11.96 357.6
2001 1 22 12 36475.1 0.865 95.26 0.58 -2.43 -11.32 413.9
2001 1 23 12 36550.6 0.271 101.19 0.58 -1.23 -9.75 352.0
2001 1 24 12 36628.2 1.951 81.50 0.58 -0.92 -9.31 408.0
2001 1 25 12 36707.7 1.541 129.29 0.58 -0.68 -7.89 431.3
2001 1 26 12 36789.1 1.033 121.50 0.58 -2.78 -12.16 352.1
2001 1 27 12 36872.4 2.234 139.77 0.58 -0.63 -9.99 346.6
2001 1 28 12 36957.6 1.900 114.72 0.58 -0.52 -7.97 466.4
2001 1 29 12 37044.7 3.204 115.07 0.58 -3.29 -10.84 369.9
2001 1 30 12 37133.6 1.502 119.60 0.58 -3.18 -9.50 425.0
2001 1 31 12 37224.2 1.517 109.34 0.58 0.79 -7.91 525.1
2001 2 1 12 37316.7 2.122 97.30 0.58 -0.26 -9.04 389.6
2001 2 2 12 37410.8 4.672 135.29 0.58 -3.17 -11.01 324.2
2001 2 3 12 37506.7 1.261 125.54 0.58 -2.60 -11.19 369.0
2001 2 4 12 37604.3 5.859 119.18 0.58 -3.55 -12.12 414.6
2001 2 5 12 37703.6 3.625 121.00 0.58 -4.45 -10.74 396.3
2001 2 6 12 37804.5 0.127 122.73 0.58 -3.05 -11.17 377.9
2001 2 7 12 37906.9 2.654 138.20 0.58 -1.45 -9.47 435.9
2001 2 8 12 38011.0 3.279 117.97 0.58 0.18 -8.41 430.4
2001 2 9 12 38116.5 1.445 113.73 0.58 -5.60 -14.15 312.8
2001 2 10 12 38223.6 3.221 127.56 0.58 -2.10 -11.11 359.9
2001 2 11 12 38332.2 0.258 132.95 0.58 -1.27 -10.06 420.2
2001 2 12 12 38442.2 0.638 131.45 0.58 -1.12 -9.96 384.1
2001 2 13 12 38553.6 1.485 117.67 0.58 -0.16 -7.73 466.2
2001 2 14 12 38666.4 1.906 114.90 0.58 -0.07 -7.94 395.3
2001 2 15 12 38780.5 1.790 144.32 0.58 -2.94 -11.64 401.6
2001 2 16 12 38896.0 3.274 138.97 0.58 1.11 -7.72 472.3
2001 2 17 12 39012.7 2.683 138.81 0.58 1.05 -5.22 513.6
2001 2 18 12 39130.6 0.739 159.13 0.58 -0.62 -9.01 405.8
2001 2 19 12 39249.8 3.692 132.10 0.58 -1.84 -10.47 370.6
2001 2 20 12 39370.1 3.303 147.85 0.58 -3.85 -11.48 398.0
2001 2 21 12 39491.6 0.941 154.70 0.58 -0.21 -7.86 405.1
2001 2 22 12 39614.2 0.195 147.84 0.58 -1.86 -10.61 385.5
2001 2 23 12 39737.8 3.876 144.02 0.58 -1.12 -9.16 408.7
2001 2 24 12 39862.5 1.527 142.05 0.58 -0.79 -8.76 413.4
2001 2 25 12 39988.1 2.509 147.39 0.58 -1.22 -8.52 446.4
2001 2 26 12 40114.7 5.921 135.25 0.58 -1.10 -7.40 464.0
2001 2 27 12 40242.2 1.032 154.44 0.58 -2.31 -8.89 397.1
2001 2 28 12 40370.6 1.818 170.53 0.58 1.22 -6.33 438.3
2001 3 1 12 40499.8 4.345 130.99 0.58 -0.21 -8.63 438.3
2001 3 2 12 40629.8 3.278 181.17 0.58 0.29 -8.11 453.8
2001 3 3 12 40760.6 0.030 118.66 0.58 3.15 -4.48 508.2
2001 3 4 12 40892.1 0.356 154.16 0.58 -0.99 -9.31 440.6
2001 3 5 12 41024.3 0.198 162.64 0.58 0.22 -7.73 434.3
2001 3 6 12 41157.2 1.285 135.58 0.58 1.70 -6.11 515.9
2001 3 7 12 41290.6 6.585 149.43 0.58 2.12 -4.51 577.1
2001 3 8 12 41424.6 2.509 139.42 0.58 0.77 -7.02 468.1
2001 3 9 12 41559.2 1.475 155.38 0.58 1.68 -6.01 526.7
2001 3 10 12 41694.2 1.640 173.79 0.58 -1.99 -10.20 385.1
2001 3 11 12 41829.7 1.008 185.63 0.58 0.18 -9.31 432.5
2001 3 12 12 41965.5 0.097 159.05 0.58 2.83 -5.95 461.1
2001 3 13 12 42101.8 2.953 196.99 0.58 1.48 -7.43 466.7
2001 3 14 12 42238.3 6.469 149.18 0.58 2.07 -6.13 461.7
2001 3 15 12 42375.2 5.824 188.44 0.58 3.01 -5.51 479.9
2001 3 16 12 42512.3 1.251 170.21 0.58 3.51 -4.45 514.2
2001 3 17 12 42649.6 2.557 166.63 0.58 1.69 -7.45 415.5
2001 3 18 12 42787.0 1.160 185.72 0.58 2.54 -4.19 449.1
2001 3 19 12 42924.6 4.840 191.99 0.58 1.79 -6.37 483.4
2001 3 20 12 43062.3 1.716 201.23 0.58 3.63 -3.97 534.5
2001 3 21 12 43200.0 3.040 194.89 0.58 1.27 -7.42 488.1
2001 3 22 12 43337.7 1.099 180.43 0.58 4.53 -1.80 557.7
2001 3 23 12 43475.4 0.252 194.79 0.58 3.08 -7.13 494.5
2001 3 24 12 43613.0 5.124 178.67 0.58 4.10 -3.95 539.7
2001 3 25 12 43750.4 0.041 190.95 0.58 4.23 -5.47 525.5
2001 3 26 12 43887.7 3.178 169.51 0.58 6.05 -2.56 520.2
2001 3 27 12 44024.8 0.886 148.08 0.58 5.52 -1.97 507.3
2001 3 28 12 44161.7 0.834 211.59 0.58 4.23 -4.73 475.4
2001 3 29 12 44298.2 4.067 202.66 0.58 5.32 -2.89 524.9
2001 3 30 12 44434.5 4.695 191.55 0.58 3.70 -4.35 488.5
2001 3 31 12 44570.3 2.316 222.43 0.58 3.43 -4.97 505.1
2001 4 1 12 44705.8 3.943 215.99 0.58 7.87 0.43 655.8
2001 4 2 12 44840.8 12.414 195.10 0.58 4.95 -1.46 544.3
2001 4 3 12 44975.4 8.142 170.54 0.58 5.95 -2.88 551.0
2001 4 4 12 45109.4 1.230 185.67 0.58 6.34 -0.33 548.8
2001 4 5 12 45242.8 5.446 206.79 0.58 8.49 0.52 603.7
2001 4 6 12 45375.7 4.269 178.97 0.58 9.14 0.79 625.3
2001 4 7 12 45507.9 4.567 181.66 0.58 6.59 -1.21 592.1
2001 4 8 12 45639.4 0.344 203.94 0.58 6.26 -2.63 546.7
2001 4 9 12 45770.2 0.804 201.07 0.58 5.34 -1.66 565.6
2001 4 10 12 45900.2 0.834 214.51 0.58 6.24 -1.69 564.0
2001 4 11 12 46029.4 0.792 226.39 0.58 7.72 -0.47 582.7
2001 4 12 12 46157.8 0.003 222.05 0.58 5.97 -2.24 526.4
2001 4 13 12 46285.3 5.127 196.69 0.58 9.14 0.51 559.1
2001 4 14 12 46411.9 6.713 235.14 0.58 8.95 0.29 588.2
2001 4 15 12 46537.5 9.288 215.88 0.58 6.88 -2.08 566.8
2001 4 16 12 46662.2 1.191 215.13 0.58 8.53 -0.25 619.9
2001 4 17 12 46785.8 4.098 232.92 0.58 8.67 0.61 606.0
2001 4 18 12 46908.4 1.286 194.80 0.58 7.97 -0.86 587.0
2001 4 19 12 47029.9 3.901 238.27 0.58 10.53 1.54 631.9
2001 4 20 12 47150.2 0.603 208.56 0.58 11.61 3.69 674.1
2001 4 21 12 47269.4 1.319 232.87 0.58 9.71 2.12 621.8
2001 4 22 12 47387.3 5.981 224.45 0.58 10.59 3.00 649.4
2001 4 23 12 47504.0 1.562 224.22 0.58 9.12 1.24 670.8
2001 4 24 12 47619.5 2.967 230.88 0.58 12.83 5.68 710.7
2001 4 25 12 47733.6 2.118 206.00 0.58 10.52 0.60 592.1
2001 4 26 12 47846.4 3.283 224.38 0.58 14.20 6.49 690.2
2001 4 27 12 47957.8 3.264 226.19 0.58 10.11 2.22 638.0
2001 4 28 12 48067.8 4.547 204.38 0.58 11.78 4.49 705.8
2001 4 29 12 48176.4 4.321 227.46 0.58 10.76 1.46 619.8
2001 4 30 12 48283.5 3.715 228.83 0.58 11.14 3.73 608.2
2001 5 1 12 48389.0 0.973 251.96 0.58 12.85 4.59 720.4
2001 5 2 12 48493.1 2.866 236.96 0.58 11.74 4.79 694.0
2001 5 3 12 48595.5 2.317 240.29 0.58 13.84 6.48 728.9
2001 5 4 12 48696.4 0.578 255.60 0.58 13.07 6.13 731.0
2001 5 5 12 48795.7 3.769 235.88 0.58 12.30 3.69 609.5
2001 5 6 12 48893.3 3.768 229.28 0.58 14.27 7.06 741.6
2001 5 7 12 48989.2 9.716 239.37 0.58 12.41 3.23 723.7
2001 5 8 12 49083.3 5.590 235.07 0.58 13.55 6.87 719.7
2001 5 9 12 49175.8 4.843 231.95 0.58 12.25 3.73 694.8
2001 5 10 12 49266.4 0.491 244.47 0.58 15.39 7.04 706.6
2001 5 11 12 49355.3 3.748 243.77 0.58 14.74 6.28 739.7
2001 5 12 12 49442.4 5.194 231.85 0.58 14.03 5.70 725.0
2001 5 13 12 49527.6 3.461 276.71 0.58 13.52 4.83 724.5
2001 5 14 12 49610.9 6.163 248.16 0.58 15.53 7.41 720.9
2001 5 15 12 49692.3 4.037 247.92 0.58 13.31 5.61 764.9
2001 5 16 12 49771.8 0.362 253.93 0.58 14.39 5.88 752.4
2001 5 17 12 49849.4 0.950 284.27 0.58 14.29 4.27 688.9
2001 5 18 12 49924.9 0.603 232.46 0.58 13.90 5.86 689.6
2001 5 19 12 49998.5 2.588 218.36 0.58 15.91 9.58 803.6
2001 5 20 12 50070.1 3.308 260.14 0.58 15.63 7.44 726.7
2001 5 21 12 50139.7 2.735 267.93 0.58 17.58 10.71 793.7
2001 5 22 12 50207.1 4.520 238.48 0.58 16.19 9.87 716.4
2001 5 23 12 50272.5 10.167 239.84 0.58 15.43 7.84 695.0
2001 5 24 12 50335.9 3.197 238.11 0.58 16.09 7.82 747.3
2001 5 25 12 50397.0 1.726 275.64 0.58 16.34 9.22 799.5
2001 5 26 12 50456.1 3.050 262.31 0.58 16.20 7.25 786.0
2001 5 27 12 50513.0 0.485 282.13 0.58 18.71 10.71 814.7
2001 5 28 12 50567.8 1.713 246.53 0.58 15.30 6.28 746.8
2001 5 29 12 50620.3 5.349 262.77 0.58 19.12 10.59 866.2
2001 5 30 12 50670.7 6.339 268.36 0.58 15.27 7.20 737.2
2001 5 31 12 50718.8 3.150 258.76 0.58 18.84 10.61 801.2
2001 6 1 12 50764.8 5.796 241.40 0.58 15.70 8.21 819.0
2001 6 2 12 50808.5 6.208 286.73 0.58 18.28 9.94 826.2
2001 6 3 12 50849.9 5.768 273.40 0.58 18.29 10.10 750.2
2001 6 4 12 50889.0 0.390 267.57 0.58 17.39 9.10 767.5
2001 6 5 12 50925.9 8.635 264.52 0.58 18.95 12.13 875.9
2001 6 6 12 50960.5 3.477 285.45 0.58 17.55 10.06 812.5
2001 6 7 12 50992.8 1.387 255.79 0.58 19.58 12.12 859.7
2001 6 8 12 51022.8 0.840 273.74 0.58 17.98 9.94 750.8
2001 6 9 12 51050.5 14.713 258.99 0.58 18.20 11.01 861.7
2001 6 10 12 51075.8 0.310 221.23 0.58 19.41 11.81 811.3
2001 6 11 12 51098.8 3.087 244.43 0.58 18.58 10.15 778.9
2001 6 12 12 51119.5 0.191 256.84 0.58 16.58 9.08 784.0
2001 6 13 12 51137.8 0.821 257.51 0.58 16.01 6.99 740.7
2001 6 14 12 51153.7 12.190 241.44 0.58 19.72 11.61 808.8
2001 6 15 12 51167.4 6.043 254.53 0.58 21.37 13.66 893.1
2001 6 16 12 51178.6 5.482 262.53 0.58 20.84 11.55 828.2
2001 6 17 12 51187.5 6.993 283.63 0.58 18.52 9.45 831.2
2001 6 18 12 51194.0 5.126 249.11 0.58 18.96 11.70 847.7
2001 6 19 12 51198.1 4.058 249.14 0.58 19.22 11.75 810.6
2001 6 20 12 51199.9 0.869 243.96 0.58 20.37 11.30 796.1
2001 6 21 12 51199.3 6.826 269.75 0.58 22.71 13.94 900.4
2001 6 22 12 51196.4 0.807 276.81 0.58 20.45 11.73 801.8
2001 6 23 12 51191.0 1.098 282.12 0.58 18.69 9.84 786.6
2001 6 24 12 51183.3 1.607 265.19 0.58 21.35 13.24 868.4
2001 6 25 12 51173.3 5.216 268.12 0.58 22.57 13.09 910.6
2001 6 26 12 51160.8 3.620 251.76 0.58 19.85 11.58 781.4
2001 6 27 12 51146.1 2.103 235.56 0.58 22.13 14.66 858.1
2001 6 28 12 51128.9 4.789 247.76 0.58 17.48 9.25 823.9
2001 6 29 12 51109.4 4.892 271.88 0.58 22.03 14.12 921.8
2001 6 30 12 51087.6 0.676 263.97 0.58 18.32 11.22 878.1
2001 7 1 12 51063.4 1.708 263.66 0.58 20.38 11.11 829.7
2001 7 2 12 51036.9 2.014 280.22 0.58 21.07 12.87 815.2
2001 7 3 12 51008.1 9.859 242.50 0.58 23.12 14.75 951.9
2001 7 4 12 50976.9 12.339 253.49 0.58 20.42 12.84 844.0
2001 7 5 12 50943.5 0.598 229.57 0.58 20.61 12.01 814.0
2001 7 6 12 50907.8 2.095 226.23 0.58 21.24 12.75 898.8
2001 7 7 12 50869.7 3.925 244.84 0.58 18.43 10.43 819.9
2001 7 8 12 50829.4 8.190 277.68 0.58 22.71 14.66 899.2
2001 7 9 12 50786.9 2.237 261.93 0.58 22.46 14.07 903.1
2001 7 10 12 50742.1 1.004 254.18 0.58 21.31 13.89 812.9
2001 7 11 12 50695.1 1.253 258.93 0.58 22.09 13.29 868.8
2001 7 12 12 50645.8 2.900 268.66 0.58 21.62 12.46 867.0
2001 7 13 12 50594.3 11.916 259.83 0.58 22.68 14.40 910.7
2001 7 14 12 50540.7 2.112 256.61 0.58 21.12 13.07 875.9
2001 7 15 12 50484.8 1.111 243.28 0.58 21.77 13.06 826.9
2001 7 16 12 50426.8 7.537 254.02 0.58 21.98 15.02 874.7
2001 7 17 12 50366.7 3.384 252.33 0.58 22.47 14.93 930.9
2001 7 18 12 50304.5 1.814 241.20 0.58 18.73 11.99 820.5
2001 7 19 12 50240.1 5.376 247.49 0.58 20.77 12.04 803.3
2001 7 20 12 50173.7 0.803 245.13 0.58 22.59 13.95 873.9
2001 7 21 12 50105.1 6.569 265.26 0.58 21.49 12.14 870.0
2001 7 22 12 50034.6 2.131 258.51 0.58 21.66 13.80 884.0
2001 7 23 12 49962.0 2.834 234.42 0.58 21.34 12.56 826.0
2001 7 24 12 49887.4 0.246 240.46 0.58 22.24 15.02 892.1
2001 7 25 12 49810.8 4.232 241.10 0.58 20.27 11.62 785.5
2001 7 26 12 49732.3 4.410 249.62 0.58 22.77 15.07 922.8
2001 7 27 12 49651.8 2.638 253.83 0.58 20.60 13.13 856.7
2001 7 28 12 49569.5 1.687 228.95 0.58 21.64 13.39 926.2
2001 7 29 12 49485.2 4.806 215.74 0.58 19.71 12.16 804.4
2001 7 30 12 49399.1 0.621 256.98 0.58 20.82 12.45 793.6
2001 7 31 12 49311.1 2.367 245.30 0.58 23.30 14.26 904.3
2001 8 1 12 49221.3 1.446 228.61 0.58 21.76 14.12 895.8
2001 8 2 12 49129.8 0.707 234.08 0.58 21.10 13.94 882.6
2001 8 3 12 49036.5 0.733 240.94 0.58 24.01 14.32 851.9
2001 8 4 12 48941.4 1.376 226.93 0.58 20.64 10.97 767.0
2001 8 5 12 48844.7 3.864 234.01 0.58 21.60 13.52 857.8
2001 8 6 12 48746.2 2.683 223.84 0.58 22.40 14.28 868.8
2001 8 7 12 48646.2 3.834 243.16 0.58 19.57 10.01 799.6
2001 8 8 12 48544.5 0.362 245.82 0.58 19.61 12.55 818.4
2001 8 9 12 48441.3 0.190 239.98 0.58 21.34 13.46 846.4
2001 8 10 12 48336.4 2.267 243.84 0.58 21.40 14.39 868.7
2001 8 11 12 48230.1 1.076 204.29 0.58 22.13 14.02 796.4
2001 8 12 12 48122.3 0.997 230.05 0.58 20.21 11.47 839.0
2001 8 13 12 48013.0 2.340 236.62 0.58 18.86 10.63 836.4
2001 8 14 12 47902.3 2.441 227.50 0.58 19.05 10.53 831.9
2001 8 15 12 47790.2 1.877 215.95 0.58 21.06 12.91 836.8
2001 8 16 12 47676.7 5.761 251.06 0.58 22.75 13.91 860.2
2001 8 17 12 47561.9 2.482 237.00 0.58 20.86 12.48 817.9
2001 8 18 12 47445.8 1.416 216.43 0.58 20.92 13.37 844.9
2001 8 19 12 47328.5 0.432 235.67 0.58 19.74 11.57 798.5
2001 8 20 12 47209.9 3.374 203.38 0.58 18.63 10.12 801.4
2001 8 21 12 47090.2 3.882 220.71 0.58 19.76 11.66 790.3
2001 8 22 12 46969.3 1.118 192.33 0.58 19.80 10.69 819.1
2001 8 23 12 46847.3 0.281 223.34 0.58 18.84 10.73 781.0
2001 8 24 12 46724.2 1.997 186.91 0.58 20.05 12.01 892.5
2001 8 25 12 46600.0 2.013 215.86 0.58 21.00 11.54 774.7
2001 8 26 12 46474.8 1.452 220.62 0.58 19.51 11.71 888.9
2001 8 27 12 46348.7 0.950 239.82 0.58 20.97 11.51 838.8
2001 8 28 12 46221.7 3.411 194.60 0.58 17.97 10.18 847.4
2001 8 29 12 46093.7 3.019 213.85 0.58 17.87 9.87 817.8
2001 8 30 12 45964.9 3.587 169.04 0.58 21.25 13.36 892.1
2001 8 31 12 45835.3 2.619 229.48 0.58 20.49 11.82 847.9
2001 9 1 12 45704.9 2.627 225.82 0.58 20.99 12.59 790.5
2001 9 2 12 45573.7 1.156 190.67 0.58 15.46 7.75 759.6
2001 9 3 12 45441.8 2.112 181.56 0.58 18.07 10.00 846.6
2001 9 4 12 45309.3 7.639 195.07 0.58 18.67 11.41 777.2
2001 9 5 12 45176.2 3.266 212.01 0.58 16.56 8.42 758.7
2001 9 6 12 45042.4 0.176 186.65 0.58 15.38 7.26 766.3
2001 9 7 12 44908.2 1.892 176.40 0.58 20.10 10.88 829.7
2001 9 8 12 44773.4 0.869 198.50 0.58 16.02 8.73 778.1
2001 9 9 12 44638.1 0.524 211.74 0.58 17.01 9.68 816.1
2001 9 10 12 44502.5 0.895 216.63 0.58 14.74 7.35 779.9
2001 9 11 12 44366.4 3.391 182.90 0.58 15.77 8.31 770.6
2001 9 12 12 44230.0 5.377 173.01 0.58 12.80 3.66 687.6
2001 9 13 12 44093.3 0.060 176.69 0.58 18.87 12.02 837.1
2001 9 14 12 43956.3 1.249 207.04 0.58 17.62 10.15 799.3
2001 9 15 12 43819.1 2.336 183.17 0.58 18.24 10.47 776.9
2001 9 16 12 43681.7 0.219 182.04 0.58 17.40 8.41 801.8
2001 9 17 12 43544.2 1.298 175.29 0.58 17.43 9.46 782.3
2001 9 18 12 43406.5 0.588 135.22 0.58 16.05 9.69 794.7
2001 9 19 12 43268.9 1.266 176.61 0.58 13.48 5.16 719.4
2001 9 20 12 43131.1 2.604 177.39 0.58 19.32 12.27 823.8
2001 9 21 12 42993.5 0.337 189.43 0.58 14.49 5.71 729.4
2001 9 22 12 42855.8 2.011 173.26 0.58 12.69 4.77 720.4
2001 9 23 12 42718.3 3.804 178.61 0.58 16.75 7.31 759.5
2001 9 24 12 42580.9 1.145 168.02 0.58 17.48 10.48 825.2
2001 9 25 12 42443.7 1.112 186.09 0.58 14.23 6.47 687.6
2001 9 26 12 42306.7 0.139 178.69 0.58 14.39 5.76 707.5
2001 9 27 12 42170.0 2.061 180.43 0.58 16.18 8.91 817.4
2001 9 28 12 42033.6 1.897 152.75 0.58 13.20 6.05 767.4
2001 9 29 12 41897.5 1.392 172.48 0.58 11.96 4.31 747.4
2001 9 30 12 41761.9 1.432 170.40 0.58 15.15 6.48 721.8
2001 10 1 12 41626.6 1.101 161.60 0.58 13.41 4.44 641.3
2001 10 2 12 41491.8 0.629 148.67 0.58 15.29 7.73 736.1
2001 10 3 12 41357.6 1.517 177.22 0.58 13.83 5.73 671.1
2001 10 4 12 41223.8 0.067 156.30 0.58 12.15 3.95 655.6
2001 10 5 12 41090.7 0.425 167.86 0.58 12.43 4.53 683.9
2001 10 6 12 40958.2 0.872 161.07 0.58 11.25 2.88 605.5
2001 10 7 12 40826.3 1.761 166.97 0.58 10.92 2.54 630.8
2001 10 8 12 40695.1 0.512 163.05 0.58 12.85 5.48 697.4
2001 10 9 12 40564.7 2.700 143.20 0.58 12.46 2.94 670.5
2001 10 10 12 40435.1 2.515 137.75 0.58 12.60 5.03 727.3
2001 10 11 12 40306.3 2.279 151.73 0.58 9.99 0.67 612.2
2001 10 12 12 40178.3 0.636 149.08 0.58 11.87 4.04 675.3
2001 10 13 12 40051.3 1.902 141.89 0.58 11.18 3.38 637.0
2001 10 14 12 39925.2 1.294 160.42 0.58 8.47 0.97 564.7
2001 10 15 12 39800.0 1.338 145.79 0.58 11.88 4.15 674.7
2001 10 16 12 39675.8 0.372 172.31 0.58 10.41 2.62 593.3
2001 10 17 12 39552.7 1.771 165.70 0.58 11.98 2.24 689.9
2001 10 18 12 39430.7 0.256 172.73 0.58 9.17 3.13 651.9
2001 10 19 12 39309.8 5.606 139.78 0.58 8.71 -0.79 570.3
2001 10 20 12 39190.1 1.327 132.74 0.58 8.32 1.69 641.0
2001 10 21 12 39071.5 0.255 125.82 0.58 9.15 1.86 659.8
2001 10 22 12 38954.2 0.362 131.89 0.58 10.55 0.99 631.8
2001 10 23 12 38838.1 1.389 153.05 0.58 11.31 3.59 640.8
2001 10 24 12 38723.3 0.276 136.24 0.58 7.38 -0.72 600.9
2001 10 25 12 38609.8 0.002 125.21 0.58 6.56 -0.09 575.1
2001 10 26 12 38497.7 0.919 171.96 0.58 9.43 1.73 578.8
2001 10 27 12 38387.0 1.715 140.80 0.58 9.01 1.35 619.6
2001 10 28 12 38277.7 0.439 117.83 0.58 7.31 -0.85 592.9
2001 10 29 12 38169.9 0.538 124.39 0.58 7.59 -1.23 547.9
2001 10 30 12 38063.6 0.469 118.47 0.58 9.07 0.97 620.4
2001 10 31 12 37958.7 1.011 109.59 0.58 7.86 -0.23 561.2
2001 11 1 12 37855.5 1.195 123.70 0.58 6.21 -0.98 591.2
2001 11 2 12 37753.8 0.318 106.78 0.58 6.15 -2.43 525.8
2001 11 3 12 37653.8 1.183 114.45 0.58 5.61 -3.56 587.8
2001 11 4 12 37555.3 2.446 98.82 0.58 6.49 -1.77 563.4
2001 11 5 12 37458.6 0.179 130.57 0.58 3.66 -4.75 485.3
2001 11 6 12 37363.5 1.170 135.80 0.58 5.35 -2.07 534.7
2001 11 7 12 37270.2 0.281 128.88 0.58 6.10 -1.52 574.7
2001 11 8 12 37178.7 0.307 128.66 0.58 5.78 -2.27 502.2
2001 11 9 12 37088.9 0.234 110.94 0.58 5.51 -2.92 529.7
2001 11 10 12 37000.9 2.118 111.19 0.58 6.21 -1.93 542.4
2001 11 11 12 36914.8 1.212 106.15 0.58 6.51 -1.23 636.2
2001 11 12 12 36830.5 1.460 145.99 0.58 1.21 -7.92 459.1
2001 11 13 12 36748.2 0.045 104.23 0.58 2.54 -5.55 450.0
2001 11 14 12 36667.7 1.529 101.93 0.58 4.07 -3.76 531.2
2001 11 15 12 36589.2 1.010 92.41 0.58 5.62 -2.58 518.7
2001 11 16 12 36512.6 0.145 126.86 0.58 4.03 -3.30 583.1
2001 11 17 12 36438.0 0.788 123.44 0.58 1.17 -6.62 439.0
2001 11 18 12 36365.4 2.557 93.36 0.58 3.80 -3.92 504.6
2001 11 19 12 36294.9 1.555 94.78 0.58 3.58 -4.09 500.2
2001 11 20 12 36226.3 0.918 110.20 0.58 3.35 -5.27 544.6
2001 11 21 12 36159.9 1.671 109.94 0.58 3.61 -4.13 509.1
2001 11 22 12 36095.5 0.143 85.51 0.58 1.74 -5.39 507.0
2001 11 23 12 36033.3 1.455 121.86 0.58 2.53 -4.41 539.2
2001 11 24 12 35973.2 0.377 124.65 0.58 4.15 -3.57 535.5
2001 11 25 12 35915.2 1.923 90.60 0.58 1.66 -6.02 481.5
2001 11 26 12 35859.3 0.963 125.81 0.58 2.51 -6.10 497.7
2001 11 27 12 35805.7 0.408 104.61 0.58 3.44 -5.22 467.4
2001 11 28 12 35754.2 0.029 101.61 0.58 2.52 -4.78 521.1
2001 11 29 12 35704.9 0.438 105.88 0.58 1.22 -6.56 459.6
2001 11 30 12 35657.9 1.551 100.15 0.58 2.25 -5.92 508.7
2001 12 1 12 35613.1 0.802 116.65 0.58 0.64 -7.73 452.5
2001 12 2 12 35570.6 0.678 135.14 0.58 2.15 -5.43 445.8
2001 12 3 12 35530.3 1.445 82.89 0.58 3.72 -4.43 526.8
2001 12 4 12 35492.2 2.453 102.61 0.58 2.71 -5.28 488.1
2001 12 5 12 35456.5 0.718 85.15 0.58 1.35 -5.81 448.9
2001 12 6 12 35423.1 2.032 85.52 0.58 -0.83 -8.82 466.9
2001 12 7 12 35391.9 0.543 89.42 0.58 2.34 -5.49 510.5
2001 12 8 12 35363.1 1.423 96.69 0.58 2.52 -6.42 440.8
2001 12 9 12 35336.6 3.295 100.95 0.58 0.21 -7.74 480.4
2001 12 10 12 35312.4 1.045 95.78 0.58 0.69 -7.33 423.8
2001 12 11 12 35290.6 0.403 95.97 0.58 0.72 -8.27 480.2
2001 12 12 12 35271.1 0.201 79.71 0.58 0.73 -7.21 431.1
2001 12 13 12 35253.9 1.316 105.16 0.58 0.54 -7.16 452.3
2001 12 14 12 35239.2 0.002 104.12 0.58 0.79 -5.56 481.0
2001 12 15 12 35226.7 0.689 105.05 0.58 -0.85 -8.84 380.9
2001 12 16 12 35216.7 2.035 91.45 0.58 -3.87 -12.16 322.9
2001 12 17 12 35209.0 0.896 75.62 0.58 -1.25 -8.97 433.4
2001 12 18 12 35203.6 0.109 94.91 0.58 -0.66 -10.52 393.0
2001 12 19 12 35200.7 0.005 95.01 0.58 -0.28 -8.22 467.8
2001 12 20 12 35200.1 0.724 74.43 0.58 -0.36 -9.79 413.9
2001 12 21 12 35201.9 4.702 84.70 0.58 -1.45 -9.59 387.8
2001 12 22 12 35206.0 0.281 124.12 0.58 -3.26 -11.90 408.0
2001 12 23 12 35212.5 0.173 103.75 0.58 -2.34 -9.78 437.8
2001 12 24 12 35221.4 0.803 100.49 0.58 -2.38 -9.35 390.6
2001 12 25 12 35232.6 5.339 94.94 0.58 -2.20 -10.41 427.4
2001 12 26 12 35246.3 0.719 79.31 0.58 -2.86 -9.98 459.5
2001 12 27 12 35262.2 0.964 101.99 0.58 -2.08 -9.38 400.7
2001 12 28 12 35280.5 1.043 71.22 0.58 -3.76 -12.01 352.5
2001 12 29 12 35301.2 1.589 114.20 0.58 -1.75 -10.31 396.8
2001 12 30 12 35324.2 2.877 114.66 0.58 -3.03 -11.67 348.6
2001 12 31 12 35349.5 2.617 111.94 0.58 -3.16 -12.02 367.9
2002 1 1 12 35377.2 1.313 95.63 0.58 -0.47 -8.37 390.1
2002 1 2 12 35407.2 4.936 101.39 0.58 -1.29 -8.45 463.0
2002 1 3 12 35439.5 0.693 105.78 0.58 -3.40 -13.35 339.0
2002 1 4 12 35474.1 3.031 134.43 0.58 -1.12 -9.09 454.9
2002 1 5 12 35511.0 0.822 102.78 0.58 -3.62 -11.67 358.0
2002 1 6 12 35550.1 1.750 96.06 0.58 -1.78 -11.33 326.0
2002 1 7 12 35591.5 0.415 99.52 0.58 -3.05 -10.92 356.3
2002 1 8 12 35635.2 1.965 109.35 0.58 -4.03 -12.06 313.7
2002 1 9 12 35681.2 4.178 107.00 0.58 -3.27 -11.24 387.0
2002 1 10 12 35729.3 1.663 100.94 0.58 -1.84 -9.67 405.0
2002 1 11 12 35779.7 1.103 134.58 0.58 -0.76 -8.29 492.1
2002 1 12 12 35832.2 3.585 97.19 0.58 -2.49 -11.17 386.7
2002 1 13 12 35887.0 2.996 111.57 0.58 -1.63 -9.13 456.1
2002 1 14 12 35943.9 0.577 116.75 0.58 -3.63 -12.16 366.1
2002 1 15 12 36003.0 0.044 111.42 0.58 -1.11 -8.86 405.0
2002 1 16 12 36064.1 4.244 110.74 0.58 -0.39 -7.74 426.8
2002 1 17 12 36127.5 0.431 109.92 0.58 -1.49 -10.03 386.3
2002 1 18 12 36192.9 0.683 118.69 0.58 -5.14 -12.78 304.8
2002 1 19 12 36260.3 0.766 118.91 0.58 -3.22 -11.39 406.2
2002 1 20 12 36329.9 2.221 107.26 0.58 -3.35 -9.77 482.8
2002 1 21 12 36401.5 4.331 90.14 0.58 -0.58 -9.05 509.2
2002 1 22 12 36475.1 7.380 98.96 0.58 -2.10 -10.98 355.0
2002 1 23 12 36550.6 0.337 131.60 0.58 -0.66 -8.80 409.4
2002 1 24 12 36628.2 0.261 138.60 0.58 -4.95 -12.07 333.3
2002 1 25 12 36707.7 1.422 97.76 0.58 -1.29 -10.23 349.7
2002 1 26 12 36789.1 1.590 95.01 0.58 -0.92 -8.95 469.0
2002 1 27 12 36872.4 2.795 129.65 0.58 1.16 -7.67 451.3
2002 1 28 12 36957.6 2.580 110.08 0.58 -2.70 -10.72 337.5
2002 1 29 12 37044.7 3.022 114.57 0.58 -2.93 -10.82 390.7
2002 1 30 12 37133.6 0.068 93.02 0.58 -1.47 -9.88 386.2
2002 1 31 12 37224.2 0.169 88.72 0.58 -1.02 -9.45 397.8
2002 2 1 12 37316.7 4.624 134.25 0.58 -3.42 -12.09 347.7
2002 2 2 12 37410.8 0.544 116.74 0.58 -1.29 -11.14 390.1
2002 2 3 12 37506.7 1.897 134.16 0.58 -2.88 -11.22 370.7
2002 2 4 12 37604.3 3.384 139.61 0.58 -3.04 -11.62 317.6
2002 2 5 12 37703.6 1.799 115.75 0.58 -1.72 -9.27 432.6
2002 2 6 12 37804.5 7.936 116.35 0.58 -3.09 -12.57 297.7
2002 2 7 12 37906.9 1.570 122.79 0.58 -3.62 -12.45 343.1
2002 2 8 12 38011.0 3.033 139.70 0.58 -1.64 -10.11 386.8
2002 2 9 12 38116.5 0.593 116.57 0.58 -2.55 -11.68 356.3
2002 2 10 12 38223.6 4.346 110.35 0.58 -4.69 -11.72 396.1
2002 2 11 12 38332.2 1.403 131.55 0.58 -1.25 -8.83 450.2
2002 2 12 12 38442.2 0.920 153.21 0.58 -4.16 -12.64 354.5
2002 2 13 12 38553.6 0.514 163.25 0.58 -1.73 -9.84 421.9
2002 2 14 12 38666.4 0.279 140.02 0.58 -1.10 -9.17 395.3
2002 2 15 12 38780.5 2.839 108.74 0.58 -3.30 -10.94 376.3
2002 2 16 12 38896.0 0.340 133.64 0.58 2.11 -6.86 431.4
2002 2 17 12 39012.7 7.486 143.53 0.58 -1.31 -10.03 403.0
2002 2 18 12 39130.6 3.817 124.38 0.58 -0.71 -10.11 433.7
2002 2 19 12 39249.8 4.340 155.48 0.58 -2.52 -10.21 434.4
2002 2 20 12 39370.1 2.665 126.53 0.58 -2.18 -9.79 430.5
2002 2 21 12 39491.6 2.183 145.33 0.58 0.45 -7.52 482.3
2002 2 22 12 39614.2 4.312 158.14 0.58 2.38 -6.41 433.2
2002 2 23 12 39737.8 5.615 141.66 0.58 1.54 -6.78 519.5
2002 2 24 12 39862.5 0.124 131.27 0.58 -0.33 -9.24 423.0
2002 2 25 12 39988.1 2.031 159.86 0.58 -0.91 -9.55 428.6
2002 2 26 12 40114.7 3.633 148.11 0.58 -0.23 -9.91 402.4
2002 2 27 12 40242.2 0.235 156.09 0.58 0.58 -7.18 412.6
2002 2 28 12 40370.6 3.859 143.86 0.58 0.72 -8.22 478.4
2002 3 1 12 40499.8 1.036 126.43 0.58 -0.74 -9.40 379.0
2002 3 2 12 40629.8 2.111 155.01 0.58 1.19 -6.61 447.7
2002 3 3 12 40760.6 5.424 153.99 0.58 1.13 -8.07 426.2
2002 3 4 12 40892.1 1.150 134.05 0.58 -1.49 -9.77 402.4
2002 3 5 12 41024.3 6.990 183.17 0.58 0.03 -8.20 459.8
2002 3 6 12 41157.2 1.336 169.84 0.58 -2.54 -11.81 381.2
2002 3 7 12 41290.6 1.101 147.91 0.58 2.34 -5.93 430.7
2002 3 8 12 41424.6 1.567 178.09 0.58 -1.13 -8.93 416.1
2002 3 9 12 41559.2 3.208 121.55 0.58 0.05 -6.94 429.2
2002 3 10 12 41694.2 2.759 180.22 0.58 0.45 -8.10 419.6
2002 3 11 12 41829.7 2.978 158.68 0.58 -2.60 -11.23 345.8
2002 3 12 12 41965.5 1.726 155.70 0.58 3.53 -2.65 520.7
2002 3 13 12 42101.8 3.326 160.93 0.58 1.77 -6.97 493.2
2002 3 14 12 42238.3 0.689 159.89 0.58 0.45 -7.70 432.1
2002 3 15 12 42375.2 1.682 178.81 0.58 1.92 -6.07 431.1
2002 3 16 12 42512.3 1.380 181.20 0.58 5.25 -3.89 547.6
2002 3 17 12 42649.6 13.261 147.80 0.58 3.21 -4.35 544.9
2002 3 18 12 42787.0 1.725 177.93 0.58 1.13 -5.45 482.0
2002 3 19 12 42924.6 3.747 173.52 0.58 4.30 -4.29 537.0
2002 3 20 12 43062.3 0.741 190.44 0.58 5.46 -2.07 570.1
2002 3 21 12 43200.0 0.743 169.25 0.58 6.17 -3.25 481.9
2002 3 22 12 43337.7 9.840 169.42 0.58 2.04 -5.82 553.3
2002 3 23 12 43475.4 2.136 188.39 0.58 1.91 -6.98 494.5
2002 3 24 12 43613.0 4.461 170.90 0.58 1.88 -5.32 490.4
2002 3 25 12 43750.4 0.513 199.65 0.58 6.43 -2.44 538.1
2002 3 26 12 43887.7 1.594 172.84 0.58 4.91 -4.19 547.5
2002 3 27 12 44024.8 15.805 182.30 0.58 4.63 -3.56 480.5
2002 3 28 12 44161.7 1.992 211.73 0.58 8.31 -0.39 613.9
2002 3 29 12 44298.2 5.527 177.64 0.58 1.95 -6.14 501.5
2002 3 30 12 44434.5 2.278 198.68 0.58 2.58 -5.98 503.1
2002 3 31 12 44570.3 0.352 199.76 0.58 1.71 -6.35 437.0
2002 4 1 12 44705.8 7.407 201.15 0.58 6.37 -0.95 543.3
2002 4 2 12 44840.8 2.158 189.20 0.58 5.04 -3.48 494.8
2002 4 3 12 44975.4 0.673 224.64 0.58 8.49 0.91 609.4
2002 4 4 12 45109.4 1.688 205.82 0.58 5.42 -3.16 533.4
2002 4 5 12 45242.8 2.085 190.36 0.58 6.67 -2.38 536.2
2002 4 6 12 45375.7 7.801 189.27 0.58 8.09 1.41 606.8
2002 4 7 12 45507.9 9.270 188.90 0.58 6.46 -1.43 621.4
2002 4 8 12 45639.4 0.671 212.82 0.58 8.25 0.70 623.2
2002 4 9 12 45770.2 5.946 215.21 0.58 7.13 -1.72 597.4
2002 4 10 12 45900.2 1.573 205.47 0.58 5.31 -2.66 540.6
2002 4 11 12 46029.4 1.034 200.55 0.58 7.04 -0.69 602.9
2002 4 12 12 46157.8 0.912 176.47 0.58 7.17 -0.00 637.4
2002 4 13 12 46285.3 1.594 192.15 0.58 10.12 2.25 654.9
2002 4 14 12 46411.9 5.959 234.09 0.58 7.10 -0.59 577.4
2002 4 15 12 46537.5 4.892 204.76 0.58 9.79 0.51 582.3
2002 4 16 12 46662.2 7.542 199.40 0.58 10.98 2.33 586.8
2002 4 17 12 46785.8 9.667 216.91 0.58 7.57 0.61 624.1
2002 4 18 12 46908.4 0.170 223.41 0.58 12.62 5.08 712.0
2002 4 19 12 47029.9 1.192 203.66 0.58 7.62 -0.54 621.0
2002 4 20 12 47150.2 0.957 225.57 0.58 11.10 3.66 681.4
2002 4 21 12 47269.4 2.006 235.37 0.58 11.41 2.22 633.8
2002 4 22 12 47387.3 4.669 235.85 0.58 8.07 -0.18 589.7
2002 4 23 12 47504.0 1.258 219.92 0.58 8.29 0.45 587.9
2002 4 24 12 47619.5 6.997 225.30 0.58 10.10 0.20 571.9
2002 4 25 12 47733.6 10.073 207.48 0.58 7.79 -0.34 617.1
2002 4 26 12 47846.4 2.233 216.91 0.58 11.63 3.55 731.3
2002 4 27 12 47957.8 2.478 257.70 0.58 10.96 2.65 629.6
2002 4 28 12 48067.8 1.963 211.84 0.58 10.81 2.47 702.0
2002 4 29 12 48176.4 2.721 195.74 0.58 14.79 6.81 691.8
2002 4 30 12 48283.5 9.852 246.43 0.58 9.99 2.35 665.4
2002 5 1 12 48389.0 3.394 220.31 0.58 12.50 3.46 688.6
2002 5 2 12 48493.1 1.782 233.63 0.58 12.60 4.78 732.3
2002 5 3 12 48595.5 0.790 207.08 0.58 12.36 4.80 698.9
2002 5 4 12 48696.4 6.567 231.06 0.58 11.59 3.88 682.6
2002 5 5 12 48795.7 1.468 236.60 0.58 9.16 0.89 624.3
2002 5 6 12 48893.3 1.330 239.80 0.58 11.48 3.36 708.1
2002 5 7 12 48989.2 6.210 252.82 0.58 12.94 6.24 734.7
2002 5 8 12 49083.3 7.625 232.02 0.58 14.24 5.69 691.6
2002 5 9 12 49175.8 10.190 229.52 0.58 12.08 3.58 673.3
2002 5 10 12 49266.4 2.508 240.74 0.58 15.06 6.65 709.9
2002 5 11 12 49355.3 2.040 243.36 0.58 13.06 5.01 748.2
2002 5 12 12 49442.4 0.080 244.40 0.58 13.71 4.64 690.6
2002 5 13 12 49527.6 5.928 222.71 0.58 13.98 4.49 723.7
2002 5 14 12 49610.9 1.792 266.61 0.58 13.75 5.38 692.5
2002 5 15 12 49692.3 3.926 272.72 0.58 13.06 5.68 723.8
2002 5 16 12 49771.8 4.464 282.53 0.58 17.04 7.09 760.9
2002 5 17 12 49849.4 3.503 257.40 0.58 16.86 7.48 721.0
2002 5 18 12 49924.9 1.072 231.94 0.58 15.14 6.66 778.8
2002 5 19 12 49998.5 1.681 256.11 0.58 17.19 8.14 797.8
2002 5 20 12 50070.1 1.447 239.45 0.58 14.68 6.61 788.2
2002 5 21 12 50139.7 3.835 264.63 0.58 14.87 6.68 699.3
2002 5 22 12 50207.1 2.752 256.10 0.58 16.32 7.01 800.4
2002 5 23 12 50272.5 3.802 240.78 0.58 16.29 8.60 762.8
2002 5 24 12 50335.9 2.004 260.50 0.58 16.77 9.42 764.7
2002 5 25 12 50397.0 1.889 273.61 0.58 14.96 7.13 774.6
2002 5 26 12 50456.1 2.148 233.28 0.58 15.70 7.19 768.2
2002 5 27 12 50513.0 0.598 241.52 0.58 14.43 6.20 708.7
2002 5 28 12 50567.8 5.344 267.39 0.58 19.62 10.80 771.9
2002 5 29 12 50620.3 9.513 244.92 0.58 16.78 9.44 762.5
2002 5 30 12 50670.7 2.950 216.48 0.58 17.36 9.61 803.1
2002 5 31 12 50718.8 6.769 232.25 0.58 18.49 11.34 859.8
2002 6 1 12 50764.8 7.294 274.93 0.58 16.70 8.65 814.1
2002 6 2 12 50808.5 2.195 269.73 0.58 16.20 7.10 772.0
2002 6 3 12 50849.9 1.583 243.53 0.58 14.47 5.88 699.4
2002 6 4 12 50889.0 2.179 241.65 0.58 19.11 11.10 867.2
2002 6 5 12 50925.9 1.233 268.49 0.58 17.51 7.95 757.4
2002 6 6 12 50960.5 0.550 232.27 0.58 18.90 11.15 848.0
2002 6 7 12 50992.8 2.189 274.69 0.58 15.72 7.44 681.2
2002 6 8 12 51022.8 3.018 259.87 0.58 18.25 8.21 799.5
2002 6 9 12 51050.5 0.213 247.89 0.58 16.37 7.15 766.6
2002 6 10 12 51075.8 8.005 269.90 0.58 16.03 7.84 782.7
2002 6 11 12 51098.8 0.298 257.88 0.58 17.81 10.11 794.4
2002 6 12 12 51119.5 0.755 248.21 0.58 17.99 9.77 793.9
2002 6 13 12 51137.8 0.567 258.68 0.58 21.00 12.18 812.1
2002 6 14 12 51153.7 1.373 280.10 0.58 20.28 11.16 842.3
2002 6 15 12 51167.4 7.659 237.42 0.58 20.16 10.49 830.1
2002 6 16 12 51178.6 6.614 236.85 0.58 18.81 11.28 778.6
2002 6 17 12 51187.5 2.549 268.96 0.58 19.24 9.11 735.3
2002 6 18 12 51194.0 3.904 283.54 0.58 19.18 10.93 789.1
2002 6 19 12 51198.1 0.490 256.65 0.58 19.50 12.19 868.7
2002 6 20 12 51199.9 1.637 285.48 0.58 19.66 10.74 866.5
2002 6 21 12 51199.3 0.322 250.36 0.58 22.88 12.98 873.8
2002 6 22 12 51196.4 10.801 240.08 0.58 20.42 11.37 814.0
2002 6 23 12 51191.0 1.273 275.65 0.58 19.72 11.33 763.9
2002 6 24 12 51183.3 4.570 245.59 0.58 19.89 11.47 852.3
2002 6 25 12 51173.3 2.308 246.59 0.58 20.30 10.79 815.8
2002 6 26 12 51160.8 1.015 269.58 0.58 21.48 13.45 886.0
2002 6 27 12 51146.1 13.754 248.77 0.58 18.49 9.47 778.4
2002 6 28 12 51128.9 3.561 274.29 0.58 19.64 11.61 833.5
2002 6 29 12 51109.4 1.203 247.67 0.58 20.41 11.96 884.9
2002 6 30 12 51087.6 2.169 268.83 0.58 22.05 14.19 919.2
2002 7 1 12 51063.4 0.951 279.03 0.58 19.95 11.57 865.6
2002 7 2 12 51036.9 3.680 258.82 0.58 19.86 11.26 744.9
2002 7 3 12 51008.1 0.067 247.05 0.58 20.48 11.87 847.4
2002 7 4 12 50976.9 0.919 237.10 0.58 22.27 12.65 856.5
2002 7 5 12 50943.5 2.530 275.18 0.58 24.09 17.45 987.2
2002 7 6 12 50907.8 6.609 242.56 0.58 18.80 10.36 803.5
2002 7 7 12 50869.7 1.090 230.00 0.58 21.61 13.56 860.5
2002 7 8 12 50829.4 4.854 276.15 0.58 21.77 13.38 920.6
2002 7 9 12 50786.9 0.513 239.92 0.58 20.15 12.19 860.9
2002 7 10 12 50742.1 6.423 291.40 0.58 19.29 11.39 808.4
2002 7 11 12 50695.1 0.595 239.31 0.58 19.26 12.33 810.6
2002 7 12 12 50645.8 2.191 258.90 0.58 20.59 11.83 853.1
2002 7 13 12 50594.3 1.846 253.66 0.58 21.48 13.99 876.5
2002 7 14 12 50540.7 3.872 253.85 0.58 20.65 12.55 857.2
2002 7 15 12 50484.8 1.620 271.30 0.58 21.48 11.61 832.7
2002 7 16 12 50426.8 1.653 231.58 0.58 22.31 14.27 891.5
2002 7 17 12 50366.7 0.277 264.48 0.58 20.78 13.34 908.1
2002 7 18 12 50304.5 5.549 240.05 0.58 20.04 12.02 815.7
2002 7 19 12 50240.1 1.492 263.80 0.58 24.07 14.76 896.1
2002 7 20 12 50173.7 11.140 251.20 0.58 21.45 14.03 891.6
2002 7 21 12 50105.1 3.524 277.60 0.58 20.81 12.98 887.1
2002 7 22 12 50034.6 5.850 237.56 0.58 22.53 13.41 901.8
2002 7 23 12 49962.0 5.834 265.71 0.58 23.51 13.46 856.6
2002 7 24 12 49887.4 3.653 237.77 0.58 21.44 13.27 863.8
2002 7 25 12 49810.8 1.596 239.48 0.58 21.54 13.79 914.8
2002 7 26 12 49732.3 4.563 239.94 0.58 20.63 10.95 873.9
2002 7 27 12 49651.8 5.601 267.61 0.58 19.90 12.66 839.6
2002 7 28 12 49569.5 9.337 266.24 0.58 21.97 12.73 834.4
2002 7 29 12 49485.2 2.137 247.96 0.58 20.83 12.48 837.4
2002 7 30 12 49399.1 1.338 226.09 0.58 20.06 11.41 857.0
2002 7 31 12 49311.1 1.402 264.48 0.58 22.56 14.71 892.2
2002 8 1 12 49221.3 0.417 250.16 0.58 21.79 14.06 930.1
2002 8 2 12 49129.8 1.721 228.72 0.58 18.35 9.52 814.4
2002 8 3 12 49036.5 2.212 235.74 0.58 22.59 15.48 946.9
2002 8 4 12 48941.4 0.691 223.38 0.58 22.75 15.02 909.4
2002 8 5 12 48844.7 0.849 219.51 0.58 19.49 11.33 780.8
2002 8 6 12 48746.2 3.136 245.95 0.58 21.78 13.58 824.3
2002 8 7 12 48646.2 3.708 215.16 0.58 21.60 12.98 877.1
2002 8 8 12 48544.5 2.019 226.23 0.58 20.42 11.54 860.8
2002 8 9 12 48441.3 4.880 230.57 0.58 20.64 13.26 854.8
2002 8 10 12 48336.4 1.325 258.57 0.58 18.90 11.91 810.9
2002 8 11 12 48230.1 1.783 231.19 0.58 19.92 12.19 815.2
2002 8 12 12 48122.3 6.522 229.27 0.58 18.32 9.28 770.9
2002 8 13 12 48013.0 2.016 237.92 0.58 20.13 11.74 845.1
2002 8 14 12 47902.3 2.933 220.06 0.58 19.92 11.54 791.4
2002 8 15 12 47790.2 2.105 208.09 0.58 20.07 11.05 746.6
2002 8 16 12 47676.7 2.729 216.21 0.58 19.97 11.17 771.7
2002 8 17 12 47561.9 0.569 224.71 0.58 18.86 9.17 750.1
2002 8 18 12 47445.8 1.199 213.01 0.58 19.93 11.44 869.5
2002 8 19 12 47328.5 3.164 224.35 0.58 22.93 14.29 878.9
2002 8 20 12 47209.9 2.279 262.68 0.58 16.52 6.85 691.5
2002 8 21 12 47090.2 1.091 202.39 0.58 19.48 12.15 855.9
2002 8 22 12 46969.3 3.077 210.84 0.58 19.55 10.18 787.6
2002 8 23 12 46847.3 4.310 200.52 0.58 19.70 12.08 867.9
2002 8 24 12 46724.2 5.994 235.96 0.58 17.71 9.24 809.5
2002 8 25 12 46600.0 0.273 210.36 0.58 21.77 13.71 872.7
2002 8 26 12 46474.8 2.184 208.79 0.58 15.24 7.42 699.8
2002 8 27 12 46348.7 2.261 211.24 0.58 20.46 12.05 836.8
2002 8 28 12 46221.7 5.403 204.76 0.58 19.24 12.41 838.1
2002 8 29 12 46093.7 1.544 197.36 0.58 20.40 12.41 805.4
2002 8 30 12 45964.9 2.037 219.09 0.58 17.40 9.08 815.0
2002 8 31 12 45835.3 5.510 192.20 0.58 18.26 10.10 795.8
2002 9 1 12 45704.9 0.982 231.73 0.58 19.13 12.48 882.8
2002 9 2 12 45573.7 0.958 188.82 0.58 17.38 8.39 759.8
2002 9 3 12 45441.8 0.841 190.03 0.58 19.00 10.95 850.0
2002 9 4 12 45309.3 0.083 210.31 0.58 17.91 9.84 812.1
2002 9 5 12 45176.2 0.323 211.57 0.58 16.13 8.34 760.2
2002 9 6 12 45042.4 0.172 194.87 0.58 15.59 7.18 755.0
2002 9 7 12 44908.2 2.301 209.62 0.58 17.66 9.65 826.6
2002 9 8 12 44773.4 1.494 174.99 0.58 17.96 10.78 804.2
2002 9 9 12 44638.1 2.062 178.99 0.58 15.39 6.48 728.0
2002 9 10 12 44502.5 1.398 203.02 0.58 14.31 5.41 692.2
2002 9 11 12 44366.4 1.064 200.05 0.58 19.93 11.00 792.5
2002 9 12 12 44230.0 0.141 191.51 0.58 17.77 8.96 808.6
2002 9 13 12 44093.3 0.123 210.23 0.58 15.92 7.06 772.1
2002 9 14 12 43956.3 0.695 186.41 0.58 18.03 9.90 833.3
2002 9 15 12 43819.1 1.654 152.27 0.58 19.94 10.62 820.2
2002 9 16 12 43681.7 3.255 223.66 0.58 16.91 9.91 803.9
2002 9 17 12 43544.2 1.474 190.92 0.58 15.76 8.16 749.3
2002 9 18 12 43406.5 5.872 178.32 0.58 16.28 7.92 738.8
2002 9 19 12 43268.9 2.025 188.08 0.58 16.91 9.89 827.5
2002 9 20 12 43131.1 0.341 165.68 0.58 15.82 6.89 761.8
2002 9 21 12 42993.5 0.979 197.97 0.58 14.86 6.60 662.1
2002 9 22 12 42855.8 0.028 165.01 0.58 12.87 5.65 703.4
2002 9 23 12 42718.3 0.037 173.12 0.58 15.88 8.08 727.8
2002 9 24 12 42580.9 6.347 167.29 0.58 14.56 6.11 662.6
2002 9 25 12 42443.7 2.501 172.18 0.58 13.94 5.83 714.1
2002 9 26 12 42306.7 0.317 152.97 0.58 14.78 8.38 804.2
2002 9 27 12 42170.0 3.805 153.72 0.58 13.33 4.23 686.0
2002 9 28 12 42033.6 1.160 161.55 0.58 15.50 8.40 761.7
2002 9 29 12 41897.5 1.415 160.81 0.58 12.98 4.83 704.6
2002 9 30 12 41761.9 1.198 164.81 0.58 12.16 3.29 678.4
2002 10 1 12 41626.6 2.647 157.02 0.58 13.60 6.79 773.4
2002 10 2 12 41491.8 4.871 148.14 0.58 13.31 6.22 698.3
2002 10 3 12 41357.6 4.836 177.68 0.58 12.12 4.80 706.1
2002 10 4 12 41223.8 0.803 151.00 0.58 13.74 5.98 708.3
2002 10 5 12 41090.7 0.509 188.49 0.58 14.42 6.41 689.8
2002 10 6 12 40958.2 0.581 155.52 0.58 13.53 5.79 720.8
2002 10 7 12 40826.3 0.731 163.33 0.58 13.78 5.56 694.3
2002 10 8 12 40695.1 0.523 137.48 0.58 9.09 1.56 677.2
2002 10 9 12 40564.7 0.692 167.09 0.58 9.19 0.86 617.8
2002 10 10 12 40435.1 0.129 146.65 0.58 12.08 3.65 655.6
2002 10 11 12 40306.3 0.047 159.72 0.58 10.49 2.62 690.7
2002 10 12 12 40178.3 2.402 144.51 0.58 11.80 4.05 741.1
2002 10 13 12 40051.3 0.309 149.80 0.58 13.41 3.55 699.5
2002 10 14 12 39925.2 1.855 144.14 0.58 10.39 2.88 657.2
2002 10 15 12 39800.0 2.387 139.30 0.58 11.68 3.54 635.3
2002 10 16 12 39675.8 1.810 148.52 0.58 7.88 -0.39 603.3
2002 10 17 12 39552.7 2.199 163.53 0.58 10.75 2.95 659.6
2002 10 18 12 39430.7 0.982 162.67 0.58 8.55 -0.08 646.5
2002 10 19 12 39309.8 0.773 143.89 0.58 10.97 2.71 714.8
2002 10 20 12 39190.1 0.699 139.58 0.58 11.09 1.37 658.4
2002 10 21 12 39071.5 2.318 134.62 0.58 10.53 2.53 666.2
2002 10 22 12 38954.2 1.565 145.87 0.58 9.58 -0.08 600.3
2002 10 23 12 38838.1 1.717 122.60 0.58 10.58 2.49 695.0
2002 10 24 12 38723.3 2.259 136.94 0.58 8.36 1.79 566.8
2002 10 25 12 38609.8 0.067 139.54 0.58 9.62 1.17 622.9
2002 10 26 12 38497.7 0.910 134.90 0.58 8.39 -0.03 612.3
2002 10 27 12 38387.0 2.105 135.43 0.58 9.96 1.44 599.2
2002 10 28 12 38277.7 2.006 148.48 0.58 5.63 -3.13 504.5
2002 10 29 12 38169.9 0.191 114.24 0.58 7.99 -1.90 596.6
2002 10 30 12 38063.6 0.164 118.08 0.58 7.44 -2.86 495.4
2002 10 31 12 37958.7 0.864 134.69 0.58 7.75 -0.07 610.9
2002 11 1 12 37855.5 1.082 117.51 0.58 7.60 -1.12 563.1
2002 11 2 12 37753.8 0.412 140.25 0.58 5.46 -1.01 558.2
2002 11 3 12 37653.8 0.753 122.98 0.58 5.53 -2.93 489.6
2002 11 4 12 37555.3 0.652 119.84 0.58 7.79 0.02 591.1
2002 11 5 12 37458.6 0.328 95.71 0.58 8.35 0.45 584.6
2002 11 6 12 37363.5 1.360 134.28 0.58 4.64 -3.17 509.7
2002 11 7 12 37270.2 1.966 110.50 0.58 4.17 -4.52 499.8
2002 11 8 12 37178.7 1.324 99.84 0.58 9.38 1.88 653.4
2002 11 9 12 37088.9 1.584 112.90 0.58 5.81 -2.88 548.7
2002 11 10 12 37000.9 0.116 108.94 0.58 4.61 -3.29 553.9
2002 11 11 12 36914.8 0.947 88.62 0.58 3.97 -3.95 526.8
2002 11 12 12 36830.5 0.874 124.11 0.58 5.88 -1.58 610.1
2002 11 13 12 36748.2 1.245 127.99 0.58 3.92 -4.53 463.5
2002 11 14 12 36667.7 0.247 146.76 0.58 4.38 -3.54 590.6
2002 11 15 12 36589.2 0.154 135.80 0.58 8.56 -0.77 593.5
2002 11 16 12 36512.6 1.444 129.25 0.58 4.55 -4.23 543.9
2002 11 17 12 36438.0 1.287 116.26 0.58 1.57 -6.66 474.7
2002 11 18 12 36365.4 0.882 128.97 0.58 3.76 -6.34 454.6
2002 11 19 12 36294.9 0.882 107.84 0.58 5.23 -3.63 514.9
2002 11 20 12 36226.3 0.554 105.98 0.58 2.70 -5.97 513.9
2002 11 21 12 36159.9 0.910 123.08 0.58 5.45 -2.80 541.2
2002 11 22 12 36095.5 0.344 113.17 0.58 1.16 -5.75 518.7
2002 11 23 12 36033.3 0.565 102.48 0.58 6.54 -2.87 538.1
2002 11 24 12 35973.2 0.932 140.78 0.58 3.82 -3.87 545.5
2002 11 25 12 35915.2 3.028 77.41 0.58 5.13 -1.31 558.1
2002 11 26 12 35859.3 0.111 105.46 0.58 2.67 -5.45 428.2
2002 11 27 12 35805.7 0.778 112.50 0.58 1.11 -5.82 473.5
2002 11 28 12 35754.2 0.451 122.12 0.58 -0.82 -9.29 403.5
2002 11 29 12 35704.9 0.697 115.75 0.58 0.30 -8.47 424.9
2002 11 30 12 35657.9 0.651 109.47 0.58 -1.27 -9.44 371.5
2002 12 1 12 35613.1 0.113 114.07 0.58 1.70 -6.40 505.9
2002 12 2 12 35570.6 4.203 87.28 0.58 1.41 -7.11 493.1
2002 12 3 12 35530.3 0.412 95.81 0.58 4.03 -3.98 580.3
2002 12 4 12 35492.2 0.029 99.97 0.58 1.48 -7.12 396.0
2002 12 5 12 35456.5 0.616 96.48 0.58 2.10 -6.57 426.0
2002 12 6 12 35423.1 0.198 118.08 0.58 -0.52 -9.15 438.5
2002 12 7 12 35391.9 1.825 116.25 0.58 2.64 -6.10 445.1
2002 12 8 12 35363.1 0.570 114.72 0.58 0.31 -8.35 448.6
2002 12 9 12 35336.6 0.546 109.18 0.58 -0.32 -7.56 424.9
2002 12 10 12 35312.4 0.272 104.72 0.58 -1.85 -9.81 393.6
2002 12 11 12 35290.6 0.049 112.53 0.58 -0.60 -9.68 414.4
2002 12 12 12 35271.1 0.211 98.31 0.58 -2.57 -10.54 414.4
2002 12 13 12 35253.9 0.140 98.27 0.58 -1.84 -9.92 401.6
2002 12 14 12 35239.2 1.086 102.87 0.58 0.56 -8.41 427.7
2002 12 15 12 35226.7 0.053 98.10 0.58 -0.49 -9.10 419.9
2002 12 16 12 35216.7 2.609 95.82 0.58 -0.21 -8.44 396.4
2002 12 17 12 35209.0 0.343 90.22 0.58 -1.38 -9.72 426.2
2002 12 18 12 35203.6 1.045 85.06 0.58 0.58 -7.32 466.2
2002 12 19 12 35200.7 1.619 92.17 0.58 -2.16 -9.58 419.9
2002 12 20 12 35200.1 1.575 95.49 0.58 -1.34 -10.77 347.7
2002 12 21 12 35201.9 3.224 94.62 0.58 -2.06 -10.61 410.8
2002 12 22 12 35206.0 0.614 89.91 0.58 -2.01 -9.34 401.3
2002 12 23 12 35212.5 1.824 113.08 0.58 -1.79 -10.33 362.2
2002 12 24 12 35221.4 1.422 102.02 0.58 -1.44 -9.38 426.8
2002 12 25 12 35232.6 0.934 114.81 0.58 -0.54 -8.62 430.1
2002 12 26 12 35246.3 0.013 123.88 0.58 -2.47 -10.84 392.9
2002 12 27 12 35262.2 0.359 85.63 0.58 -1.02 -8.65 395.8
2002 12 28 12 35280.5 1.066 97.75 0.58 -1.51 -10.69 384.6
2002 12 29 12 35301.2 0.547 113.51 0.58 -3.34 -11.97 379.0
2002 12 30 12 35324.2 0.399 83.35 0.58 -0.71 -8.93 437.9
2002 12 31 12 35349.5 0.399 104.15 0.58 -1.18 -7.81 398.8
2003 1 1 12 35377.2 1.190 100.40 0.58 -1.16 -9.70 438.6
2003 1 2 12 35407.2 3.486 106.34 0.58 -2.39 -10.71 389.0
2003 1 3 12 35439.5 0.278 67.45 0.58 -0.66 -8.87 400.8
2003 1 4 12 35474.1 0.666 136.40 0.58 -0.66 -8.05 427.1
2003 1 5 12 35511.0 1.815 101.92 0.58 -5.08 -12.28 291.6
2003 1 6 12 35550.1 2.456 81.61 0.58 -0.57 -9.15 399.6
2003 1 7 12 35591.5 1.249 110.86 0.58 -3.08 -11.49 379.9
2003 1 8 12 35635.2 6.929 99.40 0.58 -5.05 -12.50 345.8
2003 1 9 12 35681.2 2.683 79.56 0.58 -0.34 -8.33 431.8
2003 1 10 12 35729.3 3.304 129.21 0.58 -4.42 -12.25 366.9
2003 1 11 12 35779.7 1.241 110.88 0.58 -2.90 -11.98 360.4
2003 1 12 12 35832.2 3.206 102.19 0.58 -2.34 -9.62 394.8
2003 1 13 12 35887.0 0.480 106.18 0.58 -4.26 -11.16 435.8
2003 1 14 12 35943.9 0.341 110.51 0.58 -0.91 -9.60 388.9
2003 1 15 12 36003.0 1.158 91.11 0.58 -2.33 -10.92 383.8
2003 1 16 12 36064.1 1.335 117.01 0.58 -0.70 -9.51 477.3
2003 1 17 12 36127.5 4.554 108.89 0.58 -3.92 -13.27 355.5
2003 1 18 12 36192.9 1.688 96.59 0.58 -2.46 -11.09 438.8
2003 1 19 12 36260.3 1.626 146.74 0.58 -3.88 -12.38 338.3
2003 1 20 12 36329.9 0.454 99.70 0.58 -3.66 -10.91 356.0
2003 1 21 12 36401.5 0.553 125.03 0.58 -4.24 -13.63 301.5
2003 1 22 12 36475.1 3.022 124.41 0.58 -0.93 -9.72 414.2
2003 1 23 12 36550.6 2.640 110.40 0.58 -2.74 -10.59 465.7
2003 1 24 12 36628.2 1.287 121.04 0.58 -3.83 -12.53 332.9
2003 1 25 12 36707.7 0.924 117.12 0.58 -2.67 -11.25 382.2
2003 1 26 12 36789.1 2.994 102.03 0.58 -0.26 -8.59 385.5
2003 1 27 12 36872.4 3.980 123.92 0.58 -2.54 -11.00 404.5
2003 1 28 12 36957.6 3.919 108.48 0.58 -0.81 -8.96 369.6
2003 1 29 12 37044.7 0.731 107.04 0.58 -2.78 -10.47 382.1
2003 1 30 12 37133.6 1.305 115.49 0.58 -0.94 -8.57 499.3
2003 1 31 12 37224.2 0.250 130.52 0.58 -2.73 -11.08 359.7
2003 2 1 12 37316.7 1.856 125.84 0.58 -2.96 -10.60 334.9
2003 2 2 12 37410.8 2.772 132.17 0.58 -3.33 -12.63 352.3
2003 2 3 12 37506.7 5.055 161.34 0.58 -0.86 -9.71 422.2
2003 2 4 12 37604.3 0.099 121.29 0.58 -0.37 -7.95 426.0
2003 2 5 12 37703.6 0.144 129.96 0.58 -3.45 -11.23 378.9
2003 2 6 12 37804.5 0.350 126.41 0.58 -0.77 -9.50 397.6
2003 2 7 12 37906.9 1.098 121.85 0.58 -4.02 -13.02 320.6
2003 2 8 12 38011.0 2.572 126.31 0.58 -2.09 -9.22 385.9
2003 2 9 12 38116.5 1.931 115.23 0.58 -1.18 -7.56 439.7
2003 2 10 12 38223.6 1.883 127.22 0.58 -3.11 -10.80 375.3
2003 2 11 12 38332.2 1.645 119.94 0.58 -0.58 -7.38 426.8
2003 2 12 12 38442.2 3.950 107.86 0.58 -1.43 -11.11 348.1
2003 2 13 12 38553.6 1.702 131.51 0.58 -1.68 -9.91 344.2
2003 2 14 12 38666.4 1.697 107.50 0.58 -2.92 -12.40 312.8
2003 2 15 12 38780.5 1.880 147.88 0.58 -3.40 -10.87 416.2
2003 2 16 12 38896.0 1.043 131.87 0.58 -0.50 -8.09 491.9
2003 2 17 12 39012.7 2.649 139.36 0.58 -1.39 -9.10 384.6
2003 2 18 12 39130.6 2.005 125.42 0.58 -2.69 -11.86 332.8
2003 2 19 12 39249.8 4.098 145.86 0.58 -1.47 -9.37 457.9
2003 2 20 12 39370.1 2.600 129.16 0.58 0.23 -8.09 448.3
2003 2 21 12 39491.6 2.621 143.73 0.58 -1.01 -10.18 375.7
2003 2 22 12 39614.2 0.881 129.20 0.58 -0.51 -9.24 438.5
2003 2 23 12 39737.8 0.059 135.64 0.58 -1.50 -10.24 335.7
2003 2 24 12 39862.5 0.258 149.45 0.58 0.90 -8.19 436.5
2003 2 25 12 39988.1 0.577 157.62 0.58 -1.98 -11.61 309.4
2003 2 26 12 40114.7 1.482 124.38 0.58 0.15 -6.83 544.3
2003 2 27 12 40242.2 1.183 152.62 0.58 -0.61 -8.45 468.5
2003 2 28 12 40370.6 2.544 146.86 0.58 0.80 -6.59 466.9
2003 3 1 12 40499.8 3.929 142.22 0.58 -0.05 -7.79 433.3
2003 3 2 12 40629.8 2.090 174.13 0.58 0.40 -7.57 449.0
2003 3 3 12 40760.6 2.420 163.59 0.58 0.62 -9.06 422.0
2003 3 4 12 40892.1 2.394 163.17 0.58 -2.73 -11.44 365.2
2003 3 5 12 41024.3 0.494 139.04 0.58 0.81 -7.57 425.2
2003 3 6 12 41157.2 5.648 179.51 0.58 1.02 -9.16 400.6
2003 3 7 12 41290.6 1.537 160.71 0.58 2.29 -4.71 525.7
2003 3 8 12 41424.6 0.778 148.02 0.58 -1.18 -9.78 396.0
2003 3 9 12 41559.2 0.364 155.02 0.58 1.26 -6.76 475.5
2003 3 10 12 41694.2 1.153 188.34 0.58 0.55 -7.82 458.1
2003 3 11 12 41829.7 6.387 187.69 0.58 4.89 -2.91 519.6
2003 3 12 12 41965.5 2.223 188.52 0.58 0.97 -8.09 442.0
2003 3 13 12 42101.8 2.674 160.98 0.58 0.55 -6.41 508.4
2003 3 14 12 42238.3 2.975 172.77 0.58 2.85 -5.03 509.7
2003 3 15 12 42375.2 1.591 153.74 0.58 1.98 -5.02 486.5
2003 3 16 12 42512.3 6.147 172.75 0.58 0.37 -8.13 424.5
2003 3 17 12 42649.6 3.409 156.12 0.58 1.94 -6.23 445.0
2003 3 18 12 42787.0 2.393 183.60 0.58 3.65 -4.73 527.7
2003 3 19 12 42924.6 2.201 185.59 0.58 3.09 -6.15 471.6
2003 3 20 12 43062.3 2.701 165.82 0.58 3.86 -3.35 540.8
2003 3 21 12 43200.0 1.318 177.67 0.58 3.91 -4.61 509.9
2003 3 22 12 43337.7 2.134 171.58 0.58 4.11 -3.74 575.3
2003 3 23 12 43475.4 0.179 165.97 0.58 3.42 -3.70 509.8
2003 3 24 12 43613.0 0.770 203.70 0.58 5.83 -2.44 548.9
2003 3 25 12 43750.4 10.410 170.59 0.58 3.02 -6.07 483.7
2003 3 26 12 43887.7 3.012 190.26 0.58 4.53 -3.41 555.8
2003 3 27 12 44024.8 4.674 205.04 0.58 4.99 -2.64 532.2
2003 3 28 12 44161.7 7.417 180.80 0.58 6.76 -1.33 540.1
2003 3 29 12 44298.2 6.179 184.65 0.58 2.37 -5.99 439.8
2003 3 30 12 44434.5 0.858 201.28 0.58 6.77 -1.68 580.3
2003 3 31 12 44570.3 5.899 215.61 0.58 2.57 -7.36 458.8
2003 4 1 12 44705.8 1.479 179.22 0.58 4.93 -2.73 562.1
2003 4 2 12 44840.8 12.218 204.56 0.58 5.11 -2.27 560.9
2003 4 3 12 44975.4 4.736 201.36 0.58 9.41 2.86 677.5
2003 4 4 12 45109.4 4.609 211.36 0.58 8.31 0.43 625.0
2003 4 5 12 45242.8 0.519 195.87 0.58 6.38 -2.49 560.0
2003 4 6 12 45375.7 9.209 215.52 0.58 7.77 -1.35 569.0
2003 4 7 12 45507.9 0.182 238.05 0.58 3.73 -4.16 520.8
2003 4 8 12 45639.4 13.658 214.41 0.58 6.74 0.87 640.3
2003 4 9 12 45770.2 3.355 190.94 0.58 6.21 -0.98 600.6
2003 4 10 12 45900.2 0.437 209.84 0.58 6.17 -1.17 595.9
2003 4 11 12 46029.4 1.667 225.05 0.58 8.79 -0.79 586.5
2003 4 12 12 46157.8 2.843 200.85 0.58 4.66 -3.97 510.0
2003 4 13 12 46285.3 1.371 200.65 0.58 8.96 0.96 649.5
2003 4 14 12 46411.9 4.389 212.82 0.58 9.06 0.32 578.4
2003 4 15 12 46537.5 1.872 213.72 0.58 10.69 1.60 650.2
2003 4 16 12 46662.2 0.168 253.51 0.58 9.56 1.89 633.5
2003 4 17 12 46785.8 2.469 216.70 0.58 6.15 -3.11 536.8
2003 4 18 12 46908.4 3.363 209.07 0.58 9.86 0.89 592.6
2003 4 19 12 47029.9 1.452 231.25 0.58 8.50 0.94 637.3
2003 4 20 12 47150.2 7.800 198.08 0.58 9.18 1.09 650.1
2003 4 21 12 47269.4 1.671 223.31 0.58 9.90 1.72 560.6
2003 4 22 12 47387.3 0.894 213.76 0.58 11.34 2.91 657.9
2003 4 23 12 47504.0 0.081 227.28 0.58 12.37 4.70 655.0
2003 4 24 12 47619.5 4.669 210.31 0.58 12.71 5.03 665.7
2003 4 25 12 47733.6 1.961 236.42 0.58 11.51 3.98 670.0
2003 4 26 12 47846.4 0.997 240.98 0.58 10.92 2.55 632.0
2003 4 27 12 47957.8 2.454 230.27 0.58 10.30 3.44 695.0
2003 4 28 12 48067.8 15.883 205.00 0.58 14.00 5.44 764.2
2003 4 29 12 48176.4 0.410 252.90 0.58 11.85 3.12 690.7
2003 4 30 12 48283.5 0.686 227.46 0.58 11.13 4.06 743.2
2003 5 1 12 48389.0 1.992 238.87 0.58 14.18 7.50 752.9
2003 5 2 12 48493.1 5.029 241.54 0.58 15.30 5.60 710.9
2003 5 3 12 48595.5 2.477 231.74 0.58 9.87 2.02 605.6
2003 5 4 12 48696.4 2.952 235.50 0.58 15.86 7.86 744.6
2003 5 5 12 48795.7 4.941 225.02 0.58 14.32 6.09 670.0
2003 5 6 12 48893.3 2.679 219.52 0.58 10.68 2.88 681.0
2003 5 7 12 48989.2 2.269 225.29 0.58 14.34 5.88 679.2
2003 5 8 12 49083.3 1.914 244.14 0.58 12.26 3.68 659.1
2003 5 9 12 49175.8 0.567 258.01 0.58 13.34 5.38 683.3
2003 5 10 12 49266.4 0.933 246.13 0.58 11.88 3.31 674.6
2003 5 11 12 49355.3 6.907 267.21 0.58 16.73 7.74 725.0
2003 5 12 12 49442.4 1.576 254.06 0.58 11.44 2.98 629.7
2003 5 13 12 49527.6 7.276 249.53 0.58 11.49 2.15 652.8
2003 5 14 12 49610.9 1.066 261.55 0.58 14.40 5.38 673.0
2003 5 15 12 49692.3 14.570 243.41 0.58 14.95 7.10 759.5
2003 5 16 12 49771.8 6.309 257.84 0.58 16.03 6.76 760.6
2003 5 17 12 49849.4 3.343 248.00 0.58 12.32 4.00 618.7
2003 5 18 12 49924.9 1.891 252.36 0.58 13.09 4.73 758.1
2003 5 19 12 49998.5 4.008 254.17 0.58 16.41 9.90 778.3
2003 5 20 12 50070.1 3.259 237.31 0.58 13.04 4.61 698.6
2003 5 21 12 50139.7 1.566 242.51 0.58 14.30 5.85 684.4
2003 5 22 12 50207.1 1.388 275.33 0.58 16.12 7.75 771.1
2003 5 23 12 50272.5 2.755 211.07 0.58 15.83 7.61 791.5
2003 5 24 12 50335.9 5.388 240.32 0.58 18.60 9.36 776.5
2003 5 25 12 50397.0 2.659 276.36 0.58 14.63 7.72 765.4
2003 5 26 12 50456.1 1.804 238.32 0.58 18.81 10.77 842.1
2003 5 27 12 50513.0 2.512 267.72 0.58 17.80 9.63 782.4
2003 5 28 12 50567.8 3.795 245.67 0.58 17.86 9.30 821.5
2003 5 29 12 50620.3 14.071 274.09 0.58 16.35 8.00 727.7
2003 5 30 12 50670.7 2.584 267.24 0.58 18.75 9.72 793.4
2003 5 31 12 50718.8 3.025 266.99 0.58 18.58 11.31 829.4
2003 6 1 12 50764.8 10.189 259.29 0.58 18.69 9.82 779.9
2003 6 2 12 50808.5 2.730 258.72 0.58 18.26 10.27 838.0
2003 6 3 12 50849.9 8.629 239.88 0.58 18.96 11.24 825.8
2003 6 4 12 50889.0 6.744 252.26 0.58 16.53 9.35 831.0
2003 6 5 12 50925.9 1.533 230.90 0.58 18.12 10.32 758.0
2003 6 6 12 50960.5 0.843 248.96 0.58 16.30 8.84 759.3
2003 6 7 12 50992.8 0.015 270.03 0.58 18.19 9.72 759.5
2003 6 8 12 51022.8 0.174 269.43 0.58 18.29 8.86 732.6
2003 6 9 12 51050.5 2.906 233.47 0.58 17.44 9.08 827.0
2003 6 10 12 51075.8 3.544 258.50 0.58 20.42 12.36 882.7
2003 6 11 12 51098.8 3.354 269.55 0.58 19.20 10.89 841.4
2003 6 12 12 51119.5 0.461 237.26 0.58 19.09 11.17 818.7
2003 6 13 12 51137.8 2.237 275.76 0.58 21.01 12.52 794.5
2003 6 14 12 51153.7 3.599 261.86 0.58 22.17 14.82 888.6
2003 6 15 12 51167.4 6.478 272.45 0.58 17.53 8.34 704.8
2003 6 16 12 51178.6 5.840 258.16 0.58 16.70 8.98 785.9
2003 6 17 12 51187.5 2.572 248.67 0.58 20.64 13.17 903.3
2003 6 18 12 51194.0 1.380 245.63 0.58 18.10 10.94 858.8
2003 6 19 12 51198.1 2.173 257.22 0.58 16.72 8.15 782.4
2003 6 20 12 51199.9 2.106 278.74 0.58 22.32 14.25 818.8
2003 6 21 12 51199.3 0.482 285.95 0.58 22.12 14.43 919.1
2003 6 22 12 51196.4 1.610 255.80 0.58 20.19 10.79 822.0
2003 6 23 12 51191.0 1.307 281.31 0.58 18.86 9.54 777.8
2003 6 24 12 51183.3 0.600 277.56 0.58 19.63 11.52 821.4
2003 6 25 12 51173.3 6.708 260.81 0.58 20.30 12.57 865.0
2003 6 26 12 51160.8 4.064 269.22 0.58 20.68 11.48 841.8
2003 6 27 12 51146.1 3.985 247.59 0.58 24.04 16.27 907.0
2003 6 28 12 51128.9 1.983 266.76 0.58 20.06 10.49 793.6
2003 6 29 12 51109.4 3.699 287.23 0.58 22.62 14.37 890.8
2003 6 30 12 51087.6 4.731 251.23 0.58 20.99 12.49 852.5
2003 7 1 12 51063.4 8.336 246.57 0.58 19.23 12.76 841.2
2003 7 2 12 51036.9 1.097 264.57 0.58 22.60 13.63 881.2
2003 7 3 12 51008.1 1.509 269.74 0.58 19.73 11.86 861.1
2003 7 4 12 50976.9 3.076 272.06 0.58 20.18 12.82 875.5
2003 7 5 12 50943.5 3.899 236.36 0.58 20.40 11.09 831.9
2003 7 6 12 50907.8 1.209 232.09 0.58 22.57 14.09 892.2
2003 7 7 12 50869.7 5.180 235.38 0.58 18.80 11.76 828.7
2003 7 8 12 50829.4 1.991 262.82 0.58 22.10 12.50 853.1
2003 7 9 12 50786.9 0.949 260.70 0.58 16.89 8.78 743.2
2003 7 10 12 50742.1 2.577 238.14 0.58 24.02 15.21 857.3
2003 7 11 12 50695.1 1.226 245.15 0.58 23.71 15.08 931.8
2003 7 12 12 50645.8 3.799 241.21 0.58 19.76 10.46 787.7
2003 7 13 12 50594.3 2.526 277.76 0.58 21.78 14.77 856.4
2003 7 14 12 50540.7 1.455 260.16 0.58 22.99 14.94 933.7
2003 7 15 12 50484.8 3.728 240.60 0.58 20.27 11.33 796.9
2003 7 16 12 50426.8 3.077 262.97 0.58 17.94 9.31 743.5
2003 7 17 12 50366.7 2.013 268.56 0.58 23.26 13.98 904.0
2003 7 18 12 50304.5 1.995 238.13 0.58 22.01 13.28 850.9
2003 7 19 12 50240.1 1.523 231.54 0.58 21.28 13.21 873.6
2003 7 20 12 50173.7 3.238 251.94 0.58 22.50 13.45 848.7
2003 7 21 12 50105.1 6.027 229.89 0.58 23.30 13.98 868.5
2003 7 22 12 50034.6 2.058 241.75 0.58 21.37 13.38 879.8
2003 7 23 12 49962.0 2.564 241.27 0.58 21.96 13.38 846.4
2003 7 24 12 49887.4 9.131 244.23 0.58 20.01 12.43 827.3
2003 7 25 12 49810.8 2.049 250.78 0.58 20.79 12.85 836.5
2003 7 26 12 49732.3 0.889 253.90 0.58 23.12 14.73 835.7
2003 7 27 12 49651.8 0.801 261.42 0.58 23.54 15.35 927.8
2003 7 28 12 49569.5 0.304 237.00 0.58 19.73 11.48 831.7
2003 7 29 12 49485.2 1.538 230.96 0.58 25.37 17.58 969.3
2003 7 30 12 49399.1 0.867 240.44 0.58 20.89 11.81 872.4
2003 7 31 12 49311.1 2.522 218.03 0.58 20.65 13.14 824.9
2003 8 1 12 49221.3 1.586 256.08 0.58 23.42 15.75 929.9
2003 8 2 12 49129.8 4.452 241.72 0.58 21.72 13.33 867.7
2003 8 3 12 49036.5 1.228 241.52 0.58 19.78 11.95 870.4
2003 8 4 12 48941.4 3.209 214.71 0.58 19.86 12.13 834.0
2003 8 5 12 48844.7 5.162 218.80 0.58 22.30 13.97 863.5
2003 8 6 12 48746.2 5.741 222.91 0.58 20.00 12.16 829.5
2003 8 7 12 48646.2 0.050 260.20 0.58 19.46 11.18 816.1
2003 8 8 12 48544.5 7.648 239.67 0.58 21.22 12.79 934.1
2003 8 9 12 48441.3 1.325 242.34 0.58 19.51 11.56 823.1
2003 8 10 12 48336.4 2.364 221.47 0.58 18.75 11.61 818.7
2003 8 11 12 48230.1 0.103 243.10 0.58 19.03 9.61 823.0
2003 8 12 12 48122.3 2.134 225.95 0.58 21.72 14.41 905.5
2003 8 13 12 48013.0 1.789 226.84 0.58 20.90 12.77 860.0
2003 8 14 12 47902.3 3.959 232.76 0.58 19.66 11.38 822.1
2003 8 15 12 47790.2 1.341 243.79 0.58 18.59 10.78 763.1
2003 8 16 12 47676.7 0.307 232.80 0.58 17.44 8.51 758.3
2003 8 17 12 47561.9 2.602 251.63 0.58 19.22 9.49 775.2
2003 8 18 12 47445.8 0.911 248.31 0.58 20.78 10.48 796.5
2003 8 19 12 47328.5 2.663 238.97 0.58 18.60 11.11 816.5
2003 8 20 12 47209.9 0.953 222.85 0.58 19.52 11.34 817.4
2003 8 21 12 47090.2 3.740 240.62 0.58 21.35 13.24 851.5
2003 8 22 12 46969.3 0.586 203.34 0.58 19.78 12.58 834.8
2003 8 23 12 46847.3 0.972 189.00 0.58 19.43 11.32 866.2
2003 8 24 12 46724.2 0.996 223.27 0.58 20.81 13.40 834.1
2003 8 25 12 46600.0 2.230 231.49 0.58 21.85 13.02 924.8
2003 8 26 12 46474.8 0.046 196.28 0.58 18.15 10.19 764.4
2003 8 27 12 46348.7 0.251 196.48 0.58 19.40 10.72 775.1
2003 8 28 12 46221.7 0.519 220.09 0.58 19.87 11.66 801.7
2003 8 29 12 46093.7 2.744 211.77 0.58 17.38 8.67 757.0
2003 8 30 12 45964.9 2.943 209.27 0.58 19.92 12.54 867.4
2003 8 31 12 45835.3 0.458 213.72 0.58 18.58 9.93 805.6
2003 9 1 12 45704.9 2.200 223.07 0.58 17.23 8.03 741.1
2003 9 2 12 45573.7 1.441 195.96 0.58 17.92 10.13 814.0
2003 9 3 12 45441.8 3.423 198.37 0.58 16.57 8.30 862.9
2003 9 4 12 45309.3 3.364 204.41 0.58 21.01 13.60 843.3
2003 9 5 12 45176.2 0.639 190.62 0.58 19.94 11.72 803.5
2003 9 6 12 45042.4 4.081 180.18 0.58 18.05 9.26 807.0
2003 9 7 12 44908.2 2.423 202.34 0.58 16.91 9.78 844.7
2003 9 8 12 44773.4 2.892 165.71 0.58 15.94 7.58 728.6
2003 9 9 12 44638.1 0.081 189.38 0.58 18.19 9.92 797.1
2003 9 10 12 44502.5 0.435 188.03 0.58 18.60 9.08 743.5
2003 9 11 12 44366.4 0.869 188.99 0.58 17.56 9.42 759.9
2003 9 12 12 44230.0 0.276 166.20 0.58 15.07 8.31 777.0
2003 9 13 12 44093.3 1.954 182.59 0.58 14.34 6.78 679.8
2003 9 14 12 43956.3 0.527 185.24 0.58 14.71 6.40 725.1
2003 9 15 12 43819.1 0.483 188.21 0.58 15.50 6.67 711.7
2003 9 16 12 43681.7 0.060 184.22 0.58 13.74 4.32 666.5
2003 9 17 12 43544.2 0.670 185.94 0.58 17.23 9.53 701.9
2003 9 18 12 43406.5 3.953 170.37 0.58 16.19 8.17 789.1
2003 9 19 12 43268.9 2.348 167.64 0.58 13.75 5.30 776.3
2003 9 20 12 43131.1 0.765 164.50 0.58 16.35 8.23 755.1
2003 9 21 12 42993.5 2.378 179.27 0.58 15.17 8.04 706.3
2003 9 22 12 42855.8 0.027 195.55 0.58 18.40 10.03 835.7
2003 9 23 12 42718.3 2.054 141.97 0.58 13.86 5.76 707.9
2003 9 24 12 42580.9 0.089 192.37 0.58 14.04 6.98 711.4
2003 9 25 12 42443.7 6.063 195.03 0.58 14.28 8.64 783.7
2003 9 26 12 42306.7 0.738 139.21 0.58 14.57 5.33 694.5
2003 9 27 12 42170.0 1.276 186.62 0.58 15.21 7.66 748.8
2003 9 28 12 42033.6 3.309 175.18 0.58 13.19 4.16 702.2
2003 9 29 12 41897.5 5.479 172.36 0.58 14.86 5.57 729.0
2003 9 30 12 41761.9 1.178 173.37 0.58 12.93 4.72 660.9
2003 10 1 12 41626.6 3.688 140.68 0.58 13.89 5.18 661.3
2003 10 2 12 41491.8 0.830 159.14 0.58 16.66 8.79 812.1
2003 10 3 12 41357.6 0.240 142.93 0.58 11.77 4.51 717.8
2003 10 4 12 41223.8 0.608 162.85 0.58 11.18 2.47 607.2
2003 10 5 12 41090.7 0.516 115.22 0.58 10.50 3.17 689.8
2003 10 6 12 40958.2 2.597 164.89 0.58 9.41 1.16 634.9
2003 10 7 12 40826.3 2.855 164.14 0.58 10.17 1.48 615.8
2003 10 8 12 40695.1 1.374 161.09 0.58 12.83 4.92 663.9
2003 10 9 12 40564.7 0.171 126.98 0.58 11.55 3.67 673.9
2003 10 10 12 40435.1 0.242 151.54 0.58 10.49 0.72 624.6
2003 10 11 12 40306.3 1.544 139.66 0.58 12.37 3.65 677.4
2003 10 12 12 40178.3 3.064 148.38 0.58 7.80 -1.17 576.4
2003 10 13 12 40051.3 3.655 125.87 0.58 12.78 5.79 761.6
2003 10 14 12 39925.2 0.722 151.57 0.58 10.46 0.65 609.4
2003 10 15 12 39800.0 0.130 117.62 0.58 10.05 1.39 588.4
2003 10 16 12 39675.8 2.025 165.08 0.58 11.53 3.66 647.5
2003 10 17 12 39552.7 0.251 140.89 0.58 9.08 3.09 678.5
2003 10 18 12 39430.7 2.001 146.59 0.58 9.80 1.29 594.3
2003 10 19 12 39309.8 0.683 152.33 0.58 9.66 1.44 661.8
2003 10 20 12 39190.1 0.864 141.84 0.58 10.41 1.37 608.8
2003 10 21 12 39071.5 2.776 156.47 0.58 13.70 5.84 719.9
2003 10 22 12 38954.2 0.699 141.04 0.58 9.08 0.86 642.5
2003 10 23 12 38838.1 0.243 160.29 0.58 11.81 3.10 657.7
2003 10 24 12 38723.3 0.739 130.11 0.58 7.93 -0.19 541.5
2003 10 25 12 38609.8 0.524 118.96 0.58 7.03 -0.69 561.9
2003 10 26 12 38497.7 0.215 138.04 0.58 11.61 2.20 635.9
2003 10 27 12 38387.0 0.023 143.40 0.58 7.54 1.04 604.8
2003 10 28 12 38277.7 0.570 117.39 0.58 8.47 0.51 585.9
2003 10 29 12 38169.9 1.746 114.50 0.58 7.55 -1.79 570.7
2003 10 30 12 38063.6 4.559 98.72 0.58 7.06 -1.51 547.4
2003 10 31 12 37958.7 1.537 140.49 0.58 6.57 -2.47 570.7
2003 11 1 12 37855.5 4.824 133.15 0.58 5.01 -1.96 555.6
2003 11 2 12 37753.8 0.176 107.42 0.58 5.83 -1.64 575.3
2003 11 3 12 37653.8 0.057 111.86 0.58 8.03 -0.51 593.5
2003 11 4 12 37555.3 0.238 124.21 0.58 5.98 -2.56 525.3
2003 11 5 12 37458.6 0.401 124.44 0.58 5.61 -2.35 548.8
2003 11 6 12 37363.5 5.092 142.47 0.58 8.24 -0.71 636.3
2003 11 7 12 37270.2 0.114 125.71 0.58 5.23 -2.02 543.1
2003 11 8 12 37178.7 1.334 121.76 0.58 7.45 -0.62 569.7
2003 11 9 12 37088.9 3.233 98.34 0.58 4.59 -3.24 562.9
2003 11 10 12 37000.9 0.693 109.07 0.58 4.30 -3.45 551.8
2003 11 11 12 36914.8 0.362 134.12 0.58 5.29 -3.37 527.5
2003 11 12 12 36830.5 0.741 100.47 0.58 5.57 -1.89 522.9
2003 11 13 12 36748.2 0.438 124.14 0.58 3.82 -4.08 538.0
2003 11 14 12 36667.7 0.366 111.06 0.58 6.51 -1.78 523.4
2003 11 15 12 36589.2 0.822 110.91 0.58 3.22 -5.34 434.1
2003 11 16 12 36512.6 2.456 95.53 0.58 4.31 -4.48 553.3
2003 11 17 12 36438.0 1.590 106.72 0.58 4.72 -3.18 552.3
2003 11 18 12 36365.4 0.068 109.44 0.58 4.64 -4.75 484.4
2003 11 19 12 36294.9 1.184 86.57 0.58 2.94 -5.82 454.0
2003 11 20 12 36226.3 1.308 74.80 0.58 1.96 -7.24 491.4
2003 11 21 12 36159.9 0.036 105.15 0.58 4.45 -2.51 578.9
2003 11 22 12 36095.5 3.605 94.94 0.58 1.98 -5.96 507.6
2003 11 23 12 36033.3 1.072 104.15 0.58 3.91 -3.27 587.0
2003 11 24 12 35973.2 0.417 94.14 0.58 0.93 -7.41 428.9
2003 11 25 12 35915.2 2.455 104.66 0.58 1.79 -7.56 430.9
2003 11 26 12 35859.3 0.346 94.88 0.58 0.83 -7.39 486.0
2003 11 27 12 35805.7 0.758 80.40 0.58 1.01 -5.80 542.3
2003 11 28 12 35754.2 0.291 108.95 0.58 0.01 -8.35 477.3
2003 11 29 12 35704.9 2.332 84.40 0.58 2.54 -5.47 490.7
2003 11 30 12 35657.9 1.134 118.97 0.58 0.13 -7.84 405.4
2003 12 1 12 35613.1 2.165 101.75 0.58 2.44 -5.62 518.2
2003 12 2 12 35570.6 2.624 125.51 0.58 0.86 -7.18 414.3
2003 12 3 12 35530.3 0.482 128.91 0.58 0.87 -6.87 463.6
2003 12 4 12 35492.2 1.445 65.70 0.58 1.47 -6.79 468.4
2003 12 5 12 35456.5 1.452 82.17 0.58 1.67 -6.46 473.9
2003 12 6 12 35423.1 0.203 96.98 0.58 1.78 -6.53 460.6
2003 12 7 12 35391.9 3.579 107.12 0.58 2.15 -5.21 457.9
2003 12 8 12 35363.1 5.664 122.20 0.58 -2.11 -10.54 389.9
2003 12 9 12 35336.6 1.607 120.48 0.58 0.88 -7.65 473.8
2003 12 10 12 35312.4 0.088 93.66 0.58 -1.99 -10.54 373.7
2003 12 11 12 35290.6 0.711 94.49 0.58 -1.36 -10.40 399.9
2003 12 12 12 35271.1 0.101 91.78 0.58 1.37 -7.14 467.5
2003 12 13 12 35253.9 2.267 84.97 0.58 -1.40 -8.94 462.2
2003 12 14 12 35239.2 0.846 74.87 0.58 -0.53 -9.49 379.0
2003 12 15 12 35226.7 1.114 92.38 0.58 0.48 -7.75 513.7
2003 12 16 12 35216.7 3.685 103.55 0.58 -1.87 -10.88 363.6
2003 12 17 12 35209.0 2.041 118.06 0.58 -2.57 -10.41 454.4
2003 12 18 12 35203.6 0.728 91.91 0.58 -0.33 -8.35 429.3
2003 12 19 12 35200.7 0.172 95.95 0.58 -2.08 -9.84 402.6
2003 12 20 12 35200.1 1.591 116.71 0.58 -2.79 -11.04 398.4
2003 12 21 12 35201.9 1.361 106.31 0.58 -0.34 -9.23 435.9
2003 12 22 12 35206.0 0.507 99.46 0.58 1.48 -6.12 422.9
2003 12 23 12 35212.5 0.993 82.71 0.58 -3.30 -11.57 413.6
2003 12 24 12 35221.4 1.308 105.83 0.58 -1.85 -9.52 376.4
2003 12 25 12 35232.6 0.053 105.05 0.58 -3.82 -12.99 375.0
2003 12 26 12 35246.3 0.073 97.91 0.58 -1.35 -10.45 408.5
2003 12 27 12 35262.2 0.128 99.80 0.58 -3.16 -11.20 367.9
2003 12 28 12 35280.5 6.590 77.33 0.58 -3.21 -11.30 343.9
2003 12 29 12 35301.2 0.737 89.57 0.58 -2.84 -11.86 408.9
2003 12 30 12 35324.2 0.408 136.70 0.58 -3.29 -11.79 383.2
2003 12 31 12 35349.5 1.948 108.50 0.58 -2.70 -10.22 390.4
2004 1 1 12 35377.2 1.096 106.57 0.58 -1.81 -9.71 384.8
2004 1 2 12 35407.2 0.922 116.76 0.58 -3.14 -12.05 378.6
2004 1 3 12 35439.5 2.623 99.67 0.58 -1.99 -10.29 369.9
2004 1 4 12 35474.1 3.147 111.57 0.58 -0.88 -7.97 435.7
2004 1 5 12 35511.0 0.803 114.47 0.58 -2.73 -10.64 363.5
2004 1 6 12 35550.1 0.666 133.28 0.58 -4.47 -13.03 363.2
2004 1 7 12 35591.5 1.022 98.63 0.58 -0.71 -9.52 436.7
2004 1 8 12 35635.2 0.104 118.25 0.58 -1.52 -9.89 447.4
2004 1 9 12 35681.2 1.772 101.69 0.58 -1.30 -9.48 434.5
2004 1 10 12 35729.3 3.502 91.15 0.58 -3.43 -11.43 364.4
2004 1 11 12 35779.7 1.080 111.77 0.58 -2.43 -8.84 396.1
2004 1 12 12 35832.2 2.218 135.93 0.58 -3.33 -11.99 329.2
2004 1 13 12 35887.0 1.587 96.67 0.58 -0.48 -9.79 332.0
2004 1 14 12 35943.9 1.045 107.29 0.58 -2.60 -9.96 389.0
2004 1 15 12 36003.0 0.258 117.22 0.58 -3.25 -11.88 331.1
2004 1 16 12 36064.1 0.916 113.00 0.58 -1.60 -9.75 347.3
2004 1 17 12 36127.5 1.851 127.55 0.58 -2.23 -9.85 429.0
2004 1 18 12 36192.9 0.214 100.50 0.58 -1.91 -10.11 444.3
2004 1 19 12 36260.3 0.284 95.32 0.58 -2.48 -10.06 364.9
2004 1 20 12 36329.9 1.408 126.66 0.58 -3.32 -10.26 354.4
2004 1 21 12 36401.5 4.101 113.95 0.58 -3.56 -11.40 356.2
2004 1 22 12 36475.1 2.248 102.33 0.58 -0.65 -8.54 445.5
2004 1 23 12 36550.6 1.323 144.46 0.58 -1.84 -8.80 427.7
2004 1 24 12 36628.2 0.496 114.60 0.58 0.06 -8.50 449.1
2004 1 25 12 36707.7 1.852 127.31 0.58 -2.25 -11.55 374.1
2004 1 26 12 36789.1 0.333 115.69 0.58 -2.62 -10.73 361.5
2004 1 27 12 36872.4 0.333 111.61 0.58 -2.93 -10.79 349.7
2004 1 28 12 36957.6 0.530 101.15 0.58 -2.31 -12.58 282.9
2004 1 29 12 37044.7 0.250 128.34 0.58 -2.64 -9.82 382.9
2004 1 30 12 37133.6 5.008 118.19 0.58 0.28 -8.75 439.7
2004 1 31 12 37224.2 0.084 116.77 0.58 -2.49 -10.73 337.6
2004 2 1 12 37316.7 3.330 123.02 0.58 -5.06 -12.66 368.5
2004 2 2 12 37410.8 2.698 124.33 0.58 -6.34 -14.77 321.5
2004 2 3 12 37506.7 0.257 122.39 0.58 -1.42 -10.44 423.7
2004 2 4 12 37604.3 1.709 123.32 0.58 -1.29 -9.43 449.6
2004 2 5 12 37703.6 0.164 125.52 0.58 -2.78 -9.28 458.2
2004 2 6 12 37804.5 1.992 137.96 0.58 -3.40 -12.73 359.3
2004 2 7 12 37906.9 4.680 130.60 0.58 -2.33 -11.63 384.5
2004 2 8 12 38011.0 0.599 102.29 0.58 -1.23 -10.21 366.6
2004 2 9 12 38116.5 0.855 127.32 0.58 -3.53 -12.39 377.1
2004 2 10 12 38223.6 0.834 135.49 0.58 -2.69 -11.03 368.2
2004 2 11 12 38332.2 3.101 145.54 0.58 -2.05 -8.70 392.7
2004 2 12 12 38442.2 5.909 132.48 0.58 -2.58 -10.44 405.9
2004 2 13 12 38553.6 0.746 154.78 0.58 -1.03 -9.79 366.4
2004 2 14 12 38666.4 4.028 112.32 0.58 -1.53 -9.60 353.0
2004 2 15 12 38780.5 2.260 128.03 0.58 -5.22 -13.25 369.1
2004 2 16 12 38896.0 5.675 144.33 0.58 3.71 -3.00 558.7
2004 2 17 12 39012.7 2.622 111.45 0.58 -0.47 -8.70 403.9
2004 2 18 12 39130.6 5.980 128.56 0.58 -0.08 -9.12 401.5
2004 2 19 12 39249.8 1.754 137.34 0.58 -0.43 -8.18 414.3
2004 2 20 12 39370.1 10.145 139.45 0.58 -0.91 -9.99 405.4
2004 2 21 12 39491.6 3.071 158.49 0.58 -0.36 -8.65 393.5
2004 2 22 12 39614.2 1.702 153.12 0.58 1.38 -6.53 499.3
2004 2 23 12 39737.8 0.205 140.72 0.58 -0.32 -8.20 408.3
2004 2 24 12 39862.5 0.325 120.75 0.58 -2.59 -10.32 419.3
2004 2 25 12 39988.1 1.516 138.84 0.58 0.02 -7.78 428.2
2004 2 26 12 40114.7 0.377 154.86 0.58 0.31 -7.23 467.6
2004 2 27 12 40242.2 1.331 152.97 0.58 0.75 -9.02 421.9
2004 2 28 12 40370.6 2.058 151.84 0.58 0.94 -7.49 484.7
2004 2 29 12 40499.8 0.823 167.04 0.58 2.64 -4.73 462.1
2004 3 1 12 40629.8 11.634 168.63 0.58 2.36 -7.00 473.1
2004 3 2 12 40760.6 2.936 163.52 0.58 0.60 -7.54 473.9
2004 3 3 12 40892.1 3.441 183.98 0.58 -0.78 -9.99 452.9
2004 3 4 12 41024.3 2.232 136.93 0.58 0.94 -7.02 483.7
2004 3 5 12 41157.2 1.818 154.21 0.58 -0.94 -8.90 440.1
2004 3 6 12 41290.6 1.071 139.91 0.58 -3.14 -11.26 364.5
2004 3 7 12 41424.6 0.855 176.40 0.58 2.28 -6.35 468.4
2004 3 8 12 41559.2 0.631 163.50 0.58 -0.16 -9.20 388.6
2004 3 9 12 41694.2 2.647 157.45 0.58 1.66 -5.76 493.2
2004 3 10 12 41829.7 1.584 166.04 0.58 -0.61 -9.26 373.2
2004 3 11 12 41965.5 4.249 146.88 0.58 3.09 -5.14 542.8
2004 3 12 12 42101.8 0.425 195.07 0.58 0.27 -7.78 450.5
2004 3 13 12 42238.3 9.232 186.83 0.58 5.19 -3.92 485.4
2004 3 14 12 42375.2 3.303 137.66 0.58 2.98 -5.22 511.9
2004 3 15 12 42512.3 0.864 183.53 0.58 2.52 -5.20 449.7
2004 3 16 12 42649.6 2.930 172.97 0.58 4.37 -3.64 519.3
2004 3 17 12 42787.0 2.046 177.93 0.58 1.75 -6.79 443.1
2004 3 18 12 42924.6 1.277 191.10 0.58 4.60 -4.24 545.0
2004 3 19 12 43062.3 3.720 171.31 0.58 3.03 -5.52 476.8
2004 3 20 12 43200.0 2.525 200.18 0.58 4.20 -4.79 482.8
2004 3 21 12 43337.7 0.467 168.87 0.58 5.05 -2.42 586.8
2004 3 22 12 43475.4 0.793 174.84 0.58 1.24 -6.63 454.3
2004 3 23 12 43613.0 2.316 195.30 0.58 2.92 -4.17 545.7
2004 3 24 12 43750.4 9.560 197.38 0.58 4.46 -3.54 510.0
2004 3 25 12 43887.7 0.296 162.11 0.58 2.82 -5.09 535.2
2004 3 26 12 44024.8 0.218 193.94 0.58 5.84 -2.33 539.6
2004 3 27 12 44161.7 0.605 201.09 0.58 3.86 -2.63 569.4
2004 3 28 12 44298.2 3.160 193.66 0.58 4.41 -3.94 559.7
2004 3 29 12 44434.5 4.341 176.38 0.58 5.30 -2.72 551.6
2004 3 30 12 44570.3 0.827 200.93 0.58 7.05 -0.34 593.1
2004 3 31 12 44705.8 0.805 166.72 0.58 8.41 0.81 619.5
2004 4 1 12 44840.8 2.716 193.02 0.58 4.69 -2.78 604.2
2004 4 2 12 44975.4 4.471 191.82 0.58 7.01 -2.17 649.7
2004 4 3 12 45109.4 1.380 184.19 0.58 6.72 -2.27 465.7
2004 4 4 12 45242.8 1.915 201.32 0.58 6.67 -2.46 528.5
2004 4 5 12 45375.7 1.168 198.07 0.58 6.25 -2.68 555.8
2004 4 6 12 45507.9 1.865 218.79 0.58 5.33 -3.02 565.1
2004 4 7 12 45639.4 3.986 181.57 0.58 7.93 -0.33 594.8
2004 4 8 12 45770.2 3.238 212.98 0.58 4.88 -2.85 584.8
2004 4 9 12 45900.2 5.629 202.60 0.58 5.27 -4.29 516.8
2004 4 10 12 46029.4 1.000 236.40 0.58 2.88 -6.85 436.3
2004 4 11 12 46157.8 1.951 179.65 0.58 7.57 0.69 594.3
2004 4 12 12 46285.3 3.873 199.86 0.58 6.01 -3.12 536.7
2004 4 13 12 46411.9 4.549 206.78 0.58 8.46 1.04 603.7
2004 4 14 12 46537.5 1.968 192.87 0.58 7.51 0.11 651.1
2004 4 15 12 46662.2 7.721 211.41 0.58 8.56 1.37 576.4
2004 4 16 12 46785.8 1.694 228.38 0.58 9.42 1.98 599.9
2004 4 17 12 46908.4 1.236 219.82 0.58 10.09 1.86 645.7
2004 4 18 12 47029.9 8.689 227.63 0.58 7.57 -1.21 601.2
2004 4 19 12 47150.2 6.756 214.62 0.58 9.53 1.23 630.5
2004 4 20 12 47269.4 8.210 215.65 0.58 9.78 0.97 596.9
2004 4 21 12 47387.3 0.600 193.20 0.58 10.07 2.42 633.7
2004 4 22 12 47504.0 6.137 214.05 0.58 9.90 1.31 660.9
2004 4 23 12 47619.5 3.755 231.44 0.58 11.06 4.23 639.3
2004 4 24 12 47733.6 8.671 223.80 0.58 12.24 3.84 788.1
2004 4 25 12 47846.4 0.381 252.50 0.58 12.82 5.42 685.4
2004 4 26 12 47957.8 2.165 230.13 0.58 12.69 4.38 659.9
2004 4 27 12 48067.8 1.306 255.26 0.58 9.85 1.50 620.2
2004 4 28 12 48176.4 8.981 226.62 0.58 17.14 9.36 756.4
2004 4 29 12 48283.5 1.140 231.05 0.58 8.78 0.47 619.7
2004 4 30 12 48389.0 5.446 232.06 0.58 12.32 3.43 649.5
2004 5 1 12 48493.1 8.569 232.76 0.58 12.28 4.19 686.9
2004 5 2 12 48595.5 1.473 232.58 0.58 13.86 5.69 717.3
2004 5 3 12 48696.4 17.996 234.90 0.58 9.98 1.40 609.0
2004 5 4 12 48795.7 5.725 235.52 0.58 15.65 7.40 743.2
2004 5 5 12 48893.3 2.520 259.45 0.58 12.23 4.03 668.1
2004 5 6 12 48989.2 0.602 214.46 0.58 12.45 4.39 698.6
2004 5 7 12 49083.3 0.895 216.89 0.58 14.46 6.46 765.5
2004 5 8 12 49175.8 2.212 253.71 0.58 11.72 3.87 719.4
2004 5 9 12 49266.4 3.232 252.13 0.58 12.92 3.78 640.6
2004 5 10 12 49355.3 6.658 228.58 0.58 13.99 4.69 628.6
2004 5 11 12 49442.4 3.141 240.55 0.58 15.28 6.97 767.2
2004 5 12 12 49527.6 6.505 232.38 0.58 13.01 4.44 727.3
2004 5 13 12 49610.9 2.345 223.41 0.58 17.17 9.28 764.3
2004 5 14 12 49692.3 2.049 250.09 0.58 15.99 8.43 801.7
2004 5 15 12 49771.8 5.327 242.72 0.58 14.41 5.46 685.3
2004 5 16 12 49849.4 1.717 252.15 0.58 15.56 8.20 755.7
2004 5 17 12 49924.9 6.234 248.40 0.58 15.06 7.74 729.1
2004 5 18 12 49998.5 0.043 300.95 0.58 14.29 6.57 738.5
2004 5 19 12 50070.1 2.202 264.81 0.58 17.59 9.56 806.6
2004 5 20 12 50139.7 0.180 262.96 0.58 17.65 8.22 734.8
2004 5 21 12 50207.1 1.085 277.97 0.58 16.36 8.19 791.8
2004 5 22 12 50272.5 3.260 251.26 0.58 15.77 7.52 766.7
2004 5 23 12 50335.9 8.164 275.35 0.58 16.47 8.61 810.5
2004 5 24 12 50397.0 1.262 256.81 0.58 14.77 6.83 713.0
2004 5 25 12 50456.1 1.142 254.66 0.58 16.95 8.90 760.3
2004 5 26 12 50513.0 7.523 270.11 0.58 17.94 9.25 812.0
2004 5 27 12 50567.8 4.015 246.70 0.58 17.86 9.86 735.0
2004 5 28 12 50620.3 6.125 260.52 0.58 14.57 7.00 679.4
2004 5 29 12 50670.7 1.322 239.78 0.58 18.47 11.21 827.7
2004 5 30 12 50718.8 9.672 284.47 0.58 15.33 6.58 726.9
2004 5 31 12 50764.8 4.482 275.30 0.58 20.61 13.09 848.1
2004 6 1 12 50808.5 1.466 240.26 0.58 17.83 9.83 786.4
2004 6 2 12 50849.9 1.388 236.25 0.58 16.99 8.67 736.2
2004 6 3 12 50889.0 4.349 279.84 0.58 17.38 8.20 760.5
2004 6 4 12 50925.9 3.736 215.80 0.58 18.87 11.23 854.7
2004 6 5 12 50960.5 2.809 288.47 0.58 18.66 9.43 829.3
2004 6 6 12 50992.8 1.379 259.59 0.58 15.01 6.43 730.6
2004 6 7 12 51022.8 4.988 258.95 0.58 21.11 12.98 836.1
2004 6 8 12 51050.5 1.111 254.28 0.58 19.34 12.42 830.3
2004 6 9 12 51075.8 1.604 257.83 0.58 17.56 9.58 745.8
2004 6 10 12 51098.8 0.202 273.16 0.58 15.55 6.52 753.2
2004 6 11 12 51119.5 6.281 249.90 0.58 21.63 13.93 879.3
2004 6 12 12 51137.8 1.677 264.55 0.58 19.30 11.86 840.0
2004 6 13 12 51153.7 6.895 275.77 0.58 19.62 11.35 783.2
2004 6 14 12 51167.4 8.067 247.50 0.58 18.24 11.23 829.5
2004 6 15 12 51178.6 0.729 267.66 0.58 17.70 9.53 815.1
2004 6 16 12 51187.5 1.710 252.75 0.58 21.02 11.73 805.8
2004 6 17 12 51194.0 2.375 282.54 0.58 20.44 10.92 821.4
2004 6 18 12 51198.1 4.125 245.04 0.58 19.42 10.77 822.5
2004 6 19 12 51199.9 7.159 279.83 0.58 21.47 13.40 869.7
2004 6 20 12 51199.3 2.202 254.57 0.58 19.81 11.90 814.8
2004 6 21 12 51196.4 0.530 270.40 0.58 18.18 9.26 763.3
2004 6 22 12 51191.0 10.533 236.66 0.58 18.16 9.94 841.4
2004 6 23 12 51183.3 0.799 241.52 0.58 18.92 9.41 810.1
2004 6 24 12 51173.3 3.094 247.45 0.58 19.90 10.92 818.9
2004 6 25 12 51160.8 0.794 236.79 0.58 20.85 12.46 874.1
2004 6 26 12 51146.1 8.154 229.96 0.58 20.14 11.39 824.4
2004 6 27 12 51128.9 2.674 274.24 0.58 22.95 13.81 905.8
2004 6 28 12 51109.4 1.856 270.23 0.58 20.71 12.56 842.4
2004 6 29 12 51087.6 6.822 228.38 0.58 22.05 13.95 879.1
2004 6 30 12 51063.4 1.000 237.55 0.58 20.69 13.72 918.6
2004 7 1 12 51036.9 2.727 288.29 0.58 21.47 12.30 809.6
2004 7 2 12 51008.1 2.304 245.55 0.58 21.55 12.45 933.1
2004 7 3 12 50976.9 3.284 261.78 0.58 21.13 13.83 885.2
2004 7 4 12 50943.5 1.269 252.24 0.58 22.60 14.26 908.6
2004 7 5 12 50907.8 11.006 238.46 0.58 18.60 10.36 819.0
2004 7 6 12 50869.7 4.225 253.55 0.58 21.22 12.95 859.5
2004 7 7 12 50829.4 9.099 272.88 0.58 20.49 13.10 883.1
2004 7 8 12 50786.9 0.996 248.42 0.58 20.69 12.90 873.0
2004 7 9 12 50742.1 0.790 249.60 0.58 20.69 11.58 824.3
2004 7 10 12 50695.1 6.380 279.83 0.58 20.16 12.22 890.3
2004 7 11 12 50645.8 0.954 246.93 0.58 19.75 10.36 810.0
2004 7 12 12 50594.3 0.523 255.01 0.58 19.06 11.64 808.0
2004 7 13 12 50540.7 0.049 253.36 0.58 20.42 12.41 810.7
2004 7 14 12 50484.8 2.543 252.89 0.58 23.03 14.31 872.6
2004 7 15 12 50426.8 1.285 243.24 0.58 21.91 13.32 875.0
2004 7 16 12 50366.7 0.472 291.00 0.58 23.31 14.04 935.7
2004 7 17 12 50304.5 0.803 262.59 0.58 20.68 12.45 839.7
2004 7 18 12 50240.1 8.388 278.79 0.58 23.16 14.16 922.2
2004 7 19 12 50173.7 0.454 231.49 0.58 22.38 13.39 815.8
2004 7 20 12 50105.1 0.050 253.94 0.58 21.15 13.52 841.2
2004 7 21 12 50034.6 7.087 262.98 0.58 22.87 14.37 859.6
2004 7 22 12 49962.0 2.461 235.91 0.58 22.16 14.39 947.6
2004 7 23 12 49887.4 0.385 249.05 0.58 21.58 14.09 854.7
2004 7 24 12 49810.8 0.281 250.88 0.58 22.36 14.23 901.5
2004 7 25 12 49732.3 1.883 258.56 0.58 21.85 13.32 941.5
2004 7 26 12 49651.8 1.942 250.26 0.58 18.88 11.20 838.1
2004 7 27 12 49569.5 2.160 262.59 0.58 21.60 12.88 878.2
2004 7 28 12 49485.2 5.901 254.36 0.58 21.43 13.09 841.4
2004 7 29 12 49399.1 7.883 210.08 0.58 21.63 14.33 910.8
2004 7 30 12 49311.1 3.869 263.99 0.58 22.71 14.00 900.9
2004 7 31 12 49221.3 1.689 228.95 0.58 22.93 15.05 868.6
2004 8 1 12 49129.8 2.164 241.19 0.58 21.54 13.57 840.9
2004 8 2 12 49036.5 5.267 236.04 0.58 21.58 14.27 867.7
2004 8 3 12 48941.4 2.385 236.04 0.58 23.18 14.61 853.6
2004 8 4 12 48844.7 2.345 236.04 0.58 21.57 12.54 855.0
2004 8 5 12 48746.2 0.121 233.23 0.58 23.05 14.30 887.7
2004 8 6 12 48646.2 3.608 247.59 0.58 21.67 13.34 859.3
2004 8 7 12 48544.5 2.908 218.33 0.58 18.96 11.36 804.5
2004 8 8 12 48441.3 0.444 221.59 0.58 21.21 10.97 846.1
2004 8 9 12 48336.4 2.617 237.91 0.58 20.01 12.49 892.3
2004 8 10 12 48230.1 3.073 210.78 0.58 21.74 15.21 945.5
2004 8 11 12 48122.3 1.304 261.63 0.58 20.56 12.26 808.1
2004 8 12 12 48013.0 1.212 223.66 0.58 17.02 10.23 764.1
2004 8 13 12 47902.3 0.495 249.16 0.58 21.02 13.67 901.6
2004 8 14 12 47790.2 2.076 223.95 0.58 20.80 11.55 822.9
2004 8 15 12 47676.7 1.701 211.13 0.58 20.16 12.37 820.8
2004 8 16 12 47561.9 3.131 226.37 0.58 22.39 14.17 899.8
2004 8 17 12 47445.8 0.342 230.48 0.58 20.04 11.54 808.3
2004 8 18 12 47328.5 2.203 216.08 0.58 19.29 11.96 832.8
2004 8 19 12 47209.9 1.510 181.09 0.58 20.59 13.01 790.2
2004 8 20 12 47090.2 1.054 216.22 0.58 17.78 8.69 784.4
2004 8 21 12 46969.3 10.263 215.58 0.58 18.78 10.70 790.4
2004 8 22 12 46847.3 1.732 198.73 0.58 20.13 10.42 793.6
2004 8 23 12 46724.2 3.100 237.03 0.58 17.69 9.80 807.0
2004 8 24 12 46600.0 4.514 215.93 0.58 19.88 11.41 763.1
2004 8 25 12 46474.8 0.781 228.72 0.58 16.61 7.68 707.9
2004 8 26 12 46348.7 0.286 222.84 0.58 21.01 12.04 824.6
2004 8 27 12 46221.7 1.180 194.61 0.58 17.14 8.57 725.0
2004 8 28 12 46093.7 3.438 189.80 0.58 17.62 9.91 838.4
2004 8 29 12 45964.9 0.543 195.87 0.58 17.90 9.66 792.8
2004 8 30 12 45835.3 5.326 214.31 0.58 19.92 11.79 823.3
2004 8 31 12 45704.9 1.487 215.54 0.58 16.84 9.91 752.9
2004 9 1 12 45573.7 1.349 228.67 0.58 18.63 11.33 862.1
2004 9 2 12 45441.8 1.409 206.75 0.58 18.26 10.72 785.9
2004 9 3 12 45309.3 2.638 206.74 0.58 18.87 10.43 846.1
2004 9 4 12 45176.2 2.504 187.00 0.58 18.78 11.22 841.4
2004 9 5 12 45042.4 1.086 171.98 0.58 18.19 10.46 844.2
2004 9 6 12 44908.2 0.787 205.52 0.58 19.13 11.88 793.5
2004 9 7 12 44773.4 0.351 172.58 0.58 16.25 9.25 830.1
2004 9 8 12 44638.1 2.987 207.37 0.58 17.84 11.31 771.6
2004 9 9 12 44502.5 0.642 208.95 0.58 17.59 9.08 769.3
2004 9 10 12 44366.4 8.607 198.69 0.58 19.52 11.73 839.7
2004 9 11 12 44230.0 0.907 185.60 0.58 15.55 6.93 741.6
2004 9 12 12 44093.3 3.427 183.38 0.58 17.73 8.24 748.5
2004 9 13 12 43956.3 1.358 184.19 0.58 15.35 6.78 766.2
2004 9 14 12 43819.1 3.172 213.28 0.58 15.69 8.74 823.3
2004 9 15 12 43681.7 2.257 194.63 0.58 15.64 7.49 770.5
2004 9 16 12 43544.2 2.776 193.94 0.58 14.52 7.03 711.2
2004 9 17 12 43406.5 0.372 181.73 0.58 15.14 7.43 754.7
2004 9 18 12 43268.9 0.097 197.55 0.58 13.27 3.71 693.9
2004 9 19 12 43131.1 1.569 157.67 0.58 15.70 7.12 749.8
2004 9 20 12 42993.5 0.799 164.94 0.58 14.15 6.60 681.1
2004 9 21 12 42855.8 0.703 175.76 0.58 12.21 4.26 661.6
2004 9 22 12 42718.3 0.981 178.10 0.58 14.86 7.04 760.7
2004 9 23 12 42580.9 1.412 181.29 0.58 14.78 4.80 701.4
2004 9 24 12 42443.7 1.003 159.13 0.58 13.76 4.94 703.4
2004 9 25 12 42306.7 0.437 150.92 0.58 11.43 2.98 643.3
2004 9 26 12 42170.0 0.896 150.74 0.58 12.11 5.31 672.7
2004 9 27 12 42033.6 0.361 169.24 0.58 15.15 6.04 699.6
2004 9 28 12 41897.5 1.309 152.78 0.58 13.92 6.26 725.9
2004 9 29 12 41761.9 1.069 145.74 0.58 10.37 1.68 610.2
2004 9 30 12 41626.6 3.573 148.54 0.58 14.12 6.79 677.0
2004 10 1 12 41491.8 3.460 175.36 0.58 13.06 4.60 679.9
2004 10 2 12 41357.6 0.697 151.35 0.58 15.56 7.66 725.3
2004 10 3 12 41223.8 0.694 189.82 0.58 12.03 3.92 666.1
2004 10 4 12 41090.7 2.425 185.06 0.58 11.65 1.38 664.4
2004 10 5 12 40958.2 1.888 154.47 0.58 14.21 5.69 729.6
2004 10 6 12 40826.3 1.568 150.25 0.58 13.97 5.42 721.2
2004 10 7 12 40695.1 0.590 165.71 0.58 13.56 5.75 720.1
2004 10 8 12 40564.7 0.541 152.48 0.58 11.22 3.12 641.2
2004 10 9 12 40435.1 1.248 154.63 0.58 13.28 5.34 682.9
2004 10 10 12 40306.3 0.721 145.97 0.58 11.91 3.56 694.2
2004 10 11 12 40178.3 2.934 129.15 0.58 9.67 2.66 686.3
2004 10 12 12 40051.3 0.934 157.55 0.58 11.66 4.85 681.9
2004 10 13 12 39925.2 0.402 154.99 0.58 9.78 1.03 622.9
2004 10 14 12 39800.0 0.505 157.73 0.58 7.70 -1.48 597.6
2004 10 15 12 39675.8 1.452 154.98 0.58 10.09 2.03 671.1
2004 10 16 12 39552.7 1.380 128.34 0.58 10.45 2.93 585.7
2004 10 17 12 39430.7 0.997 152.16 0.58 9.85 1.02 686.1
2004 10 18 12 39309.8 1.377 138.62 0.58 8.42 -0.84 599.1
2004 10 19 12 39190.1 0.324 151.00 0.58 9.10 1.16 586.2
2004 10 20 12 39071.5 1.528 127.88 0.58 6.07 -1.73 565.6
2004 10 21 12 38954.2 1.365 160.51 0.58 8.26 2.47 621.1
2004 10 22 12 38838.1 0.184 162.61 0.58 10.13 2.83 674.7
2004 10 23 12 38723.3 0.175 125.48 0.58 9.13 1.42 622.2
2004 10 24 12 38609.8 0.181 135.47 0.58 8.90 2.11 702.9
2004 10 25 12 38497.7 0.722 136.91 0.58 8.72 2.62 629.4
2004 10 26 12 38387.0 2.467 132.68 0.58 7.02 -1.24 565.7
2004 10 27 12 38277.7 0.509 118.37 0.58 7.71 0.17 621.0
2004 10 28 12 38169.9 0.539 103.16 0.58 5.70 -3.27 529.0
2004 10 29 12 38063.6 0.050 131.52 0.58 5.19 -2.51 575.6
2004 10 30 12 37958.7 0.054 117.83 0.58 8.02 -0.30 559.5
2004 10 31 12 37855.5 0.613 131.69 0.58 7.94 -0.35 582.0
2004 11 1 12 37753.8 1.047 123.00 0.58 5.45 -3.00 587.7
2004 11 2 12 37653.8 1.572 157.51 0.58 7.09 -1.10 590.0
2004 11 3 12 37555.3 0.065 121.28 0.58 4.26 -4.31 492.8
2004 11 4 12 37458.6 0.256 143.02 0.58 4.97 -3.23 567.0
2004 11 5 12 37363.5 1.470 107.60 0.58 7.66 0.44 614.7
2004 11 6 12 37270.2 0.077 134.00 0.58 6.90 -2.22 482.8
2004 11 7 12 37178.7 0.207 122.30 0.58 1.25 -7.02 444.6
2004 11 8 12 37088.9 1.008 116.96 0.58 4.22 -2.72 617.6
2004 11 9 12 37000.9 0.562 110.71 0.58 6.85 -1.39 525.8
2004 11 10 12 36914.8 0.469 127.17 0.58 5.92 -2.07 581.6
2004 11 11 12 36830.5 0.130 130.28 0.58 4.66 -3.72 525.8
2004 11 12 12 36748.2 1.314 117.52 0.58 6.69 -1.58 588.5
2004 11 13 12 36667.7 0.376 122.39 0.58 2.20 -5.04 537.4
2004 11 14 12 36589.2 0.431 128.18 0.58 4.18 -4.22 522.2
2004 11 15 12 36512.6 3.813 148.79 0.58 6.18 -2.11 583.0
2004 11 16 12 36438.0 0.295 142.29 0.58 3.10 -5.83 511.3
2004 11 17 12 36365.4 2.613 102.81 0.58 2.53 -5.84 429.6
2004 11 18 12 36294.9 0.595 117.15 0.58 1.89 -6.44 506.5
2004 11 19 12 36226.3 0.040 118.83 0.58 4.00 -5.37 475.3
2004 11 20 12 36159.9 0.235 111.15 0.58 3.51 -4.41 506.4
2004 11 21 12 36095.5 0.589 114.17 0.58 4.02 -4.20 529.8
2004 11 22 12 36033.3 0.974 93.09 0.58 1.85 -6.01 439.1
2004 11 23 12 35973.2 1.468 65.76 0.58 2.43 -4.91 504.1
2004 11 24 12 35915.2 2.602 117.20 0.58 2.36 -5.53 471.1
2004 11 25 12 35859.3 0.083 127.10 0.58 0.41 -8.19 397.4
2004 11 26 12 35805.7 0.810 86.98 0.58 0.88 -7.36 492.4
2004 11 27 12 35754.2 0.252 83.62 0.58 2.90 -5.43 457.7
2004 11 28 12 35704.9 0.238 115.50 0.58 0.19 -6.38 478.5
2004 11 29 12 35657.9 1.981 95.65 0.58 2.33 -5.82 482.6
2004 11 30 12 35613.1 0.631 87.01 0.58 0.62 -7.74 464.4
2004 12 1 12 35570.6 0.983 106.51 0.58 0.34 -7.94 395.7
2004 12 2 12 35530.3 0.096 109.61 0.58 0.69 -8.43 389.4
2004 12 3 12 35492.2 2.594 120.19 0.58 1.81 -6.73 500.7
2004 12 4 12 35456.5 1.463 102.05 0.58 1.32 -6.15 451.9
2004 12 5 12 35423.1 0.179 98.76 0.58 -0.27 -9.12 401.2
2004 12 6 12 35391.9 0.261 106.99 0.58 -0.71 -7.73 457.6
2004 12 7 12 35363.1 2.823 114.39 0.58 -1.12 -9.03 385.6
2004 12 8 12 35336.6 1.272 97.21 0.58 1.32 -8.31 394.7
2004 12 9 12 35312.4 1.111 115.84 0.58 0.30 -7.55 493.4
2004 12 10 12 35290.6 1.006 88.18 0.58 0.27 -8.42 447.3
2004 12 11 12 35271.1 1.649 65.11 0.58 -0.97 -7.63 490.1
2004 12 12 12 35253.9 0.180 99.40 0.58 2.08 -5.37 504.0
2004 12 13 12 35239.2 0.854 95.06 0.58 0.10 -7.96 412.1
2004 12 14 12 35226.7 3.804 93.02 0.58 -0.96 -9.04 396.9
2004 12 15 12 35216.7 0.605 122.59 0.58 0.02 -7.77 414.8
2004 12 16 12 35209.0 1.247 112.68 0.58 -0.36 -7.13 426.0
2004 12 17 12 35203.6 1.342 74.77 0.58 -1.18 -9.29 437.8
2004 12 18 12 35200.7 0.720 93.44 0.58 -1.57 -10.45 384.5
2004 12 19 12 35200.1 1.748 106.12 0.58 -0.36 -8.11 435.9
2004 12 20 12 35201.9 0.602 90.11 0.58 -2.34 -10.73 393.9
2004 12 21 12 35206.0 1.099 64.51 0.58 -0.72 -8.55 413.4
2004 12 22 12 35212.5 0.846 98.40 0.58 -0.05 -7.85 457.3
2004 12 23 12 35221.4 0.836 120.94 0.58 -1.78 -8.40 382.5
2004 12 24 12 35232.6 1.236 113.60 0.58 -2.98 -10.67 351.8
2004 12 25 12 35246.3 1.209 92.81 0.58 -0.76 -9.55 385.8
2004 12 26 12 35262.2 1.261 112.58 0.58 -1.99 -10.59 397.8
2004 12 27 12 35280.5 2.767 115.02 0.58 -3.66 -11.72 435.7
2004 12 28 12 35301.2 0.414 114.96 0.58 1.72 -7.39 394.3
2004 12 29 12 35324.2 2.750 120.81 0.58 -3.26 -11.19 360.3
2004 12 30 12 35349.5 0.412 85.73 0.58 -3.42 -11.03 362.5
2004 12 31 12 35377.2 0.129 95.29 0.58 -4.92 -12.20 375.2
2005 1 1 12 35377.2 0.092 101.55 0.58 -0.79 -9.97 413.9
2005 1 2 12 35407.2 1.031 88.65 0.58 -5.22 -12.12 402.2
2005 1 3 12 35439.5 0.192 90.96 0.58 -3.20 -11.13 360.1
2005 1 4 12 35474.1 0.090 114.88 0.58 -1.37 -8.55 436.2
2005 1 5 12 35511.0 0.394 128.03 0.58 -1.70 -11.36 371.9
2005 1 6 12 35550.1 1.558 94.11 0.58 -0.58 -8.70 401.8
2005 1 7 12 35591.5 0.582 101.85 0.58 -2.65 -10.17 413.6
2005 1 8 12 35635.2 0.184 109.60 0.58 -0.92 -8.05 389.4
2005 1 9 12 35681.2 1.676 102.89 0.58 -2.40 -9.55 400.1
2005 1 10 12 35729.3 0.799 110.12 0.58 -3.60 -12.71 405.4
2005 1 11 12 35779.7 0.787 107.53 0.58 -2.17 -10.63 350.5
2005 1 12 12 35832.2 0.019 103.40 0.58 -1.70 -9.13 436.6
2005 1 13 12 35887.0 4.214 85.68 0.58 -1.85 -10.26 483.1
2005 1 14 12 35943.9 1.743 115.09 0.58 0.13 -7.48 392.4
2005 1 15 12 36003.0 2.189 113.38 0.58 -0.68 -8.37 408.2
2005 1 16 12 36064.1 0.868 132.17 0.58 -1.66 -12.00 376.9
2005 1 17 12 36127.5 2.913 115.48 0.58 -3.47 -11.05 350.8
2005 1 18 12 36192.9 0.752 123.23 0.58 -3.54 -12.44 360.6
2005 1 19 12 36260.3 0.540 80.32 0.58 -1.12 -8.73 441.0
2005 1 20 12 36329.9 6.465 115.80 0.58 -1.45 -10.08 352.4
2005 1 21 12 36401.5 1.321 82.56 0.58 -1.42 -9.50 391.8
2005 1 22 12 36475.1 2.197 117.68 0.58 -1.44 -9.62 424.2
2005 1 23 12 36550.6 0.136 109.63 0.58 -3.81 -10.99 328.1
2005 1 24 12 36628.2 0.899 120.10 0.58 -0.71 -8.87 477.6
2005 1 25 12 36707.7 1.433 124.78 0.58 -1.33 -9.51 429.4
2005 1 26 12 36789.1 2.417 120.38 0.58 -2.73 -10.34 340.8
2005 1 27 12 36872.4 4.151 101.40 0.58 1.34 -6.44 476.0
2005 1 28 12 36957.6 2.262 115.16 0.58 -1.64 -9.29 448.1
2005 1 29 12 37044.7 1.756 105.43 0.58 -2.66 -11.04 361.9
2005 1 30 12 37133.6 0.179 128.56 0.58 -1.75 -8.73 428.9
2005 1 31 12 37224.2 1.053 132.30 0.58 -1.95 -10.99 365.5
2005 2 1 12 37316.7 1.467 130.58 0.58 -0.49 -7.66 447.5
2005 2 2 12 37410.8 0.473 130.60 0.58 -3.73 -10.49 399.6
2005 2 3 12 37506.7 10.374 124.35 0.58 -1.80 -11.69 397.9
2005 2 4 12 37604.3 1.430 116.69 0.58 -4.08 -12.94 409.1
2005 2 5 12 37703.6 0.228 114.36 0.58 -2.16 -11.28 378.4
2005 2 6 12 37804.5 2.633 103.11 0.58 -2.65 -11.25 298.4
2005 2 7 12 37906.9 1.419 118.60 0.58 0.74 -7.82 463.2
2005 2 8 12 38011.0 1.013 121.27 0.58 -1.63 -10.22 406.8
2005 2 9 12 38116.5 0.989 120.18 0.58 0.54 -6.94 472.1
2005 2 10 12 38223.6 13.075 142.32 0.58 -2.26 -10.65 430.9
2005 2 11 12 38332.2 1.040 136.75 0.58 -2.11 -9.75 411.1
2005 2 12 12 38442.2 0.278 134.21 0.58 -4.28 -11.82 419.0
2005 2 13 12 38553.6 0.550 139.48 0.58 1.34 -6.53 450.7
2005 2 14 12 38666.4 1.175 142.05 0.58 -1.55 -9.04 415.0
2005 2 15 12 38780.5 1.213 150.65 0.58 1.04 -7.50 424.6
2005 2 16 12 38896.0 0.916 123.17 0.58 -0.76 -9.79 396.0
2005 2 17 12 39012.7 2.765 109.43 0.58 -0.15 -7.91 435.0
2005 2 18 12 39130.6 1.320 150.38 0.58 0.91 -5.02 475.3
2005 2 19 12 39249.8 2.181 129.87 0.58 -3.29 -10.30 345.5
2005 2 20 12 39370.1 0.058 140.88 0.58 -1.53 -9.73 372.4
2005 2 21 12 39491.6 0.523 178.49 0.58 1.33 -6.31 501.3
2005 2 22 12 39614.2 3.499 184.14 0.58 -1.46 -10.27 404.9
2005 2 23 12 39737.8 0.226 153.41 0.58 -1.54 -9.30 397.7
2005 2 24 12 39862.5 5.395 163.35 0.58 -1.06 -9.60 413.8
2005 2 25 12 39988.1 4.727 165.16 0.58 1.19 -6.02 480.6
2005 2 26 12 40114.7 1.300 129.91 0.58 -1.43 -10.40 455.7
2005 2 27 12 40242.2 0.738 152.75 0.58 0.22 -6.57 533.4
2005 2 28 12 40370.6 0.160 162.61 0.58 0.17 -8.99 431.5
2005 3 1 12 40499.8 0.328 161.65 0.58 -0.89 -7.91 432.7
2005 3 2 12 40629.8 2.871 159.39 0.58 1.26 -7.32 489.7
2005 3 3 12 40760.6 4.927 178.87 0.58 -1.05 -9.05 426.0
2005 3 4 12 40892.1 1.656 168.30 0.58 1.19 -6.87 463.3
2005 3 5 12 41024.3 6.659 123.44 0.58 -1.25 -8.87 412.2
2005 3 6 12 41157.2 3.529 167.13 0.58 -1.28 -10.43 401.7
2005 3 7 12 41290.6 2.157 151.53 0.58 2.14 -6.73 460.5
2005 3 8 12 41424.6 0.443 153.66 0.58 1.74 -6.16 495.0
2005 3 9 12 41559.2 0.125 192.97 0.58 2.41 -6.70 483.8
2005 3 10 12 41694.2 1.494 155.95 0.58 -1.09 -10.24 380.0
2005 3 11 12 41829.7 1.644 162.54 0.58 1.93 -5.69 459.7
2005 3 12 12 41965.5 0.780 139.43 0.58 2.46 -5.82 452.6
2005 3 13 12 42101.8 4.003 163.42 0.58 1.32 -5.99 512.1
2005 3 14 12 42238.3 4.553 161.16 0.58 1.13 -8.18 442.2
2005 3 15 12 42375.2 0.690 203.78 0.58 4.01 -4.53 488.7
2005 3 16 12 42512.3 3.272 202.93 0.58 3.26 -4.75 451.4
2005 3 17 12 42649.6 0.603 162.41 0.58 2.76 -4.85 500.5
2005 3 18 12 42787.0 1.225 199.62 0.58 1.76 -7.47 459.3
2005 3 19 12 42924.6 1.628 178.71 0.58 2.34 -5.54 555.9
2005 3 20 12 43062.3 1.732 165.99 0.58 2.74 -6.08 492.2
2005 3 21 12 43200.0 0.745 176.00 0.58 7.01 -0.03 588.5
2005 3 22 12 43337.7 2.931 169.61 0.58 0.83 -6.89 436.9
2005 3 23 12 43475.4 1.222 164.90 0.58 2.55 -5.08 460.6
2005 3 24 12 43613.0 5.733 182.76 0.58 1.22 -6.54 441.2
2005 3 25 12 43750.4 1.589 186.36 0.58 7.65 -0.62 547.4
2005 3 26 12 43887.7 1.646 182.30 0.58 4.45 -3.92 569.7
2005 3 27 12 44024.8 2.792 207.87 0.58 6.24 -2.99 562.8
2005 3 28 12 44161.7 6.251 179.65 0.58 4.52 -3.71 521.8
2005 3 29 12 44298.2 1.057 193.06 0.58 4.60 -3.11 506.7
2005 3 30 12 44434.5 4.974 216.66 0.58 7.13 -1.64 571.0
2005 3 31 12 44570.3 2.079 194.31 0.58 6.73 -3.09 518.2
2005 4 1 12 44705.8 6.306 188.09 0.58 4.64 -3.97 565.3
2005 4 2 12 44840.8 0.415 230.10 0.58 8.35 2.32 636.0
2005 4 3 12 44975.4 4.071 210.79 0.58 7.70 -0.75 559.5
2005 4 4 12 45109.4 9.894 180.87 0.58 6.41 -1.81 543.2
2005 4 5 12 45242.8 8.263 194.50 0.58 4.38 -3.20 574.7
2005 4 6 12 45375.7 6.831 210.18 0.58 4.35 -4.31 533.2
2005 4 7 12 45507.9 1.135 186.20 0.58 5.71 -2.52 539.4
2005 4 8 12 45639.4 4.893 218.10 0.58 7.19 -0.61 559.1
2005 4 9 12 45770.2 0.067 211.11 0.58 8.12 0.54 599.3
2005 4 10 12 45900.2 1.549 219.69 0.58 7.35 -0.94 609.3
2005 4 11 12 46029.4 1.593 203.64 0.58 9.44 0.87 689.6
2005 4 12 12 46157.8 6.572 200.41 0.58 6.89 -2.29 543.9
2005 4 13 12 46285.3 4.483 204.93 0.58 5.19 -2.85 537.2
2005 4 14 12 46411.9 9.014 206.11 0.58 10.07 1.46 671.6
2005 4 15 12 46537.5 0.418 220.99 0.58 12.47 4.53 715.7
2005 4 16 12 46662.2 1.039 202.81 0.58 7.44 -0.91 608.1
2005 4 17 12 46785.8 10.258 184.49 0.58 12.13 3.97 690.7
2005 4 18 12 46908.4 0.517 190.38 0.58 9.09 1.02 570.6
2005 4 19 12 47029.9 4.024 238.25 0.58 10.21 3.33 685.0
2005 4 20 12 47150.2 0.180 226.05 0.58 9.77 1.41 584.1
2005 4 21 12 47269.4 4.642 193.35 0.58 8.65 0.11 602.3
2005 4 22 12 47387.3 20.248 233.41 0.58 12.33 2.91 635.6
2005 4 23 12 47504.0 2.743 225.50 0.58 11.86 4.15 689.8
2005 4 24 12 47619.5 2.867 219.81 0.58 11.99 4.33 701.5
2005 4 25 12 47733.6 4.298 256.22 0.58 8.93 1.42 639.2
2005 4 26 12 47846.4 4.218 218.91 0.58 10.27 2.77 676.8
2005 4 27 12 47957.8 4.771 242.34 0.58 11.18 2.85 681.0
2005 4 28 12 48067.8 3.204 262.89 0.58 11.35 3.90 632.1
2005 4 29 12 48176.4 0.171 229.95 0.58 12.20 3.98 647.9
2005 4 30 12 48283.5 1.988 230.28 0.58 11.03 2.49 665.4
2005 5 1 12 48389.0 2.464 226.03 0.58 14.23 5.63 706.7
2005 5 2 12 48493.1 1.962 231.70 0.58 10.51 3.30 664.7
2005 5 3 12 48595.5 3.941 219.53 0.58 13.10 4.80 718.0
2005 5 4 12 48696.4 0.326 230.86 0.58 13.56 4.96 717.8
2005 5 5 12 48795.7 3.254 231.16 0.58 11.22 3.29 658.4
2005 5 6 12 48893.3 5.574 246.67 0.58 11.80 4.52 663.4
2005 5 7 12 48989.2 1.703 234.17 0.58 13.75 5.81 700.7
2005 5 8 12 49083.3 2.043 237.11 0.58 13.17 3.73 664.8
2005 5 9 12 49175.8 6.894 247.26 0.58 14.19 6.15 717.9
2005 5 10 12 49266.4 2.248 247.67 0.58 14.61 6.89 725.7
2005 5 11 12 49355.3 1.487 239.45 0.58 12.89 5.37 769.7
2005 5 12 12 49442.4 9.817 211.27 0.58 13.43 5.69 657.4
2005 5 13 12 49527.6 7.153 269.36 0.58 14.24 6.72 790.6
2005 5 14 12 49610.9 3.226 259.40 0.58 15.95 6.60 735.8
2005 5 15 12 49692.3 1.813 259.04 0.58 15.01 6.41 725.1
2005 5 16 12 49771.8 13.063 246.77 0.58 13.42 4.91 706.2
2005 5 17 12 49849.4 0.187 262.88 0.58 13.84 6.81 797.1
2005 5 18 12 49924.9 1.812 264.67 0.58 14.95 6.81 728.0
2005 5 19 12 49998.5 1.832 237.49 0.58 16.57 9.65 837.6
2005 5 20 12 50070.1 0.812 244.51 0.58 15.02 7.99 767.5
2005 5 21 12 50139.7 3.238 251.83 0.58 16.05 7.50 728.0
2005 5 22 12 50207.1 3.514 253.05 0.58 13.64 5.23 667.5
2005 5 23 12 50272.5 4.874 238.39 0.58 16.66 8.07 774.9
2005 5 24 12 50335.9 2.473 242.91 0.58 15.61 7.35 764.0
2005 5 25 12 50397.0 2.316 264.38 0.58 14.95 5.74 746.1
2005 5 26 12 50456.1 22.445 219.60 0.58 15.55 6.54 736.6
2005 5 27 12 50513.0 2.649 248.04 0.58 18.65 10.11 774.7
2005 5 28 12 50567.8 1.707 255.37 0.58 18.35 10.74 836.1
2005 5 29 12 50620.3 0.346 248.67 0.58 17.71 9.16 771.9
2005 5 30 12 50670.7 3.717 255.44 0.58 16.29 7.50 763.3
2005 5 31 12 50718.8 8.260 247.15 0.58 17.65 9.30 786.3
2005 6 1 12 50764.8 7.613 268.28 0.58 17.41 8.68 800.6
2005 6 2 12 50808.5 0.457 284.19 0.58 20.35 12.34 807.8
2005 6 3 12 50849.9 2.464 271.23 0.58 16.47 9.96 749.9
2005 6 4 12 50889.0 3.488 280.35 0.58 18.46 10.28 819.0
2005 6 5 12 50925.9 0.768 247.55 0.58 19.01 10.32 813.6
2005 6 6 12 50960.5 0.149 250.41 0.58 16.72 9.08 747.8
2005 6 7 12 50992.8 0.428 248.11 0.58 16.30 7.34 800.1
2005 6 8 12 51022.8 2.338 274.67 0.58 18.03 9.10 806.2
2005 6 9 12 51050.5 1.753 249.92 0.58 18.25 9.46 803.5
2005 6 10 12 51075.8 2.551 265.42 0.58 20.82 11.53 881.2
2005 6 11 12 51098.8 1.164 268.92 0.58 18.99 11.45 855.9
2005 6 12 12 51119.5 2.925 258.62 0.58 19.58 11.25 780.1
2005 6 13 12 51137.8 4.613 271.07 0.58 20.79 11.19 803.3
2005 6 14 12 51153.7 6.139 257.59 0.58 17.85 10.45 774.0
2005 6 15 12 51167.4 1.057 285.35 0.58 17.99 9.00 791.4
2005 6 16 12 51178.6 6.813 274.26 0.58 16.10 8.26 798.8
2005 6 17 12 51187.5 0.971 258.28 0.58 21.56 13.98 848.5
2005 6 18 12 51194.0 3.308 262.75 0.58 20.53 12.16 855.5
2005 6 19 12 51198.1 5.108 218.33 0.58 18.71 10.23 838.2
2005 6 20 12 51199.9 13.342 265.87 0.58 19.74 11.72 850.9
2005 6 21 12 51199.3 3.570 228.10 0.58 17.85 10.35 850.1
2005 6 22 12 51196.4 1.653 246.80 0.58 20.80 13.32 895.9
2005 6 23 12 51191.0 0.095 278.59 0.58 17.48 8.92 746.4
2005 6 24 12 51183.3 2.891 268.28 0.58 19.79 12.66 865.4
2005 6 25 12 51173.3 6.811 264.80 0.58 20.34 11.99 924.1
2005 6 26 12 51160.8 5.592 257.60 0.58 22.46 13.24 918.1
2005 6 27 12 51146.1 8.984 247.05 0.58 20.54 11.97 883.1
2005 6 28 12 51128.9 6.133 244.84 0.58 21.16 13.02 860.4
2005 6 29 12 51109.4 2.116 264.79 0.58 23.11 14.66 913.7
2005 6 30 12 51087.6 2.341 242.72 0.58 20.44 10.80 815.2
2005 7 1 12 51063.4 2.662 259.31 0.58 20.69 11.27 794.8
2005 7 2 12 51036.9 2.710 261.00 0.58 22.76 13.67 861.1
2005 7 3 12 51008.1 4.440 254.18 0.58 20.21 12.82 856.0
2005 7 4 12 50976.9 3.158 245.97 0.58 18.86 9.92 813.3
2005 7 5 12 50943.5 2.681 260.20 0.58 19.79 11.85 845.6
2005 7 6 12 50907.8 1.547 245.87 0.58 20.60 12.49 837.2
2005 7 7 12 50869.7 4.392 258.53 0.58 21.62 13.36 913.1
2005 7 8 12 50829.4 2.765 257.04 0.58 21.46 13.33 870.4
2005 7 9 12 50786.9 0.682 286.40 0.58 21.71 14.08 921.6
2005 7 10 12 50742.1 9.270 265.70 0.58 18.65 10.55 860.6
2005 7 11 12 50695.1 3.656 239.81 0.58 19.90 11.99 799.9
2005 7 12 12 50645.8 2.799 269.93 0.58 20.77 13.06 828.6
2005 7 13 12 50594.3 2.230 240.99 0.58 19.77 10.97 807.7
2005 7 14 12 50540.7 5.060 282.18 0.58 20.77 12.30 837.0
2005 7 15 12 50484.8 2.390 246.63 0.58 20.68 10.66 895.5
2005 7 16 12 50426.8 7.796 280.03 0.58 21.71 12.52 792.1
2005 7 17 12 50366.7 1.531 255.35 0.58 20.93 13.81 899.9
2005 7 18 12 50304.5 5.537 239.95 0.58 22.20 14.12 918.8
2005 7 19 12 50240.1 1.587 237.45 0.58 23.50 16.10 882.4
2005 7 20 12 50173.7 3.292 267.74 0.58 20.12 13.33 900.8
2005 7 21 12 50105.1 0.958 249.97 0.58 21.72 13.18 870.6
2005 7 22 12 50034.6 1.935 240.17 0.58 20.42 13.83 850.8
2005 7 23 12 49962.0 8.265 252.41 0.58 19.04 10.33 756.0
2005 7 24 12 49887.4 0.084 263.20 0.58 20.68 13.02 918.9
2005 7 25 12 49810.8 1.861 261.85 0.58 21.12 11.69 858.7
2005 7 26 12 49732.3 7.254 271.24 0.58 19.67 10.36 739.6
2005 7 27 12 49651.8 9.459 268.68 0.58 21.20 12.93 877.5
2005 7 28 12 49569.5 0.356 258.90 0.58 19.66 11.15 824.3
2005 7 29 12 49485.2 0.603 243.09 0.58 20.07 10.68 830.6
2005 7 30 12 49399.1 1.327 239.29 0.58 21.94 13.52 898.4
2005 7 31 12 49311.1 1.265 212.28 0.58 21.88 14.61 869.4
2005 8 1 12 49221.3 2.408 265.74 0.58 22.27 14.37 863.1
2005 8 2 12 49129.8 10.497 224.62 0.58 23.92 15.70 894.8
2005 8 3 12 49036.5 1.139 256.21 0.58 20.12 11.74 870.7
2005 8 4 12 48941.4 0.918 244.54 0.58 19.55 11.04 776.1
2005 8 5 12 48844.7 2.600 247.29 0.58 22.81 15.65 954.1
2005 8 6 12 48746.2 0.132 252.45 0.58 21.37 12.43 849.6
2005 8 7 12 48646.2 1.118 224.16 0.58 20.35 12.51 824.8
2005 8 8 12 48544.5 0.181 222.57 0.58 18.54 10.14 830.8
2005 8 9 12 48441.3 2.665 234.51 0.58 19.20 10.16 809.8
2005 8 10 12 48336.4 0.380 235.04 0.58 21.24 13.87 892.5
2005 8 11 12 48230.1 2.913 238.11 0.58 21.50 13.65 878.8
2005 8 12 12 48122.3 1.965 234.23 0.58 21.26 13.44 830.9
2005 8 13 12 48013.0 3.550 220.46 0.58 23.17 15.13 868.2
2005 8 14 12 47902.3 0.927 231.54 0.58 20.33 13.03 881.9
2005 8 15 12 47790.2 1.886 234.00 0.58 19.60 10.76 795.9
2005 8 16 12 47676.7 0.911 245.98 0.58 17.19 9.34 782.2
2005 8 17 12 47561.9 1.893 246.34 0.58 18.54 11.28 853.3
2005 8 18 12 47445.8 10.914 221.26 0.58 19.91 11.72 883.1
2005 8 19 12 47328.5 0.374 234.46 0.58 21.27 11.86 837.8
2005 8 20 12 47209.9 1.528 245.89 0.58 19.02 11.86 808.7
2005 8 21 12 47090.2 1.906 214.98 0.58 19.89 12.43 793.4
2005 8 22 12 46969.3 2.766 206.79 0.58 21.20 13.02 836.7
2005 8 23 12 46847.3 2.248 213.24 0.58 20.86 12.50 933.6
2005 8 24 12 46724.2 1.823 210.05 0.58 21.63 13.86 903.7
2005 8 25 12 46600.0 2.188 232.85 0.58 16.71 8.65 791.5
2005 8 26 12 46474.8 1.906 233.31 0.58 19.41 11.58 790.5
2005 8 27 12 46348.7 1.130 239.06 0.58 18.34 10.28 867.7
2005 8 28 12 46221.7 1.204 218.62 0.58 17.23 7.18 712.6
2005 8 29 12 46093.7 3.863 225.78 0.58 18.83 11.00 822.2
2005 8 30 12 45964.9 2.347 213.41 0.58 19.55 11.16 856.0
2005 8 31 12 45835.3 3.246 240.35 0.58 18.93 11.09 837.1
2005 9 1 12 45704.9 1.509 223.88 0.58 16.23 7.28 739.4
2005 9 2 12 45573.7 5.648 215.46 0.58 20.43 12.49 829.7
2005 9 3 12 45441.8 0.483 208.54 0.58 18.99 11.39 834.6
2005 9 4 12 45309.3 0.466 209.22 0.58 15.95 7.04 713.4
2005 9 5 12 45176.2 0.429 210.37 0.58 16.51 9.21 786.8
2005 9 6 12 45042.4 3.246 186.42 0.58 18.42 11.20 841.2
2005 9 7 12 44908.2 1.422 177.90 0.58 18.02 9.86 815.0
2005 9 8 12 44773.4 0.919 224.62 0.58 18.40 10.46 787.9
2005 9 9 12 44638.1 0.127 190.96 0.58 17.01 8.08 773.3
2005 9 10 12 44502.5 0.917 189.48 0.58 16.37 8.07 751.3
2005 9 11 12 44366.4 1.142 187.15 0.58 17.93 10.80 827.5
2005 9 12 12 44230.0 0.002 203.67 0.58 17.35 9.10 792.2
2005 9 13 12 44093.3 1.596 178.91 0.58 14.97 7.18 740.7
2005 9 14 12 43956.3 0.939 171.85 0.58 15.65 7.79 769.1
2005 9 15 12 43819.1 0.180 187.14 0.58 15.00 6.22 716.4
2005 9 16 12 43681.7 0.978 169.71 0.58 14.69 5.56 696.9
2005 9 17 12 43544.2 0.676 183.54 0.58 15.43 6.07 803.5
2005 9 18 12 43406.5 0.026 175.54 0.58 14.52 5.88 714.6
2005 9 19 12 43268.9 2.871 194.33 0.58 14.18 5.45 734.5
2005 9 20 12 43131.1 0.213 191.53 0.58 15.22 7.23 728.8
2005 9 21 12 42993.5 0.563 145.61 0.58 13.49 5.22 641.5
2005 9 22 12 42855.8 0.930 182.83 0.58 15.47 6.97 711.5
2005 9 23 12 42718.3 0.396 143.45 0.58 13.57 6.90 696.1
2005 9 24 12 42580.9 2.488 187.21 0.58 16.18 8.83 766.6
2005 9 25 12 42443.7 0.862 178.68 0.58 16.62 9.13 848.3
2005 9 26 12 42306.7 1.642 198.34 0.58 15.27 5.86 756.8
2005 9 27 12 42170.0 0.680 202.41 0.58 17.43 8.38 747.8
2005 9 28 12 42033.6 3.847 163.41 0.58 14.19 8.18 809.3
2005 9 29 12 41897.5 0.600 166.43 0.58 14.81 7.51 779.2
2005 9 30 12 41761.9 2.092 161.11 0.58 14.73 6.80 706.8
2005 10 1 12 41626.6 1.613 198.97 0.58 13.06 4.04 676.2
2005 10 2 12 41491.8 1.980 178.25 0.58 12.26 4.05 701.3
2005 10 3 12 41357.6 0.622 168.59 0.58 12.66 4.04 670.1
2005 10 4 12 41223.8 0.576 149.56 0.58 12.31 2.92 655.7
2005 10 5 12 41090.7 0.797 142.39 0.58 14.53 4.49 703.2
2005 10 6 12 40958.2 0.946 159.44 0.58 14.79 6.97 760.2
2005 10 7 12 40826.3 0.041 174.14 0.58 13.82 5.78 712.0
2005 10 8 12 40695.1 2.524 154.49 0.58 12.45 4.06 667.5
2005 10 9 12 40564.7 0.079 143.08 0.58 10.99 3.17 644.2
2005 10 10 12 40435.1 0.668 173.65 0.58 9.89 2.64 730.6
2005 10 11 12 40306.3 0.595 151.98 0.58 11.07 2.71 589.6
2005 10 12 12 40178.3 0.769 160.76 0.58 8.75 0.93 655.8
2005 10 13 12 40051.3 1.777 164.96 0.58 11.20 2.68 649.0
2005 10 14 12 39925.2 0.375 158.56 0.58 11.23 3.38 671.7
2005 10 15 12 39800.0 1.268 130.59 0.58 12.41 5.22 717.3
2005 10 16 12 39675.8 1.470 154.66 0.58 6.53 -1.96 586.4
2005 10 17 12 39552.7 0.193 109.34 0.58 8.10 0.07 585.1
2005 10 18 12 39430.7 1.145 142.88 0.58 7.87 -0.18 617.7
2005 10 19 12 39309.8 0.842 155.82 0.58 10.23 2.17 701.6
2005 10 20 12 39190.1 0.138 133.76 0.58 11.65 4.43 652.6
2005 10 21 12 39071.5 0.333 138.45 0.58 8.86 0.30 662.5
2005 10 22 12 38954.2 0.257 143.14 0.58 7.89 -0.98 548.1
2005 10 23 12 38838.1 1.075 131.60 0.58 9.52 1.85 562.0
2005 10 24 12 38723.3 0.125 121.90 0.58 9.70 2.72 610.4
2005 10 25 12 38609.8 0.188 97.60 0.58 4.92 -3.61 558.3
2005 10 26 12 38497.7 2.232 167.90 0.58 5.38 -3.71 532.3
2005 10 27 12 38387.0 0.948 132.41 0.58 9.35 1.20 665.0
2005 10 28 12 38277.7 0.488 137.26 0.58 7.47 -0.71 613.2
2005 10 29 12 38169.9 2.078 131.31 0.58 6.42 -1.16 578.5
2005 10 30 12 38063.6 0.895 115.72 0.58 6.88 0.29 643.4
2005 10 31 12 37958.7 1.609 120.63 0.58 4.71 -2.60 545.5
2005 11 1 12 37855.5 0.695 123.91 0.58 5.74 -2.13 560.6
2005 11 2 12 37753.8 2.024 148.05 0.58 6.09 -2.63 519.2
2005 11 3 12 37653.8 0.137 133.54 0.58 3.59 -4.91 487.1
2005 11 4 12 37555.3 1.725 114.29 0.58 6.47 -2.65 529.7
2005 11 5 12 37458.6 0.542 113.74 0.58 6.24 -1.65 527.0
2005 11 6 12 37363.5 1.695 137.84 0.58 5.89 -2.78 492.5
2005 11 7 12 37270.2 0.466 107.51 0.58 7.47 -0.26 581.5
2005 11 8 12 37178.7 1.440 132.89 0.58 6.03 -1.60 601.3
2005 11 9 12 37088.9 1.092 118.79 0.58 6.99 -1.16 579.2
2005 11 10 12 37000.9 0.375 117.16 0.58 5.49 -2.93 497.8
2005 11 11 12 36914.8 0.678 98.72 0.58 5.51 -2.74 546.2
2005 11 12 12 36830.5 1.551 127.98 0.58 3.67 -4.90 451.9
2005 11 13 12 36748.2 3.367 131.54 0.58 5.07 -3.78 537.4
2005 11 14 12 36667.7 1.141 79.77 0.58 4.92 -2.15 550.2
2005 11 15 12 36589.2 1.566 141.37 0.58 5.73 -2.69 555.0
2005 11 16 12 36512.6 0.410 112.45 0.58 5.97 -2.68 580.3
2005 11 17 12 36438.0 0.462 131.25 0.58 4.22 -3.88 541.1
2005 11 18 12 36365.4 0.894 117.23 0.58 5.52 -1.80 566.9
2005 11 19 12 36294.9 1.100 134.55 0.58 0.81 -7.73 458.9
2005 11 20 12 36226.3 2.151 152.65 0.58 2.33 -7.89 414.1
2005 11 21 12 36159.9 0.040 113.50 0.58 -0.02 -8.60 474.2
2005 11 22 12 36095.5 0.570 132.61 0.58 0.82 -7.09 449.9
2005 11 23 12 36033.3 0.115 113.72 0.58 3.60 -4.93 493.9
2005 11 24 12 35973.2 0.497 120.43 0.58 1.51 -6.06 530.0
2005 11 25 12 35915.2 2.231 82.75 0.58 2.88 -4.95 491.6
2005 11 26 12 35859.3 0.856 110.20 0.58 3.93 -5.81 485.7
2005 11 27 12 35805.7 0.309 105.65 0.58 1.10 -7.64 471.4
2005 11 28 12 35754.2 0.124 100.39 0.58 2.31 -4.66 529.7
2005 11 29 12 35704.9 0.332 106.29 0.58 2.94 -5.61 514.8
2005 11 30 12 35657.9 1.029 108.07 0.58 2.08 -7.04 437.8
2005 12 1 12 35613.1 1.090 99.80 0.58 1.46 -6.77 440.0
2005 12 2 12 35570.6 0.847 110.58 0.58 -1.34 -8.59 432.8
2005 12 3 12 35530.3 0.163 94.83 0.58 1.23 -7.03 463.2
2005 12 4 12 35492.2 1.231 70.18 0.58 1.50 -7.39 466.8
2005 12 5 12 35456.5 0.123 85.66 0.58 0.25 -6.69 457.7
2005 12 6 12 35423.1 1.852 40.89 0.58 -0.19 -8.45 448.3
2005 12 7 12 35391.9 3.161 89.55 0.58 -1.72 -10.06 400.5
2005 12 8 12 35363.1 0.001 115.35 0.58 -0.15 -9.60 432.3
2005 12 9 12 35336.6 1.816 108.55 0.58 1.31 -6.96 449.0
2005 12 10 12 35312.4 1.434 106.77 0.58 0.16 -9.17 439.8
2005 12 11 12 35290.6 2.180 118.98 0.58 1.08 -7.23 445.1
2005 12 12 12 35271.1 0.572 84.48 0.58 3.06 -4.10 548.4
2005 12 13 12 35253.9 0.258 94.57 0.58 0.03 -9.21 473.7
2005 12 14 12 35239.2 0.961 118.28 0.58 1.85 -7.01 480.2
2005 12 15 12 35226.7 0.814 90.18 0.58 0.10 -6.64 439.4
2005 12 16 12 35216.7 2.936 118.04 0.58 -0.45 -8.53 424.6
2005 12 17 12 35209.0 0.246 105.74 0.58 -0.63 -9.79 405.0
2005 12 18 12 35203.6 0.933 97.11 0.58 -4.52 -12.35 387.0
2005 12 19 12 35200.7 1.614 101.03 0.58 -1.89 -10.43 339.5
2005 12 20 12 35200.1 0.389 97.35 0.58 -1.07 -9.60 400.6
2005 12 21 12 35201.9 1.141 95.82 0.58 -1.08 -10.80 348.1
2005 12 22 12 35206.0 2.395 94.50 0.58 -3.46 -11.35 341.4
2005 12 23 12 35212.5 1.848 106.95 0.58 -2.01 -10.11 398.8
2005 12 24 12 35221.4 0.162 114.27 0.58 0.28 -7.43 469.9
2005 12 25 12 35232.6 3.305 98.01 0.58 -0.03 -8.37 419.9
2005 12 26 12 35246.3 1.893 106.35 0.58 -0.69 -9.57 349.4
2005 12 27 12 35262.2 2.537 99.59 0.58 2.20 -7.29 502.5
2005 12 28 12 35280.5 1.977 112.44 0.58 -0.12 -6.92 467.4
2005 12 29 12 35301.2 1.643 93.68 0.58 0.19 -8.98 429.8
2005 12 30 12 35324.2 2.151 92.24 0.58 -0.78 -10.41 407.3
2005 12 31 12 35349.5 0.943 117.51 0.58 0.10 -6.42 445.9
2006 1 1 12 35377.2 1.467 112.58 0.58 -1.40 -10.20 428.9
2006 1 2 12 35407.2 1.419 112.48 0.58 -0.11 -8.04 441.9
2006 1 3 12 35439.5 0.167 116.26 0.58 -4.09 -14.14 308.9
2006 1 4 12 35474.1 0.178 96.11 0.58 -1.03 -8.40 453.5
2006 1 5 12 35511.0 0.293 112.27 0.58 -1.38 -9.63 405.8
2006 1 6 12 35550.1 0.339 123.77 0.58 -2.16 -10.26 355.7
2006 1 7 12 35591.5 2.789 137.80 0.58 0.46 -7.46 438.5
2006 1 8 12 35635.2 1.664 113.05 0.58 -1.12 -9.55 476.3
2006 1 9 12 35681.2 0.230 106.18 0.58 -2.39 -10.96 388.9
2006 1 10 12 35729.3 2.061 111.46 0.58 -2.23 -11.01 381.7
2006 1 11 12 35779.7 1.836 94.04 0.58 -3.02 -10.23 415.2
2006 1 12 12 35832.2 2.548 106.46 0.58 -4.15 -10.84 397.1
2006 1 13 12 35887.0 0.853 85.76 0.58 -3.78 -13.75 298.8
2006 1 14 12 35943.9 0.346 86.09 0.58 -5.51 -13.42 334.7
2006 1 15 12 36003.0 2.331 127.12 0.58 -3.58 -10.89 357.3
2006 1 16 12 36064.1 1.306 91.24 0.58 -1.68 -9.22 465.2
2006 1 17 12 36127.5 0.390 92.88 0.58 -1.89 -10.15 409.4
2006 1 18 12 36192.9 5.855 111.67 0.58 -2.62 -11.51 381.9
2006 1 19 12 36260.3 0.747 128.31 0.58 -4.47 -11.60 375.4
2006 1 20 12 36329.9 1.863 101.84 0.58 0.20 -10.34 374.4
2006 1 21 12 36401.5 2.285 88.82 0.58 -7.78 -15.95 346.0
2006 1 22 12 36475.1 0.902 117.49 0.58 -2.21 -10.56 399.1
2006 1 23 12 36550.6 5.690 144.90 0.58 1.98 -4.98 480.3
2006 1 24 12 36628.2 1.108 86.38 0.58 -1.26 -9.89 394.4
2006 1 25 12 36707.7 1.738 85.55 0.58 -3.56 -10.99 400.3
2006 1 26 12 36789.1 0.872 110.95 0.58 -1.48 -8.52 448.8
2006 1 27 12 36872.4 2.009 150.85 0.58 -1.79 -10.11 393.7
2006 1 28 12 36957.6 1.870 99.71 0.58 -2.02 -9.30 398.1
2006 1 29 12 37044.7 2.122 104.28 0.58 1.18 -7.08 464.8
2006 1 30 12 37133.6 1.000 128.84 0.58 -0.94 -9.46 388.0
2006 1 31 12 37224.2 1.220 137.85 0.58 -1.86 -10.02 378.2
2006 2 1 12 37316.7 0.273 119.28 0.58 -1.19 -8.31 409.5
2006 2 2 12 37410.8 0.386 159.88 0.58 -2.26 -11.61 346.6
2006 2 3 12 37506.7 3.388 132.76 0.58 -3.09 -10.41 359.1
2006 2 4 12 37604.3 4.452 109.38 0.58 -2.86 -10.87 361.2
2006 2 5 12 37703.6 0.715 129.55 0.58 -0.74 -9.28 394.7
2006 2 6 12 37804.5 0.368 117.91 0.58 -1.26 -10.50 389.6
2006 2 7 12 37906.9 0.883 135.32 0.58 -2.83 -11.80 339.4
2006 2 8 12 38011.0 11.039 132.79 0.58 0.06 -8.44 486.9
2006 2 9 12 38116.5 7.401 132.29 0.58 -1.62 -9.19 405.0
2006 2 10 12 38223.6 0.767 105.56 0.58 -0.07 -7.87 383.1
2006 2 11 12 38332.2 4.143 153.54 0.58 -2.36 -10.24 397.9
2006 2 12 12 38442.2 0.876 142.83 0.58 -1.34 -9.51 433.3
2006 2 13 12 38553.6 1.020 109.55 0.58 -1.50 -9.88 386.8
2006 2 14 12 38666.4 7.599 159.15 0.58 -1.48 -11.96 368.6
2006 2 15 12 38780.5 1.185 135.33 0.58 -1.92 -9.83 422.3
2006 2 16 12 38896.0 0.367 108.47 0.58 -0.43 -9.01 445.5
2006 2 17 12 39012.7 1.837 151.29 0.58 -0.94 -9.40 409.6
2006 2 18 12 39130.6 0.398 173.12 0.58 -1.11 -9.69 410.6
2006 2 19 12 39249.8 0.600 144.28 0.58 -4.10 -11.02 388.7
2006 2 20 12 39370.1 2.056 165.10 0.58 -0.07 -7.52 446.8
2006 2 21 12 39491.6 0.315 144.08 0.58 -0.48 -7.63 452.8
2006 2 22 12 39614.2 1.148 129.68 0.58 -1.59 -10.73 422.1
2006 2 23 12 39737.8 8.440 171.44 0.58 -0.85 -7.74 462.3
2006 2 24 12 39862.5 4.315 146.46 0.58 -2.38 -9.78 339.9
2006 2 25 12 39988.1 3.677 143.82 0.58 -0.18 -9.22 397.3
2006 2 26 12 40114.7 4.047 141.82 0.58 -0.04 -7.84 411.5
2006 2 27 12 40242.2 1.455 161.19 0.58 -1.21 -10.36 393.1
2006 2 28 12 40370.6 1.232 160.63 0.58 -1.26 -10.41 391.8
2006 3 1 12 40499.8 2.897 156.86 0.58 -0.38 -8.64 394.6
2006 3 2 12 40629.8 1.543 168.65 0.58 3.18 -5.90 504.1
2006 3 3 12 40760.6 0.875 157.16 0.58 0.81 -7.61 511.2
2006 3 4 12 40892.1 0.967 144.27 0.58 0.30 -7.73 442.5
2006 3 5 12 41024.3 0.874 148.65 0.58 -1.03 -8.95 409.5
2006 3 6 12 41157.2 3.013 168.56 0.58 -0.87 -8.23 433.4
2006 3 7 12 41290.6 6.500 157.04 0.58 0.45 -8.04 429.9
2006 3 8 12 41424.6 1.184 151.95 0.58 1.02 -6.58 471.5
2006 3 9 12 41559.2 4.184 165.02 0.58 1.29 -7.89 415.3
2006 3 10 12 41694.2 0.555 185.74 0.58 -0.05 -7.96 416.3
2006 3 11 12 41829.7 4.210 141.40 0.58 2.06 -5.49 531.1
2006 3 12 12 41965.5 0.091 191.01 0.58 -1.24 -9.26 408.7
2006 3 13 12 42101.8 0.603 147.92 0.58 2.54 -6.14 474.5
2006 3 14 12 42238.3 0.917 166.53 0.58 0.38 -8.43 467.6
2006 3 15 12 42375.2 2.051 187.59 0.58 1.46 -7.76 412.9
2006 3 16 12 42512.3 2.058 177.44 0.58 2.00 -6.74 422.0
2006 3 17 12 42649.6 3.759 163.92 0.58 5.45 -2.83 588.3
2006 3 18 12 42787.0 11.968 180.78 0.58 1.30 -7.21 480.1
2006 3 19 12 42924.6 6.190 171.64 0.58 5.15 -3.65 531.1
2006 3 20 12 43062.3 6.494 183.06 0.58 3.74 -3.48 539.1
2006 3 21 12 43200.0 1.972 192.82 0.58 3.74 -4.48 484.9
2006 3 22 12 43337.7 4.446 184.80 0.58 1.80 -7.36 440.0
2006 3 23 12 43475.4 1.840 175.49 0.58 4.03 -4.58 578.3
2006 3 24 12 43613.0 0.349 162.25 0.58 4.27 -1.85 586.9
2006 3 25 12 43750.4 1.517 183.29 0.58 2.75 -5.20 491.3
2006 3 26 12 43887.7 1.435 204.84 0.58 4.13 -3.29 535.1
2006 3 27 12 44024.8 1.176 199.04 0.58 3.44 -4.63 461.1
2006 3 28 12 44161.7 0.516 192.27 0.58 4.65 -2.41 556.4
2006 3 29 12 44298.2 1.285 211.28 0.58 6.34 -1.99 533.2
2006 3 30 12 44434.5 1.284 197.17 0.58 3.50 -4.87 530.3
2006 3 31 12 44570.3 0.967 171.77 0.58 5.47 -2.33 584.4
2006 4 1 12 44705.8 0.616 186.57 0.58 4.00 -4.81 492.0
2006 4 2 12 44840.8 14.018 196.15 0.58 4.78 -2.54 546.3
2006 4 3 12 44975.4 6.547 213.93 0.58 5.03 -3.68 575.5
2006 4 4 12 45109.4 1.923 187.63 0.58 4.12 -3.61 503.2
2006 4 5 12 45242.8 3.851 195.85 0.58 8.11 0.30 659.3
2006 4 6 12 45375.7 4.302 201.09 0.58 5.98 -3.15 581.1
2006 4 7 12 45507.9 0.654 210.81 0.58 7.31 -0.60 571.9
2006 4 8 12 45639.4 1.402 200.62 0.58 5.74 -2.25 561.4
2006 4 9 12 45770.2 1.941 195.73 0.58 8.87 0.08 551.1
2006 4 10 12 45900.2 0.823 217.80 0.58 6.91 -2.57 526.6
2006 4 11 12 46029.4 5.900 226.97 0.58 6.43 -0.76 581.6
2006 4 12 12 46157.8 13.305 219.01 0.58 7.66 1.34 615.1
2006 4 13 12 46285.3 2.446 220.02 0.58 7.80 -1.09 547.5
2006 4 14 12 46411.9 0.836 223.56 0.58 8.78 1.18 625.1
2006 4 15 12 46537.5 4.092 234.28 0.58 8.56 0.67 630.5
2006 4 16 12 46662.2 1.286 208.81 0.58 10.30 2.27 621.5
2006 4 17 12 46785.8 1.323 254.73 0.58 6.46 -2.21 506.8
2006 4 18 12 46908.4 4.280 224.58 0.58 8.62 -0.20 629.8
2006 4 19 12 47029.9 0.570 209.46 0.58 10.00 1.75 630.1
2006 4 20 12 47150.2 3.174 233.53 0.58 8.91 -0.51 544.0
2006 4 21 12 47269.4 1.210 230.72 0.58 9.37 0.50 609.4
2006 4 22 12 47387.3 12.773 221.53 0.58 13.09 4.37 699.3
2006 4 23 12 47504.0 0.860 238.29 0.58 7.36 -0.50 568.9
2006 4 24 12 47619.5 3.735 235.04 0.58 12.32 2.77 647.3
2006 4 25 12 47733.6 2.853 210.34 0.58 8.75 0.67 683.2
2006 4 26 12 47846.4 9.018 231.33 0.58 9.05 0.28 585.3
2006 4 27 12 47957.8 4.199 218.76 0.58 11.40 4.50 675.8
2006 4 28 12 48067.8 1.215 217.77 0.58 8.75 1.52 591.6
2006 4 29 12 48176.4 1.548 204.89 0.58 9.59 2.29 586.8
2006 4 30 12 48283.5 4.604 222.72 0.58 11.83 3.05 643.3
2006 5 1 12 48389.0 5.039 224.18 0.58 12.39 4.41 657.6
2006 5 2 12 48493.1 0.522 238.26 0.58 9.71 1.17 624.3
2006 5 3 12 48595.5 1.073 237.30 0.58 15.22 6.74 767.8
2006 5 4 12 48696.4 6.619 227.49 0.58 8.99 0.34 599.8
2006 5 5 12 48795.7 6.883 255.73 0.58 12.65 5.22 745.6
2006 5 6 12 48893.3 9.280 219.86 0.58 12.82 3.52 590.8
2006 5 7 12 48989.2 4.605 234.35 0.58 14.37 5.33 672.9
2006 5 8 12 49083.3 4.424 231.94 0.58 17.00 8.42 784.9
2006 5 9 12 49175.8 7.157 238.56 0.58 15.01 6.92 720.3
2006 5 10 12 49266.4 6.313 236.28 0.58 13.47 6.55 775.6
2006 5 11 12 49355.3 1.731 223.45 0.58 13.02 5.12 741.4
2006 5 12 12 49442.4 5.755 234.11 0.58 15.29 7.79 817.9
2006 5 13 12 49527.6 6.906 226.46 0.58 14.17 5.72 730.5
2006 5 14 12 49610.9 1.375 269.39 0.58 14.90 8.05 745.8
2006 5 15 12 49692.3 1.049 238.99 0.58 14.06 4.97 737.2
2006 5 16 12 49771.8 7.099 232.21 0.58 13.38 4.65 715.3
2006 5 17 12 49849.4 1.192 275.04 0.58 13.98 6.05 724.6
2006 5 18 12 49924.9 5.726 266.61 0.58 14.20 5.40 696.3
2006 5 19 12 49998.5 1.906 241.42 0.58 17.90 10.57 788.5
2006 5 20 12 50070.1 2.683 237.42 0.58 16.64 7.84 778.8
2006 5 21 12 50139.7 6.512 268.04 0.58 16.12 7.80 770.7
2006 5 22 12 50207.1 3.265 249.05 0.58 14.47 6.01 643.0
2006 5 23 12 50272.5 1.285 232.70 0.58 17.19 9.69 773.2
2006 5 24 12 50335.9 1.027 267.86 0.58 15.00 7.13 737.4
2006 5 25 12 50397.0 4.888 242.84 0.58 15.25 5.69 756.4
2006 5 26 12 50456.1 1.387 251.66 0.58 14.93 7.11 692.9
2006 5 27 12 50513.0 0.823 265.55 0.58 16.38 7.84 741.5
2006 5 28 12 50567.8 2.677 256.70 0.58 16.67 8.34 785.3
2006 5 29 12 50620.3 2.398 251.61 0.58 17.67 9.56 818.4
2006 5 30 12 50670.7 1.043 261.76 0.58 17.62 9.33 800.0
2006 5 31 12 50718.8 2.904 240.23 0.58 19.51 10.76 827.4
2006 6 1 12 50764.8 9.355 258.61 0.58 18.73 10.37 799.5
2006 6 2 12 50808.5 0.404 240.88 0.58 17.32 8.30 805.2
2006 6 3 12 50849.9 0.398 227.53 0.58 18.51 9.41 802.5
2006 6 4 12 50889.0 8.322 245.13 0.58 20.43 12.35 825.2
2006 6 5 12 50925.9 1.060 253.46 0.58 18.10 9.28 797.4
2006 6 6 12 50960.5 3.185 255.14 0.58 18.16 11.22 848.9
2006 6 7 12 50992.8 2.805 252.78 0.58 17.30 7.57 693.9
2006 6 8 12 51022.8 0.252 231.62 0.58 19.24 9.97 811.1
2006 6 9 12 51050.5 11.124 277.57 0.58 18.50 9.65 806.8
2006 6 10 12 51075.8 1.640 269.79 0.58 20.08 12.74 856.7
2006 6 11 12 51098.8 12.749 280.08 0.58 17.04 8.22 758.2
2006 6 12 12 51119.5 0.285 274.23 0.58 19.54 11.61 866.4
2006 6 13 12 51137.8 1.316 262.91 0.58 18.69 11.27 835.2
2006 6 14 12 51153.7 2.826 252.46 0.58 19.92 11.60 808.2
2006 6 15 12 51167.4 3.109 242.62 0.58 21.59 13.53 835.6
2006 6 16 12 51178.6 1.038 278.40 0.58 18.84 12.03 901.9
2006 6 17 12 51187.5 0.825 252.59 0.58 17.94 10.22 831.1
2006 6 18 12 51194.0 0.747 271.35 0.58 20.51 12.16 872.9
2006 6 19 12 51198.1 4.779 257.24 0.58 20.85 13.92 882.2
2006 6 20 12 51199.9 3.214 256.04 0.58 21.98 14.44 873.7
2006 6 21 12 51199.3 3.388 253.92 0.58 18.91 10.73 835.1
2006 6 22 12 51196.4 7.634 269.34 0.58 19.15 9.31 854.3
2006 6 23 12 51191.0 1.796 270.73 0.58 20.75 12.73 851.4
2006 6 24 12 51183.3 0.456 258.94 0.58 18.69 9.79 757.2
2006 6 25 12 51173.3 2.968 263.57 0.58 19.16 11.01 818.9
2006 6 26 12 51160.8 6.075 273.11 0.58 21.24 13.34 864.7
2006 6 27 12 51146.1 6.203 230.73 0.58 22.23 13.78 908.9
2006 6 28 12 51128.9 7.745 247.60 0.58 19.01 8.96 805.2
2006 6 29 12 51109.4 0.720 264.46 0.58 19.54 10.15 794.2
2006 6 30 12 51087.6 2.037 246.95 0.58 15.99 8.55 755.5
2006 7 1 12 51063.4 3.660 264.41 0.58 22.40 11.85 798.0
2006 7 2 12 51036.9 1.434 252.12 0.58 22.93 14.81 916.3
2006 7 3 12 51008.1 1.340 246.51 0.58 21.09 12.39 829.9
2006 7 4 12 50976.9 1.682 258.65 0.58 18.15 9.80 795.3
2006 7 5 12 50943.5 1.349 259.04 0.58 22.30 14.35 872.3
2006 7 6 12 50907.8 4.116 266.68 0.58 23.05 14.95 905.7
2006 7 7 12 50869.7 0.565 267.29 0.58 19.36 11.62 849.3
2006 7 8 12 50829.4 1.047 253.35 0.58 22.58 15.32 900.5
2006 7 9 12 50786.9 4.030 261.96 0.58 19.52 11.62 807.5
2006 7 10 12 50742.1 5.674 240.18 0.58 22.48 12.66 874.2
2006 7 11 12 50695.1 1.531 246.73 0.58 19.98 11.24 836.8
2006 7 12 12 50645.8 0.666 281.35 0.58 21.30 14.55 826.6
2006 7 13 12 50594.3 3.128 294.61 0.58 21.31 12.52 828.1
2006 7 14 12 50540.7 11.944 246.45 0.58 20.85 13.76 847.3
2006 7 15 12 50484.8 0.354 285.81 0.58 20.28 11.86 851.7
2006 7 16 12 50426.8 5.229 227.51 0.58 22.10 13.10 848.9
2006 7 17 12 50366.7 1.367 238.21 0.58 23.15 15.35 926.7
2006 7 18 12 50304.5 3.694 269.57 0.58 24.11 17.18 1009.5
2006 7 19 12 50240.1 0.716 252.05 0.58 22.19 14.74 910.4
2006 7 20 12 50173.7 5.828 263.96 0.58 21.84 13.49 846.8
2006 7 21 12 50105.1 4.165 257.28 0.58 19.60 10.72 815.8
2006 7 22 12 50034.6 9.021 243.00 0.58 21.50 13.61 843.5
2006 7 23 12 49962.0 3.711 243.40 0.58 19.90 11.33 861.0
2006 7 24 12 49887.4 3.532 256.99 0.58 21.36 12.48 843.4
2006 7 25 12 49810.8 4.014 239.03 0.58 18.17 10.27 773.7
2006 7 26 12 49732.3 3.515 249.56 0.58 20.35 12.38 860.6
2006 7 27 12 49651.8 1.385 214.35 0.58 20.86 12.76 848.4
2006 7 28 12 49569.5 1.411 233.13 0.58 22.97 13.37 905.5
2006 7 29 12 49485.2 4.161 225.81 0.58 21.21 13.38 884.3
2006 7 30 12 49399.1 2.351 228.61 0.58 20.94 12.84 853.2
2006 7 31 12 49311.1 0.569 237.52 0.58 22.05 13.72 903.2
2006 8 1 12 49221.3 2.631 231.68 0.58 20.67 11.38 860.8
2006 8 2 12 49129.8 1.284 243.92 0.58 22.29 13.39 860.6
2006 8 3 12 49036.5 1.350 259.53 0.58 20.21 12.18 868.9
2006 8 4 12 48941.4 0.243 226.83 0.58 20.15 11.20 856.2
2006 8 5 12 48844.7 1.641 237.52 0.58 22.06 13.32 834.7
2006 8 6 12 48746.2 1.747 216.67 0.58 21.13 12.95 851.8
2006 8 7 12 48646.2 2.875 245.13 0.58 22.43 14.00 852.4
2006 8 8 12 48544.5 1.348 225.46 0.58 22.29 14.79 952.4
2006 8 9 12 48441.3 0.181 229.90 0.58 21.69 14.10 909.5
2006 8 10 12 48336.4 0.370 209.51 0.58 20.90 12.96 876.4
2006 8 11 12 48230.1 1.233 231.35 0.58 21.69 13.01 850.1
2006 8 12 12 48122.3 0.522 209.74 0.58 21.04 11.80 823.7
2006 8 13 12 48013.0 6.038 195.09 0.58 20.31 12.21 787.2
2006 8 14 12 47902.3 4.376 243.09 0.58 18.82 11.23 827.2
2006 8 15 12 47790.2 2.273 207.04 0.58 20.99 13.25 844.6
2006 8 16 12 47676.7 0.728 210.85 0.58 20.56 12.14 864.6
2006 8 17 12 47561.9 0.624 227.50 0.58 20.52 13.19 888.7
2006 8 18 12 47445.8 5.234 215.75 0.58 21.83 13.65 891.8
2006 8 19 12 47328.5 0.685 199.86 0.58 20.63 12.41 842.7
2006 8 20 12 47209.9 2.654 227.57 0.58 18.94 9.41 797.6
2006 8 21 12 47090.2 3.618 203.08 0.58 22.78 15.32 944.8
2006 8 22 12 46969.3 1.735 210.90 0.58 19.32 11.28 834.7
2006 8 23 12 46847.3 0.863 212.65 0.58 20.73 12.92 908.5
2006 8 24 12 46724.2 5.646 216.63 0.58 20.72 13.72 863.7
2006 8 25 12 46600.0 0.839 218.26 0.58 21.05 12.13 836.9
2006 8 26 12 46474.8 0.111 227.55 0.58 22.98 14.90 882.7
2006 8 27 12 46348.7 3.480 228.75 0.58 19.61 10.98 813.9
2006 8 28 12 46221.7 0.853 205.87 0.58 17.86 9.68 745.5
2006 8 29 12 46093.7 1.246 223.96 0.58 20.29 12.56 882.4
2006 8 30 12 45964.9 1.224 211.46 0.58 20.36 13.76 873.7
2006 8 31 12 45835.3 3.030 202.74 0.58 17.66 8.60 716.3
2006 9 1 12 45704.9 2.551 195.39 0.58 18.70 10.62 776.0
2006 9 2 12 45573.7 1.510 209.60 0.58 19.39 10.82 805.3
2006 9 3 12 45441.8 1.224 201.09 0.58 18.17 10.24 827.3
2006 9 4 12 45309.3 1.395 185.90 0.58 20.77 12.69 870.5
2006 9 5 12 45176.2 1.152 158.00 0.58 19.07 10.55 807.1
2006 9 6 12 45042.4 1.397 221.90 0.58 16.31 8.40 785.8
2006 9 7 12 44908.2 3.812 167.87 0.58 17.79 9.04 778.4
2006 9 8 12 44773.4 0.207 222.23 0.58 16.28 8.56 760.1
2006 9 9 12 44638.1 2.667 203.34 0.58 14.98 7.42 806.3
2006 9 10 12 44502.5 0.540 186.32 0.58 15.81 7.81 747.3
2006 9 11 12 44366.4 0.462 210.82 0.58 18.65 11.48 823.6
2006 9 12 12 44230.0 0.436 213.59 0.58 17.47 10.95 848.5
2006 9 13 12 44093.3 0.123 208.12 0.58 15.82 8.07 793.4
2006 9 14 12 43956.3 2.430 176.30 0.58 14.52 6.22 745.3
2006 9 15 12 43819.1 0.431 189.04 0.58 15.22 6.32 720.1
2006 9 16 12 43681.7 2.610 171.95 0.58 17.86 10.07 810.3
2006 9 17 12 43544.2 1.158 192.39 0.58 17.41 9.67 781.4
2006 9 18 12 43406.5 2.158 179.45 0.58 18.02 9.46 794.0
2006 9 19 12 43268.9 2.836 176.04 0.58 15.39 7.68 730.2
2006 9 20 12 43131.1 0.277 159.07 0.58 14.25 6.53 686.1
2006 9 21 12 42993.5 0.902 189.51 0.58 15.49 7.66 674.2
2006 9 22 12 42855.8 2.136 201.93 0.58 16.93 8.73 719.7
2006 9 23 12 42718.3 2.406 181.18 0.58 18.22 10.15 793.0
2006 9 24 12 42580.9 0.671 178.49 0.58 15.45 7.80 764.7
2006 9 25 12 42443.7 0.028 181.78 0.58 15.51 6.81 760.4
2006 9 26 12 42306.7 0.624 205.67 0.58 15.59 6.84 739.0
2006 9 27 12 42170.0 0.459 206.54 0.58 14.99 6.82 740.9
2006 9 28 12 42033.6 1.114 178.77 0.58 14.62 6.66 765.3
2006 9 29 12 41897.5 1.669 155.71 0.58 12.06 4.10 673.3
2006 9 30 12 41761.9 0.711 153.08 0.58 15.20 6.45 774.2
2006 10 1 12 41626.6 0.226 169.60 0.58 14.23 6.20 731.1
2006 10 2 12 41491.8 3.370 180.18 0.58 13.05 4.65 665.2
2006 10 3 12 41357.6 1.447 168.23 0.58 13.26 5.73 655.2
2006 10 4 12 41223.8 1.314 173.89 0.58 11.05 2.80 637.0
2006 10 5 12 41090.7 0.412 169.14 0.58 11.59 4.43 733.1
2006 10 6 12 40958.2 2.238 130.56 0.58 14.28 6.98 677.3
2006 10 7 12 40826.3 0.692 135.62 0.58 13.47 5.49 696.5
2006 10 8 12 40695.1 1.099 134.57 0.58 12.42 4.00 670.5
2006 10 9 12 40564.7 2.252 141.07 0.58 10.75 2.47 585.4
2006 10 10 12 40435.1 2.479 168.63 0.58 10.03 1.50 612.0
2006 10 11 12 40306.3 1.930 142.25 0.58 9.54 0.52 597.3
2006 10 12 12 40178.3 0.769 143.93 0.58 12.01 3.88 649.1
2006 10 13 12 40051.3 4.217 145.52 0.58 10.80 3.30 677.8
2006 10 14 12 39925.2 2.735 149.15 0.58 10.90 5.40 819.8
2006 10 15 12 39800.0 0.501 138.21 0.58 10.40 2.54 672.2
2006 10 16 12 39675.8 0.346 138.06 0.58 10.00 1.48 639.2
2006 10 17 12 39552.7 0.401 156.55 0.58 9.27 2.56 635.4
2006 10 18 12 39430.7 0.581 140.89 0.58 10.74 3.84 670.0
2006 10 19 12 39309.8 0.598 136.57 0.58 8.75 0.25 661.0
2006 10 20 12 39190.1 0.023 141.76 0.58 8.58 -0.28 631.2
2006 10 21 12 39071.5 3.842 149.27 0.58 9.69 1.63 619.5
2006 10 22 12 38954.2 2.836 156.48 0.58 8.39 -0.61 601.2
2006 10 23 12 38838.1 0.505 134.65 0.58 7.24 -0.99 568.9
2006 10 24 12 38723.3 0.133 143.08 0.58 10.40 1.26 649.0
2006 10 25 12 38609.8 0.116 123.71 0.58 7.21 -1.40 562.4
2006 10 26 12 38497.7 0.614 117.94 0.58 8.32 0.12 613.2
2006 10 27 12 38387.0 0.651 128.91 0.58 6.53 -1.76 619.8
2006 10 28 12 38277.7 0.401 133.47 0.58 5.82 -2.33 576.7
2006 10 29 12 38169.9 2.507 145.61 0.58 10.14 2.11 675.9
2006 10 30 12 38063.6 0.844 148.32 0.58 7.43 -1.19 569.7
2006 10 31 12 37958.7 4.674 129.41 0.58 2.52 -5.45 483.1
2006 11 1 12 37855.5 0.396 126.48 0.58 9.16 1.83 564.7
2006 11 2 12 37753.8 0.923 129.06 0.58 4.93 -2.93 568.0
2006 11 3 12 37653.8 2.135 117.30 0.58 5.21 -2.39 526.8
2006 11 4 12 37555.3 0.320 117.24 0.58 7.73 -0.79 570.7
2006 11 5 12 37458.6 0.288 131.86 0.58 6.21 -1.96 562.5
2006 11 6 12 37363.5 2.257 131.99 0.58 8.21 1.19 663.7
2006 11 7 12 37270.2 2.215 120.77 0.58 4.47 -4.47 520.2
2006 11 8 12 37178.7 0.048 137.06 0.58 6.33 -1.37 537.5
2006 11 9 12 37088.9 3.567 120.66 0.58 6.79 -1.43 578.0
2006 11 10 12 37000.9 0.417 111.25 0.58 7.42 0.32 582.9
2006 11 11 12 36914.8 0.622 118.98 0.58 5.08 -2.59 557.0
2006 11 12 12 36830.5 1.141 142.17 0.58 3.25 -4.46 490.1
2006 11 13 12 36748.2 0.423 112.07 0.58 1.48 -6.58 502.1
2006 11 14 12 36667.7 1.171 111.50 0.58 6.96 -0.58 682.7
2006 11 15 12 36589.2 0.402 107.86 0.58 4.58 -4.87 559.3
2006 11 16 12 36512.6 1.501 109.64 0.58 3.68 -4.69 535.3
2006 11 17 12 36438.0 0.943 109.56 0.58 4.51 -3.78 568.6
2006 11 18 12 36365.4 0.398 115.24 0.58 3.08 -5.64 569.1
2006 11 19 12 36294.9 0.824 117.64 0.58 3.89 -4.02 528.8
2006 11 20 12 36226.3 1.367 111.81 0.58 5.05 -3.79 549.7
2006 11 21 12 36159.9 0.954 130.87 0.58 2.71 -6.58 481.5
2006 11 22 12 36095.5 0.243 95.02 0.58 0.83 -6.73 433.4
2006 11 23 12 36033.3 0.687 119.42 0.58 2.84 -6.51 453.3
2006 11 24 12 35973.2 0.836 120.15 0.58 2.85 -4.43 510.3
2006 11 25 12 35915.2 0.071 133.58 0.58 2.02 -7.00 432.6
2006 11 26 12 35859.3 0.453 127.85 0.58 3.96 -4.48 465.0
2006 11 27 12 35805.7 0.444 122.32 0.58 2.50 -6.31 448.1
2006 11 28 12 35754.2 1.486 89.36 0.58 2.71 -5.23 501.7
2006 11 29 12 35704.9 3.182 116.85 0.58 3.60 -3.99 508.0
2006 11 30 12 35657.9 1.603 87.46 0.58 3.29 -5.38 517.1
2006 12 1 12 35613.1 0.496 84.65 0.58 2.23 -6.26 537.5
2006 12 2 12 35570.6 4.022 103.51 0.58 2.94 -4.78 531.6
2006 12 3 12 35530.3 0.700 81.73 0.58 -1.49 -9.07 378.2
2006 12 4 12 35492.2 0.546 81.93 0.58 -1.05 -9.71 367.9
2006 12 5 12 35456.5 0.437 100.24 0.58 -0.29 -9.67 353.9
2006 12 6 12 35423.1 2.540 98.48 0.58 0.30 -7.02 455.5
2006 12 7 12 35391.9 3.611 96.11 0.58 -0.24 -8.76 433.5
2006 12 8 12 35363.1 0.540 78.74 0.58 1.57 -5.36 463.6
2006 12 9 12 35336.6 1.966 96.81 0.58 0.80 -7.16 491.0
2006 12 10 12 35312.4 0.334 117.87 0.58 -0.69 -9.97 384.8
2006 12 11 12 35290.6 1.052 97.13 0.58 -2.61 -10.73 436.8
2006 12 12 12 35271.1 3.162 116.65 0.58 -0.59 -9.83 442.4
2006 12 13 12 35253.9 0.836 131.36 0.58 2.64 -7.12 436.7
2006 12 14 12 35239.2 1.751 115.08 0.58 2.39 -6.56 436.8
2006 12 15 12 35226.7 0.707 110.64 0.58 0.53 -6.13 471.5
2006 12 16 12 35216.7 1.367 105.54 0.58 -0.32 -10.41 388.9
2006 12 17 12 35209.0 2.961 95.06 0.58 0.78 -6.82 507.8
2006 12 18 12 35203.6 1.143 107.15 0.58 -0.74 -9.78 373.1
2006 12 19 12 35200.7 0.401 96.10 0.58 -2.14 -9.56 419.3
2006 12 20 12 35200.1 3.068 123.82 0.58 -1.75 -9.36 444.4
2006 12 21 12 35201.9 0.111 105.16 0.58 -1.76 -8.27 423.1
2006 12 22 12 35206.0 4.808 103.53 0.58 -0.06 -7.11 512.1
2006 12 23 12 35212.5 0.755 103.30 0.58 -0.85 -8.89 380.1
2006 12 24 12 35221.4 1.058 99.64 0.58 -0.93 -9.11 417.6
2006 12 25 12 35232.6 2.068 77.52 0.58 1.61 -7.10 416.4
2006 12 26 12 35246.3 1.275 119.60 0.58 -0.96 -10.22 394.6
2006 12 27 12 35262.2 1.091 68.79 0.58 -2.00 -8.86 459.9
2006 12 28 12 35280.5 1.131 98.31 0.58 -3.60 -11.67 324.7
2006 12 29 12 35301.2 3.039 98.28 0.58 -1.17 -9.89 400.9
2006 12 30 12 35324.2 6.480 101.81 0.58 -2.27 -11.97 413.5
2006 12 31 12 35349.5 1.868 68.71 0.58 -2.37 -10.62 412.9
2007 1 1 12 35377.2 1.165 115.98 0.58 -4.30 -11.39 368.0
2007 1 2 12 35407.2 0.633 108.66 0.58 -3.59 -12.56 317.1
2007 1 3 12 35439.5 0.497 108.01 0.58 0.60 -8.88 393.8
2007 1 4 12 35474.1 0.678 94.19 0.58 -0.95 -9.15 427.5
2007 1 5 12 35511.0 3.662 115.72 0.58 -2.57 -10.94 400.2
2007 1 6 12 35550.1 1.803 78.45 0.58 -3.27 -13.39 311.6
2007 1 7 12 35591.5 1.281 121.77 0.58 -2.96 -11.36 381.2
2007 1 8 12 35635.2 0.258 130.26 0.58 -0.88 -8.78 410.3
2007 1 9 12 35681.2 2.125 126.68 0.58 -4.02 -12.59 334.4
2007 1 10 12 35729.3 0.619 102.03 0.58 -1.80 -9.78 403.5
2007 1 11 12 35779.7 1.598 123.24 0.58 -1.01 -8.99 436.2
2007 1 12 12 35832.2 5.184 117.50 0.58 -2.41 -11.22 391.6
2007 1 13 12 35887.0 1.852 60.99 0.58 -3.14 -12.36 409.5
2007 1 14 12 35943.9 3.133 100.85 0.58 -0.93 -8.87 366.0
2007 1 15 12 36003.0 2.011 126.16 0.58 -3.14 -12.85 287.9
2007 1 16 12 36064.1 3.720 96.64 0.58 -2.65 -11.38 300.0
2007 1 17 12 36127.5 1.004 101.61 0.58 -2.62 -11.00 349.5
2007 1 18 12 36192.9 0.716 109.49 0.58 -2.58 -10.98 395.8
2007 1 19 12 36260.3 4.285 126.08 0.58 -1.83 -10.87 361.9
2007 1 20 12 36329.9 1.361 133.24 0.58 -3.87 -12.05 325.4
2007 1 21 12 36401.5 1.198 100.80 0.58 -3.64 -13.41 325.9
2007 1 22 12 36475.1 4.246 112.58 0.58 -3.60 -14.15 346.6
2007 1 23 12 36550.6 0.529 117.18 0.58 1.67 -7.19 482.3
2007 1 24 12 36628.2 2.672 103.16 0.58 -5.76 -14.39 333.3
2007 1 25 12 36707.7 1.908 122.60 0.58 -3.16 -10.09 409.6
2007 1 26 12 36789.1 0.601 135.24 0.58 -3.48 -13.58 277.9
2007 1 27 12 36872.4 1.639 119.38 0.58 -2.65 -11.03 423.1
2007 1 28 12 36957.6 0.847 97.36 0.58 -3.55 -11.05 397.5
2007 1 29 12 37044.7 0.205 107.07 0.58 -0.68 -8.54 420.8
2007 1 30 12 37133.6 0.207 125.58 0.58 -2.24 -10.21 408.3
2007 1 31 12 37224.2 1.518 121.69 0.58 -0.71 -9.61 387.5
2007 2 1 12 37316.7 0.711 115.26 0.58 -5.35 -13.99 389.7
2007 2 2 12 37410.8 0.049 109.11 0.58 -3.77 -11.98 368.6
2007 2 3 12 37506.7 2.909 126.19 0.58 -3.22 -11.09 361.8
2007 2 4 12 37604.3 1.102 107.41 0.58 0.15 -8.63 438.1
2007 2 5 12 37703.6 4.611 136.93 0.58 -0.01 -7.70 432.7
2007 2 6 12 37804.5 10.421 125.50 0.58 -2.16 -10.22 418.0
2007 2 7 12 37906.9 0.999 128.35 0.58 -0.79 -8.93 402.8
2007 2 8 12 38011.0 0.606 151.62 0.58 -4.33 -11.75 379.7
2007 2 9 12 38116.5 0.355 133.19 0.58 -0.33 -9.45 462.4
2007 2 10 12 38223.6 1.056 157.85 0.58 -1.59 -9.57 425.2
2007 2 11 12 38332.2 1.048 123.51 0.58 -0.96 -9.01 459.0
2007 2 12 12 38442.2 0.620 119.89 0.58 -1.33 -9.73 350.4
2007 2 13 12 38553.6 0.991 120.80 0.58 -0.35 -9.91 409.8
2007 2 14 12 38666.4 2.269 148.21 0.58 -1.01 -7.55 474.4
2007 2 15 12 38780.5 7.340 146.83 0.58 -1.22 -9.28 371.2
2007 2 16 12 38896.0 5.411 149.50 0.58 -1.29 -8.71 461.5
2007 2 17 12 39012.7 0.842 129.81 0.58 -1.77 -9.40 421.4
2007 2 18 12 39130.6 1.918 108.26 0.58 -1.54 -10.13 410.6
2007 2 19 12 39249.8 0.397 154.40 0.58 -2.12 -9.82 380.7
2007 2 20 12 39370.1 4.850 130.57 0.58 0.31 -6.89 435.1
2007 2 21 12 39491.6 0.786 135.33 0.58 1.34 -7.78 461.6
2007 2 22 12 39614.2 1.909 119.76 0.58 -1.15 -8.63 453.5
2007 2 23 12 39737.8 0.138 146.00 0.58 -2.00 -10.84 379.0
2007 2 24 12 39862.5 2.451 107.53 0.58 -1.63 -9.64 382.8
2007 2 25 12 39988.1 1.210 136.93 0.58 -2.91 -12.40 296.1
2007 2 26 12 40114.7 0.682 157.53 0.58 0.62 -7.38 463.4
2007 2 27 12 40242.2 5.644 145.27 0.58 -1.53 -9.42 384.2
2007 2 28 12 40370.6 2.261 133.65 0.58 0.78 -8.54 413.4
2007 3 1 12 40499.8 8.580 144.94 0.58 0.38 -7.72 444.6
2007 3 2 12 40629.8 0.464 164.05 0.58 0.26 -6.86 489.9
2007 3 3 12 40760.6 8.519 150.78 0.58 0.06 -8.12 463.2
2007 3 4 12 40892.1 2.306 164.27 0.58 0.86 -6.81 453.6
2007 3 5 12 41024.3 1.974 141.14 0.58 2.36 -6.04 490.5
2007 3 6 12 41157.2 1.952 164.27 0.58 2.77 -5.15 466.1
2007 3 7 12 41290.6 6.151 174.01 0.58 -0.19 -8.13 446.0
2007 3 8 12 41424.6 6.694 164.18 0.58 1.73 -6.47 457.4
2007 3 9 12 41559.2 0.752 172.12 0.58 0.03 -8.65 436.3
2007 3 10 12 41694.2 5.251 159.58 0.58 1.83 -5.68 527.2
2007 3 11 12 41829.7 1.567 169.94 0.58 -3.95 -11.14 345.4
2007 3 12 12 41965.5 4.724 193.47 0.58 0.41 -6.02 431.1
2007 3 13 12 42101.8 2.832 170.70 0.58 4.17 -3.39 517.3
2007 3 14 12 42238.3 1.133 162.02 0.58 -2.26 -10.98 414.4
2007 3 15 12 42375.2 0.952 194.61 0.58 5.16 -1.58 521.7
2007 3 16 12 42512.3 1.567 193.81 0.58 4.29 -1.97 534.8
2007 3 17 12 42649.6 2.191 175.54 0.58 3.16 -6.32 499.1
2007 3 18 12 42787.0 0.498 168.98 0.58 5.34 -3.32 576.1
2007 3 19 12 42924.6 7.480 175.68 0.58 1.23 -7.99 406.9
2007 3 20 12 43062.3 3.254 199.52 0.58 1.97 -5.98 456.7
2007 3 21 12 43200.0 0.376 169.77 0.58 3.90 -4.18 499.5
2007 3 22 12 43337.7 5.221 215.14 0.58 2.74 -5.65 506.2
2007 3 23 12 43475.4 9.425 170.45 0.58 1.63 -7.59 497.7
2007 3 24 12 43613.0 6.571 174.34 0.58 6.11 -3.50 511.8
2007 3 25 12 43750.4 0.184 171.02 0.58 4.52 -4.02 528.4
2007 3 26 12 43887.7 11.810 181.95 0.58 3.79 -2.68 572.9
2007 3 27 12 44024.8 0.131 215.72 0.58 5.36 -1.58 582.4
2007 3 28 12 44161.7 1.905 180.06 0.58 4.72 -2.17 532.0
2007 3 29 12 44298.2 4.771 193.69 0.58 5.82 -4.53 518.3
2007 3 30 12 44434.5 7.199 214.35 0.58 5.61 -2.46 521.1
2007 3 31 12 44570.3 6.614 216.00 0.58 2.84 -3.44 579.5
2007 4 1 12 44705.8 0.427 183.70 0.58 6.62 -2.15 571.0
2007 4 2 12 44840.8 6.149 189.86 0.58 5.13 -3.04 535.5
2007 4 3 12 44975.4 5.012 223.88 0.58 5.63 -2.60 569.3
2007 4 4 12 45109.4 0.158 185.86 0.58 6.73 -1.31 568.9
2007 4 5 12 45242.8 5.793 231.67 0.58 6.04 -2.04 560.5
2007 4 6 12 45375.7 2.251 180.04 0.58 4.49 -2.66 515.3
2007 4 7 12 45507.9 1.062 196.17 0.58 7.67 -0.95 559.9
2007 4 8 12 45639.4 2.276 183.62 0.58 8.11 -0.07 622.8
2007 4 9 12 45770.2 2.748 249.66 0.58 5.56 -3.78 452.2
2007 4 10 12 45900.2 1.785 205.61 0.58 5.60 -3.19 586.8
2007 4 11 12 46029.4 1.745 201.02 0.58 6.26 -1.87 581.3
2007 4 12 12 46157.8 5.301 249.65 0.58 8.73 0.90 608.0
2007 4 13 12 46285.3 0.061 223.70 0.58 6.96 -1.02 521.8
2007 4 14 12 46411.9 8.196 216.71 0.58 8.44 0.30 609.2
2007 4 15 12 46537.5 2.990 232.09 0.58 11.23 2.25 661.0
2007 4 16 12 46662.2 5.246 227.85 0.58 8.91 0.61 639.3
2007 4 17 12 46785.8 0.948 238.57 0.58 8.68 0.62 582.6
2007 4 18 12 46908.4 1.508 211.26 0.58 8.28 0.39 574.6
2007 4 19 12 47029.9 1.948 213.94 0.58 10.99 3.43 666.1
2007 4 20 12 47150.2 8.212 236.28 0.58 10.01 1.50 613.5
2007 4 21 12 47269.4 2.819 210.38 0.58 9.26 0.80 606.8
2007 4 22 12 47387.3 7.633 224.54 0.58 8.27 0.79 596.9
2007 4 23 12 47504.0 0.777 237.82 0.58 7.87 -0.26 612.7
2007 4 24 12 47619.5 0.302 241.07 0.58 11.39 2.82 652.0
2007 4 25 12 47733.6 2.495 252.52 0.58 10.21 1.40 659.5
2007 4 26 12 47846.4 2.416 246.48 0.58 11.58 4.23 683.2
2007 4 27 12 47957.8 1.925 230.36 0.58 9.40 1.72 638.6
2007 4 28 12 48067.8 0.761 226.49 0.58 13.88 5.39 725.8
2007 4 29 12 48176.4 0.325 217.11 0.58 10.36 2.01 694.9
2007 4 30 12 48283.5 0.084 239.27 0.58 10.60 2.72 652.5
2007 5 1 12 48389.0 5.664 231.58 0.58 12.88 3.57 684.9
2007 5 2 12 48493.1 5.727 258.69 0.58 13.37 6.68 783.0
2007 5 3 12 48595.5 3.859 238.00 0.58 10.20 0.97 613.2
2007 5 4 12 48696.4 6.244 238.79 0.58 9.99 2.88 655.0
2007 5 5 12 48795.7 2.502 222.20 0.58 12.65 4.18 631.2
2007 5 6 12 48893.3 3.527 214.64 0.58 12.78 5.25 683.7
2007 5 7 12 48989.2 4.590 226.00 0.58 13.36 5.03 733.0
2007 5 8 12 49083.3 3.833 225.23 0.58 14.79 5.75 721.5
2007 5 9 12 49175.8 5.335 236.70 0.58 14.93 6.75 765.9
2007 5 10 12 49266.4 3.917 256.28 0.58 12.21 4.58 646.4
2007 5 11 12 49355.3 1.923 263.01 0.58 15.76 8.41 753.6
2007 5 12 12 49442.4 0.837 250.48 0.58 13.65 5.87 745.3
2007 5 13 12 49527.6 6.146 248.91 0.58 13.20 4.67 690.8
2007 5 14 12 49610.9 1.741 218.91 0.58 15.03 6.16 720.0
2007 5 15 12 49692.3 7.369 236.34 0.58 15.73 6.59 730.2
2007 5 16 12 49771.8 1.198 256.30 0.58 14.98 6.13 739.1
2007 5 17 12 49849.4 1.479 258.98 0.58 16.21 9.26 736.9
2007 5 18 12 49924.9 1.751 227.05 0.58 14.60 7.20 733.1
2007 5 19 12 49998.5 4.587 238.59 0.58 18.29 9.09 741.8
2007 5 20 12 50070.1 3.302 250.52 0.58 14.73 4.78 632.3
2007 5 21 12 50139.7 3.725 225.46 0.58 16.31 6.76 737.2
2007 5 22 12 50207.1 1.442 238.89 0.58 15.86 7.56 775.3
2007 5 23 12 50272.5 0.874 286.05 0.58 16.36 9.09 817.1
2007 5 24 12 50335.9 6.252 281.18 0.58 14.81 7.25 789.4
2007 5 25 12 50397.0 5.426 245.63 0.58 16.83 8.71 779.4
2007 5 26 12 50456.1 0.107 265.74 0.58 19.27 10.01 780.7
2007 5 27 12 50513.0 0.928 257.50 0.58 14.05 5.99 728.5
2007 5 28 12 50567.8 7.503 257.62 0.58 17.41 9.26 798.7
2007 5 29 12 50620.3 3.015 250.10 0.58 16.84 9.20 768.8
2007 5 30 12 50670.7 3.393 246.24 0.58 19.01 11.01 845.7
2007 5 31 12 50718.8 1.484 244.06 0.58 19.67 9.75 827.7
2007 6 1 12 50764.8 1.805 259.76 0.58 17.23 7.19 767.9
2007 6 2 12 50808.5 0.119 263.66 0.58 17.68 9.79 790.9
2007 6 3 12 50849.9 1.680 269.34 0.58 20.48 10.77 792.4
2007 6 4 12 50889.0 0.916 290.50 0.58 20.79 12.61 863.1
2007 6 5 12 50925.9 3.589 292.18 0.58 21.33 10.87 829.8
2007 6 6 12 50960.5 1.196 266.93 0.58 17.29 9.60 748.8
2007 6 7 12 50992.8 5.239 225.94 0.58 17.39 10.30 767.1
2007 6 8 12 51022.8 0.075 224.40 0.58 20.19 12.73 831.8
2007 6 9 12 51050.5 3.916 261.89 0.58 19.99 11.88 840.6
2007 6 10 12 51075.8 0.748 270.91 0.58 18.96 11.15 813.7
2007 6 11 12 51098.8 1.071 268.63 0.58 20.95 12.11 875.1
2007 6 12 12 51119.5 1.718 231.10 0.58 17.43 9.31 784.7
2007 6 13 12 51137.8 9.908 253.49 0.58 18.23 9.04 797.4
2007 6 14 12 51153.7 2.965 255.53 0.58 18.79 9.82 788.7
2007 6 15 12 51167.4 2.209 268.98 0.58 20.12 12.62 897.6
2007 6 16 12 51178.6 1.046 261.63 0.58 21.20 13.16 899.3
2007 6 17 12 51187.5 4.436 273.76 0.58 20.10 10.26 743.0
2007 6 18 12 51194.0 0.983 277.56 0.58 17.95 9.88 791.9
2007 6 19 12 51198.1 0.685 245.19 0.58 21.34 13.31 901.5
2007 6 20 12 51199.9 0.590 237.71 0.58 20.45 12.76 856.1
2007 6 21 12 51199.3 3.344 246.26 0.58 20.09 10.97 804.5
2007 6 22 12 51196.4 3.948 248.36 0.58 18.53 10.21 751.8
2007 6 23 12 51191.0 1.273 265.97 0.58 19.12 11.79 780.7
2007 6 24 12 51183.3 2.104 270.28 0.58 19.45 11.91 864.5
2007 6 25 12 51173.3 0.912 280.52 0.58 22.28 13.29 887.5
2007 6 26 12 51160.8 3.440 254.66 0.58 22.11 13.27 852.5
2007 6 27 12 51146.1 0.704 243.28 0.58 18.95 10.87 779.2
2007 6 28 12 51128.9 10.167 266.76 0.58 22.18 14.07 884.0
2007 6 29 12 51109.4 4.259 238.69 0.58 21.34 13.08 861.7
2007 6 30 12 51087.6 0.897 259.87 0.58 19.66 12.84 836.6
2007 7 1 12 51063.4 2.739 274.36 0.58 21.09 13.91 927.1
2007 7 2 12 51036.9 3.185 250.48 0.58 23.05 15.81 881.4
2007 7 3 12 51008.1 11.176 236.66 0.58 19.04 10.75 862.6
2007 7 4 12 50976.9 5.913 284.40 0.58 21.28 12.95 946.1
2007 7 5 12 50943.5 1.121 267.80 0.58 19.76 12.16 907.7
2007 7 6 12 50907.8 19.407 249.66 0.58 22.02 13.69 898.9
2007 7 7 12 50869.7 0.501 281.68 0.58 19.13 10.85 801.1
2007 7 8 12 50829.4 0.290 232.38 0.58 20.71 11.89 844.0
2007 7 9 12 50786.9 2.601 285.87 0.58 20.46 11.54 799.9
2007 7 10 12 50742.1 1.972 253.12 0.58 21.15 12.79 809.6
2007 7 11 12 50695.1 3.201 245.60 0.58 20.88 12.97 841.4
2007 7 12 12 50645.8 1.320 230.54 0.58 22.88 15.77 892.6
2007 7 13 12 50594.3 0.602 249.93 0.58 19.95 12.68 848.2
2007 7 14 12 50540.7 2.349 266.84 0.58 22.62 13.62 840.0
2007 7 15 12 50484.8 15.902 258.53 0.58 21.90 13.43 882.8
2007 7 16 12 50426.8 3.745 270.70 0.58 22.46 15.44 891.2
2007 7 17 12 50366.7 1.458 252.14 0.58 18.85 11.38 811.3
2007 7 18 12 50304.5 2.531 261.25 0.58 21.68 14.29 876.0
2007 7 19 12 50240.1 7.565 260.84 0.58 23.63 14.60 850.3
2007 7 20 12 50173.7 2.655 226.76 0.58 22.02 14.01 847.1
2007 7 21 12 50105.1 0.283 258.06 0.58 22.02 14.09 858.7
2007 7 22 12 50034.6 1.687 261.29 0.58 21.80 13.80 822.8
2007 7 23 12 49962.0 4.021 251.66 0.58 22.21 14.79 902.4
2007 7 24 12 49887.4 4.086 247.22 0.58 19.64 10.41 807.8
2007 7 25 12 49810.8 1.634 227.58 0.58 20.62 12.11 845.1
2007 7 26 12 49732.3 0.847 246.07 0.58 19.15 10.48 773.4
2007 7 27 12 49651.8 0.850 217.71 0.58 17.69 10.55 865.5
2007 7 28 12 49569.5 0.944 220.48 0.58 21.50 13.63 882.9
2007 7 29 12 49485.2 1.988 240.59 0.58 21.02 13.62 885.9
2007 7 30 12 49399.1 2.649 229.15 0.58 21.36 12.58 833.9
2007 7 31 12 49311.1 16.656 241.68 0.58 21.57 12.22 858.9
2007 8 1 12 49221.3 10.758 250.78 0.58 19.66 10.55 802.0
2007 8 2 12 49129.8 1.205 237.41 0.58 18.40 11.20 868.1
2007 8 3 12 49036.5 1.190 226.50 0.58 20.76 13.44 811.4
2007 8 4 12 48941.4 1.514 245.80 0.58 20.34 12.54 856.7
2007 8 5 12 48844.7 1.583 240.56 0.58 23.06 15.28 902.1
2007 8 6 12 48746.2 1.678 221.95 0.58 19.45 11.19 840.8
2007 8 7 12 48646.2 4.852 214.07 0.58 22.17 13.51 916.4
2007 8 8 12 48544.5 1.543 223.18 0.58 19.37 11.22 860.3
2007 8 9 12 48441.3 2.269 240.57 0.58 19.98 10.50 813.2
2007 8 10 12 48336.4 1.139 239.91 0.58 19.64 11.08 829.2
2007 8 11 12 48230.1 2.361 236.72 0.58 18.49 12.42 781.9
2007 8 12 12 48122.3 0.974 229.91 0.58 19.09 10.83 817.6
2007 8 13 12 48013.0 0.382 228.57 0.58 21.30 13.00 911.6
2007 8 14 12 47902.3 0.765 208.21 0.58 20.92 13.06 859.6
2007 8 15 12 47790.2 2.747 231.17 0.58 20.78 11.95 818.5
2007 8 16 12 47676.7 5.652 234.96 0.58 20.18 11.11 790.7
2007 8 17 12 47561.9 0.532 191.91 0.58 21.00 13.11 853.3
2007 8 18 12 47445.8 2.703 217.63 0.58 20.01 11.99 834.6
2007 8 19 12 47328.5 0.282 224.65 0.58 19.52 10.99 779.0
2007 8 20 12 47209.9 0.327 218.73 0.58 19.46 9.01 785.2
2007 8 21 12 47090.2 0.647 203.40 0.58 16.37 10.03 812.4
2007 8 22 12 46969.3 1.406 189.67 0.58 18.88 12.32 833.3
2007 8 23 12 46847.3 3.712 233.65 0.58 18.92 11.88 875.8
2007 8 24 12 46724.2 2.464 213.20 0.58 18.50 9.54 794.8
2007 8 25 12 46600.0 0.839 209.19 0.58 17.83 8.86 764.1
2007 8 26 12 46474.8 0.195 204.13 0.58 19.73 11.21 865.7
2007 8 27 12 46348.7 6.102 227.63 0.58 16.65 7.82 741.7
2007 8 28 12 46221.7 0.143 249.45 0.58 18.61 8.70 770.9
2007 8 29 12 46093.7 3.643 226.25 0.58 19.05 10.52 785.3
2007 8 30 12 45964.9 3.320 184.13 0.58 16.69 8.46 709.0
2007 8 31 12 45835.3 0.789 207.68 0.58 16.71 7.46 676.6
2007 9 1 12 45704.9 0.774 203.14 0.58 18.17 10.11 812.7
2007 9 2 12 45573.7 1.870 184.41 0.58 16.84 8.72 783.0
2007 9 3 12 45441.8 0.060 204.68 0.58 15.74 8.42 750.4
2007 9 4 12 45309.3 3.830 227.59 0.58 17.75 9.31 809.5
2007 9 5 12 45176.2 1.836 209.41 0.58 17.55 10.92 847.4
2007 9 6 12 45042.4 2.272 204.90 0.58 17.53 9.56 773.9
2007 9 7 12 44908.2 3.490 191.31 0.58 18.87 10.48 768.1
2007 9 8 12 44773.4 0.926 184.57 0.58 18.37 11.39 821.8
2007 9 9 12 44638.1 0.336 192.24 0.58 16.04 8.19 756.4
2007 9 10 12 44502.5 2.341 205.32 0.58 15.82 7.20 737.0
2007 9 11 12 44366.4 2.632 189.60 0.58 15.37 7.19 783.1
2007 9 12 12 44230.0 2.370 189.64 0.58 17.47 10.15 808.1
2007 9 13 12 44093.3 6.656 188.95 0.58 17.16 9.32 802.8
2007 9 14 12 43956.3 1.729 199.54 0.58 16.97 9.22 777.4
2007 9 15 12 43819.1 0.514 172.23 0.58 16.86 9.55 740.6
2007 9 16 12 43681.7 0.797 181.40 0.58 16.61 7.63 799.7
2007 9 17 12 43544.2 0.063 180.68 0.58 15.88 7.36 777.0
2007 9 18 12 43406.5 0.429 174.33 0.58 18.33 10.66 770.5
2007 9 19 12 43268.9 1.262 175.18 0.58 14.70 7.79 755.0
2007 9 20 12 43131.1 0.826 171.69 0.58 14.10 6.15 733.3
2007 9 21 12 42993.5 1.941 186.63 0.58 12.71 5.52 687.9
2007 9 22 12 42855.8 10.244 163.87 0.58 14.57 6.44 763.9
2007 9 23 12 42718.3 0.123 170.33 0.58 13.98 6.56 719.8
2007 9 24 12 42580.9 0.366 145.31 0.58 15.50 6.98 736.4
2007 9 25 12 42443.7 0.036 158.16 0.58 12.70 5.34 703.8
2007 9 26 12 42306.7 0.164 192.81 0.58 15.52 6.92 757.9
2007 9 27 12 42170.0 1.475 162.37 0.58 14.37 6.68 731.6
2007 9 28 12 42033.6 0.020 219.34 0.58 12.40 2.94 659.0
2007 9 29 12 41897.5 0.623 155.59 0.58 14.44 5.69 712.5
2007 9 30 12 41761.9 2.563 187.39 0.58 15.40 7.70 750.6
2007 10 1 12 41626.6 2.255 167.58 0.58 11.68 2.26 650.9
2007 10 2 12 41491.8 3.614 158.15 0.58 14.76 5.53 678.7
2007 10 3 12 41357.6 3.168 165.74 0.58 13.29 4.48 700.7
2007 10 4 12 41223.8 0.348 179.92 0.58 14.23 5.60 715.0
2007 10 5 12 41090.7 0.302 169.92 0.58 12.35 3.61 734.3
2007 10 6 12 40958.2 5.010 165.03 0.58 11.67 2.87 603.1
2007 10 7 12 40826.3 2.255 134.87 0.58 12.79 4.50 649.7
2007 10 8 12 40695.1 1.500 131.14 0.58 10.40 2.54 614.9
2007 10 9 12 40564.7 3.064 166.38 0.58 11.92 3.04 683.8
2007 10 10 12 40435.1 0.071 122.27 0.58 11.04 3.74 703.3
2007 10 11 12 40306.3 2.282 152.22 0.58 9.92 1.26 623.3
2007 10 12 12 40178.3 0.670 142.36 0.58 8.16 0.31 583.4
2007 10 13 12 40051.3 1.796 150.93 0.58 8.98 -0.05 579.9
2007 10 14 12 39925.2 0.309 156.58 0.58 9.59 0.51 592.5
2007 10 15 12 39800.0 1.987 136.02 0.58 11.13 2.84 673.2
2007 10 16 12 39675.8 2.234 133.11 0.58 8.54 -0.99 567.7
2007 10 17 12 39552.7 0.996 145.88 0.58 9.14 1.43 622.9
2007 10 18 12 39430.7 0.552 147.46 0.58 6.48 -2.15 481.3
2007 10 19 12 39309.8 2.513 151.46 0.58 8.90 1.40 616.3
2007 10 20 12 39190.1 0.369 139.60 0.58 6.33 -2.28 534.7
2007 10 21 12 39071.5 0.800 129.33 0.58 10.55 2.93 619.3
2007 10 22 12 38954.2 0.344 143.50 0.58 8.55 -0.13 624.1
2007 10 23 12 38838.1 0.509 136.24 0.58 9.50 2.15 613.5
2007 10 24 12 38723.3 0.403 130.02 0.58 7.60 -0.26 607.1
2007 10 25 12 38609.8 0.548 110.36 0.58 10.26 2.27 612.9
2007 10 26 12 38497.7 0.272 142.39 0.58 5.55 -1.72 575.4
2007 10 27 12 38387.0 0.962 117.90 0.58 9.26 2.35 611.9
2007 10 28 12 38277.7 0.165 149.08 0.58 7.64 0.57 607.1
2007 10 29 12 38169.9 3.268 145.40 0.58 7.46 0.27 606.2
2007 10 30 12 38063.6 2.457 144.14 0.58 5.91 -1.77 601.4
2007 10 31 12 37958.7 0.041 143.13 0.58 7.22 -0.44 538.0
2007 11 1 12 37855.5 1.619 108.70 0.58 8.27 0.39 656.5
2007 11 2 12 37753.8 0.907 129.12 0.58 4.93 -3.44 528.8
2007 11 3 12 37653.8 0.998 115.04 0.58 4.42 -3.41 552.6
2007 11 4 12 37555.3 0.331 124.47 0.58 8.11 0.98 615.0
2007 11 5 12 37458.6 0.293 125.71 0.58 5.89 -2.11 551.9
2007 11 6 12 37363.5 0.345 134.66 0.58 3.21 -5.12 469.4
2007 11 7 12 37270.2 0.283 119.40 0.58 4.22 -2.86 544.3
2007 11 8 12 37178.7 0.404 144.08 0.58 4.19 -5.18 505.7
2007 11 9 12 37088.9 1.247 91.51 0.58 5.45 -2.98 530.0
2007 11 10 12 37000.9 0.157 89.27 0.58 3.35 -4.72 515.4
2007 11 11 12 36914.8 0.771 110.83 0.58 5.30 -1.75 536.8
2007 11 12 12 36830.5 1.352 103.74 0.58 5.63 -3.58 498.4
2007 11 13 12 36748.2 3.224 137.64 0.58 5.00 -2.92 584.1
2007 11 14 12 36667.7 1.356 111.99 0.58 4.42 -3.83 546.8
2007 11 15 12 36589.2 0.355 123.43 0.58 4.94 -3.75 583.1
2007 11 16 12 36512.6 1.519 107.78 0.58 3.42 -6.02 536.5
2007 11 17 12 36438.0 0.406 106.19 0.58 3.96 -3.35 545.0
2007 11 18 12 36365.4 2.710 105.40 0.58 2.55 -6.23 460.5
2007 11 19 12 36294.9 0.251 99.50 0.58 0.51 -6.30 490.7
2007 11 20 12 36226.3 0.374 112.76 0.58 2.82 -5.29 523.3
2007 11 21 12 36159.9 0.898 102.44 0.58 3.60 -5.03 474.0
2007 11 22 12 36095.5 1.112 87.59 0.58 3.59 -4.80 540.3
2007 11 23 12 36033.3 0.448 89.19 0.58 3.59 -5.04 530.9
2007 11 24 12 35973.2 1.144 96.80 0.58 0.25 -7.56 409.9
2007 11 25 12 35915.2 1.948 123.31 0.58 3.13 -4.87 493.1
2007 11 26 12 35859.3 1.134 104.44 0.58 4.48 -3.75 517.5
2007 11 27 12 35805.7 3.502 119.06 0.58 0.89 -6.32 464.2
2007 11 28 12 35754.2 2.889 102.04 0.58 0.79 -7.98 478.4
2007 11 29 12 35704.9 0.857 102.05 0.58 3.76 -4.90 460.9
2007 11 30 12 35657.9 1.432 117.56 0.58 2.06 -5.85 476.7
2007 12 1 12 35613.1 0.340 82.17 0.58 3.01 -5.04 499.7
2007 12 2 12 35570.6 0.110 93.39 0.58 0.61 -6.57 484.0
2007 12 3 12 35530.3 1.932 66.01 0.58 3.26 -5.49 463.1
2007 12 4 12 35492.2 1.515 90.05 0.58 0.75 -7.16 482.4
2007 12 5 12 35456.5 1.042 109.47 0.58 -0.18 -6.94 546.8
2007 12 6 12 35423.1 0.914 106.67 0.58 -1.69 -10.31 398.7
2007 12 7 12 35391.9 2.119 125.30 0.58 -2.49 -12.12 393.0
2007 12 8 12 35363.1 0.912 97.77 0.58 2.17 -5.74 483.4
2007 12 9 12 35336.6 1.004 121.91 0.58 -0.99 -9.62 393.4
2007 12 10 12 35312.4 0.390 105.64 0.58 1.15 -5.83 530.3
2007 12 11 12 35290.6 0.726 90.15 0.58 1.92 -6.53 475.2
2007 12 12 12 35271.1 0.051 84.87 0.58 1.17 -7.27 437.1
2007 12 13 12 35253.9 0.960 125.00 0.58 -1.18 -8.41 377.5
2007 12 14 12 35239.2 2.499 101.39 0.58 -2.64 -10.42 413.3
2007 12 15 12 35226.7 0.875 90.52 0.58 0.40 -9.01 395.6
2007 12 16 12 35216.7 0.023 90.25 0.58 0.33 -6.99 403.0
2007 12 17 12 35209.0 0.576 122.91 0.58 1.28 -6.17 455.7
2007 12 18 12 35203.6 1.963 102.82 0.58 -3.12 -11.16 364.0
2007 12 19 12 35200.7 1.474 85.60 0.58 0.04 -8.52 443.7
2007 12 20 12 35200.1 0.320 88.23 0.58 1.27 -7.89 411.7
2007 12 21 12 35201.9 0.397 87.21 0.58 -1.79 -9.41 388.4
2007 12 22 12 35206.0 0.275 100.63 0.58 1.24 -7.71 415.8
2007 12 23 12 35212.5 0.385 124.06 0.58 -1.15 -9.43 435.4
2007 12 24 12 35221.4 1.807 77.95 0.58 -1.45 -11.13 391.5
2007 12 25 12 35232.6 0.623 98.08 0.58 -4.07 -12.77 319.5
2007 12 26 12 35246.3 3.763 119.28 0.58 -0.61 -7.74 483.0
2007 12 27 12 35262.2 0.276 98.12 0.58 -1.76 -9.51 420.2
2007 12 28 12 35280.5 0.967 107.44 0.58 -0.13 -7.44 443.5
2007 12 29 12 35301.2 1.450 104.31 0.58 -0.62 -9.13 452.3
2007 12 30 12 35324.2 5.097 72.30 0.58 -1.61 -9.29 415.5
2007 12 31 12 35349.5 1.089 98.53 0.58 -0.79 -8.68 404.8
2008 1 1 12 35377.2 0.949 87.71 0.58 -4.66 -14.71 280.8
2008 1 2 12 35407.2 1.258 117.63 0.58 -2.34 -11.51 399.4
2008 1 3 12 35439.5 0.956 122.56 0.58 -4.55 -13.43 345.3
2008 1 4 12 35474.1 0.720 109.38 0.58 -0.59 -9.17 386.0
2008 1 5 12 35511.0 2.576 114.56 0.58 -2.77 -10.76 395.6
2008 1 6 12 35550.1 2.214 95.57 0.58 -2.01 -10.46 397.9
2008 1 7 12 35591.5 3.155 124.68 0.58 0.44 -7.97 427.8
2008 1 8 12 35635.2 1.390 113.60 0.58 -1.81 -10.36 350.5
2008 1 9 12 35681.2 3.144 93.01 0.58 -1.28 -11.31 383.6
2008 1 10 12 35729.3 1.123 78.05 0.58 -4.42 -12.08 385.7
2008 1 11 12 35779.7 1.900 124.97 0.58 -1.68 -10.62 380.3
2008 1 12 12 35832.2 0.191 89.23 0.58 -3.46 -12.11 365.7
2008 1 13 12 35887.0 2.978 115.55 0.58 -6.46 -13.26 318.3
2008 1 14 12 35943.9 1.053 120.70 0.58 -3.84 -11.99 322.5
2008 1 15 12 36003.0 2.820 94.77 0.58 -1.60 -9.55 444.9
2008 1 16 12 36064.1 4.506 138.90 0.58 -5.40 -14.81 317.9
2008 1 17 12 36127.5 0.388 99.41 0.58 -1.77 -10.46 442.2
2008 1 18 12 36192.9 1.809 99.53 0.58 -1.81 -11.33 345.7
2008 1 19 12 36260.3 5.786 110.48 0.58 -0.77 -8.61 445.3
2008 1 20 12 36329.9 4.530 109.01 0.58 -1.08 -8.57 416.9
2008 1 21 12 36401.5 1.075 102.56 0.58 -3.19 -11.20 417.1
2008 1 22 12 36475.1 4.926 110.14 0.58 -3.01 -11.05 318.9
2008 1 23 12 36550.6 2.128 125.17 0.58 -3.16 -10.16 369.2
2008 1 24 12 36628.2 1.943 106.69 0.58 -1.34 -10.21 378.2
2008 1 25 12 36707.7 1.732 108.65 0.58 -2.53 -10.29 353.7
2008 1 26 12 36789.1 3.185 87.69 0.58 -2.50 -11.19 298.9
2008 1 27 12 36872.4 0.272 100.25 0.58 -1.33 -8.05 407.9
2008 1 28 12 36957.6 1.599 94.03 0.58 -5.55 -13.78 324.2
2008 1 29 12 37044.7 0.592 133.14 0.58 -1.92 -11.01 336.9
2008 1 30 12 37133.6 1.913 125.09 0.58 -1.34 -8.92 498.2
2008 1 31 12 37224.2 4.421 123.64 0.58 -4.50 -11.53 406.7
2008 2 1 12 37316.7 0.960 118.85 0.58 -0.71 -8.56 433.9
2008 2 2 12 37410.8 3.461 126.61 0.58 -2.67 -11.02 407.4
2008 2 3 12 37506.7 2.891 138.86 0.58 -3.13 -10.74 417.7
2008 2 4 12 37604.3 0.925 136.04 0.58 -1.02 -8.12 449.4
2008 2 5 12 37703.6 1.050 112.88 0.58 -2.47 -11.57 419.6
2008 2 6 12 37804.5 2.145 99.03 0.58 0.77 -7.53 456.0
2008 2 7 12 37906.9 0.348 112.86 0.58 1.77 -8.04 462.2
2008 2 8 12 38011.0 3.125 113.69 0.58 1.55 -5.81 451.9
2008 2 9 12 38116.5 2.682 142.00 0.58 -3.27 -12.94 382.7
2008 2 10 12 38223.6 2.494 143.41 0.58 -0.37 -8.82 441.9
2008 2 11 12 38332.2 1.214 167.32 0.58 0.25 -8.15 443.0
2008 2 12 12 38442.2 0.146 115.50 0.58 -3.61 -10.73 418.3
2008 2 13 12 38553.6 4.298 136.35 0.58 -4.67 -11.90 414.0
2008 2 14 12 38666.4 2.462 148.23 0.58 -0.85 -9.59 398.4
2008 2 15 12 38780.5 3.406 148.61 0.58 -3.09 -10.97 348.2
2008 2 16 12 38896.0 2.788 116.52 0.58 1.76 -6.22 488.0
2008 2 17 12 39012.7 0.973 151.21 0.58 -0.97 -9.54 426.7
2008 2 18 12 39130.6 0.406 143.61 0.58 -0.98 -9.65 377.3
2008 2 19 12 39249.8 6.539 144.56 0.58 -0.34 -8.46 414.3
2008 2 20 12 39370.1 3.459 159.90 0.58 -1.37 -10.03 455.4
2008 2 21 12 39491.6 1.585 128.98 0.58 -1.92 -10.77 358.0
2008 2 22 12 39614.2 2.118 144.51 0.58 -1.55 -9.95 401.4
2008 2 23 12 39737.8 0.417 123.67 0.58 -1.02 -9.29 388.0
2008 2 24 12 39862.5 1.575 159.80 0.58 -0.23 -7.42 459.4
2008 2 25 12 39988.1 9.589 139.10 0.58 -0.26 -7.15 447.9
2008 2 26 12 40114.7 2.040 135.21 0.58 2.19 -6.79 372.6
2008 2 27 12 40242.2 0.949 128.78 0.58 0.85 -7.45 457.6
2008 2 28 12 40370.6 0.114 166.14 0.58 -0.98 -9.83 410.2
2008 2 29 12 40499.8 0.374 157.95 0.58 0.34 -10.34 361.6
2008 3 1 12 40629.8 5.294 177.72 0.58 -1.44 -10.46 386.6
2008 3 2 12 40760.6 0.433 179.29 0.58 -1.31 -10.56 380.5
2008 3 3 12 40892.1 3.757 169.77 0.58 3.16 -6.20 489.6
2008 3 4 12 41024.3 8.695 143.35 0.58 -1.01 -9.78 411.7
2008 3 5 12 41157.2 1.607 153.39 0.58 1.12 -8.21 432.1
2008 3 6 12 41290.6 4.070 162.27 0.58 1.72 -6.73 460.2
2008 3 7 12 41424.6 2.003 180.94 0.58 0.59 -7.48 438.9
2008 3 8 12 41559.2 0.779 200.21 0.58 1.13 -7.59 489.9
2008 3 9 12 41694.2 3.659 171.30 0.58 2.36 -6.91 477.8
2008 3 10 12 41829.7 1.085 150.62 0.58 2.37 -5.64 532.3
2008 3 11 12 41965.5 0.499 179.91 0.58 3.22 -3.99 538.1
2008 3 12 12 42101.8 3.607 181.01 0.58 1.33 -7.17 452.2
2008 3 13 12 42238.3 2.283 164.29 0.58 2.22 -6.61 447.9
2008 3 14 12 42375.2 0.645 182.23 0.58 3.66 -3.87 511.3
2008 3 15 12 42512.3 1.627 159.74 0.58 -0.73 -8.96 426.4
2008 3 16 12 42649.6 1.197 159.14 0.58 5.17 -2.26 584.2
2008 3 17 12 42787.0 0.771 199.60 0.58 6.92 -1.39 550.7
2008 3 18 12 42924.6 3.762 179.00 0.58 5.66 -3.71 534.8
2008 3 19 12 43062.3 2.684 202.61 0.58 2.87 -4.42 488.6
2008 3 20 12 43200.0 0.887 176.91 0.58 3.43 -5.81 480.1
2008 3 21 12 43337.7 1.992 182.14 0.58 3.14 -4.42 531.3
2008 3 22 12 43475.4 8.121 199.74 0.58 3.35 -4.95 525.6
2008 3 23 12 43613.0 0.622 162.07 0.58 3.95 -2.43 482.5
2008 3 24 12 43750.4 1.934 192.64 0.58 3.63 -4.98 505.9
2008 3 25 12 43887.7 1.600 183.80 0.58 2.31 -6.57 491.1
2008 3 26 12 44024.8 0.602 175.44 0.58 3.65 -4.70 486.4
2008 3 27 12 44161.7 9.283 181.31 0.58 6.00 -1.93 558.5
2008 3 28 12 44298.2 1.329 196.78 0.58 7.51 -0.67 605.1
2008 3 29 12 44434.5 3.170 208.69 0.58 3.08 -6.50 462.8
2008 3 30 12 44570.3 0.580 218.61 0.58 5.36 -1.54 536.7
2008 3 31 12 44705.8 6.814 194.64 0.58 4.11 -3.46 536.3
2008 4 1 12 44840.8 1.113 210.77 0.58 3.97 -4.06 527.5
2008 4 2 12 44975.4 3.415 230.22 0.58 5.17 -3.18 536.4
2008 4 3 12 45109.4 2.647 206.45 0.58 6.07 -1.71 551.0
2008 4 4 12 45242.8 16.382 218.61 0.58 8.30 -0.62 566.7
2008 4 5 12 45375.7 4.730 203.71 0.58 4.09 -4.27 493.3
2008 4 6 12 45507.9 0.501 238.69 0.58 6.41 -0.89 520.4
2008 4 7 12 45639.4 1.078 210.92 0.58 5.00 -2.89 544.2
2008 4 8 12 45770.2 7.626 187.66 0.58 7.71 -1.29 559.3
2008 4 9 12 45900.2 0.154 228.77 0.58 8.28 0.85 642.5
2008 4 10 12 46029.4 0.204 228.12 0.58 7.82 -0.99 589.8
2008 4 11 12 46157.8 10.219 234.23 0.58 7.62 -0.43 589.2
2008 4 12 12 46285.3 2.922 197.28 0.58 8.70 0.62 587.7
2008 4 13 12 46411.9 2.832 213.98 0.58 8.64 0.69 604.5
2008 4 14 12 46537.5 2.305 193.83 0.58 8.17 0.75 620.6
2008 4 15 12 46662.2 1.025 184.79 0.58 7.01 -2.46 563.9
2008 4 16 12 46785.8 11.706 213.11 0.58 8.09 -0.76 590.1
2008 4 17 12 46908.4 3.793 220.43 0.58 8.99 -0.05 563.1
2008 4 18 12 47029.9 0.896 214.27 0.58 10.10 1.03 646.6
2008 4 19 12 47150.2 1.904 224.19 0.58 11.56 1.82 576.0
2008 4 20 12 47269.4 1.645 232.74 0.58 9.96 2.02 632.7
2008 4 21 12 47387.3 2.194 260.55 0.58 12.73 2.49 609.6
2008 4 22 12 47504.0 0.790 223.30 0.58 9.28 0.41 599.3
2008 4 23 12 47619.5 0.828 194.96 0.58 12.85 5.30 720.8
2008 4 24 12 47733.6 0.045 203.28 0.58 10.28 3.53 655.7
2008 4 25 12 47846.4 4.678 225.92 0.58 10.73 4.05 692.9
2008 4 26 12 47957.8 3.974 226.84 0.58 10.24 2.81 654.6
2008 4 27 12 48067.8 2.982 225.76 0.58 11.51 2.17 624.0
2008 4 28 12 48176.4 12.669 263.59 0.58 10.44 2.40 671.5
2008 4 29 12 48283.5 1.509 223.94 0.58 9.30 1.27 612.2
2008 4 30 12 48389.0 0.512 229.63 0.58 9.88 -0.08 599.1
2008 5 1 12 48493.1 2.645 243.81 0.58 13.85 4.38 708.7
2008 5 2 12 48595.5 2.545 221.74 0.58 12.89 6.58 716.6
2008 5 3 12 48696.4 8.759 224.71 0.58 13.45 3.77 714.6
2008 5 4 12 48795.7 2.397 253.40 0.58 12.04 3.88 667.3
2008 5 5 12 48893.3 1.928 242.69 0.58 14.90 8.67 825.0
2008 5 6 12 48989.2 1.726 242.72 0.58 12.26 3.66 729.1
2008 5 7 12 49083.3 7.225 220.69 0.58 13.54 6.69 752.0
2008 5 8 12 49175.8 2.633 268.35 0.58 13.87 5.52 692.4
2008 5 9 12 49266.4 1.541 277.41 0.58 16.64 7.47 776.2
2008 5 10 12 49355.3 0.769 207.16 0.58 12.42 4.36 644.4
2008 5 11 12 49442.4 2.565 235.31 0.58 15.35 6.26 715.1
2008 5 12 12 49527.6 8.705 233.73 0.58 15.44 7.11 715.7
2008 5 13 12 49610.9 5.020 239.37 0.58 16.98 8.51 736.9
2008 5 14 12 49692.3 0.392 239.10 0.58 16.58 9.25 742.7
2008 5 15 12 49771.8 3.092 228.94 0.58 13.14 4.99 687.1
2008 5 16 12 49849.4 1.031 243.50 0.58 17.05 9.54 757.5
2008 5 17 12 49924.9 8.036 229.37 0.58 13.52 5.39 699.4
2008 5 18 12 49998.5 1.608 237.18 0.58 13.11 5.32 690.0
2008 5 19 12 50070.1 0.707 258.25 0.58 15.45 7.14 766.3
2008 5 20 12 50139.7 3.493 233.48 0.58 12.47 3.73 709.6
2008 5 21 12 50207.1 2.496 252.32 0.58 15.74 7.86 779.7
2008 5 22 12 50272.5 3.427 270.52 0.58 14.20 5.98 762.5
2008 5 23 12 50335.9 2.169 251.86 0.58 16.61 8.39 744.3
2008 5 24 12 50397.0 2.290 256.05 0.58 15.46 7.79 772.4
2008 5 25 12 50456.1 4.728 265.06 0.58 13.86 4.98 701.1
2008 5 26 12 50513.0 6.306 254.99 0.58 17.00 7.86 735.3
2008 5 27 12 50567.8 0.622 246.26 0.58 17.13 7.68 715.1
2008 5 28 12 50620.3 4.271 262.45 0.58 15.62 6.93 731.6
2008 5 29 12 50670.7 1.689 247.01 0.58 16.57 7.65 732.8
2008 5 30 12 50718.8 0.881 237.23 0.58 16.01 7.51 744.9
2008 5 31 12 50764.8 10.283 264.47 0.58 16.10 6.66 715.4
2008 6 1 12 50808.5 1.637 256.47 0.58 20.03 11.89 811.7
2008 6 2 12 50849.9 0.013 248.09 0.58 18.13 9.75 795.7
2008 6 3 12 50889.0 2.666 279.69 0.58 21.27 13.73 829.7
2008 6 4 12 50925.9 3.166 262.83 0.58 17.65 10.94 845.4
2008 6 5 12 50960.5 0.573 271.38 0.58 18.72 11.60 788.1
2008 6 6 12 50992.8 0.460 261.18 0.58 17.78 8.44 771.4
2008 6 7 12 51022.8 2.972 273.80 0.58 17.64 7.99 767.0
2008 6 8 12 51050.5 0.894 251.17 0.58 20.41 11.66 834.8
2008 6 9 12 51075.8 2.329 238.10 0.58 20.08 11.77 854.0
2008 6 10 12 51098.8 10.371 250.57 0.58 18.16 10.22 817.4
2008 6 11 12 51119.5 3.803 272.52 0.58 19.75 11.50 859.8
2008 6 12 12 51137.8 1.399 239.38 0.58 16.80 8.31 795.3
2008 6 13 12 51153.7 6.252 262.84 0.58 18.53 9.98 810.3
2008 6 14 12 51167.4 0.387 266.66 0.58 20.20 12.33 843.1
2008 6 15 12 51178.6 1.388 280.29 0.58 21.25 12.59 843.5
2008 6 16 12 51187.5 3.293 276.86 0.58 21.91 12.91 881.0
2008 6 17 12 51194.0 4.347 247.92 0.58 18.09 9.79 782.2
2008 6 18 12 51198.1 3.034 247.39 0.58 20.03 12.67 861.6
2008 6 19 12 51199.9 1.435 299.28 0.58 20.79 12.73 841.0
2008 6 20 12 51199.3 0.496 292.98 0.58 19.39 11.61 821.0
2008 6 21 12 51196.4 2.136 243.82 0.58 19.75 11.39 874.4
2008 6 22 12 51191.0 5.229 249.74 0.58 18.25 9.75 816.6
2008 6 23 12 51183.3 6.652 272.55 0.58 19.23 10.84 842.4
2008 6 24 12 51173.3 8.976 237.75 0.58 19.31 12.82 890.1
2008 6 25 12 51160.8 1.597 256.01 0.58 20.20 12.57 847.4
2008 6 26 12 51146.1 0.427 257.90 0.58 19.39 13.00 850.8
2008 6 27 12 51128.9 3.174 265.81 0.58 21.01 13.94 882.9
2008 6 28 12 51109.4 0.948 276.45 0.58 18.64 11.69 788.4
2008 6 29 12 51087.6 2.091 283.26 0.58 20.17 12.72 878.6
2008 6 30 12 51063.4 3.608 251.57 0.58 19.39 11.27 788.4
2008 7 1 12 51036.9 4.280 251.19 0.58 23.10 15.16 921.5
2008 7 2 12 51008.1 7.735 271.11 0.58 19.54 11.94 866.8
2008 7 3 12 50976.9 2.051 279.22 0.58 19.18 9.96 842.8
2008 7 4 12 50943.5 6.293 261.65 0.58 19.66 11.09 794.2
2008 7 5 12 50907.8 0.678 276.91 0.58 20.34 10.63 809.3
2008 7 6 12 50869.7 0.604 262.88 0.58 21.47 12.93 853.7
2008 7 7 12 50829.4 1.649 261.51 0.58 20.43 12.79 857.3
2008 7 8 12 50786.9 0.803 252.02 0.58 23.92 16.28 922.2
2008 7 9 12 50742.1 1.138 240.05 0.58 22.14 13.33 833.7
2008 7 10 12 50695.1 3.391 240.56 0.58 23.07 14.05 849.7
2008 7 11 12 50645.8 1.102 246.65 0.58 23.11 14.78 931.1
2008 7 12 12 50594.3 3.120 263.42 0.58 19.50 11.59 850.9
2008 7 13 12 50540.7 0.254 263.96 0.58 21.12 14.05 864.5
2008 7 14 12 50484.8 3.060 255.26 0.58 20.34 12.63 886.1
2008 7 15 12 50426.8 0.762 241.59 0.58 21.18 12.22 812.1
2008 7 16 12 50366.7 1.262 255.80 0.58 20.58 11.13 820.7
2008 7 17 12 50304.5 2.670 238.16 0.58 23.57 15.73 967.2
2008 7 18 12 50240.1 4.006 243.45 0.58 24.04 16.23 898.7
2008 7 19 12 50173.7 0.836 248.72 0.58 20.24 12.48 895.6
2008 7 20 12 50105.1 8.451 247.04 0.58 22.59 14.17 838.0
2008 7 21 12 50034.6 4.237 229.49 0.58 21.02 13.35 887.7
2008 7 22 12 49962.0 6.819 249.05 0.58 21.73 13.16 815.2
2008 7 23 12 49887.4 1.007 245.05 0.58 21.60 12.91 915.0
2008 7 24 12 49810.8 1.277 263.01 0.58 22.02 14.44 885.3
2008 7 25 12 49732.3 0.222 236.30 0.58 21.07 13.36 862.1
2008 7 26 12 49651.8 1.625 259.50 0.58 21.77 12.89 870.5
2008 7 27 12 49569.5 2.126 266.96 0.58 20.88 13.23 859.8
2008 7 28 12 49485.2 2.398 237.70 0.58 22.64 13.23 872.1
2008 7 29 12 49399.1 0.782 251.63 0.58 20.00 11.72 843.7
2008 7 30 12 49311.1 0.067 267.30 0.58 21.37 15.06 873.9
2008 7 31 12 49221.3 1.980 212.11 0.58 24.08 14.64 886.5
2008 8 1 12 49129.8 0.517 231.88 0.58 24.98 15.62 975.4
2008 8 2 12 49036.5 7.860 271.60 0.58 20.62 11.19 831.5
2008 8 3 12 48941.4 0.013 245.30 0.58 19.33 12.08 831.8
2008 8 4 12 48844.7 0.990 246.94 0.58 19.45 11.97 854.3
2008 8 5 12 48746.2 5.382 215.32 0.58 22.28 13.13 881.4
2008 8 6 12 48646.2 0.195 238.50 0.58 20.80 12.07 869.0
2008 8 7 12 48544.5 1.229 238.40 0.58 21.97 13.30 846.7
2008 8 8 12 48441.3 3.212 224.83 0.58 20.79 14.35 925.1
2008 8 9 12 48336.4 3.903 235.27 0.58 21.09 13.48 882.9
2008 8 10 12 48230.1 1.227 201.57 0.58 22.38 13.15 869.8
2008 8 11 12 48122.3 0.542 249.84 0.58 20.65 12.24 821.6
2008 8 12 12 48013.0 0.692 253.12 0.58 19.24 11.97 855.5
2008 8 13 12 47902.3 2.087 208.30 0.58 21.91 14.25 866.1
2008 8 14 12 47790.2 0.981 229.93 0.58 21.84 13.18 832.5
2008 8 15 12 47676.7 1.171 212.46 0.58 17.83 9.67 807.8
2008 8 16 12 47561.9 0.302 230.97 0.58 19.84 11.69 821.5
2008 8 17 12 47445.8 0.094 222.06 0.58 20.02 12.12 821.2
2008 8 18 12 47328.5 5.067 218.04 0.58 21.53 14.62 832.8
2008 8 19 12 47209.9 4.410 233.65 0.58 20.95 12.94 861.3
2008 8 20 12 47090.2 0.080 235.34 0.58 18.24 9.33 759.9
2008 8 21 12 46969.3 1.323 196.04 0.58 18.06 9.92 788.3
2008 8 22 12 46847.3 1.632 238.76 0.58 19.86 11.69 846.5
2008 8 23 12 46724.2 1.528 222.01 0.58 20.27 11.85 814.9
2008 8 24 12 46600.0 0.828 198.00 0.58 18.03 9.58 784.5
2008 8 25 12 46474.8 0.194 214.45 0.58 18.31 10.73 828.4
2008 8 26 12 46348.7 0.132 206.44 0.58 21.90 14.07 884.6
2008 8 27 12 46221.7 1.632 212.69 0.58 18.92 9.80 790.3
2008 8 28 12 46093.7 1.771 208.08 0.58 17.54 9.32 805.9
2008 8 29 12 45964.9 2.126 196.61 0.58 21.02 13.67 849.6
2008 8 30 12 45835.3 2.053 192.92 0.58 16.63 9.40 694.4
2008 8 31 12 45704.9 1.135 195.71 0.58 17.17 8.99 738.9
2008 9 1 12 45573.7 6.544 188.91 0.58 17.88 8.40 798.5
2008 9 2 12 45441.8 3.011 222.57 0.58 18.78 10.64 839.4
2008 9 3 12 45309.3 2.249 197.68 0.58 17.30 9.70 820.2
2008 9 4 12 45176.2 4.385 199.10 0.58 18.43 10.11 793.4
2008 9 5 12 45042.4 1.110 208.94 0.58 14.82 7.36 672.1
2008 9 6 12 44908.2 1.662 221.42 0.58 19.09 10.43 815.1
2008 9 7 12 44773.4 1.629 194.65 0.58 18.83 10.75 853.9
2008 9 8 12 44638.1 1.115 205.78 0.58 11.94 4.42 665.0
2008 9 9 12 44502.5 0.178 195.07 0.58 14.81 6.86 731.4
2008 9 10 12 44366.4 2.311 196.02 0.58 15.98 8.40 814.1
2008 9 11 12 44230.0 0.451 186.14 0.58 15.13 5.30 711.8
2008 9 12 12 44093.3 1.538 186.56 0.58 15.44 6.11 706.3
2008 9 13 12 43956.3 3.342 199.83 0.58 17.43 9.79 724.1
2008 9 14 12 43819.1 0.078 186.34 0.58 15.85 7.82 699.7
2008 9 15 12 43681.7 0.485 174.13 0.58 14.53 4.93 720.4
2008 9 16 12 43544.2 2.502 183.98 0.58 15.98 8.18 787.5
2008 9 17 12 43406.5 1.686 174.58 0.58 15.01 6.67 767.2
2008 9 18 12 43268.9 0.140 189.96 0.58 15.58 6.77 750.3
2008 9 19 12 43131.1 0.048 156.75 0.58 17.07 8.91 805.7
2008 9 20 12 42993.5 1.151 187.74 0.58 12.56 4.36 739.7
2008 9 21 12 42855.8 0.648 187.35 0.58 15.30 6.24 713.9
2008 9 22 12 42718.3 1.524 184.44 0.58 10.58 1.56 639.5
2008 9 23 12 42580.9 1.389 162.50 0.58 13.54 5.54 691.7
2008 9 24 12 42443.7 2.848 170.33 0.58 15.17 5.52 738.1
2008 9 25 12 42306.7 1.970 177.64 0.58 15.25 7.50 767.0
2008 9 26 12 42170.0 2.690 156.80 0.58 13.15 3.13 649.5
2008 9 27 12 42033.6 1.135 152.55 0.58 13.86 5.42 689.7
2008 9 28 12 41897.5 1.225 166.81 0.58 13.04 4.68 735.3
2008 9 29 12 41761.9 1.123 166.91 0.58 12.82 3.93 677.4
2008 9 30 12 41626.6 0.218 174.83 0.58 12.35 4.17 695.4
2008 10 1 12 41491.8 0.273 165.83 0.58 14.33 5.65 717.5
2008 10 2 12 41357.6 1.528 130.29 0.58 10.43 1.48 647.6
2008 10 3 12 41223.8 3.089 153.85 0.58 13.18 4.75 696.9
2008 10 4 12 41090.7 0.970 166.12 0.58 9.66 2.49 646.5
2008 10 5 12 40958.2 1.242 146.76 0.58 12.71 4.39 663.8
2008 10 6 12 40826.3 0.587 161.65 0.58 12.14 3.47 669.6
2008 10 7 12 40695.1 0.377 141.03 0.58 11.62 3.49 674.3
2008 10 8 12 40564.7 1.137 150.77 0.58 15.80 7.52 740.6
2008 10 9 12 40435.1 1.438 156.39 0.58 12.92 4.45 708.7
2008 10 10 12 40306.3 0.092 176.26 0.58 14.25 6.99 733.9
2008 10 11 12 40178.3 0.063 146.01 0.58 10.26 4.00 556.8
2008 10 12 12 40051.3 1.152 154.57 0.58 7.00 -0.08 613.8
2008 10 13 12 39925.2 2.160 139.96 0.58 9.74 3.04 681.1
2008 10 14 12 39800.0 2.940 131.88 0.58 10.89 1.79 661.1
2008 10 15 12 39675.8 0.687 139.14 0.58 9.70 0.84 667.6
2008 10 16 12 39552.7 1.113 137.51 0.58 11.74 4.75 740.2
2008 10 17 12 39430.7 0.308 137.09 0.58 10.73 2.19 661.8
2008 10 18 12 39309.8 2.065 143.69 0.58 10.07 2.37 674.5
2008 10 19 12 39190.1 1.617 135.14 0.58 9.82 1.35 642.4
2008 10 20 12 39071.5 1.382 120.59 0.58 8.55 0.82 610.7
2008 10 21 12 38954.2 1.391 134.47 0.58 8.04 -0.10 533.6
2008 10 22 12 38838.1 0.654 147.19 0.58 6.35 -2.82 457.4
2008 10 23 12 38723.3 2.290 152.36 0.58 9.34 1.11 585.6
2008 10 24 12 38609.8 0.232 146.09 0.58 7.31 -2.00 609.5
2008 10 25 12 38497.7 0.312 139.69 0.58 11.23 3.80 680.7
2008 10 26 12 38387.0 0.250 128.45 0.58 5.57 -2.30 549.2
2008 10 27 12 38277.7 0.724 101.51 0.58 4.68 -3.63 529.7
2008 10 28 12 38169.9 0.758 112.89 0.58 9.60 1.47 639.5
2008 10 29 12 38063.6 0.620 139.26 0.58 8.35 0.23 639.7
2008 10 30 12 37958.7 0.057 154.33 0.58 6.10 -1.94 571.2
2008 10 31 12 37855.5 0.141 114.40 0.58 5.67 -4.05 524.3
2008 11 1 12 37753.8 1.086 138.95 0.58 4.82 -3.67 545.5
2008 11 2 12 37653.8 2.203 115.31 0.58 7.44 -1.69 519.2
2008 11 3 12 37555.3 0.583 112.73 0.58 6.22 -2.48 523.8
2008 11 4 12 37458.6 1.112 129.39 0.58 7.02 -0.64 592.7
2008 11 5 12 37363.5 1.317 114.10 0.58 6.05 -0.46 630.5
2008 11 6 12 37270.2 0.784 100.08 0.58 4.58 -3.93 487.0
2008 11 7 12 37178.7 0.205 114.64 0.58 4.23 -3.86 493.2
2008 11 8 12 37088.9 1.119 113.95 0.58 5.46 -1.97 544.9
2008 11 9 12 37000.9 0.357 96.18 0.58 3.37 -3.94 542.3
2008 11 10 12 36914.8 0.665 138.41 0.58 6.43 -2.04 564.0
2008 11 11 12 36830.5 0.067 122.40 0.58 3.34 -4.06 503.5
2008 11 12 12 36748.2 1.502 107.76 0.58 5.69 -1.52 583.3
2008 11 13 12 36667.7 1.467 100.71 0.58 4.27 -3.14 528.5
2008 11 14 12 36589.2 0.767 113.68 0.58 4.69 -4.39 480.0
2008 11 15 12 36512.6 0.540 98.03 0.58 4.15 -4.19 519.7
2008 11 16 12 36438.0 1.297 114.10 0.58 2.46 -5.65 454.2
2008 11 17 12 36365.4 2.556 79.26 0.58 3.60 -4.09 550.7
2008 11 18 12 36294.9 0.358 105.45 0.58 2.12 -5.68 468.1
2008 11 19 12 36226.3 0.125 145.37 0.58 4.55 -3.16 554.2
2008 11 20 12 36159.9 2.879 110.15 0.58 2.76 -5.76 505.3
2008 11 21 12 36095.5 0.457 82.88 0.58 3.18 -6.74 486.8
2008 11 22 12 36033.3 0.101 130.50 0.58 4.28 -4.15 514.3
2008 11 23 12 35973.2 1.195 116.99 0.58 3.31 -4.64 498.2
2008 11 24 12 35915.2 3.641 102.55 0.58 1.73 -4.69 475.9
2008 11 25 12 35859.3 0.717 119.47 0.58 1.53 -6.52 444.4
2008 11 26 12 35805.7 0.309 81.77 0.58 4.32 -4.48 469.1
2008 11 27 12 35754.2 0.434 95.85 0.58 3.24 -3.63 470.6
2008 11 28 12 35704.9 0.188 113.11 0.58 5.55 -2.38 569.9
2008 11 29 12 35657.9 1.577 126.39 0.58 2.56 -4.28 564.7
2008 11 30 12 35613.1 0.426 83.84 0.58 3.17 -5.04 480.1
2008 12 1 12 35570.6 0.648 60.92 0.58 0.22 -7.20 452.7
2008 12 2 12 35530.3 0.210 109.62 0.58 1.92 -6.23 481.9
2008 12 3 12 35492.2 1.165 106.65 0.58 0.60 -6.99 466.1
2008 12 4 12 35456.5 4.692 88.55 0.58 -2.01 -10.08 377.6
2008 12 5 12 35423.1 0.435 107.13 0.58 -1.13 -10.44 381.2
2008 12 6 12 35391.9 0.175 106.33 0.58 1.40 -6.04 521.5
2008 12 7 12 35363.1 1.609 115.09 0.58 2.49 -6.12 459.7
2008 12 8 12 35336.6 1.517 117.14 0.58 0.33 -7.62 477.0
2008 12 9 12 35312.4 0.328 93.07 0.58 3.00 -4.34 547.5
2008 12 10 12 35290.6 0.789 102.47 0.58 0.29 -9.11 401.9
2008 12 11 12 35271.1 3.273 90.63 0.58 -1.30 -8.83 399.2
2008 12 12 12 35253.9 0.839 108.11 0.58 -1.16 -8.73 415.5
2008 12 13 12 35239.2 0.664 94.11 0.58 2.07 -5.83 487.6
2008 12 14 12 35226.7 0.614 124.17 0.58 0.08 -7.67 433.5
2008 12 15 12 35216.7 0.094 99.52 0.58 -0.56 -8.62 429.3
2008 12 16 12 35209.0 0.373 87.73 0.58 -0.79 -9.45 429.1
2008 12 17 12 35203.6 0.165 86.84 0.58 1.78 -7.33 426.8
2008 12 18 12 35200.7 0.462 92.56 0.58 -0.39 -7.36 462.6
2008 12 19 12 35200.1 2.224 103.13 0.58 -1.66 -9.56 411.4
2008 12 20 12 35201.9 2.443 118.16 0.58 -2.26 -11.00 359.5
2008 12 21 12 35206.0 3.818 105.10 0.58 -1.36 -8.80 351.7
2008 12 22 12 35212.5 0.157 102.40 0.58 -1.94 -10.08 390.4
2008 12 23 12 35221.4 3.401 91.28 0.58 -0.37 -7.95 453.7
2008 12 24 12 35232.6 0.628 87.65 0.58 -3.71 -12.13 343.4
2008 12 25 12 35246.3 1.216 74.94 0.58 -2.16 -10.39 370.8
2008 12 26 12 35262.2 0.482 111.88 0.58 -3.42 -13.12 343.5
2008 12 27 12 35280.5 0.802 93.97 0.58 -3.14 -12.17 376.5
2008 12 28 12 35301.2 1.006 111.44 0.58 0.40 -7.60 410.4
2008 12 29 12 35324.2 0.501 99.83 0.58 -2.32 -11.30 368.7
2008 12 30 12 35349.5 0.396 80.27 0.58 -3.34 -12.00 354.0
2008 12 31 12 35377.2 0.111 94.93 0.58 -4.38 -12.64 418.2
2009 1 1 12 35377.2 1.118 125.46 0.58 -1.58 -10.05 369.1
2009 1 2 12 35407.2 4.328 116.46 0.58 -2.71 -10.73 398.4
2009 1 3 12 35439.5 1.939 82.66 0.58 -0.33 -8.30 412.0
2009 1 4 12 35474.1 0.629 86.65 0.58 -0.48 -8.11 431.3
2009 1 5 12 35511.0 0.617 114.01 0.58 -1.84 -9.10 478.9
2009 1 6 12 35550.1 0.927 101.53 0.58 -3.22 -11.20 381.0
2009 1 7 12 35591.5 3.285 124.00 0.58 -1.03 -8.95 447.4
2009 1 8 12 35635.2 10.492 109.80 0.58 -2.23 -9.74 473.4
2009 1 9 12 35681.2 3.047 64.84 0.58 -2.15 -10.71 381.4
2009 1 10 12 35729.3 1.752 83.71 0.58 -2.33 -11.77 361.2
2009 1 11 12 35779.7 0.163 90.73 0.58 -2.77 -11.08 332.4
2009 1 12 12 35832.2 0.027 119.48 0.58 -4.15 -11.98 420.6
2009 1 13 12 35887.0 0.569 137.17 0.58 -1.18 -9.96 402.2
2009 1 14 12 35943.9 3.566 115.44 0.58 -1.24 -10.66 379.4
2009 1 15 12 36003.0 0.646 91.74 0.58 -0.95 -10.42 410.3
2009 1 16 12 36064.1 2.282 135.79 0.58 -4.74 -12.43 291.7
2009 1 17 12 36127.5 0.612 105.59 0.58 -1.05 -8.27 408.0
2009 1 18 12 36192.9 0.285 117.19 0.58 -2.71 -9.11 437.5
2009 1 19 12 36260.3 3.337 146.02 0.58 -2.30 -9.80 453.9
2009 1 20 12 36329.9 2.872 106.25 0.58 -2.29 -10.31 431.4
2009 1 21 12 36401.5 1.641 100.41 0.58 -3.04 -11.26 315.5
2009 1 22 12 36475.1 1.189 134.83 0.58 0.13 -8.62 490.1
2009 1 23 12 36550.6 0.046 101.20 0.58 -3.56 -11.25 349.2
2009 1 24 12 36628.2 1.679 94.71 0.58 -4.64 -12.66 330.9
2009 1 25 12 36707.7 0.168 136.48 0.58 -4.29 -11.60 367.8
2009 1 26 12 36789.1 8.658 117.75 0.58 -3.31 -12.48 337.9
2009 1 27 12 36872.4 2.197 122.47 0.58 -3.97 -12.26 376.5
2009 1 28 12 36957.6 6.811 131.58 0.58 -1.12 -9.93 393.3
2009 1 29 12 37044.7 3.043 156.38 0.58 -4.61 -10.90 413.2
2009 1 30 12 37133.6 1.165 130.71 0.58 -5.57 -13.06 361.4
2009 1 31 12 37224.2 2.925 135.51 0.58 -1.67 -10.09 416.4
2009 2 1 12 37316.7 2.214 92.97 0.58 -1.71 -10.17 411.5
2009 2 2 12 37410.8 0.107 143.89 0.58 -2.94 -11.32 413.5
2009 2 3 12 37506.7 1.251 148.41 0.58 -2.30 -9.51 410.0
2009 2 4 12 37604.3 1.034 105.75 0.58 -3.95 -12.02 383.4
2009 2 5 12 37703.6 1.062 121.88 0.58 -2.64 -11.25 327.9
2009 2 6 12 37804.5 0.435 134.99 0.58 -2.51 -10.64 398.1
2009 2 7 12 37906.9 4.896 146.64 0.58 -3.16 -11.98 410.2
2009 2 8 12 38011.0 3.488 99.25 0.58 1.04 -7.94 460.1
2009 2 9 12 38116.5 2.847 126.58 0.58 -0.60 -9.15 358.5
2009 2 10 12 38223.6 1.263 114.16 0.58 -0.83 -9.10 412.8
2009 2 11 12 38332.2 0.072 91.39 0.58 -1.93 -11.30 411.1
2009 2 12 12 38442.2 0.616 141.14 0.58 -1.62 -10.01 394.4
2009 2 13 12 38553.6 2.538 128.69 0.58 -0.38 -8.52 447.6
2009 2 14 12 38666.4 7.821 145.66 0.58 -1.56 -8.86 449.7
2009 2 15 12 38780.5 0.218 125.98 0.58 0.86 -5.38 523.6
2009 2 16 12 38896.0 3.894 147.92 0.58 -2.65 -11.30 363.1
2009 2 17 12 39012.7 4.117 122.60 0.58 -0.47 -7.65 419.8
2009 2 18 12 39130.6 0.182 119.19 0.58 -1.00 -9.62 405.5
2009 2 19 12 39249.8 1.515 143.00 0.58 -3.46 -10.63 326.7
2009 2 20 12 39370.1 0.486 133.65 0.58 -0.93 -9.25 421.6
2009 2 21 12 39491.6 2.325 123.39 0.58 -1.23 -8.96 411.9
2009 2 22 12 39614.2 3.179 138.97 0.58 -1.18 -8.60 434.1
2009 2 23 12 39737.8 2.506 121.88 0.58 -3.92 -12.73 374.5
2009 2 24 12 39862.5 0.273 150.52 0.58 0.95 -8.00 408.7
2009 2 25 12 39988.1 1.694 139.18 0.58 0.12 -8.88 447.3
2009 2 26 12 40114.7 2.985 144.96 0.58 0.74 -8.60 388.0
2009 2 27 12 40242.2 1.569 148.57 0.58 -0.83 -6.86 518.8
2009 2 28 12 40370.6 0.313 150.45 0.58 0.58 -7.61 482.5
2009 3 1 12 40499.8 7.335 141.36 0.58 -0.81 -9.51 436.9
2009 3 2 12 40629.8 2.013 135.20 0.58 -0.98 -8.79 393.8
2009 3 3 12 40760.6 9.029 161.14 0.58 -2.09 -10.69 374.6
2009 3 4 12 40892.1 0.580 163.36 0.58 0.19 -9.80 420.9
2009 3 5 12 41024.3 3.354 154.89 0.58 -1.08 -9.71 382.3
2009 3 6 12 41157.2 3.736 147.45 0.58 0.40 -7.26 461.5
2009 3 7 12 41290.6 9.729 160.42 0.58 -1.31 -9.99 345.4
2009 3 8 12 41424.6 2.259 150.59 0.58 -1.97 -10.93 363.1
2009 3 9 12 41559.2 0.383 164.95 0.58 -0.79 -9.35 421.4
2009 3 10 12 41694.2 2.478 137.58 0.58 2.24 -5.81 497.1
2009 3 11 12 41829.7 0.657 159.55 0.58 1.15 -5.49 437.0
2009 3 12 12 41965.5 4.647 169.25 0.58 2.78 -5.02 438.5
2009 3 13 12 42101.8 3.413 185.99 0.58 1.05 -7.51 435.4
2009 3 14 12 42238.3 1.564 159.21 0.58 1.16 -7.02 440.8
2009 3 15 12 42375.2 6.145 198.96 0.58 3.20 -5.59 484.3
2009 3 16 12 42512.3 0.967 192.64 0.58 3.90 -3.45 496.5
2009 3 17 12 42649.6 3.279 170.82 0.58 3.78 -4.29 544.7
2009 3 18 12 42787.0 1.412 180.86 0.58 3.83 -4.59 513.4
2009 3 19 12 42924.6 1.233 181.35 0.58 2.74 -5.28 525.4
2009 3 20 12 43062.3 1.360 151.59 0.58 4.85 -2.92 538.4
2009 3 21 12 43200.0 0.861 189.77 0.58 3.21 -6.02 464.8
2009 3 22 12 43337.7 1.012 167.90 0.58 2.58 -6.29 481.0
2009 3 23 12 43475.4 0.186 189.87 0.58 3.53 -5.27 523.5
2009 3 24 12 43613.0 2.482 189.13 0.58 2.70 -4.84 481.5
2009 3 25 12 43750.4 0.865 174.74 0.58 4.63 -2.96 534.0
2009 3 26 12 43887.7 1.982 187.12 0.58 7.66 -0.16 573.2
2009 3 27 12 44024.8 2.675 189.25 0.58 4.47 -4.77 449.3
2009 3 28 12 44161.7 0.788 174.75 0.58 4.00 -3.03 623.8
2009 3 29 12 44298.2 3.462 168.45 0.58 6.59 -1.31 604.4
2009 3 30 12 44434.5 1.166 147.20 0.58 4.58 -4.30 508.8
2009 3 31 12 44570.3 6.547 186.09 0.58 3.99 -4.69 508.6
2009 4 1 12 44705.8 0.110 201.88 0.58 6.75 -2.22 534.5
2009 4 2 12 44840.8 0.235 183.62 0.58 6.66 -0.92 554.1
2009 4 3 12 44975.4 3.482 201.23 0.58 5.83 -3.54 523.8
2009 4 4 12 45109.4 3.833 220.91 0.58 5.90 -1.99 511.5
2009 4 5 12 45242.8 2.323 202.37 0.58 4.86 -2.89 529.9
2009 4 6 12 45375.7 13.531 205.54 0.58 6.82 -1.63 559.3
2009 4 7 12 45507.9 3.235 188.52 0.58 5.83 -1.90 537.7
2009 4 8 12 45639.4 2.127 209.56 0.58 8.16 1.81 576.7
2009 4 9 12 45770.2 0.895 211.39 0.58 8.24 -1.29 623.4
2009 4 10 12 45900.2 8.782 211.17 0.58 6.57 -1.53 574.0
2009 4 11 12 46029.4 1.250 207.51 0.58 8.20 -1.69 534.0
2009 4 12 12 46157.8 0.272 225.27 0.58 7.37 -2.83 555.9
2009 4 13 12 46285.3 2.872 180.46 0.58 5.63 -3.16 531.3
2009 4 14 12 46411.9 5.187 208.86 0.58 9.84 1.15 652.8
2009 4 15 12 46537.5 4.779 215.42 0.58 7.76 0.47 587.4
2009 4 16 12 46662.2 2.242 192.96 0.58 6.41 -1.12 554.8
2009 4 17 12 46785.8 3.401 232.68 0.58 6.35 -2.82 578.5
2009 4 18 12 46908.4 1.242 210.47 0.58 10.40 2.73 658.8
2009 4 19 12 47029.9 1.127 227.23 0.58 9.64 1.85 658.9
2009 4 20 12 47150.2 0.889 220.58 0.58 7.30 0.22 642.7
2009 4 21 12 47269.4 0.371 211.17 0.58 8.32 1.37 696.5
2009 4 22 12 47387.3 6.847 215.76 0.58 8.69 1.09 608.4
2009 4 23 12 47504.0 6.896 227.66 0.58 6.85 -1.89 618.3
2009 4 24 12 47619.5 9.715 203.70 0.58 11.55 2.37 637.8
2009 4 25 12 47733.6 1.146 222.77 0.58 10.66 1.81 640.5
2009 4 26 12 47846.4 0.201 231.60 0.58 10.40 2.75 706.8
2009 4 27 12 47957.8 2.767 227.57 0.58 10.30 2.79 672.1
2009 4 28 12 48067.8 4.427 208.11 0.58 10.22 1.74 612.9
2009 4 29 12 48176.4 8.781 236.06 0.58 10.24 1.16 615.9
2009 4 30 12 48283.5 5.478 223.46 0.58 13.01 5.00 677.0
2009 5 1 12 48389.0 3.795 246.64 0.58 12.34 4.53 689.8
2009 5 2 12 48493.1 27.892 254.42 0.58 10.89 2.09 626.0
2009 5 3 12 48595.5 6.860 222.29 0.58 12.59 3.88 619.7
2009 5 4 12 48696.4 1.373 222.13 0.58 9.94 2.20 618.0
2009 5 5 12 48795.7 0.241 229.83 0.58 11.75 3.26 629.2
2009 5 6 12 48893.3 2.439 242.57 0.58 12.58 3.21 605.8
2009 5 7 12 48989.2 0.025 229.98 0.58 8.24 0.84 546.8
2009 5 8 12 49083.3 1.504 225.08 0.58 14.51 6.62 758.9
2009 5 9 12 49175.8 2.765 246.62 0.58 12.62 3.42 609.6
2009 5 10 12 49266.4 0.758 230.86 0.58 14.63 5.63 721.2
2009 5 11 12 49355.3 9.637 267.13 0.58 11.69 3.76 642.8
2009 5 12 12 49442.4 5.425 227.49 0.58 14.94 5.33 683.0
2009 5 13 12 49527.6 3.338 237.17 0.58 13.05 5.19 703.4
2009 5 14 12 49610.9 4.103 224.30 0.58 15.89 8.02 791.9
2009 5 15 12 49692.3 2.688 250.24 0.58 16.41 8.86 772.3
2009 5 16 12 49771.8 3.165 231.98 0.58 14.05 6.38 669.6
2009 5 17 12 49849.4 3.824 249.80 0.58 15.99 6.91 746.9
2009 5 18 12 49924.9 5.040 270.12 0.58 13.11 5.71 675.6
2009 5 19 12 49998.5 2.422 230.91 0.58 16.18 7.20 733.7
2009 5 20 12 50070.1 4.533 269.78 0.58 14.70 4.56 671.6
2009 5 21 12 50139.7 0.216 278.27 0.58 14.99 6.51 746.0
2009 5 22 12 50207.1 1.568 277.25 0.58 16.31 7.42 784.6
2009 5 23 12 50272.5 0.423 278.90 0.58 14.68 6.23 744.9
2009 5 24 12 50335.9 2.630 264.35 0.58 15.70 7.35 675.4
2009 5 25 12 50397.0 8.689 235.09 0.58 16.59 7.76 760.8
2009 5 26 12 50456.1 3.777 238.56 0.58 15.91 6.76 772.4
2009 5 27 12 50513.0 0.281 231.38 0.58 14.21 5.66 745.4
2009 5 28 12 50567.8 5.411 257.69 0.58 16.11 7.95 754.7
2009 5 29 12 50620.3 1.524 226.67 0.58 16.49 7.66 698.2
2009 5 30 12 50670.7 0.334 262.95 0.58 19.24 11.91 858.9
2009 5 31 12 50718.8 2.666 270.74 0.58 18.06 10.09 755.3
2009 6 1 12 50764.8 2.792 240.67 0.58 18.85 11.39 849.3
2009 6 2 12 50808.5 8.899 243.19 0.58 15.46 8.14 797.1
2009 6 3 12 50849.9 5.673 211.95 0.58 16.13 7.44 713.1
2009 6 4 12 50889.0 2.610 255.57 0.58 17.07 7.11 737.7
2009 6 5 12 50925.9 9.668 267.88 0.58 17.15 10.01 780.3
2009 6 6 12 50960.5 5.797 267.00 0.58 17.66 11.00 798.5
2009 6 7 12 50992.8 1.627 234.18 0.58 18.70 10.97 812.6
2009 6 8 12 51022.8 4.161 260.75 0.58 20.68 12.29 789.5
2009 6 9 12 51050.5 0.285 254.80 0.58 17.69 8.61 757.9
2009 6 10 12 51075.8 5.375 243.38 0.58 18.47 10.99 787.8
2009 6 11 12 51098.8 11.619 243.77 0.58 20.19 10.84 791.1
2009 6 12 12 51119.5 0.869 269.80 0.58 19.31 10.79 819.4
2009 6 13 12 51137.8 0.852 245.63 0.58 18.09 8.67 780.4
2009 6 14 12 51153.7 6.726 263.18 0.58 17.83 9.76 836.0
2009 6 15 12 51167.4 1.328 264.57 0.58 18.97 12.59 803.1
2009 6 16 12 51178.6 3.259 241.14 0.58 21.16 12.20 822.9
2009 6 17 12 51187.5 3.954 292.23 0.58 20.89 13.45 874.9
2009 6 18 12 51194.0 4.250 249.22 0.58 18.94 11.09 798.0
2009 6 19 12 51198.1 0.691 246.41 0.58 19.58 10.76 757.7
2009 6 20 12 51199.9 2.030 242.42 0.58 21.09 13.30 851.6
2009 6 21 12 51199.3 6.764 260.26 0.58 21.89 14.04 853.1
2009 6 22 12 51196.4 9.811 248.94 0.58 23.06 14.96 929.7
2009 6 23 12 51191.0 0.846 266.95 0.58 21.08 13.01 925.9
2009 6 24 12 51183.3 8.456 271.38 0.58 18.97 9.70 828.0
2009 6 25 12 51173.3 2.239 266.71 0.58 19.71 11.37 830.6
2009 6 26 12 51160.8 0.114 253.94 0.58 21.54 13.01 879.0
2009 6 27 12 51146.1 6.745 230.13 0.58 22.38 13.60 840.3
2009 6 28 12 51128.9 1.271 226.25 0.58 17.07 6.96 780.5
2009 6 29 12 51109.4 0.607 290.72 0.58 20.73 11.69 847.8
2009 6 30 12 51087.6 5.474 274.64 0.58 21.88 13.22 858.2
2009 7 1 12 51063.4 0.419 233.86 0.58 20.65 12.06 827.3
2009 7 2 12 51036.9 10.077 254.30 0.58 22.84 13.82 927.5
2009 7 3 12 51008.1 6.212 256.73 0.58 19.20 10.41 775.3
2009 7 4 12 50976.9 2.988 287.48 0.58 18.89 10.12 845.5
2009 7 5 12 50943.5 2.887 256.74 0.58 23.39 16.79 940.2
2009 7 6 12 50907.8 11.070 239.97 0.58 22.80 14.06 860.6
2009 7 7 12 50869.7 9.052 244.70 0.58 21.61 13.45 871.2
2009 7 8 12 50829.4 11.124 264.38 0.58 20.15 11.82 812.6
2009 7 9 12 50786.9 0.786 272.89 0.58 19.69 11.27 776.0
2009 7 10 12 50742.1 0.152 268.33 0.58 21.55 14.46 878.8
2009 7 11 12 50695.1 4.174 238.98 0.58 23.01 15.98 861.3
2009 7 12 12 50645.8 1.487 242.38 0.58 21.35 13.12 869.0
2009 7 13 12 50594.3 7.593 258.21 0.58 22.24 14.11 895.6
2009 7 14 12 50540.7 0.626 266.81 0.58 21.19 12.85 873.1
2009 7 15 12 50484.8 0.895 243.91 0.58 19.96 12.00 843.0
2009 7 16 12 50426.8 2.328 262.31 0.58 19.21 10.69 796.4
2009 7 17 12 50366.7 6.532 262.99 0.58 22.79 14.35 886.8
2009 7 18 12 50304.5 6.253 252.94 0.58 22.38 14.10 872.7
2009 7 19 12 50240.1 0.250 236.98 0.58 21.92 13.97 843.6
2009 7 20 12 50173.7 0.988 233.32 0.58 22.40 14.05 836.6
2009 7 21 12 50105.1 3.244 258.44 0.58 18.46 11.29 820.1
2009 7 22 12 50034.6 3.298 236.07 0.58 19.89 12.05 857.0
2009 7 23 12 49962.0 0.632 253.05 0.58 22.04 13.68 902.8
2009 7 24 12 49887.4 1.570 248.36 0.58 24.28 18.51 963.0
2009 7 25 12 49810.8 0.634 213.04 0.58 21.21 13.97 894.1
2009 7 26 12 49732.3 0.512 247.13 0.58 20.58 12.65 808.2
2009 7 27 12 49651.8 3.380 241.83 0.58 20.47 12.63 866.4
2009 7 28 12 49569.5 4.111 229.83 0.58 20.86 13.15 874.1
2009 7 29 12 49485.2 0.012 225.71 0.58 22.83 15.58 909.0
2009 7 30 12 49399.1 3.205 267.29 0.58 22.37 15.37 912.4
2009 7 31 12 49311.1 0.389 234.90 0.58 19.75 11.17 841.5
2009 8 1 12 49221.3 3.114 231.07 0.58 22.11 12.31 837.2
2009 8 2 12 49129.8 1.752 247.99 0.58 21.80 12.96 846.2
2009 8 3 12 49036.5 4.337 240.37 0.58 23.89 15.34 863.7
2009 8 4 12 48941.4 3.782 229.02 0.58 20.74 12.70 847.8
2009 8 5 12 48844.7 0.017 247.47 0.58 21.71 13.77 904.3
2009 8 6 12 48746.2 1.905 243.90 0.58 18.81 10.88 825.1
2009 8 7 12 48646.2 2.164 236.83 0.58 22.07 15.03 854.3
2009 8 8 12 48544.5 0.665 228.17 0.58 20.64 11.92 851.4
2009 8 9 12 48441.3 1.288 237.96 0.58 21.71 14.55 911.2
2009 8 10 12 48336.4 4.090 237.92 0.58 21.24 13.03 907.8
2009 8 11 12 48230.1 2.726 221.74 0.58 22.00 14.41 867.2
2009 8 12 12 48122.3 0.057 227.62 0.58 20.92 13.47 888.8
2009 8 13 12 48013.0 0.798 236.44 0.58 21.86 13.48 904.7
2009 8 14 12 47902.3 2.498 212.66 0.58 22.76 14.86 904.3
2009 8 15 12 47790.2 2.690 205.43 0.58 22.29 13.50 868.8
2009 8 16 12 47676.7 2.289 209.56 0.58 18.94 9.85 807.0
2009 8 17 12 47561.9 3.803 216.28 0.58 21.13 12.61 861.8
2009 8 18 12 47445.8 2.763 222.51 0.58 21.51 12.30 872.6
2009 8 19 12 47328.5 1.062 206.42 0.58 20.67 12.18 886.7
2009 8 20 12 47209.9 2.872 225.87 0.58 20.09 12.55 852.1
2009 8 21 12 47090.2 1.030 194.39 0.58 19.18 10.45 775.7
2009 8 22 12 46969.3 0.161 184.97 0.58 19.36 11.45 823.6
2009 8 23 12 46847.3 0.229 217.06 0.58 18.46 10.07 793.8
2009 8 24 12 46724.2 1.037 243.73 0.58 19.66 11.58 839.0
2009 8 25 12 46600.0 1.643 208.70 0.58 22.15 15.20 869.4
2009 8 26 12 46474.8 1.872 203.94 0.58 18.85 12.22 868.5
2009 8 27 12 46348.7 0.235 200.69 0.58 21.01 11.81 865.9
2009 8 28 12 46221.7 1.520 192.20 0.58 20.11 12.23 841.3
2009 8 29 12 46093.7 2.805 210.95 0.58 18.79 9.19 764.3
2009 8 30 12 45964.9 2.253 222.12 0.58 19.43 12.12 851.1
2009 8 31 12 45835.3 3.947 184.13 0.58 20.19 12.13 858.6
2009 9 1 12 45704.9 1.747 226.17 0.58 18.25 10.26 796.8
2009 9 2 12 45573.7 3.999 217.95 0.58 16.73 6.23 745.3
2009 9 3 12 45441.8 0.504 191.87 0.58 15.82 7.47 747.6
2009 9 4 12 45309.3 0.926 209.10 0.58 17.37 10.60 793.4
2009 9 5 12 45176.2 3.233 175.09 0.58 17.73 9.94 785.4
2009 9 6 12 45042.4 1.832 225.82 0.58 18.44 10.35 794.6
2009 9 7 12 44908.2 1.229 182.26 0.58 18.46 11.32 805.0
2009 9 8 12 44773.4 1.114 197.57 0.58 16.43 8.66 779.8
2009 9 9 12 44638.1 3.515 179.35 0.58 17.40 8.15 807.0
2009 9 10 12 44502.5 1.630 207.23 0.58 19.29 10.42 799.7
2009 9 11 12 44366.4 0.570 173.88 0.58 19.97 13.72 898.0
2009 9 12 12 44230.0 0.931 178.77 0.58 19.88 12.28 878.9
2009 9 13 12 44093.3 0.406 181.70 0.58 17.56 9.22 833.3
2009 9 14 12 43956.3 1.262 188.46 0.58 15.82 7.07 757.9
2009 9 15 12 43819.1 0.496 194.73 0.58 17.53 9.73 757.5
2009 9 16 12 43681.7 1.723 180.75 0.58 15.93 7.58 702.0
2009 9 17 12 43544.2 0.739 171.39 0.58 18.57 12.06 799.6
2009 9 18 12 43406.5 4.746 189.94 0.58 16.05 7.89 718.3
2009 9 19 12 43268.9 1.112 178.11 0.58 16.16 9.50 770.6
2009 9 20 12 43131.1 2.300 163.92 0.58 12.10 3.98 660.7
2009 9 21 12 42993.5 1.028 170.34 0.58 12.65 4.17 696.1
2009 9 22 12 42855.8 2.597 175.36 0.58 16.76 7.43 766.4
2009 9 23 12 42718.3 1.101 151.37 0.58 15.07 8.28 696.0
2009 9 24 12 42580.9 0.441 158.85 0.58 12.35 4.20 644.6
2009 9 25 12 42443.7 2.691 166.30 0.58 15.61 8.20 745.5
2009 9 26 12 42306.7 0.699 159.64 0.58 15.98 8.43 752.7
2009 9 27 12 42170.0 2.402 151.67 0.58 12.35 4.13 690.2
2009 9 28 12 42033.6 2.263 189.61 0.58 15.80 9.18 818.6
2009 9 29 12 41897.5 0.304 168.53 0.58 14.47 6.23 686.5
2009 9 30 12 41761.9 1.091 156.16 0.58 12.34 2.68 748.5
2009 10 1 12 41626.6 0.625 178.94 0.58 12.39 3.64 683.9
2009 10 2 12 41491.8 0.279 170.14 0.58 14.88 8.98 731.6
2009 10 3 12 41357.6 1.208 154.04 0.58 13.18 4.87 692.7
2009 10 4 12 41223.8 1.142 182.02 0.58 12.74 5.27 684.3
2009 10 5 12 41090.7 1.091 162.98 0.58 10.91 3.47 601.2
2009 10 6 12 40958.2 0.317 129.38 0.58 13.29 4.09 670.2
2009 10 7 12 40826.3 1.465 157.58 0.58 10.25 2.02 660.0
2009 10 8 12 40695.1 0.756 145.50 0.58 15.44 8.06 753.5
2009 10 9 12 40564.7 0.504 135.37 0.58 15.39 8.14 786.1
2009 10 10 12 40435.1 0.460 129.26 0.58 13.61 4.67 655.4
2009 10 11 12 40306.3 1.726 138.23 0.58 11.75 3.64 713.2
2009 10 12 12 40178.3 0.470 147.97 0.58 10.40 1.34 654.3
2009 10 13 12 40051.3 0.263 142.01 0.58 9.78 0.72 642.2
2009 10 14 12 39925.2 1.465 152.22 0.58 10.64 1.06 548.1
2009 10 15 12 39800.0 0.695 162.36 0.58 8.80 1.67 640.5
2009 10 16 12 39675.8 0.204 137.14 0.58 13.06 4.95 713.0
2009 10 17 12 39552.7 2.612 139.75 0.58 10.81 1.80 676.5
2009 10 18 12 39430.7 1.373 149.92 0.58 10.00 3.24 619.4
2009 10 19 12 39309.8 0.009 151.55 0.58 9.63 0.68 613.2
2009 10 20 12 39190.1 1.131 137.72 0.58 8.88 -0.09 644.6
2009 10 21 12 39071.5 0.077 132.31 0.58 10.17 1.03 586.9
2009 10 22 12 38954.2 2.045 114.45 0.58 11.45 3.35 721.7
2009 10 23 12 38838.1 1.145 139.76 0.58 8.78 1.23 561.8
2009 10 24 12 38723.3 1.255 151.54 0.58 8.22 -0.81 594.0
2009 10 25 12 38609.8 2.454 145.08 0.58 7.52 -0.84 583.7
2009 10 26 12 38497.7 1.723 156.82 0.58 7.74 -0.50 592.6
2009 10 27 12 38387.0 0.637 136.13 0.58 7.84 -1.01 627.7
2009 10 28 12 38277.7 0.745 147.62 0.58 4.01 -3.74 512.9
2009 10 29 12 38169.9 0.932 131.68 0.58 8.12 -1.70 581.3
2009 10 30 12 38063.6 0.169 124.66 0.58 5.63 -3.39 543.6
2009 10 31 12 37958.7 0.145 103.53 0.58 7.87 -1.01 611.9
2009 11 1 12 37855.5 0.179 146.14 0.58 4.47 -4.15 494.1
2009 11 2 12 37753.8 0.721 141.55 0.58 7.87 0.98 638.3
2009 11 3 12 37653.8 2.925 110.11 0.58 7.82 0.16 591.9
2009 11 4 12 37555.3 0.771 120.72 0.58 4.88 -4.02 554.4
2009 11 5 12 37458.6 1.124 95.84 0.58 7.50 -1.24 560.1
2009 11 6 12 37363.5 0.396 108.34 0.58 3.41 -4.43 541.7
2009 11 7 12 37270.2 2.366 105.64 0.58 7.51 -1.02 559.5
2009 11 8 12 37178.7 0.504 114.92 0.58 4.94 -4.27 494.0
2009 11 9 12 37088.9 0.932 141.83 0.58 6.19 -1.11 550.4
2009 11 10 12 37000.9 1.488 110.35 0.58 5.29 -2.98 524.8
2009 11 11 12 36914.8 0.392 135.55 0.58 5.09 -3.40 520.1
2009 11 12 12 36830.5 2.462 119.34 0.58 6.08 -3.26 482.9
2009 11 13 12 36748.2 0.853 99.39 0.58 3.95 -3.77 534.8
2009 11 14 12 36667.7 0.108 101.26 0.58 5.19 -2.86 557.7
2009 11 15 12 36589.2 0.030 97.02 0.58 4.14 -2.96 510.5
2009 11 16 12 36512.6 1.021 115.54 0.58 6.17 -1.80 564.2
2009 11 17 12 36438.0 0.591 73.44 0.58 2.68 -4.38 479.4
2009 11 18 12 36365.4 1.434 131.45 0.58 5.27 -3.80 491.5
2009 11 19 12 36294.9 0.621 109.45 0.58 3.00 -5.62 507.6
2009 11 20 12 36226.3 0.047 112.93 0.58 3.72 -4.02 561.8
2009 11 21 12 36159.9 0.600 123.06 0.58 2.31 -5.74 518.7
2009 11 22 12 36095.5 0.829 126.70 0.58 0.70 -8.34 391.4
2009 11 23 12 36033.3 1.399 112.78 0.58 2.35 -6.05 478.3
2009 11 24 12 35973.2 0.562 124.85 0.58 1.62 -6.72 511.8
2009 11 25 12 35915.2 0.749 96.02 0.58 3.21 -4.86 525.7
2009 11 26 12 35859.3 1.957 120.13 0.58 1.34 -7.17 491.0
2009 11 27 12 35805.7 1.618 90.29 0.58 0.43 -9.09 468.3
2009 11 28 12 35754.2 1.806 118.50 0.58 4.74 -4.31 576.8
2009 11 29 12 35704.9 0.239 114.71 0.58 2.08 -7.34 434.0
2009 11 30 12 35657.9 0.997 122.91 0.58 2.61 -4.85 460.4
2009 12 1 12 35613.1 0.516 75.66 0.58 3.77 -5.59 591.1
2009 12 2 12 35570.6 1.653 118.77 0.58 -0.04 -6.80 455.5
2009 12 3 12 35530.3 2.771 107.61 0.58 -0.31 -8.99 409.5
2009 12 4 12 35492.2 2.328 102.54 0.58 3.94 -3.64 519.3
2009 12 5 12 35456.5 0.550 97.08 0.58 0.50 -6.88 505.3
2009 12 6 12 35423.1 0.587 98.94 0.58 1.76 -5.32 488.9
2009 12 7 12 35391.9 0.098 136.60 0.58 0.56 -7.05 491.4
2009 12 8 12 35363.1 4.524 99.40 0.58 1.06 -7.10 487.8
2009 12 9 12 35336.6 4.033 107.72 0.58 0.72 -9.28 402.1
2009 12 10 12 35312.4 2.581 111.93 0.58 1.41 -6.12 484.5
2009 12 11 12 35290.6 0.660 91.11 0.58 -1.72 -10.52 363.2
2009 12 12 12 35271.1 3.227 116.67 0.58 1.04 -7.01 488.2
2009 12 13 12 35253.9 0.196 89.61 0.58 -1.14 -9.98 340.4
2009 12 14 12 35239.2 1.499 117.07 0.58 1.07 -7.00 454.5
2009 12 15 12 35226.7 0.432 88.72 0.58 -3.21 -10.95 375.2
2009 12 16 12 35216.7 0.479 93.44 0.58 -0.71 -9.14 434.9
2009 12 17 12 35209.0 0.597 111.72 0.58 0.55 -7.33 457.5
2009 12 18 12 35203.6 0.010 103.68 0.58 -1.75 -10.42 380.4
2009 12 19 12 35200.7 0.146 107.57 0.58 1.00 -8.74 415.2
2009 12 20 12 35200.1 0.341 84.88 0.58 -2.08 -9.74 398.1
2009 12 21 12 35201.9 0.261 124.46 0.58 -2.14 -10.39 417.5
2009 12 22 12 35206.0 1.124 75.97 0.58 0.28 -8.36 437.3
2009 12 23 12 35212.5 0.447 116.07 0.58 -1.44 -8.97 421.0
2009 12 24 12 35221.4 1.353 109.11 0.58 0.64 -8.96 411.5
2009 12 25 12 35232.6 2.090 91.85 0.58 -1.12 -9.27 423.4
2009 12 26 12 35246.3 3.751 105.68 0.58 -2.87 -12.73 421.5
2009 12 27 12 35262.2 0.573 109.51 0.58 0.61 -9.96 420.7
2009 12 28 12 35280.5 0.054 97.99 0.58 -0.82 -8.66 416.0
2009 12 29 12 35301.2 1.990 93.58 0.58 -1.96 -9.65 382.7
2009 12 30 12 35324.2 1.396 110.22 0.58 -2.19 -11.12 382.7
2009 12 31 12 35349.5 0.714 127.48 0.58 -1.94 -10.33 409.9
