37.73 -119.56 basin centroid
Elevation: 2200.0 m  Area: 460.0 km2

Year Mnth Day Hr dayl(s) prcp(mm/day) srad(W/m2) swe(mm) tmax(C) tmin(C) vp(Pa)
1995 1 1 12 35377.2 3.350 83.80 121.93 -9.66 -21.64 182.9
1995 1 2 12 35407.2 5.047 103.85 121.93 -11.20 -22.91 110.2
1995 1 3 12 35439.5 2.845 102.50 121.93 -13.80 -26.27 137.5
1995 1 4 12 35474.1 2.458 100.60 121.93 -9.59 -19.80 211.9
1995 1 5 12 35511.0 5.724 97.37 121.93 -12.51 -23.55 133.9
1995 1 6 12 35550.1 2.717 98.06 121.93 -10.62 -22.75 143.0
1995 1 7 12 35591.5 4.053 106.54 121.93 -11.97 -23.15 151.0
1995 1 8 12 35635.2 3.717 108.89 121.93 -11.38 -21.85 178.7
1995 1 9 12 35681.2 5.853 108.60 121.93 -9.10 -19.71 179.9
1995 1 10 12 35729.3 2.110 123.38 121.93 -10.07 -22.21 149.4
1995 1 11 12 35779.7 7.741 87.78 121.93 -9.20 -23.11 141.4
1995 1 12 12 35832.2 1.589 79.15 121.93 -10.42 -21.51 187.3
1995 1 13 12 35887.0 4.441 122.12 121.93 -10.35 -22.46 168.9
1995 1 14 12 35943.9 3.999 93.29 121.93 -13.63 -24.53 114.3
1995 1 15 12 36003.0 1.447 102.34 121.93 -11.45 -22.09 141.7
1995 1 16 12 36064.1 4.854 99.46 121.93 -11.32 -21.83 145.3
1995 1 17 12 36127.5 2.367 99.77 121.93 -9.16 -19.16 181.0
1995 1 18 12 36192.9 0.943 88.05 121.93 -11.76 -22.17 174.4
1995 1 19 12 36260.3 5.491 102.06 121.93 -10.60 -20.60 169.5
1995 1 20 12 36329.9 0.532 121.04 121.93 -10.66 -20.96 175.1
1995 1 21 12 36401.5 1.205 111.96 121.93 -9.25 -19.48 217.5
1995 1 22 12 36475.1 3.096 120.32 121.93 -11.18 -22.61 147.8
1995 1 23 12 36550.6 6.208 106.07 121.93 -9.73 -22.16 156.7
1995 1 24 12 36628.2 5.300 127.82 121.93 -13.51 -22.92 114.4
1995 1 25 12 36707.7 3.721 107.45 121.93 -13.35 -24.70 114.0
1995 1 26 12 36789.1 0.304 84.26 121.93 -14.33 -24.75 95.6
1995 1 27 12 36872.4 1.603 121.47 121.93 -9.70 -21.54 166.6
1995 1 28 12 36957.6 2.049 129.09 121.93 -9.84 -20.47 225.4
1995 1 29 12 37044.7 0.921 110.06 121.93 -9.47 -22.82 158.7
1995 1 30 12 37133.6 0.177 137.32 121.93 -11.79 -23.52 112.5
1995 1 31 12 37224.2 3.344 107.48 121.93 -11.58 -23.06 134.4
1995 2 1 12 37316.7 5.588 131.23 121.93 -10.87 -21.90 210.0
1995 2 2 12 37410.8 1.901 148.28 121.93 -8.48 -19.02 210.4
1995 2 3 12 37506.7 6.352 123.62 121.93 -8.05 -20.32 194.7
1995 2 4 12 37604.3 0.457 120.65 121.93 -9.34 -20.21 215.6
1995 2 5 12 37703.6 0.862 123.45 121.93 -9.98 -20.40 198.5
1995 2 6 12 37804.5 3.323 150.47 121.93 -8.41 -17.93 230.2
1995 2 7 12 37906.9 1.743 133.11 121.93 -10.73 -21.57 146.4
1995 2 8 12 38011.0 5.269 160.27 121.93 -10.86 -22.63 147.1
1995 2 9 12 38116.5 4.534 133.35 121.93 -10.40 -22.82 163.4
1995 2 10 12 38223.6 1.899 120.43 121.93 -11.60 -21.54 208.9
1995 2 11 12 38332.2 0.540 122.57 121.93 -10.31 -21.12 133.6
1995 2 12 12 38442.2 1.665 133.35 121.93 -11.65 -23.06 191.6
1995 2 13 12 38553.6 4.662 102.92 121.93 -8.35 -21.04 170.5
1995 2 14 12 38666.4 5.503 127.54 121.93 -8.98 -21.12 205.2
1995 2 15 12 38780.5 1.772 129.01 121.93 -7.56 -18.45 208.8
1995 2 16 12 38896.0 0.180 140.56 121.93 -12.05 -23.17 88.3
1995 2 17 12 39012.7 4.341 167.25 121.93 -6.66 -19.62 168.3
1995 2 18 12 39130.6 1.879 140.13 121.93 -11.77 -22.66 136.8
1995 2 19 12 39249.8 1.932 111.66 121.93 -11.10 -23.76 140.6
1995 2 20 12 39370.1 0.859 127.99 121.93 -10.13 -20.45 192.0
1995 2 21 12 39491.6 0.836 146.85 121.93 -7.13 -18.36 225.3
1995 2 22 12 39614.2 6.411 145.54 121.93 -8.64 -20.41 225.4
1995 2 23 12 39737.8 4.494 169.74 121.93 -9.22 -19.83 203.4
1995 2 24 12 39862.5 1.421 161.03 121.93 -9.93 -21.04 187.5
1995 2 25 12 39988.1 3.143 161.83 121.93 -10.68 -21.02 272.9
1995 2 26 12 40114.7 3.700 145.89 121.93 -6.79 -18.13 237.2
1995 2 27 12 40242.2 11.335 166.91 121.93 -7.17 -18.45 210.0
1995 2 28 12 40370.6 0.739 138.27 121.93 -6.20 -17.83 257.8
1995 3 1 12 40499.8 3.648 167.52 121.93 -7.50 -18.69 248.1
1995 3 2 12 40629.8 6.365 150.06 121.93 -11.93 -21.97 169.7
1995 3 3 12 40760.6 10.267 133.89 121.93 -9.69 -21.49 174.8
1995 3 4 12 40892.1 1.328 165.82 121.93 -6.99 -17.87 287.1
1995 3 5 12 41024.3 1.844 179.21 121.93 -8.09 -20.20 236.7
1995 3 6 12 41157.2 5.346 153.47 121.93 -8.23 -21.29 170.8
1995 3 7 12 41290.6 0.306 184.35 121.93 -8.90 -20.13 178.0
1995 3 8 12 41424.6 3.966 137.41 121.93 -5.67 -16.78 277.4
1995 3 9 12 41559.2 14.515 145.64 121.93 -6.26 -17.74 225.7
1995 3 10 12 41694.2 4.351 162.74 121.93 -6.03 -18.63 254.0
1995 3 11 12 41829.7 0.038 160.74 121.93 -7.58 -18.73 238.1
1995 3 12 12 41965.5 1.020 157.65 121.93 -6.20 -17.39 332.4
1995 3 13 12 42101.8 1.360 171.02 121.93 -8.31 -20.42 235.8
1995 3 14 12 42238.3 7.516 162.45 121.93 -6.33 -18.81 191.4
1995 3 15 12 42375.2 2.385 166.37 121.93 -9.76 -21.36 157.2
1995 3 16 12 42512.3 0.182 177.30 121.93 -8.15 -19.03 162.0
1995 3 17 12 42649.6 2.668 164.48 121.93 -6.11 -17.18 192.3
1995 3 18 12 42787.0 3.234 174.28 121.93 -1.89 -14.00 323.5
1995 3 19 12 42924.6 1.558 167.56 121.93 -7.98 -19.27 178.8
1995 3 20 12 43062.3 0.786 160.54 121.93 -6.97 -17.66 296.0
1995 3 21 12 43200.0 15.296 191.46 121.93 -4.60 -16.94 296.0
1995 3 22 12 43337.7 6.126 206.99 121.93 -2.09 -13.44 323.1
1995 3 23 12 43475.4 6.587 198.72 121.93 -4.26 -14.59 298.4
1995 3 24 12 43613.0 2.328 189.11 121.93 -3.33 -15.75 329.7
1995 3 25 12 43750.4 1.237 175.88 121.93 -4.70 -15.18 347.9
1995 3 26 12 43887.7 1.612 182.57 121.93 -4.77 -14.88 274.5
1995 3 27 12 44024.8 0.437 204.10 121.93 -3.69 -15.27 262.7
1995 3 28 12 44161.7 10.459 155.39 121.93 -4.62 -16.29 265.2
1995 3 29 12 44298.2 2.384 185.53 121.93 -2.35 -12.92 354.5
1995 3 30 12 44434.5 8.548 203.36 121.93 -5.65 -17.20 240.5
1995 3 31 12 44570.3 1.670 176.63 121.93 -1.72 -15.00 313.6
1995 4 1 12 44705.8 4.114 201.41 121.93 -2.80 -14.28 373.0
1995 4 2 12 44840.8 3.229 202.06 121.93 -2.98 -14.00 277.7
1995 4 3 12 44975.4 0.353 175.94 121.93 -4.93 -15.73 271.9
1995 4 4 12 45109.4 11.178 200.40 121.93 -3.73 -15.84 241.6
1995 4 5 12 45242.8 1.689 191.17 121.93 -0.27 -11.88 337.3
1995 4 6 12 45375.7 0.575 208.00 121.93 -2.18 -12.80 335.3
1995 4 7 12 45507.9 4.848 213.13 121.93 -1.25 -12.69 324.3
1995 4 8 12 45639.4 2.575 210.38 121.93 -2.78 -15.40 307.5
1995 4 9 12 45770.2 3.626 206.79 121.93 -1.30 -11.71 370.3
1995 4 10 12 45900.2 2.818 211.33 121.93 -3.11 -14.69 315.3
1995 4 11 12 46029.4 0.048 190.65 121.93 -0.70 -11.23 366.2
1995 4 12 12 46157.8 0.861 209.12 121.93 -0.09 -12.61 341.4
1995 4 13 12 46285.3 0.811 198.91 121.93 0.04 -11.46 360.3
1995 4 14 12 46411.9 5.857 227.59 121.93 -1.59 -12.58 340.8
1995 4 15 12 46537.5 2.568 223.62 121.93 -0.54 -12.01 372.3
1995 4 16 12 46662.2 4.006 224.83 121.93 0.98 -11.37 315.0
1995 4 17 12 46785.8 1.687 241.56 121.93 0.06 -13.25 343.7
1995 4 18 12 46908.4 4.136 212.13 121.93 0.16 -10.03 373.4
1995 4 19 12 47029.9 2.041 210.06 121.93 3.65 -7.55 438.8
1995 4 20 12 47150.2 1.872 214.20 121.93 -0.43 -10.89 335.3
1995 4 21 12 47269.4 2.870 196.66 121.93 2.83 -7.83 432.6
1995 4 22 12 47387.3 2.609 199.02 121.93 -0.32 -11.24 383.5
1995 4 23 12 47504.0 16.180 232.36 121.93 2.60 -9.06 432.6
1995 4 24 12 47619.5 0.783 203.27 121.93 2.89 -8.12 402.0
1995 4 25 12 47733.6 0.250 209.21 121.93 1.27 -8.99 432.5
1995 4 26 12 47846.4 3.173 224.94 121.93 0.41 -10.92 415.7
1995 4 27 12 47957.8 0.921 221.39 121.93 -0.51 -10.39 377.4
1995 4 28 12 48067.8 0.539 241.96 121.93 1.72 -10.87 382.5
1995 4 29 12 48176.4 12.924 230.67 121.93 3.64 -9.04 357.1
1995 4 30 12 48283.5 0.720 218.86 121.93 1.44 -9.17 389.7
1995 5 1 12 48389.0 0.113 246.46 121.93 3.40 -8.65 435.1
1995 5 2 12 48493.1 11.997 243.86 121.93 1.25 -8.52 458.3
1995 5 3 12 48595.5 0.487 212.79 121.93 3.31 -7.02 441.7
1995 5 4 12 48696.4 18.291 238.75 121.93 2.14 -7.99 520.4
1995 5 5 12 48795.7 1.397 225.23 121.93 3.95 -6.75 474.5
1995 5 6 12 48893.3 8.978 225.81 121.93 3.51 -8.63 389.3
1995 5 7 12 48989.2 1.591 265.93 121.93 2.68 -10.05 437.6
1995 5 8 12 49083.3 3.206 240.70 121.93 3.67 -6.53 431.8
1995 5 9 12 49175.8 1.776 236.49 121.93 3.45 -9.15 426.9
1995 5 10 12 49266.4 1.560 241.94 121.93 3.08 -7.05 431.1
1995 5 11 12 49355.3 2.565 254.67 121.93 6.87 -4.00 479.4
1995 5 12 12 49442.4 3.192 231.90 121.93 4.90 -6.56 497.6
1995 5 13 12 49527.6 2.328 235.31 121.93 2.32 -8.72 417.8
1995 5 14 12 49610.9 2.073 253.96 121.93 4.88 -6.14 528.9
1995 5 15 12 49692.3 0.791 222.18 121.93 7.38 -4.18 485.8
1995 5 16 12 49771.8 1.725 260.58 121.93 5.05 -5.21 449.0
1995 5 17 12 49849.4 7.256 222.42 121.93 8.63 -1.66 552.4
1995 5 18 12 49924.9 0.721 243.56 121.93 5.28 -6.00 566.8
1995 5 19 12 49998.5 2.431 224.00 121.93 7.50 -4.38 537.4
1995 5 20 12 50070.1 5.337 232.86 121.93 8.48 -1.87 579.1
1995 5 21 12 50139.7 2.927 268.86 121.93 7.78 -5.24 512.8
1995 5 22 12 50207.1 4.250 265.74 121.93 5.22 -5.83 468.9
1995 5 23 12 50272.5 0.389 268.00 121.93 6.04 -4.77 586.6
1995 5 24 12 50335.9 2.304 229.62 121.93 9.38 -2.68 560.2
1995 5 25 12 50397.0 1.247 236.20 121.93 6.59 -4.03 530.4
1995 5 26 12 50456.1 1.293 257.66 121.93 9.43 -1.99 589.8
1995 5 27 12 50513.0 6.040 263.86 121.93 7.49 -4.35 474.9
1995 5 28 12 50567.8 1.285 241.68 121.93 8.51 -2.12 531.3
1995 5 29 12 50620.3 2.240 245.52 121.93 6.39 -5.88 475.0
1995 5 30 12 50670.7 0.084 237.74 121.93 7.71 -2.99 569.9
1995 5 31 12 50718.8 6.850 280.06 121.93 7.47 -5.52 450.8
1995 6 1 12 50764.8 3.581 248.52 121.93 9.28 -1.89 560.1
1995 6 2 12 50808.5 1.474 256.55 121.93 9.23 -2.13 551.1
1995 6 3 12 50849.9 1.061 257.75 121.93 9.94 -1.89 514.9
1995 6 4 12 50889.0 2.711 273.47 121.93 8.66 -2.43 536.1
1995 6 5 12 50925.9 4.353 242.97 121.93 8.14 -3.32 549.9
1995 6 6 12 50960.5 6.410 275.13 121.93 9.96 -0.60 543.5
1995 6 7 12 50992.8 3.215 238.75 121.93 8.28 -2.67 588.9
1995 6 8 12 51022.8 1.562 275.71 121.93 11.58 0.54 624.9
1995 6 9 12 51050.5 3.567 232.78 121.93 9.93 -1.24 585.6
1995 6 10 12 51075.8 2.971 257.19 121.93 9.74 -2.03 559.6
1995 6 11 12 51098.8 1.505 283.37 121.93 11.06 -0.58 555.5
1995 6 12 12 51119.5 2.814 269.65 121.93 10.38 -0.82 564.0
1995 6 13 12 51137.8 2.728 265.70 121.93 8.13 -3.41 542.7
1995 6 14 12 51153.7 1.245 243.81 121.93 9.15 -1.36 553.2
1995 6 15 12 51167.4 0.713 248.65 121.93 12.44 1.12 628.0
1995 6 16 12 51178.6 2.411 279.95 121.93 11.10 0.00 573.0
1995 6 17 12 51187.5 0.331 266.96 121.93 8.57 -3.96 534.4
1995 6 18 12 51194.0 0.227 273.29 121.93 11.73 1.08 637.4
1995 6 19 12 51198.1 1.711 261.09 121.93 10.47 -1.40 523.2
1995 6 20 12 51199.9 2.216 255.77 121.93 10.10 -2.14 559.3
1995 6 21 12 51199.3 1.648 271.49 121.93 9.79 -0.29 548.6
1995 6 22 12 51196.4 1.802 263.85 121.93 13.11 2.27 589.5
1995 6 23 12 51191.0 2.085 257.36 121.93 8.76 -1.86 544.9
1995 6 24 12 51183.3 4.123 238.62 121.93 10.54 -0.50 674.0
1995 6 25 12 51173.3 2.516 274.04 121.93 12.06 0.59 635.1
1995 6 26 12 51160.8 2.411 266.21 121.93 14.34 2.71 696.0
1995 6 27 12 51146.1 1.402 250.37 121.93 12.88 2.11 660.4
1995 6 28 12 51128.9 1.432 276.98 121.93 10.86 0.37 613.5
1995 6 29 12 51109.4 0.908 262.75 121.93 14.50 3.05 687.8
1995 6 30 12 51087.6 1.547 262.83 121.93 10.25 0.50 590.9
1995 7 1 12 51063.4 0.248 271.89 121.93 12.75 1.19 637.9
1995 7 2 12 51036.9 3.653 268.40 121.93 13.14 0.63 647.9
1995 7 3 12 51008.1 0.352 262.49 121.93 11.15 -1.62 588.5
1995 7 4 12 50976.9 2.181 254.94 121.93 13.58 0.83 653.9
1995 7 5 12 50943.5 3.123 287.19 121.93 11.82 0.09 607.2
1995 7 6 12 50907.8 2.108 246.07 121.93 13.68 2.10 692.7
1995 7 7 12 50869.7 5.800 267.89 121.93 9.93 -0.92 575.3
1995 7 8 12 50829.4 0.021 255.04 121.93 13.24 1.81 699.8
1995 7 9 12 50786.9 0.533 262.69 121.93 12.16 1.43 645.9
1995 7 10 12 50742.1 2.843 273.92 121.93 14.54 3.17 652.0
1995 7 11 12 50695.1 0.148 250.28 121.93 12.78 1.39 592.5
1995 7 12 12 50645.8 0.319 263.49 121.93 14.75 2.89 633.6
1995 7 13 12 50594.3 1.433 257.93 121.93 13.67 3.41 639.3
1995 7 14 12 50540.7 0.892 243.79 121.93 12.74 0.11 599.6
1995 7 15 12 50484.8 1.309 271.72 121.93 14.13 2.97 621.3
1995 7 16 12 50426.8 0.943 262.94 121.93 14.16 2.61 691.1
1995 7 17 12 50366.7 1.018 245.15 121.93 13.69 2.91 661.6
1995 7 18 12 50304.5 0.331 267.60 121.93 9.55 -1.86 564.8
1995 7 19 12 50240.1 0.955 237.93 121.93 11.52 0.13 567.6
1995 7 20 12 50173.7 0.486 249.30 121.93 15.08 3.46 646.2
1995 7 21 12 50105.1 0.560 242.61 121.93 11.12 0.83 550.0
1995 7 22 12 50034.6 1.624 259.62 121.93 14.32 2.92 706.9
1995 7 23 12 49962.0 0.113 240.42 121.93 14.05 4.22 641.9
1995 7 24 12 49887.4 0.003 258.25 121.93 11.89 0.70 573.8
1995 7 25 12 49810.8 1.454 255.03 121.93 9.97 -1.42 614.1
1995 7 26 12 49732.3 0.863 239.69 121.93 12.09 0.57 623.1
1995 7 27 12 49651.8 2.225 271.96 121.93 16.04 5.09 705.4
1995 7 28 12 49569.5 0.260 232.52 121.93 11.60 -0.27 604.8
1995 7 29 12 49485.2 0.606 221.72 121.93 11.67 0.39 636.4
1995 7 30 12 49399.1 0.734 254.83 121.93 11.34 -0.06 601.8
1995 7 31 12 49311.1 0.321 208.87 121.93 14.62 3.48 623.2
1995 8 1 12 49221.3 0.206 262.59 121.93 12.39 1.27 647.4
1995 8 2 12 49129.8 1.369 240.82 121.93 11.77 0.69 626.6
1995 8 3 12 49036.5 0.082 216.96 121.93 14.79 3.46 704.4
1995 8 4 12 48941.4 0.155 223.19 121.93 13.48 3.34 629.3
1995 8 5 12 48844.7 0.537 211.94 121.93 11.18 0.12 580.5
1995 8 6 12 48746.2 1.451 241.21 121.93 10.67 1.35 638.8
1995 8 7 12 48646.2 0.321 214.56 121.93 14.18 2.82 628.1
1995 8 8 12 48544.5 0.270 240.98 121.93 12.41 1.77 564.9
1995 8 9 12 48441.3 0.483 227.84 121.93 9.99 -1.99 566.1
1995 8 10 12 48336.4 0.851 224.23 121.93 9.57 -0.71 612.6
1995 8 11 12 48230.1 0.396 237.94 121.93 10.49 -1.47 566.8
1995 8 12 12 48122.3 1.535 238.58 121.93 10.23 -0.80 600.4
1995 8 13 12 48013.0 1.581 245.32 121.93 8.94 -2.67 558.7
1995 8 14 12 47902.3 0.496 217.52 121.93 10.28 -0.76 585.1
1995 8 15 12 47790.2 2.793 225.45 121.93 10.46 -1.13 581.6
1995 8 16 12 47676.7 0.610 215.24 121.93 11.06 -0.98 621.0
1995 8 17 12 47561.9 1.500 226.06 121.93 14.20 2.58 622.6
1995 8 18 12 47445.8 0.788 210.78 121.93 11.16 0.99 643.1
1995 8 19 12 47328.5 0.770 214.92 121.93 11.21 0.18 568.2
1995 8 20 12 47209.9 0.045 213.81 121.93 12.12 -0.31 570.0
1995 8 21 12 47090.2 0.120 223.30 121.93 10.90 0.37 643.3
1995 8 22 12 46969.3 0.398 217.74 121.93 11.74 -0.37 556.3
1995 8 23 12 46847.3 1.509 224.07 121.93 11.45 0.65 605.7
1995 8 24 12 46724.2 0.788 213.64 121.93 11.10 0.14 673.7
1995 8 25 12 46600.0 0.402 205.30 121.93 14.95 4.04 711.6
1995 8 26 12 46474.8 1.012 215.62 121.93 12.04 2.13 620.4
1995 8 27 12 46348.7 1.463 197.73 121.93 8.93 -3.13 520.4
1995 8 28 12 46221.7 0.560 218.75 121.93 10.98 0.07 596.3
1995 8 29 12 46093.7 0.703 204.66 121.93 9.11 -1.28 613.7
1995 8 30 12 45964.9 0.617 210.72 121.93 10.84 -1.08 548.4
1995 8 31 12 45835.3 0.528 209.65 121.93 7.97 -4.03 487.6
1995 9 1 12 45704.9 0.211 229.07 121.93 8.23 -3.40 553.5
1995 9 2 12 45573.7 0.190 209.46 121.93 10.27 -0.87 532.2
1995 9 3 12 45441.8 1.034 203.52 121.93 11.11 -1.42 544.3
1995 9 4 12 45309.3 1.536 190.71 121.93 10.22 -0.74 582.7
1995 9 5 12 45176.2 0.418 211.80 121.93 10.60 -1.93 560.5
1995 9 6 12 45042.4 0.409 194.37 121.93 9.73 -0.64 546.4
1995 9 7 12 44908.2 0.024 174.20 121.93 9.28 -1.71 576.3
1995 9 8 12 44773.4 1.949 192.81 121.93 8.11 -1.76 581.3
1995 9 9 12 44638.1 0.244 197.25 121.93 9.92 -0.94 561.3
1995 9 10 12 44502.5 0.314 180.75 121.93 10.08 -1.56 618.6
1995 9 11 12 44366.4 0.938 189.89 121.93 8.29 -3.75 535.2
1995 9 12 12 44230.0 0.975 189.23 121.93 8.04 -3.16 506.6
1995 9 13 12 44093.3 0.443 188.09 121.93 10.44 -0.98 629.0
1995 9 14 12 43956.3 0.571 206.08 121.93 7.85 -2.60 532.4
1995 9 15 12 43819.1 0.900 166.52 121.93 7.83 -4.31 519.1
1995 9 16 12 43681.7 0.275 215.32 121.93 8.27 -1.51 555.1
1995 9 17 12 43544.2 2.580 182.95 121.93 7.22 -3.16 555.6
1995 9 18 12 43406.5 0.209 190.77 121.93 5.96 -5.60 473.5
1995 9 19 12 43268.9 0.539 182.61 121.93 7.58 -2.38 539.8
1995 9 20 12 43131.1 0.403 153.42 121.93 6.78 -5.25 490.2
1995 9 21 12 42993.5 0.786 162.09 121.93 9.42 -1.82 548.6
1995 9 22 12 42855.8 2.636 168.69 121.93 7.65 -4.77 536.8
1995 9 23 12 42718.3 0.205 190.09 121.93 5.39 -4.53 471.7
1995 9 24 12 42580.9 1.120 153.04 121.93 7.19 -5.52 488.4
1995 9 25 12 42443.7 1.342 159.60 121.93 6.37 -6.18 479.1
1995 9 26 12 42306.7 2.064 173.54 121.93 7.69 -4.22 511.9
1995 9 27 12 42170.0 0.276 176.79 121.93 4.75 -5.60 517.1
1995 9 28 12 42033.6 0.264 174.98 121.93 5.62 -5.01 454.6
1995 9 29 12 41897.5 0.630 152.22 121.93 5.00 -6.30 491.0
1995 9 30 12 41761.9 0.654 141.65 121.93 5.04 -5.54 451.8
1995 10 1 12 41626.6 0.207 172.35 121.93 3.43 -8.06 423.5
1995 10 2 12 41491.8 1.524 184.42 121.93 5.42 -5.64 446.8
1995 10 3 12 41357.6 1.410 156.40 121.93 4.99 -5.09 488.3
1995 10 4 12 41223.8 4.289 143.07 121.93 6.09 -5.51 472.5
1995 10 5 12 41090.7 0.595 152.46 121.93 3.95 -8.06 487.9
1995 10 6 12 40958.2 0.215 163.49 121.93 3.15 -7.88 449.7
1995 10 7 12 40826.3 0.276 152.77 121.93 4.75 -6.06 492.0
1995 10 8 12 40695.1 1.242 176.06 121.93 2.17 -9.14 383.9
1995 10 9 12 40564.7 0.344 167.52 121.93 4.78 -5.81 505.9
1995 10 10 12 40435.1 1.847 155.12 121.93 4.58 -6.98 509.5
1995 10 11 12 40306.3 0.417 121.75 121.93 4.64 -6.66 492.8
1995 10 12 12 40178.3 1.146 139.40 121.93 3.11 -7.99 400.8
1995 10 13 12 40051.3 0.890 140.29 121.93 1.61 -9.56 394.9
1995 10 14 12 39925.2 0.303 136.05 121.93 2.30 -7.81 447.0
1995 10 15 12 39800.0 0.109 148.86 121.93 2.50 -8.61 410.6
1995 10 16 12 39675.8 3.043 147.93 121.93 0.88 -10.76 460.8
1995 10 17 12 39552.7 1.474 118.42 121.93 3.52 -7.46 436.3
1995 10 18 12 39430.7 0.209 154.38 121.93 2.18 -8.41 430.4
1995 10 19 12 39309.8 0.246 141.34 121.93 -0.24 -11.02 361.7
1995 10 20 12 39190.1 5.401 145.27 121.93 3.72 -7.10 464.9
1995 10 21 12 39071.5 0.373 149.89 121.93 0.84 -11.76 406.2
1995 10 22 12 38954.2 1.427 126.04 121.93 -1.16 -14.55 312.4
1995 10 23 12 38838.1 0.076 155.26 121.93 -0.97 -11.35 366.5
1995 10 24 12 38723.3 0.695 133.11 121.93 2.30 -8.75 392.9
1995 10 25 12 38609.8 2.488 156.79 121.93 2.60 -8.81 460.0
1995 10 26 12 38497.7 0.057 119.57 121.93 1.17 -9.67 402.3
1995 10 27 12 38387.0 0.595 153.44 121.93 1.43 -8.42 425.9
1995 10 28 12 38277.7 0.564 117.22 121.93 1.08 -9.19 346.0
1995 10 29 12 38169.9 2.090 167.93 121.93 -0.12 -10.75 381.2
1995 10 30 12 38063.6 1.949 114.36 121.93 -0.66 -12.77 332.5
1995 10 31 12 37958.7 2.147 143.44 121.93 -0.55 -12.56 294.1
1995 11 1 12 37855.5 1.637 121.12 121.93 -0.46 -13.77 354.3
1995 11 2 12 37753.8 2.033 136.26 121.93 -2.88 -13.77 308.6
1995 11 3 12 37653.8 0.209 123.93 121.93 -0.87 -11.38 429.3
1995 11 4 12 37555.3 1.720 107.18 121.93 0.02 -10.42 434.0
1995 11 5 12 37458.6 4.774 80.63 121.93 -2.67 -13.53 307.8
1995 11 6 12 37363.5 1.428 159.25 121.93 -3.03 -14.55 350.0
1995 11 7 12 37270.2 0.659 121.80 121.93 -2.04 -13.89 370.4
1995 11 8 12 37178.7 0.751 75.63 121.93 -3.93 -15.99 263.5
1995 11 9 12 37088.9 4.738 123.43 121.93 -5.12 -16.65 236.0
1995 11 10 12 37000.9 10.204 128.35 121.93 -1.62 -13.80 259.3
1995 11 11 12 36914.8 0.043 106.42 121.93 -4.21 -14.20 327.3
1995 11 12 12 36830.5 1.083 105.68 121.93 -3.70 -16.14 248.1
1995 11 13 12 36748.2 0.330 115.18 121.93 -4.83 -16.39 284.6
1995 11 14 12 36667.7 2.577 132.72 121.93 -2.18 -15.13 280.3
1995 11 15 12 36589.2 1.863 115.39 121.93 -3.01 -14.17 293.2
1995 11 16 12 36512.6 1.349 135.07 121.93 -4.83 -16.23 258.5
1995 11 17 12 36438.0 0.088 129.35 121.93 -6.42 -18.11 198.8
1995 11 18 12 36365.4 1.030 108.22 121.93 -5.36 -17.50 233.1
1995 11 19 12 36294.9 1.350 87.39 121.93 -4.16 -15.56 266.7
1995 11 20 12 36226.3 0.367 106.86 121.93 -4.91 -16.75 264.7
1995 11 21 12 36159.9 2.323 117.50 121.93 -5.21 -16.71 268.8
1995 11 22 12 36095.5 2.044 109.85 121.93 -5.23 -15.06 266.7
1995 11 23 12 36033.3 1.188 117.85 121.93 -4.58 -15.84 316.2
1995 11 24 12 35973.2 1.707 120.68 121.93 -5.95 -16.92 256.8
1995 11 25 12 35915.2 1.189 115.11 121.93 -5.38 -17.15 302.1
1995 11 26 12 35859.3 0.105 102.46 121.93 -7.70 -19.73 212.7
1995 11 27 12 35805.7 2.903 113.85 121.93 -2.55 -13.97 322.7
1995 11 28 12 35754.2 2.407 139.07 121.93 -6.97 -16.37 257.9
1995 11 29 12 35704.9 0.272 82.70 121.93 -6.40 -18.03 257.9
1995 11 30 12 35657.9 2.650 111.89 121.93 -6.01 -17.12 258.5
1995 12 1 12 35613.1 2.772 131.61 121.93 -7.63 -19.70 231.8
1995 12 2 12 35570.6 2.808 86.09 121.93 -7.16 -20.76 232.9
1995 12 3 12 35530.3 4.148 118.32 121.93 -7.33 -19.36 191.0
1995 12 4 12 35492.2 5.896 119.94 121.93 -8.84 -18.33 251.7
1995 12 5 12 35456.5 1.180 80.41 121.93 -6.95 -17.88 260.0
1995 12 6 12 35423.1 4.186 112.92 121.93 -10.23 -20.32 207.4
1995 12 7 12 35391.9 1.168 97.85 121.93 -5.27 -16.94 248.1
1995 12 8 12 35363.1 2.782 100.72 121.93 -6.84 -20.13 185.1
1995 12 9 12 35336.6 4.919 96.49 121.93 -7.21 -19.49 192.6
1995 12 10 12 35312.4 0.719 120.81 121.93 -10.90 -21.99 142.2
1995 12 11 12 35290.6 0.010 99.22 121.93 -9.62 -20.83 158.3
1995 12 12 12 35271.1 0.638 93.76 121.93 -6.47 -17.88 239.3
1995 12 13 12 35253.9 5.793 93.84 121.93 -2.45 -14.28 291.8
1995 12 14 12 35239.2 0.537 95.28 121.93 -7.01 -17.65 260.0
1995 12 15 12 35226.7 5.613 84.07 121.93 -7.36 -19.16 218.5
1995 12 16 12 35216.7 0.666 93.08 121.93 -8.24 -19.40 217.1
1995 12 17 12 35209.0 1.712 101.85 121.93 -10.41 -21.66 158.6
1995 12 18 12 35203.6 2.180 106.10 121.93 -7.76 -19.45 213.0
1995 12 19 12 35200.7 0.556 118.07 121.93 -11.01 -23.11 130.3
1995 12 20 12 35200.1 1.778 103.62 121.93 -11.28 -23.02 163.0
1995 12 21 12 35201.9 0.193 92.90 121.93 -11.47 -21.37 159.3
1995 12 22 12 35206.0 1.528 84.89 121.93 -8.19 -18.70 237.2
1995 12 23 12 35212.5 2.073 104.54 121.93 -9.84 -20.42 152.4
1995 12 24 12 35221.4 0.697 98.45 121.93 -9.69 -21.72 187.0
1995 12 25 12 35232.6 3.122 99.06 121.93 -9.95 -22.50 133.2
1995 12 26 12 35246.3 0.488 104.40 121.93 -11.70 -22.22 128.2
1995 12 27 12 35262.2 3.707 108.41 121.93 -11.10 -21.77 130.4
1995 12 28 12 35280.5 4.093 104.85 121.93 -11.10 -22.39 115.7
1995 12 29 12 35301.2 3.200 98.45 121.93 -12.35 -24.05 104.6
1995 12 30 12 35324.2 5.064 89.22 121.93 -11.07 -23.64 172.1
1995 12 31 12 35349.5 0.181 92.30 121.93 -12.00 -22.71 126.5
1996 1 1 12 35377.2 6.159 114.50 121.93 -9.58 -20.03 133.1
1996 1 2 12 35407.2 0.632 95.72 121.93 -9.51 -21.46 181.8
1996 1 3 12 35439.5 2.761 82.20 121.93 -12.50 -24.51 76.3
1996 1 4 12 35474.1 11.113 120.13 121.93 -11.06 -21.47 195.1
1996 1 5 12 35511.0 1.640 88.97 121.93 -7.88 -19.79 191.5
1996 1 6 12 35550.1 2.564 104.03 121.93 -12.18 -22.16 148.6
1996 1 7 12 35591.5 0.657 111.28 121.93 -10.12 -21.60 203.9
1996 1 8 12 35635.2 11.286 104.40 121.93 -10.64 -22.35 171.6
1996 1 9 12 35681.2 0.776 67.64 121.93 -9.19 -20.56 151.5
1996 1 10 12 35729.3 4.810 111.15 121.93 -10.42 -22.13 124.4
1996 1 11 12 35779.7 7.898 125.69 121.93 -11.54 -22.04 105.7
1996 1 12 12 35832.2 5.299 118.12 121.93 -10.82 -21.51 247.9
1996 1 13 12 35887.0 3.717 75.01 121.93 -10.82 -21.35 147.1
1996 1 14 12 35943.9 2.889 139.35 121.93 -11.10 -22.35 188.1
1996 1 15 12 36003.0 0.422 88.14 121.93 -12.95 -24.72 89.7
1996 1 16 12 36064.1 11.331 92.47 121.93 -9.12 -20.53 157.0
1996 1 17 12 36127.5 3.486 121.00 121.93 -9.39 -21.14 177.9
1996 1 18 12 36192.9 2.729 116.72 121.93 -12.57 -22.79 134.4
1996 1 19 12 36260.3 0.609 111.81 121.93 -11.45 -22.05 183.1
1996 1 20 12 36329.9 2.897 102.76 121.93 -11.33 -22.81 168.3
1996 1 21 12 36401.5 2.580 131.98 121.93 -12.73 -24.87 85.0
1996 1 22 12 36475.1 12.160 112.16 121.93 -13.78 -23.95 77.8
1996 1 23 12 36550.6 2.783 90.02 121.93 -11.97 -23.26 98.8
1996 1 24 12 36628.2 2.892 132.77 121.93 -11.49 -22.99 71.7
1996 1 25 12 36707.7 0.636 118.37 121.93 -13.09 -23.25 126.7
1996 1 26 12 36789.1 1.094 132.62 121.93 -10.64 -22.45 150.7
1996 1 27 12 36872.4 4.616 125.31 121.93 -9.13 -20.79 149.9
1996 1 28 12 36957.6 0.131 153.45 121.93 -9.59 -21.17 138.7
1996 1 29 12 37044.7 7.002 113.80 121.93 -11.00 -23.46 130.4
1996 1 30 12 37133.6 7.192 119.58 121.93 -13.54 -24.68 87.4
1996 1 31 12 37224.2 0.957 131.04 121.93 -9.66 -21.67 160.2
1996 2 1 12 37316.7 4.011 116.61 121.93 -10.47 -22.33 142.5
1996 2 2 12 37410.8 8.845 134.15 121.93 -10.00 -21.97 168.1
1996 2 3 12 37506.7 2.458 78.86 121.93 -7.68 -19.55 192.0
1996 2 4 12 37604.3 1.981 122.95 121.93 -11.77 -23.84 108.5
1996 2 5 12 37703.6 2.280 123.49 121.93 -14.79 -25.99 50.0
1996 2 6 12 37804.5 3.713 123.96 121.93 -11.99 -23.52 128.1
1996 2 7 12 37906.9 1.336 113.92 121.93 -9.62 -20.98 183.1
1996 2 8 12 38011.0 1.803 141.70 121.93 -10.24 -19.75 199.6
1996 2 9 12 38116.5 3.809 121.60 121.93 -12.03 -23.55 186.3
1996 2 10 12 38223.6 1.635 133.24 121.93 -12.26 -23.18 141.4
1996 2 11 12 38332.2 0.575 130.76 121.93 -10.58 -21.41 167.1
1996 2 12 12 38442.2 2.988 139.93 121.93 -11.84 -23.29 149.2
1996 2 13 12 38553.6 8.550 155.00 121.93 -9.10 -20.28 257.7
1996 2 14 12 38666.4 4.314 137.59 121.93 -10.41 -21.80 171.7
1996 2 15 12 38780.5 0.615 148.43 121.93 -10.64 -21.88 95.6
1996 2 16 12 38896.0 1.132 139.13 121.93 -10.75 -22.62 160.7
1996 2 17 12 39012.7 2.002 130.54 121.93 -9.12 -20.91 155.4
1996 2 18 12 39130.6 13.251 137.18 121.93 -9.35 -20.73 127.7
1996 2 19 12 39249.8 13.848 136.24 121.93 -9.00 -21.98 211.3
1996 2 20 12 39370.1 12.558 150.22 121.93 -8.93 -19.13 261.8
1996 2 21 12 39491.6 3.341 144.52 121.93 -9.20 -18.87 195.5
1996 2 22 12 39614.2 1.213 132.23 121.93 -10.52 -21.79 137.3
1996 2 23 12 39737.8 1.921 142.05 121.93 -9.95 -20.82 188.4
1996 2 24 12 39862.5 6.779 123.74 121.93 -9.33 -19.87 176.1
1996 2 25 12 39988.1 3.873 145.11 121.93 -5.52 -17.98 236.4
1996 2 26 12 40114.7 4.095 149.17 121.93 -10.51 -21.17 155.2
1996 2 27 12 40242.2 0.793 177.55 121.93 -8.99 -20.73 173.3
1996 2 28 12 40370.6 2.729 171.93 121.93 -8.09 -17.65 204.8
1996 2 29 12 40499.8 1.234 137.49 121.93 -8.55 -20.11 222.7
1996 3 1 12 40629.8 0.407 157.32 121.93 -6.35 -17.03 295.6
1996 3 2 12 40760.6 1.433 158.90 121.93 -8.29 -19.83 200.4
1996 3 3 12 40892.1 3.856 153.46 121.93 -8.04 -17.68 245.3
1996 3 4 12 41024.3 5.781 155.74 121.93 -6.32 -18.13 256.3
1996 3 5 12 41157.2 0.097 154.26 121.93 -4.68 -15.15 297.1
1996 3 6 12 41290.6 2.849 189.00 121.93 -5.13 -16.03 331.2
1996 3 7 12 41424.6 2.574 156.00 121.93 -7.30 -18.37 193.0
1996 3 8 12 41559.2 3.633 168.71 121.93 -7.01 -18.23 261.2
1996 3 9 12 41694.2 0.627 127.01 121.93 -6.71 -18.65 223.6
1996 3 10 12 41829.7 0.646 178.65 121.93 -6.40 -19.87 168.9
1996 3 11 12 41965.5 8.648 185.42 121.93 -7.74 -18.28 301.9
1996 3 12 12 42101.8 0.987 153.24 121.93 -4.90 -16.69 337.8
1996 3 13 12 42238.3 1.773 162.71 121.93 -5.83 -16.29 267.9
1996 3 14 12 42375.2 1.993 178.52 121.93 -6.04 -17.16 270.2
1996 3 15 12 42512.3 1.235 173.41 121.93 -7.71 -18.15 222.9
1996 3 16 12 42649.6 4.547 181.49 121.93 -5.54 -16.29 264.8
1996 3 17 12 42787.0 4.174 171.56 121.93 -8.30 -21.67 132.7
1996 3 18 12 42924.6 2.390 205.20 121.93 -6.15 -17.06 220.4
1996 3 19 12 43062.3 1.317 168.58 121.93 -5.95 -17.62 302.9
1996 3 20 12 43200.0 2.172 220.37 121.93 -4.49 -14.96 299.6
1996 3 21 12 43337.7 3.001 200.01 121.93 -1.93 -12.85 344.5
1996 3 22 12 43475.4 1.084 195.24 121.93 -3.70 -14.62 283.2
1996 3 23 12 43613.0 4.770 168.52 121.93 -2.21 -13.82 329.2
1996 3 24 12 43750.4 6.839 199.15 121.93 -3.23 -15.36 247.8
1996 3 25 12 43887.7 9.541 195.94 121.93 -2.32 -14.07 295.5
1996 3 26 12 44024.8 9.022 156.45 121.93 -1.03 -13.87 286.6
1996 3 27 12 44161.7 1.897 168.55 121.93 -4.73 -16.60 306.8
1996 3 28 12 44298.2 3.078 196.35 121.93 -4.63 -17.20 206.4
1996 3 29 12 44434.5 2.250 190.35 121.93 -2.24 -14.79 268.8
1996 3 30 12 44570.3 2.231 185.96 121.93 -3.06 -14.36 251.3
1996 3 31 12 44705.8 2.066 211.24 121.93 -2.52 -13.50 303.4
1996 4 1 12 44840.8 2.685 183.15 121.93 -3.03 -14.46 297.1
1996 4 2 12 44975.4 7.560 190.93 121.93 -3.36 -15.16 326.2
1996 4 3 12 45109.4 3.623 189.39 121.93 0.17 -11.99 353.5
1996 4 4 12 45242.8 0.534 208.08 121.93 -3.71 -15.37 280.3
1996 4 5 12 45375.7 6.249 175.96 121.93 -0.83 -12.89 351.2
1996 4 6 12 45507.9 3.241 195.61 121.93 -0.88 -12.33 340.2
1996 4 7 12 45639.4 4.208 178.55 121.93 -3.83 -16.45 343.4
1996 4 8 12 45770.2 3.461 201.01 121.93 -2.50 -13.34 315.4
1996 4 9 12 45900.2 3.600 217.85 121.93 -2.05 -13.90 334.3
1996 4 10 12 46029.4 3.743 219.41 121.93 -0.00 -11.10 402.7
1996 4 11 12 46157.8 0.142 198.66 121.93 -1.20 -11.89 343.6
1996 4 12 12 46285.3 4.040 218.85 121.93 -0.57 -11.71 370.8
1996 4 13 12 46411.9 1.034 209.34 121.93 -2.42 -13.18 321.3
1996 4 14 12 46537.5 1.404 233.79 121.93 3.46 -9.60 416.3
1996 4 15 12 46662.2 2.465 212.67 121.93 0.28 -11.51 372.8
1996 4 16 12 46785.8 9.659 171.26 121.93 1.13 -9.39 408.0
1996 4 17 12 46908.4 0.642 230.50 121.93 -0.22 -11.22 341.0
1996 4 18 12 47029.9 2.330 211.41 121.93 -0.19 -10.11 453.8
1996 4 19 12 47150.2 1.803 215.39 121.93 3.87 -6.17 494.2
1996 4 20 12 47269.4 5.630 225.73 121.93 -1.67 -12.83 295.8
1996 4 21 12 47387.3 1.721 200.50 121.93 1.83 -9.77 392.0
1996 4 22 12 47504.0 2.964 224.16 121.93 -0.20 -12.36 305.6
1996 4 23 12 47619.5 0.618 232.21 121.93 1.22 -10.56 411.6
1996 4 24 12 47733.6 6.302 230.80 121.93 1.07 -10.65 386.3
1996 4 25 12 47846.4 0.275 217.48 121.93 0.76 -11.12 377.8
1996 4 26 12 47957.8 3.619 242.46 121.93 2.50 -9.64 381.9
1996 4 27 12 48067.8 2.871 213.72 121.93 -1.20 -12.28 344.9
1996 4 28 12 48176.4 3.277 220.38 121.93 2.38 -7.66 470.3
1996 4 29 12 48283.5 0.274 228.79 121.93 2.92 -7.73 477.0
1996 4 30 12 48389.0 1.567 236.32 121.93 1.22 -10.44 416.6
1996 5 1 12 48493.1 4.946 228.06 121.93 5.73 -4.86 456.3
1996 5 2 12 48595.5 9.628 252.38 121.93 2.77 -8.35 427.4
1996 5 3 12 48696.4 1.910 239.39 121.93 3.51 -7.92 449.1
1996 5 4 12 48795.7 4.421 237.09 121.93 3.18 -8.31 411.8
1996 5 5 12 48893.3 2.427 240.83 121.93 4.14 -7.42 401.9
1996 5 6 12 48989.2 1.966 248.89 121.93 6.42 -4.46 472.3
1996 5 7 12 49083.3 1.283 242.44 121.93 8.37 -2.92 586.6
1996 5 8 12 49175.8 2.064 212.62 121.93 5.97 -6.01 444.1
1996 5 9 12 49266.4 3.885 257.01 121.93 6.68 -5.34 494.6
1996 5 10 12 49355.3 4.142 243.35 121.93 7.82 -3.34 528.6
1996 5 11 12 49442.4 0.347 252.70 121.93 5.81 -5.25 490.4
1996 5 12 12 49527.6 1.094 237.19 121.93 7.98 -3.67 517.1
1996 5 13 12 49610.9 0.480 216.71 121.93 7.01 -5.30 517.7
1996 5 14 12 49692.3 2.050 210.74 121.93 6.22 -4.18 517.5
1996 5 15 12 49771.8 1.305 231.55 121.93 6.72 -3.85 504.2
1996 5 16 12 49849.4 2.680 254.25 121.93 3.65 -9.34 414.7
1996 5 17 12 49924.9 2.833 266.72 121.93 7.00 -3.33 495.1
1996 5 18 12 49998.5 0.020 252.51 121.93 4.43 -7.14 471.5
1996 5 19 12 50070.1 1.829 232.92 121.93 4.49 -6.76 444.4
1996 5 20 12 50139.7 5.264 237.63 121.93 7.39 -3.10 519.4
1996 5 21 12 50207.1 0.994 270.48 121.93 5.61 -4.47 526.0
1996 5 22 12 50272.5 0.948 231.06 121.93 7.45 -3.15 524.7
1996 5 23 12 50335.9 4.354 282.89 121.93 7.84 -3.37 522.1
1996 5 24 12 50397.0 3.716 280.11 121.93 8.07 -4.43 546.5
1996 5 25 12 50456.1 0.489 284.58 121.93 6.61 -6.41 442.7
1996 5 26 12 50513.0 3.315 258.84 121.93 9.48 -1.21 590.7
1996 5 27 12 50567.8 0.644 248.55 121.93 8.17 -2.16 585.3
1996 5 28 12 50620.3 0.872 259.55 121.93 9.13 -2.93 576.5
1996 5 29 12 50670.7 0.466 268.34 121.93 6.83 -4.79 569.6
1996 5 30 12 50718.8 0.277 245.43 121.93 8.52 -3.33 514.1
1996 5 31 12 50764.8 1.791 239.13 121.93 10.59 -1.28 548.3
1996 6 1 12 50808.5 0.205 251.83 121.93 10.55 0.01 624.7
1996 6 2 12 50849.9 1.819 244.91 121.93 8.05 -3.18 564.7
1996 6 3 12 50889.0 1.739 275.50 121.93 8.58 -3.01 516.1
1996 6 4 12 50925.9 1.279 248.01 121.93 8.06 -1.22 590.2
1996 6 5 12 50960.5 0.875 259.04 121.93 8.70 -3.85 604.8
1996 6 6 12 50992.8 0.672 272.67 121.93 7.73 -3.24 538.4
1996 6 7 12 51022.8 0.341 277.43 121.93 9.76 -2.48 578.0
1996 6 8 12 51050.5 5.018 261.63 121.93 11.05 -0.48 637.8
1996 6 9 12 51075.8 1.138 264.52 121.93 9.06 -2.23 630.6
1996 6 10 12 51098.8 1.080 243.73 121.93 10.23 -0.50 597.4
1996 6 11 12 51119.5 0.420 274.54 121.93 10.16 -1.45 608.6
1996 6 12 12 51137.8 4.335 278.33 121.93 12.20 0.51 586.5
1996 6 13 12 51153.7 0.660 231.48 121.93 9.82 -1.80 564.7
1996 6 14 12 51167.4 1.697 286.12 121.93 9.99 -2.27 541.2
1996 6 15 12 51178.6 2.004 249.28 121.93 9.71 -1.19 519.7
1996 6 16 12 51187.5 1.440 268.79 121.93 9.38 -1.79 516.0
1996 6 17 12 51194.0 0.157 261.10 121.93 11.99 0.94 631.7
1996 6 18 12 51198.1 2.339 259.08 121.93 11.10 -0.35 606.4
1996 6 19 12 51199.9 0.597 256.90 121.93 11.49 -0.06 567.5
1996 6 20 12 51199.3 2.562 245.10 121.93 13.42 2.96 706.0
1996 6 21 12 51196.4 1.107 267.82 121.93 13.61 3.02 627.2
1996 6 22 12 51191.0 1.912 255.62 121.93 9.23 -1.03 587.0
1996 6 23 12 51183.3 3.482 240.19 121.93 12.77 1.67 620.9
1996 6 24 12 51173.3 2.064 244.21 121.93 12.22 1.90 641.3
1996 6 25 12 51160.8 1.868 240.22 121.93 11.28 -0.46 617.8
1996 6 26 12 51146.1 2.158 251.59 121.93 12.54 0.98 642.4
1996 6 27 12 51128.9 0.398 266.57 121.93 9.54 -0.90 603.2
1996 6 28 12 51109.4 2.352 248.43 121.93 14.40 3.67 690.9
1996 6 29 12 51087.6 0.774 273.51 121.93 13.05 1.42 590.2
1996 6 30 12 51063.4 0.790 256.85 121.93 11.05 -1.19 610.3
1996 7 1 12 51036.9 1.108 254.03 121.93 11.53 -0.03 567.6
1996 7 2 12 51008.1 0.662 258.33 121.93 9.92 -2.03 556.3
1996 7 3 12 50976.9 0.266 278.70 121.93 12.06 2.04 630.3
1996 7 4 12 50943.5 0.975 236.86 121.93 11.86 1.07 632.0
1996 7 5 12 50907.8 0.734 281.92 121.93 10.65 -1.36 558.3
1996 7 6 12 50869.7 0.694 271.10 121.93 13.85 1.62 627.6
1996 7 7 12 50829.4 0.832 255.97 121.93 14.65 2.63 701.1
1996 7 8 12 50786.9 0.677 273.61 121.93 12.73 0.89 578.9
1996 7 9 12 50742.1 2.996 250.58 121.93 12.36 0.82 616.4
1996 7 10 12 50695.1 2.755 259.24 121.93 13.50 2.99 626.4
1996 7 11 12 50645.8 0.904 246.34 121.93 12.85 0.68 633.8
1996 7 12 12 50594.3 0.859 268.44 121.93 11.28 1.72 612.5
1996 7 13 12 50540.7 0.004 242.80 121.93 11.95 -0.20 597.1
1996 7 14 12 50484.8 0.433 252.08 121.93 12.51 -0.02 559.8
1996 7 15 12 50426.8 1.582 262.46 121.93 13.34 3.29 704.6
1996 7 16 12 50366.7 0.515 267.39 121.93 13.00 2.65 655.2
1996 7 17 12 50304.5 2.029 238.73 121.93 13.31 1.76 639.3
1996 7 18 12 50240.1 1.894 261.70 121.93 10.71 -0.38 617.2
1996 7 19 12 50173.7 0.391 235.01 121.93 14.00 2.92 620.9
1996 7 20 12 50105.1 0.849 216.80 121.93 13.00 1.71 615.8
1996 7 21 12 50034.6 2.653 237.12 121.93 16.82 4.39 692.8
1996 7 22 12 49962.0 0.088 260.14 121.93 12.41 -0.98 527.5
1996 7 23 12 49887.4 0.476 246.69 121.93 13.46 1.38 578.0
1996 7 24 12 49810.8 0.069 238.08 121.93 17.20 7.26 720.5
1996 7 25 12 49732.3 0.233 246.16 121.93 13.23 3.32 632.1
1996 7 26 12 49651.8 3.085 244.85 121.93 12.82 1.21 613.8
1996 7 27 12 49569.5 0.450 253.02 121.93 11.41 -0.75 600.6
1996 7 28 12 49485.2 0.021 218.68 121.93 15.16 3.98 702.1
1996 7 29 12 49399.1 0.177 240.46 121.93 11.09 0.04 655.2
1996 7 30 12 49311.1 0.051 242.98 121.93 13.44 2.52 649.6
1996 7 31 12 49221.3 0.758 219.73 121.93 12.05 -1.38 577.1
1996 8 1 12 49129.8 0.974 218.61 121.93 12.43 3.55 670.3
1996 8 2 12 49036.5 1.412 232.89 121.93 10.53 0.04 610.3
1996 8 3 12 48941.4 1.156 237.54 121.93 14.63 3.07 673.4
1996 8 4 12 48844.7 0.081 236.63 121.93 12.14 0.17 631.1
1996 8 5 12 48746.2 0.887 227.12 121.93 10.68 0.07 629.0
1996 8 6 12 48646.2 0.520 225.50 121.93 14.32 3.32 682.0
1996 8 7 12 48544.5 1.515 227.52 121.93 11.62 0.30 651.3
1996 8 8 12 48441.3 1.216 236.89 121.93 12.82 1.78 636.4
1996 8 9 12 48336.4 2.912 250.03 121.93 13.50 2.01 621.9
1996 8 10 12 48230.1 0.175 197.00 121.93 12.88 1.80 622.6
1996 8 11 12 48122.3 0.139 238.57 121.93 8.80 -2.02 556.4
1996 8 12 12 48013.0 0.325 226.46 121.93 13.05 1.93 606.1
1996 8 13 12 47902.3 0.513 234.91 121.93 11.78 0.61 593.8
1996 8 14 12 47790.2 0.249 243.68 121.93 11.35 1.06 587.0
1996 8 15 12 47676.7 0.182 213.44 121.93 11.59 -1.09 588.5
1996 8 16 12 47561.9 0.764 237.78 121.93 9.24 -2.80 554.7
1996 8 17 12 47445.8 0.315 203.65 121.93 11.85 0.47 556.3
1996 8 18 12 47328.5 0.231 223.20 121.93 9.41 -2.57 529.0
1996 8 19 12 47209.9 0.073 216.46 121.93 10.93 -0.79 639.0
1996 8 20 12 47090.2 0.004 219.60 121.93 11.49 1.12 641.2
1996 8 21 12 46969.3 1.780 202.86 121.93 12.75 1.23 638.3
1996 8 22 12 46847.3 1.734 223.03 121.93 9.80 -3.06 518.8
1996 8 23 12 46724.2 1.163 239.04 121.93 13.09 1.35 635.7
1996 8 24 12 46600.0 0.929 199.42 121.93 12.22 0.87 616.9
1996 8 25 12 46474.8 0.277 215.59 121.93 10.03 -1.33 549.4
1996 8 26 12 46348.7 0.967 224.33 121.93 8.89 -2.06 543.9
1996 8 27 12 46221.7 0.119 205.77 121.93 8.26 -2.76 530.7
1996 8 28 12 46093.7 0.612 229.34 121.93 10.71 -0.80 539.2
1996 8 29 12 45964.9 0.206 201.20 121.93 9.06 -3.29 494.4
1996 8 30 12 45835.3 0.981 204.61 121.93 11.83 0.08 595.6
1996 8 31 12 45704.9 2.125 190.15 121.93 8.88 -3.02 514.1
1996 9 1 12 45573.7 0.150 205.64 121.93 8.40 -3.22 526.5
1996 9 2 12 45441.8 0.303 202.46 121.93 9.96 -0.88 534.1
1996 9 3 12 45309.3 0.617 210.63 121.93 8.44 -2.64 571.3
1996 9 4 12 45176.2 0.025 190.22 121.93 9.33 -1.41 634.2
1996 9 5 12 45042.4 0.050 188.19 121.93 10.65 -1.06 609.6
1996 9 6 12 44908.2 2.155 204.02 121.93 9.19 -1.00 613.9
1996 9 7 12 44773.4 0.804 216.69 121.93 9.04 -1.82 582.4
1996 9 8 12 44638.1 0.278 203.82 121.93 9.01 -2.30 562.0
1996 9 9 12 44502.5 0.577 220.74 121.93 6.01 -4.91 504.4
1996 9 10 12 44366.4 0.344 199.99 121.93 8.97 -2.97 513.2
1996 9 11 12 44230.0 0.681 198.09 121.93 8.46 -4.63 528.1
1996 9 12 12 44093.3 0.368 199.12 121.93 9.39 -2.49 569.1
1996 9 13 12 43956.3 0.553 209.89 121.93 8.79 -2.01 545.9
1996 9 14 12 43819.1 1.201 204.75 121.93 7.41 -3.92 537.3
1996 9 15 12 43681.7 1.145 168.54 121.93 9.09 -2.42 530.8
1996 9 16 12 43544.2 2.278 195.45 121.93 6.93 -5.15 478.1
1996 9 17 12 43406.5 0.959 186.05 121.93 7.56 -5.40 515.2
1996 9 18 12 43268.9 0.684 177.78 121.93 6.55 -3.71 538.7
1996 9 19 12 43131.1 2.665 152.72 121.93 7.53 -4.04 512.3
1996 9 20 12 42993.5 0.536 154.83 121.93 6.09 -5.65 476.5
1996 9 21 12 42855.8 0.008 171.09 121.93 8.94 -3.00 545.3
1996 9 22 12 42718.3 1.493 153.21 121.93 9.31 -1.08 523.3
1996 9 23 12 42580.9 0.924 168.65 121.93 7.41 -3.28 511.6
1996 9 24 12 42443.7 0.706 183.15 121.93 8.22 -3.95 483.1
1996 9 25 12 42306.7 1.596 162.35 121.93 3.41 -7.05 459.3
1996 9 26 12 42170.0 0.446 170.95 121.93 3.40 -8.12 470.3
1996 9 27 12 42033.6 0.010 152.29 121.93 4.86 -7.03 473.7
1996 9 28 12 41897.5 1.699 171.46 121.93 5.21 -6.43 456.1
1996 9 29 12 41761.9 0.347 173.24 121.93 4.66 -7.37 431.4
1996 9 30 12 41626.6 0.222 142.92 121.93 2.29 -10.16 374.1
1996 10 1 12 41491.8 1.648 151.64 121.93 6.29 -4.49 570.2
1996 10 2 12 41357.6 2.448 142.57 121.93 7.59 -3.98 522.4
1996 10 3 12 41223.8 0.557 167.88 121.93 6.09 -4.82 509.6
1996 10 4 12 41090.7 1.802 161.37 121.93 5.59 -5.58 425.1
1996 10 5 12 40958.2 1.285 156.84 121.93 4.10 -6.86 427.4
1996 10 6 12 40826.3 3.964 154.34 121.93 2.30 -10.74 383.9
1996 10 7 12 40695.1 1.292 159.79 121.93 3.47 -8.62 412.6
1996 10 8 12 40564.7 2.607 158.79 121.93 6.32 -4.63 511.4
1996 10 9 12 40435.1 0.466 144.92 121.93 2.43 -9.99 403.7
1996 10 10 12 40306.3 0.079 141.53 121.93 2.07 -9.03 437.3
1996 10 11 12 40178.3 2.301 148.90 121.93 4.21 -8.31 377.8
1996 10 12 12 40051.3 0.077 145.67 121.93 4.10 -7.29 421.1
1996 10 13 12 39925.2 1.974 178.16 121.93 0.86 -9.25 412.0
1996 10 14 12 39800.0 0.230 140.24 121.93 1.54 -9.24 395.7
1996 10 15 12 39675.8 1.326 149.10 121.93 0.97 -11.91 352.5
1996 10 16 12 39552.7 4.719 150.52 121.93 1.62 -9.10 421.3
1996 10 17 12 39430.7 1.956 163.32 121.93 2.97 -6.98 438.1
1996 10 18 12 39309.8 0.830 128.93 121.93 -0.10 -9.27 420.5
1996 10 19 12 39190.1 1.641 160.00 121.93 2.53 -8.49 446.5
1996 10 20 12 39071.5 0.581 136.50 121.93 0.84 -11.65 369.0
1996 10 21 12 38954.2 6.735 175.06 121.93 3.97 -7.08 480.0
1996 10 22 12 38838.1 0.450 141.82 121.93 0.76 -9.37 347.5
1996 10 23 12 38723.3 1.011 116.80 121.93 -0.07 -11.62 349.9
1996 10 24 12 38609.8 2.005 131.14 121.93 0.73 -9.84 430.0
1996 10 25 12 38497.7 1.678 153.02 121.93 -0.85 -12.92 315.7
1996 10 26 12 38387.0 1.895 133.09 121.93 -3.24 -14.34 283.2
1996 10 27 12 38277.7 0.664 129.88 121.93 -1.11 -14.50 306.2
1996 10 28 12 38169.9 0.923 140.48 121.93 -1.34 -13.50 329.5
1996 10 29 12 38063.6 2.921 123.46 121.93 -3.55 -14.95 284.9
1996 10 30 12 37958.7 2.837 124.43 121.93 -1.47 -13.16 392.1
1996 10 31 12 37855.5 1.878 112.38 121.93 -4.66 -17.10 266.5
1996 11 1 12 37753.8 4.188 151.47 121.93 -2.29 -14.08 291.2
1996 11 2 12 37653.8 3.207 106.20 121.93 -1.60 -12.74 302.1
1996 11 3 12 37555.3 2.926 126.10 121.93 -2.02 -13.49 342.4
1996 11 4 12 37458.6 0.105 129.78 121.93 -2.98 -14.33 285.6
1996 11 5 12 37363.5 1.994 121.43 121.93 -2.69 -13.50 394.5
1996 11 6 12 37270.2 1.683 101.89 121.93 -3.93 -15.61 300.7
1996 11 7 12 37178.7 5.058 104.81 121.93 -2.94 -13.25 351.8
1996 11 8 12 37088.9 1.002 126.73 121.93 -3.06 -15.25 302.4
1996 11 9 12 37000.9 0.075 106.31 121.93 -4.69 -14.55 342.7
1996 11 10 12 36914.8 4.478 86.07 121.93 -3.13 -13.64 255.3
1996 11 11 12 36830.5 2.107 122.11 121.93 -3.33 -15.02 263.6
1996 11 12 12 36748.2 0.665 102.39 121.93 -4.16 -15.79 315.2
1996 11 13 12 36667.7 0.804 124.15 121.93 -0.47 -11.70 411.0
1996 11 14 12 36589.2 2.799 110.87 121.93 -4.50 -15.42 254.6
1996 11 15 12 36512.6 2.768 109.38 121.93 -4.89 -15.41 237.2
1996 11 16 12 36438.0 4.608 113.16 121.93 -5.29 -17.76 249.8
1996 11 17 12 36365.4 1.289 94.58 121.93 -6.29 -17.34 267.7
1996 11 18 12 36294.9 0.814 98.57 121.93 -3.99 -17.08 262.8
1996 11 19 12 36226.3 2.157 106.36 121.93 -6.22 -17.76 242.9
1996 11 20 12 36159.9 1.663 92.43 121.93 -6.22 -16.46 215.3
1996 11 21 12 36095.5 1.043 119.66 121.93 -6.35 -18.88 211.1
1996 11 22 12 36033.3 5.685 103.72 121.93 -7.19 -19.87 195.8
1996 11 23 12 35973.2 10.115 85.99 121.93 -8.51 -19.74 188.8
1996 11 24 12 35915.2 4.308 98.77 121.93 -6.75 -17.04 201.7
1996 11 25 12 35859.3 1.396 108.11 121.93 -4.91 -16.05 296.6
1996 11 26 12 35805.7 2.666 99.37 121.93 -6.09 -19.01 245.7
1996 11 27 12 35754.2 2.199 111.54 121.93 -4.20 -16.95 237.1
1996 11 28 12 35704.9 4.000 113.66 121.93 -5.58 -16.90 256.4
1996 11 29 12 35657.9 3.501 140.60 121.93 -6.08 -18.42 216.7
1996 11 30 12 35613.1 1.385 121.39 121.93 -4.19 -15.48 275.7
1996 12 1 12 35570.6 0.622 79.16 121.93 -7.31 -18.56 243.6
1996 12 2 12 35530.3 2.453 97.90 121.93 -7.22 -19.02 235.2
1996 12 3 12 35492.2 1.161 98.92 121.93 -7.48 -17.43 283.6
1996 12 4 12 35456.5 0.332 111.19 121.93 -5.30 -16.22 307.1
1996 12 5 12 35423.1 0.877 88.23 121.93 -7.75 -18.18 231.2
1996 12 6 12 35391.9 0.253 93.95 121.93 -8.87 -19.53 294.7
1996 12 7 12 35363.1 1.724 82.96 121.93 -7.15 -18.67 273.1
1996 12 8 12 35336.6 12.561 92.33 121.93 -9.39 -20.95 161.3
1996 12 9 12 35312.4 1.453 92.65 121.93 -7.50 -19.14 221.1
1996 12 10 12 35290.6 1.434 96.21 121.93 -7.81 -18.66 167.2
1996 12 11 12 35271.1 1.870 82.91 121.93 -8.84 -20.76 185.6
1996 12 12 12 35253.9 7.517 115.27 121.93 -7.83 -17.85 293.2
1996 12 13 12 35239.2 12.956 107.47 121.93 -11.03 -23.03 222.9
1996 12 14 12 35226.7 9.497 78.53 121.93 -8.67 -19.90 198.4
1996 12 15 12 35216.7 5.290 100.56 121.93 -9.73 -21.31 183.9
1996 12 16 12 35209.0 0.734 76.61 121.93 -4.85 -16.61 286.0
1996 12 17 12 35203.6 5.491 120.17 121.93 -9.02 -18.68 285.8
1996 12 18 12 35200.7 0.350 124.22 121.93 -10.25 -22.00 130.4
1996 12 19 12 35200.1 0.263 99.16 121.93 -11.53 -23.17 216.2
1996 12 20 12 35201.9 2.545 87.23 121.93 -7.60 -19.53 199.8
1996 12 21 12 35206.0 2.253 90.10 121.93 -10.18 -21.55 133.9
1996 12 22 12 35212.5 1.863 93.32 121.93 -10.94 -22.42 142.2
1996 12 23 12 35221.4 1.477 98.61 121.93 -9.34 -21.63 143.1
1996 12 24 12 35232.6 3.661 120.88 121.93 -8.95 -20.69 198.7
1996 12 25 12 35246.3 2.658 114.80 121.93 -9.06 -19.97 151.0
1996 12 26 12 35262.2 4.958 115.19 121.93 -10.06 -20.64 191.4
1996 12 27 12 35280.5 5.427 103.36 121.93 -9.93 -21.31 193.7
1996 12 28 12 35301.2 3.359 83.71 121.93 -9.89 -21.25 219.5
1996 12 29 12 35324.2 1.147 89.69 121.93 -9.81 -21.50 190.5
1996 12 30 12 35349.5 1.145 102.41 121.93 -9.74 -21.54 211.7
1996 12 31 12 35377.2 1.636 83.76 121.93 -8.80 -20.94 163.1
1997 1 1 12 35377.2 3.409 106.33 121.93 -10.36 -23.00 151.7
1997 1 2 12 35407.2 4.885 114.15 121.93 -11.73 -23.69 59.3
1997 1 3 12 35439.5 1.260 110.58 121.93 -10.78 -21.45 167.5
1997 1 4 12 35474.1 8.023 110.32 121.93 -9.48 -21.22 187.1
1997 1 5 12 35511.0 1.988 75.12 121.93 -13.35 -25.02 113.9
1997 1 6 12 35550.1 12.782 123.50 121.93 -13.38 -25.08 51.3
1997 1 7 12 35591.5 2.738 80.40 121.93 -9.38 -19.78 192.7
1997 1 8 12 35635.2 5.902 102.06 121.93 -8.51 -20.66 179.3
1997 1 9 12 35681.2 0.162 114.09 121.93 -12.73 -23.91 109.0
1997 1 10 12 35729.3 1.067 110.67 121.93 -10.71 -22.17 178.4
1997 1 11 12 35779.7 1.819 86.63 121.93 -11.49 -22.84 136.7
1997 1 12 12 35832.2 0.426 89.85 121.93 -11.31 -22.51 152.7
1997 1 13 12 35887.0 2.024 111.18 121.93 -10.48 -21.84 148.6
1997 1 14 12 35943.9 1.613 115.10 121.93 -12.90 -23.66 158.6
1997 1 15 12 36003.0 7.756 91.42 121.93 -12.64 -24.06 153.0
1997 1 16 12 36064.1 0.035 114.53 121.93 -11.44 -21.44 161.9
1997 1 17 12 36127.5 4.621 86.55 121.93 -11.21 -22.58 234.0
1997 1 18 12 36192.9 6.649 119.29 121.93 -12.69 -25.45 68.0
1997 1 19 12 36260.3 13.748 97.35 121.93 -9.82 -20.70 216.1
1997 1 20 12 36329.9 5.542 112.51 121.93 -11.62 -22.71 117.3
1997 1 21 12 36401.5 0.809 110.70 121.93 -11.62 -23.00 163.2
1997 1 22 12 36475.1 2.040 130.16 121.93 -10.56 -22.16 177.6
1997 1 23 12 36550.6 3.510 117.14 121.93 -11.16 -24.25 84.6
1997 1 24 12 36628.2 9.096 105.30 121.93 -9.69 -22.65 143.0
1997 1 25 12 36707.7 0.132 120.47 121.93 -12.33 -22.41 207.8
1997 1 26 12 36789.1 4.770 148.03 121.93 -13.00 -24.87 78.1
1997 1 27 12 36872.4 0.236 127.83 121.93 -11.34 -21.97 172.6
1997 1 28 12 36957.6 1.388 116.69 121.93 -10.76 -23.44 141.3
1997 1 29 12 37044.7 0.366 105.94 121.93 -12.67 -24.91 100.5
1997 1 30 12 37133.6 1.136 110.09 121.93 -12.86 -23.71 73.8
1997 1 31 12 37224.2 6.053 130.44 121.93 -10.46 -21.94 186.0
1997 2 1 12 37316.7 1.797 107.88 121.93 -11.83 -22.80 144.4
1997 2 2 12 37410.8 1.005 122.15 121.93 -12.82 -24.23 148.5
1997 2 3 12 37506.7 0.830 144.63 121.93 -9.14 -20.71 192.8
1997 2 4 12 37604.3 0.566 126.30 121.93 -11.48 -23.43 133.4
1997 2 5 12 37703.6 5.731 108.85 121.93 -8.75 -21.11 189.1
1997 2 6 12 37804.5 2.940 158.71 121.93 -10.37 -20.65 157.4
1997 2 7 12 37906.9 4.054 153.51 121.93 -9.91 -20.05 245.7
1997 2 8 12 38011.0 0.317 135.63 121.93 -10.60 -22.83 132.2
1997 2 9 12 38116.5 2.970 148.30 121.93 -14.19 -26.47 59.7
1997 2 10 12 38223.6 0.026 126.23 121.93 -11.84 -23.51 168.5
1997 2 11 12 38332.2 8.372 142.19 121.93 -10.24 -21.37 180.1
1997 2 12 12 38442.2 4.959 126.07 121.93 -9.42 -20.97 173.5
1997 2 13 12 38553.6 2.539 113.20 121.93 -12.57 -23.57 141.0
1997 2 14 12 38666.4 0.012 173.54 121.93 -9.88 -21.32 192.5
1997 2 15 12 38780.5 0.787 114.71 121.93 -11.39 -22.88 138.9
1997 2 16 12 38896.0 0.371 141.42 121.93 -9.26 -18.73 253.1
1997 2 17 12 39012.7 2.397 142.41 121.93 -9.54 -21.36 134.7
1997 2 18 12 39130.6 4.256 147.05 121.93 -8.29 -18.38 240.2
1997 2 19 12 39249.8 4.032 139.15 121.93 -7.70 -17.95 265.1
1997 2 20 12 39370.1 11.156 140.51 121.93 -8.51 -19.51 228.5
1997 2 21 12 39491.6 2.743 144.99 121.93 -7.80 -20.74 118.0
1997 2 22 12 39614.2 8.929 151.34 121.93 -9.50 -20.87 178.7
1997 2 23 12 39737.8 2.040 145.35 121.93 -4.62 -16.43 234.9
1997 2 24 12 39862.5 4.808 145.60 121.93 -10.57 -21.95 199.6
1997 2 25 12 39988.1 2.282 128.06 121.93 -9.41 -21.66 155.1
1997 2 26 12 40114.7 3.908 179.35 121.93 -7.14 -17.93 276.6
1997 2 27 12 40242.2 2.778 158.46 121.93 -7.23 -17.85 206.6
1997 2 28 12 40370.6 1.262 154.84 121.93 -7.50 -17.97 252.4
1997 3 1 12 40499.8 4.039 143.63 121.93 -7.09 -18.79 224.4
1997 3 2 12 40629.8 5.102 139.24 121.93 -11.09 -23.34 216.2
1997 3 3 12 40760.6 5.981 168.51 121.93 -5.44 -16.56 304.1
1997 3 4 12 40892.1 3.539 154.52 121.93 -7.99 -17.98 273.7
1997 3 5 12 41024.3 0.012 167.56 121.93 -5.67 -17.02 320.5
1997 3 6 12 41157.2 4.219 139.29 121.93 -10.44 -21.48 178.9
1997 3 7 12 41290.6 0.516 184.11 121.93 -6.86 -18.45 228.1
1997 3 8 12 41424.6 3.359 175.77 121.93 -7.94 -19.74 198.8
1997 3 9 12 41559.2 3.845 162.38 121.93 -6.08 -16.95 270.7
1997 3 10 12 41694.2 0.143 171.96 121.93 -6.31 -17.79 161.0
1997 3 11 12 41829.7 2.893 177.41 121.93 -6.08 -17.15 257.0
1997 3 12 12 41965.5 0.303 147.60 121.93 -8.05 -19.05 225.9
1997 3 13 12 42101.8 0.007 194.19 121.93 -6.39 -17.51 245.1
1997 3 14 12 42238.3 0.288 177.63 121.93 -6.41 -17.36 206.9
1997 3 15 12 42375.2 2.494 161.19 121.93 -5.23 -17.31 249.3
1997 3 16 12 42512.3 2.326 156.67 121.93 -4.32 -16.45 225.0
1997 3 17 12 42649.6 1.551 189.30 121.93 -5.40 -16.84 316.5
1997 3 18 12 42787.0 4.777 179.04 121.93 -7.37 -18.79 216.6
1997 3 19 12 42924.6 2.157 184.49 121.93 -5.12 -16.94 199.4
1997 3 20 12 43062.3 4.145 179.02 121.93 -1.19 -12.39 345.9
1997 3 21 12 43200.0 5.716 164.96 121.93 -2.46 -13.13 364.3
1997 3 22 12 43337.7 17.778 189.01 121.93 -9.21 -19.66 212.2
1997 3 23 12 43475.4 2.482 179.79 121.93 -4.47 -14.74 277.8
1997 3 24 12 43613.0 8.036 183.80 121.93 -2.98 -15.43 271.0
1997 3 25 12 43750.4 3.476 221.16 121.93 -4.47 -16.80 255.5
1997 3 26 12 43887.7 3.667 199.91 121.93 -4.70 -16.33 260.2
1997 3 27 12 44024.8 2.483 202.15 121.93 -4.22 -15.55 251.1
1997 3 28 12 44161.7 3.142 230.42 121.93 -2.80 -14.39 310.2
1997 3 29 12 44298.2 2.105 196.75 121.93 -5.16 -17.00 220.0
1997 3 30 12 44434.5 6.712 194.14 121.93 -1.46 -13.10 366.4
1997 3 31 12 44570.3 1.091 183.52 121.93 -3.13 -14.15 349.2
1997 4 1 12 44705.8 0.265 188.27 121.93 -4.26 -16.72 235.5
1997 4 2 12 44840.8 1.405 165.70 121.93 -0.97 -10.50 368.5
1997 4 3 12 44975.4 1.217 209.61 121.93 -4.78 -16.16 264.1
1997 4 4 12 45109.4 1.390 180.09 121.93 -3.10 -13.66 325.9
1997 4 5 12 45242.8 2.250 213.97 121.93 -2.92 -14.79 312.0
1997 4 6 12 45375.7 1.383 201.11 121.93 1.35 -9.59 422.1
1997 4 7 12 45507.9 2.193 205.00 121.93 -2.69 -14.01 333.0
1997 4 8 12 45639.4 1.374 203.76 121.93 -4.69 -15.41 338.5
1997 4 9 12 45770.2 3.885 226.49 121.93 -2.13 -13.69 328.0
1997 4 10 12 45900.2 16.220 225.14 121.93 -0.37 -10.53 350.3
1997 4 11 12 46029.4 3.145 207.86 121.93 0.32 -12.27 306.3
1997 4 12 12 46157.8 1.413 196.09 121.93 2.77 -7.87 491.6
1997 4 13 12 46285.3 11.960 224.71 121.93 1.67 -9.64 422.5
1997 4 14 12 46411.9 3.266 197.50 121.93 0.04 -12.17 362.8
1997 4 15 12 46537.5 2.073 190.05 121.93 -1.37 -11.21 389.3
1997 4 16 12 46662.2 2.182 222.10 121.93 2.61 -7.31 458.6
1997 4 17 12 46785.8 2.803 234.14 121.93 -0.17 -13.23 348.4
1997 4 18 12 46908.4 1.299 211.01 121.93 -0.40 -11.66 355.6
1997 4 19 12 47029.9 0.342 224.37 121.93 0.17 -10.67 418.3
1997 4 20 12 47150.2 0.300 213.27 121.93 -0.88 -11.93 345.8
1997 4 21 12 47269.4 11.496 231.52 121.93 0.51 -9.68 379.3
1997 4 22 12 47387.3 2.628 238.30 121.93 1.06 -9.29 363.5
1997 4 23 12 47504.0 1.253 219.10 121.93 2.72 -8.47 423.4
1997 4 24 12 47619.5 2.432 208.78 121.93 1.24 -8.33 471.3
1997 4 25 12 47733.6 2.243 203.48 121.93 0.13 -10.52 375.9
1997 4 26 12 47846.4 0.260 240.35 121.93 -0.17 -11.85 321.7
1997 4 27 12 47957.8 5.341 210.53 121.93 2.76 -9.09 426.8
1997 4 28 12 48067.8 1.835 234.26 121.93 2.76 -7.65 427.5
1997 4 29 12 48176.4 2.527 241.42 121.93 2.02 -10.01 446.2
1997 4 30 12 48283.5 7.967 223.32 121.93 2.35 -9.37 444.8
1997 5 1 12 48389.0 0.330 229.40 121.93 3.84 -7.75 406.9
1997 5 2 12 48493.1 0.827 247.92 121.93 5.55 -5.57 483.4
1997 5 3 12 48595.5 2.991 221.83 121.93 2.49 -9.06 396.1
1997 5 4 12 48696.4 4.951 221.32 121.93 4.00 -8.46 396.1
1997 5 5 12 48795.7 1.007 232.44 121.93 5.50 -4.97 498.9
1997 5 6 12 48893.3 1.073 256.10 121.93 3.10 -8.62 452.1
1997 5 7 12 48989.2 3.855 262.05 121.93 4.44 -5.35 490.6
1997 5 8 12 49083.3 12.357 237.35 121.93 4.60 -6.55 453.4
1997 5 9 12 49175.8 2.217 229.08 121.93 2.89 -7.50 383.9
1997 5 10 12 49266.4 0.766 256.63 121.93 5.30 -5.59 468.2
1997 5 11 12 49355.3 0.485 216.51 121.93 5.29 -5.06 515.4
1997 5 12 12 49442.4 1.705 246.14 121.93 6.27 -4.67 466.3
1997 5 13 12 49527.6 4.363 242.62 121.93 3.85 -7.36 491.2
1997 5 14 12 49610.9 15.814 263.52 121.93 5.83 -4.69 488.6
1997 5 15 12 49692.3 1.361 265.85 121.93 8.08 -1.33 579.2
1997 5 16 12 49771.8 2.071 231.58 121.93 9.31 -2.31 541.9
1997 5 17 12 49849.4 7.938 249.01 121.93 8.30 -2.47 515.4
1997 5 18 12 49924.9 2.544 238.69 121.93 4.80 -6.61 481.1
1997 5 19 12 49998.5 2.312 243.59 121.93 7.42 -3.57 510.6
1997 5 20 12 50070.1 6.503 257.96 121.93 6.20 -5.17 471.7
1997 5 21 12 50139.7 2.011 244.37 121.93 7.53 -5.60 416.8
1997 5 22 12 50207.1 0.489 252.98 121.93 6.12 -5.44 530.3
1997 5 23 12 50272.5 5.246 265.08 121.93 4.89 -5.71 485.9
1997 5 24 12 50335.9 0.140 274.09 121.93 7.11 -4.90 535.2
1997 5 25 12 50397.0 4.405 256.30 121.93 8.88 -1.78 583.0
1997 5 26 12 50456.1 1.702 254.33 121.93 8.40 -2.85 576.2
1997 5 27 12 50513.0 1.205 236.52 121.93 8.74 -2.81 526.8
1997 5 28 12 50567.8 1.156 277.46 121.93 8.63 -2.05 517.8
1997 5 29 12 50620.3 1.406 261.64 121.93 9.07 -1.78 587.2
1997 5 30 12 50670.7 0.974 256.75 121.93 9.42 -1.64 571.0
1997 5 31 12 50718.8 2.512 256.46 121.93 8.37 -2.22 541.7
1997 6 1 12 50764.8 0.991 261.06 121.93 9.06 -2.17 578.8
1997 6 2 12 50808.5 1.574 267.66 121.93 11.71 -1.01 589.1
1997 6 3 12 50849.9 0.039 269.93 121.93 9.46 -2.24 574.3
1997 6 4 12 50889.0 1.524 281.05 121.93 9.46 -3.39 501.6
1997 6 5 12 50925.9 0.881 260.90 121.93 9.69 -1.18 605.7
1997 6 6 12 50960.5 3.549 283.92 121.93 9.36 -1.33 573.3
1997 6 7 12 50992.8 1.100 273.79 121.93 9.17 -1.47 603.1
1997 6 8 12 51022.8 3.020 257.33 121.93 10.28 -0.73 614.4
1997 6 9 12 51050.5 2.678 233.49 121.93 9.34 -1.28 594.9
1997 6 10 12 51075.8 2.709 260.04 121.93 10.01 -2.65 543.7
1997 6 11 12 51098.8 1.084 282.37 121.93 9.18 -2.31 575.1
1997 6 12 12 51119.5 1.464 247.57 121.93 10.65 -1.88 595.8
1997 6 13 12 51137.8 2.057 260.61 121.93 11.49 -0.19 614.3
1997 6 14 12 51153.7 1.470 262.02 121.93 10.42 0.31 612.3
1997 6 15 12 51167.4 0.986 273.81 121.93 7.85 -2.68 567.8
1997 6 16 12 51178.6 0.405 253.97 121.93 11.86 0.99 604.0
1997 6 17 12 51187.5 1.297 246.83 121.93 11.27 -0.28 639.9
1997 6 18 12 51194.0 0.126 268.49 121.93 9.71 -2.49 499.8
1997 6 19 12 51198.1 0.268 248.83 121.93 12.47 1.21 625.3
1997 6 20 12 51199.9 2.321 232.47 121.93 9.31 -1.20 563.8
1997 6 21 12 51199.3 1.534 287.60 121.93 13.08 2.01 620.9
1997 6 22 12 51196.4 2.273 273.87 121.93 11.52 -1.15 586.2
1997 6 23 12 51191.0 0.499 288.16 121.93 8.30 -3.02 505.9
1997 6 24 12 51183.3 2.993 272.94 121.93 12.06 -0.87 647.2
1997 6 25 12 51173.3 0.142 269.94 121.93 11.27 0.52 569.8
1997 6 26 12 51160.8 0.256 265.15 121.93 11.13 -0.82 555.1
1997 6 27 12 51146.1 2.814 256.67 121.93 10.95 -1.43 540.0
1997 6 28 12 51128.9 1.279 266.97 121.93 11.94 1.19 629.8
1997 6 29 12 51109.4 2.052 250.80 121.93 11.48 0.53 641.0
1997 6 30 12 51087.6 1.341 242.84 121.93 9.49 -1.72 581.4
1997 7 1 12 51063.4 0.528 253.65 121.93 14.26 4.61 736.3
1997 7 2 12 51036.9 0.191 277.74 121.93 12.05 1.15 598.3
1997 7 3 12 51008.1 0.041 239.59 121.93 11.38 -0.54 609.0
1997 7 4 12 50976.9 4.416 239.52 121.93 10.84 -0.14 588.0
1997 7 5 12 50943.5 0.071 266.30 121.93 13.74 2.12 649.2
1997 7 6 12 50907.8 3.287 250.85 121.93 10.69 0.31 639.4
1997 7 7 12 50869.7 1.047 263.98 121.93 12.89 1.71 583.5
1997 7 8 12 50829.4 1.218 271.14 121.93 11.86 0.76 675.0
1997 7 9 12 50786.9 1.121 262.79 121.93 11.99 -0.57 584.3
1997 7 10 12 50742.1 1.528 245.94 121.93 11.16 -0.19 547.9
1997 7 11 12 50695.1 0.329 274.19 121.93 11.92 0.47 588.7
1997 7 12 12 50645.8 0.010 265.59 121.93 12.89 0.67 616.5
1997 7 13 12 50594.3 0.425 254.35 121.93 13.26 1.68 612.9
1997 7 14 12 50540.7 1.322 253.08 121.93 11.75 0.70 552.6
1997 7 15 12 50484.8 0.193 258.46 121.93 12.81 1.41 631.1
1997 7 16 12 50426.8 2.161 247.59 121.93 14.30 1.77 613.8
1997 7 17 12 50366.7 0.696 227.20 121.93 10.49 -1.13 596.9
1997 7 18 12 50304.5 0.158 262.30 121.93 12.98 1.21 592.1
1997 7 19 12 50240.1 0.909 260.76 121.93 11.57 0.33 674.4
1997 7 20 12 50173.7 1.185 215.22 121.93 11.42 0.09 617.2
1997 7 21 12 50105.1 1.250 256.71 121.93 13.39 1.66 639.1
1997 7 22 12 50034.6 2.160 274.69 121.93 12.18 0.42 627.0
1997 7 23 12 49962.0 0.347 230.71 121.93 11.16 -0.18 541.7
1997 7 24 12 49887.4 0.503 245.77 121.93 14.96 4.33 671.7
1997 7 25 12 49810.8 0.160 243.38 121.93 14.34 3.16 716.7
1997 7 26 12 49732.3 0.021 270.23 121.93 10.04 -0.22 586.0
1997 7 27 12 49651.8 0.653 261.33 121.93 10.71 0.21 602.4
1997 7 28 12 49569.5 0.339 230.52 121.93 13.78 3.58 657.6
1997 7 29 12 49485.2 1.517 247.98 121.93 12.44 2.13 686.6
1997 7 30 12 49399.1 0.038 276.53 121.93 15.08 4.93 691.3
1997 7 31 12 49311.1 0.217 231.74 121.93 13.72 1.40 590.4
1997 8 1 12 49221.3 0.089 240.05 121.93 13.20 2.32 723.8
1997 8 2 12 49129.8 0.619 247.00 121.93 11.18 0.75 573.8
1997 8 3 12 49036.5 0.275 229.21 121.93 13.40 3.12 659.5
1997 8 4 12 48941.4 0.101 263.86 121.93 10.70 -1.31 548.4
1997 8 5 12 48844.7 0.400 229.36 121.93 14.52 3.65 651.9
1997 8 6 12 48746.2 0.239 214.63 121.93 13.14 1.80 604.2
1997 8 7 12 48646.2 0.198 226.59 121.93 11.21 1.28 609.5
1997 8 8 12 48544.5 0.638 243.24 121.93 13.59 1.08 651.1
1997 8 9 12 48441.3 0.745 220.44 121.93 15.68 3.66 616.1
1997 8 10 12 48336.4 1.374 235.90 121.93 11.92 -0.93 619.2
1997 8 11 12 48230.1 0.423 238.74 121.93 12.99 1.71 666.9
1997 8 12 12 48122.3 0.690 211.09 121.93 11.44 1.85 652.4
1997 8 13 12 48013.0 0.425 219.67 121.93 12.14 0.70 617.9
1997 8 14 12 47902.3 0.230 232.26 121.93 9.67 -1.65 575.2
1997 8 15 12 47790.2 0.729 236.44 121.93 11.84 0.88 660.3
1997 8 16 12 47676.7 0.343 216.69 121.93 11.82 0.32 554.1
1997 8 17 12 47561.9 0.433 225.90 121.93 14.36 3.25 686.8
1997 8 18 12 47445.8 0.627 218.20 121.93 8.87 -2.22 533.2
1997 8 19 12 47328.5 0.079 232.20 121.93 11.04 -1.04 604.0
1997 8 20 12 47209.9 0.019 227.89 121.93 13.29 1.81 617.9
1997 8 21 12 47090.2 2.129 213.30 121.93 10.89 0.08 622.9
1997 8 22 12 46969.3 0.664 224.87 121.93 10.89 0.23 558.1
1997 8 23 12 46847.3 0.573 210.28 121.93 9.78 -0.58 537.6
1997 8 24 12 46724.2 0.206 222.10 121.93 9.52 -1.61 564.3
1997 8 25 12 46600.0 0.681 221.07 121.93 8.06 -3.06 582.0
1997 8 26 12 46474.8 0.200 248.31 121.93 9.73 -1.07 594.8
1997 8 27 12 46348.7 0.823 206.44 121.93 9.07 -2.81 559.8
1997 8 28 12 46221.7 0.707 208.10 121.93 10.60 -1.30 599.7
1997 8 29 12 46093.7 0.612 199.23 121.93 9.12 -2.38 540.4
1997 8 30 12 45964.9 0.763 192.16 121.93 9.45 -2.97 558.9
1997 8 31 12 45835.3 0.299 199.51 121.93 9.35 -1.72 548.2
1997 9 1 12 45704.9 0.332 215.03 121.93 9.82 -0.74 575.8
1997 9 2 12 45573.7 0.875 214.80 121.93 8.96 -3.01 534.2
1997 9 3 12 45441.8 0.515 206.85 121.93 8.02 -3.03 523.0
1997 9 4 12 45309.3 1.663 196.66 121.93 9.60 -2.31 551.9
1997 9 5 12 45176.2 1.090 192.36 121.93 10.92 -1.29 566.5
1997 9 6 12 45042.4 0.687 184.67 121.93 9.36 -0.39 570.9
1997 9 7 12 44908.2 0.261 188.73 121.93 8.10 -4.10 513.8
1997 9 8 12 44773.4 0.948 176.31 121.93 8.68 -3.75 529.7
1997 9 9 12 44638.1 0.220 214.75 121.93 5.63 -5.60 455.0
1997 9 10 12 44502.5 0.558 220.58 121.93 8.34 -2.85 555.5
1997 9 11 12 44366.4 0.064 162.63 121.93 7.78 -3.08 523.5
1997 9 12 12 44230.0 0.350 194.64 121.93 6.82 -2.98 546.4
1997 9 13 12 44093.3 0.346 193.02 121.93 6.93 -5.10 478.1
1997 9 14 12 43956.3 0.396 190.70 121.93 7.27 -4.59 539.7
1997 9 15 12 43819.1 1.281 177.30 121.93 9.20 -0.91 610.5
1997 9 16 12 43681.7 1.604 200.15 121.93 9.18 -1.47 539.2
1997 9 17 12 43544.2 0.878 189.60 121.93 5.98 -4.78 520.1
1997 9 18 12 43406.5 1.244 197.58 121.93 6.42 -5.46 534.3
1997 9 19 12 43268.9 0.256 169.63 121.93 6.28 -4.22 487.1
1997 9 20 12 43131.1 0.180 158.56 121.93 8.05 -2.71 519.8
1997 9 21 12 42993.5 1.120 184.46 121.93 6.87 -4.38 534.5
1997 9 22 12 42855.8 0.148 162.11 121.93 6.61 -5.26 455.6
1997 9 23 12 42718.3 0.125 191.00 121.93 7.09 -4.22 492.2
1997 9 24 12 42580.9 0.756 141.91 121.93 5.21 -4.88 472.0
1997 9 25 12 42443.7 0.404 165.41 121.93 7.96 -4.32 536.1
1997 9 26 12 42306.7 0.354 161.83 121.93 5.72 -6.32 452.8
1997 9 27 12 42170.0 0.083 164.71 121.93 4.25 -7.65 438.4
1997 9 28 12 42033.6 1.001 172.25 121.93 5.00 -6.73 442.9
1997 9 29 12 41897.5 0.541 172.92 121.93 7.00 -4.42 546.1
1997 9 30 12 41761.9 1.900 175.21 121.93 4.32 -6.32 447.9
1997 10 1 12 41626.6 1.335 175.59 121.93 6.18 -4.85 460.8
1997 10 2 12 41491.8 0.544 160.35 121.93 3.62 -7.73 402.0
1997 10 3 12 41357.6 0.020 193.21 121.93 3.21 -7.96 461.5
1997 10 4 12 41223.8 0.882 181.04 121.93 5.15 -5.75 508.0
1997 10 5 12 41090.7 0.813 154.23 121.93 2.65 -10.09 435.6
1997 10 6 12 40958.2 0.010 155.53 121.93 5.00 -5.55 451.3
1997 10 7 12 40826.3 1.310 151.27 121.93 4.09 -7.97 433.6
1997 10 8 12 40695.1 0.179 160.40 121.93 2.05 -9.71 478.7
1997 10 9 12 40564.7 2.291 139.07 121.93 3.05 -8.08 429.4
1997 10 10 12 40435.1 0.823 140.51 121.93 2.13 -9.33 396.5
1997 10 11 12 40306.3 0.431 118.55 121.93 3.27 -7.74 444.6
1997 10 12 12 40178.3 1.155 143.80 121.93 5.38 -5.91 497.7
1997 10 13 12 40051.3 1.100 164.48 121.93 1.78 -9.85 418.4
1997 10 14 12 39925.2 1.076 144.97 121.93 2.94 -7.24 436.7
1997 10 15 12 39800.0 2.233 144.56 121.93 1.97 -8.87 405.1
1997 10 16 12 39675.8 1.308 148.93 121.93 1.76 -9.40 403.1
1997 10 17 12 39552.7 0.421 128.49 121.93 1.27 -9.58 386.5
1997 10 18 12 39430.7 0.756 142.69 121.93 0.02 -11.94 324.1
1997 10 19 12 39309.8 3.568 154.45 121.93 1.61 -8.05 493.2
1997 10 20 12 39190.1 0.390 144.50 121.93 0.46 -11.81 351.7
1997 10 21 12 39071.5 1.610 153.39 121.93 -0.67 -11.98 350.0
1997 10 22 12 38954.2 2.576 156.50 121.93 2.00 -9.62 397.9
1997 10 23 12 38838.1 1.821 146.32 121.93 0.43 -11.23 372.9
1997 10 24 12 38723.3 1.217 124.53 121.93 -0.27 -12.03 372.4
1997 10 25 12 38609.8 1.445 128.94 121.93 1.88 -10.14 383.2
1997 10 26 12 38497.7 2.023 161.95 121.93 -3.09 -13.54 363.3
1997 10 27 12 38387.0 0.427 136.58 121.93 1.36 -11.00 397.9
1997 10 28 12 38277.7 1.174 133.49 121.93 -2.07 -12.68 340.6
1997 10 29 12 38169.9 7.048 116.80 121.93 -0.64 -11.52 349.7
1997 10 30 12 38063.6 1.903 127.26 121.93 -2.04 -13.74 357.7
1997 10 31 12 37958.7 1.404 138.33 121.93 -2.74 -13.72 320.8
1997 11 1 12 37855.5 0.830 126.78 121.93 0.41 -11.12 340.4
1997 11 2 12 37753.8 0.474 117.75 121.93 1.02 -11.26 405.4
1997 11 3 12 37653.8 1.708 120.23 121.93 -2.30 -14.57 286.8
1997 11 4 12 37555.3 1.856 141.43 121.93 -1.66 -12.54 375.3
1997 11 5 12 37458.6 1.226 132.60 121.93 -2.28 -13.19 260.7
1997 11 6 12 37363.5 10.520 129.65 121.93 0.04 -11.17 365.5
1997 11 7 12 37270.2 0.572 127.32 121.93 -5.93 -17.64 282.0
1997 11 8 12 37178.7 0.412 102.04 121.93 -2.39 -13.94 321.4
1997 11 9 12 37088.9 0.946 122.97 121.93 -4.24 -15.90 300.0
1997 11 10 12 37000.9 1.361 134.03 121.93 -6.87 -19.67 179.5
1997 11 11 12 36914.8 0.500 113.23 121.93 -4.07 -15.42 301.9
1997 11 12 12 36830.5 1.888 130.97 121.93 -0.95 -11.93 361.5
1997 11 13 12 36748.2 2.127 123.66 121.93 -4.90 -16.24 282.5
1997 11 14 12 36667.7 2.950 127.09 121.93 -2.91 -12.90 403.2
1997 11 15 12 36589.2 0.838 114.66 121.93 -2.49 -14.69 345.3
1997 11 16 12 36512.6 4.970 126.42 121.93 -4.49 -16.42 295.4
1997 11 17 12 36438.0 2.877 90.41 121.93 -4.47 -15.77 308.8
1997 11 18 12 36365.4 0.644 112.15 121.93 -7.41 -18.61 200.4
1997 11 19 12 36294.9 0.551 121.64 121.93 -6.09 -19.01 205.7
1997 11 20 12 36226.3 1.180 114.71 121.93 -3.83 -14.75 259.0
1997 11 21 12 36159.9 2.358 126.03 121.93 -5.28 -16.48 232.3
1997 11 22 12 36095.5 2.737 106.60 121.93 -4.99 -18.09 211.7
1997 11 23 12 36033.3 3.091 100.12 121.93 -5.52 -17.01 259.0
1997 11 24 12 35973.2 9.475 83.15 121.93 -2.60 -14.64 270.4
1997 11 25 12 35915.2 1.539 103.06 121.93 -6.70 -18.46 229.6
1997 11 26 12 35859.3 9.059 114.35 121.93 -3.81 -16.28 269.7
1997 11 27 12 35805.7 3.601 117.47 121.93 -6.18 -17.25 221.0
1997 11 28 12 35754.2 0.482 84.55 121.93 -4.00 -13.99 365.9
1997 11 29 12 35704.9 2.205 122.68 121.93 -8.54 -19.73 165.7
1997 11 30 12 35657.9 1.523 89.96 121.93 -6.58 -19.71 239.3
1997 12 1 12 35613.1 1.479 102.31 121.93 -7.61 -18.78 156.8
1997 12 2 12 35570.6 0.999 95.17 121.93 -6.96 -18.52 225.4
1997 12 3 12 35530.3 2.115 109.56 121.93 -5.49 -17.77 208.7
1997 12 4 12 35492.2 5.180 104.33 121.93 -6.90 -18.02 220.0
1997 12 5 12 35456.5 1.149 112.73 121.93 -5.78 -16.48 324.7
1997 12 6 12 35423.1 3.586 129.89 121.93 -8.76 -20.69 175.7
1997 12 7 12 35391.9 4.226 107.89 121.93 -9.13 -21.84 130.0
1997 12 8 12 35363.1 6.321 92.98 121.93 -8.01 -21.02 194.3
1997 12 9 12 35336.6 0.670 108.28 121.93 -8.22 -20.16 186.2
1997 12 10 12 35312.4 2.085 130.30 121.93 -8.58 -20.10 202.5
1997 12 11 12 35290.6 0.940 110.75 121.93 -9.87 -21.68 139.0
1997 12 12 12 35271.1 2.315 114.90 121.93 -6.76 -18.70 200.0
1997 12 13 12 35253.9 2.320 76.64 121.93 -9.22 -20.17 173.0
1997 12 14 12 35239.2 0.476 106.19 121.93 -6.66 -17.69 270.2
1997 12 15 12 35226.7 2.525 96.25 121.93 -8.90 -20.14 190.4
1997 12 16 12 35216.7 12.322 89.96 121.93 -8.06 -18.81 192.4
1997 12 17 12 35209.0 3.547 99.75 121.93 -8.31 -20.23 200.2
1997 12 18 12 35203.6 0.347 101.67 121.93 -10.49 -22.76 147.1
1997 12 19 12 35200.7 0.669 90.64 121.93 -8.81 -20.62 204.7
1997 12 20 12 35200.1 2.156 102.83 121.93 -6.57 -18.44 216.7
1997 12 21 12 35201.9 0.703 97.42 121.93 -9.18 -22.22 153.2
1997 12 22 12 35206.0 6.827 110.60 121.93 -8.30 -20.14 209.8
1997 12 23 12 35212.5 0.290 103.54 121.93 -8.71 -19.23 185.2
1997 12 24 12 35221.4 3.777 105.85 121.93 -9.38 -20.14 223.8
1997 12 25 12 35232.6 0.190 115.02 121.93 -9.65 -20.63 187.9
1997 12 26 12 35246.3 2.220 108.79 121.93 -9.19 -20.48 157.3
1997 12 27 12 35262.2 0.590 100.53 121.93 -8.95 -19.19 183.0
1997 12 28 12 35280.5 4.576 69.50 121.93 -12.20 -24.45 108.1
1997 12 29 12 35301.2 6.190 108.72 121.93 -9.87 -22.04 142.6
1997 12 30 12 35324.2 3.394 87.56 121.93 -10.59 -21.09 200.8
1997 12 31 12 35349.5 6.528 100.20 121.93 -10.97 -22.35 144.5
1998 1 1 12 35377.2 0.008 107.34 121.93 -8.50 -20.44 200.3
1998 1 2 12 35407.2 2.857 122.07 121.93 -11.60 -22.56 123.3
1998 1 3 12 35439.5 3.994 130.03 121.93 -12.65 -24.40 111.2
1998 1 4 12 35474.1 4.521 88.92 121.93 -9.42 -21.49 209.6
1998 1 5 12 35511.0 3.820 83.37 121.93 -12.80 -24.89 97.8
1998 1 6 12 35550.1 4.668 108.39 121.93 -13.60 -24.75 88.5
1998 1 7 12 35591.5 2.911 107.55 121.93 -9.39 -20.63 161.5
1998 1 8 12 35635.2 0.409 86.32 121.93 -10.56 -20.74 184.6
1998 1 9 12 35681.2 1.341 104.56 121.93 -10.12 -21.75 207.2
1998 1 10 12 35729.3 7.773 114.26 121.93 -11.53 -23.17 95.6
1998 1 11 12 35779.7 7.080 87.34 121.93 -12.97 -23.22 134.1
1998 1 12 12 35832.2 4.131 91.40 121.93 -12.70 -23.31 82.4
1998 1 13 12 35887.0 5.136 97.21 121.93 -11.35 -22.63 135.0
1998 1 14 12 35943.9 6.473 104.25 121.93 -12.87 -25.52 97.5
1998 1 15 12 36003.0 4.147 118.44 121.93 -10.51 -22.56 101.3
1998 1 16 12 36064.1 7.817 103.74 121.93 -11.68 -23.92 108.2
1998 1 17 12 36127.5 7.632 110.10 121.93 -10.72 -22.09 167.0
1998 1 18 12 36192.9 1.476 143.62 121.93 -10.77 -22.57 152.5
1998 1 19 12 36260.3 1.516 96.26 121.93 -10.42 -20.54 199.4
1998 1 20 12 36329.9 3.943 101.50 121.93 -10.25 -22.91 112.7
1998 1 21 12 36401.5 13.236 122.19 121.93 -11.51 -23.84 132.0
1998 1 22 12 36475.1 8.562 127.57 121.93 -10.71 -21.91 143.8
1998 1 23 12 36550.6 5.982 119.73 121.93 -10.61 -21.60 189.5
1998 1 24 12 36628.2 9.129 141.42 121.93 -14.59 -28.06 50.0
1998 1 25 12 36707.7 4.522 119.84 121.93 -9.96 -22.75 136.3
1998 1 26 12 36789.1 2.004 86.25 121.93 -10.68 -22.29 157.1
1998 1 27 12 36872.4 16.259 118.18 121.93 -10.03 -20.35 233.5
1998 1 28 12 36957.6 4.255 109.01 121.93 -12.78 -22.67 149.2
1998 1 29 12 37044.7 7.835 139.20 121.93 -11.29 -23.02 145.3
1998 1 30 12 37133.6 0.009 133.80 121.93 -12.41 -23.95 132.3
1998 1 31 12 37224.2 3.367 96.40 121.93 -9.62 -21.69 203.9
1998 2 1 12 37316.7 0.878 141.42 121.93 -12.80 -23.69 114.7
1998 2 2 12 37410.8 3.707 136.20 121.93 -12.03 -22.21 113.7
1998 2 3 12 37506.7 1.591 118.20 121.93 -9.79 -20.18 148.5
1998 2 4 12 37604.3 22.491 122.87 121.93 -11.48 -22.90 161.9
1998 2 5 12 37703.6 7.438 145.92 121.93 -11.87 -23.94 127.9
1998 2 6 12 37804.5 10.247 96.47 121.93 -9.05 -20.45 183.4
1998 2 7 12 37906.9 0.053 133.75 121.93 -8.93 -19.22 198.0
1998 2 8 12 38011.0 6.178 144.51 121.93 -9.20 -20.92 187.1
1998 2 9 12 38116.5 2.367 127.83 121.93 -8.93 -21.79 170.6
1998 2 10 12 38223.6 10.485 139.95 121.93 -10.48 -22.17 171.1
1998 2 11 12 38332.2 5.416 132.87 121.93 -10.36 -21.98 127.1
1998 2 12 12 38442.2 2.777 120.66 121.93 -10.94 -23.80 71.1
1998 2 13 12 38553.6 0.552 121.40 121.93 -9.63 -20.85 155.7
1998 2 14 12 38666.4 3.391 145.34 121.93 -10.59 -21.58 127.8
1998 2 15 12 38780.5 8.537 126.27 121.93 -10.35 -20.27 152.6
1998 2 16 12 38896.0 1.938 114.09 121.93 -8.71 -21.17 223.6
1998 2 17 12 39012.7 20.140 139.96 121.93 -7.73 -18.55 161.0
1998 2 18 12 39130.6 7.993 131.61 121.93 -8.81 -19.44 225.3
1998 2 19 12 39249.8 0.930 122.51 121.93 -6.61 -17.60 275.3
1998 2 20 12 39370.1 0.647 142.78 121.93 -10.26 -22.46 180.4
1998 2 21 12 39491.6 2.567 154.43 121.93 -11.84 -24.10 126.4
1998 2 22 12 39614.2 1.938 144.44 121.93 -7.90 -19.22 255.1
1998 2 23 12 39737.8 4.792 129.38 121.93 -10.02 -21.34 226.6
1998 2 24 12 39862.5 3.047 153.85 121.93 -9.15 -21.00 171.0
1998 2 25 12 39988.1 2.137 163.41 121.93 -11.27 -21.64 180.7
1998 2 26 12 40114.7 0.267 182.34 121.93 -9.84 -21.56 207.1
1998 2 27 12 40242.2 5.613 172.05 121.93 -10.62 -23.53 103.5
1998 2 28 12 40370.6 0.222 136.63 121.93 -8.88 -20.46 183.4
1998 3 1 12 40499.8 8.010 165.87 121.93 -8.69 -19.71 187.1
1998 3 2 12 40629.8 0.077 158.15 121.93 -7.83 -18.96 234.7
1998 3 3 12 40760.6 0.194 138.32 121.93 -5.97 -17.10 201.1
1998 3 4 12 40892.1 0.920 161.18 121.93 -6.67 -16.87 305.6
1998 3 5 12 41024.3 1.727 187.02 121.93 -9.97 -22.26 170.7
1998 3 6 12 41157.2 1.316 177.51 121.93 -6.48 -18.22 253.3
1998 3 7 12 41290.6 1.713 145.70 121.93 -7.08 -17.24 184.3
1998 3 8 12 41424.6 3.844 162.45 121.93 -7.24 -20.21 164.5
1998 3 9 12 41559.2 0.945 170.97 121.93 -6.97 -18.42 276.4
1998 3 10 12 41694.2 3.867 138.99 121.93 -6.48 -16.89 256.8
1998 3 11 12 41829.7 0.891 140.86 121.93 -7.66 -18.09 186.4
1998 3 12 12 41965.5 0.170 169.97 121.93 -6.74 -17.61 254.4
1998 3 13 12 42101.8 7.793 171.53 121.93 -4.53 -15.38 312.8
1998 3 14 12 42238.3 1.123 142.80 121.93 -7.19 -19.43 227.4
1998 3 15 12 42375.2 5.170 177.57 121.93 -7.51 -17.82 239.2
1998 3 16 12 42512.3 0.105 189.43 121.93 -5.89 -18.25 269.0
1998 3 17 12 42649.6 10.633 171.22 121.93 -7.33 -19.64 186.2
1998 3 18 12 42787.0 3.138 176.77 121.93 -8.04 -19.13 233.6
1998 3 19 12 42924.6 2.762 185.82 121.93 -5.80 -17.59 252.2
1998 3 20 12 43062.3 0.264 185.21 121.93 -2.93 -14.17 312.7
1998 3 21 12 43200.0 0.717 154.97 121.93 -4.98 -16.04 267.9
1998 3 22 12 43337.7 2.122 167.80 121.93 -4.48 -14.45 300.6
1998 3 23 12 43475.4 0.756 176.82 121.93 -7.76 -18.81 224.8
1998 3 24 12 43613.0 6.908 171.22 121.93 -3.72 -15.62 278.9
1998 3 25 12 43750.4 2.971 207.51 121.93 -4.05 -14.91 323.8
1998 3 26 12 43887.7 0.762 196.39 121.93 -5.00 -17.07 242.5
1998 3 27 12 44024.8 5.922 171.60 121.93 -3.55 -14.22 362.7
1998 3 28 12 44161.7 1.767 186.40 121.93 -3.37 -14.72 288.2
1998 3 29 12 44298.2 5.633 207.94 121.93 -5.03 -16.11 305.5
1998 3 30 12 44434.5 1.429 182.65 121.93 -2.75 -15.57 317.5
1998 3 31 12 44570.3 4.580 206.48 121.93 -1.25 -14.46 315.9
1998 4 1 12 44705.8 1.664 215.81 121.93 -3.20 -15.80 286.3
1998 4 2 12 44840.8 6.662 214.65 121.93 -3.96 -13.96 298.9
1998 4 3 12 44975.4 0.105 200.46 121.93 -2.73 -15.05 283.6
1998 4 4 12 45109.4 0.437 217.86 121.93 -0.98 -11.80 370.7
1998 4 5 12 45242.8 2.217 192.59 121.93 -3.90 -15.82 282.3
1998 4 6 12 45375.7 1.097 239.04 121.93 -1.00 -12.59 383.7
1998 4 7 12 45507.9 1.555 206.69 121.93 -2.68 -14.12 304.0
1998 4 8 12 45639.4 4.901 221.60 121.93 -1.10 -11.18 364.5
1998 4 9 12 45770.2 1.499 200.27 121.93 -2.11 -13.04 289.3
1998 4 10 12 45900.2 3.572 214.49 121.93 -1.91 -13.00 359.3
1998 4 11 12 46029.4 0.783 216.45 121.93 1.43 -8.93 438.0
1998 4 12 12 46157.8 5.221 195.65 121.93 -2.76 -14.67 336.0
1998 4 13 12 46285.3 11.312 196.48 121.93 0.29 -10.26 425.8
1998 4 14 12 46411.9 3.132 209.05 121.93 2.36 -8.32 457.3
1998 4 15 12 46537.5 2.227 229.96 121.93 1.00 -9.69 431.1
1998 4 16 12 46662.2 2.765 187.15 121.93 -1.82 -13.35 351.4
1998 4 17 12 46785.8 8.171 210.42 121.93 -1.54 -13.29 357.1
1998 4 18 12 46908.4 3.090 236.73 121.93 -0.54 -12.64 292.0
1998 4 19 12 47029.9 5.221 199.82 121.93 1.03 -11.02 346.7
1998 4 20 12 47150.2 4.975 238.31 121.93 1.34 -10.79 346.2
1998 4 21 12 47269.4 6.420 203.78 121.93 -0.70 -11.81 402.0
1998 4 22 12 47387.3 2.073 208.13 121.93 0.10 -11.48 346.9
1998 4 23 12 47504.0 1.222 220.83 121.93 0.40 -10.65 368.3
1998 4 24 12 47619.5 4.017 252.30 121.93 1.55 -9.46 411.1
1998 4 25 12 47733.6 5.848 215.74 121.93 5.01 -7.24 417.9
1998 4 26 12 47846.4 6.814 200.47 121.93 0.84 -11.43 382.7
1998 4 27 12 47957.8 8.418 206.55 121.93 0.98 -10.61 324.0
1998 4 28 12 48067.8 5.259 242.66 121.93 0.95 -11.07 343.2
1998 4 29 12 48176.4 1.086 209.44 121.93 3.81 -8.30 440.0
1998 4 30 12 48283.5 2.787 248.65 121.93 2.99 -7.05 421.8
1998 5 1 12 48389.0 2.517 232.94 121.93 1.91 -10.71 424.7
1998 5 2 12 48493.1 2.218 232.45 121.93 2.92 -6.86 464.1
1998 5 3 12 48595.5 3.744 238.42 121.93 2.48 -8.69 460.1
1998 5 4 12 48696.4 1.693 222.95 121.93 4.31 -6.30 484.7
1998 5 5 12 48795.7 1.681 238.02 121.93 8.09 -2.61 547.4
1998 5 6 12 48893.3 9.993 219.04 121.93 5.09 -5.82 453.8
1998 5 7 12 48989.2 1.943 258.12 121.93 4.32 -5.75 512.9
1998 5 8 12 49083.3 5.549 223.42 121.93 3.66 -8.60 441.2
1998 5 9 12 49175.8 5.782 246.34 121.93 2.84 -8.68 488.8
1998 5 10 12 49266.4 2.622 225.14 121.93 6.15 -5.93 506.2
1998 5 11 12 49355.3 1.662 233.56 121.93 6.26 -6.49 458.2
1998 5 12 12 49442.4 0.652 236.82 121.93 4.74 -7.19 464.9
1998 5 13 12 49527.6 0.146 288.00 121.93 7.45 -2.45 563.6
1998 5 14 12 49610.9 3.610 243.89 121.93 5.85 -5.69 521.1
1998 5 15 12 49692.3 2.918 232.60 121.93 7.17 -2.64 586.8
1998 5 16 12 49771.8 4.043 239.05 121.93 6.64 -3.09 533.3
1998 5 17 12 49849.4 1.069 223.92 121.93 6.11 -2.89 505.7
1998 5 18 12 49924.9 9.619 244.81 121.93 5.13 -4.75 449.5
1998 5 19 12 49998.5 3.046 275.75 121.93 6.53 -2.99 506.1
1998 5 20 12 50070.1 1.633 253.74 121.93 8.19 -2.95 523.2
1998 5 21 12 50139.7 1.172 262.95 121.93 6.34 -4.88 547.6
1998 5 22 12 50207.1 3.956 236.42 121.93 7.94 -3.22 581.1
1998 5 23 12 50272.5 6.412 247.68 121.93 5.83 -5.57 517.4
1998 5 24 12 50335.9 1.846 254.42 121.93 8.80 -2.48 587.3
1998 5 25 12 50397.0 7.148 241.09 121.93 8.27 -2.53 528.2
1998 5 26 12 50456.1 0.500 258.56 121.93 6.17 -5.61 442.4
1998 5 27 12 50513.0 2.630 262.36 121.93 7.80 -4.70 475.8
1998 5 28 12 50567.8 2.672 261.82 121.93 9.70 -1.41 510.8
1998 5 29 12 50620.3 3.075 251.94 121.93 6.58 -5.38 459.0
1998 5 30 12 50670.7 1.979 271.07 121.93 7.02 -4.85 487.8
1998 5 31 12 50718.8 2.372 251.32 121.93 8.68 -2.83 548.3
1998 6 1 12 50764.8 0.448 250.42 121.93 12.14 0.44 612.9
1998 6 2 12 50808.5 5.226 277.71 121.93 8.08 -2.43 530.8
1998 6 3 12 50849.9 3.798 239.89 121.93 9.99 -1.55 586.2
1998 6 4 12 50889.0 2.167 231.35 121.93 9.78 -0.69 566.1
1998 6 5 12 50925.9 3.778 244.24 121.93 8.66 -2.58 548.7
1998 6 6 12 50960.5 5.097 263.41 121.93 9.93 -1.55 535.8
1998 6 7 12 50992.8 2.702 277.18 121.93 9.15 -2.12 590.3
1998 6 8 12 51022.8 8.113 248.32 121.93 9.43 -3.01 540.5
1998 6 9 12 51050.5 2.841 285.73 121.93 7.61 -3.52 549.9
1998 6 10 12 51075.8 0.497 259.17 121.93 10.20 -0.52 553.0
1998 6 11 12 51098.8 1.873 257.26 121.93 11.71 1.10 627.3
1998 6 12 12 51119.5 3.556 246.45 121.93 10.58 -1.90 579.1
1998 6 13 12 51137.8 4.633 288.65 121.93 12.25 -0.36 531.4
1998 6 14 12 51153.7 1.656 257.28 121.93 11.61 -0.22 630.6
1998 6 15 12 51167.4 0.413 239.69 121.93 10.77 0.48 572.0
1998 6 16 12 51178.6 1.045 296.65 121.93 10.03 -1.19 582.5
1998 6 17 12 51187.5 0.184 265.78 121.93 10.36 -1.66 620.4
1998 6 18 12 51194.0 2.744 271.92 121.93 8.99 -3.57 557.2
1998 6 19 12 51198.1 0.791 285.20 121.93 10.90 -1.04 534.4
1998 6 20 12 51199.9 0.532 269.22 121.93 11.63 -0.37 587.2
1998 6 21 12 51199.3 2.863 274.62 121.93 14.08 3.43 705.6
1998 6 22 12 51196.4 4.816 260.78 121.93 12.40 1.81 611.7
1998 6 23 12 51191.0 0.505 270.92 121.93 10.41 -1.83 552.5
1998 6 24 12 51183.3 1.437 259.32 121.93 9.64 -1.16 565.1
1998 6 25 12 51173.3 0.958 259.43 121.93 11.57 0.69 631.0
1998 6 26 12 51160.8 3.971 261.40 121.93 13.19 0.84 570.8
1998 6 27 12 51146.1 1.053 253.51 121.93 11.72 0.25 623.9
1998 6 28 12 51128.9 0.294 266.85 121.93 12.94 1.82 617.6
1998 6 29 12 51109.4 1.075 266.62 121.93 11.93 0.66 613.0
1998 6 30 12 51087.6 3.091 271.16 121.93 13.35 0.59 605.0
1998 7 1 12 51063.4 0.815 268.23 121.93 9.95 -1.34 591.1
1998 7 2 12 51036.9 0.503 288.37 121.93 14.82 3.93 677.9
1998 7 3 12 51008.1 0.911 273.87 121.93 10.81 0.67 656.6
1998 7 4 12 50976.9 0.280 254.66 121.93 13.72 1.79 665.5
1998 7 5 12 50943.5 0.817 264.23 121.93 12.18 0.34 583.0
1998 7 6 12 50907.8 0.520 278.27 121.93 12.47 0.90 659.0
1998 7 7 12 50869.7 6.024 242.45 121.93 12.33 1.16 632.8
1998 7 8 12 50829.4 0.323 286.51 121.93 13.12 1.80 641.0
1998 7 9 12 50786.9 0.450 244.25 121.93 13.46 2.55 676.4
1998 7 10 12 50742.1 0.258 268.93 121.93 14.40 2.10 610.8
1998 7 11 12 50695.1 1.382 255.05 121.93 14.96 3.88 636.2
1998 7 12 12 50645.8 0.366 253.69 121.93 13.38 1.38 628.4
1998 7 13 12 50594.3 0.100 234.40 121.93 15.48 3.96 661.1
1998 7 14 12 50540.7 0.954 267.02 121.93 13.07 3.04 722.9
1998 7 15 12 50484.8 0.610 233.52 121.93 14.57 2.05 618.0
1998 7 16 12 50426.8 0.366 230.63 121.93 13.61 1.99 641.0
1998 7 17 12 50366.7 2.789 269.06 121.93 12.16 -0.26 600.5
1998 7 18 12 50304.5 1.279 277.89 121.93 13.26 1.99 676.6
1998 7 19 12 50240.1 1.126 240.39 121.93 13.75 3.19 634.0
1998 7 20 12 50173.7 1.267 264.78 121.93 12.95 1.69 585.4
1998 7 21 12 50105.1 1.187 261.00 121.93 13.62 2.12 684.3
1998 7 22 12 50034.6 0.581 246.97 121.93 14.29 3.96 681.5
1998 7 23 12 49962.0 0.313 267.66 121.93 12.95 1.82 660.6
1998 7 24 12 49887.4 0.838 244.42 121.93 8.56 -2.19 582.0
1998 7 25 12 49810.8 0.544 253.87 121.93 15.48 4.65 723.9
1998 7 26 12 49732.3 0.176 226.52 121.93 12.49 -1.21 564.5
1998 7 27 12 49651.8 0.455 226.35 121.93 11.68 0.22 585.0
1998 7 28 12 49569.5 1.651 261.23 121.93 11.21 -1.06 519.0
1998 7 29 12 49485.2 0.786 251.12 121.93 12.36 0.30 576.1
1998 7 30 12 49399.1 0.220 239.85 121.93 11.99 1.77 637.2
1998 7 31 12 49311.1 0.143 269.73 121.93 11.69 -0.01 578.8
1998 8 1 12 49221.3 1.877 268.67 121.93 11.73 1.85 602.7
1998 8 2 12 49129.8 0.527 245.89 121.93 13.51 0.98 621.1
1998 8 3 12 49036.5 0.863 216.53 121.93 15.71 3.44 709.2
1998 8 4 12 48941.4 0.593 235.74 121.93 13.85 3.06 659.4
1998 8 5 12 48844.7 0.571 223.96 121.93 14.25 2.57 617.5
1998 8 6 12 48746.2 0.525 236.81 121.93 11.94 0.78 653.9
1998 8 7 12 48646.2 0.685 220.42 121.93 12.60 1.11 599.0
1998 8 8 12 48544.5 1.554 215.50 121.93 13.02 1.51 674.5
1998 8 9 12 48441.3 0.715 198.47 121.93 11.32 -0.32 585.7
1998 8 10 12 48336.4 0.032 233.87 121.93 11.60 0.35 610.0
1998 8 11 12 48230.1 0.289 195.82 121.93 13.45 2.56 698.1
1998 8 12 12 48122.3 0.180 224.42 121.93 13.73 3.62 631.8
1998 8 13 12 48013.0 2.637 238.55 121.93 12.11 0.55 579.5
1998 8 14 12 47902.3 2.431 216.19 121.93 10.13 -1.58 558.6
1998 8 15 12 47790.2 0.554 209.63 121.93 11.40 -0.42 587.4
1998 8 16 12 47676.7 0.164 223.75 121.93 9.59 -0.64 666.5
1998 8 17 12 47561.9 3.749 211.19 121.93 11.77 0.92 591.8
1998 8 18 12 47445.8 0.188 225.24 121.93 11.94 -0.98 541.4
1998 8 19 12 47328.5 0.194 205.79 121.93 11.05 -1.90 533.9
1998 8 20 12 47209.9 1.419 218.53 121.93 11.72 -0.34 600.1
1998 8 21 12 47090.2 1.445 213.71 121.93 11.88 0.66 628.0
1998 8 22 12 46969.3 0.462 217.52 121.93 11.53 0.10 580.8
1998 8 23 12 46847.3 0.134 241.00 121.93 9.23 -1.76 565.4
1998 8 24 12 46724.2 0.351 218.24 121.93 10.54 -1.00 638.3
1998 8 25 12 46600.0 0.625 221.57 121.93 11.41 1.13 623.7
1998 8 26 12 46474.8 0.103 203.38 121.93 13.05 2.26 654.9
1998 8 27 12 46348.7 0.778 214.84 121.93 10.15 -1.19 632.8
1998 8 28 12 46221.7 1.258 206.09 121.93 11.25 0.77 594.5
1998 8 29 12 46093.7 0.042 209.38 121.93 11.62 -1.10 555.0
1998 8 30 12 45964.9 1.283 217.38 121.93 9.87 -1.60 554.0
1998 8 31 12 45835.3 0.238 198.85 121.93 11.75 0.46 593.5
1998 9 1 12 45704.9 2.433 199.08 121.93 11.70 0.78 561.0
1998 9 2 12 45573.7 1.177 196.44 121.93 11.83 -0.95 585.2
1998 9 3 12 45441.8 1.002 194.83 121.93 10.30 -1.31 580.3
1998 9 4 12 45309.3 0.479 203.69 121.93 13.01 1.93 633.0
1998 9 5 12 45176.2 4.240 194.30 121.93 8.40 -2.62 555.0
1998 9 6 12 45042.4 0.337 220.89 121.93 12.36 1.90 645.8
1998 9 7 12 44908.2 0.152 237.27 121.93 10.17 -0.62 548.1
1998 9 8 12 44773.4 0.263 187.21 121.93 10.87 -0.58 597.1
1998 9 9 12 44638.1 1.573 198.79 121.93 8.22 -2.64 564.0
1998 9 10 12 44502.5 0.665 208.59 121.93 9.81 -1.75 517.1
1998 9 11 12 44366.4 0.572 187.68 121.93 10.52 -0.76 628.7
1998 9 12 12 44230.0 0.363 175.38 121.93 6.59 -4.18 479.4
1998 9 13 12 44093.3 0.551 215.01 121.93 7.81 -3.63 493.3
1998 9 14 12 43956.3 0.340 197.86 121.93 4.67 -6.44 477.3
1998 9 15 12 43819.1 1.216 190.97 121.93 7.45 -3.18 552.4
1998 9 16 12 43681.7 0.480 206.57 121.93 6.32 -4.51 533.1
1998 9 17 12 43544.2 0.296 195.00 121.93 7.04 -3.37 549.4
1998 9 18 12 43406.5 1.609 181.35 121.93 11.58 2.04 625.2
1998 9 19 12 43268.9 0.182 166.04 121.93 9.59 -1.25 578.3
1998 9 20 12 43131.1 0.757 171.91 121.93 4.68 -7.09 448.6
1998 9 21 12 42993.5 0.021 196.01 121.93 7.49 -3.50 535.2
1998 9 22 12 42855.8 0.091 186.79 121.93 7.67 -3.36 534.9
1998 9 23 12 42718.3 0.463 172.38 121.93 5.78 -5.13 482.3
1998 9 24 12 42580.9 0.378 200.31 121.93 6.37 -3.84 512.9
1998 9 25 12 42443.7 0.382 170.08 121.93 6.33 -6.42 416.0
1998 9 26 12 42306.7 1.538 185.88 121.93 3.70 -6.49 495.2
1998 9 27 12 42170.0 1.645 173.00 121.93 3.99 -5.93 490.2
1998 9 28 12 42033.6 1.027 197.33 121.93 5.60 -5.35 423.9
1998 9 29 12 41897.5 0.193 178.27 121.93 5.30 -5.63 511.2
1998 9 30 12 41761.9 0.687 166.31 121.93 3.89 -7.70 444.3
1998 10 1 12 41626.6 3.818 161.58 121.93 3.57 -7.83 415.3
1998 10 2 12 41491.8 5.458 162.69 121.93 4.43 -6.42 440.9
1998 10 3 12 41357.6 2.016 150.69 121.93 5.69 -5.20 475.3
1998 10 4 12 41223.8 0.221 139.74 121.93 4.05 -6.77 436.6
1998 10 5 12 41090.7 0.750 163.54 121.93 6.40 -4.50 486.1
1998 10 6 12 40958.2 1.087 149.58 121.93 2.72 -7.96 491.8
1998 10 7 12 40826.3 0.943 148.22 121.93 3.85 -6.92 472.8
1998 10 8 12 40695.1 2.388 153.62 121.93 2.83 -9.39 473.3
1998 10 9 12 40564.7 1.806 154.43 121.93 4.04 -6.70 472.9
1998 10 10 12 40435.1 0.224 152.46 121.93 1.78 -8.13 454.7
1998 10 11 12 40306.3 0.436 177.14 121.93 5.64 -5.78 458.0
1998 10 12 12 40178.3 2.317 159.72 121.93 0.01 -10.19 391.1
1998 10 13 12 40051.3 3.314 180.13 121.93 4.91 -7.22 453.1
1998 10 14 12 39925.2 1.251 140.67 121.93 2.27 -9.15 435.5
1998 10 15 12 39800.0 3.784 157.76 121.93 2.76 -9.16 415.4
1998 10 16 12 39675.8 1.147 139.01 121.93 3.72 -6.57 479.1
1998 10 17 12 39552.7 0.323 135.11 121.93 2.80 -7.28 463.8
1998 10 18 12 39430.7 1.914 174.49 121.93 0.21 -11.26 365.6
1998 10 19 12 39309.8 0.175 129.58 121.93 2.00 -8.46 418.6
1998 10 20 12 39190.1 3.967 106.42 121.93 3.70 -6.38 452.3
1998 10 21 12 39071.5 1.902 128.10 121.93 -0.64 -12.07 391.1
1998 10 22 12 38954.2 0.480 107.42 121.93 3.66 -7.63 438.2
1998 10 23 12 38838.1 0.037 122.11 121.93 0.86 -9.96 410.7
1998 10 24 12 38723.3 0.009 122.35 121.93 -0.58 -12.65 342.3
1998 10 25 12 38609.8 0.609 134.63 121.93 -1.47 -12.79 376.2
1998 10 26 12 38497.7 1.749 102.23 121.93 -0.67 -10.36 333.1
1998 10 27 12 38387.0 2.743 149.81 121.93 -3.48 -15.28 303.5
1998 10 28 12 38277.7 3.382 102.64 121.93 -1.37 -12.09 320.6
1998 10 29 12 38169.9 1.674 127.78 121.93 -1.35 -12.33 365.1
1998 10 30 12 38063.6 1.447 123.77 121.93 -2.77 -14.30 309.6
1998 10 31 12 37958.7 0.865 139.97 121.93 -0.24 -11.46 326.4
1998 11 1 12 37855.5 1.958 131.83 121.93 -1.89 -11.89 372.4
1998 11 2 12 37753.8 0.578 143.34 121.93 -2.72 -13.67 333.2
1998 11 3 12 37653.8 0.241 119.12 121.93 -2.45 -13.28 327.4
1998 11 4 12 37555.3 1.458 116.58 121.93 -1.63 -11.75 361.9
1998 11 5 12 37458.6 2.917 128.78 121.93 -2.25 -13.88 327.2
1998 11 6 12 37363.5 0.169 137.07 121.93 -3.61 -15.85 318.4
1998 11 7 12 37270.2 0.737 133.08 121.93 -2.57 -12.55 339.5
1998 11 8 12 37178.7 1.482 124.61 121.93 -3.03 -14.32 344.0
1998 11 9 12 37088.9 1.469 122.38 121.93 -4.86 -15.54 288.0
1998 11 10 12 37000.9 2.486 117.46 121.93 -3.77 -15.78 323.2
1998 11 11 12 36914.8 6.957 123.30 121.93 -2.66 -13.75 317.9
1998 11 12 12 36830.5 0.012 146.83 121.93 -2.86 -15.14 277.2
1998 11 13 12 36748.2 7.407 111.84 121.93 -4.26 -15.61 254.9
1998 11 14 12 36667.7 6.977 109.21 121.93 -3.08 -15.00 298.9
1998 11 15 12 36589.2 3.636 107.28 121.93 -5.76 -17.86 219.0
1998 11 16 12 36512.6 1.989 118.97 121.93 -5.89 -17.54 291.4
1998 11 17 12 36438.0 0.727 80.55 121.93 -5.03 -18.27 208.6
1998 11 18 12 36365.4 3.736 109.63 121.93 -2.59 -14.92 281.0
1998 11 19 12 36294.9 2.175 124.16 121.93 -4.77 -15.54 306.6
1998 11 20 12 36226.3 1.163 102.37 121.93 -5.61 -16.73 301.0
1998 11 21 12 36159.9 3.786 112.40 121.93 -3.05 -15.31 315.7
1998 11 22 12 36095.5 4.448 140.60 121.93 -5.97 -16.93 293.1
1998 11 23 12 36033.3 5.908 113.31 121.93 -2.36 -14.47 308.3
1998 11 24 12 35973.2 0.680 74.14 121.93 -6.65 -17.47 248.5
1998 11 25 12 35915.2 5.398 86.00 121.93 -7.57 -19.06 279.1
1998 11 26 12 35859.3 1.276 102.83 121.93 -6.47 -18.13 288.1
1998 11 27 12 35805.7 2.276 94.00 121.93 -6.76 -18.23 256.8
1998 11 28 12 35754.2 2.778 107.09 121.93 -7.76 -17.11 291.0
1998 11 29 12 35704.9 5.256 100.63 121.93 -2.80 -14.81 329.6
1998 11 30 12 35657.9 3.815 122.07 121.93 -6.38 -17.60 211.8
1998 12 1 12 35613.1 1.293 87.76 121.93 -6.32 -17.10 256.9
1998 12 2 12 35570.6 3.206 100.59 121.93 -7.86 -20.03 244.3
1998 12 3 12 35530.3 2.328 106.56 121.93 -8.19 -20.86 204.4
1998 12 4 12 35492.2 0.315 108.04 121.93 -5.93 -17.81 241.9
1998 12 5 12 35456.5 2.675 104.77 121.93 -10.13 -20.92 226.9
1998 12 6 12 35423.1 2.042 66.06 121.93 -9.47 -21.14 188.2
1998 12 7 12 35391.9 6.819 103.17 121.93 -8.27 -19.85 225.7
1998 12 8 12 35363.1 10.415 99.37 121.93 -6.01 -16.68 277.7
1998 12 9 12 35336.6 5.225 114.33 121.93 -8.73 -20.77 200.8
1998 12 10 12 35312.4 1.993 111.97 121.93 -7.67 -19.15 235.5
1998 12 11 12 35290.6 2.357 104.52 121.93 -8.39 -21.00 219.0
1998 12 12 12 35271.1 0.781 105.41 121.93 -6.61 -17.75 287.8
1998 12 13 12 35253.9 1.011 120.83 121.93 -11.05 -22.27 141.0
1998 12 14 12 35239.2 1.938 117.65 121.93 -7.69 -18.46 241.5
1998 12 15 12 35226.7 1.734 104.40 121.93 -9.21 -21.53 207.5
1998 12 16 12 35216.7 0.318 132.35 121.93 -7.64 -19.20 212.1
1998 12 17 12 35209.0 7.542 90.67 121.93 -10.37 -22.79 104.8
1998 12 18 12 35203.6 8.527 82.25 121.93 -9.22 -20.81 156.5
1998 12 19 12 35200.7 7.461 99.84 121.93 -9.51 -19.73 180.3
1998 12 20 12 35200.1 8.917 94.39 121.93 -10.96 -22.62 133.8
1998 12 21 12 35201.9 14.492 63.04 121.93 -11.48 -23.97 98.1
1998 12 22 12 35206.0 0.873 90.27 121.93 -10.53 -22.47 181.4
1998 12 23 12 35212.5 14.223 105.28 121.93 -9.56 -22.24 146.8
1998 12 24 12 35221.4 1.584 99.34 121.93 -10.98 -23.41 169.6
1998 12 25 12 35232.6 4.526 88.68 121.93 -10.42 -21.29 140.4
1998 12 26 12 35246.3 1.368 101.10 121.93 -12.84 -25.40 81.5
1998 12 27 12 35262.2 6.231 102.47 121.93 -10.65 -21.80 167.2
1998 12 28 12 35280.5 4.836 111.53 121.93 -8.63 -20.01 224.1
1998 12 29 12 35301.2 1.604 91.39 121.93 -9.18 -21.01 214.1
1998 12 30 12 35324.2 2.745 114.35 121.93 -10.44 -21.66 150.6
1998 12 31 12 35349.5 1.235 85.14 121.93 -10.01 -22.16 186.5
1999 1 1 12 35377.2 6.433 94.22 121.93 -11.69 -22.41 101.3
1999 1 2 12 35407.2 8.983 127.56 121.93 -8.07 -20.03 225.6
1999 1 3 12 35439.5 0.956 87.04 121.93 -7.46 -19.17 176.4
1999 1 4 12 35474.1 2.539 92.86 121.93 -10.37 -22.17 170.0
1999 1 5 12 35511.0 3.331 84.31 121.93 -6.78 -17.63 281.3
1999 1 6 12 35550.1 4.429 91.09 121.93 -11.73 -22.70 172.7
1999 1 7 12 35591.5 3.656 105.99 121.93 -12.63 -26.13 50.0
1999 1 8 12 35635.2 4.149 114.95 121.93 -11.86 -23.06 125.5
1999 1 9 12 35681.2 2.320 104.53 121.93 -11.16 -23.96 142.4
1999 1 10 12 35729.3 2.395 100.42 121.93 -7.40 -19.07 239.3
1999 1 11 12 35779.7 2.286 87.16 121.93 -11.32 -22.80 152.2
1999 1 12 12 35832.2 1.463 95.42 121.93 -12.21 -23.89 56.1
1999 1 13 12 35887.0 1.711 83.68 121.93 -12.29 -23.29 170.2
1999 1 14 12 35943.9 4.425 118.49 121.93 -9.25 -20.07 239.8
1999 1 15 12 36003.0 9.143 120.12 121.93 -9.48 -21.50 175.0
1999 1 16 12 36064.1 0.787 108.03 121.93 -11.71 -23.76 131.6
1999 1 17 12 36127.5 2.469 115.90 121.93 -13.81 -25.24 110.4
1999 1 18 12 36192.9 0.560 123.07 121.93 -12.69 -25.33 137.3
1999 1 19 12 36260.3 1.547 112.12 121.93 -8.42 -20.20 203.5
1999 1 20 12 36329.9 1.895 132.20 121.93 -9.96 -20.29 188.6
1999 1 21 12 36401.5 3.354 96.66 121.93 -10.89 -23.50 141.5
1999 1 22 12 36475.1 3.271 107.52 121.93 -8.18 -19.85 202.7
1999 1 23 12 36550.6 2.761 106.49 121.93 -8.03 -19.90 201.9
1999 1 24 12 36628.2 4.261 123.99 121.93 -11.00 -20.80 131.0
1999 1 25 12 36707.7 0.939 93.56 121.93 -10.96 -22.79 159.9
1999 1 26 12 36789.1 3.446 137.61 121.93 -11.78 -23.56 163.9
1999 1 27 12 36872.4 5.791 125.15 121.93 -11.31 -23.53 160.0
1999 1 28 12 36957.6 0.931 143.83 121.93 -13.08 -24.47 139.1
1999 1 29 12 37044.7 0.157 117.84 121.93 -13.05 -24.23 113.7
1999 1 30 12 37133.6 7.318 111.08 121.93 -13.36 -25.47 95.0
1999 1 31 12 37224.2 0.619 130.10 121.93 -9.11 -19.72 241.4
1999 2 1 12 37316.7 1.520 136.63 121.93 -13.03 -24.21 141.7
1999 2 2 12 37410.8 5.738 111.39 121.93 -7.72 -18.43 275.9
1999 2 3 12 37506.7 0.878 93.10 121.93 -11.68 -23.35 112.9
1999 2 4 12 37604.3 6.967 96.65 121.93 -7.93 -19.13 197.0
1999 2 5 12 37703.6 1.263 128.96 121.93 -11.02 -22.59 138.2
1999 2 6 12 37804.5 1.065 149.15 121.93 -12.76 -23.00 111.8
1999 2 7 12 37906.9 1.284 107.56 121.93 -8.42 -19.73 165.8
1999 2 8 12 38011.0 5.112 124.02 121.93 -8.18 -19.57 222.7
1999 2 9 12 38116.5 1.547 123.94 121.93 -11.57 -23.33 145.4
1999 2 10 12 38223.6 7.526 159.04 121.93 -10.63 -22.44 158.6
1999 2 11 12 38332.2 3.028 165.20 121.93 -11.41 -22.62 158.2
1999 2 12 12 38442.2 3.320 138.79 121.93 -10.15 -20.89 138.2
1999 2 13 12 38553.6 1.031 147.01 121.93 -9.72 -21.67 152.2
1999 2 14 12 38666.4 8.568 147.72 121.93 -10.32 -21.62 158.8
1999 2 15 12 38780.5 6.072 116.60 121.93 -12.43 -23.68 127.8
1999 2 16 12 38896.0 5.922 147.44 121.93 -10.48 -21.59 124.3
1999 2 17 12 39012.7 2.454 122.83 121.93 -8.46 -21.22 147.7
1999 2 18 12 39130.6 0.491 136.73 121.93 -9.72 -21.86 149.7
1999 2 19 12 39249.8 3.529 157.59 121.93 -9.80 -22.29 186.0
1999 2 20 12 39370.1 4.974 142.92 121.93 -10.59 -21.97 168.5
1999 2 21 12 39491.6 5.022 159.45 121.93 -10.00 -22.12 188.2
1999 2 22 12 39614.2 4.404 163.63 121.93 -6.86 -18.66 223.2
1999 2 23 12 39737.8 4.229 119.02 121.93 -10.57 -22.92 141.6
1999 2 24 12 39862.5 1.279 113.96 121.93 -7.66 -19.38 227.4
1999 2 25 12 39988.1 1.364 165.31 121.93 -8.55 -20.85 177.8
1999 2 26 12 40114.7 0.620 167.18 121.93 -8.12 -18.92 202.9
1999 2 27 12 40242.2 7.672 154.27 121.93 -9.46 -20.48 145.7
1999 2 28 12 40370.6 14.442 157.59 121.93 -8.76 -20.04 181.3
1999 3 1 12 40499.8 26.359 166.39 121.93 -8.11 -19.75 230.1
1999 3 2 12 40629.8 3.774 167.41 121.93 -8.74 -21.77 202.3
1999 3 3 12 40760.6 4.223 151.04 121.93 -7.33 -19.09 194.9
1999 3 4 12 40892.1 2.558 171.26 121.93 -7.00 -19.01 167.9
1999 3 5 12 41024.3 3.704 153.05 121.93 -4.28 -15.48 318.1
1999 3 6 12 41157.2 0.887 163.23 121.93 -6.98 -17.88 244.5
1999 3 7 12 41290.6 2.491 163.91 121.93 -10.11 -21.25 134.5
1999 3 8 12 41424.6 1.085 149.35 121.93 -5.35 -15.74 191.9
1999 3 9 12 41559.2 2.138 152.45 121.93 -7.25 -19.10 189.1
1999 3 10 12 41694.2 1.212 198.45 121.93 -3.77 -15.65 273.0
1999 3 11 12 41829.7 4.902 152.92 121.93 -4.42 -14.99 265.7
1999 3 12 12 41965.5 5.486 173.20 121.93 -7.22 -18.49 251.0
1999 3 13 12 42101.8 4.033 177.71 121.93 -5.22 -16.82 239.3
1999 3 14 12 42238.3 1.342 169.57 121.93 -7.03 -16.95 261.4
1999 3 15 12 42375.2 0.539 181.82 121.93 -5.97 -16.90 333.1
1999 3 16 12 42512.3 5.493 178.06 121.93 -4.79 -16.34 276.7
1999 3 17 12 42649.6 2.949 161.44 121.93 -3.96 -15.91 278.4
1999 3 18 12 42787.0 0.142 183.92 121.93 -4.11 -14.45 308.2
1999 3 19 12 42924.6 3.382 169.08 121.93 -5.17 -16.40 292.0
1999 3 20 12 43062.3 4.112 204.73 121.93 -1.38 -12.76 361.2
1999 3 21 12 43200.0 0.279 186.44 121.93 -5.47 -16.33 243.3
1999 3 22 12 43337.7 4.843 170.87 121.93 -7.16 -17.85 230.6
1999 3 23 12 43475.4 0.369 187.89 121.93 -6.68 -17.64 227.1
1999 3 24 12 43613.0 1.126 170.26 121.93 -2.17 -12.86 334.3
1999 3 25 12 43750.4 0.371 189.37 121.93 -4.31 -15.35 347.9
1999 3 26 12 43887.7 0.966 183.49 121.93 -3.77 -14.72 324.0
1999 3 27 12 44024.8 0.527 175.85 121.93 -4.63 -16.62 265.3
1999 3 28 12 44161.7 7.150 177.03 121.93 -4.31 -14.26 352.2
1999 3 29 12 44298.2 2.157 227.51 121.93 -4.62 -17.00 265.6
1999 3 30 12 44434.5 1.662 193.72 121.93 -2.54 -13.69 277.1
1999 3 31 12 44570.3 7.654 187.23 121.93 -3.20 -15.67 336.6
1999 4 1 12 44705.8 7.284 185.98 121.93 -2.20 -13.68 321.7
1999 4 2 12 44840.8 1.801 203.48 121.93 -2.15 -14.01 252.2
1999 4 3 12 44975.4 3.679 188.18 121.93 -3.10 -14.39 264.2
1999 4 4 12 45109.4 1.372 182.67 121.93 -4.45 -15.58 322.3
1999 4 5 12 45242.8 2.460 199.94 121.93 -4.38 -16.55 221.5
1999 4 6 12 45375.7 0.663 201.16 121.93 2.68 -8.75 465.5
1999 4 7 12 45507.9 4.137 196.82 121.93 0.55 -9.73 407.8
1999 4 8 12 45639.4 7.613 191.02 121.93 0.55 -11.90 383.4
1999 4 9 12 45770.2 6.459 199.84 121.93 -2.27 -14.35 305.2
1999 4 10 12 45900.2 2.803 199.96 121.93 -1.04 -11.75 380.6
1999 4 11 12 46029.4 0.100 199.17 121.93 -2.07 -13.41 341.2
1999 4 12 12 46157.8 1.239 213.73 121.93 -2.62 -13.89 321.0
1999 4 13 12 46285.3 2.350 244.25 121.93 -1.33 -11.91 329.9
1999 4 14 12 46411.9 0.383 232.10 121.93 1.75 -10.28 405.1
1999 4 15 12 46537.5 0.275 242.50 121.93 1.23 -10.59 333.8
1999 4 16 12 46662.2 9.031 206.11 121.93 -1.28 -13.19 364.0
1999 4 17 12 46785.8 5.534 240.98 121.93 -0.09 -11.77 370.5
1999 4 18 12 46908.4 4.164 220.49 121.93 1.71 -8.62 441.6
1999 4 19 12 47029.9 4.906 233.09 121.93 -0.06 -12.82 265.0
1999 4 20 12 47150.2 0.488 226.37 121.93 1.12 -11.24 341.5
1999 4 21 12 47269.4 0.801 215.54 121.93 1.81 -10.68 371.2
1999 4 22 12 47387.3 3.091 232.67 121.93 2.00 -8.28 454.6
1999 4 23 12 47504.0 3.313 230.31 121.93 2.00 -9.89 373.9
1999 4 24 12 47619.5 0.322 197.67 121.93 0.85 -10.82 460.1
1999 4 25 12 47733.6 2.813 223.47 121.93 1.21 -11.49 362.4
1999 4 26 12 47846.4 2.192 239.55 121.93 0.54 -11.07 348.1
1999 4 27 12 47957.8 5.567 231.74 121.93 0.10 -10.61 382.3
1999 4 28 12 48067.8 3.204 235.72 121.93 2.48 -8.72 397.0
1999 4 29 12 48176.4 9.011 218.49 121.93 4.08 -7.41 416.3
1999 4 30 12 48283.5 1.515 234.68 121.93 0.99 -11.67 397.0
1999 5 1 12 48389.0 0.499 230.45 121.93 3.67 -7.99 455.5
1999 5 2 12 48493.1 8.598 229.88 121.93 4.64 -6.64 482.6
1999 5 3 12 48595.5 3.232 223.77 121.93 0.91 -11.29 412.6
1999 5 4 12 48696.4 2.065 248.69 121.93 3.46 -7.42 466.2
1999 5 5 12 48795.7 0.754 241.14 121.93 6.53 -4.16 484.8
1999 5 6 12 48893.3 1.458 240.60 121.93 5.09 -6.73 486.6
1999 5 7 12 48989.2 1.357 268.65 121.93 1.66 -9.16 382.9
1999 5 8 12 49083.3 0.437 245.94 121.93 5.65 -5.84 468.8
1999 5 9 12 49175.8 0.030 257.77 121.93 3.73 -6.75 463.7
1999 5 10 12 49266.4 1.282 244.76 121.93 6.09 -3.69 521.9
1999 5 11 12 49355.3 4.186 236.26 121.93 4.21 -8.07 384.9
1999 5 12 12 49442.4 6.312 226.54 121.93 5.36 -5.43 462.4
1999 5 13 12 49527.6 4.992 246.90 121.93 4.82 -5.53 488.6
1999 5 14 12 49610.9 5.197 204.16 121.93 5.82 -6.35 454.6
1999 5 15 12 49692.3 0.489 249.01 121.93 5.16 -6.70 499.7
1999 5 16 12 49771.8 2.550 250.45 121.93 5.86 -6.01 518.7
1999 5 17 12 49849.4 3.268 243.23 121.93 4.62 -6.89 428.6
1999 5 18 12 49924.9 3.430 245.86 121.93 7.30 -4.39 514.1
1999 5 19 12 49998.5 1.740 229.22 121.93 7.01 -4.55 556.5
1999 5 20 12 50070.1 2.154 269.49 121.93 4.50 -6.23 471.4
1999 5 21 12 50139.7 4.468 244.34 121.93 8.59 -4.32 501.3
1999 5 22 12 50207.1 2.990 235.49 121.93 7.02 -5.16 522.6
1999 5 23 12 50272.5 3.490 258.90 121.93 7.70 -3.17 528.5
1999 5 24 12 50335.9 1.046 253.02 121.93 8.78 -2.18 594.5
1999 5 25 12 50397.0 3.248 246.60 121.93 8.29 -3.95 503.1
1999 5 26 12 50456.1 1.985 245.60 121.93 9.72 -1.23 561.1
1999 5 27 12 50513.0 3.806 253.05 121.93 7.70 -2.64 570.9
1999 5 28 12 50567.8 0.736 273.86 121.93 9.85 -1.59 571.3
1999 5 29 12 50620.3 3.450 261.25 121.93 8.65 -3.56 532.1
1999 5 30 12 50670.7 1.145 254.19 121.93 9.39 -1.31 516.5
1999 5 31 12 50718.8 3.379 267.97 121.93 9.39 -0.63 576.7
1999 6 1 12 50764.8 2.133 256.06 121.93 10.80 -1.31 599.8
1999 6 2 12 50808.5 1.686 262.11 121.93 10.18 -1.19 552.6
1999 6 3 12 50849.9 1.158 258.77 121.93 8.58 -1.95 582.1
1999 6 4 12 50889.0 1.479 265.74 121.93 8.43 -2.88 550.5
1999 6 5 12 50925.9 0.956 250.60 121.93 9.47 -3.33 527.4
1999 6 6 12 50960.5 1.087 240.51 121.93 8.54 -2.50 590.7
1999 6 7 12 50992.8 2.392 271.53 121.93 8.25 -3.94 511.1
1999 6 8 12 51022.8 0.106 280.80 121.93 6.77 -5.64 479.0
1999 6 9 12 51050.5 2.967 242.13 121.93 7.78 -5.01 493.5
1999 6 10 12 51075.8 2.971 261.45 121.93 13.21 2.76 657.7
1999 6 11 12 51098.8 1.077 252.25 121.93 9.38 -2.69 569.2
1999 6 12 12 51119.5 1.657 272.45 121.93 13.35 2.21 600.1
1999 6 13 12 51137.8 0.412 263.08 121.93 11.22 0.28 631.7
1999 6 14 12 51153.7 2.039 309.45 121.93 10.66 -0.61 589.9
1999 6 15 12 51167.4 0.475 255.15 121.93 8.61 -2.56 565.5
1999 6 16 12 51178.6 3.976 282.85 121.93 10.98 -0.11 669.5
1999 6 17 12 51187.5 0.328 284.39 121.93 13.93 2.64 637.4
1999 6 18 12 51194.0 1.189 267.94 121.93 13.53 1.53 593.8
1999 6 19 12 51198.1 1.556 260.54 121.93 11.72 -0.36 598.6
1999 6 20 12 51199.9 1.984 261.42 121.93 9.69 -1.80 574.6
1999 6 21 12 51199.3 1.248 260.15 121.93 10.07 -1.43 597.6
1999 6 22 12 51196.4 1.621 276.96 121.93 10.33 -0.73 569.3
1999 6 23 12 51191.0 0.880 246.82 121.93 13.62 3.10 637.1
1999 6 24 12 51183.3 0.121 257.42 121.93 14.24 3.12 616.4
1999 6 25 12 51173.3 1.127 255.50 121.93 12.18 0.13 561.6
1999 6 26 12 51160.8 2.052 233.72 121.93 11.51 -1.63 554.9
1999 6 27 12 51146.1 0.309 272.34 121.93 14.37 2.36 643.7
1999 6 28 12 51128.9 1.371 275.23 121.93 10.66 -1.81 625.7
1999 6 29 12 51109.4 4.999 249.58 121.93 12.28 0.30 555.2
1999 6 30 12 51087.6 0.971 274.33 121.93 12.97 1.77 645.4
1999 7 1 12 51063.4 1.010 234.88 121.93 11.05 -0.28 572.6
1999 7 2 12 51036.9 0.090 258.73 121.93 11.46 1.55 637.6
1999 7 3 12 51008.1 0.234 256.19 121.93 11.40 0.39 591.2
1999 7 4 12 50976.9 0.361 259.09 121.93 14.66 4.79 726.8
1999 7 5 12 50943.5 1.717 258.67 121.93 15.46 4.63 723.5
1999 7 6 12 50907.8 0.296 255.92 121.93 12.81 2.28 642.2
1999 7 7 12 50869.7 1.405 250.88 121.93 12.29 0.60 655.2
1999 7 8 12 50829.4 0.382 254.66 121.93 11.83 -0.43 614.3
1999 7 9 12 50786.9 0.087 276.32 121.93 12.78 1.02 662.2
1999 7 10 12 50742.1 1.769 246.74 121.93 11.99 0.58 610.3
1999 7 11 12 50695.1 0.579 288.78 121.93 12.70 0.80 644.6
1999 7 12 12 50645.8 1.416 244.93 121.93 13.50 1.30 602.9
1999 7 13 12 50594.3 0.076 257.54 121.93 12.30 1.23 598.6
1999 7 14 12 50540.7 0.964 261.97 121.93 12.65 0.44 674.2
1999 7 15 12 50484.8 0.183 248.47 121.93 12.67 0.05 568.3
1999 7 16 12 50426.8 0.921 273.00 121.93 12.49 0.19 590.8
1999 7 17 12 50366.7 0.927 259.85 121.93 12.32 0.73 557.7
1999 7 18 12 50304.5 0.798 247.97 121.93 14.13 1.94 613.5
1999 7 19 12 50240.1 2.052 270.97 121.93 10.34 -1.24 545.3
1999 7 20 12 50173.7 1.126 234.50 121.93 15.36 4.44 668.7
1999 7 21 12 50105.1 3.533 240.57 121.93 13.20 2.26 654.2
1999 7 22 12 50034.6 0.504 256.78 121.93 13.91 1.98 655.8
1999 7 23 12 49962.0 0.117 259.64 121.93 14.07 1.63 602.4
1999 7 24 12 49887.4 0.326 251.71 121.93 11.91 0.05 577.4
1999 7 25 12 49810.8 0.517 244.20 121.93 11.59 0.71 646.8
1999 7 26 12 49732.3 3.512 241.55 121.93 11.39 0.70 665.2
1999 7 27 12 49651.8 0.742 261.49 121.93 12.55 1.43 666.3
1999 7 28 12 49569.5 1.860 247.30 121.93 13.94 3.50 620.7
1999 7 29 12 49485.2 0.413 229.77 121.93 11.99 1.97 675.1
1999 7 30 12 49399.1 0.350 228.04 121.93 13.74 1.96 694.7
1999 7 31 12 49311.1 0.054 263.81 121.93 9.24 -0.97 529.8
1999 8 1 12 49221.3 3.161 229.43 121.93 12.18 0.57 643.9
1999 8 2 12 49129.8 2.267 243.39 121.93 14.46 3.88 684.3
1999 8 3 12 49036.5 0.809 258.63 121.93 12.41 1.58 621.7
1999 8 4 12 48941.4 0.486 245.55 121.93 11.37 -1.61 571.0
1999 8 5 12 48844.7 0.690 225.08 121.93 11.58 -0.60 601.4
1999 8 6 12 48746.2 0.091 220.23 121.93 7.96 -4.41 546.4
1999 8 7 12 48646.2 0.987 262.51 121.93 10.93 -1.90 595.2
1999 8 8 12 48544.5 1.980 217.83 121.93 13.97 3.27 620.2
1999 8 9 12 48441.3 2.047 224.11 121.93 11.44 1.69 614.4
1999 8 10 12 48336.4 0.053 236.95 121.93 11.55 -0.06 601.6
1999 8 11 12 48230.1 1.581 227.02 121.93 8.67 -2.05 606.3
1999 8 12 12 48122.3 0.087 237.83 121.93 9.65 -0.57 506.8
1999 8 13 12 48013.0 0.007 206.11 121.93 13.80 2.56 632.9
1999 8 14 12 47902.3 1.599 223.87 121.93 12.85 1.43 582.8
1999 8 15 12 47790.2 0.316 236.07 121.93 9.89 -1.70 524.9
1999 8 16 12 47676.7 1.392 234.98 121.93 10.80 -0.17 626.3
1999 8 17 12 47561.9 1.277 215.03 121.93 11.61 0.91 602.3
1999 8 18 12 47445.8 1.130 207.13 121.93 9.77 -1.26 504.7
1999 8 19 12 47328.5 0.615 224.49 121.93 8.45 -2.60 543.2
1999 8 20 12 47209.9 0.101 200.41 121.93 11.12 -0.32 654.6
1999 8 21 12 47090.2 0.404 238.17 121.93 12.11 -0.56 534.5
1999 8 22 12 46969.3 1.935 220.05 121.93 12.03 1.35 643.0
1999 8 23 12 46847.3 1.393 206.02 121.93 12.34 -0.08 645.4
1999 8 24 12 46724.2 0.428 199.42 121.93 8.59 -2.32 552.1
1999 8 25 12 46600.0 0.422 204.50 121.93 10.89 0.09 659.6
1999 8 26 12 46474.8 1.027 189.32 121.93 10.28 -2.04 539.5
1999 8 27 12 46348.7 0.658 218.91 121.93 10.42 -1.46 614.1
1999 8 28 12 46221.7 0.455 198.17 121.93 10.11 0.41 644.4
1999 8 29 12 46093.7 0.953 214.93 121.93 9.31 -2.16 555.9
1999 8 30 12 45964.9 0.926 215.71 121.93 5.64 -6.74 420.7
1999 8 31 12 45835.3 0.263 220.84 121.93 11.77 1.02 590.3
1999 9 1 12 45704.9 0.809 208.83 121.93 10.39 -1.63 497.1
1999 9 2 12 45573.7 0.885 220.62 121.93 7.53 -5.41 509.7
1999 9 3 12 45441.8 0.578 223.21 121.93 10.32 -0.66 601.0
1999 9 4 12 45309.3 0.232 204.97 121.93 8.80 -3.34 535.6
1999 9 5 12 45176.2 0.405 204.54 121.93 8.69 -2.45 547.3
1999 9 6 12 45042.4 0.175 190.06 121.93 8.02 -4.03 560.1
1999 9 7 12 44908.2 0.864 182.27 121.93 9.82 -1.01 588.7
1999 9 8 12 44773.4 0.053 214.96 121.93 7.66 -3.59 511.5
1999 9 9 12 44638.1 2.260 203.47 121.93 7.06 -6.41 476.2
1999 9 10 12 44502.5 1.904 203.33 121.93 10.24 -0.85 644.4
1999 9 11 12 44366.4 0.970 182.80 121.93 8.12 -3.52 548.3
1999 9 12 12 44230.0 1.463 214.66 121.93 8.00 -2.27 542.9
1999 9 13 12 44093.3 1.392 185.50 121.93 9.09 -1.99 558.8
1999 9 14 12 43956.3 0.755 175.54 121.93 6.88 -3.91 535.7
1999 9 15 12 43819.1 0.535 177.59 121.93 7.01 -4.96 488.3
1999 9 16 12 43681.7 0.475 208.38 121.93 8.00 -4.03 504.1
1999 9 17 12 43544.2 0.250 166.78 121.93 5.06 -6.36 472.4
1999 9 18 12 43406.5 0.260 170.80 121.93 7.52 -4.16 562.3
1999 9 19 12 43268.9 1.715 224.17 121.93 5.88 -4.45 534.8
1999 9 20 12 43131.1 1.596 193.43 121.93 8.12 -3.40 519.6
1999 9 21 12 42993.5 0.541 166.94 121.93 7.47 -4.91 528.0
1999 9 22 12 42855.8 1.224 160.34 121.93 7.09 -4.97 500.9
1999 9 23 12 42718.3 1.398 150.09 121.93 3.88 -6.75 475.3
1999 9 24 12 42580.9 0.119 175.27 121.93 5.94 -5.59 495.8
1999 9 25 12 42443.7 2.417 183.36 121.93 4.15 -7.43 388.1
1999 9 26 12 42306.7 1.459 193.85 121.93 5.67 -4.88 410.9
1999 9 27 12 42170.0 1.212 141.29 121.93 2.06 -10.07 405.4
1999 9 28 12 42033.6 1.514 148.46 121.93 3.03 -10.16 371.2
1999 9 29 12 41897.5 1.109 165.18 121.93 6.93 -5.15 447.8
1999 9 30 12 41761.9 0.743 207.43 121.93 5.51 -5.70 461.3
1999 10 1 12 41626.6 0.961 177.55 121.93 4.23 -7.37 480.3
1999 10 2 12 41491.8 0.114 168.51 121.93 3.20 -9.45 421.7
1999 10 3 12 41357.6 4.273 143.20 121.93 2.74 -7.85 466.1
1999 10 4 12 41223.8 0.776 128.44 121.93 4.46 -6.80 477.5
1999 10 5 12 41090.7 4.350 159.49 121.93 3.45 -7.64 419.6
1999 10 6 12 40958.2 1.058 156.09 121.93 6.08 -4.98 523.7
1999 10 7 12 40826.3 0.453 152.25 121.93 3.29 -9.15 434.5
1999 10 8 12 40695.1 2.882 149.24 121.93 3.45 -7.71 442.3
1999 10 9 12 40564.7 1.404 142.42 121.93 1.07 -9.60 409.8
1999 10 10 12 40435.1 6.190 137.69 121.93 2.41 -8.08 462.3
1999 10 11 12 40306.3 0.467 171.91 121.93 3.02 -7.81 421.4
1999 10 12 12 40178.3 3.181 136.49 121.93 1.99 -9.00 452.6
1999 10 13 12 40051.3 3.378 144.37 121.93 1.61 -11.18 393.4
1999 10 14 12 39925.2 2.083 146.67 121.93 2.62 -8.79 424.3
1999 10 15 12 39800.0 3.512 156.59 121.93 4.20 -7.96 486.6
1999 10 16 12 39675.8 0.963 131.98 121.93 1.94 -8.43 392.5
1999 10 17 12 39552.7 0.391 158.20 121.93 3.23 -7.26 440.9
1999 10 18 12 39430.7 0.602 133.61 121.93 2.24 -9.92 381.2
1999 10 19 12 39309.8 1.211 138.67 121.93 2.73 -8.71 436.6
1999 10 20 12 39190.1 2.398 164.55 121.93 -0.02 -11.22 411.1
1999 10 21 12 39071.5 0.457 124.18 121.93 0.38 -10.30 364.5
1999 10 22 12 38954.2 0.818 148.36 121.93 0.18 -12.56 447.9
1999 10 23 12 38838.1 0.523 151.45 121.93 1.10 -12.07 338.7
1999 10 24 12 38723.3 2.972 139.88 121.93 1.26 -10.11 408.6
1999 10 25 12 38609.8 5.927 132.34 121.93 0.05 -13.37 332.6
1999 10 26 12 38497.7 0.351 164.86 121.93 0.98 -10.30 395.4
1999 10 27 12 38387.0 2.197 131.66 121.93 -1.39 -12.32 329.9
1999 10 28 12 38277.7 3.512 133.84 121.93 0.58 -9.83 435.4
1999 10 29 12 38169.9 1.068 124.65 121.93 0.57 -11.33 347.8
1999 10 30 12 38063.6 0.194 130.90 121.93 -0.14 -11.41 318.7
1999 10 31 12 37958.7 4.091 142.05 121.93 -1.16 -12.04 325.6
1999 11 1 12 37855.5 0.179 122.43 121.93 -0.49 -12.83 386.7
1999 11 2 12 37753.8 5.299 93.91 121.93 -3.10 -13.77 362.1
1999 11 3 12 37653.8 0.599 132.24 121.93 -1.67 -12.85 282.8
1999 11 4 12 37555.3 0.140 107.38 121.93 -1.71 -13.60 352.5
1999 11 5 12 37458.6 0.863 133.71 121.93 -4.36 -15.64 227.7
1999 11 6 12 37363.5 1.458 121.62 121.93 -1.85 -13.36 332.0
1999 11 7 12 37270.2 1.822 134.85 121.93 -4.63 -15.41 255.6
1999 11 8 12 37178.7 2.821 105.56 121.93 -3.59 -15.28 321.1
1999 11 9 12 37088.9 2.046 110.86 121.93 -3.09 -14.31 330.5
1999 11 10 12 37000.9 6.986 112.91 121.93 -4.44 -16.33 302.7
1999 11 11 12 36914.8 1.485 94.91 121.93 -3.41 -15.56 280.0
1999 11 12 12 36830.5 2.243 132.98 121.93 -3.62 -14.89 296.5
1999 11 13 12 36748.2 2.091 91.10 121.93 -5.14 -17.26 209.8
1999 11 14 12 36667.7 0.125 131.14 121.93 -3.25 -14.01 288.9
1999 11 15 12 36589.2 0.347 120.26 121.93 -5.43 -16.36 301.3
1999 11 16 12 36512.6 1.821 110.14 121.93 -1.04 -13.05 350.0
1999 11 17 12 36438.0 2.683 117.56 121.93 -4.82 -16.05 282.2
1999 11 18 12 36365.4 0.047 116.42 121.93 -6.59 -18.61 265.7
1999 11 19 12 36294.9 8.143 104.94 121.93 -6.49 -19.17 177.5
1999 11 20 12 36226.3 3.002 114.74 121.93 -3.47 -15.35 314.6
1999 11 21 12 36159.9 1.826 120.57 121.93 -5.98 -17.42 216.2
1999 11 22 12 36095.5 2.944 94.79 121.93 -7.59 -18.57 272.9
1999 11 23 12 36033.3 1.017 113.53 121.93 -4.43 -15.71 302.0
1999 11 24 12 35973.2 2.289 68.34 121.93 -6.51 -17.18 285.3
1999 11 25 12 35915.2 2.698 78.21 121.93 -5.07 -17.26 233.8
1999 11 26 12 35859.3 5.811 115.06 121.93 -4.82 -16.52 335.1
1999 11 27 12 35805.7 1.640 99.79 121.93 -5.97 -16.06 338.8
1999 11 28 12 35754.2 0.266 92.74 121.93 -2.95 -15.90 295.0
1999 11 29 12 35704.9 0.679 104.25 121.93 -9.29 -21.05 214.2
1999 11 30 12 35657.9 1.549 98.64 121.93 -8.09 -20.35 184.0
1999 12 1 12 35613.1 0.332 89.30 121.93 -7.40 -18.96 182.8
1999 12 2 12 35570.6 0.600 79.12 121.93 -3.78 -15.53 313.4
1999 12 3 12 35530.3 0.718 73.78 121.93 -4.62 -15.54 261.6
1999 12 4 12 35492.2 1.496 114.00 121.93 -5.53 -16.73 304.7
1999 12 5 12 35456.5 3.507 96.23 121.93 -8.80 -21.25 206.5
1999 12 6 12 35423.1 1.446 116.77 121.93 -8.77 -20.64 194.2
1999 12 7 12 35391.9 3.808 95.43 121.93 -9.14 -20.54 194.6
1999 12 8 12 35363.1 2.201 106.96 121.93 -9.21 -20.02 229.4
1999 12 9 12 35336.6 0.676 99.48 121.93 -5.93 -15.38 300.6
1999 12 10 12 35312.4 3.210 101.79 121.93 -8.66 -19.50 197.8
1999 12 11 12 35290.6 2.772 102.30 121.93 -8.60 -20.81 138.5
1999 12 12 12 35271.1 4.093 94.03 121.93 -7.39 -18.87 251.4
1999 12 13 12 35253.9 4.941 82.10 121.93 -11.17 -22.43 162.4
1999 12 14 12 35239.2 7.164 111.88 121.93 -8.72 -20.54 272.0
1999 12 15 12 35226.7 3.977 124.17 121.93 -10.56 -21.59 165.4
1999 12 16 12 35216.7 2.805 125.05 121.93 -9.47 -22.69 155.3
1999 12 17 12 35209.0 4.296 91.79 121.93 -10.02 -20.98 190.2
1999 12 18 12 35203.6 1.436 89.04 121.93 -10.21 -21.99 179.7
1999 12 19 12 35200.7 1.323 91.69 121.93 -9.02 -20.51 160.9
1999 12 20 12 35200.1 8.424 97.36 121.93 -9.13 -19.36 210.6
1999 12 21 12 35201.9 1.298 99.23 121.93 -9.89 -22.30 178.8
1999 12 22 12 35206.0 0.884 85.09 121.93 -9.10 -20.28 184.4
1999 12 23 12 35212.5 4.247 77.93 121.93 -11.05 -21.82 187.3
1999 12 24 12 35221.4 1.521 100.96 121.93 -8.82 -20.08 201.3
1999 12 25 12 35232.6 5.406 47.37 121.93 -10.24 -22.93 153.5
1999 12 26 12 35246.3 7.410 98.95 121.93 -10.74 -21.06 213.4
1999 12 27 12 35262.2 1.099 86.45 121.93 -11.28 -22.85 136.1
1999 12 28 12 35280.5 4.911 112.51 121.93 -10.53 -22.35 109.4
1999 12 29 12 35301.2 1.337 116.73 121.93 -7.44 -19.09 210.3
1999 12 30 12 35324.2 2.065 117.31 121.93 -10.41 -22.11 133.0
1999 12 31 12 35349.5 3.635 96.30 121.93 -12.10 -24.45 50.0
2000 1 1 12 35377.2 1.461 84.74 121.93 -9.07 -20.33 190.1
2000 1 2 12 35407.2 3.367 89.85 121.93 -11.21 -23.09 144.2
2000 1 3 12 35439.5 2.317 106.71 121.93 -10.14 -21.00 210.6
2000 1 4 12 35474.1 5.903 78.05 121.93 -11.52 -22.51 115.6
2000 1 5 12 35511.0 5.952 124.01 121.93 -8.74 -18.84 225.8
2000 1 6 12 35550.1 1.516 98.54 121.93 -11.60 -23.17 170.5
2000 1 7 12 35591.5 3.880 111.42 121.93 -8.66 -20.70 168.7
2000 1 8 12 35635.2 6.888 77.63 121.93 -12.37 -24.94 117.2
2000 1 9 12 35681.2 0.794 90.92 121.93 -11.27 -20.92 229.6
2000 1 10 12 35729.3 2.398 76.71 121.93 -8.76 -19.63 151.4
2000 1 11 12 35779.7 3.801 121.11 121.93 -10.64 -22.60 156.3
2000 1 12 12 35832.2 0.758 103.92 121.93 -7.51 -17.56 283.7
2000 1 13 12 35887.0 1.806 115.44 121.93 -11.34 -21.66 156.3
2000 1 14 12 35943.9 11.617 108.39 121.93 -10.57 -23.06 180.5
2000 1 15 12 36003.0 1.515 115.06 121.93 -8.12 -20.12 216.6
2000 1 16 12 36064.1 1.733 103.58 121.93 -13.26 -24.76 157.8
2000 1 17 12 36127.5 4.894 106.22 121.93 -13.45 -25.71 103.3
2000 1 18 12 36192.9 0.649 108.55 121.93 -12.19 -23.67 182.2
2000 1 19 12 36260.3 2.563 116.69 121.93 -9.78 -20.61 196.8
2000 1 20 12 36329.9 1.065 117.78 121.93 -13.41 -25.91 50.0
2000 1 21 12 36401.5 3.709 154.19 121.93 -10.10 -21.26 155.8
2000 1 22 12 36475.1 3.234 137.97 121.93 -10.19 -20.66 217.4
2000 1 23 12 36550.6 4.120 86.82 121.93 -7.95 -19.03 249.4
2000 1 24 12 36628.2 1.951 112.14 121.93 -9.38 -20.84 173.8
2000 1 25 12 36707.7 2.101 108.99 121.93 -10.38 -22.32 207.7
2000 1 26 12 36789.1 1.696 135.09 121.93 -8.87 -19.60 197.3
2000 1 27 12 36872.4 2.604 111.99 121.93 -10.07 -22.41 165.6
2000 1 28 12 36957.6 10.591 124.54 121.93 -11.54 -22.74 158.1
2000 1 29 12 37044.7 6.800 83.39 121.93 -12.53 -23.91 81.9
2000 1 30 12 37133.6 2.625 96.63 121.93 -11.63 -22.13 154.1
2000 1 31 12 37224.2 1.937 151.63 121.93 -10.79 -22.66 218.2
2000 2 1 12 37316.7 6.300 121.92 121.93 -10.43 -22.22 127.8
2000 2 2 12 37410.8 3.615 107.13 121.93 -13.84 -26.24 94.0
2000 2 3 12 37506.7 0.794 126.71 121.93 -10.92 -21.97 126.0
2000 2 4 12 37604.3 2.340 108.25 121.93 -10.49 -22.23 127.4
2000 2 5 12 37703.6 9.882 120.79 121.93 -9.65 -21.74 122.7
2000 2 6 12 37804.5 5.034 104.26 121.93 -7.97 -19.99 228.5
2000 2 7 12 37906.9 1.994 115.24 121.93 -10.07 -21.04 153.1
2000 2 8 12 38011.0 0.370 121.86 121.93 -11.64 -23.92 159.5
2000 2 9 12 38116.5 3.894 145.98 121.93 -12.93 -25.14 81.2
2000 2 10 12 38223.6 3.158 137.20 121.93 -9.10 -19.78 208.2
2000 2 11 12 38332.2 2.606 140.90 121.93 -11.36 -22.89 154.6
2000 2 12 12 38442.2 6.503 132.04 121.93 -8.67 -19.30 165.4
2000 2 13 12 38553.6 5.150 145.88 121.93 -7.79 -19.48 216.6
2000 2 14 12 38666.4 0.396 121.56 121.93 -12.11 -23.51 140.2
2000 2 15 12 38780.5 3.196 124.81 121.93 -8.87 -20.15 231.2
2000 2 16 12 38896.0 0.592 143.07 121.93 -7.67 -17.96 212.0
2000 2 17 12 39012.7 1.809 133.94 121.93 -7.98 -18.34 208.7
2000 2 18 12 39130.6 0.525 139.10 121.93 -12.55 -23.03 159.2
2000 2 19 12 39249.8 0.556 138.04 121.93 -10.59 -22.49 192.6
2000 2 20 12 39370.1 4.420 160.50 121.93 -11.12 -23.31 116.1
2000 2 21 12 39491.6 4.012 162.50 121.93 -8.30 -19.09 181.1
2000 2 22 12 39614.2 2.967 134.75 121.93 -8.35 -18.65 217.4
2000 2 23 12 39737.8 1.632 118.98 121.93 -12.90 -23.37 102.1
2000 2 24 12 39862.5 0.464 135.95 121.93 -9.19 -20.58 200.3
2000 2 25 12 39988.1 1.822 134.43 121.93 -7.42 -18.23 202.9
2000 2 26 12 40114.7 4.028 161.62 121.93 -8.27 -19.07 247.7
2000 2 27 12 40242.2 3.937 164.23 121.93 -8.14 -19.42 217.9
2000 2 28 12 40370.6 9.886 136.24 121.93 -8.78 -20.03 229.6
2000 2 29 12 40499.8 8.722 141.68 121.93 -9.69 -21.01 107.1
2000 3 1 12 40629.8 3.082 132.11 121.93 -7.99 -20.02 146.9
2000 3 2 12 40760.6 1.794 157.62 121.93 -7.75 -19.70 244.9
2000 3 3 12 40892.1 1.175 156.25 121.93 -6.76 -18.72 204.0
2000 3 4 12 41024.3 0.349 170.08 121.93 -6.50 -19.17 172.5
2000 3 5 12 41157.2 0.695 167.03 121.93 -7.26 -18.55 222.9
2000 3 6 12 41290.6 4.001 170.06 121.93 -5.60 -17.03 266.6
2000 3 7 12 41424.6 5.459 139.12 121.93 -7.66 -18.45 226.3
2000 3 8 12 41559.2 2.221 154.20 121.93 -9.11 -19.50 224.1
2000 3 9 12 41694.2 18.965 179.18 121.93 -6.07 -16.41 281.8
2000 3 10 12 41829.7 0.699 158.22 121.93 -6.44 -16.70 274.4
2000 3 11 12 41965.5 0.286 143.24 121.93 -5.72 -17.72 286.0
2000 3 12 12 42101.8 18.596 181.14 121.93 -8.20 -20.74 184.7
2000 3 13 12 42238.3 0.418 161.72 121.93 -3.45 -14.11 316.6
2000 3 14 12 42375.2 2.161 187.69 121.93 -4.90 -15.20 320.1
2000 3 15 12 42512.3 1.278 172.85 121.93 -6.23 -16.39 288.8
2000 3 16 12 42649.6 4.207 170.34 121.93 -7.03 -18.04 212.0
2000 3 17 12 42787.0 1.967 196.32 121.93 -3.84 -16.84 260.5
2000 3 18 12 42924.6 5.342 157.71 121.93 -6.93 -18.04 252.3
2000 3 19 12 43062.3 6.422 200.14 121.93 -1.71 -12.67 329.0
2000 3 20 12 43200.0 0.331 170.41 121.93 -5.85 -16.24 259.0
2000 3 21 12 43337.7 1.082 183.81 121.93 -2.16 -12.42 309.8
2000 3 22 12 43475.4 5.695 185.33 121.93 -4.84 -15.51 203.3
2000 3 23 12 43613.0 7.491 177.72 121.93 -2.01 -13.88 311.2
2000 3 24 12 43750.4 3.423 174.07 121.93 -5.30 -17.52 253.4
2000 3 25 12 43887.7 4.380 181.33 121.93 -3.98 -14.95 268.1
2000 3 26 12 44024.8 9.805 173.03 121.93 -2.61 -14.64 348.4
2000 3 27 12 44161.7 1.929 219.05 121.93 -2.63 -12.85 311.5
2000 3 28 12 44298.2 3.334 183.77 121.93 -1.79 -14.55 336.4
2000 3 29 12 44434.5 8.124 209.73 121.93 -3.98 -14.92 314.1
2000 3 30 12 44570.3 8.523 209.11 121.93 -2.92 -14.07 383.9
2000 3 31 12 44705.8 2.524 200.50 121.93 -0.98 -12.55 365.2
2000 4 1 12 44840.8 1.080 194.37 121.93 -3.72 -15.86 239.5
2000 4 2 12 44975.4 2.471 200.66 121.93 -1.60 -14.65 338.6
2000 4 3 12 45109.4 2.717 207.68 121.93 -2.59 -14.42 362.6
2000 4 4 12 45242.8 1.014 201.94 121.93 -1.76 -13.57 275.5
2000 4 5 12 45375.7 1.217 178.26 121.93 -1.74 -12.25 374.2
2000 4 6 12 45507.9 8.250 175.80 121.93 -2.85 -14.87 328.4
2000 4 7 12 45639.4 4.310 227.03 121.93 -1.85 -12.89 335.8
2000 4 8 12 45770.2 1.968 166.18 121.93 -1.04 -13.48 257.8
2000 4 9 12 45900.2 0.683 209.94 121.93 -1.21 -12.23 346.6
2000 4 10 12 46029.4 1.202 204.77 121.93 1.51 -11.68 348.9
2000 4 11 12 46157.8 0.216 211.99 121.93 0.87 -8.86 468.8
2000 4 12 12 46285.3 3.205 193.75 121.93 -0.01 -11.52 366.9
2000 4 13 12 46411.9 1.101 217.38 121.93 -1.38 -15.02 287.3
2000 4 14 12 46537.5 3.417 216.47 121.93 -1.27 -13.24 317.6
2000 4 15 12 46662.2 5.017 256.04 121.93 3.14 -8.97 430.5
2000 4 16 12 46785.8 3.422 217.81 121.93 -1.13 -13.06 340.5
2000 4 17 12 46908.4 1.616 237.31 121.93 0.76 -10.93 357.6
2000 4 18 12 47029.9 0.872 195.82 121.93 1.33 -10.60 396.0
2000 4 19 12 47150.2 0.513 234.80 121.93 0.53 -11.52 352.9
2000 4 20 12 47269.4 6.960 224.09 121.93 -0.30 -12.62 269.8
2000 4 21 12 47387.3 3.169 225.92 121.93 0.24 -10.51 409.9
2000 4 22 12 47504.0 1.664 227.29 121.93 0.80 -9.64 424.4
2000 4 23 12 47619.5 4.196 249.79 121.93 0.76 -10.84 389.1
2000 4 24 12 47733.6 5.862 229.16 121.93 4.02 -7.39 438.9
2000 4 25 12 47846.4 1.040 214.70 121.93 2.22 -10.08 396.3
2000 4 26 12 47957.8 2.962 218.34 121.93 1.66 -9.69 430.9
2000 4 27 12 48067.8 2.998 240.94 121.93 2.81 -8.41 412.9
2000 4 28 12 48176.4 7.767 236.48 121.93 3.85 -7.72 471.4
2000 4 29 12 48283.5 1.551 207.88 121.93 2.54 -8.54 384.9
2000 4 30 12 48389.0 0.758 239.61 121.93 4.61 -6.54 474.2
2000 5 1 12 48493.1 3.158 216.70 121.93 1.55 -10.69 387.0
2000 5 2 12 48595.5 4.203 240.53 121.93 5.42 -5.03 529.6
2000 5 3 12 48696.4 2.574 222.88 121.93 3.85 -7.72 418.1
2000 5 4 12 48795.7 7.801 231.73 121.93 3.99 -6.07 454.4
2000 5 5 12 48893.3 1.467 228.76 121.93 3.22 -7.84 401.4
2000 5 6 12 48989.2 2.568 260.68 121.93 2.62 -7.20 438.9
2000 5 7 12 49083.3 0.283 244.86 121.93 2.16 -8.30 441.6
2000 5 8 12 49175.8 0.653 258.67 121.93 3.71 -7.51 395.9
2000 5 9 12 49266.4 0.929 284.09 121.93 5.93 -6.05 465.8
2000 5 10 12 49355.3 1.674 242.26 121.93 3.80 -8.16 455.1
2000 5 11 12 49442.4 0.354 264.95 121.93 3.11 -7.86 439.7
2000 5 12 12 49527.6 3.508 232.78 121.93 4.26 -7.02 461.8
2000 5 13 12 49610.9 0.796 262.93 121.93 5.24 -6.63 422.2
2000 5 14 12 49692.3 11.072 232.81 121.93 5.49 -5.25 492.1
2000 5 15 12 49771.8 0.815 245.44 121.93 6.00 -5.37 493.5
2000 5 16 12 49849.4 2.093 254.55 121.93 7.93 -2.80 539.1
2000 5 17 12 49924.9 1.816 257.66 121.93 8.44 -3.74 529.7
2000 5 18 12 49998.5 0.523 228.90 121.93 9.75 -0.85 573.8
2000 5 19 12 50070.1 1.531 235.70 121.93 4.49 -6.51 456.1
2000 5 20 12 50139.7 1.494 258.57 121.93 5.82 -4.62 476.4
2000 5 21 12 50207.1 4.121 244.56 121.93 8.33 -2.29 583.4
2000 5 22 12 50272.5 2.654 229.77 121.93 6.78 -4.69 469.3
2000 5 23 12 50335.9 3.074 250.29 121.93 8.92 -2.61 552.5
2000 5 24 12 50397.0 3.906 250.19 121.93 8.11 -1.86 617.1
2000 5 25 12 50456.1 3.048 255.21 121.93 10.34 -1.29 607.2
2000 5 26 12 50513.0 2.183 261.07 121.93 9.70 -1.10 593.3
2000 5 27 12 50567.8 0.755 260.66 121.93 9.89 -1.81 571.3
2000 5 28 12 50620.3 2.000 242.68 121.93 7.85 -5.04 495.3
2000 5 29 12 50670.7 0.573 248.54 121.93 8.48 -3.90 494.9
2000 5 30 12 50718.8 1.458 269.11 121.93 8.33 -2.75 537.4
2000 5 31 12 50764.8 1.248 247.50 121.93 6.68 -4.16 534.1
2000 6 1 12 50808.5 1.319 250.16 121.93 11.30 0.23 616.3
2000 6 2 12 50849.9 0.280 233.93 121.93 10.36 -0.12 621.3
2000 6 3 12 50889.0 0.971 256.46 121.93 8.88 -2.21 592.4
2000 6 4 12 50925.9 4.128 262.44 121.93 11.50 -0.52 584.8
2000 6 5 12 50960.5 1.624 227.97 121.93 8.74 -2.19 562.0
2000 6 6 12 50992.8 3.773 241.87 121.93 7.07 -4.20 459.1
2000 6 7 12 51022.8 0.514 236.90 121.93 11.47 -0.39 660.0
2000 6 8 12 51050.5 0.857 270.33 121.93 8.18 -2.84 530.8
2000 6 9 12 51075.8 8.471 230.07 121.93 9.94 -1.40 591.6
2000 6 10 12 51098.8 0.534 257.81 121.93 10.67 -1.21 563.3
2000 6 11 12 51119.5 2.366 269.96 121.93 11.07 -0.47 577.4
2000 6 12 12 51137.8 2.330 262.20 121.93 11.89 1.62 625.3
2000 6 13 12 51153.7 2.070 252.94 121.93 11.61 1.31 588.9
2000 6 14 12 51167.4 2.294 264.87 121.93 11.68 0.43 534.3
2000 6 15 12 51178.6 0.488 275.34 121.93 9.79 -1.57 603.5
2000 6 16 12 51187.5 0.856 258.26 121.93 11.53 -1.02 596.0
2000 6 17 12 51194.0 4.489 226.36 121.93 8.94 -1.09 550.8
2000 6 18 12 51198.1 2.152 277.20 121.93 13.65 3.08 675.1
2000 6 19 12 51199.9 0.560 266.00 121.93 9.31 -1.49 594.9
2000 6 20 12 51199.3 0.433 259.50 121.93 10.99 -2.23 534.6
2000 6 21 12 51196.4 3.291 230.26 121.93 9.63 -1.74 577.6
2000 6 22 12 51191.0 0.489 255.44 121.93 10.61 -0.89 612.3
2000 6 23 12 51183.3 0.525 246.70 121.93 11.82 0.96 576.1
2000 6 24 12 51173.3 0.301 241.49 121.93 11.09 -0.67 602.6
2000 6 25 12 51160.8 2.279 257.56 121.93 13.69 2.10 652.9
2000 6 26 12 51146.1 2.783 251.42 121.93 12.39 1.49 686.2
2000 6 27 12 51128.9 0.855 252.24 121.93 11.44 -0.58 605.1
2000 6 28 12 51109.4 2.713 270.19 121.93 12.01 0.15 590.6
2000 6 29 12 51087.6 1.499 262.71 121.93 14.11 2.86 648.4
2000 6 30 12 51063.4 0.250 251.20 121.93 13.71 3.38 728.3
2000 7 1 12 51036.9 3.406 249.03 121.93 10.70 -0.05 588.4
2000 7 2 12 51008.1 0.261 251.26 121.93 11.45 0.91 635.9
2000 7 3 12 50976.9 0.840 254.06 121.93 13.25 1.90 630.8
2000 7 4 12 50943.5 0.768 266.20 121.93 13.12 2.91 690.7
2000 7 5 12 50907.8 0.616 241.44 121.93 11.07 -1.73 599.4
2000 7 6 12 50869.7 0.037 278.57 121.93 13.81 4.03 679.9
2000 7 7 12 50829.4 4.665 265.07 121.93 11.40 1.72 622.2
2000 7 8 12 50786.9 0.050 214.80 121.93 14.73 3.70 661.0
2000 7 9 12 50742.1 3.155 256.70 121.93 13.61 2.87 605.7
2000 7 10 12 50695.1 0.302 270.56 121.93 11.15 -0.28 597.4
2000 7 11 12 50645.8 0.444 260.29 121.93 12.09 0.52 612.8
2000 7 12 12 50594.3 2.768 247.76 121.93 12.09 0.20 579.5
2000 7 13 12 50540.7 1.325 252.49 121.93 13.17 1.73 579.6
2000 7 14 12 50484.8 0.120 255.52 121.93 12.65 1.69 640.0
2000 7 15 12 50426.8 0.114 263.81 121.93 11.25 0.19 613.7
2000 7 16 12 50366.7 1.095 230.44 121.93 10.89 1.08 633.4
2000 7 17 12 50304.5 0.201 241.97 121.93 13.81 2.49 620.2
2000 7 18 12 50240.1 1.281 274.98 121.93 13.43 0.84 628.6
2000 7 19 12 50173.7 1.384 250.23 121.93 13.16 3.07 656.1
2000 7 20 12 50105.1 0.297 271.97 121.93 13.41 1.03 646.5
2000 7 21 12 50034.6 0.406 293.13 121.93 12.07 0.22 575.1
2000 7 22 12 49962.0 1.032 240.24 121.93 13.26 2.08 676.1
2000 7 23 12 49887.4 0.268 228.91 121.93 16.78 5.72 759.6
2000 7 24 12 49810.8 0.775 242.13 121.93 14.72 2.17 646.8
2000 7 25 12 49732.3 4.402 261.81 121.93 12.51 0.51 622.3
2000 7 26 12 49651.8 1.020 263.10 121.93 12.13 -0.45 614.5
2000 7 27 12 49569.5 0.448 277.77 121.93 8.60 -2.30 523.2
2000 7 28 12 49485.2 3.675 242.30 121.93 14.47 4.01 665.7
2000 7 29 12 49399.1 1.443 249.31 121.93 14.01 1.63 638.2
2000 7 30 12 49311.1 0.173 230.43 121.93 11.98 1.38 688.3
2000 7 31 12 49221.3 0.221 202.61 121.93 10.61 -0.05 563.2
2000 8 1 12 49129.8 0.045 238.70 121.93 10.98 -0.95 630.2
2000 8 2 12 49036.5 0.876 221.06 121.93 13.33 0.35 601.1
2000 8 3 12 48941.4 3.411 247.06 121.93 12.48 0.22 603.5
2000 8 4 12 48844.7 0.464 208.23 121.93 13.60 1.72 671.0
2000 8 5 12 48746.2 1.404 224.37 121.93 12.63 2.47 710.0
2000 8 6 12 48646.2 0.410 238.48 121.93 13.89 2.40 660.7
2000 8 7 12 48544.5 0.817 239.03 121.93 12.93 0.73 649.5
2000 8 8 12 48441.3 0.515 231.70 121.93 13.56 2.27 617.9
2000 8 9 12 48336.4 0.624 259.37 121.93 9.11 -3.33 517.6
2000 8 10 12 48230.1 1.724 253.84 121.93 10.32 -0.67 546.0
2000 8 11 12 48122.3 2.451 218.96 121.93 11.54 -0.64 571.8
2000 8 12 12 48013.0 2.282 252.27 121.93 13.63 1.56 648.2
2000 8 13 12 47902.3 5.869 253.46 121.93 14.75 3.65 679.3
2000 8 14 12 47790.2 0.244 224.04 121.93 11.59 1.59 683.7
2000 8 15 12 47676.7 0.845 225.45 121.93 10.83 1.19 685.5
2000 8 16 12 47561.9 0.248 222.86 121.93 8.72 -3.51 525.8
2000 8 17 12 47445.8 1.595 212.78 121.93 12.86 0.98 599.2
2000 8 18 12 47328.5 0.158 213.10 121.93 10.64 -0.35 627.8
2000 8 19 12 47209.9 1.666 239.89 121.93 15.80 5.33 744.5
2000 8 20 12 47090.2 0.688 225.46 121.93 10.14 -2.99 553.5
2000 8 21 12 46969.3 0.510 209.38 121.93 14.30 2.97 680.6
2000 8 22 12 46847.3 0.574 202.58 121.93 12.15 0.36 623.8
2000 8 23 12 46724.2 0.119 203.87 121.93 9.37 -3.57 499.0
2000 8 24 12 46600.0 0.135 211.54 121.93 11.15 -1.32 537.0
2000 8 25 12 46474.8 0.698 226.45 121.93 11.83 -0.02 598.1
2000 8 26 12 46348.7 0.694 198.59 121.93 10.22 -1.14 571.2
2000 8 27 12 46221.7 0.259 223.74 121.93 11.68 1.09 630.1
2000 8 28 12 46093.7 0.412 211.89 121.93 11.52 0.41 604.2
2000 8 29 12 45964.9 0.903 209.79 121.93 11.06 0.42 557.3
2000 8 30 12 45835.3 0.207 221.74 121.93 10.01 -1.37 509.2
2000 8 31 12 45704.9 0.030 217.70 121.93 8.13 -3.83 545.5
2000 9 1 12 45573.7 2.076 182.67 121.93 9.64 -1.91 542.0
2000 9 2 12 45441.8 0.768 186.16 121.93 9.88 -0.97 573.7
2000 9 3 12 45309.3 0.332 197.65 121.93 6.65 -3.92 504.8
2000 9 4 12 45176.2 0.253 205.10 121.93 9.57 -1.95 533.7
2000 9 5 12 45042.4 0.212 218.89 121.93 9.02 -3.12 509.4
2000 9 6 12 44908.2 1.660 198.06 121.93 7.07 -4.06 549.4
2000 9 7 12 44773.4 0.096 221.29 121.93 8.36 -2.66 539.7
2000 9 8 12 44638.1 0.887 183.78 121.93 8.24 -2.18 575.5
2000 9 9 12 44502.5 0.894 184.96 121.93 11.44 -0.50 613.0
2000 9 10 12 44366.4 1.258 187.08 121.93 8.71 -3.22 545.1
2000 9 11 12 44230.0 0.397 178.04 121.93 9.77 -1.02 603.6
2000 9 12 12 44093.3 2.113 206.32 121.93 7.88 -3.85 523.4
2000 9 13 12 43956.3 1.333 146.02 121.93 5.07 -6.69 507.2
2000 9 14 12 43819.1 0.394 178.64 121.93 8.72 -1.67 591.2
2000 9 15 12 43681.7 0.265 202.04 121.93 6.56 -5.94 509.9
2000 9 16 12 43544.2 0.563 178.76 121.93 6.87 -2.89 514.1
2000 9 17 12 43406.5 0.393 198.16 121.93 5.61 -6.28 482.4
2000 9 18 12 43268.9 0.219 213.65 121.93 7.12 -3.58 473.3
2000 9 19 12 43131.1 0.731 180.52 121.93 8.43 -3.05 581.0
2000 9 20 12 42993.5 0.510 195.47 121.93 8.05 -3.13 518.7
2000 9 21 12 42855.8 2.846 212.85 121.93 8.85 -2.76 530.3
2000 9 22 12 42718.3 0.419 181.21 121.93 8.88 -1.84 522.2
2000 9 23 12 42580.9 0.291 173.09 121.93 3.03 -8.65 426.0
2000 9 24 12 42443.7 0.732 185.97 121.93 4.12 -7.74 437.2
2000 9 25 12 42306.7 0.959 188.83 121.93 3.01 -6.94 515.9
2000 9 26 12 42170.0 1.049 169.12 121.93 6.48 -4.90 527.9
2000 9 27 12 42033.6 1.054 161.08 121.93 4.30 -7.64 431.8
2000 9 28 12 41897.5 0.805 192.74 121.93 4.41 -8.18 386.4
2000 9 29 12 41761.9 0.756 161.56 121.93 4.63 -5.28 425.9
2000 9 30 12 41626.6 1.437 182.17 121.93 5.33 -6.51 439.0
2000 10 1 12 41491.8 0.232 166.86 121.93 2.33 -7.42 411.7
2000 10 2 12 41357.6 0.336 188.98 121.93 2.47 -8.61 438.3
2000 10 3 12 41223.8 0.083 147.50 121.93 4.17 -7.12 453.3
2000 10 4 12 41090.7 0.249 146.14 121.93 5.76 -5.50 490.5
2000 10 5 12 40958.2 2.224 170.40 121.93 3.73 -5.90 453.5
2000 10 6 12 40826.3 1.518 139.31 121.93 2.37 -10.78 389.0
2000 10 7 12 40695.1 4.029 156.70 121.93 0.14 -11.09 335.6
2000 10 8 12 40564.7 3.329 176.87 121.93 4.59 -7.03 456.8
2000 10 9 12 40435.1 1.605 125.58 121.93 1.85 -9.72 430.5
2000 10 10 12 40306.3 1.087 157.09 121.93 1.03 -10.25 384.0
2000 10 11 12 40178.3 0.973 167.96 121.93 -0.03 -11.64 380.5
2000 10 12 12 40051.3 0.019 148.12 121.93 0.18 -11.07 319.3
2000 10 13 12 39925.2 0.891 133.35 121.93 0.69 -10.73 323.8
2000 10 14 12 39800.0 0.505 142.06 121.93 1.57 -10.88 392.2
2000 10 15 12 39675.8 0.316 132.18 121.93 -0.09 -11.19 407.7
2000 10 16 12 39552.7 1.536 144.56 121.93 1.79 -9.03 412.2
2000 10 17 12 39430.7 0.830 138.16 121.93 0.94 -10.89 446.5
2000 10 18 12 39309.8 1.158 133.40 121.93 4.44 -5.47 447.3
2000 10 19 12 39190.1 0.270 146.89 121.93 -1.66 -11.99 339.8
2000 10 20 12 39071.5 2.401 162.40 121.93 0.93 -9.79 408.4
2000 10 21 12 38954.2 0.654 142.46 121.93 0.74 -9.99 414.1
2000 10 22 12 38838.1 1.602 156.54 121.93 -1.27 -12.64 329.6
2000 10 23 12 38723.3 0.744 158.92 121.93 0.21 -10.27 362.8
2000 10 24 12 38609.8 0.012 125.30 121.93 1.02 -9.12 436.1
2000 10 25 12 38497.7 1.836 137.10 121.93 -0.20 -10.95 385.0
2000 10 26 12 38387.0 1.025 125.50 121.93 1.53 -10.32 383.2
2000 10 27 12 38277.7 0.105 108.54 121.93 -4.02 -15.45 306.0
2000 10 28 12 38169.9 0.256 135.04 121.93 -2.22 -13.16 332.7
2000 10 29 12 38063.6 2.826 112.85 121.93 1.06 -9.67 402.3
2000 10 30 12 37958.7 0.122 134.85 121.93 0.01 -11.45 365.6
2000 10 31 12 37855.5 0.737 103.22 121.93 -0.75 -12.60 323.3
2000 11 1 12 37753.8 6.362 128.10 121.93 0.09 -10.05 371.4
2000 11 2 12 37653.8 2.118 100.98 121.93 -4.84 -17.10 242.3
2000 11 3 12 37555.3 2.674 133.66 121.93 -0.97 -13.12 338.5
2000 11 4 12 37458.6 0.987 116.69 121.93 -0.77 -13.23 279.3
2000 11 5 12 37363.5 0.100 114.29 121.93 -3.55 -15.70 314.3
2000 11 6 12 37270.2 1.692 137.60 121.93 1.19 -9.22 416.2
2000 11 7 12 37178.7 0.330 114.96 121.93 -2.66 -13.03 307.4
2000 11 8 12 37088.9 0.286 120.55 121.93 -6.44 -17.90 290.6
2000 11 9 12 37000.9 1.564 115.03 121.93 -2.77 -13.77 325.8
2000 11 10 12 36914.8 0.382 124.76 121.93 -4.61 -16.02 239.5
2000 11 11 12 36830.5 1.421 131.95 121.93 -1.98 -14.33 360.6
2000 11 12 12 36748.2 0.652 128.02 121.93 -3.09 -12.72 386.3
2000 11 13 12 36667.7 1.406 107.68 121.93 -5.00 -15.30 266.8
2000 11 14 12 36589.2 0.825 132.03 121.93 -2.03 -13.15 327.3
2000 11 15 12 36512.6 1.485 99.38 121.93 -3.06 -15.15 283.3
2000 11 16 12 36438.0 5.517 101.24 121.93 -5.90 -17.48 193.8
2000 11 17 12 36365.4 3.293 109.74 121.93 -5.06 -17.02 269.4
2000 11 18 12 36294.9 1.365 126.65 121.93 -4.24 -15.56 314.1
2000 11 19 12 36226.3 4.978 92.71 121.93 -5.74 -16.89 281.9
2000 11 20 12 36159.9 2.431 122.97 121.93 -5.87 -17.54 250.1
2000 11 21 12 36095.5 4.804 108.13 121.93 -5.49 -18.05 267.2
2000 11 22 12 36033.3 0.203 101.83 121.93 -7.31 -17.01 225.8
2000 11 23 12 35973.2 0.457 124.20 121.93 -9.23 -20.44 245.7
2000 11 24 12 35915.2 2.103 95.11 121.93 -5.69 -16.73 242.2
2000 11 25 12 35859.3 1.443 140.88 121.93 -9.20 -20.94 161.4
2000 11 26 12 35805.7 1.700 103.41 121.93 -7.87 -20.52 172.3
2000 11 27 12 35754.2 3.063 107.79 121.93 -9.20 -20.67 167.2
2000 11 28 12 35704.9 2.222 128.19 121.93 -9.18 -20.84 177.5
2000 11 29 12 35657.9 4.123 107.22 121.93 -6.22 -17.05 252.0
2000 11 30 12 35613.1 4.066 121.96 121.93 -7.35 -18.03 243.4
2000 12 1 12 35570.6 0.535 74.41 121.93 -7.56 -18.34 208.5
2000 12 2 12 35530.3 0.023 96.66 121.93 -9.29 -19.90 206.9
2000 12 3 12 35492.2 0.496 108.87 121.93 -8.45 -18.41 199.1
2000 12 4 12 35456.5 0.454 118.79 121.93 -7.05 -18.14 259.3
2000 12 5 12 35423.1 2.023 113.78 121.93 -7.83 -18.35 254.5
2000 12 6 12 35391.9 2.016 112.06 121.93 -6.66 -17.67 246.5
2000 12 7 12 35363.1 1.531 117.55 121.93 -6.58 -19.50 190.4
2000 12 8 12 35336.6 3.066 108.49 121.93 -8.54 -20.07 208.0
2000 12 9 12 35312.4 13.778 68.98 121.93 -11.08 -23.17 109.9
2000 12 10 12 35290.6 1.537 122.54 121.93 -9.56 -20.78 185.5
2000 12 11 12 35271.1 2.614 88.15 121.93 -8.70 -20.73 180.8
2000 12 12 12 35253.9 1.999 105.24 121.93 -9.84 -20.76 263.7
2000 12 13 12 35239.2 1.011 103.11 121.93 -10.38 -21.00 143.3
2000 12 14 12 35226.7 3.659 100.98 121.93 -8.81 -19.25 135.0
2000 12 15 12 35216.7 1.519 83.58 121.93 -5.39 -15.49 271.1
2000 12 16 12 35209.0 0.777 71.01 121.93 -9.88 -22.62 96.2
2000 12 17 12 35203.6 0.866 85.00 121.93 -9.26 -21.62 145.9
2000 12 18 12 35200.7 5.102 112.40 121.93 -11.33 -20.38 153.4
2000 12 19 12 35200.1 3.729 78.30 121.93 -7.60 -18.19 209.1
2000 12 20 12 35201.9 1.227 86.81 121.93 -8.25 -19.47 178.7
2000 12 21 12 35206.0 3.380 106.33 121.93 -8.45 -19.82 232.4
2000 12 22 12 35212.5 2.201 84.71 121.93 -7.71 -19.16 215.4
2000 12 23 12 35221.4 2.941 92.07 121.93 -10.48 -23.43 163.7
2000 12 24 12 35232.6 1.070 101.55 121.93 -10.38 -22.40 153.2
2000 12 25 12 35246.3 0.572 104.70 121.93 -7.45 -18.94 249.1
2000 12 26 12 35262.2 1.647 84.91 121.93 -9.14 -21.12 168.6
2000 12 27 12 35280.5 0.740 102.92 121.93 -13.50 -25.37 140.5
2000 12 28 12 35301.2 0.669 106.99 121.93 -9.56 -18.91 235.9
2000 12 29 12 35324.2 0.318 82.14 121.93 -11.19 -22.79 120.9
2000 12 30 12 35349.5 1.349 104.72 121.93 -9.03 -20.21 214.4
2000 12 31 12 35377.2 6.577 91.02 121.93 -9.83 -21.04 180.1
2001 1 1 12 35377.2 5.215 103.63 121.93 -13.05 -23.98 114.3
2001 1 2 12 35407.2 9.628 112.92 121.93 -10.10 -21.88 165.2
2001 1 3 12 35439.5 0.649 99.75 121.93 -10.25 -20.65 209.6
2001 1 4 12 35474.1 4.509 116.44 121.93 -10.07 -21.12 114.2
2001 1 5 12 35511.0 2.087 114.97 121.93 -9.80 -22.23 144.8
2001 1 6 12 35550.1 0.993 117.12 121.93 -8.47 -19.95 221.4
2001 1 7 12 35591.5 6.155 109.96 121.93 -10.13 -21.67 174.0
2001 1 8 12 35635.2 2.148 120.86 121.93 -10.76 -22.34 119.5
2001 1 9 12 35681.2 0.139 110.59 121.93 -9.11 -20.10 126.9
2001 1 10 12 35729.3 5.448 80.28 121.93 -7.50 -18.39 283.2
2001 1 11 12 35779.7 3.601 93.92 121.93 -9.52 -20.51 184.2
2001 1 12 12 35832.2 2.835 103.15 121.93 -10.61 -21.74 210.6
2001 1 13 12 35887.0 0.500 105.56 121.93 -10.29 -21.62 191.4
2001 1 14 12 35943.9 3.217 112.80 121.93 -10.58 -23.70 102.3
2001 1 15 12 36003.0 9.195 95.93 121.93 -10.95 -21.72 90.5
2001 1 16 12 36064.1 3.591 138.77 121.93 -7.74 -18.75 211.2
2001 1 17 12 36127.5 0.267 107.74 121.93 -12.12 -24.31 112.8
2001 1 18 12 36192.9 3.899 109.81 121.93 -9.27 -20.44 204.7
2001 1 19 12 36260.3 3.677 100.54 121.93 -11.19 -22.07 125.3
2001 1 20 12 36329.9 5.271 96.25 121.93 -13.22 -23.68 131.7
2001 1 21 12 36401.5 3.606 110.12 121.93 -11.27 -22.27 160.0
2001 1 22 12 36475.1 0.765 113.16 121.93 -11.80 -22.94 170.7
2001 1 23 12 36550.6 2.812 112.20 121.93 -10.10 -20.74 175.9
2001 1 24 12 36628.2 1.953 139.11 121.93 -10.81 -22.46 164.1
2001 1 25 12 36707.7 3.196 113.18 121.93 -12.46 -23.53 138.0
2001 1 26 12 36789.1 6.932 114.60 121.93 -8.70 -20.60 214.3
2001 1 27 12 36872.4 1.193 128.95 121.93 -9.24 -19.76 180.3
2001 1 28 12 36957.6 12.284 115.01 121.93 -8.47 -21.16 84.7
2001 1 29 12 37044.7 4.035 126.54 121.93 -10.46 -21.20 168.8
2001 1 30 12 37133.6 5.948 100.15 121.93 -10.83 -22.22 148.8
2001 1 31 12 37224.2 5.259 101.18 121.93 -9.68 -20.31 159.1
2001 2 1 12 37316.7 3.912 123.00 121.93 -11.56 -23.58 83.2
2001 2 2 12 37410.8 4.654 118.63 121.93 -10.45 -21.77 147.3
2001 2 3 12 37506.7 3.426 110.93 121.93 -10.85 -22.20 152.5
2001 2 4 12 37604.3 4.445 125.87 121.93 -12.73 -23.78 127.3
2001 2 5 12 37703.6 0.398 128.17 121.93 -10.28 -22.52 81.0
2001 2 6 12 37804.5 4.430 115.40 121.93 -11.07 -21.97 108.1
2001 2 7 12 37906.9 4.137 119.29 121.93 -10.71 -23.59 162.1
2001 2 8 12 38011.0 5.920 131.36 121.93 -9.73 -21.67 161.0
2001 2 9 12 38116.5 6.134 113.85 121.93 -8.30 -20.95 181.0
2001 2 10 12 38223.6 8.995 121.18 121.93 -11.40 -22.14 117.2
2001 2 11 12 38332.2 4.594 139.33 121.93 -10.56 -21.64 167.1
2001 2 12 12 38442.2 10.512 132.06 121.93 -11.12 -22.15 145.7
2001 2 13 12 38553.6 1.691 126.38 121.93 -11.13 -21.35 154.4
2001 2 14 12 38666.4 10.867 121.12 121.93 -10.69 -22.34 109.3
2001 2 15 12 38780.5 2.081 120.61 121.93 -10.00 -20.91 155.7
2001 2 16 12 38896.0 4.192 134.98 121.93 -8.73 -20.08 257.6
2001 2 17 12 39012.7 6.549 168.51 121.93 -9.03 -20.50 179.5
2001 2 18 12 39130.6 4.067 147.79 121.93 -10.99 -21.35 196.7
2001 2 19 12 39249.8 13.720 120.50 121.93 -7.36 -17.10 252.1
2001 2 20 12 39370.1 3.051 152.31 121.93 -7.78 -19.53 200.1
2001 2 21 12 39491.6 5.026 131.53 121.93 -10.44 -21.17 157.5
2001 2 22 12 39614.2 3.547 144.07 121.93 -7.14 -18.28 274.7
2001 2 23 12 39737.8 9.146 136.55 121.93 -8.37 -19.50 221.1
2001 2 24 12 39862.5 1.759 176.97 121.93 -8.97 -20.18 172.8
2001 2 25 12 39988.1 14.632 130.87 121.93 -8.08 -19.75 193.3
2001 2 26 12 40114.7 1.285 153.85 121.93 -8.53 -22.80 176.3
2001 2 27 12 40242.2 11.783 140.14 121.93 -7.55 -17.72 160.5
2001 2 28 12 40370.6 0.766 162.79 121.93 -7.95 -19.91 211.2
2001 3 1 12 40499.8 5.168 157.40 121.93 -8.61 -20.20 212.1
2001 3 2 12 40629.8 2.775 173.12 121.93 -11.00 -22.58 125.9
2001 3 3 12 40760.6 6.417 166.38 121.93 -7.03 -19.06 223.4
2001 3 4 12 40892.1 4.284 146.52 121.93 -8.24 -19.45 226.0
2001 3 5 12 41024.3 6.096 201.99 121.93 -6.37 -17.81 206.9
2001 3 6 12 41157.2 0.723 167.90 121.93 -6.67 -18.64 252.4
2001 3 7 12 41290.6 0.245 152.65 121.93 -7.77 -19.05 228.0
2001 3 8 12 41424.6 0.557 165.33 121.93 -5.56 -16.99 255.7
2001 3 9 12 41559.2 0.535 173.05 121.93 -6.63 -17.29 257.3
2001 3 10 12 41694.2 0.706 173.83 121.93 -6.54 -19.01 241.0
2001 3 11 12 41829.7 1.378 173.74 121.93 -6.83 -18.88 292.0
2001 3 12 12 41965.5 1.360 182.15 121.93 -3.94 -14.76 323.1
2001 3 13 12 42101.8 2.798 182.04 121.93 -7.37 -19.28 238.6
2001 3 14 12 42238.3 0.981 157.67 121.93 -6.62 -18.74 230.9
2001 3 15 12 42375.2 1.088 203.37 121.93 -7.83 -19.70 263.1
2001 3 16 12 42512.3 2.175 202.66 121.93 -4.71 -16.19 232.2
2001 3 17 12 42649.6 7.039 186.51 121.93 -6.50 -17.98 188.3
2001 3 18 12 42787.0 1.669 176.45 121.93 -6.16 -17.73 250.0
2001 3 19 12 42924.6 2.567 178.08 121.93 -6.06 -18.28 254.2
2001 3 20 12 43062.3 3.022 173.77 121.93 -5.01 -15.79 206.9
2001 3 21 12 43200.0 0.810 177.08 121.93 -6.80 -17.14 257.1
2001 3 22 12 43337.7 1.845 148.58 121.93 -8.11 -21.04 173.8
2001 3 23 12 43475.4 6.346 205.71 121.93 -3.88 -16.52 291.9
2001 3 24 12 43613.0 5.869 201.79 121.93 -7.55 -18.15 249.9
2001 3 25 12 43750.4 1.022 160.35 121.93 -2.91 -13.06 284.6
2001 3 26 12 43887.7 2.457 200.23 121.93 -1.67 -14.77 272.2
2001 3 27 12 44024.8 4.729 188.13 121.93 -4.06 -14.81 279.6
2001 3 28 12 44161.7 3.615 186.63 121.93 -1.68 -11.77 386.8
2001 3 29 12 44298.2 3.989 198.37 121.93 -3.47 -15.56 300.0
2001 3 30 12 44434.5 0.790 166.20 121.93 -0.85 -10.98 361.7
2001 3 31 12 44570.3 10.578 193.53 121.93 -3.73 -15.28 298.8
2001 4 1 12 44705.8 1.257 196.25 121.93 -6.40 -17.55 217.2
2001 4 2 12 44840.8 1.207 197.62 121.93 -2.78 -14.75 366.4
2001 4 3 12 44975.4 0.419 177.24 121.93 0.10 -10.50 407.3
2001 4 4 12 45109.4 2.127 205.80 121.93 -1.46 -12.19 379.7
2001 4 5 12 45242.8 7.161 216.33 121.93 -2.84 -12.86 384.2
2001 4 6 12 45375.7 3.435 207.87 121.93 -1.37 -11.62 398.1
2001 4 7 12 45507.9 2.279 199.64 121.93 -0.21 -11.61 368.7
2001 4 8 12 45639.4 5.136 244.73 121.93 -1.59 -10.50 384.4
2001 4 9 12 45770.2 6.862 191.83 121.93 2.68 -7.64 485.9
2001 4 10 12 45900.2 5.419 218.60 121.93 -1.83 -12.80 344.8
2001 4 11 12 46029.4 0.110 211.94 121.93 0.65 -11.55 346.6
2001 4 12 12 46157.8 5.060 239.76 121.93 0.50 -12.13 416.4
2001 4 13 12 46285.3 3.839 216.65 121.93 -1.49 -14.05 291.0
2001 4 14 12 46411.9 0.899 221.14 121.93 -0.87 -13.02 287.5
2001 4 15 12 46537.5 3.807 220.96 121.93 1.50 -8.80 453.7
2001 4 16 12 46662.2 6.737 198.75 121.93 0.39 -10.62 365.7
2001 4 17 12 46785.8 1.215 202.83 121.93 0.89 -11.00 393.0
2001 4 18 12 46908.4 5.493 212.95 121.93 -1.87 -13.38 387.0
2001 4 19 12 47029.9 3.248 232.66 121.93 1.78 -9.83 362.2
2001 4 20 12 47150.2 2.276 223.00 121.93 1.43 -9.33 412.2
2001 4 21 12 47269.4 3.079 217.59 121.93 1.11 -10.99 424.7
2001 4 22 12 47387.3 1.643 242.46 121.93 1.95 -9.17 437.1
2001 4 23 12 47504.0 3.274 193.30 121.93 1.01 -10.15 391.5
2001 4 24 12 47619.5 1.966 204.76 121.93 0.94 -11.14 448.9
2001 4 25 12 47733.6 13.585 187.89 121.93 1.67 -8.46 427.9
2001 4 26 12 47846.4 1.469 244.59 121.93 1.54 -10.10 410.0
2001 4 27 12 47957.8 0.853 226.13 121.93 5.71 -6.48 519.9
2001 4 28 12 48067.8 4.876 243.17 121.93 4.02 -6.70 495.4
2001 4 29 12 48176.4 1.655 228.12 121.93 1.40 -9.96 440.5
2001 4 30 12 48283.5 1.987 246.18 121.93 6.11 -4.96 473.7
2001 5 1 12 48389.0 1.793 229.99 121.93 2.61 -9.74 442.1
2001 5 2 12 48493.1 4.486 239.08 121.93 3.51 -7.24 460.2
2001 5 3 12 48595.5 0.527 237.91 121.93 5.01 -4.65 484.6
2001 5 4 12 48696.4 4.845 240.03 121.93 0.91 -11.50 376.6
2001 5 5 12 48795.7 3.516 261.23 121.93 3.71 -7.41 457.5
2001 5 6 12 48893.3 9.318 212.57 121.93 3.40 -8.62 483.5
2001 5 7 12 48989.2 2.499 236.87 121.93 4.77 -4.48 521.9
2001 5 8 12 49083.3 0.562 241.80 121.93 5.21 -5.19 472.7
2001 5 9 12 49175.8 2.480 240.48 121.93 4.74 -6.43 441.0
2001 5 10 12 49266.4 2.771 234.70 121.93 4.86 -7.52 448.2
2001 5 11 12 49355.3 5.924 233.53 121.93 6.84 -5.35 452.7
2001 5 12 12 49442.4 0.538 265.37 121.93 5.89 -4.91 480.3
2001 5 13 12 49527.6 0.197 242.21 121.93 5.69 -6.80 456.7
2001 5 14 12 49610.9 2.411 280.68 121.93 6.04 -6.43 458.8
2001 5 15 12 49692.3 8.843 252.85 121.93 8.76 -2.63 569.2
2001 5 16 12 49771.8 3.608 241.37 121.93 6.45 -4.84 481.0
2001 5 17 12 49849.4 3.763 254.78 121.93 5.61 -5.49 416.1
2001 5 18 12 49924.9 0.284 248.88 121.93 3.70 -8.05 388.4
2001 5 19 12 49998.5 1.923 268.12 121.93 4.59 -6.07 478.1
2001 5 20 12 50070.1 5.484 231.19 121.93 6.22 -5.86 465.1
2001 5 21 12 50139.7 2.501 222.38 121.93 6.94 -3.96 483.8
2001 5 22 12 50207.1 0.156 255.49 121.93 6.45 -4.78 563.1
2001 5 23 12 50272.5 1.801 263.26 121.93 7.98 -2.94 566.1
2001 5 24 12 50335.9 3.094 255.65 121.93 6.78 -3.68 524.7
2001 5 25 12 50397.0 3.496 262.06 121.93 6.43 -5.34 500.3
2001 5 26 12 50456.1 4.799 260.44 121.93 8.89 -3.04 531.2
2001 5 27 12 50513.0 2.418 230.92 121.93 10.19 -2.56 511.2
2001 5 28 12 50567.8 2.627 257.90 121.93 6.64 -6.37 503.4
2001 5 29 12 50620.3 1.008 273.96 121.93 8.83 -2.71 571.3
2001 5 30 12 50670.7 2.464 257.28 121.93 5.77 -5.72 426.3
2001 5 31 12 50718.8 1.591 235.54 121.93 6.57 -5.70 492.9
2001 6 1 12 50764.8 0.928 250.64 121.93 8.06 -4.04 529.3
2001 6 2 12 50808.5 7.848 264.44 121.93 10.80 0.61 602.6
2001 6 3 12 50849.9 0.786 283.43 121.93 8.08 -2.62 610.5
2001 6 4 12 50889.0 1.649 227.55 121.93 8.17 -4.24 574.9
2001 6 5 12 50925.9 1.487 262.68 121.93 9.59 -2.16 545.5
2001 6 6 12 50960.5 1.794 243.62 121.93 9.74 -1.34 566.6
2001 6 7 12 50992.8 6.915 265.54 121.93 8.65 -3.25 524.7
2001 6 8 12 51022.8 2.566 267.05 121.93 12.94 0.90 599.6
2001 6 9 12 51050.5 0.825 255.01 121.93 9.70 -1.97 533.0
2001 6 10 12 51075.8 5.036 268.23 121.93 10.40 -0.12 612.7
2001 6 11 12 51098.8 2.871 276.09 121.93 9.76 -0.69 645.0
2001 6 12 12 51119.5 0.811 256.73 121.93 11.15 -0.84 629.8
2001 6 13 12 51137.8 4.225 239.32 121.93 12.47 1.44 652.4
2001 6 14 12 51153.7 0.198 280.92 121.93 13.23 1.83 564.4
2001 6 15 12 51167.4 0.301 272.10 121.93 9.71 -2.49 494.2
2001 6 16 12 51178.6 0.098 268.24 121.93 12.63 0.99 651.7
2001 6 17 12 51187.5 0.028 249.51 121.93 11.91 -0.50 638.6
2001 6 18 12 51194.0 3.694 274.72 121.93 12.66 2.19 660.4
2001 6 19 12 51198.1 1.513 290.62 121.93 11.17 1.01 611.0
2001 6 20 12 51199.9 0.112 258.18 121.93 11.13 -0.60 628.6
2001 6 21 12 51199.3 1.153 261.41 121.93 12.91 1.00 642.5
2001 6 22 12 51196.4 2.757 243.99 121.93 13.04 2.48 683.8
2001 6 23 12 51191.0 0.467 249.12 121.93 14.05 3.63 616.8
2001 6 24 12 51183.3 0.800 243.71 121.93 12.09 -0.20 606.3
2001 6 25 12 51173.3 5.881 261.70 121.93 11.72 0.21 657.3
2001 6 26 12 51160.8 0.860 254.50 121.93 8.28 -3.17 552.5
2001 6 27 12 51146.1 0.118 265.05 121.93 9.63 -2.38 580.8
2001 6 28 12 51128.9 0.578 245.91 121.93 11.54 0.45 610.0
2001 6 29 12 51109.4 0.084 256.58 121.93 10.55 -1.41 575.1
2001 6 30 12 51087.6 1.998 244.57 121.93 13.50 1.67 675.4
2001 7 1 12 51063.4 0.338 261.45 121.93 10.38 -1.10 557.9
2001 7 2 12 51036.9 0.318 233.88 121.93 11.66 -0.93 558.4
2001 7 3 12 51008.1 5.572 260.35 121.93 11.78 -1.26 560.4
2001 7 4 12 50976.9 0.187 253.59 121.93 14.34 3.68 674.2
2001 7 5 12 50943.5 0.133 260.15 121.93 11.68 -0.32 545.4
2001 7 6 12 50907.8 0.236 232.29 121.93 13.32 3.63 694.5
2001 7 7 12 50869.7 2.242 266.52 121.93 12.98 3.16 658.3
2001 7 8 12 50829.4 1.550 251.81 121.93 14.09 2.28 671.3
2001 7 9 12 50786.9 0.478 259.13 121.93 14.05 4.52 626.9
2001 7 10 12 50742.1 0.418 227.37 121.93 12.76 2.11 668.0
2001 7 11 12 50695.1 1.371 236.31 121.93 10.30 -1.61 607.9
2001 7 12 12 50645.8 1.098 248.61 121.93 12.53 -0.93 594.5
2001 7 13 12 50594.3 0.707 274.58 121.93 12.88 2.03 641.4
2001 7 14 12 50540.7 1.456 261.32 121.93 13.36 1.98 665.6
2001 7 15 12 50484.8 0.184 254.80 121.93 11.84 0.79 653.9
2001 7 16 12 50426.8 0.273 238.40 121.93 14.68 3.10 677.6
2001 7 17 12 50366.7 1.459 235.07 121.93 13.00 0.69 631.7
2001 7 18 12 50304.5 1.083 255.19 121.93 11.61 -0.13 647.1
2001 7 19 12 50240.1 0.801 260.91 121.93 12.31 1.48 652.3
2001 7 20 12 50173.7 4.141 252.87 121.93 15.89 4.21 660.2
2001 7 21 12 50105.1 1.589 274.69 121.93 14.00 2.31 684.1
2001 7 22 12 50034.6 0.405 238.11 121.93 14.57 1.95 635.3
2001 7 23 12 49962.0 0.276 250.31 121.93 11.42 0.10 602.9
2001 7 24 12 49887.4 1.037 221.48 121.93 11.94 -0.35 596.3
2001 7 25 12 49810.8 2.077 249.27 121.93 11.94 1.27 654.5
2001 7 26 12 49732.3 0.937 267.36 121.93 13.22 1.23 677.1
2001 7 27 12 49651.8 0.471 228.90 121.93 12.66 1.02 621.2
2001 7 28 12 49569.5 0.830 256.33 121.93 12.16 2.49 701.7
2001 7 29 12 49485.2 0.081 264.47 121.93 12.32 0.67 618.4
2001 7 30 12 49399.1 1.939 231.65 121.93 11.64 -0.11 639.8
2001 7 31 12 49311.1 2.380 248.12 121.93 12.53 1.59 637.8
2001 8 1 12 49221.3 1.252 263.91 121.93 14.43 1.60 617.2
2001 8 2 12 49129.8 2.726 242.75 121.93 10.44 0.04 658.5
2001 8 3 12 49036.5 0.406 250.17 121.93 13.19 2.58 634.0
2001 8 4 12 48941.4 0.816 210.80 121.93 14.69 3.70 654.5
2001 8 5 12 48844.7 1.212 245.40 121.93 12.29 -1.81 526.0
2001 8 6 12 48746.2 0.891 243.22 121.93 11.71 0.10 640.1
2001 8 7 12 48646.2 0.451 214.57 121.93 13.83 1.41 673.3
2001 8 8 12 48544.5 0.503 218.98 121.93 10.90 0.40 619.3
2001 8 9 12 48441.3 1.995 241.47 121.93 12.28 1.72 604.9
2001 8 10 12 48336.4 0.575 226.82 121.93 10.68 -0.41 591.7
2001 8 11 12 48230.1 1.623 246.98 121.93 9.36 -3.00 530.9
2001 8 12 12 48122.3 0.534 233.88 121.93 11.86 1.66 602.3
2001 8 13 12 48013.0 1.591 228.98 121.93 10.12 -1.49 555.5
2001 8 14 12 47902.3 0.624 224.47 121.93 11.91 1.95 654.3
2001 8 15 12 47790.2 1.030 230.29 121.93 13.51 2.33 628.3
2001 8 16 12 47676.7 0.251 236.81 121.93 14.53 3.54 679.5
2001 8 17 12 47561.9 0.733 231.63 121.93 11.80 0.03 547.3
2001 8 18 12 47445.8 0.254 216.11 121.93 13.09 2.81 706.7
2001 8 19 12 47328.5 0.348 239.88 121.93 12.06 1.15 611.2
2001 8 20 12 47209.9 0.381 229.96 121.93 10.78 0.54 636.9
2001 8 21 12 47090.2 0.457 224.68 121.93 8.36 -2.89 547.8
2001 8 22 12 46969.3 0.329 219.07 121.93 13.58 2.15 655.0
2001 8 23 12 46847.3 0.648 223.97 121.93 9.46 -1.47 536.7
2001 8 24 12 46724.2 1.533 187.77 121.93 12.99 2.74 632.1
2001 8 25 12 46600.0 0.982 217.62 121.93 11.60 1.02 598.2
2001 8 26 12 46474.8 0.032 237.35 121.93 9.21 -2.08 559.2
2001 8 27 12 46348.7 0.063 214.79 121.93 11.02 -1.86 602.5
2001 8 28 12 46221.7 0.824 211.47 121.93 13.63 2.88 670.5
2001 8 29 12 46093.7 0.311 200.00 121.93 12.60 0.05 574.0
2001 8 30 12 45964.9 0.048 215.04 121.93 9.40 -1.97 563.1
2001 8 31 12 45835.3 0.286 203.43 121.93 8.96 -2.53 547.0
2001 9 1 12 45704.9 0.866 224.69 121.93 10.04 -2.49 539.7
2001 9 2 12 45573.7 0.383 190.78 121.93 9.51 -1.60 567.6
2001 9 3 12 45441.8 0.601 195.63 121.93 11.41 1.74 657.6
2001 9 4 12 45309.3 0.429 192.08 121.93 10.58 -1.07 556.9
2001 9 5 12 45176.2 0.244 227.28 121.93 6.78 -4.01 509.5
2001 9 6 12 45042.4 0.741 195.58 121.93 9.86 0.34 636.3
2001 9 7 12 44908.2 0.208 188.86 121.93 8.75 -1.96 574.8
2001 9 8 12 44773.4 1.239 164.37 121.93 8.92 -3.00 578.4
2001 9 9 12 44638.1 0.072 180.71 121.93 9.08 -2.13 600.4
2001 9 10 12 44502.5 0.602 200.94 121.93 10.34 -0.67 545.7
2001 9 11 12 44366.4 0.373 199.52 121.93 9.85 -0.40 600.6
2001 9 12 12 44230.0 0.335 180.53 121.93 7.09 -3.33 518.1
2001 9 13 12 44093.3 1.415 180.00 121.93 7.97 -5.65 451.0
2001 9 14 12 43956.3 1.691 215.46 121.93 7.21 -4.87 478.9
2001 9 15 12 43819.1 0.156 226.64 121.93 5.19 -6.26 465.7
2001 9 16 12 43681.7 0.532 202.06 121.93 7.38 -4.83 494.5
2001 9 17 12 43544.2 0.022 206.83 121.93 10.14 -4.22 497.3
2001 9 18 12 43406.5 1.426 208.64 121.93 4.62 -7.36 452.5
2001 9 19 12 43268.9 0.630 213.91 121.93 6.98 -4.42 584.9
2001 9 20 12 43131.1 0.072 174.78 121.93 6.75 -5.07 446.9
2001 9 21 12 42993.5 0.260 164.76 121.93 7.09 -5.11 531.9
2001 9 22 12 42855.8 0.148 204.06 121.93 5.03 -6.34 472.6
2001 9 23 12 42718.3 0.246 160.72 121.93 4.15 -6.98 447.3
2001 9 24 12 42580.9 0.031 158.38 121.93 4.03 -7.74 384.6
2001 9 25 12 42443.7 2.402 157.35 121.93 7.91 -2.39 575.0
2001 9 26 12 42306.7 0.191 169.10 121.93 4.25 -7.10 414.7
2001 9 27 12 42170.0 0.743 139.93 121.93 4.78 -7.31 478.6
2001 9 28 12 42033.6 1.151 146.84 121.93 8.50 -3.80 576.2
2001 9 29 12 41897.5 2.073 157.64 121.93 4.05 -7.52 411.0
2001 9 30 12 41761.9 0.807 147.68 121.93 5.47 -5.04 534.2
2001 10 1 12 41626.6 0.582 180.20 121.93 6.35 -5.71 486.6
2001 10 2 12 41491.8 0.869 163.02 121.93 6.08 -4.84 440.4
2001 10 3 12 41357.6 0.199 170.23 121.93 2.37 -8.96 384.7
2001 10 4 12 41223.8 0.228 167.25 121.93 3.09 -6.71 471.1
2001 10 5 12 41090.7 0.603 155.81 121.93 4.42 -6.67 478.6
2001 10 6 12 40958.2 0.373 172.40 121.93 6.66 -5.30 446.6
2001 10 7 12 40826.3 0.496 163.05 121.93 2.42 -8.39 433.1
2001 10 8 12 40695.1 4.233 150.18 121.93 2.62 -8.16 461.4
2001 10 9 12 40564.7 2.704 128.39 121.93 3.79 -7.93 471.3
2001 10 10 12 40435.1 1.384 160.16 121.93 3.88 -8.45 418.7
2001 10 11 12 40306.3 2.055 132.14 121.93 3.77 -7.20 469.1
2001 10 12 12 40178.3 0.256 155.49 121.93 1.28 -10.07 430.7
2001 10 13 12 40051.3 1.064 149.70 121.93 1.54 -11.07 404.1
2001 10 14 12 39925.2 1.921 126.85 121.93 2.46 -8.74 452.0
2001 10 15 12 39800.0 0.272 149.88 121.93 3.82 -8.09 441.7
2001 10 16 12 39675.8 1.371 147.63 121.93 1.36 -11.25 372.2
2001 10 17 12 39552.7 0.144 146.45 121.93 1.48 -10.20 404.2
2001 10 18 12 39430.7 1.714 144.51 121.93 -0.23 -10.60 365.0
2001 10 19 12 39309.8 2.800 131.31 121.93 3.90 -6.54 502.7
2001 10 20 12 39190.1 0.309 148.77 121.93 1.13 -9.51 363.8
2001 10 21 12 39071.5 0.351 128.40 121.93 2.31 -8.88 407.3
2001 10 22 12 38954.2 2.860 121.42 121.93 0.53 -10.39 391.0
2001 10 23 12 38838.1 1.166 146.50 121.93 0.41 -10.92 395.8
2001 10 24 12 38723.3 2.612 149.28 121.93 -2.18 -14.46 330.5
2001 10 25 12 38609.8 0.863 143.19 121.93 -3.36 -15.48 335.0
2001 10 26 12 38497.7 0.953 129.87 121.93 1.54 -10.35 395.4
2001 10 27 12 38387.0 1.206 102.78 121.93 -0.43 -10.71 364.3
2001 10 28 12 38277.7 4.861 153.00 121.93 -0.44 -10.98 376.1
2001 10 29 12 38169.9 2.623 100.37 121.93 -2.83 -15.09 288.6
2001 10 30 12 38063.6 0.519 137.43 121.93 -2.51 -13.87 338.2
2001 10 31 12 37958.7 1.513 159.24 121.93 0.23 -11.49 338.2
2001 11 1 12 37855.5 0.883 128.80 121.93 1.05 -10.48 385.2
2001 11 2 12 37753.8 0.711 129.91 121.93 -2.70 -14.52 358.2
2001 11 3 12 37653.8 2.127 130.23 121.93 -0.96 -11.23 380.7
2001 11 4 12 37555.3 1.758 126.53 121.93 -1.88 -13.29 302.5
2001 11 5 12 37458.6 0.399 157.85 121.93 -2.54 -13.77 314.4
2001 11 6 12 37363.5 1.399 108.99 121.93 0.22 -11.00 312.9
2001 11 7 12 37270.2 0.735 106.17 121.93 -3.44 -15.66 285.0
2001 11 8 12 37178.7 2.147 114.87 121.93 -1.09 -12.40 401.3
2001 11 9 12 37088.9 0.714 145.00 121.93 -2.58 -13.13 301.9
2001 11 10 12 37000.9 1.191 109.36 121.93 -3.37 -13.59 284.6
2001 11 11 12 36914.8 0.834 123.60 121.93 -1.47 -13.79 304.5
2001 11 12 12 36830.5 1.501 132.37 121.93 -3.29 -15.90 309.6
2001 11 13 12 36748.2 6.016 127.17 121.93 -4.06 -15.41 343.0
2001 11 14 12 36667.7 1.616 129.95 121.93 -2.03 -12.54 362.6
2001 11 15 12 36589.2 2.947 135.16 121.93 -2.41 -13.52 290.9
2001 11 16 12 36512.6 0.715 117.75 121.93 -2.67 -13.52 328.9
2001 11 17 12 36438.0 0.748 105.52 121.93 -10.49 -22.97 194.2
2001 11 18 12 36365.4 1.527 113.86 121.93 -4.18 -16.03 270.0
2001 11 19 12 36294.9 6.446 105.86 121.93 -4.70 -17.85 247.1
2001 11 20 12 36226.3 0.512 148.09 121.93 -5.25 -16.76 272.0
2001 11 21 12 36159.9 0.057 101.61 121.93 -4.45 -17.59 201.9
2001 11 22 12 36095.5 4.311 116.20 121.93 -5.15 -15.49 320.2
2001 11 23 12 36033.3 3.440 85.82 121.93 -4.70 -14.85 328.5
2001 11 24 12 35973.2 1.051 109.72 121.93 -6.29 -17.57 188.7
2001 11 25 12 35915.2 9.231 102.85 121.93 -3.81 -16.42 231.8
2001 11 26 12 35859.3 9.664 116.73 121.93 -5.05 -16.15 247.9
2001 11 27 12 35805.7 0.096 116.58 121.93 -5.57 -15.48 312.8
2001 11 28 12 35754.2 0.801 126.80 121.93 -5.80 -16.82 241.0
2001 11 29 12 35704.9 1.724 125.11 121.93 -4.97 -15.42 303.6
2001 11 30 12 35657.9 2.742 103.58 121.93 -5.33 -17.12 252.2
2001 12 1 12 35613.1 2.383 89.97 121.93 -7.19 -19.28 216.5
2001 12 2 12 35570.6 1.898 91.30 121.93 -5.68 -17.14 272.1
2001 12 3 12 35530.3 0.471 107.84 121.93 -7.06 -20.00 208.2
2001 12 4 12 35492.2 3.215 105.29 121.93 -4.59 -14.18 315.8
2001 12 5 12 35456.5 3.425 106.43 121.93 -5.97 -17.25 264.7
2001 12 6 12 35423.1 4.719 94.20 121.93 -8.69 -19.40 218.5
2001 12 7 12 35391.9 0.391 123.48 121.93 -4.40 -16.17 270.4
2001 12 8 12 35363.1 1.581 79.54 121.93 -11.19 -23.82 110.7
2001 12 9 12 35336.6 1.161 92.51 121.93 -7.21 -17.47 307.0
2001 12 10 12 35312.4 0.391 84.97 121.93 -9.34 -21.64 153.9
2001 12 11 12 35290.6 1.598 97.77 121.93 -5.60 -16.73 306.5
2001 12 12 12 35271.1 0.555 119.41 121.93 -8.17 -19.22 195.0
2001 12 13 12 35253.9 0.301 96.22 121.93 -9.87 -21.21 200.1
2001 12 14 12 35239.2 4.327 101.91 121.93 -9.20 -21.23 229.0
2001 12 15 12 35226.7 1.294 110.23 121.93 -9.99 -21.51 159.7
2001 12 16 12 35216.7 0.897 95.14 121.93 -9.49 -21.65 147.0
2001 12 17 12 35209.0 6.394 105.83 121.93 -9.64 -20.39 179.4
2001 12 18 12 35203.6 3.972 103.80 121.93 -10.38 -21.32 173.0
2001 12 19 12 35200.7 3.308 83.04 121.93 -8.95 -20.37 202.3
2001 12 20 12 35200.1 3.320 93.04 121.93 -8.87 -20.73 184.2
2001 12 21 12 35201.9 1.661 105.34 121.93 -11.05 -20.77 172.0
2001 12 22 12 35206.0 1.602 119.29 121.93 -12.14 -24.59 166.9
2001 12 23 12 35212.5 0.186 119.34 121.93 -9.28 -21.92 155.6
2001 12 24 12 35221.4 12.062 131.65 121.93 -9.04 -20.51 171.2
2001 12 25 12 35232.6 1.789 107.61 121.93 -8.83 -20.44 216.1
2001 12 26 12 35246.3 3.312 94.26 121.93 -9.18 -19.71 231.3
2001 12 27 12 35262.2 1.930 99.66 121.93 -7.73 -18.62 270.1
2001 12 28 12 35280.5 1.007 99.10 121.93 -8.67 -20.05 256.8
2001 12 29 12 35301.2 5.219 94.89 121.93 -6.22 -17.22 265.9
2001 12 30 12 35324.2 2.808 106.99 121.93 -5.66 -16.68 257.8
2001 12 31 12 35349.5 1.884 107.94 121.93 -13.02 -22.73 88.2
2002 1 1 12 35377.2 3.416 84.17 121.93 -13.74 -24.94 73.1
2002 1 2 12 35407.2 2.223 118.39 121.93 -10.52 -22.46 157.0
2002 1 3 12 35439.5 10.421 74.84 121.93 -9.81 -21.05 143.6
2002 1 4 12 35474.1 5.263 99.40 121.93 -10.73 -24.22 68.0
2002 1 5 12 35511.0 4.079 120.35 121.93 -9.61 -21.04 181.3
2002 1 6 12 35550.1 0.259 112.61 121.93 -11.12 -21.64 190.4
2002 1 7 12 35591.5 4.265 98.56 121.93 -11.80 -22.71 138.3
2002 1 8 12 35635.2 4.189 133.88 121.93 -11.61 -22.77 171.5
2002 1 9 12 35681.2 0.699 98.21 121.93 -11.13 -22.01 178.3
2002 1 10 12 35729.3 0.253 75.26 121.93 -9.60 -20.12 232.2
2002 1 11 12 35779.7 5.275 112.59 121.93 -11.62 -21.88 227.5
2002 1 12 12 35832.2 5.918 79.64 121.93 -11.35 -22.39 230.5
2002 1 13 12 35887.0 1.240 94.40 121.93 -10.09 -21.74 187.2
2002 1 14 12 35943.9 1.176 116.78 121.93 -11.26 -24.51 96.0
2002 1 15 12 36003.0 3.025 101.12 121.93 -9.30 -19.92 203.5
2002 1 16 12 36064.1 1.596 117.35 121.93 -12.37 -23.35 180.1
2002 1 17 12 36127.5 0.250 91.90 121.93 -12.70 -23.98 93.7
2002 1 18 12 36192.9 0.719 122.81 121.93 -10.54 -22.49 193.6
2002 1 19 12 36260.3 3.669 85.24 121.93 -10.39 -21.02 174.5
2002 1 20 12 36329.9 0.787 131.08 121.93 -12.29 -23.90 128.8
2002 1 21 12 36401.5 6.446 104.88 121.93 -8.98 -20.40 167.7
2002 1 22 12 36475.1 4.408 135.72 121.93 -8.09 -19.54 169.5
2002 1 23 12 36550.6 3.876 100.90 121.93 -11.91 -22.95 132.6
2002 1 24 12 36628.2 3.074 143.15 121.93 -8.72 -21.04 218.3
2002 1 25 12 36707.7 1.099 100.71 121.93 -14.50 -25.45 69.9
2002 1 26 12 36789.1 5.068 88.98 121.93 -9.29 -21.27 223.0
2002 1 27 12 36872.4 1.065 117.37 121.93 -12.17 -24.11 100.5
2002 1 28 12 36957.6 6.940 136.09 121.93 -9.38 -20.08 166.4
2002 1 29 12 37044.7 10.274 130.31 121.93 -12.26 -24.45 118.6
2002 1 30 12 37133.6 3.240 136.78 121.93 -10.88 -21.57 188.9
2002 1 31 12 37224.2 9.216 132.40 121.93 -11.95 -23.27 140.3
2002 2 1 12 37316.7 0.771 108.86 121.93 -11.01 -23.73 130.0
2002 2 2 12 37410.8 4.615 133.60 121.93 -7.90 -18.20 284.0
2002 2 3 12 37506.7 2.763 124.46 121.93 -10.75 -21.90 164.8
2002 2 4 12 37604.3 5.863 113.40 121.93 -7.37 -18.45 216.8
2002 2 5 12 37703.6 0.084 127.73 121.93 -11.05 -21.65 133.1
2002 2 6 12 37804.5 5.574 125.20 121.93 -8.18 -18.38 270.7
2002 2 7 12 37906.9 1.287 148.31 121.93 -12.79 -24.02 106.7
2002 2 8 12 38011.0 2.941 120.39 121.93 -10.71 -21.61 157.9
2002 2 9 12 38116.5 14.755 120.74 121.93 -11.01 -22.11 189.3
2002 2 10 12 38223.6 4.841 119.76 121.93 -7.82 -19.50 271.7
2002 2 11 12 38332.2 4.264 159.77 121.93 -9.77 -22.44 158.7
2002 2 12 12 38442.2 3.941 122.78 121.93 -13.10 -24.33 109.3
2002 2 13 12 38553.6 7.855 152.99 121.93 -11.85 -22.15 156.9
2002 2 14 12 38666.4 6.148 119.19 121.93 -11.31 -22.25 141.4
2002 2 15 12 38780.5 3.998 143.40 121.93 -8.30 -20.56 178.2
2002 2 16 12 38896.0 3.531 140.90 121.93 -8.40 -18.92 211.0
2002 2 17 12 39012.7 3.301 156.63 121.93 -9.96 -21.61 195.1
2002 2 18 12 39130.6 2.664 155.63 121.93 -10.23 -23.31 131.2
2002 2 19 12 39249.8 0.554 141.73 121.93 -8.23 -18.82 264.5
2002 2 20 12 39370.1 4.789 133.65 121.93 -10.89 -23.05 135.5
2002 2 21 12 39491.6 1.478 167.29 121.93 -8.40 -18.38 221.5
2002 2 22 12 39614.2 2.331 134.59 121.93 -8.42 -18.90 260.4
2002 2 23 12 39737.8 6.559 111.36 121.93 -9.27 -20.85 183.6
2002 2 24 12 39862.5 2.736 118.75 121.93 -8.14 -19.17 212.7
2002 2 25 12 39988.1 2.513 123.66 121.93 -8.46 -17.92 242.5
2002 2 26 12 40114.7 3.362 158.08 121.93 -7.75 -18.35 277.1
2002 2 27 12 40242.2 2.010 183.64 121.93 -10.36 -21.57 177.7
2002 2 28 12 40370.6 14.648 121.11 121.93 -7.31 -16.40 309.5
2002 3 1 12 40499.8 13.048 141.26 121.93 -6.56 -17.87 235.6
2002 3 2 12 40629.8 12.761 155.63 121.93 -7.48 -18.42 264.3
2002 3 3 12 40760.6 3.967 178.79 121.93 -6.92 -19.07 225.7
2002 3 4 12 40892.1 1.357 145.10 121.93 -7.85 -20.59 214.7
2002 3 5 12 41024.3 6.677 167.11 121.93 -6.20 -17.83 272.3
2002 3 6 12 41157.2 2.015 155.82 121.93 -7.30 -18.66 198.5
2002 3 7 12 41290.6 7.188 200.01 121.93 -8.97 -20.10 200.1
2002 3 8 12 41424.6 1.271 164.41 121.93 -5.86 -18.40 260.7
2002 3 9 12 41559.2 4.217 168.93 121.93 -9.39 -20.26 228.2
2002 3 10 12 41694.2 8.059 166.21 121.93 -6.36 -18.42 269.1
2002 3 11 12 41829.7 2.129 160.08 121.93 -7.20 -18.11 240.9
2002 3 12 12 41965.5 2.116 181.90 121.93 -7.14 -17.79 290.4
2002 3 13 12 42101.8 0.337 151.63 121.93 -6.04 -17.76 225.1
2002 3 14 12 42238.3 1.307 140.35 121.93 -7.20 -19.37 167.7
2002 3 15 12 42375.2 3.813 169.50 121.93 -5.20 -15.37 284.3
2002 3 16 12 42512.3 4.388 185.36 121.93 -5.72 -16.42 307.5
2002 3 17 12 42649.6 5.003 165.78 121.93 -6.56 -17.83 210.7
2002 3 18 12 42787.0 1.977 178.67 121.93 -3.45 -13.67 282.4
2002 3 19 12 42924.6 0.410 158.94 121.93 -4.97 -16.31 222.2
2002 3 20 12 43062.3 3.578 194.56 121.93 -4.16 -16.05 301.0
2002 3 21 12 43200.0 0.226 189.78 121.93 -2.80 -15.00 256.5
2002 3 22 12 43337.7 0.637 181.67 121.93 -2.64 -14.13 333.9
2002 3 23 12 43475.4 5.801 185.28 121.93 -3.69 -14.48 300.6
2002 3 24 12 43613.0 1.462 163.23 121.93 -4.83 -15.12 274.5
2002 3 25 12 43750.4 9.073 165.27 121.93 -6.34 -17.72 215.7
2002 3 26 12 43887.7 4.980 185.05 121.93 -3.70 -14.13 323.7
2002 3 27 12 44024.8 2.045 195.95 121.93 -2.18 -13.75 302.4
2002 3 28 12 44161.7 6.525 198.08 121.93 -3.10 -15.12 297.4
2002 3 29 12 44298.2 2.228 185.54 121.93 -8.60 -21.05 191.1
2002 3 30 12 44434.5 5.360 203.53 121.93 -1.94 -13.74 343.5
2002 3 31 12 44570.3 1.158 215.02 121.93 -1.65 -14.07 346.7
2002 4 1 12 44705.8 6.748 193.73 121.93 -3.31 -13.10 343.0
2002 4 2 12 44840.8 0.260 201.05 121.93 -1.18 -12.23 324.0
2002 4 3 12 44975.4 0.606 194.64 121.93 -1.52 -13.00 354.0
2002 4 4 12 45109.4 0.774 197.20 121.93 -3.29 -13.31 353.4
2002 4 5 12 45242.8 1.292 202.97 121.93 -0.16 -12.60 342.6
2002 4 6 12 45375.7 3.634 227.31 121.93 -3.77 -15.28 285.9
2002 4 7 12 45507.9 2.587 216.81 121.93 -1.75 -11.55 443.3
2002 4 8 12 45639.4 5.187 216.77 121.93 -1.70 -13.21 297.0
2002 4 9 12 45770.2 7.311 198.90 121.93 -2.50 -11.94 376.0
2002 4 10 12 45900.2 0.198 193.53 121.93 -0.60 -11.37 404.0
2002 4 11 12 46029.4 7.990 214.14 121.93 1.11 -9.24 404.9
2002 4 12 12 46157.8 2.026 228.23 121.93 1.22 -9.11 412.8
2002 4 13 12 46285.3 1.021 236.70 121.93 0.64 -10.76 372.8
2002 4 14 12 46411.9 0.094 175.33 121.93 -2.78 -14.57 308.6
2002 4 15 12 46537.5 4.552 250.07 121.93 -2.04 -13.53 356.4
2002 4 16 12 46662.2 4.266 220.88 121.93 0.42 -11.77 358.7
2002 4 17 12 46785.8 0.583 229.49 121.93 0.33 -11.12 470.8
2002 4 18 12 46908.4 0.672 190.98 121.93 -0.16 -11.56 355.1
2002 4 19 12 47029.9 5.184 214.75 121.93 3.65 -6.40 513.4
2002 4 20 12 47150.2 3.498 231.84 121.93 1.16 -9.77 421.0
2002 4 21 12 47269.4 1.704 203.07 121.93 2.02 -7.49 453.5
2002 4 22 12 47387.3 3.793 178.55 121.93 2.89 -10.23 439.5
2002 4 23 12 47504.0 3.102 228.07 121.93 1.70 -10.67 338.6
2002 4 24 12 47619.5 0.749 223.45 121.93 5.71 -5.97 493.3
2002 4 25 12 47733.6 5.303 246.96 121.93 0.62 -9.58 386.8
2002 4 26 12 47846.4 4.389 224.07 121.93 1.33 -10.16 383.7
2002 4 27 12 47957.8 2.324 226.28 121.93 1.03 -11.55 354.6
2002 4 28 12 48067.8 4.853 239.14 121.93 4.99 -6.60 439.0
2002 4 29 12 48176.4 10.721 245.27 121.93 4.05 -8.30 384.4
2002 4 30 12 48283.5 0.604 220.20 121.93 2.24 -10.28 406.2
2002 5 1 12 48389.0 1.659 246.06 121.93 1.96 -7.84 441.3
2002 5 2 12 48493.1 1.739 225.10 121.93 5.54 -6.14 468.1
2002 5 3 12 48595.5 4.564 234.20 121.93 4.21 -7.06 481.7
2002 5 4 12 48696.4 1.042 245.03 121.93 5.98 -5.49 503.7
2002 5 5 12 48795.7 4.260 248.63 121.93 3.97 -7.63 439.5
2002 5 6 12 48893.3 1.181 241.71 121.93 5.03 -7.04 550.7
2002 5 7 12 48989.2 0.475 221.68 121.93 4.91 -6.74 495.8
2002 5 8 12 49083.3 2.247 210.78 121.93 3.72 -7.41 525.2
2002 5 9 12 49175.8 1.119 236.94 121.93 4.64 -5.63 475.0
2002 5 10 12 49266.4 2.436 255.23 121.93 3.27 -7.37 460.1
2002 5 11 12 49355.3 3.023 248.30 121.93 5.99 -6.39 435.1
2002 5 12 12 49442.4 0.180 246.05 121.93 6.58 -4.03 509.5
2002 5 13 12 49527.6 1.233 243.17 121.93 7.11 -3.91 504.4
2002 5 14 12 49610.9 2.121 248.75 121.93 6.82 -5.08 588.2
2002 5 15 12 49692.3 4.170 230.01 121.93 5.81 -5.44 470.4
2002 5 16 12 49771.8 3.685 257.42 121.93 8.52 -2.42 544.6
2002 5 17 12 49849.4 0.684 259.19 121.93 7.72 -3.65 483.5
2002 5 18 12 49924.9 1.573 241.92 121.93 8.65 -2.37 568.6
2002 5 19 12 49998.5 2.924 254.54 121.93 8.92 -3.17 509.6
2002 5 20 12 50070.1 1.425 222.95 121.93 6.74 -3.07 566.2
2002 5 21 12 50139.7 0.744 252.10 121.93 7.69 -5.26 441.2
2002 5 22 12 50207.1 1.715 248.07 121.93 8.44 -2.49 546.5
2002 5 23 12 50272.5 2.551 269.61 121.93 5.73 -5.37 437.1
2002 5 24 12 50335.9 0.552 248.38 121.93 5.94 -4.95 486.3
2002 5 25 12 50397.0 3.019 265.00 121.93 5.85 -6.12 469.1
2002 5 26 12 50456.1 1.973 246.69 121.93 7.81 -2.66 528.9
2002 5 27 12 50513.0 3.048 218.84 121.93 7.64 -3.85 508.0
2002 5 28 12 50567.8 1.562 250.29 121.93 6.15 -6.20 505.1
2002 5 29 12 50620.3 6.961 257.15 121.93 8.69 -3.59 593.5
2002 5 30 12 50670.7 2.304 256.97 121.93 8.48 -2.82 553.8
2002 5 31 12 50718.8 3.211 257.68 121.93 10.56 -2.12 531.8
2002 6 1 12 50764.8 2.762 248.05 121.93 11.96 2.00 641.9
2002 6 2 12 50808.5 1.300 251.23 121.93 9.78 -0.78 573.7
2002 6 3 12 50849.9 2.004 239.60 121.93 8.20 -1.74 591.9
2002 6 4 12 50889.0 0.764 226.94 121.93 10.36 0.34 615.5
2002 6 5 12 50925.9 5.997 255.66 121.93 9.55 -2.13 510.1
2002 6 6 12 50960.5 2.335 246.43 121.93 9.32 -2.77 577.5
2002 6 7 12 50992.8 0.558 274.13 121.93 8.53 -5.01 528.8
2002 6 8 12 51022.8 4.721 225.50 121.93 9.27 -2.46 595.7
2002 6 9 12 51050.5 1.253 262.87 121.93 9.83 -0.15 581.4
2002 6 10 12 51075.8 3.181 290.58 121.93 11.44 -0.62 596.6
2002 6 11 12 51098.8 0.119 256.25 121.93 11.13 -0.44 555.7
2002 6 12 12 51119.5 3.802 259.15 121.93 13.23 1.39 626.2
2002 6 13 12 51137.8 2.040 265.77 121.93 11.63 0.53 622.5
2002 6 14 12 51153.7 0.454 267.11 121.93 11.37 1.00 601.0
2002 6 15 12 51167.4 1.949 253.55 121.93 10.40 -2.23 565.6
2002 6 16 12 51178.6 4.732 244.66 121.93 9.42 -3.06 543.8
2002 6 17 12 51187.5 0.662 269.67 121.93 10.23 0.02 586.9
2002 6 18 12 51194.0 0.642 231.32 121.93 10.15 -0.67 628.6
2002 6 19 12 51198.1 1.011 272.46 121.93 7.46 -4.14 510.1
2002 6 20 12 51199.9 1.315 254.12 121.93 9.90 -0.14 601.2
2002 6 21 12 51199.3 2.873 260.04 121.93 13.91 1.42 584.4
2002 6 22 12 51196.4 1.883 252.08 121.93 12.16 1.51 645.7
2002 6 23 12 51191.0 0.951 281.37 121.93 11.14 -0.32 579.4
2002 6 24 12 51183.3 1.551 263.57 121.93 12.39 1.48 658.3
2002 6 25 12 51173.3 4.702 254.91 121.93 8.95 -4.36 473.6
2002 6 26 12 51160.8 2.066 254.36 121.93 12.39 0.78 628.6
2002 6 27 12 51146.1 1.001 257.24 121.93 13.97 3.16 597.7
2002 6 28 12 51128.9 0.852 295.24 121.93 11.95 0.50 628.4
2002 6 29 12 51109.4 1.354 239.34 121.93 9.55 -0.85 577.8
2002 6 30 12 51087.6 2.474 275.12 121.93 11.66 1.23 636.7
2002 7 1 12 51063.4 0.446 267.16 121.93 14.27 2.10 624.0
2002 7 2 12 51036.9 2.118 281.47 121.93 12.80 2.06 612.7
2002 7 3 12 51008.1 0.892 267.52 121.93 10.35 -1.85 550.0
2002 7 4 12 50976.9 1.021 257.82 121.93 16.09 4.73 700.3
2002 7 5 12 50943.5 6.746 272.74 121.93 10.71 -0.17 614.0
2002 7 6 12 50907.8 1.811 260.52 121.93 12.28 0.21 613.3
2002 7 7 12 50869.7 0.531 268.02 121.93 11.13 0.36 579.2
2002 7 8 12 50829.4 1.387 277.72 121.93 11.18 -0.62 642.6
2002 7 9 12 50786.9 2.239 257.26 121.93 12.10 0.23 614.6
2002 7 10 12 50742.1 1.716 249.06 121.93 13.77 2.93 640.0
2002 7 11 12 50695.1 0.021 245.29 121.93 14.78 2.72 667.0
2002 7 12 12 50645.8 0.861 261.22 121.93 12.30 0.19 611.5
2002 7 13 12 50594.3 1.334 240.77 121.93 11.39 0.82 611.2
2002 7 14 12 50540.7 1.216 248.16 121.93 13.65 2.34 637.9
2002 7 15 12 50484.8 0.514 238.33 121.93 13.71 1.15 652.5
2002 7 16 12 50426.8 1.585 259.89 121.93 13.33 2.61 704.1
2002 7 17 12 50366.7 2.225 240.38 121.93 13.39 1.67 572.3
2002 7 18 12 50304.5 0.076 231.74 121.93 12.82 0.30 642.9
2002 7 19 12 50240.1 1.157 233.74 121.93 13.14 -0.26 595.4
2002 7 20 12 50173.7 1.602 241.17 121.93 12.73 2.05 648.1
2002 7 21 12 50105.1 0.392 241.85 121.93 14.60 2.52 690.9
2002 7 22 12 50034.6 0.750 252.12 121.93 16.34 3.94 599.2
2002 7 23 12 49962.0 1.074 245.20 121.93 13.26 2.37 671.8
2002 7 24 12 49887.4 0.536 252.43 121.93 12.97 2.21 682.7
2002 7 25 12 49810.8 1.788 252.87 121.93 13.34 1.31 605.6
2002 7 26 12 49732.3 0.971 256.43 121.93 11.95 1.28 583.9
2002 7 27 12 49651.8 0.314 215.90 121.93 14.07 4.31 735.4
2002 7 28 12 49569.5 0.352 226.79 121.93 13.56 3.23 612.0
2002 7 29 12 49485.2 0.695 251.18 121.93 12.23 1.79 648.3
2002 7 30 12 49399.1 0.458 245.16 121.93 14.18 3.04 691.4
2002 7 31 12 49311.1 0.046 255.77 121.93 12.82 1.07 633.3
2002 8 1 12 49221.3 0.824 217.05 121.93 11.30 -0.14 614.1
2002 8 2 12 49129.8 0.340 232.17 121.93 13.24 2.19 635.9
2002 8 3 12 49036.5 0.409 233.92 121.93 13.02 0.61 626.2
2002 8 4 12 48941.4 0.168 239.91 121.93 14.06 2.04 619.6
2002 8 5 12 48844.7 2.303 236.98 121.93 13.81 1.27 608.0
2002 8 6 12 48746.2 1.100 242.50 121.93 12.34 1.13 623.6
2002 8 7 12 48646.2 2.720 232.74 121.93 11.74 0.40 561.9
2002 8 8 12 48544.5 0.444 254.03 121.93 12.38 0.46 626.5
2002 8 9 12 48441.3 1.125 257.78 121.93 12.86 2.11 567.9
2002 8 10 12 48336.4 0.763 214.60 121.93 12.97 0.73 625.5
2002 8 11 12 48230.1 0.279 230.98 121.93 12.62 0.67 627.1
2002 8 12 12 48122.3 0.424 241.19 121.93 11.96 1.18 599.8
2002 8 13 12 48013.0 1.034 236.91 121.93 13.51 2.85 620.0
2002 8 14 12 47902.3 0.153 220.91 121.93 10.92 -1.12 565.3
2002 8 15 12 47790.2 1.442 229.72 121.93 15.56 4.35 706.1
2002 8 16 12 47676.7 0.675 201.02 121.93 12.89 0.87 627.8
2002 8 17 12 47561.9 1.270 223.33 121.93 9.97 -1.59 534.8
2002 8 18 12 47445.8 0.826 200.55 121.93 11.84 0.55 614.2
2002 8 19 12 47328.5 0.054 228.90 121.93 12.62 1.67 641.2
2002 8 20 12 47209.9 0.553 203.36 121.93 10.83 -0.31 600.3
2002 8 21 12 47090.2 1.434 221.35 121.93 9.01 -2.17 527.0
2002 8 22 12 46969.3 0.651 222.48 121.93 9.58 -2.68 551.1
2002 8 23 12 46847.3 0.565 217.61 121.93 11.84 0.75 642.6
2002 8 24 12 46724.2 0.650 205.76 121.93 8.28 -2.67 562.6
2002 8 25 12 46600.0 0.032 210.84 121.93 8.62 -2.22 567.9
2002 8 26 12 46474.8 1.558 230.46 121.93 11.48 -0.49 639.4
2002 8 27 12 46348.7 0.007 205.12 121.93 10.22 -0.45 596.1
2002 8 28 12 46221.7 1.844 210.54 121.93 9.38 -3.07 513.3
2002 8 29 12 46093.7 0.380 200.59 121.93 9.56 -2.19 531.1
2002 8 30 12 45964.9 0.878 222.96 121.93 7.96 -3.66 532.1
2002 8 31 12 45835.3 0.027 207.52 121.93 10.76 -1.65 523.8
2002 9 1 12 45704.9 1.167 193.59 121.93 8.68 -2.95 531.7
2002 9 2 12 45573.7 1.002 203.84 121.93 8.95 -2.27 568.5
2002 9 3 12 45441.8 0.953 198.80 121.93 10.13 -2.73 580.6
2002 9 4 12 45309.3 0.024 221.98 121.93 9.08 -2.63 501.0
2002 9 5 12 45176.2 0.231 199.09 121.93 8.26 -4.54 512.2
2002 9 6 12 45042.4 0.860 177.68 121.93 6.19 -3.58 526.3
2002 9 7 12 44908.2 1.609 204.56 121.93 9.57 -1.66 567.9
2002 9 8 12 44773.4 0.192 222.53 121.93 8.98 -2.32 557.9
2002 9 9 12 44638.1 0.201 212.34 121.93 7.93 -3.29 533.3
2002 9 10 12 44502.5 0.835 176.48 121.93 6.99 -3.93 563.2
2002 9 11 12 44366.4 3.933 187.63 121.93 8.40 -2.21 593.0
2002 9 12 12 44230.0 0.299 189.84 121.93 8.94 -3.71 590.1
2002 9 13 12 44093.3 0.417 188.65 121.93 8.20 -2.15 556.6
2002 9 14 12 43956.3 0.353 193.28 121.93 10.34 -0.06 586.5
2002 9 15 12 43819.1 0.566 181.03 121.93 8.77 -2.68 517.4
2002 9 16 12 43681.7 1.882 171.08 121.93 7.38 -4.11 502.2
2002 9 17 12 43544.2 0.613 197.72 121.93 8.48 -5.41 513.3
2002 9 18 12 43406.5 4.578 165.21 121.93 7.27 -5.13 523.5
2002 9 19 12 43268.9 0.754 168.66 121.93 7.08 -3.90 542.2
2002 9 20 12 43131.1 2.142 162.36 121.93 8.78 -1.66 546.9
2002 9 21 12 42993.5 0.500 187.12 121.93 5.31 -5.51 470.0
2002 9 22 12 42855.8 0.133 178.16 121.93 6.51 -4.95 559.6
2002 9 23 12 42718.3 0.662 188.44 121.93 8.07 -1.79 539.3
2002 9 24 12 42580.9 1.209 162.03 121.93 6.56 -4.03 561.8
2002 9 25 12 42443.7 0.293 153.64 121.93 5.36 -6.36 485.0
2002 9 26 12 42306.7 2.031 164.41 121.93 3.16 -6.49 448.2
2002 9 27 12 42170.0 0.444 166.96 121.93 2.13 -10.15 361.5
2002 9 28 12 42033.6 0.202 171.47 121.93 8.45 -4.12 496.9
2002 9 29 12 41897.5 4.585 141.74 121.93 5.61 -6.13 490.0
2002 9 30 12 41761.9 0.294 172.80 121.93 4.08 -7.93 414.1
2002 10 1 12 41626.6 0.456 150.85 121.93 5.28 -6.41 518.4
2002 10 2 12 41491.8 1.575 153.21 121.93 3.14 -7.62 441.3
2002 10 3 12 41357.6 0.574 179.18 121.93 3.87 -7.56 469.8
2002 10 4 12 41223.8 0.234 127.49 121.93 2.75 -8.65 445.5
2002 10 5 12 41090.7 0.430 163.74 121.93 1.84 -9.51 458.5
2002 10 6 12 40958.2 4.045 162.36 121.93 0.61 -12.64 334.0
2002 10 7 12 40826.3 1.523 143.98 121.93 1.17 -11.45 374.3
2002 10 8 12 40695.1 1.838 148.25 121.93 4.89 -6.82 421.6
2002 10 9 12 40564.7 1.188 171.96 121.93 1.68 -10.40 395.1
2002 10 10 12 40435.1 1.414 181.79 121.93 3.76 -7.83 477.6
2002 10 11 12 40306.3 0.596 167.03 121.93 4.18 -6.09 484.7
2002 10 12 12 40178.3 1.099 178.07 121.93 2.57 -8.89 491.6
2002 10 13 12 40051.3 0.032 138.14 121.93 1.89 -10.57 404.3
2002 10 14 12 39925.2 2.372 123.55 121.93 2.33 -9.70 389.8
2002 10 15 12 39800.0 0.629 145.21 121.93 1.30 -8.73 439.1
2002 10 16 12 39675.8 0.220 156.83 121.93 3.53 -6.65 423.2
2002 10 17 12 39552.7 1.259 115.71 121.93 4.33 -6.59 444.2
2002 10 18 12 39430.7 0.854 128.41 121.93 3.48 -9.17 380.2
2002 10 19 12 39309.8 2.488 128.87 121.93 -2.12 -13.28 334.9
2002 10 20 12 39190.1 1.031 145.25 121.93 0.24 -10.85 381.1
2002 10 21 12 39071.5 0.539 142.13 121.93 0.70 -10.68 422.5
2002 10 22 12 38954.2 1.091 125.91 121.93 1.18 -10.68 383.5
2002 10 23 12 38838.1 3.902 139.08 121.93 -2.31 -14.00 289.9
2002 10 24 12 38723.3 2.768 118.06 121.93 -2.54 -14.46 357.7
2002 10 25 12 38609.8 2.019 127.70 121.93 1.83 -10.49 301.9
2002 10 26 12 38497.7 2.963 114.01 121.93 -1.18 -11.49 371.4
2002 10 27 12 38387.0 2.231 129.62 121.93 -2.78 -13.47 337.1
2002 10 28 12 38277.7 0.413 118.77 121.93 -2.41 -14.03 319.0
2002 10 29 12 38169.9 2.572 140.05 121.93 -0.37 -11.49 385.3
2002 10 30 12 38063.6 3.474 128.24 121.93 -2.39 -13.48 333.7
2002 10 31 12 37958.7 3.696 124.19 121.93 -1.00 -10.52 404.5
2002 11 1 12 37855.5 0.319 153.08 121.93 -3.03 -13.73 307.3
2002 11 2 12 37753.8 0.752 131.29 121.93 -4.38 -15.11 254.0
2002 11 3 12 37653.8 0.633 119.02 121.93 0.17 -11.20 374.7
2002 11 4 12 37555.3 0.968 114.80 121.93 -1.57 -13.31 302.9
2002 11 5 12 37458.6 2.151 104.87 121.93 -2.86 -13.16 315.0
2002 11 6 12 37363.5 1.659 120.65 121.93 -3.34 -14.22 350.4
2002 11 7 12 37270.2 1.683 125.32 121.93 -0.56 -12.62 394.3
2002 11 8 12 37178.7 0.226 91.07 121.93 -2.07 -13.10 372.2
2002 11 9 12 37088.9 0.794 98.43 121.93 -1.43 -12.16 385.6
2002 11 10 12 37000.9 4.526 110.27 121.93 -4.22 -17.29 255.9
2002 11 11 12 36914.8 4.102 100.68 121.93 -3.46 -15.59 318.6
2002 11 12 12 36830.5 1.417 116.95 121.93 -3.12 -14.23 326.1
2002 11 13 12 36748.2 3.184 118.21 121.93 -4.74 -17.68 304.9
2002 11 14 12 36667.7 2.229 112.84 121.93 -4.24 -17.06 231.3
2002 11 15 12 36589.2 3.593 122.14 121.93 -5.16 -16.78 284.6
2002 11 16 12 36512.6 3.440 104.35 121.93 -3.87 -14.88 264.5
2002 11 17 12 36438.0 1.642 111.69 121.93 -6.64 -17.61 268.2
2002 11 18 12 36365.4 2.840 96.60 121.93 -3.98 -14.11 266.2
2002 11 19 12 36294.9 2.526 115.22 121.93 -4.55 -15.88 245.9
2002 11 20 12 36226.3 1.752 111.40 121.93 -5.50 -17.20 217.6
2002 11 21 12 36159.9 1.403 91.62 121.93 -4.69 -17.14 264.8
2002 11 22 12 36095.5 7.159 106.63 121.93 -6.09 -17.80 254.7
2002 11 23 12 36033.3 1.818 107.77 121.93 -6.72 -17.55 322.4
2002 11 24 12 35973.2 3.452 111.95 121.93 -5.07 -15.87 279.9
2002 11 25 12 35915.2 6.963 111.92 121.93 -5.17 -16.36 296.0
2002 11 26 12 35859.3 3.120 95.78 121.93 -6.98 -17.94 246.0
2002 11 27 12 35805.7 3.027 117.51 121.93 -7.27 -17.65 267.6
2002 11 28 12 35754.2 1.937 113.39 121.93 -6.82 -18.16 241.1
2002 11 29 12 35704.9 2.887 94.18 121.93 -7.53 -17.84 276.2
2002 11 30 12 35657.9 1.417 87.44 121.93 -4.57 -16.56 237.3
2002 12 1 12 35613.1 14.394 94.41 121.93 -6.54 -18.00 166.6
2002 12 2 12 35570.6 0.315 81.63 121.93 -7.15 -18.93 233.9
2002 12 3 12 35530.3 1.716 106.42 121.93 -8.72 -19.48 156.2
2002 12 4 12 35492.2 3.454 120.68 121.93 -6.36 -18.57 268.0
2002 12 5 12 35456.5 3.300 123.89 121.93 -8.53 -20.19 179.8
2002 12 6 12 35423.1 1.506 85.89 121.93 -8.73 -21.62 136.4
2002 12 7 12 35391.9 0.162 113.72 121.93 -6.74 -17.66 327.8
2002 12 8 12 35363.1 0.433 102.90 121.93 -7.45 -17.85 242.4
2002 12 9 12 35336.6 2.627 65.43 121.93 -11.92 -22.59 141.8
2002 12 10 12 35312.4 0.082 96.14 121.93 -8.54 -19.29 236.7
2002 12 11 12 35290.6 3.940 94.25 121.93 -8.24 -18.97 245.1
2002 12 12 12 35271.1 6.247 118.87 121.93 -9.06 -19.90 236.1
2002 12 13 12 35253.9 4.674 87.48 121.93 -8.44 -19.35 173.1
2002 12 14 12 35239.2 5.563 108.84 121.93 -11.51 -22.37 168.7
2002 12 15 12 35226.7 0.094 98.66 121.93 -13.16 -25.09 89.5
2002 12 16 12 35216.7 1.727 78.48 121.93 -10.49 -22.05 131.3
2002 12 17 12 35209.0 0.670 91.81 121.93 -8.72 -20.06 200.2
2002 12 18 12 35203.6 0.247 123.01 121.93 -14.09 -25.76 50.0
2002 12 19 12 35200.7 1.387 97.41 121.93 -10.62 -23.28 162.2
2002 12 20 12 35200.1 8.722 113.59 121.93 -12.34 -24.73 96.6
2002 12 21 12 35201.9 10.809 112.78 121.93 -9.92 -21.14 162.9
2002 12 22 12 35206.0 0.833 93.34 121.93 -6.72 -17.40 248.0
2002 12 23 12 35212.5 2.616 80.87 121.93 -10.08 -21.47 165.6
2002 12 24 12 35221.4 3.591 82.94 121.93 -10.00 -19.19 250.4
2002 12 25 12 35232.6 1.871 122.10 121.93 -8.67 -20.80 151.0
2002 12 26 12 35246.3 7.439 102.74 121.93 -9.98 -21.02 168.1
2002 12 27 12 35262.2 1.502 74.61 121.93 -10.41 -20.78 177.9
2002 12 28 12 35280.5 1.231 113.31 121.93 -8.78 -19.33 181.5
2002 12 29 12 35301.2 0.941 74.21 121.93 -9.53 -20.41 196.6
2002 12 30 12 35324.2 1.924 88.85 121.93 -9.88 -20.42 169.8
2002 12 31 12 35349.5 2.041 102.71 121.93 -10.59 -21.94 119.0
2003 1 1 12 35377.2 2.965 139.58 121.93 -10.96 -21.03 195.1
2003 1 2 12 35407.2 3.174 114.31 121.93 -9.13 -19.50 256.4
2003 1 3 12 35439.5 0.696 95.16 121.93 -11.07 -23.15 138.5
2003 1 4 12 35474.1 3.154 103.17 121.93 -8.77 -19.91 198.7
2003 1 5 12 35511.0 3.108 116.91 121.93 -12.24 -24.87 98.8
2003 1 6 12 35550.1 3.196 124.83 121.93 -8.56 -18.74 209.6
2003 1 7 12 35591.5 5.720 100.20 121.93 -10.05 -21.27 209.7
2003 1 8 12 35635.2 4.375 101.07 121.93 -12.25 -22.57 151.4
2003 1 9 12 35681.2 0.305 92.36 121.93 -10.07 -21.56 103.5
2003 1 10 12 35729.3 3.911 115.27 121.93 -11.84 -24.72 141.5
2003 1 11 12 35779.7 5.115 121.19 121.93 -10.84 -20.13 225.9
2003 1 12 12 35832.2 2.752 77.24 121.93 -11.65 -22.94 159.2
2003 1 13 12 35887.0 0.720 100.92 121.93 -11.14 -23.34 50.5
2003 1 14 12 35943.9 0.256 89.24 121.93 -9.55 -20.03 199.3
2003 1 15 12 36003.0 2.213 110.29 121.93 -10.20 -19.97 227.4
2003 1 16 12 36064.1 0.156 90.07 121.93 -12.67 -24.24 126.7
2003 1 17 12 36127.5 0.407 89.47 121.93 -12.60 -24.08 124.6
2003 1 18 12 36192.9 0.382 126.78 121.93 -10.59 -21.80 190.8
2003 1 19 12 36260.3 2.972 108.12 121.93 -10.49 -22.77 148.7
2003 1 20 12 36329.9 6.052 110.40 121.93 -12.01 -23.96 156.9
2003 1 21 12 36401.5 3.875 118.49 121.93 -8.60 -18.58 233.3
2003 1 22 12 36475.1 9.533 127.31 121.93 -9.76 -21.27 177.1
2003 1 23 12 36550.6 1.951 107.23 121.93 -11.91 -23.98 147.2
2003 1 24 12 36628.2 1.955 108.34 121.93 -12.03 -23.80 112.1
2003 1 25 12 36707.7 0.995 109.20 121.93 -11.27 -21.81 130.8
2003 1 26 12 36789.1 15.246 132.11 121.93 -11.40 -24.39 112.4
2003 1 27 12 36872.4 0.389 115.70 121.93 -8.99 -20.19 213.9
2003 1 28 12 36957.6 5.838 113.21 121.93 -9.37 -18.80 251.7
2003 1 29 12 37044.7 6.364 124.31 121.93 -10.76 -20.54 217.2
2003 1 30 12 37133.6 6.144 146.80 121.93 -9.76 -20.70 183.9
2003 1 31 12 37224.2 1.133 121.36 121.93 -9.50 -19.85 197.9
2003 2 1 12 37316.7 2.546 117.12 121.93 -10.60 -20.96 163.1
2003 2 2 12 37410.8 5.181 151.25 121.93 -10.04 -21.54 176.7
2003 2 3 12 37506.7 1.499 143.01 121.93 -9.70 -20.36 143.6
2003 2 4 12 37604.3 2.192 141.82 121.93 -9.80 -19.77 205.3
2003 2 5 12 37703.6 1.538 117.53 121.93 -11.64 -24.05 204.4
2003 2 6 12 37804.5 3.368 117.05 121.93 -11.43 -22.37 107.5
2003 2 7 12 37906.9 3.155 99.56 121.93 -10.78 -21.89 166.9
2003 2 8 12 38011.0 11.512 142.58 121.93 -11.34 -22.66 158.2
2003 2 9 12 38116.5 5.364 130.32 121.93 -12.42 -23.80 139.1
2003 2 10 12 38223.6 0.584 103.22 121.93 -9.12 -20.33 164.4
2003 2 11 12 38332.2 0.662 149.35 121.93 -9.53 -20.68 201.9
2003 2 12 12 38442.2 6.132 127.36 121.93 -11.98 -22.48 134.3
2003 2 13 12 38553.6 3.149 130.32 121.93 -10.25 -21.26 131.9
2003 2 14 12 38666.4 15.163 111.97 121.93 -10.07 -21.61 196.3
2003 2 15 12 38780.5 15.144 143.19 121.93 -9.43 -21.50 189.9
2003 2 16 12 38896.0 1.035 144.49 121.93 -11.23 -23.01 110.8
2003 2 17 12 39012.7 4.189 137.41 121.93 -11.54 -22.73 129.0
2003 2 18 12 39130.6 0.679 133.03 121.93 -8.63 -20.59 170.7
2003 2 19 12 39249.8 6.078 179.89 121.93 -11.61 -22.25 105.7
2003 2 20 12 39370.1 13.047 123.65 121.93 -9.55 -20.60 210.8
2003 2 21 12 39491.6 3.651 132.09 121.93 -9.58 -20.06 222.8
2003 2 22 12 39614.2 1.985 154.77 121.93 -9.16 -21.07 168.6
2003 2 23 12 39737.8 4.620 130.16 121.93 -8.48 -20.54 188.3
2003 2 24 12 39862.5 7.242 130.30 121.93 -6.34 -16.83 266.8
2003 2 25 12 39988.1 7.284 164.85 121.93 -11.02 -22.31 161.1
2003 2 26 12 40114.7 2.009 158.22 121.93 -7.18 -18.74 184.8
2003 2 27 12 40242.2 1.487 157.68 121.93 -12.13 -22.97 155.2
2003 2 28 12 40370.6 3.978 154.43 121.93 -6.14 -17.01 224.5
2003 3 1 12 40499.8 2.162 142.62 121.93 -11.16 -23.57 149.1
2003 3 2 12 40629.8 9.172 150.51 121.93 -4.31 -14.60 276.0
2003 3 3 12 40760.6 2.129 154.42 121.93 -8.41 -20.14 158.2
2003 3 4 12 40892.1 3.376 169.61 121.93 -5.75 -15.79 283.4
2003 3 5 12 41024.3 4.485 164.63 121.93 -5.91 -18.38 230.9
2003 3 6 12 41157.2 0.430 145.65 121.93 -8.05 -19.19 219.2
2003 3 7 12 41290.6 1.633 172.75 121.93 -7.78 -19.33 186.6
2003 3 8 12 41424.6 14.555 137.07 121.93 -8.35 -21.33 179.5
2003 3 9 12 41559.2 6.895 158.79 121.93 -5.76 -16.63 276.3
2003 3 10 12 41694.2 2.077 147.81 121.93 -7.42 -20.36 227.8
2003 3 11 12 41829.7 6.012 153.44 121.93 -7.85 -19.49 215.8
2003 3 12 12 41965.5 8.915 196.55 121.93 -5.66 -16.18 258.5
2003 3 13 12 42101.8 2.443 146.96 121.93 -7.65 -19.47 170.2
2003 3 14 12 42238.3 6.544 158.10 121.93 -6.63 -18.75 179.0
2003 3 15 12 42375.2 5.735 179.41 121.93 -5.81 -16.57 278.3
2003 3 16 12 42512.3 0.679 166.07 121.93 -6.76 -18.36 256.5
2003 3 17 12 42649.6 2.434 176.83 121.93 -6.37 -18.09 211.5
2003 3 18 12 42787.0 11.545 197.31 121.93 -3.15 -13.53 337.0
2003 3 19 12 42924.6 13.880 187.07 121.93 -5.59 -17.92 236.4
2003 3 20 12 43062.3 6.768 171.59 121.93 -5.64 -17.41 273.3
2003 3 21 12 43200.0 1.518 177.99 121.93 -5.19 -15.89 308.1
2003 3 22 12 43337.7 0.050 189.34 121.93 -4.06 -16.45 203.0
2003 3 23 12 43475.4 1.269 192.28 121.93 -6.11 -16.09 309.1
2003 3 24 12 43613.0 0.533 184.44 121.93 -3.74 -15.31 301.3
2003 3 25 12 43750.4 11.975 190.91 121.93 -3.81 -14.51 293.9
2003 3 26 12 43887.7 0.183 192.30 121.93 -6.69 -17.39 237.1
2003 3 27 12 44024.8 0.683 186.86 121.93 -1.13 -12.65 348.0
2003 3 28 12 44161.7 3.655 180.54 121.93 -1.44 -13.22 320.5
2003 3 29 12 44298.2 2.933 202.12 121.93 -4.64 -16.07 250.5
2003 3 30 12 44434.5 10.625 196.72 121.93 -4.93 -15.76 263.6
2003 3 31 12 44570.3 5.131 162.49 121.93 -2.71 -14.90 270.8
2003 4 1 12 44705.8 2.493 182.67 121.93 -4.99 -17.36 293.3
2003 4 2 12 44840.8 8.559 189.20 121.93 -0.61 -10.83 385.2
2003 4 3 12 44975.4 1.858 194.74 121.93 -3.16 -15.15 364.5
2003 4 4 12 45109.4 11.085 217.15 121.93 0.17 -10.95 392.2
2003 4 5 12 45242.8 1.003 248.46 121.93 -3.30 -14.86 320.4
2003 4 6 12 45375.7 2.720 164.87 121.93 -2.03 -13.56 297.0
2003 4 7 12 45507.9 0.074 207.64 121.93 0.24 -10.02 393.1
2003 4 8 12 45639.4 6.535 205.44 121.93 -1.95 -13.41 333.9
2003 4 9 12 45770.2 3.262 202.99 121.93 -0.85 -12.54 330.2
2003 4 10 12 45900.2 10.763 215.15 121.93 0.58 -11.03 365.4
2003 4 11 12 46029.4 2.105 210.54 121.93 -1.69 -13.49 342.8
2003 4 12 12 46157.8 0.366 204.16 121.93 -2.54 -14.48 323.7
2003 4 13 12 46285.3 4.247 211.29 121.93 -2.63 -14.43 271.3
2003 4 14 12 46411.9 1.466 220.47 121.93 0.64 -9.43 419.9
2003 4 15 12 46537.5 5.508 220.30 121.93 0.55 -10.28 411.0
2003 4 16 12 46662.2 0.968 217.45 121.93 1.77 -9.91 384.1
2003 4 17 12 46785.8 8.852 207.11 121.93 -0.03 -10.65 366.3
2003 4 18 12 46908.4 2.838 259.37 121.93 -1.56 -14.23 328.7
2003 4 19 12 47029.9 2.261 223.69 121.93 -2.74 -13.04 262.1
2003 4 20 12 47150.2 8.199 230.94 121.93 5.30 -5.06 498.8
2003 4 21 12 47269.4 6.105 213.08 121.93 2.00 -7.61 496.8
2003 4 22 12 47387.3 1.108 224.72 121.93 1.62 -8.97 342.7
2003 4 23 12 47504.0 5.867 225.76 121.93 2.04 -9.01 444.4
2003 4 24 12 47619.5 4.815 195.52 121.93 -0.32 -10.69 402.6
2003 4 25 12 47733.6 2.298 214.59 121.93 0.84 -11.06 335.6
2003 4 26 12 47846.4 5.337 215.44 121.93 4.85 -6.86 478.3
2003 4 27 12 47957.8 8.206 218.57 121.93 3.43 -8.02 469.6
2003 4 28 12 48067.8 2.316 212.63 121.93 1.50 -8.80 388.6
2003 4 29 12 48176.4 2.305 230.42 121.93 1.01 -11.07 357.3
2003 4 30 12 48283.5 2.158 251.79 121.93 2.28 -9.89 403.0
2003 5 1 12 48389.0 0.980 233.85 121.93 2.79 -8.43 460.8
2003 5 2 12 48493.1 2.216 215.21 121.93 6.53 -4.29 497.9
2003 5 3 12 48595.5 1.948 218.49 121.93 3.38 -8.58 427.1
2003 5 4 12 48696.4 1.812 229.31 121.93 2.08 -8.78 404.4
2003 5 5 12 48795.7 1.766 214.72 121.93 3.98 -6.33 474.2
2003 5 6 12 48893.3 0.526 241.50 121.93 4.66 -5.78 515.8
2003 5 7 12 48989.2 5.836 258.19 121.93 2.54 -8.58 431.6
2003 5 8 12 49083.3 1.173 230.19 121.93 5.26 -6.21 465.1
2003 5 9 12 49175.8 0.689 240.90 121.93 6.67 -3.34 532.2
2003 5 10 12 49266.4 9.146 234.23 121.93 5.26 -6.13 453.4
2003 5 11 12 49355.3 1.492 232.11 121.93 4.05 -6.60 438.2
2003 5 12 12 49442.4 5.035 245.27 121.93 4.64 -5.19 532.3
2003 5 13 12 49527.6 2.483 233.33 121.93 3.14 -7.59 497.3
2003 5 14 12 49610.9 0.391 231.98 121.93 5.62 -6.58 414.6
2003 5 15 12 49692.3 0.421 220.63 121.93 6.47 -5.92 499.1
2003 5 16 12 49771.8 0.977 246.69 121.93 4.85 -6.79 490.0
2003 5 17 12 49849.4 1.315 262.50 121.93 9.29 -1.54 532.8
2003 5 18 12 49924.9 1.985 257.86 121.93 7.75 -3.29 520.0
2003 5 19 12 49998.5 2.853 270.37 121.93 4.06 -5.58 471.1
2003 5 20 12 50070.1 1.687 238.58 121.93 4.27 -6.79 521.3
2003 5 21 12 50139.7 2.650 262.16 121.93 5.63 -6.03 528.9
2003 5 22 12 50207.1 3.047 233.53 121.93 9.64 -2.67 519.0
2003 5 23 12 50272.5 1.554 261.36 121.93 8.79 -1.66 523.0
2003 5 24 12 50335.9 3.568 276.02 121.93 10.06 -1.34 596.4
2003 5 25 12 50397.0 4.266 259.45 121.93 7.82 -4.79 520.5
2003 5 26 12 50456.1 2.980 277.49 121.93 7.66 -3.73 562.8
2003 5 27 12 50513.0 3.103 244.15 121.93 6.27 -5.93 449.6
2003 5 28 12 50567.8 2.237 251.66 121.93 8.83 -2.91 563.4
2003 5 29 12 50620.3 4.960 240.47 121.93 8.17 -3.22 513.6
2003 5 30 12 50670.7 1.770 255.23 121.93 8.27 -3.85 541.7
2003 5 31 12 50718.8 0.841 259.23 121.93 11.21 -0.58 587.3
2003 6 1 12 50764.8 1.779 256.04 121.93 8.75 -3.25 592.1
2003 6 2 12 50808.5 0.323 248.97 121.93 11.09 -0.88 595.7
2003 6 3 12 50849.9 0.262 249.14 121.93 6.86 -5.34 483.7
2003 6 4 12 50889.0 3.786 262.07 121.93 13.43 1.64 636.9
2003 6 5 12 50925.9 5.779 254.87 121.93 8.98 -3.14 534.3
2003 6 6 12 50960.5 1.145 240.33 121.93 10.74 -0.19 561.6
2003 6 7 12 50992.8 3.669 229.47 121.93 11.12 -0.11 655.4
2003 6 8 12 51022.8 0.073 249.30 121.93 9.22 -1.23 623.4
2003 6 9 12 51050.5 2.500 237.77 121.93 11.33 1.44 623.5
2003 6 10 12 51075.8 1.539 246.22 121.93 11.54 0.68 634.6
2003 6 11 12 51098.8 6.056 252.64 121.93 9.29 -1.75 626.6
2003 6 12 12 51119.5 1.288 257.00 121.93 9.44 -1.37 609.7
2003 6 13 12 51137.8 0.410 249.39 121.93 10.68 -0.34 583.9
2003 6 14 12 51153.7 0.176 292.41 121.93 10.57 -0.79 581.5
2003 6 15 12 51167.4 1.471 240.76 121.93 12.95 1.52 579.0
2003 6 16 12 51178.6 1.733 277.92 121.93 12.03 -0.19 619.5
2003 6 17 12 51187.5 1.122 257.44 121.93 10.98 0.25 642.3
2003 6 18 12 51194.0 3.203 250.08 121.93 12.11 0.68 651.1
2003 6 19 12 51198.1 4.333 268.80 121.93 8.24 -2.01 580.9
2003 6 20 12 51199.9 0.928 253.21 121.93 10.49 -0.18 606.9
2003 6 21 12 51199.3 0.090 247.89 121.93 11.94 0.04 570.9
2003 6 22 12 51196.4 1.744 286.81 121.93 13.28 2.88 667.2
2003 6 23 12 51191.0 3.571 226.99 121.93 12.00 -1.45 552.1
2003 6 24 12 51183.3 0.877 256.16 121.93 13.98 4.13 698.3
2003 6 25 12 51173.3 2.079 262.58 121.93 13.19 0.72 591.4
2003 6 26 12 51160.8 0.303 280.73 121.93 11.24 0.23 620.2
2003 6 27 12 51146.1 1.578 253.48 121.93 11.84 0.78 655.4
2003 6 28 12 51128.9 2.018 299.20 121.93 12.74 2.24 656.2
2003 6 29 12 51109.4 1.571 270.48 121.93 11.53 -0.13 607.3
2003 6 30 12 51087.6 5.554 223.37 121.93 14.58 1.46 656.6
2003 7 1 12 51063.4 3.909 236.83 121.93 10.68 -0.98 633.6
2003 7 2 12 51036.9 2.183 261.92 121.93 12.89 1.31 623.0
2003 7 3 12 51008.1 2.816 240.92 121.93 13.58 0.54 626.4
2003 7 4 12 50976.9 1.404 265.99 121.93 12.06 0.70 659.3
2003 7 5 12 50943.5 1.008 250.63 121.93 11.78 -0.48 610.5
2003 7 6 12 50907.8 0.643 239.14 121.93 12.53 1.65 572.8
2003 7 7 12 50869.7 0.247 242.23 121.93 13.91 2.31 624.7
2003 7 8 12 50829.4 3.631 269.07 121.93 11.98 2.15 665.6
2003 7 9 12 50786.9 4.963 225.52 121.93 11.17 -0.43 579.3
2003 7 10 12 50742.1 1.024 271.10 121.93 14.54 3.48 712.9
2003 7 11 12 50695.1 1.026 271.07 121.93 13.45 1.88 693.3
2003 7 12 12 50645.8 1.678 249.49 121.93 14.39 1.69 616.1
2003 7 13 12 50594.3 0.804 232.88 121.93 14.05 2.48 618.7
2003 7 14 12 50540.7 0.264 261.74 121.93 16.20 5.40 697.2
2003 7 15 12 50484.8 0.162 245.55 121.93 14.62 3.71 661.5
2003 7 16 12 50426.8 4.319 229.54 121.93 11.88 0.25 651.0
2003 7 17 12 50366.7 0.079 280.30 121.93 13.69 1.12 591.4
2003 7 18 12 50304.5 1.206 237.78 121.93 12.15 1.27 647.7
2003 7 19 12 50240.1 0.097 228.32 121.93 12.32 1.25 666.7
2003 7 20 12 50173.7 0.759 254.01 121.93 10.88 0.16 627.7
2003 7 21 12 50105.1 0.568 248.03 121.93 12.57 0.95 632.1
2003 7 22 12 50034.6 0.121 270.64 121.93 13.81 1.06 616.4
2003 7 23 12 49962.0 1.462 241.91 121.93 12.89 1.91 693.8
2003 7 24 12 49887.4 0.205 241.32 121.93 11.33 -0.08 591.0
2003 7 25 12 49810.8 0.092 251.14 121.93 10.68 0.39 636.2
2003 7 26 12 49732.3 1.542 248.32 121.93 16.11 4.73 689.9
2003 7 27 12 49651.8 0.524 247.97 121.93 13.41 1.97 584.2
2003 7 28 12 49569.5 0.309 247.77 121.93 11.66 0.59 603.7
2003 7 29 12 49485.2 1.563 245.32 121.93 13.56 1.68 628.9
2003 7 30 12 49399.1 0.175 235.74 121.93 16.12 4.20 679.7
2003 7 31 12 49311.1 0.052 253.60 121.93 13.73 2.25 625.1
2003 8 1 12 49221.3 2.135 234.81 121.93 8.57 -3.56 547.5
2003 8 2 12 49129.8 3.025 251.36 121.93 16.69 5.11 724.3
2003 8 3 12 49036.5 0.610 259.18 121.93 9.89 0.04 591.7
2003 8 4 12 48941.4 0.594 227.25 121.93 12.31 1.74 625.4
2003 8 5 12 48844.7 1.510 272.51 121.93 10.86 -0.29 562.6
2003 8 6 12 48746.2 1.850 224.77 121.93 11.39 1.24 632.3
2003 8 7 12 48646.2 0.188 223.88 121.93 12.87 0.81 657.6
2003 8 8 12 48544.5 0.480 241.54 121.93 9.27 -0.13 638.7
2003 8 9 12 48441.3 0.841 239.04 121.93 12.18 0.41 590.2
2003 8 10 12 48336.4 1.366 232.44 121.93 13.96 4.17 743.1
2003 8 11 12 48230.1 1.230 242.57 121.93 10.90 1.10 611.2
2003 8 12 12 48122.3 1.050 233.01 121.93 10.01 -2.80 513.6
2003 8 13 12 48013.0 1.737 259.12 121.93 11.80 1.58 590.7
2003 8 14 12 47902.3 0.594 226.22 121.93 11.42 -0.21 563.6
2003 8 15 12 47790.2 2.251 213.08 121.93 10.95 -0.91 591.9
2003 8 16 12 47676.7 0.333 216.49 121.93 9.97 -1.01 572.0
2003 8 17 12 47561.9 1.201 230.69 121.93 12.44 0.23 585.6
2003 8 18 12 47445.8 0.389 229.75 121.93 12.45 1.45 603.7
2003 8 19 12 47328.5 0.547 224.38 121.93 9.86 -2.29 521.6
2003 8 20 12 47209.9 0.639 207.36 121.93 9.97 -1.29 547.5
2003 8 21 12 47090.2 0.361 235.53 121.93 11.46 1.12 653.0
2003 8 22 12 46969.3 1.734 246.75 121.93 9.70 -1.40 626.2
2003 8 23 12 46847.3 0.406 216.91 121.93 11.30 -0.39 648.2
2003 8 24 12 46724.2 0.602 242.40 121.93 13.12 2.15 663.6
2003 8 25 12 46600.0 1.059 226.99 121.93 10.71 -1.82 548.9
2003 8 26 12 46474.8 3.980 246.03 121.93 8.86 -3.21 515.7
2003 8 27 12 46348.7 1.097 218.58 121.93 11.14 -0.60 610.6
2003 8 28 12 46221.7 0.660 212.27 121.93 10.16 -0.61 580.4
2003 8 29 12 46093.7 0.030 221.57 121.93 10.07 -1.00 592.3
2003 8 30 12 45964.9 0.532 201.15 121.93 10.88 -0.09 656.1
2003 8 31 12 45835.3 0.293 212.46 121.93 11.07 -0.35 599.4
2003 9 1 12 45704.9 0.444 225.01 121.93 9.95 -2.08 626.7
2003 9 2 12 45573.7 0.384 216.03 121.93 9.66 -0.55 555.3
2003 9 3 12 45441.8 1.080 201.95 121.93 12.71 0.75 628.4
2003 9 4 12 45309.3 0.533 204.10 121.93 11.27 0.20 613.5
2003 9 5 12 45176.2 0.220 211.13 121.93 10.57 -0.92 552.1
2003 9 6 12 45042.4 1.469 209.29 121.93 9.37 -1.58 592.4
2003 9 7 12 44908.2 0.132 208.33 121.93 7.51 -4.38 558.4
2003 9 8 12 44773.4 0.669 200.83 121.93 10.55 -0.00 666.0
2003 9 9 12 44638.1 0.571 182.01 121.93 8.92 -1.38 584.8
2003 9 10 12 44502.5 0.943 183.05 121.93 7.68 -2.93 484.4
2003 9 11 12 44366.4 1.845 198.58 121.93 8.02 -3.26 549.2
2003 9 12 12 44230.0 4.931 202.77 121.93 6.77 -4.98 522.7
2003 9 13 12 44093.3 0.736 199.46 121.93 9.64 0.50 602.9
2003 9 14 12 43956.3 0.321 177.43 121.93 8.91 -3.28 540.8
2003 9 15 12 43819.1 0.288 183.92 121.93 7.99 -2.71 531.3
2003 9 16 12 43681.7 0.289 167.20 121.93 7.48 -3.66 522.9
2003 9 17 12 43544.2 0.984 162.57 121.93 6.35 -5.10 528.5
2003 9 18 12 43406.5 0.135 183.29 121.93 4.00 -7.25 496.6
2003 9 19 12 43268.9 1.010 201.06 121.93 4.90 -6.91 423.6
2003 9 20 12 43131.1 1.781 180.81 121.93 5.72 -5.34 477.9
2003 9 21 12 42993.5 1.814 206.56 121.93 5.31 -5.83 435.7
2003 9 22 12 42855.8 0.862 174.10 121.93 6.90 -2.35 608.1
2003 9 23 12 42718.3 1.653 175.65 121.93 7.50 -3.04 565.3
2003 9 24 12 42580.9 2.199 158.94 121.93 5.91 -5.08 438.4
2003 9 25 12 42443.7 0.521 167.23 121.93 8.03 -2.91 539.8
2003 9 26 12 42306.7 2.072 153.22 121.93 4.55 -5.38 483.9
2003 9 27 12 42170.0 0.083 146.52 121.93 5.33 -6.85 440.4
2003 9 28 12 42033.6 0.148 150.74 121.93 5.26 -6.28 505.4
2003 9 29 12 41897.5 0.591 168.25 121.93 6.79 -6.14 507.6
2003 9 30 12 41761.9 0.067 154.57 121.93 5.11 -5.84 491.3
2003 10 1 12 41626.6 1.523 156.77 121.93 4.96 -5.76 465.5
2003 10 2 12 41491.8 0.485 169.07 121.93 2.08 -10.12 378.6
2003 10 3 12 41357.6 0.791 138.34 121.93 3.01 -7.24 456.5
2003 10 4 12 41223.8 0.236 161.45 121.93 5.81 -6.17 462.9
2003 10 5 12 41090.7 0.193 171.63 121.93 0.85 -10.82 383.4
2003 10 6 12 40958.2 0.746 171.60 121.93 5.78 -5.53 506.2
2003 10 7 12 40826.3 0.932 164.01 121.93 4.31 -5.81 437.7
2003 10 8 12 40695.1 0.678 154.17 121.93 2.24 -9.85 380.3
2003 10 9 12 40564.7 0.748 144.29 121.93 1.91 -9.26 413.8
2003 10 10 12 40435.1 0.049 151.12 121.93 5.80 -4.98 547.3
2003 10 11 12 40306.3 0.547 175.86 121.93 4.87 -6.08 503.8
2003 10 12 12 40178.3 1.677 153.88 121.93 2.37 -8.55 428.9
2003 10 13 12 40051.3 0.249 146.91 121.93 2.54 -8.25 447.1
2003 10 14 12 39925.2 0.167 155.71 121.93 1.17 -10.68 383.4
2003 10 15 12 39800.0 3.005 146.75 121.93 2.13 -7.92 473.9
2003 10 16 12 39675.8 0.205 148.15 121.93 0.71 -10.78 397.5
2003 10 17 12 39552.7 0.940 139.83 121.93 1.40 -10.20 434.4
2003 10 18 12 39430.7 0.052 136.08 121.93 4.03 -6.30 433.4
2003 10 19 12 39309.8 1.711 156.04 121.93 0.96 -10.94 356.9
2003 10 20 12 39190.1 0.634 110.65 121.93 -0.68 -11.82 371.9
2003 10 21 12 39071.5 1.649 145.89 121.93 -1.36 -13.34 348.1
2003 10 22 12 38954.2 0.725 130.39 121.93 0.67 -8.71 497.8
2003 10 23 12 38838.1 1.501 107.80 121.93 -0.86 -10.42 337.4
2003 10 24 12 38723.3 1.186 120.61 121.93 0.44 -11.05 378.1
2003 10 25 12 38609.8 4.874 133.56 121.93 -2.56 -13.55 326.7
2003 10 26 12 38497.7 3.470 134.50 121.93 0.70 -10.70 393.1
2003 10 27 12 38387.0 0.639 142.97 121.93 -2.14 -13.81 375.7
2003 10 28 12 38277.7 1.033 142.90 121.93 -0.68 -11.98 386.6
2003 10 29 12 38169.9 3.771 106.50 121.93 -1.46 -12.89 294.0
2003 10 30 12 38063.6 0.881 134.30 121.93 1.42 -11.20 422.1
2003 10 31 12 37958.7 1.594 138.52 121.93 -1.10 -12.29 399.3
2003 11 1 12 37855.5 0.179 129.84 121.93 1.36 -10.08 406.3
2003 11 2 12 37753.8 1.224 133.07 121.93 -0.92 -12.07 310.0
2003 11 3 12 37653.8 0.615 95.55 121.93 0.17 -11.29 369.7
2003 11 4 12 37555.3 0.308 108.70 121.93 -2.48 -14.17 330.8
2003 11 5 12 37458.6 1.456 143.08 121.93 -1.84 -12.54 379.0
2003 11 6 12 37363.5 2.436 117.44 121.93 -0.73 -11.71 312.8
2003 11 7 12 37270.2 1.351 154.05 121.93 -1.40 -11.68 343.3
2003 11 8 12 37178.7 0.696 100.61 121.93 -2.16 -13.16 369.7
2003 11 9 12 37088.9 0.326 142.35 121.93 -3.64 -15.20 341.1
2003 11 10 12 37000.9 9.427 108.85 121.93 -3.58 -14.49 323.2
2003 11 11 12 36914.8 0.615 130.08 121.93 -1.83 -14.81 338.2
2003 11 12 12 36830.5 2.476 111.87 121.93 -1.70 -11.42 385.2
2003 11 13 12 36748.2 0.802 117.22 121.93 -4.80 -15.98 309.3
2003 11 14 12 36667.7 2.168 123.61 121.93 -5.22 -14.87 307.0
2003 11 15 12 36589.2 0.915 104.69 121.93 -5.64 -17.74 259.6
2003 11 16 12 36512.6 1.713 125.14 121.93 -3.23 -15.52 252.9
2003 11 17 12 36438.0 1.107 108.39 121.93 -6.05 -17.16 278.6
2003 11 18 12 36365.4 3.297 114.32 121.93 -3.61 -14.72 268.1
2003 11 19 12 36294.9 2.816 71.27 121.93 -4.20 -15.33 315.1
2003 11 20 12 36226.3 0.840 105.20 121.93 -6.01 -17.26 241.6
2003 11 21 12 36159.9 0.820 128.55 121.93 -3.02 -14.93 312.6
2003 11 22 12 36095.5 0.630 119.38 121.93 -7.74 -20.32 164.9
2003 11 23 12 36033.3 0.482 121.63 121.93 -3.23 -14.40 296.9
2003 11 24 12 35973.2 3.764 108.53 121.93 -5.41 -17.83 254.4
2003 11 25 12 35915.2 0.604 132.30 121.93 -9.16 -21.67 189.3
2003 11 26 12 35859.3 2.718 110.92 121.93 -3.83 -15.54 322.1
2003 11 27 12 35805.7 1.128 96.16 121.93 -4.93 -15.98 245.9
2003 11 28 12 35754.2 4.823 118.37 121.93 -7.19 -17.00 215.0
2003 11 29 12 35704.9 9.112 118.89 121.93 -8.15 -18.77 195.4
2003 11 30 12 35657.9 0.762 114.02 121.93 -9.22 -19.47 178.7
2003 12 1 12 35613.1 1.156 98.09 121.93 -3.39 -14.27 361.6
2003 12 2 12 35570.6 1.681 107.93 121.93 -8.55 -19.66 247.0
2003 12 3 12 35530.3 1.587 124.20 121.93 -9.21 -18.61 197.9
2003 12 4 12 35492.2 0.371 110.09 121.93 -7.07 -19.52 260.8
2003 12 5 12 35456.5 9.868 80.40 121.93 -10.07 -21.80 202.4
2003 12 6 12 35423.1 1.703 92.80 121.93 -9.23 -20.90 133.2
2003 12 7 12 35391.9 3.425 91.79 121.93 -6.40 -17.09 227.3
2003 12 8 12 35363.1 3.559 90.32 121.93 -7.34 -19.52 159.8
2003 12 9 12 35336.6 0.262 69.70 121.93 -8.75 -19.54 206.7
2003 12 10 12 35312.4 1.522 129.48 121.93 -8.27 -19.21 216.4
2003 12 11 12 35290.6 4.499 87.76 121.93 -9.09 -19.84 203.6
2003 12 12 12 35271.1 7.586 88.65 121.93 -8.65 -19.41 151.0
2003 12 13 12 35253.9 1.602 71.41 121.93 -9.82 -19.99 157.4
2003 12 14 12 35239.2 0.373 113.39 121.93 -9.67 -21.11 185.6
2003 12 15 12 35226.7 1.196 98.90 121.93 -9.83 -20.81 202.5
2003 12 16 12 35216.7 1.567 94.90 121.93 -10.12 -22.11 97.2
2003 12 17 12 35209.0 1.513 95.62 121.93 -7.58 -19.75 166.6
2003 12 18 12 35203.6 0.822 108.85 121.93 -8.10 -18.08 269.0
2003 12 19 12 35200.7 0.324 92.81 121.93 -10.76 -22.81 107.2
2003 12 20 12 35200.1 0.579 70.17 121.93 -11.25 -22.14 156.8
2003 12 21 12 35201.9 1.271 80.65 121.93 -9.80 -20.77 145.0
2003 12 22 12 35206.0 4.871 79.91 121.93 -6.42 -16.88 287.3
2003 12 23 12 35212.5 6.683 104.25 121.93 -11.29 -24.02 59.1
2003 12 24 12 35221.4 2.811 114.16 121.93 -10.08 -20.77 175.5
2003 12 25 12 35232.6 0.627 122.31 121.93 -9.79 -21.24 203.4
2003 12 26 12 35246.3 1.413 75.94 121.93 -10.17 -22.05 177.2
2003 12 27 12 35262.2 0.074 109.93 121.93 -10.78 -22.38 138.5
2003 12 28 12 35280.5 8.776 91.58 121.93 -8.44 -19.01 198.9
2003 12 29 12 35301.2 1.189 144.86 121.93 -9.56 -20.38 185.5
2003 12 30 12 35324.2 3.828 122.00 121.93 -9.04 -20.55 150.4
2003 12 31 12 35349.5 6.658 127.02 121.93 -9.50 -21.81 160.8
2004 1 1 12 35377.2 5.761 113.81 121.93 -9.10 -21.36 170.4
2004 1 2 12 35407.2 1.693 107.80 121.93 -8.13 -18.93 208.9
2004 1 3 12 35439.5 4.443 96.36 121.93 -8.57 -20.99 210.3
2004 1 4 12 35474.1 11.023 93.75 121.93 -7.13 -18.62 195.4
2004 1 5 12 35511.0 1.229 91.11 121.93 -8.84 -18.09 187.0
2004 1 6 12 35550.1 0.336 112.76 121.93 -11.72 -22.75 129.3
2004 1 7 12 35591.5 0.956 127.32 121.93 -9.48 -20.29 197.9
2004 1 8 12 35635.2 4.296 99.00 121.93 -9.73 -21.98 157.2
2004 1 9 12 35681.2 1.817 93.98 121.93 -7.95 -20.33 188.8
2004 1 10 12 35729.3 2.548 83.04 121.93 -12.31 -23.08 104.6
2004 1 11 12 35779.7 5.077 109.47 121.93 -10.06 -21.68 136.9
2004 1 12 12 35832.2 0.954 124.76 121.93 -11.94 -22.40 137.3
2004 1 13 12 35887.0 2.455 126.06 121.93 -10.17 -21.46 153.8
2004 1 14 12 35943.9 1.553 128.12 121.93 -11.28 -19.84 236.2
2004 1 15 12 36003.0 11.323 114.26 121.93 -10.26 -22.03 167.2
2004 1 16 12 36064.1 6.091 109.99 121.93 -13.10 -24.19 100.2
2004 1 17 12 36127.5 1.906 128.51 121.93 -9.80 -21.84 196.0
2004 1 18 12 36192.9 1.794 93.28 121.93 -10.69 -21.18 189.7
2004 1 19 12 36260.3 12.608 103.99 121.93 -10.77 -21.74 124.5
2004 1 20 12 36329.9 11.835 136.96 121.93 -8.07 -20.16 99.5
2004 1 21 12 36401.5 4.545 95.90 121.93 -11.56 -23.14 97.4
2004 1 22 12 36475.1 2.827 112.23 121.93 -10.47 -20.69 204.0
2004 1 23 12 36550.6 0.542 122.98 121.93 -10.82 -21.14 204.0
2004 1 24 12 36628.2 1.048 115.52 121.93 -10.65 -23.11 88.1
2004 1 25 12 36707.7 7.820 132.32 121.93 -7.60 -19.29 233.9
2004 1 26 12 36789.1 0.561 138.78 121.93 -10.81 -20.67 205.1
2004 1 27 12 36872.4 1.829 123.92 121.93 -11.73 -23.18 178.2
2004 1 28 12 36957.6 0.308 138.43 121.93 -8.04 -19.22 244.2
2004 1 29 12 37044.7 5.699 104.52 121.93 -11.28 -21.77 205.1
2004 1 30 12 37133.6 4.031 116.97 121.93 -13.18 -25.57 103.3
2004 1 31 12 37224.2 3.024 156.32 121.93 -11.85 -23.92 135.3
2004 2 1 12 37316.7 1.897 150.31 121.93 -12.56 -24.14 107.1
2004 2 2 12 37410.8 0.241 102.95 121.93 -13.34 -23.70 150.7
2004 2 3 12 37506.7 1.621 122.88 121.93 -11.13 -21.64 127.3
2004 2 4 12 37604.3 2.489 126.08 121.93 -10.64 -21.38 168.2
2004 2 5 12 37703.6 5.450 131.28 121.93 -8.70 -20.14 213.5
2004 2 6 12 37804.5 7.704 145.16 121.93 -9.47 -19.88 244.5
2004 2 7 12 37906.9 5.994 154.66 121.93 -9.47 -20.91 167.4
2004 2 8 12 38011.0 4.093 128.67 121.93 -11.62 -22.48 179.5
2004 2 9 12 38116.5 3.036 146.00 121.93 -8.88 -19.47 204.7
2004 2 10 12 38223.6 3.720 139.96 121.93 -8.04 -18.01 269.5
2004 2 11 12 38332.2 1.515 131.00 121.93 -9.46 -20.82 159.5
2004 2 12 12 38442.2 3.328 106.95 121.93 -9.34 -20.95 202.9
2004 2 13 12 38553.6 2.513 148.81 121.93 -11.78 -22.07 155.8
2004 2 14 12 38666.4 18.052 143.74 121.93 -8.21 -18.44 195.7
2004 2 15 12 38780.5 3.838 141.65 121.93 -7.03 -18.79 219.7
2004 2 16 12 38896.0 1.828 122.24 121.93 -9.12 -21.33 213.1
2004 2 17 12 39012.7 2.228 167.51 121.93 -10.40 -20.75 154.5
2004 2 18 12 39130.6 6.835 141.59 121.93 -9.65 -22.29 109.8
2004 2 19 12 39249.8 4.346 123.38 121.93 -9.94 -22.61 159.8
2004 2 20 12 39370.1 4.138 122.17 121.93 -9.74 -21.27 124.2
2004 2 21 12 39491.6 9.733 153.08 121.93 -8.12 -19.43 258.2
2004 2 22 12 39614.2 12.734 154.75 121.93 -8.55 -20.80 230.1
2004 2 23 12 39737.8 5.909 138.43 121.93 -7.35 -18.57 259.7
2004 2 24 12 39862.5 2.002 153.56 121.93 -8.18 -19.37 212.3
2004 2 25 12 39988.1 2.073 157.90 121.93 -9.91 -21.70 216.0
2004 2 26 12 40114.7 8.977 151.25 121.93 -9.24 -19.02 260.1
2004 2 27 12 40242.2 13.691 139.90 121.93 -9.21 -20.26 178.7
2004 2 28 12 40370.6 0.451 166.13 121.93 -8.51 -19.01 263.0
2004 2 29 12 40499.8 2.942 165.56 121.93 -5.41 -17.97 213.2
2004 3 1 12 40629.8 11.678 162.81 121.93 -5.03 -17.60 242.0
2004 3 2 12 40760.6 4.661 143.10 121.93 -6.57 -17.60 194.2
2004 3 3 12 40892.1 0.447 136.96 121.93 -7.51 -17.42 255.9
2004 3 4 12 41024.3 3.138 159.39 121.93 -9.58 -21.79 155.4
2004 3 5 12 41157.2 4.657 173.52 121.93 -7.06 -18.35 219.5
2004 3 6 12 41290.6 3.367 176.51 121.93 -8.43 -20.82 178.7
2004 3 7 12 41424.6 7.729 171.01 121.93 -4.65 -16.62 250.2
2004 3 8 12 41559.2 8.152 156.83 121.93 -9.35 -20.59 189.4
2004 3 9 12 41694.2 2.473 152.88 121.93 -6.21 -18.00 278.5
2004 3 10 12 41829.7 5.902 166.04 121.93 -7.94 -20.38 160.5
2004 3 11 12 41965.5 1.612 167.54 121.93 -6.48 -18.94 247.1
2004 3 12 12 42101.8 3.244 185.63 121.93 -5.30 -18.21 242.2
2004 3 13 12 42238.3 2.200 163.19 121.93 -4.60 -15.62 298.8
2004 3 14 12 42375.2 1.837 165.80 121.93 -6.06 -16.98 259.4
2004 3 15 12 42512.3 3.360 203.95 121.93 -4.66 -15.58 266.8
2004 3 16 12 42649.6 0.711 197.76 121.93 -6.62 -18.75 238.3
2004 3 17 12 42787.0 7.032 162.63 121.93 -5.09 -15.68 301.9
2004 3 18 12 42924.6 1.826 199.28 121.93 -3.78 -14.61 283.7
2004 3 19 12 43062.3 6.703 161.79 121.93 -4.61 -16.00 239.8
2004 3 20 12 43200.0 0.941 173.49 121.93 -5.72 -17.24 257.7
2004 3 21 12 43337.7 1.802 176.57 121.93 -5.16 -17.08 281.0
2004 3 22 12 43475.4 0.694 181.59 121.93 -3.04 -14.29 344.4
2004 3 23 12 43613.0 0.653 193.43 121.93 -6.02 -16.12 313.6
2004 3 24 12 43750.4 1.106 187.10 121.93 -5.61 -16.10 289.2
2004 3 25 12 43887.7 0.945 196.10 121.93 -3.10 -14.71 297.9
2004 3 26 12 44024.8 0.693 182.22 121.93 -4.48 -15.45 291.0
2004 3 27 12 44161.7 2.884 195.23 121.93 -5.81 -18.09 200.9
2004 3 28 12 44298.2 5.001 192.17 121.93 -1.41 -12.23 335.0
2004 3 29 12 44434.5 5.222 171.52 121.93 -4.89 -16.96 259.2
2004 3 30 12 44570.3 0.195 200.95 121.93 -3.35 -14.20 308.1
2004 3 31 12 44705.8 2.055 196.50 121.93 -3.78 -12.81 346.6
2004 4 1 12 44840.8 1.824 185.70 121.93 -3.11 -14.96 259.5
2004 4 2 12 44975.4 9.011 191.38 121.93 -3.79 -12.85 308.4
2004 4 3 12 45109.4 2.114 193.09 121.93 -1.19 -12.20 379.3
2004 4 4 12 45242.8 2.546 196.75 121.93 -1.90 -13.90 297.0
2004 4 5 12 45375.7 0.362 228.14 121.93 -0.39 -12.42 331.2
2004 4 6 12 45507.9 1.008 234.43 121.93 -2.58 -12.08 361.2
2004 4 7 12 45639.4 0.320 163.50 121.93 1.74 -9.27 386.7
2004 4 8 12 45770.2 2.908 213.02 121.93 -4.12 -15.97 313.8
2004 4 9 12 45900.2 8.922 221.33 121.93 -3.43 -15.00 262.4
2004 4 10 12 46029.4 1.032 205.05 121.93 1.78 -9.28 414.5
2004 4 11 12 46157.8 2.043 223.50 121.93 0.06 -11.34 350.7
2004 4 12 12 46285.3 0.873 235.67 121.93 0.07 -11.05 383.6
2004 4 13 12 46411.9 1.276 191.54 121.93 0.41 -9.57 393.6
2004 4 14 12 46537.5 2.867 215.38 121.93 0.83 -11.48 369.7
2004 4 15 12 46662.2 12.138 243.97 121.93 0.62 -10.26 431.4
2004 4 16 12 46785.8 8.199 197.29 121.93 -1.07 -12.53 328.8
2004 4 17 12 46908.4 10.215 215.36 121.93 1.81 -9.99 379.4
2004 4 18 12 47029.9 5.833 211.57 121.93 1.78 -8.76 415.4
2004 4 19 12 47150.2 1.913 235.28 121.93 3.14 -9.43 455.7
2004 4 20 12 47269.4 1.622 238.56 121.93 3.85 -9.44 408.5
2004 4 21 12 47387.3 0.969 224.31 121.93 1.91 -9.31 450.8
2004 4 22 12 47504.0 1.839 223.52 121.93 -0.22 -11.73 360.0
2004 4 23 12 47619.5 8.237 198.41 121.93 4.48 -8.00 475.7
2004 4 24 12 47733.6 8.098 246.68 121.93 0.50 -12.26 366.9
2004 4 25 12 47846.4 14.769 221.17 121.93 2.74 -7.11 474.4
2004 4 26 12 47957.8 2.836 225.44 121.93 2.06 -8.97 377.5
2004 4 27 12 48067.8 0.446 243.25 121.93 2.00 -9.38 364.8
2004 4 28 12 48176.4 3.890 232.73 121.93 4.00 -5.65 519.2
2004 4 29 12 48283.5 11.049 245.89 121.93 3.42 -7.16 488.5
2004 4 30 12 48389.0 8.657 240.94 121.93 4.03 -5.96 553.5
2004 5 1 12 48493.1 1.299 235.99 121.93 2.24 -10.11 353.3
2004 5 2 12 48595.5 0.494 238.61 121.93 3.40 -8.97 435.1
2004 5 3 12 48696.4 0.469 218.12 121.93 2.71 -8.20 405.4
2004 5 4 12 48795.7 0.947 233.72 121.93 3.77 -7.30 431.7
2004 5 5 12 48893.3 1.129 253.19 121.93 4.09 -6.31 458.6
2004 5 6 12 48989.2 1.532 224.41 121.93 7.23 -5.48 501.9
2004 5 7 12 49083.3 4.050 228.10 121.93 4.27 -6.57 448.7
2004 5 8 12 49175.8 1.446 226.56 121.93 1.67 -8.94 422.2
2004 5 9 12 49266.4 2.209 242.97 121.93 7.14 -3.51 554.8
2004 5 10 12 49355.3 0.826 262.59 121.93 5.92 -5.81 517.7
2004 5 11 12 49442.4 0.770 250.63 121.93 5.24 -5.74 505.9
2004 5 12 12 49527.6 0.152 210.62 121.93 4.97 -7.05 472.6
2004 5 13 12 49610.9 1.337 253.84 121.93 4.40 -7.24 451.0
2004 5 14 12 49692.3 0.213 238.29 121.93 8.91 -3.32 516.5
2004 5 15 12 49771.8 1.205 253.36 121.93 6.27 -5.74 501.5
2004 5 16 12 49849.4 2.226 244.25 121.93 3.77 -7.82 412.1
2004 5 17 12 49924.9 6.718 234.34 121.93 7.05 -4.74 508.8
2004 5 18 12 49998.5 0.668 246.91 121.93 8.55 -3.45 498.7
2004 5 19 12 50070.1 2.095 242.08 121.93 7.16 -5.28 493.2
2004 5 20 12 50139.7 0.880 254.01 121.93 5.75 -4.08 486.8
2004 5 21 12 50207.1 0.178 236.78 121.93 5.79 -6.01 467.9
2004 5 22 12 50272.5 6.418 233.85 121.93 6.08 -5.06 478.6
2004 5 23 12 50335.9 2.156 262.34 121.93 9.91 -2.90 518.2
2004 5 24 12 50397.0 2.864 268.60 121.93 7.69 -2.62 545.0
2004 5 25 12 50456.1 7.054 261.26 121.93 5.45 -5.81 411.0
2004 5 26 12 50513.0 1.060 243.40 121.93 8.71 -3.04 485.1
2004 5 27 12 50567.8 0.303 242.58 121.93 8.51 -3.23 559.4
2004 5 28 12 50620.3 0.584 243.97 121.93 7.79 -2.91 546.2
2004 5 29 12 50670.7 0.253 268.06 121.93 7.09 -6.67 444.9
2004 5 30 12 50718.8 4.547 242.81 121.93 7.19 -4.87 531.8
2004 5 31 12 50764.8 8.156 268.91 121.93 10.57 -0.93 562.3
2004 6 1 12 50808.5 1.826 265.64 121.93 9.46 -2.04 541.8
2004 6 2 12 50849.9 3.111 275.06 121.93 9.96 0.57 587.8
2004 6 3 12 50889.0 3.837 272.84 121.93 9.76 -1.91 619.0
2004 6 4 12 50925.9 6.568 265.40 121.93 10.03 -0.58 595.5
2004 6 5 12 50960.5 7.392 235.57 121.93 8.98 -0.97 586.5
2004 6 6 12 50992.8 0.065 267.08 121.93 9.52 -1.35 587.0
2004 6 7 12 51022.8 0.730 259.96 121.93 11.71 -0.23 539.9
2004 6 8 12 51050.5 1.478 252.91 121.93 12.22 -0.21 578.1
2004 6 9 12 51075.8 0.606 279.19 121.93 8.40 -2.40 565.6
2004 6 10 12 51098.8 1.050 256.72 121.93 10.05 -0.03 599.2
2004 6 11 12 51119.5 2.134 251.25 121.93 11.75 0.79 681.9
2004 6 12 12 51137.8 2.050 276.24 121.93 13.44 3.03 644.5
2004 6 13 12 51153.7 3.252 253.46 121.93 13.41 4.08 710.0
2004 6 14 12 51167.4 1.390 250.98 121.93 9.66 -1.07 602.9
2004 6 15 12 51178.6 0.888 242.88 121.93 12.89 0.61 616.4
2004 6 16 12 51187.5 1.804 247.57 121.93 11.18 -0.18 606.1
2004 6 17 12 51194.0 3.264 248.92 121.93 12.76 2.46 640.5
2004 6 18 12 51198.1 2.822 269.30 121.93 12.49 0.89 558.6
2004 6 19 12 51199.9 1.115 244.71 121.93 9.51 -0.68 596.8
2004 6 20 12 51199.3 0.557 232.13 121.93 12.34 0.88 630.5
2004 6 21 12 51196.4 1.137 264.51 121.93 13.12 1.98 657.3
2004 6 22 12 51191.0 0.610 250.40 121.93 11.67 -0.01 601.8
2004 6 23 12 51183.3 3.476 259.59 121.93 11.43 0.15 632.2
2004 6 24 12 51173.3 1.083 278.97 121.93 9.53 -1.70 540.0
2004 6 25 12 51160.8 1.641 260.68 121.93 12.99 0.31 650.2
2004 6 26 12 51146.1 0.159 282.10 121.93 12.36 0.61 582.6
2004 6 27 12 51128.9 2.787 258.27 121.93 10.75 -1.64 564.0
2004 6 28 12 51109.4 0.918 274.20 121.93 11.72 -0.01 620.3
2004 6 29 12 51087.6 1.491 250.66 121.93 12.51 0.47 594.0
2004 6 30 12 51063.4 1.793 260.25 121.93 11.51 0.92 640.8
2004 7 1 12 51036.9 2.533 244.37 121.93 12.42 1.84 626.4
2004 7 2 12 51008.1 1.217 245.87 121.93 9.85 -1.10 581.5
2004 7 3 12 50976.9 0.870 254.40 121.93 14.56 2.14 637.4
2004 7 4 12 50943.5 0.200 237.51 121.93 12.61 1.13 605.4
2004 7 5 12 50907.8 0.116 259.47 121.93 10.99 -1.49 637.8
2004 7 6 12 50869.7 1.119 252.16 121.93 9.00 -2.52 524.4
2004 7 7 12 50829.4 1.322 259.81 121.93 14.28 3.40 599.3
2004 7 8 12 50786.9 1.516 236.17 121.93 13.61 3.01 636.0
2004 7 9 12 50742.1 0.325 265.95 121.93 13.13 2.11 646.1
2004 7 10 12 50695.1 0.465 280.41 121.93 14.14 3.75 663.7
2004 7 11 12 50645.8 1.015 276.76 121.93 14.17 2.98 690.1
2004 7 12 12 50594.3 0.522 282.50 121.93 13.20 1.61 661.7
2004 7 13 12 50540.7 5.756 254.04 121.93 12.55 1.85 627.4
2004 7 14 12 50484.8 0.425 247.56 121.93 12.33 1.65 582.5
2004 7 15 12 50426.8 1.243 259.58 121.93 13.60 1.78 597.1
2004 7 16 12 50366.7 1.772 248.09 121.93 15.08 3.98 678.6
2004 7 17 12 50304.5 1.842 224.94 121.93 12.84 1.20 577.1
2004 7 18 12 50240.1 0.466 262.69 121.93 15.21 2.21 633.1
2004 7 19 12 50173.7 1.335 246.22 121.93 13.56 2.51 692.9
2004 7 20 12 50105.1 1.166 227.04 121.93 13.57 1.13 633.0
2004 7 21 12 50034.6 1.348 240.72 121.93 16.60 5.46 710.7
2004 7 22 12 49962.0 0.845 244.45 121.93 15.47 2.84 625.5
2004 7 23 12 49887.4 1.605 247.05 121.93 15.49 3.52 675.8
2004 7 24 12 49810.8 0.923 246.47 121.93 11.76 0.02 592.6
2004 7 25 12 49732.3 0.118 265.86 121.93 16.23 5.79 723.0
2004 7 26 12 49651.8 0.871 225.19 121.93 12.80 0.97 641.2
2004 7 27 12 49569.5 0.963 241.41 121.93 12.55 0.29 632.8
2004 7 28 12 49485.2 1.405 229.67 121.93 9.63 -1.48 574.2
2004 7 29 12 49399.1 0.793 260.83 121.93 13.32 1.75 650.3
2004 7 30 12 49311.1 2.905 232.69 121.93 11.17 0.40 592.7
2004 7 31 12 49221.3 0.594 235.06 121.93 13.37 1.16 657.1
2004 8 1 12 49129.8 0.360 255.04 121.93 10.97 -0.26 568.2
2004 8 2 12 49036.5 2.123 258.24 121.93 15.36 5.94 712.5
2004 8 3 12 48941.4 0.557 259.50 121.93 13.44 1.85 674.1
2004 8 4 12 48844.7 0.670 211.80 121.93 15.98 4.73 680.2
2004 8 5 12 48746.2 0.864 242.71 121.93 10.97 -1.76 524.6
2004 8 6 12 48646.2 0.787 238.51 121.93 14.77 2.69 641.4
2004 8 7 12 48544.5 1.081 232.68 121.93 9.68 -1.36 614.6
2004 8 8 12 48441.3 1.176 233.41 121.93 12.63 0.96 551.1
2004 8 9 12 48336.4 0.297 250.65 121.93 11.30 0.39 610.8
2004 8 10 12 48230.1 0.137 245.88 121.93 11.50 0.44 589.7
2004 8 11 12 48122.3 0.162 242.68 121.93 11.32 -1.14 572.2
2004 8 12 12 48013.0 1.758 231.23 121.93 10.64 0.05 590.6
2004 8 13 12 47902.3 0.465 261.08 121.93 10.04 -2.36 581.7
2004 8 14 12 47790.2 1.247 219.89 121.93 11.18 -0.84 584.9
2004 8 15 12 47676.7 1.146 200.53 121.93 11.92 0.71 644.5
2004 8 16 12 47561.9 0.610 219.64 121.93 13.40 3.26 703.6
2004 8 17 12 47445.8 0.199 223.32 121.93 12.00 -0.20 596.9
2004 8 18 12 47328.5 1.157 240.83 121.93 13.21 1.93 627.8
2004 8 19 12 47209.9 0.582 212.43 121.93 9.14 -2.13 568.6
2004 8 20 12 47090.2 0.118 226.27 121.93 10.60 -0.27 611.7
2004 8 21 12 46969.3 0.343 195.53 121.93 12.21 1.76 600.5
2004 8 22 12 46847.3 0.058 232.69 121.93 11.55 -0.18 603.5
2004 8 23 12 46724.2 0.361 216.27 121.93 9.62 -0.97 573.1
2004 8 24 12 46600.0 0.632 209.79 121.93 12.20 1.86 624.7
2004 8 25 12 46474.8 0.517 244.72 121.93 9.88 -0.09 577.4
2004 8 26 12 46348.7 0.453 227.54 121.93 9.39 -1.61 549.0
2004 8 27 12 46221.7 0.628 194.62 121.93 11.16 -0.12 635.4
2004 8 28 12 46093.7 0.948 207.30 121.93 10.31 -1.47 559.6
2004 8 29 12 45964.9 1.313 248.69 121.93 9.38 -3.18 570.6
2004 8 30 12 45835.3 1.478 236.03 121.93 9.20 -2.43 555.4
2004 8 31 12 45704.9 0.245 218.89 121.93 8.29 -3.02 505.6
2004 9 1 12 45573.7 1.621 176.03 121.93 9.16 -2.33 559.2
2004 9 2 12 45441.8 0.596 222.40 121.93 11.26 0.34 571.2
2004 9 3 12 45309.3 0.413 191.57 121.93 9.83 -2.73 563.6
2004 9 4 12 45176.2 0.168 219.61 121.93 10.76 -0.79 578.0
2004 9 5 12 45042.4 0.925 187.58 121.93 9.94 0.14 628.4
2004 9 6 12 44908.2 0.898 204.41 121.93 8.10 -2.51 592.9
2004 9 7 12 44773.4 0.327 186.13 121.93 6.39 -4.52 457.6
2004 9 8 12 44638.1 0.341 188.93 121.93 7.31 -3.77 510.7
2004 9 9 12 44502.5 0.539 202.36 121.93 7.54 -4.15 480.6
2004 9 10 12 44366.4 0.429 171.88 121.93 7.26 -5.54 553.9
2004 9 11 12 44230.0 0.251 225.89 121.93 9.69 -1.34 559.9
2004 9 12 12 44093.3 0.153 173.52 121.93 9.51 -3.85 483.6
2004 9 13 12 43956.3 1.810 171.32 121.93 11.20 -0.46 658.1
2004 9 14 12 43819.1 0.389 195.57 121.93 6.57 -4.83 481.5
2004 9 15 12 43681.7 0.979 204.20 121.93 9.94 -1.82 515.0
2004 9 16 12 43544.2 1.182 178.59 121.93 9.76 0.09 567.1
2004 9 17 12 43406.5 1.051 165.99 121.93 6.84 -3.10 542.4
2004 9 18 12 43268.9 1.273 166.85 121.93 7.73 -2.85 544.4
2004 9 19 12 43131.1 1.067 163.86 121.93 8.70 -3.44 506.0
2004 9 20 12 42993.5 0.336 182.56 121.93 6.57 -3.30 519.5
2004 9 21 12 42855.8 0.522 175.51 121.93 6.27 -4.64 508.8
2004 9 22 12 42718.3 1.984 181.57 121.93 5.35 -6.81 503.6
2004 9 23 12 42580.9 0.423 179.28 121.93 2.56 -8.81 433.7
2004 9 24 12 42443.7 0.758 184.80 121.93 6.02 -4.62 490.8
2004 9 25 12 42306.7 1.253 164.92 121.93 4.66 -7.22 448.7
2004 9 26 12 42170.0 2.784 158.63 121.93 3.92 -7.37 475.7
2004 9 27 12 42033.6 1.974 170.68 121.93 5.97 -5.17 546.9
2004 9 28 12 41897.5 0.258 166.15 121.93 2.97 -9.31 380.7
2004 9 29 12 41761.9 1.153 169.41 121.93 6.16 -5.45 524.3
2004 9 30 12 41626.6 1.045 153.59 121.93 5.48 -6.74 455.9
2004 10 1 12 41491.8 0.611 172.55 121.93 3.96 -6.74 416.4
2004 10 2 12 41357.6 0.882 143.90 121.93 4.27 -7.86 388.2
2004 10 3 12 41223.8 0.403 153.63 121.93 2.38 -8.79 464.3
2004 10 4 12 41090.7 0.740 175.84 121.93 5.09 -7.42 495.2
2004 10 5 12 40958.2 0.513 140.61 121.93 4.04 -8.26 417.7
2004 10 6 12 40826.3 1.013 172.02 121.93 3.96 -8.39 425.8
2004 10 7 12 40695.1 0.644 133.81 121.93 4.11 -7.52 396.2
2004 10 8 12 40564.7 3.567 129.87 121.93 2.19 -9.06 441.6
2004 10 9 12 40435.1 1.098 129.94 121.93 0.68 -10.43 390.5
2004 10 10 12 40306.3 0.912 152.81 121.93 4.19 -8.63 380.8
2004 10 11 12 40178.3 0.781 160.73 121.93 3.58 -7.96 447.0
2004 10 12 12 40051.3 0.700 167.90 121.93 1.54 -10.46 349.0
2004 10 13 12 39925.2 0.206 165.44 121.93 2.75 -8.22 452.2
2004 10 14 12 39800.0 2.160 158.94 121.93 3.82 -7.80 411.5
2004 10 15 12 39675.8 3.370 132.28 121.93 3.43 -8.03 449.4
2004 10 16 12 39552.7 0.600 130.92 121.93 0.67 -11.33 353.9
2004 10 17 12 39430.7 2.911 154.12 121.93 -0.92 -10.94 310.2
2004 10 18 12 39309.8 7.148 162.42 121.93 -0.87 -13.30 363.9
2004 10 19 12 39190.1 5.318 124.43 121.93 0.43 -11.29 405.7
2004 10 20 12 39071.5 3.513 158.12 121.93 2.88 -8.43 415.7
2004 10 21 12 38954.2 0.281 108.74 121.93 -0.61 -12.21 364.0
2004 10 22 12 38838.1 0.281 142.23 121.93 -0.62 -12.63 360.6
2004 10 23 12 38723.3 2.166 133.68 121.93 -0.85 -13.70 340.0
2004 10 24 12 38609.8 1.223 131.04 121.93 -0.93 -12.89 394.1
2004 10 25 12 38497.7 0.044 133.45 121.93 -0.36 -12.52 362.0
2004 10 26 12 38387.0 0.799 119.06 121.93 -2.47 -12.52 338.8
2004 10 27 12 38277.7 2.210 137.47 121.93 0.88 -8.71 438.6
2004 10 28 12 38169.9 1.095 130.61 121.93 -1.17 -12.61 334.9
2004 10 29 12 38063.6 1.325 142.67 121.93 2.56 -9.96 368.8
2004 10 30 12 37958.7 0.316 151.44 121.93 -3.12 -13.93 358.0
2004 10 31 12 37855.5 0.848 128.46 121.93 0.82 -11.36 388.8
2004 11 1 12 37753.8 2.487 113.26 121.93 0.32 -11.52 313.8
2004 11 2 12 37653.8 0.825 107.47 121.93 -2.58 -14.48 289.8
2004 11 3 12 37555.3 4.025 149.03 121.93 -2.76 -14.56 331.6
2004 11 4 12 37458.6 1.479 146.14 121.93 -3.74 -15.43 244.5
2004 11 5 12 37363.5 2.186 134.95 121.93 -3.93 -16.38 249.9
2004 11 6 12 37270.2 2.616 121.60 121.93 -2.76 -14.72 385.4
2004 11 7 12 37178.7 2.558 132.01 121.93 -2.92 -13.51 319.9
2004 11 8 12 37088.9 0.465 138.46 121.93 -5.55 -16.98 292.9
2004 11 9 12 37000.9 0.591 108.74 121.93 0.10 -11.20 421.0
2004 11 10 12 36914.8 0.053 117.59 121.93 -3.92 -17.11 230.6
2004 11 11 12 36830.5 1.122 99.71 121.93 -3.62 -14.27 322.7
2004 11 12 12 36748.2 0.557 113.55 121.93 -4.85 -16.80 325.8
2004 11 13 12 36667.7 0.927 137.84 121.93 -4.50 -15.00 313.8
2004 11 14 12 36589.2 1.302 130.07 121.93 -4.82 -16.10 349.0
2004 11 15 12 36512.6 1.948 115.15 121.93 -4.48 -16.32 254.4
2004 11 16 12 36438.0 1.447 71.98 121.93 -4.68 -17.42 305.6
2004 11 17 12 36365.4 1.437 101.82 121.93 -3.63 -13.29 334.7
2004 11 18 12 36294.9 2.406 112.48 121.93 -4.67 -15.43 281.5
2004 11 19 12 36226.3 1.685 107.02 121.93 -4.14 -14.85 322.3
2004 11 20 12 36159.9 3.905 110.09 121.93 -5.38 -15.33 290.1
2004 11 21 12 36095.5 1.732 112.59 121.93 -5.20 -16.42 269.1
2004 11 22 12 36033.3 6.452 100.33 121.93 -6.08 -16.40 286.7
2004 11 23 12 35973.2 0.532 107.62 121.93 -4.38 -16.16 222.5
2004 11 24 12 35915.2 1.292 104.91 121.93 -5.57 -16.38 248.5
2004 11 25 12 35859.3 0.882 96.05 121.93 -6.46 -18.36 254.5
2004 11 26 12 35805.7 2.308 133.75 121.93 -6.67 -18.47 260.4
2004 11 27 12 35754.2 0.556 98.40 121.93 -6.71 -18.03 250.1
2004 11 28 12 35704.9 0.269 71.24 121.93 -6.66 -19.07 226.8
2004 11 29 12 35657.9 0.726 131.33 121.93 -6.95 -18.08 250.4
2004 11 30 12 35613.1 0.309 91.44 121.93 -7.86 -19.50 238.6
2004 12 1 12 35570.6 1.613 117.20 121.93 -6.02 -19.01 177.0
2004 12 2 12 35530.3 2.365 93.09 121.93 -6.08 -17.84 227.8
2004 12 3 12 35492.2 0.218 111.46 121.93 -4.79 -16.47 268.4
2004 12 4 12 35456.5 1.344 101.84 121.93 -8.52 -19.24 221.2
2004 12 5 12 35423.1 5.154 117.24 121.93 -6.76 -17.93 178.2
2004 12 6 12 35391.9 6.537 98.71 121.93 -10.76 -21.00 142.3
2004 12 7 12 35363.1 4.135 91.80 121.93 -6.79 -17.77 244.1
2004 12 8 12 35336.6 0.021 105.22 121.93 -10.35 -22.19 186.5
2004 12 9 12 35312.4 2.316 95.39 121.93 -9.78 -21.22 163.0
2004 12 10 12 35290.6 5.956 71.97 121.93 -7.93 -19.61 187.8
2004 12 11 12 35271.1 1.280 91.69 121.93 -9.49 -20.50 205.9
2004 12 12 12 35253.9 0.460 143.57 121.93 -9.82 -21.17 166.8
2004 12 13 12 35239.2 5.739 73.07 121.93 -9.53 -21.43 197.9
2004 12 14 12 35226.7 6.528 103.88 121.93 -7.82 -19.21 209.1
2004 12 15 12 35216.7 2.193 96.52 121.93 -10.43 -21.46 137.3
2004 12 16 12 35209.0 0.484 127.64 121.93 -9.22 -21.43 214.0
2004 12 17 12 35203.6 0.195 83.37 121.93 -9.82 -20.97 217.8
2004 12 18 12 35200.7 3.144 101.53 121.93 -8.13 -20.79 155.5
2004 12 19 12 35200.1 1.126 110.29 121.93 -8.19 -18.70 237.8
2004 12 20 12 35201.9 2.142 97.33 121.93 -12.31 -23.29 124.4
2004 12 21 12 35206.0 1.927 88.55 121.93 -8.09 -18.19 254.9
2004 12 22 12 35212.5 0.838 99.79 121.93 -10.67 -22.96 114.5
2004 12 23 12 35221.4 0.184 95.57 121.93 -9.49 -19.98 226.6
2004 12 24 12 35232.6 1.470 95.64 121.93 -11.34 -21.99 196.1
2004 12 25 12 35246.3 2.753 114.42 121.93 -9.45 -21.00 151.6
2004 12 26 12 35262.2 2.903 106.67 121.93 -6.26 -17.97 242.7
2004 12 27 12 35280.5 1.106 109.08 121.93 -9.98 -22.25 191.6
2004 12 28 12 35301.2 7.162 105.97 121.93 -10.93 -23.41 101.8
2004 12 29 12 35324.2 0.617 115.64 121.93 -10.66 -22.66 126.7
2004 12 30 12 35349.5 5.924 121.06 121.93 -12.58 -24.99 120.1
2004 12 31 12 35377.2 2.780 97.47 121.93 -8.27 -18.39 227.3
2005 1 1 12 35377.2 1.559 114.06 121.93 -9.97 -22.58 101.2
2005 1 2 12 35407.2 3.924 82.63 121.93 -12.08 -23.36 123.2
2005 1 3 12 35439.5 1.967 68.60 121.93 -12.09 -23.14 189.6
2005 1 4 12 35474.1 0.358 130.14 121.93 -10.59 -21.71 227.8
2005 1 5 12 35511.0 0.576 98.11 121.93 -9.27 -20.31 174.7
2005 1 6 12 35550.1 1.866 107.29 121.93 -12.44 -23.08 111.0
2005 1 7 12 35591.5 1.385 85.54 121.93 -9.09 -20.84 169.4
2005 1 8 12 35635.2 6.099 85.28 121.93 -10.93 -22.26 208.8
2005 1 9 12 35681.2 1.326 94.12 121.93 -12.23 -23.86 148.0
2005 1 10 12 35729.3 1.237 114.94 121.93 -11.57 -21.92 205.4
2005 1 11 12 35779.7 1.055 98.05 121.93 -8.27 -17.99 270.1
2005 1 12 12 35832.2 0.950 101.29 121.93 -13.00 -25.36 53.3
2005 1 13 12 35887.0 0.995 95.70 121.93 -12.04 -25.06 70.3
2005 1 14 12 35943.9 0.478 124.93 121.93 -9.53 -20.48 169.6
2005 1 15 12 36003.0 3.135 121.06 121.93 -10.65 -21.19 160.5
2005 1 16 12 36064.1 2.306 101.38 121.93 -12.17 -22.01 139.5
2005 1 17 12 36127.5 2.216 119.54 121.93 -9.55 -20.36 176.0
2005 1 18 12 36192.9 0.265 106.25 121.93 -9.48 -19.76 223.9
2005 1 19 12 36260.3 3.957 105.54 121.93 -10.50 -20.57 192.6
2005 1 20 12 36329.9 4.354 110.55 121.93 -11.92 -22.14 193.7
2005 1 21 12 36401.5 9.835 121.66 121.93 -11.68 -22.37 160.1
2005 1 22 12 36475.1 4.172 99.37 121.93 -10.55 -22.98 120.1
2005 1 23 12 36550.6 11.588 121.04 121.93 -12.94 -24.34 118.8
2005 1 24 12 36628.2 1.241 151.75 121.93 -8.96 -20.12 152.3
2005 1 25 12 36707.7 10.428 117.82 121.93 -8.38 -19.86 133.4
2005 1 26 12 36789.1 4.362 116.43 121.93 -11.26 -22.69 165.5
2005 1 27 12 36872.4 3.879 115.46 121.93 -10.35 -20.49 220.7
2005 1 28 12 36957.6 2.248 124.75 121.93 -9.07 -21.07 180.7
2005 1 29 12 37044.7 1.773 94.29 121.93 -7.88 -18.64 215.4
2005 1 30 12 37133.6 1.386 144.85 121.93 -8.44 -19.59 168.0
2005 1 31 12 37224.2 10.923 134.96 121.93 -13.34 -25.42 126.5
2005 2 1 12 37316.7 2.198 111.50 121.93 -11.16 -23.42 146.3
2005 2 2 12 37410.8 4.527 122.58 121.93 -9.89 -22.65 155.7
2005 2 3 12 37506.7 5.491 114.71 121.93 -11.33 -22.34 153.0
2005 2 4 12 37604.3 5.434 128.53 121.93 -7.86 -19.31 199.7
2005 2 5 12 37703.6 3.385 125.96 121.93 -8.03 -20.09 164.8
2005 2 6 12 37804.5 10.618 129.47 121.93 -11.64 -24.54 116.8
2005 2 7 12 37906.9 4.251 111.64 121.93 -10.59 -21.64 151.0
2005 2 8 12 38011.0 1.373 120.89 121.93 -11.40 -22.94 128.4
2005 2 9 12 38116.5 1.917 146.36 121.93 -10.50 -22.47 202.1
2005 2 10 12 38223.6 0.315 122.23 121.93 -10.47 -22.64 145.8
2005 2 11 12 38332.2 3.794 91.67 121.93 -8.62 -20.21 122.2
2005 2 12 12 38442.2 4.978 130.16 121.93 -11.30 -22.33 137.4
2005 2 13 12 38553.6 5.382 169.71 121.93 -13.81 -25.47 60.5
2005 2 14 12 38666.4 4.550 147.40 121.93 -12.20 -24.55 104.8
2005 2 15 12 38780.5 2.341 127.04 121.93 -11.25 -22.69 103.4
2005 2 16 12 38896.0 2.834 136.20 121.93 -10.59 -21.16 189.9
2005 2 17 12 39012.7 2.845 148.32 121.93 -9.23 -20.60 179.2
2005 2 18 12 39130.6 6.943 112.96 121.93 -11.03 -22.37 138.2
2005 2 19 12 39249.8 0.136 127.66 121.93 -11.12 -22.78 148.8
2005 2 20 12 39370.1 1.701 147.68 121.93 -10.59 -22.70 143.6
2005 2 21 12 39491.6 0.806 166.83 121.93 -10.76 -22.90 138.0
2005 2 22 12 39614.2 14.501 137.55 121.93 -9.81 -22.54 142.6
2005 2 23 12 39737.8 8.170 168.88 121.93 -9.75 -20.21 195.2
2005 2 24 12 39862.5 1.786 135.31 121.93 -7.70 -18.73 235.6
2005 2 25 12 39988.1 0.444 97.10 121.93 -10.10 -21.43 177.8
2005 2 26 12 40114.7 0.668 160.30 121.93 -9.03 -20.19 230.0
2005 2 27 12 40242.2 6.865 158.53 121.93 -9.18 -20.31 177.4
2005 2 28 12 40370.6 0.301 162.75 121.93 -7.02 -19.01 227.0
2005 3 1 12 40499.8 2.884 163.45 121.93 -8.33 -19.99 273.6
2005 3 2 12 40629.8 5.911 157.17 121.93 -6.39 -18.17 235.4
2005 3 3 12 40760.6 0.574 151.72 121.93 -9.55 -18.94 221.0
2005 3 4 12 40892.1 2.844 153.61 121.93 -7.76 -18.34 195.3
2005 3 5 12 41024.3 1.809 151.34 121.93 -8.40 -19.67 185.2
2005 3 6 12 41157.2 1.548 153.57 121.93 -9.23 -19.54 206.0
2005 3 7 12 41290.6 1.252 133.74 121.93 -7.35 -17.75 260.9
2005 3 8 12 41424.6 6.303 144.03 121.93 -4.49 -17.00 279.5
2005 3 9 12 41559.2 9.553 161.14 121.93 -8.22 -19.80 213.8
2005 3 10 12 41694.2 2.126 131.33 121.93 -6.97 -18.39 256.4
2005 3 11 12 41829.7 4.006 136.18 121.93 -8.59 -19.50 179.9
2005 3 12 12 41965.5 2.876 162.64 121.93 -8.65 -20.23 210.0
2005 3 13 12 42101.8 0.177 167.09 121.93 -7.48 -18.96 221.2
2005 3 14 12 42238.3 2.019 165.68 121.93 -6.81 -18.58 232.1
2005 3 15 12 42375.2 0.111 136.05 121.93 -6.58 -17.14 246.4
2005 3 16 12 42512.3 1.607 196.41 121.93 -6.14 -18.69 197.5
2005 3 17 12 42649.6 2.698 152.95 121.93 -8.10 -19.84 166.7
2005 3 18 12 42787.0 5.340 163.60 121.93 -6.39 -19.27 224.2
2005 3 19 12 42924.6 3.601 158.32 121.93 -4.53 -16.75 279.9
2005 3 20 12 43062.3 6.271 198.11 121.93 -7.14 -18.29 230.4
2005 3 21 12 43200.0 0.980 186.32 121.93 -5.46 -16.59 267.8
2005 3 22 12 43337.7 8.302 174.28 121.93 -4.31 -15.96 259.3
2005 3 23 12 43475.4 9.227 174.60 121.93 -5.74 -16.24 290.4
2005 3 24 12 43613.0 0.256 186.82 121.93 -3.87 -14.18 318.2
2005 3 25 12 43750.4 2.567 166.81 121.93 -6.47 -17.93 230.4
2005 3 26 12 43887.7 1.424 192.59 121.93 -2.67 -13.87 348.5
2005 3 27 12 44024.8 1.693 180.02 121.93 -3.27 -15.03 318.7
2005 3 28 12 44161.7 3.460 197.41 121.93 -3.54 -14.44 265.1
2005 3 29 12 44298.2 6.285 198.27 121.93 -1.75 -14.10 319.4
2005 3 30 12 44434.5 0.883 183.44 121.93 -3.74 -13.70 297.2
2005 3 31 12 44570.3 7.151 162.91 121.93 -3.98 -14.47 314.9
2005 4 1 12 44705.8 1.137 191.36 121.93 -0.80 -13.16 242.3
2005 4 2 12 44840.8 14.726 174.67 121.93 0.10 -11.93 367.3
2005 4 3 12 44975.4 7.959 198.93 121.93 -3.50 -14.56 330.1
2005 4 4 12 45109.4 1.269 195.25 121.93 -2.43 -14.10 314.6
2005 4 5 12 45242.8 0.416 191.61 121.93 -0.50 -11.46 335.8
2005 4 6 12 45375.7 1.222 182.32 121.93 -1.98 -13.67 385.3
2005 4 7 12 45507.9 1.019 220.88 121.93 -0.77 -10.95 415.7
2005 4 8 12 45639.4 4.369 197.59 121.93 -0.29 -11.68 350.4
2005 4 9 12 45770.2 0.095 241.00 121.93 -2.10 -11.57 360.9
2005 4 10 12 45900.2 0.243 207.53 121.93 -0.43 -11.34 313.7
2005 4 11 12 46029.4 4.186 213.57 121.93 -0.86 -13.34 347.4
2005 4 12 12 46157.8 0.937 210.17 121.93 -2.47 -12.20 314.9
2005 4 13 12 46285.3 1.447 215.98 121.93 -1.93 -12.45 371.0
2005 4 14 12 46411.9 5.071 228.51 121.93 -1.22 -12.31 384.5
2005 4 15 12 46537.5 5.977 229.94 121.93 1.36 -9.52 407.5
2005 4 16 12 46662.2 7.106 188.12 121.93 1.62 -10.73 353.4
2005 4 17 12 46785.8 4.611 228.69 121.93 1.51 -11.34 410.7
2005 4 18 12 46908.4 1.897 224.54 121.93 1.25 -10.19 396.3
2005 4 19 12 47029.9 1.718 218.84 121.93 1.41 -8.88 425.1
2005 4 20 12 47150.2 1.493 245.19 121.93 1.42 -9.67 378.7
2005 4 21 12 47269.4 0.475 246.99 121.93 1.82 -8.21 441.5
2005 4 22 12 47387.3 0.732 235.44 121.93 2.13 -8.22 429.6
2005 4 23 12 47504.0 6.043 214.89 121.93 -0.49 -11.87 322.7
2005 4 24 12 47619.5 0.982 206.31 121.93 0.64 -9.81 443.9
2005 4 25 12 47733.6 0.466 236.65 121.93 0.49 -9.69 458.9
2005 4 26 12 47846.4 6.333 246.86 121.93 3.90 -7.57 479.2
2005 4 27 12 47957.8 2.728 197.15 121.93 4.92 -6.65 493.1
2005 4 28 12 48067.8 8.925 244.97 121.93 -0.61 -11.89 415.1
2005 4 29 12 48176.4 8.101 225.94 121.93 5.20 -8.13 406.0
2005 4 30 12 48283.5 0.510 203.70 121.93 3.19 -7.99 408.4
2005 5 1 12 48389.0 1.919 238.93 121.93 4.78 -6.05 466.7
2005 5 2 12 48493.1 0.609 246.57 121.93 4.22 -7.06 467.7
2005 5 3 12 48595.5 0.597 228.69 121.93 5.82 -5.30 485.2
2005 5 4 12 48696.4 1.294 219.10 121.93 4.18 -7.26 424.3
2005 5 5 12 48795.7 3.700 261.64 121.93 2.02 -10.98 380.6
2005 5 6 12 48893.3 3.687 226.90 121.93 4.10 -5.96 477.9
2005 5 7 12 48989.2 3.251 255.28 121.93 5.24 -6.46 496.1
2005 5 8 12 49083.3 1.611 216.14 121.93 4.34 -7.56 450.2
2005 5 9 12 49175.8 3.762 246.00 121.93 5.84 -4.47 453.4
2005 5 10 12 49266.4 0.400 246.48 121.93 4.95 -5.67 498.3
2005 5 11 12 49355.3 2.450 254.65 121.93 4.35 -6.83 510.8
2005 5 12 12 49442.4 1.971 264.82 121.93 3.81 -6.98 461.3
2005 5 13 12 49527.6 1.436 231.07 121.93 5.04 -7.28 483.9
2005 5 14 12 49610.9 2.469 251.92 121.93 6.12 -5.34 478.0
2005 5 15 12 49692.3 0.554 224.42 121.93 3.07 -7.30 471.0
2005 5 16 12 49771.8 3.086 225.05 121.93 5.02 -6.92 439.3
2005 5 17 12 49849.4 1.822 237.82 121.93 3.38 -8.81 416.3
2005 5 18 12 49924.9 0.211 253.39 121.93 5.64 -5.70 478.8
2005 5 19 12 49998.5 1.742 273.14 121.93 8.54 -2.78 558.7
2005 5 20 12 50070.1 0.964 276.59 121.93 5.15 -5.74 460.6
2005 5 21 12 50139.7 4.770 244.07 121.93 8.16 -4.34 469.2
2005 5 22 12 50207.1 0.394 254.65 121.93 11.55 -1.89 576.4
2005 5 23 12 50272.5 0.411 264.87 121.93 9.64 -1.03 592.4
2005 5 24 12 50335.9 2.497 262.84 121.93 7.83 -4.44 514.6
2005 5 25 12 50397.0 1.407 249.43 121.93 9.09 -2.80 572.0
2005 5 26 12 50456.1 1.319 253.70 121.93 5.92 -7.23 449.3
2005 5 27 12 50513.0 3.034 251.48 121.93 5.78 -4.81 512.3
2005 5 28 12 50567.8 1.115 250.55 121.93 8.34 -2.77 534.0
2005 5 29 12 50620.3 0.146 249.08 121.93 9.06 -2.09 550.5
2005 5 30 12 50670.7 1.020 252.91 121.93 10.27 -0.89 592.4
2005 5 31 12 50718.8 0.302 249.10 121.93 7.93 -5.12 565.6
2005 6 1 12 50764.8 0.498 238.62 121.93 9.23 -2.96 563.1
2005 6 2 12 50808.5 0.515 269.02 121.93 9.33 -2.43 567.9
2005 6 3 12 50849.9 3.804 264.24 121.93 9.05 -2.95 564.2
2005 6 4 12 50889.0 0.200 285.04 121.93 9.28 -2.33 482.9
2005 6 5 12 50925.9 3.390 262.80 121.93 8.26 -2.95 550.7
2005 6 6 12 50960.5 2.218 251.35 121.93 10.10 -0.49 617.5
2005 6 7 12 50992.8 2.158 248.53 121.93 10.12 -2.47 553.2
2005 6 8 12 51022.8 0.429 258.94 121.93 9.30 -2.10 556.6
2005 6 9 12 51050.5 2.845 266.80 121.93 11.10 0.27 577.2
2005 6 10 12 51075.8 0.352 255.09 121.93 11.77 -0.36 579.7
2005 6 11 12 51098.8 4.703 236.93 121.93 11.38 -0.17 571.5
2005 6 12 12 51119.5 3.439 248.11 121.93 8.93 -2.10 588.0
2005 6 13 12 51137.8 5.240 259.65 121.93 10.77 -0.63 632.5
2005 6 14 12 51153.7 1.327 270.64 121.93 9.37 -1.49 628.3
2005 6 15 12 51167.4 1.068 237.39 121.93 11.00 -0.32 568.1
2005 6 16 12 51178.6 0.786 263.76 121.93 9.61 -2.04 539.2
2005 6 17 12 51187.5 6.989 263.19 121.93 13.00 0.66 590.8
2005 6 18 12 51194.0 2.172 253.17 121.93 12.37 1.17 592.9
2005 6 19 12 51198.1 0.237 251.18 121.93 13.03 1.71 604.2
2005 6 20 12 51199.9 3.739 248.95 121.93 12.99 0.79 600.4
2005 6 21 12 51199.3 0.938 262.11 121.93 11.10 0.17 629.6
2005 6 22 12 51196.4 0.464 276.87 121.93 10.97 0.58 590.2
2005 6 23 12 51191.0 2.925 277.88 121.93 14.32 2.39 679.4
2005 6 24 12 51183.3 1.718 242.97 121.93 11.55 -0.43 632.3
2005 6 25 12 51173.3 2.022 256.93 121.93 9.85 -2.16 565.4
2005 6 26 12 51160.8 3.384 226.71 121.93 13.48 0.74 651.6
2005 6 27 12 51146.1 0.067 261.10 121.93 12.27 2.47 608.6
2005 6 28 12 51128.9 0.430 268.25 121.93 14.39 2.63 635.9
2005 6 29 12 51109.4 1.084 282.66 121.93 12.57 0.48 615.4
2005 6 30 12 51087.6 2.692 232.08 121.93 12.25 -0.05 605.6
2005 7 1 12 51063.4 0.255 242.31 121.93 14.64 2.93 701.4
2005 7 2 12 51036.9 0.673 260.53 121.93 10.10 -1.85 533.0
2005 7 3 12 51008.1 0.952 233.81 121.93 11.60 1.35 610.8
2005 7 4 12 50976.9 0.366 260.35 121.93 11.20 -1.20 573.5
2005 7 5 12 50943.5 0.911 266.78 121.93 9.30 -3.33 517.8
2005 7 6 12 50907.8 0.770 237.86 121.93 13.95 2.99 628.6
2005 7 7 12 50869.7 0.479 258.69 121.93 11.85 0.37 593.0
2005 7 8 12 50829.4 1.831 238.11 121.93 14.09 2.51 642.9
2005 7 9 12 50786.9 1.519 276.50 121.93 13.36 2.41 691.6
2005 7 10 12 50742.1 1.845 258.52 121.93 13.72 2.43 618.1
2005 7 11 12 50695.1 1.962 245.35 121.93 12.17 0.73 639.0
2005 7 12 12 50645.8 0.091 235.89 121.93 11.73 -0.79 622.3
2005 7 13 12 50594.3 0.110 259.78 121.93 13.04 0.31 590.8
2005 7 14 12 50540.7 1.538 273.78 121.93 14.31 2.35 654.8
2005 7 15 12 50484.8 0.471 241.28 121.93 12.88 0.61 629.4
2005 7 16 12 50426.8 0.396 245.67 121.93 11.91 0.73 626.9
2005 7 17 12 50366.7 0.321 240.39 121.93 11.18 -1.66 569.3
2005 7 18 12 50304.5 1.678 274.38 121.93 13.30 1.54 610.4
2005 7 19 12 50240.1 4.033 221.77 121.93 12.17 0.63 632.4
2005 7 20 12 50173.7 1.697 269.02 121.93 12.89 1.46 618.0
2005 7 21 12 50105.1 0.407 243.39 121.93 12.64 1.56 632.1
2005 7 22 12 50034.6 1.509 247.27 121.93 12.33 0.67 618.6
2005 7 23 12 49962.0 0.089 242.51 121.93 13.43 1.49 655.5
2005 7 24 12 49887.4 0.538 250.47 121.93 13.81 3.40 725.9
2005 7 25 12 49810.8 0.044 235.16 121.93 15.91 4.25 662.9
2005 7 26 12 49732.3 0.400 261.20 121.93 14.08 3.81 677.8
2005 7 27 12 49651.8 0.784 261.00 121.93 15.31 3.65 628.5
2005 7 28 12 49569.5 4.071 228.94 121.93 11.67 0.25 649.5
2005 7 29 12 49485.2 1.848 252.86 121.93 10.46 -1.05 580.3
2005 7 30 12 49399.1 0.043 236.64 121.93 12.81 1.59 622.9
2005 7 31 12 49311.1 0.052 241.89 121.93 14.08 2.35 648.5
2005 8 1 12 49221.3 0.243 263.09 121.93 13.81 2.48 652.8
2005 8 2 12 49129.8 0.045 229.19 121.93 14.53 4.35 665.1
2005 8 3 12 49036.5 0.256 252.26 121.93 8.86 -1.70 601.6
2005 8 4 12 48941.4 0.251 244.27 121.93 14.49 3.94 698.1
2005 8 5 12 48844.7 0.879 233.54 121.93 13.06 0.59 635.4
2005 8 6 12 48746.2 1.272 240.97 121.93 10.19 -2.16 536.5
2005 8 7 12 48646.2 1.021 238.19 121.93 13.53 2.30 624.0
2005 8 8 12 48544.5 0.740 216.07 121.93 12.63 1.85 633.6
2005 8 9 12 48441.3 0.067 223.31 121.93 12.88 1.07 645.4
2005 8 10 12 48336.4 0.618 215.69 121.93 13.74 1.78 650.7
2005 8 11 12 48230.1 1.814 226.15 121.93 12.81 2.53 627.3
2005 8 12 12 48122.3 2.331 249.40 121.93 9.88 -0.97 600.7
2005 8 13 12 48013.0 0.797 236.85 121.93 11.80 1.24 595.7
2005 8 14 12 47902.3 0.038 205.53 121.93 9.50 -2.25 535.1
2005 8 15 12 47790.2 0.800 221.80 121.93 12.81 1.00 624.7
2005 8 16 12 47676.7 0.455 228.27 121.93 13.85 3.21 629.0
2005 8 17 12 47561.9 0.051 234.78 121.93 9.79 -1.82 534.8
2005 8 18 12 47445.8 0.127 212.70 121.93 10.55 -1.34 619.8
2005 8 19 12 47328.5 0.165 202.72 121.93 10.14 -1.99 601.1
2005 8 20 12 47209.9 1.023 219.25 121.93 10.68 -1.13 646.0
2005 8 21 12 47090.2 2.154 227.44 121.93 11.87 1.17 636.9
2005 8 22 12 46969.3 0.878 221.22 121.93 10.48 -2.13 576.8
2005 8 23 12 46847.3 1.047 203.20 121.93 12.01 1.11 617.6
2005 8 24 12 46724.2 0.480 241.56 121.93 12.51 0.55 600.4
2005 8 25 12 46600.0 0.264 212.52 121.93 12.45 0.88 643.8
2005 8 26 12 46474.8 0.900 215.65 121.93 9.00 -2.52 590.5
2005 8 27 12 46348.7 0.693 201.56 121.93 12.63 1.06 644.7
2005 8 28 12 46221.7 0.186 226.81 121.93 12.63 1.00 594.7
2005 8 29 12 46093.7 0.650 217.51 121.93 12.63 0.87 629.2
2005 8 30 12 45964.9 0.520 212.37 121.93 9.93 -1.93 538.4
2005 8 31 12 45835.3 0.368 189.08 121.93 8.90 -1.44 561.5
2005 9 1 12 45704.9 0.257 221.46 121.93 8.42 -2.96 589.9
2005 9 2 12 45573.7 0.783 215.09 121.93 8.10 -3.40 496.0
2005 9 3 12 45441.8 0.282 217.64 121.93 9.63 -2.29 619.3
2005 9 4 12 45309.3 2.974 201.65 121.93 10.74 -0.99 596.7
2005 9 5 12 45176.2 0.884 198.64 121.93 11.28 -0.63 573.3
2005 9 6 12 45042.4 0.816 195.69 121.93 8.44 -2.35 555.1
2005 9 7 12 44908.2 0.450 231.27 121.93 8.96 -3.04 518.6
2005 9 8 12 44773.4 0.349 187.60 121.93 8.71 -4.49 493.8
2005 9 9 12 44638.1 0.022 176.59 121.93 7.75 -3.60 530.2
2005 9 10 12 44502.5 0.221 187.43 121.93 9.65 -1.97 550.6
2005 9 11 12 44366.4 0.038 183.67 121.93 8.93 -2.94 513.2
2005 9 12 12 44230.0 0.037 209.20 121.93 8.43 -2.24 548.6
2005 9 13 12 44093.3 0.109 168.59 121.93 8.59 -5.00 460.6
2005 9 14 12 43956.3 1.772 179.14 121.93 8.81 -1.33 535.2
2005 9 15 12 43819.1 1.785 189.05 121.93 8.62 -1.93 522.9
2005 9 16 12 43681.7 0.243 203.84 121.93 6.29 -5.62 537.8
2005 9 17 12 43544.2 0.070 194.14 121.93 8.71 -3.05 551.2
2005 9 18 12 43406.5 0.367 206.35 121.93 7.58 -3.42 549.5
2005 9 19 12 43268.9 1.211 185.88 121.93 6.36 -4.61 508.1
2005 9 20 12 43131.1 1.581 176.26 121.93 7.19 -4.72 520.8
2005 9 21 12 42993.5 0.786 190.77 121.93 7.17 -5.52 524.8
2005 9 22 12 42855.8 0.946 156.05 121.93 8.09 -1.62 579.9
2005 9 23 12 42718.3 0.869 149.53 121.93 4.72 -5.92 530.8
2005 9 24 12 42580.9 0.092 188.45 121.93 8.09 -3.19 535.1
2005 9 25 12 42443.7 2.899 175.60 121.93 5.95 -5.31 511.7
2005 9 26 12 42306.7 0.840 185.53 121.93 4.96 -5.94 502.3
2005 9 27 12 42170.0 0.013 156.91 121.93 4.73 -6.08 450.4
2005 9 28 12 42033.6 1.094 187.61 121.93 3.84 -9.23 416.7
2005 9 29 12 41897.5 0.211 177.03 121.93 2.54 -9.14 361.9
2005 9 30 12 41761.9 1.959 165.15 121.93 5.97 -5.79 480.2
2005 10 1 12 41626.6 1.805 167.38 121.93 7.73 -3.80 515.6
2005 10 2 12 41491.8 1.387 168.12 121.93 2.13 -8.65 416.8
2005 10 3 12 41357.6 0.923 148.72 121.93 2.94 -9.89 389.9
2005 10 4 12 41223.8 2.544 154.46 121.93 5.29 -7.19 471.6
2005 10 5 12 41090.7 2.813 163.87 121.93 3.90 -8.05 412.4
2005 10 6 12 40958.2 0.245 151.20 121.93 5.02 -6.26 530.6
2005 10 7 12 40826.3 1.485 134.22 121.93 3.41 -7.32 470.5
2005 10 8 12 40695.1 0.409 159.37 121.93 2.49 -7.61 423.8
2005 10 9 12 40564.7 0.205 166.19 121.93 2.82 -8.81 443.2
2005 10 10 12 40435.1 3.043 168.38 121.93 -0.62 -11.36 402.7
2005 10 11 12 40306.3 1.828 159.05 121.93 1.03 -9.80 415.1
2005 10 12 12 40178.3 1.157 162.06 121.93 3.97 -7.00 429.8
2005 10 13 12 40051.3 0.313 163.33 121.93 4.13 -7.29 521.3
2005 10 14 12 39925.2 3.326 148.45 121.93 4.24 -7.48 469.7
2005 10 15 12 39800.0 0.266 114.22 121.93 2.59 -9.66 369.3
2005 10 16 12 39675.8 0.188 162.16 121.93 -1.66 -13.97 326.9
2005 10 17 12 39552.7 0.951 130.13 121.93 0.56 -10.56 382.2
2005 10 18 12 39430.7 1.883 125.34 121.93 3.30 -8.15 437.3
2005 10 19 12 39309.8 0.661 124.55 121.93 3.54 -8.19 400.3
2005 10 20 12 39190.1 1.189 177.17 121.93 2.94 -7.93 443.1
2005 10 21 12 39071.5 0.500 145.32 121.93 0.34 -11.22 350.6
2005 10 22 12 38954.2 0.584 121.92 121.93 -1.48 -13.61 317.4
2005 10 23 12 38838.1 4.917 126.13 121.93 0.22 -11.40 383.7
2005 10 24 12 38723.3 0.956 135.22 121.93 0.09 -10.65 372.7
2005 10 25 12 38609.8 3.741 142.23 121.93 2.21 -10.00 391.2
2005 10 26 12 38497.7 0.065 137.17 121.93 0.00 -11.23 400.0
2005 10 27 12 38387.0 3.048 117.94 121.93 -0.52 -11.96 334.1
2005 10 28 12 38277.7 0.424 135.53 121.93 -0.64 -12.65 327.6
2005 10 29 12 38169.9 2.476 120.53 121.93 -0.35 -11.99 322.6
2005 10 30 12 38063.6 0.432 144.34 121.93 -0.22 -12.87 317.8
2005 10 31 12 37958.7 0.730 128.43 121.93 -2.45 -13.76 328.7
2005 11 1 12 37855.5 0.280 115.16 121.93 -3.15 -15.64 306.4
2005 11 2 12 37753.8 2.672 135.87 121.93 0.29 -10.25 370.8
2005 11 3 12 37653.8 3.113 130.29 121.93 -4.43 -15.90 300.3
2005 11 4 12 37555.3 0.491 116.43 121.93 0.29 -11.56 371.9
2005 11 5 12 37458.6 0.128 133.54 121.93 -5.23 -15.70 244.5
2005 11 6 12 37363.5 4.408 131.07 121.93 -3.44 -15.66 292.0
2005 11 7 12 37270.2 0.599 138.73 121.93 -1.30 -13.30 369.9
2005 11 8 12 37178.7 1.122 130.44 121.93 -2.95 -15.82 226.9
2005 11 9 12 37088.9 0.405 115.68 121.93 -5.12 -15.47 350.7
2005 11 10 12 37000.9 2.730 92.65 121.93 -2.70 -12.60 329.6
2005 11 11 12 36914.8 2.832 119.95 121.93 -3.43 -16.17 227.1
2005 11 12 12 36830.5 5.476 121.43 121.93 -4.05 -16.10 282.2
2005 11 13 12 36748.2 3.980 116.25 121.93 -4.85 -16.19 301.1
2005 11 14 12 36667.7 3.790 69.51 121.93 -4.15 -15.96 272.3
2005 11 15 12 36589.2 1.363 124.07 121.93 -5.16 -16.58 277.7
2005 11 16 12 36512.6 1.200 99.45 121.93 -0.82 -12.31 417.3
2005 11 17 12 36438.0 2.953 122.67 121.93 -5.01 -16.09 284.4
2005 11 18 12 36365.4 1.330 137.16 121.93 -5.40 -17.56 338.2
2005 11 19 12 36294.9 4.427 107.16 121.93 -5.83 -17.07 296.5
2005 11 20 12 36226.3 0.425 116.84 121.93 -2.53 -14.82 305.1
2005 11 21 12 36159.9 2.769 110.09 121.93 -7.83 -19.56 217.6
2005 11 22 12 36095.5 0.851 116.84 121.93 -5.00 -17.79 234.6
2005 11 23 12 36033.3 0.346 109.88 121.93 -6.07 -17.80 251.5
2005 11 24 12 35973.2 9.860 99.98 121.93 -8.02 -19.88 219.3
2005 11 25 12 35915.2 1.701 93.58 121.93 -7.28 -17.93 229.3
2005 11 26 12 35859.3 0.239 130.45 121.93 -5.74 -17.19 214.8
2005 11 27 12 35805.7 0.772 112.64 121.93 -7.68 -18.98 260.0
2005 11 28 12 35754.2 1.254 118.00 121.93 -6.16 -17.57 277.7
2005 11 29 12 35704.9 2.977 111.04 121.93 -4.11 -17.21 213.2
2005 11 30 12 35657.9 0.803 119.22 121.93 -6.61 -19.60 213.1
2005 12 1 12 35613.1 1.513 90.69 121.93 -9.20 -20.85 213.8
2005 12 2 12 35570.6 2.416 104.95 121.93 -8.44 -19.62 235.4
2005 12 3 12 35530.3 2.920 110.88 121.93 -7.75 -19.34 192.5
2005 12 4 12 35492.2 1.692 122.31 121.93 -8.00 -20.09 227.7
2005 12 5 12 35456.5 8.486 142.66 121.93 -7.38 -18.98 220.9
2005 12 6 12 35423.1 3.746 108.34 121.93 -7.29 -18.95 232.7
2005 12 7 12 35391.9 3.590 92.00 121.93 -5.30 -16.08 250.9
2005 12 8 12 35363.1 3.501 83.70 121.93 -8.04 -18.86 95.1
2005 12 9 12 35336.6 5.551 87.79 121.93 -9.89 -21.74 141.9
2005 12 10 12 35312.4 2.443 89.51 121.93 -6.57 -18.01 255.9
2005 12 11 12 35290.6 0.520 57.39 121.93 -6.53 -17.71 239.6
2005 12 12 12 35271.1 3.043 90.58 121.93 -8.21 -19.27 234.2
2005 12 13 12 35253.9 3.463 111.29 121.93 -9.05 -19.13 250.7
2005 12 14 12 35239.2 6.626 101.52 121.93 -7.86 -19.29 204.3
2005 12 15 12 35226.7 0.460 96.39 121.93 -9.23 -19.70 193.2
2005 12 16 12 35216.7 0.660 75.84 121.93 -12.11 -24.44 50.0
2005 12 17 12 35209.0 2.195 115.85 121.93 -8.30 -20.21 149.4
2005 12 18 12 35203.6 3.938 107.71 121.93 -7.91 -21.02 139.4
2005 12 19 12 35200.7 0.348 99.81 121.93 -7.20 -18.48 247.2
2005 12 20 12 35200.1 0.501 66.96 121.93 -10.56 -21.44 161.6
2005 12 21 12 35201.9 4.977 92.66 121.93 -9.22 -22.67 130.7
2005 12 22 12 35206.0 0.382 106.57 121.93 -9.28 -20.53 169.9
2005 12 23 12 35212.5 0.713 99.70 121.93 -9.62 -20.54 165.9
2005 12 24 12 35221.4 5.392 103.09 121.93 -9.67 -20.63 215.1
2005 12 25 12 35232.6 4.105 110.61 121.93 -9.87 -22.23 158.2
2005 12 26 12 35246.3 1.031 102.78 121.93 -9.69 -20.47 220.2
2005 12 27 12 35262.2 3.722 110.37 121.93 -8.98 -20.37 126.7
2005 12 28 12 35280.5 3.085 88.15 121.93 -8.34 -19.27 230.7
2005 12 29 12 35301.2 2.008 82.67 121.93 -11.38 -22.88 127.9
2005 12 30 12 35324.2 1.474 108.40 121.93 -10.57 -21.67 158.2
2005 12 31 12 35349.5 3.682 111.73 121.93 -11.01 -21.53 210.0
2006 1 1 12 35377.2 0.474 109.56 121.93 -11.29 -22.86 131.2
2006 1 2 12 35407.2 3.689 104.05 121.93 -12.93 -24.10 132.7
2006 1 3 12 35439.5 2.917 97.53 121.93 -10.53 -20.93 151.0
2006 1 4 12 35474.1 3.156 105.91 121.93 -9.90 -21.40 173.0
2006 1 5 12 35511.0 0.731 108.80 121.93 -10.90 -23.20 88.3
2006 1 6 12 35550.1 8.025 110.09 121.93 -10.73 -21.58 166.6
2006 1 7 12 35591.5 1.120 143.02 121.93 -10.13 -20.38 204.0
2006 1 8 12 35635.2 1.368 90.54 121.93 -8.68 -19.05 252.2
2006 1 9 12 35681.2 2.056 153.20 121.93 -11.46 -22.29 129.7
2006 1 10 12 35729.3 4.538 86.44 121.93 -12.62 -25.90 66.2
2006 1 11 12 35779.7 3.185 111.58 121.93 -11.03 -22.94 121.9
2006 1 12 12 35832.2 0.228 88.40 121.93 -8.09 -19.96 193.2
2006 1 13 12 35887.0 2.504 111.46 121.93 -12.68 -24.05 90.1
2006 1 14 12 35943.9 2.747 122.17 121.93 -9.98 -20.03 134.6
2006 1 15 12 36003.0 8.594 108.52 121.93 -9.24 -21.50 138.7
2006 1 16 12 36064.1 1.804 123.24 121.93 -14.53 -24.14 115.7
2006 1 17 12 36127.5 4.319 102.92 121.93 -10.38 -22.09 153.9
2006 1 18 12 36192.9 7.470 79.18 121.93 -10.09 -22.11 174.4
2006 1 19 12 36260.3 0.724 120.00 121.93 -11.40 -22.12 182.8
2006 1 20 12 36329.9 5.369 111.76 121.93 -11.97 -22.63 134.0
2006 1 21 12 36401.5 4.088 104.82 121.93 -11.88 -22.76 97.3
2006 1 22 12 36475.1 1.780 106.59 121.93 -11.47 -23.49 142.3
2006 1 23 12 36550.6 5.491 119.61 121.93 -11.42 -22.42 151.3
2006 1 24 12 36628.2 0.722 102.06 121.93 -11.69 -23.91 114.0
2006 1 25 12 36707.7 1.249 120.71 121.93 -11.45 -23.49 166.9
2006 1 26 12 36789.1 2.244 133.72 121.93 -9.12 -20.60 201.6
2006 1 27 12 36872.4 1.714 147.63 121.93 -12.70 -24.76 108.6
2006 1 28 12 36957.6 5.043 138.64 121.93 -13.47 -24.03 124.3
2006 1 29 12 37044.7 2.591 120.87 121.93 -9.00 -20.87 208.2
2006 1 30 12 37133.6 1.529 123.20 121.93 -11.06 -22.64 126.5
2006 1 31 12 37224.2 7.712 114.24 121.93 -11.32 -23.42 105.2
2006 2 1 12 37316.7 4.923 114.18 121.93 -10.86 -21.43 164.5
2006 2 2 12 37410.8 0.342 135.19 121.93 -10.33 -22.26 119.5
2006 2 3 12 37506.7 1.559 118.45 121.93 -11.37 -21.86 161.4
2006 2 4 12 37604.3 0.440 129.53 121.93 -9.77 -20.32 196.5
2006 2 5 12 37703.6 6.749 110.60 121.93 -11.92 -23.67 124.4
2006 2 6 12 37804.5 1.372 146.60 121.93 -10.87 -22.24 144.3
2006 2 7 12 37906.9 4.614 122.23 121.93 -13.67 -25.45 140.6
2006 2 8 12 38011.0 5.606 144.43 121.93 -8.52 -19.48 238.6
2006 2 9 12 38116.5 1.461 118.61 121.93 -10.47 -22.03 156.6
2006 2 10 12 38223.6 2.211 118.89 121.93 -9.13 -20.86 185.6
2006 2 11 12 38332.2 3.690 151.24 121.93 -9.34 -20.70 227.3
2006 2 12 12 38442.2 6.493 123.03 121.93 -9.14 -21.81 146.3
2006 2 13 12 38553.6 16.998 110.02 121.93 -9.90 -21.36 143.9
2006 2 14 12 38666.4 11.532 119.06 121.93 -9.21 -20.09 204.9
2006 2 15 12 38780.5 2.646 148.66 121.93 -11.15 -22.44 163.7
2006 2 16 12 38896.0 2.614 148.37 121.93 -11.37 -22.00 174.6
2006 2 17 12 39012.7 10.577 126.69 121.93 -9.66 -21.36 197.5
2006 2 18 12 39130.6 2.811 129.83 121.93 -10.43 -22.20 134.1
2006 2 19 12 39249.8 1.435 150.59 121.93 -7.17 -19.46 168.5
2006 2 20 12 39370.1 6.978 161.44 121.93 -8.64 -20.36 175.3
2006 2 21 12 39491.6 3.904 141.88 121.93 -10.16 -19.99 217.7
2006 2 22 12 39614.2 0.341 152.46 121.93 -9.38 -20.56 161.1
2006 2 23 12 39737.8 1.988 158.48 121.93 -8.66 -20.53 131.5
2006 2 24 12 39862.5 0.474 178.92 121.93 -8.84 -21.05 183.4
2006 2 25 12 39988.1 0.009 130.55 121.93 -8.21 -20.89 165.2
2006 2 26 12 40114.7 12.929 139.12 121.93 -8.39 -20.45 139.1
2006 2 27 12 40242.2 3.209 142.82 121.93 -10.45 -21.24 177.4
2006 2 28 12 40370.6 2.072 164.12 121.93 -11.46 -23.20 124.4
2006 3 1 12 40499.8 1.578 149.22 121.93 -8.66 -20.83 233.7
2006 3 2 12 40629.8 2.864 158.98 121.93 -7.12 -19.20 218.6
2006 3 3 12 40760.6 1.551 157.43 121.93 -8.37 -19.25 232.6
2006 3 4 12 40892.1 0.797 156.95 121.93 -5.83 -17.29 253.6
2006 3 5 12 41024.3 1.662 159.85 121.93 -7.61 -19.51 191.8
2006 3 6 12 41157.2 9.670 175.02 121.93 -5.36 -17.00 245.3
2006 3 7 12 41290.6 6.782 146.35 121.93 -5.52 -15.15 329.4
2006 3 8 12 41424.6 1.658 160.02 121.93 -5.52 -15.94 303.6
2006 3 9 12 41559.2 13.858 145.36 121.93 -8.74 -18.97 175.9
2006 3 10 12 41694.2 2.586 168.34 121.93 -6.76 -19.56 171.4
2006 3 11 12 41829.7 1.065 163.36 121.93 -4.79 -16.31 238.0
2006 3 12 12 41965.5 4.008 183.69 121.93 -6.06 -17.97 272.4
2006 3 13 12 42101.8 10.855 168.95 121.93 -5.47 -16.44 219.4
2006 3 14 12 42238.3 9.152 163.73 121.93 -8.22 -18.77 248.2
2006 3 15 12 42375.2 1.128 168.05 121.93 -3.09 -14.23 327.3
2006 3 16 12 42512.3 0.568 198.97 121.93 -6.99 -19.09 222.7
2006 3 17 12 42649.6 1.810 150.94 121.93 -8.62 -20.55 174.8
2006 3 18 12 42787.0 4.617 166.46 121.93 -5.98 -16.89 297.9
2006 3 19 12 42924.6 5.842 177.79 121.93 -8.95 -19.78 207.9
2006 3 20 12 43062.3 7.945 169.08 121.93 -6.73 -18.02 196.3
2006 3 21 12 43200.0 3.260 187.36 121.93 -1.09 -12.38 316.0
2006 3 22 12 43337.7 3.359 180.53 121.93 -5.31 -16.67 217.2
2006 3 23 12 43475.4 3.119 186.59 121.93 -6.70 -17.89 278.2
2006 3 24 12 43613.0 6.981 185.90 121.93 -4.34 -15.17 339.4
2006 3 25 12 43750.4 5.820 183.96 121.93 -5.54 -16.44 303.9
2006 3 26 12 43887.7 1.039 167.51 121.93 -2.71 -14.09 313.9
2006 3 27 12 44024.8 5.152 190.89 121.93 -5.15 -16.59 225.4
2006 3 28 12 44161.7 6.491 163.17 121.93 -3.22 -14.69 274.5
2006 3 29 12 44298.2 6.928 180.90 121.93 -5.16 -17.18 226.7
2006 3 30 12 44434.5 3.630 199.68 121.93 0.65 -11.38 371.0
2006 3 31 12 44570.3 3.422 211.55 121.93 -2.29 -13.26 376.4
2006 4 1 12 44705.8 2.527 230.30 121.93 -3.07 -15.04 340.6
2006 4 2 12 44840.8 2.803 189.98 121.93 -3.10 -13.85 308.4
2006 4 3 12 44975.4 11.230 184.78 121.93 -3.29 -14.73 238.2
2006 4 4 12 45109.4 2.875 206.93 121.93 -3.40 -14.15 282.0
2006 4 5 12 45242.8 1.104 228.48 121.93 -3.25 -14.14 352.9
2006 4 6 12 45375.7 3.586 224.75 121.93 0.65 -10.07 405.5
2006 4 7 12 45507.9 5.310 187.55 121.93 -2.49 -14.27 303.9
2006 4 8 12 45639.4 6.368 202.29 121.93 -4.66 -15.73 272.7
2006 4 9 12 45770.2 0.696 218.46 121.93 -3.01 -13.82 301.1
2006 4 10 12 45900.2 9.063 220.80 121.93 0.34 -12.30 317.8
2006 4 11 12 46029.4 5.018 217.17 121.93 -1.23 -11.27 436.8
2006 4 12 12 46157.8 8.539 202.85 121.93 -0.85 -10.44 442.8
2006 4 13 12 46285.3 0.363 219.60 121.93 1.31 -9.33 388.7
2006 4 14 12 46411.9 6.595 226.06 121.93 -1.40 -12.16 304.2
2006 4 15 12 46537.5 0.625 199.40 121.93 0.92 -10.01 404.8
2006 4 16 12 46662.2 1.803 234.58 121.93 -0.83 -12.49 345.9
2006 4 17 12 46785.8 4.981 230.74 121.93 1.24 -10.24 414.0
2006 4 18 12 46908.4 0.527 205.95 121.93 0.00 -10.63 413.1
2006 4 19 12 47029.9 1.282 232.17 121.93 0.43 -11.75 330.0
2006 4 20 12 47150.2 0.336 231.70 121.93 2.23 -10.02 438.0
2006 4 21 12 47269.4 4.731 233.46 121.93 2.33 -9.39 401.6
2006 4 22 12 47387.3 0.877 245.51 121.93 1.16 -9.71 424.0
2006 4 23 12 47504.0 2.394 222.88 121.93 0.91 -11.18 368.5
2006 4 24 12 47619.5 3.508 229.17 121.93 4.22 -7.36 480.6
2006 4 25 12 47733.6 3.143 185.76 121.93 2.92 -8.57 357.7
2006 4 26 12 47846.4 2.846 243.20 121.93 1.65 -10.56 411.0
2006 4 27 12 47957.8 2.819 242.87 121.93 1.46 -11.89 337.3
2006 4 28 12 48067.8 0.355 249.02 121.93 4.18 -8.04 441.5
2006 4 29 12 48176.4 1.744 215.71 121.93 3.02 -8.17 474.0
2006 4 30 12 48283.5 2.727 245.27 121.93 2.81 -8.20 411.9
2006 5 1 12 48389.0 2.418 247.17 121.93 3.43 -7.57 419.7
2006 5 2 12 48493.1 1.926 223.17 121.93 3.97 -6.94 450.0
2006 5 3 12 48595.5 0.955 249.79 121.93 3.58 -8.32 420.5
2006 5 4 12 48696.4 2.857 241.91 121.93 5.67 -6.40 440.4
2006 5 5 12 48795.7 3.368 210.49 121.93 5.95 -5.15 500.3
2006 5 6 12 48893.3 1.309 245.70 121.93 5.06 -6.51 474.6
2006 5 7 12 48989.2 5.188 226.38 121.93 6.52 -4.15 530.9
2006 5 8 12 49083.3 7.480 213.69 121.93 4.67 -6.42 447.0
2006 5 9 12 49175.8 2.136 245.26 121.93 5.89 -4.48 482.0
2006 5 10 12 49266.4 0.794 239.68 121.93 6.56 -5.22 492.1
2006 5 11 12 49355.3 0.429 262.61 121.93 6.77 -3.77 517.2
2006 5 12 12 49442.4 1.435 245.15 121.93 6.81 -2.96 534.0
2006 5 13 12 49527.6 1.901 254.95 121.93 6.57 -4.78 483.1
2006 5 14 12 49610.9 0.382 251.74 121.93 8.75 -2.25 565.0
2006 5 15 12 49692.3 1.344 260.24 121.93 5.20 -6.95 432.8
2006 5 16 12 49771.8 4.533 232.42 121.93 5.96 -4.72 501.8
2006 5 17 12 49849.4 2.102 249.47 121.93 6.06 -4.44 502.0
2006 5 18 12 49924.9 0.988 245.14 121.93 6.01 -5.79 483.3
2006 5 19 12 49998.5 1.844 257.79 121.93 3.76 -7.17 492.2
2006 5 20 12 50070.1 6.918 252.54 121.93 8.99 -2.19 516.8
2006 5 21 12 50139.7 1.716 240.19 121.93 5.56 -5.52 417.8
2006 5 22 12 50207.1 1.448 245.00 121.93 7.54 -3.21 517.9
2006 5 23 12 50272.5 3.320 275.45 121.93 5.32 -5.66 452.2
2006 5 24 12 50335.9 2.363 225.94 121.93 8.56 -2.95 450.6
2006 5 25 12 50397.0 1.931 262.61 121.93 6.62 -4.11 570.2
2006 5 26 12 50456.1 2.390 271.18 121.93 6.27 -4.24 531.9
2006 5 27 12 50513.0 4.998 261.81 121.93 8.43 -3.42 551.7
2006 5 28 12 50567.8 3.738 283.24 121.93 7.25 -4.15 508.4
2006 5 29 12 50620.3 1.235 268.28 121.93 7.60 -5.21 508.4
2006 5 30 12 50670.7 5.888 260.47 121.93 8.88 -2.05 546.3
2006 5 31 12 50718.8 0.913 248.19 121.93 9.98 -0.44 615.7
2006 6 1 12 50764.8 1.766 261.69 121.93 7.71 -3.89 527.8
2006 6 2 12 50808.5 1.952 266.31 121.93 7.61 -3.69 525.2
2006 6 3 12 50849.9 1.099 256.55 121.93 9.28 -2.30 555.2
2006 6 4 12 50889.0 5.039 245.75 121.93 10.20 -1.50 613.9
2006 6 5 12 50925.9 1.011 239.20 121.93 11.73 0.52 615.4
2006 6 6 12 50960.5 1.297 260.39 121.93 8.08 -3.95 490.1
2006 6 7 12 50992.8 3.724 235.72 121.93 9.35 -2.24 565.3
2006 6 8 12 51022.8 0.860 251.15 121.93 11.73 -0.40 606.7
2006 6 9 12 51050.5 1.636 222.03 121.93 13.06 2.13 638.3
2006 6 10 12 51075.8 0.396 271.25 121.93 8.74 -2.47 549.1
2006 6 11 12 51098.8 0.331 276.30 121.93 9.26 -2.49 518.2
2006 6 12 12 51119.5 0.036 260.38 121.93 11.06 -0.31 596.8
2006 6 13 12 51137.8 0.050 286.85 121.93 9.75 -1.83 527.0
2006 6 14 12 51153.7 0.060 279.75 121.93 9.60 -0.89 574.8
2006 6 15 12 51167.4 5.277 266.87 121.93 11.22 -0.53 569.4
2006 6 16 12 51178.6 0.057 258.09 121.93 13.30 2.41 677.6
2006 6 17 12 51187.5 0.346 254.63 121.93 9.12 -2.84 589.7
2006 6 18 12 51194.0 1.116 268.38 121.93 13.45 2.70 619.6
2006 6 19 12 51198.1 2.232 257.86 121.93 10.44 -0.13 597.3
2006 6 20 12 51199.9 2.410 268.22 121.93 11.93 1.40 618.6
2006 6 21 12 51199.3 0.471 269.33 121.93 13.90 3.67 687.4
2006 6 22 12 51196.4 1.293 256.52 121.93 12.10 0.93 621.5
2006 6 23 12 51191.0 1.003 276.35 121.93 11.26 0.85 605.3
2006 6 24 12 51183.3 1.183 256.41 121.93 12.87 2.77 658.3
2006 6 25 12 51173.3 1.329 260.05 121.93 11.62 -0.67 580.1
2006 6 26 12 51160.8 1.676 244.95 121.93 12.75 0.87 665.1
2006 6 27 12 51146.1 0.566 255.40 121.93 11.74 -0.85 559.2
2006 6 28 12 51128.9 0.730 291.66 121.93 13.42 2.87 665.1
2006 6 29 12 51109.4 6.061 245.59 121.93 10.11 -2.49 565.4
2006 6 30 12 51087.6 0.581 265.44 121.93 10.76 -2.07 571.8
2006 7 1 12 51063.4 1.145 251.82 121.93 10.23 -2.04 550.2
2006 7 2 12 51036.9 0.880 225.16 121.93 12.33 -0.46 631.8
2006 7 3 12 51008.1 1.066 266.47 121.93 10.18 -1.00 517.3
2006 7 4 12 50976.9 2.549 249.43 121.93 11.50 -0.77 551.7
2006 7 5 12 50943.5 0.789 262.22 121.93 10.93 -1.82 583.4
2006 7 6 12 50907.8 0.212 271.92 121.93 14.86 3.43 642.1
2006 7 7 12 50869.7 0.473 260.22 121.93 11.20 -0.18 568.2
2006 7 8 12 50829.4 0.754 261.22 121.93 10.80 -2.09 544.2
2006 7 9 12 50786.9 1.100 242.85 121.93 13.15 1.18 600.0
2006 7 10 12 50742.1 0.352 266.02 121.93 15.34 3.88 696.8
2006 7 11 12 50695.1 0.398 252.11 121.93 12.67 0.99 646.9
2006 7 12 12 50645.8 1.087 224.48 121.93 12.82 1.16 625.8
2006 7 13 12 50594.3 1.107 266.35 121.93 14.84 4.39 719.4
2006 7 14 12 50540.7 1.915 270.40 121.93 14.25 4.57 649.7
2006 7 15 12 50484.8 0.410 275.07 121.93 13.59 1.94 641.0
2006 7 16 12 50426.8 1.336 284.83 121.93 12.09 -0.36 633.2
2006 7 17 12 50366.7 0.695 263.27 121.93 13.67 2.08 670.9
2006 7 18 12 50304.5 0.463 258.75 121.93 10.95 -0.29 637.2
2006 7 19 12 50240.1 0.698 266.77 121.93 12.06 0.62 594.7
2006 7 20 12 50173.7 0.792 236.43 121.93 15.15 4.24 712.2
2006 7 21 12 50105.1 0.141 223.97 121.93 14.95 5.32 693.6
2006 7 22 12 50034.6 0.157 241.19 121.93 13.65 0.88 635.5
2006 7 23 12 49962.0 1.357 266.78 121.93 10.09 -1.71 605.1
2006 7 24 12 49887.4 0.473 236.96 121.93 11.16 1.00 596.1
2006 7 25 12 49810.8 0.867 253.09 121.93 11.94 0.12 546.8
2006 7 26 12 49732.3 1.265 253.92 121.93 12.68 1.92 693.7
2006 7 27 12 49651.8 0.625 248.18 121.93 11.04 0.15 617.6
2006 7 28 12 49569.5 1.139 224.53 121.93 12.52 2.11 639.1
2006 7 29 12 49485.2 0.701 247.99 121.93 15.52 5.65 708.1
2006 7 30 12 49399.1 0.725 235.67 121.93 13.43 2.30 583.1
2006 7 31 12 49311.1 1.817 266.65 121.93 13.12 0.33 612.8
2006 8 1 12 49221.3 0.521 257.27 121.93 11.23 -0.73 569.5
2006 8 2 12 49129.8 1.199 233.50 121.93 10.25 0.60 613.6
2006 8 3 12 49036.5 0.087 264.85 121.93 10.82 -1.71 566.7
2006 8 4 12 48941.4 0.735 242.57 121.93 10.10 -0.91 480.5
2006 8 5 12 48844.7 2.092 211.37 121.93 12.67 -0.74 600.0
2006 8 6 12 48746.2 3.676 234.29 121.93 13.08 0.60 617.7
2006 8 7 12 48646.2 0.091 258.99 121.93 11.00 0.31 615.8
2006 8 8 12 48544.5 0.391 221.15 121.93 12.60 1.23 619.1
2006 8 9 12 48441.3 0.172 231.39 121.93 14.52 2.82 657.8
2006 8 10 12 48336.4 0.494 210.97 121.93 15.18 3.13 667.7
2006 8 11 12 48230.1 1.259 212.28 121.93 13.32 0.33 614.8
2006 8 12 12 48122.3 1.656 216.71 121.93 11.83 0.98 633.9
2006 8 13 12 48013.0 1.690 209.72 121.93 13.12 1.49 638.3
2006 8 14 12 47902.3 0.073 217.75 121.93 13.95 1.34 682.2
2006 8 15 12 47790.2 0.576 251.98 121.93 8.83 -2.55 527.3
2006 8 16 12 47676.7 0.274 224.23 121.93 13.97 3.04 649.5
2006 8 17 12 47561.9 0.443 235.40 121.93 10.84 -0.72 636.4
2006 8 18 12 47445.8 0.320 238.83 121.93 10.76 -0.55 584.4
2006 8 19 12 47328.5 0.078 204.66 121.93 10.93 -0.44 619.1
2006 8 20 12 47209.9 1.603 207.63 121.93 11.84 -0.13 601.5
2006 8 21 12 47090.2 0.221 230.39 121.93 9.58 -1.77 557.7
2006 8 22 12 46969.3 0.274 208.18 121.93 10.72 -0.10 627.7
2006 8 23 12 46847.3 1.882 226.97 121.93 11.82 1.25 640.5
2006 8 24 12 46724.2 0.055 240.40 121.93 11.24 0.48 563.5
2006 8 25 12 46600.0 0.819 192.17 121.93 11.37 -0.57 593.8
2006 8 26 12 46474.8 1.342 207.39 121.93 10.19 -0.70 556.2
2006 8 27 12 46348.7 1.763 208.51 121.93 11.59 0.57 649.5
2006 8 28 12 46221.7 0.770 202.32 121.93 12.01 0.04 653.5
2006 8 29 12 46093.7 1.060 199.82 121.93 11.79 0.02 656.7
2006 8 30 12 45964.9 1.353 200.27 121.93 10.81 -0.05 609.8
2006 8 31 12 45835.3 0.478 206.12 121.93 11.44 1.14 609.0
2006 9 1 12 45704.9 0.185 207.52 121.93 11.20 -1.65 576.7
2006 9 2 12 45573.7 2.045 218.04 121.93 13.77 3.68 645.4
2006 9 3 12 45441.8 0.981 202.04 121.93 11.44 0.97 689.8
2006 9 4 12 45309.3 0.579 217.87 121.93 9.33 -1.91 597.7
2006 9 5 12 45176.2 0.088 190.88 121.93 7.95 -3.64 536.3
2006 9 6 12 45042.4 0.843 180.40 121.93 8.78 -2.31 583.7
2006 9 7 12 44908.2 0.006 192.51 121.93 8.52 -3.39 517.4
2006 9 8 12 44773.4 0.590 202.67 121.93 9.63 -1.91 528.5
2006 9 9 12 44638.1 0.251 207.29 121.93 7.65 -4.93 435.1
2006 9 10 12 44502.5 0.342 214.93 121.93 10.33 -2.46 553.3
2006 9 11 12 44366.4 1.796 196.02 121.93 6.30 -3.24 529.1
2006 9 12 12 44230.0 0.262 201.60 121.93 5.77 -5.58 504.0
2006 9 13 12 44093.3 0.651 209.46 121.93 7.85 -3.39 532.7
2006 9 14 12 43956.3 0.270 175.87 121.93 6.62 -4.80 518.2
2006 9 15 12 43819.1 0.840 183.04 121.93 5.83 -6.23 499.6
2006 9 16 12 43681.7 0.737 226.38 121.93 6.59 -5.06 455.0
2006 9 17 12 43544.2 0.649 196.29 121.93 6.23 -5.10 524.1
2006 9 18 12 43406.5 1.596 189.73 121.93 7.21 -4.35 500.8
2006 9 19 12 43268.9 0.067 194.09 121.93 6.08 -5.92 497.2
2006 9 20 12 43131.1 0.038 159.28 121.93 6.03 -4.99 530.9
2006 9 21 12 42993.5 0.139 168.23 121.93 6.65 -4.60 538.8
2006 9 22 12 42855.8 0.801 161.37 121.93 7.99 -3.09 542.0
2006 9 23 12 42718.3 1.090 181.46 121.93 8.49 -2.34 558.5
2006 9 24 12 42580.9 1.092 168.27 121.93 6.32 -5.21 522.5
2006 9 25 12 42443.7 0.485 173.87 121.93 6.25 -5.28 449.3
2006 9 26 12 42306.7 2.706 166.40 121.93 5.45 -4.77 476.1
2006 9 27 12 42170.0 1.063 145.30 121.93 6.25 -5.90 473.6
2006 9 28 12 42033.6 2.526 181.61 121.93 5.93 -6.97 420.6
2006 9 29 12 41897.5 2.175 140.54 121.93 7.14 -3.82 515.5
2006 9 30 12 41761.9 0.523 154.70 121.93 2.12 -9.78 394.5
2006 10 1 12 41626.6 1.710 144.53 121.93 4.41 -7.86 445.5
2006 10 2 12 41491.8 0.538 149.72 121.93 5.07 -5.62 485.8
2006 10 3 12 41357.6 3.322 164.60 121.93 4.32 -7.19 488.2
2006 10 4 12 41223.8 0.617 178.76 121.93 2.76 -9.66 424.1
2006 10 5 12 41090.7 1.366 135.49 121.93 2.02 -7.84 441.1
2006 10 6 12 40958.2 4.022 149.22 121.93 4.97 -7.72 435.7
2006 10 7 12 40826.3 1.468 130.03 121.93 2.43 -9.04 417.7
2006 10 8 12 40695.1 0.523 145.87 121.93 0.73 -12.18 355.4
2006 10 9 12 40564.7 0.151 154.73 121.93 4.44 -6.74 540.7
2006 10 10 12 40435.1 0.093 163.86 121.93 3.64 -8.27 390.9
2006 10 11 12 40306.3 1.413 119.28 121.93 2.58 -8.17 408.8
2006 10 12 12 40178.3 0.845 158.04 121.93 1.17 -10.24 363.0
2006 10 13 12 40051.3 0.200 133.92 121.93 2.17 -8.15 445.1
2006 10 14 12 39925.2 1.903 129.01 121.93 3.96 -7.79 451.2
2006 10 15 12 39800.0 1.910 147.01 121.93 -0.49 -13.18 319.3
2006 10 16 12 39675.8 0.883 154.17 121.93 -0.62 -11.83 390.2
2006 10 17 12 39552.7 3.532 142.02 121.93 0.57 -11.03 390.5
2006 10 18 12 39430.7 0.071 125.91 121.93 1.27 -11.59 396.4
2006 10 19 12 39309.8 0.651 139.58 121.93 0.36 -11.89 398.4
2006 10 20 12 39190.1 1.796 129.02 121.93 1.86 -10.13 333.5
2006 10 21 12 39071.5 0.271 147.78 121.93 2.32 -7.83 463.9
2006 10 22 12 38954.2 2.355 153.67 121.93 0.90 -9.93 362.7
2006 10 23 12 38838.1 3.044 151.55 121.93 1.12 -10.56 396.3
2006 10 24 12 38723.3 0.003 134.94 121.93 0.48 -10.54 386.9
2006 10 25 12 38609.8 4.115 150.94 121.93 -0.12 -13.15 336.1
2006 10 26 12 38497.7 1.861 117.66 121.93 -2.28 -14.13 281.2
2006 10 27 12 38387.0 0.638 158.61 121.93 -2.09 -13.17 367.6
2006 10 28 12 38277.7 0.145 115.38 121.93 -2.78 -14.04 280.4
2006 10 29 12 38169.9 2.940 99.25 121.93 -1.18 -13.01 362.4
2006 10 30 12 38063.6 0.239 149.12 121.93 -0.81 -12.24 312.3
2006 10 31 12 37958.7 2.002 116.94 121.93 -3.53 -14.66 306.2
2006 11 1 12 37855.5 0.263 128.31 121.93 -1.45 -12.86 396.9
2006 11 2 12 37753.8 1.269 110.08 121.93 -3.08 -13.79 395.1
2006 11 3 12 37653.8 3.041 159.99 121.93 -3.57 -14.71 257.2
2006 11 4 12 37555.3 0.730 150.88 121.93 -3.10 -14.09 297.0
2006 11 5 12 37458.6 4.812 145.78 121.93 -4.04 -14.07 302.9
2006 11 6 12 37363.5 2.366 122.96 121.93 -1.65 -12.39 419.9
2006 11 7 12 37270.2 0.350 135.41 121.93 -3.01 -13.02 337.6
2006 11 8 12 37178.7 0.196 118.99 121.93 -1.73 -13.67 358.9
2006 11 9 12 37088.9 0.524 135.72 121.93 -3.81 -16.49 279.3
2006 11 10 12 37000.9 1.349 111.85 121.93 -3.95 -15.46 254.8
2006 11 11 12 36914.8 5.646 140.92 121.93 -0.72 -12.30 298.1
2006 11 12 12 36830.5 6.637 109.39 121.93 -6.16 -16.39 253.8
2006 11 13 12 36748.2 0.787 110.27 121.93 -1.99 -14.29 383.7
2006 11 14 12 36667.7 0.767 107.68 121.93 -1.62 -13.08 346.1
2006 11 15 12 36589.2 3.100 116.78 121.93 -3.14 -14.21 347.4
2006 11 16 12 36512.6 3.116 107.30 121.93 -4.97 -16.29 231.7
2006 11 17 12 36438.0 4.916 119.69 121.93 -2.51 -14.05 309.2
2006 11 18 12 36365.4 5.092 104.44 121.93 -5.32 -16.43 294.7
2006 11 19 12 36294.9 0.541 122.81 121.93 -6.07 -16.61 235.1
2006 11 20 12 36226.3 0.155 133.04 121.93 -5.78 -15.95 279.1
2006 11 21 12 36159.9 2.918 110.76 121.93 -6.22 -17.60 221.7
2006 11 22 12 36095.5 2.069 142.23 121.93 -6.96 -19.02 244.5
2006 11 23 12 36033.3 0.153 125.25 121.93 -4.05 -14.22 327.5
2006 11 24 12 35973.2 2.888 139.81 121.93 -7.05 -19.31 234.4
2006 11 25 12 35915.2 1.476 106.23 121.93 -6.10 -16.07 304.8
2006 11 26 12 35859.3 3.019 81.67 121.93 -8.39 -18.71 219.0
2006 11 27 12 35805.7 0.405 95.46 121.93 -6.34 -16.55 299.2
2006 11 28 12 35754.2 3.302 96.48 121.93 -8.28 -19.13 199.7
2006 11 29 12 35704.9 2.529 90.75 121.93 -8.48 -21.57 187.5
2006 11 30 12 35657.9 3.610 71.64 121.93 -7.03 -19.26 155.7
2006 12 1 12 35613.1 1.065 119.50 121.93 -5.43 -16.59 245.9
2006 12 2 12 35570.6 0.811 75.81 121.93 -6.51 -18.45 300.5
2006 12 3 12 35530.3 0.229 117.24 121.93 -6.56 -18.21 254.2
2006 12 4 12 35492.2 1.333 135.71 121.93 -7.66 -18.57 246.9
2006 12 5 12 35456.5 5.127 90.89 121.93 -8.12 -19.65 182.3
2006 12 6 12 35423.1 6.473 108.04 121.93 -6.57 -18.94 188.3
2006 12 7 12 35391.9 0.390 95.94 121.93 -8.74 -19.43 203.5
2006 12 8 12 35363.1 1.868 114.04 121.93 -6.78 -17.77 242.6
2006 12 9 12 35336.6 7.893 83.45 121.93 -6.31 -17.91 299.2
2006 12 10 12 35312.4 8.877 99.15 121.93 -9.56 -20.39 222.7
2006 12 11 12 35290.6 1.361 117.72 121.93 -9.47 -20.79 187.4
2006 12 12 12 35271.1 5.916 99.98 121.93 -9.37 -19.71 207.8
2006 12 13 12 35253.9 5.115 76.11 121.93 -10.88 -22.16 179.6
2006 12 14 12 35239.2 4.792 119.02 121.93 -9.50 -19.84 163.6
2006 12 15 12 35226.7 0.140 80.83 121.93 -6.96 -19.86 145.1
2006 12 16 12 35216.7 1.045 101.35 121.93 -10.60 -21.63 189.7
2006 12 17 12 35209.0 1.796 108.83 121.93 -7.16 -18.87 224.7
2006 12 18 12 35203.6 1.754 101.83 121.93 -9.90 -21.99 120.9
2006 12 19 12 35200.7 2.038 138.07 121.93 -6.19 -16.66 204.0
2006 12 20 12 35200.1 10.572 111.01 121.93 -10.48 -21.17 203.4
2006 12 21 12 35201.9 1.545 96.98 121.93 -9.78 -22.78 128.7
2006 12 22 12 35206.0 3.286 109.10 121.93 -11.02 -21.85 175.0
2006 12 23 12 35212.5 3.197 103.27 121.93 -10.78 -21.71 158.0
2006 12 24 12 35221.4 2.149 100.88 121.93 -7.83 -19.81 202.7
2006 12 25 12 35232.6 0.504 103.98 121.93 -9.22 -21.28 156.6
2006 12 26 12 35246.3 2.509 93.95 121.93 -8.47 -21.14 174.9
2006 12 27 12 35262.2 0.052 103.82 121.93 -12.06 -23.73 142.6
2006 12 28 12 35280.5 3.780 93.22 121.93 -9.19 -20.73 177.2
2006 12 29 12 35301.2 0.029 72.57 121.93 -11.70 -22.46 140.8
2006 12 30 12 35324.2 3.508 118.35 121.93 -12.32 -23.50 148.2
2006 12 31 12 35349.5 1.094 93.01 121.93 -10.02 -22.27 174.8
2007 1 1 12 35377.2 0.653 103.89 121.93 -10.10 -21.31 139.7
2007 1 2 12 35407.2 4.989 90.67 121.93 -10.42 -22.03 158.6
2007 1 3 12 35439.5 1.471 91.44 121.93 -9.49 -21.63 151.6
2007 1 4 12 35474.1 2.522 87.16 121.93 -9.30 -21.98 160.9
2007 1 5 12 35511.0 0.176 117.33 121.93 -8.46 -19.36 255.8
2007 1 6 12 35550.1 8.801 121.35 121.93 -12.50 -23.54 140.0
2007 1 7 12 35591.5 2.841 104.30 121.93 -8.50 -19.46 275.8
2007 1 8 12 35635.2 2.850 96.30 121.93 -7.97 -19.95 207.5
2007 1 9 12 35681.2 4.162 79.42 121.93 -11.38 -22.64 142.1
2007 1 10 12 35729.3 9.774 117.22 121.93 -13.37 -25.87 82.1
2007 1 11 12 35779.7 1.699 95.65 121.93 -12.97 -25.16 101.1
2007 1 12 12 35832.2 9.391 89.56 121.93 -11.61 -22.98 150.0
2007 1 13 12 35887.0 1.645 107.31 121.93 -7.92 -19.11 188.0
2007 1 14 12 35943.9 1.232 102.43 121.93 -10.93 -23.64 120.3
2007 1 15 12 36003.0 4.015 85.26 121.93 -11.90 -24.15 95.3
2007 1 16 12 36064.1 14.634 87.93 121.93 -12.01 -23.71 156.7
2007 1 17 12 36127.5 7.553 114.32 121.93 -12.98 -23.61 70.0
2007 1 18 12 36192.9 4.517 100.09 121.93 -9.69 -21.74 170.0
2007 1 19 12 36260.3 4.025 118.26 121.93 -11.14 -22.43 105.9
2007 1 20 12 36329.9 2.865 113.50 121.93 -7.85 -19.05 231.9
2007 1 21 12 36401.5 9.416 127.73 121.93 -10.05 -21.65 155.1
2007 1 22 12 36475.1 5.658 100.27 121.93 -9.74 -20.92 127.1
2007 1 23 12 36550.6 0.315 117.00 121.93 -11.33 -23.81 152.1
2007 1 24 12 36628.2 0.741 123.86 121.93 -12.59 -24.51 50.0
2007 1 25 12 36707.7 4.797 105.68 121.93 -12.24 -22.49 149.2
2007 1 26 12 36789.1 0.562 132.80 121.93 -12.96 -23.16 157.6
2007 1 27 12 36872.4 3.090 91.73 121.93 -9.51 -20.24 236.5
2007 1 28 12 36957.6 6.227 105.08 121.93 -11.43 -21.95 112.8
2007 1 29 12 37044.7 4.268 92.89 121.93 -9.38 -22.25 139.6
2007 1 30 12 37133.6 0.433 108.30 121.93 -10.57 -22.73 177.9
2007 1 31 12 37224.2 0.824 117.92 121.93 -11.17 -22.82 178.1
2007 2 1 12 37316.7 4.437 133.64 121.93 -12.44 -21.91 200.2
2007 2 2 12 37410.8 14.201 119.78 121.93 -10.19 -21.84 240.1
2007 2 3 12 37506.7 2.494 114.14 121.93 -10.92 -21.72 150.3
2007 2 4 12 37604.3 6.546 100.80 121.93 -9.18 -20.28 205.6
2007 2 5 12 37703.6 4.383 106.82 121.93 -11.55 -22.66 136.4
2007 2 6 12 37804.5 1.266 130.70 121.93 -9.49 -20.91 122.6
2007 2 7 12 37906.9 6.656 140.29 121.93 -7.89 -20.25 192.4
2007 2 8 12 38011.0 0.188 121.82 121.93 -9.87 -23.43 71.6
2007 2 9 12 38116.5 6.247 147.33 121.93 -9.03 -19.40 196.3
2007 2 10 12 38223.6 4.691 115.99 121.93 -9.27 -21.17 132.6
2007 2 11 12 38332.2 1.443 125.46 121.93 -7.20 -20.10 211.2
2007 2 12 12 38442.2 0.674 127.83 121.93 -9.41 -20.46 167.4
2007 2 13 12 38553.6 1.618 156.48 121.93 -8.83 -19.90 148.5
2007 2 14 12 38666.4 1.155 136.67 121.93 -9.85 -20.64 213.3
2007 2 15 12 38780.5 2.105 108.83 121.93 -10.87 -21.37 154.4
2007 2 16 12 38896.0 1.840 151.23 121.93 -11.42 -23.56 115.9
2007 2 17 12 39012.7 1.452 165.82 121.93 -7.61 -19.71 176.5
2007 2 18 12 39130.6 0.172 135.56 121.93 -10.92 -22.58 182.9
2007 2 19 12 39249.8 0.533 127.04 121.93 -8.19 -18.93 229.5
2007 2 20 12 39370.1 7.739 154.67 121.93 -8.57 -21.66 148.5
2007 2 21 12 39491.6 1.510 172.38 121.93 -7.71 -19.01 162.4
2007 2 22 12 39614.2 2.161 156.87 121.93 -9.75 -20.40 267.3
2007 2 23 12 39737.8 1.726 121.03 121.93 -10.04 -20.73 244.8
2007 2 24 12 39862.5 10.248 157.94 121.93 -8.17 -19.00 263.2
2007 2 25 12 39988.1 1.123 153.94 121.93 -9.05 -19.60 186.8
2007 2 26 12 40114.7 1.014 134.83 121.93 -10.34 -23.94 106.3
2007 2 27 12 40242.2 4.835 169.75 121.93 -5.46 -15.56 300.7
2007 2 28 12 40370.6 3.490 158.28 121.93 -9.42 -20.56 162.1
2007 3 1 12 40499.8 4.959 172.72 121.93 -9.59 -19.92 171.9
2007 3 2 12 40629.8 4.662 138.38 121.93 -8.33 -20.67 230.4
2007 3 3 12 40760.6 6.889 161.59 121.93 -5.95 -18.75 223.4
2007 3 4 12 40892.1 0.425 143.49 121.93 -10.93 -20.90 148.3
2007 3 5 12 41024.3 4.381 161.96 121.93 -5.79 -17.93 270.1
2007 3 6 12 41157.2 1.017 181.73 121.93 -8.76 -20.41 174.6
2007 3 7 12 41290.6 0.074 139.51 121.93 -6.85 -17.83 184.1
2007 3 8 12 41424.6 4.598 141.71 121.93 -8.11 -18.89 188.2
2007 3 9 12 41559.2 4.338 177.92 121.93 -3.95 -14.49 294.7
2007 3 10 12 41694.2 2.773 164.73 121.93 -6.60 -17.82 250.2
2007 3 11 12 41829.7 6.917 183.87 121.93 -7.69 -19.93 206.5
2007 3 12 12 41965.5 1.018 155.55 121.93 -6.92 -17.75 281.8
2007 3 13 12 42101.8 5.289 169.79 121.93 -6.17 -16.99 253.1
2007 3 14 12 42238.3 2.338 180.71 121.93 -5.87 -18.72 211.6
2007 3 15 12 42375.2 2.539 174.90 121.93 -5.31 -15.58 325.8
2007 3 16 12 42512.3 0.108 146.29 121.93 -5.80 -19.19 245.5
2007 3 17 12 42649.6 6.885 216.83 121.93 -7.69 -18.27 228.2
2007 3 18 12 42787.0 4.093 179.06 121.93 -5.97 -17.87 251.3
2007 3 19 12 42924.6 5.024 157.14 121.93 -4.37 -15.21 281.6
2007 3 20 12 43062.3 0.814 183.34 121.93 -6.11 -17.10 223.1
2007 3 21 12 43200.0 3.608 186.44 121.93 -3.92 -15.35 359.0
2007 3 22 12 43337.7 2.282 196.29 121.93 -4.70 -15.74 269.0
2007 3 23 12 43475.4 4.239 196.66 121.93 -4.89 -16.36 281.7
2007 3 24 12 43613.0 3.409 180.92 121.93 -2.59 -13.42 286.2
2007 3 25 12 43750.4 11.323 159.67 121.93 -6.80 -16.45 293.0
2007 3 26 12 43887.7 8.531 193.80 121.93 -5.02 -17.49 214.0
2007 3 27 12 44024.8 1.963 163.61 121.93 -1.97 -15.92 331.9
2007 3 28 12 44161.7 4.344 207.85 121.93 -0.88 -12.62 401.6
2007 3 29 12 44298.2 1.764 179.99 121.93 -0.01 -11.79 381.1
2007 3 30 12 44434.5 6.369 201.87 121.93 -3.17 -14.87 306.0
2007 3 31 12 44570.3 2.309 183.86 121.93 -2.36 -14.50 304.3
2007 4 1 12 44705.8 1.468 187.68 121.93 -1.63 -12.33 352.0
2007 4 2 12 44840.8 3.395 184.39 121.93 -0.75 -13.25 347.2
2007 4 3 12 44975.4 7.707 208.49 121.93 -1.99 -13.03 342.1
2007 4 4 12 45109.4 6.659 189.77 121.93 -0.87 -11.76 394.2
2007 4 5 12 45242.8 1.545 211.96 121.93 -1.37 -12.52 322.0
2007 4 6 12 45375.7 9.976 192.83 121.93 -1.08 -12.09 404.0
2007 4 7 12 45507.9 0.824 199.61 121.93 -3.04 -13.68 313.7
2007 4 8 12 45639.4 1.214 204.93 121.93 -1.96 -13.31 311.4
2007 4 9 12 45770.2 5.840 208.01 121.93 -2.04 -13.72 336.5
2007 4 10 12 45900.2 0.067 193.14 121.93 -2.84 -13.85 335.8
2007 4 11 12 46029.4 2.573 218.85 121.93 -3.33 -14.25 262.9
2007 4 12 12 46157.8 1.806 205.51 121.93 -1.28 -11.97 346.1
2007 4 13 12 46285.3 10.061 219.01 121.93 -0.84 -13.61 262.7
2007 4 14 12 46411.9 0.599 211.88 121.93 -0.08 -11.63 347.2
2007 4 15 12 46537.5 0.702 222.17 121.93 0.80 -11.45 352.0
2007 4 16 12 46662.2 11.009 208.45 121.93 0.46 -10.49 399.0
2007 4 17 12 46785.8 1.774 204.01 121.93 -0.00 -10.82 359.9
2007 4 18 12 46908.4 6.839 223.49 121.93 -0.79 -12.41 335.4
2007 4 19 12 47029.9 1.443 210.89 121.93 2.11 -9.87 441.6
2007 4 20 12 47150.2 1.069 241.38 121.93 0.85 -10.08 460.4
2007 4 21 12 47269.4 6.988 221.71 121.93 0.56 -10.95 353.4
2007 4 22 12 47387.3 12.698 201.27 121.93 1.13 -9.13 448.1
2007 4 23 12 47504.0 7.346 214.26 121.93 0.52 -9.46 422.4
2007 4 24 12 47619.5 1.287 209.21 121.93 1.03 -9.57 356.4
2007 4 25 12 47733.6 2.236 241.43 121.93 1.19 -10.03 375.7
2007 4 26 12 47846.4 0.694 238.07 121.93 1.81 -8.13 346.5
2007 4 27 12 47957.8 0.867 226.66 121.93 3.43 -7.78 454.1
2007 4 28 12 48067.8 0.802 233.03 121.93 3.26 -8.53 397.2
2007 4 29 12 48176.4 1.378 228.45 121.93 5.17 -6.77 468.6
2007 4 30 12 48283.5 2.530 243.74 121.93 4.87 -7.09 535.3
2007 5 1 12 48389.0 2.226 239.69 121.93 6.19 -5.21 543.6
2007 5 2 12 48493.1 4.348 243.43 121.93 4.30 -6.73 442.4
2007 5 3 12 48595.5 2.601 231.08 121.93 4.48 -8.05 408.6
2007 5 4 12 48696.4 3.909 225.49 121.93 3.13 -8.63 466.3
2007 5 5 12 48795.7 4.458 245.93 121.93 5.30 -5.93 451.3
2007 5 6 12 48893.3 1.191 260.20 121.93 3.28 -7.61 477.6
2007 5 7 12 48989.2 1.758 254.48 121.93 2.26 -9.16 498.8
2007 5 8 12 49083.3 20.869 262.56 121.93 6.95 -4.26 535.1
2007 5 9 12 49175.8 1.044 242.19 121.93 2.98 -9.41 447.3
2007 5 10 12 49266.4 3.896 226.11 121.93 5.71 -6.42 503.6
2007 5 11 12 49355.3 0.333 228.34 121.93 3.92 -7.53 432.8
2007 5 12 12 49442.4 4.283 263.12 121.93 7.13 -3.86 531.4
2007 5 13 12 49527.6 0.808 215.35 121.93 7.52 -3.69 497.5
2007 5 14 12 49610.9 2.048 266.68 121.93 6.61 -5.47 529.3
2007 5 15 12 49692.3 1.819 233.11 121.93 7.88 -3.71 493.2
2007 5 16 12 49771.8 1.840 274.57 121.93 6.20 -3.99 541.3
2007 5 17 12 49849.4 1.527 245.43 121.93 9.73 -1.23 609.3
2007 5 18 12 49924.9 2.894 258.09 121.93 7.68 -3.85 508.3
2007 5 19 12 49998.5 5.048 283.76 121.93 5.39 -6.83 441.8
2007 5 20 12 50070.1 0.516 243.75 121.93 7.03 -4.94 496.1
2007 5 21 12 50139.7 1.502 244.19 121.93 6.88 -4.52 482.8
2007 5 22 12 50207.1 0.086 239.65 121.93 6.91 -4.27 519.2
2007 5 23 12 50272.5 2.101 235.70 121.93 4.97 -5.98 452.9
2007 5 24 12 50335.9 0.438 246.41 121.93 8.21 -2.88 517.1
2007 5 25 12 50397.0 1.732 243.65 121.93 5.72 -5.97 496.9
2007 5 26 12 50456.1 2.113 233.81 121.93 4.18 -7.63 466.0
2007 5 27 12 50513.0 0.121 249.97 121.93 7.62 -2.14 548.4
2007 5 28 12 50567.8 2.388 260.42 121.93 7.17 -4.68 457.1
2007 5 29 12 50620.3 4.311 240.76 121.93 7.17 -5.26 529.9
2007 5 30 12 50670.7 2.868 252.27 121.93 3.97 -8.74 411.7
2007 5 31 12 50718.8 0.469 276.29 121.93 7.51 -4.18 578.4
2007 6 1 12 50764.8 1.485 234.35 121.93 8.68 -1.97 556.7
2007 6 2 12 50808.5 1.648 285.06 121.93 8.14 -3.72 529.7
2007 6 3 12 50849.9 1.312 246.39 121.93 9.83 -0.39 579.2
2007 6 4 12 50889.0 0.232 259.90 121.93 11.48 0.08 608.8
2007 6 5 12 50925.9 0.548 276.45 121.93 10.31 -0.20 700.3
2007 6 6 12 50960.5 1.141 281.37 121.93 11.22 -0.78 573.9
2007 6 7 12 50992.8 1.790 264.98 121.93 11.49 -0.51 628.2
2007 6 8 12 51022.8 0.733 247.81 121.93 8.44 -2.89 544.9
2007 6 9 12 51050.5 0.051 246.76 121.93 10.76 -0.26 630.1
2007 6 10 12 51075.8 0.769 250.13 121.93 11.73 0.18 545.7
2007 6 11 12 51098.8 5.729 287.33 121.93 9.71 -1.46 629.2
2007 6 12 12 51119.5 1.975 253.45 121.93 9.31 -1.62 577.8
2007 6 13 12 51137.8 1.600 264.23 121.93 11.41 -1.12 569.5
2007 6 14 12 51153.7 0.474 243.88 121.93 8.52 -3.16 564.0
2007 6 15 12 51167.4 0.758 242.33 121.93 9.23 -2.59 552.5
2007 6 16 12 51178.6 0.038 260.18 121.93 9.97 -1.80 529.5
2007 6 17 12 51187.5 0.413 255.00 121.93 11.76 0.69 541.1
2007 6 18 12 51194.0 1.724 256.16 121.93 11.53 -0.28 649.2
2007 6 19 12 51198.1 1.478 237.80 121.93 12.85 -0.15 590.3
2007 6 20 12 51199.9 0.546 258.90 121.93 10.03 -1.56 550.4
2007 6 21 12 51199.3 1.019 283.23 121.93 10.05 -2.20 539.9
2007 6 22 12 51196.4 1.199 247.17 121.93 12.39 1.39 671.8
2007 6 23 12 51191.0 0.559 273.37 121.93 10.51 -0.25 580.3
2007 6 24 12 51183.3 1.750 207.87 121.93 10.89 -2.25 574.3
2007 6 25 12 51173.3 1.325 247.70 121.93 9.10 -2.92 531.6
2007 6 26 12 51160.8 0.672 230.95 121.93 12.41 1.29 588.1
2007 6 27 12 51146.1 0.187 278.00 121.93 14.36 1.84 663.8
2007 6 28 12 51128.9 0.596 272.47 121.93 10.59 -0.19 629.3
2007 6 29 12 51109.4 0.540 243.58 121.93 13.74 3.18 643.2
2007 6 30 12 51087.6 0.467 263.22 121.93 12.19 0.66 612.1
2007 7 1 12 51063.4 0.081 276.66 121.93 9.70 -2.32 556.5
2007 7 2 12 51036.9 3.294 278.73 121.93 11.07 -2.18 569.8
2007 7 3 12 51008.1 3.108 251.99 121.93 11.04 0.29 665.0
2007 7 4 12 50976.9 0.800 224.64 121.93 12.06 2.26 635.5
2007 7 5 12 50943.5 1.173 243.96 121.93 13.22 3.25 655.2
2007 7 6 12 50907.8 1.425 268.57 121.93 15.41 3.86 671.9
2007 7 7 12 50869.7 0.776 288.18 121.93 10.54 -1.73 537.1
2007 7 8 12 50829.4 1.199 255.48 121.93 12.01 1.28 573.9
2007 7 9 12 50786.9 1.549 246.77 121.93 11.43 -0.07 602.6
2007 7 10 12 50742.1 1.006 291.41 121.93 10.91 -0.11 613.7
2007 7 11 12 50695.1 1.755 261.04 121.93 12.99 1.83 636.7
2007 7 12 12 50645.8 0.369 236.04 121.93 12.88 1.56 629.2
2007 7 13 12 50594.3 0.795 252.16 121.93 10.19 -0.39 565.2
2007 7 14 12 50540.7 6.331 268.41 121.93 12.96 2.41 655.8
2007 7 15 12 50484.8 2.008 251.79 121.93 11.14 -0.68 591.6
2007 7 16 12 50426.8 0.936 264.18 121.93 12.99 0.85 631.2
2007 7 17 12 50366.7 0.226 227.59 121.93 14.89 1.49 639.4
2007 7 18 12 50304.5 0.776 229.53 121.93 13.69 2.01 652.0
2007 7 19 12 50240.1 1.777 239.38 121.93 13.26 0.99 659.3
2007 7 20 12 50173.7 1.442 245.50 121.93 12.21 1.14 640.0
2007 7 21 12 50105.1 0.064 254.06 121.93 13.10 1.43 643.0
2007 7 22 12 50034.6 1.127 257.90 121.93 13.84 2.26 592.9
2007 7 23 12 49962.0 0.070 284.61 121.93 13.68 2.93 690.3
2007 7 24 12 49887.4 0.191 235.80 121.93 12.83 1.74 625.9
2007 7 25 12 49810.8 0.564 241.40 121.93 13.29 1.79 638.2
2007 7 26 12 49732.3 1.846 234.66 121.93 10.97 0.92 580.1
2007 7 27 12 49651.8 1.097 260.71 121.93 11.82 1.01 682.9
2007 7 28 12 49569.5 0.471 260.70 121.93 13.95 2.22 570.2
2007 7 29 12 49485.2 1.376 236.14 121.93 14.13 2.43 693.2
2007 7 30 12 49399.1 3.403 272.98 121.93 12.97 2.20 656.8
2007 7 31 12 49311.1 0.651 230.48 121.93 15.01 3.78 618.4
2007 8 1 12 49221.3 0.100 255.66 121.93 13.52 1.22 685.5
2007 8 2 12 49129.8 0.178 261.12 121.93 12.36 1.68 649.0
2007 8 3 12 49036.5 0.174 217.94 121.93 10.84 0.44 538.1
2007 8 4 12 48941.4 0.234 246.08 121.93 14.77 4.32 673.7
2007 8 5 12 48844.7 0.393 195.57 121.93 13.72 3.55 687.1
2007 8 6 12 48746.2 0.766 247.83 121.93 15.20 5.46 760.5
2007 8 7 12 48646.2 0.070 217.94 121.93 15.69 5.68 701.3
2007 8 8 12 48544.5 1.013 241.96 121.93 10.45 -0.68 507.0
2007 8 9 12 48441.3 0.303 243.74 121.93 10.39 -1.18 620.2
2007 8 10 12 48336.4 0.188 248.17 121.93 7.95 -4.92 516.6
2007 8 11 12 48230.1 0.423 243.65 121.93 13.55 2.15 576.1
2007 8 12 12 48122.3 1.764 230.06 121.93 13.08 2.09 652.1
2007 8 13 12 48013.0 1.102 222.42 121.93 12.16 0.79 629.3
2007 8 14 12 47902.3 1.026 225.91 121.93 10.09 -2.82 533.8
2007 8 15 12 47790.2 2.264 209.16 121.93 11.71 0.08 576.7
2007 8 16 12 47676.7 0.742 221.59 121.93 12.03 1.14 604.6
2007 8 17 12 47561.9 2.412 219.26 121.93 12.83 0.61 602.4
2007 8 18 12 47445.8 2.561 210.64 121.93 11.97 0.70 624.7
2007 8 19 12 47328.5 0.068 195.17 121.93 12.46 1.40 651.7
2007 8 20 12 47209.9 0.038 200.95 121.93 11.17 0.67 548.9
2007 8 21 12 47090.2 0.138 171.65 121.93 13.02 2.99 667.6
2007 8 22 12 46969.3 1.544 213.07 121.93 12.09 0.39 622.4
2007 8 23 12 46847.3 0.410 221.88 121.93 9.25 -2.00 565.0
2007 8 24 12 46724.2 0.354 175.00 121.93 13.00 1.77 623.3
2007 8 25 12 46600.0 1.159 217.55 121.93 12.64 1.76 677.7
2007 8 26 12 46474.8 0.264 210.91 121.93 11.38 0.41 648.4
2007 8 27 12 46348.7 0.637 193.84 121.93 10.98 0.72 603.3
2007 8 28 12 46221.7 0.937 203.75 121.93 12.92 -0.35 590.5
2007 8 29 12 46093.7 0.158 224.70 121.93 7.85 -3.22 558.8
2007 8 30 12 45964.9 0.110 193.04 121.93 12.03 1.02 658.8
2007 8 31 12 45835.3 0.553 207.54 121.93 9.32 -2.27 530.1
2007 9 1 12 45704.9 0.633 210.25 121.93 11.54 -1.67 535.1
2007 9 2 12 45573.7 1.103 191.40 121.93 9.94 -1.51 578.0
2007 9 3 12 45441.8 0.136 217.54 121.93 7.75 -4.22 481.9
2007 9 4 12 45309.3 0.223 207.15 121.93 8.72 -1.34 514.9
2007 9 5 12 45176.2 2.613 195.98 121.93 10.85 -0.25 570.4
2007 9 6 12 45042.4 1.382 233.87 121.93 8.85 -3.18 548.9
2007 9 7 12 44908.2 0.480 212.27 121.93 8.08 -4.96 547.5
2007 9 8 12 44773.4 1.609 170.44 121.93 7.92 -3.01 518.6
2007 9 9 12 44638.1 0.143 188.54 121.93 9.67 -1.18 572.8
2007 9 10 12 44502.5 0.432 230.02 121.93 11.17 -0.40 596.6
2007 9 11 12 44366.4 1.123 176.93 121.93 5.17 -5.74 465.6
2007 9 12 12 44230.0 0.682 191.29 121.93 12.42 0.74 593.0
2007 9 13 12 44093.3 0.311 207.40 121.93 8.36 -2.19 566.3
2007 9 14 12 43956.3 0.994 197.35 121.93 8.76 -1.85 527.1
2007 9 15 12 43819.1 0.490 198.14 121.93 7.06 -5.65 464.0
2007 9 16 12 43681.7 0.589 195.88 121.93 7.54 -4.98 494.4
2007 9 17 12 43544.2 0.799 183.82 121.93 7.66 -2.12 567.3
2007 9 18 12 43406.5 0.837 170.18 121.93 5.62 -5.04 453.8
2007 9 19 12 43268.9 0.168 187.21 121.93 5.81 -6.60 464.0
2007 9 20 12 43131.1 0.528 173.27 121.93 8.61 -4.04 480.4
2007 9 21 12 42993.5 2.681 170.71 121.93 4.33 -6.91 441.3
2007 9 22 12 42855.8 1.293 198.80 121.93 7.13 -5.18 520.0
2007 9 23 12 42718.3 1.055 169.47 121.93 5.73 -5.92 479.3
2007 9 24 12 42580.9 0.333 199.40 121.93 4.66 -6.78 514.5
2007 9 25 12 42443.7 0.335 176.29 121.93 8.87 -2.60 545.8
2007 9 26 12 42306.7 1.819 168.68 121.93 4.29 -6.21 504.9
2007 9 27 12 42170.0 0.052 142.44 121.93 3.84 -6.09 501.9
2007 9 28 12 42033.6 0.439 200.13 121.93 5.06 -6.72 465.1
2007 9 29 12 41897.5 2.151 166.89 121.93 3.99 -8.31 394.3
2007 9 30 12 41761.9 0.451 131.56 121.93 4.96 -6.13 474.3
2007 10 1 12 41626.6 1.406 179.08 121.93 4.99 -5.10 481.9
2007 10 2 12 41491.8 0.689 162.17 121.93 4.91 -6.81 446.7
2007 10 3 12 41357.6 0.667 147.61 121.93 4.18 -6.54 473.8
2007 10 4 12 41223.8 0.835 174.21 121.93 3.11 -8.96 377.3
2007 10 5 12 41090.7 0.631 120.68 121.93 4.93 -6.45 444.7
2007 10 6 12 40958.2 0.156 146.87 121.93 3.60 -8.73 395.0
2007 10 7 12 40826.3 0.659 151.77 121.93 2.82 -8.57 420.9
2007 10 8 12 40695.1 0.023 167.73 121.93 5.58 -5.91 458.7
2007 10 9 12 40564.7 0.513 187.25 121.93 2.98 -7.94 420.2
2007 10 10 12 40435.1 1.745 148.68 121.93 4.59 -5.39 496.3
2007 10 11 12 40306.3 3.468 157.96 121.93 4.59 -7.12 444.2
2007 10 12 12 40178.3 3.044 191.01 121.93 4.48 -8.52 429.7
2007 10 13 12 40051.3 0.221 148.58 121.93 3.38 -8.19 402.8
2007 10 14 12 39925.2 0.095 154.27 121.93 2.13 -9.03 394.6
2007 10 15 12 39800.0 1.101 127.44 121.93 1.83 -9.41 473.1
2007 10 16 12 39675.8 0.942 174.15 121.93 1.36 -10.17 375.7
2007 10 17 12 39552.7 1.687 132.83 121.93 -1.73 -11.94 297.9
2007 10 18 12 39430.7 0.433 146.34 121.93 2.39 -8.90 432.2
2007 10 19 12 39309.8 1.021 144.70 121.93 1.47 -10.01 378.5
2007 10 20 12 39190.1 0.978 141.18 121.93 2.14 -9.89 409.6
2007 10 21 12 39071.5 0.648 132.20 121.93 0.51 -12.28 351.7
2007 10 22 12 38954.2 0.065 141.16 121.93 1.48 -9.66 423.4
2007 10 23 12 38838.1 2.114 162.74 121.93 -1.79 -12.99 337.2
2007 10 24 12 38723.3 1.277 169.45 121.93 -1.68 -13.93 314.6
2007 10 25 12 38609.8 2.324 131.47 121.93 -3.85 -15.28 328.8
2007 10 26 12 38497.7 2.905 126.24 121.93 -0.54 -12.06 292.3
2007 10 27 12 38387.0 0.988 119.74 121.93 -1.70 -13.60 288.2
2007 10 28 12 38277.7 2.295 171.07 121.93 -2.10 -14.14 292.5
2007 10 29 12 38169.9 4.684 131.63 121.93 -0.45 -11.53 318.7
2007 10 30 12 38063.6 6.090 145.36 121.93 -1.80 -13.38 318.1
2007 10 31 12 37958.7 1.603 138.04 121.93 -3.51 -15.38 275.0
2007 11 1 12 37855.5 1.758 159.68 121.93 2.25 -9.83 432.6
2007 11 2 12 37753.8 1.622 121.82 121.93 -1.82 -13.32 330.9
2007 11 3 12 37653.8 2.112 107.93 121.93 -3.59 -14.25 308.6
2007 11 4 12 37555.3 3.190 151.45 121.93 -3.17 -14.40 300.5
2007 11 5 12 37458.6 1.657 136.14 121.93 -2.62 -14.21 284.2
2007 11 6 12 37363.5 6.422 128.48 121.93 -2.82 -13.98 347.2
2007 11 7 12 37270.2 5.766 143.73 121.93 -0.80 -11.11 414.1
2007 11 8 12 37178.7 1.423 127.49 121.93 -3.07 -14.08 282.0
2007 11 9 12 37088.9 1.433 142.44 121.93 -0.36 -11.56 417.5
2007 11 10 12 37000.9 0.791 121.71 121.93 -3.99 -14.88 282.3
2007 11 11 12 36914.8 2.485 130.68 121.93 -2.89 -14.42 289.0
2007 11 12 12 36830.5 0.990 124.20 121.93 -2.19 -13.44 345.3
2007 11 13 12 36748.2 0.776 110.60 121.93 -2.12 -13.91 338.6
2007 11 14 12 36667.7 2.532 111.60 121.93 -2.13 -14.77 302.4
2007 11 15 12 36589.2 0.328 108.00 121.93 -4.69 -15.82 273.2
2007 11 16 12 36512.6 3.811 117.11 121.93 -4.48 -15.60 323.1
2007 11 17 12 36438.0 2.734 105.54 121.93 -8.37 -20.00 181.2
2007 11 18 12 36365.4 6.379 118.19 121.93 -5.13 -15.70 283.9
2007 11 19 12 36294.9 2.113 116.98 121.93 -3.38 -15.36 343.7
2007 11 20 12 36226.3 3.269 113.34 121.93 -3.85 -16.66 226.6
2007 11 21 12 36159.9 3.721 112.94 121.93 -5.50 -17.46 237.1
2007 11 22 12 36095.5 5.115 100.46 121.93 -2.99 -15.63 318.2
2007 11 23 12 36033.3 1.974 104.10 121.93 -6.29 -17.42 267.4
2007 11 24 12 35973.2 0.934 82.67 121.93 -6.96 -18.96 247.6
2007 11 25 12 35915.2 2.324 105.35 121.93 -6.76 -17.37 213.0
2007 11 26 12 35859.3 4.296 91.81 121.93 -7.90 -18.53 239.0
2007 11 27 12 35805.7 4.873 107.55 121.93 -5.45 -17.59 239.6
2007 11 28 12 35754.2 0.109 94.82 121.93 -6.11 -18.16 305.0
2007 11 29 12 35704.9 0.948 74.29 121.93 -5.79 -16.76 289.0
2007 11 30 12 35657.9 3.727 138.37 121.93 -7.48 -18.10 237.3
2007 12 1 12 35613.1 6.228 100.66 121.93 -7.10 -20.11 206.3
2007 12 2 12 35570.6 1.722 125.41 121.93 -10.44 -21.61 169.4
2007 12 3 12 35530.3 5.384 95.40 121.93 -6.76 -19.91 222.7
2007 12 4 12 35492.2 0.114 128.39 121.93 -7.32 -19.16 191.2
2007 12 5 12 35456.5 5.675 85.29 121.93 -9.26 -19.79 245.2
2007 12 6 12 35423.1 5.130 104.87 121.93 -7.91 -16.90 222.2
2007 12 7 12 35391.9 2.985 85.53 121.93 -8.28 -19.87 208.7
2007 12 8 12 35363.1 4.890 140.64 121.93 -5.39 -17.78 219.6
2007 12 9 12 35336.6 8.602 97.63 121.93 -9.76 -21.57 169.9
2007 12 10 12 35312.4 7.006 113.55 121.93 -7.80 -19.15 246.7
2007 12 11 12 35290.6 2.008 107.66 121.93 -10.06 -22.00 108.6
2007 12 12 12 35271.1 2.745 100.33 121.93 -9.39 -21.53 164.3
2007 12 13 12 35253.9 1.681 108.31 121.93 -8.26 -20.00 156.7
2007 12 14 12 35239.2 1.456 120.78 121.93 -9.12 -20.20 187.6
2007 12 15 12 35226.7 4.753 110.29 121.93 -8.93 -20.46 147.5
2007 12 16 12 35216.7 1.705 102.60 121.93 -8.53 -20.64 192.1
2007 12 17 12 35209.0 4.826 107.88 121.93 -9.88 -21.82 150.8
2007 12 18 12 35203.6 2.001 128.76 121.93 -7.93 -19.66 229.3
2007 12 19 12 35200.7 2.358 93.75 121.93 -9.82 -22.02 196.5
2007 12 20 12 35200.1 0.791 72.19 121.93 -9.61 -21.57 168.9
2007 12 21 12 35201.9 4.869 83.57 121.93 -9.02 -19.90 228.7
2007 12 22 12 35206.0 0.116 84.73 121.93 -9.32 -20.90 223.5
2007 12 23 12 35212.5 6.886 86.91 121.93 -8.78 -21.59 140.6
2007 12 24 12 35221.4 14.374 87.51 121.93 -9.36 -19.94 244.2
2007 12 25 12 35232.6 2.564 99.97 121.93 -9.22 -20.29 193.1
2007 12 26 12 35246.3 2.463 104.17 121.93 -10.50 -23.01 110.5
2007 12 27 12 35262.2 0.241 104.17 121.93 -11.69 -23.39 141.2
2007 12 28 12 35280.5 1.330 89.85 121.93 -12.31 -24.34 111.0
2007 12 29 12 35301.2 5.881 115.92 121.93 -12.75 -23.61 85.6
2007 12 30 12 35324.2 6.697 109.26 121.93 -7.67 -19.37 179.6
2007 12 31 12 35349.5 3.044 125.22 121.93 -13.70 -25.16 146.0
2008 1 1 12 35377.2 5.685 114.47 121.93 -8.65 -20.20 204.3
2008 1 2 12 35407.2 0.894 96.83 121.93 -11.74 -24.32 158.1
2008 1 3 12 35439.5 3.876 121.98 121.93 -8.78 -19.06 206.3
2008 1 4 12 35474.1 9.211 106.84 121.93 -13.92 -24.79 80.2
2008 1 5 12 35511.0 4.695 115.08 121.93 -11.02 -23.02 89.2
2008 1 6 12 35550.1 10.541 114.31 121.93 -8.53 -19.78 233.5
2008 1 7 12 35591.5 10.875 102.05 121.93 -9.69 -20.31 206.2
2008 1 8 12 35635.2 4.248 105.90 121.93 -11.30 -22.66 134.6
2008 1 9 12 35681.2 2.074 102.84 121.93 -13.75 -23.90 98.2
2008 1 10 12 35729.3 6.109 92.50 121.93 -12.85 -21.91 195.5
2008 1 11 12 35779.7 1.866 73.63 121.93 -8.81 -20.31 188.5
2008 1 12 12 35832.2 3.960 95.92 121.93 -11.44 -23.31 128.9
2008 1 13 12 35887.0 7.295 109.86 121.93 -11.05 -23.24 117.2
2008 1 14 12 35943.9 1.513 123.72 121.93 -10.53 -23.71 113.7
2008 1 15 12 36003.0 2.084 119.97 121.93 -12.93 -23.33 149.9
2008 1 16 12 36064.1 0.546 104.45 121.93 -10.38 -22.06 116.3
2008 1 17 12 36127.5 0.188 99.07 121.93 -11.62 -22.32 155.9
2008 1 18 12 36192.9 2.356 107.23 121.93 -10.56 -21.10 206.7
2008 1 19 12 36260.3 3.576 95.98 121.93 -11.87 -24.13 114.8
2008 1 20 12 36329.9 12.771 79.57 121.93 -13.36 -25.50 121.6
2008 1 21 12 36401.5 3.469 88.84 121.93 -11.63 -21.64 207.5
2008 1 22 12 36475.1 6.875 133.37 121.93 -10.02 -21.48 197.6
2008 1 23 12 36550.6 4.272 141.37 121.93 -10.38 -22.31 137.8
2008 1 24 12 36628.2 0.115 125.59 121.93 -10.90 -23.14 136.1
2008 1 25 12 36707.7 2.549 114.20 121.93 -9.58 -21.10 188.4
2008 1 26 12 36789.1 4.893 95.00 121.93 -11.21 -21.41 157.8
2008 1 27 12 36872.4 4.918 114.31 121.93 -10.79 -21.65 152.0
2008 1 28 12 36957.6 2.764 126.75 121.93 -11.57 -22.82 126.7
2008 1 29 12 37044.7 4.140 130.90 121.93 -9.38 -19.51 286.1
2008 1 30 12 37133.6 6.462 129.67 121.93 -10.34 -20.62 179.4
2008 1 31 12 37224.2 0.301 138.39 121.93 -11.57 -22.70 178.0
2008 2 1 12 37316.7 6.513 150.31 121.93 -12.92 -22.10 131.9
2008 2 2 12 37410.8 0.197 116.03 121.93 -8.98 -20.58 239.4
2008 2 3 12 37506.7 0.281 165.15 121.93 -11.70 -22.23 144.1
2008 2 4 12 37604.3 3.226 93.74 121.93 -10.43 -22.14 158.8
2008 2 5 12 37703.6 4.433 113.36 121.93 -6.95 -17.62 192.5
2008 2 6 12 37804.5 2.826 129.04 121.93 -9.21 -20.81 217.3
2008 2 7 12 37906.9 0.670 135.30 121.93 -7.93 -18.96 260.8
2008 2 8 12 38011.0 0.420 125.39 121.93 -11.09 -20.57 152.9
2008 2 9 12 38116.5 3.162 121.73 121.93 -8.60 -19.24 250.5
2008 2 10 12 38223.6 2.513 163.28 121.93 -10.09 -21.11 137.7
2008 2 11 12 38332.2 1.844 123.17 121.93 -9.50 -21.52 188.5
2008 2 12 12 38442.2 6.389 117.13 121.93 -6.94 -18.19 227.6
2008 2 13 12 38553.6 2.340 158.90 121.93 -10.30 -22.51 189.9
2008 2 14 12 38666.4 0.359 147.40 121.93 -9.77 -20.46 198.3
2008 2 15 12 38780.5 1.866 152.23 121.93 -11.06 -21.77 192.6
2008 2 16 12 38896.0 5.020 139.90 121.93 -8.28 -19.82 240.7
2008 2 17 12 39012.7 2.188 117.49 121.93 -10.35 -20.42 182.9
2008 2 18 12 39130.6 4.941 140.58 121.93 -7.88 -18.06 238.0
2008 2 19 12 39249.8 5.925 117.79 121.93 -11.78 -23.06 105.5
2008 2 20 12 39370.1 2.362 145.34 121.93 -8.37 -19.32 204.6
2008 2 21 12 39491.6 2.860 152.72 121.93 -10.05 -21.92 219.3
2008 2 22 12 39614.2 2.032 160.27 121.93 -7.88 -19.50 232.8
2008 2 23 12 39737.8 5.055 143.99 121.93 -8.88 -21.14 145.9
2008 2 24 12 39862.5 1.958 157.85 121.93 -9.54 -21.32 222.5
2008 2 25 12 39988.1 4.585 134.32 121.93 -9.20 -20.68 198.1
2008 2 26 12 40114.7 3.634 163.65 121.93 -9.77 -22.50 175.0
2008 2 27 12 40242.2 0.099 160.54 121.93 -7.11 -18.05 253.8
2008 2 28 12 40370.6 4.829 139.70 121.93 -9.81 -20.39 204.8
2008 2 29 12 40499.8 3.288 160.95 121.93 -8.50 -19.91 141.9
2008 3 1 12 40629.8 8.986 170.64 121.93 -7.45 -21.00 213.1
2008 3 2 12 40760.6 0.535 156.79 121.93 -5.40 -17.01 192.2
2008 3 3 12 40892.1 3.679 144.58 121.93 -7.70 -20.21 226.2
2008 3 4 12 41024.3 1.627 160.91 121.93 -7.90 -19.79 207.2
2008 3 5 12 41157.2 0.133 167.86 121.93 -6.98 -17.22 280.6
2008 3 6 12 41290.6 0.051 148.46 121.93 -10.35 -23.70 130.7
2008 3 7 12 41424.6 10.528 147.13 121.93 -8.89 -20.94 212.4
2008 3 8 12 41559.2 3.666 171.42 121.93 -7.50 -18.24 235.7
2008 3 9 12 41694.2 2.242 177.29 121.93 -7.85 -19.81 212.1
2008 3 10 12 41829.7 0.245 198.54 121.93 -9.03 -21.05 191.2
2008 3 11 12 41965.5 9.927 177.64 121.93 -5.18 -14.95 357.3
2008 3 12 12 42101.8 1.119 150.88 121.93 -5.91 -17.01 277.8
2008 3 13 12 42238.3 3.807 200.98 121.93 -5.93 -16.58 228.9
2008 3 14 12 42375.2 3.084 187.58 121.93 -7.01 -18.01 222.8
2008 3 15 12 42512.3 13.989 143.04 121.93 -5.68 -16.95 278.9
2008 3 16 12 42649.6 2.705 159.04 121.93 -4.86 -15.25 332.9
2008 3 17 12 42787.0 1.462 168.50 121.93 -5.85 -15.73 263.8
2008 3 18 12 42924.6 3.638 189.82 121.93 -4.61 -17.36 320.0
2008 3 19 12 43062.3 4.039 142.93 121.93 -6.30 -17.73 250.7
2008 3 20 12 43200.0 22.061 178.21 121.93 -4.78 -16.21 288.3
2008 3 21 12 43337.7 2.616 193.09 121.93 -3.03 -14.77 266.9
2008 3 22 12 43475.4 0.483 140.24 121.93 -2.71 -13.33 366.9
2008 3 23 12 43613.0 1.768 195.33 121.93 -2.39 -13.58 315.0
2008 3 24 12 43750.4 3.560 198.51 121.93 -3.76 -13.62 305.1
2008 3 25 12 43887.7 4.233 174.18 121.93 -3.96 -14.48 300.9
2008 3 26 12 44024.8 1.503 170.95 121.93 -4.49 -14.80 345.5
2008 3 27 12 44161.7 12.807 176.68 121.93 -6.34 -18.70 240.0
2008 3 28 12 44298.2 0.793 150.90 121.93 -5.45 -17.50 223.3
2008 3 29 12 44434.5 6.105 187.45 121.93 -3.50 -15.48 274.6
2008 3 30 12 44570.3 1.792 197.00 121.93 -3.21 -13.55 371.2
2008 3 31 12 44705.8 2.682 176.77 121.93 -0.74 -12.91 334.7
2008 4 1 12 44840.8 1.989 210.99 121.93 -0.69 -12.84 360.1
2008 4 2 12 44975.4 3.384 199.29 121.93 -3.49 -15.79 308.4
2008 4 3 12 45109.4 2.515 202.99 121.93 -1.04 -10.23 292.8
2008 4 4 12 45242.8 2.107 194.40 121.93 -2.78 -14.29 352.1
2008 4 5 12 45375.7 4.564 212.90 121.93 -0.84 -11.82 338.1
2008 4 6 12 45507.9 0.378 222.44 121.93 -0.45 -12.77 333.9
2008 4 7 12 45639.4 3.460 198.28 121.93 0.40 -10.23 441.6
2008 4 8 12 45770.2 7.352 217.12 121.93 -2.00 -14.82 347.1
2008 4 9 12 45900.2 2.132 218.58 121.93 0.47 -11.72 380.4
2008 4 10 12 46029.4 5.400 214.56 121.93 -3.66 -15.65 308.9
2008 4 11 12 46157.8 4.686 234.73 121.93 1.30 -9.93 430.8
2008 4 12 12 46285.3 0.939 199.96 121.93 -0.48 -12.51 392.6
2008 4 13 12 46411.9 2.520 205.80 121.93 -0.24 -10.42 438.3
2008 4 14 12 46537.5 4.671 201.72 121.93 -3.09 -14.09 321.5
2008 4 15 12 46662.2 2.245 225.50 121.93 -0.41 -12.36 330.7
2008 4 16 12 46785.8 4.106 211.77 121.93 2.41 -8.19 428.6
2008 4 17 12 46908.4 1.651 206.65 121.93 -0.05 -11.77 368.5
2008 4 18 12 47029.9 7.398 243.25 121.93 1.86 -10.01 398.2
2008 4 19 12 47150.2 1.996 246.64 121.93 1.05 -9.63 377.0
2008 4 20 12 47269.4 2.028 215.76 121.93 2.80 -10.56 401.9
2008 4 21 12 47387.3 2.056 201.36 121.93 1.70 -9.11 370.7
2008 4 22 12 47504.0 2.302 250.99 121.93 0.22 -11.75 367.6
2008 4 23 12 47619.5 0.371 231.26 121.93 1.91 -10.06 403.3
2008 4 24 12 47733.6 0.645 231.65 121.93 4.43 -5.40 495.5
2008 4 25 12 47846.4 5.559 228.04 121.93 2.98 -8.84 448.7
2008 4 26 12 47957.8 4.840 215.57 121.93 2.27 -8.37 454.2
2008 4 27 12 48067.8 4.523 222.48 121.93 6.03 -5.15 563.8
2008 4 28 12 48176.4 3.437 239.93 121.93 4.59 -6.50 454.4
2008 4 29 12 48283.5 1.188 224.12 121.93 4.28 -7.32 462.0
2008 4 30 12 48389.0 1.031 238.39 121.93 3.73 -7.91 448.3
2008 5 1 12 48493.1 2.046 233.13 121.93 4.56 -5.62 492.6
2008 5 2 12 48595.5 5.997 218.10 121.93 4.81 -5.85 445.1
2008 5 3 12 48696.4 2.588 259.28 121.93 0.59 -11.21 340.3
2008 5 4 12 48795.7 0.550 244.87 121.93 4.66 -7.58 448.6
2008 5 5 12 48893.3 0.224 241.89 121.93 4.02 -7.85 395.8
2008 5 6 12 48989.2 4.573 246.22 121.93 3.71 -6.90 451.9
2008 5 7 12 49083.3 7.373 211.94 121.93 4.37 -6.09 458.8
2008 5 8 12 49175.8 0.127 232.36 121.93 2.52 -8.43 422.4
2008 5 9 12 49266.4 4.582 217.75 121.93 2.34 -10.35 427.0
2008 5 10 12 49355.3 3.017 243.42 121.93 7.11 -3.68 494.0
2008 5 11 12 49442.4 0.711 247.31 121.93 6.13 -4.23 541.5
2008 5 12 12 49527.6 2.410 245.40 121.93 2.01 -9.25 397.8
2008 5 13 12 49610.9 0.387 261.79 121.93 4.95 -4.86 489.3
2008 5 14 12 49692.3 1.474 222.46 121.93 7.33 -5.13 511.4
2008 5 15 12 49771.8 1.901 233.73 121.93 5.77 -5.08 490.2
2008 5 16 12 49849.4 5.754 252.71 121.93 8.25 -3.97 493.8
2008 5 17 12 49924.9 1.349 251.21 121.93 8.14 -2.42 540.6
2008 5 18 12 49998.5 0.767 228.25 121.93 4.71 -6.20 422.7
2008 5 19 12 50070.1 2.547 266.65 121.93 6.71 -3.25 546.5
2008 5 20 12 50139.7 3.121 272.54 121.93 6.43 -4.57 415.6
2008 5 21 12 50207.1 0.706 256.46 121.93 5.20 -6.53 496.1
2008 5 22 12 50272.5 0.432 228.09 121.93 5.27 -6.52 488.1
2008 5 23 12 50335.9 0.485 253.75 121.93 6.42 -5.18 544.4
2008 5 24 12 50397.0 5.280 257.08 121.93 6.84 -4.97 566.1
2008 5 25 12 50456.1 2.825 248.48 121.93 8.39 -1.93 589.5
2008 5 26 12 50513.0 1.127 273.34 121.93 9.70 -0.68 567.6
2008 5 27 12 50567.8 4.378 251.94 121.93 9.07 -3.53 594.7
2008 5 28 12 50620.3 0.643 285.77 121.93 9.59 -1.78 528.6
2008 5 29 12 50670.7 1.463 266.45 121.93 8.23 -3.12 480.4
2008 5 30 12 50718.8 0.311 259.33 121.93 9.69 -2.34 608.8
2008 5 31 12 50764.8 4.008 269.45 121.93 8.72 -2.33 571.4
2008 6 1 12 50808.5 0.547 279.05 121.93 8.43 -1.80 507.7
2008 6 2 12 50849.9 0.557 269.98 121.93 12.09 1.40 587.4
2008 6 3 12 50889.0 2.174 255.75 121.93 5.90 -4.42 528.0
2008 6 4 12 50925.9 0.014 247.36 121.93 6.73 -5.24 469.0
2008 6 5 12 50960.5 0.193 240.77 121.93 10.26 -1.11 556.0
2008 6 6 12 50992.8 2.859 221.32 121.93 9.43 -2.58 607.3
2008 6 7 12 51022.8 0.393 260.84 121.93 7.81 -3.40 596.4
2008 6 8 12 51050.5 9.007 252.69 121.93 8.52 -2.62 552.0
2008 6 9 12 51075.8 1.634 253.75 121.93 8.85 -1.79 559.8
2008 6 10 12 51098.8 0.072 274.42 121.93 11.70 1.35 654.1
2008 6 11 12 51119.5 5.099 257.51 121.93 12.31 1.46 612.4
2008 6 12 12 51137.8 1.565 287.80 121.93 13.08 0.99 552.8
2008 6 13 12 51153.7 1.048 250.94 121.93 8.35 -4.13 434.6
2008 6 14 12 51167.4 1.515 245.11 121.93 8.81 -2.18 554.3
2008 6 15 12 51178.6 0.066 240.92 121.93 8.82 -1.38 598.9
2008 6 16 12 51187.5 1.188 270.72 121.93 13.02 1.60 632.5
2008 6 17 12 51194.0 0.378 277.21 121.93 11.82 -0.80 608.3
2008 6 18 12 51198.1 1.077 251.07 121.93 11.43 1.69 661.2
2008 6 19 12 51199.9 0.676 244.04 121.93 11.75 0.75 656.5
2008 6 20 12 51199.3 1.314 282.95 121.93 11.43 0.16 608.8
2008 6 21 12 51196.4 0.790 238.21 121.93 9.93 -2.41 560.1
2008 6 22 12 51191.0 0.596 275.06 121.93 12.47 1.09 620.6
2008 6 23 12 51183.3 0.292 251.27 121.93 11.52 0.67 605.6
2008 6 24 12 51173.3 0.065 265.69 121.93 10.08 -0.91 534.6
2008 6 25 12 51160.8 0.036 275.76 121.93 12.83 0.89 652.9
2008 6 26 12 51146.1 0.152 266.60 121.93 11.41 -0.03 587.8
2008 6 27 12 51128.9 1.954 254.86 121.93 12.47 0.58 598.3
2008 6 28 12 51109.4 0.247 280.04 121.93 12.02 1.95 622.7
2008 6 29 12 51087.6 0.428 263.21 121.93 13.62 2.93 618.4
2008 6 30 12 51063.4 0.426 313.87 121.93 12.68 0.86 614.6
2008 7 1 12 51036.9 0.573 232.79 121.93 11.09 -1.25 590.5
2008 7 2 12 51008.1 1.521 232.28 121.93 12.96 1.78 614.4
2008 7 3 12 50976.9 0.647 272.68 121.93 13.07 1.27 656.6
2008 7 4 12 50943.5 2.069 256.96 121.93 13.36 1.62 621.4
2008 7 5 12 50907.8 0.134 268.97 121.93 14.19 1.89 591.7
2008 7 6 12 50869.7 1.814 240.22 121.93 11.77 -0.44 632.3
2008 7 7 12 50829.4 3.091 257.11 121.93 13.74 2.47 655.3
2008 7 8 12 50786.9 0.833 262.73 121.93 10.19 -1.43 597.4
2008 7 9 12 50742.1 0.184 247.27 121.93 12.63 3.23 691.2
2008 7 10 12 50695.1 1.365 258.43 121.93 12.44 1.51 601.8
2008 7 11 12 50645.8 0.809 234.04 121.93 15.05 2.73 638.9
2008 7 12 12 50594.3 1.104 259.87 121.93 12.67 0.04 631.9
2008 7 13 12 50540.7 1.841 275.09 121.93 13.84 2.76 710.3
2008 7 14 12 50484.8 0.494 234.28 121.93 10.31 -1.41 573.7
2008 7 15 12 50426.8 0.397 232.80 121.93 12.44 2.11 623.3
2008 7 16 12 50366.7 5.842 269.52 121.93 11.71 0.54 661.2
2008 7 17 12 50304.5 1.238 231.31 121.93 16.70 3.72 655.6
2008 7 18 12 50240.1 1.982 263.01 121.93 12.00 -0.22 605.5
2008 7 19 12 50173.7 1.589 250.57 121.93 13.11 1.17 610.6
2008 7 20 12 50105.1 1.944 242.78 121.93 13.19 2.14 650.9
2008 7 21 12 50034.6 0.995 270.34 121.93 10.61 -1.63 539.0
2008 7 22 12 49962.0 1.688 261.54 121.93 12.20 0.92 607.2
2008 7 23 12 49887.4 0.296 251.07 121.93 13.58 1.11 603.4
2008 7 24 12 49810.8 0.038 213.82 121.93 13.09 1.69 653.7
2008 7 25 12 49732.3 0.198 256.01 121.93 9.49 -1.61 572.6
2008 7 26 12 49651.8 0.546 228.46 121.93 12.07 1.84 663.2
2008 7 27 12 49569.5 0.461 240.37 121.93 14.42 3.22 639.6
2008 7 28 12 49485.2 0.632 242.96 121.93 13.75 1.69 627.6
2008 7 29 12 49399.1 0.252 270.45 121.93 14.66 4.45 707.8
2008 7 30 12 49311.1 0.010 237.31 121.93 11.32 -0.23 621.2
2008 7 31 12 49221.3 0.374 218.87 121.93 14.68 3.90 634.5
2008 8 1 12 49129.8 0.071 261.34 121.93 12.65 0.76 624.6
2008 8 2 12 49036.5 0.567 249.25 121.93 15.05 3.73 650.1
2008 8 3 12 48941.4 0.878 248.86 121.93 12.62 0.58 638.9
2008 8 4 12 48844.7 0.349 258.77 121.93 9.49 -1.65 622.8
2008 8 5 12 48746.2 0.114 261.31 121.93 13.78 3.02 582.1
2008 8 6 12 48646.2 0.601 221.09 121.93 11.78 -0.02 580.0
2008 8 7 12 48544.5 4.564 212.58 121.93 11.82 -0.02 607.4
2008 8 8 12 48441.3 0.933 245.05 121.93 10.13 -0.98 580.3
2008 8 9 12 48336.4 0.993 227.43 121.93 14.68 2.62 680.5
2008 8 10 12 48230.1 0.288 227.72 121.93 11.39 -1.23 577.8
2008 8 11 12 48122.3 0.182 212.40 121.93 14.45 3.34 650.8
2008 8 12 12 48013.0 1.488 236.89 121.93 11.36 -0.12 566.9
2008 8 13 12 47902.3 0.001 233.05 121.93 10.54 -0.97 545.0
2008 8 14 12 47790.2 0.206 223.57 121.93 13.82 2.84 634.4
2008 8 15 12 47676.7 2.268 203.94 121.93 11.64 0.77 598.4
2008 8 16 12 47561.9 0.471 241.76 121.93 11.56 0.03 612.2
2008 8 17 12 47445.8 0.040 226.29 121.93 9.64 -2.66 542.1
2008 8 18 12 47328.5 0.807 238.05 121.93 10.77 -1.14 557.7
2008 8 19 12 47209.9 0.316 188.55 121.93 12.00 1.07 591.1
2008 8 20 12 47090.2 0.022 219.75 121.93 9.30 -1.99 539.2
2008 8 21 12 46969.3 0.657 206.94 121.93 10.33 -1.51 553.0
2008 8 22 12 46847.3 0.559 217.01 121.93 10.40 -1.63 545.0
2008 8 23 12 46724.2 0.525 229.39 121.93 11.02 0.11 622.4
2008 8 24 12 46600.0 0.856 219.55 121.93 13.02 1.44 669.9
2008 8 25 12 46474.8 0.092 213.02 121.93 10.23 -0.57 553.3
2008 8 26 12 46348.7 0.728 211.68 121.93 9.52 -1.18 610.0
2008 8 27 12 46221.7 0.605 186.82 121.93 14.55 2.90 678.7
2008 8 28 12 46093.7 1.412 195.34 121.93 9.65 -0.99 585.6
2008 8 29 12 45964.9 0.199 224.47 121.93 9.88 -1.41 617.6
2008 8 30 12 45835.3 1.651 198.77 121.93 9.50 -1.69 561.1
2008 8 31 12 45704.9 1.150 222.15 121.93 9.48 -3.67 538.6
2008 9 1 12 45573.7 0.453 216.13 121.93 9.87 -2.31 557.6
2008 9 2 12 45441.8 0.539 215.61 121.93 10.99 -1.14 578.7
2008 9 3 12 45309.3 0.526 206.09 121.93 10.07 -1.58 582.1
2008 9 4 12 45176.2 1.103 193.22 121.93 10.94 -0.37 593.9
2008 9 5 12 45042.4 0.386 196.16 121.93 10.74 -0.54 603.2
2008 9 6 12 44908.2 1.480 206.69 121.93 9.33 -1.84 543.1
2008 9 7 12 44773.4 0.868 163.85 121.93 9.43 -2.52 530.4
2008 9 8 12 44638.1 3.013 213.04 121.93 10.37 -0.48 570.2
2008 9 9 12 44502.5 0.236 185.52 121.93 6.88 -3.07 527.6
2008 9 10 12 44366.4 1.058 190.37 121.93 12.13 0.45 639.4
2008 9 11 12 44230.0 0.072 189.13 121.93 7.45 -4.48 496.5
2008 9 12 12 44093.3 0.458 188.34 121.93 7.53 -4.42 531.1
2008 9 13 12 43956.3 0.975 167.86 121.93 6.07 -5.26 502.7
2008 9 14 12 43819.1 1.171 188.47 121.93 5.94 -5.88 469.2
2008 9 15 12 43681.7 0.387 193.73 121.93 9.00 -3.78 563.7
2008 9 16 12 43544.2 1.803 152.78 121.93 10.77 -1.79 586.3
2008 9 17 12 43406.5 2.183 162.55 121.93 6.34 -4.24 515.2
2008 9 18 12 43268.9 0.265 194.13 121.93 7.54 -2.84 540.8
2008 9 19 12 43131.1 0.517 189.96 121.93 7.17 -2.95 543.7
2008 9 20 12 42993.5 0.463 182.42 121.93 8.15 -3.06 492.8
2008 9 21 12 42855.8 0.341 166.33 121.93 9.80 -2.39 527.4
2008 9 22 12 42718.3 2.210 185.92 121.93 8.57 -3.18 550.2
2008 9 23 12 42580.9 2.220 155.77 121.93 5.74 -6.85 415.5
2008 9 24 12 42443.7 0.509 170.38 121.93 6.71 -5.92 459.2
2008 9 25 12 42306.7 1.273 151.47 121.93 6.67 -4.53 497.6
2008 9 26 12 42170.0 1.863 167.27 121.93 5.50 -5.47 577.8
2008 9 27 12 42033.6 0.908 152.88 121.93 3.70 -6.14 497.5
2008 9 28 12 41897.5 0.493 178.31 121.93 3.95 -7.52 482.6
2008 9 29 12 41761.9 0.281 172.12 121.93 6.68 -5.81 459.6
2008 9 30 12 41626.6 1.500 155.71 121.93 6.63 -4.86 513.6
2008 10 1 12 41491.8 0.110 179.27 121.93 4.25 -7.38 399.7
2008 10 2 12 41357.6 0.542 147.23 121.93 4.75 -7.04 449.3
2008 10 3 12 41223.8 0.443 159.71 121.93 5.96 -5.17 511.9
2008 10 4 12 41090.7 0.102 149.68 121.93 1.41 -10.96 338.2
2008 10 5 12 40958.2 0.717 168.72 121.93 3.09 -8.20 447.8
2008 10 6 12 40826.3 0.650 165.91 121.93 6.59 -4.29 528.5
2008 10 7 12 40695.1 0.232 174.48 121.93 3.81 -6.46 452.8
2008 10 8 12 40564.7 2.731 154.89 121.93 1.46 -9.69 381.2
2008 10 9 12 40435.1 1.740 107.96 121.93 3.13 -7.44 429.8
2008 10 10 12 40306.3 0.893 144.60 121.93 4.28 -7.47 440.1
2008 10 11 12 40178.3 2.061 173.26 121.93 -1.27 -12.92 332.1
2008 10 12 12 40051.3 2.563 143.64 121.93 2.60 -7.72 460.9
2008 10 13 12 39925.2 3.075 118.49 121.93 1.58 -10.92 365.5
2008 10 14 12 39800.0 0.384 152.74 121.93 -0.53 -12.26 402.9
2008 10 15 12 39675.8 2.195 152.62 121.93 1.85 -8.65 474.8
2008 10 16 12 39552.7 0.766 132.62 121.93 1.31 -10.26 401.9
2008 10 17 12 39430.7 1.201 138.61 121.93 1.27 -10.35 382.6
2008 10 18 12 39309.8 0.438 128.39 121.93 0.58 -11.03 363.4
2008 10 19 12 39190.1 0.978 147.74 121.93 -0.64 -11.94 370.7
2008 10 20 12 39071.5 2.407 139.56 121.93 -1.49 -12.02 374.3
2008 10 21 12 38954.2 0.904 120.05 121.93 -0.55 -11.21 369.7
2008 10 22 12 38838.1 0.309 136.24 121.93 1.57 -9.82 391.7
2008 10 23 12 38723.3 4.969 124.24 121.93 0.42 -10.11 408.5
2008 10 24 12 38609.8 0.425 156.01 121.93 -0.24 -11.36 374.8
2008 10 25 12 38497.7 0.066 146.38 121.93 -1.90 -12.61 330.6
2008 10 26 12 38387.0 0.551 130.04 121.93 -1.11 -13.33 336.8
2008 10 27 12 38277.7 3.099 131.99 121.93 0.36 -9.65 388.8
2008 10 28 12 38169.9 0.411 144.91 121.93 -0.20 -11.42 349.0
2008 10 29 12 38063.6 0.223 126.03 121.93 -1.87 -15.47 290.4
2008 10 30 12 37958.7 1.326 138.96 121.93 -5.28 -15.35 275.8
2008 10 31 12 37855.5 4.973 148.72 121.93 -2.57 -13.97 298.6
2008 11 1 12 37753.8 1.948 118.17 121.93 -2.49 -14.20 347.3
2008 11 2 12 37653.8 0.175 149.23 121.93 -3.32 -15.21 284.0
2008 11 3 12 37555.3 7.604 143.88 121.93 -2.78 -13.83 378.7
2008 11 4 12 37458.6 1.802 126.31 121.93 -1.14 -13.25 353.8
2008 11 5 12 37363.5 3.219 114.98 121.93 -2.62 -14.48 285.8
2008 11 6 12 37270.2 0.118 124.24 121.93 -1.27 -13.12 372.5
2008 11 7 12 37178.7 6.968 116.12 121.93 -5.22 -16.85 241.5
2008 11 8 12 37088.9 0.848 107.00 121.93 -3.60 -15.42 350.9
2008 11 9 12 37000.9 0.102 125.99 121.93 -6.25 -16.97 267.4
2008 11 10 12 36914.8 1.750 101.80 121.93 -4.17 -15.36 309.2
2008 11 11 12 36830.5 3.492 111.23 121.93 -5.29 -16.38 273.4
2008 11 12 12 36748.2 2.616 110.60 121.93 -1.99 -12.90 349.9
2008 11 13 12 36667.7 2.606 94.20 121.93 -3.49 -14.96 293.9
2008 11 14 12 36589.2 2.460 123.77 121.93 -2.76 -14.98 272.6
2008 11 15 12 36512.6 1.697 109.70 121.93 -5.11 -15.07 308.8
2008 11 16 12 36438.0 0.134 131.86 121.93 -6.18 -16.84 293.9
2008 11 17 12 36365.4 1.193 107.98 121.93 -6.41 -16.52 233.8
2008 11 18 12 36294.9 1.021 104.85 121.93 -4.62 -15.19 342.4
2008 11 19 12 36226.3 5.257 96.69 121.93 -2.48 -14.25 333.1
2008 11 20 12 36159.9 4.303 110.18 121.93 -4.75 -18.03 226.3
2008 11 21 12 36095.5 0.897 109.63 121.93 -6.11 -18.49 216.6
2008 11 22 12 36033.3 3.449 119.46 121.93 -6.00 -16.89 318.1
2008 11 23 12 35973.2 1.504 108.74 121.93 -5.93 -17.41 279.9
2008 11 24 12 35915.2 0.100 138.56 121.93 -3.01 -14.75 339.2
2008 11 25 12 35859.3 3.183 113.44 121.93 -4.37 -17.77 237.2
2008 11 26 12 35805.7 0.394 91.25 121.93 -5.99 -17.40 268.6
2008 11 27 12 35754.2 0.396 89.47 121.93 -6.38 -18.65 237.6
2008 11 28 12 35704.9 0.704 113.07 121.93 -6.26 -18.24 230.1
2008 11 29 12 35657.9 3.398 89.30 121.93 -6.12 -16.84 266.5
2008 11 30 12 35613.1 4.881 113.05 121.93 -7.64 -19.86 236.1
2008 12 1 12 35570.6 4.840 117.14 121.93 -8.44 -20.58 236.3
2008 12 2 12 35530.3 0.692 117.10 121.93 -5.77 -17.02 252.0
2008 12 3 12 35492.2 0.549 89.88 121.93 -7.43 -18.14 197.9
2008 12 4 12 35456.5 3.579 116.39 121.93 -6.19 -17.91 291.1
2008 12 5 12 35423.1 0.729 107.07 121.93 -5.29 -15.51 339.5
2008 12 6 12 35391.9 1.592 92.80 121.93 -7.11 -19.54 221.3
2008 12 7 12 35363.1 4.010 99.24 121.93 -7.49 -20.06 252.6
2008 12 8 12 35336.6 2.000 108.44 121.93 -3.37 -16.00 289.9
2008 12 9 12 35312.4 2.718 91.03 121.93 -7.99 -20.71 158.5
2008 12 10 12 35290.6 1.586 105.43 121.93 -10.06 -21.19 136.7
2008 12 11 12 35271.1 4.951 122.39 121.93 -8.98 -21.16 137.2
2008 12 12 12 35253.9 5.456 115.00 121.93 -6.35 -18.88 222.6
2008 12 13 12 35239.2 3.373 101.62 121.93 -10.74 -21.84 149.3
2008 12 14 12 35226.7 5.574 103.78 121.93 -10.04 -20.79 166.9
2008 12 15 12 35216.7 15.689 92.10 121.93 -7.37 -17.93 238.2
2008 12 16 12 35209.0 4.283 92.44 121.93 -9.55 -20.25 220.7
2008 12 17 12 35203.6 1.985 76.98 121.93 -9.42 -21.55 152.6
2008 12 18 12 35200.7 3.013 103.77 121.93 -7.75 -18.93 200.0
2008 12 19 12 35200.1 6.350 110.24 121.93 -10.54 -21.54 154.8
2008 12 20 12 35201.9 1.316 98.96 121.93 -11.76 -23.54 156.8
2008 12 21 12 35206.0 1.198 86.90 121.93 -11.74 -23.01 137.7
2008 12 22 12 35212.5 3.057 101.12 121.93 -8.88 -21.28 182.8
2008 12 23 12 35221.4 2.040 120.34 121.93 -9.45 -21.35 219.5
2008 12 24 12 35232.6 0.652 113.80 121.93 -10.97 -22.07 243.9
2008 12 25 12 35246.3 2.656 100.02 121.93 -11.75 -21.94 180.3
2008 12 26 12 35262.2 7.942 131.33 121.93 -10.50 -20.98 196.7
2008 12 27 12 35280.5 3.650 141.29 121.93 -8.49 -19.37 177.2
2008 12 28 12 35301.2 0.483 93.81 121.93 -11.50 -22.83 154.4
2008 12 29 12 35324.2 4.297 97.55 121.93 -11.31 -22.77 146.5
2008 12 30 12 35349.5 1.683 111.90 121.93 -12.17 -24.72 132.3
2008 12 31 12 35377.2 13.297 88.08 121.93 -11.00 -23.06 127.0
2009 1 1 12 35377.2 4.031 114.51 121.93 -9.94 -21.98 166.4
2009 1 2 12 35407.2 1.131 103.59 121.93 -7.33 -18.27 252.7
2009 1 3 12 35439.5 4.730 107.97 121.93 -10.23 -20.88 239.4
2009 1 4 12 35474.1 3.037 94.11 121.93 -10.70 -21.51 216.8
2009 1 5 12 35511.0 7.745 91.29 121.93 -9.37 -19.82 241.5
2009 1 6 12 35550.1 1.319 73.72 121.93 -9.67 -21.01 201.6
2009 1 7 12 35591.5 4.173 126.19 121.93 -11.62 -23.81 110.9
2009 1 8 12 35635.2 0.215 118.47 121.93 -7.34 -18.78 246.2
2009 1 9 12 35681.2 2.775 114.91 121.93 -10.87 -22.85 119.9
2009 1 10 12 35729.3 0.497 110.52 121.93 -10.51 -21.38 166.1
2009 1 11 12 35779.7 3.054 71.23 121.93 -10.07 -21.75 218.3
2009 1 12 12 35832.2 3.804 95.06 121.93 -10.40 -21.88 178.6
2009 1 13 12 35887.0 4.151 103.03 121.93 -8.65 -19.50 216.8
2009 1 14 12 35943.9 1.374 91.22 121.93 -11.84 -23.84 133.9
2009 1 15 12 36003.0 2.954 82.63 121.93 -9.80 -20.43 188.6
2009 1 16 12 36064.1 7.346 93.98 121.93 -10.74 -23.22 71.0
2009 1 17 12 36127.5 11.349 110.01 121.93 -9.52 -20.68 148.6
2009 1 18 12 36192.9 3.103 110.67 121.93 -11.32 -22.79 162.6
2009 1 19 12 36260.3 7.625 124.22 121.93 -11.53 -22.26 127.1
2009 1 20 12 36329.9 0.859 142.25 121.93 -9.90 -22.40 148.8
2009 1 21 12 36401.5 1.709 122.30 121.93 -10.45 -23.08 101.6
2009 1 22 12 36475.1 3.523 110.12 121.93 -12.21 -23.01 118.2
2009 1 23 12 36550.6 2.434 140.51 121.93 -8.95 -20.66 186.6
2009 1 24 12 36628.2 2.169 90.55 121.93 -9.85 -21.32 201.2
2009 1 25 12 36707.7 7.102 83.89 121.93 -11.04 -22.97 174.3
2009 1 26 12 36789.1 0.686 102.59 121.93 -11.61 -22.28 132.4
2009 1 27 12 36872.4 0.798 128.91 121.93 -10.33 -21.49 179.3
2009 1 28 12 36957.6 0.405 120.10 121.93 -9.86 -21.06 135.9
2009 1 29 12 37044.7 3.720 101.52 121.93 -13.20 -25.54 90.9
2009 1 30 12 37133.6 1.938 108.43 121.93 -10.21 -21.21 204.4
2009 1 31 12 37224.2 6.623 101.62 121.93 -9.76 -21.95 159.0
2009 2 1 12 37316.7 3.435 102.54 121.93 -14.22 -26.14 116.6
2009 2 2 12 37410.8 1.430 145.37 121.93 -10.35 -22.84 168.3
2009 2 3 12 37506.7 1.169 120.92 121.93 -9.55 -21.07 185.8
2009 2 4 12 37604.3 2.357 150.59 121.93 -9.66 -20.21 188.3
2009 2 5 12 37703.6 0.561 111.69 121.93 -9.27 -20.49 174.2
2009 2 6 12 37804.5 7.497 133.41 121.93 -10.90 -22.66 103.1
2009 2 7 12 37906.9 1.864 130.48 121.93 -11.91 -23.22 96.8
2009 2 8 12 38011.0 0.297 141.30 121.93 -12.98 -24.29 143.9
2009 2 9 12 38116.5 8.902 132.98 121.93 -8.57 -19.91 247.1
2009 2 10 12 38223.6 2.424 145.01 121.93 -9.08 -20.33 160.9
2009 2 11 12 38332.2 5.090 139.63 121.93 -8.30 -20.53 191.4
2009 2 12 12 38442.2 1.485 116.05 121.93 -11.06 -22.37 105.3
2009 2 13 12 38553.6 9.221 144.53 121.93 -8.68 -21.48 141.0
2009 2 14 12 38666.4 0.986 133.12 121.93 -12.05 -22.99 148.0
2009 2 15 12 38780.5 1.998 124.15 121.93 -11.01 -23.29 118.6
2009 2 16 12 38896.0 9.055 147.37 121.93 -9.42 -19.88 145.0
2009 2 17 12 39012.7 1.265 151.95 121.93 -8.52 -21.87 214.1
2009 2 18 12 39130.6 3.949 132.05 121.93 -6.89 -16.95 259.5
2009 2 19 12 39249.8 4.525 135.24 121.93 -9.67 -22.38 119.3
2009 2 20 12 39370.1 7.833 120.89 121.93 -10.50 -22.86 146.7
2009 2 21 12 39491.6 3.661 115.85 121.93 -10.46 -21.62 165.1
2009 2 22 12 39614.2 2.614 140.51 121.93 -10.01 -20.91 194.4
2009 2 23 12 39737.8 7.140 157.26 121.93 -5.53 -17.15 246.7
2009 2 24 12 39862.5 4.457 138.03 121.93 -7.60 -18.29 243.6
2009 2 25 12 39988.1 2.190 169.30 121.93 -6.95 -18.98 248.6
2009 2 26 12 40114.7 9.430 146.07 121.93 -8.85 -20.57 149.1
2009 2 27 12 40242.2 4.794 147.41 121.93 -8.37 -20.01 179.0
2009 2 28 12 40370.6 10.911 147.37 121.93 -7.18 -19.01 244.9
2009 3 1 12 40499.8 1.444 167.72 121.93 -8.86 -21.81 147.3
2009 3 2 12 40629.8 7.780 139.91 121.93 -8.40 -19.82 201.1
2009 3 3 12 40760.6 0.311 153.67 121.93 -8.84 -20.33 179.3
2009 3 4 12 40892.1 7.066 148.71 121.93 -8.35 -18.89 209.9
2009 3 5 12 41024.3 0.545 149.82 121.93 -7.47 -19.90 187.3
2009 3 6 12 41157.2 3.537 160.10 121.93 -8.63 -20.54 151.5
2009 3 7 12 41290.6 4.631 159.21 121.93 -6.82 -17.25 268.7
2009 3 8 12 41424.6 2.222 178.02 121.93 -6.67 -17.83 275.2
2009 3 9 12 41559.2 2.929 163.43 121.93 -7.21 -18.17 231.3
2009 3 10 12 41694.2 0.749 173.27 121.93 -8.02 -19.06 247.2
2009 3 11 12 41829.7 6.352 168.89 121.93 -6.47 -17.50 235.2
2009 3 12 12 41965.5 3.695 188.71 121.93 -7.22 -17.17 240.2
2009 3 13 12 42101.8 0.964 164.48 121.93 -6.23 -17.56 261.1
2009 3 14 12 42238.3 3.821 165.89 121.93 -4.49 -16.70 278.8
2009 3 15 12 42375.2 3.932 182.93 121.93 -7.85 -18.74 221.9
2009 3 16 12 42512.3 3.035 168.38 121.93 -2.54 -14.39 332.4
2009 3 17 12 42649.6 0.014 181.97 121.93 -5.74 -17.23 216.9
2009 3 18 12 42787.0 1.831 210.94 121.93 -4.84 -15.94 272.0
2009 3 19 12 42924.6 6.144 162.56 121.93 -6.41 -18.47 259.6
2009 3 20 12 43062.3 4.742 201.60 121.93 -3.39 -15.20 324.9
2009 3 21 12 43200.0 4.593 172.62 121.93 -5.11 -16.13 302.4
2009 3 22 12 43337.7 3.570 201.44 121.93 -5.34 -17.17 287.1
2009 3 23 12 43475.4 6.717 193.04 121.93 -5.43 -16.05 267.9
2009 3 24 12 43613.0 1.365 193.13 121.93 -4.78 -16.97 209.4
2009 3 25 12 43750.4 1.018 183.24 121.93 -3.57 -15.76 277.1
2009 3 26 12 43887.7 12.537 183.12 121.93 -3.75 -13.62 346.6
2009 3 27 12 44024.8 1.175 177.42 121.93 -3.88 -16.50 293.9
2009 3 28 12 44161.7 0.436 189.71 121.93 -4.70 -16.12 261.9
2009 3 29 12 44298.2 2.050 188.22 121.93 -4.59 -14.51 280.8
2009 3 30 12 44434.5 3.007 195.21 121.93 -3.94 -15.36 266.8
2009 3 31 12 44570.3 6.549 172.54 121.93 -2.36 -12.68 330.0
2009 4 1 12 44705.8 1.744 195.40 121.93 -1.86 -12.74 288.3
2009 4 2 12 44840.8 1.719 215.35 121.93 -1.46 -12.87 326.8
2009 4 3 12 44975.4 2.675 211.91 121.93 -2.46 -13.97 322.1
2009 4 4 12 45109.4 1.388 199.44 121.93 -1.69 -14.78 301.4
2009 4 5 12 45242.8 0.289 238.86 121.93 -2.32 -13.97 310.6
2009 4 6 12 45375.7 0.478 193.10 121.93 -4.48 -15.69 265.5
2009 4 7 12 45507.9 7.898 201.78 121.93 -1.99 -13.20 318.8
2009 4 8 12 45639.4 5.145 182.64 121.93 -2.02 -11.45 354.3
2009 4 9 12 45770.2 2.500 199.65 121.93 -2.82 -13.99 341.3
2009 4 10 12 45900.2 4.317 233.82 121.93 -1.91 -12.80 343.9
2009 4 11 12 46029.4 5.199 202.81 121.93 -0.65 -11.12 472.7
2009 4 12 12 46157.8 1.164 186.66 121.93 -2.35 -13.31 323.7
2009 4 13 12 46285.3 6.970 223.93 121.93 -1.51 -12.98 353.6
2009 4 14 12 46411.9 4.280 217.96 121.93 2.08 -9.38 403.1
2009 4 15 12 46537.5 2.999 225.84 121.93 -2.44 -14.12 307.6
2009 4 16 12 46662.2 6.255 210.17 121.93 -0.10 -11.15 424.0
2009 4 17 12 46785.8 4.347 200.75 121.93 -1.37 -12.91 371.8
2009 4 18 12 46908.4 4.085 214.33 121.93 -0.54 -11.44 318.5
2009 4 19 12 47029.9 0.721 226.62 121.93 0.50 -11.71 335.1
2009 4 20 12 47150.2 5.083 218.42 121.93 -0.48 -11.76 360.6
2009 4 21 12 47269.4 3.622 226.51 121.93 2.07 -8.09 422.7
2009 4 22 12 47387.3 0.847 213.82 121.93 3.44 -8.14 392.0
2009 4 23 12 47504.0 2.866 229.42 121.93 2.88 -7.04 462.6
2009 4 24 12 47619.5 0.499 224.15 121.93 3.36 -7.91 385.5
2009 4 25 12 47733.6 1.924 214.75 121.93 -0.04 -11.48 374.1
2009 4 26 12 47846.4 14.121 228.56 121.93 1.87 -9.43 433.2
2009 4 27 12 47957.8 0.626 221.78 121.93 3.14 -8.51 456.1
2009 4 28 12 48067.8 0.244 237.94 121.93 3.95 -9.03 415.1
2009 4 29 12 48176.4 0.419 242.86 121.93 5.48 -5.21 541.0
2009 4 30 12 48283.5 1.820 238.36 121.93 4.66 -4.99 510.2
2009 5 1 12 48389.0 4.188 207.37 121.93 4.60 -6.41 497.1
2009 5 2 12 48493.1 2.278 218.46 121.93 7.41 -3.56 506.8
2009 5 3 12 48595.5 0.303 224.41 121.93 3.81 -7.74 490.9
2009 5 4 12 48696.4 4.032 223.02 121.93 3.43 -7.04 459.0
2009 5 5 12 48795.7 0.361 227.81 121.93 4.33 -7.10 505.3
2009 5 6 12 48893.3 1.054 250.81 121.93 2.89 -8.30 474.8
2009 5 7 12 48989.2 5.629 248.37 121.93 4.56 -8.09 446.0
2009 5 8 12 49083.3 2.252 232.48 121.93 2.07 -9.75 417.1
2009 5 9 12 49175.8 2.324 248.63 121.93 4.06 -7.05 453.7
2009 5 10 12 49266.4 0.293 245.60 121.93 4.88 -5.80 459.5
2009 5 11 12 49355.3 1.137 241.06 121.93 6.67 -3.98 538.2
2009 5 12 12 49442.4 4.696 259.65 121.93 7.10 -5.56 505.1
2009 5 13 12 49527.6 2.817 233.36 121.93 4.18 -8.40 383.4
2009 5 14 12 49610.9 3.794 244.90 121.93 8.93 -2.00 557.5
2009 5 15 12 49692.3 1.869 229.16 121.93 6.23 -5.77 510.7
2009 5 16 12 49771.8 4.553 230.67 121.93 6.55 -4.13 561.4
2009 5 17 12 49849.4 0.270 226.08 121.93 3.95 -8.75 446.7
2009 5 18 12 49924.9 1.493 232.46 121.93 5.63 -5.85 437.6
2009 5 19 12 49998.5 3.048 249.23 121.93 8.32 -3.11 506.2
2009 5 20 12 50070.1 0.133 244.16 121.93 7.18 -3.84 512.9
2009 5 21 12 50139.7 8.303 245.35 121.93 7.27 -4.96 542.8
2009 5 22 12 50207.1 1.977 245.58 121.93 7.62 -5.35 474.8
2009 5 23 12 50272.5 0.102 277.32 121.93 5.29 -5.97 512.3
2009 5 24 12 50335.9 1.882 234.30 121.93 7.48 -3.49 511.4
2009 5 25 12 50397.0 0.301 233.31 121.93 9.91 -0.68 602.4
2009 5 26 12 50456.1 0.511 239.88 121.93 9.60 -2.09 530.1
2009 5 27 12 50513.0 4.692 252.05 121.93 7.95 -2.83 537.6
2009 5 28 12 50567.8 0.862 261.40 121.93 10.65 -0.36 558.8
2009 5 29 12 50620.3 0.843 263.48 121.93 6.58 -3.77 568.0
2009 5 30 12 50670.7 0.268 268.88 121.93 7.17 -4.28 493.6
2009 5 31 12 50718.8 1.069 253.56 121.93 11.58 -1.20 529.5
2009 6 1 12 50764.8 1.876 249.70 121.93 9.81 -1.65 518.3
2009 6 2 12 50808.5 0.809 280.59 121.93 8.66 -2.67 544.1
2009 6 3 12 50849.9 8.667 214.74 121.93 9.16 -1.82 549.8
2009 6 4 12 50889.0 0.370 257.83 121.93 8.18 -4.44 530.6
2009 6 5 12 50925.9 0.362 263.71 121.93 9.95 -1.69 559.0
2009 6 6 12 50960.5 0.942 285.71 121.93 9.98 -0.73 620.5
2009 6 7 12 50992.8 7.443 233.02 121.93 9.85 -1.63 555.9
2009 6 8 12 51022.8 2.863 251.93 121.93 8.22 -3.42 562.4
2009 6 9 12 51050.5 0.706 238.14 121.93 10.50 0.62 583.9
2009 6 10 12 51075.8 0.697 231.78 121.93 9.44 -2.82 498.6
2009 6 11 12 51098.8 0.317 255.92 121.93 8.88 -1.53 544.7
2009 6 12 12 51119.5 0.838 271.69 121.93 12.39 1.81 602.3
2009 6 13 12 51137.8 1.046 277.47 121.93 13.87 2.29 608.6
2009 6 14 12 51153.7 2.521 251.56 121.93 13.65 2.23 656.9
2009 6 15 12 51167.4 2.015 269.67 121.93 11.83 0.40 600.1
2009 6 16 12 51178.6 0.760 256.82 121.93 10.58 -0.68 590.7
2009 6 17 12 51187.5 4.611 268.22 121.93 10.98 -0.89 598.0
2009 6 18 12 51194.0 0.517 277.26 121.93 11.81 0.06 550.7
2009 6 19 12 51198.1 0.129 257.07 121.93 10.67 -1.01 596.9
2009 6 20 12 51199.9 1.514 276.15 121.93 13.39 1.73 598.4
2009 6 21 12 51199.3 3.127 241.80 121.93 8.46 -3.19 518.9
2009 6 22 12 51196.4 1.098 269.81 121.93 11.17 -2.03 502.7
2009 6 23 12 51191.0 0.179 275.42 121.93 12.91 1.58 651.3
2009 6 24 12 51183.3 1.308 273.79 121.93 10.53 -1.29 523.4
2009 6 25 12 51173.3 1.463 241.96 121.93 11.52 -1.37 536.6
2009 6 26 12 51160.8 1.598 256.52 121.93 12.86 1.18 589.8
2009 6 27 12 51146.1 1.275 263.99 121.93 14.33 2.62 648.6
2009 6 28 12 51128.9 3.146 265.93 121.93 10.19 -0.19 591.4
2009 6 29 12 51109.4 0.234 260.83 121.93 10.15 -1.68 590.8
2009 6 30 12 51087.6 2.003 280.31 121.93 10.86 -0.01 596.7
2009 7 1 12 51063.4 0.554 239.20 121.93 10.04 -0.25 623.9
2009 7 2 12 51036.9 0.801 254.77 121.93 10.21 -1.69 577.6
2009 7 3 12 51008.1 0.545 232.76 121.93 11.02 -0.42 563.2
2009 7 4 12 50976.9 1.520 267.09 121.93 14.38 4.37 667.3
2009 7 5 12 50943.5 0.558 265.75 121.93 12.12 0.90 663.4
2009 7 6 12 50907.8 1.894 307.31 121.93 12.69 1.59 668.6
2009 7 7 12 50869.7 0.696 272.09 121.93 11.26 -0.47 615.3
2009 7 8 12 50829.4 0.487 261.26 121.93 13.68 2.83 685.3
2009 7 9 12 50786.9 0.396 259.69 121.93 15.59 4.16 697.1
2009 7 10 12 50742.1 0.578 250.67 121.93 11.48 -1.38 582.4
2009 7 11 12 50695.1 1.023 256.91 121.93 15.44 3.75 676.5
2009 7 12 12 50645.8 0.877 258.60 121.93 13.43 1.08 672.6
2009 7 13 12 50594.3 0.415 224.47 121.93 12.93 1.62 618.5
2009 7 14 12 50540.7 0.853 256.36 121.93 13.53 1.40 635.2
2009 7 15 12 50484.8 0.660 254.36 121.93 13.54 2.52 599.1
2009 7 16 12 50426.8 0.296 278.58 121.93 15.75 4.39 644.9
2009 7 17 12 50366.7 1.583 249.69 121.93 13.76 1.36 681.7
2009 7 18 12 50304.5 2.134 239.56 121.93 13.80 2.01 658.7
2009 7 19 12 50240.1 0.649 254.43 121.93 12.36 1.46 622.8
2009 7 20 12 50173.7 0.499 250.85 121.93 14.26 3.78 677.9
2009 7 21 12 50105.1 3.242 247.09 121.93 11.56 -0.56 548.1
2009 7 22 12 50034.6 2.057 229.16 121.93 13.16 0.88 604.8
2009 7 23 12 49962.0 0.638 245.28 121.93 17.31 7.47 705.7
2009 7 24 12 49887.4 0.229 238.19 121.93 9.22 -2.19 547.4
2009 7 25 12 49810.8 1.434 242.86 121.93 13.31 1.98 660.1
2009 7 26 12 49732.3 0.483 256.31 121.93 13.35 1.36 640.7
2009 7 27 12 49651.8 3.032 234.40 121.93 12.58 1.35 674.7
2009 7 28 12 49569.5 0.965 240.38 121.93 12.59 2.56 660.0
2009 7 29 12 49485.2 0.702 250.97 121.93 13.00 1.80 561.7
2009 7 30 12 49399.1 2.224 237.95 121.93 12.45 1.91 696.6
2009 7 31 12 49311.1 1.324 280.25 121.93 13.13 1.75 609.8
2009 8 1 12 49221.3 0.070 243.95 121.93 12.02 -0.20 600.9
2009 8 2 12 49129.8 0.034 220.67 121.93 15.75 3.80 679.0
2009 8 3 12 49036.5 0.347 225.78 121.93 12.29 -0.01 607.1
2009 8 4 12 48941.4 3.133 223.32 121.93 13.47 2.24 646.3
2009 8 5 12 48844.7 3.702 224.07 121.93 11.56 1.14 624.7
2009 8 6 12 48746.2 0.872 243.52 121.93 13.90 2.63 613.0
2009 8 7 12 48646.2 1.517 217.86 121.93 13.54 1.90 715.6
2009 8 8 12 48544.5 0.562 228.48 121.93 13.01 0.98 639.1
2009 8 9 12 48441.3 0.644 249.55 121.93 10.77 -0.34 594.7
2009 8 10 12 48336.4 0.453 223.57 121.93 11.11 -1.28 629.7
2009 8 11 12 48230.1 1.627 240.37 121.93 14.70 2.39 615.7
2009 8 12 12 48122.3 2.255 203.98 121.93 10.95 0.27 631.4
2009 8 13 12 48013.0 0.609 222.57 121.93 12.97 1.35 610.3
2009 8 14 12 47902.3 0.617 213.73 121.93 10.51 -1.13 589.5
2009 8 15 12 47790.2 0.464 230.40 121.93 13.35 1.82 649.1
2009 8 16 12 47676.7 2.246 209.25 121.93 10.72 -0.10 527.9
2009 8 17 12 47561.9 1.254 254.66 121.93 10.21 -1.06 535.9
2009 8 18 12 47445.8 0.147 197.87 121.93 10.49 -1.50 617.5
2009 8 19 12 47328.5 2.728 238.32 121.93 10.63 -1.34 565.7
2009 8 20 12 47209.9 0.002 233.27 121.93 11.96 0.41 668.2
2009 8 21 12 47090.2 2.022 223.55 121.93 11.36 0.20 643.3
2009 8 22 12 46969.3 1.434 218.51 121.93 9.50 -1.93 554.8
2009 8 23 12 46847.3 0.587 244.30 121.93 10.99 -0.51 580.5
2009 8 24 12 46724.2 0.571 252.31 121.93 9.20 -2.16 606.2
2009 8 25 12 46600.0 0.478 210.89 121.93 11.76 0.33 669.8
2009 8 26 12 46474.8 0.156 215.12 121.93 11.92 -0.11 589.3
2009 8 27 12 46348.7 2.533 203.20 121.93 10.52 0.00 646.2
2009 8 28 12 46221.7 0.555 192.68 121.93 10.84 -0.95 611.9
2009 8 29 12 46093.7 0.152 215.88 121.93 12.93 1.63 668.7
2009 8 30 12 45964.9 2.425 211.39 121.93 9.93 -3.12 540.7
2009 8 31 12 45835.3 0.891 182.20 121.93 8.62 -2.96 520.7
2009 9 1 12 45704.9 0.948 211.89 121.93 10.76 -1.52 538.0
2009 9 2 12 45573.7 2.932 207.98 121.93 8.06 -4.13 478.3
2009 9 3 12 45441.8 1.090 193.40 121.93 9.30 -0.17 654.0
2009 9 4 12 45309.3 0.266 191.10 121.93 8.57 -2.63 547.7
2009 9 5 12 45176.2 1.103 206.12 121.93 8.27 -2.15 522.6
2009 9 6 12 45042.4 0.187 222.56 121.93 8.79 -1.92 591.6
2009 9 7 12 44908.2 0.344 203.06 121.93 10.37 -0.25 580.7
2009 9 8 12 44773.4 0.814 207.44 121.93 10.52 -1.04 559.7
2009 9 9 12 44638.1 1.470 181.90 121.93 10.09 -0.02 661.6
2009 9 10 12 44502.5 0.300 186.81 121.93 9.05 -1.67 526.6
2009 9 11 12 44366.4 0.507 200.78 121.93 8.00 -3.37 539.6
2009 9 12 12 44230.0 0.506 169.92 121.93 4.68 -6.51 452.1
2009 9 13 12 44093.3 1.775 192.04 121.93 8.60 -2.90 519.4
2009 9 14 12 43956.3 0.646 194.96 121.93 4.47 -6.89 418.2
2009 9 15 12 43819.1 3.060 185.61 121.93 4.83 -6.60 469.7
2009 9 16 12 43681.7 0.376 189.61 121.93 7.30 -3.79 497.9
2009 9 17 12 43544.2 0.343 184.31 121.93 7.77 -2.24 572.9
2009 9 18 12 43406.5 2.354 172.73 121.93 6.52 -5.85 481.6
2009 9 19 12 43268.9 1.176 163.02 121.93 9.32 -1.17 567.3
2009 9 20 12 43131.1 2.339 177.96 121.93 7.53 -4.17 490.6
2009 9 21 12 42993.5 0.117 197.50 121.93 6.28 -4.10 560.8
2009 9 22 12 42855.8 0.696 191.92 121.93 8.55 -3.12 559.7
2009 9 23 12 42718.3 0.967 170.00 121.93 8.63 -2.44 530.8
2009 9 24 12 42580.9 0.912 168.32 121.93 6.87 -4.66 466.1
2009 9 25 12 42443.7 0.615 165.84 121.93 4.75 -8.04 382.7
2009 9 26 12 42306.7 0.920 164.47 121.93 4.90 -5.11 531.9
2009 9 27 12 42170.0 0.985 174.02 121.93 3.36 -8.79 451.4
2009 9 28 12 42033.6 0.386 184.20 121.93 5.28 -6.06 510.3
2009 9 29 12 41897.5 2.120 200.92 121.93 3.57 -8.67 423.0
2009 9 30 12 41761.9 3.413 153.17 121.93 4.46 -8.01 464.0
2009 10 1 12 41626.6 1.636 174.03 121.93 5.15 -6.42 502.5
2009 10 2 12 41491.8 1.236 171.05 121.93 1.58 -10.29 392.1
2009 10 3 12 41357.6 0.764 156.63 121.93 2.47 -9.87 391.9
2009 10 4 12 41223.8 1.131 144.85 121.93 3.40 -8.02 410.2
2009 10 5 12 41090.7 1.269 163.04 121.93 3.89 -8.70 438.8
2009 10 6 12 40958.2 0.242 189.38 121.93 3.02 -8.28 451.2
2009 10 7 12 40826.3 2.298 160.30 121.93 3.16 -8.35 420.9
2009 10 8 12 40695.1 0.562 143.14 121.93 2.30 -11.08 369.7
2009 10 9 12 40564.7 3.362 151.29 121.93 0.98 -10.84 376.8
2009 10 10 12 40435.1 5.941 135.25 121.93 2.15 -8.87 446.3
2009 10 11 12 40306.3 1.314 151.34 121.93 2.43 -9.82 362.4
2009 10 12 12 40178.3 1.497 160.03 121.93 2.08 -8.91 388.6
2009 10 13 12 40051.3 0.585 138.12 121.93 2.51 -8.55 396.5
2009 10 14 12 39925.2 1.297 98.42 121.93 2.76 -9.45 406.5
2009 10 15 12 39800.0 0.448 150.15 121.93 2.95 -8.46 440.3
2009 10 16 12 39675.8 2.983 137.24 121.93 0.77 -9.97 368.6
2009 10 17 12 39552.7 0.634 132.27 121.93 -0.85 -12.95 368.3
2009 10 18 12 39430.7 0.966 130.92 121.93 3.22 -8.35 476.9
2009 10 19 12 39309.8 0.554 147.10 121.93 1.68 -8.80 436.4
2009 10 20 12 39190.1 1.348 133.78 121.93 -0.54 -12.62 381.3
2009 10 21 12 39071.5 4.961 152.67 121.93 1.11 -9.93 374.0
2009 10 22 12 38954.2 2.583 151.83 121.93 2.09 -10.18 369.7
2009 10 23 12 38838.1 0.526 132.32 121.93 2.87 -8.66 442.3
2009 10 24 12 38723.3 2.016 127.42 121.93 0.45 -10.60 386.9
2009 10 25 12 38609.8 2.116 136.01 121.93 1.46 -11.87 335.8
2009 10 26 12 38497.7 2.473 130.80 121.93 -2.15 -13.98 363.1
2009 10 27 12 38387.0 2.712 105.58 121.93 -0.60 -11.66 375.9
2009 10 28 12 38277.7 0.418 159.49 121.93 -1.25 -12.47 371.6
2009 10 29 12 38169.9 0.531 140.41 121.93 -0.44 -12.26 334.6
2009 10 30 12 38063.6 2.081 121.68 121.93 1.26 -11.02 429.9
2009 10 31 12 37958.7 0.697 98.84 121.93 -0.99 -11.88 357.7
2009 11 1 12 37855.5 0.400 123.85 121.93 -2.97 -14.63 338.0
2009 11 2 12 37753.8 0.919 116.72 121.93 -3.66 -14.62 290.1
2009 11 3 12 37653.8 1.399 123.63 121.93 0.50 -10.59 393.2
2009 11 4 12 37555.3 0.453 91.10 121.93 -1.39 -13.15 353.7
2009 11 5 12 37458.6 2.165 115.50 121.93 -1.69 -12.23 415.2
2009 11 6 12 37363.5 0.093 115.47 121.93 -3.08 -14.95 287.8
2009 11 7 12 37270.2 0.860 117.82 121.93 -2.36 -12.80 350.0
2009 11 8 12 37178.7 0.952 116.24 121.93 -4.43 -14.78 322.2
2009 11 9 12 37088.9 0.187 119.67 121.93 -2.57 -13.13 295.0
2009 11 10 12 37000.9 7.996 140.83 121.93 -5.10 -16.65 201.8
2009 11 11 12 36914.8 0.968 109.42 121.93 -4.07 -13.43 301.4
2009 11 12 12 36830.5 2.300 102.64 121.93 -4.69 -15.97 309.7
2009 11 13 12 36748.2 0.806 89.57 121.93 -8.80 -20.01 251.4
2009 11 14 12 36667.7 0.200 107.01 121.93 -4.62 -16.04 251.6
2009 11 15 12 36589.2 0.191 92.87 121.93 -5.63 -17.94 204.7
2009 11 16 12 36512.6 0.484 127.53 121.93 -4.79 -15.15 343.0
2009 11 17 12 36438.0 0.874 110.94 121.93 -4.65 -16.51 252.9
2009 11 18 12 36365.4 0.125 125.75 121.93 -2.18 -12.85 331.9
2009 11 19 12 36294.9 0.302 132.93 121.93 -4.56 -15.03 343.2
2009 11 20 12 36226.3 9.539 97.29 121.93 -4.69 -15.61 326.7
2009 11 21 12 36159.9 1.458 104.39 121.93 -4.63 -16.58 296.4
2009 11 22 12 36095.5 0.516 128.93 121.93 -4.24 -15.91 230.5
2009 11 23 12 36033.3 0.158 111.17 121.93 -5.03 -18.58 190.7
2009 11 24 12 35973.2 0.241 115.55 121.93 -5.46 -16.96 294.5
2009 11 25 12 35915.2 1.868 122.65 121.93 -4.99 -15.74 294.6
2009 11 26 12 35859.3 4.791 120.04 121.93 -9.86 -21.45 147.7
2009 11 27 12 35805.7 2.509 112.21 121.93 -3.25 -15.12 287.2
2009 11 28 12 35754.2 0.188 126.49 121.93 -4.16 -15.80 317.4
2009 11 29 12 35704.9 1.949 104.03 121.93 -6.38 -16.81 309.7
2009 11 30 12 35657.9 6.393 112.37 121.93 -8.98 -20.42 191.3
2009 12 1 12 35613.1 1.311 101.48 121.93 -5.20 -15.11 277.1
2009 12 2 12 35570.6 2.658 119.01 121.93 -8.21 -20.07 190.4
2009 12 3 12 35530.3 1.409 92.79 121.93 -6.52 -17.74 285.4
2009 12 4 12 35492.2 3.334 77.68 121.93 -9.39 -21.14 216.9
2009 12 5 12 35456.5 0.743 112.39 121.93 -4.27 -14.01 325.6
2009 12 6 12 35423.1 0.954 86.93 121.93 -9.92 -21.17 160.6
2009 12 7 12 35391.9 1.522 85.13 121.93 -7.79 -17.49 282.7
2009 12 8 12 35363.1 1.207 120.60 121.93 -11.22 -22.95 189.7
2009 12 9 12 35336.6 1.936 115.86 121.93 -8.23 -18.41 188.3
2009 12 10 12 35312.4 1.291 95.99 121.93 -8.94 -20.24 188.2
2009 12 11 12 35290.6 1.272 55.22 121.93 -6.72 -17.45 285.6
2009 12 12 12 35271.1 5.691 108.71 121.93 -9.19 -21.57 170.8
2009 12 13 12 35253.9 0.551 110.48 121.93 -6.97 -18.09 223.5
2009 12 14 12 35239.2 2.279 108.14 121.93 -10.33 -22.59 153.8
2009 12 15 12 35226.7 0.252 107.33 121.93 -9.34 -20.53 200.5
2009 12 16 12 35216.7 4.493 97.45 121.93 -9.42 -22.04 125.4
2009 12 17 12 35209.0 2.979 93.93 121.93 -8.40 -19.87 205.2
2009 12 18 12 35203.6 12.527 83.44 121.93 -8.70 -19.22 226.6
2009 12 19 12 35200.7 0.546 89.55 121.93 -8.27 -19.24 200.5
2009 12 20 12 35200.1 9.716 104.82 121.93 -9.06 -21.45 147.7
2009 12 21 12 35201.9 0.679 105.09 121.93 -8.57 -21.49 154.1
2009 12 22 12 35206.0 1.579 111.91 121.93 -11.00 -22.01 130.8
2009 12 23 12 35212.5 0.361 79.03 121.93 -9.17 -19.30 239.5
2009 12 24 12 35221.4 13.003 75.33 121.93 -7.43 -19.60 178.5
2009 12 25 12 35232.6 3.676 94.63 121.93 -12.45 -22.17 162.3
2009 12 26 12 35246.3 3.742 85.16 121.93 -9.28 -20.68 175.1
2009 12 27 12 35262.2 0.810 103.41 121.93 -9.08 -22.04 137.9
2009 12 28 12 35280.5 1.572 81.16 121.93 -7.98 -20.63 228.6
2009 12 29 12 35301.2 1.245 118.72 121.93 -9.15 -19.94 197.3
2009 12 30 12 35324.2 1.723 88.91 121.93 -10.16 -21.46 150.7
2009 12 31 12 35349.5 2.607 125.39 121.93 -9.74 -19.95 178.1
