35.2 -79.8 basin centroid
Elevation: 250.0 m  Area: 180.0 km2

Year Mnth Day Hr dayl(s) prcp(mm/day) srad(W/m2) swe(mm) tmax(C) tmin(C) vp(Pa)
1995 1 1 12 35377.2 2.077 109.49 0.05 -0.16 -8.89 407.9
1995 1 2 12 35407.2 0.611 110.76 0.05 -3.30 -11.38 437.0
1995 1 3 12 35439.5 3.679 87.33 0.05 1.39 -6.87 411.0
1995 1 4 12 35474.1 1.326 107.45 0.05 -1.98 -10.04 378.4
1995 1 5 12 35511.0 0.573 87.03 0.05 -1.13 -10.29 344.9
1995 1 6 12 35550.1 0.561 79.26 0.05 -1.70 -10.96 387.1
1995 1 7 12 35591.5 0.475 121.48 0.05 -1.28 -9.64 433.9
1995 1 8 12 35635.2 5.151 102.29 0.05 -1.06 -10.46 430.1
1995 1 9 12 35681.2 0.270 112.30 0.05 2.21 -6.67 498.4
1995 1 10 12 35729.3 0.186 87.06 0.05 -1.38 -9.01 402.2
1995 1 11 12 35779.7 0.866 111.06 0.05 -1.37 -9.72 408.5
1995 1 12 12 35832.2 2.442 102.65 0.05 -0.30 -8.58 399.2
1995 1 13 12 35887.0 2.381 105.85 0.05 -0.79 -7.70 486.2
1995 1 14 12 35943.9 2.747 131.81 0.05 -0.17 -10.24 390.4
1995 1 15 12 36003.0 0.471 79.81 0.05 1.04 -7.42 495.0
1995 1 16 12 36064.1 0.235 116.90 0.05 -1.79 -9.75 401.6
1995 1 17 12 36127.5 0.836 126.72 0.05 0.74 -7.01 473.5
1995 1 18 12 36192.9 1.376 117.39 0.05 -1.22 -10.39 374.8
1995 1 19 12 36260.3 0.272 126.41 0.05 -2.14 -9.94 408.1
1995 1 20 12 36329.9 1.681 99.33 0.05 -2.45 -10.86 406.1
1995 1 21 12 36401.5 2.640 111.53 0.05 -0.37 -7.34 444.2
1995 1 22 12 36475.1 1.721 125.39 0.05 -0.60 -7.99 421.5
1995 1 23 12 36550.6 1.470 104.55 0.05 -1.48 -9.78 399.0
1995 1 24 12 36628.2 1.512 92.27 0.05 -0.50 -8.61 413.3
1995 1 25 12 36707.7 0.349 150.30 0.05 -1.95 -9.80 416.3
1995 1 26 12 36789.1 0.373 125.83 0.05 1.32 -6.62 524.5
1995 1 27 12 36872.4 1.566 127.94 0.05 -2.11 -10.23 339.4
1995 1 28 12 36957.6 0.907 118.03 0.05 -1.04 -9.30 373.6
1995 1 29 12 37044.7 6.470 127.46 0.05 -3.82 -10.34 393.9
1995 1 30 12 37133.6 0.871 112.11 0.05 1.08 -6.31 489.3
1995 1 31 12 37224.2 1.757 121.95 0.05 1.18 -6.66 425.5
1995 2 1 12 37316.7 2.286 123.97 0.05 -1.22 -8.81 455.2
1995 2 2 12 37410.8 1.563 128.15 0.05 -0.93 -9.59 435.8
1995 2 3 12 37506.7 0.502 117.10 0.05 -2.80 -11.05 423.3
1995 2 4 12 37604.3 0.818 119.81 0.05 -1.48 -10.45 402.2
1995 2 5 12 37703.6 0.847 135.19 0.05 -0.73 -8.84 461.2
1995 2 6 12 37804.5 0.671 130.95 0.05 -0.89 -9.78 429.7
1995 2 7 12 37906.9 0.232 140.31 0.05 -3.48 -11.82 409.4
1995 2 8 12 38011.0 0.511 110.39 0.05 -0.55 -8.82 407.7
1995 2 9 12 38116.5 2.308 138.91 0.05 -1.23 -9.80 427.5
1995 2 10 12 38223.6 2.038 115.74 0.05 -2.29 -9.69 392.6
1995 2 11 12 38332.2 2.504 152.83 0.05 -2.06 -8.28 432.9
1995 2 12 12 38442.2 0.584 133.43 0.05 -1.99 -11.28 287.7
1995 2 13 12 38553.6 2.436 132.91 0.05 0.80 -6.66 457.3
1995 2 14 12 38666.4 3.748 137.63 0.05 2.71 -5.44 498.7
1995 2 15 12 38780.5 4.554 141.53 0.05 5.11 -3.88 524.8
1995 2 16 12 38896.0 1.616 150.81 0.05 -0.75 -9.44 427.0
1995 2 17 12 39012.7 0.347 156.54 0.05 -2.18 -10.15 419.8
1995 2 18 12 39130.6 0.038 113.65 0.05 -0.62 -8.65 405.2
1995 2 19 12 39249.8 2.627 137.09 0.05 -1.28 -9.08 464.5
1995 2 20 12 39370.1 0.209 134.67 0.05 -3.27 -12.01 309.4
1995 2 21 12 39491.6 3.473 132.46 0.05 1.38 -8.16 446.2
1995 2 22 12 39614.2 6.221 125.09 0.05 -0.23 -8.23 352.5
1995 2 23 12 39737.8 0.593 146.13 0.05 0.84 -6.40 514.6
1995 2 24 12 39862.5 3.037 128.09 0.05 0.82 -8.21 414.6
1995 2 25 12 39988.1 1.244 162.24 0.05 0.21 -7.30 504.4
1995 2 26 12 40114.7 5.394 138.17 0.05 -2.63 -10.56 331.5
1995 2 27 12 40242.2 1.391 156.44 0.05 -0.23 -7.22 511.1
1995 2 28 12 40370.6 0.989 139.99 0.05 -0.56 -8.26 430.2
1995 3 1 12 40499.8 7.274 140.54 0.05 0.14 -6.48 455.9
1995 3 2 12 40629.8 0.605 148.44 0.05 0.77 -6.36 463.2
1995 3 3 12 40760.6 0.429 141.14 0.05 2.35 -7.19 497.4
1995 3 4 12 40892.1 8.374 173.27 0.05 1.60 -6.93 412.1
1995 3 5 12 41024.3 2.461 162.96 0.05 1.08 -8.38 452.7
1995 3 6 12 41157.2 3.039 170.81 0.05 2.19 -4.86 532.3
1995 3 7 12 41290.6 1.070 155.81 0.05 2.32 -5.94 479.5
1995 3 8 12 41424.6 3.806 178.22 0.05 4.36 -3.43 519.9
1995 3 9 12 41559.2 0.898 172.05 0.05 6.94 -2.54 546.7
1995 3 10 12 41694.2 0.217 151.85 0.05 0.26 -9.16 403.9
1995 3 11 12 41829.7 1.356 168.42 0.05 3.95 -4.50 477.2
1995 3 12 12 41965.5 1.192 178.91 0.05 0.66 -7.53 466.4
1995 3 13 12 42101.8 2.503 162.02 0.05 4.19 -4.57 529.9
1995 3 14 12 42238.3 3.672 181.15 0.05 0.77 -7.46 444.8
1995 3 15 12 42375.2 0.881 150.21 0.05 3.09 -4.88 493.5
1995 3 16 12 42512.3 4.228 171.13 0.05 2.33 -5.43 505.2
1995 3 17 12 42649.6 1.565 168.40 0.05 4.03 -4.30 517.5
1995 3 18 12 42787.0 2.233 197.67 0.05 2.99 -4.42 484.2
1995 3 19 12 42924.6 2.655 163.68 0.05 4.21 -3.26 473.6
1995 3 20 12 43062.3 7.751 179.91 0.05 4.10 -2.75 538.9
1995 3 21 12 43200.0 2.383 200.96 0.05 5.93 -0.87 566.9
1995 3 22 12 43337.7 2.617 185.26 0.05 4.57 -3.81 486.6
1995 3 23 12 43475.4 7.704 170.19 0.05 7.90 -1.14 609.1
1995 3 24 12 43613.0 1.734 195.42 0.05 4.59 -3.73 483.9
1995 3 25 12 43750.4 3.770 213.55 0.05 6.09 -1.63 543.5
1995 3 26 12 43887.7 0.713 188.17 0.05 3.65 -4.64 534.7
1995 3 27 12 44024.8 0.696 212.94 0.05 5.66 -2.59 574.5
1995 3 28 12 44161.7 3.806 198.32 0.05 5.06 -2.94 485.2
1995 3 29 12 44298.2 8.365 220.67 0.05 7.41 -1.00 576.6
1995 3 30 12 44434.5 1.097 200.87 0.05 7.02 -1.62 545.9
1995 3 31 12 44570.3 0.752 226.13 0.05 6.70 -2.17 612.1
1995 4 1 12 44705.8 1.224 189.34 0.05 5.70 -1.63 621.5
1995 4 2 12 44840.8 6.534 199.28 0.05 8.13 -0.08 577.6
1995 4 3 12 44975.4 0.246 183.35 0.05 7.82 0.17 584.5
1995 4 4 12 45109.4 1.800 211.12 0.05 9.58 1.49 631.8
1995 4 5 12 45242.8 1.112 204.07 0.05 2.43 -6.21 507.4
1995 4 6 12 45375.7 5.334 212.50 0.05 8.78 0.37 626.0
1995 4 7 12 45507.9 1.219 211.63 0.05 8.71 -0.61 554.7
1995 4 8 12 45639.4 2.361 212.10 0.05 8.06 0.19 636.3
1995 4 9 12 45770.2 0.672 218.97 0.05 9.90 3.22 654.5
1995 4 10 12 45900.2 4.403 222.13 0.05 9.64 1.75 597.9
1995 4 11 12 46029.4 0.609 215.09 0.05 7.93 0.53 657.7
1995 4 12 12 46157.8 0.743 214.21 0.05 7.13 -1.93 600.4
1995 4 13 12 46285.3 2.741 199.13 0.05 9.96 0.32 572.6
1995 4 14 12 46411.9 1.535 228.65 0.05 10.59 2.21 665.1
1995 4 15 12 46537.5 1.578 200.99 0.05 7.61 1.56 670.3
1995 4 16 12 46662.2 4.026 212.08 0.05 9.66 0.18 634.3
1995 4 17 12 46785.8 2.390 217.21 0.05 8.64 1.45 611.0
1995 4 18 12 46908.4 0.704 197.77 0.05 11.66 3.82 645.3
1995 4 19 12 47029.9 6.286 200.06 0.05 11.58 3.95 664.8
1995 4 20 12 47150.2 5.299 208.79 0.05 10.27 2.36 628.9
1995 4 21 12 47269.4 4.200 228.52 0.05 10.27 1.73 551.8
1995 4 22 12 47387.3 0.124 227.39 0.05 11.86 3.47 681.1
1995 4 23 12 47504.0 8.247 214.94 0.05 11.37 3.89 639.3
1995 4 24 12 47619.5 3.434 244.88 0.05 10.89 3.51 658.9
1995 4 25 12 47733.6 6.430 219.98 0.05 8.78 -0.52 614.5
1995 4 26 12 47846.4 1.589 249.92 0.05 10.51 2.49 676.8
1995 4 27 12 47957.8 2.570 223.65 0.05 13.93 5.59 733.3
1995 4 28 12 48067.8 2.252 218.92 0.05 14.85 5.76 743.1
1995 4 29 12 48176.4 3.077 269.81 0.05 12.02 4.93 725.1
1995 4 30 12 48283.5 0.533 200.49 0.05 13.10 4.73 726.3
1995 5 1 12 48389.0 0.575 236.93 0.05 12.61 4.63 685.8
1995 5 2 12 48493.1 2.458 221.89 0.05 12.34 5.22 697.4
1995 5 3 12 48595.5 1.771 215.91 0.05 12.45 5.07 650.1
1995 5 4 12 48696.4 3.949 234.55 0.05 11.07 4.05 674.0
1995 5 5 12 48795.7 12.490 260.10 0.05 13.77 4.82 647.6
1995 5 6 12 48893.3 1.114 245.67 0.05 14.45 7.62 723.1
1995 5 7 12 48989.2 3.144 214.30 0.05 13.64 5.11 748.6
1995 5 8 12 49083.3 0.362 221.41 0.05 16.04 7.24 713.2
1995 5 9 12 49175.8 8.192 231.81 0.05 13.10 5.45 719.5
1995 5 10 12 49266.4 1.757 226.58 0.05 13.54 5.12 648.4
1995 5 11 12 49355.3 0.297 262.62 0.05 13.04 5.56 755.7
1995 5 12 12 49442.4 0.448 251.01 0.05 17.47 8.78 819.0
1995 5 13 12 49527.6 0.606 236.42 0.05 14.12 6.13 675.2
1995 5 14 12 49610.9 3.081 243.39 0.05 15.39 8.63 806.5
1995 5 15 12 49692.3 1.465 231.12 0.05 14.37 6.69 712.0
1995 5 16 12 49771.8 5.035 238.06 0.05 17.14 8.98 746.3
1995 5 17 12 49849.4 0.437 228.58 0.05 17.18 9.35 774.9
1995 5 18 12 49924.9 1.590 248.91 0.05 16.35 6.41 724.6
1995 5 19 12 49998.5 13.395 242.13 0.05 16.49 8.23 806.0
1995 5 20 12 50070.1 3.124 248.93 0.05 17.09 8.01 751.6
1995 5 21 12 50139.7 6.797 265.57 0.05 17.23 8.92 793.7
1995 5 22 12 50207.1 2.086 247.93 0.05 18.22 9.21 790.9
1995 5 23 12 50272.5 2.093 214.51 0.05 15.57 7.70 733.8
1995 5 24 12 50335.9 1.157 277.86 0.05 18.69 9.01 748.8
1995 5 25 12 50397.0 1.175 255.55 0.05 16.17 8.02 787.8
1995 5 26 12 50456.1 7.041 234.21 0.05 17.71 10.68 885.1
1995 5 27 12 50513.0 5.118 250.95 0.05 16.63 9.31 776.2
1995 5 28 12 50567.8 1.250 267.64 0.05 17.97 9.82 767.1
1995 5 29 12 50620.3 5.468 249.24 0.05 18.52 11.24 820.8
1995 5 30 12 50670.7 2.818 253.79 0.05 19.46 11.30 858.4
1995 5 31 12 50718.8 2.457 252.61 0.05 20.48 12.42 834.5
1995 6 1 12 50764.8 4.739 280.29 0.05 18.99 10.17 774.4
1995 6 2 12 50808.5 0.988 292.82 0.05 17.12 8.87 767.5
1995 6 3 12 50849.9 8.946 270.99 0.05 17.92 10.66 808.9
1995 6 4 12 50889.0 1.178 282.53 0.05 17.88 10.32 802.8
1995 6 5 12 50925.9 4.179 235.14 0.05 20.64 13.97 911.7
1995 6 6 12 50960.5 0.465 252.19 0.05 16.23 8.85 800.1
1995 6 7 12 50992.8 3.847 245.44 0.05 19.41 10.53 814.3
1995 6 8 12 51022.8 6.988 268.65 0.05 19.54 9.83 742.5
1995 6 9 12 51050.5 5.107 276.72 0.05 21.32 13.67 804.7
1995 6 10 12 51075.8 2.936 255.81 0.05 19.44 11.88 833.6
1995 6 11 12 51098.8 1.566 254.91 0.05 19.33 11.27 823.4
1995 6 12 12 51119.5 0.285 260.81 0.05 21.31 14.50 913.1
1995 6 13 12 51137.8 0.456 248.34 0.05 20.94 13.03 913.5
1995 6 14 12 51153.7 1.819 234.61 0.05 22.57 15.27 896.9
1995 6 15 12 51167.4 1.567 274.48 0.05 20.19 12.35 828.6
1995 6 16 12 51178.6 6.419 252.28 0.05 19.95 12.04 798.6
1995 6 17 12 51187.5 14.332 256.16 0.05 19.80 12.67 888.5
1995 6 18 12 51194.0 0.164 270.24 0.05 21.77 15.40 893.1
1995 6 19 12 51198.1 6.355 244.15 0.05 23.25 15.12 896.8
1995 6 20 12 51199.9 3.073 288.06 0.05 18.55 10.98 841.4
1995 6 21 12 51199.3 1.099 267.37 0.05 21.98 14.28 847.8
1995 6 22 12 51196.4 4.378 249.62 0.05 21.17 12.91 829.1
1995 6 23 12 51191.0 10.447 277.10 0.05 21.52 12.82 840.4
1995 6 24 12 51183.3 1.482 284.36 0.05 23.50 16.30 890.7
1995 6 25 12 51173.3 7.639 233.17 0.05 23.04 16.18 877.9
1995 6 26 12 51160.8 8.066 210.65 0.05 23.29 15.26 910.2
1995 6 27 12 51146.1 7.282 256.44 0.05 22.41 14.01 892.3
1995 6 28 12 51128.9 6.761 259.70 0.05 22.27 15.06 917.9
1995 6 29 12 51109.4 5.483 263.11 0.05 22.94 14.16 914.1
1995 6 30 12 51087.6 0.601 281.82 0.05 25.77 18.03 994.7
1995 7 1 12 51063.4 4.493 263.14 0.05 22.25 14.51 884.6
1995 7 2 12 51036.9 0.118 255.13 0.05 22.57 14.59 899.9
1995 7 3 12 51008.1 0.399 271.46 0.05 21.22 14.02 903.6
1995 7 4 12 50976.9 3.588 280.05 0.05 19.71 11.94 843.9
1995 7 5 12 50943.5 2.008 231.59 0.05 24.18 16.13 952.3
1995 7 6 12 50907.8 0.136 275.97 0.05 22.07 13.59 846.1
1995 7 7 12 50869.7 2.519 251.97 0.05 23.40 15.21 909.0
1995 7 8 12 50829.4 3.530 272.99 0.05 22.94 14.57 947.5
1995 7 9 12 50786.9 2.775 243.55 0.05 24.71 16.46 904.1
1995 7 10 12 50742.1 5.352 242.38 0.05 22.10 14.62 865.2
1995 7 11 12 50695.1 4.996 266.82 0.05 20.55 11.97 833.2
1995 7 12 12 50645.8 0.437 271.93 0.05 24.65 17.22 963.4
1995 7 13 12 50594.3 0.243 276.18 0.05 23.09 15.78 849.8
1995 7 14 12 50540.7 2.369 230.91 0.05 22.86 16.04 876.6
1995 7 15 12 50484.8 4.068 258.83 0.05 19.49 11.93 893.5
1995 7 16 12 50426.8 2.834 265.36 0.05 23.59 15.81 964.7
1995 7 17 12 50366.7 2.000 228.51 0.05 20.08 12.67 874.8
1995 7 18 12 50304.5 8.179 226.99 0.05 24.07 16.52 957.0
1995 7 19 12 50240.1 0.145 254.91 0.05 22.27 14.88 892.3
1995 7 20 12 50173.7 0.218 252.76 0.05 23.52 14.45 885.4
1995 7 21 12 50105.1 2.228 253.42 0.05 22.77 13.95 871.9
1995 7 22 12 50034.6 0.202 241.84 0.05 22.23 13.56 844.4
1995 7 23 12 49962.0 0.959 239.66 0.05 21.55 14.69 859.0
1995 7 24 12 49887.4 4.694 275.10 0.05 19.63 9.79 805.4
1995 7 25 12 49810.8 7.085 240.43 0.05 22.40 15.25 872.3
1995 7 26 12 49732.3 2.530 248.46 0.05 23.08 14.94 883.7
1995 7 27 12 49651.8 1.750 228.36 0.05 23.26 15.26 908.3
1995 7 28 12 49569.5 8.153 259.22 0.05 23.81 15.95 878.8
1995 7 29 12 49485.2 2.192 243.11 0.05 23.20 13.51 914.9
1995 7 30 12 49399.1 0.366 250.73 0.05 25.53 17.00 919.4
1995 7 31 12 49311.1 1.529 263.60 0.05 21.77 14.08 883.7
1995 8 1 12 49221.3 0.307 239.88 0.05 25.14 17.75 969.0
1995 8 2 12 49129.8 1.130 277.51 0.05 22.73 15.34 945.4
1995 8 3 12 49036.5 2.792 260.79 0.05 23.36 15.36 943.2
1995 8 4 12 48941.4 0.149 236.90 0.05 23.81 16.82 967.5
1995 8 5 12 48844.7 7.228 226.91 0.05 17.22 9.10 754.8
1995 8 6 12 48746.2 4.111 220.41 0.05 24.75 16.96 920.1
1995 8 7 12 48646.2 1.316 225.28 0.05 22.98 15.39 872.4
1995 8 8 12 48544.5 3.253 211.60 0.05 21.06 12.56 868.1
1995 8 9 12 48441.3 1.855 247.23 0.05 21.36 13.65 853.0
1995 8 10 12 48336.4 4.352 242.04 0.05 23.23 14.98 857.8
1995 8 11 12 48230.1 2.084 231.79 0.05 21.40 13.17 813.5
1995 8 12 12 48122.3 0.101 242.06 0.05 20.84 13.12 901.1
1995 8 13 12 48013.0 1.393 227.30 0.05 21.46 13.89 801.8
1995 8 14 12 47902.3 6.577 221.09 0.05 20.32 12.33 913.4
1995 8 15 12 47790.2 3.449 237.44 0.05 19.70 11.61 862.0
1995 8 16 12 47676.7 0.998 217.78 0.05 21.40 13.71 848.2
1995 8 17 12 47561.9 2.509 240.88 0.05 17.43 9.52 781.6
1995 8 18 12 47445.8 0.515 225.22 0.05 21.96 13.25 867.9
1995 8 19 12 47328.5 1.061 254.82 0.05 19.60 12.33 846.8
1995 8 20 12 47209.9 2.838 225.46 0.05 24.12 15.50 899.1
1995 8 21 12 47090.2 5.119 205.18 0.05 21.80 14.59 886.2
1995 8 22 12 46969.3 0.347 221.15 0.05 22.18 14.59 931.5
1995 8 23 12 46847.3 1.610 222.07 0.05 18.52 10.89 853.5
1995 8 24 12 46724.2 5.383 213.89 0.05 22.13 15.00 932.0
1995 8 25 12 46600.0 1.489 226.55 0.05 17.96 10.20 832.8
1995 8 26 12 46474.8 0.127 231.98 0.05 19.92 13.72 848.3
1995 8 27 12 46348.7 5.551 214.83 0.05 17.78 9.71 769.8
1995 8 28 12 46221.7 3.020 224.41 0.05 19.79 10.17 798.9
1995 8 29 12 46093.7 0.049 211.27 0.05 20.51 12.19 840.4
1995 8 30 12 45964.9 3.147 198.01 0.05 19.48 12.61 832.7
1995 8 31 12 45835.3 0.817 178.65 0.05 18.62 12.33 863.5
1995 9 1 12 45704.9 2.828 230.38 0.05 20.65 14.32 906.5
1995 9 2 12 45573.7 3.111 228.80 0.05 19.48 12.65 815.1
1995 9 3 12 45441.8 0.501 188.94 0.05 19.14 11.16 853.2
1995 9 4 12 45309.3 2.361 176.17 0.05 19.67 11.49 832.4
1995 9 5 12 45176.2 0.975 195.86 0.05 17.38 10.93 834.8
1995 9 6 12 45042.4 0.100 196.99 0.05 20.18 12.63 887.8
1995 9 7 12 44908.2 1.076 179.82 0.05 20.05 11.78 861.8
1995 9 8 12 44773.4 2.714 190.17 0.05 18.01 10.74 833.9
1995 9 9 12 44638.1 3.245 215.31 0.05 18.88 9.89 828.4
1995 9 10 12 44502.5 1.241 194.83 0.05 18.55 9.83 785.2
1995 9 11 12 44366.4 0.321 180.62 0.05 19.73 10.61 841.8
1995 9 12 12 44230.0 0.376 197.87 0.05 21.78 13.87 847.1
1995 9 13 12 44093.3 1.391 184.08 0.05 19.87 12.56 838.3
1995 9 14 12 43956.3 1.096 173.46 0.05 15.83 8.11 708.2
1995 9 15 12 43819.1 0.161 162.23 0.05 18.77 9.68 834.7
1995 9 16 12 43681.7 2.328 194.40 0.05 21.43 13.62 867.3
1995 9 17 12 43544.2 0.903 163.18 0.05 15.62 7.11 724.8
1995 9 18 12 43406.5 1.221 187.04 0.05 19.10 10.16 808.1
1995 9 19 12 43268.9 2.567 212.08 0.05 17.78 8.82 779.0
1995 9 20 12 43131.1 3.777 192.10 0.05 16.92 9.73 732.7
1995 9 21 12 42993.5 2.264 180.65 0.05 16.82 9.04 789.2
1995 9 22 12 42855.8 0.256 198.14 0.05 15.71 8.45 811.3
1995 9 23 12 42718.3 1.400 193.83 0.05 13.81 7.48 757.7
1995 9 24 12 42580.9 0.136 201.14 0.05 17.37 9.45 776.0
1995 9 25 12 42443.7 0.845 163.64 0.05 13.09 6.05 715.1
1995 9 26 12 42306.7 1.065 157.06 0.05 15.16 6.84 740.2
1995 9 27 12 42170.0 2.472 147.75 0.05 15.32 7.18 762.6
1995 9 28 12 42033.6 1.054 182.15 0.05 14.59 6.81 744.2
1995 9 29 12 41897.5 0.205 184.12 0.05 15.21 7.25 704.9
1995 9 30 12 41761.9 1.058 128.91 0.05 17.61 9.89 796.1
1995 10 1 12 41626.6 1.415 181.71 0.05 14.85 5.76 742.1
1995 10 2 12 41491.8 4.187 169.47 0.05 14.73 7.55 756.9
1995 10 3 12 41357.6 1.896 150.87 0.05 15.62 7.11 694.3
1995 10 4 12 41223.8 1.847 176.09 0.05 14.69 6.68 724.9
1995 10 5 12 41090.7 0.572 164.22 0.05 13.91 6.07 699.0
1995 10 6 12 40958.2 1.683 166.99 0.05 13.02 6.06 720.5
1995 10 7 12 40826.3 1.761 141.77 0.05 13.48 6.08 729.2
1995 10 8 12 40695.1 1.827 140.74 0.05 13.94 5.60 705.9
1995 10 9 12 40564.7 0.948 153.50 0.05 13.73 4.10 668.0
1995 10 10 12 40435.1 0.059 148.79 0.05 11.25 3.75 716.0
1995 10 11 12 40306.3 0.119 147.72 0.05 10.39 3.42 652.1
1995 10 12 12 40178.3 0.511 170.95 0.05 13.09 4.36 686.8
1995 10 13 12 40051.3 2.481 154.85 0.05 10.91 3.24 610.6
1995 10 14 12 39925.2 0.156 137.37 0.05 12.04 4.38 717.4
1995 10 15 12 39800.0 1.356 147.67 0.05 11.32 4.22 673.4
1995 10 16 12 39675.8 0.031 174.13 0.05 10.76 2.31 621.6
1995 10 17 12 39552.7 0.743 133.57 0.05 12.09 4.74 653.0
1995 10 18 12 39430.7 0.861 122.65 0.05 11.20 2.92 653.1
1995 10 19 12 39309.8 0.807 138.57 0.05 12.70 3.90 719.0
1995 10 20 12 39190.1 1.182 130.40 0.05 11.83 3.23 686.8
1995 10 21 12 39071.5 0.516 143.39 0.05 9.12 1.08 615.3
1995 10 22 12 38954.2 2.155 136.87 0.05 9.59 1.99 621.4
1995 10 23 12 38838.1 0.094 143.50 0.05 9.65 1.79 677.7
1995 10 24 12 38723.3 0.337 129.98 0.05 8.85 0.54 584.9
1995 10 25 12 38609.8 0.072 126.08 0.05 11.38 3.09 666.6
1995 10 26 12 38497.7 1.038 132.26 0.05 8.69 -0.37 588.4
1995 10 27 12 38387.0 1.180 112.65 0.05 9.18 -0.34 640.3
1995 10 28 12 38277.7 0.613 143.90 0.05 9.57 0.59 607.5
1995 10 29 12 38169.9 0.524 172.97 0.05 7.10 -2.07 629.9
1995 10 30 12 38063.6 1.674 124.78 0.05 8.63 1.85 645.5
1995 10 31 12 37958.7 0.396 149.97 0.05 10.83 3.11 623.8
1995 11 1 12 37855.5 2.871 145.46 0.05 8.28 0.87 648.2
1995 11 2 12 37753.8 0.161 131.51 0.05 7.50 -0.31 638.8
1995 11 3 12 37653.8 0.572 102.43 0.05 9.02 0.51 616.8
1995 11 4 12 37555.3 2.822 103.05 0.05 8.78 0.44 635.0
1995 11 5 12 37458.6 0.986 104.42 0.05 3.91 -5.65 549.3
1995 11 6 12 37363.5 0.122 99.37 0.05 6.98 -1.59 588.1
1995 11 7 12 37270.2 2.199 104.73 0.05 7.56 -1.12 531.1
1995 11 8 12 37178.7 0.029 99.13 0.05 8.07 -1.47 542.1
1995 11 9 12 37088.9 0.416 114.18 0.05 8.35 0.76 615.2
1995 11 10 12 37000.9 0.985 142.41 0.05 6.01 -2.26 547.7
1995 11 11 12 36914.8 0.050 98.93 0.05 6.27 -0.86 558.5
1995 11 12 12 36830.5 2.500 109.21 0.05 5.03 -2.14 594.7
1995 11 13 12 36748.2 0.594 110.84 0.05 7.67 1.09 611.9
1995 11 14 12 36667.7 2.830 105.49 0.05 2.44 -4.72 569.2
1995 11 15 12 36589.2 0.347 108.17 0.05 3.36 -4.47 502.3
1995 11 16 12 36512.6 0.171 123.50 0.05 7.66 -0.50 611.1
1995 11 17 12 36438.0 1.355 102.15 0.05 5.02 -3.48 580.0
1995 11 18 12 36365.4 0.315 99.93 0.05 4.25 -2.84 567.2
1995 11 19 12 36294.9 0.753 115.95 0.05 6.24 -2.62 561.4
1995 11 20 12 36226.3 0.336 118.75 0.05 2.02 -6.08 509.0
1995 11 21 12 36159.9 2.611 113.53 0.05 4.73 -3.28 568.4
1995 11 22 12 36095.5 0.844 99.21 0.05 5.29 -2.76 558.1
1995 11 23 12 36033.3 0.505 85.96 0.05 4.14 -5.27 510.2
1995 11 24 12 35973.2 1.792 85.08 0.05 -1.20 -9.30 446.6
1995 11 25 12 35915.2 0.584 92.64 0.05 3.13 -5.15 493.3
1995 11 26 12 35859.3 0.351 114.03 0.05 2.05 -5.11 473.7
1995 11 27 12 35805.7 0.987 115.23 0.05 6.09 -1.10 636.8
1995 11 28 12 35754.2 0.180 108.46 0.05 4.84 -3.90 522.5
1995 11 29 12 35704.9 0.317 100.18 0.05 2.61 -4.62 481.8
1995 11 30 12 35657.9 0.239 92.99 0.05 0.18 -8.46 446.3
1995 12 1 12 35613.1 0.630 88.84 0.05 2.73 -5.75 435.2
1995 12 2 12 35570.6 0.375 101.18 0.05 0.81 -7.21 474.0
1995 12 3 12 35530.3 1.632 104.54 0.05 3.19 -4.41 505.0
1995 12 4 12 35492.2 2.159 104.57 0.05 2.76 -6.25 416.8
1995 12 5 12 35456.5 0.983 95.09 0.05 1.56 -6.11 480.0
1995 12 6 12 35423.1 0.025 98.01 0.05 2.54 -5.76 456.9
1995 12 7 12 35391.9 0.512 104.33 0.05 5.72 -2.85 549.9
1995 12 8 12 35363.1 0.348 102.70 0.05 -0.76 -9.73 396.3
1995 12 9 12 35336.6 5.343 95.37 0.05 -0.14 -7.94 414.3
1995 12 10 12 35312.4 1.848 100.93 0.05 1.84 -5.55 503.7
1995 12 11 12 35290.6 1.383 127.62 0.05 0.07 -9.17 372.1
1995 12 12 12 35271.1 0.378 79.25 0.05 1.78 -7.18 430.9
1995 12 13 12 35253.9 1.723 113.41 0.05 -0.87 -9.72 407.9
1995 12 14 12 35239.2 1.355 102.54 0.05 1.03 -6.70 464.8
1995 12 15 12 35226.7 0.832 96.16 0.05 0.80 -6.89 447.3
1995 12 16 12 35216.7 0.473 99.26 0.05 1.69 -6.28 448.2
1995 12 17 12 35209.0 0.632 79.08 0.05 0.31 -8.94 394.2
1995 12 18 12 35203.6 0.471 80.82 0.05 2.02 -6.16 495.2
1995 12 19 12 35200.7 1.109 98.65 0.05 -1.11 -10.61 392.6
1995 12 20 12 35200.1 1.593 128.33 0.05 0.78 -7.13 486.1
1995 12 21 12 35201.9 0.085 86.92 0.05 -2.47 -9.90 359.4
1995 12 22 12 35206.0 1.515 98.05 0.05 -3.31 -13.15 355.8
1995 12 23 12 35212.5 1.025 113.57 0.05 -2.06 -11.45 370.3
1995 12 24 12 35221.4 0.386 83.40 0.05 2.97 -5.71 476.6
1995 12 25 12 35232.6 3.135 91.75 0.05 2.02 -6.57 472.4
1995 12 26 12 35246.3 0.336 99.01 0.05 0.29 -7.81 450.4
1995 12 27 12 35262.2 0.797 96.13 0.05 -1.59 -8.40 433.0
1995 12 28 12 35280.5 1.221 112.68 0.05 0.92 -7.09 422.7
1995 12 29 12 35301.2 0.958 123.87 0.05 -2.92 -11.85 342.4
1995 12 30 12 35324.2 6.113 86.05 0.05 -3.59 -14.17 325.5
1995 12 31 12 35349.5 0.560 97.12 0.05 -0.85 -8.01 442.5
1996 1 1 12 35377.2 0.235 116.46 0.05 -0.77 -9.15 392.5
1996 1 2 12 35407.2 0.398 134.65 0.05 -0.06 -7.40 478.3
1996 1 3 12 35439.5 0.946 117.44 0.05 -1.81 -9.79 405.3
1996 1 4 12 35474.1 0.289 103.30 0.05 -1.79 -10.08 409.9
1996 1 5 12 35511.0 3.347 116.34 0.05 1.76 -6.81 506.7
1996 1 6 12 35550.1 0.335 100.92 0.05 -1.22 -8.95 430.4
1996 1 7 12 35591.5 0.840 120.14 0.05 -1.84 -9.19 403.7
1996 1 8 12 35635.2 0.973 103.01 0.05 -0.47 -7.78 391.3
1996 1 9 12 35681.2 0.592 99.28 0.05 -1.83 -9.55 373.0
1996 1 10 12 35729.3 3.954 112.07 0.05 1.57 -6.57 428.4
1996 1 11 12 35779.7 1.808 98.32 0.05 -0.64 -8.10 391.2
1996 1 12 12 35832.2 0.409 124.23 0.05 -1.72 -10.40 389.7
1996 1 13 12 35887.0 1.194 126.38 0.05 -2.41 -9.75 335.6
1996 1 14 12 35943.9 0.910 112.14 0.05 -4.18 -13.12 332.2
1996 1 15 12 36003.0 1.038 117.18 0.05 -0.89 -8.38 431.2
1996 1 16 12 36064.1 2.301 113.41 0.05 -2.48 -9.83 410.3
1996 1 17 12 36127.5 1.242 89.78 0.05 -3.93 -11.87 378.3
1996 1 18 12 36192.9 0.978 122.54 0.05 -3.06 -10.96 390.7
1996 1 19 12 36260.3 0.458 84.88 0.05 0.67 -7.23 473.4
1996 1 20 12 36329.9 1.043 129.40 0.05 -1.58 -9.92 376.2
1996 1 21 12 36401.5 1.372 108.97 0.05 -0.95 -9.54 391.4
1996 1 22 12 36475.1 1.856 97.78 0.05 -0.91 -8.70 514.4
1996 1 23 12 36550.6 2.232 114.20 0.05 1.60 -6.49 497.4
1996 1 24 12 36628.2 0.927 128.34 0.05 -2.25 -10.14 428.1
1996 1 25 12 36707.7 0.135 132.55 0.05 -1.37 -8.98 373.0
1996 1 26 12 36789.1 1.327 132.63 0.05 0.30 -7.02 495.0
1996 1 27 12 36872.4 1.446 105.50 0.05 -1.13 -9.47 353.5
1996 1 28 12 36957.6 0.788 103.03 0.05 -0.62 -9.28 362.4
1996 1 29 12 37044.7 1.942 114.00 0.05 -1.31 -9.43 436.0
1996 1 30 12 37133.6 3.742 117.70 0.05 -2.23 -10.46 437.5
1996 1 31 12 37224.2 0.429 119.89 0.05 0.70 -8.59 391.0
1996 2 1 12 37316.7 0.169 100.22 0.05 -1.34 -9.69 370.3
1996 2 2 12 37410.8 0.455 122.25 0.05 -0.20 -8.86 406.2
1996 2 3 12 37506.7 3.388 132.75 0.05 -0.41 -8.75 349.5
1996 2 4 12 37604.3 0.356 117.20 0.05 -6.30 -14.16 322.5
1996 2 5 12 37703.6 0.118 125.61 0.05 -0.87 -10.70 401.8
1996 2 6 12 37804.5 2.051 142.71 0.05 -0.58 -8.51 407.8
1996 2 7 12 37906.9 5.207 107.38 0.05 -4.07 -11.52 299.4
1996 2 8 12 38011.0 0.311 133.97 0.05 -2.52 -10.26 371.5
1996 2 9 12 38116.5 0.793 101.86 0.05 -0.83 -9.54 448.7
1996 2 10 12 38223.6 0.447 111.77 0.05 -1.12 -7.74 468.7
1996 2 11 12 38332.2 1.184 156.79 0.05 1.05 -7.88 440.7
1996 2 12 12 38442.2 8.632 121.42 0.05 2.06 -5.87 479.0
1996 2 13 12 38553.6 1.371 136.57 0.05 -1.06 -7.72 434.9
1996 2 14 12 38666.4 3.225 112.50 0.05 -1.38 -9.83 428.3
1996 2 15 12 38780.5 0.845 131.43 0.05 -0.05 -8.32 455.9
1996 2 16 12 38896.0 2.592 143.03 0.05 1.71 -6.27 433.1
1996 2 17 12 39012.7 0.422 148.74 0.05 0.22 -7.40 443.3
1996 2 18 12 39130.6 2.280 147.64 0.05 1.93 -4.10 504.0
1996 2 19 12 39249.8 3.073 137.61 0.05 2.06 -5.79 518.1
1996 2 20 12 39370.1 2.510 153.98 0.05 1.44 -6.64 499.7
1996 2 21 12 39491.6 3.083 146.43 0.05 0.58 -7.15 432.7
1996 2 22 12 39614.2 0.275 119.54 0.05 -0.85 -10.40 407.4
1996 2 23 12 39737.8 0.190 141.77 0.05 1.16 -5.97 500.4
1996 2 24 12 39862.5 1.138 131.29 0.05 0.11 -6.18 473.4
1996 2 25 12 39988.1 4.216 131.88 0.05 3.73 -2.48 551.5
1996 2 26 12 40114.7 0.161 148.93 0.05 2.91 -4.87 543.0
1996 2 27 12 40242.2 0.960 135.99 0.05 1.16 -7.63 432.0
1996 2 28 12 40370.6 0.524 159.63 0.05 1.36 -7.15 493.3
1996 2 29 12 40499.8 2.028 162.70 0.05 -0.51 -8.64 459.9
1996 3 1 12 40629.8 7.458 116.50 0.05 1.07 -7.25 462.0
1996 3 2 12 40760.6 2.298 170.72 0.05 5.01 -3.51 505.1
1996 3 3 12 40892.1 3.120 156.43 0.05 2.65 -5.96 496.0
1996 3 4 12 41024.3 6.268 165.11 0.05 2.05 -6.65 475.5
1996 3 5 12 41157.2 2.108 174.06 0.05 2.99 -6.16 426.5
1996 3 6 12 41290.6 2.704 142.92 0.05 2.09 -5.69 504.0
1996 3 7 12 41424.6 2.036 162.63 0.05 2.60 -4.50 489.9
1996 3 8 12 41559.2 0.371 173.05 0.05 2.78 -4.92 516.4
1996 3 9 12 41694.2 0.214 166.59 0.05 5.57 -1.19 617.0
1996 3 10 12 41829.7 1.592 190.59 0.05 -0.22 -7.48 395.1
1996 3 11 12 41965.5 0.590 155.16 0.05 2.20 -5.16 464.5
1996 3 12 12 42101.8 0.586 169.41 0.05 0.00 -9.05 382.3
1996 3 13 12 42238.3 2.983 170.00 0.05 2.93 -5.87 452.8
1996 3 14 12 42375.2 0.286 197.25 0.05 3.61 -4.83 507.1
1996 3 15 12 42512.3 1.292 179.80 0.05 4.86 -3.43 518.1
1996 3 16 12 42649.6 15.035 174.92 0.05 2.36 -6.61 420.9
1996 3 17 12 42787.0 2.320 208.12 0.05 2.99 -3.95 471.3
1996 3 18 12 42924.6 2.962 190.09 0.05 5.46 -1.46 496.6
1996 3 19 12 43062.3 4.429 170.71 0.05 5.37 -3.38 550.2
1996 3 20 12 43200.0 2.895 178.90 0.05 4.36 -3.94 499.2
1996 3 21 12 43337.7 3.240 194.45 0.05 1.47 -7.34 414.0
1996 3 22 12 43475.4 5.694 170.66 0.05 5.13 -3.60 504.8
1996 3 23 12 43613.0 2.322 197.31 0.05 5.67 -1.51 568.2
1996 3 24 12 43750.4 7.910 204.78 0.05 5.72 -3.09 519.5
1996 3 25 12 43887.7 5.663 196.02 0.05 3.27 -4.64 532.2
1996 3 26 12 44024.8 3.539 180.03 0.05 4.20 -6.18 485.3
1996 3 27 12 44161.7 0.640 185.07 0.05 7.42 0.72 604.2
1996 3 28 12 44298.2 2.835 201.21 0.05 8.65 0.64 576.9
1996 3 29 12 44434.5 7.469 198.94 0.05 7.74 0.36 638.2
1996 3 30 12 44570.3 2.091 230.51 0.05 5.94 -1.90 581.7
1996 3 31 12 44705.8 4.346 183.67 0.05 6.38 -1.44 508.8
1996 4 1 12 44840.8 3.310 206.42 0.05 5.60 -3.12 562.4
1996 4 2 12 44975.4 0.921 194.34 0.05 7.99 -0.96 596.0
1996 4 3 12 45109.4 1.822 164.19 0.05 9.28 -0.41 604.7
1996 4 4 12 45242.8 1.581 220.16 0.05 8.84 2.23 664.8
1996 4 5 12 45375.7 0.969 198.63 0.05 8.82 1.82 643.6
1996 4 6 12 45507.9 3.461 223.34 0.05 6.98 -0.08 642.5
1996 4 7 12 45639.4 0.622 217.42 0.05 7.84 -0.51 582.3
1996 4 8 12 45770.2 3.191 218.47 0.05 7.74 0.25 513.3
1996 4 9 12 45900.2 1.497 202.28 0.05 9.91 1.29 639.6
1996 4 10 12 46029.4 3.780 200.72 0.05 8.94 1.82 664.9
1996 4 11 12 46157.8 1.990 242.22 0.05 10.56 2.38 647.1
1996 4 12 12 46285.3 1.926 217.27 0.05 9.91 1.49 610.8
1996 4 13 12 46411.9 5.545 244.24 0.05 8.22 -0.58 618.1
1996 4 14 12 46537.5 3.880 214.63 0.05 7.46 -0.75 591.9
1996 4 15 12 46662.2 12.460 222.36 0.05 12.87 3.94 618.5
1996 4 16 12 46785.8 0.619 226.18 0.05 9.49 0.18 592.5
1996 4 17 12 46908.4 3.676 235.53 0.05 10.51 2.06 603.0
1996 4 18 12 47029.9 1.296 185.43 0.05 13.16 5.36 708.6
1996 4 19 12 47150.2 4.255 214.39 0.05 11.51 3.16 634.8
1996 4 20 12 47269.4 1.835 230.50 0.05 9.40 0.62 660.2
1996 4 21 12 47387.3 7.601 246.12 0.05 11.25 5.66 653.5
1996 4 22 12 47504.0 5.088 238.07 0.05 13.58 5.16 768.7
1996 4 23 12 47619.5 2.034 219.40 0.05 12.10 5.05 770.8
1996 4 24 12 47733.6 0.939 233.39 0.05 16.84 7.15 721.4
1996 4 25 12 47846.4 2.894 268.49 0.05 8.96 -1.35 551.8
1996 4 26 12 47957.8 13.347 232.60 0.05 11.61 4.70 714.2
1996 4 27 12 48067.8 0.546 226.85 0.05 10.36 2.50 687.8
1996 4 28 12 48176.4 3.409 242.96 0.05 13.69 6.33 699.1
1996 4 29 12 48283.5 1.966 229.82 0.05 10.88 3.26 649.8
1996 4 30 12 48389.0 2.656 237.64 0.05 11.83 2.49 696.4
1996 5 1 12 48493.1 0.553 242.22 0.05 12.30 4.43 708.3
1996 5 2 12 48595.5 2.022 226.98 0.05 13.68 6.48 724.3
1996 5 3 12 48696.4 0.022 228.17 0.05 13.33 3.85 669.6
1996 5 4 12 48795.7 3.792 266.29 0.05 15.28 6.86 789.9
1996 5 5 12 48893.3 1.431 222.16 0.05 12.41 4.81 687.8
1996 5 6 12 48989.2 12.828 224.47 0.05 14.81 5.87 691.9
1996 5 7 12 49083.3 6.609 242.18 0.05 14.09 6.82 744.1
1996 5 8 12 49175.8 0.211 227.56 0.05 11.71 2.95 679.3
1996 5 9 12 49266.4 7.403 251.11 0.05 16.46 6.67 703.2
1996 5 10 12 49355.3 4.006 247.31 0.05 13.89 6.11 727.8
1996 5 11 12 49442.4 0.886 255.23 0.05 15.41 8.18 762.0
1996 5 12 12 49527.6 0.504 262.28 0.05 14.00 7.05 753.9
1996 5 13 12 49610.9 2.948 251.88 0.05 19.79 13.13 898.3
1996 5 14 12 49692.3 5.305 263.99 0.05 18.18 8.85 785.5
1996 5 15 12 49771.8 1.220 220.19 0.05 15.21 7.12 767.9
1996 5 16 12 49849.4 2.849 247.56 0.05 16.54 9.39 766.1
1996 5 17 12 49924.9 8.135 221.51 0.05 16.74 9.20 787.3
1996 5 18 12 49998.5 3.064 254.39 0.05 14.39 6.04 690.1
1996 5 19 12 50070.1 2.204 270.33 0.05 17.63 10.86 782.9
1996 5 20 12 50139.7 4.159 231.41 0.05 16.92 9.37 810.8
1996 5 21 12 50207.1 1.985 222.24 0.05 18.65 11.55 828.4
1996 5 22 12 50272.5 0.243 241.40 0.05 16.97 7.86 774.2
1996 5 23 12 50335.9 2.876 264.92 0.05 15.66 7.27 738.0
1996 5 24 12 50397.0 0.821 256.20 0.05 16.40 7.76 727.6
1996 5 25 12 50456.1 0.682 245.27 0.05 15.89 7.77 823.5
1996 5 26 12 50513.0 1.583 257.62 0.05 18.11 9.75 767.0
1996 5 27 12 50567.8 1.374 232.39 0.05 19.13 12.11 831.9
1996 5 28 12 50620.3 2.316 257.97 0.05 16.08 7.45 814.0
1996 5 29 12 50670.7 1.655 245.24 0.05 18.95 10.68 807.3
1996 5 30 12 50718.8 2.587 268.58 0.05 19.62 12.17 834.4
1996 5 31 12 50764.8 4.846 235.29 0.05 19.37 10.27 796.2
1996 6 1 12 50808.5 0.863 258.33 0.05 16.81 8.61 716.9
1996 6 2 12 50849.9 0.859 252.87 0.05 21.54 13.61 847.3
1996 6 3 12 50889.0 7.640 273.67 0.05 19.67 11.24 847.6
1996 6 4 12 50925.9 2.653 246.62 0.05 16.89 8.42 748.1
1996 6 5 12 50960.5 3.332 228.43 0.05 18.57 10.73 750.3
1996 6 6 12 50992.8 2.005 268.13 0.05 18.67 9.89 755.8
1996 6 7 12 51022.8 1.070 240.08 0.05 19.35 11.47 844.7
1996 6 8 12 51050.5 1.148 257.28 0.05 22.05 13.59 866.9
1996 6 9 12 51075.8 4.636 265.30 0.05 20.35 12.47 914.6
1996 6 10 12 51098.8 10.202 225.89 0.05 19.90 12.38 804.8
1996 6 11 12 51119.5 0.672 242.91 0.05 22.60 14.88 897.8
1996 6 12 12 51137.8 3.670 276.21 0.05 21.10 12.80 839.2
1996 6 13 12 51153.7 5.205 274.49 0.05 23.66 17.49 942.5
1996 6 14 12 51167.4 5.190 258.59 0.05 20.77 13.14 816.3
1996 6 15 12 51178.6 2.933 244.12 0.05 23.15 14.31 859.6
1996 6 16 12 51187.5 3.260 300.00 0.05 17.72 10.25 838.9
1996 6 17 12 51194.0 10.371 265.52 0.05 22.07 13.71 866.2
1996 6 18 12 51198.1 0.536 273.42 0.05 20.79 13.19 897.7
1996 6 19 12 51199.9 1.347 250.91 0.05 21.58 13.79 864.6
1996 6 20 12 51199.3 11.096 244.51 0.05 21.91 13.99 893.7
1996 6 21 12 51196.4 1.320 276.20 0.05 22.35 14.64 877.5
1996 6 22 12 51191.0 1.774 257.55 0.05 23.92 14.86 890.4
1996 6 23 12 51183.3 1.127 263.84 0.05 22.40 13.75 845.0
1996 6 24 12 51173.3 2.100 257.62 0.05 21.65 13.08 864.7
1996 6 25 12 51160.8 1.571 281.94 0.05 22.49 14.03 933.4
1996 6 26 12 51146.1 0.830 257.00 0.05 20.47 13.59 876.5
1996 6 27 12 51128.9 1.105 267.75 0.05 24.77 17.09 989.8
1996 6 28 12 51109.4 10.009 261.87 0.05 20.99 13.16 882.5
1996 6 29 12 51087.6 8.755 237.46 0.05 23.24 15.11 905.7
1996 6 30 12 51063.4 0.652 246.46 0.05 23.99 17.76 923.0
1996 7 1 12 51036.9 0.540 263.14 0.05 23.07 14.48 875.2
1996 7 2 12 51008.1 0.280 252.23 0.05 21.31 13.92 904.5
1996 7 3 12 50976.9 1.796 254.33 0.05 21.24 13.87 837.8
1996 7 4 12 50943.5 3.669 279.96 0.05 24.08 16.65 923.3
1996 7 5 12 50907.8 4.037 252.67 0.05 23.01 14.63 912.8
1996 7 6 12 50869.7 7.212 289.66 0.05 21.79 12.89 863.5
1996 7 7 12 50829.4 0.830 253.08 0.05 21.29 13.56 958.3
1996 7 8 12 50786.9 7.344 247.25 0.05 21.56 13.56 888.9
1996 7 9 12 50742.1 1.195 278.68 0.05 22.86 14.60 892.6
1996 7 10 12 50695.1 0.299 259.65 0.05 26.23 17.82 940.3
1996 7 11 12 50645.8 4.246 275.62 0.05 20.81 13.41 851.6
1996 7 12 12 50594.3 1.507 236.54 0.05 19.17 10.95 805.3
1996 7 13 12 50540.7 4.685 222.93 0.05 22.74 13.93 889.9
1996 7 14 12 50484.8 2.122 213.73 0.05 21.77 15.74 998.0
1996 7 15 12 50426.8 6.955 230.70 0.05 22.18 15.25 898.8
1996 7 16 12 50366.7 1.255 231.34 0.05 21.03 12.63 854.1
1996 7 17 12 50304.5 7.700 259.32 0.05 24.67 18.03 952.8
1996 7 18 12 50240.1 2.890 247.46 0.05 22.03 12.84 846.4
1996 7 19 12 50173.7 8.836 244.89 0.05 23.48 14.44 842.0
1996 7 20 12 50105.1 1.085 229.56 0.05 25.10 16.63 910.3
1996 7 21 12 50034.6 1.384 261.68 0.05 22.41 15.42 891.0
1996 7 22 12 49962.0 5.078 258.20 0.05 21.51 12.91 905.9
1996 7 23 12 49887.4 0.724 222.80 0.05 22.52 15.15 864.4
1996 7 24 12 49810.8 2.957 240.53 0.05 22.56 13.74 877.1
1996 7 25 12 49732.3 3.162 233.17 0.05 23.48 15.56 931.1
1996 7 26 12 49651.8 0.380 270.80 0.05 22.67 14.77 901.5
1996 7 27 12 49569.5 6.305 247.01 0.05 22.79 14.19 850.6
1996 7 28 12 49485.2 1.425 242.69 0.05 21.92 14.25 881.1
1996 7 29 12 49399.1 2.933 245.15 0.05 22.89 14.10 799.5
1996 7 30 12 49311.1 1.317 243.99 0.05 23.04 14.01 911.1
1996 7 31 12 49221.3 0.819 244.31 0.05 23.33 14.83 909.7
1996 8 1 12 49129.8 0.555 207.45 0.05 19.96 10.97 786.0
1996 8 2 12 49036.5 4.124 238.40 0.05 20.64 11.56 862.3
1996 8 3 12 48941.4 0.814 281.37 0.05 20.24 13.52 863.8
1996 8 4 12 48844.7 8.999 222.08 0.05 23.74 15.50 920.1
1996 8 5 12 48746.2 5.725 249.41 0.05 20.52 12.31 846.9
1996 8 6 12 48646.2 2.830 243.60 0.05 21.55 13.25 852.7
1996 8 7 12 48544.5 4.361 231.97 0.05 22.10 13.63 851.8
1996 8 8 12 48441.3 0.645 218.32 0.05 19.88 9.79 833.4
1996 8 9 12 48336.4 2.522 239.48 0.05 21.24 13.93 874.8
1996 8 10 12 48230.1 0.098 224.60 0.05 25.71 19.30 967.6
1996 8 11 12 48122.3 7.741 227.69 0.05 21.92 13.45 860.0
1996 8 12 12 48013.0 0.033 234.73 0.05 24.45 16.47 938.9
1996 8 13 12 47902.3 1.915 212.75 0.05 20.93 13.09 867.0
1996 8 14 12 47790.2 3.021 220.34 0.05 22.54 14.11 909.4
1996 8 15 12 47676.7 2.692 235.45 0.05 20.81 12.27 857.7
1996 8 16 12 47561.9 1.232 223.06 0.05 21.78 14.00 885.1
1996 8 17 12 47445.8 0.095 195.06 0.05 22.51 13.36 879.0
1996 8 18 12 47328.5 0.382 227.16 0.05 20.53 13.15 883.2
1996 8 19 12 47209.9 0.257 228.75 0.05 21.90 13.43 825.3
1996 8 20 12 47090.2 5.793 229.14 0.05 20.52 10.67 802.5
1996 8 21 12 46969.3 2.591 214.54 0.05 21.28 12.33 805.4
1996 8 22 12 46847.3 6.686 202.15 0.05 22.30 13.96 854.9
1996 8 23 12 46724.2 2.157 196.82 0.05 22.76 15.38 902.1
1996 8 24 12 46600.0 3.179 208.09 0.05 22.12 15.13 895.7
1996 8 25 12 46474.8 2.759 223.67 0.05 20.38 12.94 846.1
1996 8 26 12 46348.7 2.459 200.95 0.05 22.24 14.50 875.9
1996 8 27 12 46221.7 0.102 237.32 0.05 21.55 14.12 845.1
1996 8 28 12 46093.7 5.000 200.08 0.05 19.31 10.73 786.7
1996 8 29 12 45964.9 2.520 228.64 0.05 18.34 10.73 754.3
1996 8 30 12 45835.3 3.327 212.35 0.05 17.23 10.06 781.0
1996 8 31 12 45704.9 0.316 197.05 0.05 22.29 13.53 863.5
1996 9 1 12 45573.7 1.855 186.18 0.05 17.18 8.48 762.6
1996 9 2 12 45441.8 0.440 210.06 0.05 19.03 10.57 834.5
1996 9 3 12 45309.3 0.822 199.10 0.05 19.80 10.53 837.8
1996 9 4 12 45176.2 0.566 188.55 0.05 17.27 10.19 793.1
1996 9 5 12 45042.4 2.647 199.24 0.05 21.43 12.94 844.7
1996 9 6 12 44908.2 0.932 200.56 0.05 22.36 12.97 906.0
1996 9 7 12 44773.4 7.074 182.38 0.05 18.82 8.86 774.5
1996 9 8 12 44638.1 0.967 195.96 0.05 18.15 11.31 813.9
1996 9 9 12 44502.5 0.067 160.20 0.05 17.22 9.97 806.0
1996 9 10 12 44366.4 0.080 171.28 0.05 18.71 9.98 828.2
1996 9 11 12 44230.0 2.017 204.01 0.05 14.83 7.30 763.2
1996 9 12 12 44093.3 0.728 183.06 0.05 17.92 8.91 790.5
1996 9 13 12 43956.3 2.591 197.30 0.05 18.73 10.60 809.4
1996 9 14 12 43819.1 1.984 194.17 0.05 16.55 7.86 744.5
1996 9 15 12 43681.7 2.255 199.15 0.05 17.67 8.66 846.1
1996 9 16 12 43544.2 1.668 193.48 0.05 17.86 10.50 739.5
1996 9 17 12 43406.5 0.949 195.04 0.05 17.45 9.67 782.1
1996 9 18 12 43268.9 5.869 158.28 0.05 16.15 7.79 760.2
1996 9 19 12 43131.1 0.181 203.61 0.05 17.60 10.09 786.5
1996 9 20 12 42993.5 0.614 186.70 0.05 15.16 7.19 713.3
1996 9 21 12 42855.8 0.207 213.77 0.05 14.69 5.99 698.0
1996 9 22 12 42718.3 0.958 172.64 0.05 15.04 6.21 705.3
1996 9 23 12 42580.9 4.452 160.92 0.05 16.24 8.81 797.0
1996 9 24 12 42443.7 0.714 189.31 0.05 12.95 4.96 695.4
1996 9 25 12 42306.7 8.351 183.73 0.05 13.71 5.42 696.2
1996 9 26 12 42170.0 2.719 143.85 0.05 13.60 5.34 715.8
1996 9 27 12 42033.6 0.164 167.12 0.05 15.31 8.12 709.2
1996 9 28 12 41897.5 0.760 157.43 0.05 13.66 6.16 708.4
1996 9 29 12 41761.9 2.378 157.83 0.05 13.04 4.91 671.8
1996 9 30 12 41626.6 0.629 165.28 0.05 12.55 6.30 714.9
1996 10 1 12 41491.8 0.314 148.98 0.05 12.87 4.78 658.1
1996 10 2 12 41357.6 2.569 177.77 0.05 13.25 5.60 735.7
1996 10 3 12 41223.8 0.148 148.16 0.05 12.14 4.67 664.5
1996 10 4 12 41090.7 5.240 146.82 0.05 13.98 4.53 647.4
1996 10 5 12 40958.2 2.663 138.50 0.05 13.23 4.96 684.2
1996 10 6 12 40826.3 2.192 160.74 0.05 15.09 6.92 724.6
1996 10 7 12 40695.1 1.784 137.25 0.05 15.65 5.63 720.3
1996 10 8 12 40564.7 0.850 162.11 0.05 12.64 4.82 735.9
1996 10 9 12 40435.1 1.615 168.93 0.05 13.43 3.90 677.3
1996 10 10 12 40306.3 0.502 143.41 0.05 13.45 7.57 766.1
1996 10 11 12 40178.3 0.090 171.46 0.05 12.43 5.00 678.6
1996 10 12 12 40051.3 0.388 144.26 0.05 10.94 2.15 602.4
1996 10 13 12 39925.2 1.051 164.55 0.05 12.42 6.18 737.3
1996 10 14 12 39800.0 1.447 158.32 0.05 9.76 2.61 699.8
1996 10 15 12 39675.8 1.641 135.16 0.05 12.05 4.49 675.6
1996 10 16 12 39552.7 0.677 145.10 0.05 11.04 3.31 656.3
1996 10 17 12 39430.7 0.360 145.72 0.05 11.32 3.01 684.9
1996 10 18 12 39309.8 1.421 127.80 0.05 11.01 2.75 674.1
1996 10 19 12 39190.1 0.739 123.26 0.05 12.71 5.11 687.3
1996 10 20 12 39071.5 1.342 130.07 0.05 9.30 2.92 693.5
1996 10 21 12 38954.2 1.157 126.81 0.05 11.48 4.06 653.6
1996 10 22 12 38838.1 2.395 99.33 0.05 10.15 3.47 671.9
1996 10 23 12 38723.3 0.184 167.61 0.05 11.99 4.08 646.3
1996 10 24 12 38609.8 1.428 126.87 0.05 7.66 -0.82 582.6
1996 10 25 12 38497.7 0.119 152.36 0.05 9.25 2.62 665.9
1996 10 26 12 38387.0 2.604 140.69 0.05 9.74 3.27 649.4
1996 10 27 12 38277.7 1.405 119.41 0.05 8.98 0.05 594.8
1996 10 28 12 38169.9 0.747 142.07 0.05 6.48 -1.63 570.8
1996 10 29 12 38063.6 0.552 115.79 0.05 7.62 0.49 617.1
1996 10 30 12 37958.7 0.101 156.57 0.05 7.13 -1.37 553.7
1996 10 31 12 37855.5 0.509 116.71 0.05 10.96 2.77 704.2
1996 11 1 12 37753.8 0.577 114.08 0.05 8.14 1.16 623.6
1996 11 2 12 37653.8 0.149 142.59 0.05 6.26 -1.69 579.2
1996 11 3 12 37555.3 0.782 122.58 0.05 8.71 0.47 569.7
1996 11 4 12 37458.6 0.134 146.55 0.05 6.76 -0.92 589.9
1996 11 5 12 37363.5 1.193 108.37 0.05 9.13 1.68 599.1
1996 11 6 12 37270.2 1.418 152.04 0.05 5.79 -4.44 540.3
1996 11 7 12 37178.7 2.262 102.36 0.05 5.20 -1.11 584.2
1996 11 8 12 37088.9 0.480 126.83 0.05 5.79 -2.06 538.9
1996 11 9 12 37000.9 0.401 107.50 0.05 7.15 -0.10 594.3
1996 11 10 12 36914.8 0.386 116.41 0.05 6.96 -0.17 618.7
1996 11 11 12 36830.5 0.904 135.57 0.05 8.05 -0.82 579.8
1996 11 12 12 36748.2 0.882 103.67 0.05 8.81 -0.77 570.3
1996 11 13 12 36667.7 0.608 141.14 0.05 6.58 -0.65 600.8
1996 11 14 12 36589.2 3.333 125.15 0.05 4.43 -2.78 543.9
1996 11 15 12 36512.6 0.676 85.06 0.05 6.65 -2.03 598.6
1996 11 16 12 36438.0 0.911 107.20 0.05 5.19 -1.67 612.1
1996 11 17 12 36365.4 1.724 113.52 0.05 4.96 -3.78 480.6
1996 11 18 12 36294.9 1.535 113.74 0.05 4.59 -3.84 513.4
1996 11 19 12 36226.3 0.967 95.38 0.05 3.04 -5.08 571.7
1996 11 20 12 36159.9 3.261 100.38 0.05 3.17 -5.81 500.2
1996 11 21 12 36095.5 0.440 90.32 0.05 2.39 -6.03 504.4
1996 11 22 12 36033.3 0.039 131.38 0.05 1.39 -6.33 482.3
1996 11 23 12 35973.2 0.676 81.42 0.05 4.22 -2.91 550.3
1996 11 24 12 35915.2 0.413 81.15 0.05 5.90 -2.03 488.8
1996 11 25 12 35859.3 1.330 93.82 0.05 4.14 -4.15 534.1
1996 11 26 12 35805.7 0.192 97.27 0.05 4.38 -4.51 556.5
1996 11 27 12 35754.2 0.909 95.81 0.05 6.25 -1.87 528.4
1996 11 28 12 35704.9 0.448 101.44 0.05 1.50 -7.25 431.4
1996 11 29 12 35657.9 0.174 121.75 0.05 5.25 -3.57 525.3
1996 11 30 12 35613.1 1.991 91.24 0.05 4.59 -4.17 466.5
1996 12 1 12 35570.6 1.204 94.75 0.05 2.58 -5.26 482.4
1996 12 2 12 35530.3 1.283 113.64 0.05 0.75 -6.98 424.2
1996 12 3 12 35492.2 1.181 126.82 0.05 3.03 -5.17 510.3
1996 12 4 12 35456.5 1.954 114.51 0.05 5.80 -1.34 578.6
1996 12 5 12 35423.1 0.537 69.38 0.05 3.48 -3.78 514.1
1996 12 6 12 35391.9 1.358 102.91 0.05 0.65 -8.12 423.7
1996 12 7 12 35363.1 0.356 121.13 0.05 2.81 -4.02 521.9
1996 12 8 12 35336.6 0.576 70.68 0.05 1.21 -8.60 459.4
1996 12 9 12 35312.4 0.113 101.30 0.05 2.36 -4.97 483.5
1996 12 10 12 35290.6 2.945 96.14 0.05 -0.18 -8.06 440.1
1996 12 11 12 35271.1 2.436 132.23 0.05 2.03 -6.34 514.7
1996 12 12 12 35253.9 4.603 105.83 0.05 0.36 -8.00 415.3
1996 12 13 12 35239.2 0.231 109.19 0.05 -2.04 -9.85 434.2
1996 12 14 12 35226.7 1.588 117.61 0.05 0.87 -7.54 440.9
1996 12 15 12 35216.7 0.642 58.48 0.05 -0.44 -7.97 495.4
1996 12 16 12 35209.0 0.332 108.48 0.05 -1.10 -10.88 303.2
1996 12 17 12 35203.6 4.080 88.60 0.05 -1.70 -10.10 375.9
1996 12 18 12 35200.7 0.271 83.11 0.05 -0.47 -8.22 442.1
1996 12 19 12 35200.1 0.961 93.82 0.05 -0.30 -8.40 438.5
1996 12 20 12 35201.9 0.390 96.54 0.05 0.43 -8.50 454.0
1996 12 21 12 35206.0 0.696 105.01 0.05 -0.91 -9.01 415.4
1996 12 22 12 35212.5 0.489 113.08 0.05 -1.32 -9.01 458.7
1996 12 23 12 35221.4 1.290 123.09 0.05 -0.85 -8.61 451.1
1996 12 24 12 35232.6 0.178 88.47 0.05 -0.12 -8.42 401.8
1996 12 25 12 35246.3 4.053 100.09 0.05 -0.45 -8.03 474.6
1996 12 26 12 35262.2 1.728 60.26 0.05 -0.23 -8.63 438.0
1996 12 27 12 35280.5 0.678 87.44 0.05 -2.00 -10.35 413.4
1996 12 28 12 35301.2 0.678 107.30 0.05 -2.52 -9.89 444.1
1996 12 29 12 35324.2 2.535 112.77 0.05 0.23 -8.65 374.0
1996 12 30 12 35349.5 1.061 142.28 0.05 -0.13 -8.13 387.7
1996 12 31 12 35377.2 1.709 98.53 0.05 -3.67 -12.75 360.9
1997 1 1 12 35377.2 0.576 89.67 0.05 -0.52 -7.86 369.5
1997 1 2 12 35407.2 2.336 100.15 0.05 -1.13 -8.97 415.7
1997 1 3 12 35439.5 1.347 99.23 0.05 -2.77 -9.79 409.6
1997 1 4 12 35474.1 0.365 87.01 0.05 1.67 -5.26 482.9
1997 1 5 12 35511.0 1.426 110.26 0.05 -3.49 -11.49 405.8
1997 1 6 12 35550.1 3.209 83.14 0.05 0.33 -8.78 430.2
1997 1 7 12 35591.5 0.792 110.94 0.05 -2.50 -10.95 454.0
1997 1 8 12 35635.2 1.734 106.60 0.05 -2.88 -11.42 337.5
1997 1 9 12 35681.2 1.308 109.52 0.05 -1.04 -7.55 471.5
1997 1 10 12 35729.3 1.291 115.63 0.05 -2.76 -10.49 411.4
1997 1 11 12 35779.7 0.956 128.28 0.05 0.62 -6.86 457.6
1997 1 12 12 35832.2 0.536 107.17 0.05 0.44 -6.37 487.0
1997 1 13 12 35887.0 0.316 107.65 0.05 -1.81 -9.37 411.4
1997 1 14 12 35943.9 0.867 112.61 0.05 -0.90 -8.72 383.2
1997 1 15 12 36003.0 1.311 102.87 0.05 -0.24 -7.50 455.7
1997 1 16 12 36064.1 0.253 126.08 0.05 -3.03 -12.61 398.9
1997 1 17 12 36127.5 3.921 89.25 0.05 0.80 -8.20 485.8
1997 1 18 12 36192.9 0.475 116.53 0.05 -2.28 -10.19 367.3
1997 1 19 12 36260.3 0.039 106.34 0.05 -1.49 -8.75 427.8
1997 1 20 12 36329.9 0.631 120.11 0.05 -1.63 -9.64 450.5
1997 1 21 12 36401.5 3.960 100.01 0.05 -2.24 -10.19 359.5
1997 1 22 12 36475.1 1.642 145.55 0.05 -2.17 -11.69 370.8
1997 1 23 12 36550.6 0.446 123.29 0.05 -0.72 -7.84 416.4
1997 1 24 12 36628.2 1.356 110.00 0.05 -0.49 -7.19 486.3
1997 1 25 12 36707.7 0.191 118.54 0.05 -2.97 -12.12 365.6
1997 1 26 12 36789.1 0.502 117.95 0.05 -1.41 -10.98 357.0
1997 1 27 12 36872.4 1.186 124.33 0.05 -2.71 -10.13 384.4
1997 1 28 12 36957.6 6.688 118.14 0.05 -2.69 -9.98 432.7
1997 1 29 12 37044.7 1.856 136.02 0.05 1.38 -9.39 406.4
1997 1 30 12 37133.6 0.771 78.09 0.05 -1.48 -9.15 390.6
1997 1 31 12 37224.2 1.032 110.62 0.05 -2.89 -11.19 396.6
1997 2 1 12 37316.7 2.048 122.20 0.05 -0.41 -8.95 429.4
1997 2 2 12 37410.8 0.812 101.06 0.05 -1.64 -10.91 380.2
1997 2 3 12 37506.7 0.818 129.76 0.05 -0.81 -8.66 415.0
1997 2 4 12 37604.3 0.509 137.82 0.05 -2.39 -10.97 389.4
1997 2 5 12 37703.6 0.823 153.84 0.05 -0.82 -9.14 440.7
1997 2 6 12 37804.5 1.020 140.42 0.05 0.53 -5.91 456.1
1997 2 7 12 37906.9 0.601 134.73 0.05 0.65 -5.97 459.4
1997 2 8 12 38011.0 2.190 137.83 0.05 1.27 -5.95 490.7
1997 2 9 12 38116.5 0.488 123.09 0.05 -1.05 -9.78 402.2
1997 2 10 12 38223.6 4.459 122.10 0.05 -1.40 -9.94 401.0
1997 2 11 12 38332.2 2.277 132.40 0.05 -0.38 -8.54 406.9
1997 2 12 12 38442.2 3.274 141.82 0.05 -0.44 -7.64 466.2
1997 2 13 12 38553.6 4.059 120.64 0.05 -0.65 -9.74 379.4
1997 2 14 12 38666.4 1.322 149.00 0.05 -1.66 -10.31 427.4
1997 2 15 12 38780.5 3.173 141.54 0.05 2.93 -5.01 537.3
1997 2 16 12 38896.0 2.848 142.75 0.05 0.46 -7.86 485.5
1997 2 17 12 39012.7 1.735 127.11 0.05 -2.39 -11.14 439.3
1997 2 18 12 39130.6 0.113 143.09 0.05 0.28 -7.62 435.1
1997 2 19 12 39249.8 1.204 161.50 0.05 1.75 -7.33 491.4
1997 2 20 12 39370.1 0.227 157.00 0.05 4.30 -3.92 503.1
1997 2 21 12 39491.6 2.110 148.75 0.05 0.87 -8.42 389.2
1997 2 22 12 39614.2 2.426 134.15 0.05 1.96 -5.53 454.1
1997 2 23 12 39737.8 1.528 140.17 0.05 1.49 -8.01 415.3
1997 2 24 12 39862.5 0.723 146.79 0.05 0.10 -9.34 364.5
1997 2 25 12 39988.1 0.762 143.34 0.05 1.66 -7.06 519.2
1997 2 26 12 40114.7 3.969 162.94 0.05 0.92 -8.41 425.4
1997 2 27 12 40242.2 1.574 124.38 0.05 0.22 -8.11 474.7
1997 2 28 12 40370.6 10.022 140.29 0.05 1.79 -6.72 504.6
1997 3 1 12 40499.8 2.765 155.81 0.05 1.98 -5.79 461.6
1997 3 2 12 40629.8 4.831 139.26 0.05 2.88 -5.54 492.7
1997 3 3 12 40760.6 0.656 140.20 0.05 3.28 -4.51 468.2
1997 3 4 12 40892.1 6.263 168.07 0.05 -0.65 -8.92 433.7
1997 3 5 12 41024.3 0.214 151.22 0.05 0.82 -5.35 510.1
1997 3 6 12 41157.2 1.317 142.74 0.05 4.47 -4.67 557.1
1997 3 7 12 41290.6 3.973 152.36 0.05 1.53 -7.83 440.1
1997 3 8 12 41424.6 2.321 152.32 0.05 1.02 -7.07 483.9
1997 3 9 12 41559.2 0.153 188.33 0.05 0.07 -8.97 401.7
1997 3 10 12 41694.2 0.769 147.03 0.05 4.73 -3.54 577.2
1997 3 11 12 41829.7 1.557 175.34 0.05 2.74 -4.40 532.3
1997 3 12 12 41965.5 0.472 185.02 0.05 1.48 -6.34 431.4
1997 3 13 12 42101.8 3.895 166.54 0.05 2.18 -5.31 460.9
1997 3 14 12 42238.3 3.384 150.85 0.05 2.21 -6.38 475.3
1997 3 15 12 42375.2 0.218 191.13 0.05 6.66 -1.99 567.1
1997 3 16 12 42512.3 3.693 173.72 0.05 4.94 -2.46 536.1
1997 3 17 12 42649.6 0.212 177.08 0.05 4.80 -4.56 514.9
1997 3 18 12 42787.0 1.289 160.64 0.05 5.03 -2.88 477.7
1997 3 19 12 42924.6 3.653 177.30 0.05 6.49 -1.89 534.8
1997 3 20 12 43062.3 6.158 165.04 0.05 7.98 -0.71 560.2
1997 3 21 12 43200.0 0.836 146.75 0.05 5.07 -3.22 568.8
1997 3 22 12 43337.7 0.204 160.47 0.05 4.52 -3.85 497.5
1997 3 23 12 43475.4 1.558 155.63 0.05 7.97 0.25 547.0
1997 3 24 12 43613.0 0.178 186.84 0.05 4.46 -3.49 553.3
1997 3 25 12 43750.4 5.127 175.64 0.05 7.14 -1.73 593.5
1997 3 26 12 43887.7 3.234 208.36 0.05 4.10 -3.01 493.6
1997 3 27 12 44024.8 0.937 196.85 0.05 6.38 -0.55 585.1
1997 3 28 12 44161.7 4.200 193.79 0.05 6.07 -1.80 519.1
1997 3 29 12 44298.2 0.428 216.75 0.05 5.93 -1.37 563.7
1997 3 30 12 44434.5 1.186 170.50 0.05 6.85 -1.26 563.5
1997 3 31 12 44570.3 2.707 225.89 0.05 6.02 -2.83 585.2
1997 4 1 12 44705.8 2.284 181.15 0.05 4.06 -3.50 564.7
1997 4 2 12 44840.8 8.762 215.33 0.05 8.34 0.22 587.2
1997 4 3 12 44975.4 0.180 176.12 0.05 6.80 -1.17 589.2
1997 4 4 12 45109.4 0.304 202.54 0.05 7.31 -0.85 568.8
1997 4 5 12 45242.8 7.937 221.23 0.05 10.12 2.77 671.1
1997 4 6 12 45375.7 13.736 210.42 0.05 7.53 -0.66 587.0
1997 4 7 12 45507.9 5.537 204.44 0.05 8.63 0.57 598.2
1997 4 8 12 45639.4 0.582 233.70 0.05 7.04 -0.39 624.9
1997 4 9 12 45770.2 1.939 187.69 0.05 11.84 5.28 701.4
1997 4 10 12 45900.2 2.427 208.06 0.05 7.71 -0.57 642.6
1997 4 11 12 46029.4 4.957 190.15 0.05 7.24 0.83 600.3
1997 4 12 12 46157.8 0.850 207.80 0.05 5.11 -2.08 578.0
1997 4 13 12 46285.3 1.054 196.74 0.05 10.25 2.53 622.1
1997 4 14 12 46411.9 0.623 210.09 0.05 10.21 2.77 674.4
1997 4 15 12 46537.5 7.914 201.69 0.05 9.35 2.66 703.2
1997 4 16 12 46662.2 0.071 204.04 0.05 9.55 1.33 648.8
1997 4 17 12 46785.8 0.208 212.24 0.05 9.50 -0.13 649.2
1997 4 18 12 46908.4 2.350 225.66 0.05 12.84 3.58 641.3
1997 4 19 12 47029.9 10.773 210.86 0.05 9.48 0.66 632.9
1997 4 20 12 47150.2 2.511 212.58 0.05 10.39 2.82 651.5
1997 4 21 12 47269.4 3.052 210.22 0.05 8.00 -0.14 563.4
1997 4 22 12 47387.3 3.222 218.17 0.05 11.94 5.29 704.0
1997 4 23 12 47504.0 3.767 187.78 0.05 11.29 3.94 716.9
1997 4 24 12 47619.5 5.448 215.69 0.05 12.40 4.38 685.8
1997 4 25 12 47733.6 1.390 232.35 0.05 12.43 4.34 705.4
1997 4 26 12 47846.4 11.222 202.18 0.05 12.38 4.03 655.2
1997 4 27 12 47957.8 3.693 231.48 0.05 11.11 2.78 682.2
1997 4 28 12 48067.8 4.169 249.80 0.05 11.38 3.37 668.8
1997 4 29 12 48176.4 2.945 231.93 0.05 13.45 4.26 683.4
1997 4 30 12 48283.5 3.570 228.67 0.05 11.97 2.66 661.6
1997 5 1 12 48389.0 2.880 247.73 0.05 13.88 5.68 780.7
1997 5 2 12 48493.1 3.991 235.21 0.05 13.43 5.48 752.5
1997 5 3 12 48595.5 1.124 251.70 0.05 14.46 6.23 695.9
1997 5 4 12 48696.4 3.806 227.37 0.05 11.93 3.36 677.4
1997 5 5 12 48795.7 1.601 260.28 0.05 13.12 6.11 711.5
1997 5 6 12 48893.3 11.386 236.42 0.05 14.01 6.49 731.0
1997 5 7 12 48989.2 2.969 248.44 0.05 13.03 4.84 683.6
1997 5 8 12 49083.3 3.940 241.07 0.05 13.78 5.17 710.8
1997 5 9 12 49175.8 3.458 256.36 0.05 13.84 5.05 746.6
1997 5 10 12 49266.4 0.799 267.09 0.05 15.25 7.78 716.1
1997 5 11 12 49355.3 6.133 237.85 0.05 15.36 6.56 721.3
1997 5 12 12 49442.4 0.379 229.93 0.05 15.26 8.28 759.0
1997 5 13 12 49527.6 1.182 214.72 0.05 13.75 6.18 700.8
1997 5 14 12 49610.9 4.131 245.02 0.05 14.56 6.33 712.7
1997 5 15 12 49692.3 2.658 245.29 0.05 14.60 5.93 683.7
1997 5 16 12 49771.8 11.218 267.75 0.05 18.15 10.40 835.6
1997 5 17 12 49849.4 0.013 252.96 0.05 13.97 5.68 670.3
1997 5 18 12 49924.9 7.979 217.86 0.05 14.63 6.19 789.9
1997 5 19 12 49998.5 3.734 239.75 0.05 16.42 7.87 750.9
1997 5 20 12 50070.1 2.121 243.68 0.05 15.10 7.22 717.3
1997 5 21 12 50139.7 3.172 248.51 0.05 15.85 7.21 712.6
1997 5 22 12 50207.1 4.322 258.59 0.05 15.89 7.88 775.5
1997 5 23 12 50272.5 3.019 243.02 0.05 14.32 7.11 733.0
1997 5 24 12 50335.9 2.295 263.99 0.05 17.38 8.80 837.9
1997 5 25 12 50397.0 4.655 273.61 0.05 15.19 6.30 714.3
1997 5 26 12 50456.1 1.486 239.11 0.05 20.81 14.26 916.0
1997 5 27 12 50513.0 14.031 290.74 0.05 17.06 8.80 768.5
1997 5 28 12 50567.8 7.151 265.79 0.05 17.46 9.98 775.4
1997 5 29 12 50620.3 0.737 248.02 0.05 16.84 8.65 796.0
1997 5 30 12 50670.7 3.154 243.65 0.05 18.40 10.04 844.4
1997 5 31 12 50718.8 2.340 267.97 0.05 18.95 11.56 797.5
1997 6 1 12 50764.8 8.155 276.95 0.05 15.98 8.87 733.1
1997 6 2 12 50808.5 6.933 258.96 0.05 19.27 10.28 797.0
1997 6 3 12 50849.9 6.355 275.92 0.05 19.42 9.60 700.1
1997 6 4 12 50889.0 1.948 283.13 0.05 16.84 9.26 788.4
1997 6 5 12 50925.9 2.860 278.90 0.05 19.87 12.84 823.5
1997 6 6 12 50960.5 3.938 279.07 0.05 17.49 9.42 772.8
1997 6 7 12 50992.8 4.716 256.16 0.05 18.77 10.43 808.2
1997 6 8 12 51022.8 2.537 252.59 0.05 18.84 10.79 865.2
1997 6 9 12 51050.5 1.288 252.75 0.05 17.85 10.46 816.9
1997 6 10 12 51075.8 0.345 252.61 0.05 18.24 10.61 874.3
1997 6 11 12 51098.8 3.469 250.54 0.05 23.36 14.51 920.7
1997 6 12 12 51119.5 3.284 238.53 0.05 17.53 8.41 780.0
1997 6 13 12 51137.8 1.118 290.60 0.05 21.65 12.28 909.6
1997 6 14 12 51153.7 0.363 249.41 0.05 20.21 12.21 858.8
1997 6 15 12 51167.4 1.543 256.07 0.05 22.95 16.10 931.2
1997 6 16 12 51178.6 1.740 258.82 0.05 22.43 12.46 870.0
1997 6 17 12 51187.5 5.448 258.31 0.05 18.90 10.05 875.8
1997 6 18 12 51194.0 6.770 255.84 0.05 19.87 12.55 862.2
1997 6 19 12 51198.1 6.013 266.01 0.05 22.36 13.62 871.4
1997 6 20 12 51199.9 2.454 265.64 0.05 21.10 13.52 816.9
1997 6 21 12 51199.3 0.205 266.23 0.05 19.74 11.08 833.3
1997 6 22 12 51196.4 0.621 252.34 0.05 20.14 11.19 794.0
1997 6 23 12 51191.0 0.679 251.63 0.05 24.69 17.03 888.9
1997 6 24 12 51183.3 4.259 280.88 0.05 21.44 12.35 840.1
1997 6 25 12 51173.3 0.742 268.80 0.05 21.58 13.38 913.4
1997 6 26 12 51160.8 4.309 269.68 0.05 22.72 14.50 920.1
1997 6 27 12 51146.1 4.289 261.14 0.05 19.84 13.21 886.9
1997 6 28 12 51128.9 2.416 254.12 0.05 24.17 15.56 945.7
1997 6 29 12 51109.4 3.218 280.71 0.05 18.67 10.11 749.3
1997 6 30 12 51087.6 1.033 270.59 0.05 24.05 16.48 908.3
1997 7 1 12 51063.4 0.761 281.95 0.05 22.86 15.04 909.3
1997 7 2 12 51036.9 4.102 249.26 0.05 23.36 14.67 859.6
1997 7 3 12 51008.1 3.063 262.66 0.05 21.35 12.74 866.0
1997 7 4 12 50976.9 0.497 261.84 0.05 21.23 12.43 835.3
1997 7 5 12 50943.5 6.023 260.72 0.05 24.76 16.44 975.6
1997 7 6 12 50907.8 0.475 274.25 0.05 26.54 18.79 926.6
1997 7 7 12 50869.7 3.888 234.72 0.05 22.72 13.97 822.8
1997 7 8 12 50829.4 3.136 218.09 0.05 24.42 15.82 947.6
1997 7 9 12 50786.9 10.884 272.65 0.05 22.94 16.02 925.6
1997 7 10 12 50742.1 1.455 256.08 0.05 21.61 13.38 903.2
1997 7 11 12 50695.1 6.544 270.93 0.05 25.35 17.87 929.2
1997 7 12 12 50645.8 3.980 253.34 0.05 22.25 14.35 948.3
1997 7 13 12 50594.3 2.242 238.16 0.05 23.67 15.53 934.9
1997 7 14 12 50540.7 0.406 252.94 0.05 22.93 15.59 905.5
1997 7 15 12 50484.8 0.718 249.70 0.05 23.46 15.12 902.3
1997 7 16 12 50426.8 0.561 246.44 0.05 22.08 14.11 872.9
1997 7 17 12 50366.7 2.780 277.36 0.05 23.11 13.99 855.2
1997 7 18 12 50304.5 2.678 259.83 0.05 21.33 12.27 836.8
1997 7 19 12 50240.1 0.527 240.24 0.05 25.41 16.42 934.9
1997 7 20 12 50173.7 1.090 244.31 0.05 23.24 14.12 877.5
1997 7 21 12 50105.1 2.677 266.23 0.05 22.67 15.63 862.9
1997 7 22 12 50034.6 2.374 244.02 0.05 23.65 14.93 926.0
1997 7 23 12 49962.0 1.770 254.02 0.05 23.78 15.49 833.1
1997 7 24 12 49887.4 0.101 263.23 0.05 21.78 14.35 831.0
1997 7 25 12 49810.8 1.499 278.18 0.05 20.92 14.01 895.0
1997 7 26 12 49732.3 7.786 236.98 0.05 21.98 13.74 866.4
1997 7 27 12 49651.8 6.031 259.18 0.05 23.96 15.74 937.0
1997 7 28 12 49569.5 0.769 245.28 0.05 22.25 13.13 856.2
1997 7 29 12 49485.2 6.377 246.54 0.05 20.88 11.32 870.5
1997 7 30 12 49399.1 0.960 246.15 0.05 22.82 15.53 882.3
1997 7 31 12 49311.1 2.111 249.10 0.05 25.06 16.90 952.2
1997 8 1 12 49221.3 0.934 270.73 0.05 22.40 14.76 937.5
1997 8 2 12 49129.8 1.738 242.84 0.05 19.96 12.18 856.2
1997 8 3 12 49036.5 4.325 255.44 0.05 21.11 12.25 872.4
1997 8 4 12 48941.4 7.622 232.15 0.05 21.55 12.76 865.7
1997 8 5 12 48844.7 1.996 240.79 0.05 22.30 14.61 916.9
1997 8 6 12 48746.2 0.029 206.29 0.05 23.03 15.21 870.1
1997 8 7 12 48646.2 0.477 198.55 0.05 23.35 16.10 930.5
1997 8 8 12 48544.5 0.615 270.09 0.05 21.94 13.23 857.8
1997 8 9 12 48441.3 4.273 249.08 0.05 20.66 11.83 827.1
1997 8 10 12 48336.4 12.183 220.53 0.05 19.45 11.47 771.0
1997 8 11 12 48230.1 1.764 238.12 0.05 22.23 15.22 928.2
1997 8 12 12 48122.3 1.686 242.09 0.05 19.26 12.35 870.2
1997 8 13 12 48013.0 0.499 238.36 0.05 24.32 15.40 941.1
1997 8 14 12 47902.3 0.704 191.33 0.05 23.33 15.28 892.3
1997 8 15 12 47790.2 4.408 208.11 0.05 23.73 16.67 903.3
1997 8 16 12 47676.7 1.099 220.13 0.05 21.13 13.59 900.2
1997 8 17 12 47561.9 1.171 211.01 0.05 21.48 12.16 825.0
1997 8 18 12 47445.8 1.671 216.46 0.05 19.46 12.09 826.7
1997 8 19 12 47328.5 3.730 204.23 0.05 22.45 13.74 883.7
1997 8 20 12 47209.9 1.904 232.57 0.05 18.69 10.88 788.2
1997 8 21 12 47090.2 7.391 221.67 0.05 20.62 12.89 837.1
1997 8 22 12 46969.3 0.756 206.80 0.05 19.43 11.96 836.4
1997 8 23 12 46847.3 0.949 212.08 0.05 22.96 14.81 934.0
1997 8 24 12 46724.2 1.208 217.11 0.05 21.24 13.41 846.7
1997 8 25 12 46600.0 0.525 236.61 0.05 20.93 12.84 847.0
1997 8 26 12 46474.8 0.054 204.97 0.05 19.92 11.95 884.1
1997 8 27 12 46348.7 1.644 216.99 0.05 21.36 14.38 890.4
1997 8 28 12 46221.7 1.833 197.33 0.05 22.44 14.63 902.3
1997 8 29 12 46093.7 1.602 187.68 0.05 22.36 13.54 889.9
1997 8 30 12 45964.9 2.006 235.91 0.05 23.78 15.89 900.5
1997 8 31 12 45835.3 0.883 194.64 0.05 18.24 9.86 838.7
1997 9 1 12 45704.9 2.364 185.36 0.05 18.72 11.33 842.8
1997 9 2 12 45573.7 0.780 207.80 0.05 20.64 13.13 862.7
1997 9 3 12 45441.8 1.427 188.75 0.05 19.37 11.69 824.9
1997 9 4 12 45309.3 1.614 206.74 0.05 19.67 10.56 783.0
1997 9 5 12 45176.2 1.305 181.92 0.05 16.81 8.91 778.6
1997 9 6 12 45042.4 4.873 218.86 0.05 20.13 11.15 825.4
1997 9 7 12 44908.2 1.154 190.56 0.05 18.03 9.08 770.2
1997 9 8 12 44773.4 0.023 192.45 0.05 19.23 10.99 850.1
1997 9 9 12 44638.1 4.296 210.13 0.05 18.16 10.52 812.4
1997 9 10 12 44502.5 1.788 206.01 0.05 16.64 8.77 793.8
1997 9 11 12 44366.4 0.919 197.38 0.05 20.67 12.17 840.4
1997 9 12 12 44230.0 0.858 217.03 0.05 18.87 10.83 840.5
1997 9 13 12 44093.3 5.629 195.08 0.05 17.77 10.93 816.2
1997 9 14 12 43956.3 1.100 162.78 0.05 16.13 7.53 766.7
1997 9 15 12 43819.1 3.406 186.46 0.05 18.58 9.00 730.2
1997 9 16 12 43681.7 2.393 183.73 0.05 17.99 9.86 785.2
1997 9 17 12 43544.2 2.750 164.11 0.05 15.75 6.84 733.5
1997 9 18 12 43406.5 0.496 192.15 0.05 17.63 9.76 816.8
1997 9 19 12 43268.9 2.196 159.88 0.05 16.60 7.25 740.2
1997 9 20 12 43131.1 0.439 175.49 0.05 17.21 7.50 736.0
1997 9 21 12 42993.5 0.305 164.07 0.05 17.19 8.52 783.3
1997 9 22 12 42855.8 0.591 189.61 0.05 15.22 7.97 750.6
1997 9 23 12 42718.3 3.782 150.43 0.05 16.72 8.19 801.8
1997 9 24 12 42580.9 0.249 178.59 0.05 18.03 10.57 824.2
1997 9 25 12 42443.7 2.947 191.69 0.05 16.69 8.60 773.1
1997 9 26 12 42306.7 1.362 154.88 0.05 15.49 6.02 697.7
1997 9 27 12 42170.0 0.269 172.73 0.05 15.37 7.27 708.6
1997 9 28 12 42033.6 2.703 143.74 0.05 17.40 10.30 793.9
1997 9 29 12 41897.5 1.381 153.23 0.05 17.13 9.29 802.5
1997 9 30 12 41761.9 2.489 150.84 0.05 13.10 5.95 735.1
1997 10 1 12 41626.6 1.891 195.60 0.05 15.26 7.30 759.8
1997 10 2 12 41491.8 0.738 149.40 0.05 13.92 6.83 730.5
1997 10 3 12 41357.6 0.277 150.73 0.05 12.24 4.39 715.6
1997 10 4 12 41223.8 2.011 162.99 0.05 15.16 5.78 703.1
1997 10 5 12 41090.7 0.520 148.93 0.05 14.55 5.70 682.2
1997 10 6 12 40958.2 3.565 173.33 0.05 12.63 5.42 686.9
1997 10 7 12 40826.3 0.076 157.20 0.05 12.93 4.28 691.0
1997 10 8 12 40695.1 0.325 152.07 0.05 14.87 6.79 737.3
1997 10 9 12 40564.7 2.141 148.58 0.05 12.30 4.49 731.6
1997 10 10 12 40435.1 4.321 136.07 0.05 11.81 3.60 702.6
1997 10 11 12 40306.3 0.121 169.11 0.05 10.80 2.37 614.6
1997 10 12 12 40178.3 0.602 159.17 0.05 13.15 5.43 691.2
1997 10 13 12 40051.3 1.913 175.94 0.05 9.91 1.77 635.1
1997 10 14 12 39925.2 2.488 162.19 0.05 9.71 2.31 608.5
1997 10 15 12 39800.0 2.190 138.46 0.05 11.32 2.36 632.9
1997 10 16 12 39675.8 6.205 136.35 0.05 10.53 2.03 655.0
1997 10 17 12 39552.7 1.257 168.18 0.05 9.22 2.51 663.4
1997 10 18 12 39430.7 0.844 139.81 0.05 9.40 2.65 665.8
1997 10 19 12 39309.8 0.696 141.52 0.05 8.35 0.19 604.6
1997 10 20 12 39190.1 0.745 136.44 0.05 10.88 1.92 679.9
1997 10 21 12 39071.5 0.530 138.35 0.05 8.47 1.27 585.3
1997 10 22 12 38954.2 1.074 141.59 0.05 8.36 2.14 671.3
1997 10 23 12 38838.1 0.762 156.13 0.05 9.79 0.57 625.1
1997 10 24 12 38723.3 1.434 176.53 0.05 9.47 2.13 648.7
1997 10 25 12 38609.8 0.045 132.01 0.05 9.76 2.12 642.9
1997 10 26 12 38497.7 1.862 130.37 0.05 12.31 3.51 672.6
1997 10 27 12 38387.0 1.714 132.32 0.05 8.23 0.93 560.0
1997 10 28 12 38277.7 1.230 140.55 0.05 4.53 -4.36 503.3
1997 10 29 12 38169.9 0.153 125.97 0.05 10.09 1.69 655.7
1997 10 30 12 38063.6 0.515 105.46 0.05 6.65 -1.62 524.7
1997 10 31 12 37958.7 0.770 104.75 0.05 9.45 0.44 641.4
1997 11 1 12 37855.5 0.097 150.69 0.05 6.78 -1.34 587.1
1997 11 2 12 37753.8 0.500 117.11 0.05 8.02 -1.01 630.5
1997 11 3 12 37653.8 2.824 109.58 0.05 7.22 -1.23 567.6
1997 11 4 12 37555.3 0.512 159.02 0.05 6.85 -0.16 597.2
1997 11 5 12 37458.6 0.933 131.64 0.05 4.69 -2.75 536.7
1997 11 6 12 37363.5 0.720 114.60 0.05 6.32 -1.24 536.3
1997 11 7 12 37270.2 2.129 102.53 0.05 5.23 -2.04 565.2
1997 11 8 12 37178.7 0.115 140.03 0.05 7.27 0.38 626.3
1997 11 9 12 37088.9 0.225 98.24 0.05 9.65 0.22 665.6
1997 11 10 12 37000.9 1.055 96.71 0.05 6.27 -1.57 565.3
1997 11 11 12 36914.8 0.698 123.30 0.05 8.75 -0.12 569.9
1997 11 12 12 36830.5 1.325 98.46 0.05 3.31 -5.33 486.0
1997 11 13 12 36748.2 0.175 98.15 0.05 6.10 -2.98 528.5
1997 11 14 12 36667.7 4.258 121.27 0.05 5.03 -1.34 625.4
1997 11 15 12 36589.2 0.784 119.14 0.05 4.34 -5.25 474.9
1997 11 16 12 36512.6 0.666 89.05 0.05 2.18 -5.76 513.7
1997 11 17 12 36438.0 2.081 121.42 0.05 5.73 -0.98 589.8
1997 11 18 12 36365.4 0.399 85.34 0.05 6.15 -1.98 595.4
1997 11 19 12 36294.9 0.883 113.58 0.05 4.84 -5.38 481.6
1997 11 20 12 36226.3 1.737 91.19 0.05 2.16 -4.14 482.0
1997 11 21 12 36159.9 0.845 116.24 0.05 2.91 -3.57 587.6
1997 11 22 12 36095.5 0.890 109.63 0.05 3.48 -5.44 505.9
1997 11 23 12 36033.3 2.198 99.67 0.05 5.72 -1.48 619.8
1997 11 24 12 35973.2 2.012 96.40 0.05 1.93 -5.88 534.1
1997 11 25 12 35915.2 3.749 107.94 0.05 4.67 -4.51 493.5
1997 11 26 12 35859.3 0.339 97.09 0.05 5.42 -1.82 581.5
1997 11 27 12 35805.7 1.187 93.70 0.05 3.20 -5.29 516.7
1997 11 28 12 35754.2 0.104 101.37 0.05 3.55 -4.46 512.0
1997 11 29 12 35704.9 0.037 115.91 0.05 2.70 -4.81 530.1
1997 11 30 12 35657.9 0.899 83.34 0.05 0.86 -6.79 501.3
1997 12 1 12 35613.1 0.230 94.31 0.05 2.79 -4.83 482.4
1997 12 2 12 35570.6 1.180 121.60 0.05 1.20 -7.81 496.4
1997 12 3 12 35530.3 0.102 96.19 0.05 3.80 -6.47 477.1
1997 12 4 12 35492.2 2.161 139.08 0.05 3.62 -5.05 496.4
1997 12 5 12 35456.5 1.753 120.37 0.05 2.16 -5.21 487.0
1997 12 6 12 35423.1 0.535 93.34 0.05 1.27 -7.78 408.1
1997 12 7 12 35391.9 0.304 87.97 0.05 2.68 -5.49 536.6
1997 12 8 12 35363.1 1.612 111.89 0.05 0.63 -7.23 452.6
1997 12 9 12 35336.6 0.155 133.83 0.05 -2.39 -10.55 355.5
1997 12 10 12 35312.4 0.517 86.48 0.05 -0.07 -7.08 485.7
1997 12 11 12 35290.6 1.892 124.84 0.05 0.62 -7.90 410.0
1997 12 12 12 35271.1 1.233 115.93 0.05 -0.56 -8.75 412.5
1997 12 13 12 35253.9 1.203 86.46 0.05 2.97 -4.92 504.9
1997 12 14 12 35239.2 0.400 122.91 0.05 -1.39 -9.34 348.6
1997 12 15 12 35226.7 2.340 100.42 0.05 1.32 -7.98 461.9
1997 12 16 12 35216.7 0.822 108.56 0.05 0.72 -6.19 485.2
1997 12 17 12 35209.0 1.698 99.70 0.05 -1.14 -8.41 398.9
1997 12 18 12 35203.6 0.022 74.09 0.05 0.43 -8.35 501.5
1997 12 19 12 35200.7 2.083 87.55 0.05 -1.32 -8.96 400.5
1997 12 20 12 35200.1 0.934 108.06 0.05 0.35 -8.04 376.6
1997 12 21 12 35201.9 0.606 117.33 0.05 0.20 -7.18 447.0
1997 12 22 12 35206.0 3.007 93.21 0.05 -2.72 -9.60 389.6
1997 12 23 12 35212.5 1.694 91.73 0.05 -2.89 -12.27 364.1
1997 12 24 12 35221.4 0.054 119.91 0.05 2.06 -4.58 488.1
1997 12 25 12 35232.6 2.132 131.73 0.05 0.35 -6.40 470.2
1997 12 26 12 35246.3 2.231 112.97 0.05 -1.24 -10.10 420.3
1997 12 27 12 35262.2 2.862 98.06 0.05 -0.91 -10.91 377.6
1997 12 28 12 35280.5 0.095 110.77 0.05 -1.17 -9.21 390.6
1997 12 29 12 35301.2 0.260 108.52 0.05 0.88 -6.93 466.6
1997 12 30 12 35324.2 0.689 111.26 0.05 -1.27 -10.15 384.1
1997 12 31 12 35349.5 1.003 117.02 0.05 -2.87 -11.66 384.6
1998 1 1 12 35377.2 0.719 110.40 0.05 -1.49 -9.04 389.0
1998 1 2 12 35407.2 2.006 131.63 0.05 -2.04 -10.13 386.7
1998 1 3 12 35439.5 0.126 107.11 0.05 -1.17 -9.84 414.5
1998 1 4 12 35474.1 1.161 92.29 0.05 1.13 -6.35 485.0
1998 1 5 12 35511.0 0.417 118.14 0.05 -3.09 -11.12 406.0
1998 1 6 12 35550.1 6.041 105.01 0.05 -2.71 -9.19 396.3
1998 1 7 12 35591.5 1.060 111.70 0.05 -0.11 -6.38 433.4
1998 1 8 12 35635.2 0.392 117.09 0.05 -2.44 -10.31 444.8
1998 1 9 12 35681.2 1.621 121.00 0.05 0.49 -7.69 417.7
1998 1 10 12 35729.3 4.607 80.10 0.05 0.30 -7.73 429.3
1998 1 11 12 35779.7 0.354 114.11 0.05 -0.16 -8.78 438.8
1998 1 12 12 35832.2 0.366 97.30 0.05 0.58 -7.14 462.0
1998 1 13 12 35887.0 0.517 106.39 0.05 0.12 -8.67 433.1
1998 1 14 12 35943.9 3.777 74.02 0.05 -2.20 -10.09 370.3
1998 1 15 12 36003.0 0.307 120.19 0.05 2.32 -6.32 453.1
1998 1 16 12 36064.1 0.829 121.15 0.05 -3.29 -12.00 366.4
1998 1 17 12 36127.5 0.123 125.06 0.05 -1.31 -9.78 426.9
1998 1 18 12 36192.9 4.996 113.50 0.05 -1.72 -10.17 371.9
1998 1 19 12 36260.3 0.567 95.91 0.05 1.09 -6.70 459.2
1998 1 20 12 36329.9 4.435 86.23 0.05 -0.33 -8.09 433.6
1998 1 21 12 36401.5 2.869 127.11 0.05 -0.19 -8.24 423.8
1998 1 22 12 36475.1 2.964 125.24 0.05 -0.32 -8.21 400.7
1998 1 23 12 36550.6 5.416 114.37 0.05 -2.38 -10.06 411.3
1998 1 24 12 36628.2 0.434 113.06 0.05 -2.38 -11.13 348.1
1998 1 25 12 36707.7 5.395 130.16 0.05 1.66 -6.33 499.6
1998 1 26 12 36789.1 1.257 97.78 0.05 1.06 -7.22 432.2
1998 1 27 12 36872.4 2.001 110.81 0.05 -1.35 -10.01 454.1
1998 1 28 12 36957.6 2.298 138.25 0.05 -2.22 -9.56 422.4
1998 1 29 12 37044.7 0.148 95.85 0.05 -0.69 -7.25 413.0
1998 1 30 12 37133.6 2.830 131.54 0.05 0.94 -6.20 474.0
1998 1 31 12 37224.2 3.223 105.84 0.05 -0.35 -7.74 441.0
1998 2 1 12 37316.7 2.299 112.96 0.05 -1.68 -9.49 404.4
1998 2 2 12 37410.8 1.671 119.52 0.05 -0.88 -8.76 472.8
1998 2 3 12 37506.7 0.158 127.80 0.05 -0.71 -8.51 481.2
1998 2 4 12 37604.3 0.947 125.17 0.05 1.64 -6.06 468.4
1998 2 5 12 37703.6 0.852 132.56 0.05 -2.17 -9.33 459.0
1998 2 6 12 37804.5 2.150 136.49 0.05 -0.46 -8.75 408.2
1998 2 7 12 37906.9 3.489 113.91 0.05 0.57 -7.40 418.8
1998 2 8 12 38011.0 1.687 124.01 0.05 -2.08 -9.26 443.8
1998 2 9 12 38116.5 0.784 125.25 0.05 -1.25 -9.82 388.2
1998 2 10 12 38223.6 0.894 145.36 0.05 0.92 -7.56 467.3
1998 2 11 12 38332.2 4.465 126.34 0.05 0.21 -8.31 445.9
1998 2 12 12 38442.2 3.009 113.15 0.05 0.77 -7.60 431.2
1998 2 13 12 38553.6 1.776 126.69 0.05 1.77 -5.52 504.9
1998 2 14 12 38666.4 7.296 150.25 0.05 -0.20 -6.74 511.3
1998 2 15 12 38780.5 7.847 141.50 0.05 2.79 -5.88 476.5
1998 2 16 12 38896.0 1.478 144.18 0.05 2.49 -6.74 476.6
1998 2 17 12 39012.7 0.604 121.56 0.05 0.09 -8.43 412.8
1998 2 18 12 39130.6 0.863 160.20 0.05 1.33 -6.68 488.3
1998 2 19 12 39249.8 10.395 148.58 0.05 0.87 -7.52 416.3
1998 2 20 12 39370.1 3.079 147.83 0.05 -1.79 -9.54 418.5
1998 2 21 12 39491.6 3.823 137.78 0.05 3.03 -5.14 474.7
1998 2 22 12 39614.2 7.693 166.45 0.05 -0.67 -7.98 429.6
1998 2 23 12 39737.8 3.993 123.63 0.05 2.21 -5.55 433.7
1998 2 24 12 39862.5 0.246 123.09 0.05 0.93 -9.15 386.2
1998 2 25 12 39988.1 5.971 138.73 0.05 -0.65 -9.62 362.4
1998 2 26 12 40114.7 5.199 144.20 0.05 2.88 -5.43 475.0
1998 2 27 12 40242.2 2.989 150.47 0.05 2.38 -6.92 471.1
1998 2 28 12 40370.6 1.220 157.11 0.05 0.45 -7.27 427.6
1998 3 1 12 40499.8 3.359 168.48 0.05 -0.20 -7.57 413.4
1998 3 2 12 40629.8 1.020 155.05 0.05 1.96 -5.92 461.6
1998 3 3 12 40760.6 3.464 148.70 0.05 2.29 -5.99 488.2
1998 3 4 12 40892.1 0.582 153.43 0.05 3.14 -5.09 457.3
1998 3 5 12 41024.3 0.360 169.96 0.05 -1.14 -9.81 392.8
1998 3 6 12 41157.2 1.917 151.68 0.05 4.36 -3.79 565.9
1998 3 7 12 41290.6 0.256 159.57 0.05 2.19 -6.76 453.7
1998 3 8 12 41424.6 7.636 154.54 0.05 3.55 -4.90 525.9
1998 3 9 12 41559.2 5.904 172.28 0.05 2.63 -6.04 445.6
1998 3 10 12 41694.2 6.709 174.25 0.05 4.17 -4.49 555.5
1998 3 11 12 41829.7 2.113 181.17 0.05 1.14 -5.21 428.6
1998 3 12 12 41965.5 6.482 166.02 0.05 1.33 -6.98 387.2
1998 3 13 12 42101.8 2.139 168.52 0.05 4.29 -3.46 543.1
1998 3 14 12 42238.3 0.166 154.03 0.05 5.55 -2.61 539.9
1998 3 15 12 42375.2 2.190 147.86 0.05 4.41 -4.55 510.1
1998 3 16 12 42512.3 5.188 167.60 0.05 2.49 -5.39 470.9
1998 3 17 12 42649.6 4.476 171.17 0.05 6.01 -3.17 555.5
1998 3 18 12 42787.0 5.743 173.39 0.05 4.41 -3.50 485.7
1998 3 19 12 42924.6 0.479 192.58 0.05 3.97 -3.89 553.7
1998 3 20 12 43062.3 2.068 159.61 0.05 5.33 -2.91 603.1
1998 3 21 12 43200.0 10.696 156.28 0.05 4.80 -4.14 458.4
1998 3 22 12 43337.7 1.514 155.73 0.05 3.57 -3.98 539.5
1998 3 23 12 43475.4 5.257 176.71 0.05 5.78 -1.14 633.1
1998 3 24 12 43613.0 4.632 207.87 0.05 4.00 -5.80 494.5
1998 3 25 12 43750.4 0.488 203.74 0.05 6.73 -1.98 546.1
1998 3 26 12 43887.7 4.154 202.62 0.05 5.67 -3.26 507.5
1998 3 27 12 44024.8 3.757 179.98 0.05 5.90 -2.72 555.8
1998 3 28 12 44161.7 8.121 172.04 0.05 7.39 -1.01 597.7
1998 3 29 12 44298.2 0.040 197.91 0.05 4.67 -3.57 497.4
1998 3 30 12 44434.5 0.133 218.06 0.05 6.18 -0.44 616.5
1998 3 31 12 44570.3 2.058 190.99 0.05 8.01 -0.36 598.4
1998 4 1 12 44705.8 0.005 182.58 0.05 6.45 -1.24 506.8
1998 4 2 12 44840.8 2.242 189.10 0.05 1.48 -6.41 487.0
1998 4 3 12 44975.4 6.683 192.00 0.05 7.54 -0.51 529.9
1998 4 4 12 45109.4 1.327 225.73 0.05 8.54 1.15 607.6
1998 4 5 12 45242.8 9.462 199.09 0.05 8.44 0.13 638.9
1998 4 6 12 45375.7 0.644 219.00 0.05 8.63 1.27 633.9
1998 4 7 12 45507.9 3.684 213.16 0.05 7.47 0.78 592.5
1998 4 8 12 45639.4 10.361 213.26 0.05 7.09 -1.74 585.2
1998 4 9 12 45770.2 2.749 223.90 0.05 9.32 1.99 625.3
1998 4 10 12 45900.2 0.304 226.39 0.05 8.73 0.88 648.2
1998 4 11 12 46029.4 0.434 204.64 0.05 8.39 0.57 589.9
1998 4 12 12 46157.8 13.593 192.93 0.05 8.45 0.21 589.8
1998 4 13 12 46285.3 1.395 207.48 0.05 9.48 2.10 651.3
1998 4 14 12 46411.9 7.480 206.03 0.05 9.90 0.60 653.4
1998 4 15 12 46537.5 2.538 234.05 0.05 8.80 0.60 615.1
1998 4 16 12 46662.2 4.790 221.34 0.05 9.94 0.87 630.2
1998 4 17 12 46785.8 1.647 191.20 0.05 7.86 -1.73 564.6
1998 4 18 12 46908.4 1.118 205.38 0.05 11.22 3.98 720.4
1998 4 19 12 47029.9 1.574 210.59 0.05 10.96 1.75 582.7
1998 4 20 12 47150.2 3.496 231.85 0.05 11.02 4.18 638.1
1998 4 21 12 47269.4 0.245 212.90 0.05 10.50 2.80 627.4
1998 4 22 12 47387.3 1.328 238.13 0.05 13.42 5.45 736.2
1998 4 23 12 47504.0 12.609 205.87 0.05 10.61 1.89 650.9
1998 4 24 12 47619.5 3.744 195.04 0.05 9.33 1.95 671.6
1998 4 25 12 47733.6 1.752 228.08 0.05 11.11 3.89 688.7
1998 4 26 12 47846.4 4.775 199.21 0.05 10.14 2.10 673.7
1998 4 27 12 47957.8 6.056 223.88 0.05 7.72 0.90 632.4
1998 4 28 12 48067.8 0.378 231.62 0.05 15.13 6.98 758.0
1998 4 29 12 48176.4 7.733 245.62 0.05 11.67 3.31 615.1
1998 4 30 12 48283.5 0.941 242.43 0.05 14.47 6.55 771.7
1998 5 1 12 48389.0 0.811 214.12 0.05 13.54 6.80 739.6
1998 5 2 12 48493.1 7.454 217.26 0.05 14.96 6.23 763.6
1998 5 3 12 48595.5 7.700 214.97 0.05 12.07 4.85 734.6
1998 5 4 12 48696.4 0.273 226.18 0.05 16.75 9.11 788.2
1998 5 5 12 48795.7 5.144 255.97 0.05 12.23 4.66 674.9
1998 5 6 12 48893.3 5.773 281.10 0.05 14.28 6.02 753.4
1998 5 7 12 48989.2 5.510 241.80 0.05 13.55 4.99 672.5
1998 5 8 12 49083.3 6.484 236.62 0.05 16.12 8.32 776.2
1998 5 9 12 49175.8 3.952 234.93 0.05 15.40 6.81 674.7
1998 5 10 12 49266.4 7.376 229.63 0.05 11.84 3.91 688.7
1998 5 11 12 49355.3 1.730 212.29 0.05 14.60 6.35 752.9
1998 5 12 12 49442.4 0.952 261.90 0.05 17.20 9.58 812.1
1998 5 13 12 49527.6 2.519 250.34 0.05 14.24 6.73 723.0
1998 5 14 12 49610.9 2.074 239.60 0.05 15.05 7.71 734.3
1998 5 15 12 49692.3 6.462 251.64 0.05 15.70 7.53 772.1
1998 5 16 12 49771.8 1.837 251.31 0.05 15.30 7.95 796.3
1998 5 17 12 49849.4 1.129 262.23 0.05 17.97 10.88 759.3
1998 5 18 12 49924.9 5.598 252.35 0.05 15.34 6.25 717.9
1998 5 19 12 49998.5 2.312 245.94 0.05 16.58 8.77 776.6
1998 5 20 12 50070.1 1.397 249.83 0.05 17.86 8.56 747.2
1998 5 21 12 50139.7 4.932 237.66 0.05 17.30 10.12 836.1
1998 5 22 12 50207.1 3.268 235.13 0.05 18.31 12.09 850.0
1998 5 23 12 50272.5 12.162 262.97 0.05 16.64 8.75 776.3
1998 5 24 12 50335.9 1.609 280.07 0.05 16.66 8.30 754.4
1998 5 25 12 50397.0 0.604 238.43 0.05 17.79 9.75 805.3
1998 5 26 12 50456.1 1.277 228.57 0.05 17.55 9.07 770.9
1998 5 27 12 50513.0 6.519 230.71 0.05 18.00 8.95 752.7
1998 5 28 12 50567.8 0.934 245.47 0.05 18.12 8.27 749.2
1998 5 29 12 50620.3 5.768 243.38 0.05 18.71 9.96 774.5
1998 5 30 12 50670.7 3.063 268.05 0.05 18.64 10.27 802.7
1998 5 31 12 50718.8 3.512 272.62 0.05 19.39 10.86 843.2
1998 6 1 12 50764.8 2.105 281.38 0.05 18.18 10.07 756.2
1998 6 2 12 50808.5 0.427 276.71 0.05 19.91 11.86 841.5
1998 6 3 12 50849.9 1.347 265.33 0.05 18.47 9.73 862.6
1998 6 4 12 50889.0 3.294 240.91 0.05 22.52 14.38 901.7
1998 6 5 12 50925.9 1.335 261.41 0.05 21.11 13.05 867.1
1998 6 6 12 50960.5 0.228 247.38 0.05 22.13 13.81 924.5
1998 6 7 12 50992.8 9.432 224.68 0.05 19.54 12.02 775.1
1998 6 8 12 51022.8 5.746 257.80 0.05 18.39 12.39 897.3
1998 6 9 12 51050.5 3.495 250.67 0.05 15.83 8.41 743.5
1998 6 10 12 51075.8 7.070 240.79 0.05 18.43 10.18 813.8
1998 6 11 12 51098.8 1.102 251.41 0.05 20.26 11.43 788.6
1998 6 12 12 51119.5 1.938 288.04 0.05 22.40 16.36 883.1
1998 6 13 12 51137.8 0.424 274.60 0.05 19.50 11.91 829.0
1998 6 14 12 51153.7 1.461 287.50 0.05 19.85 11.74 837.8
1998 6 15 12 51167.4 4.622 261.73 0.05 21.64 14.18 890.4
1998 6 16 12 51178.6 4.318 234.99 0.05 17.69 9.84 836.3
1998 6 17 12 51187.5 14.579 232.92 0.05 22.00 14.54 830.9
1998 6 18 12 51194.0 1.613 240.22 0.05 22.71 14.74 886.8
1998 6 19 12 51198.1 6.353 294.15 0.05 23.58 14.76 845.9
1998 6 20 12 51199.9 10.884 262.86 0.05 21.48 13.21 864.3
1998 6 21 12 51199.3 1.112 264.45 0.05 21.31 12.18 909.1
1998 6 22 12 51196.4 17.077 259.91 0.05 22.06 14.47 929.1
1998 6 23 12 51191.0 4.706 266.39 0.05 22.80 15.17 870.5
1998 6 24 12 51183.3 1.232 242.51 0.05 23.09 15.66 917.1
1998 6 25 12 51173.3 5.504 254.10 0.05 21.76 14.50 872.6
1998 6 26 12 51160.8 1.620 231.09 0.05 20.96 10.84 865.5
1998 6 27 12 51146.1 5.476 264.93 0.05 20.55 12.24 864.7
1998 6 28 12 51128.9 1.076 266.99 0.05 22.50 14.21 847.3
1998 6 29 12 51109.4 1.544 247.61 0.05 22.59 14.08 891.2
1998 6 30 12 51087.6 3.177 228.06 0.05 21.03 12.96 866.2
1998 7 1 12 51063.4 0.068 253.53 0.05 21.99 13.02 869.6
1998 7 2 12 51036.9 6.140 272.22 0.05 25.73 18.61 976.4
1998 7 3 12 51008.1 3.689 238.26 0.05 24.36 14.81 928.5
1998 7 4 12 50976.9 6.031 243.01 0.05 25.33 16.11 943.5
1998 7 5 12 50943.5 3.293 256.12 0.05 23.56 14.55 897.1
1998 7 6 12 50907.8 1.420 258.12 0.05 24.72 17.09 930.4
1998 7 7 12 50869.7 0.985 264.76 0.05 21.45 12.77 853.7
1998 7 8 12 50829.4 0.509 278.23 0.05 24.21 16.99 927.1
1998 7 9 12 50786.9 4.982 242.95 0.05 23.23 14.16 858.9
1998 7 10 12 50742.1 4.474 238.14 0.05 24.21 16.04 885.3
1998 7 11 12 50695.1 2.989 247.47 0.05 22.76 14.91 910.5
1998 7 12 12 50645.8 4.650 237.98 0.05 20.99 13.20 904.3
1998 7 13 12 50594.3 4.293 240.49 0.05 21.87 12.89 870.2
1998 7 14 12 50540.7 1.569 251.19 0.05 25.06 17.02 909.9
1998 7 15 12 50484.8 1.777 242.70 0.05 21.34 11.55 803.3
1998 7 16 12 50426.8 0.605 268.63 0.05 23.24 17.23 967.1
1998 7 17 12 50366.7 1.364 232.79 0.05 22.39 15.14 883.5
1998 7 18 12 50304.5 5.212 249.20 0.05 24.42 17.07 938.4
1998 7 19 12 50240.1 6.145 227.41 0.05 20.56 12.24 835.1
1998 7 20 12 50173.7 0.308 253.98 0.05 21.86 13.66 831.0
1998 7 21 12 50105.1 2.848 253.06 0.05 20.50 12.92 873.7
1998 7 22 12 50034.6 4.451 277.66 0.05 21.88 13.59 856.1
1998 7 23 12 49962.0 0.927 262.71 0.05 23.96 16.32 881.5
1998 7 24 12 49887.4 2.321 222.21 0.05 20.12 13.20 867.5
1998 7 25 12 49810.8 2.554 253.96 0.05 21.28 12.34 847.1
1998 7 26 12 49732.3 0.021 242.41 0.05 21.49 14.19 933.3
1998 7 27 12 49651.8 5.963 252.76 0.05 22.21 13.39 865.7
1998 7 28 12 49569.5 1.973 232.06 0.05 21.91 13.07 798.1
1998 7 29 12 49485.2 0.616 255.41 0.05 22.80 14.69 933.9
1998 7 30 12 49399.1 7.296 241.27 0.05 23.71 15.99 937.5
1998 7 31 12 49311.1 1.293 232.42 0.05 19.82 10.39 785.9
1998 8 1 12 49221.3 0.053 224.18 0.05 23.11 16.01 991.1
1998 8 2 12 49129.8 1.137 219.70 0.05 22.11 13.16 850.1
1998 8 3 12 49036.5 3.549 225.33 0.05 22.85 12.74 898.6
1998 8 4 12 48941.4 2.046 231.08 0.05 21.79 13.25 870.7
1998 8 5 12 48844.7 0.628 249.86 0.05 23.99 14.96 944.1
1998 8 6 12 48746.2 3.007 254.27 0.05 21.85 13.78 854.2
1998 8 7 12 48646.2 6.454 217.35 0.05 24.32 16.39 921.5
1998 8 8 12 48544.5 1.597 226.09 0.05 24.44 15.26 894.0
1998 8 9 12 48441.3 0.921 218.28 0.05 21.70 13.43 831.9
1998 8 10 12 48336.4 0.051 209.80 0.05 22.68 15.42 876.9
1998 8 11 12 48230.1 1.704 232.32 0.05 22.25 15.85 861.8
1998 8 12 12 48122.3 3.606 245.43 0.05 22.22 13.89 901.5
1998 8 13 12 48013.0 0.915 240.38 0.05 18.67 10.82 843.9
1998 8 14 12 47902.3 3.036 228.80 0.05 17.26 8.46 802.8
1998 8 15 12 47790.2 2.928 229.31 0.05 21.79 13.52 853.2
1998 8 16 12 47676.7 0.145 216.73 0.05 23.05 15.89 874.2
1998 8 17 12 47561.9 0.079 224.42 0.05 22.03 13.59 838.9
1998 8 18 12 47445.8 0.590 207.19 0.05 22.18 13.46 880.9
1998 8 19 12 47328.5 1.037 246.28 0.05 21.65 13.45 853.9
1998 8 20 12 47209.9 5.024 243.48 0.05 21.22 12.47 812.1
1998 8 21 12 47090.2 0.918 208.92 0.05 22.52 13.84 922.6
1998 8 22 12 46969.3 4.495 226.98 0.05 20.24 12.31 822.5
1998 8 23 12 46847.3 4.038 221.04 0.05 22.11 13.31 910.2
1998 8 24 12 46724.2 1.444 222.96 0.05 20.32 10.21 785.2
1998 8 25 12 46600.0 0.584 204.94 0.05 20.50 11.93 822.6
1998 8 26 12 46474.8 0.277 189.91 0.05 22.44 13.83 873.4
1998 8 27 12 46348.7 0.161 229.08 0.05 20.56 12.49 846.9
1998 8 28 12 46221.7 4.023 226.92 0.05 20.90 13.22 880.5
1998 8 29 12 46093.7 0.111 205.07 0.05 21.46 13.41 877.4
1998 8 30 12 45964.9 0.815 179.77 0.05 16.24 7.54 781.6
1998 8 31 12 45835.3 3.078 188.43 0.05 20.39 12.47 810.8
1998 9 1 12 45704.9 0.234 213.59 0.05 19.82 12.27 816.1
1998 9 2 12 45573.7 1.605 202.83 0.05 17.31 8.65 800.2
1998 9 3 12 45441.8 0.601 191.79 0.05 18.78 10.49 779.6
1998 9 4 12 45309.3 0.715 197.55 0.05 19.72 13.08 857.1
1998 9 5 12 45176.2 1.357 191.61 0.05 17.60 10.04 762.5
1998 9 6 12 45042.4 0.080 222.23 0.05 19.30 12.31 872.2
1998 9 7 12 44908.2 5.027 167.89 0.05 17.59 9.67 748.3
1998 9 8 12 44773.4 0.642 206.46 0.05 17.50 8.89 765.4
1998 9 9 12 44638.1 0.767 190.10 0.05 17.57 10.04 769.5
1998 9 10 12 44502.5 1.633 199.67 0.05 19.47 11.04 830.7
1998 9 11 12 44366.4 0.034 190.58 0.05 20.21 11.08 832.6
1998 9 12 12 44230.0 1.990 200.02 0.05 18.85 10.08 841.7
1998 9 13 12 44093.3 2.294 199.77 0.05 17.01 9.23 792.7
1998 9 14 12 43956.3 2.092 167.28 0.05 18.40 10.23 781.6
1998 9 15 12 43819.1 0.265 189.17 0.05 18.62 10.26 808.2
1998 9 16 12 43681.7 0.404 172.98 0.05 17.14 8.74 790.9
1998 9 17 12 43544.2 0.306 156.17 0.05 15.71 7.56 776.4
1998 9 18 12 43406.5 0.282 196.97 0.05 19.59 12.49 849.3
1998 9 19 12 43268.9 0.407 207.70 0.05 16.31 6.76 763.5
1998 9 20 12 43131.1 0.781 176.61 0.05 16.49 8.61 769.9
1998 9 21 12 42993.5 1.749 161.17 0.05 15.52 8.33 733.8
1998 9 22 12 42855.8 0.222 191.69 0.05 18.80 10.89 788.8
1998 9 23 12 42718.3 4.121 160.13 0.05 18.01 10.30 800.4
1998 9 24 12 42580.9 1.015 148.10 0.05 16.40 9.19 777.1
1998 9 25 12 42443.7 1.140 154.41 0.05 17.19 8.42 767.0
1998 9 26 12 42306.7 0.192 203.02 0.05 15.27 7.30 793.5
1998 9 27 12 42170.0 0.846 188.12 0.05 16.84 7.80 759.3
1998 9 28 12 42033.6 0.409 181.30 0.05 15.09 7.62 777.6
1998 9 29 12 41897.5 0.842 160.50 0.05 15.27 8.47 782.8
1998 9 30 12 41761.9 0.867 144.93 0.05 13.75 6.19 744.2
1998 10 1 12 41626.6 3.608 155.74 0.05 11.60 2.73 625.3
1998 10 2 12 41491.8 2.336 165.74 0.05 13.26 7.21 755.1
1998 10 3 12 41357.6 2.986 185.73 0.05 14.14 6.92 782.1
1998 10 4 12 41223.8 0.779 157.83 0.05 12.85 4.14 663.9
1998 10 5 12 41090.7 0.325 160.38 0.05 17.44 9.50 772.6
1998 10 6 12 40958.2 2.330 140.87 0.05 14.87 6.42 714.5
1998 10 7 12 40826.3 0.545 137.87 0.05 13.84 5.79 740.6
1998 10 8 12 40695.1 0.121 129.52 0.05 13.26 5.87 693.6
1998 10 9 12 40564.7 1.489 113.68 0.05 13.34 4.95 685.1
1998 10 10 12 40435.1 2.947 157.00 0.05 14.42 5.42 691.2
1998 10 11 12 40306.3 2.867 189.64 0.05 12.53 3.39 639.8
1998 10 12 12 40178.3 1.207 170.11 0.05 11.42 3.32 625.3
1998 10 13 12 40051.3 1.323 156.46 0.05 11.42 4.00 677.5
1998 10 14 12 39925.2 2.454 160.82 0.05 10.13 0.72 641.2
1998 10 15 12 39800.0 0.137 147.85 0.05 10.38 2.23 599.6
1998 10 16 12 39675.8 3.020 153.50 0.05 12.71 4.64 697.8
1998 10 17 12 39552.7 0.681 156.16 0.05 12.41 3.77 737.3
1998 10 18 12 39430.7 0.880 143.04 0.05 12.31 3.19 647.4
1998 10 19 12 39309.8 1.065 112.18 0.05 9.15 1.22 635.6
1998 10 20 12 39190.1 0.852 154.93 0.05 12.20 4.38 698.7
1998 10 21 12 39071.5 1.933 127.25 0.05 9.85 1.72 606.8
1998 10 22 12 38954.2 5.747 125.69 0.05 9.67 1.58 633.9
1998 10 23 12 38838.1 0.590 132.10 0.05 8.62 0.26 562.6
1998 10 24 12 38723.3 2.550 135.90 0.05 7.75 -0.48 588.8
1998 10 25 12 38609.8 1.164 147.65 0.05 8.13 1.52 688.9
1998 10 26 12 38497.7 0.092 152.87 0.05 8.08 0.18 670.8
1998 10 27 12 38387.0 1.407 137.66 0.05 8.50 1.05 576.8
1998 10 28 12 38277.7 1.500 143.59 0.05 10.35 1.56 593.7
1998 10 29 12 38169.9 0.560 130.34 0.05 10.08 1.29 654.1
1998 10 30 12 38063.6 0.117 113.58 0.05 9.84 1.86 635.8
1998 10 31 12 37958.7 0.598 149.77 0.05 7.65 -0.99 601.3
1998 11 1 12 37855.5 1.421 108.57 0.05 7.40 -1.46 580.4
1998 11 2 12 37753.8 2.135 106.83 0.05 9.53 0.80 595.2
1998 11 3 12 37653.8 0.702 123.39 0.05 5.52 -2.99 583.3
1998 11 4 12 37555.3 4.228 121.24 0.05 4.48 -1.83 515.8
1998 11 5 12 37458.6 0.339 124.52 0.05 5.49 -1.05 570.2
1998 11 6 12 37363.5 0.959 147.51 0.05 7.62 0.50 604.6
1998 11 7 12 37270.2 1.113 116.85 0.05 6.91 -0.23 566.5
1998 11 8 12 37178.7 0.596 104.86 0.05 4.90 -2.52 536.9
1998 11 9 12 37088.9 0.114 125.30 0.05 6.83 -2.40 558.5
1998 11 10 12 37000.9 0.223 144.31 0.05 7.36 -0.08 604.9
1998 11 11 12 36914.8 3.853 131.27 0.05 10.07 0.66 637.0
1998 11 12 12 36830.5 0.030 118.25 0.05 8.02 1.18 683.0
1998 11 13 12 36748.2 0.686 113.80 0.05 6.26 -1.41 576.4
1998 11 14 12 36667.7 2.596 128.55 0.05 7.02 -1.70 560.9
1998 11 15 12 36589.2 0.348 94.53 0.05 9.29 1.54 626.3
1998 11 16 12 36512.6 0.378 106.38 0.05 3.99 -4.90 461.1
1998 11 17 12 36438.0 0.108 97.92 0.05 3.00 -5.21 515.1
1998 11 18 12 36365.4 0.090 137.09 0.05 6.65 -1.49 554.5
1998 11 19 12 36294.9 0.043 143.59 0.05 4.46 -3.88 568.1
1998 11 20 12 36226.3 0.376 131.78 0.05 2.98 -3.66 504.8
1998 11 21 12 36159.9 1.271 106.07 0.05 4.23 -3.35 538.2
1998 11 22 12 36095.5 1.238 84.81 0.05 2.92 -4.69 540.9
1998 11 23 12 36033.3 0.930 110.86 0.05 2.39 -6.08 483.1
1998 11 24 12 35973.2 0.533 98.15 0.05 4.87 -3.41 544.6
1998 11 25 12 35915.2 2.290 106.91 0.05 2.82 -4.46 533.1
1998 11 26 12 35859.3 1.351 108.57 0.05 1.29 -7.21 436.8
1998 11 27 12 35805.7 0.228 127.21 0.05 3.43 -5.06 558.0
1998 11 28 12 35754.2 0.464 107.42 0.05 2.63 -5.35 441.0
1998 11 29 12 35704.9 0.405 110.56 0.05 3.67 -4.19 512.3
1998 11 30 12 35657.9 1.808 125.51 0.05 2.55 -5.77 480.5
1998 12 1 12 35613.1 0.649 109.15 0.05 1.89 -6.49 501.2
1998 12 2 12 35570.6 1.804 95.61 0.05 4.47 -4.67 498.9
1998 12 3 12 35530.3 0.879 86.35 0.05 0.74 -6.74 424.6
1998 12 4 12 35492.2 0.858 109.52 0.05 3.95 -4.67 508.0
1998 12 5 12 35456.5 0.623 114.46 0.05 2.21 -5.91 495.3
1998 12 6 12 35423.1 0.935 108.60 0.05 3.49 -6.58 447.6
1998 12 7 12 35391.9 0.855 109.12 0.05 1.90 -5.62 461.8
1998 12 8 12 35363.1 0.097 129.43 0.05 2.21 -5.01 496.9
1998 12 9 12 35336.6 1.814 104.70 0.05 2.14 -5.36 455.0
1998 12 10 12 35312.4 1.093 99.30 0.05 3.59 -3.88 534.1
1998 12 11 12 35290.6 0.194 120.62 0.05 1.85 -6.43 463.3
1998 12 12 12 35271.1 2.708 101.24 0.05 -0.68 -7.28 438.7
1998 12 13 12 35253.9 0.553 97.86 0.05 1.42 -6.84 496.7
1998 12 14 12 35239.2 0.572 112.74 0.05 2.60 -4.30 537.3
1998 12 15 12 35226.7 1.314 87.84 0.05 2.60 -5.87 448.0
1998 12 16 12 35216.7 6.186 75.67 0.05 0.17 -6.44 462.5
1998 12 17 12 35209.0 0.890 113.37 0.05 -0.26 -8.29 427.3
1998 12 18 12 35203.6 0.194 128.52 0.05 -1.21 -10.01 428.9
1998 12 19 12 35200.7 0.847 130.28 0.05 1.71 -8.08 439.0
1998 12 20 12 35200.1 1.250 90.41 0.05 1.47 -7.00 464.4
1998 12 21 12 35201.9 0.576 98.06 0.05 2.44 -4.87 501.4
1998 12 22 12 35206.0 0.379 72.21 0.05 -0.82 -9.53 426.2
1998 12 23 12 35212.5 1.595 97.33 0.05 0.33 -9.00 371.8
1998 12 24 12 35221.4 0.303 145.89 0.05 -0.32 -8.55 465.6
1998 12 25 12 35232.6 3.941 92.23 0.05 -0.96 -7.71 451.4
1998 12 26 12 35246.3 2.086 130.35 0.05 -0.32 -7.07 421.2
1998 12 27 12 35262.2 0.340 79.99 0.05 -2.05 -12.75 302.1
1998 12 28 12 35280.5 2.262 104.33 0.05 0.70 -6.92 464.5
1998 12 29 12 35301.2 1.501 103.44 0.05 0.99 -6.71 458.6
1998 12 30 12 35324.2 0.184 116.77 0.05 0.48 -8.75 416.3
1998 12 31 12 35349.5 2.378 95.37 0.05 -0.62 -8.72 429.5
1999 1 1 12 35377.2 0.448 73.50 0.05 0.63 -6.00 503.3
1999 1 2 12 35407.2 0.897 125.39 0.05 -1.32 -9.11 396.1
1999 1 3 12 35439.5 1.199 88.41 0.05 -2.88 -9.93 339.0
1999 1 4 12 35474.1 0.398 87.66 0.05 -1.31 -10.43 392.6
1999 1 5 12 35511.0 0.956 94.13 0.05 -1.79 -9.15 417.9
1999 1 6 12 35550.1 1.184 85.60 0.05 2.65 -5.50 494.4
1999 1 7 12 35591.5 0.026 89.27 0.05 0.19 -8.17 418.9
1999 1 8 12 35635.2 1.515 103.04 0.05 -1.00 -9.73 407.7
1999 1 9 12 35681.2 5.403 119.08 0.05 0.68 -7.88 482.1
1999 1 10 12 35729.3 3.388 101.53 0.05 -0.10 -8.15 421.9
1999 1 11 12 35779.7 3.114 86.91 0.05 -0.98 -9.50 394.6
1999 1 12 12 35832.2 0.249 83.86 0.05 -1.36 -8.73 428.6
1999 1 13 12 35887.0 1.256 122.73 0.05 -2.40 -12.17 387.6
1999 1 14 12 35943.9 0.288 93.16 0.05 -0.62 -7.94 416.7
1999 1 15 12 36003.0 0.183 115.76 0.05 0.19 -9.27 421.3
1999 1 16 12 36064.1 0.228 103.07 0.05 -3.19 -11.96 326.6
1999 1 17 12 36127.5 2.327 116.40 0.05 -0.50 -7.86 478.4
1999 1 18 12 36192.9 2.968 120.36 0.05 -0.60 -7.93 407.5
1999 1 19 12 36260.3 1.606 116.14 0.05 -2.41 -10.16 368.7
1999 1 20 12 36329.9 2.699 103.33 0.05 -1.22 -8.53 408.1
1999 1 21 12 36401.5 0.201 112.42 0.05 -3.41 -11.26 370.4
1999 1 22 12 36475.1 0.422 106.63 0.05 -0.90 -9.13 372.5
1999 1 23 12 36550.6 1.922 130.49 0.05 -0.49 -8.86 460.0
1999 1 24 12 36628.2 2.611 122.23 0.05 -0.12 -8.30 430.7
1999 1 25 12 36707.7 1.945 90.75 0.05 -0.54 -8.57 415.7
1999 1 26 12 36789.1 0.116 129.12 0.05 0.47 -7.82 446.9
1999 1 27 12 36872.4 3.701 122.36 0.05 -2.12 -10.87 401.2
1999 1 28 12 36957.6 0.472 84.30 0.05 -0.01 -9.33 390.9
1999 1 29 12 37044.7 0.206 107.44 0.05 -1.57 -10.40 429.0
1999 1 30 12 37133.6 2.166 135.99 0.05 -2.22 -9.49 406.9
1999 1 31 12 37224.2 5.332 123.90 0.05 -1.77 -10.04 370.2
1999 2 1 12 37316.7 3.134 140.71 0.05 -2.62 -11.13 330.3
1999 2 2 12 37410.8 1.583 130.72 0.05 -0.38 -7.71 427.3
1999 2 3 12 37506.7 0.592 128.08 0.05 -2.51 -10.66 337.3
1999 2 4 12 37604.3 4.713 132.69 0.05 0.53 -7.21 412.9
1999 2 5 12 37703.6 0.049 119.32 0.05 -0.14 -8.52 400.6
1999 2 6 12 37804.5 3.782 141.75 0.05 0.06 -8.27 477.3
1999 2 7 12 37906.9 1.482 129.01 0.05 -0.93 -9.91 440.9
1999 2 8 12 38011.0 0.411 131.65 0.05 -3.65 -11.75 367.4
1999 2 9 12 38116.5 2.514 149.68 0.05 -0.95 -9.65 387.1
1999 2 10 12 38223.6 1.018 143.87 0.05 -0.25 -9.06 443.2
1999 2 11 12 38332.2 0.762 138.37 0.05 -0.96 -8.93 430.5
1999 2 12 12 38442.2 0.655 122.75 0.05 1.02 -6.99 470.2
1999 2 13 12 38553.6 3.124 127.23 0.05 -0.61 -9.31 421.0
1999 2 14 12 38666.4 0.570 134.86 0.05 0.83 -7.49 480.4
1999 2 15 12 38780.5 9.113 110.01 0.05 -1.05 -9.23 399.5
1999 2 16 12 38896.0 3.074 147.10 0.05 1.54 -5.61 491.8
1999 2 17 12 39012.7 1.232 132.56 0.05 2.09 -7.25 468.5
1999 2 18 12 39130.6 0.847 144.40 0.05 -0.64 -7.74 417.4
1999 2 19 12 39249.8 1.833 131.16 0.05 1.89 -5.40 535.9
1999 2 20 12 39370.1 3.128 164.92 0.05 0.95 -7.12 434.0
1999 2 21 12 39491.6 1.969 122.79 0.05 -0.78 -8.50 423.3
1999 2 22 12 39614.2 4.980 106.32 0.05 1.03 -6.64 471.0
1999 2 23 12 39737.8 1.991 160.72 0.05 1.59 -7.61 443.6
1999 2 24 12 39862.5 4.221 123.30 0.05 -1.55 -9.43 377.9
1999 2 25 12 39988.1 3.775 133.10 0.05 0.10 -8.31 445.1
1999 2 26 12 40114.7 1.285 118.99 0.05 1.67 -7.91 405.9
1999 2 27 12 40242.2 1.935 166.94 0.05 -0.51 -9.22 434.2
1999 2 28 12 40370.6 4.314 163.63 0.05 -0.87 -8.08 492.2
1999 3 1 12 40499.8 0.198 166.68 0.05 3.21 -5.03 516.8
1999 3 2 12 40629.8 3.255 172.76 0.05 4.80 -2.55 536.5
1999 3 3 12 40760.6 2.552 167.57 0.05 2.92 -4.95 546.0
1999 3 4 12 40892.1 0.106 151.46 0.05 1.85 -7.31 418.4
1999 3 5 12 41024.3 0.089 161.00 0.05 1.45 -6.01 463.3
1999 3 6 12 41157.2 1.410 171.64 0.05 3.73 -3.69 554.1
1999 3 7 12 41290.6 1.436 166.92 0.05 1.79 -6.69 473.6
1999 3 8 12 41424.6 1.768 151.38 0.05 4.77 -4.50 528.6
1999 3 9 12 41559.2 2.713 164.33 0.05 3.42 -4.80 479.9
1999 3 10 12 41694.2 0.121 167.07 0.05 4.10 -4.47 471.6
1999 3 11 12 41829.7 3.358 180.34 0.05 4.07 -4.10 511.1
1999 3 12 12 41965.5 5.406 171.41 0.05 2.29 -4.80 491.8
1999 3 13 12 42101.8 2.235 173.03 0.05 5.28 -1.95 565.8
1999 3 14 12 42238.3 2.252 159.03 0.05 4.46 -2.96 567.8
1999 3 15 12 42375.2 2.477 178.11 0.05 1.91 -5.73 465.8
1999 3 16 12 42512.3 7.130 167.34 0.05 2.33 -5.87 474.3
1999 3 17 12 42649.6 2.302 182.92 0.05 0.86 -6.24 486.4
1999 3 18 12 42787.0 2.029 173.70 0.05 4.17 -4.62 445.7
1999 3 19 12 42924.6 1.512 165.13 0.05 4.23 -4.38 534.9
1999 3 20 12 43062.3 0.740 175.23 0.05 6.09 -1.60 511.6
1999 3 21 12 43200.0 1.282 171.83 0.05 7.43 1.08 590.8
1999 3 22 12 43337.7 1.675 175.17 0.05 5.87 -2.34 602.0
1999 3 23 12 43475.4 3.219 181.33 0.05 2.52 -4.67 520.2
1999 3 24 12 43613.0 2.741 183.54 0.05 6.32 -2.62 571.1
1999 3 25 12 43750.4 0.467 162.68 0.05 4.83 -3.04 512.3
1999 3 26 12 43887.7 0.643 205.63 0.05 6.04 -1.53 552.6
1999 3 27 12 44024.8 1.726 180.75 0.05 8.08 0.67 602.5
1999 3 28 12 44161.7 2.984 213.57 0.05 4.99 -3.30 546.2
1999 3 29 12 44298.2 1.618 198.41 0.05 4.25 -4.32 534.7
1999 3 30 12 44434.5 8.207 175.38 0.05 6.48 -2.49 567.4
1999 3 31 12 44570.3 0.374 180.44 0.05 4.45 -3.75 529.1
1999 4 1 12 44705.8 1.358 199.89 0.05 6.79 0.06 602.9
1999 4 2 12 44840.8 0.320 181.71 0.05 7.20 -1.11 574.9
1999 4 3 12 44975.4 1.582 214.02 0.05 4.71 -1.38 559.7
1999 4 4 12 45109.4 3.668 207.66 0.05 6.52 -1.54 524.6
1999 4 5 12 45242.8 5.200 234.46 0.05 9.20 1.80 621.4
1999 4 6 12 45375.7 0.043 209.07 0.05 10.05 3.73 724.5
1999 4 7 12 45507.9 0.789 189.12 0.05 10.01 2.05 632.2
1999 4 8 12 45639.4 12.990 215.39 0.05 10.02 3.46 659.2
1999 4 9 12 45770.2 1.121 207.17 0.05 8.89 0.88 609.7
1999 4 10 12 45900.2 1.446 207.52 0.05 6.31 -1.91 546.9
1999 4 11 12 46029.4 5.797 215.81 0.05 10.09 2.13 634.0
1999 4 12 12 46157.8 2.659 196.90 0.05 8.81 -0.46 564.9
1999 4 13 12 46285.3 0.553 218.42 0.05 5.81 -2.95 544.8
1999 4 14 12 46411.9 0.715 221.20 0.05 10.04 1.13 642.5
1999 4 15 12 46537.5 1.325 218.30 0.05 9.54 1.47 600.9
1999 4 16 12 46662.2 1.551 185.62 0.05 10.06 2.46 672.3
1999 4 17 12 46785.8 3.934 217.38 0.05 8.93 0.41 618.8
1999 4 18 12 46908.4 1.397 195.83 0.05 9.10 3.03 622.9
1999 4 19 12 47029.9 4.393 198.81 0.05 10.82 1.49 656.5
1999 4 20 12 47150.2 0.335 202.70 0.05 10.36 1.32 635.2
1999 4 21 12 47269.4 1.512 217.49 0.05 10.56 3.07 631.5
1999 4 22 12 47387.3 4.109 217.68 0.05 9.70 1.34 618.5
1999 4 23 12 47504.0 5.164 246.07 0.05 9.55 -0.14 626.3
1999 4 24 12 47619.5 5.941 237.33 0.05 10.50 2.80 659.5
1999 4 25 12 47733.6 2.061 243.85 0.05 12.95 5.15 687.5
1999 4 26 12 47846.4 1.458 239.68 0.05 13.01 5.10 708.4
1999 4 27 12 47957.8 0.405 209.82 0.05 9.58 1.47 610.9
1999 4 28 12 48067.8 8.953 217.83 0.05 12.40 4.31 678.0
1999 4 29 12 48176.4 0.992 190.08 0.05 11.70 4.96 697.7
1999 4 30 12 48283.5 8.518 230.69 0.05 15.82 8.58 819.6
1999 5 1 12 48389.0 0.970 254.12 0.05 11.88 4.40 665.0
1999 5 2 12 48493.1 2.304 233.82 0.05 11.82 4.62 727.7
1999 5 3 12 48595.5 4.173 217.00 0.05 12.14 4.01 599.0
1999 5 4 12 48696.4 0.638 222.71 0.05 15.54 7.73 749.7
1999 5 5 12 48795.7 10.618 243.13 0.05 11.14 0.53 619.8
1999 5 6 12 48893.3 4.693 229.68 0.05 12.37 6.33 751.2
1999 5 7 12 48989.2 2.168 252.22 0.05 14.32 6.28 740.3
1999 5 8 12 49083.3 1.183 251.10 0.05 15.13 7.99 677.4
1999 5 9 12 49175.8 3.012 236.06 0.05 15.43 8.09 798.7
1999 5 10 12 49266.4 5.703 223.84 0.05 11.30 3.87 647.2
1999 5 11 12 49355.3 1.120 250.02 0.05 13.86 5.54 684.6
1999 5 12 12 49442.4 4.776 232.48 0.05 15.90 8.88 730.4
1999 5 13 12 49527.6 0.962 250.92 0.05 14.13 6.72 750.6
1999 5 14 12 49610.9 2.289 253.43 0.05 13.76 4.77 708.7
1999 5 15 12 49692.3 7.870 237.02 0.05 16.80 8.87 765.6
1999 5 16 12 49771.8 2.284 269.69 0.05 17.70 9.72 761.4
1999 5 17 12 49849.4 9.889 242.53 0.05 15.31 6.89 744.4
1999 5 18 12 49924.9 1.532 261.82 0.05 15.86 6.89 685.9
1999 5 19 12 49998.5 5.817 260.10 0.05 15.10 6.26 811.0
1999 5 20 12 50070.1 0.471 244.41 0.05 17.81 10.25 807.9
1999 5 21 12 50139.7 4.538 231.84 0.05 19.58 11.20 865.3
1999 5 22 12 50207.1 3.342 250.57 0.05 17.16 9.50 811.2
1999 5 23 12 50272.5 0.842 262.74 0.05 17.00 8.81 770.0
1999 5 24 12 50335.9 3.333 248.50 0.05 17.23 9.06 760.0
1999 5 25 12 50397.0 3.217 246.79 0.05 17.73 8.92 807.2
1999 5 26 12 50456.1 5.396 259.50 0.05 13.95 5.40 708.5
1999 5 27 12 50513.0 3.509 257.23 0.05 15.36 7.22 775.3
1999 5 28 12 50567.8 1.401 242.34 0.05 20.11 10.72 811.3
1999 5 29 12 50620.3 1.485 232.63 0.05 20.93 13.05 913.2
1999 5 30 12 50670.7 8.111 263.72 0.05 17.76 9.62 806.1
1999 5 31 12 50718.8 0.968 243.83 0.05 17.33 8.02 737.3
1999 6 1 12 50764.8 4.888 248.46 0.05 20.42 12.26 874.9
1999 6 2 12 50808.5 0.869 272.14 0.05 20.24 9.97 808.6
1999 6 3 12 50849.9 0.441 296.16 0.05 20.38 11.93 822.2
1999 6 4 12 50889.0 0.240 287.79 0.05 17.28 9.28 775.7
1999 6 5 12 50925.9 0.989 257.64 0.05 16.91 9.57 767.8
1999 6 6 12 50960.5 1.679 280.02 0.05 17.21 11.24 802.1
1999 6 7 12 50992.8 3.899 236.97 0.05 18.82 10.89 837.8
1999 6 8 12 51022.8 3.535 254.43 0.05 18.91 11.07 865.4
1999 6 9 12 51050.5 2.080 252.30 0.05 20.39 11.04 833.4
1999 6 10 12 51075.8 1.071 249.95 0.05 21.69 13.46 864.9
1999 6 11 12 51098.8 0.758 262.04 0.05 18.28 9.83 790.2
1999 6 12 12 51119.5 0.418 265.06 0.05 21.48 12.04 847.9
1999 6 13 12 51137.8 1.955 254.02 0.05 22.05 15.36 919.1
1999 6 14 12 51153.7 1.316 262.19 0.05 24.50 16.78 904.5
1999 6 15 12 51167.4 7.863 245.87 0.05 20.87 13.22 857.2
1999 6 16 12 51178.6 4.834 217.99 0.05 20.72 13.98 890.9
1999 6 17 12 51187.5 9.192 261.84 0.05 20.48 11.28 797.5
1999 6 18 12 51194.0 0.299 266.36 0.05 21.18 12.08 887.0
1999 6 19 12 51198.1 2.682 273.93 0.05 24.36 17.40 1028.6
1999 6 20 12 51199.9 8.005 240.76 0.05 22.38 13.51 902.6
1999 6 21 12 51199.3 5.830 238.74 0.05 21.56 14.03 853.3
1999 6 22 12 51196.4 1.693 228.56 0.05 18.84 11.00 837.1
1999 6 23 12 51191.0 1.462 265.41 0.05 22.05 15.58 930.5
1999 6 24 12 51183.3 5.249 248.62 0.05 19.97 13.09 840.2
1999 6 25 12 51173.3 1.544 249.87 0.05 23.66 16.82 917.8
1999 6 26 12 51160.8 4.753 268.50 0.05 21.30 11.88 813.2
1999 6 27 12 51146.1 7.959 280.92 0.05 19.04 11.51 818.2
1999 6 28 12 51128.9 11.938 251.52 0.05 19.82 12.59 816.0
1999 6 29 12 51109.4 9.741 271.96 0.05 20.92 12.83 840.9
1999 6 30 12 51087.6 8.031 266.25 0.05 21.90 13.34 886.4
1999 7 1 12 51063.4 3.254 281.39 0.05 21.66 13.48 844.5
1999 7 2 12 51036.9 5.003 263.94 0.05 21.50 14.12 910.8
1999 7 3 12 51008.1 1.712 247.96 0.05 24.78 15.70 882.4
1999 7 4 12 50976.9 3.553 248.14 0.05 21.47 14.82 916.9
1999 7 5 12 50943.5 0.867 280.01 0.05 21.31 11.74 851.2
1999 7 6 12 50907.8 2.715 286.31 0.05 22.42 13.80 875.4
1999 7 7 12 50869.7 2.946 243.17 0.05 21.80 12.76 846.0
1999 7 8 12 50829.4 1.907 229.01 0.05 22.74 14.69 895.9
1999 7 9 12 50786.9 1.101 261.99 0.05 21.01 12.53 874.8
1999 7 10 12 50742.1 0.288 237.19 0.05 22.77 15.74 885.9
1999 7 11 12 50695.1 3.142 236.00 0.05 19.80 11.55 831.4
1999 7 12 12 50645.8 3.482 242.04 0.05 21.23 13.40 854.9
1999 7 13 12 50594.3 3.250 245.26 0.05 21.96 13.79 878.5
1999 7 14 12 50540.7 1.262 228.79 0.05 21.90 13.57 861.5
1999 7 15 12 50484.8 2.493 264.44 0.05 22.69 14.78 920.4
1999 7 16 12 50426.8 0.698 248.64 0.05 21.20 12.07 799.4
1999 7 17 12 50366.7 1.370 258.48 0.05 22.67 13.83 869.4
1999 7 18 12 50304.5 3.058 240.88 0.05 23.28 14.31 887.4
1999 7 19 12 50240.1 2.096 252.32 0.05 22.28 14.45 861.7
1999 7 20 12 50173.7 2.455 247.91 0.05 22.88 14.91 851.3
1999 7 21 12 50105.1 0.859 256.65 0.05 22.09 14.18 910.8
1999 7 22 12 50034.6 0.469 231.31 0.05 22.53 14.48 877.7
1999 7 23 12 49962.0 3.406 260.84 0.05 22.15 14.40 861.5
1999 7 24 12 49887.4 0.969 246.00 0.05 26.74 18.32 970.3
1999 7 25 12 49810.8 0.627 235.07 0.05 22.68 14.49 871.1
1999 7 26 12 49732.3 14.560 248.13 0.05 21.06 13.29 845.3
1999 7 27 12 49651.8 1.609 261.32 0.05 22.22 13.55 865.7
1999 7 28 12 49569.5 1.787 254.87 0.05 20.67 12.99 848.4
1999 7 29 12 49485.2 3.529 256.27 0.05 19.16 12.01 878.6
1999 7 30 12 49399.1 5.250 242.84 0.05 22.67 14.76 905.9
1999 7 31 12 49311.1 0.866 228.02 0.05 24.06 17.14 917.3
1999 8 1 12 49221.3 4.299 237.49 0.05 23.24 15.07 940.4
1999 8 2 12 49129.8 10.918 239.92 0.05 22.61 15.42 899.9
1999 8 3 12 49036.5 3.314 254.12 0.05 23.72 15.00 948.8
1999 8 4 12 48941.4 4.231 225.25 0.05 21.66 13.84 848.2
1999 8 5 12 48844.7 4.760 252.95 0.05 18.58 10.96 801.4
1999 8 6 12 48746.2 0.659 250.24 0.05 22.98 15.70 868.0
1999 8 7 12 48646.2 0.084 254.20 0.05 21.65 13.99 862.1
1999 8 8 12 48544.5 2.385 245.16 0.05 22.85 16.03 1027.2
1999 8 9 12 48441.3 0.313 231.98 0.05 22.77 15.30 898.7
1999 8 10 12 48336.4 5.407 222.88 0.05 22.00 14.00 896.4
1999 8 11 12 48230.1 3.243 251.30 0.05 22.14 14.16 863.4
1999 8 12 12 48122.3 0.623 237.15 0.05 22.64 14.07 876.5
1999 8 13 12 48013.0 0.485 205.39 0.05 21.23 12.96 862.1
1999 8 14 12 47902.3 1.392 245.48 0.05 22.76 14.57 916.8
1999 8 15 12 47790.2 2.992 226.44 0.05 24.99 17.10 932.8
1999 8 16 12 47676.7 0.425 230.00 0.05 21.80 13.61 903.7
1999 8 17 12 47561.9 3.207 251.91 0.05 21.95 12.78 833.6
1999 8 18 12 47445.8 5.932 219.88 0.05 23.27 16.18 919.8
1999 8 19 12 47328.5 2.081 192.24 0.05 22.89 13.11 851.1
1999 8 20 12 47209.9 2.305 223.51 0.05 20.93 12.16 854.9
1999 8 21 12 47090.2 3.309 211.07 0.05 18.39 11.34 835.9
1999 8 22 12 46969.3 0.790 213.59 0.05 19.48 10.77 863.2
1999 8 23 12 46847.3 0.445 205.62 0.05 21.10 13.83 905.2
1999 8 24 12 46724.2 1.934 190.77 0.05 20.05 12.17 845.3
1999 8 25 12 46600.0 2.329 223.98 0.05 19.34 11.70 818.8
1999 8 26 12 46474.8 0.005 235.44 0.05 20.94 12.54 841.7
1999 8 27 12 46348.7 1.471 218.81 0.05 19.29 11.00 802.1
1999 8 28 12 46221.7 1.024 197.98 0.05 22.15 14.60 889.6
1999 8 29 12 46093.7 0.976 208.17 0.05 18.94 10.93 857.7
1999 8 30 12 45964.9 0.871 246.48 0.05 19.94 11.49 863.1
1999 8 31 12 45835.3 1.734 216.67 0.05 19.25 11.15 866.8
1999 9 1 12 45704.9 0.421 206.07 0.05 19.05 10.74 783.9
1999 9 2 12 45573.7 0.600 185.66 0.05 19.93 10.84 844.8
1999 9 3 12 45441.8 3.205 204.20 0.05 15.66 7.66 727.7
1999 9 4 12 45309.3 1.856 194.98 0.05 19.20 11.69 846.1
1999 9 5 12 45176.2 0.801 211.14 0.05 20.27 12.18 835.3
1999 9 6 12 45042.4 3.694 197.36 0.05 20.21 12.03 855.2
1999 9 7 12 44908.2 3.069 216.43 0.05 19.46 11.64 871.0
1999 9 8 12 44773.4 4.634 216.78 0.05 19.40 10.51 803.8
1999 9 9 12 44638.1 2.657 168.58 0.05 19.22 9.57 771.4
1999 9 10 12 44502.5 1.833 199.78 0.05 20.31 12.99 842.3
1999 9 11 12 44366.4 0.117 214.23 0.05 18.51 10.92 854.0
1999 9 12 12 44230.0 0.956 206.30 0.05 17.73 8.05 771.4
1999 9 13 12 44093.3 3.143 155.06 0.05 16.68 8.47 740.9
1999 9 14 12 43956.3 3.016 215.87 0.05 17.25 9.17 795.0
1999 9 15 12 43819.1 3.532 164.44 0.05 18.37 9.94 822.4
1999 9 16 12 43681.7 1.450 157.96 0.05 18.47 9.69 876.6
1999 9 17 12 43544.2 0.712 157.94 0.05 16.40 8.28 732.5
1999 9 18 12 43406.5 2.252 190.49 0.05 16.21 7.52 753.7
1999 9 19 12 43268.9 2.768 166.31 0.05 17.54 9.42 767.3
1999 9 20 12 43131.1 0.311 167.62 0.05 18.40 9.22 822.0
1999 9 21 12 42993.5 0.567 169.36 0.05 19.75 12.08 824.0
1999 9 22 12 42855.8 0.661 194.39 0.05 17.05 10.25 788.5
1999 9 23 12 42718.3 0.811 185.78 0.05 15.23 7.18 754.8
1999 9 24 12 42580.9 1.445 153.99 0.05 14.44 6.94 725.5
1999 9 25 12 42443.7 0.386 160.85 0.05 18.13 9.86 837.9
1999 9 26 12 42306.7 0.297 147.30 0.05 16.03 9.19 845.5
1999 9 27 12 42170.0 0.975 158.89 0.05 14.83 6.22 690.4
1999 9 28 12 42033.6 1.881 174.62 0.05 14.29 4.94 722.6
1999 9 29 12 41897.5 0.271 162.42 0.05 17.17 7.94 793.0
1999 9 30 12 41761.9 6.553 148.25 0.05 14.29 5.50 693.5
1999 10 1 12 41626.6 3.735 177.50 0.05 16.35 8.40 789.2
1999 10 2 12 41491.8 1.275 163.47 0.05 15.48 7.16 780.1
1999 10 3 12 41357.6 3.928 147.23 0.05 13.70 7.22 722.9
1999 10 4 12 41223.8 0.780 182.86 0.05 16.54 8.66 752.1
1999 10 5 12 41090.7 1.902 163.83 0.05 13.71 5.72 707.5
1999 10 6 12 40958.2 0.680 156.65 0.05 12.85 4.88 697.1
1999 10 7 12 40826.3 1.845 162.56 0.05 15.46 8.42 753.4
1999 10 8 12 40695.1 0.432 133.01 0.05 14.35 4.92 758.2
1999 10 9 12 40564.7 1.928 131.16 0.05 12.28 4.70 700.8
1999 10 10 12 40435.1 1.766 140.91 0.05 13.99 5.17 687.0
1999 10 11 12 40306.3 3.327 164.00 0.05 14.18 6.36 746.6
1999 10 12 12 40178.3 1.590 140.19 0.05 13.32 4.97 682.5
1999 10 13 12 40051.3 1.070 142.60 0.05 11.31 3.31 642.4
1999 10 14 12 39925.2 0.589 177.07 0.05 12.38 4.69 704.5
1999 10 15 12 39800.0 0.247 121.57 0.05 10.11 2.74 610.1
1999 10 16 12 39675.8 0.286 158.03 0.05 10.94 3.26 659.1
1999 10 17 12 39552.7 1.048 125.90 0.05 10.79 2.83 625.4
1999 10 18 12 39430.7 0.619 156.39 0.05 12.30 4.62 706.1
1999 10 19 12 39309.8 0.684 129.70 0.05 12.27 4.15 677.7
1999 10 20 12 39190.1 0.111 137.66 0.05 8.63 0.99 614.7
1999 10 21 12 39071.5 0.392 125.08 0.05 11.11 3.97 637.5
1999 10 22 12 38954.2 0.983 116.56 0.05 10.17 3.54 704.4
1999 10 23 12 38838.1 0.962 119.63 0.05 10.60 3.46 660.5
1999 10 24 12 38723.3 0.416 132.69 0.05 12.16 5.24 695.7
1999 10 25 12 38609.8 0.598 125.94 0.05 9.02 0.26 553.9
1999 10 26 12 38497.7 0.221 114.95 0.05 9.02 1.68 671.2
1999 10 27 12 38387.0 0.545 137.77 0.05 10.29 2.40 639.0
1999 10 28 12 38277.7 0.159 101.72 0.05 9.15 0.42 598.6
1999 10 29 12 38169.9 1.876 131.75 0.05 6.54 -2.05 605.9
1999 10 30 12 38063.6 0.098 120.57 0.05 11.23 4.03 655.3
1999 10 31 12 37958.7 0.091 135.42 0.05 8.82 1.52 632.4
1999 11 1 12 37855.5 1.010 147.42 0.05 9.68 0.71 642.5
1999 11 2 12 37753.8 1.554 116.32 0.05 7.38 -0.80 588.7
1999 11 3 12 37653.8 2.172 119.05 0.05 5.75 -3.37 532.1
1999 11 4 12 37555.3 0.687 131.62 0.05 7.49 -0.89 595.1
1999 11 5 12 37458.6 0.492 123.15 0.05 7.78 -0.85 595.8
1999 11 6 12 37363.5 0.963 132.84 0.05 9.01 0.91 612.2
1999 11 7 12 37270.2 0.301 108.43 0.05 6.36 -1.09 595.9
1999 11 8 12 37178.7 1.009 127.75 0.05 8.34 -0.37 622.6
1999 11 9 12 37088.9 1.442 120.93 0.05 4.66 -4.23 507.9
1999 11 10 12 37000.9 1.234 122.78 0.05 5.92 -2.15 579.3
1999 11 11 12 36914.8 0.531 110.09 0.05 6.61 -1.48 635.7
1999 11 12 12 36830.5 0.017 110.96 0.05 4.43 -4.64 532.5
1999 11 13 12 36748.2 0.694 100.46 0.05 8.24 0.60 610.5
1999 11 14 12 36667.7 0.449 122.60 0.05 5.36 -3.44 502.9
1999 11 15 12 36589.2 0.790 114.31 0.05 4.41 -2.58 534.2
1999 11 16 12 36512.6 0.838 113.56 0.05 3.79 -3.69 502.5
1999 11 17 12 36438.0 0.798 98.24 0.05 3.33 -3.75 513.9
1999 11 18 12 36365.4 0.776 118.95 0.05 6.05 -2.22 595.0
1999 11 19 12 36294.9 0.079 93.12 0.05 3.59 -3.26 572.4
1999 11 20 12 36226.3 1.939 119.40 0.05 5.13 -2.54 606.1
1999 11 21 12 36159.9 0.102 85.31 0.05 3.80 -3.52 506.9
1999 11 22 12 36095.5 0.432 137.23 0.05 5.64 -1.59 563.4
1999 11 23 12 36033.3 1.438 150.12 0.05 4.63 -2.81 492.6
1999 11 24 12 35973.2 1.853 120.96 0.05 4.96 -4.04 549.0
1999 11 25 12 35915.2 1.064 106.22 0.05 7.54 -0.79 639.2
1999 11 26 12 35859.3 0.671 94.57 0.05 2.92 -4.98 470.0
1999 11 27 12 35805.7 0.500 92.37 0.05 3.64 -5.05 561.5
1999 11 28 12 35754.2 0.994 101.72 0.05 3.53 -4.18 525.5
1999 11 29 12 35704.9 0.353 114.93 0.05 3.69 -5.02 525.1
1999 11 30 12 35657.9 0.847 103.96 0.05 2.31 -5.27 460.5
1999 12 1 12 35613.1 1.010 150.99 0.05 3.79 -3.37 552.4
1999 12 2 12 35570.6 0.027 97.45 0.05 5.83 -0.57 626.3
1999 12 3 12 35530.3 2.359 97.98 0.05 2.37 -5.85 462.5
1999 12 4 12 35492.2 0.241 100.72 0.05 2.33 -5.52 503.5
1999 12 5 12 35456.5 2.346 106.66 0.05 0.74 -7.54 458.9
1999 12 6 12 35423.1 0.301 91.38 0.05 -0.39 -7.83 445.7
1999 12 7 12 35391.9 0.518 114.71 0.05 0.44 -7.64 490.3
1999 12 8 12 35363.1 1.874 76.58 0.05 -0.20 -8.55 430.2
1999 12 9 12 35336.6 0.239 122.05 0.05 -0.18 -6.63 492.3
1999 12 10 12 35312.4 0.007 103.88 0.05 0.51 -6.85 497.0
1999 12 11 12 35290.6 4.487 94.08 0.05 -0.13 -9.25 361.0
1999 12 12 12 35271.1 0.564 119.78 0.05 -0.08 -8.50 429.0
1999 12 13 12 35253.9 1.431 107.07 0.05 -0.40 -8.26 419.3
1999 12 14 12 35239.2 1.020 87.74 0.05 -0.53 -8.33 422.5
1999 12 15 12 35226.7 1.757 91.22 0.05 4.35 -5.08 478.1
1999 12 16 12 35216.7 1.119 91.49 0.05 -0.50 -8.74 411.3
1999 12 17 12 35209.0 0.057 107.74 0.05 -0.22 -7.03 405.2
1999 12 18 12 35203.6 0.769 108.30 0.05 1.10 -6.26 456.6
1999 12 19 12 35200.7 1.909 94.20 0.05 -1.54 -8.97 386.4
1999 12 20 12 35200.1 0.584 102.11 0.05 -2.15 -11.89 339.0
1999 12 21 12 35201.9 1.090 148.03 0.05 -1.51 -11.10 399.4
1999 12 22 12 35206.0 0.534 84.19 0.05 -0.13 -8.32 473.3
1999 12 23 12 35212.5 0.605 96.33 0.05 0.16 -8.61 441.4
1999 12 24 12 35221.4 0.245 108.99 0.05 0.87 -7.59 463.1
1999 12 25 12 35232.6 0.713 120.41 0.05 0.46 -8.07 414.5
1999 12 26 12 35246.3 1.308 99.16 0.05 2.21 -5.77 461.7
1999 12 27 12 35262.2 0.727 73.58 0.05 -0.25 -8.72 424.5
1999 12 28 12 35280.5 0.723 123.24 0.05 -0.37 -7.23 454.3
1999 12 29 12 35301.2 0.383 118.85 0.05 -1.86 -11.91 380.1
1999 12 30 12 35324.2 0.319 97.78 0.05 -0.57 -8.27 448.1
1999 12 31 12 35349.5 1.739 108.31 0.05 -1.77 -10.02 412.3
2000 1 1 12 35377.2 1.746 127.63 0.05 -2.51 -10.31 449.4
2000 1 2 12 35407.2 1.582 103.63 0.05 1.97 -5.80 484.5
2000 1 3 12 35439.5 2.514 108.26 0.05 -2.70 -11.41 391.6
2000 1 4 12 35474.1 0.038 106.95 0.05 1.88 -6.29 520.8
2000 1 5 12 35511.0 0.815 91.18 0.05 0.83 -6.80 472.7
2000 1 6 12 35550.1 0.684 98.14 0.05 -1.09 -9.69 402.1
2000 1 7 12 35591.5 0.633 120.95 0.05 -3.06 -10.65 352.3
2000 1 8 12 35635.2 0.450 95.48 0.05 -1.29 -8.63 390.8
2000 1 9 12 35681.2 1.066 119.60 0.05 -2.56 -11.78 388.4
2000 1 10 12 35729.3 0.311 103.03 0.05 1.31 -7.53 456.7
2000 1 11 12 35779.7 0.509 100.72 0.05 -0.19 -10.18 420.2
2000 1 12 12 35832.2 2.630 133.59 0.05 0.36 -6.66 461.7
2000 1 13 12 35887.0 1.014 107.45 0.05 -1.60 -10.28 374.6
2000 1 14 12 35943.9 0.021 86.77 0.05 -1.31 -7.90 410.7
2000 1 15 12 36003.0 4.469 109.92 0.05 -0.34 -8.67 432.9
2000 1 16 12 36064.1 5.692 79.56 0.05 -1.79 -8.23 420.5
2000 1 17 12 36127.5 1.665 125.66 0.05 1.03 -7.19 440.1
2000 1 18 12 36192.9 0.695 85.44 0.05 -2.10 -11.15 437.3
2000 1 19 12 36260.3 1.346 99.54 0.05 0.80 -7.25 492.0
2000 1 20 12 36329.9 1.323 138.45 0.05 -2.61 -11.07 363.5
2000 1 21 12 36401.5 6.658 108.51 0.05 -2.06 -10.37 423.7
2000 1 22 12 36475.1 3.236 124.37 0.05 -1.65 -8.89 408.7
2000 1 23 12 36550.6 1.259 108.56 0.05 -1.82 -9.30 437.5
2000 1 24 12 36628.2 3.283 121.63 0.05 -2.35 -10.22 419.3
2000 1 25 12 36707.7 0.182 102.00 0.05 -4.28 -12.62 279.7
2000 1 26 12 36789.1 0.146 112.62 0.05 -0.95 -9.30 409.5
2000 1 27 12 36872.4 2.817 96.12 0.05 -2.24 -9.83 410.8
2000 1 28 12 36957.6 2.125 120.92 0.05 -1.75 -8.45 414.0
2000 1 29 12 37044.7 0.486 130.69 0.05 -0.12 -7.32 440.7
2000 1 30 12 37133.6 4.436 120.71 0.05 -2.15 -11.35 366.6
2000 1 31 12 37224.2 2.543 124.27 0.05 -1.10 -8.42 425.4
2000 2 1 12 37316.7 0.227 104.91 0.05 -2.07 -10.56 358.5
2000 2 2 12 37410.8 0.829 137.73 0.05 1.61 -6.58 463.0
2000 2 3 12 37506.7 0.003 136.40 0.05 0.41 -6.89 432.0
2000 2 4 12 37604.3 4.127 133.90 0.05 -0.85 -8.85 431.5
2000 2 5 12 37703.6 1.903 106.43 0.05 -0.65 -8.01 400.3
2000 2 6 12 37804.5 1.241 141.22 0.05 -3.23 -11.51 332.1
2000 2 7 12 37906.9 0.552 134.48 0.05 -1.59 -10.99 428.9
2000 2 8 12 38011.0 2.189 123.13 0.05 1.73 -6.83 502.0
2000 2 9 12 38116.5 0.190 130.13 0.05 -1.35 -10.87 422.8
2000 2 10 12 38223.6 2.559 120.79 0.05 -0.61 -8.36 447.5
2000 2 11 12 38332.2 5.546 131.83 0.05 -2.85 -11.28 397.2
2000 2 12 12 38442.2 2.016 139.35 0.05 0.49 -7.85 519.7
2000 2 13 12 38553.6 0.586 135.96 0.05 -0.35 -8.65 370.4
2000 2 14 12 38666.4 1.219 165.73 0.05 -1.71 -9.08 432.2
2000 2 15 12 38780.5 0.019 132.92 0.05 -2.01 -9.71 449.6
2000 2 16 12 38896.0 1.437 135.89 0.05 3.19 -7.42 418.3
2000 2 17 12 39012.7 1.513 118.64 0.05 -0.53 -10.49 377.8
2000 2 18 12 39130.6 3.089 140.89 0.05 -0.72 -7.97 412.3
2000 2 19 12 39249.8 2.453 134.68 0.05 1.53 -6.33 439.6
2000 2 20 12 39370.1 1.439 129.39 0.05 -2.57 -10.82 332.5
2000 2 21 12 39491.6 1.270 156.09 0.05 2.91 -5.14 507.3
2000 2 22 12 39614.2 3.718 158.06 0.05 -0.00 -7.97 471.8
2000 2 23 12 39737.8 6.954 148.67 0.05 0.42 -7.63 459.1
2000 2 24 12 39862.5 2.253 142.71 0.05 -0.31 -7.82 435.0
2000 2 25 12 39988.1 10.199 156.64 0.05 1.11 -7.83 443.3
2000 2 26 12 40114.7 7.478 169.12 0.05 0.14 -8.21 432.2
2000 2 27 12 40242.2 0.732 167.44 0.05 1.07 -7.07 502.3
2000 2 28 12 40370.6 0.152 150.91 0.05 -0.12 -8.06 425.4
2000 2 29 12 40499.8 0.982 164.87 0.05 1.76 -6.48 493.7
2000 3 1 12 40629.8 1.531 163.96 0.05 1.08 -7.14 563.4
2000 3 2 12 40760.6 0.379 181.50 0.05 2.05 -5.62 493.1
2000 3 3 12 40892.1 0.967 184.98 0.05 1.46 -5.80 436.0
2000 3 4 12 41024.3 6.014 153.94 0.05 4.55 -3.34 605.6
2000 3 5 12 41157.2 4.199 171.44 0.05 2.01 -7.09 424.8
2000 3 6 12 41290.6 2.334 146.00 0.05 3.44 -5.00 533.2
2000 3 7 12 41424.6 1.005 166.71 0.05 2.44 -6.95 486.6
2000 3 8 12 41559.2 4.457 167.90 0.05 3.95 -3.65 516.0
2000 3 9 12 41694.2 2.990 165.11 0.05 2.01 -6.27 445.4
2000 3 10 12 41829.7 4.691 177.59 0.05 2.51 -4.76 551.0
2000 3 11 12 41965.5 0.208 168.58 0.05 3.24 -4.59 501.3
2000 3 12 12 42101.8 1.158 167.10 0.05 0.23 -7.49 410.2
2000 3 13 12 42238.3 8.716 153.01 0.05 4.05 -5.07 527.2
2000 3 14 12 42375.2 2.259 161.08 0.05 2.56 -6.28 489.3
2000 3 15 12 42512.3 5.047 184.82 0.05 3.30 -5.00 447.5
2000 3 16 12 42649.6 1.425 164.64 0.05 5.34 -3.14 564.3
2000 3 17 12 42787.0 1.734 181.78 0.05 4.21 -4.12 526.0
2000 3 18 12 42924.6 1.912 182.41 0.05 3.63 -5.26 519.2
2000 3 19 12 43062.3 2.738 163.04 0.05 4.93 -2.72 619.0
2000 3 20 12 43200.0 5.730 199.58 0.05 3.84 -4.39 482.4
2000 3 21 12 43337.7 0.468 188.35 0.05 4.91 -2.38 560.1
2000 3 22 12 43475.4 1.982 183.28 0.05 3.71 -5.52 488.3
2000 3 23 12 43613.0 4.736 184.15 0.05 6.73 -0.18 620.0
2000 3 24 12 43750.4 0.199 161.25 0.05 3.70 -4.48 492.3
2000 3 25 12 43887.7 0.456 161.51 0.05 6.34 -2.42 563.7
2000 3 26 12 44024.8 2.515 205.77 0.05 2.95 -5.34 535.6
2000 3 27 12 44161.7 2.860 179.49 0.05 5.97 -2.79 602.6
2000 3 28 12 44298.2 8.578 180.58 0.05 6.85 -1.45 586.2
2000 3 29 12 44434.5 0.262 166.23 0.05 5.00 -2.24 519.7
2000 3 30 12 44570.3 0.704 205.03 0.05 7.33 -1.01 613.4
2000 3 31 12 44705.8 9.045 196.52 0.05 6.85 -1.14 528.3
2000 4 1 12 44840.8 3.558 199.98 0.05 6.46 -1.94 502.1
2000 4 2 12 44975.4 1.716 203.16 0.05 7.46 -0.80 561.7
2000 4 3 12 45109.4 2.415 205.51 0.05 9.40 1.00 591.1
2000 4 4 12 45242.8 4.725 198.98 0.05 8.04 -1.05 586.2
2000 4 5 12 45375.7 1.828 199.52 0.05 6.13 -0.51 621.1
2000 4 6 12 45507.9 4.600 197.48 0.05 6.67 -1.15 591.5
2000 4 7 12 45639.4 8.326 180.76 0.05 6.94 0.28 551.6
2000 4 8 12 45770.2 10.959 185.26 0.05 7.78 0.21 560.1
2000 4 9 12 45900.2 14.827 233.57 0.05 9.27 -0.23 590.4
2000 4 10 12 46029.4 3.828 232.07 0.05 9.82 2.03 639.3
2000 4 11 12 46157.8 1.963 174.83 0.05 9.76 1.66 658.8
2000 4 12 12 46285.3 3.849 217.37 0.05 4.51 -3.77 548.8
2000 4 13 12 46411.9 2.097 194.05 0.05 10.03 1.69 649.4
2000 4 14 12 46537.5 1.117 247.86 0.05 9.10 2.06 613.2
2000 4 15 12 46662.2 3.904 198.15 0.05 10.81 1.83 552.1
2000 4 16 12 46785.8 2.198 223.37 0.05 11.79 3.49 632.7
2000 4 17 12 46908.4 0.355 217.49 0.05 8.02 0.31 644.9
2000 4 18 12 47029.9 1.389 227.35 0.05 10.22 1.62 710.4
2000 4 19 12 47150.2 3.306 235.45 0.05 11.88 3.95 624.4
2000 4 20 12 47269.4 1.677 205.13 0.05 11.47 4.26 642.9
2000 4 21 12 47387.3 2.706 244.47 0.05 12.78 5.19 751.5
2000 4 22 12 47504.0 0.520 212.61 0.05 13.07 3.44 670.9
2000 4 23 12 47619.5 0.808 198.23 0.05 11.13 2.44 675.8
2000 4 24 12 47733.6 3.736 218.18 0.05 10.58 1.79 598.6
2000 4 25 12 47846.4 1.061 224.16 0.05 10.73 3.16 661.3
2000 4 26 12 47957.8 1.736 245.38 0.05 13.52 5.04 756.2
2000 4 27 12 48067.8 3.760 238.09 0.05 13.37 5.32 701.8
2000 4 28 12 48176.4 3.896 237.77 0.05 13.01 4.48 688.0
2000 4 29 12 48283.5 0.602 220.16 0.05 12.75 4.55 714.5
2000 4 30 12 48389.0 7.707 249.32 0.05 13.74 7.09 788.8
2000 5 1 12 48493.1 4.463 239.67 0.05 13.38 7.15 759.5
2000 5 2 12 48595.5 9.474 241.83 0.05 12.79 4.92 711.8
2000 5 3 12 48696.4 3.382 255.07 0.05 15.43 6.54 710.5
2000 5 4 12 48795.7 7.267 228.63 0.05 12.03 4.12 705.8
2000 5 5 12 48893.3 4.528 263.50 0.05 15.27 8.41 786.5
2000 5 6 12 48989.2 4.886 247.81 0.05 12.49 4.62 717.0
2000 5 7 12 49083.3 7.560 252.79 0.05 14.85 5.44 740.0
2000 5 8 12 49175.8 1.912 244.17 0.05 16.30 8.09 794.3
2000 5 9 12 49266.4 0.390 235.85 0.05 15.97 6.83 752.6
2000 5 10 12 49355.3 0.610 275.45 0.05 15.14 6.30 705.5
2000 5 11 12 49442.4 2.418 241.97 0.05 12.51 4.33 712.3
2000 5 12 12 49527.6 12.852 233.21 0.05 13.81 5.06 735.9
2000 5 13 12 49610.9 11.313 229.77 0.05 16.17 8.47 780.2
2000 5 14 12 49692.3 11.931 273.10 0.05 15.30 7.98 749.4
2000 5 15 12 49771.8 15.916 256.56 0.05 15.08 5.98 734.2
2000 5 16 12 49849.4 7.282 228.44 0.05 12.00 4.69 677.1
2000 5 17 12 49924.9 0.579 244.51 0.05 15.77 8.37 744.5
2000 5 18 12 49998.5 0.918 246.93 0.05 16.52 8.51 774.4
2000 5 19 12 50070.1 0.537 237.78 0.05 15.77 7.95 762.5
2000 5 20 12 50139.7 14.181 260.25 0.05 16.81 9.21 760.8
2000 5 21 12 50207.1 1.456 248.24 0.05 16.36 9.11 801.6
2000 5 22 12 50272.5 2.405 251.37 0.05 18.16 8.73 787.6
2000 5 23 12 50335.9 4.119 235.38 0.05 17.09 9.74 766.0
2000 5 24 12 50397.0 1.280 243.67 0.05 17.13 9.95 818.1
2000 5 25 12 50456.1 0.176 237.70 0.05 17.48 9.58 779.6
2000 5 26 12 50513.0 1.073 293.34 0.05 17.02 9.62 828.8
2000 5 27 12 50567.8 4.558 214.44 0.05 19.50 9.83 765.3
2000 5 28 12 50620.3 2.006 244.59 0.05 17.21 9.81 795.1
2000 5 29 12 50670.7 3.365 254.72 0.05 19.36 10.32 809.9
2000 5 30 12 50718.8 3.584 247.72 0.05 17.23 9.94 802.1
2000 5 31 12 50764.8 6.561 259.68 0.05 21.08 14.59 949.5
2000 6 1 12 50808.5 1.685 243.50 0.05 22.42 15.68 941.4
2000 6 2 12 50849.9 5.104 261.46 0.05 19.60 12.78 866.2
2000 6 3 12 50889.0 4.706 275.80 0.05 19.93 11.67 836.7
2000 6 4 12 50925.9 3.397 227.43 0.05 19.16 11.98 870.3
2000 6 5 12 50960.5 9.898 249.73 0.05 19.52 11.27 787.2
2000 6 6 12 50992.8 2.563 251.17 0.05 18.35 11.43 856.6
2000 6 7 12 51022.8 1.735 281.44 0.05 18.18 10.49 798.6
2000 6 8 12 51050.5 0.725 262.93 0.05 20.51 10.52 777.8
2000 6 9 12 51075.8 0.748 245.79 0.05 18.67 11.27 831.6
2000 6 10 12 51098.8 9.188 260.74 0.05 20.97 11.67 823.8
2000 6 11 12 51119.5 0.436 237.31 0.05 21.48 14.91 926.0
2000 6 12 12 51137.8 2.585 282.79 0.05 22.20 14.79 890.1
2000 6 13 12 51153.7 1.559 265.62 0.05 19.15 10.97 847.7
2000 6 14 12 51167.4 0.161 258.40 0.05 18.93 12.27 863.6
2000 6 15 12 51178.6 0.114 264.60 0.05 21.66 13.77 862.2
2000 6 16 12 51187.5 0.870 255.86 0.05 21.84 13.05 839.5
2000 6 17 12 51194.0 12.964 244.80 0.05 21.88 14.02 904.6
2000 6 18 12 51198.1 8.441 252.65 0.05 22.15 15.46 923.8
2000 6 19 12 51199.9 4.118 276.26 0.05 19.76 12.07 832.8
2000 6 20 12 51199.3 7.089 260.40 0.05 21.19 11.59 857.4
2000 6 21 12 51196.4 0.639 265.26 0.05 20.95 13.11 843.4
2000 6 22 12 51191.0 1.327 276.87 0.05 22.57 14.87 899.1
2000 6 23 12 51183.3 2.202 272.39 0.05 22.31 14.35 863.8
2000 6 24 12 51173.3 1.991 251.82 0.05 22.39 12.25 837.5
2000 6 25 12 51160.8 0.435 271.73 0.05 22.08 13.38 880.0
2000 6 26 12 51146.1 5.772 261.98 0.05 21.94 14.27 846.3
2000 6 27 12 51128.9 0.625 246.20 0.05 21.35 14.53 909.2
2000 6 28 12 51109.4 0.371 269.72 0.05 22.21 13.40 884.8
2000 6 29 12 51087.6 0.309 273.15 0.05 22.82 14.10 914.5
2000 6 30 12 51063.4 0.205 234.62 0.05 23.55 14.77 934.5
2000 7 1 12 51036.9 3.121 243.16 0.05 23.94 16.33 949.3
2000 7 2 12 51008.1 2.219 244.56 0.05 23.06 15.46 933.2
2000 7 3 12 50976.9 4.056 287.71 0.05 24.12 16.52 895.5
2000 7 4 12 50943.5 2.574 245.97 0.05 23.34 14.91 919.8
2000 7 5 12 50907.8 3.637 229.72 0.05 20.08 11.50 871.0
2000 7 6 12 50869.7 0.832 238.40 0.05 23.68 16.07 960.6
2000 7 7 12 50829.4 4.901 268.09 0.05 20.95 14.00 896.0
2000 7 8 12 50786.9 0.628 246.04 0.05 24.67 16.80 971.4
2000 7 9 12 50742.1 0.793 242.67 0.05 19.55 11.81 897.6
2000 7 10 12 50695.1 6.681 229.43 0.05 19.50 10.76 805.1
2000 7 11 12 50645.8 0.690 267.67 0.05 25.17 16.20 960.0
2000 7 12 12 50594.3 0.368 267.06 0.05 25.50 17.89 986.1
2000 7 13 12 50540.7 2.818 256.76 0.05 24.43 16.04 898.3
2000 7 14 12 50484.8 3.796 238.82 0.05 24.82 16.75 951.4
2000 7 15 12 50426.8 0.749 243.54 0.05 20.82 13.41 890.4
2000 7 16 12 50366.7 6.363 242.70 0.05 24.31 16.63 917.4
2000 7 17 12 50304.5 0.795 247.15 0.05 21.44 12.91 830.9
2000 7 18 12 50240.1 4.142 238.69 0.05 24.44 16.95 961.3
2000 7 19 12 50173.7 0.636 234.34 0.05 22.10 14.81 900.9
2000 7 20 12 50105.1 6.848 248.64 0.05 22.60 15.68 900.9
2000 7 21 12 50034.6 6.856 269.92 0.05 24.27 15.98 875.7
2000 7 22 12 49962.0 2.588 230.42 0.05 22.68 14.48 896.5
2000 7 23 12 49887.4 7.649 249.84 0.05 23.48 14.66 882.4
2000 7 24 12 49810.8 9.152 263.22 0.05 21.68 14.26 850.5
2000 7 25 12 49732.3 5.255 247.52 0.05 21.60 14.26 901.9
2000 7 26 12 49651.8 2.298 246.47 0.05 22.27 14.30 900.2
2000 7 27 12 49569.5 0.962 231.53 0.05 21.03 14.24 857.6
2000 7 28 12 49485.2 0.830 254.94 0.05 23.63 15.86 889.6
2000 7 29 12 49399.1 2.423 257.94 0.05 23.08 14.40 859.8
2000 7 30 12 49311.1 1.836 261.22 0.05 20.53 12.59 865.6
2000 7 31 12 49221.3 0.645 249.27 0.05 24.70 16.48 954.6
2000 8 1 12 49129.8 3.060 233.56 0.05 24.69 17.04 877.5
2000 8 2 12 49036.5 9.161 237.52 0.05 22.35 16.35 915.5
2000 8 3 12 48941.4 0.646 223.45 0.05 21.59 14.73 892.8
2000 8 4 12 48844.7 1.664 238.80 0.05 24.20 17.06 1045.4
2000 8 5 12 48746.2 5.893 240.13 0.05 20.93 11.78 836.2
2000 8 6 12 48646.2 6.399 241.27 0.05 24.60 17.66 936.4
2000 8 7 12 48544.5 0.804 253.42 0.05 22.12 14.66 928.5
2000 8 8 12 48441.3 0.717 233.24 0.05 24.08 17.16 907.0
2000 8 9 12 48336.4 0.142 220.46 0.05 23.14 13.72 830.3
2000 8 10 12 48230.1 1.529 227.75 0.05 25.96 17.33 968.3
2000 8 11 12 48122.3 0.405 234.01 0.05 23.02 15.51 925.7
2000 8 12 12 48013.0 0.791 239.61 0.05 24.69 15.35 881.6
2000 8 13 12 47902.3 0.896 221.23 0.05 20.97 14.13 899.8
2000 8 14 12 47790.2 2.640 219.79 0.05 20.17 12.60 844.0
2000 8 15 12 47676.7 1.891 234.17 0.05 21.19 13.25 836.6
2000 8 16 12 47561.9 5.884 211.79 0.05 21.60 12.84 897.2
2000 8 17 12 47445.8 0.441 229.26 0.05 21.48 12.88 839.4
2000 8 18 12 47328.5 0.507 234.63 0.05 21.24 12.29 853.5
2000 8 19 12 47209.9 3.360 220.35 0.05 21.63 13.38 913.3
2000 8 20 12 47090.2 2.357 228.84 0.05 22.21 14.86 925.0
2000 8 21 12 46969.3 5.687 201.91 0.05 18.99 10.64 792.3
2000 8 22 12 46847.3 1.706 212.76 0.05 20.58 13.23 907.8
2000 8 23 12 46724.2 1.371 201.85 0.05 20.04 10.88 809.4
2000 8 24 12 46600.0 1.779 221.92 0.05 20.90 11.38 802.0
2000 8 25 12 46474.8 1.649 175.51 0.05 20.33 13.19 865.0
2000 8 26 12 46348.7 1.644 223.49 0.05 22.35 13.75 850.7
2000 8 27 12 46221.7 0.241 200.28 0.05 20.90 12.69 825.2
2000 8 28 12 46093.7 0.976 197.19 0.05 21.67 12.90 834.2
2000 8 29 12 45964.9 1.615 226.33 0.05 19.56 11.70 911.9
2000 8 30 12 45835.3 2.804 204.03 0.05 21.13 14.42 911.7
2000 8 31 12 45704.9 0.112 198.09 0.05 18.87 10.17 754.5
2000 9 1 12 45573.7 1.078 208.17 0.05 18.06 8.72 801.5
2000 9 2 12 45441.8 0.600 204.97 0.05 21.39 12.38 878.1
2000 9 3 12 45309.3 0.829 199.05 0.05 19.14 11.10 792.5
2000 9 4 12 45176.2 0.455 215.64 0.05 19.03 10.00 788.9
2000 9 5 12 45042.4 0.030 164.59 0.05 17.74 8.97 716.7
2000 9 6 12 44908.2 5.891 181.17 0.05 17.34 7.59 741.2
2000 9 7 12 44773.4 2.412 180.23 0.05 21.05 13.20 808.4
2000 9 8 12 44638.1 0.539 218.31 0.05 20.01 12.53 856.5
2000 9 9 12 44502.5 1.179 213.52 0.05 16.98 8.20 810.5
2000 9 10 12 44366.4 0.758 193.74 0.05 17.03 8.39 795.3
2000 9 11 12 44230.0 1.994 189.50 0.05 18.29 10.36 823.1
2000 9 12 12 44093.3 5.380 183.77 0.05 17.19 9.54 802.3
2000 9 13 12 43956.3 5.886 203.09 0.05 16.48 8.46 820.8
2000 9 14 12 43819.1 0.021 168.25 0.05 16.35 8.35 800.9
2000 9 15 12 43681.7 1.983 198.17 0.05 17.00 8.62 718.0
2000 9 16 12 43544.2 3.136 208.12 0.05 15.01 7.45 747.3
2000 9 17 12 43406.5 0.127 185.22 0.05 15.75 8.04 729.2
2000 9 18 12 43268.9 3.567 185.13 0.05 18.40 9.63 828.4
2000 9 19 12 43131.1 0.676 181.66 0.05 14.96 6.58 749.4
2000 9 20 12 42993.5 0.149 171.70 0.05 16.27 8.65 749.4
2000 9 21 12 42855.8 0.441 152.05 0.05 16.63 8.99 824.9
2000 9 22 12 42718.3 2.177 177.41 0.05 17.58 8.68 791.5
2000 9 23 12 42580.9 1.816 164.27 0.05 13.90 5.78 797.6
2000 9 24 12 42443.7 1.709 159.20 0.05 14.38 5.97 698.2
2000 9 25 12 42306.7 3.089 167.97 0.05 15.37 5.79 710.3
2000 9 26 12 42170.0 2.243 180.48 0.05 16.74 9.90 757.9
2000 9 27 12 42033.6 1.653 174.68 0.05 16.05 7.68 739.0
2000 9 28 12 41897.5 4.034 172.41 0.05 17.32 8.59 753.4
2000 9 29 12 41761.9 0.172 175.53 0.05 13.75 5.63 724.9
2000 9 30 12 41626.6 5.126 170.20 0.05 13.38 4.94 679.6
2000 10 1 12 41491.8 0.291 176.20 0.05 13.30 6.29 716.5
2000 10 2 12 41357.6 0.457 177.80 0.05 13.08 5.91 703.5
2000 10 3 12 41223.8 1.290 173.59 0.05 12.56 4.46 682.6
2000 10 4 12 41090.7 1.051 148.34 0.05 14.34 6.98 757.4
2000 10 5 12 40958.2 1.522 169.91 0.05 10.93 2.87 591.1
2000 10 6 12 40826.3 0.636 149.56 0.05 15.13 5.70 733.0
2000 10 7 12 40695.1 4.202 140.51 0.05 12.88 4.81 697.4
2000 10 8 12 40564.7 6.128 144.12 0.05 13.51 4.98 683.5
2000 10 9 12 40435.1 1.882 138.84 0.05 10.65 1.99 638.1
2000 10 10 12 40306.3 4.415 163.92 0.05 11.30 3.68 686.1
2000 10 11 12 40178.3 2.579 153.59 0.05 11.38 4.96 728.8
2000 10 12 12 40051.3 0.389 164.62 0.05 11.31 2.61 644.7
2000 10 13 12 39925.2 0.784 163.43 0.05 11.07 3.18 706.4
2000 10 14 12 39800.0 0.279 144.08 0.05 11.66 3.64 723.1
2000 10 15 12 39675.8 0.144 155.01 0.05 10.62 4.09 685.6
2000 10 16 12 39552.7 2.514 122.39 0.05 12.26 3.83 734.9
2000 10 17 12 39430.7 0.569 129.32 0.05 12.25 5.54 671.0
2000 10 18 12 39309.8 1.461 119.22 0.05 13.49 3.94 648.7
2000 10 19 12 39190.1 1.316 126.24 0.05 10.99 2.40 679.2
2000 10 20 12 39071.5 2.354 126.98 0.05 10.15 2.75 709.0
2000 10 21 12 38954.2 0.479 129.63 0.05 10.40 0.61 581.9
2000 10 22 12 38838.1 0.190 129.48 0.05 10.67 2.36 674.2
2000 10 23 12 38723.3 0.638 124.57 0.05 8.76 -0.43 637.5
2000 10 24 12 38609.8 1.262 117.74 0.05 10.89 1.70 614.3
2000 10 25 12 38497.7 1.408 147.51 0.05 10.49 3.78 644.8
2000 10 26 12 38387.0 0.145 129.44 0.05 6.69 -0.59 594.2
2000 10 27 12 38277.7 2.654 138.91 0.05 11.84 3.90 655.3
2000 10 28 12 38169.9 0.590 118.63 0.05 9.25 2.18 576.6
2000 10 29 12 38063.6 0.170 112.90 0.05 7.24 -0.45 617.8
2000 10 30 12 37958.7 0.078 142.97 0.05 6.95 -0.36 593.3
2000 10 31 12 37855.5 0.046 144.05 0.05 8.54 0.69 598.1
2000 11 1 12 37753.8 0.569 129.28 0.05 6.77 -1.63 590.8
2000 11 2 12 37653.8 1.374 123.08 0.05 6.42 -2.23 553.9
2000 11 3 12 37555.3 0.871 147.54 0.05 6.99 -1.28 608.7
2000 11 4 12 37458.6 2.315 138.98 0.05 8.15 -1.24 592.5
2000 11 5 12 37363.5 0.336 118.09 0.05 6.69 -1.30 542.8
2000 11 6 12 37270.2 1.207 106.06 0.05 5.74 -1.12 609.8
2000 11 7 12 37178.7 0.430 141.35 0.05 9.13 0.37 640.1
2000 11 8 12 37088.9 2.576 82.10 0.05 7.35 -0.83 580.1
2000 11 9 12 37000.9 0.297 116.53 0.05 5.13 -4.67 559.0
2000 11 10 12 36914.8 0.751 110.30 0.05 6.55 -1.46 580.1
2000 11 11 12 36830.5 3.137 106.01 0.05 6.24 0.52 630.0
2000 11 12 12 36748.2 0.893 103.36 0.05 5.84 -2.10 558.0
2000 11 13 12 36667.7 0.641 112.97 0.05 5.72 -1.57 516.6
2000 11 14 12 36589.2 0.079 129.90 0.05 5.23 -3.24 565.2
2000 11 15 12 36512.6 0.466 100.60 0.05 5.98 -1.62 571.0
2000 11 16 12 36438.0 0.810 135.42 0.05 5.07 -3.51 493.1
2000 11 17 12 36365.4 2.227 106.85 0.05 5.23 -2.68 561.9
2000 11 18 12 36294.9 0.230 91.12 0.05 5.42 -4.02 533.8
2000 11 19 12 36226.3 0.826 98.16 0.05 4.50 -2.69 551.9
2000 11 20 12 36159.9 0.740 101.36 0.05 5.50 -2.19 552.3
2000 11 21 12 36095.5 0.477 101.26 0.05 6.22 -1.29 577.7
2000 11 22 12 36033.3 0.273 91.83 0.05 3.66 -4.76 494.3
2000 11 23 12 35973.2 1.433 116.96 0.05 3.08 -4.62 514.1
2000 11 24 12 35915.2 1.837 116.13 0.05 1.68 -5.23 482.1
2000 11 25 12 35859.3 0.607 103.97 0.05 4.60 -4.08 499.9
2000 11 26 12 35805.7 0.429 88.95 0.05 3.16 -4.31 501.0
2000 11 27 12 35754.2 1.438 95.78 0.05 1.50 -6.58 497.6
2000 11 28 12 35704.9 0.396 105.27 0.05 2.26 -4.57 497.6
2000 11 29 12 35657.9 1.012 84.74 0.05 3.58 -5.08 501.0
2000 11 30 12 35613.1 1.189 84.57 0.05 3.94 -4.57 464.2
2000 12 1 12 35570.6 0.148 99.02 0.05 3.43 -3.87 531.7
2000 12 2 12 35530.3 3.230 80.01 0.05 2.38 -5.83 510.1
2000 12 3 12 35492.2 1.186 112.88 0.05 3.39 -4.29 530.3
2000 12 4 12 35456.5 0.309 104.50 0.05 2.32 -5.15 477.3
2000 12 5 12 35423.1 1.028 122.03 0.05 2.33 -5.58 496.9
2000 12 6 12 35391.9 0.979 83.02 0.05 0.69 -8.76 409.0
2000 12 7 12 35363.1 3.296 91.11 0.05 3.36 -4.18 527.2
2000 12 8 12 35336.6 2.146 112.78 0.05 2.63 -5.97 456.3
2000 12 9 12 35312.4 3.936 112.51 0.05 0.92 -8.35 467.1
2000 12 10 12 35290.6 3.648 76.87 0.05 3.01 -3.68 565.4
2000 12 11 12 35271.1 0.138 123.43 0.05 -0.67 -7.82 439.1
2000 12 12 12 35253.9 0.272 88.57 0.05 -0.08 -9.13 399.1
2000 12 13 12 35239.2 0.129 121.20 0.05 -0.85 -10.80 339.6
2000 12 14 12 35226.7 2.878 96.47 0.05 0.26 -8.01 511.0
2000 12 15 12 35216.7 0.206 113.21 0.05 -0.35 -7.09 472.1
2000 12 16 12 35209.0 0.397 68.35 0.05 2.06 -6.81 456.4
2000 12 17 12 35203.6 2.103 159.72 0.05 0.72 -7.72 431.9
2000 12 18 12 35200.7 3.710 99.77 0.05 0.01 -8.95 389.5
2000 12 19 12 35200.1 4.352 119.67 0.05 0.96 -6.86 488.9
2000 12 20 12 35201.9 1.882 101.23 0.05 1.40 -6.77 478.0
2000 12 21 12 35206.0 0.767 105.71 0.05 2.07 -6.64 452.2
2000 12 22 12 35212.5 2.659 115.22 0.05 -0.09 -9.37 425.2
2000 12 23 12 35221.4 1.784 126.52 0.05 -0.07 -7.96 460.0
2000 12 24 12 35232.6 1.539 100.32 0.05 -1.68 -9.07 428.2
2000 12 25 12 35246.3 1.283 124.52 0.05 0.06 -8.48 485.1
2000 12 26 12 35262.2 0.967 101.02 0.05 0.08 -7.49 441.0
2000 12 27 12 35280.5 0.083 109.94 0.05 -1.23 -9.36 369.1
2000 12 28 12 35301.2 1.580 104.49 0.05 -0.39 -6.87 475.4
2000 12 29 12 35324.2 0.141 104.35 0.05 -0.88 -7.87 435.0
2000 12 30 12 35349.5 1.118 98.29 0.05 -0.05 -7.79 444.4
2000 12 31 12 35377.2 1.193 97.08 0.05 -0.99 -9.01 437.6
2001 1 1 12 35377.2 1.027 99.31 0.05 -0.36 -8.35 401.9
2001 1 2 12 35407.2 0.149 116.64 0.05 -1.53 -9.61 363.6
2001 1 3 12 35439.5 1.958 120.47 0.05 0.37 -7.79 468.8
2001 1 4 12 35474.1 0.786 73.04 0.05 -0.11 -9.62 414.0
2001 1 5 12 35511.0 0.536 96.97 0.05 0.72 -5.96 528.3
2001 1 6 12 35550.1 1.291 77.47 0.05 -0.77 -9.80 431.0
2001 1 7 12 35591.5 1.726 106.75 0.05 -1.08 -8.09 445.8
2001 1 8 12 35635.2 2.021 84.91 0.05 -3.15 -12.12 320.7
2001 1 9 12 35681.2 0.385 86.25 0.05 0.22 -8.20 494.5
2001 1 10 12 35729.3 1.446 100.46 0.05 -0.99 -8.99 360.0
2001 1 11 12 35779.7 1.274 82.96 0.05 -1.49 -9.49 408.5
2001 1 12 12 35832.2 0.197 114.77 0.05 0.06 -9.23 383.2
2001 1 13 12 35887.0 2.264 109.86 0.05 -0.04 -7.44 452.3
2001 1 14 12 35943.9 0.061 96.47 0.05 -1.78 -10.31 399.7
2001 1 15 12 36003.0 0.822 115.02 0.05 -0.71 -8.34 409.1
2001 1 16 12 36064.1 0.516 102.26 0.05 -1.16 -7.70 413.8
2001 1 17 12 36127.5 0.780 110.48 0.05 0.47 -7.64 435.2
2001 1 18 12 36192.9 1.068 149.07 0.05 -2.75 -10.66 388.6
2001 1 19 12 36260.3 0.250 106.80 0.05 0.74 -8.25 451.6
2001 1 20 12 36329.9 1.732 112.75 0.05 0.34 -7.72 459.8
2001 1 21 12 36401.5 2.844 123.19 0.05 -1.82 -10.85 368.7
2001 1 22 12 36475.1 0.166 155.92 0.05 -2.00 -10.23 373.2
2001 1 23 12 36550.6 2.489 104.19 0.05 -0.62 -8.43 474.1
2001 1 24 12 36628.2 3.952 108.37 0.05 -3.19 -12.27 310.5
2001 1 25 12 36707.7 3.505 123.41 0.05 -0.82 -9.64 429.5
2001 1 26 12 36789.1 1.111 109.02 0.05 -0.89 -8.46 409.0
2001 1 27 12 36872.4 0.686 120.44 0.05 -0.35 -8.63 435.2
2001 1 28 12 36957.6 6.191 146.87 0.05 -2.08 -10.36 432.9
2001 1 29 12 37044.7 3.509 114.68 0.05 2.58 -4.42 511.1
2001 1 30 12 37133.6 0.791 112.55 0.05 -0.74 -9.76 422.0
2001 1 31 12 37224.2 0.428 147.29 0.05 0.79 -8.37 437.6
2001 2 1 12 37316.7 0.136 114.11 0.05 -0.29 -8.14 444.9
2001 2 2 12 37410.8 2.701 126.72 0.05 0.40 -5.97 482.6
2001 2 3 12 37506.7 4.402 94.48 0.05 -2.56 -10.20 409.7
2001 2 4 12 37604.3 0.494 133.86 0.05 1.87 -6.27 459.0
2001 2 5 12 37703.6 0.189 128.86 0.05 0.07 -7.79 431.8
2001 2 6 12 37804.5 0.383 103.79 0.05 0.03 -8.38 411.0
2001 2 7 12 37906.9 7.542 126.45 0.05 0.30 -6.82 489.3
2001 2 8 12 38011.0 0.502 142.42 0.05 0.18 -8.57 499.3
2001 2 9 12 38116.5 4.182 120.90 0.05 -0.17 -8.52 462.3
2001 2 10 12 38223.6 2.248 122.42 0.05 -0.71 -7.54 472.6
2001 2 11 12 38332.2 1.749 148.79 0.05 -1.91 -9.89 383.5
2001 2 12 12 38442.2 0.836 131.39 0.05 2.34 -5.14 442.0
2001 2 13 12 38553.6 6.427 143.82 0.05 -1.61 -10.45 323.8
2001 2 14 12 38666.4 0.647 153.33 0.05 1.49 -7.13 377.2
2001 2 15 12 38780.5 7.008 123.06 0.05 0.77 -7.29 455.2
2001 2 16 12 38896.0 1.163 124.93 0.05 -0.82 -8.77 402.2
2001 2 17 12 39012.7 2.728 143.50 0.05 1.33 -7.01 468.7
2001 2 18 12 39130.6 1.982 127.23 0.05 -0.25 -9.48 428.7
2001 2 19 12 39249.8 0.537 140.39 0.05 3.26 -4.55 496.7
2001 2 20 12 39370.1 2.161 146.96 0.05 0.49 -7.51 427.4
2001 2 21 12 39491.6 0.510 154.21 0.05 1.96 -5.29 533.1
2001 2 22 12 39614.2 1.360 139.37 0.05 0.09 -9.35 429.5
2001 2 23 12 39737.8 2.034 172.00 0.05 -0.43 -9.40 414.8
2001 2 24 12 39862.5 4.689 185.78 0.05 0.95 -7.71 452.0
2001 2 25 12 39988.1 1.761 135.59 0.05 3.45 -6.40 499.9
2001 2 26 12 40114.7 0.124 189.36 0.05 -1.00 -8.68 412.9
2001 2 27 12 40242.2 3.104 141.83 0.05 0.53 -8.05 469.9
2001 2 28 12 40370.6 1.290 129.46 0.05 1.46 -7.08 478.7
2001 3 1 12 40499.8 2.276 154.33 0.05 0.35 -7.74 491.8
2001 3 2 12 40629.8 0.447 161.58 0.05 0.14 -8.91 470.2
2001 3 3 12 40760.6 9.022 147.31 0.05 3.30 -5.12 519.5
2001 3 4 12 40892.1 1.583 153.29 0.05 1.08 -6.32 509.7
2001 3 5 12 41024.3 4.021 169.23 0.05 1.11 -8.35 434.7
2001 3 6 12 41157.2 5.314 133.80 0.05 1.51 -7.27 479.0
2001 3 7 12 41290.6 3.045 159.16 0.05 2.24 -5.56 450.7
2001 3 8 12 41424.6 0.525 144.00 0.05 3.37 -3.30 574.4
2001 3 9 12 41559.2 1.384 156.22 0.05 1.14 -6.27 481.1
2001 3 10 12 41694.2 0.078 189.05 0.05 2.66 -5.36 461.4
2001 3 11 12 41829.7 4.332 170.86 0.05 2.25 -4.50 536.9
2001 3 12 12 41965.5 8.658 203.15 0.05 1.47 -7.33 489.9
2001 3 13 12 42101.8 5.794 161.06 0.05 2.74 -4.53 517.4
2001 3 14 12 42238.3 1.566 188.89 0.05 4.86 -2.81 537.7
2001 3 15 12 42375.2 2.150 185.48 0.05 4.22 -3.12 480.4
2001 3 16 12 42512.3 3.087 147.61 0.05 4.96 -1.48 569.9
2001 3 17 12 42649.6 3.940 165.47 0.05 0.81 -7.82 493.5
2001 3 18 12 42787.0 0.567 197.22 0.05 3.31 -5.04 484.0
2001 3 19 12 42924.6 0.588 183.92 0.05 5.13 -3.05 524.4
2001 3 20 12 43062.3 1.878 166.78 0.05 4.08 -3.09 573.6
2001 3 21 12 43200.0 1.975 155.11 0.05 4.88 -4.35 469.8
2001 3 22 12 43337.7 2.792 152.88 0.05 5.08 -2.12 542.6
2001 3 23 12 43475.4 1.798 195.92 0.05 3.01 -6.88 484.8
2001 3 24 12 43613.0 12.237 166.77 0.05 4.74 -3.02 564.4
2001 3 25 12 43750.4 1.488 210.29 0.05 4.22 -4.70 471.9
2001 3 26 12 43887.7 0.577 201.96 0.05 6.16 -2.17 583.5
2001 3 27 12 44024.8 0.331 148.75 0.05 5.36 -3.09 564.2
2001 3 28 12 44161.7 1.361 196.59 0.05 4.34 -3.57 510.2
2001 3 29 12 44298.2 4.497 180.36 0.05 6.16 -1.80 565.6
2001 3 30 12 44434.5 2.860 190.31 0.05 8.61 1.61 661.1
2001 3 31 12 44570.3 0.177 195.01 0.05 4.23 -4.86 496.9
2001 4 1 12 44705.8 0.219 191.50 0.05 8.33 0.29 559.9
2001 4 2 12 44840.8 0.989 201.46 0.05 6.08 -1.83 586.7
2001 4 3 12 44975.4 9.870 179.26 0.05 7.24 -1.15 615.9
2001 4 4 12 45109.4 5.755 211.94 0.05 5.11 -2.92 551.3
2001 4 5 12 45242.8 6.654 176.35 0.05 8.04 -0.25 583.9
2001 4 6 12 45375.7 3.567 196.91 0.05 8.34 1.49 631.5
2001 4 7 12 45507.9 0.748 198.31 0.05 10.65 3.19 636.8
2001 4 8 12 45639.4 4.561 227.05 0.05 8.93 1.28 570.2
2001 4 9 12 45770.2 1.308 188.99 0.05 5.81 -0.48 616.2
2001 4 10 12 45900.2 0.636 211.99 0.05 8.86 0.63 642.9
2001 4 11 12 46029.4 1.716 219.20 0.05 9.26 1.80 662.3
2001 4 12 12 46157.8 0.657 221.02 0.05 7.06 -1.57 572.3
2001 4 13 12 46285.3 5.615 206.63 0.05 6.15 -1.98 604.7
2001 4 14 12 46411.9 1.204 220.73 0.05 6.82 -1.53 573.3
2001 4 15 12 46537.5 0.941 234.70 0.05 10.06 2.03 644.7
2001 4 16 12 46662.2 2.536 202.86 0.05 9.53 2.04 544.3
2001 4 17 12 46785.8 4.857 210.46 0.05 11.52 3.41 660.5
2001 4 18 12 46908.4 4.060 218.02 0.05 12.26 4.45 629.5
2001 4 19 12 47029.9 3.847 205.75 0.05 11.61 3.01 701.8
2001 4 20 12 47150.2 6.885 243.44 0.05 11.91 2.90 660.1
2001 4 21 12 47269.4 1.120 216.94 0.05 12.64 4.41 728.6
2001 4 22 12 47387.3 2.599 218.61 0.05 11.72 3.03 626.7
2001 4 23 12 47504.0 0.713 207.90 0.05 12.01 4.73 695.9
2001 4 24 12 47619.5 1.175 231.10 0.05 8.62 0.76 602.8
2001 4 25 12 47733.6 1.817 236.43 0.05 10.90 2.56 583.3
2001 4 26 12 47846.4 2.270 208.29 0.05 10.36 2.40 688.1
2001 4 27 12 47957.8 3.260 237.23 0.05 14.01 5.90 747.5
2001 4 28 12 48067.8 3.907 241.20 0.05 10.91 1.87 645.5
2001 4 29 12 48176.4 3.550 234.27 0.05 11.08 2.79 676.9
2001 4 30 12 48283.5 10.069 217.20 0.05 12.26 4.05 657.7
2001 5 1 12 48389.0 1.572 227.14 0.05 15.18 7.72 718.4
2001 5 2 12 48493.1 1.826 208.88 0.05 15.73 6.38 705.3
2001 5 3 12 48595.5 0.773 213.03 0.05 13.19 4.76 671.2
2001 5 4 12 48696.4 2.380 247.29 0.05 14.19 6.99 731.7
2001 5 5 12 48795.7 0.406 257.42 0.05 13.71 5.35 714.3
2001 5 6 12 48893.3 0.376 231.62 0.05 14.84 7.45 741.9
2001 5 7 12 48989.2 5.513 246.48 0.05 11.29 3.55 721.8
2001 5 8 12 49083.3 8.048 229.89 0.05 16.14 8.70 725.4
2001 5 9 12 49175.8 3.141 238.35 0.05 14.56 6.28 746.2
2001 5 10 12 49266.4 1.597 246.86 0.05 13.98 4.73 671.1
2001 5 11 12 49355.3 1.704 249.21 0.05 14.09 5.88 706.9
2001 5 12 12 49442.4 0.461 235.82 0.05 15.74 8.07 811.4
2001 5 13 12 49527.6 1.597 255.52 0.05 17.50 10.32 790.8
2001 5 14 12 49610.9 1.829 226.09 0.05 17.57 8.79 757.8
2001 5 15 12 49692.3 2.272 267.11 0.05 14.69 6.35 710.8
2001 5 16 12 49771.8 3.773 232.58 0.05 16.98 8.60 765.0
2001 5 17 12 49849.4 2.284 254.89 0.05 14.92 8.16 764.2
2001 5 18 12 49924.9 13.632 224.38 0.05 15.27 7.08 737.1
2001 5 19 12 49998.5 0.803 230.00 0.05 16.30 8.46 714.7
2001 5 20 12 50070.1 4.351 223.35 0.05 17.32 9.40 759.9
2001 5 21 12 50139.7 5.924 229.56 0.05 17.61 7.75 785.4
2001 5 22 12 50207.1 3.405 267.76 0.05 17.34 9.49 816.5
2001 5 23 12 50272.5 1.085 245.63 0.05 15.04 6.85 744.0
2001 5 24 12 50335.9 3.915 260.47 0.05 18.25 9.32 772.8
2001 5 25 12 50397.0 2.691 260.48 0.05 20.72 14.36 888.5
2001 5 26 12 50456.1 0.706 262.11 0.05 18.62 11.73 811.2
2001 5 27 12 50513.0 3.165 270.95 0.05 19.64 11.81 873.2
2001 5 28 12 50567.8 5.631 250.22 0.05 19.04 11.08 853.4
2001 5 29 12 50620.3 4.732 247.95 0.05 19.50 12.64 858.1
2001 5 30 12 50670.7 2.316 232.63 0.05 16.28 9.10 763.5
2001 5 31 12 50718.8 0.402 256.52 0.05 17.31 9.00 792.4
2001 6 1 12 50764.8 6.516 254.81 0.05 20.48 12.51 868.4
2001 6 2 12 50808.5 1.769 240.60 0.05 20.14 12.59 854.6
2001 6 3 12 50849.9 0.848 246.26 0.05 18.55 9.93 771.9
2001 6 4 12 50889.0 5.748 244.74 0.05 19.45 13.41 898.9
2001 6 5 12 50925.9 1.474 238.05 0.05 20.73 13.32 885.1
2001 6 6 12 50960.5 4.036 280.50 0.05 19.92 11.48 798.5
2001 6 7 12 50992.8 4.419 266.94 0.05 21.08 16.66 936.7
2001 6 8 12 51022.8 8.160 281.37 0.05 19.22 10.76 788.8
2001 6 9 12 51050.5 2.055 271.94 0.05 21.51 14.27 876.6
2001 6 10 12 51075.8 2.805 275.55 0.05 20.48 12.02 832.7
2001 6 11 12 51098.8 1.365 232.75 0.05 18.70 10.26 769.0
2001 6 12 12 51119.5 0.261 249.11 0.05 23.17 15.45 882.6
2001 6 13 12 51137.8 2.670 276.75 0.05 23.47 15.50 946.5
2001 6 14 12 51153.7 3.451 272.27 0.05 19.71 11.68 779.5
2001 6 15 12 51167.4 2.658 272.86 0.05 20.05 12.17 861.7
2001 6 16 12 51178.6 9.333 245.58 0.05 21.81 14.48 895.7
2001 6 17 12 51187.5 0.565 268.81 0.05 20.64 13.58 901.4
2001 6 18 12 51194.0 1.679 241.05 0.05 20.92 15.50 870.3
2001 6 19 12 51198.1 3.861 257.90 0.05 23.13 16.00 932.7
2001 6 20 12 51199.9 4.936 267.68 0.05 19.35 11.09 854.8
2001 6 21 12 51199.3 7.226 244.79 0.05 20.39 11.80 917.2
2001 6 22 12 51196.4 2.663 261.48 0.05 21.37 14.02 892.1
2001 6 23 12 51191.0 0.040 255.66 0.05 21.66 13.40 879.0
2001 6 24 12 51183.3 4.342 255.88 0.05 23.71 15.02 890.9
2001 6 25 12 51173.3 1.723 253.77 0.05 23.12 14.03 923.3
2001 6 26 12 51160.8 12.044 244.07 0.05 20.73 12.49 827.4
2001 6 27 12 51146.1 3.995 246.47 0.05 22.41 13.13 857.0
2001 6 28 12 51128.9 2.542 263.47 0.05 20.99 13.44 817.3
2001 6 29 12 51109.4 0.543 239.74 0.05 24.09 15.05 849.6
2001 6 30 12 51087.6 2.137 250.73 0.05 21.47 14.09 863.4
2001 7 1 12 51063.4 4.934 262.89 0.05 20.63 13.64 868.1
2001 7 2 12 51036.9 0.858 258.70 0.05 23.81 15.60 914.3
2001 7 3 12 51008.1 2.284 246.73 0.05 19.51 9.85 726.5
2001 7 4 12 50976.9 11.597 264.84 0.05 21.47 14.86 921.6
2001 7 5 12 50943.5 1.599 265.42 0.05 18.49 10.45 749.2
2001 7 6 12 50907.8 2.915 268.53 0.05 23.19 15.79 882.0
2001 7 7 12 50869.7 5.063 254.27 0.05 21.04 11.95 831.3
2001 7 8 12 50829.4 2.168 274.32 0.05 24.44 17.61 960.3
2001 7 9 12 50786.9 3.696 249.46 0.05 24.22 14.40 878.1
2001 7 10 12 50742.1 4.603 235.54 0.05 21.74 12.46 845.5
2001 7 11 12 50695.1 3.223 237.82 0.05 25.90 18.92 910.4
2001 7 12 12 50645.8 2.473 256.10 0.05 21.26 12.28 867.5
2001 7 13 12 50594.3 3.541 237.02 0.05 21.02 13.66 837.8
2001 7 14 12 50540.7 1.173 267.32 0.05 21.89 14.31 895.8
2001 7 15 12 50484.8 1.227 266.50 0.05 22.92 15.46 941.6
2001 7 16 12 50426.8 1.209 274.57 0.05 23.80 16.73 912.5
2001 7 17 12 50366.7 5.339 259.27 0.05 25.10 16.17 905.8
2001 7 18 12 50304.5 8.585 226.56 0.05 22.96 16.31 952.6
2001 7 19 12 50240.1 3.992 249.01 0.05 22.25 14.08 884.6
2001 7 20 12 50173.7 12.671 247.75 0.05 22.67 15.21 922.8
2001 7 21 12 50105.1 2.249 255.67 0.05 23.85 17.25 957.5
2001 7 22 12 50034.6 0.274 246.84 0.05 21.29 13.32 868.4
2001 7 23 12 49962.0 5.204 262.99 0.05 21.74 15.72 906.8
2001 7 24 12 49887.4 2.601 242.76 0.05 25.55 15.86 919.2
2001 7 25 12 49810.8 4.572 248.64 0.05 21.49 14.91 932.6
2001 7 26 12 49732.3 9.055 248.08 0.05 20.86 12.43 865.9
2001 7 27 12 49651.8 3.225 245.74 0.05 25.19 16.15 887.2
2001 7 28 12 49569.5 5.831 243.95 0.05 23.26 17.47 904.7
2001 7 29 12 49485.2 1.450 237.61 0.05 24.49 15.40 923.5
2001 7 30 12 49399.1 3.755 242.77 0.05 20.26 11.40 747.8
2001 7 31 12 49311.1 5.222 232.20 0.05 24.77 17.52 905.2
2001 8 1 12 49221.3 3.633 230.21 0.05 17.22 9.90 767.6
2001 8 2 12 49129.8 5.177 227.26 0.05 22.41 14.16 902.0
2001 8 3 12 49036.5 1.040 237.00 0.05 25.00 15.93 949.6
2001 8 4 12 48941.4 2.770 227.81 0.05 24.38 16.09 917.4
2001 8 5 12 48844.7 4.893 212.04 0.05 23.62 15.29 884.0
2001 8 6 12 48746.2 4.720 257.06 0.05 24.71 15.72 909.0
2001 8 7 12 48646.2 2.107 227.85 0.05 22.03 13.52 962.3
2001 8 8 12 48544.5 4.714 224.12 0.05 20.35 13.30 891.5
2001 8 9 12 48441.3 2.435 222.36 0.05 21.38 13.83 853.0
2001 8 10 12 48336.4 6.376 221.12 0.05 20.05 12.61 844.1
2001 8 11 12 48230.1 2.911 220.48 0.05 21.58 13.13 817.6
2001 8 12 12 48122.3 0.090 220.74 0.05 19.67 10.83 816.6
2001 8 13 12 48013.0 0.429 240.22 0.05 23.11 16.37 910.9
2001 8 14 12 47902.3 0.634 222.44 0.05 18.90 10.28 800.9
2001 8 15 12 47790.2 3.798 241.78 0.05 20.99 11.93 796.3
2001 8 16 12 47676.7 0.764 240.08 0.05 20.48 12.68 865.3
2001 8 17 12 47561.9 3.235 192.93 0.05 20.87 12.78 864.1
2001 8 18 12 47445.8 0.616 229.97 0.05 20.95 12.33 880.0
2001 8 19 12 47328.5 2.067 206.62 0.05 23.56 14.61 855.0
2001 8 20 12 47209.9 0.719 237.27 0.05 20.46 11.47 808.3
2001 8 21 12 47090.2 0.207 211.51 0.05 19.29 11.51 858.0
2001 8 22 12 46969.3 5.822 210.61 0.05 21.55 12.78 870.6
2001 8 23 12 46847.3 0.368 215.84 0.05 20.62 13.66 885.6
2001 8 24 12 46724.2 0.172 224.21 0.05 20.45 13.12 877.7
2001 8 25 12 46600.0 0.133 194.16 0.05 20.03 12.12 864.8
2001 8 26 12 46474.8 1.073 215.92 0.05 19.88 11.88 893.3
2001 8 27 12 46348.7 0.476 229.87 0.05 20.48 13.63 924.7
2001 8 28 12 46221.7 2.651 213.29 0.05 19.00 12.06 828.1
2001 8 29 12 46093.7 0.656 210.05 0.05 21.16 14.21 907.5
2001 8 30 12 45964.9 2.697 193.70 0.05 23.47 16.28 873.7
2001 8 31 12 45835.3 3.454 208.55 0.05 18.82 10.53 823.3
2001 9 1 12 45704.9 1.460 214.29 0.05 19.46 13.01 870.9
2001 9 2 12 45573.7 7.016 206.07 0.05 20.27 12.29 856.1
2001 9 3 12 45441.8 1.752 205.24 0.05 20.61 12.59 930.3
2001 9 4 12 45309.3 0.333 211.27 0.05 20.04 11.66 861.7
2001 9 5 12 45176.2 0.987 202.47 0.05 17.64 9.02 782.8
2001 9 6 12 45042.4 1.975 188.50 0.05 16.40 8.44 714.0
2001 9 7 12 44908.2 0.316 201.97 0.05 16.55 7.89 768.0
2001 9 8 12 44773.4 4.716 183.15 0.05 19.74 11.26 879.2
2001 9 9 12 44638.1 1.215 197.70 0.05 17.83 10.84 747.0
2001 9 10 12 44502.5 3.291 182.16 0.05 17.24 9.66 812.4
2001 9 11 12 44366.4 5.207 229.10 0.05 17.55 9.93 787.3
2001 9 12 12 44230.0 0.928 211.35 0.05 18.82 9.58 817.6
2001 9 13 12 44093.3 0.246 202.56 0.05 20.22 14.08 859.6
2001 9 14 12 43956.3 2.673 192.97 0.05 16.58 7.94 745.5
2001 9 15 12 43819.1 0.670 186.37 0.05 15.88 7.71 779.4
2001 9 16 12 43681.7 2.949 160.73 0.05 17.81 9.81 799.0
2001 9 17 12 43544.2 0.613 189.64 0.05 17.59 9.79 817.4
2001 9 18 12 43406.5 2.839 167.50 0.05 16.16 8.18 787.1
2001 9 19 12 43268.9 0.333 173.20 0.05 17.81 9.38 789.1
2001 9 20 12 43131.1 5.958 162.35 0.05 17.10 8.39 842.5
2001 9 21 12 42993.5 1.208 145.22 0.05 14.91 6.44 712.2
2001 9 22 12 42855.8 7.156 163.57 0.05 15.87 5.71 729.9
2001 9 23 12 42718.3 1.871 176.37 0.05 17.67 10.87 878.3
2001 9 24 12 42580.9 0.455 134.28 0.05 17.29 11.22 793.4
2001 9 25 12 42443.7 0.548 172.84 0.05 15.96 9.37 785.5
2001 9 26 12 42306.7 8.069 199.28 0.05 19.27 11.88 854.6
2001 9 27 12 42170.0 0.376 162.54 0.05 15.80 8.34 703.6
2001 9 28 12 42033.6 0.069 180.67 0.05 15.58 7.78 740.4
2001 9 29 12 41897.5 0.159 155.08 0.05 14.45 6.61 752.6
2001 9 30 12 41761.9 1.489 206.84 0.05 14.43 6.13 755.3
2001 10 1 12 41626.6 1.691 169.28 0.05 15.26 6.74 736.7
2001 10 2 12 41491.8 2.205 161.60 0.05 13.41 3.61 700.0
2001 10 3 12 41357.6 0.395 147.66 0.05 15.19 7.14 744.9
2001 10 4 12 41223.8 0.218 156.88 0.05 15.02 6.83 714.4
2001 10 5 12 41090.7 5.216 155.97 0.05 11.60 3.65 664.3
2001 10 6 12 40958.2 2.203 152.79 0.05 11.27 3.63 665.2
2001 10 7 12 40826.3 0.203 134.33 0.05 12.88 5.01 711.3
2001 10 8 12 40695.1 0.710 142.53 0.05 15.77 7.87 765.2
2001 10 9 12 40564.7 0.636 166.30 0.05 15.69 7.14 729.8
2001 10 10 12 40435.1 0.398 140.33 0.05 6.86 -1.15 536.4
2001 10 11 12 40306.3 1.767 177.18 0.05 12.87 5.06 748.7
2001 10 12 12 40178.3 0.100 175.24 0.05 12.34 3.79 697.4
2001 10 13 12 40051.3 5.693 132.02 0.05 10.67 2.36 652.7
2001 10 14 12 39925.2 3.649 130.62 0.05 11.64 2.09 667.7
2001 10 15 12 39800.0 0.968 113.26 0.05 10.66 4.23 712.9
2001 10 16 12 39675.8 0.406 182.83 0.05 11.14 2.07 652.4
2001 10 17 12 39552.7 1.483 141.76 0.05 11.00 3.54 646.6
2001 10 18 12 39430.7 0.394 138.20 0.05 9.40 1.86 621.7
2001 10 19 12 39309.8 0.025 140.15 0.05 10.50 1.79 677.5
2001 10 20 12 39190.1 1.273 147.65 0.05 10.25 2.94 622.7
2001 10 21 12 39071.5 2.361 112.31 0.05 11.47 3.81 666.6
2001 10 22 12 38954.2 1.774 146.19 0.05 10.49 1.47 659.1
2001 10 23 12 38838.1 0.933 155.28 0.05 11.21 2.83 634.5
2001 10 24 12 38723.3 0.901 139.05 0.05 10.53 2.11 641.7
2001 10 25 12 38609.8 0.390 137.58 0.05 11.70 4.06 663.9
2001 10 26 12 38497.7 0.771 117.22 0.05 8.95 1.40 641.1
2001 10 27 12 38387.0 1.508 152.28 0.05 10.58 2.06 603.3
2001 10 28 12 38277.7 2.112 137.23 0.05 9.11 1.47 654.8
2001 10 29 12 38169.9 0.169 116.73 0.05 11.09 2.82 665.4
2001 10 30 12 38063.6 0.487 135.21 0.05 9.14 1.28 599.1
2001 10 31 12 37958.7 0.186 144.97 0.05 6.95 -0.68 544.6
2001 11 1 12 37855.5 0.175 105.28 0.05 8.10 0.62 643.2
2001 11 2 12 37753.8 1.645 144.69 0.05 7.69 -0.76 579.4
2001 11 3 12 37653.8 0.833 124.57 0.05 6.55 -2.70 478.3
2001 11 4 12 37555.3 0.069 128.32 0.05 6.89 -1.32 556.9
2001 11 5 12 37458.6 0.132 109.04 0.05 4.25 -3.75 582.8
2001 11 6 12 37363.5 0.244 90.20 0.05 6.31 -3.37 492.2
2001 11 7 12 37270.2 0.188 126.21 0.05 8.02 -0.31 594.9
2001 11 8 12 37178.7 0.788 102.99 0.05 7.63 -0.99 604.9
2001 11 9 12 37088.9 2.978 94.24 0.05 5.83 -2.80 526.4
2001 11 10 12 37000.9 4.384 102.03 0.05 6.96 -1.85 521.3
2001 11 11 12 36914.8 0.788 130.41 0.05 8.12 0.49 612.8
2001 11 12 12 36830.5 0.969 133.40 0.05 4.92 -4.18 508.1
2001 11 13 12 36748.2 2.285 136.98 0.05 3.65 -3.98 501.4
2001 11 14 12 36667.7 0.582 133.35 0.05 5.68 -1.61 579.4
2001 11 15 12 36589.2 1.708 101.82 0.05 7.47 0.44 656.3
2001 11 16 12 36512.6 0.425 96.86 0.05 7.19 -0.71 559.3
2001 11 17 12 36438.0 2.085 122.49 0.05 4.80 -2.26 555.7
2001 11 18 12 36365.4 0.392 118.96 0.05 6.03 -2.31 569.7
2001 11 19 12 36294.9 1.301 123.76 0.05 4.71 -3.40 536.5
2001 11 20 12 36226.3 0.161 121.37 0.05 7.53 0.13 556.8
2001 11 21 12 36159.9 0.793 110.36 0.05 5.20 -2.80 525.9
2001 11 22 12 36095.5 0.129 125.17 0.05 1.88 -6.76 454.6
2001 11 23 12 36033.3 1.071 110.42 0.05 3.45 -5.52 481.3
2001 11 24 12 35973.2 0.856 126.83 0.05 3.98 -3.49 578.3
2001 11 25 12 35915.2 0.964 95.64 0.05 2.24 -5.72 425.4
2001 11 26 12 35859.3 0.685 82.63 0.05 3.90 -4.18 565.0
2001 11 27 12 35805.7 2.373 103.37 0.05 2.61 -5.05 467.1
2001 11 28 12 35754.2 0.011 103.37 0.05 4.19 -4.71 473.4
2001 11 29 12 35704.9 1.690 98.77 0.05 1.53 -6.23 455.7
2001 11 30 12 35657.9 0.727 86.48 0.05 2.49 -5.65 516.7
2001 12 1 12 35613.1 0.264 100.87 0.05 4.55 -4.39 539.4
2001 12 2 12 35570.6 1.272 89.09 0.05 2.73 -5.75 475.6
2001 12 3 12 35530.3 0.391 89.74 0.05 2.78 -4.26 503.6
2001 12 4 12 35492.2 0.117 90.76 0.05 0.87 -7.68 440.9
2001 12 5 12 35456.5 0.616 73.99 0.05 1.67 -6.21 473.3
2001 12 6 12 35423.1 2.316 98.65 0.05 1.19 -6.23 472.6
2001 12 7 12 35391.9 0.254 109.24 0.05 1.65 -6.84 496.6
2001 12 8 12 35363.1 0.200 85.32 0.05 5.24 -1.15 585.9
2001 12 9 12 35336.6 1.653 120.00 0.05 2.64 -4.71 530.4
2001 12 10 12 35312.4 2.506 88.61 0.05 1.89 -6.56 443.8
2001 12 11 12 35290.6 0.446 100.27 0.05 0.71 -7.29 410.1
2001 12 12 12 35271.1 2.037 89.65 0.05 0.39 -11.54 366.2
2001 12 13 12 35253.9 0.703 80.08 0.05 1.26 -6.51 498.0
2001 12 14 12 35239.2 0.566 92.63 0.05 1.83 -4.25 519.9
2001 12 15 12 35226.7 1.067 89.52 0.05 1.00 -6.97 464.5
2001 12 16 12 35216.7 0.356 98.39 0.05 -0.27 -8.76 425.6
2001 12 17 12 35209.0 2.146 104.58 0.05 0.83 -6.92 445.7
2001 12 18 12 35203.6 1.394 129.59 0.05 1.59 -7.88 477.8
2001 12 19 12 35200.7 0.737 104.90 0.05 2.24 -4.83 518.5
2001 12 20 12 35200.1 0.163 102.07 0.05 1.94 -6.28 459.6
2001 12 21 12 35201.9 0.772 96.62 0.05 -0.41 -9.13 450.4
2001 12 22 12 35206.0 1.898 78.63 0.05 -3.87 -12.47 330.7
2001 12 23 12 35212.5 3.226 105.02 0.05 -1.80 -9.58 403.3
2001 12 24 12 35221.4 0.485 89.93 0.05 -1.94 -9.32 363.3
2001 12 25 12 35232.6 0.823 100.57 0.05 0.10 -8.02 455.6
2001 12 26 12 35246.3 1.585 94.65 0.05 -1.80 -9.33 411.6
2001 12 27 12 35262.2 0.197 59.24 0.05 -1.41 -9.12 392.5
2001 12 28 12 35280.5 0.187 96.32 0.05 -0.98 -10.04 480.2
2001 12 29 12 35301.2 0.559 95.20 0.05 4.25 -3.21 553.8
2001 12 30 12 35324.2 1.811 111.06 0.05 1.78 -5.98 532.7
2001 12 31 12 35349.5 0.023 114.50 0.05 -1.20 -9.42 427.6
2002 1 1 12 35377.2 0.787 109.35 0.05 2.06 -5.08 494.6
2002 1 2 12 35407.2 3.024 95.24 0.05 -0.56 -8.69 389.0
2002 1 3 12 35439.5 1.328 109.33 0.05 -1.92 -9.48 405.9
2002 1 4 12 35474.1 0.776 96.20 0.05 -0.20 -9.35 471.2
2002 1 5 12 35511.0 7.838 104.86 0.05 -2.34 -9.36 410.2
2002 1 6 12 35550.1 0.825 121.41 0.05 -3.91 -10.77 384.2
2002 1 7 12 35591.5 2.084 108.01 0.05 -4.12 -13.18 341.1
2002 1 8 12 35635.2 1.577 135.56 0.05 0.64 -8.37 499.6
2002 1 9 12 35681.2 0.623 119.60 0.05 -1.31 -9.24 384.0
2002 1 10 12 35729.3 0.499 92.19 0.05 -2.75 -9.50 406.8
2002 1 11 12 35779.7 1.451 100.78 0.05 -0.60 -7.81 458.7
2002 1 12 12 35832.2 0.267 100.52 0.05 -3.41 -11.47 399.0
2002 1 13 12 35887.0 7.299 102.91 0.05 -2.83 -10.85 385.6
2002 1 14 12 35943.9 0.246 112.03 0.05 -0.55 -9.29 366.3
2002 1 15 12 36003.0 4.539 91.79 0.05 1.59 -5.95 512.3
2002 1 16 12 36064.1 0.472 102.90 0.05 -3.25 -12.12 363.9
2002 1 17 12 36127.5 0.605 101.75 0.05 -2.91 -9.86 425.8
2002 1 18 12 36192.9 1.396 106.76 0.05 -1.54 -9.29 399.0
2002 1 19 12 36260.3 4.253 134.66 0.05 -0.30 -9.52 453.9
2002 1 20 12 36329.9 2.248 103.17 0.05 -0.78 -8.59 432.3
2002 1 21 12 36401.5 0.321 95.14 0.05 -1.94 -10.03 380.5
2002 1 22 12 36475.1 7.019 130.23 0.05 -1.47 -10.65 444.1
2002 1 23 12 36550.6 1.969 118.79 0.05 -0.90 -9.33 404.0
2002 1 24 12 36628.2 2.456 138.28 0.05 1.41 -6.02 488.6
2002 1 25 12 36707.7 0.913 103.19 0.05 0.14 -7.57 463.2
2002 1 26 12 36789.1 1.639 116.07 0.05 -2.41 -10.45 412.3
2002 1 27 12 36872.4 1.774 119.61 0.05 -3.41 -11.62 330.3
2002 1 28 12 36957.6 8.718 127.05 0.05 -0.14 -9.10 497.8
2002 1 29 12 37044.7 2.205 135.87 0.05 -2.97 -11.24 395.5
2002 1 30 12 37133.6 3.721 109.60 0.05 -0.41 -8.16 481.9
2002 1 31 12 37224.2 0.996 115.99 0.05 0.12 -8.25 404.5
2002 2 1 12 37316.7 1.364 101.82 0.05 0.61 -6.78 461.3
2002 2 2 12 37410.8 2.018 115.83 0.05 -2.54 -11.45 373.3
2002 2 3 12 37506.7 2.760 177.47 0.05 0.37 -7.62 454.9
2002 2 4 12 37604.3 1.206 116.38 0.05 0.85 -7.04 516.8
2002 2 5 12 37703.6 1.792 118.72 0.05 -1.10 -8.40 469.0
2002 2 6 12 37804.5 0.190 144.58 0.05 -2.02 -9.61 382.4
2002 2 7 12 37906.9 2.763 139.54 0.05 -0.62 -9.34 470.7
2002 2 8 12 38011.0 0.550 117.78 0.05 -0.39 -7.69 407.6
2002 2 9 12 38116.5 0.163 134.30 0.05 0.95 -7.48 452.1
2002 2 10 12 38223.6 5.814 155.09 0.05 -0.29 -8.87 389.9
2002 2 11 12 38332.2 0.197 161.17 0.05 0.15 -8.16 471.2
2002 2 12 12 38442.2 2.031 145.64 0.05 0.79 -7.24 441.1
2002 2 13 12 38553.6 0.105 120.52 0.05 -0.40 -7.49 430.7
2002 2 14 12 38666.4 1.403 134.22 0.05 0.12 -7.58 473.5
2002 2 15 12 38780.5 0.922 131.82 0.05 -1.29 -8.45 447.0
2002 2 16 12 38896.0 2.883 161.63 0.05 0.15 -7.31 440.9
2002 2 17 12 39012.7 5.697 123.92 0.05 -0.08 -7.24 465.0
2002 2 18 12 39130.6 3.115 123.30 0.05 0.15 -8.07 438.3
2002 2 19 12 39249.8 2.185 122.78 0.05 -1.22 -11.42 390.7
2002 2 20 12 39370.1 1.917 120.07 0.05 0.50 -6.27 461.2
2002 2 21 12 39491.6 4.075 142.54 0.05 -0.37 -8.11 457.4
2002 2 22 12 39614.2 8.820 134.67 0.05 0.63 -6.54 461.4
2002 2 23 12 39737.8 0.528 120.37 0.05 1.02 -9.02 438.3
2002 2 24 12 39862.5 1.940 134.05 0.05 3.63 -3.30 477.4
2002 2 25 12 39988.1 5.347 150.48 0.05 0.25 -6.34 458.9
2002 2 26 12 40114.7 0.671 155.89 0.05 0.11 -6.37 437.6
2002 2 27 12 40242.2 1.619 136.18 0.05 1.09 -7.92 401.8
2002 2 28 12 40370.6 1.268 131.78 0.05 0.09 -9.60 412.2
2002 3 1 12 40499.8 4.451 170.59 0.05 -1.54 -10.39 406.5
2002 3 2 12 40629.8 2.937 144.65 0.05 1.29 -6.72 498.2
2002 3 3 12 40760.6 4.353 183.74 0.05 1.74 -5.80 506.9
2002 3 4 12 40892.1 1.215 159.30 0.05 2.28 -6.23 445.5
2002 3 5 12 41024.3 4.932 128.08 0.05 1.82 -5.65 493.1
2002 3 6 12 41157.2 5.307 147.48 0.05 1.22 -7.14 457.1
2002 3 7 12 41290.6 4.026 159.40 0.05 2.97 -5.23 468.9
2002 3 8 12 41424.6 1.101 172.00 0.05 1.97 -6.16 464.8
2002 3 9 12 41559.2 6.593 144.90 0.05 1.97 -7.18 482.3
2002 3 10 12 41694.2 0.046 161.83 0.05 3.86 -4.51 521.9
2002 3 11 12 41829.7 6.277 152.69 0.05 2.93 -5.21 464.4
2002 3 12 12 41965.5 5.916 177.44 0.05 5.25 -3.28 514.6
2002 3 13 12 42101.8 1.455 148.75 0.05 1.87 -6.70 470.7
2002 3 14 12 42238.3 3.831 169.82 0.05 6.25 -1.66 504.0
2002 3 15 12 42375.2 0.678 164.66 0.05 4.49 -4.93 481.6
2002 3 16 12 42512.3 1.585 175.26 0.05 2.36 -4.86 514.0
2002 3 17 12 42649.6 3.425 168.43 0.05 3.77 -3.17 514.4
2002 3 18 12 42787.0 1.982 157.52 0.05 3.41 -4.91 512.0
2002 3 19 12 42924.6 0.502 171.76 0.05 5.31 -2.41 484.8
2002 3 20 12 43062.3 0.120 157.51 0.05 3.76 -3.75 544.0
2002 3 21 12 43200.0 1.786 162.61 0.05 3.53 -3.66 500.4
2002 3 22 12 43337.7 1.055 178.16 0.05 5.72 -2.37 569.7
2002 3 23 12 43475.4 0.586 153.14 0.05 4.89 -2.42 588.6
2002 3 24 12 43613.0 14.101 196.12 0.05 2.08 -5.46 501.7
2002 3 25 12 43750.4 4.168 188.25 0.05 7.27 -1.28 558.5
2002 3 26 12 43887.7 1.461 214.41 0.05 5.48 -3.33 573.1
2002 3 27 12 44024.8 2.635 218.52 0.05 5.69 -3.25 523.5
2002 3 28 12 44161.7 0.701 171.26 0.05 7.59 -1.67 553.6
2002 3 29 12 44298.2 5.355 200.22 0.05 7.13 -1.21 560.5
2002 3 30 12 44434.5 3.084 193.63 0.05 9.82 1.87 625.4
2002 3 31 12 44570.3 3.416 208.59 0.05 5.70 -2.98 505.2
2002 4 1 12 44705.8 0.805 188.57 0.05 8.08 -0.50 561.7
2002 4 2 12 44840.8 2.422 190.38 0.05 6.11 -2.84 581.8
2002 4 3 12 44975.4 2.929 194.84 0.05 7.89 0.49 659.2
2002 4 4 12 45109.4 1.830 201.01 0.05 9.11 1.21 607.3
2002 4 5 12 45242.8 1.917 197.69 0.05 6.94 -0.74 606.9
2002 4 6 12 45375.7 3.904 208.65 0.05 11.53 3.17 664.8
2002 4 7 12 45507.9 1.583 193.18 0.05 9.00 0.66 593.1
2002 4 8 12 45639.4 0.201 179.98 0.05 7.79 -0.28 619.6
2002 4 9 12 45770.2 2.263 197.37 0.05 4.28 -4.91 491.0
2002 4 10 12 45900.2 1.759 198.01 0.05 8.80 0.73 646.9
2002 4 11 12 46029.4 4.934 240.68 0.05 11.16 2.84 648.4
2002 4 12 12 46157.8 4.655 208.06 0.05 9.67 0.48 628.3
2002 4 13 12 46285.3 8.552 221.73 0.05 10.33 1.82 628.9
2002 4 14 12 46411.9 1.294 208.68 0.05 9.31 0.88 636.9
2002 4 15 12 46537.5 6.701 194.79 0.05 9.61 0.90 582.0
2002 4 16 12 46662.2 0.731 198.43 0.05 9.87 2.88 620.7
2002 4 17 12 46785.8 4.873 219.80 0.05 9.52 2.28 669.8
2002 4 18 12 46908.4 0.904 228.84 0.05 10.24 1.99 644.4
2002 4 19 12 47029.9 0.719 227.47 0.05 10.41 2.62 640.8
2002 4 20 12 47150.2 2.856 222.86 0.05 11.55 3.21 673.4
2002 4 21 12 47269.4 2.526 228.67 0.05 10.82 2.70 616.6
2002 4 22 12 47387.3 3.478 228.35 0.05 12.69 5.19 735.9
2002 4 23 12 47504.0 0.463 227.95 0.05 14.59 5.70 689.2
2002 4 24 12 47619.5 0.349 231.42 0.05 10.98 2.52 647.9
2002 4 25 12 47733.6 2.289 228.98 0.05 14.36 6.33 720.3
2002 4 26 12 47846.4 1.558 218.40 0.05 12.98 4.07 725.1
2002 4 27 12 47957.8 2.884 227.52 0.05 11.40 3.58 618.1
2002 4 28 12 48067.8 7.721 260.40 0.05 14.56 7.40 700.9
2002 4 29 12 48176.4 16.397 236.14 0.05 13.57 6.07 663.8
2002 4 30 12 48283.5 7.876 247.98 0.05 13.94 6.47 735.9
2002 5 1 12 48389.0 3.128 224.51 0.05 9.55 0.85 606.4
2002 5 2 12 48493.1 4.795 230.31 0.05 14.21 6.10 771.7
2002 5 3 12 48595.5 2.633 218.87 0.05 13.33 6.08 736.1
2002 5 4 12 48696.4 4.631 225.09 0.05 14.24 5.31 662.2
2002 5 5 12 48795.7 2.206 245.58 0.05 14.75 5.65 705.9
2002 5 6 12 48893.3 3.511 219.72 0.05 14.66 6.59 752.4
2002 5 7 12 48989.2 0.904 264.77 0.05 14.94 6.72 732.5
2002 5 8 12 49083.3 1.381 241.17 0.05 15.61 8.50 760.3
2002 5 9 12 49175.8 2.444 265.51 0.05 14.22 7.00 724.1
2002 5 10 12 49266.4 7.644 259.13 0.05 17.43 9.39 786.2
2002 5 11 12 49355.3 2.743 244.46 0.05 15.94 7.67 721.6
2002 5 12 12 49442.4 2.701 228.81 0.05 14.09 5.76 716.3
2002 5 13 12 49527.6 3.220 236.73 0.05 15.91 7.00 751.8
2002 5 14 12 49610.9 2.376 243.72 0.05 14.02 5.47 699.9
2002 5 15 12 49692.3 4.292 242.93 0.05 16.97 7.87 760.3
2002 5 16 12 49771.8 3.294 248.81 0.05 14.42 6.17 724.7
2002 5 17 12 49849.4 2.367 275.27 0.05 15.89 7.37 736.6
2002 5 18 12 49924.9 4.035 239.49 0.05 15.87 8.19 795.4
2002 5 19 12 49998.5 2.114 233.21 0.05 17.74 10.44 742.2
2002 5 20 12 50070.1 2.490 255.72 0.05 15.53 7.81 712.5
2002 5 21 12 50139.7 11.154 254.12 0.05 17.50 9.77 811.1
2002 5 22 12 50207.1 1.925 235.14 0.05 15.02 7.61 777.4
2002 5 23 12 50272.5 1.875 266.91 0.05 18.80 10.75 803.1
2002 5 24 12 50335.9 0.199 225.07 0.05 17.33 11.01 846.9
2002 5 25 12 50397.0 1.390 267.25 0.05 16.96 9.42 768.9
2002 5 26 12 50456.1 2.272 270.03 0.05 18.04 9.56 770.6
2002 5 27 12 50513.0 1.692 284.14 0.05 18.32 9.83 807.4
2002 5 28 12 50567.8 3.740 248.62 0.05 17.32 8.60 790.7
2002 5 29 12 50620.3 1.340 255.75 0.05 20.63 12.56 851.1
2002 5 30 12 50670.7 5.090 257.03 0.05 19.98 10.80 865.0
2002 5 31 12 50718.8 0.258 246.07 0.05 16.10 7.85 776.6
2002 6 1 12 50764.8 1.237 258.50 0.05 18.82 8.64 694.9
2002 6 2 12 50808.5 2.806 261.72 0.05 18.47 11.41 830.1
2002 6 3 12 50849.9 2.591 261.85 0.05 14.92 6.76 752.4
2002 6 4 12 50889.0 2.896 270.05 0.05 19.38 13.29 897.8
2002 6 5 12 50925.9 3.517 267.81 0.05 18.13 10.04 840.6
2002 6 6 12 50960.5 1.557 256.41 0.05 19.24 11.04 836.1
2002 6 7 12 50992.8 3.302 235.08 0.05 20.14 11.20 828.2
2002 6 8 12 51022.8 3.445 282.12 0.05 20.83 12.59 863.0
2002 6 9 12 51050.5 11.027 240.94 0.05 20.33 13.78 883.1
2002 6 10 12 51075.8 3.079 263.64 0.05 16.66 8.77 696.5
2002 6 11 12 51098.8 12.197 237.27 0.05 20.10 12.90 875.0
2002 6 12 12 51119.5 1.579 251.90 0.05 17.60 9.55 748.1
2002 6 13 12 51137.8 5.685 261.62 0.05 18.77 11.91 901.8
2002 6 14 12 51153.7 0.512 263.43 0.05 23.36 15.94 910.4
2002 6 15 12 51167.4 2.356 243.39 0.05 20.81 12.13 857.6
2002 6 16 12 51178.6 5.042 283.34 0.05 18.08 10.48 831.6
2002 6 17 12 51187.5 2.099 252.88 0.05 20.58 13.38 894.1
2002 6 18 12 51194.0 5.791 276.47 0.05 24.23 14.48 905.0
2002 6 19 12 51198.1 0.194 253.39 0.05 20.26 11.65 838.4
2002 6 20 12 51199.9 1.318 255.30 0.05 18.15 8.74 849.2
2002 6 21 12 51199.3 1.328 291.82 0.05 21.14 13.79 913.7
2002 6 22 12 51196.4 0.394 262.22 0.05 24.68 17.10 913.3
2002 6 23 12 51191.0 1.120 232.10 0.05 20.77 12.57 843.6
2002 6 24 12 51183.3 0.848 261.22 0.05 23.89 15.73 994.0
2002 6 25 12 51173.3 2.633 258.65 0.05 21.60 13.72 803.9
2002 6 26 12 51160.8 2.747 252.92 0.05 25.36 17.54 940.2
2002 6 27 12 51146.1 5.062 240.59 0.05 21.55 15.40 875.2
2002 6 28 12 51128.9 4.224 249.04 0.05 21.55 13.29 840.1
2002 6 29 12 51109.4 2.175 284.57 0.05 22.88 14.90 846.8
2002 6 30 12 51087.6 18.465 249.82 0.05 21.08 13.50 888.6
2002 7 1 12 51063.4 4.649 262.68 0.05 21.51 14.19 912.9
2002 7 2 12 51036.9 15.584 249.66 0.05 21.96 13.99 885.1
2002 7 3 12 51008.1 0.121 240.26 0.05 24.79 16.98 939.1
2002 7 4 12 50976.9 0.028 249.54 0.05 19.48 11.38 810.0
2002 7 5 12 50943.5 3.179 269.64 0.05 20.56 12.27 877.6
2002 7 6 12 50907.8 3.266 272.96 0.05 24.79 19.04 1013.9
2002 7 7 12 50869.7 1.258 250.08 0.05 22.55 14.58 939.3
2002 7 8 12 50829.4 1.210 249.42 0.05 20.87 14.07 843.5
2002 7 9 12 50786.9 2.381 289.83 0.05 23.32 15.03 883.5
2002 7 10 12 50742.1 0.350 262.92 0.05 22.43 13.55 868.7
2002 7 11 12 50695.1 7.292 270.74 0.05 21.71 12.53 874.4
2002 7 12 12 50645.8 3.180 264.32 0.05 21.22 12.88 848.9
2002 7 13 12 50594.3 4.868 276.64 0.05 22.09 12.41 869.1
2002 7 14 12 50540.7 0.806 252.71 0.05 19.34 12.33 794.2
2002 7 15 12 50484.8 0.915 256.88 0.05 21.86 13.64 892.4
2002 7 16 12 50426.8 3.149 247.52 0.05 24.25 16.31 906.3
2002 7 17 12 50366.7 2.421 233.54 0.05 23.70 14.87 861.7
2002 7 18 12 50304.5 5.430 245.09 0.05 22.08 12.88 856.5
2002 7 19 12 50240.1 1.998 219.42 0.05 20.67 11.75 852.9
2002 7 20 12 50173.7 3.710 237.11 0.05 21.93 14.79 859.3
2002 7 21 12 50105.1 1.605 255.39 0.05 19.22 11.89 882.2
2002 7 22 12 50034.6 0.632 268.25 0.05 23.34 15.18 882.2
2002 7 23 12 49962.0 0.055 230.28 0.05 23.49 14.44 961.6
2002 7 24 12 49887.4 0.515 258.57 0.05 23.85 15.85 884.4
2002 7 25 12 49810.8 3.878 242.38 0.05 24.22 17.11 915.4
2002 7 26 12 49732.3 6.760 243.34 0.05 23.86 17.30 916.9
2002 7 27 12 49651.8 0.938 259.63 0.05 22.74 16.50 928.4
2002 7 28 12 49569.5 4.970 251.83 0.05 21.85 14.06 916.9
2002 7 29 12 49485.2 2.051 223.82 0.05 21.74 13.05 842.9
2002 7 30 12 49399.1 3.265 238.53 0.05 22.43 14.57 886.9
2002 7 31 12 49311.1 1.342 235.27 0.05 23.63 14.97 883.1
2002 8 1 12 49221.3 0.308 252.34 0.05 21.02 13.94 896.0
2002 8 2 12 49129.8 5.472 254.65 0.05 22.80 15.85 924.5
2002 8 3 12 49036.5 3.735 248.06 0.05 20.84 12.63 937.4
2002 8 4 12 48941.4 4.063 235.90 0.05 23.01 15.52 920.4
2002 8 5 12 48844.7 3.528 222.26 0.05 21.21 14.09 896.7
2002 8 6 12 48746.2 2.312 226.05 0.05 25.05 16.03 944.4
2002 8 7 12 48646.2 1.254 234.15 0.05 21.66 14.47 836.1
2002 8 8 12 48544.5 6.104 238.00 0.05 22.41 14.49 862.7
2002 8 9 12 48441.3 1.154 228.47 0.05 20.10 11.64 845.2
2002 8 10 12 48336.4 0.596 250.87 0.05 22.72 13.57 915.9
2002 8 11 12 48230.1 1.656 243.03 0.05 23.42 15.65 902.3
2002 8 12 12 48122.3 0.573 255.92 0.05 20.54 13.01 854.2
2002 8 13 12 48013.0 3.462 210.61 0.05 21.58 15.27 891.6
2002 8 14 12 47902.3 3.502 239.59 0.05 20.21 11.46 837.9
2002 8 15 12 47790.2 2.489 243.73 0.05 21.26 14.14 931.6
2002 8 16 12 47676.7 3.374 211.73 0.05 22.84 15.85 904.2
2002 8 17 12 47561.9 5.908 228.57 0.05 24.41 16.04 961.2
2002 8 18 12 47445.8 2.704 223.17 0.05 22.41 15.14 839.6
2002 8 19 12 47328.5 3.046 219.10 0.05 19.33 10.16 832.2
2002 8 20 12 47209.9 1.405 204.59 0.05 20.94 14.47 897.5
2002 8 21 12 47090.2 1.168 213.45 0.05 22.11 13.90 872.2
2002 8 22 12 46969.3 0.713 207.77 0.05 16.26 7.57 777.6
2002 8 23 12 46847.3 1.035 230.57 0.05 21.25 13.12 862.1
2002 8 24 12 46724.2 1.794 237.63 0.05 20.92 12.95 799.3
2002 8 25 12 46600.0 1.306 200.35 0.05 23.74 14.98 894.4
2002 8 26 12 46474.8 0.721 224.73 0.05 20.43 13.38 867.6
2002 8 27 12 46348.7 1.480 213.54 0.05 22.53 14.75 887.1
2002 8 28 12 46221.7 1.428 215.57 0.05 19.80 11.83 825.4
2002 8 29 12 46093.7 3.412 203.35 0.05 21.05 12.12 829.5
2002 8 30 12 45964.9 3.927 196.82 0.05 20.42 12.97 848.9
2002 8 31 12 45835.3 5.029 228.59 0.05 22.34 15.03 878.8
2002 9 1 12 45704.9 0.161 197.96 0.05 21.75 14.10 872.8
2002 9 2 12 45573.7 1.971 216.47 0.05 18.83 10.71 828.9
2002 9 3 12 45441.8 0.041 213.73 0.05 17.05 8.66 712.0
2002 9 4 12 45309.3 1.347 199.16 0.05 20.53 12.67 844.2
2002 9 5 12 45176.2 4.422 209.21 0.05 21.65 13.73 873.0
2002 9 6 12 45042.4 3.167 192.71 0.05 16.63 9.27 786.2
2002 9 7 12 44908.2 4.645 204.10 0.05 21.41 13.69 839.2
2002 9 8 12 44773.4 0.090 169.99 0.05 17.36 7.90 767.8
2002 9 9 12 44638.1 2.347 186.38 0.05 20.52 12.81 855.2
2002 9 10 12 44502.5 0.132 194.22 0.05 18.24 9.82 778.7
2002 9 11 12 44366.4 1.018 168.70 0.05 20.04 11.09 797.8
2002 9 12 12 44230.0 5.282 173.34 0.05 18.61 9.44 799.2
2002 9 13 12 44093.3 2.483 165.85 0.05 19.43 10.77 769.1
2002 9 14 12 43956.3 3.005 196.37 0.05 17.14 7.62 761.8
2002 9 15 12 43819.1 1.750 166.84 0.05 15.43 7.12 752.0
2002 9 16 12 43681.7 0.333 168.72 0.05 18.94 11.81 784.1
2002 9 17 12 43544.2 2.297 175.92 0.05 18.81 10.73 815.9
2002 9 18 12 43406.5 3.588 194.33 0.05 16.36 7.22 710.7
2002 9 19 12 43268.9 0.709 138.19 0.05 17.42 8.51 822.7
2002 9 20 12 43131.1 3.966 172.44 0.05 15.76 9.55 753.8
2002 9 21 12 42993.5 0.019 194.20 0.05 14.29 6.38 772.1
2002 9 22 12 42855.8 0.283 163.14 0.05 16.78 8.91 770.2
2002 9 23 12 42718.3 0.283 179.68 0.05 17.01 8.98 788.5
2002 9 24 12 42580.9 0.728 181.70 0.05 15.29 5.76 724.4
2002 9 25 12 42443.7 2.581 149.07 0.05 17.63 8.17 716.1
2002 9 26 12 42306.7 0.011 166.15 0.05 14.28 5.32 689.6
2002 9 27 12 42170.0 2.583 160.17 0.05 17.12 8.49 757.1
2002 9 28 12 42033.6 2.205 170.77 0.05 13.43 4.57 643.2
2002 9 29 12 41897.5 0.186 174.90 0.05 15.61 7.43 741.7
2002 9 30 12 41761.9 0.335 170.01 0.05 14.87 7.60 753.0
2002 10 1 12 41626.6 0.212 173.07 0.05 16.00 8.96 740.6
2002 10 2 12 41491.8 0.081 150.08 0.05 14.94 6.44 769.7
2002 10 3 12 41357.6 0.404 157.22 0.05 14.77 6.52 704.2
2002 10 4 12 41223.8 0.067 170.66 0.05 13.89 6.11 679.9
2002 10 5 12 41090.7 1.111 166.15 0.05 14.56 6.66 764.1
2002 10 6 12 40958.2 0.368 132.43 0.05 11.65 3.63 639.1
2002 10 7 12 40826.3 0.484 160.43 0.05 9.78 2.22 621.5
2002 10 8 12 40695.1 0.068 134.46 0.05 16.10 8.64 799.9
2002 10 9 12 40564.7 0.870 135.28 0.05 10.41 3.06 639.5
2002 10 10 12 40435.1 1.135 167.74 0.05 15.41 7.37 778.9
2002 10 11 12 40306.3 0.113 162.87 0.05 11.43 4.03 680.1
2002 10 12 12 40178.3 0.820 139.11 0.05 14.55 4.21 664.5
2002 10 13 12 40051.3 0.975 150.13 0.05 14.22 6.25 736.3
2002 10 14 12 39925.2 10.952 153.97 0.05 11.71 4.17 662.6
2002 10 15 12 39800.0 0.973 132.87 0.05 11.52 2.58 685.7
2002 10 16 12 39675.8 2.748 110.64 0.05 10.46 3.31 664.9
2002 10 17 12 39552.7 2.211 147.73 0.05 11.33 1.54 650.3
2002 10 18 12 39430.7 1.767 164.31 0.05 11.57 2.03 596.5
2002 10 19 12 39309.8 0.438 131.23 0.05 14.08 6.05 697.2
2002 10 20 12 39190.1 1.993 138.98 0.05 7.94 -2.18 513.6
2002 10 21 12 39071.5 0.274 154.33 0.05 10.23 2.18 685.2
2002 10 22 12 38954.2 0.222 158.50 0.05 11.36 4.33 675.6
2002 10 23 12 38838.1 1.761 142.14 0.05 8.09 -0.00 569.4
2002 10 24 12 38723.3 2.379 127.76 0.05 11.59 2.93 641.3
2002 10 25 12 38609.8 0.483 135.97 0.05 11.55 4.27 661.2
2002 10 26 12 38497.7 0.503 127.66 0.05 10.70 0.84 668.7
2002 10 27 12 38387.0 0.816 126.23 0.05 8.60 0.87 631.1
2002 10 28 12 38277.7 1.864 139.37 0.05 10.34 2.23 606.3
2002 10 29 12 38169.9 1.220 135.61 0.05 8.60 -0.72 570.0
2002 10 30 12 38063.6 3.022 134.89 0.05 8.03 -0.39 596.5
2002 10 31 12 37958.7 1.330 123.32 0.05 9.62 1.55 641.6
2002 11 1 12 37855.5 0.418 148.31 0.05 7.47 -0.40 591.4
2002 11 2 12 37753.8 0.482 113.47 0.05 9.41 2.77 623.2
2002 11 3 12 37653.8 0.716 97.99 0.05 9.18 0.90 634.7
2002 11 4 12 37555.3 0.305 113.91 0.05 9.27 0.93 618.1
2002 11 5 12 37458.6 0.321 128.21 0.05 6.29 -2.28 567.4
2002 11 6 12 37363.5 1.243 118.56 0.05 8.10 -0.55 523.4
2002 11 7 12 37270.2 1.490 104.96 0.05 6.58 -0.02 605.3
2002 11 8 12 37178.7 0.563 139.29 0.05 10.00 2.77 691.2
2002 11 9 12 37088.9 2.041 88.84 0.05 4.65 -4.60 505.3
2002 11 10 12 37000.9 0.451 115.46 0.05 6.65 -1.24 566.8
2002 11 11 12 36914.8 0.591 115.83 0.05 6.12 -2.35 526.9
2002 11 12 12 36830.5 0.313 151.21 0.05 6.10 -1.84 499.6
2002 11 13 12 36748.2 0.299 129.14 0.05 3.94 -6.16 474.5
2002 11 14 12 36667.7 0.153 122.42 0.05 4.54 -4.87 484.2
2002 11 15 12 36589.2 0.174 147.01 0.05 3.40 -4.82 540.3
2002 11 16 12 36512.6 0.052 123.50 0.05 3.16 -4.35 475.2
2002 11 17 12 36438.0 0.756 125.85 0.05 4.60 -3.58 529.1
2002 11 18 12 36365.4 0.823 104.27 0.05 8.43 -0.63 597.2
2002 11 19 12 36294.9 1.104 130.84 0.05 6.07 -1.63 575.6
2002 11 20 12 36226.3 0.411 95.61 0.05 3.60 -4.70 478.9
2002 11 21 12 36159.9 0.743 100.30 0.05 4.17 -4.14 504.3
2002 11 22 12 36095.5 0.771 133.54 0.05 2.48 -6.30 483.5
2002 11 23 12 36033.3 0.482 107.73 0.05 0.07 -6.82 455.6
2002 11 24 12 35973.2 0.223 110.49 0.05 3.95 -4.35 520.7
2002 11 25 12 35915.2 0.322 134.64 0.05 3.38 -3.83 473.4
2002 11 26 12 35859.3 3.034 96.63 0.05 3.27 -5.04 488.5
2002 11 27 12 35805.7 1.581 106.98 0.05 2.73 -6.75 483.1
2002 11 28 12 35754.2 0.432 83.98 0.05 2.48 -5.31 486.6
2002 11 29 12 35704.9 0.215 117.24 0.05 3.81 -3.82 459.4
2002 11 30 12 35657.9 3.714 116.90 0.05 1.24 -8.01 442.9
2002 12 1 12 35613.1 1.229 109.38 0.05 2.88 -4.37 504.9
2002 12 2 12 35570.6 0.238 92.11 0.05 -0.01 -8.43 404.1
2002 12 3 12 35530.3 2.880 110.35 0.05 5.31 -1.78 591.4
2002 12 4 12 35492.2 0.761 91.82 0.05 3.44 -4.45 534.7
2002 12 5 12 35456.5 1.141 81.70 0.05 1.17 -7.47 432.4
2002 12 6 12 35423.1 1.711 117.18 0.05 1.48 -7.00 465.6
2002 12 7 12 35391.9 0.774 104.51 0.05 3.05 -3.67 524.3
2002 12 8 12 35363.1 0.069 96.08 0.05 3.12 -4.33 490.7
2002 12 9 12 35336.6 0.154 110.65 0.05 0.77 -7.08 493.9
2002 12 10 12 35312.4 0.311 82.39 0.05 0.63 -6.73 447.6
2002 12 11 12 35290.6 1.382 115.11 0.05 0.43 -6.91 455.4
2002 12 12 12 35271.1 2.320 109.98 0.05 2.30 -4.87 490.7
2002 12 13 12 35253.9 1.031 78.06 0.05 0.67 -6.11 484.8
2002 12 14 12 35239.2 1.739 118.71 0.05 1.76 -5.20 543.7
2002 12 15 12 35226.7 0.322 136.09 0.05 1.43 -5.00 530.3
2002 12 16 12 35216.7 0.507 121.81 0.05 0.10 -8.31 492.7
2002 12 17 12 35209.0 0.296 119.74 0.05 -1.36 -9.90 426.9
2002 12 18 12 35203.6 1.076 98.71 0.05 2.08 -4.36 528.3
2002 12 19 12 35200.7 2.514 72.02 0.05 0.61 -7.18 379.3
2002 12 20 12 35200.1 1.580 98.29 0.05 0.59 -7.73 457.3
2002 12 21 12 35201.9 0.332 97.72 0.05 0.17 -8.32 417.4
2002 12 22 12 35206.0 0.367 96.78 0.05 -1.76 -9.46 379.6
2002 12 23 12 35212.5 0.960 92.99 0.05 -0.60 -9.22 401.4
2002 12 24 12 35221.4 0.657 105.18 0.05 0.32 -8.46 418.9
2002 12 25 12 35232.6 0.096 91.04 0.05 -0.96 -8.90 385.5
2002 12 26 12 35246.3 0.369 88.18 0.05 0.30 -7.58 437.5
2002 12 27 12 35262.2 1.912 97.46 0.05 -0.53 -8.33 498.2
2002 12 28 12 35280.5 0.179 99.23 0.05 -2.48 -11.27 330.4
2002 12 29 12 35301.2 0.686 93.36 0.05 -3.25 -11.89 371.8
2002 12 30 12 35324.2 2.180 121.30 0.05 0.04 -7.30 463.8
2002 12 31 12 35349.5 0.768 108.68 0.05 -1.82 -9.87 414.0
2003 1 1 12 35377.2 0.159 112.80 0.05 -1.13 -7.78 444.6
2003 1 2 12 35407.2 0.984 116.35 0.05 -2.01 -9.96 415.1
2003 1 3 12 35439.5 0.060 95.97 0.05 0.74 -7.51 408.1
2003 1 4 12 35474.1 0.082 129.19 0.05 -2.90 -12.26 340.2
2003 1 5 12 35511.0 2.186 114.48 0.05 0.46 -8.35 426.4
2003 1 6 12 35550.1 1.576 111.40 0.05 -3.07 -11.88 421.5
2003 1 7 12 35591.5 0.347 86.26 0.05 -0.15 -8.03 426.9
2003 1 8 12 35635.2 1.427 90.53 0.05 -1.28 -10.59 359.4
2003 1 9 12 35681.2 1.916 112.86 0.05 -0.95 -8.96 443.9
2003 1 10 12 35729.3 0.488 89.68 0.05 -0.69 -8.62 457.8
2003 1 11 12 35779.7 3.606 98.63 0.05 -1.41 -10.57 389.6
2003 1 12 12 35832.2 1.254 108.80 0.05 -0.14 -8.41 378.5
2003 1 13 12 35887.0 0.074 101.78 0.05 -1.83 -10.60 388.9
2003 1 14 12 35943.9 1.105 118.99 0.05 -3.02 -10.95 361.5
2003 1 15 12 36003.0 0.520 122.42 0.05 -1.94 -10.32 398.7
2003 1 16 12 36064.1 1.285 93.03 0.05 -1.88 -8.99 397.7
2003 1 17 12 36127.5 2.290 103.05 0.05 -0.90 -10.63 384.6
2003 1 18 12 36192.9 0.207 105.61 0.05 -2.96 -10.03 380.2
2003 1 19 12 36260.3 1.601 107.28 0.05 0.14 -9.15 358.1
2003 1 20 12 36329.9 4.534 116.48 0.05 0.74 -6.70 497.5
2003 1 21 12 36401.5 1.062 73.93 0.05 -1.68 -10.85 351.6
2003 1 22 12 36475.1 0.359 112.31 0.05 -0.39 -8.12 440.3
2003 1 23 12 36550.6 1.926 76.83 0.05 1.93 -5.41 540.2
2003 1 24 12 36628.2 0.074 122.34 0.05 -0.96 -9.38 388.2
2003 1 25 12 36707.7 0.261 108.05 0.05 -3.07 -10.75 400.3
2003 1 26 12 36789.1 0.398 118.28 0.05 -1.65 -10.33 363.0
2003 1 27 12 36872.4 0.783 112.82 0.05 -2.10 -9.30 429.2
2003 1 28 12 36957.6 1.346 131.53 0.05 -0.76 -9.57 392.7
2003 1 29 12 37044.7 3.455 107.64 0.05 0.73 -8.02 378.7
2003 1 30 12 37133.6 2.065 115.24 0.05 -3.69 -11.73 384.8
2003 1 31 12 37224.2 2.608 129.14 0.05 1.03 -6.42 464.8
2003 2 1 12 37316.7 3.128 152.43 0.05 -0.56 -9.23 425.4
2003 2 2 12 37410.8 0.695 110.86 0.05 0.17 -8.07 440.8
2003 2 3 12 37506.7 3.060 139.76 0.05 -0.19 -8.55 405.5
2003 2 4 12 37604.3 0.506 105.57 0.05 -1.73 -8.94 450.6
2003 2 5 12 37703.6 0.905 113.59 0.05 -0.00 -7.36 461.9
2003 2 6 12 37804.5 1.456 150.46 0.05 0.87 -7.96 420.2
2003 2 7 12 37906.9 1.353 129.89 0.05 1.24 -9.17 414.4
2003 2 8 12 38011.0 3.542 128.47 0.05 1.15 -8.30 479.3
2003 2 9 12 38116.5 6.223 123.37 0.05 -1.19 -8.17 428.5
2003 2 10 12 38223.6 1.638 121.80 0.05 1.61 -5.16 489.5
2003 2 11 12 38332.2 9.050 123.89 0.05 1.29 -7.11 499.0
2003 2 12 12 38442.2 2.054 150.30 0.05 1.17 -7.13 528.2
2003 2 13 12 38553.6 2.200 118.53 0.05 -1.90 -9.95 373.3
2003 2 14 12 38666.4 2.592 117.38 0.05 -0.84 -8.92 418.0
2003 2 15 12 38780.5 3.185 122.77 0.05 0.27 -6.83 460.1
2003 2 16 12 38896.0 4.573 131.73 0.05 1.43 -5.69 514.9
2003 2 17 12 39012.7 1.485 108.26 0.05 -1.93 -10.99 429.9
2003 2 18 12 39130.6 2.180 123.32 0.05 -1.36 -10.12 390.4
2003 2 19 12 39249.8 0.457 145.16 0.05 0.61 -7.37 398.0
2003 2 20 12 39370.1 1.684 147.02 0.05 -1.04 -7.56 447.3
2003 2 21 12 39491.6 0.406 162.11 0.05 0.10 -7.63 444.5
2003 2 22 12 39614.2 0.816 147.92 0.05 0.61 -7.29 483.7
2003 2 23 12 39737.8 4.107 154.76 0.05 -2.13 -10.52 350.7
2003 2 24 12 39862.5 5.316 165.41 0.05 1.36 -7.55 433.4
2003 2 25 12 39988.1 0.569 142.16 0.05 0.86 -7.91 475.5
2003 2 26 12 40114.7 0.317 164.76 0.05 -1.07 -9.78 416.7
2003 2 27 12 40242.2 4.708 158.53 0.05 0.48 -6.70 470.1
2003 2 28 12 40370.6 3.967 148.76 0.05 2.65 -4.44 524.2
2003 3 1 12 40499.8 1.367 165.11 0.05 1.10 -6.20 471.9
2003 3 2 12 40629.8 0.340 132.67 0.05 1.76 -6.76 429.5
2003 3 3 12 40760.6 8.840 154.20 0.05 2.30 -5.84 482.2
2003 3 4 12 40892.1 4.855 155.13 0.05 -0.80 -6.54 472.0
2003 3 5 12 41024.3 9.964 172.28 0.05 4.30 -3.22 594.0
2003 3 6 12 41157.2 5.432 160.36 0.05 3.00 -5.35 484.1
2003 3 7 12 41290.6 6.816 167.29 0.05 3.09 -5.83 499.2
2003 3 8 12 41424.6 2.381 176.20 0.05 3.58 -3.90 532.6
2003 3 9 12 41559.2 2.759 163.04 0.05 2.65 -5.17 528.5
2003 3 10 12 41694.2 4.394 139.34 0.05 2.90 -5.80 483.1
2003 3 11 12 41829.7 3.557 167.78 0.05 6.51 -1.08 552.2
2003 3 12 12 41965.5 0.688 151.06 0.05 1.10 -7.81 545.1
2003 3 13 12 42101.8 0.348 171.04 0.05 4.34 -2.36 505.9
2003 3 14 12 42238.3 6.764 173.01 0.05 2.03 -6.32 452.5
2003 3 15 12 42375.2 1.281 191.16 0.05 5.85 -1.59 561.1
2003 3 16 12 42512.3 4.247 173.55 0.05 4.06 -2.94 595.2
2003 3 17 12 42649.6 4.111 171.39 0.05 2.00 -6.63 450.6
2003 3 18 12 42787.0 6.062 166.70 0.05 5.07 -2.64 514.8
2003 3 19 12 42924.6 1.687 180.15 0.05 6.05 -0.30 604.5
2003 3 20 12 43062.3 3.880 195.67 0.05 5.14 -1.67 604.1
2003 3 21 12 43200.0 7.121 163.42 0.05 6.14 -3.61 487.6
2003 3 22 12 43337.7 2.077 189.50 0.05 7.13 -0.54 605.0
2003 3 23 12 43475.4 0.372 176.44 0.05 6.36 -0.55 599.0
2003 3 24 12 43613.0 1.931 180.92 0.05 4.72 -2.50 523.0
2003 3 25 12 43750.4 1.448 173.76 0.05 7.59 -0.05 561.9
2003 3 26 12 43887.7 0.649 171.41 0.05 6.44 -0.42 597.9
2003 3 27 12 44024.8 3.254 191.31 0.05 5.19 -2.77 518.0
2003 3 28 12 44161.7 7.207 191.77 0.05 6.78 1.01 612.4
2003 3 29 12 44298.2 7.583 188.58 0.05 6.92 -1.82 601.2
2003 3 30 12 44434.5 2.186 198.45 0.05 6.71 -1.07 584.8
2003 3 31 12 44570.3 0.328 173.87 0.05 4.69 -3.80 513.6
2003 4 1 12 44705.8 2.560 198.50 0.05 8.68 1.69 696.7
2003 4 2 12 44840.8 2.781 204.55 0.05 8.22 0.25 617.0
2003 4 3 12 44975.4 0.936 186.90 0.05 6.40 -3.08 519.2
2003 4 4 12 45109.4 3.942 201.17 0.05 8.25 -1.27 591.5
2003 4 5 12 45242.8 6.101 212.64 0.05 8.20 -1.20 606.8
2003 4 6 12 45375.7 4.971 189.70 0.05 5.55 -4.00 538.5
2003 4 7 12 45507.9 0.938 212.00 0.05 7.97 0.52 639.1
2003 4 8 12 45639.4 2.381 202.51 0.05 8.77 0.30 641.2
2003 4 9 12 45770.2 1.524 213.60 0.05 10.97 3.05 655.7
2003 4 10 12 45900.2 1.812 207.16 0.05 8.84 1.27 665.3
2003 4 11 12 46029.4 10.740 190.78 0.05 11.45 2.13 688.8
2003 4 12 12 46157.8 0.333 203.62 0.05 8.71 0.26 611.0
2003 4 13 12 46285.3 0.101 209.91 0.05 9.00 2.73 721.6
2003 4 14 12 46411.9 2.744 189.13 0.05 7.06 -0.00 587.3
2003 4 15 12 46537.5 4.006 246.48 0.05 9.65 2.06 630.9
2003 4 16 12 46662.2 0.578 210.27 0.05 9.35 1.67 594.3
2003 4 17 12 46785.8 1.198 216.22 0.05 9.31 1.21 626.8
2003 4 18 12 46908.4 3.015 212.45 0.05 9.57 0.69 598.1
2003 4 19 12 47029.9 0.166 204.88 0.05 9.13 2.46 634.2
2003 4 20 12 47150.2 6.846 223.31 0.05 9.41 -0.08 615.8
2003 4 21 12 47269.4 8.710 222.79 0.05 10.99 1.71 614.9
2003 4 22 12 47387.3 0.241 187.02 0.05 12.11 4.13 669.2
2003 4 23 12 47504.0 2.697 219.22 0.05 13.45 5.45 748.4
2003 4 24 12 47619.5 3.503 227.38 0.05 12.16 5.34 672.4
2003 4 25 12 47733.6 1.841 212.58 0.05 9.43 -0.29 627.0
2003 4 26 12 47846.4 7.995 204.02 0.05 12.46 4.75 759.0
2003 4 27 12 47957.8 21.882 242.86 0.05 14.19 6.29 772.0
2003 4 28 12 48067.8 2.926 226.11 0.05 12.83 4.71 673.0
2003 4 29 12 48176.4 5.243 202.83 0.05 14.45 5.24 655.3
2003 4 30 12 48283.5 2.284 237.06 0.05 12.32 3.89 666.6
2003 5 1 12 48389.0 5.956 214.66 0.05 12.16 3.86 661.9
2003 5 2 12 48493.1 1.717 256.40 0.05 12.42 6.28 668.9
2003 5 3 12 48595.5 6.231 226.43 0.05 14.20 6.63 704.1
2003 5 4 12 48696.4 1.614 205.01 0.05 12.26 3.23 655.8
2003 5 5 12 48795.7 5.024 254.71 0.05 13.37 6.61 752.3
2003 5 6 12 48893.3 2.008 236.63 0.05 14.61 7.14 750.8
2003 5 7 12 48989.2 5.086 228.18 0.05 16.23 8.06 758.2
2003 5 8 12 49083.3 3.551 240.87 0.05 13.16 5.02 718.9
2003 5 9 12 49175.8 0.711 247.23 0.05 16.75 8.25 768.3
2003 5 10 12 49266.4 12.720 269.18 0.05 17.04 9.10 777.0
2003 5 11 12 49355.3 1.041 232.49 0.05 13.41 5.75 658.1
2003 5 12 12 49442.4 8.615 229.03 0.05 14.48 6.48 706.3
2003 5 13 12 49527.6 2.605 285.27 0.05 14.54 6.30 731.5
2003 5 14 12 49610.9 2.922 225.59 0.05 14.09 6.22 677.8
2003 5 15 12 49692.3 0.228 242.51 0.05 16.15 8.61 805.1
2003 5 16 12 49771.8 14.336 236.30 0.05 17.25 9.47 792.5
2003 5 17 12 49849.4 2.132 232.72 0.05 16.24 8.72 831.6
2003 5 18 12 49924.9 0.720 240.52 0.05 16.24 7.47 754.7
2003 5 19 12 49998.5 0.581 234.78 0.05 18.91 11.35 839.8
2003 5 20 12 50070.1 7.196 254.33 0.05 15.91 6.87 705.0
2003 5 21 12 50139.7 10.093 248.98 0.05 17.06 9.69 838.0
2003 5 22 12 50207.1 1.114 244.91 0.05 16.89 7.54 767.1
2003 5 23 12 50272.5 2.378 256.96 0.05 16.15 8.99 780.2
2003 5 24 12 50335.9 4.128 222.93 0.05 16.20 9.01 798.9
2003 5 25 12 50397.0 1.372 251.66 0.05 18.03 10.24 803.4
2003 5 26 12 50456.1 3.336 247.04 0.05 20.14 11.51 804.0
2003 5 27 12 50513.0 11.222 251.61 0.05 18.56 10.42 790.6
2003 5 28 12 50567.8 4.977 260.63 0.05 16.54 9.21 792.3
2003 5 29 12 50620.3 2.117 257.53 0.05 17.18 9.64 843.6
2003 5 30 12 50670.7 7.624 271.43 0.05 18.68 10.10 786.5
2003 5 31 12 50718.8 2.546 251.01 0.05 17.56 9.15 804.4
2003 6 1 12 50764.8 1.247 254.49 0.05 19.20 13.14 833.2
2003 6 2 12 50808.5 8.061 260.75 0.05 19.67 10.57 827.9
2003 6 3 12 50849.9 4.941 232.14 0.05 18.47 8.59 786.2
2003 6 4 12 50889.0 5.649 277.06 0.05 15.84 6.11 699.9
2003 6 5 12 50925.9 4.714 265.13 0.05 19.24 11.14 839.9
2003 6 6 12 50960.5 1.277 249.60 0.05 20.93 12.28 805.7
2003 6 7 12 50992.8 6.142 253.40 0.05 20.20 11.98 839.1
2003 6 8 12 51022.8 0.059 272.08 0.05 22.06 14.72 886.2
2003 6 9 12 51050.5 9.489 248.66 0.05 21.01 14.46 927.8
2003 6 10 12 51075.8 0.027 273.20 0.05 19.25 11.31 817.5
2003 6 11 12 51098.8 5.792 275.57 0.05 19.29 11.33 864.2
2003 6 12 12 51119.5 9.061 251.38 0.05 19.84 13.19 900.8
2003 6 13 12 51137.8 4.341 245.74 0.05 19.78 12.19 905.0
2003 6 14 12 51153.7 3.609 275.48 0.05 20.79 13.13 787.8
2003 6 15 12 51167.4 11.642 269.53 0.05 18.89 11.91 846.9
2003 6 16 12 51178.6 0.108 260.56 0.05 19.63 11.42 869.3
2003 6 17 12 51187.5 4.376 262.99 0.05 20.37 11.12 834.7
2003 6 18 12 51194.0 3.907 255.23 0.05 20.98 12.92 859.1
2003 6 19 12 51198.1 5.217 261.95 0.05 22.25 13.47 883.3
2003 6 20 12 51199.9 0.814 274.15 0.05 20.48 12.09 820.7
2003 6 21 12 51199.3 1.049 275.51 0.05 18.07 9.45 837.6
2003 6 22 12 51196.4 3.582 273.88 0.05 22.85 14.77 892.8
2003 6 23 12 51191.0 3.042 257.34 0.05 21.06 13.15 853.1
2003 6 24 12 51183.3 2.950 242.45 0.05 21.21 12.00 770.6
2003 6 25 12 51173.3 2.183 293.49 0.05 22.79 15.84 939.8
2003 6 26 12 51160.8 1.991 242.32 0.05 23.37 15.99 880.7
2003 6 27 12 51146.1 0.434 263.16 0.05 22.43 13.49 913.3
2003 6 28 12 51128.9 1.059 259.64 0.05 21.92 14.07 913.4
2003 6 29 12 51109.4 1.418 286.66 0.05 21.59 15.43 902.4
2003 6 30 12 51087.6 1.280 279.67 0.05 20.49 12.55 791.2
2003 7 1 12 51063.4 0.729 225.43 0.05 22.49 14.43 866.1
2003 7 2 12 51036.9 2.447 232.42 0.05 20.40 11.19 828.3
2003 7 3 12 51008.1 7.484 278.69 0.05 22.17 13.47 871.8
2003 7 4 12 50976.9 1.391 270.09 0.05 25.14 17.17 922.2
2003 7 5 12 50943.5 2.223 246.47 0.05 20.22 12.63 900.2
2003 7 6 12 50907.8 6.653 261.48 0.05 23.02 14.50 862.3
2003 7 7 12 50869.7 3.700 252.43 0.05 21.85 13.86 817.0
2003 7 8 12 50829.4 4.988 252.36 0.05 21.34 14.53 913.5
2003 7 9 12 50786.9 5.151 263.25 0.05 21.80 13.85 898.4
2003 7 10 12 50742.1 3.249 263.09 0.05 22.73 15.56 903.2
2003 7 11 12 50695.1 1.025 250.88 0.05 26.07 17.89 950.6
2003 7 12 12 50645.8 0.811 247.92 0.05 23.86 16.65 927.0
2003 7 13 12 50594.3 5.357 246.44 0.05 23.59 15.94 907.4
2003 7 14 12 50540.7 0.504 245.28 0.05 21.90 13.17 887.8
2003 7 15 12 50484.8 0.708 235.30 0.05 21.11 12.21 848.9
2003 7 16 12 50426.8 3.161 267.43 0.05 21.61 14.58 868.7
2003 7 17 12 50366.7 0.708 292.62 0.05 24.60 17.02 968.0
2003 7 18 12 50304.5 3.749 249.42 0.05 21.98 13.11 900.4
2003 7 19 12 50240.1 3.160 249.08 0.05 23.12 15.01 903.2
2003 7 20 12 50173.7 1.235 293.53 0.05 22.82 15.22 903.9
2003 7 21 12 50105.1 6.885 225.70 0.05 22.97 13.31 896.8
2003 7 22 12 50034.6 1.009 238.75 0.05 22.59 14.69 946.8
2003 7 23 12 49962.0 5.006 252.87 0.05 23.50 15.98 907.0
2003 7 24 12 49887.4 6.394 244.33 0.05 21.63 13.60 873.4
2003 7 25 12 49810.8 10.167 235.75 0.05 23.67 16.20 927.8
2003 7 26 12 49732.3 2.716 276.12 0.05 25.73 16.85 931.8
2003 7 27 12 49651.8 1.975 258.82 0.05 22.73 16.16 927.5
2003 7 28 12 49569.5 8.882 250.77 0.05 22.16 11.72 928.5
2003 7 29 12 49485.2 0.092 257.96 0.05 22.40 13.07 851.1
2003 7 30 12 49399.1 0.518 247.19 0.05 23.73 16.29 959.3
2003 7 31 12 49311.1 1.663 254.29 0.05 20.76 12.83 832.5
2003 8 1 12 49221.3 2.718 252.15 0.05 24.36 14.89 885.8
2003 8 2 12 49129.8 0.874 211.42 0.05 22.65 15.51 817.3
2003 8 3 12 49036.5 3.948 238.11 0.05 22.98 13.99 879.2
2003 8 4 12 48941.4 6.910 237.18 0.05 22.24 14.65 853.1
2003 8 5 12 48844.7 1.534 221.91 0.05 22.33 12.10 849.1
2003 8 6 12 48746.2 0.203 225.99 0.05 20.91 11.59 821.3
2003 8 7 12 48646.2 3.069 230.98 0.05 20.85 13.52 822.0
2003 8 8 12 48544.5 7.240 231.92 0.05 20.27 13.75 871.6
2003 8 9 12 48441.3 0.642 256.27 0.05 19.95 12.01 831.0
2003 8 10 12 48336.4 0.906 245.91 0.05 23.85 15.87 979.4
2003 8 11 12 48230.1 1.196 226.37 0.05 21.70 12.43 855.5
2003 8 12 12 48122.3 3.285 246.58 0.05 22.42 13.78 836.5
2003 8 13 12 48013.0 1.904 223.39 0.05 22.38 13.51 880.8
2003 8 14 12 47902.3 3.448 195.18 0.05 21.89 13.21 877.6
2003 8 15 12 47790.2 2.347 222.50 0.05 22.69 13.39 854.9
2003 8 16 12 47676.7 0.246 242.72 0.05 23.52 16.05 913.6
2003 8 17 12 47561.9 1.590 250.78 0.05 21.61 13.14 883.6
2003 8 18 12 47445.8 6.769 224.90 0.05 20.31 13.38 836.5
2003 8 19 12 47328.5 1.706 218.38 0.05 23.02 14.19 938.0
2003 8 20 12 47209.9 0.422 219.37 0.05 18.95 10.69 846.5
2003 8 21 12 47090.2 0.995 211.68 0.05 21.99 14.00 893.3
2003 8 22 12 46969.3 1.166 215.57 0.05 21.12 12.64 816.3
2003 8 23 12 46847.3 1.142 201.94 0.05 21.75 12.45 886.8
2003 8 24 12 46724.2 0.038 196.45 0.05 19.05 11.19 788.3
2003 8 25 12 46600.0 2.904 210.90 0.05 21.58 14.15 889.2
2003 8 26 12 46474.8 0.669 209.24 0.05 19.98 12.15 836.6
2003 8 27 12 46348.7 0.883 193.88 0.05 19.49 12.27 865.6
2003 8 28 12 46221.7 5.923 211.12 0.05 22.50 13.82 867.8
2003 8 29 12 46093.7 2.039 212.86 0.05 21.59 15.29 872.0
2003 8 30 12 45964.9 1.312 217.86 0.05 20.62 12.39 829.1
2003 8 31 12 45835.3 1.671 170.74 0.05 20.22 12.00 829.2
2003 9 1 12 45704.9 0.145 209.76 0.05 18.42 10.80 848.9
2003 9 2 12 45573.7 3.754 218.26 0.05 18.38 11.86 838.2
2003 9 3 12 45441.8 2.689 211.81 0.05 20.17 11.85 803.2
2003 9 4 12 45309.3 0.125 209.17 0.05 17.48 10.45 832.5
2003 9 5 12 45176.2 0.048 196.66 0.05 20.73 12.79 872.9
2003 9 6 12 45042.4 3.093 187.68 0.05 20.79 11.33 803.3
2003 9 7 12 44908.2 0.339 198.20 0.05 20.36 12.49 823.5
2003 9 8 12 44773.4 3.886 203.33 0.05 19.54 11.34 818.6
2003 9 9 12 44638.1 0.765 202.29 0.05 17.15 10.33 789.4
2003 9 10 12 44502.5 1.129 214.88 0.05 16.92 8.04 785.5
2003 9 11 12 44366.4 1.545 183.07 0.05 20.11 11.56 833.2
2003 9 12 12 44230.0 3.500 189.98 0.05 18.55 9.54 760.5
2003 9 13 12 44093.3 1.962 189.66 0.05 18.92 11.52 832.7
2003 9 14 12 43956.3 4.872 171.22 0.05 19.54 11.44 830.8
2003 9 15 12 43819.1 2.763 177.13 0.05 20.55 12.79 826.9
2003 9 16 12 43681.7 2.271 180.78 0.05 16.09 8.43 755.1
2003 9 17 12 43544.2 4.274 180.54 0.05 19.04 9.18 793.2
2003 9 18 12 43406.5 1.650 172.92 0.05 14.49 4.51 728.6
2003 9 19 12 43268.9 1.109 197.53 0.05 16.31 9.15 804.2
2003 9 20 12 43131.1 1.699 182.90 0.05 14.81 6.18 700.8
2003 9 21 12 42993.5 2.040 187.90 0.05 17.19 9.62 835.4
2003 9 22 12 42855.8 1.398 170.53 0.05 18.91 10.86 803.4
2003 9 23 12 42718.3 2.320 159.45 0.05 14.98 8.35 784.2
2003 9 24 12 42580.9 0.554 181.42 0.05 13.30 5.12 738.7
2003 9 25 12 42443.7 3.781 127.37 0.05 14.20 6.80 750.6
2003 9 26 12 42306.7 8.027 175.12 0.05 13.67 5.63 696.5
2003 9 27 12 42170.0 0.549 134.97 0.05 11.53 3.62 681.5
2003 9 28 12 42033.6 0.889 181.42 0.05 15.87 7.49 759.4
2003 9 29 12 41897.5 0.642 138.60 0.05 15.42 7.44 716.3
2003 9 30 12 41761.9 0.070 151.63 0.05 13.82 5.38 697.5
2003 10 1 12 41626.6 2.781 175.58 0.05 15.22 6.29 747.2
2003 10 2 12 41491.8 2.200 142.63 0.05 15.30 6.85 723.4
2003 10 3 12 41357.6 0.085 161.72 0.05 16.48 8.14 740.6
2003 10 4 12 41223.8 1.375 182.82 0.05 14.37 6.71 676.4
2003 10 5 12 41090.7 0.957 178.80 0.05 12.16 3.07 612.3
2003 10 6 12 40958.2 1.356 162.97 0.05 14.63 5.40 772.7
2003 10 7 12 40826.3 1.276 177.31 0.05 11.80 4.17 655.7
2003 10 8 12 40695.1 1.450 160.36 0.05 13.63 5.48 688.8
2003 10 9 12 40564.7 1.273 141.59 0.05 15.39 8.58 805.4
2003 10 10 12 40435.1 0.857 128.89 0.05 13.07 3.85 647.7
2003 10 11 12 40306.3 1.022 151.31 0.05 13.59 5.13 688.4
2003 10 12 12 40178.3 0.947 150.27 0.05 10.05 3.17 691.4
2003 10 13 12 40051.3 3.566 171.77 0.05 14.12 4.66 696.0
2003 10 14 12 39925.2 0.134 150.11 0.05 7.86 0.20 563.1
2003 10 15 12 39800.0 1.159 160.05 0.05 14.29 6.25 707.6
2003 10 16 12 39675.8 0.047 152.23 0.05 14.61 7.16 771.7
2003 10 17 12 39552.7 2.375 144.57 0.05 10.84 3.42 658.8
2003 10 18 12 39430.7 1.466 121.53 0.05 10.38 1.49 629.3
2003 10 19 12 39309.8 1.057 123.82 0.05 10.65 3.76 674.1
2003 10 20 12 39190.1 2.636 145.99 0.05 12.41 4.44 725.0
2003 10 21 12 39071.5 0.332 141.93 0.05 8.09 0.22 578.8
2003 10 22 12 38954.2 0.483 113.74 0.05 9.92 2.22 596.9
2003 10 23 12 38838.1 0.573 126.87 0.05 10.55 3.01 686.0
2003 10 24 12 38723.3 1.030 111.49 0.05 12.22 3.17 621.6
2003 10 25 12 38609.8 0.778 150.76 0.05 8.14 0.30 564.6
2003 10 26 12 38497.7 1.450 133.99 0.05 10.31 2.50 678.2
2003 10 27 12 38387.0 0.812 143.28 0.05 9.62 0.99 606.6
2003 10 28 12 38277.7 1.648 111.62 0.05 10.53 2.80 658.7
2003 10 29 12 38169.9 0.191 124.07 0.05 10.22 2.26 581.6
2003 10 30 12 38063.6 2.869 119.73 0.05 7.65 -1.50 588.2
2003 10 31 12 37958.7 1.163 120.44 0.05 13.01 5.29 674.9
2003 11 1 12 37855.5 0.130 149.74 0.05 10.47 1.90 669.3
2003 11 2 12 37753.8 1.740 134.74 0.05 6.35 -0.57 586.9
2003 11 3 12 37653.8 0.813 132.57 0.05 6.73 -1.29 597.2
2003 11 4 12 37555.3 0.002 118.01 0.05 8.72 -0.21 608.2
2003 11 5 12 37458.6 0.168 115.63 0.05 6.67 -0.74 580.4
2003 11 6 12 37363.5 3.303 128.83 0.05 6.99 -1.98 541.5
2003 11 7 12 37270.2 0.898 152.08 0.05 9.58 1.93 615.4
2003 11 8 12 37178.7 0.586 116.19 0.05 8.52 -0.15 630.8
2003 11 9 12 37088.9 0.842 96.51 0.05 6.09 -1.71 513.0
2003 11 10 12 37000.9 0.163 113.22 0.05 6.08 -3.47 489.9
2003 11 11 12 36914.8 0.094 120.26 0.05 3.15 -6.31 464.6
2003 11 12 12 36830.5 0.250 133.08 0.05 6.72 -0.43 525.7
2003 11 13 12 36748.2 0.484 124.30 0.05 2.64 -4.67 495.1
2003 11 14 12 36667.7 0.020 118.46 0.05 4.10 -3.48 530.0
2003 11 15 12 36589.2 0.827 103.68 0.05 3.66 -3.57 555.1
2003 11 16 12 36512.6 0.842 117.72 0.05 6.83 -1.63 609.4
2003 11 17 12 36438.0 0.636 87.95 0.05 5.61 -3.10 490.1
2003 11 18 12 36365.4 0.761 121.80 0.05 5.83 -2.84 547.4
2003 11 19 12 36294.9 2.469 90.21 0.05 2.65 -5.80 510.5
2003 11 20 12 36226.3 0.122 110.86 0.05 6.51 -0.63 598.3
2003 11 21 12 36159.9 0.508 105.72 0.05 4.44 -3.92 536.8
2003 11 22 12 36095.5 0.157 124.47 0.05 2.31 -6.46 456.8
2003 11 23 12 36033.3 1.092 96.59 0.05 3.42 -4.26 502.2
2003 11 24 12 35973.2 0.375 79.39 0.05 6.51 -2.05 536.2
2003 11 25 12 35915.2 2.637 107.28 0.05 2.60 -5.43 503.7
2003 11 26 12 35859.3 0.111 117.34 0.05 4.06 -3.25 572.1
2003 11 27 12 35805.7 0.384 126.80 0.05 3.47 -4.69 521.7
2003 11 28 12 35754.2 1.393 100.70 0.05 2.19 -5.70 455.6
2003 11 29 12 35704.9 0.930 120.28 0.05 3.90 -3.54 501.5
2003 11 30 12 35657.9 0.117 107.44 0.05 3.61 -3.87 486.4
2003 12 1 12 35613.1 0.822 111.56 0.05 2.55 -6.10 442.6
2003 12 2 12 35570.6 1.394 109.36 0.05 2.33 -6.37 476.6
2003 12 3 12 35530.3 0.758 78.38 0.05 0.97 -7.87 408.0
2003 12 4 12 35492.2 1.826 84.01 0.05 -0.12 -8.03 418.0
2003 12 5 12 35456.5 0.988 87.70 0.05 3.42 -4.81 530.3
2003 12 6 12 35423.1 0.674 93.27 0.05 0.99 -6.71 454.5
2003 12 7 12 35391.9 1.030 91.87 0.05 2.56 -6.58 460.5
2003 12 8 12 35363.1 2.693 98.51 0.05 2.22 -6.44 467.4
2003 12 9 12 35336.6 0.837 99.19 0.05 1.75 -5.58 500.6
2003 12 10 12 35312.4 0.330 96.13 0.05 4.46 -3.81 512.3
2003 12 11 12 35290.6 1.337 121.51 0.05 -0.66 -8.89 360.0
2003 12 12 12 35271.1 1.832 114.75 0.05 0.81 -8.31 431.1
2003 12 13 12 35253.9 0.055 94.82 0.05 1.02 -6.37 453.7
2003 12 14 12 35239.2 1.905 117.52 0.05 1.76 -5.65 539.3
2003 12 15 12 35226.7 0.866 138.77 0.05 0.66 -7.17 417.5
2003 12 16 12 35216.7 1.340 102.68 0.05 -0.42 -9.44 428.6
2003 12 17 12 35209.0 2.670 85.81 0.05 -1.52 -8.90 413.9
2003 12 18 12 35203.6 0.087 93.18 0.05 0.02 -9.60 478.9
2003 12 19 12 35200.7 0.678 110.51 0.05 -1.43 -9.55 425.4
2003 12 20 12 35200.1 1.089 89.10 0.05 1.46 -6.85 512.4
2003 12 21 12 35201.9 0.576 88.71 0.05 -1.90 -8.88 342.2
2003 12 22 12 35206.0 2.284 97.52 0.05 0.42 -6.84 458.5
2003 12 23 12 35212.5 0.090 114.32 0.05 2.31 -4.00 498.5
2003 12 24 12 35221.4 2.218 108.21 0.05 1.74 -7.30 476.7
2003 12 25 12 35232.6 1.809 120.79 0.05 0.25 -7.15 467.6
2003 12 26 12 35246.3 0.092 80.71 0.05 -0.49 -8.28 452.7
2003 12 27 12 35262.2 0.339 93.73 0.05 0.94 -7.56 448.3
2003 12 28 12 35280.5 1.286 87.88 0.05 2.13 -6.25 503.5
2003 12 29 12 35301.2 0.366 88.13 0.05 -1.96 -8.84 423.8
2003 12 30 12 35324.2 0.310 98.88 0.05 -2.66 -10.81 365.7
2003 12 31 12 35349.5 2.148 107.66 0.05 -2.21 -11.10 380.5
2004 1 1 12 35377.2 0.639 93.06 0.05 -1.45 -8.60 464.5
2004 1 2 12 35407.2 0.170 111.67 0.05 -1.12 -8.54 444.3
2004 1 3 12 35439.5 0.143 82.21 0.05 1.81 -6.07 489.6
2004 1 4 12 35474.1 0.257 116.40 0.05 -0.58 -9.59 424.7
2004 1 5 12 35511.0 0.821 93.98 0.05 -1.59 -11.37 379.5
2004 1 6 12 35550.1 0.848 120.62 0.05 1.55 -4.70 492.6
2004 1 7 12 35591.5 2.199 121.05 0.05 -1.22 -9.54 412.4
2004 1 8 12 35635.2 2.828 87.28 0.05 0.29 -6.14 409.7
2004 1 9 12 35681.2 1.263 103.16 0.05 -2.47 -10.21 322.7
2004 1 10 12 35729.3 0.350 99.74 0.05 0.77 -6.74 486.3
2004 1 11 12 35779.7 0.952 98.40 0.05 -1.46 -10.57 355.4
2004 1 12 12 35832.2 1.493 114.22 0.05 -1.60 -8.09 402.6
2004 1 13 12 35887.0 0.617 109.46 0.05 -3.93 -12.04 364.7
2004 1 14 12 35943.9 3.076 98.93 0.05 -2.10 -10.12 393.1
2004 1 15 12 36003.0 2.834 100.12 0.05 -3.23 -10.64 393.4
2004 1 16 12 36064.1 1.524 124.82 0.05 -0.96 -9.91 370.0
2004 1 17 12 36127.5 0.734 86.14 0.05 -2.74 -9.52 421.9
2004 1 18 12 36192.9 0.364 103.81 0.05 -3.77 -12.76 329.3
2004 1 19 12 36260.3 0.924 123.99 0.05 -0.37 -8.22 471.5
2004 1 20 12 36329.9 2.097 100.51 0.05 -2.37 -10.32 378.5
2004 1 21 12 36401.5 4.207 112.77 0.05 -2.44 -9.36 425.6
2004 1 22 12 36475.1 0.359 113.11 0.05 2.59 -6.75 441.2
2004 1 23 12 36550.6 3.745 111.34 0.05 -2.19 -11.11 435.1
2004 1 24 12 36628.2 4.460 112.40 0.05 0.28 -7.55 444.1
2004 1 25 12 36707.7 1.979 92.42 0.05 -2.99 -12.69 353.8
2004 1 26 12 36789.1 1.913 107.85 0.05 -0.72 -10.40 417.2
2004 1 27 12 36872.4 0.672 111.88 0.05 -0.24 -9.06 409.7
2004 1 28 12 36957.6 0.706 144.64 0.05 -3.82 -11.97 429.5
2004 1 29 12 37044.7 3.881 105.56 0.05 -3.07 -12.39 380.1
2004 1 30 12 37133.6 0.380 78.04 0.05 0.76 -7.01 418.4
2004 1 31 12 37224.2 1.192 144.46 0.05 -1.62 -9.08 429.9
2004 2 1 12 37316.7 0.791 128.12 0.05 -0.83 -10.20 415.5
2004 2 2 12 37410.8 1.477 122.23 0.05 0.71 -6.72 486.1
2004 2 3 12 37506.7 3.212 118.03 0.05 1.11 -6.47 438.7
2004 2 4 12 37604.3 0.072 103.35 0.05 -1.73 -9.63 399.6
2004 2 5 12 37703.6 1.444 147.17 0.05 -0.77 -7.67 475.0
2004 2 6 12 37804.5 3.615 121.81 0.05 -1.46 -8.88 405.5
2004 2 7 12 37906.9 0.331 115.67 0.05 -0.91 -8.84 394.6
2004 2 8 12 38011.0 4.035 160.53 0.05 -1.48 -9.56 381.0
2004 2 9 12 38116.5 0.209 128.64 0.05 -1.10 -8.67 405.4
2004 2 10 12 38223.6 0.742 141.37 0.05 2.59 -5.53 431.1
2004 2 11 12 38332.2 1.417 161.94 0.05 -1.10 -8.50 401.0
2004 2 12 12 38442.2 3.183 134.51 0.05 -4.28 -11.45 381.3
2004 2 13 12 38553.6 4.339 131.69 0.05 -0.54 -8.35 465.3
2004 2 14 12 38666.4 0.769 126.01 0.05 -2.72 -11.05 366.2
2004 2 15 12 38780.5 3.919 134.37 0.05 0.53 -8.25 437.6
2004 2 16 12 38896.0 4.060 153.10 0.05 -0.15 -7.91 439.0
2004 2 17 12 39012.7 0.103 131.94 0.05 3.40 -3.52 520.9
2004 2 18 12 39130.6 2.480 151.07 0.05 1.83 -5.63 452.1
2004 2 19 12 39249.8 2.379 134.95 0.05 -2.79 -12.41 311.6
2004 2 20 12 39370.1 7.685 150.50 0.05 -1.43 -8.64 462.2
2004 2 21 12 39491.6 1.004 159.28 0.05 0.18 -8.32 429.5
2004 2 22 12 39614.2 1.310 139.83 0.05 1.13 -6.66 485.4
2004 2 23 12 39737.8 0.420 172.76 0.05 2.27 -6.50 470.0
2004 2 24 12 39862.5 2.216 164.94 0.05 1.85 -6.40 509.9
2004 2 25 12 39988.1 5.836 145.48 0.05 1.90 -8.00 400.1
2004 2 26 12 40114.7 1.224 140.01 0.05 0.48 -7.87 433.9
2004 2 27 12 40242.2 1.608 115.27 0.05 0.83 -8.09 423.8
2004 2 28 12 40370.6 1.558 165.77 0.05 2.00 -7.48 425.6
2004 2 29 12 40499.8 0.154 162.90 0.05 2.12 -4.54 439.3
2004 3 1 12 40629.8 0.101 151.25 0.05 2.46 -5.88 482.3
2004 3 2 12 40760.6 5.019 121.51 0.05 0.59 -6.04 493.0
2004 3 3 12 40892.1 3.913 131.96 0.05 1.96 -6.28 517.2
2004 3 4 12 41024.3 0.683 135.77 0.05 3.65 -4.12 504.5
2004 3 5 12 41157.2 0.174 165.08 0.05 1.44 -6.38 436.2
2004 3 6 12 41290.6 2.213 156.41 0.05 3.24 -5.36 459.5
2004 3 7 12 41424.6 1.904 171.63 0.05 1.31 -6.37 448.9
2004 3 8 12 41559.2 1.938 145.74 0.05 2.70 -3.84 526.2
2004 3 9 12 41694.2 3.385 162.80 0.05 3.89 -3.84 492.0
2004 3 10 12 41829.7 0.800 170.70 0.05 4.34 -4.01 518.5
2004 3 11 12 41965.5 11.392 189.64 0.05 1.96 -5.90 447.2
2004 3 12 12 42101.8 0.593 165.96 0.05 -1.24 -8.74 418.3
2004 3 13 12 42238.3 2.390 174.31 0.05 5.65 -2.69 605.0
2004 3 14 12 42375.2 3.645 149.89 0.05 5.68 -2.65 553.1
2004 3 15 12 42512.3 0.227 157.59 0.05 1.01 -7.35 421.5
2004 3 16 12 42649.6 0.383 176.70 0.05 4.85 -2.95 623.5
2004 3 17 12 42787.0 0.036 193.05 0.05 4.44 -2.65 577.5
2004 3 18 12 42924.6 0.110 166.56 0.05 6.53 -1.46 589.8
2004 3 19 12 43062.3 0.996 167.40 0.05 6.56 -1.05 570.1
2004 3 20 12 43200.0 1.178 153.55 0.05 6.22 -1.54 591.7
2004 3 21 12 43337.7 1.661 152.12 0.05 4.52 -5.34 512.9
2004 3 22 12 43475.4 3.679 145.95 0.05 1.58 -6.72 435.5
2004 3 23 12 43613.0 2.675 196.05 0.05 6.03 -3.75 555.9
2004 3 24 12 43750.4 1.494 179.97 0.05 3.86 -5.04 523.8
2004 3 25 12 43887.7 0.368 190.44 0.05 3.03 -6.46 468.3
2004 3 26 12 44024.8 0.371 180.56 0.05 10.27 2.06 622.8
2004 3 27 12 44161.7 11.511 198.79 0.05 5.05 -3.61 567.4
2004 3 28 12 44298.2 11.390 199.83 0.05 7.11 -0.85 569.6
2004 3 29 12 44434.5 0.045 189.84 0.05 7.81 0.23 604.3
2004 3 30 12 44570.3 2.472 173.58 0.05 7.36 -1.08 544.1
2004 3 31 12 44705.8 0.322 215.70 0.05 2.62 -6.00 445.9
2004 4 1 12 44840.8 0.706 176.38 0.05 9.33 1.24 678.5
2004 4 2 12 44975.4 1.273 186.71 0.05 7.22 -0.51 632.3
2004 4 3 12 45109.4 1.605 197.67 0.05 8.16 -0.71 619.9
2004 4 4 12 45242.8 6.093 184.39 0.05 6.59 -2.22 563.9
2004 4 5 12 45375.7 2.897 212.43 0.05 6.52 -0.81 540.8
2004 4 6 12 45507.9 4.710 201.82 0.05 6.81 -0.67 597.7
2004 4 7 12 45639.4 0.099 212.18 0.05 7.09 -0.18 609.2
2004 4 8 12 45770.2 1.960 186.42 0.05 7.57 -0.04 597.0
2004 4 9 12 45900.2 4.947 223.04 0.05 10.52 2.11 661.4
2004 4 10 12 46029.4 1.010 209.71 0.05 8.25 -1.38 628.4
2004 4 11 12 46157.8 0.046 220.81 0.05 9.91 1.86 619.6
2004 4 12 12 46285.3 1.175 220.42 0.05 8.42 1.68 641.0
2004 4 13 12 46411.9 7.739 202.69 0.05 10.11 2.22 612.9
2004 4 14 12 46537.5 2.222 232.36 0.05 9.66 1.16 639.2
2004 4 15 12 46662.2 2.131 207.45 0.05 9.00 -0.49 582.3
2004 4 16 12 46785.8 1.922 216.85 0.05 8.02 -1.37 575.5
2004 4 17 12 46908.4 2.374 231.58 0.05 10.91 2.56 626.4
2004 4 18 12 47029.9 12.763 182.25 0.05 9.06 0.85 595.6
2004 4 19 12 47150.2 0.200 227.05 0.05 11.49 2.87 579.9
2004 4 20 12 47269.4 2.794 232.47 0.05 8.59 1.06 620.4
2004 4 21 12 47387.3 7.041 212.94 0.05 10.09 1.55 619.3
2004 4 22 12 47504.0 3.515 229.35 0.05 8.08 -0.92 585.1
2004 4 23 12 47619.5 3.747 252.89 0.05 10.03 2.77 653.4
2004 4 24 12 47733.6 0.228 220.25 0.05 11.07 3.08 679.9
2004 4 25 12 47846.4 10.007 231.89 0.05 13.96 5.73 764.2
2004 4 26 12 47957.8 1.006 208.02 0.05 14.33 5.56 683.7
2004 4 27 12 48067.8 1.660 239.13 0.05 13.91 4.89 717.9
2004 4 28 12 48176.4 2.220 238.71 0.05 13.45 4.32 655.0
2004 4 29 12 48283.5 5.973 247.24 0.05 13.06 5.04 686.4
2004 4 30 12 48389.0 2.621 207.01 0.05 12.06 4.24 679.4
2004 5 1 12 48493.1 4.195 241.44 0.05 12.84 3.98 701.1
2004 5 2 12 48595.5 4.466 252.44 0.05 12.36 3.79 636.3
2004 5 3 12 48696.4 3.707 243.20 0.05 15.20 6.78 693.4
2004 5 4 12 48795.7 0.803 236.34 0.05 13.16 4.59 690.5
2004 5 5 12 48893.3 2.077 207.23 0.05 15.67 6.91 642.8
2004 5 6 12 48989.2 11.040 223.81 0.05 12.10 4.29 713.6
2004 5 7 12 49083.3 0.075 226.34 0.05 16.68 8.10 779.7
2004 5 8 12 49175.8 5.469 257.38 0.05 13.48 5.53 706.7
2004 5 9 12 49266.4 4.594 215.64 0.05 14.13 5.85 736.0
2004 5 10 12 49355.3 2.781 276.09 0.05 15.37 7.14 683.1
2004 5 11 12 49442.4 1.950 234.40 0.05 13.09 4.48 706.4
2004 5 12 12 49527.6 2.809 248.13 0.05 15.34 5.89 734.1
2004 5 13 12 49610.9 0.096 249.89 0.05 14.86 6.30 669.0
2004 5 14 12 49692.3 3.249 232.31 0.05 17.53 9.22 785.0
2004 5 15 12 49771.8 0.836 240.31 0.05 14.96 6.66 719.1
2004 5 16 12 49849.4 0.154 218.99 0.05 18.22 9.33 724.7
2004 5 17 12 49924.9 4.748 263.02 0.05 16.48 7.68 743.8
2004 5 18 12 49998.5 2.352 258.48 0.05 15.28 7.76 767.8
2004 5 19 12 50070.1 6.456 238.76 0.05 17.07 7.85 688.6
2004 5 20 12 50139.7 2.573 262.66 0.05 17.07 9.65 808.8
2004 5 21 12 50207.1 10.007 249.91 0.05 15.43 6.41 761.4
2004 5 22 12 50272.5 10.985 221.30 0.05 16.51 8.79 735.2
2004 5 23 12 50335.9 3.096 268.18 0.05 17.49 9.47 742.5
2004 5 24 12 50397.0 8.625 255.14 0.05 19.39 9.02 809.3
2004 5 25 12 50456.1 2.692 265.56 0.05 19.73 13.23 849.6
2004 5 26 12 50513.0 1.178 254.83 0.05 17.39 10.59 844.0
2004 5 27 12 50567.8 1.161 248.54 0.05 19.37 10.03 798.9
2004 5 28 12 50620.3 1.881 251.72 0.05 20.73 13.16 820.7
2004 5 29 12 50670.7 0.751 236.56 0.05 17.69 9.09 742.6
2004 5 30 12 50718.8 1.613 262.42 0.05 17.64 8.39 827.4
2004 5 31 12 50764.8 3.688 259.25 0.05 18.43 9.45 734.3
2004 6 1 12 50808.5 8.702 254.51 0.05 20.24 12.16 829.2
2004 6 2 12 50849.9 3.527 245.57 0.05 19.97 11.73 806.5
2004 6 3 12 50889.0 0.747 237.52 0.05 18.97 11.35 764.2
2004 6 4 12 50925.9 1.006 270.11 0.05 20.14 12.42 862.6
2004 6 5 12 50960.5 0.488 231.75 0.05 17.26 9.56 761.3
2004 6 6 12 50992.8 7.204 270.30 0.05 17.86 10.71 829.6
2004 6 7 12 51022.8 8.421 227.14 0.05 20.80 12.80 850.7
2004 6 8 12 51050.5 0.500 249.91 0.05 16.85 8.46 785.6
2004 6 9 12 51075.8 2.317 267.27 0.05 18.88 10.89 746.0
2004 6 10 12 51098.8 0.893 272.61 0.05 21.88 15.29 893.7
2004 6 11 12 51119.5 2.838 254.21 0.05 20.69 12.66 878.8
2004 6 12 12 51137.8 0.958 269.95 0.05 21.70 12.79 837.7
2004 6 13 12 51153.7 2.816 241.39 0.05 20.36 11.94 827.4
2004 6 14 12 51167.4 4.294 247.30 0.05 24.35 15.82 878.4
2004 6 15 12 51178.6 0.892 266.32 0.05 23.44 16.05 913.3
2004 6 16 12 51187.5 1.057 253.76 0.05 20.01 11.24 788.9
2004 6 17 12 51194.0 1.092 249.58 0.05 17.16 9.17 772.6
2004 6 18 12 51198.1 1.378 256.15 0.05 20.27 12.63 822.2
2004 6 19 12 51199.9 1.794 254.27 0.05 25.22 18.17 994.3
2004 6 20 12 51199.3 0.317 256.24 0.05 21.34 13.01 886.1
2004 6 21 12 51196.4 1.034 282.69 0.05 19.31 11.90 801.4
2004 6 22 12 51191.0 0.763 277.00 0.05 21.89 14.41 960.0
2004 6 23 12 51183.3 7.079 273.37 0.05 20.94 11.85 844.2
2004 6 24 12 51173.3 0.532 259.92 0.05 20.00 11.88 846.1
2004 6 25 12 51160.8 10.968 264.13 0.05 19.01 10.94 861.9
2004 6 26 12 51146.1 0.110 244.75 0.05 20.94 14.96 911.7
2004 6 27 12 51128.9 3.893 287.85 0.05 21.65 14.30 859.1
2004 6 28 12 51109.4 0.511 247.79 0.05 23.50 15.94 865.8
2004 6 29 12 51087.6 4.762 280.06 0.05 21.99 12.73 741.4
2004 6 30 12 51063.4 2.986 256.11 0.05 22.35 13.94 940.9
2004 7 1 12 51036.9 3.853 277.91 0.05 20.41 10.71 819.9
2004 7 2 12 51008.1 5.559 250.84 0.05 21.48 11.82 845.7
2004 7 3 12 50976.9 0.591 268.00 0.05 22.35 14.22 901.0
2004 7 4 12 50943.5 9.453 278.66 0.05 22.00 13.16 844.8
2004 7 5 12 50907.8 2.461 278.00 0.05 22.91 14.60 905.9
2004 7 6 12 50869.7 1.803 260.29 0.05 21.21 13.67 829.7
2004 7 7 12 50829.4 1.240 256.38 0.05 23.55 14.58 895.1
2004 7 8 12 50786.9 0.088 263.87 0.05 24.62 16.79 959.1
2004 7 9 12 50742.1 3.172 272.53 0.05 19.73 12.02 811.1
2004 7 10 12 50695.1 6.995 267.15 0.05 22.33 14.60 980.0
2004 7 11 12 50645.8 3.816 259.62 0.05 25.30 17.78 912.7
2004 7 12 12 50594.3 4.297 272.90 0.05 19.94 12.21 861.1
2004 7 13 12 50540.7 10.277 234.00 0.05 21.47 13.50 868.6
2004 7 14 12 50484.8 5.361 261.64 0.05 24.29 15.60 954.5
2004 7 15 12 50426.8 6.699 242.03 0.05 22.99 14.34 877.6
2004 7 16 12 50366.7 1.618 278.82 0.05 22.67 12.52 820.0
2004 7 17 12 50304.5 3.882 264.65 0.05 20.71 13.83 903.3
2004 7 18 12 50240.1 5.448 228.76 0.05 23.52 17.32 921.4
2004 7 19 12 50173.7 3.401 230.07 0.05 24.53 16.13 947.7
2004 7 20 12 50105.1 5.045 228.41 0.05 23.28 15.21 863.7
2004 7 21 12 50034.6 1.527 256.15 0.05 21.88 14.49 867.7
2004 7 22 12 49962.0 0.525 260.04 0.05 22.47 14.59 863.1
2004 7 23 12 49887.4 2.660 218.13 0.05 21.37 13.20 819.4
2004 7 24 12 49810.8 0.291 237.25 0.05 22.14 14.35 846.7
2004 7 25 12 49732.3 4.895 238.45 0.05 20.34 13.79 921.4
2004 7 26 12 49651.8 1.351 249.22 0.05 21.95 13.82 942.1
2004 7 27 12 49569.5 2.598 238.91 0.05 23.79 16.01 862.3
2004 7 28 12 49485.2 0.780 246.28 0.05 22.67 14.22 922.9
2004 7 29 12 49399.1 0.513 225.32 0.05 22.30 14.23 898.0
2004 7 30 12 49311.1 0.925 219.86 0.05 21.21 13.87 877.7
2004 7 31 12 49221.3 1.349 228.48 0.05 22.68 14.57 847.8
2004 8 1 12 49129.8 2.931 238.23 0.05 22.95 14.17 916.8
2004 8 2 12 49036.5 3.259 239.63 0.05 21.26 11.86 780.4
2004 8 3 12 48941.4 0.290 211.91 0.05 21.56 12.75 849.2
2004 8 4 12 48844.7 2.683 223.60 0.05 19.99 13.09 837.8
2004 8 5 12 48746.2 0.094 241.14 0.05 23.46 15.23 896.9
2004 8 6 12 48646.2 1.133 255.30 0.05 24.68 15.19 945.4
2004 8 7 12 48544.5 2.506 218.75 0.05 21.34 11.80 774.7
2004 8 8 12 48441.3 0.695 245.64 0.05 22.99 15.27 864.3
2004 8 9 12 48336.4 0.188 213.27 0.05 23.50 14.01 866.8
2004 8 10 12 48230.1 0.817 254.55 0.05 21.76 12.56 882.6
2004 8 11 12 48122.3 6.144 206.44 0.05 22.56 14.77 912.5
2004 8 12 12 48013.0 1.816 199.75 0.05 20.52 13.55 925.8
2004 8 13 12 47902.3 0.580 224.13 0.05 22.89 15.41 913.2
2004 8 14 12 47790.2 2.292 204.12 0.05 20.68 11.48 839.8
2004 8 15 12 47676.7 0.254 226.68 0.05 21.92 14.36 867.6
2004 8 16 12 47561.9 3.459 209.51 0.05 22.27 15.18 815.9
2004 8 17 12 47445.8 0.890 232.65 0.05 21.68 12.80 904.7
2004 8 18 12 47328.5 5.365 218.28 0.05 22.47 14.71 903.2
2004 8 19 12 47209.9 6.476 206.93 0.05 19.27 12.11 839.6
2004 8 20 12 47090.2 1.516 223.46 0.05 21.79 14.34 861.3
2004 8 21 12 46969.3 1.939 204.15 0.05 20.62 11.04 868.9
2004 8 22 12 46847.3 3.072 215.07 0.05 20.78 12.09 794.9
2004 8 23 12 46724.2 4.492 205.68 0.05 20.53 12.20 807.8
2004 8 24 12 46600.0 2.429 224.84 0.05 20.27 12.05 826.1
2004 8 25 12 46474.8 3.970 193.80 0.05 22.56 14.25 902.0
2004 8 26 12 46348.7 3.009 187.15 0.05 21.22 12.05 833.3
2004 8 27 12 46221.7 1.474 218.96 0.05 16.32 7.65 773.0
2004 8 28 12 46093.7 0.598 188.20 0.05 21.17 12.52 875.1
2004 8 29 12 45964.9 2.018 209.57 0.05 20.71 12.76 847.4
2004 8 30 12 45835.3 2.102 222.07 0.05 18.69 10.20 842.4
2004 8 31 12 45704.9 1.204 215.63 0.05 20.16 11.92 798.1
2004 9 1 12 45573.7 0.395 200.09 0.05 19.47 9.76 781.3
2004 9 2 12 45441.8 0.229 217.35 0.05 19.67 12.14 842.2
2004 9 3 12 45309.3 3.967 200.69 0.05 18.04 9.96 824.1
2004 9 4 12 45176.2 2.204 182.57 0.05 16.94 9.25 828.1
2004 9 5 12 45042.4 0.524 227.61 0.05 20.89 12.19 821.3
2004 9 6 12 44908.2 2.419 186.87 0.05 18.04 9.89 806.0
2004 9 7 12 44773.4 2.258 199.72 0.05 17.61 9.62 761.2
2004 9 8 12 44638.1 5.747 195.11 0.05 19.21 10.84 807.6
2004 9 9 12 44502.5 1.594 172.52 0.05 17.62 9.51 804.8
2004 9 10 12 44366.4 6.770 205.24 0.05 18.50 11.06 838.2
2004 9 11 12 44230.0 0.520 185.07 0.05 16.81 8.67 780.6
2004 9 12 12 44093.3 1.246 202.16 0.05 18.53 11.09 802.8
2004 9 13 12 43956.3 1.434 172.06 0.05 19.11 11.56 828.3
2004 9 14 12 43819.1 3.680 173.99 0.05 17.75 8.39 753.9
2004 9 15 12 43681.7 0.948 190.46 0.05 15.74 8.50 772.8
2004 9 16 12 43544.2 1.190 199.62 0.05 17.71 9.44 774.0
2004 9 17 12 43406.5 1.155 191.25 0.05 15.83 8.31 745.6
2004 9 18 12 43268.9 0.859 153.85 0.05 17.10 9.15 765.4
2004 9 19 12 43131.1 0.133 192.54 0.05 13.70 4.96 706.0
2004 9 20 12 42993.5 0.059 170.29 0.05 17.80 7.22 723.7
2004 9 21 12 42855.8 3.478 156.97 0.05 16.64 10.62 775.2
2004 9 22 12 42718.3 0.442 191.37 0.05 16.34 7.61 776.7
2004 9 23 12 42580.9 0.588 165.09 0.05 17.36 8.97 753.5
2004 9 24 12 42443.7 0.807 187.27 0.05 13.13 3.98 662.6
2004 9 25 12 42306.7 1.447 174.52 0.05 14.26 5.31 683.7
2004 9 26 12 42170.0 1.359 171.63 0.05 14.71 6.43 725.5
2004 9 27 12 42033.6 0.801 183.58 0.05 11.68 2.84 665.4
2004 9 28 12 41897.5 2.633 152.88 0.05 15.27 6.69 719.2
2004 9 29 12 41761.9 0.262 182.27 0.05 13.10 4.82 711.3
2004 9 30 12 41626.6 1.140 140.01 0.05 16.36 8.94 767.0
2004 10 1 12 41491.8 0.863 165.79 0.05 12.99 5.14 710.9
2004 10 2 12 41357.6 4.740 185.71 0.05 15.78 6.58 772.5
2004 10 3 12 41223.8 0.607 174.17 0.05 12.43 5.23 691.1
2004 10 4 12 41090.7 3.272 159.17 0.05 15.48 6.77 744.0
2004 10 5 12 40958.2 1.029 180.97 0.05 13.14 3.67 710.5
2004 10 6 12 40826.3 0.578 145.51 0.05 12.27 4.28 662.4
2004 10 7 12 40695.1 1.730 159.93 0.05 15.80 7.24 699.1
2004 10 8 12 40564.7 0.968 150.42 0.05 14.33 4.11 681.1
2004 10 9 12 40435.1 0.644 153.65 0.05 12.46 3.98 692.7
2004 10 10 12 40306.3 0.782 163.51 0.05 9.96 2.64 670.6
2004 10 11 12 40178.3 0.189 152.31 0.05 10.84 2.79 651.0
2004 10 12 12 40051.3 2.271 136.41 0.05 12.27 3.08 664.0
2004 10 13 12 39925.2 0.320 109.19 0.05 11.01 3.29 655.0
2004 10 14 12 39800.0 1.569 164.27 0.05 10.23 2.59 667.0
2004 10 15 12 39675.8 1.815 156.30 0.05 11.24 3.27 669.6
2004 10 16 12 39552.7 0.620 151.83 0.05 12.59 5.80 692.0
2004 10 17 12 39430.7 1.576 148.33 0.05 13.77 6.72 777.2
2004 10 18 12 39309.8 0.824 138.75 0.05 9.49 1.97 660.2
2004 10 19 12 39190.1 0.705 122.31 0.05 9.68 0.66 583.4
2004 10 20 12 39071.5 0.084 142.64 0.05 12.03 4.27 659.6
2004 10 21 12 38954.2 0.318 137.53 0.05 8.67 0.58 596.2
2004 10 22 12 38838.1 0.387 155.54 0.05 9.23 0.81 697.1
2004 10 23 12 38723.3 1.574 133.60 0.05 10.03 1.71 570.7
2004 10 24 12 38609.8 1.329 146.36 0.05 11.31 1.03 696.9
2004 10 25 12 38497.7 2.263 130.03 0.05 7.08 -0.87 574.2
2004 10 26 12 38387.0 0.873 136.55 0.05 8.93 0.67 588.6
2004 10 27 12 38277.7 0.132 113.84 0.05 7.43 -2.06 597.6
2004 10 28 12 38169.9 0.703 104.96 0.05 10.56 1.78 626.9
2004 10 29 12 38063.6 1.127 124.20 0.05 9.18 -0.87 638.8
2004 10 30 12 37958.7 2.922 139.55 0.05 8.08 0.88 614.9
2004 10 31 12 37855.5 0.023 128.96 0.05 7.84 1.41 639.4
2004 11 1 12 37753.8 2.053 119.61 0.05 8.72 0.70 614.7
2004 11 2 12 37653.8 0.517 113.87 0.05 6.72 -1.34 620.9
2004 11 3 12 37555.3 0.936 98.30 0.05 7.17 -1.99 539.3
2004 11 4 12 37458.6 1.722 130.34 0.05 6.71 -0.73 574.3
2004 11 5 12 37363.5 0.340 112.21 0.05 7.10 -1.88 559.5
2004 11 6 12 37270.2 0.188 84.36 0.05 8.55 -0.15 595.2
2004 11 7 12 37178.7 0.504 118.13 0.05 5.59 -4.17 568.1
2004 11 8 12 37088.9 3.236 129.65 0.05 7.59 -0.49 611.7
2004 11 9 12 37000.9 0.183 155.27 0.05 6.73 -2.15 551.9
2004 11 10 12 36914.8 0.093 136.67 0.05 5.90 -3.93 515.6
2004 11 11 12 36830.5 0.005 121.82 0.05 7.07 -2.16 525.1
2004 11 12 12 36748.2 0.510 113.11 0.05 5.85 -0.82 582.2
2004 11 13 12 36667.7 0.870 121.11 0.05 6.22 -1.18 599.0
2004 11 14 12 36589.2 1.701 109.49 0.05 7.17 -0.28 577.0
2004 11 15 12 36512.6 0.602 100.53 0.05 4.64 -5.14 468.8
2004 11 16 12 36438.0 0.252 95.46 0.05 4.39 -3.54 557.0
2004 11 17 12 36365.4 0.340 79.03 0.05 5.68 -1.97 589.2
2004 11 18 12 36294.9 0.639 113.76 0.05 4.61 -2.80 511.6
2004 11 19 12 36226.3 1.133 113.64 0.05 6.03 -2.18 533.9
2004 11 20 12 36159.9 0.439 128.41 0.05 7.42 -0.59 630.0
2004 11 21 12 36095.5 1.527 72.95 0.05 6.47 -1.43 552.2
2004 11 22 12 36033.3 0.182 124.05 0.05 2.62 -4.60 530.3
2004 11 23 12 35973.2 0.043 111.62 0.05 4.86 -3.72 497.2
2004 11 24 12 35915.2 0.816 125.75 0.05 0.98 -6.98 453.3
2004 11 25 12 35859.3 1.444 129.46 0.05 4.01 -2.48 631.8
2004 11 26 12 35805.7 0.043 78.64 0.05 2.99 -4.97 456.1
2004 11 27 12 35754.2 6.023 112.81 0.05 3.88 -4.27 485.8
2004 11 28 12 35704.9 1.054 108.65 0.05 2.98 -3.60 490.6
2004 11 29 12 35657.9 1.161 115.83 0.05 2.19 -5.89 497.1
2004 11 30 12 35613.1 1.123 128.31 0.05 2.98 -4.21 453.4
2004 12 1 12 35570.6 0.496 101.27 0.05 4.27 -2.68 596.7
2004 12 2 12 35530.3 0.770 93.67 0.05 5.77 -2.66 540.9
2004 12 3 12 35492.2 0.624 97.27 0.05 4.20 -3.56 500.1
2004 12 4 12 35456.5 0.932 77.86 0.05 3.31 -4.84 536.5
2004 12 5 12 35423.1 0.377 135.18 0.05 3.32 -5.67 480.4
2004 12 6 12 35391.9 1.541 126.75 0.05 1.61 -7.35 495.1
2004 12 7 12 35363.1 0.676 98.07 0.05 1.60 -5.97 486.6
2004 12 8 12 35336.6 1.592 104.64 0.05 2.64 -4.94 490.3
2004 12 9 12 35312.4 0.767 85.41 0.05 -1.04 -8.68 443.7
2004 12 10 12 35290.6 0.133 90.98 0.05 1.93 -6.26 498.2
2004 12 11 12 35271.1 3.405 113.86 0.05 0.98 -7.94 445.9
2004 12 12 12 35253.9 0.091 106.27 0.05 0.72 -5.73 461.8
2004 12 13 12 35239.2 0.987 105.63 0.05 -0.67 -9.43 470.6
2004 12 14 12 35226.7 0.121 98.37 0.05 1.12 -6.64 464.1
2004 12 15 12 35216.7 2.609 111.03 0.05 -0.35 -9.03 400.9
2004 12 16 12 35209.0 2.078 70.83 0.05 0.91 -7.58 478.9
2004 12 17 12 35203.6 0.752 104.68 0.05 0.61 -7.92 461.1
2004 12 18 12 35200.7 0.293 128.06 0.05 -0.58 -8.66 446.9
2004 12 19 12 35200.1 0.237 112.52 0.05 1.91 -5.81 468.9
2004 12 20 12 35201.9 1.365 77.58 0.05 -0.15 -7.64 410.9
2004 12 21 12 35206.0 0.307 105.01 0.05 0.87 -8.43 448.0
2004 12 22 12 35212.5 1.594 93.74 0.05 -1.55 -10.83 374.0
2004 12 23 12 35221.4 2.227 122.78 0.05 -0.48 -8.97 423.2
2004 12 24 12 35232.6 0.599 101.16 0.05 -1.62 -9.79 452.4
2004 12 25 12 35246.3 0.085 132.92 0.05 -0.22 -8.98 463.0
2004 12 26 12 35262.2 0.872 133.29 0.05 0.14 -7.74 412.7
2004 12 27 12 35280.5 2.783 107.96 0.05 0.05 -8.17 478.8
2004 12 28 12 35301.2 1.726 103.69 0.05 2.00 -6.79 498.6
2004 12 29 12 35324.2 2.345 121.58 0.05 0.78 -6.64 462.4
2004 12 30 12 35349.5 0.420 91.04 0.05 -2.83 -10.58 425.6
2004 12 31 12 35377.2 5.224 107.64 0.05 0.51 -7.36 436.8
2005 1 1 12 35377.2 0.612 97.87 0.05 -1.76 -10.15 399.3
2005 1 2 12 35407.2 1.336 94.15 0.05 0.40 -8.27 464.8
2005 1 3 12 35439.5 0.392 115.94 0.05 -3.34 -10.56 369.9
2005 1 4 12 35474.1 2.053 104.04 0.05 -1.15 -9.22 383.3
2005 1 5 12 35511.0 0.610 134.76 0.05 -0.40 -9.49 425.5
2005 1 6 12 35550.1 0.282 94.35 0.05 -2.38 -9.87 390.5
2005 1 7 12 35591.5 9.092 88.65 0.05 0.97 -5.47 507.5
2005 1 8 12 35635.2 2.443 103.90 0.05 1.95 -6.78 456.2
2005 1 9 12 35681.2 1.990 112.77 0.05 -1.20 -9.27 352.8
2005 1 10 12 35729.3 0.095 102.67 0.05 0.06 -8.13 426.5
2005 1 11 12 35779.7 0.211 115.60 0.05 0.19 -7.36 484.1
2005 1 12 12 35832.2 3.764 93.41 0.05 -2.09 -10.22 395.2
2005 1 13 12 35887.0 0.470 118.79 0.05 -2.15 -10.70 379.1
2005 1 14 12 35943.9 9.856 92.79 0.05 -0.68 -8.24 408.1
2005 1 15 12 36003.0 0.446 85.47 0.05 0.98 -6.78 493.5
2005 1 16 12 36064.1 2.361 82.16 0.05 0.28 -6.75 420.8
2005 1 17 12 36127.5 0.192 131.11 0.05 -3.49 -10.52 386.0
2005 1 18 12 36192.9 2.150 119.12 0.05 0.55 -7.70 499.5
2005 1 19 12 36260.3 0.955 119.53 0.05 0.50 -6.90 437.0
2005 1 20 12 36329.9 1.261 106.32 0.05 -5.52 -12.96 360.4
2005 1 21 12 36401.5 6.731 124.11 0.05 -0.11 -7.28 446.7
2005 1 22 12 36475.1 0.755 101.10 0.05 -1.16 -9.15 374.1
2005 1 23 12 36550.6 4.445 100.96 0.05 0.75 -8.59 457.1
2005 1 24 12 36628.2 1.894 116.38 0.05 0.30 -8.67 367.2
2005 1 25 12 36707.7 1.028 121.40 0.05 -0.33 -8.84 421.7
2005 1 26 12 36789.1 0.340 103.99 0.05 -0.88 -9.45 487.4
2005 1 27 12 36872.4 0.230 132.29 0.05 -0.56 -8.08 436.9
2005 1 28 12 36957.6 0.268 101.51 0.05 -3.39 -11.16 330.1
2005 1 29 12 37044.7 0.049 118.84 0.05 -3.47 -11.36 353.5
2005 1 30 12 37133.6 4.274 129.02 0.05 -0.10 -8.05 464.6
2005 1 31 12 37224.2 0.503 92.28 0.05 -0.79 -9.37 411.3
2005 2 1 12 37316.7 2.162 118.14 0.05 0.04 -6.62 432.4
2005 2 2 12 37410.8 0.275 131.78 0.05 -1.56 -9.44 402.7
2005 2 3 12 37506.7 7.739 127.44 0.05 -1.91 -9.89 401.6
2005 2 4 12 37604.3 2.273 129.29 0.05 -1.50 -9.64 436.1
2005 2 5 12 37703.6 1.728 110.68 0.05 -1.92 -11.06 365.2
2005 2 6 12 37804.5 2.908 119.24 0.05 0.93 -6.20 481.7
2005 2 7 12 37906.9 0.155 140.78 0.05 0.47 -7.08 428.7
2005 2 8 12 38011.0 0.014 152.56 0.05 0.30 -6.11 495.2
2005 2 9 12 38116.5 3.038 111.68 0.05 1.68 -5.81 452.3
2005 2 10 12 38223.6 0.238 126.04 0.05 -1.53 -9.01 412.9
2005 2 11 12 38332.2 2.565 105.87 0.05 -2.24 -10.74 363.0
2005 2 12 12 38442.2 8.590 133.87 0.05 -0.56 -8.38 453.8
2005 2 13 12 38553.6 1.495 137.50 0.05 0.48 -7.12 469.6
2005 2 14 12 38666.4 0.117 133.67 0.05 -1.09 -10.72 394.6
2005 2 15 12 38780.5 0.081 146.85 0.05 -1.58 -8.20 490.8
2005 2 16 12 38896.0 0.619 107.00 0.05 -1.10 -8.78 446.2
2005 2 17 12 39012.7 1.662 136.27 0.05 1.47 -5.64 508.2
2005 2 18 12 39130.6 1.315 148.91 0.05 1.22 -5.96 505.4
2005 2 19 12 39249.8 2.563 168.48 0.05 2.55 -6.30 463.2
2005 2 20 12 39370.1 0.445 144.01 0.05 2.71 -5.96 472.1
2005 2 21 12 39491.6 1.767 150.33 0.05 1.11 -7.09 452.6
2005 2 22 12 39614.2 2.015 119.86 0.05 -2.06 -10.39 345.1
2005 2 23 12 39737.8 0.179 127.25 0.05 1.30 -6.53 427.3
2005 2 24 12 39862.5 0.884 171.50 0.05 1.13 -6.16 482.4
2005 2 25 12 39988.1 2.464 152.05 0.05 1.55 -7.87 478.2
2005 2 26 12 40114.7 0.492 149.34 0.05 0.29 -8.03 431.1
2005 2 27 12 40242.2 3.994 146.01 0.05 -0.39 -7.71 400.9
2005 2 28 12 40370.6 4.899 155.90 0.05 1.91 -7.45 419.7
2005 3 1 12 40499.8 0.156 131.67 0.05 -0.62 -8.22 383.3
2005 3 2 12 40629.8 1.397 171.91 0.05 3.26 -3.96 572.0
2005 3 3 12 40760.6 0.548 158.36 0.05 -0.19 -9.06 414.4
2005 3 4 12 40892.1 1.074 131.47 0.05 -0.91 -8.75 437.7
2005 3 5 12 41024.3 1.403 162.05 0.05 2.83 -4.68 537.1
2005 3 6 12 41157.2 0.825 147.16 0.05 1.83 -5.86 466.7
2005 3 7 12 41290.6 1.770 181.85 0.05 -0.37 -7.85 437.8
2005 3 8 12 41424.6 1.220 151.30 0.05 1.59 -6.19 475.2
2005 3 9 12 41559.2 0.881 161.40 0.05 3.82 -4.01 548.6
2005 3 10 12 41694.2 2.981 165.01 0.05 3.32 -4.54 513.6
2005 3 11 12 41829.7 3.657 177.17 0.05 2.53 -4.73 515.5
2005 3 12 12 41965.5 4.257 192.92 0.05 3.25 -5.27 475.2
2005 3 13 12 42101.8 1.593 171.08 0.05 3.13 -4.34 488.5
2005 3 14 12 42238.3 1.344 180.29 0.05 1.88 -7.22 472.4
2005 3 15 12 42375.2 2.553 160.10 0.05 1.41 -7.77 455.1
2005 3 16 12 42512.3 3.601 170.78 0.05 3.67 -6.46 454.9
2005 3 17 12 42649.6 2.411 179.32 0.05 5.08 -3.44 519.9
2005 3 18 12 42787.0 1.833 173.56 0.05 3.79 -5.03 507.1
2005 3 19 12 42924.6 2.260 190.09 0.05 4.95 -3.29 512.4
2005 3 20 12 43062.3 1.778 168.46 0.05 6.29 -1.69 537.5
2005 3 21 12 43200.0 5.609 178.30 0.05 2.81 -5.86 429.8
2005 3 22 12 43337.7 4.437 167.37 0.05 6.08 -1.36 594.2
2005 3 23 12 43475.4 10.710 195.27 0.05 2.81 -4.87 493.2
2005 3 24 12 43613.0 2.666 189.14 0.05 8.62 -0.39 576.9
2005 3 25 12 43750.4 2.725 202.14 0.05 4.76 -4.96 506.8
2005 3 26 12 43887.7 7.941 179.72 0.05 7.38 -0.75 585.0
2005 3 27 12 44024.8 8.173 228.50 0.05 6.07 -2.82 514.3
2005 3 28 12 44161.7 1.410 194.33 0.05 4.65 -2.62 537.0
2005 3 29 12 44298.2 0.044 200.82 0.05 3.21 -4.42 527.0
2005 3 30 12 44434.5 3.137 206.70 0.05 6.92 -1.61 569.7
2005 3 31 12 44570.3 4.654 193.78 0.05 6.83 -0.95 609.9
2005 4 1 12 44705.8 1.124 195.57 0.05 7.29 -0.66 605.3
2005 4 2 12 44840.8 4.005 195.02 0.05 6.15 -1.11 590.8
2005 4 3 12 44975.4 0.819 210.05 0.05 7.32 -1.34 525.4
2005 4 4 12 45109.4 0.488 193.49 0.05 8.23 2.28 693.7
2005 4 5 12 45242.8 2.648 204.48 0.05 9.06 1.43 632.9
2005 4 6 12 45375.7 0.425 214.38 0.05 7.86 -0.08 618.3
2005 4 7 12 45507.9 5.957 212.83 0.05 5.28 -2.37 599.8
2005 4 8 12 45639.4 1.150 168.45 0.05 8.07 -0.36 601.5
2005 4 9 12 45770.2 1.373 206.73 0.05 7.54 -0.65 530.6
2005 4 10 12 45900.2 1.874 195.13 0.05 9.03 0.18 544.6
2005 4 11 12 46029.4 0.585 204.95 0.05 9.12 1.84 587.7
2005 4 12 12 46157.8 2.208 224.40 0.05 10.07 1.83 600.6
2005 4 13 12 46285.3 1.306 246.37 0.05 8.24 0.11 636.0
2005 4 14 12 46411.9 1.021 198.79 0.05 8.44 0.14 621.9
2005 4 15 12 46537.5 3.082 202.89 0.05 11.21 2.94 667.4
2005 4 16 12 46662.2 0.595 217.05 0.05 8.31 -0.36 586.4
2005 4 17 12 46785.8 1.516 219.25 0.05 9.92 1.69 681.4
2005 4 18 12 46908.4 1.740 202.65 0.05 10.34 0.18 599.0
2005 4 19 12 47029.9 2.976 229.43 0.05 7.41 0.31 562.0
2005 4 20 12 47150.2 2.348 206.61 0.05 10.80 2.50 638.2
2005 4 21 12 47269.4 3.193 197.82 0.05 10.96 2.41 669.4
2005 4 22 12 47387.3 1.056 205.56 0.05 11.26 4.01 696.1
2005 4 23 12 47504.0 1.205 235.10 0.05 9.96 3.32 600.9
2005 4 24 12 47619.5 1.363 221.24 0.05 9.79 0.65 604.9
2005 4 25 12 47733.6 1.646 192.95 0.05 9.77 2.71 701.2
2005 4 26 12 47846.4 2.482 233.31 0.05 13.68 4.60 668.9
2005 4 27 12 47957.8 0.785 229.26 0.05 12.49 4.51 663.5
2005 4 28 12 48067.8 9.711 246.17 0.05 11.34 4.44 690.3
2005 4 29 12 48176.4 3.592 231.70 0.05 10.80 1.92 681.4
2005 4 30 12 48283.5 0.564 234.34 0.05 10.82 2.05 602.8
2005 5 1 12 48389.0 0.946 227.12 0.05 13.02 5.97 729.8
2005 5 2 12 48493.1 1.304 225.42 0.05 13.06 2.83 645.2
2005 5 3 12 48595.5 4.096 219.27 0.05 10.92 3.98 630.1
2005 5 4 12 48696.4 1.838 217.54 0.05 11.84 2.70 650.2
2005 5 5 12 48795.7 8.702 241.47 0.05 12.57 4.75 682.5
2005 5 6 12 48893.3 1.549 221.91 0.05 15.23 6.07 723.8
2005 5 7 12 48989.2 3.548 234.35 0.05 12.85 4.70 674.6
2005 5 8 12 49083.3 2.536 263.30 0.05 14.22 5.63 707.2
2005 5 9 12 49175.8 0.723 251.83 0.05 16.00 7.53 728.0
2005 5 10 12 49266.4 1.069 246.09 0.05 16.15 7.36 787.9
2005 5 11 12 49355.3 0.483 247.68 0.05 15.88 8.03 723.9
2005 5 12 12 49442.4 10.865 232.95 0.05 17.30 8.84 776.2
2005 5 13 12 49527.6 9.209 230.80 0.05 15.66 8.05 745.5
2005 5 14 12 49610.9 4.445 256.58 0.05 14.34 6.47 717.2
2005 5 15 12 49692.3 8.540 256.34 0.05 18.15 10.02 794.4
2005 5 16 12 49771.8 2.541 218.95 0.05 16.64 8.94 757.0
2005 5 17 12 49849.4 1.062 246.08 0.05 14.92 6.90 678.1
2005 5 18 12 49924.9 1.787 236.13 0.05 17.07 7.41 790.0
2005 5 19 12 49998.5 1.094 240.23 0.05 13.58 5.80 699.6
2005 5 20 12 50070.1 9.976 233.62 0.05 16.85 8.35 794.7
2005 5 21 12 50139.7 1.002 263.43 0.05 13.54 4.66 664.3
2005 5 22 12 50207.1 7.075 230.64 0.05 15.78 6.73 759.1
2005 5 23 12 50272.5 0.277 223.22 0.05 16.26 7.49 731.5
2005 5 24 12 50335.9 3.189 243.22 0.05 15.61 7.99 757.7
2005 5 25 12 50397.0 1.028 280.88 0.05 17.48 7.79 715.2
2005 5 26 12 50456.1 0.766 268.54 0.05 16.47 8.85 733.8
2005 5 27 12 50513.0 4.026 275.51 0.05 17.85 8.67 748.4
2005 5 28 12 50567.8 2.395 270.52 0.05 19.75 11.66 863.8
2005 5 29 12 50620.3 5.935 250.34 0.05 16.68 10.07 832.7
2005 5 30 12 50670.7 2.218 253.66 0.05 19.36 11.56 839.8
2005 5 31 12 50718.8 8.295 250.86 0.05 21.81 13.29 913.7
2005 6 1 12 50764.8 2.091 236.00 0.05 18.73 9.28 781.1
2005 6 2 12 50808.5 3.726 239.56 0.05 16.38 8.51 748.8
2005 6 3 12 50849.9 0.318 267.04 0.05 19.49 10.76 800.8
2005 6 4 12 50889.0 2.783 246.26 0.05 18.74 10.07 816.5
2005 6 5 12 50925.9 0.301 258.35 0.05 21.32 14.95 888.3
2005 6 6 12 50960.5 5.122 241.66 0.05 17.64 9.48 830.7
2005 6 7 12 50992.8 1.664 252.52 0.05 19.21 10.35 790.9
2005 6 8 12 51022.8 3.758 266.25 0.05 19.25 10.93 847.9
2005 6 9 12 51050.5 5.491 233.50 0.05 19.55 10.73 829.0
2005 6 10 12 51075.8 2.682 258.32 0.05 18.99 10.67 833.3
2005 6 11 12 51098.8 1.474 267.90 0.05 20.05 11.51 798.1
2005 6 12 12 51119.5 7.897 258.73 0.05 21.34 13.45 797.8
2005 6 13 12 51137.8 0.875 244.99 0.05 20.29 11.88 840.1
2005 6 14 12 51153.7 6.201 260.17 0.05 21.40 14.47 871.3
2005 6 15 12 51167.4 4.683 239.21 0.05 22.11 14.88 907.6
2005 6 16 12 51178.6 7.455 257.13 0.05 20.13 11.37 840.9
2005 6 17 12 51187.5 0.492 245.56 0.05 18.18 9.64 775.1
2005 6 18 12 51194.0 0.236 249.13 0.05 20.28 11.48 804.1
2005 6 19 12 51198.1 4.495 288.05 0.05 19.17 11.16 823.5
2005 6 20 12 51199.9 7.149 277.40 0.05 22.69 15.24 843.6
2005 6 21 12 51199.3 3.069 266.86 0.05 21.22 12.96 846.0
2005 6 22 12 51196.4 3.911 265.68 0.05 22.20 15.20 899.7
2005 6 23 12 51191.0 1.783 266.42 0.05 22.29 14.77 908.8
2005 6 24 12 51183.3 10.737 259.43 0.05 23.19 15.66 884.9
2005 6 25 12 51173.3 3.807 256.34 0.05 23.01 16.03 916.7
2005 6 26 12 51160.8 1.148 250.67 0.05 20.03 12.13 864.9
2005 6 27 12 51146.1 4.401 260.44 0.05 20.49 12.76 864.5
2005 6 28 12 51128.9 10.289 241.17 0.05 21.76 13.96 902.1
2005 6 29 12 51109.4 2.480 261.05 0.05 24.23 16.08 890.8
2005 6 30 12 51087.6 17.048 277.08 0.05 19.86 11.22 808.2
2005 7 1 12 51063.4 1.424 267.95 0.05 22.04 14.75 901.2
2005 7 2 12 51036.9 1.726 260.46 0.05 23.14 14.59 862.0
2005 7 3 12 51008.1 2.932 234.37 0.05 21.65 13.47 857.5
2005 7 4 12 50976.9 1.848 250.38 0.05 24.81 17.65 981.4
2005 7 5 12 50943.5 2.370 292.78 0.05 21.22 14.65 896.2
2005 7 6 12 50907.8 3.081 259.91 0.05 21.78 15.15 920.6
2005 7 7 12 50869.7 0.966 243.00 0.05 23.33 15.80 962.6
2005 7 8 12 50829.4 0.589 257.78 0.05 21.93 14.05 868.0
2005 7 9 12 50786.9 4.346 260.54 0.05 23.27 15.97 963.9
2005 7 10 12 50742.1 5.273 255.43 0.05 24.56 15.99 909.3
2005 7 11 12 50695.1 0.672 258.39 0.05 22.00 13.94 834.7
2005 7 12 12 50645.8 1.461 242.78 0.05 18.87 12.19 849.9
2005 7 13 12 50594.3 0.391 280.29 0.05 24.65 16.70 919.8
2005 7 14 12 50540.7 0.668 250.26 0.05 24.63 16.61 888.5
2005 7 15 12 50484.8 6.184 252.28 0.05 19.89 11.78 814.8
2005 7 16 12 50426.8 2.759 246.88 0.05 22.56 15.67 889.1
2005 7 17 12 50366.7 5.048 274.96 0.05 22.76 14.91 915.6
2005 7 18 12 50304.5 1.439 246.02 0.05 22.08 13.35 917.2
2005 7 19 12 50240.1 1.716 238.31 0.05 23.26 14.85 906.0
2005 7 20 12 50173.7 2.185 260.48 0.05 22.79 14.85 908.4
2005 7 21 12 50105.1 0.590 234.62 0.05 22.56 13.56 846.6
2005 7 22 12 50034.6 2.634 227.16 0.05 23.12 14.97 878.6
2005 7 23 12 49962.0 0.561 243.07 0.05 25.50 16.98 952.2
2005 7 24 12 49887.4 1.272 243.84 0.05 21.42 12.25 857.7
2005 7 25 12 49810.8 0.795 266.44 0.05 21.51 13.67 906.9
2005 7 26 12 49732.3 6.981 226.93 0.05 23.94 16.46 917.2
2005 7 27 12 49651.8 4.756 241.34 0.05 23.79 16.61 912.5
2005 7 28 12 49569.5 0.960 236.12 0.05 20.92 12.83 925.0
2005 7 29 12 49485.2 6.761 224.61 0.05 21.49 13.08 887.2
2005 7 30 12 49399.1 1.235 228.80 0.05 21.85 13.60 894.6
2005 7 31 12 49311.1 0.532 248.66 0.05 21.62 14.90 861.0
2005 8 1 12 49221.3 0.049 265.77 0.05 20.84 12.03 846.9
2005 8 2 12 49129.8 2.306 249.80 0.05 24.56 16.43 963.3
2005 8 3 12 49036.5 3.376 259.45 0.05 21.29 12.64 874.9
2005 8 4 12 48941.4 4.838 193.83 0.05 22.79 15.47 936.5
2005 8 5 12 48844.7 4.026 232.97 0.05 22.27 13.77 867.0
2005 8 6 12 48746.2 19.239 234.06 0.05 22.35 12.97 828.7
2005 8 7 12 48646.2 0.915 250.38 0.05 22.69 14.24 868.2
2005 8 8 12 48544.5 0.998 268.38 0.05 21.16 13.23 876.3
2005 8 9 12 48441.3 3.697 238.98 0.05 22.14 14.76 880.6
2005 8 10 12 48336.4 2.073 227.61 0.05 18.62 11.39 853.0
2005 8 11 12 48230.1 3.989 220.88 0.05 19.96 11.17 827.0
2005 8 12 12 48122.3 6.310 226.12 0.05 22.09 13.66 869.9
2005 8 13 12 48013.0 0.235 207.77 0.05 21.29 13.13 859.5
2005 8 14 12 47902.3 1.135 205.23 0.05 19.79 11.61 782.2
2005 8 15 12 47790.2 0.373 229.98 0.05 20.95 11.58 795.9
2005 8 16 12 47676.7 0.410 220.80 0.05 22.78 14.60 926.4
2005 8 17 12 47561.9 1.593 215.36 0.05 24.49 15.79 908.2
2005 8 18 12 47445.8 0.995 241.17 0.05 19.05 11.49 816.0
2005 8 19 12 47328.5 1.699 270.10 0.05 19.41 12.65 813.9
2005 8 20 12 47209.9 2.573 212.38 0.05 23.95 16.33 941.6
2005 8 21 12 47090.2 2.302 204.61 0.05 20.73 12.32 786.8
2005 8 22 12 46969.3 2.311 236.08 0.05 21.80 13.61 885.3
2005 8 23 12 46847.3 7.010 199.73 0.05 21.09 14.29 819.5
2005 8 24 12 46724.2 1.102 201.06 0.05 21.22 11.80 834.5
2005 8 25 12 46600.0 9.241 222.54 0.05 19.05 11.13 848.9
2005 8 26 12 46474.8 2.028 222.94 0.05 20.47 12.97 849.4
2005 8 27 12 46348.7 2.314 210.80 0.05 19.89 12.79 852.6
2005 8 28 12 46221.7 0.424 209.15 0.05 21.38 11.76 868.8
2005 8 29 12 46093.7 1.500 236.40 0.05 22.38 13.61 825.3
2005 8 30 12 45964.9 4.133 204.46 0.05 19.00 10.56 802.4
2005 8 31 12 45835.3 2.115 224.80 0.05 20.30 12.03 818.3
2005 9 1 12 45704.9 3.650 210.54 0.05 19.81 11.28 819.3
2005 9 2 12 45573.7 3.146 227.82 0.05 20.12 11.78 831.3
2005 9 3 12 45441.8 0.255 188.72 0.05 19.91 11.67 861.2
2005 9 4 12 45309.3 2.440 198.83 0.05 20.61 12.44 804.1
2005 9 5 12 45176.2 2.374 188.54 0.05 18.22 9.97 811.3
2005 9 6 12 45042.4 0.556 181.37 0.05 16.36 8.70 822.3
2005 9 7 12 44908.2 0.217 219.61 0.05 17.71 10.56 793.6
2005 9 8 12 44773.4 0.929 195.98 0.05 17.86 11.09 828.0
2005 9 9 12 44638.1 0.879 179.83 0.05 20.21 11.99 810.8
2005 9 10 12 44502.5 5.935 190.21 0.05 19.46 12.32 899.5
2005 9 11 12 44366.4 3.667 164.25 0.05 20.66 12.75 796.6
2005 9 12 12 44230.0 1.652 188.15 0.05 17.93 8.96 772.8
2005 9 13 12 44093.3 1.372 199.38 0.05 19.17 10.45 807.5
2005 9 14 12 43956.3 0.815 211.17 0.05 17.68 10.39 747.3
2005 9 15 12 43819.1 3.355 142.42 0.05 16.11 8.68 729.3
2005 9 16 12 43681.7 0.877 175.87 0.05 15.83 8.72 751.9
2005 9 17 12 43544.2 1.377 191.34 0.05 12.49 4.61 679.1
2005 9 18 12 43406.5 0.032 188.63 0.05 17.66 8.61 774.7
2005 9 19 12 43268.9 2.094 171.27 0.05 19.06 12.44 777.7
2005 9 20 12 43131.1 0.665 181.06 0.05 17.62 9.58 812.6
2005 9 21 12 42993.5 0.251 171.91 0.05 16.93 8.50 757.1
2005 9 22 12 42855.8 0.307 177.23 0.05 17.85 8.84 779.9
2005 9 23 12 42718.3 1.104 196.21 0.05 14.61 5.88 707.0
2005 9 24 12 42580.9 4.520 187.03 0.05 16.03 8.46 741.9
2005 9 25 12 42443.7 1.913 155.97 0.05 15.27 7.11 763.3
2005 9 26 12 42306.7 0.491 157.20 0.05 16.30 6.71 770.1
2005 9 27 12 42170.0 2.200 179.56 0.05 14.60 5.98 758.7
2005 9 28 12 42033.6 1.116 146.88 0.05 17.78 8.97 791.9
2005 9 29 12 41897.5 1.577 171.91 0.05 17.07 8.43 733.2
2005 9 30 12 41761.9 0.955 176.52 0.05 12.41 4.44 674.9
2005 10 1 12 41626.6 0.628 156.54 0.05 17.69 8.22 738.6
2005 10 2 12 41491.8 1.281 161.36 0.05 14.66 6.63 716.9
2005 10 3 12 41357.6 3.815 175.32 0.05 14.30 8.13 720.8
2005 10 4 12 41223.8 0.545 198.42 0.05 14.83 6.15 763.7
2005 10 5 12 41090.7 0.641 168.59 0.05 15.03 7.98 758.8
2005 10 6 12 40958.2 0.552 159.87 0.05 11.50 2.99 636.4
2005 10 7 12 40826.3 0.807 137.06 0.05 14.69 5.56 726.7
2005 10 8 12 40695.1 1.602 123.02 0.05 12.57 2.54 636.6
2005 10 9 12 40564.7 1.046 148.15 0.05 16.19 8.96 778.2
2005 10 10 12 40435.1 1.726 168.10 0.05 9.42 1.58 603.5
2005 10 11 12 40306.3 0.010 157.13 0.05 12.13 1.94 608.2
2005 10 12 12 40178.3 0.733 161.76 0.05 11.25 3.19 692.6
2005 10 13 12 40051.3 1.574 153.35 0.05 12.39 3.06 678.8
2005 10 14 12 39925.2 0.719 155.57 0.05 11.53 5.21 741.4
2005 10 15 12 39800.0 2.983 141.44 0.05 10.97 2.86 646.4
2005 10 16 12 39675.8 0.635 158.58 0.05 8.93 0.53 607.6
2005 10 17 12 39552.7 0.826 160.56 0.05 10.62 2.20 658.0
2005 10 18 12 39430.7 0.692 147.52 0.05 12.22 4.41 668.8
2005 10 19 12 39309.8 4.138 142.68 0.05 11.44 3.04 622.2
2005 10 20 12 39190.1 0.600 108.90 0.05 10.41 1.43 641.6
2005 10 21 12 39071.5 1.284 136.94 0.05 9.41 1.74 619.0
2005 10 22 12 38954.2 0.011 135.73 0.05 9.15 0.33 598.4
2005 10 23 12 38838.1 0.734 139.51 0.05 8.59 1.23 667.0
2005 10 24 12 38723.3 0.691 156.95 0.05 9.11 2.04 622.8
2005 10 25 12 38609.8 1.297 132.69 0.05 10.10 1.73 643.4
2005 10 26 12 38497.7 0.173 174.21 0.05 9.77 0.33 603.3
2005 10 27 12 38387.0 0.155 131.85 0.05 8.18 -0.15 599.0
2005 10 28 12 38277.7 0.121 143.43 0.05 7.01 -1.11 526.0
2005 10 29 12 38169.9 0.684 129.58 0.05 11.05 1.82 650.5
2005 10 30 12 38063.6 0.133 106.40 0.05 7.90 -1.84 609.7
2005 10 31 12 37958.7 1.573 128.51 0.05 6.99 -2.72 585.0
2005 11 1 12 37855.5 1.338 114.58 0.05 8.42 1.26 619.1
2005 11 2 12 37753.8 1.575 142.19 0.05 7.40 -0.05 655.7
2005 11 3 12 37653.8 0.754 121.47 0.05 9.60 0.43 643.1
2005 11 4 12 37555.3 2.768 107.93 0.05 6.47 -0.77 579.5
2005 11 5 12 37458.6 0.198 139.25 0.05 5.70 -2.23 602.2
2005 11 6 12 37363.5 0.227 133.96 0.05 7.11 -0.68 581.7
2005 11 7 12 37270.2 0.189 144.63 0.05 6.77 -4.38 525.3
2005 11 8 12 37178.7 0.936 133.31 0.05 5.86 -2.83 586.5
2005 11 9 12 37088.9 1.207 124.09 0.05 5.93 -1.30 557.3
2005 11 10 12 37000.9 0.370 122.05 0.05 7.19 -2.71 541.9
2005 11 11 12 36914.8 0.458 124.12 0.05 7.98 1.21 574.9
2005 11 12 12 36830.5 1.079 91.08 0.05 4.15 -3.39 513.8
2005 11 13 12 36748.2 0.879 99.68 0.05 5.45 -2.84 558.3
2005 11 14 12 36667.7 1.013 112.62 0.05 6.61 -2.31 553.3
2005 11 15 12 36589.2 0.340 111.04 0.05 6.90 -0.57 606.9
2005 11 16 12 36512.6 1.412 96.56 0.05 7.13 -0.73 526.0
2005 11 17 12 36438.0 0.341 69.74 0.05 3.06 -5.31 503.8
2005 11 18 12 36365.4 0.757 111.61 0.05 4.55 -3.10 512.3
2005 11 19 12 36294.9 0.815 107.14 0.05 5.29 -3.70 551.8
2005 11 20 12 36226.3 6.836 92.96 0.05 2.91 -5.68 456.3
2005 11 21 12 36159.9 0.575 94.33 0.05 4.42 -3.97 547.4
2005 11 22 12 36095.5 0.535 100.66 0.05 1.66 -6.93 417.8
2005 11 23 12 36033.3 0.445 82.68 0.05 2.51 -5.52 498.3
2005 11 24 12 35973.2 0.812 141.83 0.05 1.29 -6.95 460.4
2005 11 25 12 35915.2 0.439 108.22 0.05 2.57 -5.04 504.8
2005 11 26 12 35859.3 1.383 93.53 0.05 -0.60 -8.40 424.6
2005 11 27 12 35805.7 1.494 132.28 0.05 4.52 -2.71 568.6
2005 11 28 12 35754.2 0.087 107.23 0.05 3.51 -5.88 489.6
2005 11 29 12 35704.9 0.023 84.03 0.05 2.80 -4.43 515.4
2005 11 30 12 35657.9 0.511 80.46 0.05 1.27 -7.26 456.3
2005 12 1 12 35613.1 0.169 122.84 0.05 -0.49 -9.21 381.9
2005 12 2 12 35570.6 0.207 97.10 0.05 3.08 -5.66 494.6
2005 12 3 12 35530.3 0.016 83.75 0.05 0.87 -7.97 413.9
2005 12 4 12 35492.2 0.639 88.78 0.05 1.93 -6.72 494.6
2005 12 5 12 35456.5 0.604 85.39 0.05 3.21 -4.62 497.8
2005 12 6 12 35423.1 2.947 115.66 0.05 -0.72 -7.65 443.9
2005 12 7 12 35391.9 3.332 99.16 0.05 1.97 -5.83 510.5
2005 12 8 12 35363.1 0.298 97.03 0.05 1.67 -7.10 442.4
2005 12 9 12 35336.6 0.373 115.79 0.05 6.85 -2.35 539.0
2005 12 10 12 35312.4 3.225 87.74 0.05 0.60 -7.84 442.8
2005 12 11 12 35290.6 0.553 99.58 0.05 -1.88 -10.11 428.1
2005 12 12 12 35271.1 0.619 118.29 0.05 0.18 -8.55 453.5
2005 12 13 12 35253.9 1.006 94.91 0.05 -1.54 -9.80 416.9
2005 12 14 12 35239.2 0.274 85.51 0.05 2.99 -5.34 447.4
2005 12 15 12 35226.7 0.552 77.37 0.05 3.19 -3.79 553.0
2005 12 16 12 35216.7 2.061 94.80 0.05 0.31 -9.08 390.1
2005 12 17 12 35209.0 0.154 120.66 0.05 1.37 -6.68 469.8
2005 12 18 12 35203.6 0.607 79.07 0.05 0.77 -7.49 495.8
2005 12 19 12 35200.7 2.381 98.83 0.05 0.10 -7.67 425.5
2005 12 20 12 35200.1 3.149 67.49 0.05 -1.66 -9.40 438.2
2005 12 21 12 35201.9 0.758 109.52 0.05 1.13 -5.93 475.4
2005 12 22 12 35206.0 2.222 87.22 0.05 0.33 -7.82 397.4
2005 12 23 12 35212.5 2.071 111.63 0.05 3.67 -4.77 529.6
2005 12 24 12 35221.4 0.773 108.53 0.05 -0.20 -8.02 431.8
2005 12 25 12 35232.6 2.170 89.20 0.05 0.50 -9.19 399.5
2005 12 26 12 35246.3 0.016 90.24 0.05 0.02 -8.06 465.2
2005 12 27 12 35262.2 0.909 104.21 0.05 -1.11 -8.97 430.8
2005 12 28 12 35280.5 0.641 90.36 0.05 -0.17 -8.20 415.2
2005 12 29 12 35301.2 1.278 97.80 0.05 -0.79 -9.26 372.1
2005 12 30 12 35324.2 1.404 134.83 0.05 -2.43 -10.29 389.3
2005 12 31 12 35349.5 0.209 83.13 0.05 0.94 -6.99 449.8
2006 1 1 12 35377.2 0.100 134.00 0.05 -1.56 -9.19 416.9
2006 1 2 12 35407.2 1.393 118.82 0.05 0.47 -7.24 465.9
2006 1 3 12 35439.5 2.316 97.68 0.05 -0.81 -8.71 454.5
2006 1 4 12 35474.1 0.297 92.59 0.05 -0.33 -8.34 462.5
2006 1 5 12 35511.0 1.174 94.10 0.05 -0.68 -9.12 511.5
2006 1 6 12 35550.1 3.581 137.41 0.05 1.16 -6.54 480.7
2006 1 7 12 35591.5 1.200 90.84 0.05 0.93 -5.60 459.0
2006 1 8 12 35635.2 0.123 88.18 0.05 -0.96 -8.25 439.8
2006 1 9 12 35681.2 1.588 97.03 0.05 0.31 -8.13 424.5
2006 1 10 12 35729.3 2.463 89.96 0.05 -0.96 -9.89 370.4
2006 1 11 12 35779.7 1.596 104.50 0.05 -0.65 -8.47 418.6
2006 1 12 12 35832.2 1.030 102.20 0.05 1.79 -5.55 555.1
2006 1 13 12 35887.0 1.988 96.85 0.05 -1.49 -9.81 395.4
2006 1 14 12 35943.9 2.150 99.15 0.05 0.33 -7.90 482.7
2006 1 15 12 36003.0 2.534 108.56 0.05 -0.47 -8.87 454.0
2006 1 16 12 36064.1 1.017 126.08 0.05 -1.33 -7.73 455.0
2006 1 17 12 36127.5 1.016 92.78 0.05 -0.88 -8.83 454.6
2006 1 18 12 36192.9 3.592 125.10 0.05 -0.88 -8.36 446.8
2006 1 19 12 36260.3 0.019 130.12 0.05 -0.86 -9.78 366.8
2006 1 20 12 36329.9 2.153 120.70 0.05 -0.67 -9.00 436.3
2006 1 21 12 36401.5 1.195 135.84 0.05 -0.99 -7.37 455.2
2006 1 22 12 36475.1 2.650 129.58 0.05 -0.71 -8.84 373.6
2006 1 23 12 36550.6 4.213 91.70 0.05 0.28 -7.23 459.8
2006 1 24 12 36628.2 1.520 87.27 0.05 0.35 -8.69 425.1
2006 1 25 12 36707.7 1.047 98.24 0.05 -0.23 -8.29 441.2
2006 1 26 12 36789.1 1.422 123.75 0.05 1.44 -8.25 514.6
2006 1 27 12 36872.4 2.042 116.21 0.05 -1.59 -10.08 448.6
2006 1 28 12 36957.6 2.783 119.20 0.05 -2.74 -10.84 389.8
2006 1 29 12 37044.7 0.837 129.54 0.05 -0.91 -8.19 466.9
2006 1 30 12 37133.6 0.179 101.18 0.05 -2.02 -10.24 383.0
2006 1 31 12 37224.2 4.256 107.11 0.05 0.98 -7.17 436.9
2006 2 1 12 37316.7 0.130 92.46 0.05 -4.97 -13.80 347.5
2006 2 2 12 37410.8 0.912 150.00 0.05 -1.67 -9.88 392.6
2006 2 3 12 37506.7 1.123 127.40 0.05 -3.58 -11.07 389.1
2006 2 4 12 37604.3 1.797 136.36 0.05 -0.50 -10.67 366.8
2006 2 5 12 37703.6 1.236 119.82 0.05 -2.43 -9.83 405.6
2006 2 6 12 37804.5 1.359 140.01 0.05 -0.58 -8.96 441.4
2006 2 7 12 37906.9 0.198 106.78 0.05 1.73 -6.50 502.9
2006 2 8 12 38011.0 0.780 135.43 0.05 -0.68 -9.11 401.5
2006 2 9 12 38116.5 0.232 126.20 0.05 1.13 -7.47 503.1
2006 2 10 12 38223.6 2.314 135.04 0.05 1.24 -7.82 454.8
2006 2 11 12 38332.2 3.467 129.97 0.05 1.05 -7.76 446.8
2006 2 12 12 38442.2 4.193 138.13 0.05 -2.79 -11.76 374.6
2006 2 13 12 38553.6 3.158 104.93 0.05 2.02 -5.58 492.9
2006 2 14 12 38666.4 0.672 123.24 0.05 -0.48 -7.38 461.7
2006 2 15 12 38780.5 0.318 145.44 0.05 0.96 -7.45 462.8
2006 2 16 12 38896.0 0.956 164.26 0.05 0.42 -8.12 439.7
2006 2 17 12 39012.7 4.304 125.98 0.05 -0.94 -9.14 461.2
2006 2 18 12 39130.6 1.011 149.08 0.05 -1.06 -10.05 400.3
2006 2 19 12 39249.8 1.085 149.14 0.05 3.89 -3.91 477.8
2006 2 20 12 39370.1 4.547 145.57 0.05 -1.02 -9.21 467.6
2006 2 21 12 39491.6 1.214 165.40 0.05 0.71 -9.10 429.4
2006 2 22 12 39614.2 1.343 136.50 0.05 3.59 -4.04 478.2
2006 2 23 12 39737.8 1.997 158.97 0.05 0.11 -9.05 391.3
2006 2 24 12 39862.5 3.736 143.88 0.05 3.25 -5.02 493.4
2006 2 25 12 39988.1 0.979 170.81 0.05 2.02 -6.38 486.0
2006 2 26 12 40114.7 0.399 139.81 0.05 3.43 -4.10 424.6
2006 2 27 12 40242.2 0.360 153.50 0.05 4.08 -4.41 434.0
2006 2 28 12 40370.6 7.588 130.98 0.05 1.55 -5.44 493.9
2006 3 1 12 40499.8 0.791 142.15 0.05 -1.69 -8.90 463.1
2006 3 2 12 40629.8 2.201 177.87 0.05 -1.23 -9.38 452.9
2006 3 3 12 40760.6 5.378 148.82 0.05 2.16 -4.28 484.5
2006 3 4 12 40892.1 0.774 152.21 0.05 1.05 -7.37 470.2
2006 3 5 12 41024.3 1.669 172.32 0.05 1.74 -6.96 477.8
2006 3 6 12 41157.2 2.659 147.67 0.05 3.68 -2.95 547.8
2006 3 7 12 41290.6 0.119 160.59 0.05 0.03 -7.41 488.3
2006 3 8 12 41424.6 0.363 157.20 0.05 2.11 -5.25 472.0
2006 3 9 12 41559.2 3.060 168.32 0.05 0.08 -7.39 463.6
2006 3 10 12 41694.2 0.034 174.41 0.05 0.24 -7.21 514.2
2006 3 11 12 41829.7 3.582 168.27 0.05 4.46 -3.43 521.5
2006 3 12 12 41965.5 1.672 137.16 0.05 3.82 -4.90 488.0
2006 3 13 12 42101.8 1.656 167.41 0.05 0.85 -8.43 454.3
2006 3 14 12 42238.3 2.047 160.93 0.05 4.47 -3.99 531.5
2006 3 15 12 42375.2 1.034 151.61 0.05 -0.40 -8.28 379.8
2006 3 16 12 42512.3 4.789 128.41 0.05 2.83 -4.36 544.3
2006 3 17 12 42649.6 0.132 161.99 0.05 6.02 -2.41 515.4
2006 3 18 12 42787.0 3.848 197.45 0.05 2.35 -7.14 482.2
2006 3 19 12 42924.6 1.590 182.53 0.05 4.95 -2.02 556.1
2006 3 20 12 43062.3 7.599 190.85 0.05 5.46 -1.63 566.6
2006 3 21 12 43200.0 0.181 181.07 0.05 3.90 -4.48 512.8
2006 3 22 12 43337.7 0.520 202.13 0.05 4.27 -3.55 503.2
2006 3 23 12 43475.4 0.574 185.38 0.05 3.66 -4.75 541.7
2006 3 24 12 43613.0 0.467 190.85 0.05 6.69 -2.30 557.6
2006 3 25 12 43750.4 2.859 182.19 0.05 4.43 -3.77 515.0
2006 3 26 12 43887.7 1.915 186.73 0.05 4.70 -4.65 557.2
2006 3 27 12 44024.8 11.376 184.51 0.05 4.43 -3.50 527.8
2006 3 28 12 44161.7 2.544 201.65 0.05 10.07 2.26 619.8
2006 3 29 12 44298.2 4.586 204.95 0.05 8.76 -0.00 625.3
2006 3 30 12 44434.5 0.819 196.24 0.05 7.15 -0.23 578.4
2006 3 31 12 44570.3 10.156 203.96 0.05 7.05 -2.18 607.2
2006 4 1 12 44705.8 1.266 193.88 0.05 9.04 0.04 591.5
2006 4 2 12 44840.8 1.495 203.30 0.05 5.99 -1.49 554.3
2006 4 3 12 44975.4 0.429 204.26 0.05 5.75 -2.01 536.6
2006 4 4 12 45109.4 1.206 182.25 0.05 9.24 0.72 615.0
2006 4 5 12 45242.8 2.519 169.44 0.05 10.57 2.58 640.0
2006 4 6 12 45375.7 0.240 217.75 0.05 6.93 -1.57 563.4
2006 4 7 12 45507.9 5.005 202.74 0.05 8.61 0.07 559.9
2006 4 8 12 45639.4 2.804 202.18 0.05 9.21 1.33 636.7
2006 4 9 12 45770.2 4.015 199.55 0.05 8.77 0.50 628.0
2006 4 10 12 45900.2 0.813 203.08 0.05 9.39 0.96 648.0
2006 4 11 12 46029.4 6.284 220.77 0.05 8.72 0.32 589.0
2006 4 12 12 46157.8 0.941 201.35 0.05 5.24 -0.93 592.6
2006 4 13 12 46285.3 1.907 208.62 0.05 9.18 1.65 662.5
2006 4 14 12 46411.9 2.233 203.68 0.05 10.70 2.18 655.1
2006 4 15 12 46537.5 0.960 234.35 0.05 10.50 1.61 612.9
2006 4 16 12 46662.2 2.431 226.82 0.05 9.27 1.10 646.4
2006 4 17 12 46785.8 2.402 249.95 0.05 11.67 2.21 684.9
2006 4 18 12 46908.4 3.508 217.02 0.05 10.37 3.33 671.0
2006 4 19 12 47029.9 0.769 216.79 0.05 11.16 2.53 661.7
2006 4 20 12 47150.2 2.371 229.95 0.05 9.85 1.69 602.2
2006 4 21 12 47269.4 2.715 207.05 0.05 10.37 3.04 646.8
2006 4 22 12 47387.3 3.840 236.20 0.05 11.57 4.72 723.1
2006 4 23 12 47504.0 10.115 225.54 0.05 11.45 2.85 657.7
2006 4 24 12 47619.5 8.696 237.98 0.05 11.11 3.56 644.9
2006 4 25 12 47733.6 4.537 215.71 0.05 11.05 4.58 733.5
2006 4 26 12 47846.4 2.569 223.02 0.05 8.53 -0.82 615.1
2006 4 27 12 47957.8 3.459 232.36 0.05 10.35 1.67 624.8
2006 4 28 12 48067.8 0.585 233.94 0.05 12.20 4.36 764.9
2006 4 29 12 48176.4 0.825 224.01 0.05 12.41 3.63 658.2
2006 4 30 12 48283.5 2.956 245.68 0.05 13.35 4.83 648.8
2006 5 1 12 48389.0 0.817 236.48 0.05 14.91 7.29 741.3
2006 5 2 12 48493.1 3.405 241.27 0.05 12.47 5.50 663.9
2006 5 3 12 48595.5 5.830 213.50 0.05 11.56 4.48 705.0
2006 5 4 12 48696.4 1.777 210.59 0.05 15.84 7.13 785.2
2006 5 5 12 48795.7 0.477 224.78 0.05 14.48 6.25 701.6
2006 5 6 12 48893.3 5.940 246.38 0.05 13.17 4.22 671.9
2006 5 7 12 48989.2 10.577 243.52 0.05 11.57 4.80 680.8
2006 5 8 12 49083.3 9.886 261.91 0.05 17.98 10.24 794.1
2006 5 9 12 49175.8 9.595 232.66 0.05 14.25 6.07 717.7
2006 5 10 12 49266.4 8.589 243.41 0.05 15.39 7.31 726.1
2006 5 11 12 49355.3 2.449 226.94 0.05 13.58 5.37 726.2
2006 5 12 12 49442.4 2.606 259.75 0.05 13.55 5.04 668.9
2006 5 13 12 49527.6 0.870 235.64 0.05 17.25 8.95 787.0
2006 5 14 12 49610.9 10.558 257.26 0.05 14.87 6.34 751.9
2006 5 15 12 49692.3 1.021 246.70 0.05 14.90 7.22 715.0
2006 5 16 12 49771.8 0.897 238.17 0.05 16.01 7.00 692.3
2006 5 17 12 49849.4 0.121 231.21 0.05 16.18 8.32 728.8
2006 5 18 12 49924.9 0.504 255.73 0.05 17.90 8.41 755.9
2006 5 19 12 49998.5 4.568 242.53 0.05 16.31 8.75 737.4
2006 5 20 12 50070.1 2.263 217.84 0.05 17.58 8.65 818.2
2006 5 21 12 50139.7 2.316 281.17 0.05 15.84 7.30 745.3
2006 5 22 12 50207.1 0.265 257.41 0.05 15.61 7.29 724.8
2006 5 23 12 50272.5 1.492 262.33 0.05 15.81 7.38 724.4
2006 5 24 12 50335.9 1.820 242.65 0.05 16.25 10.18 828.4
2006 5 25 12 50397.0 0.461 234.70 0.05 20.04 11.29 858.5
2006 5 26 12 50456.1 5.408 246.76 0.05 16.89 8.66 759.9
2006 5 27 12 50513.0 3.717 272.51 0.05 17.05 7.97 765.8
2006 5 28 12 50567.8 4.841 239.39 0.05 19.17 12.56 866.3
2006 5 29 12 50620.3 4.729 256.47 0.05 19.27 11.05 834.8
2006 5 30 12 50670.7 2.035 243.88 0.05 16.73 7.64 773.1
2006 5 31 12 50718.8 7.161 249.61 0.05 18.20 11.35 858.7
2006 6 1 12 50764.8 1.576 275.42 0.05 14.95 7.37 766.4
2006 6 2 12 50808.5 1.456 269.25 0.05 19.62 11.51 815.4
2006 6 3 12 50849.9 0.737 264.46 0.05 20.00 11.91 828.9
2006 6 4 12 50889.0 5.068 265.66 0.05 20.10 12.06 796.3
2006 6 5 12 50925.9 4.310 244.88 0.05 22.31 15.09 907.6
2006 6 6 12 50960.5 4.027 281.89 0.05 20.12 13.05 864.6
2006 6 7 12 50992.8 1.595 253.25 0.05 19.71 9.60 777.8
2006 6 8 12 51022.8 6.682 272.38 0.05 19.98 11.40 836.9
2006 6 9 12 51050.5 1.191 286.79 0.05 18.96 10.91 805.2
2006 6 10 12 51075.8 5.671 248.17 0.05 23.11 14.42 863.4
2006 6 11 12 51098.8 4.603 240.55 0.05 22.80 14.02 917.4
2006 6 12 12 51119.5 1.815 264.23 0.05 19.41 11.73 818.3
2006 6 13 12 51137.8 4.071 260.59 0.05 18.63 11.78 833.0
2006 6 14 12 51153.7 2.228 266.27 0.05 20.59 12.52 870.4
2006 6 15 12 51167.4 18.926 250.26 0.05 20.54 12.19 813.3
2006 6 16 12 51178.6 4.772 253.50 0.05 20.83 11.75 840.6
2006 6 17 12 51187.5 1.794 254.33 0.05 21.14 14.25 857.5
2006 6 18 12 51194.0 0.701 273.55 0.05 18.36 10.58 829.8
2006 6 19 12 51198.1 8.953 271.22 0.05 20.70 12.82 921.5
2006 6 20 12 51199.9 8.414 261.90 0.05 21.37 13.48 899.0
2006 6 21 12 51199.3 5.934 301.97 0.05 19.73 12.45 886.8
2006 6 22 12 51196.4 3.306 279.90 0.05 23.21 14.85 913.5
2006 6 23 12 51191.0 3.337 248.54 0.05 20.58 13.02 912.5
2006 6 24 12 51183.3 1.562 257.30 0.05 21.15 12.83 795.8
2006 6 25 12 51173.3 3.859 288.10 0.05 24.21 15.59 921.7
2006 6 26 12 51160.8 1.702 252.48 0.05 19.25 10.45 838.2
2006 6 27 12 51146.1 1.179 302.32 0.05 21.66 12.76 847.2
2006 6 28 12 51128.9 5.919 263.26 0.05 20.36 10.94 838.6
2006 6 29 12 51109.4 0.717 271.34 0.05 22.52 15.72 898.0
2006 6 30 12 51087.6 1.678 259.86 0.05 22.72 15.52 953.1
2006 7 1 12 51063.4 3.758 236.69 0.05 22.16 13.84 877.2
2006 7 2 12 51036.9 1.233 272.08 0.05 20.78 12.68 846.7
2006 7 3 12 51008.1 6.955 249.09 0.05 20.85 12.85 836.8
2006 7 4 12 50976.9 4.731 263.16 0.05 21.42 13.83 879.5
2006 7 5 12 50943.5 2.849 276.48 0.05 20.84 13.56 917.1
2006 7 6 12 50907.8 4.840 262.47 0.05 23.08 15.49 945.1
2006 7 7 12 50869.7 1.222 239.79 0.05 21.59 12.65 828.5
2006 7 8 12 50829.4 2.326 251.16 0.05 22.70 14.35 891.1
2006 7 9 12 50786.9 3.632 227.24 0.05 21.70 13.28 880.6
2006 7 10 12 50742.1 1.915 247.60 0.05 24.42 13.54 865.6
2006 7 11 12 50695.1 1.318 257.62 0.05 24.06 16.09 928.5
2006 7 12 12 50645.8 0.410 256.72 0.05 22.51 12.39 884.6
2006 7 13 12 50594.3 3.103 256.00 0.05 23.36 16.53 928.1
2006 7 14 12 50540.7 3.336 250.73 0.05 24.15 14.89 912.3
2006 7 15 12 50484.8 0.237 255.72 0.05 22.69 14.54 924.2
2006 7 16 12 50426.8 1.844 239.68 0.05 21.62 14.57 914.7
2006 7 17 12 50366.7 2.220 240.78 0.05 23.72 14.86 903.0
2006 7 18 12 50304.5 6.318 241.03 0.05 22.54 14.67 937.4
2006 7 19 12 50240.1 5.393 298.43 0.05 20.30 11.38 806.8
2006 7 20 12 50173.7 7.586 262.29 0.05 22.10 13.82 827.9
2006 7 21 12 50105.1 1.305 280.66 0.05 24.52 15.86 928.4
2006 7 22 12 50034.6 2.584 239.17 0.05 22.96 15.36 965.4
2006 7 23 12 49962.0 4.529 234.18 0.05 20.11 12.26 911.6
2006 7 24 12 49887.4 3.061 228.85 0.05 21.72 14.02 855.0
2006 7 25 12 49810.8 4.432 234.88 0.05 22.07 14.03 865.0
2006 7 26 12 49732.3 0.737 234.84 0.05 21.11 12.47 799.3
2006 7 27 12 49651.8 8.052 237.07 0.05 20.57 12.93 863.5
2006 7 28 12 49569.5 6.649 238.46 0.05 19.61 11.76 857.5
2006 7 29 12 49485.2 1.471 248.84 0.05 22.40 13.30 838.6
2006 7 30 12 49399.1 2.137 252.88 0.05 23.11 15.69 902.0
2006 7 31 12 49311.1 4.968 251.85 0.05 19.17 11.66 874.7
2006 8 1 12 49221.3 0.775 282.96 0.05 25.45 18.13 1022.3
2006 8 2 12 49129.8 0.266 236.01 0.05 20.85 13.11 888.7
2006 8 3 12 49036.5 2.025 267.39 0.05 22.93 14.12 867.4
2006 8 4 12 48941.4 2.092 252.71 0.05 23.09 15.03 954.5
2006 8 5 12 48844.7 0.481 252.23 0.05 20.17 11.00 837.0
2006 8 6 12 48746.2 0.305 240.84 0.05 21.86 14.28 875.3
2006 8 7 12 48646.2 0.045 236.21 0.05 23.64 16.57 914.0
2006 8 8 12 48544.5 0.866 261.77 0.05 20.43 13.99 812.5
2006 8 9 12 48441.3 4.040 264.99 0.05 24.03 15.63 965.2
2006 8 10 12 48336.4 0.058 234.54 0.05 17.98 8.46 847.6
2006 8 11 12 48230.1 0.993 228.07 0.05 21.88 13.16 863.1
2006 8 12 12 48122.3 4.146 224.74 0.05 22.65 13.95 898.7
2006 8 13 12 48013.0 1.101 233.18 0.05 21.00 12.42 847.2
2006 8 14 12 47902.3 1.453 209.61 0.05 22.89 16.19 930.8
2006 8 15 12 47790.2 1.614 199.25 0.05 20.67 12.75 823.3
2006 8 16 12 47676.7 4.342 219.29 0.05 21.60 14.64 907.1
2006 8 17 12 47561.9 0.448 215.99 0.05 22.69 15.34 964.6
2006 8 18 12 47445.8 0.080 212.97 0.05 19.37 11.94 838.5
2006 8 19 12 47328.5 6.794 224.33 0.05 21.91 14.25 875.7
2006 8 20 12 47209.9 5.775 234.23 0.05 20.26 11.80 869.7
2006 8 21 12 47090.2 3.133 225.44 0.05 21.97 14.33 867.0
2006 8 22 12 46969.3 0.037 229.30 0.05 19.54 13.17 855.2
2006 8 23 12 46847.3 5.113 214.04 0.05 22.24 14.24 874.9
2006 8 24 12 46724.2 0.037 218.96 0.05 15.54 7.76 740.7
2006 8 25 12 46600.0 1.402 232.75 0.05 18.97 10.18 777.9
2006 8 26 12 46474.8 1.087 198.32 0.05 23.42 15.11 927.0
2006 8 27 12 46348.7 0.578 214.18 0.05 21.12 12.70 899.7
2006 8 28 12 46221.7 1.573 213.42 0.05 18.66 11.95 864.9
2006 8 29 12 46093.7 2.276 203.61 0.05 18.39 10.19 866.4
2006 8 30 12 45964.9 5.508 210.22 0.05 19.13 11.24 850.9
2006 8 31 12 45835.3 2.711 219.80 0.05 19.53 12.75 858.3
2006 9 1 12 45704.9 2.194 192.67 0.05 19.27 11.78 829.9
2006 9 2 12 45573.7 0.444 217.68 0.05 21.28 13.34 871.3
2006 9 3 12 45441.8 0.376 213.67 0.05 22.49 14.65 922.9
2006 9 4 12 45309.3 1.361 173.51 0.05 18.98 11.03 830.2
2006 9 5 12 45176.2 2.891 186.11 0.05 19.51 12.32 883.8
2006 9 6 12 45042.4 2.917 210.36 0.05 18.40 10.00 777.9
2006 9 7 12 44908.2 3.451 222.14 0.05 17.28 9.03 774.1
2006 9 8 12 44773.4 6.952 199.60 0.05 19.65 11.19 838.3
2006 9 9 12 44638.1 0.706 195.11 0.05 18.55 11.38 801.1
2006 9 10 12 44502.5 1.015 190.82 0.05 20.14 13.05 875.6
2006 9 11 12 44366.4 0.365 203.45 0.05 17.06 9.05 716.2
2006 9 12 12 44230.0 6.067 178.30 0.05 17.91 10.06 823.1
2006 9 13 12 44093.3 4.947 197.48 0.05 15.60 8.83 762.2
2006 9 14 12 43956.3 1.586 182.29 0.05 17.62 10.07 794.7
2006 9 15 12 43819.1 0.388 163.04 0.05 17.92 9.24 765.2
2006 9 16 12 43681.7 3.507 173.63 0.05 16.32 7.72 755.0
2006 9 17 12 43544.2 1.020 177.26 0.05 17.25 9.41 762.7
2006 9 18 12 43406.5 5.344 167.83 0.05 17.38 10.46 783.2
2006 9 19 12 43268.9 0.533 208.38 0.05 14.05 6.42 739.5
2006 9 20 12 43131.1 1.415 174.47 0.05 14.64 6.15 642.9
2006 9 21 12 42993.5 1.089 161.06 0.05 16.21 9.11 769.7
2006 9 22 12 42855.8 0.292 193.95 0.05 15.40 6.94 759.9
2006 9 23 12 42718.3 1.363 158.52 0.05 17.58 9.51 769.7
2006 9 24 12 42580.9 2.472 151.24 0.05 16.48 10.37 837.2
2006 9 25 12 42443.7 2.320 194.81 0.05 15.91 7.46 708.6
2006 9 26 12 42306.7 0.711 162.44 0.05 16.43 8.48 735.0
2006 9 27 12 42170.0 0.409 182.80 0.05 16.31 8.53 717.6
2006 9 28 12 42033.6 2.309 193.02 0.05 14.08 5.06 652.5
2006 9 29 12 41897.5 1.952 142.63 0.05 15.75 8.51 739.7
2006 9 30 12 41761.9 0.545 152.91 0.05 17.30 9.28 803.3
2006 10 1 12 41626.6 3.256 163.16 0.05 15.66 7.91 722.0
2006 10 2 12 41491.8 1.057 180.94 0.05 13.81 5.73 703.6
2006 10 3 12 41357.6 0.510 170.84 0.05 11.20 2.23 601.3
2006 10 4 12 41223.8 0.489 163.96 0.05 11.81 4.40 695.3
2006 10 5 12 41090.7 1.449 167.11 0.05 13.94 6.93 711.2
2006 10 6 12 40958.2 0.163 147.37 0.05 12.18 3.25 699.4
2006 10 7 12 40826.3 3.221 166.05 0.05 11.44 3.47 676.7
2006 10 8 12 40695.1 1.769 152.40 0.05 14.30 7.10 692.2
2006 10 9 12 40564.7 1.594 163.11 0.05 14.64 6.37 662.8
2006 10 10 12 40435.1 1.963 143.88 0.05 11.10 2.98 656.1
2006 10 11 12 40306.3 0.573 151.43 0.05 14.79 7.03 708.1
2006 10 12 12 40178.3 0.707 137.30 0.05 11.41 3.13 668.5
2006 10 13 12 40051.3 0.272 151.83 0.05 12.37 4.61 699.3
2006 10 14 12 39925.2 0.860 143.16 0.05 9.28 0.74 629.8
2006 10 15 12 39800.0 0.417 139.10 0.05 12.96 5.12 727.9
2006 10 16 12 39675.8 0.232 145.71 0.05 9.07 0.80 602.0
2006 10 17 12 39552.7 2.636 116.67 0.05 8.96 1.04 651.9
2006 10 18 12 39430.7 0.263 158.04 0.05 11.32 3.66 630.7
2006 10 19 12 39309.8 1.387 124.56 0.05 8.45 -0.17 618.3
2006 10 20 12 39190.1 1.251 130.79 0.05 10.40 1.87 627.9
2006 10 21 12 39071.5 0.168 128.23 0.05 8.37 0.34 645.2
2006 10 22 12 38954.2 1.702 109.56 0.05 11.67 2.64 702.9
2006 10 23 12 38838.1 0.143 149.39 0.05 11.23 2.75 689.8
2006 10 24 12 38723.3 1.510 136.07 0.05 8.54 -0.34 628.0
2006 10 25 12 38609.8 1.291 135.00 0.05 10.62 2.49 649.9
2006 10 26 12 38497.7 1.023 161.70 0.05 8.24 0.70 529.5
2006 10 27 12 38387.0 3.536 122.42 0.05 10.40 3.10 699.2
2006 10 28 12 38277.7 0.912 104.26 0.05 9.17 2.20 647.6
2006 10 29 12 38169.9 0.719 136.70 0.05 10.67 2.75 681.9
2006 10 30 12 38063.6 0.561 137.90 0.05 7.60 -1.39 564.5
2006 10 31 12 37958.7 3.333 93.40 0.05 8.23 -0.79 602.5
2006 11 1 12 37855.5 0.387 102.51 0.05 8.80 1.06 658.4
2006 11 2 12 37753.8 0.857 134.26 0.05 10.30 1.95 618.1
2006 11 3 12 37653.8 0.200 122.16 0.05 7.88 -0.87 599.9
2006 11 4 12 37555.3 0.560 135.87 0.05 6.10 -1.23 575.6
2006 11 5 12 37458.6 0.518 123.69 0.05 4.76 -2.05 570.5
2006 11 6 12 37363.5 0.419 125.92 0.05 6.74 -0.96 589.6
2006 11 7 12 37270.2 0.791 127.47 0.05 6.95 -0.39 629.4
2006 11 8 12 37178.7 1.356 121.16 0.05 3.60 -4.85 483.9
2006 11 9 12 37088.9 0.842 114.56 0.05 6.63 -1.77 568.7
2006 11 10 12 37000.9 1.343 107.40 0.05 7.58 -2.91 545.0
2006 11 11 12 36914.8 0.071 131.69 0.05 4.11 -3.09 546.8
2006 11 12 12 36830.5 0.428 145.34 0.05 5.00 -2.49 512.8
2006 11 13 12 36748.2 1.003 128.72 0.05 2.39 -5.67 498.7
2006 11 14 12 36667.7 1.259 103.52 0.05 4.85 -2.18 593.2
2006 11 15 12 36589.2 1.220 98.15 0.05 4.44 -3.27 522.6
2006 11 16 12 36512.6 0.857 92.25 0.05 6.53 -1.47 529.4
2006 11 17 12 36438.0 0.237 110.41 0.05 4.85 -2.29 575.3
2006 11 18 12 36365.4 1.017 112.99 0.05 5.61 -2.82 523.0
2006 11 19 12 36294.9 0.858 104.17 0.05 5.93 -2.50 507.1
2006 11 20 12 36226.3 0.434 125.09 0.05 7.88 -0.53 589.9
2006 11 21 12 36159.9 0.876 106.62 0.05 4.56 -4.42 472.5
2006 11 22 12 36095.5 0.481 108.21 0.05 2.73 -3.87 481.0
2006 11 23 12 36033.3 0.218 94.61 0.05 2.62 -6.20 500.9
2006 11 24 12 35973.2 1.288 118.86 0.05 4.41 -3.86 523.2
2006 11 25 12 35915.2 0.384 101.17 0.05 4.49 -3.31 494.7
2006 11 26 12 35859.3 0.193 68.48 0.05 3.94 -3.69 510.1
2006 11 27 12 35805.7 0.437 121.24 0.05 2.30 -5.27 569.4
2006 11 28 12 35754.2 0.227 85.98 0.05 5.34 -3.93 517.6
2006 11 29 12 35704.9 0.367 85.95 0.05 2.91 -6.19 471.0
2006 11 30 12 35657.9 0.226 83.06 0.05 1.52 -6.23 440.7
2006 12 1 12 35613.1 0.366 110.85 0.05 4.71 -2.11 558.3
2006 12 2 12 35570.6 1.056 86.72 0.05 5.35 -1.51 532.3
2006 12 3 12 35530.3 0.083 106.48 0.05 4.85 -2.29 507.1
2006 12 4 12 35492.2 0.492 99.81 0.05 0.36 -7.86 449.4
2006 12 5 12 35456.5 0.610 106.57 0.05 4.86 -3.56 487.1
2006 12 6 12 35423.1 3.956 124.63 0.05 1.22 -7.79 451.1
2006 12 7 12 35391.9 4.213 120.94 0.05 0.81 -6.82 517.1
2006 12 8 12 35363.1 0.994 100.88 0.05 2.21 -5.16 514.5
2006 12 9 12 35336.6 2.622 134.31 0.05 1.11 -6.75 418.3
2006 12 10 12 35312.4 0.748 96.45 0.05 0.54 -6.65 442.4
2006 12 11 12 35290.6 1.177 83.00 0.05 0.63 -6.88 427.8
2006 12 12 12 35271.1 2.434 80.43 0.05 1.38 -6.32 470.8
2006 12 13 12 35253.9 0.602 108.47 0.05 0.43 -7.64 460.0
2006 12 14 12 35239.2 1.315 82.21 0.05 2.07 -7.33 409.5
2006 12 15 12 35226.7 3.125 106.23 0.05 0.56 -7.50 451.2
2006 12 16 12 35216.7 0.939 111.80 0.05 -0.58 -9.71 440.2
2006 12 17 12 35209.0 1.094 103.29 0.05 -1.23 -9.30 415.9
2006 12 18 12 35203.6 1.574 100.70 0.05 1.13 -9.06 401.6
2006 12 19 12 35200.7 0.546 101.14 0.05 0.56 -7.70 477.9
2006 12 20 12 35200.1 1.390 93.77 0.05 0.91 -6.70 503.8
2006 12 21 12 35201.9 0.114 117.05 0.05 0.30 -9.03 421.5
2006 12 22 12 35206.0 3.679 108.43 0.05 0.74 -6.90 453.3
2006 12 23 12 35212.5 0.112 85.82 0.05 -1.06 -9.82 410.9
2006 12 24 12 35221.4 0.394 65.27 0.05 -0.38 -8.21 481.0
2006 12 25 12 35232.6 0.472 124.68 0.05 2.25 -5.97 453.9
2006 12 26 12 35246.3 0.122 113.95 0.05 0.14 -8.09 450.1
2006 12 27 12 35262.2 0.686 115.09 0.05 1.29 -5.81 527.5
2006 12 28 12 35280.5 0.956 81.39 0.05 -2.40 -9.91 434.0
2006 12 29 12 35301.2 0.626 85.84 0.05 -1.26 -10.84 318.8
2006 12 30 12 35324.2 0.576 110.95 0.05 -1.76 -10.51 392.6
2006 12 31 12 35349.5 1.587 96.97 0.05 -2.44 -10.94 403.6
2007 1 1 12 35377.2 1.952 99.40 0.05 -0.78 -7.78 468.2
2007 1 2 12 35407.2 0.827 121.67 0.05 -1.47 -9.89 446.9
2007 1 3 12 35439.5 0.457 103.70 0.05 -1.11 -10.07 363.5
2007 1 4 12 35474.1 0.097 105.99 0.05 -0.75 -9.10 406.4
2007 1 5 12 35511.0 1.223 117.39 0.05 -1.53 -10.04 413.0
2007 1 6 12 35550.1 3.003 88.98 0.05 -0.29 -8.83 432.3
2007 1 7 12 35591.5 0.766 108.04 0.05 0.37 -7.68 503.7
2007 1 8 12 35635.2 0.660 133.57 0.05 -3.80 -11.29 340.3
2007 1 9 12 35681.2 0.296 122.30 0.05 -1.77 -9.40 444.9
2007 1 10 12 35729.3 1.270 99.19 0.05 0.11 -6.73 478.5
2007 1 11 12 35779.7 4.239 108.71 0.05 -2.20 -9.91 392.5
2007 1 12 12 35832.2 1.697 95.43 0.05 1.17 -6.46 478.9
2007 1 13 12 35887.0 0.323 104.84 0.05 1.22 -6.68 477.6
2007 1 14 12 35943.9 1.458 99.55 0.05 -2.73 -11.30 317.7
2007 1 15 12 36003.0 1.804 105.78 0.05 -1.85 -10.35 395.0
2007 1 16 12 36064.1 3.024 121.69 0.05 -0.69 -9.62 424.9
2007 1 17 12 36127.5 0.098 97.29 0.05 1.14 -8.35 463.5
2007 1 18 12 36192.9 0.237 127.42 0.05 -0.54 -8.18 441.8
2007 1 19 12 36260.3 0.239 136.78 0.05 -0.81 -8.67 442.2
2007 1 20 12 36329.9 0.094 88.60 0.05 -0.89 -9.92 415.0
2007 1 21 12 36401.5 0.478 114.33 0.05 -0.55 -8.38 441.8
2007 1 22 12 36475.1 0.700 115.09 0.05 -1.19 -9.04 422.1
2007 1 23 12 36550.6 0.290 123.55 0.05 -1.18 -8.71 433.5
2007 1 24 12 36628.2 5.597 116.03 0.05 -1.47 -9.85 427.6
2007 1 25 12 36707.7 5.201 113.73 0.05 -1.25 -9.89 379.3
2007 1 26 12 36789.1 0.723 141.39 0.05 -1.47 -10.07 381.0
2007 1 27 12 36872.4 2.237 137.05 0.05 0.98 -6.47 462.8
2007 1 28 12 36957.6 3.712 113.09 0.05 -0.04 -7.42 442.4
2007 1 29 12 37044.7 4.493 120.98 0.05 -1.05 -9.81 380.2
2007 1 30 12 37133.6 3.436 128.44 0.05 1.89 -6.17 480.2
2007 1 31 12 37224.2 3.326 101.33 0.05 -3.73 -12.12 365.4
2007 2 1 12 37316.7 0.748 133.46 0.05 -1.48 -10.01 443.3
2007 2 2 12 37410.8 0.714 99.51 0.05 -0.83 -8.59 405.9
2007 2 3 12 37506.7 2.547 136.45 0.05 -0.95 -8.91 414.1
2007 2 4 12 37604.3 5.632 117.97 0.05 0.07 -9.92 464.8
2007 2 5 12 37703.6 0.294 109.57 0.05 0.23 -7.68 419.8
2007 2 6 12 37804.5 0.481 130.49 0.05 -0.13 -7.04 475.7
2007 2 7 12 37906.9 1.109 129.88 0.05 -2.27 -10.34 356.9
2007 2 8 12 38011.0 2.604 100.34 0.05 0.91 -6.04 486.8
2007 2 9 12 38116.5 2.847 101.66 0.05 -1.29 -9.13 414.2
2007 2 10 12 38223.6 3.186 127.45 0.05 -0.39 -6.88 481.1
2007 2 11 12 38332.2 1.348 103.14 0.05 0.37 -6.11 472.3
2007 2 12 12 38442.2 3.762 124.66 0.05 -3.70 -10.18 416.8
2007 2 13 12 38553.6 1.633 146.00 0.05 -0.55 -8.08 452.4
2007 2 14 12 38666.4 2.495 141.36 0.05 -3.11 -10.99 440.5
2007 2 15 12 38780.5 2.840 127.66 0.05 -0.21 -9.28 389.6
2007 2 16 12 38896.0 1.739 130.70 0.05 -2.88 -12.05 324.7
2007 2 17 12 39012.7 0.383 145.16 0.05 1.95 -5.01 496.8
2007 2 18 12 39130.6 2.611 129.69 0.05 -0.49 -9.25 432.5
2007 2 19 12 39249.8 2.852 114.08 0.05 -0.61 -7.47 474.4
2007 2 20 12 39370.1 0.542 131.67 0.05 3.77 -4.91 485.3
2007 2 21 12 39491.6 1.564 149.15 0.05 0.34 -9.39 466.1
2007 2 22 12 39614.2 2.879 123.50 0.05 1.99 -6.77 463.1
2007 2 23 12 39737.8 7.288 159.94 0.05 -0.85 -10.06 352.8
2007 2 24 12 39862.5 3.769 135.67 0.05 -0.57 -7.49 455.9
2007 2 25 12 39988.1 0.226 178.15 0.05 0.87 -7.43 450.7
2007 2 26 12 40114.7 6.724 142.43 0.05 0.24 -8.09 431.2
2007 2 27 12 40242.2 0.552 169.23 0.05 0.43 -8.07 445.2
2007 2 28 12 40370.6 2.088 151.90 0.05 1.22 -6.88 471.1
2007 3 1 12 40499.8 0.487 130.70 0.05 0.45 -7.40 427.2
2007 3 2 12 40629.8 0.167 157.62 0.05 -0.69 -9.22 386.6
2007 3 3 12 40760.6 2.710 135.01 0.05 2.45 -6.93 433.0
2007 3 4 12 40892.1 2.142 133.96 0.05 1.86 -7.48 512.7
2007 3 5 12 41024.3 0.728 170.07 0.05 1.29 -7.55 442.3
2007 3 6 12 41157.2 6.357 165.04 0.05 4.82 -4.45 545.8
2007 3 7 12 41290.6 1.153 150.75 0.05 3.49 -3.55 564.5
2007 3 8 12 41424.6 7.179 160.09 0.05 1.90 -6.55 457.8
2007 3 9 12 41559.2 0.627 158.62 0.05 2.33 -7.14 472.7
2007 3 10 12 41694.2 3.541 155.41 0.05 -0.55 -8.30 453.2
2007 3 11 12 41829.7 1.190 157.28 0.05 1.61 -7.07 433.6
2007 3 12 12 41965.5 5.040 165.19 0.05 3.64 -3.64 504.3
2007 3 13 12 42101.8 1.102 164.67 0.05 5.64 -2.99 559.6
2007 3 14 12 42238.3 3.402 165.97 0.05 2.46 -5.95 480.7
2007 3 15 12 42375.2 3.335 174.88 0.05 3.16 -3.12 471.8
2007 3 16 12 42512.3 0.865 190.69 0.05 3.90 -4.11 499.1
2007 3 17 12 42649.6 5.958 194.28 0.05 4.40 -3.67 502.0
2007 3 18 12 42787.0 13.115 186.80 0.05 2.54 -5.44 479.9
2007 3 19 12 42924.6 1.272 185.54 0.05 2.54 -6.05 434.6
2007 3 20 12 43062.3 0.425 171.35 0.05 8.41 2.00 642.8
2007 3 21 12 43200.0 3.688 165.33 0.05 2.38 -6.41 479.9
2007 3 22 12 43337.7 0.262 179.00 0.05 6.92 -0.15 593.0
2007 3 23 12 43475.4 3.644 186.49 0.05 5.74 -2.63 534.6
2007 3 24 12 43613.0 2.993 175.15 0.05 5.20 -3.24 514.7
2007 3 25 12 43750.4 6.110 162.17 0.05 5.92 -2.65 556.5
2007 3 26 12 43887.7 0.547 204.78 0.05 8.28 -1.42 526.9
2007 3 27 12 44024.8 10.344 185.88 0.05 6.03 -2.38 608.0
2007 3 28 12 44161.7 2.378 206.31 0.05 6.85 -0.57 622.7
2007 3 29 12 44298.2 1.091 188.91 0.05 8.81 0.70 542.4
2007 3 30 12 44434.5 2.027 206.98 0.05 7.95 -1.05 624.8
2007 3 31 12 44570.3 5.008 200.52 0.05 4.12 -3.47 540.5
2007 4 1 12 44705.8 4.638 211.37 0.05 4.34 -3.82 531.9
2007 4 2 12 44840.8 0.321 206.87 0.05 7.42 -0.89 570.8
2007 4 3 12 44975.4 0.693 195.46 0.05 6.05 -3.31 554.0
2007 4 4 12 45109.4 0.315 199.01 0.05 7.74 -0.85 569.7
2007 4 5 12 45242.8 2.976 226.20 0.05 8.19 0.01 577.6
2007 4 6 12 45375.7 5.187 197.56 0.05 10.48 2.29 632.2
2007 4 7 12 45507.9 0.998 209.72 0.05 7.54 0.14 588.2
2007 4 8 12 45639.4 3.799 212.19 0.05 7.98 -1.66 565.5
2007 4 9 12 45770.2 0.680 216.01 0.05 6.75 -2.04 566.5
2007 4 10 12 45900.2 0.915 204.11 0.05 8.52 0.16 532.1
2007 4 11 12 46029.4 2.648 223.83 0.05 7.18 -0.55 603.6
2007 4 12 12 46157.8 0.682 210.37 0.05 9.84 1.81 631.4
2007 4 13 12 46285.3 0.059 185.14 0.05 8.66 0.41 629.1
2007 4 14 12 46411.9 1.186 213.28 0.05 9.00 1.72 640.0
2007 4 15 12 46537.5 11.946 218.69 0.05 10.87 5.75 654.7
2007 4 16 12 46662.2 3.429 209.93 0.05 9.88 1.64 638.6
2007 4 17 12 46785.8 8.844 216.14 0.05 11.31 4.39 673.3
2007 4 18 12 46908.4 1.668 219.01 0.05 9.29 2.64 596.3
2007 4 19 12 47029.9 0.622 234.82 0.05 11.68 3.11 642.9
2007 4 20 12 47150.2 2.096 225.82 0.05 9.09 1.15 587.9
2007 4 21 12 47269.4 0.076 244.77 0.05 12.23 2.59 670.1
2007 4 22 12 47387.3 1.920 208.11 0.05 10.11 1.75 675.9
2007 4 23 12 47504.0 0.126 212.99 0.05 9.64 2.06 650.5
2007 4 24 12 47619.5 2.206 233.92 0.05 11.79 3.43 688.7
2007 4 25 12 47733.6 2.605 235.17 0.05 14.18 6.23 695.0
2007 4 26 12 47846.4 0.574 240.76 0.05 11.98 4.30 705.0
2007 4 27 12 47957.8 0.309 222.77 0.05 12.22 4.37 672.4
2007 4 28 12 48067.8 15.989 216.46 0.05 10.34 2.46 596.4
2007 4 29 12 48176.4 3.716 225.10 0.05 16.48 8.62 767.5
2007 4 30 12 48283.5 3.948 196.11 0.05 10.94 3.15 671.1
2007 5 1 12 48389.0 17.243 245.46 0.05 13.40 5.47 743.1
2007 5 2 12 48493.1 0.874 224.26 0.05 13.65 5.02 689.6
2007 5 3 12 48595.5 9.066 221.19 0.05 13.18 4.18 651.0
2007 5 4 12 48696.4 8.304 236.95 0.05 14.41 6.35 737.5
2007 5 5 12 48795.7 1.821 255.86 0.05 15.00 6.40 725.2
2007 5 6 12 48893.3 4.593 246.02 0.05 11.18 4.24 666.6
2007 5 7 12 48989.2 7.894 233.65 0.05 16.70 7.28 751.8
2007 5 8 12 49083.3 2.335 248.04 0.05 13.21 4.73 726.1
2007 5 9 12 49175.8 4.128 246.52 0.05 13.94 6.43 724.3
2007 5 10 12 49266.4 0.070 264.90 0.05 13.60 4.42 773.2
2007 5 11 12 49355.3 3.755 257.82 0.05 13.26 4.58 655.7
2007 5 12 12 49442.4 0.320 237.69 0.05 17.08 8.71 778.3
2007 5 13 12 49527.6 15.650 243.91 0.05 14.91 8.25 780.1
2007 5 14 12 49610.9 3.261 247.29 0.05 16.83 8.40 717.6
2007 5 15 12 49692.3 12.116 216.42 0.05 17.09 9.36 789.6
2007 5 16 12 49771.8 1.114 200.09 0.05 18.18 9.95 755.6
2007 5 17 12 49849.4 2.058 248.54 0.05 14.19 5.76 694.3
2007 5 18 12 49924.9 2.753 258.93 0.05 15.42 8.39 744.1
2007 5 19 12 49998.5 0.609 289.73 0.05 17.17 8.21 740.1
2007 5 20 12 50070.1 2.637 246.65 0.05 18.19 10.16 884.1
2007 5 21 12 50139.7 0.077 245.59 0.05 15.42 7.47 741.8
2007 5 22 12 50207.1 2.047 268.13 0.05 15.37 8.31 785.2
2007 5 23 12 50272.5 5.711 234.98 0.05 18.18 9.93 768.3
2007 5 24 12 50335.9 3.032 279.60 0.05 17.45 8.22 774.5
2007 5 25 12 50397.0 0.623 238.35 0.05 16.49 7.39 706.6
2007 5 26 12 50456.1 2.010 259.03 0.05 15.52 6.67 798.0
2007 5 27 12 50513.0 5.511 254.71 0.05 16.32 8.92 796.9
2007 5 28 12 50567.8 4.238 233.85 0.05 18.93 10.53 823.8
2007 5 29 12 50620.3 3.330 248.11 0.05 19.86 12.23 832.8
2007 5 30 12 50670.7 0.546 239.87 0.05 19.93 13.22 871.6
2007 5 31 12 50718.8 1.298 248.00 0.05 17.07 9.59 845.5
2007 6 1 12 50764.8 2.258 272.27 0.05 20.33 12.94 852.9
2007 6 2 12 50808.5 6.982 228.27 0.05 20.76 12.92 867.3
2007 6 3 12 50849.9 3.586 226.07 0.05 19.56 10.71 777.1
2007 6 4 12 50889.0 1.578 255.46 0.05 19.34 12.89 895.8
2007 6 5 12 50925.9 3.325 238.03 0.05 20.19 11.59 836.5
2007 6 6 12 50960.5 0.743 268.85 0.05 17.09 9.75 808.2
2007 6 7 12 50992.8 2.896 257.51 0.05 16.90 9.60 762.5
2007 6 8 12 51022.8 4.372 271.82 0.05 19.59 10.44 774.2
2007 6 9 12 51050.5 3.277 231.52 0.05 19.63 10.36 796.0
2007 6 10 12 51075.8 11.064 261.63 0.05 15.54 7.90 776.2
2007 6 11 12 51098.8 0.012 298.73 0.05 20.42 11.55 844.2
2007 6 12 12 51119.5 6.852 269.37 0.05 21.68 14.73 900.5
2007 6 13 12 51137.8 1.420 268.80 0.05 22.38 13.84 837.6
2007 6 14 12 51153.7 20.148 274.50 0.05 20.98 13.81 840.6
2007 6 15 12 51167.4 1.084 251.86 0.05 19.82 12.61 853.8
2007 6 16 12 51178.6 1.099 252.80 0.05 22.53 14.69 817.9
2007 6 17 12 51187.5 2.153 241.42 0.05 22.62 14.48 864.1
2007 6 18 12 51194.0 6.669 262.86 0.05 21.22 13.55 883.5
2007 6 19 12 51198.1 1.182 299.05 0.05 22.11 13.90 925.4
2007 6 20 12 51199.9 6.873 269.70 0.05 22.25 13.94 879.8
2007 6 21 12 51199.3 3.812 236.58 0.05 24.42 15.34 933.3
2007 6 22 12 51196.4 3.379 250.21 0.05 16.39 8.99 804.2
2007 6 23 12 51191.0 3.646 270.51 0.05 22.73 14.32 865.5
2007 6 24 12 51183.3 5.875 264.05 0.05 21.25 13.65 925.9
2007 6 25 12 51173.3 3.302 256.92 0.05 21.73 14.05 899.9
2007 6 26 12 51160.8 12.111 248.36 0.05 22.91 13.74 881.3
2007 6 27 12 51146.1 0.189 242.30 0.05 21.82 14.06 923.2
2007 6 28 12 51128.9 7.071 238.11 0.05 22.28 14.76 925.2
2007 6 29 12 51109.4 0.392 281.56 0.05 21.66 13.61 894.3
2007 6 30 12 51087.6 3.422 262.75 0.05 22.82 15.09 856.5
2007 7 1 12 51063.4 3.153 274.27 0.05 22.72 14.92 910.0
2007 7 2 12 51036.9 5.024 261.04 0.05 20.74 14.03 884.6
2007 7 3 12 51008.1 0.700 261.23 0.05 22.95 14.94 898.8
2007 7 4 12 50976.9 0.747 255.39 0.05 23.41 16.13 945.1
2007 7 5 12 50943.5 9.344 251.61 0.05 22.74 13.49 850.0
2007 7 6 12 50907.8 2.200 238.33 0.05 24.20 15.90 946.7
2007 7 7 12 50869.7 2.383 246.03 0.05 22.28 14.67 890.0
2007 7 8 12 50829.4 12.223 231.47 0.05 21.02 12.75 876.3
2007 7 9 12 50786.9 4.862 238.40 0.05 22.72 15.07 857.1
2007 7 10 12 50742.1 1.961 255.90 0.05 22.50 14.87 903.8
2007 7 11 12 50695.1 2.779 248.21 0.05 20.45 12.78 795.7
2007 7 12 12 50645.8 1.909 253.28 0.05 23.68 14.91 938.1
2007 7 13 12 50594.3 2.890 272.06 0.05 25.65 17.95 966.3
2007 7 14 12 50540.7 6.639 264.02 0.05 22.61 13.98 870.0
2007 7 15 12 50484.8 3.695 256.39 0.05 21.77 13.40 882.7
2007 7 16 12 50426.8 3.182 232.78 0.05 19.57 12.89 854.8
2007 7 17 12 50366.7 3.831 234.74 0.05 23.31 15.96 884.4
2007 7 18 12 50304.5 4.514 241.05 0.05 24.17 16.14 916.4
2007 7 19 12 50240.1 1.807 239.01 0.05 22.25 14.13 868.5
2007 7 20 12 50173.7 1.401 218.95 0.05 22.54 15.14 877.5
2007 7 21 12 50105.1 11.691 271.92 0.05 20.14 13.02 842.0
2007 7 22 12 50034.6 0.990 251.85 0.05 23.14 15.42 899.4
2007 7 23 12 49962.0 3.623 256.64 0.05 21.02 13.86 905.9
2007 7 24 12 49887.4 1.308 241.31 0.05 23.58 15.48 941.3
2007 7 25 12 49810.8 0.753 250.45 0.05 22.91 15.28 920.4
2007 7 26 12 49732.3 2.026 243.72 0.05 22.37 13.84 917.1
2007 7 27 12 49651.8 4.721 259.76 0.05 24.42 16.38 975.5
2007 7 28 12 49569.5 4.063 254.57 0.05 20.94 11.52 905.6
2007 7 29 12 49485.2 0.473 238.91 0.05 25.33 16.74 904.5
2007 7 30 12 49399.1 4.578 220.70 0.05 23.28 14.78 920.0
2007 7 31 12 49311.1 4.021 222.98 0.05 22.52 14.37 911.0
2007 8 1 12 49221.3 2.514 232.46 0.05 21.68 13.28 876.3
2007 8 2 12 49129.8 0.756 240.71 0.05 23.86 14.25 868.0
2007 8 3 12 49036.5 6.537 220.47 0.05 21.72 14.55 915.9
2007 8 4 12 48941.4 3.020 232.94 0.05 24.19 16.17 979.0
2007 8 5 12 48844.7 1.559 251.24 0.05 24.37 16.77 983.3
2007 8 6 12 48746.2 0.904 248.38 0.05 21.00 13.40 913.3
2007 8 7 12 48646.2 0.469 228.98 0.05 22.94 14.17 887.5
2007 8 8 12 48544.5 0.609 233.20 0.05 19.92 11.62 763.1
2007 8 9 12 48441.3 0.644 250.30 0.05 23.69 15.81 918.7
2007 8 10 12 48336.4 2.406 252.28 0.05 22.59 14.86 881.7
2007 8 11 12 48230.1 1.614 234.95 0.05 21.68 14.49 959.1
2007 8 12 12 48122.3 2.362 242.08 0.05 18.96 11.89 842.2
2007 8 13 12 48013.0 4.989 241.55 0.05 22.68 15.79 908.2
2007 8 14 12 47902.3 0.532 223.58 0.05 21.67 13.49 872.9
2007 8 15 12 47790.2 1.030 217.12 0.05 19.96 10.52 828.1
2007 8 16 12 47676.7 1.449 237.83 0.05 21.92 14.56 890.6
2007 8 17 12 47561.9 4.329 243.96 0.05 23.56 15.76 915.6
2007 8 18 12 47445.8 2.985 213.36 0.05 23.62 14.70 926.7
2007 8 19 12 47328.5 0.184 210.82 0.05 20.85 12.06 791.7
2007 8 20 12 47209.9 4.550 212.30 0.05 19.34 10.95 840.0
2007 8 21 12 47090.2 0.445 191.95 0.05 22.53 14.32 874.5
2007 8 22 12 46969.3 2.759 192.25 0.05 18.82 10.11 837.1
2007 8 23 12 46847.3 1.041 194.17 0.05 19.35 11.85 834.7
2007 8 24 12 46724.2 3.494 211.91 0.05 21.77 14.19 863.8
2007 8 25 12 46600.0 1.322 205.60 0.05 22.38 14.42 896.3
2007 8 26 12 46474.8 3.406 202.89 0.05 21.44 12.51 833.1
2007 8 27 12 46348.7 2.816 207.69 0.05 19.98 12.18 887.6
2007 8 28 12 46221.7 0.745 230.45 0.05 21.19 12.87 868.9
2007 8 29 12 46093.7 3.456 212.28 0.05 21.80 12.21 814.0
2007 8 30 12 45964.9 0.704 206.08 0.05 20.70 13.06 842.6
2007 8 31 12 45835.3 0.531 214.37 0.05 16.66 7.87 754.8
2007 9 1 12 45704.9 1.859 193.32 0.05 18.76 10.29 802.1
2007 9 2 12 45573.7 4.170 202.96 0.05 20.96 12.68 860.9
2007 9 3 12 45441.8 2.602 189.56 0.05 18.38 8.96 737.2
2007 9 4 12 45309.3 1.123 172.85 0.05 20.64 12.90 914.9
2007 9 5 12 45176.2 1.837 195.33 0.05 19.73 11.67 818.8
2007 9 6 12 45042.4 0.275 196.99 0.05 19.46 11.49 806.0
2007 9 7 12 44908.2 1.391 189.65 0.05 20.62 12.01 809.0
2007 9 8 12 44773.4 2.009 212.40 0.05 18.28 10.43 778.4
2007 9 9 12 44638.1 3.813 195.02 0.05 19.59 11.77 859.0
2007 9 10 12 44502.5 0.680 201.57 0.05 18.08 9.98 786.0
2007 9 11 12 44366.4 0.572 171.69 0.05 18.74 11.10 778.6
2007 9 12 12 44230.0 1.309 207.42 0.05 19.41 11.26 810.6
2007 9 13 12 44093.3 1.180 195.43 0.05 16.55 7.17 752.4
2007 9 14 12 43956.3 5.239 211.72 0.05 18.00 9.52 812.6
2007 9 15 12 43819.1 3.149 203.13 0.05 15.90 7.49 710.2
2007 9 16 12 43681.7 1.354 156.25 0.05 16.75 8.93 706.5
2007 9 17 12 43544.2 3.501 165.88 0.05 16.45 7.96 724.4
2007 9 18 12 43406.5 0.151 165.77 0.05 15.94 7.62 811.1
2007 9 19 12 43268.9 1.206 182.91 0.05 18.17 10.47 740.2
2007 9 20 12 43131.1 2.910 193.90 0.05 16.62 9.10 747.7
2007 9 21 12 42993.5 2.348 174.09 0.05 20.30 12.53 856.8
2007 9 22 12 42855.8 0.461 181.02 0.05 16.33 8.45 840.5
2007 9 23 12 42718.3 0.361 161.19 0.05 15.21 7.39 733.9
2007 9 24 12 42580.9 0.933 163.56 0.05 17.09 10.80 825.6
2007 9 25 12 42443.7 1.433 178.69 0.05 16.43 8.66 811.3
2007 9 26 12 42306.7 2.660 184.89 0.05 17.00 8.74 744.8
2007 9 27 12 42170.0 0.588 177.55 0.05 14.65 6.43 778.7
2007 9 28 12 42033.6 1.056 158.07 0.05 14.58 7.63 724.9
2007 9 29 12 41897.5 0.298 155.62 0.05 15.31 6.66 754.8
2007 9 30 12 41761.9 5.001 155.62 0.05 14.52 6.42 807.2
2007 10 1 12 41626.6 1.095 166.69 0.05 16.28 8.69 753.8
2007 10 2 12 41491.8 2.444 187.39 0.05 12.63 5.23 701.8
2007 10 3 12 41357.6 1.019 158.78 0.05 15.48 6.02 707.1
2007 10 4 12 41223.8 0.866 161.39 0.05 16.97 9.14 779.4
2007 10 5 12 41090.7 3.644 174.11 0.05 15.07 6.01 706.3
2007 10 6 12 40958.2 4.423 165.98 0.05 14.97 9.18 805.1
2007 10 7 12 40826.3 0.469 166.34 0.05 13.43 5.13 705.9
2007 10 8 12 40695.1 0.541 155.11 0.05 11.45 3.08 671.6
2007 10 9 12 40564.7 0.978 159.69 0.05 9.75 3.35 664.6
2007 10 10 12 40435.1 0.707 155.10 0.05 13.44 5.05 698.6
2007 10 11 12 40306.3 0.311 128.65 0.05 12.37 3.62 675.3
2007 10 12 12 40178.3 1.975 134.80 0.05 10.45 3.49 671.0
2007 10 13 12 40051.3 1.643 142.22 0.05 14.67 8.52 760.3
2007 10 14 12 39925.2 0.294 136.77 0.05 11.22 3.15 685.2
2007 10 15 12 39800.0 0.431 135.52 0.05 11.88 3.83 671.6
2007 10 16 12 39675.8 0.024 175.08 0.05 11.76 2.74 671.4
2007 10 17 12 39552.7 0.333 148.28 0.05 12.41 5.53 722.3
2007 10 18 12 39430.7 0.122 160.34 0.05 11.83 3.48 717.8
2007 10 19 12 39309.8 2.401 107.24 0.05 9.43 0.75 579.4
2007 10 20 12 39190.1 2.571 165.95 0.05 8.46 1.30 627.7
2007 10 21 12 39071.5 0.203 122.33 0.05 10.34 1.08 633.7
2007 10 22 12 38954.2 0.322 161.45 0.05 9.71 2.10 665.9
2007 10 23 12 38838.1 0.369 127.58 0.05 11.18 1.42 615.7
2007 10 24 12 38723.3 0.123 118.24 0.05 8.76 1.26 661.0
2007 10 25 12 38609.8 1.599 142.95 0.05 10.04 1.94 579.3
2007 10 26 12 38497.7 2.005 112.58 0.05 10.86 3.49 674.0
2007 10 27 12 38387.0 0.470 128.44 0.05 7.11 -2.00 608.8
2007 10 28 12 38277.7 0.775 108.05 0.05 9.62 1.44 628.6
2007 10 29 12 38169.9 1.134 166.05 0.05 9.04 0.17 591.1
2007 10 30 12 38063.6 0.121 114.71 0.05 7.80 -1.32 605.0
2007 10 31 12 37958.7 1.135 137.44 0.05 5.96 -1.72 561.4
2007 11 1 12 37855.5 0.654 130.82 0.05 4.71 -2.63 501.8
2007 11 2 12 37753.8 0.446 134.41 0.05 7.48 -2.58 567.9
2007 11 3 12 37653.8 3.567 118.00 0.05 8.09 0.92 594.2
2007 11 4 12 37555.3 1.149 128.97 0.05 8.22 1.32 647.5
2007 11 5 12 37458.6 0.409 153.56 0.05 6.57 0.17 630.5
2007 11 6 12 37363.5 0.925 120.61 0.05 8.98 -0.71 625.4
2007 11 7 12 37270.2 0.125 111.91 0.05 8.61 1.64 649.1
2007 11 8 12 37178.7 0.778 106.49 0.05 6.15 -1.77 587.3
2007 11 9 12 37088.9 1.039 122.24 0.05 6.28 -2.02 555.6
2007 11 10 12 37000.9 1.079 112.01 0.05 6.20 -0.41 626.5
2007 11 11 12 36914.8 0.163 109.22 0.05 6.42 -1.74 597.5
2007 11 12 12 36830.5 0.895 116.52 0.05 6.70 -1.37 602.5
2007 11 13 12 36748.2 0.713 103.47 0.05 8.29 -1.15 602.1
2007 11 14 12 36667.7 0.671 114.25 0.05 4.10 -5.48 467.6
2007 11 15 12 36589.2 0.772 100.47 0.05 4.88 -3.11 577.4
2007 11 16 12 36512.6 0.358 129.33 0.05 5.59 -0.90 604.1
2007 11 17 12 36438.0 0.027 92.61 0.05 3.78 -3.43 450.0
2007 11 18 12 36365.4 0.389 102.32 0.05 4.17 -3.13 580.0
2007 11 19 12 36294.9 1.832 137.62 0.05 7.56 -1.67 562.3
2007 11 20 12 36226.3 0.018 100.83 0.05 6.23 -1.37 580.2
2007 11 21 12 36159.9 1.796 100.89 0.05 5.04 -2.14 549.8
2007 11 22 12 36095.5 0.618 105.11 0.05 4.01 -3.76 548.5
2007 11 23 12 36033.3 0.731 120.10 0.05 2.71 -6.79 475.2
2007 11 24 12 35973.2 0.562 83.66 0.05 5.06 -1.54 564.9
2007 11 25 12 35915.2 1.306 112.91 0.05 5.01 -2.75 491.5
2007 11 26 12 35859.3 0.818 83.45 0.05 2.43 -6.76 516.4
2007 11 27 12 35805.7 0.535 130.55 0.05 4.23 -2.50 544.1
2007 11 28 12 35754.2 1.106 98.07 0.05 0.93 -7.31 420.8
2007 11 29 12 35704.9 0.493 61.84 0.05 4.40 -3.11 617.8
2007 11 30 12 35657.9 2.757 128.47 0.05 1.25 -7.29 489.2
2007 12 1 12 35613.1 0.516 118.99 0.05 4.16 -4.61 492.4
2007 12 2 12 35570.6 3.733 92.57 0.05 3.93 -3.47 489.5
2007 12 3 12 35530.3 1.993 86.48 0.05 5.12 -4.01 517.7
2007 12 4 12 35492.2 1.247 85.98 0.05 3.51 -3.14 579.6
2007 12 5 12 35456.5 1.967 87.49 0.05 5.00 -3.14 498.9
2007 12 6 12 35423.1 0.629 109.05 0.05 0.72 -7.34 446.8
2007 12 7 12 35391.9 2.006 113.24 0.05 0.16 -7.93 481.2
2007 12 8 12 35363.1 2.853 67.08 0.05 1.98 -5.69 428.3
2007 12 9 12 35336.6 3.837 97.26 0.05 -0.56 -9.34 381.6
2007 12 10 12 35312.4 0.231 104.68 0.05 5.37 -2.76 536.7
2007 12 11 12 35290.6 1.063 82.47 0.05 3.35 -3.08 527.7
2007 12 12 12 35271.1 1.735 113.56 0.05 0.10 -7.35 466.0
2007 12 13 12 35253.9 3.597 68.49 0.05 -0.50 -8.95 357.1
2007 12 14 12 35239.2 0.140 90.82 0.05 0.94 -7.88 459.1
2007 12 15 12 35226.7 0.249 112.00 0.05 0.79 -8.54 422.3
2007 12 16 12 35216.7 1.067 96.78 0.05 -1.62 -9.11 429.8
2007 12 17 12 35209.0 0.055 84.03 0.05 0.79 -8.05 406.3
2007 12 18 12 35203.6 3.044 105.00 0.05 0.86 -6.50 422.3
2007 12 19 12 35200.7 0.211 81.76 0.05 3.41 -4.61 488.6
2007 12 20 12 35200.1 0.881 113.04 0.05 0.88 -7.05 457.1
2007 12 21 12 35201.9 0.624 80.40 0.05 1.80 -6.49 457.6
2007 12 22 12 35206.0 0.281 117.37 0.05 1.03 -7.56 410.4
2007 12 23 12 35212.5 0.522 114.86 0.05 0.81 -7.85 410.8
2007 12 24 12 35221.4 2.328 131.32 0.05 -1.09 -8.78 406.0
2007 12 25 12 35232.6 1.009 92.15 0.05 -1.73 -10.56 451.0
2007 12 26 12 35246.3 0.518 103.71 0.05 0.26 -8.24 465.4
2007 12 27 12 35262.2 0.909 81.21 0.05 -0.93 -9.68 408.5
2007 12 28 12 35280.5 0.827 122.05 0.05 -1.83 -8.66 424.2
2007 12 29 12 35301.2 1.545 97.69 0.05 -0.19 -9.86 438.5
2007 12 30 12 35324.2 0.600 122.73 0.05 -2.15 -9.74 406.5
2007 12 31 12 35349.5 0.876 117.83 0.05 1.63 -4.74 505.4
2008 1 1 12 35377.2 2.514 98.94 0.05 -1.49 -11.22 341.1
2008 1 2 12 35407.2 0.375 102.01 0.05 -4.76 -12.42 386.1
2008 1 3 12 35439.5 2.010 101.04 0.05 0.73 -8.06 423.6
2008 1 4 12 35474.1 0.187 102.31 0.05 1.61 -5.80 459.1
2008 1 5 12 35511.0 4.627 103.10 0.05 -1.16 -10.24 394.9
2008 1 6 12 35550.1 0.090 87.25 0.05 -1.01 -8.29 484.8
2008 1 7 12 35591.5 3.711 106.60 0.05 -1.63 -10.17 403.2
2008 1 8 12 35635.2 2.149 109.73 0.05 1.81 -7.27 425.1
2008 1 9 12 35681.2 0.700 81.90 0.05 -1.28 -9.42 403.3
2008 1 10 12 35729.3 0.802 127.89 0.05 -2.91 -11.58 392.0
2008 1 11 12 35779.7 0.719 73.19 0.05 -2.12 -12.10 379.7
2008 1 12 12 35832.2 2.494 111.79 0.05 0.10 -9.03 408.3
2008 1 13 12 35887.0 0.319 97.38 0.05 0.54 -6.43 417.8
2008 1 14 12 35943.9 0.257 91.70 0.05 0.06 -8.21 439.8
2008 1 15 12 36003.0 3.019 102.83 0.05 -1.79 -9.37 427.2
2008 1 16 12 36064.1 0.507 97.89 0.05 -0.71 -9.55 417.6
2008 1 17 12 36127.5 0.388 125.19 0.05 -3.21 -10.85 427.5
2008 1 18 12 36192.9 1.477 79.33 0.05 -1.69 -9.66 457.6
2008 1 19 12 36260.3 1.025 95.43 0.05 -2.48 -9.49 456.6
2008 1 20 12 36329.9 0.685 111.79 0.05 2.32 -5.68 463.3
2008 1 21 12 36401.5 0.371 94.37 0.05 -2.08 -10.34 402.5
2008 1 22 12 36475.1 1.952 109.90 0.05 -0.09 -8.39 412.9
2008 1 23 12 36550.6 0.644 120.45 0.05 0.77 -7.46 444.8
2008 1 24 12 36628.2 1.049 96.94 0.05 0.19 -7.51 465.1
2008 1 25 12 36707.7 0.768 97.87 0.05 -2.08 -9.79 375.4
2008 1 26 12 36789.1 0.531 93.81 0.05 2.10 -6.93 467.7
2008 1 27 12 36872.4 0.571 97.92 0.05 -1.92 -8.87 384.6
2008 1 28 12 36957.6 0.754 127.65 0.05 -1.46 -10.43 394.9
2008 1 29 12 37044.7 1.118 114.37 0.05 1.66 -6.59 451.9
2008 1 30 12 37133.6 3.070 105.99 0.05 -0.20 -8.37 418.5
2008 1 31 12 37224.2 1.659 96.75 0.05 -0.85 -9.07 417.9
2008 2 1 12 37316.7 3.881 110.69 0.05 -0.80 -8.80 432.7
2008 2 2 12 37410.8 2.690 114.00 0.05 -3.60 -12.42 322.3
2008 2 3 12 37506.7 0.547 92.75 0.05 -3.62 -11.62 377.4
2008 2 4 12 37604.3 0.721 126.90 0.05 0.07 -8.29 429.4
2008 2 5 12 37703.6 0.504 109.88 0.05 -1.13 -8.04 418.4
2008 2 6 12 37804.5 2.541 112.11 0.05 -1.93 -10.21 405.6
2008 2 7 12 37906.9 1.775 123.40 0.05 0.14 -6.70 493.1
2008 2 8 12 38011.0 3.283 134.44 0.05 -2.30 -10.13 458.5
2008 2 9 12 38116.5 1.205 102.21 0.05 -0.42 -8.78 385.7
2008 2 10 12 38223.6 1.088 116.52 0.05 -1.38 -8.26 471.2
2008 2 11 12 38332.2 4.408 118.71 0.05 0.93 -5.74 471.3
2008 2 12 12 38442.2 1.164 107.49 0.05 -0.67 -9.09 427.8
2008 2 13 12 38553.6 0.929 145.62 0.05 1.38 -6.53 433.3
2008 2 14 12 38666.4 0.161 142.85 0.05 -0.67 -8.16 452.4
2008 2 15 12 38780.5 1.477 127.90 0.05 -1.40 -9.38 390.0
2008 2 16 12 38896.0 0.349 130.47 0.05 0.20 -8.16 437.1
2008 2 17 12 39012.7 2.602 158.36 0.05 1.78 -6.64 445.2
2008 2 18 12 39130.6 0.845 123.05 0.05 -1.22 -8.09 418.5
2008 2 19 12 39249.8 4.844 122.43 0.05 -1.17 -8.12 414.6
2008 2 20 12 39370.1 3.679 148.20 0.05 -0.73 -9.15 472.5
2008 2 21 12 39491.6 2.309 126.01 0.05 3.17 -5.09 471.1
2008 2 22 12 39614.2 0.352 144.92 0.05 -0.27 -8.81 450.1
2008 2 23 12 39737.8 6.705 132.11 0.05 2.68 -4.17 507.5
2008 2 24 12 39862.5 2.558 137.28 0.05 0.71 -7.62 426.4
2008 2 25 12 39988.1 0.579 144.24 0.05 0.32 -7.47 459.1
2008 2 26 12 40114.7 0.980 123.22 0.05 2.33 -4.84 531.8
2008 2 27 12 40242.2 11.573 170.82 0.05 1.30 -8.34 404.8
2008 2 28 12 40370.6 8.629 155.12 0.05 3.16 -4.89 570.3
2008 2 29 12 40499.8 1.816 143.13 0.05 0.57 -8.84 477.0
2008 3 1 12 40629.8 2.194 135.35 0.05 2.14 -4.66 505.9
2008 3 2 12 40760.6 3.033 124.57 0.05 0.24 -9.22 429.8
2008 3 3 12 40892.1 3.405 169.16 0.05 -0.26 -9.98 410.5
2008 3 4 12 41024.3 1.638 156.74 0.05 1.37 -5.31 495.7
2008 3 5 12 41157.2 5.693 124.02 0.05 2.00 -6.58 490.3
2008 3 6 12 41290.6 2.488 166.17 0.05 1.91 -7.20 435.7
2008 3 7 12 41424.6 0.337 164.30 0.05 0.67 -8.59 466.0
2008 3 8 12 41559.2 1.056 190.40 0.05 2.34 -5.43 481.1
2008 3 9 12 41694.2 0.045 201.44 0.05 2.46 -5.35 510.5
2008 3 10 12 41829.7 1.977 170.70 0.05 5.40 -2.21 552.7
2008 3 11 12 41965.5 2.696 191.42 0.05 4.04 -4.19 496.3
2008 3 12 12 42101.8 3.691 176.41 0.05 0.72 -5.73 451.4
2008 3 13 12 42238.3 5.137 172.02 0.05 2.61 -5.37 483.9
2008 3 14 12 42375.2 0.298 157.39 0.05 4.64 -3.63 521.1
2008 3 15 12 42512.3 1.753 183.23 0.05 3.19 -5.82 516.2
2008 3 16 12 42649.6 7.855 176.02 0.05 2.94 -6.30 456.4
2008 3 17 12 42787.0 2.982 173.86 0.05 2.56 -3.80 554.9
2008 3 18 12 42924.6 1.190 185.47 0.05 4.55 -4.71 463.4
2008 3 19 12 43062.3 2.686 173.52 0.05 7.33 -1.67 548.7
2008 3 20 12 43200.0 1.151 157.87 0.05 3.44 -4.64 536.3
2008 3 21 12 43337.7 3.058 166.00 0.05 6.75 -0.06 617.3
2008 3 22 12 43475.4 6.949 178.24 0.05 5.83 -3.09 541.6
2008 3 23 12 43613.0 5.977 181.45 0.05 4.51 -3.71 480.3
2008 3 24 12 43750.4 1.122 191.36 0.05 6.30 -1.46 594.1
2008 3 25 12 43887.7 2.703 183.39 0.05 3.43 -4.45 494.1
2008 3 26 12 44024.8 0.983 197.52 0.05 6.93 -0.08 613.2
2008 3 27 12 44161.7 4.422 197.25 0.05 5.85 -1.80 553.6
2008 3 28 12 44298.2 2.509 203.90 0.05 6.20 0.04 592.0
2008 3 29 12 44434.5 2.812 158.59 0.05 6.56 -1.04 565.3
2008 3 30 12 44570.3 1.232 199.11 0.05 8.09 0.34 663.5
2008 3 31 12 44705.8 5.005 216.86 0.05 5.65 -3.44 515.0
2008 4 1 12 44840.8 0.530 201.01 0.05 3.71 -4.06 485.6
2008 4 2 12 44975.4 1.563 189.52 0.05 3.66 -5.09 512.4
2008 4 3 12 45109.4 10.068 211.62 0.05 6.92 -1.30 515.5
2008 4 4 12 45242.8 1.494 222.52 0.05 11.05 3.23 637.5
2008 4 5 12 45375.7 0.331 213.73 0.05 7.30 -0.32 636.2
2008 4 6 12 45507.9 0.475 168.89 0.05 10.25 2.32 639.3
2008 4 7 12 45639.4 3.836 215.02 0.05 7.21 -1.70 552.1
2008 4 8 12 45770.2 8.055 209.77 0.05 9.63 0.70 675.0
2008 4 9 12 45900.2 0.379 196.97 0.05 7.76 -1.26 575.9
2008 4 10 12 46029.4 8.678 229.86 0.05 6.84 -0.79 562.3
2008 4 11 12 46157.8 2.569 188.60 0.05 9.13 0.91 635.7
2008 4 12 12 46285.3 5.427 219.43 0.05 9.63 1.79 624.2
2008 4 13 12 46411.9 4.619 220.77 0.05 9.85 0.86 615.2
2008 4 14 12 46537.5 5.798 208.57 0.05 11.34 2.75 650.5
2008 4 15 12 46662.2 2.904 220.41 0.05 10.74 3.68 620.8
2008 4 16 12 46785.8 0.648 244.90 0.05 12.08 3.73 694.6
2008 4 17 12 46908.4 1.128 216.77 0.05 12.27 5.48 774.3
2008 4 18 12 47029.9 3.555 216.35 0.05 10.49 2.94 595.4
2008 4 19 12 47150.2 0.029 216.48 0.05 8.03 -0.42 632.2
2008 4 20 12 47269.4 5.142 204.69 0.05 10.29 3.14 656.9
2008 4 21 12 47387.3 0.881 223.28 0.05 11.90 4.05 659.8
2008 4 22 12 47504.0 2.104 205.32 0.05 11.56 2.60 661.5
2008 4 23 12 47619.5 7.777 219.98 0.05 14.17 6.13 742.8
2008 4 24 12 47733.6 1.409 233.93 0.05 13.77 5.75 720.5
2008 4 25 12 47846.4 2.915 227.17 0.05 12.94 4.27 660.9
2008 4 26 12 47957.8 0.575 205.96 0.05 12.59 4.10 672.8
2008 4 27 12 48067.8 2.019 225.72 0.05 11.95 2.37 650.2
2008 4 28 12 48176.4 1.620 240.00 0.05 13.73 5.75 725.4
2008 4 29 12 48283.5 7.204 220.41 0.05 12.74 4.29 718.4
2008 4 30 12 48389.0 5.996 240.01 0.05 11.33 2.83 611.1
2008 5 1 12 48493.1 2.298 222.22 0.05 14.95 7.47 755.2
2008 5 2 12 48595.5 1.309 254.86 0.05 10.51 4.76 691.5
2008 5 3 12 48696.4 1.863 233.90 0.05 12.56 4.15 683.3
2008 5 4 12 48795.7 5.937 250.06 0.05 13.20 5.43 735.9
2008 5 5 12 48893.3 10.712 245.42 0.05 12.60 5.36 685.4
2008 5 6 12 48989.2 5.707 264.02 0.05 12.83 5.09 677.9
2008 5 7 12 49083.3 2.016 255.06 0.05 14.67 6.63 694.9
2008 5 8 12 49175.8 2.113 244.21 0.05 13.88 6.14 725.5
2008 5 9 12 49266.4 2.968 237.47 0.05 15.54 7.72 726.6
2008 5 10 12 49355.3 8.219 225.13 0.05 15.13 6.63 705.7
2008 5 11 12 49442.4 6.687 223.66 0.05 15.29 7.81 764.1
2008 5 12 12 49527.6 2.474 231.26 0.05 16.29 8.31 751.7
2008 5 13 12 49610.9 4.114 223.56 0.05 14.12 6.01 706.0
2008 5 14 12 49692.3 0.906 235.59 0.05 12.75 4.47 703.3
2008 5 15 12 49771.8 8.102 235.24 0.05 17.03 9.44 766.3
2008 5 16 12 49849.4 3.908 257.91 0.05 15.84 7.66 765.2
2008 5 17 12 49924.9 10.335 259.78 0.05 17.03 10.08 834.7
2008 5 18 12 49998.5 3.574 229.19 0.05 12.46 3.74 656.0
2008 5 19 12 50070.1 2.574 222.57 0.05 15.78 7.89 787.3
2008 5 20 12 50139.7 3.535 239.93 0.05 16.58 10.24 773.9
2008 5 21 12 50207.1 3.395 254.52 0.05 17.24 9.08 840.6
2008 5 22 12 50272.5 1.347 220.46 0.05 18.75 9.64 806.5
2008 5 23 12 50335.9 1.339 283.30 0.05 16.42 8.92 762.3
2008 5 24 12 50397.0 1.640 257.45 0.05 14.39 5.44 739.8
2008 5 25 12 50456.1 2.339 248.97 0.05 16.30 9.53 763.1
2008 5 26 12 50513.0 4.759 234.92 0.05 17.37 9.11 733.8
2008 5 27 12 50567.8 0.233 265.88 0.05 18.66 10.43 778.4
2008 5 28 12 50620.3 0.383 245.70 0.05 18.73 10.51 769.6
2008 5 29 12 50670.7 6.716 230.50 0.05 16.62 8.19 721.4
2008 5 30 12 50718.8 5.142 247.88 0.05 20.03 11.80 857.3
2008 5 31 12 50764.8 3.517 262.19 0.05 16.37 8.05 781.8
2008 6 1 12 50808.5 1.825 260.45 0.05 22.58 14.43 869.2
2008 6 2 12 50849.9 0.909 274.52 0.05 18.66 10.91 861.6
2008 6 3 12 50889.0 1.338 248.59 0.05 17.36 9.08 745.6
2008 6 4 12 50925.9 6.907 248.09 0.05 18.61 12.95 894.3
2008 6 5 12 50960.5 3.479 254.48 0.05 17.93 9.98 771.5
2008 6 6 12 50992.8 2.705 248.47 0.05 18.18 10.82 823.4
2008 6 7 12 51022.8 0.553 263.54 0.05 20.80 12.12 828.5
2008 6 8 12 51050.5 4.112 246.55 0.05 21.41 13.21 860.5
2008 6 9 12 51075.8 2.193 245.51 0.05 19.43 11.02 825.3
2008 6 10 12 51098.8 3.328 259.49 0.05 19.81 13.25 849.1
2008 6 11 12 51119.5 3.709 263.88 0.05 18.38 10.62 809.5
2008 6 12 12 51137.8 2.157 243.56 0.05 21.94 13.45 846.0
2008 6 13 12 51153.7 0.874 257.35 0.05 19.67 10.32 767.9
2008 6 14 12 51167.4 2.089 276.41 0.05 22.05 14.49 836.0
2008 6 15 12 51178.6 10.914 295.05 0.05 21.00 13.33 869.3
2008 6 16 12 51187.5 3.200 275.62 0.05 20.05 12.93 911.4
2008 6 17 12 51194.0 2.355 256.54 0.05 19.27 10.97 795.7
2008 6 18 12 51198.1 0.581 255.60 0.05 23.61 15.82 936.1
2008 6 19 12 51199.9 0.543 271.20 0.05 21.91 14.46 921.7
2008 6 20 12 51199.3 2.130 265.79 0.05 21.19 12.36 835.2
2008 6 21 12 51196.4 1.351 259.40 0.05 22.94 15.83 895.8
2008 6 22 12 51191.0 0.509 235.29 0.05 21.73 12.36 857.5
2008 6 23 12 51183.3 2.453 264.86 0.05 20.95 13.31 889.4
2008 6 24 12 51173.3 0.465 262.69 0.05 19.40 10.96 842.8
2008 6 25 12 51160.8 0.466 252.99 0.05 19.75 11.47 799.3
2008 6 26 12 51146.1 3.248 269.93 0.05 23.03 15.58 971.2
2008 6 27 12 51128.9 7.258 270.99 0.05 20.98 13.98 875.1
2008 6 28 12 51109.4 0.148 241.68 0.05 20.51 12.69 850.5
2008 6 29 12 51087.6 0.152 266.67 0.05 23.07 14.82 902.1
2008 6 30 12 51063.4 5.970 277.39 0.05 21.54 12.94 891.9
2008 7 1 12 51036.9 0.886 265.45 0.05 21.44 12.24 918.6
2008 7 2 12 51008.1 0.969 268.63 0.05 20.10 11.55 834.6
2008 7 3 12 50976.9 0.751 247.66 0.05 20.48 12.88 829.6
2008 7 4 12 50943.5 1.757 251.80 0.05 22.31 14.60 901.8
2008 7 5 12 50907.8 1.538 261.51 0.05 22.21 14.01 898.6
2008 7 6 12 50869.7 6.914 260.59 0.05 21.84 13.57 855.8
2008 7 7 12 50829.4 6.120 239.62 0.05 24.79 17.63 915.3
2008 7 8 12 50786.9 12.507 260.03 0.05 22.45 14.93 938.8
2008 7 9 12 50742.1 2.526 258.53 0.05 23.06 15.30 943.8
2008 7 10 12 50695.1 1.855 239.45 0.05 20.65 11.59 837.8
2008 7 11 12 50645.8 0.026 262.86 0.05 22.32 14.05 921.5
2008 7 12 12 50594.3 2.461 242.44 0.05 22.25 15.35 902.8
2008 7 13 12 50540.7 0.496 256.31 0.05 21.80 14.08 844.5
2008 7 14 12 50484.8 1.125 241.19 0.05 25.81 16.22 957.7
2008 7 15 12 50426.8 2.559 247.38 0.05 22.37 14.41 887.0
2008 7 16 12 50366.7 1.528 247.62 0.05 23.09 15.67 979.0
2008 7 17 12 50304.5 4.134 251.61 0.05 23.55 15.19 854.2
2008 7 18 12 50240.1 3.019 223.52 0.05 22.47 14.69 909.6
2008 7 19 12 50173.7 9.396 257.26 0.05 22.67 16.47 895.2
2008 7 20 12 50105.1 1.676 263.53 0.05 23.91 14.62 921.1
2008 7 21 12 50034.6 8.772 225.80 0.05 20.66 11.57 864.6
2008 7 22 12 49962.0 1.319 267.36 0.05 25.03 16.40 904.9
2008 7 23 12 49887.4 2.688 271.53 0.05 23.25 14.07 935.1
2008 7 24 12 49810.8 2.767 207.95 0.05 24.92 17.19 891.3
2008 7 25 12 49732.3 1.951 222.28 0.05 23.64 15.83 932.3
2008 7 26 12 49651.8 2.114 268.87 0.05 19.98 11.86 851.2
2008 7 27 12 49569.5 12.010 234.77 0.05 21.30 13.11 878.5
2008 7 28 12 49485.2 0.033 226.04 0.05 21.98 13.97 910.3
2008 7 29 12 49399.1 1.190 250.38 0.05 20.32 12.28 856.0
2008 7 30 12 49311.1 5.011 225.90 0.05 22.23 13.52 883.4
2008 7 31 12 49221.3 3.095 243.20 0.05 20.67 12.70 821.0
2008 8 1 12 49129.8 1.314 263.35 0.05 21.95 14.84 873.3
2008 8 2 12 49036.5 9.188 213.10 0.05 21.06 13.35 858.4
2008 8 3 12 48941.4 1.646 239.59 0.05 22.03 13.25 899.0
2008 8 4 12 48844.7 11.064 218.83 0.05 24.04 15.99 936.2
2008 8 5 12 48746.2 2.770 251.95 0.05 21.08 11.45 836.4
2008 8 6 12 48646.2 4.901 235.52 0.05 22.46 12.59 775.4
2008 8 7 12 48544.5 4.430 241.26 0.05 20.73 12.52 809.1
2008 8 8 12 48441.3 0.323 227.26 0.05 22.82 15.28 916.0
2008 8 9 12 48336.4 1.978 250.23 0.05 20.96 13.48 854.5
2008 8 10 12 48230.1 2.780 211.28 0.05 22.49 12.05 833.5
2008 8 11 12 48122.3 6.321 242.45 0.05 18.91 12.89 884.5
2008 8 12 12 48013.0 4.097 252.20 0.05 19.70 11.38 831.1
2008 8 13 12 47902.3 0.876 246.49 0.05 22.39 14.37 842.6
2008 8 14 12 47790.2 1.921 246.66 0.05 23.43 15.16 887.8
2008 8 15 12 47676.7 0.287 216.40 0.05 22.91 15.38 917.2
2008 8 16 12 47561.9 0.544 229.24 0.05 21.71 12.86 881.7
2008 8 17 12 47445.8 1.289 253.56 0.05 20.29 10.96 798.5
2008 8 18 12 47328.5 0.961 240.82 0.05 19.28 13.02 888.8
2008 8 19 12 47209.9 0.525 235.48 0.05 20.82 12.89 790.9
2008 8 20 12 47090.2 1.101 225.63 0.05 19.34 10.65 809.3
2008 8 21 12 46969.3 2.270 195.58 0.05 20.13 12.17 795.4
2008 8 22 12 46847.3 4.885 185.00 0.05 21.40 14.84 870.2
2008 8 23 12 46724.2 1.244 229.93 0.05 19.71 12.65 875.0
2008 8 24 12 46600.0 1.324 207.60 0.05 19.83 12.50 836.4
2008 8 25 12 46474.8 2.875 226.19 0.05 20.05 11.13 796.0
2008 8 26 12 46348.7 2.404 207.45 0.05 20.90 12.26 820.8
2008 8 27 12 46221.7 0.463 206.11 0.05 19.62 11.72 873.9
2008 8 28 12 46093.7 1.304 193.30 0.05 21.80 14.20 909.2
2008 8 29 12 45964.9 1.308 186.24 0.05 21.03 14.44 887.8
2008 8 30 12 45835.3 3.460 243.04 0.05 21.56 13.04 811.4
2008 8 31 12 45704.9 0.507 201.23 0.05 20.16 12.37 791.5
2008 9 1 12 45573.7 2.954 206.78 0.05 21.79 14.34 867.7
2008 9 2 12 45441.8 0.626 224.61 0.05 19.60 11.68 823.0
2008 9 3 12 45309.3 3.837 221.90 0.05 19.93 12.74 935.7
2008 9 4 12 45176.2 1.570 193.16 0.05 16.59 10.72 791.4
2008 9 5 12 45042.4 0.387 195.83 0.05 19.44 12.03 830.2
2008 9 6 12 44908.2 1.005 190.62 0.05 19.64 10.06 793.6
2008 9 7 12 44773.4 0.336 192.45 0.05 19.18 11.78 808.6
2008 9 8 12 44638.1 0.708 197.72 0.05 19.69 12.48 904.3
2008 9 9 12 44502.5 0.752 196.86 0.05 18.74 10.08 791.7
2008 9 10 12 44366.4 1.302 206.60 0.05 17.94 10.03 743.1
2008 9 11 12 44230.0 10.632 180.86 0.05 19.89 11.06 838.1
2008 9 12 12 44093.3 0.596 178.42 0.05 16.12 9.27 800.4
2008 9 13 12 43956.3 0.393 177.40 0.05 18.75 11.68 861.0
2008 9 14 12 43819.1 0.655 202.50 0.05 17.38 9.08 770.6
2008 9 15 12 43681.7 3.061 186.00 0.05 17.88 10.27 765.5
2008 9 16 12 43544.2 0.218 208.00 0.05 16.28 7.53 752.6
2008 9 17 12 43406.5 1.317 185.75 0.05 17.80 8.35 769.3
2008 9 18 12 43268.9 4.198 196.29 0.05 15.25 7.78 737.6
2008 9 19 12 43131.1 2.542 195.95 0.05 15.95 6.80 713.6
2008 9 20 12 42993.5 1.457 176.04 0.05 16.75 7.77 769.7
2008 9 21 12 42855.8 0.724 179.13 0.05 14.97 6.75 712.4
2008 9 22 12 42718.3 0.691 165.54 0.05 17.60 9.13 823.0
2008 9 23 12 42580.9 1.933 164.19 0.05 17.36 7.54 775.2
2008 9 24 12 42443.7 3.768 170.43 0.05 14.74 6.39 762.2
2008 9 25 12 42306.7 0.195 178.18 0.05 16.49 8.05 731.9
2008 9 26 12 42170.0 0.374 164.10 0.05 14.45 6.99 739.8
2008 9 27 12 42033.6 1.685 167.65 0.05 17.34 10.43 791.2
2008 9 28 12 41897.5 0.642 153.54 0.05 11.53 4.11 662.6
2008 9 29 12 41761.9 0.080 178.03 0.05 15.88 7.08 791.6
2008 9 30 12 41626.6 1.650 150.58 0.05 15.77 8.20 796.6
2008 10 1 12 41491.8 0.829 181.96 0.05 13.30 5.84 723.7
2008 10 2 12 41357.6 0.295 151.71 0.05 14.71 6.44 774.8
2008 10 3 12 41223.8 2.118 168.52 0.05 12.97 4.41 721.8
2008 10 4 12 41090.7 0.709 156.76 0.05 12.72 3.50 654.6
2008 10 5 12 40958.2 1.111 151.97 0.05 14.98 5.90 669.1
2008 10 6 12 40826.3 4.880 153.01 0.05 15.53 7.52 676.7
2008 10 7 12 40695.1 1.203 164.16 0.05 11.78 4.21 649.0
2008 10 8 12 40564.7 2.120 139.63 0.05 14.44 6.54 775.1
2008 10 9 12 40435.1 2.526 145.86 0.05 14.08 6.74 729.4
2008 10 10 12 40306.3 1.521 184.29 0.05 10.20 1.66 655.2
2008 10 11 12 40178.3 0.556 180.40 0.05 11.31 2.55 663.5
2008 10 12 12 40051.3 2.099 156.89 0.05 10.64 2.67 649.0
2008 10 13 12 39925.2 0.430 145.40 0.05 12.01 4.55 673.5
2008 10 14 12 39800.0 0.558 160.17 0.05 10.57 2.11 654.7
2008 10 15 12 39675.8 1.696 134.94 0.05 11.47 2.34 704.9
2008 10 16 12 39552.7 3.233 168.75 0.05 12.63 5.52 719.2
2008 10 17 12 39430.7 1.063 171.43 0.05 11.78 3.28 616.0
2008 10 18 12 39309.8 1.345 156.43 0.05 9.87 2.71 595.8
2008 10 19 12 39190.1 1.265 139.84 0.05 12.01 4.47 694.0
2008 10 20 12 39071.5 0.153 124.97 0.05 11.82 3.41 656.6
2008 10 21 12 38954.2 0.654 120.12 0.05 11.69 3.10 619.1
2008 10 22 12 38838.1 0.078 148.63 0.05 11.32 3.24 698.6
2008 10 23 12 38723.3 0.482 140.74 0.05 8.04 -2.00 543.4
2008 10 24 12 38609.8 0.194 149.34 0.05 10.84 4.14 699.0
2008 10 25 12 38497.7 0.091 141.00 0.05 8.91 0.98 648.3
2008 10 26 12 38387.0 0.420 162.45 0.05 8.67 1.21 580.6
2008 10 27 12 38277.7 0.025 140.98 0.05 8.98 -0.21 591.5
2008 10 28 12 38169.9 0.539 117.00 0.05 8.87 2.12 616.6
2008 10 29 12 38063.6 2.313 120.81 0.05 5.85 -2.66 566.3
2008 10 30 12 37958.7 0.950 150.94 0.05 9.11 0.86 655.2
2008 10 31 12 37855.5 0.039 130.42 0.05 8.35 0.26 611.2
2008 11 1 12 37753.8 1.288 130.36 0.05 8.27 -0.55 598.2
2008 11 2 12 37653.8 0.795 105.31 0.05 5.61 -2.99 532.1
2008 11 3 12 37555.3 0.112 114.75 0.05 6.33 -0.85 600.5
2008 11 4 12 37458.6 1.510 153.39 0.05 6.78 -0.59 559.1
2008 11 5 12 37363.5 3.006 133.08 0.05 7.72 -0.15 538.1
2008 11 6 12 37270.2 0.242 133.44 0.05 8.23 -0.69 607.2
2008 11 7 12 37178.7 0.535 109.68 0.05 5.76 -2.70 560.3
2008 11 8 12 37088.9 1.672 105.23 0.05 7.79 -0.11 625.1
2008 11 9 12 37000.9 1.348 115.01 0.05 5.44 -2.40 568.1
2008 11 10 12 36914.8 2.640 123.13 0.05 5.49 -1.94 524.9
2008 11 11 12 36830.5 0.791 106.03 0.05 5.79 -3.25 502.2
2008 11 12 12 36748.2 1.039 113.41 0.05 5.06 -2.90 572.1
2008 11 13 12 36667.7 0.011 117.89 0.05 6.13 -0.75 552.5
2008 11 14 12 36589.2 0.913 88.25 0.05 4.41 -3.53 522.5
2008 11 15 12 36512.6 1.764 123.02 0.05 6.00 -1.35 542.4
2008 11 16 12 36438.0 0.375 96.71 0.05 5.20 -3.65 566.6
2008 11 17 12 36365.4 1.308 127.60 0.05 2.99 -4.50 467.6
2008 11 18 12 36294.9 0.239 101.64 0.05 6.05 -2.14 574.2
2008 11 19 12 36226.3 2.546 89.68 0.05 5.13 -4.50 482.3
2008 11 20 12 36159.9 1.232 89.08 0.05 4.71 -1.29 591.9
2008 11 21 12 36095.5 0.265 85.95 0.05 3.36 -4.40 529.5
2008 11 22 12 36033.3 0.526 90.25 0.05 1.76 -5.16 506.1
2008 11 23 12 35973.2 1.315 99.59 0.05 4.38 -3.01 582.5
2008 11 24 12 35915.2 1.558 121.30 0.05 7.68 -1.34 632.8
2008 11 25 12 35859.3 0.057 68.27 0.05 -0.35 -8.80 311.5
2008 11 26 12 35805.7 0.382 90.78 0.05 4.75 -3.29 528.9
2008 11 27 12 35754.2 0.295 137.72 0.05 1.55 -4.11 501.2
2008 11 28 12 35704.9 0.077 97.71 0.05 3.94 -3.87 551.2
2008 11 29 12 35657.9 0.178 112.48 0.05 1.33 -7.72 477.1
2008 11 30 12 35613.1 0.661 111.81 0.05 3.67 -5.17 449.8
2008 12 1 12 35570.6 1.025 93.11 0.05 4.36 -2.57 547.7
2008 12 2 12 35530.3 2.536 96.08 0.05 2.51 -5.88 461.2
2008 12 3 12 35492.2 2.179 118.53 0.05 3.01 -5.62 504.4
2008 12 4 12 35456.5 1.393 125.13 0.05 2.49 -5.53 523.9
2008 12 5 12 35423.1 0.302 78.52 0.05 0.87 -5.23 463.5
2008 12 6 12 35391.9 1.260 119.31 0.05 1.67 -6.27 474.9
2008 12 7 12 35363.1 0.888 73.84 0.05 2.50 -4.60 478.2
2008 12 8 12 35336.6 0.174 115.96 0.05 3.53 -4.12 469.2
2008 12 9 12 35312.4 0.126 117.75 0.05 0.59 -7.95 476.3
2008 12 10 12 35290.6 1.367 105.68 0.05 2.03 -6.25 507.8
2008 12 11 12 35271.1 0.205 99.04 0.05 0.67 -6.82 432.9
2008 12 12 12 35253.9 1.220 123.38 0.05 2.00 -8.31 467.7
2008 12 13 12 35239.2 1.351 93.38 0.05 2.02 -6.79 427.3
2008 12 14 12 35226.7 0.401 104.85 0.05 0.65 -8.24 459.6
2008 12 15 12 35216.7 0.630 90.26 0.05 1.35 -6.28 443.8
2008 12 16 12 35209.0 2.476 121.43 0.05 -1.62 -10.23 396.2
2008 12 17 12 35203.6 3.958 100.24 0.05 1.35 -7.16 453.3
2008 12 18 12 35200.7 0.210 110.17 0.05 0.96 -6.96 387.8
2008 12 19 12 35200.1 0.219 65.95 0.05 1.85 -7.78 434.3
2008 12 20 12 35201.9 0.178 93.00 0.05 -2.56 -12.07 355.2
2008 12 21 12 35206.0 0.687 87.46 0.05 -0.06 -7.48 415.4
2008 12 22 12 35212.5 3.439 86.54 0.05 -1.82 -10.36 377.2
2008 12 23 12 35221.4 0.242 111.65 0.05 -1.84 -11.29 406.1
2008 12 24 12 35232.6 1.045 85.07 0.05 -3.18 -10.96 378.1
2008 12 25 12 35246.3 0.923 100.57 0.05 0.12 -8.18 420.7
2008 12 26 12 35262.2 1.628 132.95 0.05 -1.24 -8.29 393.3
2008 12 27 12 35280.5 4.360 99.33 0.05 -0.25 -8.05 415.2
2008 12 28 12 35301.2 0.048 79.90 0.05 -0.30 -9.37 409.4
2008 12 29 12 35324.2 1.817 118.07 0.05 0.07 -8.46 421.6
2008 12 30 12 35349.5 2.459 94.40 0.05 0.31 -7.36 422.9
2008 12 31 12 35377.2 2.621 99.17 0.05 1.26 -6.30 453.0
2009 1 1 12 35377.2 1.485 80.93 0.05 -0.79 -8.10 410.3
2009 1 2 12 35407.2 2.054 123.35 0.05 -1.28 -9.93 445.1
2009 1 3 12 35439.5 0.261 120.30 0.05 -2.55 -10.02 440.3
2009 1 4 12 35474.1 0.659 114.55 0.05 -0.12 -6.39 472.5
2009 1 5 12 35511.0 1.019 125.01 0.05 -2.12 -9.39 425.5
2009 1 6 12 35550.1 1.478 110.91 0.05 -0.68 -8.24 480.1
2009 1 7 12 35591.5 0.607 89.60 0.05 1.98 -6.40 500.9
2009 1 8 12 35635.2 0.310 89.19 0.05 -3.35 -10.70 361.4
2009 1 9 12 35681.2 1.412 104.45 0.05 -2.78 -12.05 369.7
2009 1 10 12 35729.3 2.432 106.50 0.05 -0.97 -8.92 412.5
2009 1 11 12 35779.7 1.166 104.67 0.05 -2.83 -11.68 393.2
2009 1 12 12 35832.2 0.460 75.73 0.05 0.64 -7.90 371.8
2009 1 13 12 35887.0 1.952 111.49 0.05 -2.69 -10.16 313.4
2009 1 14 12 35943.9 3.558 86.15 0.05 -1.32 -11.31 386.2
2009 1 15 12 36003.0 1.376 120.99 0.05 -0.58 -9.75 411.9
2009 1 16 12 36064.1 4.176 89.62 0.05 -3.26 -11.87 378.4
2009 1 17 12 36127.5 0.300 124.16 0.05 -1.18 -11.36 346.4
2009 1 18 12 36192.9 3.667 112.96 0.05 0.78 -7.19 411.5
2009 1 19 12 36260.3 1.219 97.32 0.05 -0.50 -9.05 403.3
2009 1 20 12 36329.9 1.242 118.37 0.05 -1.83 -9.36 359.6
2009 1 21 12 36401.5 1.648 133.05 0.05 -0.21 -8.09 403.6
2009 1 22 12 36475.1 2.356 117.56 0.05 -4.70 -13.00 365.2
2009 1 23 12 36550.6 1.429 97.63 0.05 -2.08 -10.83 372.2
2009 1 24 12 36628.2 1.878 107.47 0.05 -3.47 -10.61 370.9
2009 1 25 12 36707.7 2.016 109.22 0.05 -0.85 -8.47 399.7
2009 1 26 12 36789.1 2.324 104.26 0.05 -1.06 -8.21 418.5
2009 1 27 12 36872.4 2.613 90.71 0.05 -2.50 -10.75 390.6
2009 1 28 12 36957.6 1.285 146.00 0.05 0.43 -8.04 452.9
2009 1 29 12 37044.7 1.677 107.37 0.05 -4.06 -12.57 309.6
2009 1 30 12 37133.6 1.325 93.46 0.05 1.40 -5.23 499.0
2009 1 31 12 37224.2 0.431 100.85 0.05 0.50 -6.08 534.3
2009 2 1 12 37316.7 4.063 108.79 0.05 -0.81 -8.67 402.2
2009 2 2 12 37410.8 1.372 73.51 0.05 -1.71 -10.97 392.1
2009 2 3 12 37506.7 0.827 134.55 0.05 -1.26 -9.17 407.6
2009 2 4 12 37604.3 0.402 132.52 0.05 -0.35 -8.15 435.8
2009 2 5 12 37703.6 1.494 128.03 0.05 -1.73 -9.03 443.8
2009 2 6 12 37804.5 1.217 107.16 0.05 -0.91 -9.91 411.7
2009 2 7 12 37906.9 0.115 138.99 0.05 -0.15 -7.89 459.1
2009 2 8 12 38011.0 0.025 123.36 0.05 0.31 -5.05 466.4
2009 2 9 12 38116.5 2.885 149.55 0.05 1.53 -7.54 432.6
2009 2 10 12 38223.6 2.413 97.97 0.05 1.79 -5.72 513.3
2009 2 11 12 38332.2 2.796 117.25 0.05 -0.46 -7.94 412.3
2009 2 12 12 38442.2 2.752 115.97 0.05 -2.61 -11.59 377.3
2009 2 13 12 38553.6 2.358 114.49 0.05 -0.19 -7.69 475.4
2009 2 14 12 38666.4 2.012 142.32 0.05 1.91 -6.19 497.9
2009 2 15 12 38780.5 5.124 153.63 0.05 -0.14 -7.70 429.7
2009 2 16 12 38896.0 0.287 148.25 0.05 2.51 -5.71 478.8
2009 2 17 12 39012.7 4.020 138.22 0.05 -1.63 -9.45 419.3
2009 2 18 12 39130.6 0.815 143.20 0.05 0.95 -6.86 438.6
2009 2 19 12 39249.8 3.332 148.68 0.05 1.05 -7.23 429.1
2009 2 20 12 39370.1 1.183 128.12 0.05 3.12 -5.15 481.2
2009 2 21 12 39491.6 2.194 145.79 0.05 0.73 -7.42 488.0
2009 2 22 12 39614.2 6.349 141.90 0.05 1.41 -6.96 421.2
2009 2 23 12 39737.8 0.155 119.28 0.05 1.91 -6.45 479.8
2009 2 24 12 39862.5 1.431 179.65 0.05 -0.62 -9.82 413.8
2009 2 25 12 39988.1 4.619 153.47 0.05 0.24 -8.43 483.1
2009 2 26 12 40114.7 1.989 133.81 0.05 1.74 -7.61 509.7
2009 2 27 12 40242.2 0.552 143.43 0.05 1.64 -5.61 458.8
2009 2 28 12 40370.6 3.772 159.35 0.05 1.07 -6.63 486.8
2009 3 1 12 40499.8 2.372 156.84 0.05 2.24 -5.45 474.2
2009 3 2 12 40629.8 2.955 151.72 0.05 2.02 -6.47 485.8
2009 3 3 12 40760.6 0.979 177.95 0.05 3.35 -5.46 457.5
2009 3 4 12 40892.1 11.014 152.05 0.05 1.25 -7.20 466.7
2009 3 5 12 41024.3 6.346 169.94 0.05 2.66 -6.04 533.3
2009 3 6 12 41157.2 2.680 175.09 0.05 1.77 -7.68 412.4
2009 3 7 12 41290.6 1.476 174.58 0.05 1.72 -6.39 499.7
2009 3 8 12 41424.6 0.542 157.41 0.05 4.57 -4.04 538.1
2009 3 9 12 41559.2 3.529 144.04 0.05 4.23 -3.81 564.3
2009 3 10 12 41694.2 2.785 131.60 0.05 3.12 -5.75 492.1
2009 3 11 12 41829.7 0.122 166.58 0.05 2.30 -6.89 468.6
2009 3 12 12 41965.5 1.489 171.22 0.05 5.25 -2.85 568.5
2009 3 13 12 42101.8 0.964 157.70 0.05 6.17 -3.59 591.2
2009 3 14 12 42238.3 5.040 171.96 0.05 1.45 -5.76 484.9
2009 3 15 12 42375.2 1.030 186.41 0.05 2.85 -5.14 508.4
2009 3 16 12 42512.3 6.275 157.16 0.05 3.12 -5.32 502.1
2009 3 17 12 42649.6 1.120 163.28 0.05 3.78 -4.44 475.1
2009 3 18 12 42787.0 2.298 151.23 0.05 3.69 -3.31 512.0
2009 3 19 12 42924.6 3.467 169.93 0.05 4.24 -3.97 490.9
2009 3 20 12 43062.3 1.216 187.60 0.05 5.62 -2.42 569.2
2009 3 21 12 43200.0 7.770 173.01 0.05 4.36 -4.32 506.9
2009 3 22 12 43337.7 0.282 179.33 0.05 4.35 -2.61 538.9
2009 3 23 12 43475.4 10.287 164.58 0.05 5.01 -2.77 559.5
2009 3 24 12 43613.0 3.136 204.51 0.05 5.72 -1.32 548.3
2009 3 25 12 43750.4 3.737 198.40 0.05 5.70 -4.01 516.2
2009 3 26 12 43887.7 7.181 171.27 0.05 6.20 -2.78 570.1
2009 3 27 12 44024.8 1.300 190.19 0.05 5.86 -2.20 560.9
2009 3 28 12 44161.7 1.824 196.73 0.05 5.24 -2.22 582.1
2009 3 29 12 44298.2 7.849 220.68 0.05 6.78 -0.47 538.2
2009 3 30 12 44434.5 7.591 205.16 0.05 4.17 -3.92 528.2
2009 3 31 12 44570.3 1.979 210.97 0.05 7.54 -1.24 576.9
2009 4 1 12 44705.8 1.464 193.85 0.05 8.23 -0.53 603.0
2009 4 2 12 44840.8 0.048 196.76 0.05 5.45 -1.54 530.2
2009 4 3 12 44975.4 0.372 202.18 0.05 8.67 1.04 604.0
2009 4 4 12 45109.4 6.306 192.90 0.05 9.67 2.40 612.6
2009 4 5 12 45242.8 0.857 216.75 0.05 6.38 -0.18 583.3
2009 4 6 12 45375.7 2.791 197.40 0.05 8.28 -2.27 615.1
2009 4 7 12 45507.9 1.669 209.53 0.05 7.51 -1.40 562.6
2009 4 8 12 45639.4 2.458 184.87 0.05 8.02 -1.06 549.2
2009 4 9 12 45770.2 1.149 191.42 0.05 7.69 -2.09 518.4
2009 4 10 12 45900.2 1.660 197.42 0.05 6.83 -0.88 558.2
2009 4 11 12 46029.4 0.067 214.29 0.05 11.03 2.01 634.2
2009 4 12 12 46157.8 2.617 226.81 0.05 9.01 0.38 627.2
2009 4 13 12 46285.3 1.569 192.15 0.05 9.47 1.37 642.0
2009 4 14 12 46411.9 0.324 203.37 0.05 10.56 2.47 671.0
2009 4 15 12 46537.5 2.624 217.82 0.05 10.50 3.63 705.8
2009 4 16 12 46662.2 4.794 219.44 0.05 9.19 1.44 649.9
2009 4 17 12 46785.8 2.157 238.05 0.05 9.43 -0.38 618.9
2009 4 18 12 46908.4 11.102 225.89 0.05 9.95 1.31 704.3
2009 4 19 12 47029.9 3.252 220.23 0.05 12.14 3.38 683.2
2009 4 20 12 47150.2 2.859 220.75 0.05 10.13 3.59 673.4
2009 4 21 12 47269.4 1.225 232.09 0.05 10.09 3.17 663.6
2009 4 22 12 47387.3 3.735 267.68 0.05 10.30 2.14 630.0
2009 4 23 12 47504.0 9.172 235.29 0.05 11.43 2.73 628.5
2009 4 24 12 47619.5 1.740 244.52 0.05 12.07 4.33 641.3
2009 4 25 12 47733.6 8.201 241.21 0.05 15.81 8.11 842.5
2009 4 26 12 47846.4 0.596 227.62 0.05 10.27 2.08 619.1
2009 4 27 12 47957.8 1.419 199.93 0.05 10.53 0.44 633.3
2009 4 28 12 48067.8 0.970 222.66 0.05 14.74 6.26 728.5
2009 4 29 12 48176.4 3.419 231.10 0.05 9.30 0.76 613.4
2009 4 30 12 48283.5 1.304 239.31 0.05 14.27 5.62 722.2
2009 5 1 12 48389.0 0.368 243.46 0.05 11.92 2.45 653.4
2009 5 2 12 48493.1 3.393 243.60 0.05 13.00 5.59 653.0
2009 5 3 12 48595.5 8.436 197.05 0.05 13.19 5.09 708.4
2009 5 4 12 48696.4 0.192 234.03 0.05 15.83 7.15 765.0
2009 5 5 12 48795.7 5.671 232.06 0.05 13.29 4.11 702.8
2009 5 6 12 48893.3 3.147 220.50 0.05 15.23 6.56 703.9
2009 5 7 12 48989.2 0.926 242.13 0.05 13.53 5.66 732.5
2009 5 8 12 49083.3 7.087 245.81 0.05 13.24 6.06 694.4
2009 5 9 12 49175.8 8.537 227.38 0.05 13.65 6.51 642.2
2009 5 10 12 49266.4 1.572 254.03 0.05 14.11 5.27 652.3
2009 5 11 12 49355.3 2.968 217.86 0.05 13.02 6.95 688.3
2009 5 12 12 49442.4 1.723 229.45 0.05 14.75 8.52 819.4
2009 5 13 12 49527.6 2.661 256.43 0.05 17.37 8.22 768.3
2009 5 14 12 49610.9 2.806 254.71 0.05 16.69 7.71 702.5
2009 5 15 12 49692.3 1.274 257.64 0.05 15.70 7.48 774.6
2009 5 16 12 49771.8 1.893 252.62 0.05 16.54 9.35 815.2
2009 5 17 12 49849.4 0.035 245.49 0.05 15.59 8.60 791.5
2009 5 18 12 49924.9 5.293 236.26 0.05 16.43 8.71 776.2
2009 5 19 12 49998.5 4.637 244.44 0.05 17.05 9.56 802.9
2009 5 20 12 50070.1 11.022 275.90 0.05 14.66 6.67 706.5
2009 5 21 12 50139.7 6.495 277.91 0.05 17.57 9.80 811.8
2009 5 22 12 50207.1 6.266 245.51 0.05 17.72 10.00 803.5
2009 5 23 12 50272.5 4.142 277.68 0.05 16.22 7.64 693.9
2009 5 24 12 50335.9 1.593 291.64 0.05 16.61 10.30 787.1
2009 5 25 12 50397.0 2.462 232.07 0.05 19.01 11.83 836.4
2009 5 26 12 50456.1 9.429 251.60 0.05 19.43 12.04 792.2
2009 5 27 12 50513.0 5.984 238.50 0.05 17.30 9.03 771.0
2009 5 28 12 50567.8 2.019 280.84 0.05 19.00 10.43 781.8
2009 5 29 12 50620.3 1.427 239.36 0.05 20.46 11.08 768.4
2009 5 30 12 50670.7 5.663 250.49 0.05 18.68 10.38 842.5
2009 5 31 12 50718.8 1.839 260.21 0.05 16.65 8.76 787.5
2009 6 1 12 50764.8 0.567 254.83 0.05 17.99 8.92 762.4
2009 6 2 12 50808.5 2.128 239.87 0.05 16.65 8.25 794.0
2009 6 3 12 50849.9 1.554 244.87 0.05 20.88 12.50 896.2
2009 6 4 12 50889.0 1.196 246.89 0.05 22.21 14.74 862.0
2009 6 5 12 50925.9 6.385 239.56 0.05 19.88 12.36 886.3
2009 6 6 12 50960.5 1.189 267.49 0.05 18.11 9.39 814.9
2009 6 7 12 50992.8 4.180 266.40 0.05 20.92 12.55 874.4
2009 6 8 12 51022.8 4.663 252.24 0.05 18.39 9.93 843.2
2009 6 9 12 51050.5 0.191 254.23 0.05 22.71 13.80 946.0
2009 6 10 12 51075.8 1.453 251.77 0.05 18.77 10.27 829.5
2009 6 11 12 51098.8 0.128 238.34 0.05 20.37 12.47 872.0
2009 6 12 12 51119.5 0.145 259.39 0.05 21.60 12.27 837.1
2009 6 13 12 51137.8 7.321 266.62 0.05 20.62 12.92 843.0
2009 6 14 12 51153.7 7.521 238.44 0.05 17.82 8.97 806.8
2009 6 15 12 51167.4 2.167 247.72 0.05 21.32 12.11 822.9
2009 6 16 12 51178.6 3.756 281.76 0.05 19.51 10.90 859.7
2009 6 17 12 51187.5 0.179 270.21 0.05 21.20 12.98 843.5
2009 6 18 12 51194.0 2.862 259.88 0.05 19.10 11.37 888.7
2009 6 19 12 51198.1 4.968 261.30 0.05 21.39 12.80 876.9
2009 6 20 12 51199.9 11.130 257.32 0.05 22.11 14.39 886.8
2009 6 21 12 51199.3 7.493 275.14 0.05 22.84 14.90 862.5
2009 6 22 12 51196.4 9.236 250.41 0.05 22.63 15.48 872.1
2009 6 23 12 51191.0 1.960 251.75 0.05 23.71 15.43 927.3
2009 6 24 12 51183.3 1.834 255.34 0.05 22.51 13.96 923.1
2009 6 25 12 51173.3 0.772 264.56 0.05 21.23 15.26 861.6
2009 6 26 12 51160.8 7.548 282.17 0.05 21.93 14.64 921.1
2009 6 27 12 51146.1 0.683 232.71 0.05 22.92 14.23 900.9
2009 6 28 12 51128.9 6.265 258.27 0.05 19.50 12.21 887.0
2009 6 29 12 51109.4 7.756 243.88 0.05 18.98 12.52 876.3
2009 6 30 12 51087.6 1.996 272.70 0.05 22.50 14.55 915.1
2009 7 1 12 51063.4 1.292 243.05 0.05 25.31 17.36 957.7
2009 7 2 12 51036.9 5.509 280.88 0.05 23.84 15.18 917.2
2009 7 3 12 51008.1 0.242 265.74 0.05 21.78 14.60 886.7
2009 7 4 12 50976.9 2.038 280.49 0.05 23.79 16.09 903.3
2009 7 5 12 50943.5 1.915 256.86 0.05 21.93 12.59 848.3
2009 7 6 12 50907.8 2.080 249.46 0.05 21.20 13.00 839.5
2009 7 7 12 50869.7 3.636 263.63 0.05 20.51 12.36 834.8
2009 7 8 12 50829.4 1.302 255.14 0.05 22.31 14.00 909.2
2009 7 9 12 50786.9 5.699 255.35 0.05 21.36 13.08 835.0
2009 7 10 12 50742.1 2.360 275.89 0.05 23.87 14.43 886.6
2009 7 11 12 50695.1 0.652 240.37 0.05 20.29 13.90 836.5
2009 7 12 12 50645.8 4.723 262.32 0.05 23.64 15.37 900.6
2009 7 13 12 50594.3 1.386 271.08 0.05 21.40 14.55 931.7
2009 7 14 12 50540.7 1.676 248.08 0.05 22.97 14.52 892.7
2009 7 15 12 50484.8 0.346 280.26 0.05 21.72 12.48 817.9
2009 7 16 12 50426.8 2.914 227.81 0.05 24.18 16.16 919.3
2009 7 17 12 50366.7 0.394 246.46 0.05 22.35 15.03 893.3
2009 7 18 12 50304.5 2.069 239.36 0.05 23.90 15.26 891.6
2009 7 19 12 50240.1 0.177 222.00 0.05 23.15 15.99 932.8
2009 7 20 12 50173.7 1.514 262.38 0.05 24.19 15.70 902.9
2009 7 21 12 50105.1 2.287 270.03 0.05 22.01 12.96 864.8
2009 7 22 12 50034.6 5.085 257.57 0.05 24.91 17.08 919.0
2009 7 23 12 49962.0 2.175 262.07 0.05 21.97 15.01 923.4
2009 7 24 12 49887.4 4.986 248.32 0.05 22.88 16.46 980.6
2009 7 25 12 49810.8 0.859 224.10 0.05 22.59 13.38 855.7
2009 7 26 12 49732.3 5.240 237.25 0.05 23.82 15.19 903.2
2009 7 27 12 49651.8 1.108 244.35 0.05 24.88 16.34 935.4
2009 7 28 12 49569.5 1.317 237.41 0.05 22.57 14.12 885.0
2009 7 29 12 49485.2 3.197 254.74 0.05 24.07 16.13 940.0
2009 7 30 12 49399.1 4.707 208.80 0.05 20.96 14.67 920.4
2009 7 31 12 49311.1 3.272 283.27 0.05 22.98 16.71 893.0
2009 8 1 12 49221.3 3.520 230.38 0.05 24.95 19.03 991.8
2009 8 2 12 49129.8 0.168 254.65 0.05 22.60 15.34 914.1
2009 8 3 12 49036.5 3.055 238.19 0.05 23.00 14.86 943.7
2009 8 4 12 48941.4 0.914 224.13 0.05 24.04 15.00 903.8
2009 8 5 12 48844.7 1.320 234.18 0.05 21.53 11.85 812.5
2009 8 6 12 48746.2 4.834 238.90 0.05 25.41 18.12 1005.9
2009 8 7 12 48646.2 2.926 273.93 0.05 21.84 13.84 915.4
2009 8 8 12 48544.5 0.507 222.87 0.05 22.69 16.11 956.2
2009 8 9 12 48441.3 5.913 234.23 0.05 19.64 11.39 870.2
2009 8 10 12 48336.4 5.729 220.10 0.05 23.66 16.71 910.3
2009 8 11 12 48230.1 1.417 239.60 0.05 22.37 15.20 878.1
2009 8 12 12 48122.3 6.945 215.21 0.05 21.65 11.52 846.9
2009 8 13 12 48013.0 1.654 233.72 0.05 20.30 12.45 847.6
2009 8 14 12 47902.3 4.412 213.45 0.05 24.65 16.47 894.8
2009 8 15 12 47790.2 13.939 227.75 0.05 22.40 13.24 862.0
2009 8 16 12 47676.7 2.810 211.66 0.05 24.09 17.66 983.7
2009 8 17 12 47561.9 0.506 227.12 0.05 21.86 14.23 816.8
2009 8 18 12 47445.8 1.290 206.08 0.05 21.80 15.35 927.9
2009 8 19 12 47328.5 2.272 253.46 0.05 21.65 13.79 825.4
2009 8 20 12 47209.9 1.142 219.89 0.05 20.22 12.38 844.8
2009 8 21 12 47090.2 0.107 187.74 0.05 20.32 12.53 846.7
2009 8 22 12 46969.3 0.321 240.19 0.05 21.04 13.11 845.4
2009 8 23 12 46847.3 2.033 206.30 0.05 23.50 16.27 927.6
2009 8 24 12 46724.2 1.689 238.54 0.05 17.34 9.44 837.6
2009 8 25 12 46600.0 4.815 204.30 0.05 22.44 13.13 852.3
2009 8 26 12 46474.8 1.382 190.17 0.05 19.02 12.50 855.5
2009 8 27 12 46348.7 7.046 205.23 0.05 20.18 11.38 829.6
2009 8 28 12 46221.7 1.590 212.62 0.05 19.41 11.07 823.3
2009 8 29 12 46093.7 1.262 185.90 0.05 21.06 12.92 848.2
2009 8 30 12 45964.9 3.449 208.87 0.05 22.12 12.71 821.2
2009 8 31 12 45835.3 0.738 206.88 0.05 20.88 12.64 840.8
2009 9 1 12 45704.9 0.079 187.50 0.05 18.43 9.86 852.8
2009 9 2 12 45573.7 2.004 180.65 0.05 19.88 12.14 872.4
2009 9 3 12 45441.8 1.919 202.33 0.05 20.67 13.46 854.3
2009 9 4 12 45309.3 0.386 219.11 0.05 19.76 10.46 858.7
2009 9 5 12 45176.2 4.447 194.65 0.05 20.23 11.63 781.9
2009 9 6 12 45042.4 3.266 207.29 0.05 20.58 12.26 848.3
2009 9 7 12 44908.2 0.586 194.29 0.05 18.02 11.60 781.2
2009 9 8 12 44773.4 0.905 198.59 0.05 18.65 10.26 851.1
2009 9 9 12 44638.1 3.150 214.36 0.05 19.07 9.04 753.5
2009 9 10 12 44502.5 0.597 193.21 0.05 19.52 11.49 857.2
2009 9 11 12 44366.4 2.069 197.62 0.05 18.37 10.95 847.9
2009 9 12 12 44230.0 0.797 164.03 0.05 15.70 6.89 769.0
2009 9 13 12 44093.3 1.708 173.82 0.05 17.89 8.99 776.6
2009 9 14 12 43956.3 0.097 166.47 0.05 17.37 9.03 711.6
2009 9 15 12 43819.1 0.221 191.71 0.05 16.58 8.71 779.3
2009 9 16 12 43681.7 0.373 173.21 0.05 15.86 7.37 737.1
2009 9 17 12 43544.2 0.069 193.41 0.05 15.50 8.33 760.8
2009 9 18 12 43406.5 1.145 167.96 0.05 16.28 8.01 739.1
2009 9 19 12 43268.9 0.167 170.72 0.05 15.82 8.57 741.6
2009 9 20 12 43131.1 5.263 191.47 0.05 16.17 7.47 712.0
2009 9 21 12 42993.5 0.022 178.63 0.05 15.95 8.80 784.4
2009 9 22 12 42855.8 0.471 170.88 0.05 14.49 5.49 700.7
2009 9 23 12 42718.3 4.821 177.44 0.05 12.68 5.03 673.7
2009 9 24 12 42580.9 0.847 183.89 0.05 17.81 9.58 763.9
2009 9 25 12 42443.7 1.927 156.49 0.05 16.13 6.79 714.4
2009 9 26 12 42306.7 0.317 160.84 0.05 14.42 6.79 682.0
2009 9 27 12 42170.0 0.149 179.93 0.05 15.29 7.73 749.2
2009 9 28 12 42033.6 0.787 150.46 0.05 17.46 9.21 773.7
2009 9 29 12 41897.5 2.885 186.20 0.05 17.01 9.61 749.5
2009 9 30 12 41761.9 0.269 164.57 0.05 12.29 4.94 704.9
2009 10 1 12 41626.6 1.310 165.27 0.05 14.25 5.96 704.9
2009 10 2 12 41491.8 0.883 175.05 0.05 14.74 6.43 743.1
2009 10 3 12 41357.6 1.116 162.84 0.05 16.22 9.12 820.5
2009 10 4 12 41223.8 1.103 137.62 0.05 12.36 3.69 659.4
2009 10 5 12 41090.7 1.468 155.80 0.05 13.65 7.51 790.8
2009 10 6 12 40958.2 0.218 160.95 0.05 12.18 3.65 666.4
2009 10 7 12 40826.3 0.103 168.54 0.05 12.76 5.99 742.1
2009 10 8 12 40695.1 1.200 136.70 0.05 13.21 4.68 711.9
2009 10 9 12 40564.7 2.217 139.84 0.05 11.63 2.75 621.0
2009 10 10 12 40435.1 1.034 131.94 0.05 12.12 4.68 697.5
2009 10 11 12 40306.3 1.482 148.83 0.05 12.64 4.23 692.8
2009 10 12 12 40178.3 0.589 145.92 0.05 13.63 3.59 695.8
2009 10 13 12 40051.3 0.888 135.13 0.05 10.89 3.60 672.5
2009 10 14 12 39925.2 0.751 149.66 0.05 12.45 4.83 697.3
2009 10 15 12 39800.0 0.869 114.71 0.05 11.52 2.05 609.0
2009 10 16 12 39675.8 1.637 139.32 0.05 12.62 3.56 679.1
2009 10 17 12 39552.7 0.632 154.20 0.05 8.87 0.69 578.8
2009 10 18 12 39430.7 0.380 151.82 0.05 9.60 1.18 621.7
2009 10 19 12 39309.8 3.357 161.43 0.05 9.77 2.56 657.6
2009 10 20 12 39190.1 0.163 154.58 0.05 8.67 1.02 665.9
2009 10 21 12 39071.5 0.215 141.83 0.05 10.62 2.23 587.9
2009 10 22 12 38954.2 0.472 118.33 0.05 10.18 1.22 654.8
2009 10 23 12 38838.1 1.285 128.99 0.05 10.53 1.33 664.8
2009 10 24 12 38723.3 1.138 128.23 0.05 10.02 2.65 651.0
2009 10 25 12 38609.8 0.782 153.04 0.05 12.54 3.56 689.5
2009 10 26 12 38497.7 1.321 147.68 0.05 10.49 2.23 632.2
2009 10 27 12 38387.0 0.148 116.74 0.05 10.05 1.92 599.5
2009 10 28 12 38277.7 1.129 165.46 0.05 8.74 -0.44 630.9
2009 10 29 12 38169.9 0.086 127.25 0.05 11.26 3.41 671.2
2009 10 30 12 38063.6 0.366 119.46 0.05 8.17 0.83 631.9
2009 10 31 12 37958.7 1.957 119.06 0.05 9.27 1.16 562.1
2009 11 1 12 37855.5 0.314 104.96 0.05 7.72 -1.41 575.5
2009 11 2 12 37753.8 0.571 114.00 0.05 8.34 0.88 580.2
2009 11 3 12 37653.8 0.642 151.70 0.05 8.55 -0.08 650.1
2009 11 4 12 37555.3 2.388 139.54 0.05 8.96 0.15 615.8
2009 11 5 12 37458.6 1.614 125.63 0.05 5.81 -0.55 608.6
2009 11 6 12 37363.5 0.491 139.89 0.05 7.42 -2.09 514.8
2009 11 7 12 37270.2 0.765 115.46 0.05 5.55 -3.49 556.6
2009 11 8 12 37178.7 0.038 127.28 0.05 6.27 -1.52 573.7
2009 11 9 12 37088.9 0.860 128.67 0.05 6.75 -1.45 601.3
2009 11 10 12 37000.9 0.038 142.61 0.05 6.84 -1.06 601.4
2009 11 11 12 36914.8 0.999 129.12 0.05 6.16 -1.76 612.7
2009 11 12 12 36830.5 2.136 95.06 0.05 4.60 -3.60 522.5
2009 11 13 12 36748.2 0.403 135.79 0.05 7.01 -0.21 622.8
2009 11 14 12 36667.7 0.392 111.63 0.05 3.19 -4.22 516.4
2009 11 15 12 36589.2 0.468 104.45 0.05 5.93 -2.31 519.6
2009 11 16 12 36512.6 1.277 73.59 0.05 5.46 -2.81 555.3
2009 11 17 12 36438.0 1.858 87.00 0.05 5.19 -2.64 515.1
2009 11 18 12 36365.4 0.932 116.75 0.05 6.93 -1.29 583.4
2009 11 19 12 36294.9 2.146 101.54 0.05 5.05 -1.98 538.5
2009 11 20 12 36226.3 0.750 94.61 0.05 7.22 -0.09 589.6
2009 11 21 12 36159.9 1.069 113.54 0.05 6.59 -1.05 546.6
2009 11 22 12 36095.5 0.069 108.99 0.05 3.33 -3.64 579.5
2009 11 23 12 36033.3 1.687 103.21 0.05 4.08 -3.56 506.2
2009 11 24 12 35973.2 0.027 77.15 0.05 3.22 -4.74 500.4
2009 11 25 12 35915.2 0.716 98.29 0.05 5.64 -2.44 543.4
2009 11 26 12 35859.3 1.600 87.34 0.05 4.36 -3.55 529.0
2009 11 27 12 35805.7 0.565 111.44 0.05 1.75 -5.09 468.7
2009 11 28 12 35754.2 0.637 95.68 0.05 4.52 -3.30 531.5
2009 11 29 12 35704.9 0.587 92.74 0.05 3.22 -5.90 487.2
2009 11 30 12 35657.9 1.267 135.40 0.05 4.24 -4.37 518.5
2009 12 1 12 35613.1 0.512 92.05 0.05 0.83 -6.46 512.2
2009 12 2 12 35570.6 0.380 110.89 0.05 2.46 -6.20 495.3
2009 12 3 12 35530.3 0.893 74.86 0.05 3.06 -4.83 560.6
2009 12 4 12 35492.2 3.359 105.12 0.05 1.45 -6.14 478.0
2009 12 5 12 35456.5 0.502 110.46 0.05 2.86 -5.05 496.9
2009 12 6 12 35423.1 0.995 89.41 0.05 1.24 -6.92 432.4
2009 12 7 12 35391.9 5.466 99.89 0.05 2.15 -6.66 451.7
2009 12 8 12 35363.1 1.598 101.03 0.05 2.94 -4.57 514.5
2009 12 9 12 35336.6 1.472 108.75 0.05 2.12 -6.77 459.7
2009 12 10 12 35312.4 0.117 110.33 0.05 -0.66 -8.37 475.4
2009 12 11 12 35290.6 0.591 107.67 0.05 3.49 -6.20 475.0
2009 12 12 12 35271.1 1.791 102.64 0.05 2.49 -6.21 446.4
2009 12 13 12 35253.9 0.508 89.11 0.05 1.57 -6.46 436.9
2009 12 14 12 35239.2 0.343 79.18 0.05 3.76 -4.40 570.1
2009 12 15 12 35226.7 0.389 131.02 0.05 0.77 -6.72 478.8
2009 12 16 12 35216.7 1.248 105.71 0.05 1.91 -7.66 421.2
2009 12 17 12 35209.0 1.268 83.23 0.05 -2.18 -10.88 436.7
2009 12 18 12 35203.6 1.031 125.74 0.05 2.78 -6.13 468.1
2009 12 19 12 35200.7 2.594 80.54 0.05 1.53 -5.71 436.4
2009 12 20 12 35200.1 1.240 99.37 0.05 2.63 -6.15 448.2
2009 12 21 12 35201.9 0.815 94.85 0.05 -0.69 -8.92 415.7
2009 12 22 12 35206.0 2.040 111.32 0.05 3.31 -4.62 499.0
2009 12 23 12 35212.5 3.545 97.69 0.05 1.20 -7.35 461.4
2009 12 24 12 35221.4 0.792 94.06 0.05 1.21 -6.45 532.2
2009 12 25 12 35232.6 1.153 113.20 0.05 -1.45 -10.02 389.1
2009 12 26 12 35246.3 0.432 85.45 0.05 0.55 -8.97 420.8
2009 12 27 12 35262.2 0.132 89.57 0.05 0.17 -8.69 405.7
2009 12 28 12 35280.5 1.209 93.92 0.05 -0.19 -9.75 407.6
2009 12 29 12 35301.2 0.837 98.02 0.05 0.22 -7.74 521.9
2009 12 30 12 35324.2 0.337 68.60 0.05 -2.89 -11.08 336.6
2009 12 31 12 35349.5 3.073 105.30 0.05 0.86 -7.44 387.9
