05507600 1995 1 1 287.4635 A
05507600 1995 1 2 275.9594 A
05507600 1995 1 3 215.0253 A
05507600 1995 1 4 207.5529 A
05507600 1995 1 5 189.5147 A
05507600 1995 1 6 197.6844 A
05507600 1995 1 7 161.6342 A
05507600 1995 1 8 141.1132 A
05507600 1995 1 9 223.1539 A
05507600 1995 1 10 314.9646 A
05507600 1995 1 11 190.4966 A
05507600 1995 1 12 285.5217 A
05507600 1995 1 13 207.2097 A
05507600 1995 1 14 241.0295 A
05507600 1995 1 15 217.8401 A
05507600 1995 1 16 175.8883 A
05507600 1995 1 17 160.7820 A
05507600 1995 1 18 333.9410 A
05507600 1995 1 19 227.6826 A
05507600 1995 1 20 273.1509 A
05507600 1995 1 21 294.7739 A
05507600 1995 1 22 279.4366 A
05507600 1995 1 23 263.1510 A
05507600 1995 1 24 311.9976 A
05507600 1995 1 25 353.5485 A
05507600 1995 1 26 338.1546 A
05507600 1995 1 27 247.0297 A
05507600 1995 1 28 426.4226 A
05507600 1995 1 29 348.3403 A
05507600 1995 1 30 371.8617 A
05507600 1995 1 31 256.0188 A
05507600 1995 2 1 335.5896 A
05507600 1995 2 2 315.3450 A
05507600 1995 2 3 611.8765 A
05507600 1995 2 4 360.7147 A
05507600 1995 2 5 289.8180 A
05507600 1995 2 6 378.3629 A
05507600 1995 2 7 452.4358 A
05507600 1995 2 8 345.0263 A
05507600 1995 2 9 536.3411 A
05507600 1995 2 10 492.8661 A
05507600 1995 2 11 354.0037 A
05507600 1995 2 12 447.3647 A
05507600 1995 2 13 509.5320 A
05507600 1995 2 14 483.2995 A
05507600 1995 2 15 427.8204 A
05507600 1995 2 16 451.6862 A
05507600 1995 2 17 479.3965 A
05507600 1995 2 18 506.6385 A
05507600 1995 2 19 472.4534 A
05507600 1995 2 20 484.4507 A
05507600 1995 2 21 498.9178 A
05507600 1995 2 22 513.7921 A
05507600 1995 2 23 520.1185 A
05507600 1995 2 24 569.0114 A
05507600 1995 2 25 701.8421 A
05507600 1995 2 26 520.5252 A
05507600 1995 2 27 508.4014 A
05507600 1995 2 28 853.7936 A
05507600 1995 3 1 606.1420 A
05507600 1995 3 2 608.0253 A
05507600 1995 3 3 634.1202 A
05507600 1995 3 4 591.2577 A
05507600 1995 3 5 729.7418 A
05507600 1995 3 6 667.9255 A
05507600 1995 3 7 924.1735 A
05507600 1995 3 8 873.8607 A
05507600 1995 3 9 691.1848 A
05507600 1995 3 10 801.5985 A
05507600 1995 3 11 757.9564 A
05507600 1995 3 12 761.8185 A
05507600 1995 3 13 849.6991 A
05507600 1995 3 14 778.2869 A
05507600 1995 3 15 1114.1304 A
05507600 1995 3 16 791.0978 A
05507600 1995 3 17 1128.4137 A
05507600 1995 3 18 972.6191 A
05507600 1995 3 19 888.9121 A
05507600 1995 3 20 868.9363 A
05507600 1995 3 21 1107.4271 A
05507600 1995 3 22 879.5938 A
05507600 1995 3 23 962.9468 A
05507600 1995 3 24 989.0675 A
05507600 1995 3 25 1033.5834 A
05507600 1995 3 26 1172.2368 A
05507600 1995 3 27 1044.2502 A
05507600 1995 3 28 1239.9039 A
05507600 1995 3 29 1111.7490 A
05507600 1995 3 30 1132.7077 A
05507600 1995 3 31 1067.1733 A
05507600 1995 4 1 1062.8081 A
05507600 1995 4 2 1484.9989 A
05507600 1995 4 3 1120.5008 A
05507600 1995 4 4 1101.3810 A
05507600 1995 4 5 1170.2570 A
05507600 1995 4 6 1322.6900 A
05507600 1995 4 7 1125.8017 A
05507600 1995 4 8 1754.5555 A
05507600 1995 4 9 1479.6225 A
05507600 1995 4 10 1361.1160 A
05507600 1995 4 11 1422.9013 A
05507600 1995 4 12 1556.0699 A
05507600 1995 4 13 1326.4056 A
05507600 1995 4 14 1279.6116 A
05507600 1995 4 15 1407.0973 A
05507600 1995 4 16 1487.9156 A
05507600 1995 4 17 1394.8915 A
05507600 1995 4 18 1371.5472 A
05507600 1995 4 19 1589.6307 A
05507600 1995 4 20 1469.4269 A
05507600 1995 4 21 1442.1683 A
05507600 1995 4 22 1425.2340 A
05507600 1995 4 23 1471.6786 A
05507600 1995 4 24 1434.7897 A
05507600 1995 4 25 1648.6474 A
05507600 1995 4 26 1436.7654 A
05507600 1995 4 27 1619.8415 A
05507600 1995 4 28 1838.7113 A
05507600 1995 4 29 1547.3538 A
05507600 1995 4 30 1649.0756 A
05507600 1995 5 1 1948.9480 A
05507600 1995 5 2 1710.9757 A
05507600 1995 5 3 1640.1217 A
05507600 1995 5 4 1584.6230 A
05507600 1995 5 5 1899.6723 A
05507600 1995 5 6 1827.9419 A
05507600 1995 5 7 1678.7176 A
05507600 1995 5 8 1846.6771 A
05507600 1995 5 9 1800.6691 A
05507600 1995 5 10 1749.5376 A
05507600 1995 5 11 2030.9842 A
05507600 1995 5 12 1744.2114 A
05507600 1995 5 13 2465.0808 A
05507600 1995 5 14 2191.2401 A
05507600 1995 5 15 1992.1953 A
05507600 1995 5 16 2172.3516 A
05507600 1995 5 17 2125.2140 A
05507600 1995 5 18 2094.9968 A
05507600 1995 5 19 2183.0942 A
05507600 1995 5 20 2193.9682 A
05507600 1995 5 21 2176.4620 A
05507600 1995 5 22 2169.0773 A
05507600 1995 5 23 2296.4986 A
05507600 1995 5 24 2126.4053 A
05507600 1995 5 25 2334.0172 A
05507600 1995 5 26 2546.9119 A
05507600 1995 5 27 2461.0206 A
05507600 1995 5 28 2498.1141 A
05507600 1995 5 29 2544.6265 A
05507600 1995 5 30 2340.2545 A
05507600 1995 5 31 2320.6545 A
05507600 1995 6 1 2417.1701 A
05507600 1995 6 2 2373.8426 A
05507600 1995 6 3 2446.8129 A
05507600 1995 6 4 2458.6221 A
05507600 1995 6 5 2430.6799 A
05507600 1995 6 6 2430.6458 A
05507600 1995 6 7 2400.8932 A
05507600 1995 6 8 2348.2844 A
05507600 1995 6 9 2358.5621 A
05507600 1995 6 10 2389.5839 A
05507600 1995 6 11 2457.9050 A
05507600 1995 6 12 2428.5565 A
05507600 1995 6 13 2498.7245 A
05507600 1995 6 14 2530.6504 A
05507600 1995 6 15 2525.8267 A
05507600 1995 6 16 2468.0008 A
05507600 1995 6 17 2427.5469 A
05507600 1995 6 18 2417.8087 A
05507600 1995 6 19 2767.0077 A
05507600 1995 6 20 2451.9938 A
05507600 1995 6 21 2590.6755 A
05507600 1995 6 22 2582.3452 A
05507600 1995 6 23 2423.8246 A
05507600 1995 6 24 2470.6736 A
05507600 1995 6 25 2496.2413 A
05507600 1995 6 26 2508.9451 A
05507600 1995 6 27 2945.1087 A
05507600 1995 6 28 2626.8792 A
05507600 1995 6 29 2667.4370 A
05507600 1995 6 30 2552.9104 A
05507600 1995 7 1 2634.8108 A
05507600 1995 7 2 2607.4601 A
05507600 1995 7 3 2713.5110 A
05507600 1995 7 4 2736.7045 A
05507600 1995 7 5 2658.9409 A
05507600 1995 7 6 2607.8088 A
05507600 1995 7 7 2661.8644 A
05507600 1995 7 8 2740.2402 A
05507600 1995 7 9 2701.9887 A
05507600 1995 7 10 2706.9133 A
05507600 1995 7 11 2907.8374 A
05507600 1995 7 12 2820.8890 A
05507600 1995 7 13 2997.5876 A
05507600 1995 7 14 2776.6909 A
05507600 1995 7 15 2752.3068 A
05507600 1995 7 16 2716.7508 A
05507600 1995 7 17 2724.9968 A
05507600 1995 7 18 2760.6999 A
05507600 1995 7 19 2757.0963 A
05507600 1995 7 20 2751.0175 A
05507600 1995 7 21 2769.1707 A
05507600 1995 7 22 2733.4659 A
05507600 1995 7 23 2711.4165 A
05507600 1995 7 24 2779.4142 A
05507600 1995 7 25 2844.1223 A
05507600 1995 7 26 2766.5420 A
05507600 1995 7 27 2860.3089 A
05507600 1995 7 28 2992.9748 A
05507600 1995 7 29 2904.8405 A
05507600 1995 7 30 2878.6361 A
05507600 1995 7 31 2831.5374 A
05507600 1995 8 1 2877.8159 A
05507600 1995 8 2 2782.6402 A
05507600 1995 8 3 2979.2967 A
05507600 1995 8 4 2891.6892 A
05507600 1995 8 5 2824.1449 A
05507600 1995 8 6 2815.5668 A
05507600 1995 8 7 2813.9682 A
05507600 1995 8 8 2819.4493 A
05507600 1995 8 9 3120.0653 A
05507600 1995 8 10 3004.8714 A
05507600 1995 8 11 2916.2733 A
05507600 1995 8 12 3053.4928 A
05507600 1995 8 13 2956.3067 A
05507600 1995 8 14 2952.4919 A
05507600 1995 8 15 3039.3936 A
05507600 1995 8 16 2926.7547 A
05507600 1995 8 17 2985.2358 A
05507600 1995 8 18 3005.5277 A
05507600 1995 8 19 3085.6975 A
05507600 1995 8 20 3083.6128 A
05507600 1995 8 21 3081.3265 A
05507600 1995 8 22 3125.4077 A
05507600 1995 8 23 3078.8688 A
05507600 1995 8 24 3132.2607 A
05507600 1995 8 25 3111.6548 A
05507600 1995 8 26 3040.3034 A
05507600 1995 8 27 3114.2972 A
05507600 1995 8 28 3342.0829 A
05507600 1995 8 29 3082.6655 A
05507600 1995 8 30 3117.1739 A
05507600 1995 8 31 3226.0815 A
05507600 1995 9 1 3101.2945 A
05507600 1995 9 2 3055.5603 A
05507600 1995 9 3 3206.6678 A
05507600 1995 9 4 3086.9220 A
05507600 1995 9 5 3145.2795 A
05507600 1995 9 6 3324.9628 A
05507600 1995 9 7 3157.8245 A
05507600 1995 9 8 3206.6915 A
05507600 1995 9 9 3458.4634 A
05507600 1995 9 10 3179.0437 A
05507600 1995 9 11 3135.6414 A
05507600 1995 9 12 3288.3780 A
05507600 1995 9 13 3364.5541 A
05507600 1995 9 14 3346.8845 A
05507600 1995 9 15 3446.8951 A
05507600 1995 9 16 3277.6651 A
05507600 1995 9 17 3307.4698 A
05507600 1995 9 18 3341.7751 A
05507600 1995 9 19 3493.5368 A
05507600 1995 9 20 3311.0846 A
05507600 1995 9 21 3341.8860 A
05507600 1995 9 22 3315.4230 A
05507600 1995 9 23 3307.6640 A
05507600 1995 9 24 3296.1977 A
05507600 1995 9 25 3363.1872 A
05507600 1995 9 26 3359.5944 A
05507600 1995 9 27 3297.1591 A
05507600 1995 9 28 3279.7996 A
05507600 1995 9 29 3608.4986 A
05507600 1995 9 30 3311.6582 A
05507600 1995 10 1 3333.5669 A
05507600 1995 10 2 3374.2162 A
05507600 1995 10 3 3362.4133 A
05507600 1995 10 4 3729.8112 A
05507600 1995 10 5 3493.7825 A
05507600 1995 10 6 3392.4717 A
05507600 1995 10 7 3585.1637 A
05507600 1995 10 8 3603.0700 A
05507600 1995 10 9 3546.5275 A
05507600 1995 10 10 3485.9771 A
05507600 1995 10 11 3463.7425 A
05507600 1995 10 12 3444.3858 A
05507600 1995 10 13 3416.0363 A
05507600 1995 10 14 3593.1284 A
05507600 1995 10 15 3482.4398 A
05507600 1995 10 16 3399.7806 A
05507600 1995 10 17 3554.2007 A
05507600 1995 10 18 3532.8768 A
05507600 1995 10 19 3557.2615 A
05507600 1995 10 20 3525.1919 A
05507600 1995 10 21 3568.5632 A
05507600 1995 10 22 3469.9686 A
05507600 1995 10 23 3517.6244 A
05507600 1995 10 24 3590.4993 A
05507600 1995 10 25 3458.3557 A
05507600 1995 10 26 3555.0739 A
05507600 1995 10 27 3582.0801 A
05507600 1995 10 28 3515.6885 A
05507600 1995 10 29 3524.2207 A
05507600 1995 10 30 3524.2511 A
05507600 1995 10 31 3529.4698 A
05507600 1995 11 1 3472.0860 A
05507600 1995 11 2 3509.1248 A
05507600 1995 11 3 3567.6313 A
05507600 1995 11 4 3522.7530 A
05507600 1995 11 5 3533.7040 A
05507600 1995 11 6 3569.3002 A
05507600 1995 11 7 3497.4138 A
05507600 1995 11 8 3568.1299 A
05507600 1995 11 9 3466.7714 A
05507600 1995 11 10 3481.9119 A
05507600 1995 11 11 3513.2933 A
05507600 1995 11 12 3544.3531 A
05507600 1995 11 13 3491.4965 A
05507600 1995 11 14 3457.6714 A
05507600 1995 11 15 3446.9448 A
05507600 1995 11 16 3425.1490 A
05507600 1995 11 17 3523.0054 A
05507600 1995 11 18 3458.8057 A
05507600 1995 11 19 3462.4063 A
05507600 1995 11 20 3446.1065 A
05507600 1995 11 21 3727.0629 A
05507600 1995 11 22 3662.8703 A
05507600 1995 11 23 3528.3103 A
05507600 1995 11 24 3538.4062 A
05507600 1995 11 25 3506.3893 A
05507600 1995 11 26 3514.3934 A
05507600 1995 11 27 3482.4143 A
05507600 1995 11 28 3497.4268 A
05507600 1995 11 29 3488.8083 A
05507600 1995 11 30 3553.0340 A
05507600 1995 12 1 3497.2588 A
05507600 1995 12 2 3627.0118 A
05507600 1995 12 3 3516.8905 A
05507600 1995 12 4 3580.2260 A
05507600 1995 12 5 3527.5653 A
05507600 1995 12 6 3493.3450 A
05507600 1995 12 7 3512.5833 A
05507600 1995 12 8 3549.2452 A
05507600 1995 12 9 3469.0302 A
05507600 1995 12 10 3527.7357 A
05507600 1995 12 11 3637.9173 A
05507600 1995 12 12 3604.2028 A
05507600 1995 12 13 3519.5303 A
05507600 1995 12 14 3557.1354 A
05507600 1995 12 15 3576.8409 A
05507600 1995 12 16 3564.4221 A
05507600 1995 12 17 3613.6347 A
05507600 1995 12 18 3683.4179 A
05507600 1995 12 19 3561.3494 A
05507600 1995 12 20 3667.1313 A
05507600 1995 12 21 3527.4042 A
05507600 1995 12 22 3553.1585 A
05507600 1995 12 23 3516.0086 A
05507600 1995 12 24 3637.3232 A
05507600 1995 12 25 3578.5756 A
05507600 1995 12 26 3558.4582 A
05507600 1995 12 27 3559.7088 A
05507600 1995 12 28 3518.0318 A
05507600 1995 12 29 3517.7790 A
05507600 1995 12 30 3582.8491 A
05507600 1995 12 31 3569.2288 A
05507600 1996 1 1 3578.4129 A
05507600 1996 1 2 3526.3820 A
05507600 1996 1 3 3578.3833 A
05507600 1996 1 4 3646.0362 A
05507600 1996 1 5 3544.3313 A
05507600 1996 1 6 3523.6683 A
05507600 1996 1 7 3529.9513 A
05507600 1996 1 8 3557.2268 A
05507600 1996 1 9 3598.6996 A
05507600 1996 1 10 3592.9862 A
05507600 1996 1 11 3494.9263 A
05507600 1996 1 12 3631.6873 A
05507600 1996 1 13 3642.1964 A
05507600 1996 1 14 3559.6545 A
05507600 1996 1 15 3607.4878 A
05507600 1996 1 16 3564.6318 A
05507600 1996 1 17 3658.3116 A
05507600 1996 1 18 3572.0652 A
05507600 1996 1 19 3551.8648 A
05507600 1996 1 20 3573.0129 A
05507600 1996 1 21 3585.4592 A
05507600 1996 1 22 3576.1371 A
05507600 1996 1 23 3645.5196 A
05507600 1996 1 24 3576.9000 A
05507600 1996 1 25 3645.1040 A
05507600 1996 1 26 3627.7469 A
05507600 1996 1 27 3721.6303 A
05507600 1996 1 28 3620.0376 A
05507600 1996 1 29 3576.2998 A
05507600 1996 1 30 3675.7056 A
05507600 1996 1 31 3701.3323 A
05507600 1996 2 1 3596.4853 A
05507600 1996 2 2 3664.9261 A
05507600 1996 2 3 3762.2310 A
05507600 1996 2 4 3736.9937 A
05507600 1996 2 5 3752.5713 A
05507600 1996 2 6 3741.7320 A
05507600 1996 2 7 3739.8071 A
05507600 1996 2 8 3693.3120 A
05507600 1996 2 9 3902.1528 A
05507600 1996 2 10 3752.2085 A
05507600 1996 2 11 3804.5486 A
05507600 1996 2 12 3715.5639 A
05507600 1996 2 13 3786.7094 A
05507600 1996 2 14 3803.2476 A
05507600 1996 2 15 3765.9024 A
05507600 1996 2 16 3800.0726 A
05507600 1996 2 17 4013.1112 A
05507600 1996 2 18 3779.5508 A
05507600 1996 2 19 3919.4883 A
05507600 1996 2 20 3805.0440 A
05507600 1996 2 21 4103.3334 A
05507600 1996 2 22 4171.7355 A
05507600 1996 2 23 3964.0569 A
05507600 1996 2 24 3972.1874 A
05507600 1996 2 25 4094.6820 A
05507600 1996 2 26 4399.4282 A
05507600 1996 2 27 4076.3447 A
05507600 1996 2 28 4312.0629 A
05507600 1996 2 29 4131.7985 A
05507600 1996 3 1 4097.0858 A
05507600 1996 3 2 4126.1537 A
05507600 1996 3 3 4129.0878 A
05507600 1996 3 4 4272.3243 A
05507600 1996 3 5 4188.6200 A
05507600 1996 3 6 4282.8150 A
05507600 1996 3 7 4251.9731 A
05507600 1996 3 8 4237.3566 A
05507600 1996 3 9 4230.9715 A
05507600 1996 3 10 4327.6986 A
05507600 1996 3 11 4661.0784 A
05507600 1996 3 12 4260.8472 A
05507600 1996 3 13 4249.0756 A
05507600 1996 3 14 4389.5393 A
05507600 1996 3 15 4426.3865 A
05507600 1996 3 16 4351.3421 A
05507600 1996 3 17 4409.5444 A
05507600 1996 3 18 4505.9684 A
05507600 1996 3 19 4451.4610 A
05507600 1996 3 20 4767.1605 A
05507600 1996 3 21 4849.0794 A
05507600 1996 3 22 4588.3436 A
05507600 1996 3 23 4497.8559 A
05507600 1996 3 24 4497.3815 A
05507600 1996 3 25 4640.4954 A
05507600 1996 3 26 4664.0313 A
05507600 1996 3 27 4535.1921 A
05507600 1996 3 28 4784.5634 A
05507600 1996 3 29 4933.0205 A
05507600 1996 3 30 4631.5617 A
05507600 1996 3 31 4682.1278 A
05507600 1996 4 1 4791.1785 A
05507600 1996 4 2 5072.3470 A
05507600 1996 4 3 5232.0769 A
05507600 1996 4 4 4846.9245 A
05507600 1996 4 5 4861.1927 A
05507600 1996 4 6 4916.4343 A
05507600 1996 4 7 4824.9878 A
05507600 1996 4 8 4881.1441 A
05507600 1996 4 9 4877.2354 A
05507600 1996 4 10 4935.3081 A
05507600 1996 4 11 4862.7054 A
05507600 1996 4 12 4856.0435 A
05507600 1996 4 13 5136.4191 A
05507600 1996 4 14 4971.6307 A
05507600 1996 4 15 4992.6055 A
05507600 1996 4 16 4962.0362 A
05507600 1996 4 17 4884.3240 A
05507600 1996 4 18 5263.1959 A
05507600 1996 4 19 4944.0346 A
05507600 1996 4 20 5117.9376 A
05507600 1996 4 21 5150.0007 A
05507600 1996 4 22 5031.9380 A
05507600 1996 4 23 5273.1721 A
05507600 1996 4 24 5134.5456 A
05507600 1996 4 25 5227.4032 A
05507600 1996 4 26 5491.3575 A
05507600 1996 4 27 5166.0532 A
05507600 1996 4 28 5399.1098 A
05507600 1996 4 29 5184.7551 A
05507600 1996 4 30 5442.9527 A
05507600 1996 5 1 5386.6560 A
05507600 1996 5 2 5225.4024 A
05507600 1996 5 3 5287.8544 A
05507600 1996 5 4 5255.5984 A
05507600 1996 5 5 5323.7976 A
05507600 1996 5 6 5318.9183 A
05507600 1996 5 7 5436.3549 A
05507600 1996 5 8 5396.9933 A
05507600 1996 5 9 5333.9657 A
05507600 1996 5 10 5341.9117 A
05507600 1996 5 11 5399.6584 A
05507600 1996 5 12 5763.9413 A
05507600 1996 5 13 5493.9230 A
05507600 1996 5 14 5442.9731 A
05507600 1996 5 15 5451.5840 A
05507600 1996 5 16 5366.6900 A
05507600 1996 5 17 5473.0296 A
05507600 1996 5 18 5509.5769 A
05507600 1996 5 19 5405.7676 A
05507600 1996 5 20 5391.0993 A
05507600 1996 5 21 5660.0063 A
05507600 1996 5 22 5389.4547 A
05507600 1996 5 23 5529.9958 A
05507600 1996 5 24 5570.7936 A
05507600 1996 5 25 5690.6983 A
05507600 1996 5 26 6086.4158 A
05507600 1996 5 27 5670.1747 A
05507600 1996 5 28 5628.4143 A
05507600 1996 5 29 5741.0443 A
05507600 1996 5 30 5630.4346 A
05507600 1996 5 31 6322.0986 A
05507600 1996 6 1 5718.3516 A
05507600 1996 6 2 5771.8810 A
05507600 1996 6 3 5875.6692 A
05507600 1996 6 4 5750.1405 A
05507600 1996 6 5 6235.6231 A
05507600 1996 6 6 5974.2377 A
05507600 1996 6 7 6085.5473 A
05507600 1996 6 8 6144.3012 A
05507600 1996 6 9 6416.7752 A
05507600 1996 6 10 6240.9563 A
05507600 1996 6 11 6451.1039 A
05507600 1996 6 12 6173.2609 A
05507600 1996 6 13 6786.4585 A
05507600 1996 6 14 6598.3189 A
05507600 1996 6 15 6645.1855 A
05507600 1996 6 16 6408.6764 A
05507600 1996 6 17 6366.7656 A
05507600 1996 6 18 6504.5151 A
05507600 1996 6 19 6624.0081 A
05507600 1996 6 20 6762.3271 A
05507600 1996 6 21 6799.4803 A
05507600 1996 6 22 6708.5092 A
05507600 1996 6 23 6537.0063 A
05507600 1996 6 24 6901.4183 A
05507600 1996 6 25 7158.6671 A
05507600 1996 6 26 6755.9993 A
05507600 1996 6 27 7033.5727 A
05507600 1996 6 28 6924.1787 A
05507600 1996 6 29 6905.3252 A
05507600 1996 6 30 6910.1039 A
05507600 1996 7 1 6952.2789 A
05507600 1996 7 2 6818.9272 A
05507600 1996 7 3 6883.0746 A
05507600 1996 7 4 6977.4568 A
05507600 1996 7 5 6844.0670 A
05507600 1996 7 6 6857.7162 A
05507600 1996 7 7 7306.2636 A
05507600 1996 7 8 7126.1525 A
05507600 1996 7 9 6933.1149 A
05507600 1996 7 10 7122.6487 A
05507600 1996 7 11 7008.9910 A
05507600 1996 7 12 7301.7581 A
05507600 1996 7 13 7127.7427 A
05507600 1996 7 14 7228.6183 A
05507600 1996 7 15 7171.0370 A
05507600 1996 7 16 7064.9912 A
05507600 1996 7 17 7190.7958 A
05507600 1996 7 18 7289.4300 A
05507600 1996 7 19 7183.3434 A
05507600 1996 7 20 7198.2346 A
05507600 1996 7 21 7203.9771 A
05507600 1996 7 22 7121.1951 A
05507600 1996 7 23 7096.9894 A
05507600 1996 7 24 7141.0647 A
05507600 1996 7 25 7105.8817 A
05507600 1996 7 26 7123.2193 A
05507600 1996 7 27 7152.5774 A
05507600 1996 7 28 7181.3600 A
05507600 1996 7 29 7431.7470 A
05507600 1996 7 30 7269.1063 A
05507600 1996 7 31 7321.9604 A
05507600 1996 8 1 7286.2790 A
05507600 1996 8 2 7304.9544 A
05507600 1996 8 3 7382.6860 A
05507600 1996 8 4 7328.3879 A
05507600 1996 8 5 7295.4776 A
05507600 1996 8 6 7427.9708 A
05507600 1996 8 7 7553.7990 A
05507600 1996 8 8 7418.1857 A
05507600 1996 8 9 7443.9924 A
05507600 1996 8 10 7355.7426 A
05507600 1996 8 11 7381.8143 A
05507600 1996 8 12 7433.2384 A
05507600 1996 8 13 7359.5704 A
05507600 1996 8 14 7324.8129 A
05507600 1996 8 15 7511.3984 A
05507600 1996 8 16 7440.3055 A
05507600 1996 8 17 7425.0229 A
05507600 1996 8 18 7417.5971 A
05507600 1996 8 19 7450.5172 A
05507600 1996 8 20 7436.7131 A
05507600 1996 8 21 7391.2199 A
05507600 1996 8 22 7469.3927 A
05507600 1996 8 23 7466.9467 A
05507600 1996 8 24 7466.7070 A
05507600 1996 8 25 7626.1501 A
05507600 1996 8 26 7481.6767 A
05507600 1996 8 27 7535.5194 A
05507600 1996 8 28 7508.3471 A
05507600 1996 8 29 7454.4768 A
05507600 1996 8 30 7505.3897 A
05507600 1996 8 31 7507.6205 A
05507600 1996 9 1 7504.0924 A
05507600 1996 9 2 7523.0047 A
05507600 1996 9 3 7532.7269 A
05507600 1996 9 4 7530.6115 A
05507600 1996 9 5 7482.4416 A
05507600 1996 9 6 7559.8918 A
05507600 1996 9 7 7718.2608 A
05507600 1996 9 8 7534.7030 A
05507600 1996 9 9 7483.3086 A
05507600 1996 9 10 7515.6222 A
05507600 1996 9 11 7583.5799 A
05507600 1996 9 12 7626.0764 A
05507600 1996 9 13 7535.3478 A
05507600 1996 9 14 7571.2107 A
05507600 1996 9 15 7531.6108 A
05507600 1996 9 16 7542.7050 A
05507600 1996 9 17 7507.5498 A
05507600 1996 9 18 7512.7524 A
05507600 1996 9 19 7517.0484 A
05507600 1996 9 20 7523.8799 A
05507600 1996 9 21 7587.2351 A
05507600 1996 9 22 7523.1532 A
05507600 1996 9 23 7527.4524 A
05507600 1996 9 24 7524.6859 A
05507600 1996 9 25 7732.7830 A
05507600 1996 9 26 7522.2748 A
05507600 1996 9 27 7529.7191 A
05507600 1996 9 28 7532.8265 A
05507600 1996 9 29 7580.8747 A
05507600 1996 9 30 7527.4503 A
05507600 1996 10 1 7567.8228 A
05507600 1996 10 2 7564.6741 A
05507600 1996 10 3 7551.0696 A
05507600 1996 10 4 7551.0798 A
05507600 1996 10 5 7545.8070 A
05507600 1996 10 6 7497.3427 A
05507600 1996 10 7 7482.6475 A
05507600 1996 10 8 7556.3269 A
05507600 1996 10 9 7495.5989 A
05507600 1996 10 10 7516.7532 A
05507600 1996 10 11 7472.5803 A
05507600 1996 10 12 7479.4755 A
05507600 1996 10 13 7490.5319 A
05507600 1996 10 14 7474.1486 A
05507600 1996 10 15 7671.5818 A
05507600 1996 10 16 7475.7553 A
05507600 1996 10 17 7450.8122 A
05507600 1996 10 18 7512.5751 A
05507600 1996 10 19 7638.1223 A
05507600 1996 10 20 7674.3507 A
05507600 1996 10 21 7609.0862 A
05507600 1996 10 22 7516.2733 A
05507600 1996 10 23 7694.1685 A
05507600 1996 10 24 7579.8598 A
05507600 1996 10 25 7550.6390 A
05507600 1996 10 26 7521.5988 A
05507600 1996 10 27 7524.2269 A
05507600 1996 10 28 7522.7037 A
05507600 1996 10 29 7565.0525 A
05507600 1996 10 30 7556.3251 A
05507600 1996 10 31 7576.6607 A
05507600 1996 11 1 7511.4775 A
05507600 1996 11 2 7609.7296 A
05507600 1996 11 3 7630.9432 A
05507600 1996 11 4 7580.1849 A
05507600 1996 11 5 7481.7312 A
05507600 1996 11 6 7606.0636 A
05507600 1996 11 7 7512.9843 A
05507600 1996 11 8 7491.7980 A
05507600 1996 11 9 7496.2444 A
05507600 1996 11 10 7506.2685 A
05507600 1996 11 11 7530.5527 A
05507600 1996 11 12 7481.5297 A
05507600 1996 11 13 7510.6989 A
05507600 1996 11 14 7480.6628 A
05507600 1996 11 15 7604.5315 A
05507600 1996 11 16 7489.1861 A
05507600 1996 11 17 7474.9718 A
05507600 1996 11 18 7479.5340 A
05507600 1996 11 19 7488.0198 A
05507600 1996 11 20 7476.1143 A
05507600 1996 11 21 7584.2952 A
05507600 1996 11 22 7536.3769 A
05507600 1996 11 23 7517.6424 A
05507600 1996 11 24 7508.6611 A
05507600 1996 11 25 7462.3888 A
05507600 1996 11 26 7474.4607 A
05507600 1996 11 27 7513.0581 A
05507600 1996 11 28 7449.0986 A
05507600 1996 11 29 7477.9669 A
05507600 1996 11 30 7455.6016 A
05507600 1996 12 1 7441.6657 A
05507600 1996 12 2 7427.3940 A
05507600 1996 12 3 7466.0960 A
05507600 1996 12 4 7399.8512 A
05507600 1996 12 5 7454.5334 A
05507600 1996 12 6 7368.0812 A
05507600 1996 12 7 7379.0306 A
05507600 1996 12 8 7402.2902 A
05507600 1996 12 9 7409.2626 A
05507600 1996 12 10 7356.3501 A
05507600 1996 12 11 7520.9874 A
05507600 1996 12 12 7541.8594 A
05507600 1996 12 13 7428.3365 A
05507600 1996 12 14 7458.0206 A
05507600 1996 12 15 7457.6555 A
05507600 1996 12 16 7512.0179 A
05507600 1996 12 17 7525.0931 A
05507600 1996 12 18 7453.3842 A
05507600 1996 12 19 7414.3784 A
05507600 1996 12 20 7468.0609 A
05507600 1996 12 21 7518.7179 A
05507600 1996 12 22 7442.5687 A
05507600 1996 12 23 7490.6361 A
05507600 1996 12 24 7497.4162 A
05507600 1996 12 25 7458.0356 A
05507600 1996 12 26 7446.2840 A
05507600 1996 12 27 7462.4227 A
05507600 1996 12 28 7445.9787 A
05507600 1996 12 29 7419.7932 A
05507600 1996 12 30 7406.7542 A
05507600 1996 12 31 7412.9304 A
05507600 1997 1 1 7453.5715 A
05507600 1997 1 2 7433.3518 A
05507600 1997 1 3 7444.2102 A
05507600 1997 1 4 7557.2785 A
05507600 1997 1 5 7487.8946 A
05507600 1997 1 6 7519.8376 A
05507600 1997 1 7 7503.5304 A
05507600 1997 1 8 7405.0241 A
05507600 1997 1 9 7485.8194 A
05507600 1997 1 10 7549.2925 A
05507600 1997 1 11 7495.2228 A
05507600 1997 1 12 7456.3874 A
05507600 1997 1 13 7500.1304 A
05507600 1997 1 14 7554.7814 A
05507600 1997 1 15 7602.1459 A
05507600 1997 1 16 7591.7399 A
05507600 1997 1 17 7559.4014 A
05507600 1997 1 18 7629.5015 A
05507600 1997 1 19 7556.5934 A
05507600 1997 1 20 7714.3684 A
05507600 1997 1 21 7710.2961 A
05507600 1997 1 22 7547.6064 A
05507600 1997 1 23 7661.9963 A
05507600 1997 1 24 7602.2363 A
05507600 1997 1 25 7667.7919 A
05507600 1997 1 26 7624.2466 A
05507600 1997 1 27 7615.8967 A
05507600 1997 1 28 7644.5183 A
05507600 1997 1 29 7566.9025 A
05507600 1997 1 30 7662.2308 A
05507600 1997 1 31 7670.1459 A
05507600 1997 2 1 7630.5779 A
05507600 1997 2 2 7593.1826 A
05507600 1997 2 3 7614.8376 A
05507600 1997 2 4 7759.9216 A
05507600 1997 2 5 7952.1998 A
05507600 1997 2 6 7649.2220 A
05507600 1997 2 7 7769.2088 A
05507600 1997 2 8 7774.5942 A
05507600 1997 2 9 7679.6699 A
05507600 1997 2 10 7768.4043 A
05507600 1997 2 11 7748.9345 A
05507600 1997 2 12 7795.3185 A
05507600 1997 2 13 7903.8831 A
05507600 1997 2 14 7847.2874 A
05507600 1997 2 15 7983.8366 A
05507600 1997 2 16 7878.7027 A
05507600 1997 2 17 7896.4791 A
05507600 1997 2 18 8326.1169 A
05507600 1997 2 19 7876.9753 A
05507600 1997 2 20 8122.4023 A
05507600 1997 2 21 7912.1731 A
05507600 1997 2 22 8044.6693 A
05507600 1997 2 23 8099.2043 A
05507600 1997 2 24 8125.7594 A
05507600 1997 2 25 8075.7314 A
05507600 1997 2 26 8144.7265 A
05507600 1997 2 27 8015.0859 A
05507600 1997 2 28 8350.4978 A
05507600 1997 3 1 8116.1244 A
05507600 1997 3 2 8070.6794 A
05507600 1997 3 3 8309.0762 A
05507600 1997 3 4 8200.0492 A
05507600 1997 3 5 8173.7044 A
05507600 1997 3 6 8164.4674 A
05507600 1997 3 7 8290.3957 A
05507600 1997 3 8 8533.1902 A
05507600 1997 3 9 8518.4204 A
05507600 1997 3 10 8294.7548 A
05507600 1997 3 11 8336.0804 A
05507600 1997 3 12 8362.7278 A
05507600 1997 3 13 8375.7092 A
05507600 1997 3 14 8478.6527 A
05507600 1997 3 15 8366.7774 A
05507600 1997 3 16 8504.0075 A
05507600 1997 3 17 8423.3829 A
05507600 1997 3 18 8360.2282 A
05507600 1997 3 19 8606.1438 A
05507600 1997 3 20 8468.2442 A
05507600 1997 3 21 8472.6074 A
05507600 1997 3 22 8434.3851 A
05507600 1997 3 23 8474.3089 A
05507600 1997 3 24 8460.9342 A
05507600 1997 3 25 8458.7866 A
05507600 1997 3 26 8945.4643 A
05507600 1997 3 27 8833.4990 A
05507600 1997 3 28 8704.0404 A
05507600 1997 3 29 8782.8410 A
05507600 1997 3 30 8933.5033 A
05507600 1997 3 31 8707.7927 A
05507600 1997 4 1 8821.4613 A
05507600 1997 4 2 8941.9110 A
05507600 1997 4 3 9097.3264 A
05507600 1997 4 4 8825.1737 A
05507600 1997 4 5 8787.2325 A
05507600 1997 4 6 9037.0933 A
05507600 1997 4 7 9707.9874 A
05507600 1997 4 8 9136.6054 A
05507600 1997 4 9 9281.0974 A
05507600 1997 4 10 9133.7599 A
05507600 1997 4 11 9090.8479 A
05507600 1997 4 12 9243.8086 A
05507600 1997 4 13 9389.9451 A
05507600 1997 4 14 9426.6635 A
05507600 1997 4 15 9360.3904 A
05507600 1997 4 16 9323.3112 A
05507600 1997 4 17 9192.7086 A
05507600 1997 4 18 9177.3491 A
05507600 1997 4 19 9311.6715 A
05507600 1997 4 20 9305.5109 A
05507600 1997 4 21 9258.7285 A
05507600 1997 4 22 9317.1740 A
05507600 1997 4 23 9204.3661 A
05507600 1997 4 24 9284.2641 A
05507600 1997 4 25 9301.9639 A
05507600 1997 4 26 9327.9147 A
05507600 1997 4 27 9207.1869 A
05507600 1997 4 28 9680.8907 A
05507600 1997 4 29 9323.8740 A
05507600 1997 4 30 9410.1933 A
05507600 1997 5 1 9406.8159 A
05507600 1997 5 2 9395.4761 A
05507600 1997 5 3 9476.0018 A
05507600 1997 5 4 9452.8874 A
05507600 1997 5 5 9399.0516 A
05507600 1997 5 6 9445.3128 A
05507600 1997 5 7 9346.3497 A
05507600 1997 5 8 9350.9250 A
05507600 1997 5 9 9390.3330 A
05507600 1997 5 10 9411.8576 A
05507600 1997 5 11 9480.8544 A
05507600 1997 5 12 9528.3024 A
05507600 1997 5 13 9503.7027 A
05507600 1997 5 14 9532.4009 A
05507600 1997 5 15 9491.5059 A
05507600 1997 5 16 9470.4241 A
05507600 1997 5 17 9479.6669 A
05507600 1997 5 18 9406.1732 A
05507600 1997 5 19 9674.2346 A
05507600 1997 5 20 9719.6598 A
05507600 1997 5 21 9607.3358 A
05507600 1997 5 22 9787.9318 A
05507600 1997 5 23 9799.2910 A
05507600 1997 5 24 9841.7610 A
05507600 1997 5 25 9738.6336 A
05507600 1997 5 26 9691.9804 A
05507600 1997 5 27 9732.2353 A
05507600 1997 5 28 10087.4357 A
05507600 1997 5 29 9764.9535 A
05507600 1997 5 30 9765.0248 A
05507600 1997 5 31 9835.4335 A
05507600 1997 6 1 9848.4932 A
05507600 1997 6 2 9755.3888 A
05507600 1997 6 3 9767.4528 A
05507600 1997 6 4 9937.7580 A
05507600 1997 6 5 9935.9956 A
05507600 1997 6 6 9997.6837 A
05507600 1997 6 7 9869.5523 A
05507600 1997 6 8 9957.2927 A
05507600 1997 6 9 10286.6468 A
05507600 1997 6 10 10193.5055 A
05507600 1997 6 11 10280.5553 A
05507600 1997 6 12 10000.9139 A
05507600 1997 6 13 10222.5226 A
05507600 1997 6 14 10249.5574 A
05507600 1997 6 15 10788.0404 A
05507600 1997 6 16 10524.8178 A
05507600 1997 6 17 10350.0868 A
05507600 1997 6 18 10394.5723 A
05507600 1997 6 19 10375.7060 A
05507600 1997 6 20 10309.5905 A
05507600 1997 6 21 10286.9609 A
05507600 1997 6 22 10543.4806 A
05507600 1997 6 23 10289.0635 A
05507600 1997 6 24 10514.0220 A
05507600 1997 6 25 10648.8608 A
05507600 1997 6 26 10762.1512 A
05507600 1997 6 27 10667.7399 A
05507600 1997 6 28 10614.0780 A
05507600 1997 6 29 10691.1732 A
05507600 1997 6 30 10646.5844 A
05507600 1997 7 1 10567.5140 A
05507600 1997 7 2 10681.1692 A
05507600 1997 7 3 10644.6915 A
05507600 1997 7 4 10802.7869 A
05507600 1997 7 5 10807.5032 A
05507600 1997 7 6 10682.2234 A
05507600 1997 7 7 10634.8770 A
05507600 1997 7 8 10751.8810 A
05507600 1997 7 9 10640.2397 A
05507600 1997 7 10 10678.2982 A
05507600 1997 7 11 10739.7703 A
05507600 1997 7 12 11004.1619 A
05507600 1997 7 13 10723.8353 A
05507600 1997 7 14 10934.0044 A
05507600 1997 7 15 11411.9032 A
05507600 1997 7 16 10995.7307 A
05507600 1997 7 17 10993.8403 A
05507600 1997 7 18 10917.9619 A
05507600 1997 7 19 11027.4078 A
05507600 1997 7 20 11081.9590 A
05507600 1997 7 21 11055.0189 A
05507600 1997 7 22 11090.5890 A
05507600 1997 7 23 11033.0978 A
05507600 1997 7 24 11012.6095 A
05507600 1997 7 25 11017.8815 A
05507600 1997 7 26 10971.7187 A
05507600 1997 7 27 11093.2362 A
05507600 1997 7 28 11017.7391 A
05507600 1997 7 29 10973.6239 A
05507600 1997 7 30 11296.4773 A
05507600 1997 7 31 11226.2045 A
05507600 1997 8 1 11168.9751 A
05507600 1997 8 2 11186.6255 A
05507600 1997 8 3 11136.6458 A
05507600 1997 8 4 11149.9876 A
05507600 1997 8 5 11098.3990 A
05507600 1997 8 6 11071.5344 A
05507600 1997 8 7 11072.8375 A
05507600 1997 8 8 11202.2029 A
05507600 1997 8 9 11300.9181 A
05507600 1997 8 10 11139.1752 A
05507600 1997 8 11 11237.9485 A
05507600 1997 8 12 11194.8619 A
05507600 1997 8 13 11448.3561 A
05507600 1997 8 14 11367.0190 A
05507600 1997 8 15 11215.3400 A
05507600 1997 8 16 11230.7751 A
05507600 1997 8 17 11180.5141 A
05507600 1997 8 18 11179.8576 A
05507600 1997 8 19 11246.7150 A
05507600 1997 8 20 11236.6371 A
05507600 1997 8 21 11266.6192 A
05507600 1997 8 22 11378.8598 A
05507600 1997 8 23 11368.7880 A
05507600 1997 8 24 11447.2693 A
05507600 1997 8 25 11324.1075 A
05507600 1997 8 26 11346.7803 A
05507600 1997 8 27 11307.8372 A
05507600 1997 8 28 11294.2790 A
05507600 1997 8 29 11290.7118 A
05507600 1997 8 30 11304.8229 A
05507600 1997 8 31 11354.7183 A
05507600 1997 9 1 11334.2574 A
05507600 1997 9 2 11412.7893 A
05507600 1997 9 3 11398.1563 A
05507600 1997 9 4 11423.6519 A
05507600 1997 9 5 11376.5471 A
05507600 1997 9 6 11317.8563 A
05507600 1997 9 7 11385.8713 A
05507600 1997 9 8 11464.2069 A
05507600 1997 9 9 11425.9277 A
05507600 1997 9 10 11394.0693 A
05507600 1997 9 11 11430.1032 A
05507600 1997 9 12 11409.3916 A
05507600 1997 9 13 11413.7102 A
05507600 1997 9 14 11430.6463 A
05507600 1997 9 15 11379.8197 A
05507600 1997 9 16 11484.6672 A
05507600 1997 9 17 11510.0912 A
05507600 1997 9 18 11396.7630 A
05507600 1997 9 19 11415.7248 A
05507600 1997 9 20 11785.5203 A
05507600 1997 9 21 11520.3159 A
05507600 1997 9 22 11440.7597 A
05507600 1997 9 23 11429.3117 A
05507600 1997 9 24 11422.8309 A
05507600 1997 9 25 11620.9863 A
05507600 1997 9 26 11463.7417 A
05507600 1997 9 27 11464.6292 A
05507600 1997 9 28 11436.5442 A
05507600 1997 9 29 11561.5927 A
05507600 1997 9 30 11488.8742 A
05507600 1997 10 1 11471.4495 A
05507600 1997 10 2 11484.5604 A
05507600 1997 10 3 11454.7747 A
05507600 1997 10 4 11437.2739 A
05507600 1997 10 5 11478.6510 A
05507600 1997 10 6 11420.1790 A
05507600 1997 10 7 11482.5738 A
05507600 1997 10 8 11478.8477 A
05507600 1997 10 9 11494.7599 A
05507600 1997 10 10 11407.3184 A
05507600 1997 10 11 11427.2408 A
05507600 1997 10 12 11423.5392 A
05507600 1997 10 13 11482.6500 A
05507600 1997 10 14 11421.8599 A
05507600 1997 10 15 11404.2996 A
05507600 1997 10 16 11647.2717 A
05507600 1997 10 17 11460.3803 A
05507600 1997 10 18 11465.6125 A
05507600 1997 10 19 11464.6753 A
05507600 1997 10 20 11420.7542 A
05507600 1997 10 21 11450.3964 A
05507600 1997 10 22 11426.0596 A
05507600 1997 10 23 11434.4659 A
05507600 1997 10 24 11473.2300 A
05507600 1997 10 25 11450.7401 A
05507600 1997 10 26 11417.6375 A
05507600 1997 10 27 11409.9261 A
05507600 1997 10 28 11427.0425 A
05507600 1997 10 29 11427.0069 A
05507600 1997 10 30 11424.5008 A
05507600 1997 10 31 11396.0786 A
05507600 1997 11 1 11409.0425 A
05507600 1997 11 2 11494.0466 A
05507600 1997 11 3 11383.9071 A
05507600 1997 11 4 11416.5907 A
05507600 1997 11 5 11444.7202 A
05507600 1997 11 6 11561.6459 A
05507600 1997 11 7 11428.5457 A
05507600 1997 11 8 11386.6800 A
05507600 1997 11 9 11522.4579 A
05507600 1997 11 10 11492.3533 A
05507600 1997 11 11 11399.8118 A
05507600 1997 11 12 11412.1685 A
05507600 1997 11 13 11380.9460 A
05507600 1997 11 14 11423.3001 A
05507600 1997 11 15 11412.9466 A
05507600 1997 11 16 11426.2634 A
05507600 1997 11 17 11402.7110 A
05507600 1997 11 18 11463.5760 A
05507600 1997 11 19 11428.4380 A
05507600 1997 11 20 11420.2919 A
05507600 1997 11 21 11411.1043 A
05507600 1997 11 22 11336.9955 A
05507600 1997 11 23 11330.1817 A
05507600 1997 11 24 11365.2576 A
05507600 1997 11 25 11378.0373 A
05507600 1997 11 26 11352.3493 A
05507600 1997 11 27 11488.7819 A
05507600 1997 11 28 11362.6583 A
05507600 1997 11 29 11351.1965 A
05507600 1997 11 30 11425.0287 A
05507600 1997 12 1 11520.2003 A
05507600 1997 12 2 11455.4197 A
05507600 1997 12 3 11392.0243 A
05507600 1997 12 4 11368.8928 A
05507600 1997 12 5 11335.5828 A
05507600 1997 12 6 11344.7449 A
05507600 1997 12 7 11397.9039 A
05507600 1997 12 8 11391.6240 A
05507600 1997 12 9 11332.0728 A
05507600 1997 12 10 11375.4758 A
05507600 1997 12 11 11333.2932 A
05507600 1997 12 12 11395.5681 A
05507600 1997 12 13 11284.6713 A
05507600 1997 12 14 11307.1945 A
05507600 1997 12 15 11336.0910 A
05507600 1997 12 16 11337.0792 A
05507600 1997 12 17 11369.0470 A
05507600 1997 12 18 11299.0967 A
05507600 1997 12 19 11320.1537 A
05507600 1997 12 20 11349.6300 A
05507600 1997 12 21 11313.2230 A
05507600 1997 12 22 11434.3146 A
05507600 1997 12 23 11322.0569 A
05507600 1997 12 24 11304.1007 A
05507600 1997 12 25 11254.1186 A
05507600 1997 12 26 11364.9451 A
05507600 1997 12 27 11367.2457 A
05507600 1997 12 28 11265.1398 A
05507600 1997 12 29 11285.6142 A
05507600 1997 12 30 11327.6992 A
05507600 1997 12 31 11336.7326 A
05507600 1998 1 1 11363.2977 A
05507600 1998 1 2 11359.0718 A
05507600 1998 1 3 11364.5666 A
05507600 1998 1 4 11382.2944 A
05507600 1998 1 5 11271.0108 A
05507600 1998 1 6 11307.5704 A
05507600 1998 1 7 11373.6907 A
05507600 1998 1 8 11320.9723 A
05507600 1998 1 9 11333.3471 A
05507600 1998 1 10 11342.9702 A
05507600 1998 1 11 11274.1451 A
05507600 1998 1 12 11456.1644 A
05507600 1998 1 13 11546.5399 A
05507600 1998 1 14 11394.3430 A
05507600 1998 1 15 11454.6314 A
05507600 1998 1 16 11420.5592 A
05507600 1998 1 17 11360.5747 A
05507600 1998 1 18 11546.9857 A
05507600 1998 1 19 11438.0011 A
05507600 1998 1 20 11505.6853 A
05507600 1998 1 21 11417.7719 A
05507600 1998 1 22 11665.1146 A
05507600 1998 1 23 11519.4325 A
05507600 1998 1 24 11590.4171 A
05507600 1998 1 25 11417.4529 A
05507600 1998 1 26 11681.7371 A
05507600 1998 1 27 11496.5406 A
05507600 1998 1 28 11487.4611 A
05507600 1998 1 29 11521.4545 A
05507600 1998 1 30 11527.8185 A
05507600 1998 1 31 11557.8563 A
05507600 1998 2 1 11456.5382 A
05507600 1998 2 2 11609.4069 A
05507600 1998 2 3 11524.5326 A
05507600 1998 2 4 11626.2098 A
05507600 1998 2 5 11593.5496 A
05507600 1998 2 6 11524.6917 A
05507600 1998 2 7 11613.5229 A
05507600 1998 2 8 11578.0379 A
05507600 1998 2 9 11632.0053 A
05507600 1998 2 10 11511.2532 A
05507600 1998 2 11 11646.0126 A
05507600 1998 2 12 11730.3809 A
05507600 1998 2 13 11819.3111 A
05507600 1998 2 14 11659.2523 A
05507600 1998 2 15 11649.6882 A
05507600 1998 2 16 11883.5430 A
05507600 1998 2 17 11810.1537 A
05507600 1998 2 18 11789.6399 A
05507600 1998 2 19 11848.5234 A
05507600 1998 2 20 11824.3465 A
05507600 1998 2 21 11900.8567 A
05507600 1998 2 22 12068.9211 A
05507600 1998 2 23 11959.8609 A
05507600 1998 2 24 11881.0257 A
05507600 1998 2 25 11834.5686 A
05507600 1998 2 26 12074.2263 A
05507600 1998 2 27 11933.4379 A
05507600 1998 2 28 12004.3838 A
05507600 1998 3 1 12073.3709 A
05507600 1998 3 2 12031.1285 A
05507600 1998 3 3 11926.3302 A
05507600 1998 3 4 12110.4621 A
05507600 1998 3 5 12128.9566 A
05507600 1998 3 6 12101.2193 A
05507600 1998 3 7 12090.0413 A
05507600 1998 3 8 12141.8107 A
05507600 1998 3 9 12069.0993 A
05507600 1998 3 10 12176.0876 A
05507600 1998 3 11 12308.5689 A
05507600 1998 3 12 12414.6723 A
05507600 1998 3 13 12208.9976 A
05507600 1998 3 14 12399.5676 A
05507600 1998 3 15 12325.6408 A
05507600 1998 3 16 12490.5544 A
05507600 1998 3 17 12313.7331 A
05507600 1998 3 18 12315.2665 A
05507600 1998 3 19 12226.4648 A
05507600 1998 3 20 12290.1023 A
05507600 1998 3 21 12271.9514 A
05507600 1998 3 22 12708.8377 A
05507600 1998 3 23 12339.7080 A
05507600 1998 3 24 12602.7624 A
05507600 1998 3 25 12398.0049 A
05507600 1998 3 26 12402.7269 A
05507600 1998 3 27 12517.2579 A
05507600 1998 3 28 12523.8108 A
05507600 1998 3 29 12416.2684 A
05507600 1998 3 30 12438.6926 A
05507600 1998 3 31 12497.8212 A
05507600 1998 4 1 12581.6491 A
05507600 1998 4 2 12514.3296 A
05507600 1998 4 3 12483.8443 A
05507600 1998 4 4 12563.7509 A
05507600 1998 4 5 12464.5837 A
05507600 1998 4 6 12518.1001 A
05507600 1998 4 7 12520.2944 A
05507600 1998 4 8 12839.3866 A
05507600 1998 4 9 12655.6895 A
05507600 1998 4 10 12532.6794 A
05507600 1998 4 11 12541.6400 A
05507600 1998 4 12 12868.4546 A
05507600 1998 4 13 12603.2656 A
05507600 1998 4 14 12628.8938 A
05507600 1998 4 15 12787.2603 A
05507600 1998 4 16 12870.6157 A
05507600 1998 4 17 13091.4179 A
05507600 1998 4 18 12815.6661 A
05507600 1998 4 19 12835.7408 A
05507600 1998 4 20 12882.1034 A
05507600 1998 4 21 13207.9245 A
05507600 1998 4 22 12867.7960 A
05507600 1998 4 23 12910.8499 A
05507600 1998 4 24 12986.1368 A
05507600 1998 4 25 13181.0155 A
05507600 1998 4 26 13172.9716 A
05507600 1998 4 27 12951.4768 A
05507600 1998 4 28 13014.5146 A
05507600 1998 4 29 12988.7424 A
05507600 1998 4 30 12997.0504 A
05507600 1998 5 1 14456.8482 A
05507600 1998 5 2 13273.8186 A
05507600 1998 5 3 13703.8097 A
05507600 1998 5 4 13415.2872 A
05507600 1998 5 5 13480.4525 A
05507600 1998 5 6 13456.4404 A
05507600 1998 5 7 13564.5565 A
05507600 1998 5 8 13701.7073 A
05507600 1998 5 9 13610.5050 A
05507600 1998 5 10 13565.4138 A
05507600 1998 5 11 13669.2552 A
05507600 1998 5 12 14126.1461 A
05507600 1998 5 13 13704.3339 A
05507600 1998 5 14 13748.9546 A
05507600 1998 5 15 13682.4600 A
05507600 1998 5 16 13699.3837 A
05507600 1998 5 17 13695.7766 A
05507600 1998 5 18 13703.8743 A
05507600 1998 5 19 14155.1551 A
05507600 1998 5 20 13947.1599 A
05507600 1998 5 21 13965.9126 A
05507600 1998 5 22 13921.2048 A
05507600 1998 5 23 13872.3534 A
05507600 1998 5 24 14026.2350 A
05507600 1998 5 25 13940.5294 A
05507600 1998 5 26 13873.8867 A
05507600 1998 5 27 13984.4116 A
05507600 1998 5 28 14059.8013 A
05507600 1998 5 29 13943.1175 A
05507600 1998 5 30 14668.4319 A
05507600 1998 5 31 14049.9881 A
05507600 1998 6 1 14038.9589 A
05507600 1998 6 2 14919.6649 A
05507600 1998 6 3 14289.1719 A
05507600 1998 6 4 14323.9985 A
05507600 1998 6 5 14324.8047 A
05507600 1998 6 6 14432.3212 A
05507600 1998 6 7 14467.5569 A
05507600 1998 6 8 14594.1314 A
05507600 1998 6 9 14482.6363 A
05507600 1998 6 10 14423.3893 A
05507600 1998 6 11 14364.5764 A
05507600 1998 6 12 14364.6065 A
05507600 1998 6 13 14355.6485 A
05507600 1998 6 14 14558.6822 A
05507600 1998 6 15 14558.9295 A
05507600 1998 6 16 14503.7966 A
05507600 1998 6 17 14673.2500 A
05507600 1998 6 18 14605.2869 A
05507600 1998 6 19 14802.5274 A
05507600 1998 6 20 14738.3803 A
05507600 1998 6 21 15220.3829 A
05507600 1998 6 22 15007.9823 A
05507600 1998 6 23 14800.2070 A
05507600 1998 6 24 14848.3401 A
05507600 1998 6 25 14825.2773 A
05507600 1998 6 26 14852.4414 A
05507600 1998 6 27 14785.0562 A
05507600 1998 6 28 14839.4464 A
05507600 1998 6 29 14748.8573 A
05507600 1998 6 30 15171.1766 A
05507600 1998 7 1 14985.4252 A
05507600 1998 7 2 15151.7590 A
05507600 1998 7 3 15051.7371 A
05507600 1998 7 4 15011.9586 A
05507600 1998 7 5 15526.9402 A
05507600 1998 7 6 15031.8792 A
05507600 1998 7 7 15158.3942 A
05507600 1998 7 8 15093.8300 A
05507600 1998 7 9 15203.7369 A
05507600 1998 7 10 15089.0732 A
05507600 1998 7 11 15291.9887 A
05507600 1998 7 12 15139.1490 A
05507600 1998 7 13 15277.9129 A
05507600 1998 7 14 15171.0792 A
05507600 1998 7 15 15205.4779 A
05507600 1998 7 16 15173.2847 A
05507600 1998 7 17 15214.5881 A
05507600 1998 7 18 15160.6479 A
05507600 1998 7 19 15237.9604 A
05507600 1998 7 20 15288.8119 A
05507600 1998 7 21 15217.8355 A
05507600 1998 7 22 15233.0594 A
05507600 1998 7 23 15343.6762 A
05507600 1998 7 24 15221.1519 A
05507600 1998 7 25 15204.5774 A
05507600 1998 7 26 15215.2136 A
05507600 1998 7 27 15730.3044 A
05507600 1998 7 28 15464.8200 A
05507600 1998 7 29 15395.6183 A
05507600 1998 7 30 15346.2106 A
05507600 1998 7 31 15331.8247 A
05507600 1998 8 1 15636.2178 A
05507600 1998 8 2 15558.2639 A
05507600 1998 8 3 15591.1241 A
05507600 1998 8 4 15455.8659 A
05507600 1998 8 5 15695.1976 A
05507600 1998 8 6 15553.8171 A
05507600 1998 8 7 15485.4575 A
05507600 1998 8 8 15477.7828 A
05507600 1998 8 9 15563.1295 A
05507600 1998 8 10 15805.0923 A
05507600 1998 8 11 15581.0566 A
05507600 1998 8 12 15549.2715 A
05507600 1998 8 13 15572.9778 A
05507600 1998 8 14 15539.7670 A
05507600 1998 8 15 15606.1622 A
05507600 1998 8 16 15586.9463 A
05507600 1998 8 17 15604.4811 A
05507600 1998 8 18 15601.8853 A
05507600 1998 8 19 15641.0475 A
05507600 1998 8 20 15749.1055 A
05507600 1998 8 21 15591.0244 A
05507600 1998 8 22 15721.4701 A
05507600 1998 8 23 15645.3440 A
05507600 1998 8 24 15823.2785 A
05507600 1998 8 25 15600.2656 A
05507600 1998 8 26 15742.7710 A
05507600 1998 8 27 15670.8688 A
05507600 1998 8 28 15678.0789 A
05507600 1998 8 29 15767.1099 A
05507600 1998 8 30 15626.9523 A
05507600 1998 8 31 15691.7284 A
05507600 1998 9 1 15669.7740 A
05507600 1998 9 2 15722.2356 A
05507600 1998 9 3 15690.7170 A
05507600 1998 9 4 15785.6665 A
05507600 1998 9 5 15770.7735 A
05507600 1998 9 6 15647.4746 A
05507600 1998 9 7 15678.9558 A
05507600 1998 9 8 15715.6845 A
05507600 1998 9 9 15860.0117 A
05507600 1998 9 10 15900.1326 A
05507600 1998 9 11 15685.5496 A
05507600 1998 9 12 15743.1650 A
05507600 1998 9 13 15674.5588 A
05507600 1998 9 14 15728.6554 A
05507600 1998 9 15 15901.6146 A
05507600 1998 9 16 15727.5364 A
05507600 1998 9 17 15777.5706 A
05507600 1998 9 18 15867.4785 A
05507600 1998 9 19 15822.4744 A
05507600 1998 9 20 15731.9858 A
05507600 1998 9 21 15734.8872 A
05507600 1998 9 22 15848.7399 A
05507600 1998 9 23 15749.5773 A
05507600 1998 9 24 15764.7465 A
05507600 1998 9 25 15784.8814 A
05507600 1998 9 26 15751.3375 A
05507600 1998 9 27 15952.7011 A
05507600 1998 9 28 15857.0322 A
05507600 1998 9 29 15776.2704 A
05507600 1998 9 30 15774.4560 A
05507600 1998 10 1 15942.1663 A
05507600 1998 10 2 15809.7864 A
05507600 1998 10 3 15793.1068 A
05507600 1998 10 4 15802.7688 A
05507600 1998 10 5 15794.3496 A
05507600 1998 10 6 15930.1846 A
05507600 1998 10 7 16002.3719 A
05507600 1998 10 8 15940.4734 A
05507600 1998 10 9 15853.9502 A
05507600 1998 10 10 15809.7341 A
05507600 1998 10 11 15921.3786 A
05507600 1998 10 12 15821.2656 A
05507600 1998 10 13 16097.9369 A
05507600 1998 10 14 15950.9762 A
05507600 1998 10 15 16180.9048 A
05507600 1998 10 16 15969.8941 A
05507600 1998 10 17 15996.2004 A
05507600 1998 10 18 16078.7844 A
05507600 1998 10 19 15967.9354 A
05507600 1998 10 20 16149.2393 A
05507600 1998 10 21 16031.4600 A
05507600 1998 10 22 16030.3545 A
05507600 1998 10 23 16003.7420 A
05507600 1998 10 24 15993.4145 A
05507600 1998 10 25 15999.5526 A
05507600 1998 10 26 15965.8088 A
05507600 1998 10 27 15979.7669 A
05507600 1998 10 28 15956.2512 A
05507600 1998 10 29 15967.2397 A
05507600 1998 10 30 15883.4887 A
05507600 1998 10 31 15923.5206 A
05507600 1998 11 1 15978.3502 A
05507600 1998 11 2 15983.4197 A
05507600 1998 11 3 15895.6098 A
05507600 1998 11 4 15946.5265 A
05507600 1998 11 5 16119.7970 A
05507600 1998 11 6 15997.8362 A
05507600 1998 11 7 15961.8252 A
05507600 1998 11 8 15955.1641 A
05507600 1998 11 9 15951.8882 A
05507600 1998 11 10 15906.0315 A
05507600 1998 11 11 15954.4623 A
05507600 1998 11 12 16064.8673 A
05507600 1998 11 13 15919.8942 A
05507600 1998 11 14 15962.9891 A
05507600 1998 11 15 16171.0436 A
05507600 1998 11 16 15959.7957 A
05507600 1998 11 17 16044.1066 A
05507600 1998 11 18 15951.4216 A
05507600 1998 11 19 15974.5133 A
05507600 1998 11 20 16070.4066 A
05507600 1998 11 21 15997.7779 A
05507600 1998 11 22 16090.5020 A
05507600 1998 11 23 15999.1830 A
05507600 1998 11 24 15955.5817 A
05507600 1998 11 25 15932.4673 A
05507600 1998 11 26 16116.0647 A
05507600 1998 11 27 16027.9658 A
05507600 1998 11 28 16057.4713 A
05507600 1998 11 29 16016.8203 A
05507600 1998 11 30 15997.5079 A
05507600 1998 12 1 16064.0818 A
05507600 1998 12 2 15957.0340 A
05507600 1998 12 3 15960.5453 A
05507600 1998 12 4 16012.5268 A
05507600 1998 12 5 15974.4625 A
05507600 1998 12 6 15964.5118 A
05507600 1998 12 7 16174.1545 A
05507600 1998 12 8 15991.5495 A
05507600 1998 12 9 16030.3592 A
05507600 1998 12 10 15980.5417 A
05507600 1998 12 11 15973.9086 A
05507600 1998 12 12 15947.7995 A
05507600 1998 12 13 16018.6736 A
05507600 1998 12 14 16039.3848 A
05507600 1998 12 15 16082.3650 A
05507600 1998 12 16 16012.7726 A
05507600 1998 12 17 15970.4343 A
05507600 1998 12 18 16095.2750 A
05507600 1998 12 19 16110.4199 A
05507600 1998 12 20 16041.6440 A
05507600 1998 12 21 15974.4914 A
05507600 1998 12 22 16028.5881 A
05507600 1998 12 23 15989.0490 A
05507600 1998 12 24 15955.4311 A
05507600 1998 12 25 15985.4234 A
05507600 1998 12 26 15987.7102 A
05507600 1998 12 27 16110.2921 A
05507600 1998 12 28 16036.3738 A
05507600 1998 12 29 16013.1600 A
05507600 1998 12 30 15998.7170 A
05507600 1998 12 31 16054.9315 A
05507600 1999 1 1 15963.1553 A
05507600 1999 1 2 16010.7653 A
05507600 1999 1 3 15972.2077 A
05507600 1999 1 4 16054.0666 A
05507600 1999 1 5 15982.6904 A
05507600 1999 1 6 16065.2047 A
05507600 1999 1 7 16077.8158 A
05507600 1999 1 8 16099.4555 A
05507600 1999 1 9 16095.7153 A
05507600 1999 1 10 16019.0587 A
05507600 1999 1 11 16226.1714 A
05507600 1999 1 12 16143.4471 A
05507600 1999 1 13 16080.1538 A
05507600 1999 1 14 16029.6758 A
05507600 1999 1 15 16049.3146 A
05507600 1999 1 16 16029.8024 A
05507600 1999 1 17 16030.6897 A
05507600 1999 1 18 16039.4740 A
05507600 1999 1 19 15996.8868 A
05507600 1999 1 20 15986.5638 A
05507600 1999 1 21 15938.2481 A
05507600 1999 1 22 16020.6042 A
05507600 1999 1 23 15955.0763 A
05507600 1999 1 24 16027.1947 A
05507600 1999 1 25 15978.7453 A
05507600 1999 1 26 16040.4148 A
05507600 1999 1 27 16018.1446 A
05507600 1999 1 28 15974.0011 A
05507600 1999 1 29 15958.2751 A
05507600 1999 1 30 15974.1024 A
05507600 1999 1 31 16112.8076 A
05507600 1999 2 1 16002.3688 A
05507600 1999 2 2 15973.0346 A
05507600 1999 2 3 15994.5279 A
05507600 1999 2 4 16002.5991 A
05507600 1999 2 5 16228.8929 A
05507600 1999 2 6 16184.2282 A
05507600 1999 2 7 16062.8703 A
05507600 1999 2 8 16016.7676 A
05507600 1999 2 9 16179.9339 A
05507600 1999 2 10 16062.6283 A
05507600 1999 2 11 16060.5094 A
05507600 1999 2 12 16186.8122 A
05507600 1999 2 13 16167.3131 A
05507600 1999 2 14 16098.6874 A
05507600 1999 2 15 16146.8724 A
05507600 1999 2 16 16159.1427 A
05507600 1999 2 17 16091.6781 A
05507600 1999 2 18 16439.1147 A
05507600 1999 2 19 16115.2717 A
05507600 1999 2 20 16327.2736 A
05507600 1999 2 21 16176.3279 A
05507600 1999 2 22 16143.6738 A
05507600 1999 2 23 16396.3068 A
05507600 1999 2 24 16204.4092 A
05507600 1999 2 25 16242.3288 A
05507600 1999 2 26 16300.8372 A
05507600 1999 2 27 16453.3021 A
05507600 1999 2 28 16339.8842 A
05507600 1999 3 1 16363.4394 A
05507600 1999 3 2 16331.9968 A
05507600 1999 3 3 16549.5867 A
05507600 1999 3 4 16408.4819 A
05507600 1999 3 5 16491.8658 A
05507600 1999 3 6 16539.1020 A
05507600 1999 3 7 16477.8307 A
05507600 1999 3 8 16417.6726 A
05507600 1999 3 9 16500.5525 A
05507600 1999 3 10 16574.1937 A
05507600 1999 3 11 16762.0127 A
05507600 1999 3 12 16584.7148 A
05507600 1999 3 13 16556.9291 A
05507600 1999 3 14 16632.7999 A
05507600 1999 3 15 16813.6611 A
05507600 1999 3 16 16551.3693 A
05507600 1999 3 17 16838.2048 A
05507600 1999 3 18 16742.6497 A
05507600 1999 3 19 16791.5385 A
05507600 1999 3 20 16718.7143 A
05507600 1999 3 21 16630.0532 A
05507600 1999 3 22 16738.8560 A
05507600 1999 3 23 16653.9030 A
05507600 1999 3 24 16862.4180 A
05507600 1999 3 25 16881.7205 A
05507600 1999 3 26 16707.9871 A
05507600 1999 3 27 16694.7941 A
05507600 1999 3 28 16928.2263 A
05507600 1999 3 29 16801.2170 A
05507600 1999 3 30 16743.2882 A
05507600 1999 3 31 16746.9629 A
05507600 1999 4 1 16859.7534 A
05507600 1999 4 2 16764.5758 A
05507600 1999 4 3 16963.7091 A
05507600 1999 4 4 16986.0299 A
05507600 1999 4 5 16871.9796 A
05507600 1999 4 6 16820.1001 A
05507600 1999 4 7 16861.6155 A
05507600 1999 4 8 16804.4571 A
05507600 1999 4 9 17155.3538 A
05507600 1999 4 10 17476.1325 A
05507600 1999 4 11 17017.7697 A
05507600 1999 4 12 17092.1504 A
05507600 1999 4 13 17083.7533 A
05507600 1999 4 14 17128.0176 A
05507600 1999 4 15 17183.3049 A
05507600 1999 4 16 17052.8288 A
05507600 1999 4 17 17012.9543 A
05507600 1999 4 18 16979.5218 A
05507600 1999 4 19 16987.1846 A
05507600 1999 4 20 17182.9647 A
05507600 1999 4 21 17279.9873 A
05507600 1999 4 22 17214.0896 A
05507600 1999 4 23 18041.5082 A
05507600 1999 4 24 17274.0915 A
05507600 1999 4 25 17400.9025 A
05507600 1999 4 26 17443.4187 A
05507600 1999 4 27 17392.6917 A
05507600 1999 4 28 17309.9564 A
05507600 1999 4 29 17412.4147 A
05507600 1999 4 30 17392.9784 A
05507600 1999 5 1 17409.0834 A
05507600 1999 5 2 17418.8991 A
05507600 1999 5 3 17348.1491 A
05507600 1999 5 4 17634.6365 A
05507600 1999 5 5 17424.0033 A
05507600 1999 5 6 17375.1204 A
05507600 1999 5 7 17404.1014 A
05507600 1999 5 8 17430.2247 A
05507600 1999 5 9 17875.8622 A
05507600 1999 5 10 17664.0280 A
05507600 1999 5 11 17542.7863 A
05507600 1999 5 12 17504.1047 A
05507600 1999 5 13 17644.6426 A
05507600 1999 5 14 17583.0269 A
05507600 1999 5 15 17795.7178 A
05507600 1999 5 16 17741.3388 A
05507600 1999 5 17 17594.5716 A
05507600 1999 5 18 17669.7883 A
05507600 1999 5 19 18038.0188 A
05507600 1999 5 20 17680.3221 A
05507600 1999 5 21 17672.5997 A
05507600 1999 5 22 17639.5171 A
05507600 1999 5 23 17764.2872 A
05507600 1999 5 24 17698.5642 A
05507600 1999 5 25 17783.3143 A
05507600 1999 5 26 18049.9984 A
05507600 1999 5 27 17814.9134 A
05507600 1999 5 28 17753.7014 A
05507600 1999 5 29 17749.9608 A
05507600 1999 5 30 17747.1914 A
05507600 1999 5 31 17933.2458 A
05507600 1999 6 1 17741.3838 A
05507600 1999 6 2 17755.8450 A
05507600 1999 6 3 17913.4253 A
05507600 1999 6 4 17795.5696 A
05507600 1999 6 5 18113.4825 A
05507600 1999 6 6 18065.6584 A
05507600 1999 6 7 18226.2231 A
05507600 1999 6 8 18064.5533 A
05507600 1999 6 9 18023.6400 A
05507600 1999 6 10 18164.0823 A
05507600 1999 6 11 18338.2844 A
05507600 1999 6 12 18075.0462 A
05507600 1999 6 13 18137.2548 A
05507600 1999 6 14 18220.2168 A
05507600 1999 6 15 18505.2290 A
05507600 1999 6 16 18240.8753 A
05507600 1999 6 17 18322.6336 A
05507600 1999 6 18 18648.8746 A
05507600 1999 6 19 18427.1181 A
05507600 1999 6 20 18346.1122 A
05507600 1999 6 21 18315.0081 A
05507600 1999 6 22 18251.7307 A
05507600 1999 6 23 18328.5725 A
05507600 1999 6 24 18601.7802 A
05507600 1999 6 25 18775.4534 A
05507600 1999 6 26 18432.1237 A
05507600 1999 6 27 18539.0502 A
05507600 1999 6 28 18491.9454 A
05507600 1999 6 29 18466.7263 A
05507600 1999 6 30 18550.4005 A
05507600 1999 7 1 18438.8178 A
05507600 1999 7 2 18530.7096 A
05507600 1999 7 3 18466.9272 A
05507600 1999 7 4 18551.0319 A
05507600 1999 7 5 18528.3604 A
05507600 1999 7 6 18485.7606 A
05507600 1999 7 7 18603.8240 A
05507600 1999 7 8 18711.4626 A
05507600 1999 7 9 18592.5280 A
05507600 1999 7 10 18774.0790 A
05507600 1999 7 11 18613.9867 A
05507600 1999 7 12 18732.9137 A
05507600 1999 7 13 18657.7058 A
05507600 1999 7 14 18732.2889 A
05507600 1999 7 15 18697.3403 A
05507600 1999 7 16 18742.1279 A
05507600 1999 7 17 18587.8507 A
05507600 1999 7 18 18623.2144 A
05507600 1999 7 19 18746.2751 A
05507600 1999 7 20 18719.8539 A
05507600 1999 7 21 18623.5523 A
05507600 1999 7 22 18729.9558 A
05507600 1999 7 23 18637.4486 A
05507600 1999 7 24 18657.2113 A
05507600 1999 7 25 18663.8136 A
05507600 1999 7 26 18634.7712 A
05507600 1999 7 27 18607.2771 A
05507600 1999 7 28 18869.4630 A
05507600 1999 7 29 18651.2829 A
05507600 1999 7 30 18686.2983 A
05507600 1999 7 31 18702.6346 A
05507600 1999 8 1 18855.6574 A
05507600 1999 8 2 18737.5970 A
05507600 1999 8 3 18771.5767 A
05507600 1999 8 4 18773.8351 A
05507600 1999 8 5 18838.6159 A
05507600 1999 8 6 18717.8917 A
05507600 1999 8 7 18840.2772 A
05507600 1999 8 8 18892.9658 A
05507600 1999 8 9 18735.4235 A
05507600 1999 8 10 18926.8782 A
05507600 1999 8 11 18772.3964 A
05507600 1999 8 12 18788.1512 A
05507600 1999 8 13 18909.0417 A
05507600 1999 8 14 18804.2602 A
05507600 1999 8 15 18903.4125 A
05507600 1999 8 16 18807.6889 A
05507600 1999 8 17 18948.1757 A
05507600 1999 8 18 18821.3683 A
05507600 1999 8 19 18953.0485 A
05507600 1999 8 20 18873.8054 A
05507600 1999 8 21 18882.1826 A
05507600 1999 8 22 18793.5249 A
05507600 1999 8 23 18876.1740 A
05507600 1999 8 24 18891.5965 A
05507600 1999 8 25 18876.1893 A
05507600 1999 8 26 18827.2306 A
05507600 1999 8 27 18999.8860 A
05507600 1999 8 28 19119.9890 A
05507600 1999 8 29 18953.7613 A
05507600 1999 8 30 19042.3364 A
05507600 1999 8 31 19145.4378 A
05507600 1999 9 1 18922.1891 A
05507600 1999 9 2 18925.4813 A
05507600 1999 9 3 19059.8812 A
05507600 1999 9 4 19037.7614 A
05507600 1999 9 5 18959.5566 A
05507600 1999 9 6 19071.7897 A
05507600 1999 9 7 19008.0071 A
05507600 1999 9 8 18976.4685 A
05507600 1999 9 9 18959.8603 A
05507600 1999 9 10 18986.8878 A
05507600 1999 9 11 19050.1903 A
05507600 1999 9 12 18941.8670 A
05507600 1999 9 13 19093.9278 A
05507600 1999 9 14 19032.6511 A
05507600 1999 9 15 18953.4174 A
05507600 1999 9 16 18999.9156 A
05507600 1999 9 17 19096.3154 A
05507600 1999 9 18 19234.3481 A
05507600 1999 9 19 19093.1214 A
05507600 1999 9 20 19057.2566 A
05507600 1999 9 21 19048.9738 A
05507600 1999 9 22 19155.7718 A
05507600 1999 9 23 19101.2401 A
05507600 1999 9 24 19042.2278 A
05507600 1999 9 25 19022.2669 A
05507600 1999 9 26 19049.6433 A
05507600 1999 9 27 19046.1931 A
05507600 1999 9 28 19092.0698 A
05507600 1999 9 29 19055.7542 A
05507600 1999 9 30 19055.9181 A
05507600 1999 10 1 19040.8990 A
05507600 1999 10 2 19122.3261 A
05507600 1999 10 3 19003.1969 A
05507600 1999 10 4 19023.6556 A
05507600 1999 10 5 19059.2475 A
05507600 1999 10 6 19013.5548 A
05507600 1999 10 7 19207.2138 A
05507600 1999 10 8 19036.0671 A
05507600 1999 10 9 19051.5741 A
05507600 1999 10 10 19033.7414 A
05507600 1999 10 11 19008.5601 A
05507600 1999 10 12 19109.4777 A
05507600 1999 10 13 19081.0858 A
05507600 1999 10 14 19053.7322 A
05507600 1999 10 15 19042.1231 A
05507600 1999 10 16 19060.0003 A
05507600 1999 10 17 18955.4606 A
05507600 1999 10 18 19010.2093 A
05507600 1999 10 19 19063.9564 A
05507600 1999 10 20 19055.4325 A
05507600 1999 10 21 18970.9685 A
05507600 1999 10 22 19147.5046 A
05507600 1999 10 23 19122.8619 A
05507600 1999 10 24 19017.1932 A
05507600 1999 10 25 19088.1419 A
05507600 1999 10 26 19110.7669 A
05507600 1999 10 27 19180.6966 A
05507600 1999 10 28 19125.1681 A
05507600 1999 10 29 19047.8149 A
05507600 1999 10 30 19040.5565 A
05507600 1999 10 31 19027.3111 A
05507600 1999 11 1 19056.6748 A
05507600 1999 11 2 19046.6083 A
05507600 1999 11 3 19193.6822 A
05507600 1999 11 4 19065.0453 A
05507600 1999 11 5 19038.9767 A
05507600 1999 11 6 19074.2396 A
05507600 1999 11 7 19035.5962 A
05507600 1999 11 8 18999.8724 A
05507600 1999 11 9 19057.3428 A
05507600 1999 11 10 19110.3007 A
05507600 1999 11 11 19000.7004 A
05507600 1999 11 12 18994.4969 A
05507600 1999 11 13 19035.5515 A
05507600 1999 11 14 19045.0830 A
05507600 1999 11 15 18982.0553 A
05507600 1999 11 16 19181.4881 A
05507600 1999 11 17 19113.5353 A
05507600 1999 11 18 19026.3800 A
05507600 1999 11 19 18999.1236 A
05507600 1999 11 20 19132.4051 A
05507600 1999 11 21 19037.2780 A
05507600 1999 11 22 19054.6406 A
05507600 1999 11 23 19028.7775 A
05507600 1999 11 24 19036.5472 A
05507600 1999 11 25 19113.6595 A
05507600 1999 11 26 19169.0193 A
05507600 1999 11 27 19088.8421 A
05507600 1999 11 28 19069.4309 A
05507600 1999 11 29 18996.0954 A
05507600 1999 11 30 19050.5005 A
05507600 1999 12 1 19048.9789 A
05507600 1999 12 2 19041.7923 A
05507600 1999 12 3 19057.8810 A
05507600 1999 12 4 18965.1709 A
05507600 1999 12 5 19031.5316 A
05507600 1999 12 6 19001.9202 A
05507600 1999 12 7 19052.6980 A
05507600 1999 12 8 19009.1478 A
05507600 1999 12 9 19050.0522 A
05507600 1999 12 10 19072.7570 A
05507600 1999 12 11 18981.4073 A
05507600 1999 12 12 18952.7131 A
05507600 1999 12 13 18970.0932 A
05507600 1999 12 14 19027.1130 A
05507600 1999 12 15 19065.0397 A
05507600 1999 12 16 18996.6228 A
05507600 1999 12 17 19027.0589 A
05507600 1999 12 18 18985.3999 A
05507600 1999 12 19 19007.0409 A
05507600 1999 12 20 18991.2445 A
05507600 1999 12 21 18957.8709 A
05507600 1999 12 22 18988.7384 A
05507600 1999 12 23 18954.0846 A
05507600 1999 12 24 18950.9142 A
05507600 1999 12 25 18977.9615 A
05507600 1999 12 26 19013.6781 A
05507600 1999 12 27 19040.1148 A
05507600 1999 12 28 19046.7575 A
05507600 1999 12 29 18948.8318 A
05507600 1999 12 30 19038.1911 A
05507600 1999 12 31 18948.9676 A
05507600 2000 1 1 19016.0077 A
05507600 2000 1 2 18960.2421 A
05507600 2000 1 3 18926.3118 A
05507600 2000 1 4 19053.8344 A
05507600 2000 1 5 18978.6915 A
05507600 2000 1 6 19018.8366 A
05507600 2000 1 7 18988.1845 A
05507600 2000 1 8 18956.5260 A
05507600 2000 1 9 19036.2868 A
05507600 2000 1 10 18985.7785 A
05507600 2000 1 11 18963.6306 A
05507600 2000 1 12 19068.7669 A
05507600 2000 1 13 18990.2829 A
05507600 2000 1 14 18954.0939 A
05507600 2000 1 15 18931.3630 A
05507600 2000 1 16 18957.9891 A
05507600 2000 1 17 19063.1062 A
05507600 2000 1 18 18965.5215 A
05507600 2000 1 19 18937.2148 A
05507600 2000 1 20 19113.8190 A
05507600 2000 1 21 18961.3127 A
05507600 2000 1 22 18965.9785 A
05507600 2000 1 23 18936.8856 A
05507600 2000 1 24 19008.6682 A
05507600 2000 1 25 19154.9610 A
05507600 2000 1 26 19068.6769 A
05507600 2000 1 27 19068.5795 A
05507600 2000 1 28 19030.8365 A
05507600 2000 1 29 18991.0348 A
05507600 2000 1 30 19007.8037 A
05507600 2000 1 31 19272.9082 A
05507600 2000 2 1 19023.2164 A
05507600 2000 2 2 19202.4589 A
05507600 2000 2 3 19244.8590 A
05507600 2000 2 4 19140.4957 A
05507600 2000 2 5 19219.6362 A
05507600 2000 2 6 19178.4645 A
05507600 2000 2 7 19213.7323 A
05507600 2000 2 8 19121.7376 A
05507600 2000 2 9 19298.3627 A
05507600 2000 2 10 19150.8594 A
05507600 2000 2 11 19181.0916 A
05507600 2000 2 12 19590.1868 A
05507600 2000 2 13 19309.1252 A
05507600 2000 2 14 19249.6699 A
05507600 2000 2 15 19246.4524 A
05507600 2000 2 16 19341.3060 A
05507600 2000 2 17 19330.6936 A
05507600 2000 2 18 19585.4747 A
05507600 2000 2 19 19368.1411 A
05507600 2000 2 20 19432.1050 A
05507600 2000 2 21 19439.2816 A
05507600 2000 2 22 19604.5410 A
05507600 2000 2 23 19631.7013 A
05507600 2000 2 24 19474.1797 A
05507600 2000 2 25 19429.0587 A
05507600 2000 2 26 19606.7477 A
05507600 2000 2 27 19482.0258 A
05507600 2000 2 28 19577.4160 A
05507600 2000 2 29 19474.8538 A
05507600 2000 3 1 19500.3119 A
05507600 2000 3 2 19726.5871 A
05507600 2000 3 3 19513.7248 A
05507600 2000 3 4 19738.4619 A
05507600 2000 3 5 19816.6224 A
05507600 2000 3 6 20043.6711 A
05507600 2000 3 7 19656.4310 A
05507600 2000 3 8 19686.0106 A
05507600 2000 3 9 19686.1639 A
05507600 2000 3 10 19799.5366 A
05507600 2000 3 11 19979.4855 A
05507600 2000 3 12 19771.4866 A
05507600 2000 3 13 19808.7652 A
05507600 2000 3 14 19731.9079 A
05507600 2000 3 15 19759.9462 A
05507600 2000 3 16 19727.7459 A
05507600 2000 3 17 20204.0132 A
05507600 2000 3 18 20020.2083 A
05507600 2000 3 19 19972.1727 A
05507600 2000 3 20 20165.3548 A
05507600 2000 3 21 20110.5958 A
05507600 2000 3 22 19938.4073 A
05507600 2000 3 23 20031.0549 A
05507600 2000 3 24 19970.9954 A
05507600 2000 3 25 20165.3965 A
05507600 2000 3 26 20132.0256 A
05507600 2000 3 27 20215.7219 A
05507600 2000 3 28 20161.6717 A
05507600 2000 3 29 20139.7954 A
05507600 2000 3 30 20296.8615 A
05507600 2000 3 31 20248.3949 A
05507600 2000 4 1 20498.8000 A
05507600 2000 4 2 20368.7966 A
05507600 2000 4 3 20232.8317 A
05507600 2000 4 4 20753.8150 A
05507600 2000 4 5 20571.0688 A
05507600 2000 4 6 20435.8591 A
05507600 2000 4 7 20449.2483 A
05507600 2000 4 8 20394.4000 A
05507600 2000 4 9 20722.5318 A
05507600 2000 4 10 20448.9288 A
05507600 2000 4 11 20754.9370 A
05507600 2000 4 12 20603.3716 A
05507600 2000 4 13 20515.7483 A
05507600 2000 4 14 20640.2781 A
05507600 2000 4 15 20676.1510 A
05507600 2000 4 16 20567.6155 A
05507600 2000 4 17 21007.6041 A
05507600 2000 4 18 20778.3488 A
05507600 2000 4 19 20643.7195 A
05507600 2000 4 20 20635.1229 A
05507600 2000 4 21 20954.1653 A
05507600 2000 4 22 20901.5958 A
05507600 2000 4 23 20746.4183 A
05507600 2000 4 24 20861.4290 A
05507600 2000 4 25 21226.7737 A
05507600 2000 4 26 20809.6290 A
05507600 2000 4 27 20755.9173 A
05507600 2000 4 28 21035.4280 A
05507600 2000 4 29 20898.9715 A
05507600 2000 4 30 20910.3963 A
05507600 2000 5 1 20866.7317 A
05507600 2000 5 2 21048.2559 A
05507600 2000 5 3 20904.8160 A
05507600 2000 5 4 20973.0561 A
05507600 2000 5 5 21131.8309 A
05507600 2000 5 6 21408.9303 A
05507600 2000 5 7 21068.8784 A
05507600 2000 5 8 21108.4960 A
05507600 2000 5 9 21238.1761 A
05507600 2000 5 10 21224.1034 A
05507600 2000 5 11 21214.4554 A
05507600 2000 5 12 21056.3226 A
05507600 2000 5 13 21141.3023 A
05507600 2000 5 14 21114.8877 A
05507600 2000 5 15 21269.6510 A
05507600 2000 5 16 21130.5402 A
05507600 2000 5 17 21169.4758 A
05507600 2000 5 18 21522.3645 A
05507600 2000 5 19 21313.2799 A
05507600 2000 5 20 21292.7444 A
05507600 2000 5 21 21279.0240 A
05507600 2000 5 22 21446.2194 A
05507600 2000 5 23 21348.7970 A
05507600 2000 5 24 22022.3684 A
05507600 2000 5 25 21366.4290 A
05507600 2000 5 26 21369.8525 A
05507600 2000 5 27 21515.0309 A
05507600 2000 5 28 21708.6943 A
05507600 2000 5 29 21456.4927 A
05507600 2000 5 30 21496.2129 A
05507600 2000 5 31 21448.7650 A
05507600 2000 6 1 21553.6426 A
05507600 2000 6 2 22395.3988 A
05507600 2000 6 3 21753.1139 A
05507600 2000 6 4 21678.0145 A
05507600 2000 6 5 22472.3144 A
05507600 2000 6 6 21868.8601 A
05507600 2000 6 7 21981.1937 A
05507600 2000 6 8 21803.9980 A
05507600 2000 6 9 21899.2827 A
05507600 2000 6 10 21868.0583 A
05507600 2000 6 11 22000.1132 A
05507600 2000 6 12 21976.8736 A
05507600 2000 6 13 22110.8915 A
05507600 2000 6 14 21953.2656 A
05507600 2000 6 15 22122.8321 A
05507600 2000 6 16 22136.4925 A
05507600 2000 6 17 22024.4850 A
05507600 2000 6 18 22424.0743 A
05507600 2000 6 19 22093.2006 A
05507600 2000 6 20 22082.2435 A
05507600 2000 6 21 22183.8207 A
05507600 2000 6 22 22327.6748 A
05507600 2000 6 23 22131.9437 A
05507600 2000 6 24 22225.7280 A
05507600 2000 6 25 22341.4817 A
05507600 2000 6 26 22252.0289 A
05507600 2000 6 27 22265.1521 A
05507600 2000 6 28 22396.0282 A
05507600 2000 6 29 22241.5419 A
05507600 2000 6 30 22256.8179 A
05507600 2000 7 1 22770.5162 A
05507600 2000 7 2 22490.2841 A
05507600 2000 7 3 22566.1266 A
05507600 2000 7 4 22384.2729 A
05507600 2000 7 5 22416.8296 A
05507600 2000 7 6 22557.5613 A
05507600 2000 7 7 22476.3059 A
05507600 2000 7 8 22481.3611 A
05507600 2000 7 9 22373.0054 A
05507600 2000 7 10 22550.4559 A
05507600 2000 7 11 22844.0681 A
05507600 2000 7 12 22504.6631 A
05507600 2000 7 13 22560.8791 A
05507600 2000 7 14 22515.0706 A
05507600 2000 7 15 22503.8629 A
05507600 2000 7 16 22630.3723 A
05507600 2000 7 17 22736.6480 A
05507600 2000 7 18 22728.7956 A
05507600 2000 7 19 22726.7469 A
05507600 2000 7 20 22690.6499 A
05507600 2000 7 21 22819.1507 A
05507600 2000 7 22 22706.5998 A
05507600 2000 7 23 22697.5554 A
05507600 2000 7 24 22767.9191 A
05507600 2000 7 25 22744.8130 A
05507600 2000 7 26 22685.0582 A
05507600 2000 7 27 22840.6659 A
05507600 2000 7 28 22790.5351 A
05507600 2000 7 29 22715.1506 A
05507600 2000 7 30 22952.6281 A
05507600 2000 7 31 23029.4273 A
05507600 2000 8 1 22863.5228 A
05507600 2000 8 2 22810.7635 A
05507600 2000 8 3 22796.6732 A
05507600 2000 8 4 22781.0465 A
05507600 2000 8 5 23064.9140 A
05507600 2000 8 6 22842.7313 A
05507600 2000 8 7 22833.6576 A
05507600 2000 8 8 22928.2568 A
05507600 2000 8 9 23054.3438 A
05507600 2000 8 10 22882.4673 A
05507600 2000 8 11 22997.5830 A
05507600 2000 8 12 22905.4400 A
05507600 2000 8 13 23105.4230 A
05507600 2000 8 14 22912.1857 A
05507600 2000 8 15 23044.5479 A
05507600 2000 8 16 23125.2794 A
05507600 2000 8 17 22987.5055 A
05507600 2000 8 18 22959.3546 A
05507600 2000 8 19 23113.2498 A
05507600 2000 8 20 23061.5080 A
05507600 2000 8 21 23043.3118 A
05507600 2000 8 22 23135.0370 A
05507600 2000 8 23 23013.9679 A
05507600 2000 8 24 23012.0892 A
05507600 2000 8 25 23084.5532 A
05507600 2000 8 26 23056.0701 A
05507600 2000 8 27 22998.6764 A
05507600 2000 8 28 23086.1209 A
05507600 2000 8 29 23170.2194 A
05507600 2000 8 30 23080.9210 A
05507600 2000 8 31 23065.2518 A
05507600 2000 9 1 23252.3190 A
05507600 2000 9 2 23166.4800 A
05507600 2000 9 3 23057.3096 A
05507600 2000 9 4 23208.3203 A
05507600 2000 9 5 23084.6984 A
05507600 2000 9 6 23296.3325 A
05507600 2000 9 7 23107.9036 A
05507600 2000 9 8 23072.8288 A
05507600 2000 9 9 23366.0424 A
05507600 2000 9 10 23239.3219 A
05507600 2000 9 11 23142.7732 A
05507600 2000 9 12 23189.3209 A
05507600 2000 9 13 23160.3320 A
05507600 2000 9 14 23179.5069 A
05507600 2000 9 15 23249.8764 A
05507600 2000 9 16 23148.3314 A
05507600 2000 9 17 23186.6984 A
05507600 2000 9 18 23113.6601 A
05507600 2000 9 19 23163.6996 A
05507600 2000 9 20 23146.8927 A
05507600 2000 9 21 23134.3902 A
05507600 2000 9 22 23127.1525 A
05507600 2000 9 23 23111.0643 A
05507600 2000 9 24 23104.5941 A
05507600 2000 9 25 23113.2371 A
05507600 2000 9 26 23196.1663 A
05507600 2000 9 27 23109.9223 A
05507600 2000 9 28 23127.7748 A
05507600 2000 9 29 23129.4679 A
05507600 2000 9 30 23115.5380 A
05507600 2000 10 1 23110.8433 A
05507600 2000 10 2 23181.6921 A
05507600 2000 10 3 23338.7755 A
05507600 2000 10 4 23340.5203 A
05507600 2000 10 5 23214.8856 A
05507600 2000 10 6 23174.3951 A
05507600 2000 10 7 23157.8396 A
05507600 2000 10 8 23127.8873 A
05507600 2000 10 9 23162.5247 A
05507600 2000 10 10 23341.8322 A
05507600 2000 10 11 23189.3257 A
05507600 2000 10 12 23156.8667 A
05507600 2000 10 13 23136.1278 A
05507600 2000 10 14 23187.7378 A
05507600 2000 10 15 23185.7189 A
05507600 2000 10 16 23151.6326 A
05507600 2000 10 17 23136.1534 A
05507600 2000 10 18 23150.6582 A
05507600 2000 10 19 23143.1251 A
05507600 2000 10 20 23134.1066 A
05507600 2000 10 21 23131.5746 A
05507600 2000 10 22 23128.0428 A
05507600 2000 10 23 23132.8572 A
05507600 2000 10 24 23127.5721 A
05507600 2000 10 25 23110.2166 A
05507600 2000 10 26 23246.3081 A
05507600 2000 10 27 23115.9861 A
05507600 2000 10 28 23125.3334 A
05507600 2000 10 29 23155.0523 A
05507600 2000 10 30 23250.5320 A
05507600 2000 10 31 23142.4965 A
05507600 2000 11 1 23116.0370 A
05507600 2000 11 2 23113.4011 A
05507600 2000 11 3 23110.4390 A
05507600 2000 11 4 23177.8527 A
05507600 2000 11 5 23167.4757 A
05507600 2000 11 6 23118.8033 A
05507600 2000 11 7 23174.4212 A
05507600 2000 11 8 23231.9592 A
05507600 2000 11 9 23153.4066 A
05507600 2000 11 10 23120.8478 A
05507600 2000 11 11 23134.0532 A
05507600 2000 11 12 23257.8537 A
05507600 2000 11 13 23134.1861 A
05507600 2000 11 14 23143.5895 A
05507600 2000 11 15 23147.8878 A
05507600 2000 11 16 23135.6496 A
05507600 2000 11 17 23134.5607 A
05507600 2000 11 18 23161.2875 A
05507600 2000 11 19 23120.7341 A
05507600 2000 11 20 23167.9659 A
05507600 2000 11 21 23119.5244 A
05507600 2000 11 22 23181.8345 A
05507600 2000 11 23 23201.5762 A
05507600 2000 11 24 23180.3540 A
05507600 2000 11 25 23140.0855 A
05507600 2000 11 26 23208.8205 A
05507600 2000 11 27 23168.3654 A
05507600 2000 11 28 23154.3403 A
05507600 2000 11 29 23140.6451 A
05507600 2000 11 30 23208.7490 A
05507600 2000 12 1 23135.0333 A
05507600 2000 12 2 23264.3007 A
05507600 2000 12 3 23152.1822 A
05507600 2000 12 4 23253.7609 A
05507600 2000 12 5 23175.0171 A
05507600 2000 12 6 23140.3650 A
05507600 2000 12 7 23241.5446 A
05507600 2000 12 8 23181.6917 A
05507600 2000 12 9 23209.9555 A
05507600 2000 12 10 23212.9490 A
05507600 2000 12 11 23174.1934 A
05507600 2000 12 12 23274.6371 A
05507600 2000 12 13 23166.2631 A
05507600 2000 12 14 23120.1474 A
05507600 2000 12 15 23165.6426 A
05507600 2000 12 16 23204.6969 A
05507600 2000 12 17 23164.9419 A
05507600 2000 12 18 23207.2140 A
05507600 2000 12 19 23182.0432 A
05507600 2000 12 20 23200.6223 A
05507600 2000 12 21 23284.2618 A
05507600 2000 12 22 23230.2092 A
05507600 2000 12 23 23169.3679 A
05507600 2000 12 24 23232.6870 A
05507600 2000 12 25 23189.7483 A
05507600 2000 12 26 23212.7498 A
05507600 2000 12 27 23246.1680 A
05507600 2000 12 28 23156.6033 A
05507600 2000 12 29 23203.2266 A
05507600 2000 12 30 23241.1017 A
05507600 2000 12 31 23220.1279 A
05507600 2001 1 1 23198.3450 A
05507600 2001 1 2 23156.5219 A
05507600 2001 1 3 23289.6272 A
05507600 2001 1 4 23280.2870 A
05507600 2001 1 5 23170.3241 A
05507600 2001 1 6 23276.3633 A
05507600 2001 1 7 23199.3410 A
05507600 2001 1 8 23209.0630 A
05507600 2001 1 9 23178.3785 A
05507600 2001 1 10 23197.3615 A
05507600 2001 1 11 23232.6073 A
05507600 2001 1 12 23158.4086 A
05507600 2001 1 13 23226.2531 A
05507600 2001 1 14 23246.1244 A
05507600 2001 1 15 23252.1014 A
05507600 2001 1 16 23247.0142 A
05507600 2001 1 17 23342.3894 A
05507600 2001 1 18 23414.9199 A
05507600 2001 1 19 23236.8174 A
05507600 2001 1 20 23228.4658 A
05507600 2001 1 21 23222.7120 A
05507600 2001 1 22 23243.9553 A
05507600 2001 1 23 23221.2474 A
05507600 2001 1 24 23277.4751 A
05507600 2001 1 25 23274.7638 A
05507600 2001 1 26 23236.7388 A
05507600 2001 1 27 23235.0334 A
05507600 2001 1 28 23279.8943 A
05507600 2001 1 29 23232.0039 A
05507600 2001 1 30 23567.8428 A
05507600 2001 1 31 23335.2059 A
05507600 2001 2 1 23298.0426 A
05507600 2001 2 2 23297.6177 A
05507600 2001 2 3 23292.8293 A
05507600 2001 2 4 23361.7240 A
05507600 2001 2 5 23292.0168 A
05507600 2001 2 6 23361.8021 A
05507600 2001 2 7 23360.4610 A
05507600 2001 2 8 23559.4494 A
05507600 2001 2 9 23371.1499 A
05507600 2001 2 10 23386.0141 A
05507600 2001 2 11 23534.4912 A
05507600 2001 2 12 23616.7835 A
05507600 2001 2 13 23991.0640 A
05507600 2001 2 14 23464.6414 A
05507600 2001 2 15 23505.4906 A
05507600 2001 2 16 23505.2148 A
05507600 2001 2 17 23655.0596 A
05507600 2001 2 18 23512.6042 A
05507600 2001 2 19 23651.3734 A
05507600 2001 2 20 23719.6781 A
05507600 2001 2 21 23619.3224 A
05507600 2001 2 22 23653.3510 A
05507600 2001 2 23 23646.4717 A
05507600 2001 2 24 23667.2240 A
05507600 2001 2 25 23690.1319 A
05507600 2001 2 26 23664.0596 A
05507600 2001 2 27 23639.7303 A
05507600 2001 2 28 23626.2641 A
05507600 2001 3 1 23703.8242 A
05507600 2001 3 2 23659.8713 A
05507600 2001 3 3 23720.9755 A
05507600 2001 3 4 23773.5383 A
05507600 2001 3 5 23859.5293 A
05507600 2001 3 6 23743.2461 A
05507600 2001 3 7 23769.3151 A
05507600 2001 3 8 23651.5735 A
05507600 2001 3 9 23784.8386 A
05507600 2001 3 10 24041.7274 A
05507600 2001 3 11 23907.0141 A
05507600 2001 3 12 23918.4211 A
05507600 2001 3 13 23898.7509 A
05507600 2001 3 14 23860.4364 A
05507600 2001 3 15 23793.8633 A
05507600 2001 3 16 23896.4801 A
05507600 2001 3 17 24202.3539 A
05507600 2001 3 18 23919.0856 A
05507600 2001 3 19 23977.6181 A
05507600 2001 3 20 24357.2890 A
05507600 2001 3 21 24158.5634 A
05507600 2001 3 22 24017.0736 A
05507600 2001 3 23 24004.7796 A
05507600 2001 3 24 24197.9678 A
05507600 2001 3 25 24068.2272 A
05507600 2001 3 26 24150.5273 A
05507600 2001 3 27 24143.9675 A
05507600 2001 3 28 24063.1755 A
05507600 2001 3 29 24134.7021 A
05507600 2001 3 30 24025.9111 A
05507600 2001 3 31 24105.1409 A
05507600 2001 4 1 24103.7551 A
05507600 2001 4 2 24076.0192 A
05507600 2001 4 3 24176.5301 A
05507600 2001 4 4 24134.1066 A
05507600 2001 4 5 24126.4887 A
05507600 2001 4 6 24177.3427 A
05507600 2001 4 7 24171.5566 A
05507600 2001 4 8 24295.3316 A
05507600 2001 4 9 24106.5929 A
05507600 2001 4 10 24087.2778 A
05507600 2001 4 11 24147.4455 A
05507600 2001 4 12 24283.9761 A
05507600 2001 4 13 24318.5374 A
05507600 2001 4 14 24272.4185 A
05507600 2001 4 15 24342.9959 A
05507600 2001 4 16 24242.6544 A
05507600 2001 4 17 24700.4284 A
05507600 2001 4 18 24665.7732 A
05507600 2001 4 19 24460.3136 A
05507600 2001 4 20 24329.1500 A
05507600 2001 4 21 24614.5663 A
05507600 2001 4 22 24572.1197 A
05507600 2001 4 23 24438.3061 A
05507600 2001 4 24 24894.6805 A
05507600 2001 4 25 24691.3439 A
05507600 2001 4 26 24498.6422 A
05507600 2001 4 27 24530.4704 A
05507600 2001 4 28 24564.9973 A
05507600 2001 4 29 24596.4305 A
05507600 2001 4 30 24635.2167 A
05507600 2001 5 1 24521.6838 A
05507600 2001 5 2 24660.9452 A
05507600 2001 5 3 24601.5074 A
05507600 2001 5 4 24824.5383 A
05507600 2001 5 5 24621.8880 A
05507600 2001 5 6 24693.0306 A
05507600 2001 5 7 24785.0757 A
05507600 2001 5 8 24861.2508 A
05507600 2001 5 9 24873.6016 A
05507600 2001 5 10 24788.7202 A
05507600 2001 5 11 24907.0178 A
05507600 2001 5 12 24774.2521 A
05507600 2001 5 13 25045.1985 A
05507600 2001 5 14 24764.1383 A
05507600 2001 5 15 24776.2976 A
05507600 2001 5 16 24797.2113 A
05507600 2001 5 17 24768.2538 A
05507600 2001 5 18 25121.8990 A
05507600 2001 5 19 24870.3390 A
05507600 2001 5 20 24994.8028 A
05507600 2001 5 21 24913.1278 A
05507600 2001 5 22 25061.3683 A
05507600 2001 5 23 25057.9536 A
05507600 2001 5 24 25008.8609 A
05507600 2001 5 25 25071.3676 A
05507600 2001 5 26 25090.7083 A
05507600 2001 5 27 24986.7870 A
05507600 2001 5 28 25011.0198 A
05507600 2001 5 29 24981.8815 A
05507600 2001 5 30 24948.1824 A
05507600 2001 5 31 24934.8468 A
05507600 2001 6 1 25043.3410 A
05507600 2001 6 2 25189.9681 A
05507600 2001 6 3 25293.0492 A
05507600 2001 6 4 25275.7638 A
05507600 2001 6 5 25148.8312 A
05507600 2001 6 6 25201.7246 A
05507600 2001 6 7 25232.7143 A
05507600 2001 6 8 25145.9805 A
05507600 2001 6 9 25148.7613 A
05507600 2001 6 10 25213.4128 A
05507600 2001 6 11 25125.9240 A
05507600 2001 6 12 25381.5523 A
05507600 2001 6 13 25134.2318 A
05507600 2001 6 14 25358.6430 A
05507600 2001 6 15 25200.4303 A
05507600 2001 6 16 25334.7962 A
05507600 2001 6 17 25413.6870 A
05507600 2001 6 18 25302.2431 A
05507600 2001 6 19 25388.9604 A
05507600 2001 6 20 25339.7041 A
05507600 2001 6 21 25394.4744 A
05507600 2001 6 22 25963.0827 A
05507600 2001 6 23 25778.4231 A
05507600 2001 6 24 26034.5550 A
05507600 2001 6 25 25561.4066 A
05507600 2001 6 26 25701.0779 A
05507600 2001 6 27 25756.9835 A
05507600 2001 6 28 25714.4659 A
05507600 2001 6 29 25676.7502 A
05507600 2001 6 30 25632.4393 A
05507600 2001 7 1 25734.8684 A
05507600 2001 7 2 25608.6546 A
05507600 2001 7 3 25638.7204 A
05507600 2001 7 4 25596.2669 A
05507600 2001 7 5 25771.6645 A
05507600 2001 7 6 25744.1582 A
05507600 2001 7 7 25771.0503 A
05507600 2001 7 8 26161.5652 A
05507600 2001 7 9 25845.6836 A
05507600 2001 7 10 25856.6933 A
05507600 2001 7 11 25838.7494 A
05507600 2001 7 12 25885.9665 A
05507600 2001 7 13 26031.3956 A
05507600 2001 7 14 25967.3399 A
05507600 2001 7 15 25951.2352 A
05507600 2001 7 16 25905.2267 A
05507600 2001 7 17 25909.4719 A
05507600 2001 7 18 25867.4124 A
05507600 2001 7 19 26106.0329 A
05507600 2001 7 20 26066.5003 A
05507600 2001 7 21 26011.4804 A
05507600 2001 7 22 26132.5412 A
05507600 2001 7 23 26251.2896 A
05507600 2001 7 24 26070.3861 A
05507600 2001 7 25 26229.4138 A
05507600 2001 7 26 26084.5623 A
05507600 2001 7 27 26158.9254 A
05507600 2001 7 28 26073.6230 A
05507600 2001 7 29 26132.6265 A
05507600 2001 7 30 26253.5106 A
05507600 2001 7 31 26269.1770 A
05507600 2001 8 1 26153.6836 A
05507600 2001 8 2 26127.3310 A
05507600 2001 8 3 26147.4757 A
05507600 2001 8 4 26135.3285 A
05507600 2001 8 5 26211.9194 A
05507600 2001 8 6 26591.5770 A
05507600 2001 8 7 26240.5605 A
05507600 2001 8 8 26369.9545 A
05507600 2001 8 9 26441.1398 A
05507600 2001 8 10 26262.5238 A
05507600 2001 8 11 26508.2816 A
05507600 2001 8 12 26381.1704 A
05507600 2001 8 13 26424.0601 A
05507600 2001 8 14 26473.8266 A
05507600 2001 8 15 26685.5173 A
05507600 2001 8 16 26389.7699 A
05507600 2001 8 17 26465.0438 A
05507600 2001 8 18 26415.3481 A
05507600 2001 8 19 26976.0603 A
05507600 2001 8 20 26518.3731 A
05507600 2001 8 21 26525.1367 A
05507600 2001 8 22 26540.0155 A
05507600 2001 8 23 26563.0450 A
05507600 2001 8 24 26534.3796 A
05507600 2001 8 25 26545.0117 A
05507600 2001 8 26 26465.7316 A
05507600 2001 8 27 26573.9406 A
05507600 2001 8 28 26502.3511 A
05507600 2001 8 29 26480.4000 A
05507600 2001 8 30 26702.5270 A
05507600 2001 8 31 26503.7916 A
05507600 2001 9 1 26554.7325 A
05507600 2001 9 2 26603.7004 A
05507600 2001 9 3 26559.8969 A
05507600 2001 9 4 26840.5607 A
05507600 2001 9 5 26573.2656 A
05507600 2001 9 6 26685.3110 A
05507600 2001 9 7 26711.9861 A
05507600 2001 9 8 26659.1674 A
05507600 2001 9 9 26761.2448 A
05507600 2001 9 10 26854.2896 A
05507600 2001 9 11 26690.3674 A
05507600 2001 9 12 26765.0049 A
05507600 2001 9 13 26702.4342 A
05507600 2001 9 14 26674.6521 A
05507600 2001 9 15 26720.2161 A
05507600 2001 9 16 26694.5585 A
05507600 2001 9 17 26735.6645 A
05507600 2001 9 18 26861.7483 A
05507600 2001 9 19 26745.5458 A
05507600 2001 9 20 26955.6155 A
05507600 2001 9 21 27095.0936 A
05507600 2001 9 22 26853.5620 A
05507600 2001 9 23 26833.1725 A
05507600 2001 9 24 26950.5377 A
05507600 2001 9 25 26803.1277 A
05507600 2001 9 26 26830.1873 A
05507600 2001 9 27 26941.6937 A
05507600 2001 9 28 26966.2580 A
05507600 2001 9 29 26839.5995 A
05507600 2001 9 30 26926.7895 A
05507600 2001 10 1 26926.3001 A
05507600 2001 10 2 27086.6359 A
05507600 2001 10 3 26906.6527 A
05507600 2001 10 4 26894.6023 A
05507600 2001 10 5 26858.4778 A
05507600 2001 10 6 26997.5323 A
05507600 2001 10 7 26900.6662 A
05507600 2001 10 8 26919.1740 A
05507600 2001 10 9 26855.3532 A
05507600 2001 10 10 26872.1808 A
05507600 2001 10 11 26872.7442 A
05507600 2001 10 12 26899.4360 A
05507600 2001 10 13 26986.7141 A
05507600 2001 10 14 26889.7675 A
05507600 2001 10 15 27024.0502 A
05507600 2001 10 16 26956.8130 A
05507600 2001 10 17 26962.9800 A
05507600 2001 10 18 26979.8839 A
05507600 2001 10 19 27054.9141 A
05507600 2001 10 20 26930.7173 A
05507600 2001 10 21 26970.2266 A
05507600 2001 10 22 26907.3270 A
05507600 2001 10 23 27083.7330 A
05507600 2001 10 24 26933.8731 A
05507600 2001 10 25 27126.5249 A
05507600 2001 10 26 27087.8957 A
05507600 2001 10 27 26983.2102 A
05507600 2001 10 28 26978.9778 A
05507600 2001 10 29 27025.9498 A
05507600 2001 10 30 26998.6679 A
05507600 2001 10 31 26998.9165 A
05507600 2001 11 1 27006.2271 A
05507600 2001 11 2 26981.4235 A
05507600 2001 11 3 26955.5734 A
05507600 2001 11 4 27022.6835 A
05507600 2001 11 5 26916.1994 A
05507600 2001 11 6 27048.0616 A
05507600 2001 11 7 27006.5752 A
05507600 2001 11 8 27001.0785 A
05507600 2001 11 9 27000.2366 A
05507600 2001 11 10 26983.5619 A
05507600 2001 11 11 26944.4461 A
05507600 2001 11 12 26946.9793 A
05507600 2001 11 13 26980.6610 A
05507600 2001 11 14 26940.1847 A
05507600 2001 11 15 27027.1084 A
05507600 2001 11 16 26994.8791 A
05507600 2001 11 17 26920.9070 A
05507600 2001 11 18 26938.4147 A
05507600 2001 11 19 26946.1832 A
05507600 2001 11 20 27016.3250 A
05507600 2001 11 21 27002.1129 A
05507600 2001 11 22 26984.1951 A
05507600 2001 11 23 26985.1757 A
05507600 2001 11 24 26966.9730 A
05507600 2001 11 25 26996.2211 A
05507600 2001 11 26 26959.0488 A
05507600 2001 11 27 26994.2565 A
05507600 2001 11 28 27043.0132 A
05507600 2001 11 29 27035.4878 A
05507600 2001 11 30 26944.2527 A
05507600 2001 12 1 27133.5104 A
05507600 2001 12 2 27040.9779 A
05507600 2001 12 3 27044.1783 A
05507600 2001 12 4 26990.0430 A
05507600 2001 12 5 26991.7891 A
05507600 2001 12 6 26974.2270 A
05507600 2001 12 7 26933.0132 A
05507600 2001 12 8 27054.1018 A
05507600 2001 12 9 27046.8998 A
05507600 2001 12 10 27028.1503 A
05507600 2001 12 11 26956.3952 A
05507600 2001 12 12 27061.1698 A
05507600 2001 12 13 26972.4622 A
05507600 2001 12 14 26961.7713 A
05507600 2001 12 15 27120.4897 A
05507600 2001 12 16 27010.4695 A
05507600 2001 12 17 27194.5462 A
05507600 2001 12 18 27057.2795 A
05507600 2001 12 19 27062.0412 A
05507600 2001 12 20 27184.2371 A
05507600 2001 12 21 27049.3896 A
05507600 2001 12 22 27070.5638 A
05507600 2001 12 23 27011.1095 A
05507600 2001 12 24 27039.8696 A
05507600 2001 12 25 27094.7293 A
05507600 2001 12 26 27000.3625 A
05507600 2001 12 27 27010.7304 A
05507600 2001 12 28 26988.5425 A
05507600 2001 12 29 27159.0041 A
05507600 2001 12 30 27052.3010 A
05507600 2001 12 31 27063.4397 A
05507600 2002 1 1 27087.7789 A
05507600 2002 1 2 27052.7180 A
05507600 2002 1 3 27104.7453 A
05507600 2002 1 4 27031.9469 A
05507600 2002 1 5 27186.1331 A
05507600 2002 1 6 27172.8494 A
05507600 2002 1 7 27093.6054 A
05507600 2002 1 8 27158.6033 A
05507600 2002 1 9 27303.0785 A
05507600 2002 1 10 27144.6197 A
05507600 2002 1 11 27146.6349 A
05507600 2002 1 12 27132.0885 A
05507600 2002 1 13 27265.3051 A
05507600 2002 1 14 27173.8216 A
05507600 2002 1 15 27136.5807 A
05507600 2002 1 16 27145.7357 A
05507600 2002 1 17 27115.4902 A
05507600 2002 1 18 27108.0854 A
05507600 2002 1 19 27166.5713 A
05507600 2002 1 20 27189.4531 A
05507600 2002 1 21 27117.0526 A
05507600 2002 1 22 27351.6464 A
05507600 2002 1 23 27191.8798 A
05507600 2002 1 24 27132.0444 A
05507600 2002 1 25 27272.8807 A
05507600 2002 1 26 27218.7146 A
05507600 2002 1 27 27513.2653 A
05507600 2002 1 28 27244.7000 A
05507600 2002 1 29 27212.1009 A
05507600 2002 1 30 27254.6358 A
05507600 2002 1 31 27242.7841 A
05507600 2002 2 1 27248.3707 A
05507600 2002 2 2 27367.5910 A
05507600 2002 2 3 27290.0210 A
05507600 2002 2 4 27265.5742 A
05507600 2002 2 5 27299.5446 A
05507600 2002 2 6 27318.5585 A
05507600 2002 2 7 27368.5981 A
05507600 2002 2 8 27380.7061 A
05507600 2002 2 9 27289.4153 A
05507600 2002 2 10 27370.2647 A
05507600 2002 2 11 27337.6385 A
05507600 2002 2 12 27409.8326 A
05507600 2002 2 13 27321.9887 A
05507600 2002 2 14 27318.7906 A
05507600 2002 2 15 27466.4854 A
05507600 2002 2 16 27378.2045 A
05507600 2002 2 17 27473.0944 A
05507600 2002 2 18 27491.6477 A
05507600 2002 2 19 27572.0416 A
05507600 2002 2 20 27401.7864 A
05507600 2002 2 21 27374.8574 A
05507600 2002 2 22 27361.3801 A
05507600 2002 2 23 27504.2206 A
05507600 2002 2 24 27465.2253 A
05507600 2002 2 25 27462.8632 A
05507600 2002 2 26 27467.8756 A
05507600 2002 2 27 27810.9344 A
05507600 2002 2 28 27587.8741 A
05507600 2002 3 1 27523.2939 A
05507600 2002 3 2 27914.8593 A
05507600 2002 3 3 27733.9783 A
05507600 2002 3 4 27650.5979 A
05507600 2002 3 5 27743.7149 A
05507600 2002 3 6 27677.1311 A
05507600 2002 3 7 27894.2030 A
05507600 2002 3 8 27857.6931 A
05507600 2002 3 9 27755.0879 A
05507600 2002 3 10 27676.9876 A
05507600 2002 3 11 27833.0939 A
05507600 2002 3 12 27793.9949 A
05507600 2002 3 13 27900.6491 A
05507600 2002 3 14 28107.8286 A
05507600 2002 3 15 27846.5153 A
05507600 2002 3 16 27879.5074 A
05507600 2002 3 17 27809.9162 A
05507600 2002 3 18 27828.2231 A
05507600 2002 3 19 27841.9717 A
05507600 2002 3 20 27923.3429 A
05507600 2002 3 21 27851.5577 A
05507600 2002 3 22 28033.6643 A
05507600 2002 3 23 27860.8823 A
05507600 2002 3 24 27872.9203 A
05507600 2002 3 25 27916.7137 A
05507600 2002 3 26 28061.5164 A
05507600 2002 3 27 28513.7823 A
05507600 2002 3 28 28420.2050 A
05507600 2002 3 29 28167.9421 A
05507600 2002 3 30 28075.0526 A
05507600 2002 3 31 28207.7355 A
05507600 2002 4 1 28297.2154 A
05507600 2002 4 2 28245.3310 A
05507600 2002 4 3 28198.9244 A
05507600 2002 4 4 28228.9816 A
05507600 2002 4 5 28339.4949 A
05507600 2002 4 6 28577.8097 A
05507600 2002 4 7 28225.6392 A
05507600 2002 4 8 28222.3962 A
05507600 2002 4 9 28278.1575 A
05507600 2002 4 10 28370.2586 A
05507600 2002 4 11 28341.0564 A
05507600 2002 4 12 28245.6808 A
05507600 2002 4 13 28265.9236 A
05507600 2002 4 14 28442.8729 A
05507600 2002 4 15 28639.4636 A
05507600 2002 4 16 28388.4693 A
05507600 2002 4 17 28417.2364 A
05507600 2002 4 18 28437.7619 A
05507600 2002 4 19 28464.1481 A
05507600 2002 4 20 28442.1635 A
05507600 2002 4 21 28621.4626 A
05507600 2002 4 22 28607.9171 A
05507600 2002 4 23 28723.1101 A
05507600 2002 4 24 28483.0606 A
05507600 2002 4 25 28535.1497 A
05507600 2002 4 26 28768.8037 A
05507600 2002 4 27 28820.8008 A
05507600 2002 4 28 28927.1546 A
05507600 2002 4 29 28852.5770 A
05507600 2002 4 30 28725.6520 A
05507600 2002 5 1 28689.9697 A
05507600 2002 5 2 28859.7394 A
05507600 2002 5 3 29011.1421 A
05507600 2002 5 4 28739.8631 A
05507600 2002 5 5 28754.6034 A
05507600 2002 5 6 28788.4311 A
05507600 2002 5 7 29076.4041 A
05507600 2002 5 8 28798.0528 A
05507600 2002 5 9 29085.9907 A
05507600 2002 5 10 28900.6140 A
05507600 2002 5 11 28935.7095 A
05507600 2002 5 12 29058.6335 A
05507600 2002 5 13 28923.0326 A
05507600 2002 5 14 29013.9883 A
05507600 2002 5 15 28931.2459 A
05507600 2002 5 16 29051.0996 A
05507600 2002 5 17 28961.8085 A
05507600 2002 5 18 28946.3046 A
05507600 2002 5 19 28919.9368 A
05507600 2002 5 20 29235.6573 A
05507600 2002 5 21 29138.9669 A
05507600 2002 5 22 28978.4288 A
05507600 2002 5 23 28958.8217 A
05507600 2002 5 24 28972.6653 A
05507600 2002 5 25 29120.2533 A
05507600 2002 5 26 29030.7467 A
05507600 2002 5 27 29029.7691 A
05507600 2002 5 28 29050.7989 A
05507600 2002 5 29 29205.3959 A
05507600 2002 5 30 29071.3622 A
05507600 2002 5 31 29312.2613 A
05507600 2002 6 1 29211.5442 A
05507600 2002 6 2 29243.3143 A
05507600 2002 6 3 29450.6438 A
05507600 2002 6 4 29356.4093 A
05507600 2002 6 5 29180.2920 A
05507600 2002 6 6 29467.4175 A
05507600 2002 6 7 29528.2204 A
05507600 2002 6 8 29325.4265 A
05507600 2002 6 9 29540.8054 A
05507600 2002 6 10 29528.2644 A
05507600 2002 6 11 29503.7378 A
05507600 2002 6 12 29592.8220 A
05507600 2002 6 13 29721.1484 A
05507600 2002 6 14 29510.0271 A
05507600 2002 6 15 29697.9593 A
05507600 2002 6 16 29518.0497 A
05507600 2002 6 17 29500.3020 A
05507600 2002 6 18 29549.0148 A
05507600 2002 6 19 29506.5151 A
05507600 2002 6 20 29900.2948 A
05507600 2002 6 21 29796.4195 A
05507600 2002 6 22 29581.6940 A
05507600 2002 6 23 29576.8469 A
05507600 2002 6 24 29584.5448 A
05507600 2002 6 25 29890.4853 A
05507600 2002 6 26 29675.4376 A
05507600 2002 6 27 29656.5215 A
05507600 2002 6 28 29725.4943 A
05507600 2002 6 29 29733.9329 A
05507600 2002 6 30 29692.2035 A
05507600 2002 7 1 29722.4334 A
05507600 2002 7 2 29703.9939 A
05507600 2002 7 3 29760.8570 A
05507600 2002 7 4 29841.4436 A
05507600 2002 7 5 29751.9513 A
05507600 2002 7 6 29723.1182 A
05507600 2002 7 7 29714.4166 A
05507600 2002 7 8 29750.7352 A
05507600 2002 7 9 29760.7423 A
05507600 2002 7 10 29829.5571 A
05507600 2002 7 11 29886.4742 A
05507600 2002 7 12 30013.6372 A
05507600 2002 7 13 29927.2492 A
05507600 2002 7 14 29913.9829 A
05507600 2002 7 15 29995.0609 A
05507600 2002 7 16 30139.6855 A
05507600 2002 7 17 29970.4998 A
05507600 2002 7 18 29983.7249 A
05507600 2002 7 19 30418.2650 A
05507600 2002 7 20 30111.8504 A
05507600 2002 7 21 30111.7941 A
05507600 2002 7 22 30067.0975 A
05507600 2002 7 23 30184.6955 A
05507600 2002 7 24 30062.3647 A
05507600 2002 7 25 30210.6556 A
05507600 2002 7 26 30208.6362 A
05507600 2002 7 27 30355.4529 A
05507600 2002 7 28 30091.7150 A
05507600 2002 7 29 30101.9639 A
05507600 2002 7 30 30140.2030 A
05507600 2002 7 31 30138.5906 A
05507600 2002 8 1 30148.6140 A
05507600 2002 8 2 30097.0410 A
05507600 2002 8 3 30186.4040 A
05507600 2002 8 4 30273.1531 A
05507600 2002 8 5 30135.5840 A
05507600 2002 8 6 30088.1634 A
05507600 2002 8 7 30115.3833 A
05507600 2002 8 8 30185.1556 A
05507600 2002 8 9 30246.6570 A
05507600 2002 8 10 30211.6992 A
05507600 2002 8 11 30231.5778 A
05507600 2002 8 12 30216.5993 A
05507600 2002 8 13 30159.8464 A
05507600 2002 8 14 30132.5531 A
05507600 2002 8 15 30187.2234 A
05507600 2002 8 16 30216.5752 A
05507600 2002 8 17 30462.7591 A
05507600 2002 8 18 30238.2044 A
05507600 2002 8 19 30256.4755 A
05507600 2002 8 20 30166.6785 A
05507600 2002 8 21 30396.9654 A
05507600 2002 8 22 30214.8334 A
05507600 2002 8 23 30728.1052 A
05507600 2002 8 24 30363.1399 A
05507600 2002 8 25 30494.0719 A
05507600 2002 8 26 30457.3556 A
05507600 2002 8 27 30451.3222 A
05507600 2002 8 28 30292.7834 A
05507600 2002 8 29 30392.3432 A
05507600 2002 8 30 30470.3561 A
05507600 2002 8 31 30450.9636 A
05507600 2002 9 1 30458.9867 A
05507600 2002 9 2 30456.2017 A
05507600 2002 9 3 30369.7647 A
05507600 2002 9 4 30397.1017 A
05507600 2002 9 5 30427.1453 A
05507600 2002 9 6 30489.5770 A
05507600 2002 9 7 30406.5521 A
05507600 2002 9 8 30537.7574 A
05507600 2002 9 9 30424.6386 A
05507600 2002 9 10 30442.6085 A
05507600 2002 9 11 30390.9709 A
05507600 2002 9 12 30633.1806 A
05507600 2002 9 13 30678.9481 A
05507600 2002 9 14 30469.2724 A
05507600 2002 9 15 30509.4114 A
05507600 2002 9 16 30637.6227 A
05507600 2002 9 17 30500.6539 A
05507600 2002 9 18 30562.3157 A
05507600 2002 9 19 30474.2671 A
05507600 2002 9 20 30555.6390 A
05507600 2002 9 21 30559.5506 A
05507600 2002 9 22 30505.5645 A
05507600 2002 9 23 30501.1278 A
05507600 2002 9 24 30506.9552 A
05507600 2002 9 25 30474.8648 A
05507600 2002 9 26 30506.7543 A
05507600 2002 9 27 30496.4665 A
05507600 2002 9 28 30483.6639 A
05507600 2002 9 29 30478.5669 A
05507600 2002 9 30 30593.4596 A
05507600 2002 10 1 30475.1490 A
05507600 2002 10 2 30521.2316 A
05507600 2002 10 3 30580.6730 A
05507600 2002 10 4 30541.4940 A
05507600 2002 10 5 30497.1653 A
05507600 2002 10 6 30496.0897 A
05507600 2002 10 7 30518.0048 A
05507600 2002 10 8 30449.5020 A
05507600 2002 10 9 30465.5001 A
05507600 2002 10 10 30507.3667 A
05507600 2002 10 11 30536.1558 A
05507600 2002 10 12 30513.1960 A
05507600 2002 10 13 30468.7324 A
05507600 2002 10 14 30592.4581 A
05507600 2002 10 15 30462.2469 A
05507600 2002 10 16 30534.7143 A
05507600 2002 10 17 30495.8284 A
05507600 2002 10 18 30451.8240 A
05507600 2002 10 19 30467.3512 A
05507600 2002 10 20 30470.1302 A
05507600 2002 10 21 30437.0676 A
05507600 2002 10 22 30432.2302 A
05507600 2002 10 23 30415.0245 A
05507600 2002 10 24 30471.9217 A
05507600 2002 10 25 30463.4611 A
05507600 2002 10 26 30411.3063 A
05507600 2002 10 27 30454.8114 A
05507600 2002 10 28 30384.0115 A
05507600 2002 10 29 30381.2457 A
05507600 2002 10 30 30420.2706 A
05507600 2002 10 31 30417.6990 A
05507600 2002 11 1 30395.0215 A
05507600 2002 11 2 30468.4294 A
05507600 2002 11 3 30373.9559 A
05507600 2002 11 4 30326.6901 A
05507600 2002 11 5 30360.6897 A
05507600 2002 11 6 30384.2177 A
05507600 2002 11 7 30370.0833 A
05507600 2002 11 8 30355.2983 A
05507600 2002 11 9 30352.6657 A
05507600 2002 11 10 30405.0488 A
05507600 2002 11 11 30402.2115 A
05507600 2002 11 12 30450.5207 A
05507600 2002 11 13 30339.1870 A
05507600 2002 11 14 30406.7282 A
05507600 2002 11 15 30381.3528 A
05507600 2002 11 16 30420.2046 A
05507600 2002 11 17 30384.5744 A
05507600 2002 11 18 30341.5222 A
05507600 2002 11 19 30395.9233 A
05507600 2002 11 20 30529.7358 A
05507600 2002 11 21 30437.2924 A
05507600 2002 11 22 30414.1107 A
05507600 2002 11 23 30341.4192 A
05507600 2002 11 24 30428.5588 A
05507600 2002 11 25 30407.4579 A
05507600 2002 11 26 30454.7195 A
05507600 2002 11 27 30387.9254 A
05507600 2002 11 28 30374.8633 A
05507600 2002 11 29 30399.6400 A
05507600 2002 11 30 30369.7324 A
05507600 2002 12 1 30476.9149 A
05507600 2002 12 2 30465.4746 A
05507600 2002 12 3 30397.7182 A
05507600 2002 12 4 30377.9688 A
05507600 2002 12 5 30361.5624 A
05507600 2002 12 6 30371.5591 A
05507600 2002 12 7 30368.9982 A
05507600 2002 12 8 30383.2060 A
05507600 2002 12 9 30369.1602 A
05507600 2002 12 10 30565.7654 A
05507600 2002 12 11 30372.4927 A
05507600 2002 12 12 30343.7745 A
05507600 2002 12 13 30529.4258 A
05507600 2002 12 14 30516.4873 A
05507600 2002 12 15 30488.0881 A
05507600 2002 12 16 30499.0862 A
05507600 2002 12 17 30385.6328 A
05507600 2002 12 18 30434.9879 A
05507600 2002 12 19 30406.5731 A
05507600 2002 12 20 30491.3406 A
05507600 2002 12 21 30482.2445 A
05507600 2002 12 22 30529.8892 A
05507600 2002 12 23 30430.0753 A
05507600 2002 12 24 30471.9391 A
05507600 2002 12 25 30400.5979 A
05507600 2002 12 26 30374.4407 A
05507600 2002 12 27 30434.9016 A
05507600 2002 12 28 30455.1329 A
05507600 2002 12 29 30445.5215 A
05507600 2002 12 30 30506.1264 A
05507600 2002 12 31 30489.3567 A
05507600 2003 1 1 30476.1856 A
05507600 2003 1 2 30489.6309 A
05507600 2003 1 3 30460.7839 A
05507600 2003 1 4 30378.9120 A
05507600 2003 1 5 30390.5049 A
05507600 2003 1 6 30439.7425 A
05507600 2003 1 7 30499.2110 A
05507600 2003 1 8 30409.0077 A
05507600 2003 1 9 30502.0280 A
05507600 2003 1 10 30520.6861 A
05507600 2003 1 11 30425.6438 A
05507600 2003 1 12 30443.5259 A
05507600 2003 1 13 30407.4594 A
05507600 2003 1 14 30448.0579 A
05507600 2003 1 15 30409.9460 A
05507600 2003 1 16 30503.7842 A
05507600 2003 1 17 30436.2615 A
05507600 2003 1 18 30518.0596 A
05507600 2003 1 19 30494.5891 A
05507600 2003 1 20 30736.8705 A
05507600 2003 1 21 30554.0243 A
05507600 2003 1 22 30542.8455 A
05507600 2003 1 23 30508.5302 A
05507600 2003 1 24 30595.3532 A
05507600 2003 1 25 30484.9467 A
05507600 2003 1 26 30606.4026 A
05507600 2003 1 27 30649.9231 A
05507600 2003 1 28 30518.5129 A
05507600 2003 1 29 30513.0074 A
05507600 2003 1 30 30665.0012 A
05507600 2003 1 31 30681.7906 A
05507600 2003 2 1 30573.1920 A
05507600 2003 2 2 30660.3064 A
05507600 2003 2 3 30534.3716 A
05507600 2003 2 4 30581.6334 A
05507600 2003 2 5 30560.1309 A
05507600 2003 2 6 30667.9355 A
05507600 2003 2 7 30622.9409 A
05507600 2003 2 8 30550.8272 A
05507600 2003 2 9 30582.3741 A
05507600 2003 2 10 30754.5234 A
05507600 2003 2 11 30923.6936 A
05507600 2003 2 12 30789.8259 A
05507600 2003 2 13 30813.5677 A
05507600 2003 2 14 30813.0630 A
05507600 2003 2 15 30677.6270 A
05507600 2003 2 16 30738.9888 A
05507600 2003 2 17 30737.6506 A
05507600 2003 2 18 30683.1054 A
05507600 2003 2 19 30723.9507 A
05507600 2003 2 20 30740.7009 A
05507600 2003 2 21 30640.1897 A
05507600 2003 2 22 30828.7107 A
05507600 2003 2 23 30741.2689 A
05507600 2003 2 24 31234.8321 A
05507600 2003 2 25 30828.9542 A
05507600 2003 2 26 31070.3923 A
05507600 2003 2 27 30984.5421 A
05507600 2003 2 28 31007.5438 A
05507600 2003 3 1 31111.9922 A
05507600 2003 3 2 31018.3189 A
05507600 2003 3 3 30967.6345 A
05507600 2003 3 4 31400.0829 A
05507600 2003 3 5 31232.3408 A
05507600 2003 3 6 31088.1218 A
05507600 2003 3 7 31346.2483 A
05507600 2003 3 8 31275.9065 A
05507600 2003 3 9 31126.7554 A
05507600 2003 3 10 31217.3215 A
05507600 2003 3 11 31208.0570 A
05507600 2003 3 12 31431.4244 A
05507600 2003 3 13 31348.5139 A
05507600 2003 3 14 31236.7882 A
05507600 2003 3 15 31599.0779 A
05507600 2003 3 16 31334.7926 A
05507600 2003 3 17 31294.7515 A
05507600 2003 3 18 31513.9473 A
05507600 2003 3 19 31279.8172 A
05507600 2003 3 20 31443.6285 A
05507600 2003 3 21 31341.9818 A
05507600 2003 3 22 31308.1722 A
05507600 2003 3 23 31394.9238 A
05507600 2003 3 24 31359.2943 A
05507600 2003 3 25 31579.1985 A
05507600 2003 3 26 31370.6214 A
05507600 2003 3 27 31357.6371 A
05507600 2003 3 28 31470.0175 A
05507600 2003 3 29 31470.5499 A
05507600 2003 3 30 31436.3767 A
05507600 2003 3 31 31671.0092 A
05507600 2003 4 1 31486.3981 A
05507600 2003 4 2 31575.5687 A
05507600 2003 4 3 32068.3012 A
05507600 2003 4 4 31668.2971 A
05507600 2003 4 5 31690.6984 A
05507600 2003 4 6 31623.6416 A
05507600 2003 4 7 31698.1924 A
05507600 2003 4 8 31712.9967 A
05507600 2003 4 9 31685.8638 A
05507600 2003 4 10 31727.9732 A
05507600 2003 4 11 32097.2251 A
05507600 2003 4 12 31921.4576 A
05507600 2003 4 13 31829.3366 A
05507600 2003 4 14 31915.8854 A
05507600 2003 4 15 32421.4381 A
05507600 2003 4 16 32118.7062 A
05507600 2003 4 17 31944.6629 A
05507600 2003 4 18 32190.9106 A
05507600 2003 4 19 32331.0773 A
05507600 2003 4 20 32012.9218 A
05507600 2003 4 21 32120.0262 A
05507600 2003 4 22 32308.9389 A
05507600 2003 4 23 32100.4253 A
05507600 2003 4 24 32446.2356 A
05507600 2003 4 25 32123.6849 A
05507600 2003 4 26 32197.8487 A
05507600 2003 4 27 32205.7294 A
05507600 2003 4 28 32520.1494 A
05507600 2003 4 29 32515.3520 A
05507600 2003 4 30 32475.7277 A
05507600 2003 5 1 32335.6858 A
05507600 2003 5 2 32397.6849 A
05507600 2003 5 3 32348.1051 A
05507600 2003 5 4 32606.5074 A
05507600 2003 5 5 32681.0860 A
05507600 2003 5 6 32443.0921 A
05507600 2003 5 7 32738.4656 A
05507600 2003 5 8 32509.6812 A
05507600 2003 5 9 32585.4483 A
05507600 2003 5 10 32502.7957 A
05507600 2003 5 11 32512.9247 A
05507600 2003 5 12 32637.0764 A
05507600 2003 5 13 32756.6768 A
05507600 2003 5 14 32705.4969 A
05507600 2003 5 15 32740.2506 A
05507600 2003 5 16 32681.4410 A
05507600 2003 5 17 32655.9941 A
05507600 2003 5 18 33108.5062 A
05507600 2003 5 19 32747.3460 A
05507600 2003 5 20 32815.9258 A
05507600 2003 5 21 32839.4402 A
05507600 2003 5 22 32814.8290 A
05507600 2003 5 23 32760.2303 A
05507600 2003 5 24 32900.2198 A
05507600 2003 5 25 33126.0591 A
05507600 2003 5 26 32884.8570 A
05507600 2003 5 27 33123.3823 A
05507600 2003 5 28 32905.6595 A
05507600 2003 5 29 33114.8251 A
05507600 2003 5 30 33054.9222 A
05507600 2003 5 31 33352.8505 A
05507600 2003 6 1 33033.6731 A
05507600 2003 6 2 33179.5764 A
05507600 2003 6 3 33139.8646 A
05507600 2003 6 4 33048.0390 A
05507600 2003 6 5 33298.6634 A
05507600 2003 6 6 33099.5504 A
05507600 2003 6 7 33137.7995 A
05507600 2003 6 8 33200.7950 A
05507600 2003 6 9 33280.0782 A
05507600 2003 6 10 33100.3474 A
05507600 2003 6 11 33217.6774 A
05507600 2003 6 12 33128.6054 A
05507600 2003 6 13 33389.6671 A
05507600 2003 6 14 33211.6509 A
05507600 2003 6 15 33421.7984 A
05507600 2003 6 16 33401.3687 A
05507600 2003 6 17 33486.4672 A
05507600 2003 6 18 33602.8431 A
05507600 2003 6 19 33340.1999 A
05507600 2003 6 20 33487.5794 A
05507600 2003 6 21 33739.4323 A
05507600 2003 6 22 33532.7026 A
05507600 2003 6 23 33446.0998 A
05507600 2003 6 24 33575.4840 A
05507600 2003 6 25 33398.5428 A
05507600 2003 6 26 33720.6743 A
05507600 2003 6 27 33635.9230 A
05507600 2003 6 28 33721.6224 A
05507600 2003 6 29 33539.1855 A
05507600 2003 6 30 33572.1839 A
05507600 2003 7 1 33526.1516 A
05507600 2003 7 2 33715.0784 A
05507600 2003 7 3 33669.0881 A
05507600 2003 7 4 33651.2665 A
05507600 2003 7 5 33666.7657 A
05507600 2003 7 6 33732.3770 A
05507600 2003 7 7 33993.6001 A
05507600 2003 7 8 33751.3025 A
05507600 2003 7 9 33732.3227 A
05507600 2003 7 10 33716.4687 A
05507600 2003 7 11 33645.5708 A
05507600 2003 7 12 34034.1015 A
05507600 2003 7 13 33987.3390 A
05507600 2003 7 14 33793.6386 A
05507600 2003 7 15 33912.0442 A
05507600 2003 7 16 33832.4638 A
05507600 2003 7 17 33891.7028 A
05507600 2003 7 18 33971.2762 A
05507600 2003 7 19 33857.7870 A
05507600 2003 7 20 33915.1702 A
05507600 2003 7 21 33958.0649 A
05507600 2003 7 22 33945.0810 A
05507600 2003 7 23 33907.6729 A
05507600 2003 7 24 33937.4666 A
05507600 2003 7 25 33889.0557 A
05507600 2003 7 26 34171.3230 A
05507600 2003 7 27 34077.2481 A
05507600 2003 7 28 33958.1010 A
05507600 2003 7 29 34312.2527 A
05507600 2003 7 30 34138.1462 A
05507600 2003 7 31 34013.6555 A
05507600 2003 8 1 33987.7649 A
05507600 2003 8 2 34069.7598 A
05507600 2003 8 3 34219.5805 A
05507600 2003 8 4 34123.5319 A
05507600 2003 8 5 34269.7639 A
05507600 2003 8 6 34200.5765 A
05507600 2003 8 7 34134.3717 A
05507600 2003 8 8 34634.2081 A
05507600 2003 8 9 34202.0098 A
05507600 2003 8 10 34255.3473 A
05507600 2003 8 11 34281.1392 A
05507600 2003 8 12 34229.0717 A
05507600 2003 8 13 34209.2229 A
05507600 2003 8 14 34262.2482 A
05507600 2003 8 15 34323.5961 A
05507600 2003 8 16 34341.7766 A
05507600 2003 8 17 34392.2038 A
05507600 2003 8 18 34498.1886 A
05507600 2003 8 19 34301.7475 A
05507600 2003 8 20 34287.9996 A
05507600 2003 8 21 34546.9496 A
05507600 2003 8 22 34634.7979 A
05507600 2003 8 23 34411.7497 A
05507600 2003 8 24 34455.7058 A
05507600 2003 8 25 34396.5782 A
05507600 2003 8 26 34379.5524 A
05507600 2003 8 27 34405.4349 A
05507600 2003 8 28 34535.1624 A
05507600 2003 8 29 34415.9510 A
05507600 2003 8 30 34417.9874 A
05507600 2003 8 31 34444.6677 A
05507600 2003 9 1 34535.6290 A
05507600 2003 9 2 34400.8092 A
05507600 2003 9 3 34419.4277 A
05507600 2003 9 4 34443.1935 A
05507600 2003 9 5 34418.0851 A
05507600 2003 9 6 34633.6715 A
05507600 2003 9 7 34404.6618 A
05507600 2003 9 8 34447.8351 A
05507600 2003 9 9 34424.8439 A
05507600 2003 9 10 34490.5923 A
05507600 2003 9 11 34465.6168 A
05507600 2003 9 12 34520.5926 A
05507600 2003 9 13 34475.3114 A
05507600 2003 9 14 34652.1225 A
05507600 2003 9 15 34572.0129 A
05507600 2003 9 16 34608.5659 A
05507600 2003 9 17 34484.4601 A
05507600 2003 9 18 34618.7344 A
05507600 2003 9 19 34558.1046 A
05507600 2003 9 20 34681.1023 A
05507600 2003 9 21 34589.1388 A
05507600 2003 9 22 34558.8297 A
05507600 2003 9 23 34551.1610 A
05507600 2003 9 24 34719.5007 A
05507600 2003 9 25 34593.9553 A
05507600 2003 9 26 34536.3964 A
05507600 2003 9 27 34628.6936 A
05507600 2003 9 28 34532.7772 A
05507600 2003 9 29 34570.7025 A
05507600 2003 9 30 34589.2088 A
05507600 2003 10 1 34570.3031 A
05507600 2003 10 2 34644.5847 A
05507600 2003 10 3 34615.0083 A
05507600 2003 10 4 34541.7449 A
05507600 2003 10 5 34635.5168 A
05507600 2003 10 6 34616.2466 A
05507600 2003 10 7 34536.9928 A
05507600 2003 10 8 34733.3979 A
05507600 2003 10 9 34636.8425 A
05507600 2003 10 10 34743.5123 A
05507600 2003 10 11 34712.7535 A
05507600 2003 10 12 34616.1626 A
05507600 2003 10 13 34601.3610 A
05507600 2003 10 14 34562.6316 A
05507600 2003 10 15 34563.6564 A
05507600 2003 10 16 34596.4131 A
05507600 2003 10 17 34601.3699 A
05507600 2003 10 18 34620.9778 A
05507600 2003 10 19 34684.6770 A
05507600 2003 10 20 34573.6843 A
05507600 2003 10 21 34612.2679 A
05507600 2003 10 22 34602.9636 A
05507600 2003 10 23 34603.1627 A
05507600 2003 10 24 34561.4729 A
05507600 2003 10 25 34554.8245 A
05507600 2003 10 26 34572.9576 A
05507600 2003 10 27 34573.9168 A
05507600 2003 10 28 34545.9671 A
05507600 2003 10 29 34591.9934 A
05507600 2003 10 30 34555.3345 A
05507600 2003 10 31 34526.1312 A
05507600 2003 11 1 34571.9429 A
05507600 2003 11 2 34601.6629 A
05507600 2003 11 3 34521.5546 A
05507600 2003 11 4 34538.3147 A
05507600 2003 11 5 34541.1512 A
05507600 2003 11 6 34526.8754 A
05507600 2003 11 7 34526.7344 A
05507600 2003 11 8 34486.2514 A
05507600 2003 11 9 34484.5251 A
05507600 2003 11 10 34479.8783 A
05507600 2003 11 11 34466.6894 A
05507600 2003 11 12 34455.0126 A
05507600 2003 11 13 34448.3292 A
05507600 2003 11 14 34474.9418 A
05507600 2003 11 15 34457.5281 A
05507600 2003 11 16 34407.6871 A
05507600 2003 11 17 34474.3277 A
05507600 2003 11 18 34430.6098 A
05507600 2003 11 19 34489.1059 A
05507600 2003 11 20 34601.5969 A
05507600 2003 11 21 34442.4362 A
05507600 2003 11 22 34438.9063 A
05507600 2003 11 23 34490.6953 A
05507600 2003 11 24 34797.4424 A
05507600 2003 11 25 34492.3990 A
05507600 2003 11 26 34556.4171 A
05507600 2003 11 27 34558.0679 A
05507600 2003 11 28 34713.1753 A
05507600 2003 11 29 34581.5710 A
05507600 2003 11 30 34549.6609 A
05507600 2003 12 1 34538.0422 A
05507600 2003 12 2 34548.1587 A
05507600 2003 12 3 34583.1135 A
05507600 2003 12 4 34553.1103 A
05507600 2003 12 5 34564.4810 A
05507600 2003 12 6 34618.1579 A
05507600 2003 12 7 34681.6703 A
05507600 2003 12 8 34794.4627 A
05507600 2003 12 9 34645.1472 A
05507600 2003 12 10 34584.8159 A
05507600 2003 12 11 34604.3787 A
05507600 2003 12 12 34559.0394 A
05507600 2003 12 13 34535.2830 A
05507600 2003 12 14 34575.8680 A
05507600 2003 12 15 34612.7970 A
05507600 2003 12 16 34701.4614 A
05507600 2003 12 17 34610.6901 A
05507600 2003 12 18 34547.5326 A
05507600 2003 12 19 34673.6686 A
05507600 2003 12 20 34743.0188 A
05507600 2003 12 21 34630.8459 A
05507600 2003 12 22 34622.8824 A
05507600 2003 12 23 34563.1044 A
05507600 2003 12 24 34612.3887 A
05507600 2003 12 25 34594.4349 A
05507600 2003 12 26 34621.6288 A
05507600 2003 12 27 34561.9066 A
05507600 2003 12 28 34582.6322 A
05507600 2003 12 29 34675.6076 A
05507600 2003 12 30 34585.9838 A
05507600 2003 12 31 34570.3860 A
05507600 2004 1 1 34561.4365 A
05507600 2004 1 2 34580.3213 A
05507600 2004 1 3 34697.4414 A
05507600 2004 1 4 34657.6565 A
05507600 2004 1 5 34639.3055 A
05507600 2004 1 6 34647.3588 A
05507600 2004 1 7 34593.0712 A
05507600 2004 1 8 34584.2711 A
05507600 2004 1 9 34595.7434 A
05507600 2004 1 10 34553.3765 A
05507600 2004 1 11 34553.5907 A
05507600 2004 1 12 34703.2864 A
05507600 2004 1 13 34590.1247 A
05507600 2004 1 14 34570.4894 A
05507600 2004 1 15 34581.1620 A
05507600 2004 1 16 34521.1268 A
05507600 2004 1 17 34567.8577 A
05507600 2004 1 18 34545.6729 A
05507600 2004 1 19 34611.5322 A
05507600 2004 1 20 34559.3298 A
05507600 2004 1 21 34697.7864 A
05507600 2004 1 22 34723.5450 A
05507600 2004 1 23 34604.3260 A
05507600 2004 1 24 34604.7730 A
05507600 2004 1 25 34654.8702 A
05507600 2004 1 26 34704.8746 A
05507600 2004 1 27 34571.5515 A
05507600 2004 1 28 34538.8097 A
05507600 2004 1 29 34684.4687 A
05507600 2004 1 30 35041.4572 A
05507600 2004 1 31 34656.5988 A
05507600 2004 2 1 34684.4220 A
05507600 2004 2 2 34805.9757 A
05507600 2004 2 3 34747.1528 A
05507600 2004 2 4 34704.1711 A
05507600 2004 2 5 34773.4896 A
05507600 2004 2 6 34763.4748 A
05507600 2004 2 7 34721.0953 A
05507600 2004 2 8 34750.5664 A
05507600 2004 2 9 34817.0597 A
05507600 2004 2 10 34899.7645 A
05507600 2004 2 11 34750.6188 A
05507600 2004 2 12 34828.7701 A
05507600 2004 2 13 35014.4896 A
05507600 2004 2 14 34831.1905 A
05507600 2004 2 15 34846.0956 A
05507600 2004 2 16 34775.2564 A
05507600 2004 2 17 35079.4269 A
05507600 2004 2 18 35264.1417 A
05507600 2004 2 19 35245.0954 A
05507600 2004 2 20 34922.4267 A
05507600 2004 2 21 35051.5344 A
05507600 2004 2 22 34990.3529 A
05507600 2004 2 23 34987.9208 A
05507600 2004 2 24 35188.9256 A
05507600 2004 2 25 35027.0472 A
05507600 2004 2 26 35166.1834 A
05507600 2004 2 27 35051.7709 A
05507600 2004 2 28 35001.6426 A
05507600 2004 2 29 35152.6375 A
05507600 2004 3 1 35376.4243 A
05507600 2004 3 2 35504.2550 A
05507600 2004 3 3 35369.3638 A
05507600 2004 3 4 35291.1353 A
05507600 2004 3 5 35410.3633 A
05507600 2004 3 6 35256.7903 A
05507600 2004 3 7 35268.8823 A
05507600 2004 3 8 35655.6974 A
05507600 2004 3 9 35388.7025 A
05507600 2004 3 10 35399.8732 A
05507600 2004 3 11 35465.9353 A
05507600 2004 3 12 35392.2528 A
05507600 2004 3 13 35762.5273 A
05507600 2004 3 14 36677.1449 A
05507600 2004 3 15 35805.9131 A
05507600 2004 3 16 35680.7278 A
05507600 2004 3 17 35755.9260 A
05507600 2004 3 18 35991.9079 A
05507600 2004 3 19 35982.7545 A
05507600 2004 3 20 35919.6249 A
05507600 2004 3 21 36034.0195 A
05507600 2004 3 22 36552.4827 A
05507600 2004 3 23 35988.0902 A
05507600 2004 3 24 36166.2557 A
05507600 2004 3 25 36183.3775 A
05507600 2004 3 26 36278.2834 A
05507600 2004 3 27 36057.1808 A
05507600 2004 3 28 36513.2973 A
05507600 2004 3 29 36197.6308 A
05507600 2004 3 30 36294.2911 A
05507600 2004 3 31 36481.0652 A
05507600 2004 4 1 36249.5985 A
05507600 2004 4 2 36324.5945 A
05507600 2004 4 3 36728.1158 A
05507600 2004 4 4 36320.9001 A
05507600 2004 4 5 36482.7542 A
05507600 2004 4 6 36334.7680 A
05507600 2004 4 7 36397.6017 A
05507600 2004 4 8 36322.1290 A
05507600 2004 4 9 36613.6562 A
05507600 2004 4 10 36909.7829 A
05507600 2004 4 11 36509.9630 A
05507600 2004 4 12 36524.8286 A
05507600 2004 4 13 36833.8854 A
05507600 2004 4 14 36502.8385 A
05507600 2004 4 15 36526.9897 A
05507600 2004 4 16 36590.0426 A
05507600 2004 4 17 36530.6689 A
05507600 2004 4 18 36536.8312 A
05507600 2004 4 19 36809.1819 A
05507600 2004 4 20 36656.7697 A
05507600 2004 4 21 36647.1316 A
05507600 2004 4 22 36688.3555 A
05507600 2004 4 23 36837.8521 A
05507600 2004 4 24 37092.2769 A
05507600 2004 4 25 36931.4148 A
05507600 2004 4 26 37066.7500 A
05507600 2004 4 27 36936.4931 A
05507600 2004 4 28 36974.0848 A
05507600 2004 4 29 36863.8848 A
05507600 2004 4 30 37175.5874 A
05507600 2004 5 1 37078.0871 A
05507600 2004 5 2 37533.2498 A
05507600 2004 5 3 37035.8232 A
05507600 2004 5 4 37100.3175 A
05507600 2004 5 5 37248.8124 A
05507600 2004 5 6 37146.5245 A
05507600 2004 5 7 37093.9776 A
05507600 2004 5 8 37080.7957 A
05507600 2004 5 9 37195.1452 A
05507600 2004 5 10 37187.9395 A
05507600 2004 5 11 37159.2156 A
05507600 2004 5 12 37368.9471 A
05507600 2004 5 13 37132.0686 A
05507600 2004 5 14 37389.9168 A
05507600 2004 5 15 37153.4660 A
05507600 2004 5 16 37174.1603 A
05507600 2004 5 17 37507.2169 A
05507600 2004 5 18 37439.4539 A
05507600 2004 5 19 37761.0763 A
05507600 2004 5 20 37422.3674 A
05507600 2004 5 21 37458.7970 A
05507600 2004 5 22 37782.6830 A
05507600 2004 5 23 37593.9947 A
05507600 2004 5 24 37467.2482 A
05507600 2004 5 25 37769.3140 A
05507600 2004 5 26 37755.8279 A
05507600 2004 5 27 37640.9944 A
05507600 2004 5 28 37826.7711 A
05507600 2004 5 29 37840.2503 A
05507600 2004 5 30 37577.7941 A
05507600 2004 5 31 38037.2480 A
05507600 2004 6 1 37834.4187 A
05507600 2004 6 2 37681.3718 A
05507600 2004 6 3 37908.1576 A
05507600 2004 6 4 38078.5693 A
05507600 2004 6 5 37958.3133 A
05507600 2004 6 6 37855.0840 A
05507600 2004 6 7 37845.3585 A
05507600 2004 6 8 37983.6856 A
05507600 2004 6 9 38302.2905 A
05507600 2004 6 10 38002.6969 A
05507600 2004 6 11 37912.8598 A
05507600 2004 6 12 38505.4971 A
05507600 2004 6 13 38419.9162 A
05507600 2004 6 14 38149.3803 A
05507600 2004 6 15 38061.8699 A
05507600 2004 6 16 38058.3457 A
05507600 2004 6 17 38205.9183 A
05507600 2004 6 18 38210.3602 A
05507600 2004 6 19 38332.4348 A
05507600 2004 6 20 38603.9758 A
05507600 2004 6 21 38258.4515 A
05507600 2004 6 22 38256.0140 A
05507600 2004 6 23 38487.0949 A
05507600 2004 6 24 38496.6349 A
05507600 2004 6 25 38356.7137 A
05507600 2004 6 26 38481.9975 A
05507600 2004 6 27 38764.7017 A
05507600 2004 6 28 38426.3412 A
05507600 2004 6 29 38684.6058 A
05507600 2004 6 30 38514.4991 A
05507600 2004 7 1 38601.2675 A
05507600 2004 7 2 38505.0014 A
05507600 2004 7 3 38518.5988 A
05507600 2004 7 4 38509.9304 A
05507600 2004 7 5 38797.5123 A
05507600 2004 7 6 38662.0123 A
05507600 2004 7 7 38579.7603 A
05507600 2004 7 8 38594.1616 A
05507600 2004 7 9 38795.5371 A
05507600 2004 7 10 38650.5808 A
05507600 2004 7 11 38664.8434 A
05507600 2004 7 12 38975.5782 A
05507600 2004 7 13 38671.9071 A
05507600 2004 7 14 38804.6949 A
05507600 2004 7 15 38724.9454 A
05507600 2004 7 16 38807.4034 A
05507600 2004 7 17 39204.6468 A
05507600 2004 7 18 38920.2538 A
05507600 2004 7 19 38824.7970 A
05507600 2004 7 20 38775.5752 A
05507600 2004 7 21 38757.4463 A
05507600 2004 7 22 38876.0145 A
05507600 2004 7 23 39021.6773 A
05507600 2004 7 24 38848.6086 A
05507600 2004 7 25 39175.2171 A
05507600 2004 7 26 38991.2689 A
05507600 2004 7 27 39048.4615 A
05507600 2004 7 28 38900.6804 A
05507600 2004 7 29 39140.4503 A
05507600 2004 7 30 39095.3584 A
05507600 2004 7 31 38994.7250 A
05507600 2004 8 1 39303.0638 A
05507600 2004 8 2 39092.0425 A
05507600 2004 8 3 39641.2687 A
05507600 2004 8 4 39121.8924 A
05507600 2004 8 5 39117.5997 A
05507600 2004 8 6 39116.6727 A
05507600 2004 8 7 39178.4135 A
05507600 2004 8 8 39157.9097 A
05507600 2004 8 9 39289.8436 A
05507600 2004 8 10 39215.0860 A
05507600 2004 8 11 39190.1910 A
05507600 2004 8 12 39192.7597 A
05507600 2004 8 13 39174.0079 A
05507600 2004 8 14 39380.8376 A
05507600 2004 8 15 39267.1438 A
05507600 2004 8 16 39212.7554 A
05507600 2004 8 17 39420.5608 A
05507600 2004 8 18 39268.3547 A
05507600 2004 8 19 39346.1407 A
05507600 2004 8 20 39283.0872 A
05507600 2004 8 21 39423.6154 A
05507600 2004 8 22 39267.6707 A
05507600 2004 8 23 39274.4463 A
05507600 2004 8 24 39251.0337 A
05507600 2004 8 25 39257.5903 A
05507600 2004 8 26 39289.2162 A
05507600 2004 8 27 39462.6618 A
05507600 2004 8 28 39468.5783 A
05507600 2004 8 29 39326.2524 A
05507600 2004 8 30 39332.4304 A
05507600 2004 8 31 39338.9451 A
05507600 2004 9 1 39492.5550 A
05507600 2004 9 2 39373.0805 A
05507600 2004 9 3 39357.7406 A
05507600 2004 9 4 39380.6033 A
05507600 2004 9 5 39394.8801 A
05507600 2004 9 6 39317.1031 A
05507600 2004 9 7 39416.5199 A
05507600 2004 9 8 39415.6650 A
05507600 2004 9 9 39358.1008 A
05507600 2004 9 10 39345.7164 A
05507600 2004 9 11 39489.7749 A
05507600 2004 9 12 39505.0897 A
05507600 2004 9 13 39409.4453 A
05507600 2004 9 14 39409.0396 A
05507600 2004 9 15 39373.2293 A
05507600 2004 9 16 39378.9730 A
05507600 2004 9 17 39382.2878 A
05507600 2004 9 18 39467.9303 A
05507600 2004 9 19 39376.6314 A
05507600 2004 9 20 39392.7190 A
05507600 2004 9 21 39368.3667 A
05507600 2004 9 22 39342.6856 A
05507600 2004 9 23 39507.0172 A
05507600 2004 9 24 39403.1777 A
05507600 2004 9 25 39416.1213 A
05507600 2004 9 26 39412.4820 A
05507600 2004 9 27 39423.1701 A
05507600 2004 9 28 39401.5938 A
05507600 2004 9 29 39465.4557 A
05507600 2004 9 30 39387.0237 A
05507600 2004 10 1 39507.4338 A
05507600 2004 10 2 39524.5139 A
05507600 2004 10 3 39460.2403 A
05507600 2004 10 4 39438.4813 A
05507600 2004 10 5 39433.7064 A
05507600 2004 10 6 39403.6763 A
05507600 2004 10 7 39406.7959 A
05507600 2004 10 8 39476.0463 A
05507600 2004 10 9 39449.7083 A
05507600 2004 10 10 39422.5684 A
05507600 2004 10 11 39499.5723 A
05507600 2004 10 12 39432.5024 A
05507600 2004 10 13 39519.1814 A
05507600 2004 10 14 39419.4786 A
05507600 2004 10 15 39538.3030 A
05507600 2004 10 16 39453.0816 A
05507600 2004 10 17 39424.5410 A
05507600 2004 10 18 39424.3549 A
05507600 2004 10 19 39478.2457 A
05507600 2004 10 20 39534.0815 A
05507600 2004 10 21 39420.2530 A
05507600 2004 10 22 39564.2916 A
05507600 2004 10 23 39432.3215 A
05507600 2004 10 24 39503.5496 A
05507600 2004 10 25 39515.6539 A
05507600 2004 10 26 39461.4514 A
05507600 2004 10 27 39487.1549 A
05507600 2004 10 28 39531.9220 A
05507600 2004 10 29 39565.8664 A
05507600 2004 10 30 39460.1638 A
05507600 2004 10 31 39442.4267 A
05507600 2004 11 1 39530.7012 A
05507600 2004 11 2 39466.8670 A
05507600 2004 11 3 39534.5045 A
05507600 2004 11 4 39444.1716 A
05507600 2004 11 5 39429.1816 A
05507600 2004 11 6 39501.7201 A
05507600 2004 11 7 39491.0719 A
05507600 2004 11 8 39524.5786 A
05507600 2004 11 9 39501.5601 A
05507600 2004 11 10 39438.8886 A
05507600 2004 11 11 39465.8723 A
05507600 2004 11 12 39425.6561 A
05507600 2004 11 13 39448.1604 A
05507600 2004 11 14 39498.3746 A
05507600 2004 11 15 39424.4391 A
05507600 2004 11 16 39451.9532 A
05507600 2004 11 17 39392.0025 A
05507600 2004 11 18 39417.2974 A
05507600 2004 11 19 39429.2994 A
05507600 2004 11 20 39387.2464 A
05507600 2004 11 21 39418.1241 A
05507600 2004 11 22 39419.3213 A
05507600 2004 11 23 39405.5306 A
05507600 2004 11 24 39413.5519 A
05507600 2004 11 25 39481.0324 A
05507600 2004 11 26 39443.4275 A
05507600 2004 11 27 39426.3568 A
05507600 2004 11 28 39390.4625 A
05507600 2004 11 29 39367.9018 A
05507600 2004 11 30 39369.2254 A
05507600 2004 12 1 39482.3594 A
05507600 2004 12 2 39350.9745 A
05507600 2004 12 3 39376.8620 A
05507600 2004 12 4 39500.0481 A
05507600 2004 12 5 39419.0360 A
05507600 2004 12 6 39354.7038 A
05507600 2004 12 7 39434.9830 A
05507600 2004 12 8 39421.4280 A
05507600 2004 12 9 39626.7674 A
05507600 2004 12 10 39453.2360 A
05507600 2004 12 11 39404.2876 A
05507600 2004 12 12 39411.1839 A
05507600 2004 12 13 39414.5648 A
05507600 2004 12 14 39494.1463 A
05507600 2004 12 15 39497.2644 A
05507600 2004 12 16 39366.4122 A
05507600 2004 12 17 39344.5015 A
05507600 2004 12 18 39391.0914 A
05507600 2004 12 19 39447.0926 A
05507600 2004 12 20 39408.0063 A
05507600 2004 12 21 39485.7426 A
05507600 2004 12 22 39411.4656 A
05507600 2004 12 23 39365.5306 A
05507600 2004 12 24 39385.3422 A
05507600 2004 12 25 39382.5051 A
05507600 2004 12 26 39527.0928 A
05507600 2004 12 27 39432.1081 A
05507600 2004 12 28 39415.2466 A
05507600 2004 12 29 39514.7028 A
05507600 2004 12 30 39462.4779 A
05507600 2004 12 31 39418.7021 A
05507600 2005 1 1 39493.6182 A
05507600 2005 1 2 39469.5485 A
05507600 2005 1 3 39430.0386 A
05507600 2005 1 4 39567.2728 A
05507600 2005 1 5 39551.6448 A
05507600 2005 1 6 39485.8797 A
05507600 2005 1 7 39614.3611 A
05507600 2005 1 8 39547.9232 A
05507600 2005 1 9 39636.3221 A
05507600 2005 1 10 39549.7132 A
05507600 2005 1 11 39557.6096 A
05507600 2005 1 12 39599.9604 A
05507600 2005 1 13 39620.6252 A
05507600 2005 1 14 39614.4621 A
05507600 2005 1 15 39613.3389 A
05507600 2005 1 16 39537.2180 A
05507600 2005 1 17 39670.3441 A
05507600 2005 1 18 39680.3137 A
05507600 2005 1 19 39731.5337 A
05507600 2005 1 20 39671.2963 A
05507600 2005 1 21 39612.1922 A
05507600 2005 1 22 39847.2582 A
05507600 2005 1 23 39661.5178 A
05507600 2005 1 24 39747.9881 A
05507600 2005 1 25 39670.9524 A
05507600 2005 1 26 39861.0492 A
05507600 2005 1 27 39843.2234 A
05507600 2005 1 28 39884.9604 A
05507600 2005 1 29 39821.6581 A
05507600 2005 1 30 39860.3359 A
05507600 2005 1 31 39751.5930 A
05507600 2005 2 1 40040.6411 A
05507600 2005 2 2 39836.8759 A
05507600 2005 2 3 39897.9329 A
05507600 2005 2 4 39807.5372 A
05507600 2005 2 5 39806.8550 A
05507600 2005 2 6 39813.1351 A
05507600 2005 2 7 39883.5917 A
05507600 2005 2 8 40195.4712 A
05507600 2005 2 9 39981.7972 A
05507600 2005 2 10 39978.0112 A
05507600 2005 2 11 40075.2341 A
05507600 2005 2 12 39975.5058 A
05507600 2005 2 13 40051.5822 A
05507600 2005 2 14 39951.7951 A
05507600 2005 2 15 39969.1072 A
05507600 2005 2 16 40223.4400 A
05507600 2005 2 17 40014.6515 A
05507600 2005 2 18 39963.8561 A
05507600 2005 2 19 40029.8914 A
05507600 2005 2 20 39983.0033 A
05507600 2005 2 21 39973.5421 A
05507600 2005 2 22 40056.5299 A
05507600 2005 2 23 40421.0032 A
05507600 2005 2 24 40160.8012 A
05507600 2005 2 25 40180.7553 A
05507600 2005 2 26 40105.6628 A
05507600 2005 2 27 40184.2280 A
05507600 2005 2 28 40337.2278 A
05507600 2005 3 1 40172.8608 A
05507600 2005 3 2 40284.7617 A
05507600 2005 3 3 40459.1231 A
05507600 2005 3 4 40271.4215 A
05507600 2005 3 5 40381.5318 A
05507600 2005 3 6 40260.3737 A
05507600 2005 3 7 40439.0133 A
05507600 2005 3 8 40333.2540 A
05507600 2005 3 9 40632.0288 A
05507600 2005 3 10 40385.1621 A
05507600 2005 3 11 40722.1491 A
05507600 2005 3 12 40717.0155 A
05507600 2005 3 13 40626.9699 A
05507600 2005 3 14 40889.3136 A
05507600 2005 3 15 40691.7451 A
05507600 2005 3 16 40628.7114 A
05507600 2005 3 17 40818.4142 A
05507600 2005 3 18 40612.6388 A
05507600 2005 3 19 40688.5232 A
05507600 2005 3 20 40818.1104 A
05507600 2005 3 21 40677.4066 A
05507600 2005 3 22 40658.4889 A
05507600 2005 3 23 40761.4267 A
05507600 2005 3 24 40700.2640 A
05507600 2005 3 25 40789.9757 A
05507600 2005 3 26 41277.6912 A
05507600 2005 3 27 40847.8353 A
05507600 2005 3 28 41030.7932 A
05507600 2005 3 29 40819.8959 A
05507600 2005 3 30 41097.8324 A
05507600 2005 3 31 40885.9547 A
05507600 2005 4 1 40891.5229 A
05507600 2005 4 2 40896.9101 A
05507600 2005 4 3 40884.9652 A
05507600 2005 4 4 41131.7521 A
05507600 2005 4 5 41006.0951 A
05507600 2005 4 6 41067.2067 A
05507600 2005 4 7 40996.9977 A
05507600 2005 4 8 41060.9473 A
05507600 2005 4 9 40980.6482 A
05507600 2005 4 10 40958.5424 A
05507600 2005 4 11 41137.9717 A
05507600 2005 4 12 41024.5152 A
05507600 2005 4 13 41120.5442 A
05507600 2005 4 14 41068.2286 A
05507600 2005 4 15 41014.0503 A
05507600 2005 4 16 41632.1883 A
05507600 2005 4 17 41135.0625 A
05507600 2005 4 18 41134.7163 A
05507600 2005 4 19 41340.7024 A
05507600 2005 4 20 41529.4991 A
05507600 2005 4 21 41476.3868 A
05507600 2005 4 22 41261.5305 A
05507600 2005 4 23 41273.7206 A
05507600 2005 4 24 41333.5619 A
05507600 2005 4 25 41764.8340 A
05507600 2005 4 26 41489.8212 A
05507600 2005 4 27 41397.4500 A
05507600 2005 4 28 41389.1382 A
05507600 2005 4 29 41548.5466 A
05507600 2005 4 30 41598.2413 A
05507600 2005 5 1 41514.3899 A
05507600 2005 5 2 41572.5841 A
05507600 2005 5 3 41678.0166 A
05507600 2005 5 4 41510.0013 A
05507600 2005 5 5 41743.1296 A
05507600 2005 5 6 41523.6826 A
05507600 2005 5 7 41660.7033 A
05507600 2005 5 8 41593.6695 A
05507600 2005 5 9 41933.0371 A
05507600 2005 5 10 41725.4008 A
05507600 2005 5 11 41712.9198 A
05507600 2005 5 12 41736.5040 A
05507600 2005 5 13 41671.5445 A
05507600 2005 5 14 41707.0098 A
05507600 2005 5 15 41782.1327 A
05507600 2005 5 16 41682.1369 A
05507600 2005 5 17 42185.9991 A
05507600 2005 5 18 41855.1207 A
05507600 2005 5 19 41821.0495 A
05507600 2005 5 20 41962.7091 A
05507600 2005 5 21 41790.3151 A
05507600 2005 5 22 42091.6119 A
05507600 2005 5 23 41917.7808 A
05507600 2005 5 24 41861.8212 A
05507600 2005 5 25 41992.6977 A
05507600 2005 5 26 42136.8221 A
05507600 2005 5 27 42032.2939 A
05507600 2005 5 28 41902.9444 A
05507600 2005 5 29 41986.7799 A
05507600 2005 5 30 42158.0198 A
05507600 2005 5 31 42363.9870 A
05507600 2005 6 1 42687.5241 A
05507600 2005 6 2 42316.8174 A
05507600 2005 6 3 42265.3297 A
05507600 2005 6 4 42197.8748 A
05507600 2005 6 5 42355.2957 A
05507600 2005 6 6 42268.4841 A
05507600 2005 6 7 42340.4013 A
05507600 2005 6 8 42376.8913 A
05507600 2005 6 9 42290.7592 A
05507600 2005 6 10 42390.5805 A
05507600 2005 6 11 43139.3482 A
05507600 2005 6 12 42575.7230 A
05507600 2005 6 13 42579.8135 A
05507600 2005 6 14 42529.7816 A
05507600 2005 6 15 43006.7959 A
05507600 2005 6 16 42609.7601 A
05507600 2005 6 17 42910.6159 A
05507600 2005 6 18 42651.9116 A
05507600 2005 6 19 42666.9959 A
05507600 2005 6 20 42787.1066 A
05507600 2005 6 21 42714.6597 A
05507600 2005 6 22 42773.2310 A
05507600 2005 6 23 42817.3037 A
05507600 2005 6 24 42759.1368 A
05507600 2005 6 25 42866.6075 A
05507600 2005 6 26 42765.2587 A
05507600 2005 6 27 42797.2966 A
05507600 2005 6 28 42811.7410 A
05507600 2005 6 29 42885.9105 A
05507600 2005 6 30 42828.0843 A
05507600 2005 7 1 42778.4375 A
05507600 2005 7 2 42831.6902 A
05507600 2005 7 3 42825.4542 A
05507600 2005 7 4 42821.2997 A
05507600 2005 7 5 42813.2904 A
05507600 2005 7 6 43118.4339 A
05507600 2005 7 7 43005.8440 A
05507600 2005 7 8 42885.2431 A
05507600 2005 7 9 42927.2112 A
05507600 2005 7 10 42974.0421 A
05507600 2005 7 11 42925.4193 A
05507600 2005 7 12 42905.4486 A
05507600 2005 7 13 42997.3620 A
05507600 2005 7 14 42873.1489 A
05507600 2005 7 15 42971.3757 A
05507600 2005 7 16 42944.0225 A
05507600 2005 7 17 42910.0971 A
05507600 2005 7 18 42953.2878 A
05507600 2005 7 19 42966.7532 A
05507600 2005 7 20 42913.5380 A
05507600 2005 7 21 42969.7070 A
05507600 2005 7 22 42953.6218 A
05507600 2005 7 23 43344.6811 A
05507600 2005 7 24 43053.0531 A
05507600 2005 7 25 43026.1931 A
05507600 2005 7 26 43007.0884 A
05507600 2005 7 27 42964.5704 A
05507600 2005 7 28 43457.2342 A
05507600 2005 7 29 43099.8831 A
05507600 2005 7 30 43072.0931 A
05507600 2005 7 31 43137.4748 A
05507600 2005 8 1 43293.8455 A
05507600 2005 8 2 43320.3691 A
05507600 2005 8 3 43156.0834 A
05507600 2005 8 4 43201.3174 A
05507600 2005 8 5 43115.3240 A
05507600 2005 8 6 43115.7534 A
05507600 2005 8 7 43148.3200 A
05507600 2005 8 8 43134.3455 A
05507600 2005 8 9 43151.8234 A
05507600 2005 8 10 43308.1010 A
05507600 2005 8 11 43224.0742 A
05507600 2005 8 12 43494.3455 A
05507600 2005 8 13 43212.6249 A
05507600 2005 8 14 43194.0749 A
05507600 2005 8 15 43319.4904 A
05507600 2005 8 16 43207.4681 A
05507600 2005 8 17 43233.0558 A
05507600 2005 8 18 43223.8232 A
05507600 2005 8 19 43322.1188 A
05507600 2005 8 20 43221.3074 A
05507600 2005 8 21 43203.6659 A
05507600 2005 8 22 43462.2021 A
05507600 2005 8 23 43342.1504 A
05507600 2005 8 24 43410.7512 A
05507600 2005 8 25 43412.4088 A
05507600 2005 8 26 43301.6461 A
05507600 2005 8 27 43445.7256 A
05507600 2005 8 28 43314.1318 A
05507600 2005 8 29 43410.6396 A
05507600 2005 8 30 43456.8565 A
05507600 2005 8 31 43329.9176 A
05507600 2005 9 1 43375.0425 A
05507600 2005 9 2 43443.7745 A
05507600 2005 9 3 43385.8027 A
05507600 2005 9 4 43367.9710 A
05507600 2005 9 5 43372.8425 A
05507600 2005 9 6 43427.3957 A
05507600 2005 9 7 43409.6568 A
05507600 2005 9 8 43371.9699 A
05507600 2005 9 9 43348.4241 A
05507600 2005 9 10 43373.5934 A
05507600 2005 9 11 43402.5632 A
05507600 2005 9 12 43480.3168 A
05507600 2005 9 13 43368.4984 A
05507600 2005 9 14 43356.5764 A
05507600 2005 9 15 43335.3408 A
05507600 2005 9 16 43369.6490 A
05507600 2005 9 17 43372.5080 A
05507600 2005 9 18 43427.6103 A
05507600 2005 9 19 43357.8332 A
05507600 2005 9 20 43536.9167 A
05507600 2005 9 21 43479.1502 A
05507600 2005 9 22 43421.0445 A
05507600 2005 9 23 43437.2432 A
05507600 2005 9 24 43413.4658 A
05507600 2005 9 25 43387.8747 A
05507600 2005 9 26 43408.3756 A
05507600 2005 9 27 43399.8466 A
05507600 2005 9 28 43360.4259 A
05507600 2005 9 29 43420.5095 A
05507600 2005 9 30 43421.1974 A
05507600 2005 10 1 43390.9694 A
05507600 2005 10 2 43598.9635 A
05507600 2005 10 3 43433.8369 A
05507600 2005 10 4 43411.8434 A
05507600 2005 10 5 43403.0106 A
05507600 2005 10 6 43392.2123 A
05507600 2005 10 7 43680.4075 A
05507600 2005 10 8 43410.9507 A
05507600 2005 10 9 43428.6230 A
05507600 2005 10 10 43492.9963 A
05507600 2005 10 11 43424.6836 A
05507600 2005 10 12 43433.9790 A
05507600 2005 10 13 43395.3102 A
05507600 2005 10 14 43417.3237 A
05507600 2005 10 15 43658.2953 A
05507600 2005 10 16 43421.8428 A
05507600 2005 10 17 43459.4185 A
05507600 2005 10 18 43509.7861 A
05507600 2005 10 19 43463.8677 A
05507600 2005 10 20 43483.3988 A
05507600 2005 10 21 43464.2450 A
05507600 2005 10 22 43447.3056 A
05507600 2005 10 23 43386.2332 A
05507600 2005 10 24 43534.6356 A
05507600 2005 10 25 43470.8176 A
05507600 2005 10 26 43475.9119 A
05507600 2005 10 27 43411.5177 A
05507600 2005 10 28 43437.9573 A
05507600 2005 10 29 43406.8326 A
05507600 2005 10 30 43423.2934 A
05507600 2005 10 31 43507.9455 A
05507600 2005 11 1 43411.8700 A
05507600 2005 11 2 43432.8518 A
05507600 2005 11 3 43442.4979 A
05507600 2005 11 4 43624.0088 A
05507600 2005 11 5 43497.4560 A
05507600 2005 11 6 43443.8256 A
05507600 2005 11 7 43430.6987 A
05507600 2005 11 8 43470.6085 A
05507600 2005 11 9 43435.4993 A
05507600 2005 11 10 43474.6134 A
05507600 2005 11 11 43393.8687 A
05507600 2005 11 12 43411.1008 A
05507600 2005 11 13 43475.3317 A
05507600 2005 11 14 43412.8162 A
05507600 2005 11 15 43380.0078 A
05507600 2005 11 16 43520.5030 A
05507600 2005 11 17 43455.5249 A
05507600 2005 11 18 43423.2368 A
05507600 2005 11 19 43484.5366 A
05507600 2005 11 20 43434.9766 A
05507600 2005 11 21 43385.1698 A
05507600 2005 11 22 43519.0221 A
05507600 2005 11 23 43409.2035 A
05507600 2005 11 24 43493.7715 A
05507600 2005 11 25 43360.2321 A
05507600 2005 11 26 43399.8445 A
05507600 2005 11 27 43413.8052 A
05507600 2005 11 28 43512.3597 A
05507600 2005 11 29 43363.0364 A
05507600 2005 11 30 43424.2112 A
05507600 2005 12 1 43426.8803 A
05507600 2005 12 2 43593.2352 A
05507600 2005 12 3 43410.9026 A
05507600 2005 12 4 43409.2956 A
05507600 2005 12 5 43417.3528 A
05507600 2005 12 6 43486.3456 A
05507600 2005 12 7 43438.3198 A
05507600 2005 12 8 43442.0575 A
05507600 2005 12 9 43404.0267 A
05507600 2005 12 10 43407.8963 A
05507600 2005 12 11 43491.1726 A
05507600 2005 12 12 43428.3229 A
05507600 2005 12 13 43423.1116 A
05507600 2005 12 14 43602.2479 A
05507600 2005 12 15 43487.6496 A
05507600 2005 12 16 43462.1336 A
05507600 2005 12 17 43440.4068 A
05507600 2005 12 18 43488.4431 A
05507600 2005 12 19 43651.1179 A
05507600 2005 12 20 43511.8021 A
05507600 2005 12 21 43527.0762 A
05507600 2005 12 22 43561.3287 A
05507600 2005 12 23 43504.4814 A
05507600 2005 12 24 43538.5075 A
05507600 2005 12 25 43547.6376 A
05507600 2005 12 26 43535.1845 A
05507600 2005 12 27 43596.7986 A
05507600 2005 12 28 43578.3072 A
05507600 2005 12 29 43490.0875 A
05507600 2005 12 30 43528.1691 A
05507600 2005 12 31 43476.9998 A
05507600 2006 1 1 43558.7217 A
05507600 2006 1 2 43555.5871 A
05507600 2006 1 3 43534.2233 A
05507600 2006 1 4 43556.9140 A
05507600 2006 1 5 43555.7891 A
05507600 2006 1 6 43552.1005 A
05507600 2006 1 7 43549.4546 A
05507600 2006 1 8 43485.7235 A
05507600 2006 1 9 43549.4999 A
05507600 2006 1 10 43486.8012 A
05507600 2006 1 11 43580.8787 A
05507600 2006 1 12 43517.2018 A
05507600 2006 1 13 43508.7370 A
05507600 2006 1 14 43554.7295 A
05507600 2006 1 15 43528.3375 A
05507600 2006 1 16 43603.5421 A
05507600 2006 1 17 43578.5821 A
05507600 2006 1 18 43649.0637 A
05507600 2006 1 19 43502.8769 A
05507600 2006 1 20 43501.7044 A
05507600 2006 1 21 43500.4485 A
05507600 2006 1 22 43710.7525 A
05507600 2006 1 23 43531.7708 A
05507600 2006 1 24 43556.3631 A
05507600 2006 1 25 43815.8268 A
05507600 2006 1 26 43567.8690 A
05507600 2006 1 27 43656.1691 A
05507600 2006 1 28 43593.1317 A
05507600 2006 1 29 43702.1357 A
05507600 2006 1 30 43583.9534 A
05507600 2006 1 31 43707.4634 A
05507600 2006 2 1 43626.7642 A
05507600 2006 2 2 43611.3178 A
05507600 2006 2 3 43763.5707 A
05507600 2006 2 4 43803.5506 A
05507600 2006 2 5 43612.9139 A
05507600 2006 2 6 43643.1014 A
05507600 2006 2 7 43698.7438 A
05507600 2006 2 8 43705.1094 A
05507600 2006 2 9 43682.4090 A
05507600 2006 2 10 43725.9483 A
05507600 2006 2 11 43670.9366 A
05507600 2006 2 12 43938.6073 A
05507600 2006 2 13 43811.0739 A
05507600 2006 2 14 43719.5026 A
05507600 2006 2 15 43711.2926 A
05507600 2006 2 16 43768.9850 A
05507600 2006 2 17 43778.3300 A
05507600 2006 2 18 43812.0850 A
05507600 2006 2 19 43815.0600 A
05507600 2006 2 20 43964.6297 A
05507600 2006 2 21 43820.2688 A
05507600 2006 2 22 44030.5473 A
05507600 2006 2 23 43843.7432 A
05507600 2006 2 24 43831.1427 A
05507600 2006 2 25 43862.4462 A
05507600 2006 2 26 43863.1821 A
05507600 2006 2 27 43905.7468 A
05507600 2006 2 28 43917.4546 A
05507600 2006 3 1 43936.2854 A
05507600 2006 3 2 43982.7628 A
05507600 2006 3 3 43964.5684 A
05507600 2006 3 4 43908.2679 A
05507600 2006 3 5 43917.6993 A
05507600 2006 3 6 44022.8859 A
05507600 2006 3 7 44041.8819 A
05507600 2006 3 8 43981.0007 A
05507600 2006 3 9 43973.3242 A
05507600 2006 3 10 44434.2628 A
05507600 2006 3 11 44088.9699 A
05507600 2006 3 12 44202.9500 A
05507600 2006 3 13 44279.4856 A
05507600 2006 3 14 44099.0091 A
05507600 2006 3 15 44394.9115 A
05507600 2006 3 16 44440.5376 A
05507600 2006 3 17 44375.7561 A
05507600 2006 3 18 44431.1192 A
05507600 2006 3 19 44428.0390 A
05507600 2006 3 20 44310.1193 A
05507600 2006 3 21 44332.8440 A
05507600 2006 3 22 44666.4452 A
05507600 2006 3 23 44542.7099 A
05507600 2006 3 24 44679.0035 A
05507600 2006 3 25 44491.8888 A
05507600 2006 3 26 44478.8241 A
05507600 2006 3 27 44558.3899 A
05507600 2006 3 28 44473.7052 A
05507600 2006 3 29 44402.1216 A
05507600 2006 3 30 44602.9584 A
05507600 2006 3 31 44484.3085 A
05507600 2006 4 1 44491.9543 A
05507600 2006 4 2 44626.3543 A
05507600 2006 4 3 44805.5281 A
05507600 2006 4 4 44968.8462 A
05507600 2006 4 5 45012.9380 A
05507600 2006 4 6 44812.9369 A
05507600 2006 4 7 44789.9746 A
05507600 2006 4 8 44776.2021 A
05507600 2006 4 9 44793.2419 A
05507600 2006 4 10 44966.8417 A
05507600 2006 4 11 45024.8394 A
05507600 2006 4 12 45086.2135 A
05507600 2006 4 13 44950.3165 A
05507600 2006 4 14 45185.7935 A
05507600 2006 4 15 44979.1994 A
05507600 2006 4 16 45164.8663 A
05507600 2006 4 17 45046.3676 A
05507600 2006 4 18 44978.5983 A
05507600 2006 4 19 44908.6292 A
05507600 2006 4 20 45151.2940 A
05507600 2006 4 21 45008.8786 A
05507600 2006 4 22 45241.8140 A
05507600 2006 4 23 45698.4782 A
05507600 2006 4 24 45177.7023 A
05507600 2006 4 25 45348.7925 A
05507600 2006 4 26 45324.5996 A
05507600 2006 4 27 45259.2926 A
05507600 2006 4 28 45366.2376 A
05507600 2006 4 29 45279.2043 A
05507600 2006 4 30 45498.2771 A
05507600 2006 5 1 45370.8161 A
05507600 2006 5 2 45299.4040 A
05507600 2006 5 3 45390.0451 A
05507600 2006 5 4 45319.5730 A
05507600 2006 5 5 45363.3766 A
05507600 2006 5 6 45549.5104 A
05507600 2006 5 7 45472.8558 A
05507600 2006 5 8 45647.6486 A
05507600 2006 5 9 45906.9557 A
05507600 2006 5 10 45521.2392 A
05507600 2006 5 11 45727.3060 A
05507600 2006 5 12 45655.2068 A
05507600 2006 5 13 45652.7100 A
05507600 2006 5 14 45574.9215 A
05507600 2006 5 15 45751.9159 A
05507600 2006 5 16 45793.9462 A
05507600 2006 5 17 45851.7811 A
05507600 2006 5 18 45772.3386 A
05507600 2006 5 19 46044.2774 A
05507600 2006 5 20 45936.4561 A
05507600 2006 5 21 46038.1826 A
05507600 2006 5 22 46169.6840 A
05507600 2006 5 23 46221.1639 A
05507600 2006 5 24 45913.9054 A
05507600 2006 5 25 45942.7925 A
05507600 2006 5 26 46058.5079 A
05507600 2006 5 27 46064.2950 A
05507600 2006 5 28 46024.3595 A
05507600 2006 5 29 46460.5802 A
05507600 2006 5 30 46035.9702 A
05507600 2006 5 31 46041.6647 A
05507600 2006 6 1 46008.6374 A
05507600 2006 6 2 46097.2053 A
05507600 2006 6 3 46204.0924 A
05507600 2006 6 4 46173.0059 A
05507600 2006 6 5 46234.1495 A
05507600 2006 6 6 46137.6134 A
05507600 2006 6 7 46240.3701 A
05507600 2006 6 8 46144.4744 A
05507600 2006 6 9 46153.3788 A
05507600 2006 6 10 46186.7367 A
05507600 2006 6 11 46386.4325 A
05507600 2006 6 12 46458.1676 A
05507600 2006 6 13 46243.6796 A
05507600 2006 6 14 46361.8352 A
05507600 2006 6 15 46683.8101 A
05507600 2006 6 16 47224.0526 A
05507600 2006 6 17 46599.4927 A
05507600 2006 6 18 46656.3063 A
05507600 2006 6 19 46876.5100 A
05507600 2006 6 20 46595.4702 A
05507600 2006 6 21 46786.4863 A
05507600 2006 6 22 46639.4040 A
05507600 2006 6 23 46586.5018 A
05507600 2006 6 24 46634.4112 A
05507600 2006 6 25 46563.4155 A
05507600 2006 6 26 46578.3327 A
05507600 2006 6 27 46686.8179 A
05507600 2006 6 28 46587.7949 A
05507600 2006 6 29 46865.7619 A
05507600 2006 6 30 46812.0902 A
05507600 2006 7 1 46686.4276 A
05507600 2006 7 2 46771.4923 A
05507600 2006 7 3 46896.8502 A
05507600 2006 7 4 46733.5824 A
05507600 2006 7 5 46682.4144 A
05507600 2006 7 6 47090.9458 A
05507600 2006 7 7 46796.7935 A
05507600 2006 7 8 46890.3184 A
05507600 2006 7 9 46954.6014 A
05507600 2006 7 10 46919.3555 A
05507600 2006 7 11 47031.1249 A
05507600 2006 7 12 46977.1053 A
05507600 2006 7 13 46887.2187 A
05507600 2006 7 14 46979.7631 A
05507600 2006 7 15 46898.8649 A
05507600 2006 7 16 46941.2072 A
05507600 2006 7 17 47121.3092 A
05507600 2006 7 18 46896.9672 A
05507600 2006 7 19 46960.8097 A
05507600 2006 7 20 47432.4853 A
05507600 2006 7 21 47100.4716 A
05507600 2006 7 22 47281.9126 A
05507600 2006 7 23 47381.0509 A
05507600 2006 7 24 47161.5546 A
05507600 2006 7 25 47104.9913 A
05507600 2006 7 26 47071.7932 A
05507600 2006 7 27 47060.2015 A
05507600 2006 7 28 47212.0962 A
05507600 2006 7 29 47170.8399 A
05507600 2006 7 30 47336.4975 A
05507600 2006 7 31 47130.7670 A
05507600 2006 8 1 47160.2373 A
05507600 2006 8 2 47212.5089 A
05507600 2006 8 3 47223.0767 A
05507600 2006 8 4 47130.1131 A
05507600 2006 8 5 47379.8085 A
05507600 2006 8 6 47461.7572 A
05507600 2006 8 7 47338.8282 A
05507600 2006 8 8 47299.3065 A
05507600 2006 8 9 47341.8580 A
05507600 2006 8 10 47280.7327 A
05507600 2006 8 11 47367.0838 A
05507600 2006 8 12 47301.1122 A
05507600 2006 8 13 47376.7966 A
05507600 2006 8 14 47304.0219 A
05507600 2006 8 15 47361.3831 A
05507600 2006 8 16 47274.6081 A
05507600 2006 8 17 47239.8896 A
05507600 2006 8 18 47405.4738 A
05507600 2006 8 19 47302.1810 A
05507600 2006 8 20 47256.2085 A
05507600 2006 8 21 47405.4893 A
05507600 2006 8 22 47485.0695 A
05507600 2006 8 23 47361.4005 A
05507600 2006 8 24 47386.4122 A
05507600 2006 8 25 47386.3561 A
05507600 2006 8 26 47468.1028 A
05507600 2006 8 27 47354.7365 A
05507600 2006 8 28 47463.1009 A
05507600 2006 8 29 47363.4976 A
05507600 2006 8 30 47643.6919 A
05507600 2006 8 31 47441.9831 A
05507600 2006 9 1 47399.4290 A
05507600 2006 9 2 47434.7004 A
05507600 2006 9 3 47491.0077 A
05507600 2006 9 4 47480.6977 A
05507600 2006 9 5 47433.5831 A
05507600 2006 9 6 47645.2906 A
05507600 2006 9 7 47673.5710 A
05507600 2006 9 8 47509.4194 A
05507600 2006 9 9 47661.0459 A
05507600 2006 9 10 47644.0743 A
05507600 2006 9 11 47573.5439 A
05507600 2006 9 12 47573.2065 A
05507600 2006 9 13 47589.5074 A
05507600 2006 9 14 47663.3196 A
05507600 2006 9 15 47620.6192 A
05507600 2006 9 16 47705.8356 A
05507600 2006 9 17 47682.2276 A
05507600 2006 9 18 47658.7200 A
05507600 2006 9 19 47650.9160 A
05507600 2006 9 20 47674.1499 A
05507600 2006 9 21 47624.0895 A
05507600 2006 9 22 47610.3018 A
05507600 2006 9 23 47675.7564 A
05507600 2006 9 24 47810.2201 A
05507600 2006 9 25 47617.0588 A
05507600 2006 9 26 47658.4040 A
05507600 2006 9 27 47695.3659 A
05507600 2006 9 28 47595.5030 A
05507600 2006 9 29 47644.0469 A
05507600 2006 9 30 47670.5865 A
05507600 2006 10 1 47744.2066 A
05507600 2006 10 2 47607.5728 A
05507600 2006 10 3 47603.5264 A
05507600 2006 10 4 47629.5334 A
05507600 2006 10 5 47726.6934 A
05507600 2006 10 6 47667.6090 A
05507600 2006 10 7 47626.3017 A
05507600 2006 10 8 47869.2603 A
05507600 2006 10 9 47770.3121 A
05507600 2006 10 10 47653.9839 A
05507600 2006 10 11 47698.5902 A
05507600 2006 10 12 47652.6259 A
05507600 2006 10 13 47675.9044 A
05507600 2006 10 14 47759.1879 A
05507600 2006 10 15 47810.9823 A
05507600 2006 10 16 47796.0231 A
05507600 2006 10 17 47785.8354 A
05507600 2006 10 18 47747.5921 A
05507600 2006 10 19 47781.3350 A
05507600 2006 10 20 47789.8588 A
05507600 2006 10 21 47777.8435 A
05507600 2006 10 22 47715.1912 A
05507600 2006 10 23 47774.9187 A
05507600 2006 10 24 47711.2687 A
05507600 2006 10 25 47703.4630 A
05507600 2006 10 26 47741.6848 A
05507600 2006 10 27 47746.9971 A
05507600 2006 10 28 47718.9649 A
05507600 2006 10 29 47749.9245 A
05507600 2006 10 30 47683.3554 A
05507600 2006 10 31 47746.1359 A
05507600 2006 11 1 47880.6026 A
05507600 2006 11 2 47661.1370 A
05507600 2006 11 3 47716.5304 A
05507600 2006 11 4 47717.2845 A
05507600 2006 11 5 47770.9586 A
05507600 2006 11 6 47796.0437 A
05507600 2006 11 7 47697.0824 A
05507600 2006 11 8 47796.8209 A
05507600 2006 11 9 47695.6138 A
05507600 2006 11 10 47764.3819 A
05507600 2006 11 11 47761.4285 A
05507600 2006 11 12 47696.8699 A
05507600 2006 11 13 47680.6300 A
05507600 2006 11 14 47670.8084 A
05507600 2006 11 15 47696.2809 A
05507600 2006 11 16 47728.2455 A
05507600 2006 11 17 47666.1602 A
05507600 2006 11 18 47761.8898 A
05507600 2006 11 19 47656.2346 A
05507600 2006 11 20 47777.5973 A
05507600 2006 11 21 47692.0095 A
05507600 2006 11 22 47683.7259 A
05507600 2006 11 23 47661.1454 A
05507600 2006 11 24 47797.7946 A
05507600 2006 11 25 47722.4589 A
05507600 2006 11 26 47761.4939 A
05507600 2006 11 27 47686.8119 A
05507600 2006 11 28 47691.6587 A
05507600 2006 11 29 47726.9455 A
05507600 2006 11 30 47794.2121 A
05507600 2006 12 1 47730.6867 A
05507600 2006 12 2 47672.5215 A
05507600 2006 12 3 47679.6376 A
05507600 2006 12 4 47658.5939 A
05507600 2006 12 5 47729.6338 A
05507600 2006 12 6 47675.0697 A
05507600 2006 12 7 47635.8390 A
05507600 2006 12 8 47835.4714 A
05507600 2006 12 9 47618.8671 A
05507600 2006 12 10 47634.5759 A
05507600 2006 12 11 47619.0045 A
05507600 2006 12 12 47659.5117 A
05507600 2006 12 13 47629.8627 A
05507600 2006 12 14 47630.5507 A
05507600 2006 12 15 47769.3444 A
05507600 2006 12 16 47618.0738 A
05507600 2006 12 17 47648.6686 A
05507600 2006 12 18 47655.0515 A
05507600 2006 12 19 47647.6294 A
05507600 2006 12 20 47679.7410 A
05507600 2006 12 21 47630.9914 A
05507600 2006 12 22 47577.0573 A
05507600 2006 12 23 47585.5178 A
05507600 2006 12 24 47704.0263 A
05507600 2006 12 25 47661.2086 A
05507600 2006 12 26 47658.8236 A
05507600 2006 12 27 47603.1855 A
05507600 2006 12 28 47692.9346 A
05507600 2006 12 29 47617.0208 A
05507600 2006 12 30 47768.0080 A
05507600 2006 12 31 47633.1428 A
05507600 2007 1 1 47738.4918 A
05507600 2007 1 2 47643.9035 A
05507600 2007 1 3 47684.6871 A
05507600 2007 1 4 47826.2965 A
05507600 2007 1 5 47722.9106 A
05507600 2007 1 6 47714.5397 A
05507600 2007 1 7 47773.9809 A
05507600 2007 1 8 47825.5379 A
05507600 2007 1 9 47806.5246 A
05507600 2007 1 10 47778.3794 A
05507600 2007 1 11 47706.4665 A
05507600 2007 1 12 47788.3543 A
05507600 2007 1 13 47686.2318 A
05507600 2007 1 14 47680.0786 A
05507600 2007 1 15 47693.2318 A
05507600 2007 1 16 47686.8942 A
05507600 2007 1 17 47630.3465 A
05507600 2007 1 18 47704.2703 A
05507600 2007 1 19 47721.9087 A
05507600 2007 1 20 47683.2314 A
05507600 2007 1 21 48000.8274 A
05507600 2007 1 22 47977.6804 A
05507600 2007 1 23 47752.8470 A
05507600 2007 1 24 47738.9953 A
05507600 2007 1 25 47792.1747 A
05507600 2007 1 26 47756.2357 A
05507600 2007 1 27 47724.1402 A
05507600 2007 1 28 47957.5898 A
05507600 2007 1 29 47798.7082 A
05507600 2007 1 30 47767.0662 A
05507600 2007 1 31 48186.7342 A
05507600 2007 2 1 47859.8460 A
05507600 2007 2 2 47875.2482 A
05507600 2007 2 3 47836.0443 A
05507600 2007 2 4 47995.8490 A
05507600 2007 2 5 48085.5884 A
05507600 2007 2 6 48080.7946 A
05507600 2007 2 7 48158.2495 A
05507600 2007 2 8 48230.9466 A
05507600 2007 2 9 48119.8972 A
05507600 2007 2 10 48100.5860 A
05507600 2007 2 11 48062.7776 A
05507600 2007 2 12 48137.2675 A
05507600 2007 2 13 48177.7684 A
05507600 2007 2 14 48131.6006 A
05507600 2007 2 15 48088.6299 A
05507600 2007 2 16 48078.9200 A
05507600 2007 2 17 48244.3782 A
05507600 2007 2 18 48238.1325 A
05507600 2007 2 19 48129.8297 A
05507600 2007 2 20 48160.3411 A
05507600 2007 2 21 48120.2245 A
05507600 2007 2 22 48271.6312 A
05507600 2007 2 23 48415.0771 A
05507600 2007 2 24 48224.8883 A
05507600 2007 2 25 48191.6505 A
05507600 2007 2 26 48179.5818 A
05507600 2007 2 27 48287.2296 A
05507600 2007 2 28 48348.3194 A
05507600 2007 3 1 48256.7185 A
05507600 2007 3 2 48313.3400 A
05507600 2007 3 3 48348.4616 A
05507600 2007 3 4 48277.3714 A
05507600 2007 3 5 48352.0099 A
05507600 2007 3 6 48591.3230 A
05507600 2007 3 7 48426.5375 A
05507600 2007 3 8 48792.0624 A
05507600 2007 3 9 48518.6440 A
05507600 2007 3 10 48811.3810 A
05507600 2007 3 11 48648.9614 A
05507600 2007 3 12 48761.5293 A
05507600 2007 3 13 48616.7908 A
05507600 2007 3 14 48698.5985 A
05507600 2007 3 15 48573.9643 A
05507600 2007 3 16 48793.4323 A
05507600 2007 3 17 48642.9019 A
05507600 2007 3 18 48710.1172 A
05507600 2007 3 19 48909.5258 A
05507600 2007 3 20 48749.4254 A
05507600 2007 3 21 49018.0413 A
05507600 2007 3 22 48984.5832 A
05507600 2007 3 23 48800.3969 A
05507600 2007 3 24 48919.4764 A
05507600 2007 3 25 48827.2141 A
05507600 2007 3 26 49011.6763 A
05507600 2007 3 27 48885.1304 A
05507600 2007 3 28 48837.0253 A
05507600 2007 3 29 49028.0870 A
05507600 2007 3 30 48897.6598 A
05507600 2007 3 31 48957.1641 A
05507600 2007 4 1 49052.9919 A
05507600 2007 4 2 48888.3192 A
05507600 2007 4 3 48979.2082 A
05507600 2007 4 4 48953.6131 A
05507600 2007 4 5 49055.0687 A
05507600 2007 4 6 49777.4047 A
05507600 2007 4 7 49139.3896 A
05507600 2007 4 8 49198.0142 A
05507600 2007 4 9 49091.2334 A
05507600 2007 4 10 49232.5160 A
05507600 2007 4 11 49183.7077 A
05507600 2007 4 12 49376.1175 A
05507600 2007 4 13 49175.1135 A
05507600 2007 4 14 49144.6507 A
05507600 2007 4 15 49285.7959 A
05507600 2007 4 16 49339.9767 A
05507600 2007 4 17 49343.5791 A
05507600 2007 4 18 49374.2281 A
05507600 2007 4 19 49309.5520 A
05507600 2007 4 20 49376.1380 A
05507600 2007 4 21 49280.9025 A
05507600 2007 4 22 49401.8383 A
05507600 2007 4 23 49286.7276 A
05507600 2007 4 24 49486.3560 A
05507600 2007 4 25 49314.4195 A
05507600 2007 4 26 49407.9460 A
05507600 2007 4 27 49681.4930 A
05507600 2007 4 28 49376.7123 A
05507600 2007 4 29 49371.7677 A
05507600 2007 4 30 49479.2319 A
05507600 2007 5 1 49523.9039 A
05507600 2007 5 2 49413.4249 A
05507600 2007 5 3 49458.4924 A
05507600 2007 5 4 49427.0165 A
05507600 2007 5 5 49553.2856 A
05507600 2007 5 6 49709.3311 A
05507600 2007 5 7 49537.2024 A
05507600 2007 5 8 49659.0457 A
05507600 2007 5 9 49708.4738 A
05507600 2007 5 10 49649.1934 A
05507600 2007 5 11 49515.8264 A
05507600 2007 5 12 49613.5008 A
05507600 2007 5 13 49576.0177 A
05507600 2007 5 14 49578.7445 A
05507600 2007 5 15 49819.0143 A
05507600 2007 5 16 49895.6114 A
05507600 2007 5 17 50012.1770 A
05507600 2007 5 18 49718.0972 A
05507600 2007 5 19 49790.5749 A
05507600 2007 5 20 49944.7563 A
05507600 2007 5 21 49775.5016 A
05507600 2007 5 22 49855.0345 A
05507600 2007 5 23 49791.5981 A
05507600 2007 5 24 49739.2744 A
05507600 2007 5 25 49896.5226 A
05507600 2007 5 26 49945.6162 A
05507600 2007 5 27 50011.8304 A
05507600 2007 5 28 50202.7176 A
05507600 2007 5 29 49974.3762 A
05507600 2007 5 30 50168.8915 A
05507600 2007 5 31 50352.6006 A
05507600 2007 6 1 50208.6554 A
05507600 2007 6 2 50050.0542 A
05507600 2007 6 3 50011.9418 A
05507600 2007 6 4 50095.5080 A
05507600 2007 6 5 50125.2564 A
05507600 2007 6 6 50316.4703 A
05507600 2007 6 7 50074.4090 A
05507600 2007 6 8 50123.3995 A
05507600 2007 6 9 50291.9793 A
05507600 2007 6 10 50159.6795 A
05507600 2007 6 11 50106.4826 A
05507600 2007 6 12 50288.8579 A
05507600 2007 6 13 50251.0415 A
05507600 2007 6 14 50204.8738 A
05507600 2007 6 15 50190.4750 A
05507600 2007 6 16 50309.7305 A
05507600 2007 6 17 50177.0844 A
05507600 2007 6 18 50229.3025 A
05507600 2007 6 19 50466.5430 A
05507600 2007 6 20 50310.1864 A
05507600 2007 6 21 50241.3754 A
05507600 2007 6 22 50320.0813 A
05507600 2007 6 23 50326.7949 A
05507600 2007 6 24 50440.9095 A
05507600 2007 6 25 50345.1232 A
05507600 2007 6 26 50457.7173 A
05507600 2007 6 27 50815.5055 A
05507600 2007 6 28 50818.8033 A
05507600 2007 6 29 50622.9839 A
05507600 2007 6 30 50491.7824 A
05507600 2007 7 1 50808.7038 A
05507600 2007 7 2 50508.6420 A
05507600 2007 7 3 50521.4916 A
05507600 2007 7 4 50716.7599 A
05507600 2007 7 5 50931.4726 A
05507600 2007 7 6 50967.1331 A
05507600 2007 7 7 50718.9455 A
05507600 2007 7 8 50709.5469 A
05507600 2007 7 9 51079.0463 A
05507600 2007 7 10 50887.9102 A
05507600 2007 7 11 50908.3935 A
05507600 2007 7 12 51184.1578 A
05507600 2007 7 13 51118.6440 A
05507600 2007 7 14 51015.1631 A
05507600 2007 7 15 50906.0412 A
05507600 2007 7 16 50951.8083 A
05507600 2007 7 17 51166.5633 A
05507600 2007 7 18 50982.6677 A
05507600 2007 7 19 51010.9806 A
05507600 2007 7 20 50956.2728 A
05507600 2007 7 21 50980.9849 A
05507600 2007 7 22 51043.0143 A
05507600 2007 7 23 51199.2579 A
05507600 2007 7 24 51026.3539 A
05507600 2007 7 25 51498.2339 A
05507600 2007 7 26 51170.4900 A
05507600 2007 7 27 51176.8086 A
05507600 2007 7 28 51154.7283 A
05507600 2007 7 29 51131.8991 A
05507600 2007 7 30 51188.5111 A
05507600 2007 7 31 51304.5801 A
05507600 2007 8 1 51173.3908 A
05507600 2007 8 2 51408.6843 A
05507600 2007 8 3 51224.2572 A
05507600 2007 8 4 51314.9995 A
05507600 2007 8 5 51255.0663 A
05507600 2007 8 6 51271.3946 A
05507600 2007 8 7 51265.2736 A
05507600 2007 8 8 51463.1849 A
05507600 2007 8 9 51300.5686 A
05507600 2007 8 10 51242.0552 A
05507600 2007 8 11 51569.9426 A
05507600 2007 8 12 51247.5750 A
05507600 2007 8 13 51301.4351 A
05507600 2007 8 14 51394.5370 A
05507600 2007 8 15 51664.8173 A
05507600 2007 8 16 51337.3005 A
05507600 2007 8 17 51417.1354 A
05507600 2007 8 18 51363.6451 A
05507600 2007 8 19 51509.8672 A
05507600 2007 8 20 51464.4628 A
05507600 2007 8 21 51397.1104 A
05507600 2007 8 22 51495.3409 A
05507600 2007 8 23 51465.1431 A
05507600 2007 8 24 51450.8376 A
05507600 2007 8 25 51429.4484 A
05507600 2007 8 26 51385.6862 A
05507600 2007 8 27 51568.9609 A
05507600 2007 8 28 51557.8908 A
05507600 2007 8 29 51495.2076 A
05507600 2007 8 30 51535.7795 A
05507600 2007 8 31 51485.3466 A
05507600 2007 9 1 51530.1298 A
05507600 2007 9 2 51889.1114 A
05507600 2007 9 3 51902.6031 A
05507600 2007 9 4 51618.3178 A
05507600 2007 9 5 51570.6085 A
05507600 2007 9 6 51627.5540 A
05507600 2007 9 7 51716.1474 A
05507600 2007 9 8 51785.0902 A
05507600 2007 9 9 51628.0370 A
05507600 2007 9 10 51643.8926 A
05507600 2007 9 11 51642.0720 A
05507600 2007 9 12 51811.6196 A
05507600 2007 9 13 51790.2585 A
05507600 2007 9 14 51773.5335 A
05507600 2007 9 15 51660.0824 A
05507600 2007 9 16 51692.1039 A
05507600 2007 9 17 51681.1728 A
05507600 2007 9 18 51696.0352 A
05507600 2007 9 19 51708.5022 A
05507600 2007 9 20 51639.3199 A
05507600 2007 9 21 51627.5107 A
05507600 2007 9 22 51671.3411 A
05507600 2007 9 23 51660.7665 A
05507600 2007 9 24 51774.7184 A
05507600 2007 9 25 51659.2535 A
05507600 2007 9 26 51660.7816 A
05507600 2007 9 27 51632.8817 A
05507600 2007 9 28 51625.6698 A
05507600 2007 9 29 51808.3845 A
05507600 2007 9 30 51876.9732 A
05507600 2007 10 1 51912.3456 A
05507600 2007 10 2 51808.8073 A
05507600 2007 10 3 51749.7868 A
05507600 2007 10 4 51802.7345 A
05507600 2007 10 5 51751.0881 A
05507600 2007 10 6 51766.7960 A
05507600 2007 10 7 51753.0149 A
05507600 2007 10 8 51733.8054 A
05507600 2007 10 9 51782.0757 A
05507600 2007 10 10 51701.3947 A
05507600 2007 10 11 51705.3830 A
05507600 2007 10 12 51699.9085 A
05507600 2007 10 13 51711.6181 A
05507600 2007 10 14 51693.7742 A
05507600 2007 10 15 51785.0140 A
05507600 2007 10 16 51775.2838 A
05507600 2007 10 17 51679.7012 A
05507600 2007 10 18 51807.2482 A
05507600 2007 10 19 51778.8188 A
05507600 2007 10 20 51750.9751 A
05507600 2007 10 21 51763.1547 A
05507600 2007 10 22 51759.0268 A
05507600 2007 10 23 51682.1574 A
05507600 2007 10 24 51742.8546 A
05507600 2007 10 25 51683.0462 A
05507600 2007 10 26 51701.6382 A
05507600 2007 10 27 51697.0202 A
05507600 2007 10 28 51959.8460 A
05507600 2007 10 29 51753.9131 A
05507600 2007 10 30 51734.6039 A
05507600 2007 10 31 51750.3823 A
05507600 2007 11 1 51761.9849 A
05507600 2007 11 2 51738.2951 A
05507600 2007 11 3 51689.7036 A
05507600 2007 11 4 51665.3143 A
05507600 2007 11 5 51753.3632 A
05507600 2007 11 6 51826.3556 A
05507600 2007 11 7 51833.8877 A
05507600 2007 11 8 51719.4859 A
05507600 2007 11 9 51759.3337 A
05507600 2007 11 10 51890.1810 A
05507600 2007 11 11 51709.0866 A
05507600 2007 11 12 51753.2455 A
05507600 2007 11 13 51873.3809 A
05507600 2007 11 14 51764.3098 A
05507600 2007 11 15 51817.8916 A
05507600 2007 11 16 51741.4268 A
05507600 2007 11 17 51730.1673 A
05507600 2007 11 18 51782.8396 A
05507600 2007 11 19 51740.8317 A
05507600 2007 11 20 51745.9803 A
05507600 2007 11 21 51747.4317 A
05507600 2007 11 22 51759.3014 A
05507600 2007 11 23 51748.9904 A
05507600 2007 11 24 51668.9133 A
05507600 2007 11 25 51691.1345 A
05507600 2007 11 26 51762.3784 A
05507600 2007 11 27 51700.3112 A
05507600 2007 11 28 51720.5059 A
05507600 2007 11 29 51684.8409 A
05507600 2007 11 30 51637.6735 A
05507600 2007 12 1 51750.9709 A
05507600 2007 12 2 51705.4826 A
05507600 2007 12 3 51699.2640 A
05507600 2007 12 4 51729.8632 A
05507600 2007 12 5 51659.4356 A
05507600 2007 12 6 51657.0221 A
05507600 2007 12 7 51635.2741 A
05507600 2007 12 8 51658.5668 A
05507600 2007 12 9 51657.7344 A
05507600 2007 12 10 51600.4050 A
05507600 2007 12 11 51771.7905 A
05507600 2007 12 12 51651.9822 A
05507600 2007 12 13 51632.8455 A
05507600 2007 12 14 51620.9951 A
05507600 2007 12 15 51741.0546 A
05507600 2007 12 16 51678.2335 A
05507600 2007 12 17 51665.4228 A
05507600 2007 12 18 51627.4979 A
05507600 2007 12 19 51680.1114 A
05507600 2007 12 20 51737.1412 A
05507600 2007 12 21 51659.5587 A
05507600 2007 12 22 51695.1459 A
05507600 2007 12 23 51679.3660 A
05507600 2007 12 24 51662.1408 A
05507600 2007 12 25 51616.4115 A
05507600 2007 12 26 51785.1020 A
05507600 2007 12 27 51794.0858 A
05507600 2007 12 28 51651.9071 A
05507600 2007 12 29 51704.7514 A
05507600 2007 12 30 51671.3880 A
05507600 2007 12 31 51834.8500 A
05507600 2008 1 1 51766.3187 A
05507600 2008 1 2 51763.3115 A
05507600 2008 1 3 51678.0572 A
05507600 2008 1 4 51742.7703 A
05507600 2008 1 5 51729.2435 A
05507600 2008 1 6 51870.5117 A
05507600 2008 1 7 51819.2444 A
05507600 2008 1 8 51738.8638 A
05507600 2008 1 9 51772.7946 A
05507600 2008 1 10 51828.0368 A
05507600 2008 1 11 51925.0494 A
05507600 2008 1 12 51826.8789 A
05507600 2008 1 13 51847.0787 A
05507600 2008 1 14 51803.8322 A
05507600 2008 1 15 51786.3789 A
05507600 2008 1 16 51809.8177 A
05507600 2008 1 17 51834.6765 A
05507600 2008 1 18 51904.1024 A
05507600 2008 1 19 51867.7492 A
05507600 2008 1 20 51787.5212 A
05507600 2008 1 21 51821.2126 A
05507600 2008 1 22 51868.5169 A
05507600 2008 1 23 51796.3796 A
05507600 2008 1 24 51822.5828 A
05507600 2008 1 25 51852.7330 A
05507600 2008 1 26 51862.0611 A
05507600 2008 1 27 51881.4724 A
05507600 2008 1 28 51925.8620 A
05507600 2008 1 29 51946.3658 A
05507600 2008 1 30 51878.5809 A
05507600 2008 1 31 51907.4668 A
05507600 2008 2 1 51884.6802 A
05507600 2008 2 2 51848.5764 A
05507600 2008 2 3 52180.2875 A
05507600 2008 2 4 51957.8344 A
05507600 2008 2 5 52138.8392 A
05507600 2008 2 6 52212.5672 A
05507600 2008 2 7 52038.4870 A
05507600 2008 2 8 52026.1503 A
05507600 2008 2 9 51971.6566 A
05507600 2008 2 10 51951.6082 A
05507600 2008 2 11 51922.2069 A
05507600 2008 2 12 52081.7217 A
05507600 2008 2 13 51991.6098 A
05507600 2008 2 14 52002.7460 A
05507600 2008 2 15 52223.3968 A
05507600 2008 2 16 52045.3230 A
05507600 2008 2 17 52108.6026 A
05507600 2008 2 18 51991.8422 A
05507600 2008 2 19 52080.9559 A
05507600 2008 2 20 52005.6166 A
05507600 2008 2 21 52014.9326 A
05507600 2008 2 22 52255.8189 A
05507600 2008 2 23 52221.7488 A
05507600 2008 2 24 52074.9994 A
05507600 2008 2 25 52271.1300 A
05507600 2008 2 26 52422.4759 A
05507600 2008 2 27 52616.9908 A
05507600 2008 2 28 52342.9205 A
05507600 2008 2 29 52537.6131 A
05507600 2008 3 1 52376.4017 A
05507600 2008 3 2 52437.1241 A
05507600 2008 3 3 52437.1323 A
05507600 2008 3 4 52371.0960 A
05507600 2008 3 5 52449.4557 A
05507600 2008 3 6 52378.6550 A
05507600 2008 3 7 52525.2431 A
05507600 2008 3 8 52435.2591 A
05507600 2008 3 9 52560.0252 A
05507600 2008 3 10 52611.6366 A
05507600 2008 3 11 52452.4074 A
05507600 2008 3 12 52524.2892 A
05507600 2008 3 13 52607.8986 A
05507600 2008 3 14 52461.4397 A
05507600 2008 3 15 52704.5034 A
05507600 2008 3 16 52534.9886 A
05507600 2008 3 17 52524.7662 A
05507600 2008 3 18 52423.9371 A
05507600 2008 3 19 52577.0751 A
05507600 2008 3 20 52595.6707 A
05507600 2008 3 21 52663.0235 A
05507600 2008 3 22 52600.8363 A
05507600 2008 3 23 52534.2079 A
05507600 2008 3 24 52655.7756 A
05507600 2008 3 25 52662.0413 A
05507600 2008 3 26 52770.6543 A
05507600 2008 3 27 52637.4760 A
05507600 2008 3 28 53455.9553 A
05507600 2008 3 29 52795.7652 A
05507600 2008 3 30 52799.8162 A
05507600 2008 3 31 52970.0044 A
05507600 2008 4 1 53268.6155 A
05507600 2008 4 2 52842.2014 A
05507600 2008 4 3 53043.5169 A
05507600 2008 4 4 52940.4243 A
05507600 2008 4 5 52876.1225 A
05507600 2008 4 6 53009.2103 A
05507600 2008 4 7 53059.0666 A
05507600 2008 4 8 53237.6063 A
05507600 2008 4 9 52961.6001 A
05507600 2008 4 10 53048.3550 A
05507600 2008 4 11 53216.9475 A
05507600 2008 4 12 53116.9844 A
05507600 2008 4 13 53288.1822 A
05507600 2008 4 14 53513.8242 A
05507600 2008 4 15 53252.2532 A
05507600 2008 4 16 53522.7826 A
05507600 2008 4 17 53316.4704 A
05507600 2008 4 18 53344.3638 A
05507600 2008 4 19 53287.0734 A
05507600 2008 4 20 53371.2302 A
05507600 2008 4 21 53274.0221 A
05507600 2008 4 22 53662.0909 A
05507600 2008 4 23 53481.7492 A
05507600 2008 4 24 53402.8969 A
05507600 2008 4 25 53464.8903 A
05507600 2008 4 26 53577.4631 A
05507600 2008 4 27 53465.0699 A
05507600 2008 4 28 53594.9330 A
05507600 2008 4 29 53511.7944 A
05507600 2008 4 30 53627.4659 A
05507600 2008 5 1 53508.3801 A
05507600 2008 5 2 53487.2141 A
05507600 2008 5 3 53731.6819 A
05507600 2008 5 4 53662.5708 A
05507600 2008 5 5 53557.8188 A
05507600 2008 5 6 53806.2690 A
05507600 2008 5 7 53674.4481 A
05507600 2008 5 8 53839.4916 A
05507600 2008 5 9 54157.5090 A
05507600 2008 5 10 53782.9801 A
05507600 2008 5 11 53894.0573 A
05507600 2008 5 12 53820.7612 A
05507600 2008 5 13 53845.3361 A
05507600 2008 5 14 53755.0541 A
05507600 2008 5 15 53792.6912 A
05507600 2008 5 16 53989.6751 A
05507600 2008 5 17 53757.4082 A
05507600 2008 5 18 53795.0005 A
05507600 2008 5 19 53837.9362 A
05507600 2008 5 20 53781.0970 A
05507600 2008 5 21 53774.3311 A
05507600 2008 5 22 53928.5640 A
05507600 2008 5 23 53930.2416 A
05507600 2008 5 24 54793.7689 A
05507600 2008 5 25 54590.4651 A
05507600 2008 5 26 54301.3414 A
05507600 2008 5 27 54345.2592 A
05507600 2008 5 28 54650.7183 A
05507600 2008 5 29 54246.6342 A
05507600 2008 5 30 54347.3722 A
05507600 2008 5 31 54431.7036 A
05507600 2008 6 1 54321.9448 A
05507600 2008 6 2 54399.1788 A
05507600 2008 6 3 54567.9026 A
05507600 2008 6 4 54994.1642 A
05507600 2008 6 5 54509.2097 A
05507600 2008 6 6 54668.2836 A
05507600 2008 6 7 54476.8226 A
05507600 2008 6 8 54506.8337 A
05507600 2008 6 9 54502.8985 A
05507600 2008 6 10 54501.4885 A
05507600 2008 6 11 54727.2460 A
05507600 2008 6 12 54628.3256 A
05507600 2008 6 13 54726.0980 A
05507600 2008 6 14 54582.4696 A
05507600 2008 6 15 55015.3787 A
05507600 2008 6 16 54780.2202 A
05507600 2008 6 17 54849.0500 A
05507600 2008 6 18 54743.8550 A
05507600 2008 6 19 54707.9435 A
05507600 2008 6 20 54691.0261 A
05507600 2008 6 21 54994.6466 A
05507600 2008 6 22 55142.2821 A
05507600 2008 6 23 54808.2881 A
05507600 2008 6 24 54890.9327 A
05507600 2008 6 25 55027.7780 A
05507600 2008 6 26 54998.1191 A
05507600 2008 6 27 55095.8805 A
05507600 2008 6 28 54893.7812 A
05507600 2008 6 29 55146.4068 A
05507600 2008 6 30 55006.7708 A
05507600 2008 7 1 54940.2599 A
05507600 2008 7 2 55131.3516 A
05507600 2008 7 3 55100.2550 A
05507600 2008 7 4 54982.3268 A
05507600 2008 7 5 54995.0172 A
05507600 2008 7 6 55035.3890 A
05507600 2008 7 7 54971.2860 A
05507600 2008 7 8 55008.1227 A
05507600 2008 7 9 55060.7748 A
05507600 2008 7 10 54992.8773 A
05507600 2008 7 11 55261.6730 A
05507600 2008 7 12 55321.5970 A
05507600 2008 7 13 55104.9860 A
05507600 2008 7 14 55105.7872 A
05507600 2008 7 15 55224.7924 A
05507600 2008 7 16 55092.8361 A
05507600 2008 7 17 55083.6792 A
05507600 2008 7 18 55095.1720 A
05507600 2008 7 19 55475.7215 A
05507600 2008 7 20 55625.4535 A
05507600 2008 7 21 55287.8795 A
05507600 2008 7 22 55207.9417 A
05507600 2008 7 23 55407.6532 A
05507600 2008 7 24 55427.4234 A
05507600 2008 7 25 55338.8969 A
05507600 2008 7 26 55693.2024 A
05507600 2008 7 27 55520.8121 A
05507600 2008 7 28 55411.4487 A
05507600 2008 7 29 55376.6655 A
05507600 2008 7 30 55481.4666 A
05507600 2008 7 31 55541.7540 A
05507600 2008 8 1 55379.0512 A
05507600 2008 8 2 55387.3378 A
05507600 2008 8 3 55433.8578 A
05507600 2008 8 4 55401.1281 A
05507600 2008 8 5 55473.1499 A
05507600 2008 8 6 55515.2975 A
05507600 2008 8 7 55589.5079 A
05507600 2008 8 8 55717.6340 A
05507600 2008 8 9 55761.0175 A
05507600 2008 8 10 55540.7059 A
05507600 2008 8 11 55552.9508 A
05507600 2008 8 12 55523.8586 A
05507600 2008 8 13 55512.0988 A
05507600 2008 8 14 55565.2829 A
05507600 2008 8 15 55499.0792 A
05507600 2008 8 16 55489.1960 A
05507600 2008 8 17 55545.3398 A
05507600 2008 8 18 55826.9927 A
05507600 2008 8 19 55681.7851 A
05507600 2008 8 20 55582.9748 A
05507600 2008 8 21 55799.3737 A
05507600 2008 8 22 55621.5778 A
05507600 2008 8 23 55622.3166 A
05507600 2008 8 24 55580.8227 A
05507600 2008 8 25 55716.2383 A
05507600 2008 8 26 55621.0081 A
05507600 2008 8 27 55628.3904 A
05507600 2008 8 28 55815.9490 A
05507600 2008 8 29 56180.3070 A
05507600 2008 8 30 55829.9541 A
05507600 2008 8 31 55829.8936 A
05507600 2008 9 1 55751.1558 A
05507600 2008 9 2 55945.4874 A
05507600 2008 9 3 55831.7287 A
05507600 2008 9 4 55872.7736 A
05507600 2008 9 5 55858.7285 A
05507600 2008 9 6 55798.5958 A
05507600 2008 9 7 55973.0662 A
05507600 2008 9 8 55836.4626 A
05507600 2008 9 9 55771.9044 A
05507600 2008 9 10 55870.1788 A
05507600 2008 9 11 55902.9195 A
05507600 2008 9 12 55890.5653 A
05507600 2008 9 13 55949.9235 A
05507600 2008 9 14 56121.9198 A
05507600 2008 9 15 55928.7927 A
05507600 2008 9 16 56021.5066 A
05507600 2008 9 17 55953.3776 A
05507600 2008 9 18 55919.0269 A
05507600 2008 9 19 56097.6003 A
05507600 2008 9 20 55987.4426 A
05507600 2008 9 21 55926.9124 A
05507600 2008 9 22 56011.4881 A
05507600 2008 9 23 55942.3979 A
05507600 2008 9 24 56008.3982 A
05507600 2008 9 25 56031.7563 A
05507600 2008 9 26 55940.6790 A
05507600 2008 9 27 55948.3109 A
05507600 2008 9 28 55959.4464 A
05507600 2008 9 29 55925.4097 A
05507600 2008 9 30 55971.5537 A
05507600 2008 10 1 56100.9846 A
05507600 2008 10 2 55921.8190 A
05507600 2008 10 3 56030.8574 A
05507600 2008 10 4 55968.6638 A
05507600 2008 10 5 56019.5730 A
05507600 2008 10 6 56276.3989 A
05507600 2008 10 7 56198.2177 A
05507600 2008 10 8 56036.5394 A
05507600 2008 10 9 56287.1006 A
05507600 2008 10 10 56144.1088 A
05507600 2008 10 11 56137.0661 A
05507600 2008 10 12 56094.1988 A
05507600 2008 10 13 56228.1534 A
05507600 2008 10 14 56070.8870 A
05507600 2008 10 15 56075.1425 A
05507600 2008 10 16 56257.4315 A
05507600 2008 10 17 56092.8335 A
05507600 2008 10 18 56154.0422 A
05507600 2008 10 19 56087.2469 A
05507600 2008 10 20 56089.5611 A
05507600 2008 10 21 56071.1180 A
05507600 2008 10 22 56261.3392 A
05507600 2008 10 23 56172.0946 A
05507600 2008 10 24 56129.5117 A
05507600 2008 10 25 56127.3240 A
05507600 2008 10 26 56195.0534 A
05507600 2008 10 27 56118.4999 A
05507600 2008 10 28 56118.3445 A
05507600 2008 10 29 56097.8924 A
05507600 2008 10 30 56076.2643 A
05507600 2008 10 31 56150.3885 A
05507600 2008 11 1 56167.1141 A
05507600 2008 11 2 56112.1689 A
05507600 2008 11 3 56129.5209 A
05507600 2008 11 4 56139.8236 A
05507600 2008 11 5 56183.7973 A
05507600 2008 11 6 56092.9183 A
05507600 2008 11 7 56200.9181 A
05507600 2008 11 8 56137.0162 A
05507600 2008 11 9 56093.9569 A
05507600 2008 11 10 56072.6216 A
05507600 2008 11 11 56162.6479 A
05507600 2008 11 12 56156.1658 A
05507600 2008 11 13 56075.9628 A
05507600 2008 11 14 56122.6951 A
05507600 2008 11 15 56118.9276 A
05507600 2008 11 16 56051.4462 A
05507600 2008 11 17 56099.5267 A
05507600 2008 11 18 56063.8935 A
05507600 2008 11 19 56040.2765 A
05507600 2008 11 20 56120.1307 A
05507600 2008 11 21 56071.7380 A
05507600 2008 11 22 56066.7110 A
05507600 2008 11 23 56097.0790 A
05507600 2008 11 24 56076.0139 A
05507600 2008 11 25 56011.1441 A
05507600 2008 11 26 56010.4194 A
05507600 2008 11 27 56045.3582 A
05507600 2008 11 28 56024.3974 A
05507600 2008 11 29 56063.9787 A
05507600 2008 11 30 56018.1776 A
05507600 2008 12 1 56060.1020 A
05507600 2008 12 2 56161.7660 A
05507600 2008 12 3 56060.1835 A
05507600 2008 12 4 56260.0535 A
05507600 2008 12 5 56061.6287 A
05507600 2008 12 6 56023.0448 A
05507600 2008 12 7 56105.8192 A
05507600 2008 12 8 56127.9714 A
05507600 2008 12 9 56065.9231 A
05507600 2008 12 10 56102.5416 A
05507600 2008 12 11 56141.9781 A
05507600 2008 12 12 56123.3517 A
05507600 2008 12 13 56130.5420 A
05507600 2008 12 14 56102.5181 A
05507600 2008 12 15 56136.3057 A
05507600 2008 12 16 56080.9162 A
05507600 2008 12 17 56091.6259 A
05507600 2008 12 18 56072.6771 A
05507600 2008 12 19 56175.8247 A
05507600 2008 12 20 56153.8424 A
05507600 2008 12 21 56138.1799 A
05507600 2008 12 22 56126.5135 A
05507600 2008 12 23 56155.3483 A
05507600 2008 12 24 56177.1911 A
05507600 2008 12 25 56108.7738 A
05507600 2008 12 26 56130.0197 A
05507600 2008 12 27 56159.8165 A
05507600 2008 12 28 56182.4259 A
05507600 2008 12 29 56204.5966 A
05507600 2008 12 30 56247.8705 A
05507600 2008 12 31 56236.0259 A
05507600 2009 1 1 56253.8385 A
05507600 2009 1 2 56481.2489 A
05507600 2009 1 3 56212.6519 A
05507600 2009 1 4 56215.5471 A
05507600 2009 1 5 56269.3675 A
05507600 2009 1 6 56228.5227 A
05507600 2009 1 7 56196.1181 A
05507600 2009 1 8 56182.8070 A
05507600 2009 1 9 56377.3043 A
05507600 2009 1 10 56290.2169 A
05507600 2009 1 11 56264.5874 A
05507600 2009 1 12 56365.0872 A
05507600 2009 1 13 56273.4334 A
05507600 2009 1 14 56252.7070 A
05507600 2009 1 15 56260.2327 A
05507600 2009 1 16 56235.1512 A
05507600 2009 1 17 56229.9050 A
05507600 2009 1 18 56244.1230 A
05507600 2009 1 19 56259.6399 A
05507600 2009 1 20 56240.9934 A
05507600 2009 1 21 56198.0305 A
05507600 2009 1 22 56327.4070 A
05507600 2009 1 23 56326.4675 A
05507600 2009 1 24 56323.5391 A
05507600 2009 1 25 56246.1351 A
05507600 2009 1 26 56475.5311 A
05507600 2009 1 27 56341.1977 A
05507600 2009 1 28 56304.6816 A
05507600 2009 1 29 56370.8355 A
05507600 2009 1 30 56343.8251 A
05507600 2009 1 31 56423.1841 A
05507600 2009 2 1 56288.8920 A
05507600 2009 2 2 56359.7046 A
05507600 2009 2 3 56396.3438 A
05507600 2009 2 4 56580.4966 A
05507600 2009 2 5 56376.6379 A
05507600 2009 2 6 56357.2040 A
05507600 2009 2 7 56342.3763 A
05507600 2009 2 8 56383.1548 A
05507600 2009 2 9 56407.4560 A
05507600 2009 2 10 56515.9568 A
05507600 2009 2 11 56384.5000 A
05507600 2009 2 12 56494.3147 A
05507600 2009 2 13 56499.8142 A
05507600 2009 2 14 56388.8531 A
05507600 2009 2 15 56376.9868 A
05507600 2009 2 16 56425.3309 A
05507600 2009 2 17 56614.1439 A
05507600 2009 2 18 56590.2521 A
05507600 2009 2 19 56530.2936 A
05507600 2009 2 20 56465.7312 A
05507600 2009 2 21 56495.3208 A
05507600 2009 2 22 56492.6395 A
05507600 2009 2 23 56667.0296 A
05507600 2009 2 24 56504.8870 A
05507600 2009 2 25 56538.2394 A
05507600 2009 2 26 56676.0376 A
05507600 2009 2 27 56541.6491 A
05507600 2009 2 28 56558.4624 A
05507600 2009 3 1 56710.8673 A
05507600 2009 3 2 56606.9717 A
05507600 2009 3 3 56834.5875 A
05507600 2009 3 4 56705.2781 A
05507600 2009 3 5 56778.7541 A
05507600 2009 3 6 56836.8137 A
05507600 2009 3 7 56704.5055 A
05507600 2009 3 8 56827.0607 A
05507600 2009 3 9 56759.1647 A
05507600 2009 3 10 56942.2981 A
05507600 2009 3 11 57112.4032 A
05507600 2009 3 12 56908.8383 A
05507600 2009 3 13 56981.2327 A
05507600 2009 3 14 56970.6951 A
05507600 2009 3 15 57148.5985 A
05507600 2009 3 16 57019.4603 A
05507600 2009 3 17 57024.1771 A
05507600 2009 3 18 57005.6747 A
05507600 2009 3 19 56986.2217 A
05507600 2009 3 20 56979.9323 A
05507600 2009 3 21 56961.4992 A
05507600 2009 3 22 57016.8499 A
05507600 2009 3 23 56928.5253 A
05507600 2009 3 24 56904.4647 A
05507600 2009 3 25 56954.7368 A
05507600 2009 3 26 57109.6600 A
05507600 2009 3 27 56932.4689 A
05507600 2009 3 28 57064.0538 A
05507600 2009 3 29 57213.6048 A
05507600 2009 3 30 56979.7186 A
05507600 2009 3 31 57013.0823 A
05507600 2009 4 1 56991.0188 A
05507600 2009 4 2 57136.6349 A
05507600 2009 4 3 57036.6765 A
05507600 2009 4 4 57011.5989 A
05507600 2009 4 5 56963.5297 A
05507600 2009 4 6 57054.6076 A
05507600 2009 4 7 57002.9313 A
05507600 2009 4 8 57036.7346 A
05507600 2009 4 9 57026.1086 A
05507600 2009 4 10 57005.1641 A
05507600 2009 4 11 56973.7503 A
05507600 2009 4 12 56964.1005 A
05507600 2009 4 13 57136.9568 A
05507600 2009 4 14 56987.7830 A
05507600 2009 4 15 57074.5554 A
05507600 2009 4 16 57006.7609 A
05507600 2009 4 17 57083.5461 A
05507600 2009 4 18 57040.7174 A
05507600 2009 4 19 57634.7020 A
05507600 2009 4 20 57124.8043 A
05507600 2009 4 21 57216.2455 A
05507600 2009 4 22 57134.1977 A
05507600 2009 4 23 57151.4566 A
05507600 2009 4 24 57458.8633 A
05507600 2009 4 25 57296.5509 A
05507600 2009 4 26 57283.1712 A
05507600 2009 4 27 57355.2636 A
05507600 2009 4 28 57285.1461 A
05507600 2009 4 29 57209.5467 A
05507600 2009 4 30 57254.8860 A
05507600 2009 5 1 57218.8301 A
05507600 2009 5 2 57216.1626 A
05507600 2009 5 3 57230.2123 A
05507600 2009 5 4 57429.6152 A
05507600 2009 5 5 57563.1740 A
05507600 2009 5 6 57298.7358 A
05507600 2009 5 7 57542.6069 A
05507600 2009 5 8 57668.1807 A
05507600 2009 5 9 57517.2956 A
05507600 2009 5 10 57460.7144 A
05507600 2009 5 11 57480.8903 A
05507600 2009 5 12 57460.7422 A
05507600 2009 5 13 57597.4508 A
05507600 2009 5 14 57606.0856 A
05507600 2009 5 15 57492.1245 A
05507600 2009 5 16 57552.3010 A
05507600 2009 5 17 57645.0985 A
05507600 2009 5 18 57452.4492 A
05507600 2009 5 19 57521.5412 A
05507600 2009 5 20 58090.4870 A
05507600 2009 5 21 57759.9907 A
05507600 2009 5 22 57609.5174 A
05507600 2009 5 23 57631.8125 A
05507600 2009 5 24 57726.9887 A
05507600 2009 5 25 58139.3177 A
05507600 2009 5 26 57958.6076 A
05507600 2009 5 27 57836.3520 A
05507600 2009 5 28 57838.0803 A
05507600 2009 5 29 57887.2905 A
05507600 2009 5 30 57967.3945 A
05507600 2009 5 31 57824.0313 A
05507600 2009 6 1 57782.6445 A
05507600 2009 6 2 57959.3884 A
05507600 2009 6 3 57901.8365 A
05507600 2009 6 4 58045.4753 A
05507600 2009 6 5 58165.0492 A
05507600 2009 6 6 57940.7721 A
05507600 2009 6 7 57976.2471 A
05507600 2009 6 8 58193.6386 A
05507600 2009 6 9 58308.5524 A
05507600 2009 6 10 58235.7695 A
05507600 2009 6 11 58272.2916 A
05507600 2009 6 12 58557.7386 A
05507600 2009 6 13 58762.6706 A
05507600 2009 6 14 58430.9059 A
05507600 2009 6 15 58275.3806 A
05507600 2009 6 16 58594.6602 A
05507600 2009 6 17 58606.5745 A
05507600 2009 6 18 58414.8926 A
05507600 2009 6 19 58634.4631 A
05507600 2009 6 20 58556.1252 A
05507600 2009 6 21 58479.7295 A
05507600 2009 6 22 58458.3662 A
05507600 2009 6 23 58397.0848 A
05507600 2009 6 24 58575.0870 A
05507600 2009 6 25 58583.5395 A
05507600 2009 6 26 58500.6028 A
05507600 2009 6 27 58470.8624 A
05507600 2009 6 28 58500.5931 A
05507600 2009 6 29 58682.9557 A
05507600 2009 6 30 58710.1501 A
05507600 2009 7 1 58560.3185 A
05507600 2009 7 2 58528.2387 A
05507600 2009 7 3 58719.1826 A
05507600 2009 7 4 58688.1817 A
05507600 2009 7 5 58621.2542 A
05507600 2009 7 6 58532.5282 A
05507600 2009 7 7 58598.8349 A
05507600 2009 7 8 58676.3095 A
05507600 2009 7 9 58567.3689 A
05507600 2009 7 10 58822.0495 A
05507600 2009 7 11 58612.0633 A
05507600 2009 7 12 58850.6948 A
05507600 2009 7 13 58621.9156 A
05507600 2009 7 14 58645.5908 A
05507600 2009 7 15 58591.4647 A
05507600 2009 7 16 58645.0122 A
05507600 2009 7 17 58844.7898 A
05507600 2009 7 18 58775.0636 A
05507600 2009 7 19 58841.4908 A
05507600 2009 7 20 58706.5716 A
05507600 2009 7 21 59021.3815 A
05507600 2009 7 22 58871.2194 A
05507600 2009 7 23 58794.2156 A
05507600 2009 7 24 58864.1439 A
05507600 2009 7 25 58986.8810 A
05507600 2009 7 26 58940.7682 A
05507600 2009 7 27 58804.9191 A
05507600 2009 7 28 58960.4549 A
05507600 2009 7 29 58870.6064 A
05507600 2009 7 30 58822.9889 A
05507600 2009 7 31 59203.1541 A
05507600 2009 8 1 59099.6311 A
05507600 2009 8 2 58948.9672 A
05507600 2009 8 3 59266.8325 A
05507600 2009 8 4 59036.5286 A
05507600 2009 8 5 59314.2727 A
05507600 2009 8 6 59081.6995 A
05507600 2009 8 7 59059.6310 A
05507600 2009 8 8 59045.3084 A
05507600 2009 8 9 58987.5362 A
05507600 2009 8 10 59065.1136 A
05507600 2009 8 11 59091.3950 A
05507600 2009 8 12 59093.3710 A
05507600 2009 8 13 59120.5001 A
05507600 2009 8 14 59052.1247 A
05507600 2009 8 15 59131.1953 A
05507600 2009 8 16 59170.8736 A
05507600 2009 8 17 59465.5242 A
05507600 2009 8 18 59120.5458 A
05507600 2009 8 19 59699.1183 A
05507600 2009 8 20 59275.7907 A
05507600 2009 8 21 59254.1014 A
05507600 2009 8 22 59210.1649 A
05507600 2009 8 23 59460.9815 A
05507600 2009 8 24 59601.6686 A
05507600 2009 8 25 59382.0173 A
05507600 2009 8 26 59347.6538 A
05507600 2009 8 27 59351.5686 A
05507600 2009 8 28 59337.4130 A
05507600 2009 8 29 59437.9722 A
05507600 2009 8 30 59483.4619 A
05507600 2009 8 31 59348.2502 A
05507600 2009 9 1 59387.1380 A
05507600 2009 9 2 59518.0197 A
05507600 2009 9 3 59372.6841 A
05507600 2009 9 4 59353.0579 A
05507600 2009 9 5 59374.2152 A
05507600 2009 9 6 59401.4507 A
05507600 2009 9 7 59431.6966 A
05507600 2009 9 8 59424.3109 A
05507600 2009 9 9 59340.9646 A
05507600 2009 9 10 59479.2496 A
05507600 2009 9 11 59436.6120 A
05507600 2009 9 12 59355.7236 A
05507600 2009 9 13 59400.8584 A
05507600 2009 9 14 59611.3642 A
05507600 2009 9 15 59430.3120 A
05507600 2009 9 16 59625.5563 A
05507600 2009 9 17 59618.6373 A
05507600 2009 9 18 59595.7928 A
05507600 2009 9 19 59529.1763 A
05507600 2009 9 20 59634.5468 A
05507600 2009 9 21 59504.7765 A
05507600 2009 9 22 59534.3785 A
05507600 2009 9 23 59485.4652 A
05507600 2009 9 24 59590.3347 A
05507600 2009 9 25 59530.6391 A
05507600 2009 9 26 59643.4844 A
05507600 2009 9 27 59624.2780 A
05507600 2009 9 28 59553.0896 A
05507600 2009 9 29 59547.3578 A
05507600 2009 9 30 59631.9145 A
05507600 2009 10 1 59717.1341 A
05507600 2009 10 2 59624.1054 A
05507600 2009 10 3 59534.1086 A
05507600 2009 10 4 59606.6354 A
05507600 2009 10 5 59525.6827 A
05507600 2009 10 6 59567.5818 A
05507600 2009 10 7 59660.0213 A
05507600 2009 10 8 59626.4026 A
05507600 2009 10 9 59548.9854 A
05507600 2009 10 10 59597.5816 A
05507600 2009 10 11 59594.5709 A
05507600 2009 10 12 59594.4291 A
05507600 2009 10 13 59576.2217 A
05507600 2009 10 14 59542.2797 A
05507600 2009 10 15 59566.2038 A
05507600 2009 10 16 59665.6868 A
05507600 2009 10 17 59575.4158 A
05507600 2009 10 18 59567.5666 A
05507600 2009 10 19 59618.9187 A
05507600 2009 10 20 59530.3313 A
05507600 2009 10 21 59578.2056 A
05507600 2009 10 22 59764.8955 A
05507600 2009 10 23 59630.0382 A
05507600 2009 10 24 59557.6075 A
05507600 2009 10 25 59608.0789 A
05507600 2009 10 26 59574.5343 A
05507600 2009 10 27 59581.8383 A
05507600 2009 10 28 59550.2189 A
05507600 2009 10 29 59581.0451 A
05507600 2009 10 30 59539.9885 A
05507600 2009 10 31 59583.1839 A
05507600 2009 11 1 59527.5267 A
05507600 2009 11 2 59649.7167 A
05507600 2009 11 3 59540.5169 A
05507600 2009 11 4 59554.5938 A
05507600 2009 11 5 59523.8472 A
05507600 2009 11 6 59557.2758 A
05507600 2009 11 7 59536.1804 A
05507600 2009 11 8 59548.1733 A
05507600 2009 11 9 59543.8797 A
05507600 2009 11 10 59571.7571 A
05507600 2009 11 11 59732.3453 A
05507600 2009 11 12 59636.7034 A
05507600 2009 11 13 59662.9720 A
05507600 2009 11 14 59596.9876 A
05507600 2009 11 15 59593.5886 A
05507600 2009 11 16 59583.4557 A
05507600 2009 11 17 59665.3653 A
05507600 2009 11 18 59564.2270 A
05507600 2009 11 19 59591.7893 A
05507600 2009 11 20 59555.0162 A
05507600 2009 11 21 59556.2203 A
05507600 2009 11 22 59653.1710 A
05507600 2009 11 23 59572.5157 A
05507600 2009 11 24 59528.3357 A
05507600 2009 11 25 59544.0822 A
05507600 2009 11 26 59584.0723 A
05507600 2009 11 27 59548.8314 A
05507600 2009 11 28 59552.1655 A
05507600 2009 11 29 59517.0036 A
05507600 2009 11 30 59480.1236 A
05507600 2009 12 1 59495.6971 A
05507600 2009 12 2 59447.7548 A
05507600 2009 12 3 59474.2894 A
05507600 2009 12 4 59496.9072 A
05507600 2009 12 5 59566.8472 A
05507600 2009 12 6 59468.1749 A
05507600 2009 12 7 59614.6473 A
05507600 2009 12 8 59530.7216 A
05507600 2009 12 9 59472.8842 A
05507600 2009 12 10 59459.9485 A
05507600 2009 12 11 59574.7020 A
05507600 2009 12 12 59558.8055 A
05507600 2009 12 13 59513.8559 A
05507600 2009 12 14 59554.6683 A
05507600 2009 12 15 59553.7871 A
05507600 2009 12 16 59495.4459 A
05507600 2009 12 17 59496.7589 A
05507600 2009 12 18 59587.9664 A
05507600 2009 12 19 59524.2680 A
05507600 2009 12 20 59502.7695 A
05507600 2009 12 21 59656.6151 A
05507600 2009 12 22 59496.5737 A
05507600 2009 12 23 59527.5108 A
05507600 2009 12 24 59542.9014 A
05507600 2009 12 25 59617.6353 A
05507600 2009 12 26 59520.7403 A
05507600 2009 12 27 59537.9775 A
05507600 2009 12 28 59509.9567 A
05507600 2009 12 29 59471.0271 A
05507600 2009 12 30 59570.9013 A
05507600 2009 12 31 59519.8010 A
