02128000 1995 1 1 163.9620 A
02128000 1995 1 2 123.3516 A
02128000 1995 1 3 234.7525 A
02128000 1995 1 4 185.9772 A
02128000 1995 1 5 154.1683 A
02128000 1995 1 6 156.2335 A
02128000 1995 1 7 145.3555 A
02128000 1995 1 8 282.2948 A
02128000 1995 1 9 165.1397 A
02128000 1995 1 10 137.7366 A
02128000 1995 1 11 195.2331 A
02128000 1995 1 12 215.5498 A
02128000 1995 1 13 218.9228 A
02128000 1995 1 14 234.3268 A
02128000 1995 1 15 184.6374 A
02128000 1995 1 16 177.8399 A
02128000 1995 1 17 190.2414 A
02128000 1995 1 18 204.2295 A
02128000 1995 1 19 165.1640 A
02128000 1995 1 20 212.4788 A
02128000 1995 1 21 266.4230 A
02128000 1995 1 22 221.8198 A
02128000 1995 1 23 235.4312 A
02128000 1995 1 24 222.8918 A
02128000 1995 1 25 193.4206 A
02128000 1995 1 26 204.5295 A
02128000 1995 1 27 197.9962 A
02128000 1995 1 28 215.6070 A
02128000 1995 1 29 370.4362 A
02128000 1995 1 30 239.2782 A
02128000 1995 1 31 269.8540 A
02128000 1995 2 1 300.5086 A
02128000 1995 2 2 273.2637 A
02128000 1995 2 3 245.6397 A
02128000 1995 2 4 237.2612 A
02128000 1995 2 5 236.9246 A
02128000 1995 2 6 245.2132 A
02128000 1995 2 7 233.7760 A
02128000 1995 2 8 244.2475 A
02128000 1995 2 9 289.2645 A
02128000 1995 2 10 276.8071 A
02128000 1995 2 11 305.6390 A
02128000 1995 2 12 248.1073 A
02128000 1995 2 13 299.9893 A
02128000 1995 2 14 354.6451 A
02128000 1995 2 15 392.5831 A
02128000 1995 2 16 319.9516 A
02128000 1995 2 17 278.4082 A
02128000 1995 2 18 290.6906 A
02128000 1995 2 19 342.1873 A
02128000 1995 2 20 283.5688 A
02128000 1995 2 21 383.8399 A
02128000 1995 2 22 493.9905 A
02128000 1995 2 23 348.0898 A
02128000 1995 2 24 421.4112 A
02128000 1995 2 25 355.9608 A
02128000 1995 2 26 506.4333 A
02128000 1995 2 27 400.8087 A
02128000 1995 2 28 384.7622 A
02128000 1995 3 1 587.4133 A
02128000 1995 3 2 413.8399 A
02128000 1995 3 3 392.5426 A
02128000 1995 3 4 664.4057 A
02128000 1995 3 5 501.0314 A
02128000 1995 3 6 564.0702 A
02128000 1995 3 7 477.6585 A
02128000 1995 3 8 596.5831 A
02128000 1995 3 9 517.8625 A
02128000 1995 3 10 508.3163 A
02128000 1995 3 11 508.5986 A
02128000 1995 3 12 531.8344 A
02128000 1995 3 13 577.4841 A
02128000 1995 3 14 606.3696 A
02128000 1995 3 15 553.1166 A
02128000 1995 3 16 632.6191 A
02128000 1995 3 17 587.8658 A
02128000 1995 3 18 599.1618 A
02128000 1995 3 19 628.9879 A
02128000 1995 3 20 807.7647 A
02128000 1995 3 21 672.9526 A
02128000 1995 3 22 683.0736 A
02128000 1995 3 23 852.6016 A
02128000 1995 3 24 704.2667 A
02128000 1995 3 25 775.5601 A
02128000 1995 3 26 702.0312 A
02128000 1995 3 27 695.6500 A
02128000 1995 3 28 799.3878 A
02128000 1995 3 29 952.2474 A
02128000 1995 3 30 744.5078 A
02128000 1995 3 31 754.0815 A
02128000 1995 4 1 777.8519 A
02128000 1995 4 2 960.3516 A
02128000 1995 4 3 747.8119 A
02128000 1995 4 4 815.0589 A
02128000 1995 4 5 808.7188 A
02128000 1995 4 6 931.3037 A
02128000 1995 4 7 814.8830 A
02128000 1995 4 8 865.2942 A
02128000 1995 4 9 825.1549 A
02128000 1995 4 10 944.7818 A
02128000 1995 4 11 816.1284 A
02128000 1995 4 12 849.2266 A
02128000 1995 4 13 911.5729 A
02128000 1995 4 14 876.5384 A
02128000 1995 4 15 872.0281 A
02128000 1995 4 16 979.2744 A
02128000 1995 4 17 924.5374 A
02128000 1995 4 18 885.2550 A
02128000 1995 4 19 1061.7405 A
02128000 1995 4 20 1066.7888 A
02128000 1995 4 21 1049.5379 A
02128000 1995 4 22 940.8274 A
02128000 1995 4 23 1191.0197 A
02128000 1995 4 24 1067.3517 A
02128000 1995 4 25 1174.7796 A
02128000 1995 4 26 1079.0036 A
02128000 1995 4 27 1105.7153 A
02128000 1995 4 28 1105.5035 A
02128000 1995 4 29 1149.4457 A
02128000 1995 4 30 1068.5766 A
02128000 1995 5 1 1079.2091 A
02128000 1995 5 2 1116.3603 A
02128000 1995 5 3 1134.8484 A
02128000 1995 5 4 1212.9524 A
02128000 1995 5 5 1486.4538 A
02128000 1995 5 6 1197.0184 A
02128000 1995 5 7 1248.5986 A
02128000 1995 5 8 1185.5392 A
02128000 1995 5 9 1413.5630 A
02128000 1995 5 10 1271.0612 A
02128000 1995 5 11 1198.4333 A
02128000 1995 5 12 1204.5906 A
02128000 1995 5 13 1232.9098 A
02128000 1995 5 14 1287.7190 A
02128000 1995 5 15 1256.5834 A
02128000 1995 5 16 1351.2069 A
02128000 1995 5 17 1253.6930 A
02128000 1995 5 18 1272.6756 A
02128000 1995 5 19 1650.1773 A
02128000 1995 5 20 1401.5786 A
02128000 1995 5 21 1529.7961 A
02128000 1995 5 22 1422.0666 A
02128000 1995 5 23 1427.5334 A
02128000 1995 5 24 1391.9081 A
02128000 1995 5 25 1415.9820 A
02128000 1995 5 26 1587.4702 A
02128000 1995 5 27 1571.1336 A
02128000 1995 5 28 1486.4791 A
02128000 1995 5 29 1598.7550 A
02128000 1995 5 30 1560.0838 A
02128000 1995 5 31 1541.7903 A
02128000 1995 6 1 1638.5051 A
02128000 1995 6 2 1520.3141 A
02128000 1995 6 3 1789.7044 A
02128000 1995 6 4 1570.3255 A
02128000 1995 6 5 1678.4749 A
02128000 1995 6 6 1576.1774 A
02128000 1995 6 7 1692.9385 A
02128000 1995 6 8 1806.4832 A
02128000 1995 6 9 1783.8458 A
02128000 1995 6 10 1742.7893 A
02128000 1995 6 11 1703.4365 A
02128000 1995 6 12 1686.0631 A
02128000 1995 6 13 1657.5343 A
02128000 1995 6 14 1707.4151 A
02128000 1995 6 15 1708.6589 A
02128000 1995 6 16 1870.2520 A
02128000 1995 6 17 2150.2960 A
02128000 1995 6 18 1776.3137 A
02128000 1995 6 19 1969.2891 A
02128000 1995 6 20 1897.9522 A
02128000 1995 6 21 1850.2459 A
02128000 1995 6 22 1951.1214 A
02128000 1995 6 23 2162.8539 A
02128000 1995 6 24 1930.5122 A
02128000 1995 6 25 2137.8521 A
02128000 1995 6 26 2194.8143 A
02128000 1995 6 27 2185.7074 A
02128000 1995 6 28 2234.9377 A
02128000 1995 6 29 2218.4755 A
02128000 1995 6 30 2089.1998 A
02128000 1995 7 1 2220.7974 A
02128000 1995 7 2 2104.9765 A
02128000 1995 7 3 2091.1957 A
02128000 1995 7 4 2206.9530 A
02128000 1995 7 5 2161.8687 A
02128000 1995 7 6 2095.4466 A
02128000 1995 7 7 2169.8654 A
02128000 1995 7 8 2227.3324 A
02128000 1995 7 9 2210.3760 A
02128000 1995 7 10 2283.8834 A
02128000 1995 7 11 2332.2746 A
02128000 1995 7 12 2207.3460 A
02128000 1995 7 13 2194.8146 A
02128000 1995 7 14 2247.3341 A
02128000 1995 7 15 2321.9110 A
02128000 1995 7 16 2275.6423 A
02128000 1995 7 17 2261.2679 A
02128000 1995 7 18 2476.2148 A
02128000 1995 7 19 2264.8239 A
02128000 1995 7 20 2264.3476 A
02128000 1995 7 21 2297.5233 A
02128000 1995 7 22 2267.0197 A
02128000 1995 7 23 2261.9458 A
02128000 1995 7 24 2408.3867 A
02128000 1995 7 25 2477.7949 A
02128000 1995 7 26 2405.6708 A
02128000 1995 7 27 2382.4816 A
02128000 1995 7 28 2590.1320 A
02128000 1995 7 29 2439.2494 A
02128000 1995 7 30 2396.8927 A
02128000 1995 7 31 2433.6648 A
02128000 1995 8 1 2369.5895 A
02128000 1995 8 2 2388.2452 A
02128000 1995 8 3 2472.1703 A
02128000 1995 8 4 2382.6732 A
02128000 1995 8 5 2605.5154 A
02128000 1995 8 6 2552.7320 A
02128000 1995 8 7 2491.8277 A
02128000 1995 8 8 2547.1244 A
02128000 1995 8 9 2522.2962 A
02128000 1995 8 10 2597.6746 A
02128000 1995 8 11 2533.3947 A
02128000 1995 8 12 2495.0833 A
02128000 1995 8 13 2500.1675 A
02128000 1995 8 14 2701.9584 A
02128000 1995 8 15 2616.9021 A
02128000 1995 8 16 2568.3284 A
02128000 1995 8 17 2604.0030 A
02128000 1995 8 18 2537.3073 A
02128000 1995 8 19 2573.2703 A
02128000 1995 8 20 2630.0282 A
02128000 1995 8 21 2699.6280 A
02128000 1995 8 22 2590.2255 A
02128000 1995 8 23 2620.8796 A
02128000 1995 8 24 2735.9922 A
02128000 1995 8 25 2648.8450 A
02128000 1995 8 26 2604.5991 A
02128000 1995 8 27 2766.2100 A
02128000 1995 8 28 2720.3023 A
02128000 1995 8 29 2632.4045 A
02128000 1995 8 30 2721.9202 A
02128000 1995 8 31 2653.3928 A
02128000 1995 9 1 2734.0744 A
02128000 1995 9 2 2743.3244 A
02128000 1995 9 3 2685.4673 A
02128000 1995 9 4 2737.1223 A
02128000 1995 9 5 2702.2852 A
02128000 1995 9 6 2683.7741 A
02128000 1995 9 7 2698.7810 A
02128000 1995 9 8 2745.4318 A
02128000 1995 9 9 2780.2727 A
02128000 1995 9 10 2734.9234 A
02128000 1995 9 11 2708.7161 A
02128000 1995 9 12 2695.0809 A
02128000 1995 9 13 2755.2378 A
02128000 1995 9 14 2709.5211 A
02128000 1995 9 15 2689.2012 A
02128000 1995 9 16 2755.7974 A
02128000 1995 9 17 2727.4618 A
02128000 1995 9 18 2735.5328 A
02128000 1995 9 19 2792.4481 A
02128000 1995 9 20 2831.2530 A
02128000 1995 9 21 2789.7510 A
02128000 1995 9 22 2746.4818 A
02128000 1995 9 23 2765.2910 A
02128000 1995 9 24 2716.2907 A
02128000 1995 9 25 2764.3409 A
02128000 1995 9 26 2752.3317 A
02128000 1995 9 27 2786.7414 A
02128000 1995 9 28 2782.4385 A
02128000 1995 9 29 2741.5556 A
02128000 1995 9 30 2764.6733 A
02128000 1995 10 1 2753.3828 A
02128000 1995 10 2 2875.7282 A
02128000 1995 10 3 2790.8268 A
02128000 1995 10 4 2829.4665 A
02128000 1995 10 5 2768.1001 A
02128000 1995 10 6 2794.5312 A
02128000 1995 10 7 2831.6446 A
02128000 1995 10 8 2800.3987 A
02128000 1995 10 9 2804.5915 A
02128000 1995 10 10 2763.3169 A
02128000 1995 10 11 2784.4928 A
02128000 1995 10 12 2769.6007 A
02128000 1995 10 13 2837.1394 A
02128000 1995 10 14 2750.1812 A
02128000 1995 10 15 2804.9784 A
02128000 1995 10 16 2779.6517 A
02128000 1995 10 17 2803.2607 A
02128000 1995 10 18 2799.3922 A
02128000 1995 10 19 2800.7271 A
02128000 1995 10 20 2793.9650 A
02128000 1995 10 21 2771.1459 A
02128000 1995 10 22 2815.8355 A
02128000 1995 10 23 2750.5741 A
02128000 1995 10 24 2771.9403 A
02128000 1995 10 25 2759.4082 A
02128000 1995 10 26 2781.9838 A
02128000 1995 10 27 2792.9502 A
02128000 1995 10 28 2754.7011 A
02128000 1995 10 29 2760.4693 A
02128000 1995 10 30 2807.0286 A
02128000 1995 10 31 2744.8519 A
02128000 1995 11 1 2827.2922 A
02128000 1995 11 2 2770.1028 A
02128000 1995 11 3 2758.7633 A
02128000 1995 11 4 2836.9110 A
02128000 1995 11 5 2775.1282 A
02128000 1995 11 6 2754.8455 A
02128000 1995 11 7 2852.0627 A
02128000 1995 11 8 2753.1963 A
02128000 1995 11 9 2774.9364 A
02128000 1995 11 10 2788.5618 A
02128000 1995 11 11 2748.3685 A
02128000 1995 11 12 2832.5076 A
02128000 1995 11 13 2749.4811 A
02128000 1995 11 14 2864.9893 A
02128000 1995 11 15 2769.8708 A
02128000 1995 11 16 2754.8239 A
02128000 1995 11 17 2790.3484 A
02128000 1995 11 18 2754.3857 A
02128000 1995 11 19 2777.6905 A
02128000 1995 11 20 2770.6781 A
02128000 1995 11 21 2826.7593 A
02128000 1995 11 22 2783.5582 A
02128000 1995 11 23 2792.1405 A
02128000 1995 11 24 2808.6594 A
02128000 1995 11 25 2788.6475 A
02128000 1995 11 26 2750.4451 A
02128000 1995 11 27 2793.0907 A
02128000 1995 11 28 2761.4421 A
02128000 1995 11 29 2761.7933 A
02128000 1995 11 30 2738.0853 A
02128000 1995 12 1 2767.3534 A
02128000 1995 12 2 2756.2863 A
02128000 1995 12 3 2796.9962 A
02128000 1995 12 4 2826.1346 A
02128000 1995 12 5 2764.9360 A
02128000 1995 12 6 2752.0346 A
02128000 1995 12 7 2752.9061 A
02128000 1995 12 8 2772.6109 A
02128000 1995 12 9 2901.5780 A
02128000 1995 12 10 2836.8626 A
02128000 1995 12 11 2803.4737 A
02128000 1995 12 12 2782.7318 A
02128000 1995 12 13 2802.8249 A
02128000 1995 12 14 2824.9436 A
02128000 1995 12 15 2782.5772 A
02128000 1995 12 16 2789.2776 A
02128000 1995 12 17 2800.6266 A
02128000 1995 12 18 2787.0021 A
02128000 1995 12 19 2777.6930 A
02128000 1995 12 20 2814.2739 A
02128000 1995 12 21 2787.4478 A
02128000 1995 12 22 2819.0702 A
02128000 1995 12 23 2798.1497 A
02128000 1995 12 24 2772.2908 A
02128000 1995 12 25 2870.3192 A
02128000 1995 12 26 2784.9587 A
02128000 1995 12 27 2789.9710 A
02128000 1995 12 28 2810.9183 A
02128000 1995 12 29 2813.2673 A
02128000 1995 12 30 2958.2232 A
02128000 1995 12 31 2822.6290 A
02128000 1996 1 1 2807.1644 A
02128000 1996 1 2 2797.8812 A
02128000 1996 1 3 2821.3719 A
02128000 1996 1 4 2804.9663 A
02128000 1996 1 5 2899.2867 A
02128000 1996 1 6 2827.9320 A
02128000 1996 1 7 2830.2214 A
02128000 1996 1 8 2819.7531 A
02128000 1996 1 9 2826.0908 A
02128000 1996 1 10 2917.0234 A
02128000 1996 1 11 2862.2671 A
02128000 1996 1 12 2852.1411 A
02128000 1996 1 13 2858.3550 A
02128000 1996 1 14 2845.0110 A
02128000 1996 1 15 2844.9169 A
02128000 1996 1 16 2900.2017 A
02128000 1996 1 17 2881.2210 A
02128000 1996 1 18 2869.9681 A
02128000 1996 1 19 2853.4701 A
02128000 1996 1 20 2862.3339 A
02128000 1996 1 21 2851.4303 A
02128000 1996 1 22 2880.7929 A
02128000 1996 1 23 2911.0387 A
02128000 1996 1 24 2864.3111 A
02128000 1996 1 25 2836.0767 A
02128000 1996 1 26 2874.5454 A
02128000 1996 1 27 2869.3351 A
02128000 1996 1 28 2844.4987 A
02128000 1996 1 29 2897.4322 A
02128000 1996 1 30 2966.2778 A
02128000 1996 1 31 2876.3349 A
02128000 1996 2 1 2884.1885 A
02128000 1996 2 2 2876.8744 A
02128000 1996 2 3 2959.8803 A
02128000 1996 2 4 2885.0965 A
02128000 1996 2 5 2840.5974 A
02128000 1996 2 6 2899.5537 A
02128000 1996 2 7 3027.1601 A
02128000 1996 2 8 2910.5820 A
02128000 1996 2 9 2887.5789 A
02128000 1996 2 10 2876.3980 A
02128000 1996 2 11 2924.3330 A
02128000 1996 2 12 3150.3047 A
02128000 1996 2 13 2968.4972 A
02128000 1996 2 14 3020.8431 A
02128000 1996 2 15 2955.5058 A
02128000 1996 2 16 3015.9961 A
02128000 1996 2 17 2959.9746 A
02128000 1996 2 18 3002.9917 A
02128000 1996 2 19 3035.7854 A
02128000 1996 2 20 3041.3083 A
02128000 1996 2 21 3090.7803 A
02128000 1996 2 22 2983.5163 A
02128000 1996 2 23 2992.9413 A
02128000 1996 2 24 3012.0655 A
02128000 1996 2 25 3105.3618 A
02128000 1996 2 26 3005.6381 A
02128000 1996 2 27 3027.7711 A
02128000 1996 2 28 3017.8205 A
02128000 1996 2 29 3051.9651 A
02128000 1996 3 1 3243.1666 A
02128000 1996 3 2 3111.3037 A
02128000 1996 3 3 3135.8243 A
02128000 1996 3 4 3278.9485 A
02128000 1996 3 5 3161.8466 A
02128000 1996 3 6 3175.4936 A
02128000 1996 3 7 3191.3625 A
02128000 1996 3 8 3113.8472 A
02128000 1996 3 9 3123.8737 A
02128000 1996 3 10 3139.2840 A
02128000 1996 3 11 3107.7495 A
02128000 1996 3 12 3121.8223 A
02128000 1996 3 13 3187.3596 A
02128000 1996 3 14 3150.5231 A
02128000 1996 3 15 3150.7671 A
02128000 1996 3 16 3583.3880 A
02128000 1996 3 17 3275.7254 A
02128000 1996 3 18 3305.2111 A
02128000 1996 3 19 3361.8244 A
02128000 1996 3 20 3341.9378 A
02128000 1996 3 21 3365.9518 A
02128000 1996 3 22 3444.5425 A
02128000 1996 3 23 3370.4117 A
02128000 1996 3 24 3565.3764 A
02128000 1996 3 25 3519.7408 A
02128000 1996 3 26 3478.0434 A
02128000 1996 3 27 3399.9076 A
02128000 1996 3 28 3464.1299 A
02128000 1996 3 29 3635.0640 A
02128000 1996 3 30 3514.7006 A
02128000 1996 3 31 3573.0774 A
02128000 1996 4 1 3571.5272 A
02128000 1996 4 2 3514.2739 A
02128000 1996 4 3 3546.6615 A
02128000 1996 4 4 3537.5534 A
02128000 1996 4 5 3516.6595 A
02128000 1996 4 6 3586.5662 A
02128000 1996 4 7 3508.5985 A
02128000 1996 4 8 3598.0693 A
02128000 1996 4 9 3560.6898 A
02128000 1996 4 10 3612.4205 A
02128000 1996 4 11 3598.8515 A
02128000 1996 4 12 3582.4215 A
02128000 1996 4 13 3724.3683 A
02128000 1996 4 14 3687.3644 A
02128000 1996 4 15 3982.8781 A
02128000 1996 4 16 3680.6448 A
02128000 1996 4 17 3771.0796 A
02128000 1996 4 18 3700.3200 A
02128000 1996 4 19 3818.4251 A
02128000 1996 4 20 3742.5963 A
02128000 1996 4 21 3924.0733 A
02128000 1996 4 22 3897.1761 A
02128000 1996 4 23 3811.0710 A
02128000 1996 4 24 3777.1405 A
02128000 1996 4 25 3845.8842 A
02128000 1996 4 26 4195.2335 A
02128000 1996 4 27 3855.4516 A
02128000 1996 4 28 3947.7936 A
02128000 1996 4 29 3895.7420 A
02128000 1996 4 30 3961.7551 A
02128000 1996 5 1 3892.1080 A
02128000 1996 5 2 3926.6720 A
02128000 1996 5 3 3892.8347 A
02128000 1996 5 4 3976.3175 A
02128000 1996 5 5 3923.2225 A
02128000 1996 5 6 4291.6413 A
02128000 1996 5 7 4162.6061 A
02128000 1996 5 8 3996.0474 A
02128000 1996 5 9 4231.0731 A
02128000 1996 5 10 4165.0788 A
02128000 1996 5 11 4085.2368 A
02128000 1996 5 12 4076.8670 A
02128000 1996 5 13 4128.1983 A
02128000 1996 5 14 4227.1314 A
02128000 1996 5 15 4110.7521 A
02128000 1996 5 16 4163.5774 A
02128000 1996 5 17 4333.5634 A
02128000 1996 5 18 4249.0523 A
02128000 1996 5 19 4231.2030 A
02128000 1996 5 20 4311.6881 A
02128000 1996 5 21 4245.4792 A
02128000 1996 5 22 4192.3621 A
02128000 1996 5 23 4261.3473 A
02128000 1996 5 24 4225.4359 A
02128000 1996 5 25 4212.2916 A
02128000 1996 5 26 4220.3827 A
02128000 1996 5 27 4232.7350 A
02128000 1996 5 28 4248.8522 A
02128000 1996 5 29 4254.7681 A
02128000 1996 5 30 4294.6720 A
02128000 1996 5 31 4361.8324 A
02128000 1996 6 1 4253.9595 A
02128000 1996 6 2 4283.1160 A
02128000 1996 6 3 4478.6652 A
02128000 1996 6 4 4363.5913 A
02128000 1996 6 5 4392.4380 A
02128000 1996 6 6 4371.5416 A
02128000 1996 6 7 4345.1803 A
02128000 1996 6 8 4337.9091 A
02128000 1996 6 9 4433.4538 A
02128000 1996 6 10 4643.2034 A
02128000 1996 6 11 4403.4019 A
02128000 1996 6 12 4507.4557 A
02128000 1996 6 13 4577.1676 A
02128000 1996 6 14 4581.8350 A
02128000 1996 6 15 4559.2916 A
02128000 1996 6 16 4565.8640 A
02128000 1996 6 17 4801.2222 A
02128000 1996 6 18 4545.9481 A
02128000 1996 6 19 4574.6894 A
02128000 1996 6 20 4877.6475 A
02128000 1996 6 21 4627.8472 A
02128000 1996 6 22 4654.1609 A
02128000 1996 6 23 4640.8553 A
02128000 1996 6 24 4660.1586 A
02128000 1996 6 25 4649.0898 A
02128000 1996 6 26 4620.9391 A
02128000 1996 6 27 4633.9569 A
02128000 1996 6 28 4933.2144 A
02128000 1996 6 29 4934.7131 A
02128000 1996 6 30 4733.6873 A
02128000 1996 7 1 4710.6248 A
02128000 1996 7 2 4710.7135 A
02128000 1996 7 3 4757.7777 A
02128000 1996 7 4 4834.0140 A
02128000 1996 7 5 4821.9052 A
02128000 1996 7 6 4972.6856 A
02128000 1996 7 7 4797.8749 A
02128000 1996 7 8 5002.6373 A
02128000 1996 7 9 4823.8032 A
02128000 1996 7 10 4801.6468 A
02128000 1996 7 11 4944.6194 A
02128000 1996 7 12 4887.9967 A
02128000 1996 7 13 4977.8559 A
02128000 1996 7 14 4932.8860 A
02128000 1996 7 15 5044.6096 A
02128000 1996 7 16 4912.5095 A
02128000 1996 7 17 5117.0485 A
02128000 1996 7 18 5035.6869 A
02128000 1996 7 19 5229.3633 A
02128000 1996 7 20 5024.5799 A
02128000 1996 7 21 5045.3474 A
02128000 1996 7 22 5151.1607 A
02128000 1996 7 23 5054.8689 A
02128000 1996 7 24 5127.6695 A
02128000 1996 7 25 5108.7889 A
02128000 1996 7 26 5061.0505 A
02128000 1996 7 27 5244.7767 A
02128000 1996 7 28 5101.5889 A
02128000 1996 7 29 5148.2205 A
02128000 1996 7 30 5123.8395 A
02128000 1996 7 31 5114.6644 A
02128000 1996 8 1 5109.5848 A
02128000 1996 8 2 5227.7223 A
02128000 1996 8 3 5127.4959 A
02128000 1996 8 4 5387.0045 A
02128000 1996 8 5 5355.2785 A
02128000 1996 8 6 5268.4976 A
02128000 1996 8 7 5318.1213 A
02128000 1996 8 8 5234.6465 A
02128000 1996 8 9 5279.1612 A
02128000 1996 8 10 5211.7752 A
02128000 1996 8 11 5442.0280 A
02128000 1996 8 12 5253.0599 A
02128000 1996 8 13 5319.3696 A
02128000 1996 8 14 5349.5999 A
02128000 1996 8 15 5353.9842 A
02128000 1996 8 16 5318.4118 A
02128000 1996 8 17 5292.1437 A
02128000 1996 8 18 5271.5906 A
02128000 1996 8 19 5265.7966 A
02128000 1996 8 20 5447.5123 A
02128000 1996 8 21 5370.7892 A
02128000 1996 8 22 5501.2023 A
02128000 1996 8 23 5402.6023 A
02128000 1996 8 24 5416.3452 A
02128000 1996 8 25 5450.4124 A
02128000 1996 8 26 5431.5063 A
02128000 1996 8 27 5352.6401 A
02128000 1996 8 28 5535.8104 A
02128000 1996 8 29 5471.0546 A
02128000 1996 8 30 5510.2381 A
02128000 1996 8 31 5443.5619 A
02128000 1996 9 1 5479.0561 A
02128000 1996 9 2 5442.8932 A
02128000 1996 9 3 5441.8985 A
02128000 1996 9 4 5452.9765 A
02128000 1996 9 5 5497.6586 A
02128000 1996 9 6 5432.8303 A
02128000 1996 9 7 5624.8419 A
02128000 1996 9 8 5494.4460 A
02128000 1996 9 9 5446.6745 A
02128000 1996 9 10 5453.6906 A
02128000 1996 9 11 5514.6462 A
02128000 1996 9 12 5469.3865 A
02128000 1996 9 13 5518.3505 A
02128000 1996 9 14 5508.8036 A
02128000 1996 9 15 5532.2260 A
02128000 1996 9 16 5530.1092 A
02128000 1996 9 17 5492.4876 A
02128000 1996 9 18 5684.7839 A
02128000 1996 9 19 5516.7368 A
02128000 1996 9 20 5524.2376 A
02128000 1996 9 21 5504.2461 A
02128000 1996 9 22 5525.4248 A
02128000 1996 9 23 5639.0491 A
02128000 1996 9 24 5538.6999 A
02128000 1996 9 25 5792.4897 A
02128000 1996 9 26 5657.0042 A
02128000 1996 9 27 5574.7178 A
02128000 1996 9 28 5578.5702 A
02128000 1996 9 29 5626.5500 A
02128000 1996 9 30 5589.5259 A
02128000 1996 10 1 5575.0373 A
02128000 1996 10 2 5651.8013 A
02128000 1996 10 3 5596.9925 A
02128000 1996 10 4 5737.9492 A
02128000 1996 10 5 5670.4839 A
02128000 1996 10 6 5659.2141 A
02128000 1996 10 7 5665.9492 A
02128000 1996 10 8 5645.6375 A
02128000 1996 10 9 5655.5346 A
02128000 1996 10 10 5634.8430 A
02128000 1996 10 11 5633.0420 A
02128000 1996 10 12 5618.5582 A
02128000 1996 10 13 5639.2316 A
02128000 1996 10 14 5662.8580 A
02128000 1996 10 15 5680.5296 A
02128000 1996 10 16 5644.4258 A
02128000 1996 10 17 5609.0179 A
02128000 1996 10 18 5670.9947 A
02128000 1996 10 19 5628.8632 A
02128000 1996 10 20 5648.4991 A
02128000 1996 10 21 5635.6881 A
02128000 1996 10 22 5684.9217 A
02128000 1996 10 23 5632.4208 A
02128000 1996 10 24 5650.9504 A
02128000 1996 10 25 5623.2463 A
02128000 1996 10 26 5681.4331 A
02128000 1996 10 27 5676.8580 A
02128000 1996 10 28 5647.3729 A
02128000 1996 10 29 5647.3116 A
02128000 1996 10 30 5621.8406 A
02128000 1996 10 31 5638.0463 A
02128000 1996 11 1 5626.6081 A
02128000 1996 11 2 5607.2113 A
02128000 1996 11 3 5635.9936 A
02128000 1996 11 4 5627.3799 A
02128000 1996 11 5 5622.9014 A
02128000 1996 11 6 5638.2407 A
02128000 1996 11 7 5690.7278 A
02128000 1996 11 8 5631.4111 A
02128000 1996 11 9 5627.3567 A
02128000 1996 11 10 5645.3144 A
02128000 1996 11 11 5630.6575 A
02128000 1996 11 12 5623.0541 A
02128000 1996 11 13 5615.3088 A
02128000 1996 11 14 5720.9048 A
02128000 1996 11 15 5619.3638 A
02128000 1996 11 16 5633.2374 A
02128000 1996 11 17 5664.7923 A
02128000 1996 11 18 5651.2962 A
02128000 1996 11 19 5643.6496 A
02128000 1996 11 20 5739.0499 A
02128000 1996 11 21 5639.5758 A
02128000 1996 11 22 5614.4026 A
02128000 1996 11 23 5649.3400 A
02128000 1996 11 24 5615.5882 A
02128000 1996 11 25 5679.3904 A
02128000 1996 11 26 5625.6645 A
02128000 1996 11 27 5643.3417 A
02128000 1996 11 28 5633.0299 A
02128000 1996 11 29 5631.4247 A
02128000 1996 11 30 5670.0402 A
02128000 1996 12 1 5630.9081 A
02128000 1996 12 2 5651.3147 A
02128000 1996 12 3 5666.8390 A
02128000 1996 12 4 5672.0306 A
02128000 1996 12 5 5641.0982 A
02128000 1996 12 6 5670.0998 A
02128000 1996 12 7 5631.4712 A
02128000 1996 12 8 5648.0902 A
02128000 1996 12 9 5619.2172 A
02128000 1996 12 10 5727.8491 A
02128000 1996 12 11 5719.8154 A
02128000 1996 12 12 5781.4000 A
02128000 1996 12 13 5683.9109 A
02128000 1996 12 14 5709.1750 A
02128000 1996 12 15 5682.7880 A
02128000 1996 12 16 5674.0658 A
02128000 1996 12 17 5782.9037 A
02128000 1996 12 18 5687.7512 A
02128000 1996 12 19 5700.4149 A
02128000 1996 12 20 5684.0688 A
02128000 1996 12 21 5705.4304 A
02128000 1996 12 22 5694.7141 A
02128000 1996 12 23 5687.0014 A
02128000 1996 12 24 5666.6434 A
02128000 1996 12 25 5781.0396 A
02128000 1996 12 26 5708.0259 A
02128000 1996 12 27 5718.7257 A
02128000 1996 12 28 5687.7481 A
02128000 1996 12 29 5764.3584 A
02128000 1996 12 30 5700.6768 A
02128000 1996 12 31 5735.2146 A
02128000 1997 1 1 5703.4100 A
02128000 1997 1 2 5768.2543 A
02128000 1997 1 3 5737.8195 A
02128000 1997 1 4 5719.9808 A
02128000 1997 1 5 5739.5429 A
02128000 1997 1 6 5789.9996 A
02128000 1997 1 7 5724.7007 A
02128000 1997 1 8 5770.9104 A
02128000 1997 1 9 5742.0969 A
02128000 1997 1 10 5752.8866 A
02128000 1997 1 11 5733.8815 A
02128000 1997 1 12 5734.4146 A
02128000 1997 1 13 5729.4892 A
02128000 1997 1 14 5734.5962 A
02128000 1997 1 15 5729.2570 A
02128000 1997 1 16 5727.9261 A
02128000 1997 1 17 5825.1266 A
02128000 1997 1 18 5760.2526 A
02128000 1997 1 19 5727.5715 A
02128000 1997 1 20 5745.8752 A
02128000 1997 1 21 5814.1588 A
02128000 1997 1 22 5775.4719 A
02128000 1997 1 23 5755.6388 A
02128000 1997 1 24 5773.7338 A
02128000 1997 1 25 5722.6797 A
02128000 1997 1 26 5732.3795 A
02128000 1997 1 27 5764.1346 A
02128000 1997 1 28 5934.2029 A
02128000 1997 1 29 5798.5309 A
02128000 1997 1 30 5807.8627 A
02128000 1997 1 31 5797.1934 A
02128000 1997 2 1 5839.0148 A
02128000 1997 2 2 5810.9220 A
02128000 1997 2 3 5788.4590 A
02128000 1997 2 4 5787.2623 A
02128000 1997 2 5 5787.3695 A
02128000 1997 2 6 5807.6494 A
02128000 1997 2 7 5795.7112 A
02128000 1997 2 8 5826.7695 A
02128000 1997 2 9 5779.0746 A
02128000 1997 2 10 5896.4996 A
02128000 1997 2 11 5866.3700 A
02128000 1997 2 12 5893.9138 A
02128000 1997 2 13 5922.3465 A
02128000 1997 2 14 5873.2931 A
02128000 1997 2 15 5919.7097 A
02128000 1997 2 16 5922.0444 A
02128000 1997 2 17 5905.2001 A
02128000 1997 2 18 5864.5394 A
02128000 1997 2 19 5896.0771 A
02128000 1997 2 20 5873.8085 A
02128000 1997 2 21 5907.9082 A
02128000 1997 2 22 5947.0598 A
02128000 1997 2 23 5916.1793 A
02128000 1997 2 24 5901.8004 A
02128000 1997 2 25 5891.1187 A
02128000 1997 2 26 5974.8471 A
02128000 1997 2 27 5952.1062 A
02128000 1997 2 28 6189.8279 A
02128000 1997 3 1 6023.0989 A
02128000 1997 3 2 6117.5188 A
02128000 1997 3 3 6011.8440 A
02128000 1997 3 4 6176.1937 A
02128000 1997 3 5 5989.7188 A
02128000 1997 3 6 6042.7666 A
02128000 1997 3 7 6127.6582 A
02128000 1997 3 8 6088.2343 A
02128000 1997 3 9 6026.0563 A
02128000 1997 3 10 6069.4932 A
02128000 1997 3 11 6090.0588 A
02128000 1997 3 12 6038.7430 A
02128000 1997 3 13 6153.9131 A
02128000 1997 3 14 6141.3096 A
02128000 1997 3 15 6090.9893 A
02128000 1997 3 16 6166.2167 A
02128000 1997 3 17 6071.0333 A
02128000 1997 3 18 6128.0929 A
02128000 1997 3 19 6193.0920 A
02128000 1997 3 20 6262.9230 A
02128000 1997 3 21 6140.5534 A
02128000 1997 3 22 6121.4094 A
02128000 1997 3 23 6141.6194 A
02128000 1997 3 24 6104.0310 A
02128000 1997 3 25 6271.9573 A
02128000 1997 3 26 6249.3079 A
02128000 1997 3 27 6193.2112 A
02128000 1997 3 28 6305.0828 A
02128000 1997 3 29 6184.8212 A
02128000 1997 3 30 6199.7439 A
02128000 1997 3 31 6258.6276 A
02128000 1997 4 1 6253.1713 A
02128000 1997 4 2 6453.2090 A
02128000 1997 4 3 6240.2378 A
02128000 1997 4 4 6237.7592 A
02128000 1997 4 5 6493.4275 A
02128000 1997 4 6 6693.5653 A
02128000 1997 4 7 6512.2015 A
02128000 1997 4 8 6370.0673 A
02128000 1997 4 9 6405.8869 A
02128000 1997 4 10 6443.3389 A
02128000 1997 4 11 6550.9963 A
02128000 1997 4 12 6424.7018 A
02128000 1997 4 13 6432.7256 A
02128000 1997 4 14 6429.6737 A
02128000 1997 4 15 6661.1170 A
02128000 1997 4 16 6437.5388 A
02128000 1997 4 17 6444.9104 A
02128000 1997 4 18 6501.6251 A
02128000 1997 4 19 6767.3240 A
02128000 1997 4 20 6562.2634 A
02128000 1997 4 21 6610.2075 A
02128000 1997 4 22 6629.9122 A
02128000 1997 4 23 6633.3172 A
02128000 1997 4 24 6724.8571 A
02128000 1997 4 25 6631.9511 A
02128000 1997 4 26 6941.2741 A
02128000 1997 4 27 6746.1504 A
02128000 1997 4 28 6788.1288 A
02128000 1997 4 29 6767.1285 A
02128000 1997 4 30 6788.0974 A
02128000 1997 5 1 6805.2801 A
02128000 1997 5 2 6842.6065 A
02128000 1997 5 3 6787.8961 A
02128000 1997 5 4 6840.1657 A
02128000 1997 5 5 6798.3906 A
02128000 1997 5 6 7122.3512 A
02128000 1997 5 7 6881.6033 A
02128000 1997 5 8 6950.8629 A
02128000 1997 5 9 6929.0622 A
02128000 1997 5 10 6861.3067 A
02128000 1997 5 11 7043.4721 A
02128000 1997 5 12 6907.1426 A
02128000 1997 5 13 6914.7085 A
02128000 1997 5 14 7003.1508 A
02128000 1997 5 15 6989.0768 A
02128000 1997 5 16 7272.9566 A
02128000 1997 5 17 6977.4430 A
02128000 1997 5 18 7200.0948 A
02128000 1997 5 19 7129.3655 A
02128000 1997 5 20 7102.3376 A
02128000 1997 5 21 7131.8440 A
02128000 1997 5 22 7185.8952 A
02128000 1997 5 23 7173.2914 A
02128000 1997 5 24 7136.3397 A
02128000 1997 5 25 7229.1967 A
02128000 1997 5 26 7140.1357 A
02128000 1997 5 27 7548.5564 A
02128000 1997 5 28 7400.3458 A
02128000 1997 5 29 7245.5112 A
02128000 1997 5 30 7338.3375 A
02128000 1997 5 31 7304.1472 A
02128000 1997 6 1 7500.9415 A
02128000 1997 6 2 7519.4886 A
02128000 1997 6 3 7511.7064 A
02128000 1997 6 4 7407.9125 A
02128000 1997 6 5 7446.3019 A
02128000 1997 6 6 7487.5968 A
02128000 1997 6 7 7548.9337 A
02128000 1997 6 8 7476.4231 A
02128000 1997 6 9 7454.4489 A
02128000 1997 6 10 7442.2897 A
02128000 1997 6 11 7526.1874 A
02128000 1997 6 12 7525.2891 A
02128000 1997 6 13 7473.4478 A
02128000 1997 6 14 7460.1853 A
02128000 1997 6 15 7471.8910 A
02128000 1997 6 16 7513.3845 A
02128000 1997 6 17 7621.5499 A
02128000 1997 6 18 7694.8562 A
02128000 1997 6 19 7696.2427 A
02128000 1997 6 20 7615.3426 A
02128000 1997 6 21 7556.7722 A
02128000 1997 6 22 7567.5689 A
02128000 1997 6 23 7581.0100 A
02128000 1997 6 24 7680.0993 A
02128000 1997 6 25 7587.3669 A
02128000 1997 6 26 7691.9563 A
02128000 1997 6 27 7721.8788 A
02128000 1997 6 28 7669.4878 A
02128000 1997 6 29 7712.7662 A
02128000 1997 6 30 7652.6733 A
02128000 1997 7 1 7631.0770 A
02128000 1997 7 2 7755.5965 A
02128000 1997 7 3 7724.7115 A
02128000 1997 7 4 7692.1206 A
02128000 1997 7 5 7841.7894 A
02128000 1997 7 6 7696.8728 A
02128000 1997 7 7 7777.9350 A
02128000 1997 7 8 7811.3262 A
02128000 1997 7 9 8035.9516 A
02128000 1997 7 10 7783.7620 A
02128000 1997 7 11 7973.6655 A
02128000 1997 7 12 7901.5610 A
02128000 1997 7 13 7887.7258 A
02128000 1997 7 14 7832.4631 A
02128000 1997 7 15 7822.2973 A
02128000 1997 7 16 7832.0503 A
02128000 1997 7 17 7905.8351 A
02128000 1997 7 18 7924.9965 A
02128000 1997 7 19 7844.2467 A
02128000 1997 7 20 7880.9252 A
02128000 1997 7 21 7930.0820 A
02128000 1997 7 22 7915.8782 A
02128000 1997 7 23 7901.5387 A
02128000 1997 7 24 7849.5629 A
02128000 1997 7 25 7902.4065 A
02128000 1997 7 26 8096.1436 A
02128000 1997 7 27 8084.8510 A
02128000 1997 7 28 7955.5029 A
02128000 1997 7 29 8136.6596 A
02128000 1997 7 30 7989.0360 A
02128000 1997 7 31 8014.2619 A
02128000 1997 8 1 7983.4662 A
02128000 1997 8 2 8004.9021 A
02128000 1997 8 3 8119.1349 A
02128000 1997 8 4 8227.9932 A
02128000 1997 8 5 8101.5181 A
02128000 1997 8 6 8050.4995 A
02128000 1997 8 7 8029.1264 A
02128000 1997 8 8 8065.0080 A
02128000 1997 8 9 8168.2098 A
02128000 1997 8 10 8436.7882 A
02128000 1997 8 11 8173.0152 A
02128000 1997 8 12 8177.2590 A
02128000 1997 8 13 8134.3647 A
02128000 1997 8 14 8125.2893 A
02128000 1997 8 15 8253.8794 A
02128000 1997 8 16 8150.9331 A
02128000 1997 8 17 8160.8476 A
02128000 1997 8 18 8176.8771 A
02128000 1997 8 19 8251.7543 A
02128000 1997 8 20 8211.7411 A
02128000 1997 8 21 8374.3491 A
02128000 1997 8 22 8215.1484 A
02128000 1997 8 23 8228.7589 A
02128000 1997 8 24 8219.6382 A
02128000 1997 8 25 8209.7061 A
02128000 1997 8 26 8202.5973 A
02128000 1997 8 27 8222.6497 A
02128000 1997 8 28 8247.6334 A
02128000 1997 8 29 8252.3614 A
02128000 1997 8 30 8279.7896 A
02128000 1997 8 31 8256.0625 A
02128000 1997 9 1 8291.3424 A
02128000 1997 9 2 8262.6961 A
02128000 1997 9 3 8285.7436 A
02128000 1997 9 4 8276.7065 A
02128000 1997 9 5 8258.3507 A
02128000 1997 9 6 8377.9197 A
02128000 1997 9 7 8285.8919 A
02128000 1997 9 8 8257.9583 A
02128000 1997 9 9 8362.4151 A
02128000 1997 9 10 8317.8645 A
02128000 1997 9 11 8301.7759 A
02128000 1997 9 12 8300.3100 A
02128000 1997 9 13 8446.7026 A
02128000 1997 9 14 8318.2731 A
02128000 1997 9 15 8404.3335 A
02128000 1997 9 16 8376.8048 A
02128000 1997 9 17 8394.2725 A
02128000 1997 9 18 8365.6392 A
02128000 1997 9 19 8376.4453 A
02128000 1997 9 20 8349.4358 A
02128000 1997 9 21 8349.5578 A
02128000 1997 9 22 8357.1057 A
02128000 1997 9 23 8448.0869 A
02128000 1997 9 24 8349.3614 A
02128000 1997 9 25 8443.9324 A
02128000 1997 9 26 8393.1573 A
02128000 1997 9 27 8373.6915 A
02128000 1997 9 28 8447.2981 A
02128000 1997 9 29 8399.9421 A
02128000 1997 9 30 8453.6589 A
02128000 1997 10 1 8415.5041 A
02128000 1997 10 2 8407.9683 A
02128000 1997 10 3 8361.8808 A
02128000 1997 10 4 8445.9492 A
02128000 1997 10 5 8419.2666 A
02128000 1997 10 6 8488.6020 A
02128000 1997 10 7 8394.2789 A
02128000 1997 10 8 8412.7491 A
02128000 1997 10 9 8446.8377 A
02128000 1997 10 10 8496.0488 A
02128000 1997 10 11 8413.7317 A
02128000 1997 10 12 8411.0272 A
02128000 1997 10 13 8458.8635 A
02128000 1997 10 14 8472.1372 A
02128000 1997 10 15 8500.7011 A
02128000 1997 10 16 8623.3476 A
02128000 1997 10 17 8488.1199 A
02128000 1997 10 18 8487.5569 A
02128000 1997 10 19 8474.9259 A
02128000 1997 10 20 8492.7361 A
02128000 1997 10 21 8473.0902 A
02128000 1997 10 22 8498.2029 A
02128000 1997 10 23 8466.5628 A
02128000 1997 10 24 8495.4745 A
02128000 1997 10 25 8463.8228 A
02128000 1997 10 26 8506.5722 A
02128000 1997 10 27 8479.7774 A
02128000 1997 10 28 8491.0566 A
02128000 1997 10 29 8450.4277 A
02128000 1997 10 30 8481.7249 A
02128000 1997 10 31 8481.2486 A
02128000 1997 11 1 8462.1527 A
02128000 1997 11 2 8449.5280 A
02128000 1997 11 3 8519.8853 A
02128000 1997 11 4 8453.0116 A
02128000 1997 11 5 8474.5225 A
02128000 1997 11 6 8470.0861 A
02128000 1997 11 7 8525.0620 A
02128000 1997 11 8 8454.3775 A
02128000 1997 11 9 8445.4465 A
02128000 1997 11 10 8488.4509 A
02128000 1997 11 11 8456.4858 A
02128000 1997 11 12 8498.3955 A
02128000 1997 11 13 8480.2784 A
02128000 1997 11 14 8570.4356 A
02128000 1997 11 15 8457.0255 A
02128000 1997 11 16 8482.6875 A
02128000 1997 11 17 8528.0866 A
02128000 1997 11 18 8476.4696 A
02128000 1997 11 19 8499.1600 A
02128000 1997 11 20 8515.0359 A
02128000 1997 11 21 8480.7110 A
02128000 1997 11 22 8482.5214 A
02128000 1997 11 23 8528.7589 A
02128000 1997 11 24 8532.1095 A
02128000 1997 11 25 8590.7990 A
02128000 1997 11 26 8503.8556 A
02128000 1997 11 27 8515.2034 A
02128000 1997 11 28 8514.5677 A
02128000 1997 11 29 8482.7204 A
02128000 1997 11 30 8498.2103 A
02128000 1997 12 1 8491.0554 A
02128000 1997 12 2 8507.8312 A
02128000 1997 12 3 8477.0927 A
02128000 1997 12 4 8543.6794 A
02128000 1997 12 5 8536.7610 A
02128000 1997 12 6 8487.6452 A
02128000 1997 12 7 8498.8971 A
02128000 1997 12 8 8527.6690 A
02128000 1997 12 9 8480.6242 A
02128000 1997 12 10 8509.9853 A
02128000 1997 12 11 8539.9019 A
02128000 1997 12 12 8506.5620 A
02128000 1997 12 13 8514.5858 A
02128000 1997 12 14 8489.8142 A
02128000 1997 12 15 8564.1592 A
02128000 1997 12 16 8506.3126 A
02128000 1997 12 17 8533.2172 A
02128000 1997 12 18 8480.8303 A
02128000 1997 12 19 8558.8282 A
02128000 1997 12 20 8518.9631 A
02128000 1997 12 21 8499.7490 A
02128000 1997 12 22 8561.3661 A
02128000 1997 12 23 8550.6971 A
02128000 1997 12 24 8501.7907 A
02128000 1997 12 25 8563.7111 A
02128000 1997 12 26 8589.4379 A
02128000 1997 12 27 8620.2731 A
02128000 1997 12 28 8518.2698 A
02128000 1997 12 29 8519.3028 A
02128000 1997 12 30 8538.4309 A
02128000 1997 12 31 8553.1710 A
02128000 1998 1 1 8546.7931 A
02128000 1998 1 2 8594.0111 A
02128000 1998 1 3 8525.0440 A
02128000 1998 1 4 8551.1129 A
02128000 1998 1 5 8523.6111 A
02128000 1998 1 6 8690.5798 A
02128000 1998 1 7 8579.7162 A
02128000 1998 1 8 8577.9287 A
02128000 1998 1 9 8591.0219 A
02128000 1998 1 10 8708.6685 A
02128000 1998 1 11 8589.0277 A
02128000 1998 1 12 8548.6491 A
02128000 1998 1 13 8580.6977 A
02128000 1998 1 14 8649.3411 A
02128000 1998 1 15 8591.8533 A
02128000 1998 1 16 8587.2593 A
02128000 1998 1 17 8571.2532 A
02128000 1998 1 18 8707.6190 A
02128000 1998 1 19 8610.4587 A
02128000 1998 1 20 8744.3997 A
02128000 1998 1 21 8718.9586 A
02128000 1998 1 22 8696.2690 A
02128000 1998 1 23 8792.0972 A
02128000 1998 1 24 8675.4141 A
02128000 1998 1 25 8819.3065 A
02128000 1998 1 26 8708.5861 A
02128000 1998 1 27 8748.1905 A
02128000 1998 1 28 8747.9810 A
02128000 1998 1 29 8697.7233 A
02128000 1998 1 30 8781.1416 A
02128000 1998 1 31 8797.6012 A
02128000 1998 2 1 8770.8574 A
02128000 1998 2 2 8767.5138 A
02128000 1998 2 3 8731.9121 A
02128000 1998 2 4 8743.8293 A
02128000 1998 2 5 8744.9311 A
02128000 1998 2 6 8787.9922 A
02128000 1998 2 7 8840.0262 A
02128000 1998 2 8 8787.1656 A
02128000 1998 2 9 8755.8492 A
02128000 1998 2 10 8772.2725 A
02128000 1998 2 11 8873.9002 A
02128000 1998 2 12 8841.0063 A
02128000 1998 2 13 8812.4347 A
02128000 1998 2 14 9006.0957 A
02128000 1998 2 15 9044.6794 A
02128000 1998 2 16 8917.6638 A
02128000 1998 2 17 8868.6738 A
02128000 1998 2 18 8864.6613 A
02128000 1998 2 19 9194.7309 A
02128000 1998 2 20 9002.0216 A
02128000 1998 2 21 9045.6881 A
02128000 1998 2 22 9165.6999 A
02128000 1998 2 23 9116.5796 A
02128000 1998 2 24 9001.1555 A
02128000 1998 2 25 9153.3219 A
02128000 1998 2 26 9181.8658 A
02128000 1998 2 27 9147.7596 A
02128000 1998 2 28 9086.5336 A
02128000 1998 3 1 9146.3280 A
02128000 1998 3 2 9103.7616 A
02128000 1998 3 3 9205.4113 A
02128000 1998 3 4 9126.3303 A
02128000 1998 3 5 9111.7515 A
02128000 1998 3 6 9160.6349 A
02128000 1998 3 7 9099.0431 A
02128000 1998 3 8 9322.3364 A
02128000 1998 3 9 9315.6621 A
02128000 1998 3 10 9378.1618 A
02128000 1998 3 11 9242.5923 A
02128000 1998 3 12 9396.5301 A
02128000 1998 3 13 9316.5676 A
02128000 1998 3 14 9257.7573 A
02128000 1998 3 15 9318.6378 A
02128000 1998 3 16 9378.4428 A
02128000 1998 3 17 9417.7430 A
02128000 1998 3 18 9471.3868 A
02128000 1998 3 19 9318.2573 A
02128000 1998 3 20 9383.3639 A
02128000 1998 3 21 9672.0151 A
02128000 1998 3 22 9422.1440 A
02128000 1998 3 23 9552.4721 A
02128000 1998 3 24 9547.7110 A
02128000 1998 3 25 9446.8293 A
02128000 1998 3 26 9534.7082 A
02128000 1998 3 27 9553.4579 A
02128000 1998 3 28 9708.6167 A
02128000 1998 3 29 9500.8680 A
02128000 1998 3 30 9489.6348 A
02128000 1998 3 31 9565.0206 A
02128000 1998 4 1 9512.2218 A
02128000 1998 4 2 9568.9572 A
02128000 1998 4 3 9715.5551 A
02128000 1998 4 4 9577.5568 A
02128000 1998 4 5 9848.6987 A
02128000 1998 4 6 9593.2741 A
02128000 1998 4 7 9676.7051 A
02128000 1998 4 8 9914.0206 A
02128000 1998 4 9 9735.9059 A
02128000 1998 4 10 9677.4583 A
02128000 1998 4 11 9684.6936 A
02128000 1998 4 12 10087.0145 A
02128000 1998 4 13 9768.7587 A
02128000 1998 4 14 9971.5311 A
02128000 1998 4 15 9865.1559 A
02128000 1998 4 16 9933.0760 A
02128000 1998 4 17 9852.4215 A
02128000 1998 4 18 9856.8522 A
02128000 1998 4 19 9882.7292 A
02128000 1998 4 20 9928.2341 A
02128000 1998 4 21 9828.5954 A
02128000 1998 4 22 9858.6717 A
02128000 1998 4 23 10244.6818 A
02128000 1998 4 24 10023.0051 A
02128000 1998 4 25 9972.8892 A
02128000 1998 4 26 10074.0249 A
02128000 1998 4 27 10126.9954 A
02128000 1998 4 28 9990.8416 A
02128000 1998 4 29 10223.0546 A
02128000 1998 4 30 10038.1147 A
02128000 1998 5 1 10027.2249 A
02128000 1998 5 2 10238.9769 A
02128000 1998 5 3 10286.5562 A
02128000 1998 5 4 10103.0185 A
02128000 1998 5 5 10252.1443 A
02128000 1998 5 6 10289.4220 A
02128000 1998 5 7 10310.6441 A
02128000 1998 5 8 10364.6864 A
02128000 1998 5 9 10288.2646 A
02128000 1998 5 10 10435.1018 A
02128000 1998 5 11 10299.5108 A
02128000 1998 5 12 10282.5684 A
02128000 1998 5 13 10309.9821 A
02128000 1998 5 14 10338.8889 A
02128000 1998 5 15 10460.0164 A
02128000 1998 5 16 10363.8415 A
02128000 1998 5 17 10336.6609 A
02128000 1998 5 18 10487.2373 A
02128000 1998 5 19 10388.9521 A
02128000 1998 5 20 10378.5410 A
02128000 1998 5 21 10513.6785 A
02128000 1998 5 22 10464.0303 A
02128000 1998 5 23 10749.3189 A
02128000 1998 5 24 10499.2464 A
02128000 1998 5 25 10468.4372 A
02128000 1998 5 26 10482.1029 A
02128000 1998 5 27 10664.7193 A
02128000 1998 5 28 10505.3552 A
02128000 1998 5 29 10655.8572 A
02128000 1998 5 30 10614.8103 A
02128000 1998 5 31 10627.1983 A
02128000 1998 6 1 10595.6806 A
02128000 1998 6 2 10590.2213 A
02128000 1998 6 3 10594.2866 A
02128000 1998 6 4 10667.2618 A
02128000 1998 6 5 10599.7729 A
02128000 1998 6 6 10560.0157 A
02128000 1998 6 7 10840.6915 A
02128000 1998 6 8 10785.1934 A
02128000 1998 6 9 10722.6638 A
02128000 1998 6 10 10848.7100 A
02128000 1998 6 11 10714.1603 A
02128000 1998 6 12 10743.3888 A
02128000 1998 6 13 10701.2106 A
02128000 1998 6 14 10740.6440 A
02128000 1998 6 15 10829.7341 A
02128000 1998 6 16 10855.1615 A
02128000 1998 6 17 11193.8303 A
02128000 1998 6 18 10860.0983 A
02128000 1998 6 19 11004.0657 A
02128000 1998 6 20 11216.1638 A
02128000 1998 6 21 10959.6007 A
02128000 1998 6 22 11444.1741 A
02128000 1998 6 23 11163.6547 A
02128000 1998 6 24 11069.4669 A
02128000 1998 6 25 11210.7503 A
02128000 1998 6 26 11096.7930 A
02128000 1998 6 27 11244.7837 A
02128000 1998 6 28 11100.8654 A
02128000 1998 6 29 11110.1400 A
02128000 1998 6 30 11184.6339 A
02128000 1998 7 1 11095.5637 A
02128000 1998 7 2 11295.9035 A
02128000 1998 7 3 11223.4312 A
02128000 1998 7 4 11334.1622 A
02128000 1998 7 5 11268.3536 A
02128000 1998 7 6 11246.6997 A
02128000 1998 7 7 11201.7206 A
02128000 1998 7 8 11220.3004 A
02128000 1998 7 9 11355.7806 A
02128000 1998 7 10 11349.4341 A
02128000 1998 7 11 11329.8032 A
02128000 1998 7 12 11397.6426 A
02128000 1998 7 13 11398.4415 A
02128000 1998 7 14 11342.5805 A
02128000 1998 7 15 11337.4776 A
02128000 1998 7 16 11320.6501 A
02128000 1998 7 17 11327.5910 A
02128000 1998 7 18 11453.4211 A
02128000 1998 7 19 11520.0837 A
02128000 1998 7 20 11342.9592 A
02128000 1998 7 21 11448.5120 A
02128000 1998 7 22 11492.5489 A
02128000 1998 7 23 11409.8217 A
02128000 1998 7 24 11448.5274 A
02128000 1998 7 25 11469.7694 A
02128000 1998 7 26 11387.6906 A
02128000 1998 7 27 11579.8223 A
02128000 1998 7 28 11473.9270 A
02128000 1998 7 29 11471.2814 A
02128000 1998 7 30 11642.5575 A
02128000 1998 7 31 11507.8048 A
02128000 1998 8 1 11450.2004 A
02128000 1998 8 2 11477.7115 A
02128000 1998 8 3 11574.1171 A
02128000 1998 8 4 11499.2267 A
02128000 1998 8 5 11482.6579 A
02128000 1998 8 6 11558.6153 A
02128000 1998 8 7 11696.7471 A
02128000 1998 8 8 11565.9078 A
02128000 1998 8 9 11533.4786 A
02128000 1998 8 10 11521.3601 A
02128000 1998 8 11 11569.0521 A
02128000 1998 8 12 11639.8034 A
02128000 1998 8 13 11546.1755 A
02128000 1998 8 14 11632.0824 A
02128000 1998 8 15 11642.8393 A
02128000 1998 8 16 11568.5737 A
02128000 1998 8 17 11564.3646 A
02128000 1998 8 18 11573.4069 A
02128000 1998 8 19 11591.7754 A
02128000 1998 8 20 11720.9080 A
02128000 1998 8 21 11587.2949 A
02128000 1998 8 22 11717.6321 A
02128000 1998 8 23 11728.1639 A
02128000 1998 8 24 11652.1917 A
02128000 1998 8 25 11628.1325 A
02128000 1998 8 26 11647.2159 A
02128000 1998 8 27 11610.5310 A
02128000 1998 8 28 11742.4353 A
02128000 1998 8 29 11637.8668 A
02128000 1998 8 30 11657.0841 A
02128000 1998 8 31 11728.3916 A
02128000 1998 9 1 11637.7127 A
02128000 1998 9 2 11675.5959 A
02128000 1998 9 3 11645.9778 A
02128000 1998 9 4 11650.8498 A
02128000 1998 9 5 11667.0068 A
02128000 1998 9 6 11627.1563 A
02128000 1998 9 7 11764.8950 A
02128000 1998 9 8 11673.4092 A
02128000 1998 9 9 11660.4199 A
02128000 1998 9 10 11696.0079 A
02128000 1998 9 11 11641.7129 A
02128000 1998 9 12 11691.3987 A
02128000 1998 9 13 11710.1914 A
02128000 1998 9 14 11732.2528 A
02128000 1998 9 15 11653.4994 A
02128000 1998 9 16 11668.4605 A
02128000 1998 9 17 11670.1023 A
02128000 1998 9 18 11654.1316 A
02128000 1998 9 19 11652.2517 A
02128000 1998 9 20 11663.2550 A
02128000 1998 9 21 11689.4940 A
02128000 1998 9 22 11638.7263 A
02128000 1998 9 23 11771.0212 A
02128000 1998 9 24 11671.6603 A
02128000 1998 9 25 11695.3370 A
02128000 1998 9 26 11677.6353 A
02128000 1998 9 27 11684.0620 A
02128000 1998 9 28 11674.5049 A
02128000 1998 9 29 11680.4355 A
02128000 1998 9 30 11676.4061 A
02128000 1998 10 1 11764.2433 A
02128000 1998 10 2 11753.6081 A
02128000 1998 10 3 11778.0129 A
02128000 1998 10 4 11718.2896 A
02128000 1998 10 5 11711.6021 A
02128000 1998 10 6 11767.5039 A
02128000 1998 10 7 11701.9644 A
02128000 1998 10 8 11685.0795 A
02128000 1998 10 9 11737.6673 A
02128000 1998 10 10 11783.7446 A
02128000 1998 10 11 11800.5323 A
02128000 1998 10 12 11748.5715 A
02128000 1998 10 13 11758.0560 A
02128000 1998 10 14 11805.0577 A
02128000 1998 10 15 11713.0199 A
02128000 1998 10 16 11808.9465 A
02128000 1998 10 17 11762.8864 A
02128000 1998 10 18 11755.2714 A
02128000 1998 10 19 11764.0464 A
02128000 1998 10 20 11749.4099 A
02128000 1998 10 21 11793.5940 A
02128000 1998 10 22 11914.9689 A
02128000 1998 10 23 11775.4574 A
02128000 1998 10 24 11846.7203 A
02128000 1998 10 25 11798.3639 A
02128000 1998 10 26 11778.4243 A
02128000 1998 10 27 11813.7120 A
02128000 1998 10 28 11817.9796 A
02128000 1998 10 29 11797.7396 A
02128000 1998 10 30 11796.8581 A
02128000 1998 10 31 11769.3731 A
02128000 1998 11 1 11797.4908 A
02128000 1998 11 2 11828.1447 A
02128000 1998 11 3 11786.8195 A
02128000 1998 11 4 11888.3684 A
02128000 1998 11 5 11788.7038 A
02128000 1998 11 6 11832.1271 A
02128000 1998 11 7 11809.4481 A
02128000 1998 11 8 11812.5971 A
02128000 1998 11 9 11781.3801 A
02128000 1998 11 10 11787.1665 A
02128000 1998 11 11 11891.4096 A
02128000 1998 11 12 11785.8178 A
02128000 1998 11 13 11804.3296 A
02128000 1998 11 14 11880.5843 A
02128000 1998 11 15 11803.4657 A
02128000 1998 11 16 11801.2373 A
02128000 1998 11 17 11793.2751 A
02128000 1998 11 18 11801.7370 A
02128000 1998 11 19 11774.9774 A
02128000 1998 11 20 11776.9107 A
02128000 1998 11 21 11801.4107 A
02128000 1998 11 22 11812.0822 A
02128000 1998 11 23 11789.5583 A
02128000 1998 11 24 11774.9994 A
02128000 1998 11 25 11835.7165 A
02128000 1998 11 26 11821.1289 A
02128000 1998 11 27 11775.0284 A
02128000 1998 11 28 11801.3169 A
02128000 1998 11 29 11791.7316 A
02128000 1998 11 30 11827.6820 A
02128000 1998 12 1 11803.8317 A
02128000 1998 12 2 11828.9736 A
02128000 1998 12 3 11822.8130 A
02128000 1998 12 4 11791.2335 A
02128000 1998 12 5 11775.5456 A
02128000 1998 12 6 11788.2691 A
02128000 1998 12 7 11802.8229 A
02128000 1998 12 8 11783.8994 A
02128000 1998 12 9 11835.1665 A
02128000 1998 12 10 11827.0819 A
02128000 1998 12 11 11773.5421 A
02128000 1998 12 12 11855.1157 A
02128000 1998 12 13 11772.9563 A
02128000 1998 12 14 11783.0637 A
02128000 1998 12 15 11825.9920 A
02128000 1998 12 16 11964.8579 A
02128000 1998 12 17 11834.1450 A
02128000 1998 12 18 11804.9979 A
02128000 1998 12 19 11823.5615 A
02128000 1998 12 20 11837.8494 A
02128000 1998 12 21 11837.4764 A
02128000 1998 12 22 11829.3457 A
02128000 1998 12 23 11840.6573 A
02128000 1998 12 24 11821.8254 A
02128000 1998 12 25 11933.9648 A
02128000 1998 12 26 11875.3076 A
02128000 1998 12 27 11814.1681 A
02128000 1998 12 28 11902.4651 A
02128000 1998 12 29 11859.2915 A
02128000 1998 12 30 11817.0876 A
02128000 1998 12 31 11902.3482 A
02128000 1999 1 1 11840.1833 A
02128000 1999 1 2 11870.8299 A
02128000 1999 1 3 11851.8848 A
02128000 1999 1 4 11836.9092 A
02128000 1999 1 5 11854.2559 A
02128000 1999 1 6 11879.9180 A
02128000 1999 1 7 11820.4600 A
02128000 1999 1 8 11866.3941 A
02128000 1999 1 9 11959.3565 A
02128000 1999 1 10 11956.1195 A
02128000 1999 1 11 11936.5348 A
02128000 1999 1 12 11899.4233 A
02128000 1999 1 13 11913.6469 A
02128000 1999 1 14 11901.8463 A
02128000 1999 1 15 11870.3213 A
02128000 1999 1 16 11874.6280 A
02128000 1999 1 17 11919.9591 A
02128000 1999 1 18 11960.2694 A
02128000 1999 1 19 11933.7307 A
02128000 1999 1 20 11965.8381 A
02128000 1999 1 21 11909.2244 A
02128000 1999 1 22 11892.1077 A
02128000 1999 1 23 11969.0981 A
02128000 1999 1 24 11977.3482 A
02128000 1999 1 25 11946.8654 A
02128000 1999 1 26 11911.4356 A
02128000 1999 1 27 12010.7317 A
02128000 1999 1 28 11938.5228 A
02128000 1999 1 29 11903.0799 A
02128000 1999 1 30 11977.0626 A
02128000 1999 1 31 12103.3618 A
02128000 1999 2 1 12043.5667 A
02128000 1999 2 2 11983.7077 A
02128000 1999 2 3 11979.0254 A
02128000 1999 2 4 12100.9418 A
02128000 1999 2 5 11988.4058 A
02128000 1999 2 6 12094.9968 A
02128000 1999 2 7 12039.1836 A
02128000 1999 2 8 11999.4516 A
02128000 1999 2 9 12045.8169 A
02128000 1999 2 10 12031.4370 A
02128000 1999 2 11 12009.2636 A
02128000 1999 2 12 12027.5784 A
02128000 1999 2 13 12080.6521 A
02128000 1999 2 14 12056.6220 A
02128000 1999 2 15 12275.3922 A
02128000 1999 2 16 12152.7212 A
02128000 1999 2 17 12083.6737 A
02128000 1999 2 18 12113.9686 A
02128000 1999 2 19 12115.2695 A
02128000 1999 2 20 12173.1711 A
02128000 1999 2 21 12150.6861 A
02128000 1999 2 22 12254.7198 A
02128000 1999 2 23 12183.1665 A
02128000 1999 2 24 12248.5129 A
02128000 1999 2 25 12264.9224 A
02128000 1999 2 26 12197.4390 A
02128000 1999 2 27 12197.9512 A
02128000 1999 2 28 12285.7223 A
02128000 1999 3 1 12204.2766 A
02128000 1999 3 2 12295.5420 A
02128000 1999 3 3 12258.0731 A
02128000 1999 3 4 12203.3157 A
02128000 1999 3 5 12190.8417 A
02128000 1999 3 6 12241.4239 A
02128000 1999 3 7 12240.5893 A
02128000 1999 3 8 12263.1307 A
02128000 1999 3 9 12306.1305 A
02128000 1999 3 10 12227.3636 A
02128000 1999 3 11 12317.5158 A
02128000 1999 3 12 12406.8835 A
02128000 1999 3 13 12331.7268 A
02128000 1999 3 14 12325.2780 A
02128000 1999 3 15 12338.8629 A
02128000 1999 3 16 12501.9417 A
02128000 1999 3 17 12379.5488 A
02128000 1999 3 18 12376.0385 A
02128000 1999 3 19 12386.3166 A
02128000 1999 3 20 12372.8550 A
02128000 1999 3 21 12391.6340 A
02128000 1999 3 22 12385.1295 A
02128000 1999 3 23 12444.0071 A
02128000 1999 3 24 12430.8705 A
02128000 1999 3 25 12374.5616 A
02128000 1999 3 26 12368.7781 A
02128000 1999 3 27 12422.5420 A
02128000 1999 3 28 12452.8135 A
02128000 1999 3 29 12434.3141 A
02128000 1999 3 30 12645.3342 A
02128000 1999 3 31 12434.4456 A
02128000 1999 4 1 12462.6480 A
02128000 1999 4 2 12418.1897 A
02128000 1999 4 3 12453.8614 A
02128000 1999 4 4 12512.6806 A
02128000 1999 4 5 12589.6928 A
02128000 1999 4 6 12451.0618 A
02128000 1999 4 7 12487.5155 A
02128000 1999 4 8 12873.0148 A
02128000 1999 4 9 12557.8559 A
02128000 1999 4 10 12574.9832 A
02128000 1999 4 11 12699.4356 A
02128000 1999 4 12 12636.7064 A
02128000 1999 4 13 12566.0738 A
02128000 1999 4 14 12583.2480 A
02128000 1999 4 15 12601.8461 A
02128000 1999 4 16 12599.2444 A
02128000 1999 4 17 12699.3118 A
02128000 1999 4 18 12621.5158 A
02128000 1999 4 19 12704.4370 A
02128000 1999 4 20 12608.1728 A
02128000 1999 4 21 12658.5847 A
02128000 1999 4 22 12719.1605 A
02128000 1999 4 23 12790.4768 A
02128000 1999 4 24 12828.9859 A
02128000 1999 4 25 12736.7471 A
02128000 1999 4 26 12723.1224 A
02128000 1999 4 27 12696.0567 A
02128000 1999 4 28 12962.5200 A
02128000 1999 4 29 12773.6238 A
02128000 1999 4 30 13010.2318 A
02128000 1999 5 1 12817.6496 A
02128000 1999 5 2 12850.8516 A
02128000 1999 5 3 12915.9765 A
02128000 1999 5 4 12826.4023 A
02128000 1999 5 5 13143.8427 A
02128000 1999 5 6 13008.1091 A
02128000 1999 5 7 12949.1381 A
02128000 1999 5 8 12937.6987 A
02128000 1999 5 9 12985.0308 A
02128000 1999 5 10 13084.5640 A
02128000 1999 5 11 12976.7099 A
02128000 1999 5 12 13103.2065 A
02128000 1999 5 13 12975.7140 A
02128000 1999 5 14 13022.9913 A
02128000 1999 5 15 13219.8357 A
02128000 1999 5 16 13078.8175 A
02128000 1999 5 17 13319.6518 A
02128000 1999 5 18 13136.2723 A
02128000 1999 5 19 13259.2128 A
02128000 1999 5 20 13102.8819 A
02128000 1999 5 21 13226.1095 A
02128000 1999 5 22 13220.9703 A
02128000 1999 5 23 13157.3603 A
02128000 1999 5 24 13228.8953 A
02128000 1999 5 25 13242.1698 A
02128000 1999 5 26 13327.9204 A
02128000 1999 5 27 13288.9951 A
02128000 1999 5 28 13238.6360 A
02128000 1999 5 29 13232.5780 A
02128000 1999 5 30 13470.0122 A
02128000 1999 5 31 13262.4269 A
02128000 1999 6 1 13412.0598 A
02128000 1999 6 2 13306.1303 A
02128000 1999 6 3 13274.4723 A
02128000 1999 6 4 13285.0427 A
02128000 1999 6 5 13292.2393 A
02128000 1999 6 6 13303.7728 A
02128000 1999 6 7 13390.7884 A
02128000 1999 6 8 13384.8273 A
02128000 1999 6 9 13355.8411 A
02128000 1999 6 10 13330.6123 A
02128000 1999 6 11 13330.4548 A
02128000 1999 6 12 13316.3140 A
02128000 1999 6 13 13370.6462 A
02128000 1999 6 14 13361.2180 A
02128000 1999 6 15 13559.0355 A
02128000 1999 6 16 13510.8050 A
02128000 1999 6 17 13661.0215 A
02128000 1999 6 18 13419.8374 A
02128000 1999 6 19 13498.2604 A
02128000 1999 6 20 13680.0373 A
02128000 1999 6 21 13665.7016 A
02128000 1999 6 22 13537.8798 A
02128000 1999 6 23 13542.6133 A
02128000 1999 6 24 13668.7841 A
02128000 1999 6 25 13582.7811 A
02128000 1999 6 26 13677.1646 A
02128000 1999 6 27 13798.2249 A
02128000 1999 6 28 13960.8857 A
02128000 1999 6 29 13959.2602 A
02128000 1999 6 30 13986.9709 A
02128000 1999 7 1 13851.9927 A
02128000 1999 7 2 13939.6485 A
02128000 1999 7 3 13845.3746 A
02128000 1999 7 4 13899.8015 A
02128000 1999 7 5 13851.3531 A
02128000 1999 7 6 13904.2756 A
02128000 1999 7 7 13910.2446 A
02128000 1999 7 8 13877.5494 A
02128000 1999 7 9 13873.2456 A
02128000 1999 7 10 13858.2620 A
02128000 1999 7 11 13942.8135 A
02128000 1999 7 12 13956.9764 A
02128000 1999 7 13 13972.9206 A
02128000 1999 7 14 13906.5999 A
02128000 1999 7 15 13962.2662 A
02128000 1999 7 16 13909.8065 A
02128000 1999 7 17 13926.7652 A
02128000 1999 7 18 14005.6686 A
02128000 1999 7 19 13966.9433 A
02128000 1999 7 20 13964.3492 A
02128000 1999 7 21 13948.8017 A
02128000 1999 7 22 13956.2651 A
02128000 1999 7 23 14005.4838 A
02128000 1999 7 24 13957.0204 A
02128000 1999 7 25 13942.6334 A
02128000 1999 7 26 14388.5842 A
02128000 1999 7 27 14047.7358 A
02128000 1999 7 28 14065.6346 A
02128000 1999 7 29 14108.1106 A
02128000 1999 7 30 14203.9259 A
02128000 1999 7 31 14074.8133 A
02128000 1999 8 1 14209.3895 A
02128000 1999 8 2 14428.3353 A
02128000 1999 8 3 14228.2979 A
02128000 1999 8 4 14287.6607 A
02128000 1999 8 5 14325.0713 A
02128000 1999 8 6 14193.3004 A
02128000 1999 8 7 14175.6461 A
02128000 1999 8 8 14246.7664 A
02128000 1999 8 9 14171.9280 A
02128000 1999 8 10 14356.2624 A
02128000 1999 8 11 14323.0682 A
02128000 1999 8 12 14244.8469 A
02128000 1999 8 13 14243.0418 A
02128000 1999 8 14 14263.5832 A
02128000 1999 8 15 14317.6893 A
02128000 1999 8 16 14221.4823 A
02128000 1999 8 17 14338.0155 A
02128000 1999 8 18 14430.7204 A
02128000 1999 8 19 14335.5602 A
02128000 1999 8 20 14342.5608 A
02128000 1999 8 21 14379.1377 A
02128000 1999 8 22 14323.3657 A
02128000 1999 8 23 14314.8984 A
02128000 1999 8 24 14345.5010 A
02128000 1999 8 25 14386.9133 A
02128000 1999 8 26 14300.2856 A
02128000 1999 8 27 14349.5089 A
02128000 1999 8 28 14346.5638 A
02128000 1999 8 29 14326.3875 A
02128000 1999 8 30 14310.8060 A
02128000 1999 8 31 14356.6203 A
02128000 1999 9 1 14324.9690 A
02128000 1999 9 2 14336.6875 A
02128000 1999 9 3 14403.6797 A
02128000 1999 9 4 14380.7692 A
02128000 1999 9 5 14364.9640 A
02128000 1999 9 6 14430.3759 A
02128000 1999 9 7 14440.6280 A
02128000 1999 9 8 14510.2063 A
02128000 1999 9 9 14447.6752 A
02128000 1999 9 10 14433.2589 A
02128000 1999 9 11 14393.6631 A
02128000 1999 9 12 14400.6436 A
02128000 1999 9 13 14468.3996 A
02128000 1999 9 14 14486.3606 A
02128000 1999 9 15 14508.7267 A
02128000 1999 9 16 14463.3277 A
02128000 1999 9 17 14447.8960 A
02128000 1999 9 18 14510.9053 A
02128000 1999 9 19 14524.8847 A
02128000 1999 9 20 14453.8973 A
02128000 1999 9 21 14441.3580 A
02128000 1999 9 22 14436.8256 A
02128000 1999 9 23 14455.1503 A
02128000 1999 9 24 14486.8464 A
02128000 1999 9 25 14468.4332 A
02128000 1999 9 26 14445.0386 A
02128000 1999 9 27 14477.0168 A
02128000 1999 9 28 14478.7981 A
02128000 1999 9 29 14445.2928 A
02128000 1999 9 30 14621.7156 A
02128000 1999 10 1 14574.8162 A
02128000 1999 10 2 14533.2838 A
02128000 1999 10 3 14600.2594 A
02128000 1999 10 4 14514.4807 A
02128000 1999 10 5 14546.9337 A
02128000 1999 10 6 14534.2332 A
02128000 1999 10 7 14567.7287 A
02128000 1999 10 8 14520.8451 A
02128000 1999 10 9 14565.3952 A
02128000 1999 10 10 14549.5750 A
02128000 1999 10 11 14611.1439 A
02128000 1999 10 12 14587.1753 A
02128000 1999 10 13 14567.6754 A
02128000 1999 10 14 14552.5426 A
02128000 1999 10 15 14545.5052 A
02128000 1999 10 16 14530.6464 A
02128000 1999 10 17 14572.7497 A
02128000 1999 10 18 14526.5617 A
02128000 1999 10 19 14551.2656 A
02128000 1999 10 20 14529.5222 A
02128000 1999 10 21 14530.3795 A
02128000 1999 10 22 14515.4069 A
02128000 1999 10 23 14546.2022 A
02128000 1999 10 24 14517.5149 A
02128000 1999 10 25 14542.4226 A
02128000 1999 10 26 14502.3701 A
02128000 1999 10 27 14526.1494 A
02128000 1999 10 28 14497.7855 A
02128000 1999 10 29 14535.2073 A
02128000 1999 10 30 14501.1951 A
02128000 1999 10 31 14504.1813 A
02128000 1999 11 1 14518.8641 A
02128000 1999 11 2 14539.4359 A
02128000 1999 11 3 14565.4837 A
02128000 1999 11 4 14528.6925 A
02128000 1999 11 5 14504.1153 A
02128000 1999 11 6 14544.2367 A
02128000 1999 11 7 14498.3139 A
02128000 1999 11 8 14528.5001 A
02128000 1999 11 9 14553.3652 A
02128000 1999 11 10 14524.8658 A
02128000 1999 11 11 14518.1116 A
02128000 1999 11 12 14487.6843 A
02128000 1999 11 13 14498.4815 A
02128000 1999 11 14 14516.4064 A
02128000 1999 11 15 14509.4981 A
02128000 1999 11 16 14507.3497 A
02128000 1999 11 17 14503.5690 A
02128000 1999 11 18 14501.7289 A
02128000 1999 11 19 14464.2230 A
02128000 1999 11 20 14550.2498 A
02128000 1999 11 21 14491.8011 A
02128000 1999 11 22 14468.0546 A
02128000 1999 11 23 14519.6666 A
02128000 1999 11 24 14540.2416 A
02128000 1999 11 25 14516.5636 A
02128000 1999 11 26 14509.9081 A
02128000 1999 11 27 14506.0796 A
02128000 1999 11 28 14507.6549 A
02128000 1999 11 29 14491.0781 A
02128000 1999 11 30 14493.5825 A
02128000 1999 12 1 14530.5376 A
02128000 1999 12 2 14494.8363 A
02128000 1999 12 3 14534.7989 A
02128000 1999 12 4 14483.5380 A
02128000 1999 12 5 14536.7134 A
02128000 1999 12 6 14503.7615 A
02128000 1999 12 7 14497.8114 A
02128000 1999 12 8 14531.0377 A
02128000 1999 12 9 14495.3312 A
02128000 1999 12 10 14467.9819 A
02128000 1999 12 11 14603.3391 A
02128000 1999 12 12 14497.9580 A
02128000 1999 12 13 14543.8266 A
02128000 1999 12 14 14513.0124 A
02128000 1999 12 15 14540.3053 A
02128000 1999 12 16 14540.1445 A
02128000 1999 12 17 14471.8086 A
02128000 1999 12 18 14517.8802 A
02128000 1999 12 19 14553.0169 A
02128000 1999 12 20 14519.2173 A
02128000 1999 12 21 14513.3290 A
02128000 1999 12 22 14518.3703 A
02128000 1999 12 23 14486.0329 A
02128000 1999 12 24 14492.8598 A
02128000 1999 12 25 14504.7663 A
02128000 1999 12 26 14543.0522 A
02128000 1999 12 27 14507.1131 A
02128000 1999 12 28 14523.2893 A
02128000 1999 12 29 14501.0962 A
02128000 1999 12 30 14517.9689 A
02128000 1999 12 31 14524.6085 A
02128000 2000 1 1 14531.4954 A
02128000 2000 1 2 14550.0036 A
02128000 2000 1 3 14576.9263 A
02128000 2000 1 4 14510.6307 A
02128000 2000 1 5 14525.0675 A
02128000 2000 1 6 14513.3045 A
02128000 2000 1 7 14493.6968 A
02128000 2000 1 8 14486.8094 A
02128000 2000 1 9 14522.3346 A
02128000 2000 1 10 14482.9733 A
02128000 2000 1 11 14504.8329 A
02128000 2000 1 12 14559.1824 A
02128000 2000 1 13 14534.0543 A
02128000 2000 1 14 14496.3603 A
02128000 2000 1 15 14613.9695 A
02128000 2000 1 16 14689.3586 A
02128000 2000 1 17 14590.8925 A
02128000 2000 1 18 14558.1913 A
02128000 2000 1 19 14586.0973 A
02128000 2000 1 20 14568.6976 A
02128000 2000 1 21 14738.0073 A
02128000 2000 1 22 14660.8266 A
02128000 2000 1 23 14599.5958 A
02128000 2000 1 24 14671.7901 A
02128000 2000 1 25 14599.8806 A
02128000 2000 1 26 14596.5291 A
02128000 2000 1 27 14685.7753 A
02128000 2000 1 28 14649.0032 A
02128000 2000 1 29 14610.8795 A
02128000 2000 1 30 14737.1448 A
02128000 2000 1 31 14700.6880 A
02128000 2000 2 1 14646.3666 A
02128000 2000 2 2 14639.5268 A
02128000 2000 2 3 14646.2136 A
02128000 2000 2 4 14746.5630 A
02128000 2000 2 5 14715.8566 A
02128000 2000 2 6 14692.2890 A
02128000 2000 2 7 14650.4017 A
02128000 2000 2 8 14707.0713 A
02128000 2000 2 9 14631.8764 A
02128000 2000 2 10 14713.8455 A
02128000 2000 2 11 14825.6916 A
02128000 2000 2 12 14738.7905 A
02128000 2000 2 13 14693.3903 A
02128000 2000 2 14 14718.2580 A
02128000 2000 2 15 14679.9053 A
02128000 2000 2 16 14721.7864 A
02128000 2000 2 17 14734.7644 A
02128000 2000 2 18 14765.2453 A
02128000 2000 2 19 14788.7991 A
02128000 2000 2 20 14753.3992 A
02128000 2000 2 21 14760.8410 A
02128000 2000 2 22 14827.7926 A
02128000 2000 2 23 14943.0450 A
02128000 2000 2 24 14816.5220 A
02128000 2000 2 25 15120.8927 A
02128000 2000 2 26 15066.2410 A
02128000 2000 2 27 14887.0199 A
02128000 2000 2 28 14873.4868 A
02128000 2000 2 29 14889.1341 A
02128000 2000 3 1 14895.7026 A
02128000 2000 3 2 14865.5608 A
02128000 2000 3 3 14908.8581 A
02128000 2000 3 4 15051.3952 A
02128000 2000 3 5 15033.1050 A
02128000 2000 3 6 14996.0428 A
02128000 2000 3 7 14950.5556 A
02128000 2000 3 8 15062.4712 A
02128000 2000 3 9 15028.8318 A
02128000 2000 3 10 15102.8666 A
02128000 2000 3 11 14996.3275 A
02128000 2000 3 12 15019.0139 A
02128000 2000 3 13 15233.1394 A
02128000 2000 3 14 15088.3111 A
02128000 2000 3 15 15175.9767 A
02128000 2000 3 16 15118.3368 A
02128000 2000 3 17 15111.3174 A
02128000 2000 3 18 15124.4258 A
02128000 2000 3 19 15152.0170 A
02128000 2000 3 20 15249.4029 A
02128000 2000 3 21 15139.6492 A
02128000 2000 3 22 15177.1900 A
02128000 2000 3 23 15260.6624 A
02128000 2000 3 24 15124.8463 A
02128000 2000 3 25 15135.5714 A
02128000 2000 3 26 15203.7591 A
02128000 2000 3 27 15217.1580 A
02128000 2000 3 28 15403.0962 A
02128000 2000 3 29 15193.6507 A
02128000 2000 3 30 15199.8224 A
02128000 2000 3 31 15448.7417 A
02128000 2000 4 1 15322.8274 A
02128000 2000 4 2 15300.1638 A
02128000 2000 4 3 15325.3776 A
02128000 2000 4 4 15413.7134 A
02128000 2000 4 5 15351.0017 A
02128000 2000 4 6 15411.9520 A
02128000 2000 4 7 15560.5990 A
02128000 2000 4 8 15677.1260 A
02128000 2000 4 9 15896.3606 A
02128000 2000 4 10 15609.6178 A
02128000 2000 4 11 15551.5251 A
02128000 2000 4 12 15635.3285 A
02128000 2000 4 13 15583.5891 A
02128000 2000 4 14 15580.8768 A
02128000 2000 4 15 15652.6478 A
02128000 2000 4 16 15620.0783 A
02128000 2000 4 17 15555.6718 A
02128000 2000 4 18 15595.5178 A
02128000 2000 4 19 15661.7510 A
02128000 2000 4 20 15629.0701 A
02128000 2000 4 21 15684.9963 A
02128000 2000 4 22 15571.0541 A
02128000 2000 4 23 15618.7381 A
02128000 2000 4 24 15696.8317 A
02128000 2000 4 25 15631.9070 A
02128000 2000 4 26 15648.2047 A
02128000 2000 4 27 15718.7191 A
02128000 2000 4 28 15728.5600 A
02128000 2000 4 29 15670.1032 A
02128000 2000 4 30 15878.1068 A
02128000 2000 5 1 15839.6931 A
02128000 2000 5 2 16008.9826 A
02128000 2000 5 3 15864.5218 A
02128000 2000 5 4 16020.3997 A
02128000 2000 5 5 15937.8786 A
02128000 2000 5 6 15984.5457 A
02128000 2000 5 7 16064.2820 A
02128000 2000 5 8 15949.5000 A
02128000 2000 5 9 15908.2278 A
02128000 2000 5 10 15914.2802 A
02128000 2000 5 11 15951.3957 A
02128000 2000 5 12 16302.8081 A
02128000 2000 5 13 16314.3337 A
02128000 2000 5 14 16395.6214 A
02128000 2000 5 15 16587.8874 A
02128000 2000 5 16 16407.5769 A
02128000 2000 5 17 16233.3709 A
02128000 2000 5 18 16253.2640 A
02128000 2000 5 19 16239.4596 A
02128000 2000 5 20 16655.1819 A
02128000 2000 5 21 16339.1823 A
02128000 2000 5 22 16366.7722 A
02128000 2000 5 23 16420.0295 A
02128000 2000 5 24 16355.2509 A
02128000 2000 5 25 16329.0823 A
02128000 2000 5 26 16358.3433 A
02128000 2000 5 27 16461.8538 A
02128000 2000 5 28 16408.3185 A
02128000 2000 5 29 16458.6793 A
02128000 2000 5 30 16476.1616 A
02128000 2000 5 31 16576.9773 A
02128000 2000 6 1 16455.3779 A
02128000 2000 6 2 16561.5871 A
02128000 2000 6 3 16587.0145 A
02128000 2000 6 4 16545.9674 A
02128000 2000 6 5 16800.6286 A
02128000 2000 6 6 16600.8831 A
02128000 2000 6 7 16571.9505 A
02128000 2000 6 8 16568.3752 A
02128000 2000 6 9 16550.5680 A
02128000 2000 6 10 16825.6524 A
02128000 2000 6 11 16584.1476 A
02128000 2000 6 12 16651.9167 A
02128000 2000 6 13 16651.5259 A
02128000 2000 6 14 16594.1881 A
02128000 2000 6 15 16595.7577 A
02128000 2000 6 16 16609.3083 A
02128000 2000 6 17 16989.8216 A
02128000 2000 6 18 16911.9088 A
02128000 2000 6 19 16812.4973 A
02128000 2000 6 20 16943.3882 A
02128000 2000 6 21 16771.2264 A
02128000 2000 6 22 16784.7633 A
02128000 2000 6 23 16816.2651 A
02128000 2000 6 24 16834.1557 A
02128000 2000 6 25 16786.0441 A
02128000 2000 6 26 16945.9992 A
02128000 2000 6 27 16800.1816 A
02128000 2000 6 28 16803.2912 A
02128000 2000 6 29 16785.6942 A
02128000 2000 6 30 16782.2176 A
02128000 2000 7 1 16888.9432 A
02128000 2000 7 2 16846.7257 A
02128000 2000 7 3 16917.3798 A
02128000 2000 7 4 16903.2029 A
02128000 2000 7 5 16950.4340 A
02128000 2000 7 6 16856.0977 A
02128000 2000 7 7 16990.2322 A
02128000 2000 7 8 16898.1310 A
02128000 2000 7 9 16901.0392 A
02128000 2000 7 10 17064.3350 A
02128000 2000 7 11 16912.9985 A
02128000 2000 7 12 16905.3576 A
02128000 2000 7 13 16986.5396 A
02128000 2000 7 14 17013.5274 A
02128000 2000 7 15 16935.2989 A
02128000 2000 7 16 17152.7810 A
02128000 2000 7 17 16982.3607 A
02128000 2000 7 18 17082.1273 A
02128000 2000 7 19 16977.3783 A
02128000 2000 7 20 17180.6716 A
02128000 2000 7 21 17211.5307 A
02128000 2000 7 22 17107.9132 A
02128000 2000 7 23 17275.1223 A
02128000 2000 7 24 17360.7375 A
02128000 2000 7 25 17293.5102 A
02128000 2000 7 26 17211.9591 A
02128000 2000 7 27 17169.0096 A
02128000 2000 7 28 17177.8072 A
02128000 2000 7 29 17237.3757 A
02128000 2000 7 30 17212.1832 A
02128000 2000 7 31 17175.9596 A
02128000 2000 8 1 17256.9410 A
02128000 2000 8 2 17477.2669 A
02128000 2000 8 3 17255.1410 A
02128000 2000 8 4 17273.4758 A
02128000 2000 8 5 17412.6587 A
02128000 2000 8 6 17466.0790 A
02128000 2000 8 7 17322.5721 A
02128000 2000 8 8 17313.5120 A
02128000 2000 8 9 17310.7232 A
02128000 2000 8 10 17333.9935 A
02128000 2000 8 11 17315.5451 A
02128000 2000 8 12 17324.9717 A
02128000 2000 8 13 17297.9256 A
02128000 2000 8 14 17380.0777 A
02128000 2000 8 15 17367.3964 A
02128000 2000 8 16 17497.1253 A
02128000 2000 8 17 17330.0680 A
02128000 2000 8 18 17340.3560 A
02128000 2000 8 19 17427.1031 A
02128000 2000 8 20 17431.0466 A
02128000 2000 8 21 17542.6392 A
02128000 2000 8 22 17423.3613 A
02128000 2000 8 23 17420.3467 A
02128000 2000 8 24 17422.6459 A
02128000 2000 8 25 17439.2890 A
02128000 2000 8 26 17464.1103 A
02128000 2000 8 27 17382.7188 A
02128000 2000 8 28 17404.2308 A
02128000 2000 8 29 17434.3796 A
02128000 2000 8 30 17484.9285 A
02128000 2000 8 31 17411.1674 A
02128000 2000 9 1 17426.3152 A
02128000 2000 9 2 17428.0227 A
02128000 2000 9 3 17428.1450 A
02128000 2000 9 4 17427.7811 A
02128000 2000 9 5 17396.4133 A
02128000 2000 9 6 17572.3564 A
02128000 2000 9 7 17505.6397 A
02128000 2000 9 8 17463.0932 A
02128000 2000 9 9 17446.5021 A
02128000 2000 9 10 17463.1354 A
02128000 2000 9 11 17474.1323 A
02128000 2000 9 12 17618.2260 A
02128000 2000 9 13 17625.0500 A
02128000 2000 9 14 17495.8512 A
02128000 2000 9 15 17551.2050 A
02128000 2000 9 16 17586.0220 A
02128000 2000 9 17 17512.4220 A
02128000 2000 9 18 17617.1687 A
02128000 2000 9 19 17538.1678 A
02128000 2000 9 20 17503.9725 A
02128000 2000 9 21 17508.4272 A
02128000 2000 9 22 17578.2171 A
02128000 2000 9 23 17553.2676 A
02128000 2000 9 24 17544.5645 A
02128000 2000 9 25 17609.2482 A
02128000 2000 9 26 17591.9306 A
02128000 2000 9 27 17598.2980 A
02128000 2000 9 28 17673.1071 A
02128000 2000 9 29 17579.2188 A
02128000 2000 9 30 17731.0942 A
02128000 2000 10 1 17598.1699 A
02128000 2000 10 2 17578.2642 A
02128000 2000 10 3 17623.5627 A
02128000 2000 10 4 17633.4979 A
02128000 2000 10 5 17624.5146 A
02128000 2000 10 6 17608.0061 A
02128000 2000 10 7 17706.5894 A
02128000 2000 10 8 17761.8729 A
02128000 2000 10 9 17679.0646 A
02128000 2000 10 10 17787.5722 A
02128000 2000 10 11 17731.0634 A
02128000 2000 10 12 17685.0365 A
02128000 2000 10 13 17699.9132 A
02128000 2000 10 14 17660.7096 A
02128000 2000 10 15 17651.5704 A
02128000 2000 10 16 17723.0806 A
02128000 2000 10 17 17662.9947 A
02128000 2000 10 18 17701.0593 A
02128000 2000 10 19 17681.6171 A
02128000 2000 10 20 17707.4455 A
02128000 2000 10 21 17688.5946 A
02128000 2000 10 22 17666.5430 A
02128000 2000 10 23 17674.0233 A
02128000 2000 10 24 17709.4269 A
02128000 2000 10 25 17708.4651 A
02128000 2000 10 26 17655.7871 A
02128000 2000 10 27 17746.7521 A
02128000 2000 10 28 17701.3462 A
02128000 2000 10 29 17683.8588 A
02128000 2000 10 30 17676.9388 A
02128000 2000 10 31 17659.3359 A
02128000 2000 11 1 17665.7039 A
02128000 2000 11 2 17703.9638 A
02128000 2000 11 3 17699.8853 A
02128000 2000 11 4 17722.1109 A
02128000 2000 11 5 17664.3411 A
02128000 2000 11 6 17712.3300 A
02128000 2000 11 7 17669.0907 A
02128000 2000 11 8 17731.5837 A
02128000 2000 11 9 17667.1345 A
02128000 2000 11 10 17690.3637 A
02128000 2000 11 11 17757.4727 A
02128000 2000 11 12 17694.7276 A
02128000 2000 11 13 17690.4432 A
02128000 2000 11 14 17668.7322 A
02128000 2000 11 15 17673.5883 A
02128000 2000 11 16 17690.8265 A
02128000 2000 11 17 17732.3392 A
02128000 2000 11 18 17678.6260 A
02128000 2000 11 19 17700.6279 A
02128000 2000 11 20 17671.9233 A
02128000 2000 11 21 17659.0688 A
02128000 2000 11 22 17657.5470 A
02128000 2000 11 23 17699.6194 A
02128000 2000 11 24 17716.6694 A
02128000 2000 11 25 17673.9309 A
02128000 2000 11 26 17672.9220 A
02128000 2000 11 27 17694.2543 A
02128000 2000 11 28 17655.0772 A
02128000 2000 11 29 17673.5294 A
02128000 2000 11 30 17700.5845 A
02128000 2000 12 1 17644.3786 A
02128000 2000 12 2 17767.0296 A
02128000 2000 12 3 17704.8920 A
02128000 2000 12 4 17667.5087 A
02128000 2000 12 5 17694.8666 A
02128000 2000 12 6 17684.6900 A
02128000 2000 12 7 17786.6542 A
02128000 2000 12 8 17741.7335 A
02128000 2000 12 9 17796.5426 A
02128000 2000 12 10 17848.7355 A
02128000 2000 12 11 17722.3278 A
02128000 2000 12 12 17730.1082 A
02128000 2000 12 13 17715.4856 A
02128000 2000 12 14 17797.6020 A
02128000 2000 12 15 17730.4413 A
02128000 2000 12 16 17735.3196 A
02128000 2000 12 17 17766.2513 A
02128000 2000 12 18 17829.2730 A
02128000 2000 12 19 17867.7922 A
02128000 2000 12 20 17808.0405 A
02128000 2000 12 21 17798.1216 A
02128000 2000 12 22 17851.9487 A
02128000 2000 12 23 17794.3301 A
02128000 2000 12 24 17825.8516 A
02128000 2000 12 25 17818.7649 A
02128000 2000 12 26 17811.4484 A
02128000 2000 12 27 17782.6151 A
02128000 2000 12 28 17814.2431 A
02128000 2000 12 29 17795.3921 A
02128000 2000 12 30 17773.6139 A
02128000 2000 12 31 17784.6679 A
02128000 2001 1 1 17789.0274 A
02128000 2001 1 2 17778.6476 A
02128000 2001 1 3 17818.5060 A
02128000 2001 1 4 17796.8953 A
02128000 2001 1 5 17779.7025 A
02128000 2001 1 6 17797.3218 A
02128000 2001 1 7 17827.9892 A
02128000 2001 1 8 17842.6539 A
02128000 2001 1 9 17817.0984 A
02128000 2001 1 10 17824.8388 A
02128000 2001 1 11 17814.2532 A
02128000 2001 1 12 17782.7471 A
02128000 2001 1 13 17824.7955 A
02128000 2001 1 14 17792.7285 A
02128000 2001 1 15 17806.2779 A
02128000 2001 1 16 17792.3322 A
02128000 2001 1 17 17801.0582 A
02128000 2001 1 18 17796.8240 A
02128000 2001 1 19 17759.0826 A
02128000 2001 1 20 17822.8651 A
02128000 2001 1 21 17859.9358 A
02128000 2001 1 22 17793.9244 A
02128000 2001 1 23 17859.7675 A
02128000 2001 1 24 17913.6433 A
02128000 2001 1 25 17908.8296 A
02128000 2001 1 26 17878.3929 A
02128000 2001 1 27 17856.5651 A
02128000 2001 1 28 18002.4536 A
02128000 2001 1 29 17979.0138 A
02128000 2001 1 30 17895.4564 A
02128000 2001 1 31 17862.7987 A
02128000 2001 2 1 17879.6609 A
02128000 2001 2 2 17936.7083 A
02128000 2001 2 3 17999.3890 A
02128000 2001 2 4 17903.3473 A
02128000 2001 2 5 17892.4990 A
02128000 2001 2 6 17889.5827 A
02128000 2001 2 7 18122.0042 A
02128000 2001 2 8 17949.2407 A
02128000 2001 2 9 18038.1546 A
02128000 2001 2 10 17983.7108 A
02128000 2001 2 11 17987.3188 A
02128000 2001 2 12 17962.1730 A
02128000 2001 2 13 18135.5702 A
02128000 2001 2 14 17980.9646 A
02128000 2001 2 15 18195.7382 A
02128000 2001 2 16 18027.6915 A
02128000 2001 2 17 18082.4258 A
02128000 2001 2 18 18097.9712 A
02128000 2001 2 19 18030.0572 A
02128000 2001 2 20 18076.9207 A
02128000 2001 2 21 18065.7833 A
02128000 2001 2 22 18068.9357 A
02128000 2001 2 23 18080.4463 A
02128000 2001 2 24 18171.5643 A
02128000 2001 2 25 18147.8451 A
02128000 2001 2 26 18076.1751 A
02128000 2001 2 27 18158.6560 A
02128000 2001 2 28 18122.3586 A
02128000 2001 3 1 18140.3855 A
02128000 2001 3 2 18096.2552 A
02128000 2001 3 3 18367.8124 A
02128000 2001 3 4 18169.4621 A
02128000 2001 3 5 18256.2932 A
02128000 2001 3 6 18330.7532 A
02128000 2001 3 7 18257.3762 A
02128000 2001 3 8 18200.7516 A
02128000 2001 3 9 18220.9747 A
02128000 2001 3 10 18200.6180 A
02128000 2001 3 11 18331.3153 A
02128000 2001 3 12 18455.5482 A
02128000 2001 3 13 18426.3100 A
02128000 2001 3 14 18322.8145 A
02128000 2001 3 15 18358.3264 A
02128000 2001 3 16 18391.8747 A
02128000 2001 3 17 18434.4300 A
02128000 2001 3 18 18362.2986 A
02128000 2001 3 19 18315.3348 A
02128000 2001 3 20 18351.6148 A
02128000 2001 3 21 18383.4312 A
02128000 2001 3 22 18419.8558 A
02128000 2001 3 23 18384.9147 A
02128000 2001 3 24 18730.4898 A
02128000 2001 3 25 18459.1363 A
02128000 2001 3 26 18415.4411 A
02128000 2001 3 27 18423.7035 A
02128000 2001 3 28 18456.3366 A
02128000 2001 3 29 18551.0283 A
02128000 2001 3 30 18503.1843 A
02128000 2001 3 31 18435.4031 A
02128000 2001 4 1 18447.7691 A
02128000 2001 4 2 18482.3440 A
02128000 2001 4 3 18748.6067 A
02128000 2001 4 4 18663.1509 A
02128000 2001 4 5 18724.9265 A
02128000 2001 4 6 18655.6651 A
02128000 2001 4 7 18588.7068 A
02128000 2001 4 8 18709.3687 A
02128000 2001 4 9 18605.0293 A
02128000 2001 4 10 18617.0347 A
02128000 2001 4 11 18654.6974 A
02128000 2001 4 12 18593.2117 A
02128000 2001 4 13 18754.0073 A
02128000 2001 4 14 18657.4663 A
02128000 2001 4 15 18639.1017 A
02128000 2001 4 16 18680.1818 A
02128000 2001 4 17 18758.1613 A
02128000 2001 4 18 18771.6499 A
02128000 2001 4 19 18770.7320 A
02128000 2001 4 20 18904.1014 A
02128000 2001 4 21 18750.5640 A
02128000 2001 4 22 18817.4823 A
02128000 2001 4 23 18761.2182 A
02128000 2001 4 24 18760.8216 A
02128000 2001 4 25 18795.7847 A
02128000 2001 4 26 18795.2506 A
02128000 2001 4 27 18832.7737 A
02128000 2001 4 28 18889.2709 A
02128000 2001 4 29 18902.5683 A
02128000 2001 4 30 19115.0184 A
02128000 2001 5 1 18874.3416 A
02128000 2001 5 2 18885.2343 A
02128000 2001 5 3 18878.8464 A
02128000 2001 5 4 18910.8686 A
02128000 2001 5 5 18857.3858 A
02128000 2001 5 6 18860.7182 A
02128000 2001 5 7 19014.2190 A
02128000 2001 5 8 19149.3376 A
02128000 2001 5 9 19033.5357 A
02128000 2001 5 10 18997.0524 A
02128000 2001 5 11 18982.8909 A
02128000 2001 5 12 18970.4682 A
02128000 2001 5 13 18982.7857 A
02128000 2001 5 14 19003.4717 A
02128000 2001 5 15 19023.5028 A
02128000 2001 5 16 19062.4690 A
02128000 2001 5 17 19048.1603 A
02128000 2001 5 18 19403.0867 A
02128000 2001 5 19 19080.9840 A
02128000 2001 5 20 19177.6135 A
02128000 2001 5 21 19261.4938 A
02128000 2001 5 22 19212.6394 A
02128000 2001 5 23 19154.3859 A
02128000 2001 5 24 19259.7629 A
02128000 2001 5 25 19230.6396 A
02128000 2001 5 26 19154.9007 A
02128000 2001 5 27 19229.7526 A
02128000 2001 5 28 19342.4720 A
02128000 2001 5 29 19345.4824 A
02128000 2001 5 30 19250.5735 A
02128000 2001 5 31 19226.7286 A
02128000 2001 6 1 19391.5574 A
02128000 2001 6 2 19300.4206 A
02128000 2001 6 3 19280.9775 A
02128000 2001 6 4 19425.6483 A
02128000 2001 6 5 19317.4705 A
02128000 2001 6 6 19399.0279 A
02128000 2001 6 7 19438.9566 A
02128000 2001 6 8 19577.2911 A
02128000 2001 6 9 19431.0999 A
02128000 2001 6 10 19454.9885 A
02128000 2001 6 11 19402.6683 A
02128000 2001 6 12 19362.7098 A
02128000 2001 6 13 19445.2586 A
02128000 2001 6 14 19487.8953 A
02128000 2001 6 15 19496.4632 A
02128000 2001 6 16 19709.7693 A
02128000 2001 6 17 19493.1038 A
02128000 2001 6 18 19512.8985 A
02128000 2001 6 19 19591.7531 A
02128000 2001 6 20 19609.1808 A
02128000 2001 6 21 19709.3619 A
02128000 2001 6 22 19633.7335 A
02128000 2001 6 23 19547.1366 A
02128000 2001 6 24 19674.4657 A
02128000 2001 6 25 19592.4437 A
02128000 2001 6 26 19951.1945 A
02128000 2001 6 27 19752.4792 A
02128000 2001 6 28 19703.3923 A
02128000 2001 6 29 19679.8788 A
02128000 2001 6 30 19718.7102 A
02128000 2001 7 1 19813.1884 A
02128000 2001 7 2 19718.5284 A
02128000 2001 7 3 19746.7733 A
02128000 2001 7 4 20043.0894 A
02128000 2001 7 5 19796.4734 A
02128000 2001 7 6 19858.4661 A
02128000 2001 7 7 19916.5879 A
02128000 2001 7 8 19862.3309 A
02128000 2001 7 9 19927.8662 A
02128000 2001 7 10 19961.7375 A
02128000 2001 7 11 19932.6272 A
02128000 2001 7 12 19935.1587 A
02128000 2001 7 13 19970.8324 A
02128000 2001 7 14 19908.5155 A
02128000 2001 7 15 19907.1981 A
02128000 2001 7 16 19916.1656 A
02128000 2001 7 17 20056.2802 A
02128000 2001 7 18 20170.3976 A
02128000 2001 7 19 20073.5980 A
02128000 2001 7 20 20377.8701 A
02128000 2001 7 21 20106.4650 A
02128000 2001 7 22 20050.9198 A
02128000 2001 7 23 20189.4864 A
02128000 2001 7 24 20147.4855 A
02128000 2001 7 25 20224.5132 A
02128000 2001 7 26 20378.4714 A
02128000 2001 7 27 20247.2634 A
02128000 2001 7 28 20336.0125 A
02128000 2001 7 29 20214.4066 A
02128000 2001 7 30 20284.6057 A
02128000 2001 7 31 20380.0656 A
02128000 2001 8 1 20365.3864 A
02128000 2001 8 2 20423.9333 A
02128000 2001 8 3 20294.5643 A
02128000 2001 8 4 20367.9907 A
02128000 2001 8 5 20429.8032 A
02128000 2001 8 6 20445.0979 A
02128000 2001 8 7 20407.4885 A
02128000 2001 8 8 20474.2831 A
02128000 2001 8 9 20429.4749 A
02128000 2001 8 10 20562.5853 A
02128000 2001 8 11 20480.6988 A
02128000 2001 8 12 20427.0230 A
02128000 2001 8 13 20431.3292 A
02128000 2001 8 14 20402.2486 A
02128000 2001 8 15 20522.3610 A
02128000 2001 8 16 20436.5126 A
02128000 2001 8 17 20507.2586 A
02128000 2001 8 18 20441.5454 A
02128000 2001 8 19 20491.7576 A
02128000 2001 8 20 20454.4460 A
02128000 2001 8 21 20442.4299 A
02128000 2001 8 22 20616.4900 A
02128000 2001 8 23 20448.9896 A
02128000 2001 8 24 20453.9236 A
02128000 2001 8 25 20447.0551 A
02128000 2001 8 26 20483.8301 A
02128000 2001 8 27 20430.9791 A
02128000 2001 8 28 20541.6776 A
02128000 2001 8 29 20468.8529 A
02128000 2001 8 30 20535.5072 A
02128000 2001 8 31 20545.2372 A
02128000 2001 9 1 20513.9653 A
02128000 2001 9 2 20684.1575 A
02128000 2001 9 3 20576.5305 A
02128000 2001 9 4 20519.6869 A
02128000 2001 9 5 20540.5369 A
02128000 2001 9 6 20565.8163 A
02128000 2001 9 7 20515.9888 A
02128000 2001 9 8 20670.3982 A
02128000 2001 9 9 20562.9721 A
02128000 2001 9 10 20642.9681 A
02128000 2001 9 11 20709.4305 A
02128000 2001 9 12 20609.3818 A
02128000 2001 9 13 20592.6205 A
02128000 2001 9 14 20656.8439 A
02128000 2001 9 15 20612.8329 A
02128000 2001 9 16 20682.8566 A
02128000 2001 9 17 20614.4066 A
02128000 2001 9 18 20681.2321 A
02128000 2001 9 19 20601.8497 A
02128000 2001 9 20 20777.2763 A
02128000 2001 9 21 20667.1238 A
02128000 2001 9 22 20845.1670 A
02128000 2001 9 23 20717.7101 A
02128000 2001 9 24 20690.9893 A
02128000 2001 9 25 20694.0827 A
02128000 2001 9 26 20887.9629 A
02128000 2001 9 27 20716.5478 A
02128000 2001 9 28 20713.2356 A
02128000 2001 9 29 20697.5083 A
02128000 2001 9 30 20746.2556 A
02128000 2001 10 1 20754.6983 A
02128000 2001 10 2 20768.4997 A
02128000 2001 10 3 20713.8561 A
02128000 2001 10 4 20698.1174 A
02128000 2001 10 5 20847.3627 A
02128000 2001 10 6 20795.7518 A
02128000 2001 10 7 20720.9694 A
02128000 2001 10 8 20757.0687 A
02128000 2001 10 9 20756.0992 A
02128000 2001 10 10 20746.0888 A
02128000 2001 10 11 20770.0928 A
02128000 2001 10 12 20740.4171 A
02128000 2001 10 13 20870.6911 A
02128000 2001 10 14 20856.8285 A
02128000 2001 10 15 20772.9118 A
02128000 2001 10 16 20779.9799 A
02128000 2001 10 17 20799.8029 A
02128000 2001 10 18 20764.8812 A
02128000 2001 10 19 20742.4907 A
02128000 2001 10 20 20797.6483 A
02128000 2001 10 21 20829.6729 A
02128000 2001 10 22 20812.3796 A
02128000 2001 10 23 20804.7386 A
02128000 2001 10 24 20790.6467 A
02128000 2001 10 25 20787.5263 A
02128000 2001 10 26 20774.1370 A
02128000 2001 10 27 20830.1423 A
02128000 2001 10 28 20854.1499 A
02128000 2001 10 29 20773.4016 A
02128000 2001 10 30 20800.4811 A
02128000 2001 10 31 20766.6614 A
02128000 2001 11 1 20772.8480 A
02128000 2001 11 2 20787.3127 A
02128000 2001 11 3 20780.7743 A
02128000 2001 11 4 20772.0769 A
02128000 2001 11 5 20780.0114 A
02128000 2001 11 6 20757.5959 A
02128000 2001 11 7 20738.7860 A
02128000 2001 11 8 20771.0340 A
02128000 2001 11 9 20820.2929 A
02128000 2001 11 10 20881.3245 A
02128000 2001 11 11 20793.3475 A
02128000 2001 11 12 20807.8941 A
02128000 2001 11 13 20834.1594 A
02128000 2001 11 14 20793.7242 A
02128000 2001 11 15 20833.9183 A
02128000 2001 11 16 20803.1016 A
02128000 2001 11 17 20830.0248 A
02128000 2001 11 18 20792.8792 A
02128000 2001 11 19 20824.9306 A
02128000 2001 11 20 20792.1321 A
02128000 2001 11 21 20808.4390 A
02128000 2001 11 22 20785.6478 A
02128000 2001 11 23 20805.1147 A
02128000 2001 11 24 20812.5032 A
02128000 2001 11 25 20812.2037 A
02128000 2001 11 26 20809.0489 A
02128000 2001 11 27 20840.6591 A
02128000 2001 11 28 20768.0360 A
02128000 2001 11 29 20825.8887 A
02128000 2001 11 30 20803.2757 A
02128000 2001 12 1 20789.7574 A
02128000 2001 12 2 20793.6487 A
02128000 2001 12 3 20778.1306 A
02128000 2001 12 4 20767.7135 A
02128000 2001 12 5 20790.0941 A
02128000 2001 12 6 20824.4069 A
02128000 2001 12 7 20787.2226 A
02128000 2001 12 8 20761.3852 A
02128000 2001 12 9 20808.4846 A
02128000 2001 12 10 20835.8105 A
02128000 2001 12 11 20793.8718 A
02128000 2001 12 12 20846.1887 A
02128000 2001 12 13 20825.5413 A
02128000 2001 12 14 20800.9180 A
02128000 2001 12 15 20808.5589 A
02128000 2001 12 16 20783.3482 A
02128000 2001 12 17 20844.2515 A
02128000 2001 12 18 20850.3593 A
02128000 2001 12 19 20798.2626 A
02128000 2001 12 20 20806.5512 A
02128000 2001 12 21 20809.7483 A
02128000 2001 12 22 20828.0017 A
02128000 2001 12 23 20882.5846 A
02128000 2001 12 24 20791.1766 A
02128000 2001 12 25 20823.2576 A
02128000 2001 12 26 20827.9358 A
02128000 2001 12 27 20801.8207 A
02128000 2001 12 28 20794.8968 A
02128000 2001 12 29 20813.0509 A
02128000 2001 12 30 20836.6998 A
02128000 2001 12 31 20794.4042 A
02128000 2002 1 1 20804.5731 A
02128000 2002 1 2 20873.2614 A
02128000 2002 1 3 20840.8674 A
02128000 2002 1 4 20805.0428 A
02128000 2002 1 5 21040.7203 A
02128000 2002 1 6 20852.4821 A
02128000 2002 1 7 20891.9607 A
02128000 2002 1 8 20874.4990 A
02128000 2002 1 9 20846.5089 A
02128000 2002 1 10 20852.4398 A
02128000 2002 1 11 20883.3507 A
02128000 2002 1 12 20853.3422 A
02128000 2002 1 13 21063.2016 A
02128000 2002 1 14 20886.6385 A
02128000 2002 1 15 21008.2494 A
02128000 2002 1 16 20901.2982 A
02128000 2002 1 17 20923.8799 A
02128000 2002 1 18 20937.1276 A
02128000 2002 1 19 21013.3790 A
02128000 2002 1 20 20973.6648 A
02128000 2002 1 21 20914.1238 A
02128000 2002 1 22 21142.2923 A
02128000 2002 1 23 21006.8387 A
02128000 2002 1 24 21015.2346 A
02128000 2002 1 25 20987.0365 A
02128000 2002 1 26 20995.8828 A
02128000 2002 1 27 21014.3791 A
02128000 2002 1 28 21237.4234 A
02128000 2002 1 29 21076.2455 A
02128000 2002 1 30 21137.4393 A
02128000 2002 1 31 21069.4553 A
02128000 2002 2 1 21084.0554 A
02128000 2002 2 2 21107.4038 A
02128000 2002 2 3 21142.0711 A
02128000 2002 2 4 21097.4676 A
02128000 2002 2 5 21101.1890 A
02128000 2002 2 6 21081.7274 A
02128000 2002 2 7 21165.3067 A
02128000 2002 2 8 21073.2249 A
02128000 2002 2 9 21061.5729 A
02128000 2002 2 10 21251.6757 A
02128000 2002 2 11 21105.0490 A
02128000 2002 2 12 21142.2878 A
02128000 2002 2 13 21076.5387 A
02128000 2002 2 14 21108.9925 A
02128000 2002 2 15 21108.2248 A
02128000 2002 2 16 21190.3323 A
02128000 2002 2 17 21275.6838 A
02128000 2002 2 18 21216.8781 A
02128000 2002 2 19 21221.4857 A
02128000 2002 2 20 21208.2797 A
02128000 2002 2 21 21271.1335 A
02128000 2002 2 22 21428.2185 A
02128000 2002 2 23 21220.9990 A
02128000 2002 2 24 21293.3482 A
02128000 2002 2 25 21381.3702 A
02128000 2002 2 26 21245.9291 A
02128000 2002 2 27 21288.7500 A
02128000 2002 2 28 21287.9304 A
02128000 2002 3 1 21384.5345 A
02128000 2002 3 2 21374.9209 A
02128000 2002 3 3 21426.5796 A
02128000 2002 3 4 21328.5518 A
02128000 2002 3 5 21449.1873 A
02128000 2002 3 6 21491.7614 A
02128000 2002 3 7 21483.4236 A
02128000 2002 3 8 21395.6292 A
02128000 2002 3 9 21584.2838 A
02128000 2002 3 10 21404.0586 A
02128000 2002 3 11 21603.1132 A
02128000 2002 3 12 21620.9198 A
02128000 2002 3 13 21506.9355 A
02128000 2002 3 14 21594.4123 A
02128000 2002 3 15 21511.7718 A
02128000 2002 3 16 21534.6311 A
02128000 2002 3 17 21596.5725 A
02128000 2002 3 18 21576.0211 A
02128000 2002 3 19 21554.7479 A
02128000 2002 3 20 21525.8833 A
02128000 2002 3 21 21557.3306 A
02128000 2002 3 22 21552.3831 A
02128000 2002 3 23 21533.0521 A
02128000 2002 3 24 21956.9616 A
02128000 2002 3 25 21725.0866 A
02128000 2002 3 26 21651.1982 A
02128000 2002 3 27 21664.0759 A
02128000 2002 3 28 21631.4961 A
02128000 2002 3 29 21792.0459 A
02128000 2002 3 30 21750.1980 A
02128000 2002 3 31 21746.1716 A
02128000 2002 4 1 21679.8615 A
02128000 2002 4 2 21750.7815 A
02128000 2002 4 3 21762.6445 A
02128000 2002 4 4 21746.9223 A
02128000 2002 4 5 21755.8933 A
02128000 2002 4 6 21830.6087 A
02128000 2002 4 7 21779.6797 A
02128000 2002 4 8 21713.6570 A
02128000 2002 4 9 21776.9680 A
02128000 2002 4 10 21788.2339 A
02128000 2002 4 11 21880.7188 A
02128000 2002 4 12 21900.1404 A
02128000 2002 4 13 22027.8900 A
02128000 2002 4 14 21853.8746 A
02128000 2002 4 15 22038.8589 A
02128000 2002 4 16 21877.9929 A
02128000 2002 4 17 22003.3994 A
02128000 2002 4 18 21880.4407 A
02128000 2002 4 19 21879.4578 A
02128000 2002 4 20 21972.0294 A
02128000 2002 4 21 21967.1745 A
02128000 2002 4 22 22005.2627 A
02128000 2002 4 23 21932.1874 A
02128000 2002 4 24 21918.9483 A
02128000 2002 4 25 21962.6104 A
02128000 2002 4 26 21959.8867 A
02128000 2002 4 27 22006.0749 A
02128000 2002 4 28 22168.1692 A
02128000 2002 4 29 22485.6705 A
02128000 2002 4 30 22300.4464 A
02128000 2002 5 1 22189.0113 A
02128000 2002 5 2 22257.0874 A
02128000 2002 5 3 22222.3952 A
02128000 2002 5 4 22304.1524 A
02128000 2002 5 5 22230.6153 A
02128000 2002 5 6 22287.3915 A
02128000 2002 5 7 22217.3843 A
02128000 2002 5 8 22248.9778 A
02128000 2002 5 9 22281.6036 A
02128000 2002 5 10 22436.6939 A
02128000 2002 5 11 22315.5832 A
02128000 2002 5 12 22306.5706 A
02128000 2002 5 13 22357.8797 A
02128000 2002 5 14 22345.3521 A
02128000 2002 5 15 22413.0685 A
02128000 2002 5 16 22402.2035 A
02128000 2002 5 17 22390.3445 A
02128000 2002 5 18 22444.2305 A
02128000 2002 5 19 22390.8992 A
02128000 2002 5 20 22426.4981 A
02128000 2002 5 21 22703.7992 A
02128000 2002 5 22 22466.4406 A
02128000 2002 5 23 22498.4347 A
02128000 2002 5 24 22430.4445 A
02128000 2002 5 25 22455.7049 A
02128000 2002 5 26 22497.4536 A
02128000 2002 5 27 22506.2156 A
02128000 2002 5 28 22556.8863 A
02128000 2002 5 29 22485.9231 A
02128000 2002 5 30 22639.5612 A
02128000 2002 5 31 22489.5655 A
02128000 2002 6 1 22515.5082 A
02128000 2002 6 2 22553.4801 A
02128000 2002 6 3 22565.1826 A
02128000 2002 6 4 22594.1556 A
02128000 2002 6 5 22624.4367 A
02128000 2002 6 6 22545.2568 A
02128000 2002 6 7 22623.9850 A
02128000 2002 6 8 22648.9074 A
02128000 2002 6 9 22884.9817 A
02128000 2002 6 10 22689.9994 A
02128000 2002 6 11 23020.1712 A
02128000 2002 6 12 22739.1978 A
02128000 2002 6 13 22869.0963 A
02128000 2002 6 14 22734.0960 A
02128000 2002 6 15 22798.9855 A
02128000 2002 6 16 22891.3615 A
02128000 2002 6 17 22825.9576 A
02128000 2002 6 18 22944.4248 A
02128000 2002 6 19 22799.3127 A
02128000 2002 6 20 22833.4174 A
02128000 2002 6 21 22840.3336 A
02128000 2002 6 22 22800.7959 A
02128000 2002 6 23 22817.4990 A
02128000 2002 6 24 22824.8570 A
02128000 2002 6 25 22855.7356 A
02128000 2002 6 26 22871.8192 A
02128000 2002 6 27 22970.0682 A
02128000 2002 6 28 22969.9248 A
02128000 2002 6 29 22906.8891 A
02128000 2002 6 30 23442.5700 A
02128000 2002 7 1 23101.3450 A
02128000 2002 7 2 23467.4098 A
02128000 2002 7 3 23069.1064 A
02128000 2002 7 4 23069.2581 A
02128000 2002 7 5 23166.4541 A
02128000 2002 7 6 23183.9596 A
02128000 2002 7 7 23124.1536 A
02128000 2002 7 8 23115.1165 A
02128000 2002 7 9 23157.0766 A
02128000 2002 7 10 23101.5493 A
02128000 2002 7 11 23305.7523 A
02128000 2002 7 12 23214.4397 A
02128000 2002 7 13 23266.6421 A
02128000 2002 7 14 23181.8720 A
02128000 2002 7 15 23179.4917 A
02128000 2002 7 16 23262.4974 A
02128000 2002 7 17 23245.3268 A
02128000 2002 7 18 23369.7228 A
02128000 2002 7 19 23278.1857 A
02128000 2002 7 20 23296.5464 A
02128000 2002 7 21 23269.6692 A
02128000 2002 7 22 23250.3720 A
02128000 2002 7 23 23228.4848 A
02128000 2002 7 24 23238.5697 A
02128000 2002 7 25 23329.3080 A
02128000 2002 7 26 23458.9203 A
02128000 2002 7 27 23300.5590 A
02128000 2002 7 28 23421.2740 A
02128000 2002 7 29 23351.7691 A
02128000 2002 7 30 23406.6708 A
02128000 2002 7 31 23386.2709 A
02128000 2002 8 1 23325.9557 A
02128000 2002 8 2 23499.0269 A
02128000 2002 8 3 23473.7577 A
02128000 2002 8 4 23482.5159 A
02128000 2002 8 5 23491.9367 A
02128000 2002 8 6 23454.0286 A
02128000 2002 8 7 23415.4516 A
02128000 2002 8 8 23596.9807 A
02128000 2002 8 9 23469.9167 A
02128000 2002 8 10 23445.6323 A
02128000 2002 8 11 23498.0779 A
02128000 2002 8 12 23458.9585 A
02128000 2002 8 13 23521.3850 A
02128000 2002 8 14 23553.6058 A
02128000 2002 8 15 23544.1373 A
02128000 2002 8 16 23586.3700 A
02128000 2002 8 17 23678.3314 A
02128000 2002 8 18 23605.2072 A
02128000 2002 8 19 23631.6180 A
02128000 2002 8 20 23566.3093 A
02128000 2002 8 21 23576.4369 A
02128000 2002 8 22 23556.0531 A
02128000 2002 8 23 23591.6550 A
02128000 2002 8 24 23603.3342 A
02128000 2002 8 25 23592.9757 A
02128000 2002 8 26 23578.4450 A
02128000 2002 8 27 23592.2942 A
02128000 2002 8 28 23585.3172 A
02128000 2002 8 29 23660.8999 A
02128000 2002 8 30 23696.8398 A
02128000 2002 8 31 23766.7176 A
02128000 2002 9 1 23628.6880 A
02128000 2002 9 2 23656.9772 A
02128000 2002 9 3 23618.5296 A
02128000 2002 9 4 23656.8722 A
02128000 2002 9 5 23733.6445 A
02128000 2002 9 6 23723.0411 A
02128000 2002 9 7 23784.2205 A
02128000 2002 9 8 23650.8624 A
02128000 2002 9 9 23726.7698 A
02128000 2002 9 10 23667.2772 A
02128000 2002 9 11 23701.4414 A
02128000 2002 9 12 23824.2121 A
02128000 2002 9 13 23757.5911 A
02128000 2002 9 14 23784.7002 A
02128000 2002 9 15 23776.5771 A
02128000 2002 9 16 23730.4319 A
02128000 2002 9 17 23765.1775 A
02128000 2002 9 18 23830.6107 A
02128000 2002 9 19 23745.5833 A
02128000 2002 9 20 23838.1949 A
02128000 2002 9 21 23746.2648 A
02128000 2002 9 22 23768.2121 A
02128000 2002 9 23 23752.0694 A
02128000 2002 9 24 23752.5532 A
02128000 2002 9 25 23824.6152 A
02128000 2002 9 26 23749.8824 A
02128000 2002 9 27 23814.2929 A
02128000 2002 9 28 23829.4469 A
02128000 2002 9 29 23747.2086 A
02128000 2002 9 30 23774.5275 A
02128000 2002 10 1 23758.4628 A
02128000 2002 10 2 23745.3494 A
02128000 2002 10 3 23744.6920 A
02128000 2002 10 4 23712.6929 A
02128000 2002 10 5 23753.0970 A
02128000 2002 10 6 23739.6226 A
02128000 2002 10 7 23732.4802 A
02128000 2002 10 8 23714.0830 A
02128000 2002 10 9 23747.5126 A
02128000 2002 10 10 23737.5155 A
02128000 2002 10 11 23719.9739 A
02128000 2002 10 12 23726.1497 A
02128000 2002 10 13 23729.4655 A
02128000 2002 10 14 24071.7671 A
02128000 2002 10 15 23788.4351 A
02128000 2002 10 16 23833.0648 A
02128000 2002 10 17 23871.0458 A
02128000 2002 10 18 23837.0232 A
02128000 2002 10 19 23795.6002 A
02128000 2002 10 20 23861.6057 A
02128000 2002 10 21 23797.2375 A
02128000 2002 10 22 23794.2506 A
02128000 2002 10 23 23841.4399 A
02128000 2002 10 24 23872.2277 A
02128000 2002 10 25 23820.6531 A
02128000 2002 10 26 23829.1121 A
02128000 2002 10 27 23834.8842 A
02128000 2002 10 28 23854.0460 A
02128000 2002 10 29 23853.1795 A
02128000 2002 10 30 23908.5467 A
02128000 2002 10 31 23849.3412 A
02128000 2002 11 1 23839.1481 A
02128000 2002 11 2 23857.7514 A
02128000 2002 11 3 23826.8454 A
02128000 2002 11 4 23818.5000 A
02128000 2002 11 5 23787.1143 A
02128000 2002 11 6 23844.0258 A
02128000 2002 11 7 23856.8838 A
02128000 2002 11 8 23825.9282 A
02128000 2002 11 9 23872.5014 A
02128000 2002 11 10 23833.8917 A
02128000 2002 11 11 23816.4090 A
02128000 2002 11 12 23803.8977 A
02128000 2002 11 13 23817.3516 A
02128000 2002 11 14 23807.4510 A
02128000 2002 11 15 23791.7071 A
02128000 2002 11 16 23792.1454 A
02128000 2002 11 17 23803.1772 A
02128000 2002 11 18 23816.9153 A
02128000 2002 11 19 23822.0108 A
02128000 2002 11 20 23797.7451 A
02128000 2002 11 21 23794.3080 A
02128000 2002 11 22 23788.8591 A
02128000 2002 11 23 23797.6855 A
02128000 2002 11 24 23808.7174 A
02128000 2002 11 25 23779.6627 A
02128000 2002 11 26 23847.2382 A
02128000 2002 11 27 23845.5741 A
02128000 2002 11 28 23810.2679 A
02128000 2002 11 29 23799.3152 A
02128000 2002 11 30 23886.2364 A
02128000 2002 12 1 23823.6755 A
02128000 2002 12 2 23792.0000 A
02128000 2002 12 3 23871.8902 A
02128000 2002 12 4 23823.3113 A
02128000 2002 12 5 23830.0360 A
02128000 2002 12 6 23851.9860 A
02128000 2002 12 7 23830.2050 A
02128000 2002 12 8 23799.1935 A
02128000 2002 12 9 23785.1460 A
02128000 2002 12 10 23788.6918 A
02128000 2002 12 11 23829.3685 A
02128000 2002 12 12 23864.2451 A
02128000 2002 12 13 23813.0026 A
02128000 2002 12 14 23850.1303 A
02128000 2002 12 15 23817.5223 A
02128000 2002 12 16 23823.4945 A
02128000 2002 12 17 23809.6196 A
02128000 2002 12 18 23836.2559 A
02128000 2002 12 19 23878.1966 A
02128000 2002 12 20 23832.9371 A
02128000 2002 12 21 23813.2222 A
02128000 2002 12 22 23819.9094 A
02128000 2002 12 23 23816.6712 A
02128000 2002 12 24 23826.1103 A
02128000 2002 12 25 23780.4901 A
02128000 2002 12 26 23817.9118 A
02128000 2002 12 27 23848.2759 A
02128000 2002 12 28 23785.3717 A
02128000 2002 12 29 23798.8135 A
02128000 2002 12 30 23857.3791 A
02128000 2002 12 31 23813.0763 A
02128000 2003 1 1 23817.0935 A
02128000 2003 1 2 23814.2588 A
02128000 2003 1 3 23793.0268 A
02128000 2003 1 4 23802.5575 A
02128000 2003 1 5 23850.4640 A
02128000 2003 1 6 23828.2450 A
02128000 2003 1 7 23793.3017 A
02128000 2003 1 8 23840.3161 A
02128000 2003 1 9 23863.8539 A
02128000 2003 1 10 23799.5287 A
02128000 2003 1 11 23894.0704 A
02128000 2003 1 12 23837.3516 A
02128000 2003 1 13 23811.3354 A
02128000 2003 1 14 23855.2909 A
02128000 2003 1 15 23827.5973 A
02128000 2003 1 16 23840.7175 A
02128000 2003 1 17 23874.4357 A
02128000 2003 1 18 23820.8558 A
02128000 2003 1 19 23835.3607 A
02128000 2003 1 20 23952.7270 A
02128000 2003 1 21 23887.9086 A
02128000 2003 1 22 23832.4155 A
02128000 2003 1 23 23861.8053 A
02128000 2003 1 24 23851.5284 A
02128000 2003 1 25 23828.3482 A
02128000 2003 1 26 23835.7182 A
02128000 2003 1 27 23851.6135 A
02128000 2003 1 28 23868.8837 A
02128000 2003 1 29 23945.4489 A
02128000 2003 1 30 23904.3774 A
02128000 2003 1 31 23927.2021 A
02128000 2003 2 1 23958.5804 A
02128000 2003 2 2 23868.0376 A
02128000 2003 2 3 23974.1443 A
02128000 2003 2 4 23850.6449 A
02128000 2003 2 5 23898.8484 A
02128000 2003 2 6 23918.8537 A
02128000 2003 2 7 23923.5447 A
02128000 2003 2 8 23956.9195 A
02128000 2003 2 9 24068.4721 A
02128000 2003 2 10 23980.9974 A
02128000 2003 2 11 24223.6360 A
02128000 2003 2 12 24032.2950 A
02128000 2003 2 13 24040.8504 A
02128000 2003 2 14 24061.0709 A
02128000 2003 2 15 24105.5813 A
02128000 2003 2 16 24168.6036 A
02128000 2003 2 17 24074.2585 A
02128000 2003 2 18 24102.3354 A
02128000 2003 2 19 24047.5327 A
02128000 2003 2 20 24087.2582 A
02128000 2003 2 21 24056.9099 A
02128000 2003 2 22 24072.5322 A
02128000 2003 2 23 24154.1114 A
02128000 2003 2 24 24229.2791 A
02128000 2003 2 25 24086.6735 A
02128000 2003 2 26 24060.7252 A
02128000 2003 2 27 24230.9877 A
02128000 2003 2 28 24226.0408 A
02128000 2003 3 1 24175.1291 A
02128000 2003 3 2 24116.6302 A
02128000 2003 3 3 24399.9539 A
02128000 2003 3 4 24304.6291 A
02128000 2003 3 5 24510.0778 A
02128000 2003 3 6 24408.7889 A
02128000 2003 3 7 24473.2355 A
02128000 2003 3 8 24364.7990 A
02128000 2003 3 9 24398.3564 A
02128000 2003 3 10 24456.3521 A
02128000 2003 3 11 24451.4827 A
02128000 2003 3 12 24387.5737 A
02128000 2003 3 13 24376.1601 A
02128000 2003 3 14 24541.0540 A
02128000 2003 3 15 24424.7593 A
02128000 2003 3 16 24530.6875 A
02128000 2003 3 17 24530.0648 A
02128000 2003 3 18 24606.5391 A
02128000 2003 3 19 24493.9411 A
02128000 2003 3 20 24569.5072 A
02128000 2003 3 21 24707.7705 A
02128000 2003 3 22 24575.2068 A
02128000 2003 3 23 24512.9652 A
02128000 2003 3 24 24567.9578 A
02128000 2003 3 25 24562.3847 A
02128000 2003 3 26 24549.8661 A
02128000 2003 3 27 24612.6716 A
02128000 2003 3 28 24743.4846 A
02128000 2003 3 29 24814.8239 A
02128000 2003 3 30 24684.5983 A
02128000 2003 3 31 24644.3660 A
02128000 2003 4 1 24709.3920 A
02128000 2003 4 2 24704.6583 A
02128000 2003 4 3 24672.7591 A
02128000 2003 4 4 24767.8734 A
02128000 2003 4 5 24835.6998 A
02128000 2003 4 6 24842.1248 A
02128000 2003 4 7 24733.2271 A
02128000 2003 4 8 24781.2954 A
02128000 2003 4 9 24759.2463 A
02128000 2003 4 10 24791.8157 A
02128000 2003 4 11 25074.5404 A
02128000 2003 4 12 24803.0160 A
02128000 2003 4 13 24795.6844 A
02128000 2003 4 14 24852.0031 A
02128000 2003 4 15 24907.2442 A
02128000 2003 4 16 24825.0516 A
02128000 2003 4 17 24826.1958 A
02128000 2003 4 18 24908.8226 A
02128000 2003 4 19 24810.6945 A
02128000 2003 4 20 25002.0790 A
02128000 2003 4 21 25112.6266 A
02128000 2003 4 22 24890.5764 A
02128000 2003 4 23 24973.1403 A
02128000 2003 4 24 24976.9727 A
02128000 2003 4 25 24968.9414 A
02128000 2003 4 26 25168.9744 A
02128000 2003 4 27 25664.9140 A
02128000 2003 4 28 25166.2034 A
02128000 2003 4 29 25258.7125 A
02128000 2003 4 30 25184.5295 A
02128000 2003 5 1 25311.2750 A
02128000 2003 5 2 25199.4249 A
02128000 2003 5 3 25380.1496 A
02128000 2003 5 4 25235.1745 A
02128000 2003 5 5 25350.2380 A
02128000 2003 5 6 25290.8193 A
02128000 2003 5 7 25375.5619 A
02128000 2003 5 8 25376.7333 A
02128000 2003 5 9 25287.9563 A
02128000 2003 5 10 25667.6497 A
02128000 2003 5 11 25363.5772 A
02128000 2003 5 12 25604.1221 A
02128000 2003 5 13 25454.8856 A
02128000 2003 5 14 25487.2197 A
02128000 2003 5 15 25385.8995 A
02128000 2003 5 16 25855.5835 A
02128000 2003 5 17 25543.0067 A
02128000 2003 5 18 25524.1717 A
02128000 2003 5 19 25505.2871 A
02128000 2003 5 20 25689.9198 A
02128000 2003 5 21 25833.5723 A
02128000 2003 5 22 25618.7452 A
02128000 2003 5 23 25639.3717 A
02128000 2003 5 24 25696.9900 A
02128000 2003 5 25 25647.3886 A
02128000 2003 5 26 25700.3595 A
02128000 2003 5 27 25957.5705 A
02128000 2003 5 28 25811.2291 A
02128000 2003 5 29 25765.8275 A
02128000 2003 5 30 25924.3955 A
02128000 2003 5 31 25829.5220 A
02128000 2003 6 1 25791.9621 A
02128000 2003 6 2 25993.5572 A
02128000 2003 6 3 25961.2607 A
02128000 2003 6 4 25991.8502 A
02128000 2003 6 5 25983.6043 A
02128000 2003 6 6 25890.6229 A
02128000 2003 6 7 26049.5309 A
02128000 2003 6 8 25902.1699 A
02128000 2003 6 9 26189.3382 A
02128000 2003 6 10 25941.4788 A
02128000 2003 6 11 26116.2698 A
02128000 2003 6 12 26274.4728 A
02128000 2003 6 13 26163.3769 A
02128000 2003 6 14 26166.8932 A
02128000 2003 6 15 26411.3516 A
02128000 2003 6 16 26123.7784 A
02128000 2003 6 17 26237.4239 A
02128000 2003 6 18 26223.9545 A
02128000 2003 6 19 26296.3718 A
02128000 2003 6 20 26211.8654 A
02128000 2003 6 21 26205.0867 A
02128000 2003 6 22 26295.3640 A
02128000 2003 6 23 26266.4899 A
02128000 2003 6 24 26289.0756 A
02128000 2003 6 25 26274.8083 A
02128000 2003 6 26 26255.1556 A
02128000 2003 6 27 26250.5701 A
02128000 2003 6 28 26259.1937 A
02128000 2003 6 29 26257.4117 A
02128000 2003 6 30 26276.8241 A
02128000 2003 7 1 26229.6067 A
02128000 2003 7 2 26299.8913 A
02128000 2003 7 3 26465.4894 A
02128000 2003 7 4 26308.3546 A
02128000 2003 7 5 26355.6810 A
02128000 2003 7 6 26489.5358 A
02128000 2003 7 7 26417.2149 A
02128000 2003 7 8 26489.4594 A
02128000 2003 7 9 26507.6501 A
02128000 2003 7 10 26476.3308 A
02128000 2003 7 11 26431.6231 A
02128000 2003 7 12 26407.4546 A
02128000 2003 7 13 26562.2906 A
02128000 2003 7 14 26425.8409 A
02128000 2003 7 15 26437.5823 A
02128000 2003 7 16 26516.6714 A
02128000 2003 7 17 26468.6563 A
02128000 2003 7 18 26549.8086 A
02128000 2003 7 19 26555.0901 A
02128000 2003 7 20 26489.8733 A
02128000 2003 7 21 26662.5318 A
02128000 2003 7 22 26512.0862 A
02128000 2003 7 23 26654.2026 A
02128000 2003 7 24 26737.6041 A
02128000 2003 7 25 26866.0493 A
02128000 2003 7 26 26702.6652 A
02128000 2003 7 27 26655.0469 A
02128000 2003 7 28 26900.9043 A
02128000 2003 7 29 26663.1398 A
02128000 2003 7 30 26669.5309 A
02128000 2003 7 31 26705.8932 A
02128000 2003 8 1 26738.1997 A
02128000 2003 8 2 26698.2545 A
02128000 2003 8 3 26795.1830 A
02128000 2003 8 4 26911.9302 A
02128000 2003 8 5 26769.4710 A
02128000 2003 8 6 26731.3319 A
02128000 2003 8 7 26818.5767 A
02128000 2003 8 8 26957.3286 A
02128000 2003 8 9 26781.9088 A
02128000 2003 8 10 26795.1986 A
02128000 2003 8 11 26788.7642 A
02128000 2003 8 12 26864.2537 A
02128000 2003 8 13 26825.1367 A
02128000 2003 8 14 26889.7820 A
02128000 2003 8 15 26878.1105 A
02128000 2003 8 16 26805.4538 A
02128000 2003 8 17 26853.4058 A
02128000 2003 8 18 27027.0213 A
02128000 2003 8 19 26900.0748 A
02128000 2003 8 20 26864.8845 A
02128000 2003 8 21 26861.9590 A
02128000 2003 8 22 26886.3801 A
02128000 2003 8 23 26880.8175 A
02128000 2003 8 24 26866.4130 A
02128000 2003 8 25 26933.9703 A
02128000 2003 8 26 26881.7968 A
02128000 2003 8 27 26876.8685 A
02128000 2003 8 28 27035.0643 A
02128000 2003 8 29 26936.4966 A
02128000 2003 8 30 26894.9382 A
02128000 2003 8 31 26930.7396 A
02128000 2003 9 1 26909.2813 A
02128000 2003 9 2 27006.2697 A
02128000 2003 9 3 27000.1328 A
02128000 2003 9 4 26934.2943 A
02128000 2003 9 5 26904.1072 A
02128000 2003 9 6 27012.0957 A
02128000 2003 9 7 26911.4562 A
02128000 2003 9 8 27025.5766 A
02128000 2003 9 9 26955.4388 A
02128000 2003 9 10 26967.8053 A
02128000 2003 9 11 26982.4256 A
02128000 2003 9 12 27064.9458 A
02128000 2003 9 13 27027.7246 A
02128000 2003 9 14 27112.5090 A
02128000 2003 9 15 27065.0075 A
02128000 2003 9 16 27075.1050 A
02128000 2003 9 17 27125.4993 A
02128000 2003 9 18 27072.6465 A
02128000 2003 9 19 27037.8313 A
02128000 2003 9 20 27076.6823 A
02128000 2003 9 21 27115.3582 A
02128000 2003 9 22 27088.7538 A
02128000 2003 9 23 27110.6699 A
02128000 2003 9 24 27068.1879 A
02128000 2003 9 25 27141.1041 A
02128000 2003 9 26 27317.8074 A
02128000 2003 9 27 27116.9098 A
02128000 2003 9 28 27137.5737 A
02128000 2003 9 29 27120.6587 A
02128000 2003 9 30 27082.7310 A
02128000 2003 10 1 27193.8120 A
02128000 2003 10 2 27166.0513 A
02128000 2003 10 3 27129.0409 A
02128000 2003 10 4 27142.4293 A
02128000 2003 10 5 27123.0959 A
02128000 2003 10 6 27133.3194 A
02128000 2003 10 7 27129.3774 A
02128000 2003 10 8 27161.7385 A
02128000 2003 10 9 27145.4319 A
02128000 2003 10 10 27147.7503 A
02128000 2003 10 11 27134.2723 A
02128000 2003 10 12 27147.4334 A
02128000 2003 10 13 27222.1910 A
02128000 2003 10 14 27130.6911 A
02128000 2003 10 15 27165.6942 A
02128000 2003 10 16 27137.0425 A
02128000 2003 10 17 27199.1242 A
02128000 2003 10 18 27189.6394 A
02128000 2003 10 19 27144.7015 A
02128000 2003 10 20 27202.4781 A
02128000 2003 10 21 27144.1305 A
02128000 2003 10 22 27157.7967 A
02128000 2003 10 23 27134.6149 A
02128000 2003 10 24 27151.6622 A
02128000 2003 10 25 27159.7620 A
02128000 2003 10 26 27170.5356 A
02128000 2003 10 27 27138.8403 A
02128000 2003 10 28 27188.7105 A
02128000 2003 10 29 27139.5993 A
02128000 2003 10 30 27208.0927 A
02128000 2003 10 31 27181.1711 A
02128000 2003 11 1 27115.7623 A
02128000 2003 11 2 27184.4600 A
02128000 2003 11 3 27189.2005 A
02128000 2003 11 4 27153.0841 A
02128000 2003 11 5 27141.5995 A
02128000 2003 11 6 27242.4145 A
02128000 2003 11 7 27160.0469 A
02128000 2003 11 8 27181.9635 A
02128000 2003 11 9 27172.0129 A
02128000 2003 11 10 27148.7001 A
02128000 2003 11 11 27142.7670 A
02128000 2003 11 12 27141.6066 A
02128000 2003 11 13 27144.0401 A
02128000 2003 11 14 27142.5048 A
02128000 2003 11 15 27151.8394 A
02128000 2003 11 16 27140.6203 A
02128000 2003 11 17 27137.5063 A
02128000 2003 11 18 27155.0360 A
02128000 2003 11 19 27209.3581 A
02128000 2003 11 20 27114.8584 A
02128000 2003 11 21 27138.4059 A
02128000 2003 11 22 27106.1710 A
02128000 2003 11 23 27150.2678 A
02128000 2003 11 24 27118.1642 A
02128000 2003 11 25 27178.4733 A
02128000 2003 11 26 27138.1942 A
02128000 2003 11 27 27139.7691 A
02128000 2003 11 28 27147.1409 A
02128000 2003 11 29 27148.6254 A
02128000 2003 11 30 27116.1671 A
02128000 2003 12 1 27133.0636 A
02128000 2003 12 2 27161.6767 A
02128000 2003 12 3 27138.8940 A
02128000 2003 12 4 27166.2842 A
02128000 2003 12 5 27173.1828 A
02128000 2003 12 6 27135.8300 A
02128000 2003 12 7 27144.3218 A
02128000 2003 12 8 27178.2125 A
02128000 2003 12 9 27175.8331 A
02128000 2003 12 10 27120.3307 A
02128000 2003 12 11 27175.3977 A
02128000 2003 12 12 27168.5054 A
02128000 2003 12 13 27128.2333 A
02128000 2003 12 14 27188.9198 A
02128000 2003 12 15 27180.8425 A
02128000 2003 12 16 27158.5781 A
02128000 2003 12 17 27227.9377 A
02128000 2003 12 18 27133.4974 A
02128000 2003 12 19 27158.0409 A
02128000 2003 12 20 27155.4197 A
02128000 2003 12 21 27152.4843 A
02128000 2003 12 22 27208.1695 A
02128000 2003 12 23 27152.8123 A
02128000 2003 12 24 27212.3825 A
02128000 2003 12 25 27196.3883 A
02128000 2003 12 26 27143.6719 A
02128000 2003 12 27 27163.7575 A
02128000 2003 12 28 27194.1378 A
02128000 2003 12 29 27137.0242 A
02128000 2003 12 30 27143.4454 A
02128000 2003 12 31 27191.6240 A
02128000 2004 1 1 27161.4383 A
02128000 2004 1 2 27134.6174 A
02128000 2004 1 3 27140.4567 A
02128000 2004 1 4 27145.9354 A
02128000 2004 1 5 27129.4244 A
02128000 2004 1 6 27143.0186 A
02128000 2004 1 7 27190.0118 A
02128000 2004 1 8 27207.3725 A
02128000 2004 1 9 27183.4028 A
02128000 2004 1 10 27140.9725 A
02128000 2004 1 11 27171.1883 A
02128000 2004 1 12 27183.0511 A
02128000 2004 1 13 27150.5085 A
02128000 2004 1 14 27218.8875 A
02128000 2004 1 15 27242.1216 A
02128000 2004 1 16 27229.5504 A
02128000 2004 1 17 27195.1641 A
02128000 2004 1 18 27181.8177 A
02128000 2004 1 19 27183.4884 A
02128000 2004 1 20 27223.9608 A
02128000 2004 1 21 27284.7777 A
02128000 2004 1 22 27190.2866 A
02128000 2004 1 23 27303.1543 A
02128000 2004 1 24 27323.3328 A
02128000 2004 1 25 27276.4675 A
02128000 2004 1 26 27273.0518 A
02128000 2004 1 27 27246.6182 A
02128000 2004 1 28 27238.0039 A
02128000 2004 1 29 27323.4963 A
02128000 2004 1 30 27259.3211 A
02128000 2004 1 31 27275.2246 A
02128000 2004 2 1 27273.0063 A
02128000 2004 2 2 27302.2178 A
02128000 2004 2 3 27347.9958 A
02128000 2004 2 4 27266.1155 A
02128000 2004 2 5 27303.2783 A
02128000 2004 2 6 27383.7358 A
02128000 2004 2 7 27268.6960 A
02128000 2004 2 8 27385.6310 A
02128000 2004 2 9 27281.7601 A
02128000 2004 2 10 27304.6210 A
02128000 2004 2 11 27312.5698 A
02128000 2004 2 12 27366.4566 A
02128000 2004 2 13 27419.9291 A
02128000 2004 2 14 27324.6395 A
02128000 2004 2 15 27423.8129 A
02128000 2004 2 16 27433.5039 A
02128000 2004 2 17 27375.7426 A
02128000 2004 2 18 27411.3135 A
02128000 2004 2 19 27434.9842 A
02128000 2004 2 20 27607.3873 A
02128000 2004 2 21 27429.0380 A
02128000 2004 2 22 27428.5668 A
02128000 2004 2 23 27427.3830 A
02128000 2004 2 24 27478.2911 A
02128000 2004 2 25 27597.4926 A
02128000 2004 2 26 27481.2216 A
02128000 2004 2 27 27490.8736 A
02128000 2004 2 28 27496.5285 A
02128000 2004 2 29 27460.5000 A
02128000 2004 3 1 27437.9924 A
02128000 2004 3 2 27589.1513 A
02128000 2004 3 3 27566.3382 A
02128000 2004 3 4 27517.7011 A
02128000 2004 3 5 27486.4427 A
02128000 2004 3 6 27529.2788 A
02128000 2004 3 7 27513.3349 A
02128000 2004 3 8 27549.0604 A
02128000 2004 3 9 27598.8947 A
02128000 2004 3 10 27526.6389 A
02128000 2004 3 11 27863.8742 A
02128000 2004 3 12 27593.9574 A
02128000 2004 3 13 27656.2115 A
02128000 2004 3 14 27702.9719 A
02128000 2004 3 15 27595.3904 A
02128000 2004 3 16 27614.4115 A
02128000 2004 3 17 27576.2702 A
02128000 2004 3 18 27581.5478 A
02128000 2004 3 19 27606.3779 A
02128000 2004 3 20 27615.4614 A
02128000 2004 3 21 27611.4477 A
02128000 2004 3 22 27700.6814 A
02128000 2004 3 23 27682.6117 A
02128000 2004 3 24 27632.9961 A
02128000 2004 3 25 27617.7129 A
02128000 2004 3 26 27610.4073 A
02128000 2004 3 27 27982.6846 A
02128000 2004 3 28 28024.3417 A
02128000 2004 3 29 27718.3680 A
02128000 2004 3 30 27788.2430 A
02128000 2004 3 31 27745.0530 A
02128000 2004 4 1 27746.4800 A
02128000 2004 4 2 27760.9421 A
02128000 2004 4 3 27779.2138 A
02128000 2004 4 4 27918.7406 A
02128000 2004 4 5 27861.3627 A
02128000 2004 4 6 27912.8470 A
02128000 2004 4 7 27780.8120 A
02128000 2004 4 8 27841.8834 A
02128000 2004 4 9 27945.5174 A
02128000 2004 4 10 27847.1956 A
02128000 2004 4 11 27817.2699 A
02128000 2004 4 12 27847.8745 A
02128000 2004 4 13 28047.2935 A
02128000 2004 4 14 27903.3045 A
02128000 2004 4 15 27902.5850 A
02128000 2004 4 16 27931.9450 A
02128000 2004 4 17 27918.0593 A
02128000 2004 4 18 28284.0286 A
02128000 2004 4 19 27958.2066 A
02128000 2004 4 20 28037.2239 A
02128000 2004 4 21 28180.7057 A
02128000 2004 4 22 28099.0883 A
02128000 2004 4 23 28107.8338 A
02128000 2004 4 24 28020.2151 A
02128000 2004 4 25 28347.5167 A
02128000 2004 4 26 28106.3208 A
02128000 2004 4 27 28109.5748 A
02128000 2004 4 28 28133.4186 A
02128000 2004 4 29 28292.0888 A
02128000 2004 4 30 28180.1987 A
02128000 2004 5 1 28252.7742 A
02128000 2004 5 2 28282.5983 A
02128000 2004 5 3 28288.0184 A
02128000 2004 5 4 28212.0449 A
02128000 2004 5 5 28247.4247 A
02128000 2004 5 6 28532.1152 A
02128000 2004 5 7 28249.2748 A
02128000 2004 5 8 28442.9456 A
02128000 2004 5 9 28446.3630 A
02128000 2004 5 10 28378.5395 A
02128000 2004 5 11 28351.7467 A
02128000 2004 5 12 28389.3999 A
02128000 2004 5 13 28323.7145 A
02128000 2004 5 14 28398.2717 A
02128000 2004 5 15 28353.9034 A
02128000 2004 5 16 28325.7243 A
02128000 2004 5 17 28447.2590 A
02128000 2004 5 18 28415.1041 A
02128000 2004 5 19 28543.0594 A
02128000 2004 5 20 28470.2387 A
02128000 2004 5 21 28700.9702 A
02128000 2004 5 22 28771.0355 A
02128000 2004 5 23 28591.3930 A
02128000 2004 5 24 28786.0813 A
02128000 2004 5 25 28619.1331 A
02128000 2004 5 26 28610.8141 A
02128000 2004 5 27 28595.7722 A
02128000 2004 5 28 28636.9126 A
02128000 2004 5 29 28618.6687 A
02128000 2004 5 30 28637.2149 A
02128000 2004 5 31 28692.1441 A
02128000 2004 6 1 28879.3146 A
02128000 2004 6 2 28756.2886 A
02128000 2004 6 3 28678.1346 A
02128000 2004 6 4 28718.9249 A
02128000 2004 6 5 28678.7675 A
02128000 2004 6 6 28872.0762 A
02128000 2004 6 7 28955.9675 A
02128000 2004 6 8 28752.6076 A
02128000 2004 6 9 28806.4269 A
02128000 2004 6 10 28764.4872 A
02128000 2004 6 11 28829.3542 A
02128000 2004 6 12 28774.9763 A
02128000 2004 6 13 28839.1879 A
02128000 2004 6 14 28914.6600 A
02128000 2004 6 15 28810.2160 A
02128000 2004 6 16 28812.1646 A
02128000 2004 6 17 28826.9404 A
02128000 2004 6 18 28832.1523 A
02128000 2004 6 19 28834.7480 A
02128000 2004 6 20 28782.8781 A
02128000 2004 6 21 28797.9523 A
02128000 2004 6 22 28815.1971 A
02128000 2004 6 23 29035.9580 A
02128000 2004 6 24 28832.3311 A
02128000 2004 6 25 29132.9597 A
02128000 2004 6 26 28890.9566 A
02128000 2004 6 27 28995.4218 A
02128000 2004 6 28 28899.8529 A
02128000 2004 6 29 29020.0615 A
02128000 2004 6 30 29014.8620 A
02128000 2004 7 1 29040.2592 A
02128000 2004 7 2 29121.7983 A
02128000 2004 7 3 28980.6254 A
02128000 2004 7 4 29279.5160 A
02128000 2004 7 5 29089.6527 A
02128000 2004 7 6 29067.5899 A
02128000 2004 7 7 29068.5421 A
02128000 2004 7 8 29028.8671 A
02128000 2004 7 9 29107.4403 A
02128000 2004 7 10 29244.2822 A
02128000 2004 7 11 29189.8564 A
02128000 2004 7 12 29236.4536 A
02128000 2004 7 13 29424.0477 A
02128000 2004 7 14 29340.8472 A
02128000 2004 7 15 29395.4565 A
02128000 2004 7 16 29286.5578 A
02128000 2004 7 17 29367.8393 A
02128000 2004 7 18 29415.1590 A
02128000 2004 7 19 29367.7422 A
02128000 2004 7 20 29433.9477 A
02128000 2004 7 21 29365.3562 A
02128000 2004 7 22 29315.0417 A
02128000 2004 7 23 29371.3204 A
02128000 2004 7 24 29338.9626 A
02128000 2004 7 25 29457.5027 A
02128000 2004 7 26 29363.2000 A
02128000 2004 7 27 29411.0820 A
02128000 2004 7 28 29369.6334 A
02128000 2004 7 29 29348.7494 A
02128000 2004 7 30 29360.2675 A
02128000 2004 7 31 29388.7302 A
02128000 2004 8 1 29432.5444 A
02128000 2004 8 2 29465.3374 A
02128000 2004 8 3 29386.6806 A
02128000 2004 8 4 29445.0906 A
02128000 2004 8 5 29378.1255 A
02128000 2004 8 6 29416.7821 A
02128000 2004 8 7 29465.3984 A
02128000 2004 8 8 29377.1888 A
02128000 2004 8 9 29369.9990 A
02128000 2004 8 10 29403.8869 A
02128000 2004 8 11 29569.6644 A
02128000 2004 8 12 29459.7834 A
02128000 2004 8 13 29424.6812 A
02128000 2004 8 14 29471.9523 A
02128000 2004 8 15 29440.8593 A
02128000 2004 8 16 29509.9389 A
02128000 2004 8 17 29453.7462 A
02128000 2004 8 18 29594.9907 A
02128000 2004 8 19 29666.7473 A
02128000 2004 8 20 29540.9292 A
02128000 2004 8 21 29549.2381 A
02128000 2004 8 22 29588.1647 A
02128000 2004 8 23 29637.6726 A
02128000 2004 8 24 29617.2982 A
02128000 2004 8 25 29641.5981 A
02128000 2004 8 26 29637.3254 A
02128000 2004 8 27 29621.8033 A
02128000 2004 8 28 29576.1652 A
02128000 2004 8 29 29637.1426 A
02128000 2004 8 30 29653.9508 A
02128000 2004 8 31 29630.3200 A
02128000 2004 9 1 29585.6860 A
02128000 2004 9 2 29580.2046 A
02128000 2004 9 3 29686.8232 A
02128000 2004 9 4 29662.0558 A
02128000 2004 9 5 29632.7232 A
02128000 2004 9 6 29672.2301 A
02128000 2004 9 7 29675.4136 A
02128000 2004 9 8 29794.9433 A
02128000 2004 9 9 29688.9801 A
02128000 2004 9 10 29864.5363 A
02128000 2004 9 11 29677.4311 A
02128000 2004 9 12 29716.0284 A
02128000 2004 9 13 29729.7154 A
02128000 2004 9 14 29807.2884 A
02128000 2004 9 15 29742.0695 A
02128000 2004 9 16 29724.8736 A
02128000 2004 9 17 29723.4048 A
02128000 2004 9 18 29720.8188 A
02128000 2004 9 19 29710.2763 A
02128000 2004 9 20 29678.9107 A
02128000 2004 9 21 29799.7010 A
02128000 2004 9 22 29718.8600 A
02128000 2004 9 23 29711.3281 A
02128000 2004 9 24 29730.6013 A
02128000 2004 9 25 29726.9397 A
02128000 2004 9 26 29756.9129 A
02128000 2004 9 27 29733.2239 A
02128000 2004 9 28 29780.9141 A
02128000 2004 9 29 29704.0560 A
02128000 2004 9 30 29741.6640 A
02128000 2004 10 1 29740.7683 A
02128000 2004 10 2 29850.3421 A
02128000 2004 10 3 29726.5816 A
02128000 2004 10 4 29820.8665 A
02128000 2004 10 5 29800.4043 A
02128000 2004 10 6 29763.4584 A
02128000 2004 10 7 29789.8393 A
02128000 2004 10 8 29801.6780 A
02128000 2004 10 9 29773.6001 A
02128000 2004 10 10 29785.4300 A
02128000 2004 10 11 29750.0674 A
02128000 2004 10 12 29817.5466 A
02128000 2004 10 13 29755.7416 A
02128000 2004 10 14 29780.3464 A
02128000 2004 10 15 29798.8828 A
02128000 2004 10 16 29768.9021 A
02128000 2004 10 17 29794.9325 A
02128000 2004 10 18 29768.1837 A
02128000 2004 10 19 29768.1237 A
02128000 2004 10 20 29745.4303 A
02128000 2004 10 21 29746.8552 A
02128000 2004 10 22 29765.8648 A
02128000 2004 10 23 29787.8846 A
02128000 2004 10 24 29766.0174 A
02128000 2004 10 25 29796.8929 A
02128000 2004 10 26 29771.7562 A
02128000 2004 10 27 29741.8619 A
02128000 2004 10 28 29762.5599 A
02128000 2004 10 29 29798.6246 A
02128000 2004 10 30 29826.9574 A
02128000 2004 10 31 29743.7054 A
02128000 2004 11 1 29817.5215 A
02128000 2004 11 2 29762.7522 A
02128000 2004 11 3 29761.2046 A
02128000 2004 11 4 29803.4361 A
02128000 2004 11 5 29749.7809 A
02128000 2004 11 6 29749.0640 A
02128000 2004 11 7 29768.5109 A
02128000 2004 11 8 29832.7138 A
02128000 2004 11 9 29775.7512 A
02128000 2004 11 10 29755.5110 A
02128000 2004 11 11 29767.5142 A
02128000 2004 11 12 29760.8989 A
02128000 2004 11 13 29767.5694 A
02128000 2004 11 14 29795.6818 A
02128000 2004 11 15 29770.6135 A
02128000 2004 11 16 29766.6461 A
02128000 2004 11 17 29738.7617 A
02128000 2004 11 18 29756.0151 A
02128000 2004 11 19 29768.6753 A
02128000 2004 11 20 29761.5874 A
02128000 2004 11 21 29782.5130 A
02128000 2004 11 22 29731.0847 A
02128000 2004 11 23 29732.4755 A
02128000 2004 11 24 29734.0879 A
02128000 2004 11 25 29786.8114 A
02128000 2004 11 26 29721.3702 A
02128000 2004 11 27 29898.8422 A
02128000 2004 11 28 29793.6239 A
02128000 2004 11 29 29794.8517 A
02128000 2004 11 30 29810.0570 A
02128000 2004 12 1 29772.0172 A
02128000 2004 12 2 29781.7947 A
02128000 2004 12 3 29775.3530 A
02128000 2004 12 4 29772.9018 A
02128000 2004 12 5 29757.8734 A
02128000 2004 12 6 29805.9493 A
02128000 2004 12 7 29760.6937 A
02128000 2004 12 8 29797.4934 A
02128000 2004 12 9 29749.5295 A
02128000 2004 12 10 29760.6713 A
02128000 2004 12 11 29858.6509 A
02128000 2004 12 12 29778.5008 A
02128000 2004 12 13 29787.2445 A
02128000 2004 12 14 29746.9840 A
02128000 2004 12 15 29831.3234 A
02128000 2004 12 16 29854.0179 A
02128000 2004 12 17 29773.5818 A
02128000 2004 12 18 29773.7729 A
02128000 2004 12 19 29749.5401 A
02128000 2004 12 20 29812.6737 A
02128000 2004 12 21 29765.0154 A
02128000 2004 12 22 29812.1454 A
02128000 2004 12 23 29809.8018 A
02128000 2004 12 24 29780.4797 A
02128000 2004 12 25 29741.4355 A
02128000 2004 12 26 29776.4265 A
02128000 2004 12 27 29849.4238 A
02128000 2004 12 28 29810.9737 A
02128000 2004 12 29 29860.7034 A
02128000 2004 12 30 29784.2412 A
02128000 2004 12 31 29934.4876 A
02128000 2005 1 1 29808.6309 A
02128000 2005 1 2 29860.3745 A
02128000 2005 1 3 29790.7138 A
02128000 2005 1 4 29864.7396 A
02128000 2005 1 5 29820.9592 A
02128000 2005 1 6 29828.7799 A
02128000 2005 1 7 30076.3385 A
02128000 2005 1 8 29921.3800 A
02128000 2005 1 9 29909.8345 A
02128000 2005 1 10 29863.3538 A
02128000 2005 1 11 29869.1978 A
02128000 2005 1 12 29966.1100 A
02128000 2005 1 13 29870.1177 A
02128000 2005 1 14 30164.4580 A
02128000 2005 1 15 29935.8649 A
02128000 2005 1 16 29993.0471 A
02128000 2005 1 17 29945.8461 A
02128000 2005 1 18 29978.1802 A
02128000 2005 1 19 29952.9409 A
02128000 2005 1 20 29965.3094 A
02128000 2005 1 21 30140.5171 A
02128000 2005 1 22 29987.7019 A
02128000 2005 1 23 30079.9279 A
02128000 2005 1 24 30016.8194 A
02128000 2005 1 25 30017.3825 A
02128000 2005 1 26 29981.9969 A
02128000 2005 1 27 29975.3885 A
02128000 2005 1 28 29978.3125 A
02128000 2005 1 29 29950.9490 A
02128000 2005 1 30 30093.5522 A
02128000 2005 1 31 29994.6186 A
02128000 2005 2 1 30042.4573 A
02128000 2005 2 2 29982.1208 A
02128000 2005 2 3 30240.9781 A
02128000 2005 2 4 30106.5867 A
02128000 2005 2 5 30101.5817 A
02128000 2005 2 6 30113.2941 A
02128000 2005 2 7 30055.7174 A
02128000 2005 2 8 30065.8980 A
02128000 2005 2 9 30134.1970 A
02128000 2005 2 10 30058.2242 A
02128000 2005 2 11 30121.3437 A
02128000 2005 2 12 30318.2974 A
02128000 2005 2 13 30164.2719 A
02128000 2005 2 14 30085.9330 A
02128000 2005 2 15 30094.4782 A
02128000 2005 2 16 30117.8789 A
02128000 2005 2 17 30134.1803 A
02128000 2005 2 18 30141.3996 A
02128000 2005 2 19 30180.3757 A
02128000 2005 2 20 30133.9117 A
02128000 2005 2 21 30154.1657 A
02128000 2005 2 22 30164.4277 A
02128000 2005 2 23 30121.8690 A
02128000 2005 2 24 30136.6695 A
02128000 2005 2 25 30188.9024 A
02128000 2005 2 26 30139.4333 A
02128000 2005 2 27 30240.3972 A
02128000 2005 2 28 30283.1603 A
02128000 2005 3 1 30148.1159 A
02128000 2005 3 2 30201.7262 A
02128000 2005 3 3 30156.9209 A
02128000 2005 3 4 30190.1537 A
02128000 2005 3 5 30196.6302 A
02128000 2005 3 6 30179.4062 A
02128000 2005 3 7 30203.2214 A
02128000 2005 3 8 30201.0252 A
02128000 2005 3 9 30191.9550 A
02128000 2005 3 10 30255.1073 A
02128000 2005 3 11 30296.0665 A
02128000 2005 3 12 30323.5124 A
02128000 2005 3 13 30268.3459 A
02128000 2005 3 14 30270.7540 A
02128000 2005 3 15 30298.5572 A
02128000 2005 3 16 30344.1957 A
02128000 2005 3 17 30302.5423 A
02128000 2005 3 18 30316.6006 A
02128000 2005 3 19 30309.4698 A
02128000 2005 3 20 30325.2940 A
02128000 2005 3 21 30442.9910 A
02128000 2005 3 22 30434.9812 A
02128000 2005 3 23 30642.3256 A
02128000 2005 3 24 30452.5771 A
02128000 2005 3 25 30446.6950 A
02128000 2005 3 26 30658.8983 A
02128000 2005 3 27 30693.6817 A
02128000 2005 3 28 30518.6540 A
02128000 2005 3 29 30458.7148 A
02128000 2005 3 30 30570.7591 A
02128000 2005 3 31 30622.9670 A
02128000 2005 4 1 30521.9940 A
02128000 2005 4 2 30643.3056 A
02128000 2005 4 3 30549.4965 A
02128000 2005 4 4 30572.8478 A
02128000 2005 4 5 30608.1406 A
02128000 2005 4 6 30545.0663 A
02128000 2005 4 7 30739.0011 A
02128000 2005 4 8 30594.6251 A
02128000 2005 4 9 30607.4099 A
02128000 2005 4 10 30639.4889 A
02128000 2005 4 11 30591.4190 A
02128000 2005 4 12 30635.0525 A
02128000 2005 4 13 30632.1194 A
02128000 2005 4 14 30621.1668 A
02128000 2005 4 15 30699.9432 A
02128000 2005 4 16 30621.8749 A
02128000 2005 4 17 30638.2081 A
02128000 2005 4 18 30648.6445 A
02128000 2005 4 19 30691.0181 A
02128000 2005 4 20 30673.3480 A
02128000 2005 4 21 30721.0290 A
02128000 2005 4 22 30677.6034 A
02128000 2005 4 23 30680.7417 A
02128000 2005 4 24 30667.4122 A
02128000 2005 4 25 30679.8039 A
02128000 2005 4 26 30727.8850 A
02128000 2005 4 27 30664.6566 A
02128000 2005 4 28 30944.9965 A
02128000 2005 4 29 30802.8407 A
02128000 2005 4 30 30729.2896 A
02128000 2005 5 1 30754.7476 A
02128000 2005 5 2 30752.5634 A
02128000 2005 5 3 30838.3640 A
02128000 2005 5 4 30803.8485 A
02128000 2005 5 5 31005.4634 A
02128000 2005 5 6 30821.3156 A
02128000 2005 5 7 30895.3362 A
02128000 2005 5 8 30878.3580 A
02128000 2005 5 9 30836.6207 A
02128000 2005 5 10 30866.8734 A
02128000 2005 5 11 30812.8368 A
02128000 2005 5 12 31147.3621 A
02128000 2005 5 13 31164.4790 A
02128000 2005 5 14 31063.7157 A
02128000 2005 5 15 31227.1186 A
02128000 2005 5 16 31070.4557 A
02128000 2005 5 17 31018.1188 A
02128000 2005 5 18 31043.5397 A
02128000 2005 5 19 31019.1624 A
02128000 2005 5 20 31309.0642 A
02128000 2005 5 21 31086.3461 A
02128000 2005 5 22 31271.4215 A
02128000 2005 5 23 31091.0849 A
02128000 2005 5 24 31188.0432 A
02128000 2005 5 25 31135.5300 A
02128000 2005 5 26 31126.0952 A
02128000 2005 5 27 31231.4638 A
02128000 2005 5 28 31188.7427 A
02128000 2005 5 29 31295.3759 A
02128000 2005 5 30 31212.9206 A
02128000 2005 5 31 31414.0955 A
02128000 2005 6 1 31266.4344 A
02128000 2005 6 2 31334.5407 A
02128000 2005 6 3 31234.2777 A
02128000 2005 6 4 31294.5939 A
02128000 2005 6 5 31246.0734 A
02128000 2005 6 6 31390.7350 A
02128000 2005 6 7 31306.5561 A
02128000 2005 6 8 31396.8989 A
02128000 2005 6 9 31470.1647 A
02128000 2005 6 10 31387.4261 A
02128000 2005 6 11 31351.1953 A
02128000 2005 6 12 31568.1003 A
02128000 2005 6 13 31351.5460 A
02128000 2005 6 14 31530.4375 A
02128000 2005 6 15 31542.4783 A
02128000 2005 6 16 31632.3614 A
02128000 2005 6 17 31450.1259 A
02128000 2005 6 18 31457.3483 A
02128000 2005 6 19 31578.4361 A
02128000 2005 6 20 31681.4679 A
02128000 2005 6 21 31592.2152 A
02128000 2005 6 22 31636.4465 A
02128000 2005 6 23 31594.6884 A
02128000 2005 6 24 31849.8903 A
02128000 2005 6 25 31709.4659 A
02128000 2005 6 26 31651.3381 A
02128000 2005 6 27 31716.8904 A
02128000 2005 6 28 31953.9101 A
02128000 2005 6 29 31753.6636 A
02128000 2005 6 30 32209.9925 A
02128000 2005 7 1 31821.7288 A
02128000 2005 7 2 31857.6961 A
02128000 2005 7 3 31859.0745 A
02128000 2005 7 4 31865.7624 A
02128000 2005 7 5 31867.0392 A
02128000 2005 7 6 31932.8056 A
02128000 2005 7 7 31886.0569 A
02128000 2005 7 8 31833.8678 A
02128000 2005 7 9 31958.8290 A
02128000 2005 7 10 32017.8935 A
02128000 2005 7 11 31903.3257 A
02128000 2005 7 12 31918.4957 A
02128000 2005 7 13 31865.0508 A
02128000 2005 7 14 31876.6156 A
02128000 2005 7 15 32061.1073 A
02128000 2005 7 16 31976.1455 A
02128000 2005 7 17 32065.7921 A
02128000 2005 7 18 31960.8663 A
02128000 2005 7 19 31975.2040 A
02128000 2005 7 20 31991.9099 A
02128000 2005 7 21 31969.2818 A
02128000 2005 7 22 32033.5733 A
02128000 2005 7 23 31969.3234 A
02128000 2005 7 24 31970.5274 A
02128000 2005 7 25 31979.1245 A
02128000 2005 7 26 32169.9844 A
02128000 2005 7 27 32150.5182 A
02128000 2005 7 28 32037.4451 A
02128000 2005 7 29 32210.3708 A
02128000 2005 7 30 32081.8277 A
02128000 2005 7 31 32053.5260 A
02128000 2005 8 1 32036.1421 A
02128000 2005 8 2 32103.4165 A
02128000 2005 8 3 32146.4076 A
02128000 2005 8 4 32207.5805 A
02128000 2005 8 5 32202.7076 A
02128000 2005 8 6 32715.7327 A
02128000 2005 8 7 32221.7439 A
02128000 2005 8 8 32238.4063 A
02128000 2005 8 9 32316.6732 A
02128000 2005 8 10 32280.9947 A
02128000 2005 8 11 32364.6183 A
02128000 2005 8 12 32455.3830 A
02128000 2005 8 13 32288.7956 A
02128000 2005 8 14 32320.3578 A
02128000 2005 8 15 32305.7903 A
02128000 2005 8 16 32292.9064 A
02128000 2005 8 17 32320.2455 A
02128000 2005 8 18 32313.7712 A
02128000 2005 8 19 32313.3688 A
02128000 2005 8 20 32351.4862 A
02128000 2005 8 21 32358.3295 A
02128000 2005 8 22 32369.3554 A
02128000 2005 8 23 32510.1321 A
02128000 2005 8 24 32355.0415 A
02128000 2005 8 25 32627.6936 A
02128000 2005 8 26 32455.2293 A
02128000 2005 8 27 32483.7195 A
02128000 2005 8 28 32414.1381 A
02128000 2005 8 29 32450.1190 A
02128000 2005 8 30 32532.0579 A
02128000 2005 8 31 32514.3103 A
02128000 2005 9 1 32547.0649 A
02128000 2005 9 2 32530.9840 A
02128000 2005 9 3 32469.0620 A
02128000 2005 9 4 32529.8272 A
02128000 2005 9 5 32531.8773 A
02128000 2005 9 6 32478.5389 A
02128000 2005 9 7 32473.3013 A
02128000 2005 9 8 32486.7899 A
02128000 2005 9 9 32484.8255 A
02128000 2005 9 10 32652.0828 A
02128000 2005 9 11 32612.5111 A
02128000 2005 9 12 32556.7794 A
02128000 2005 9 13 32548.3403 A
02128000 2005 9 14 32533.8607 A
02128000 2005 9 15 32625.0888 A
02128000 2005 9 16 32555.2556 A
02128000 2005 9 17 32560.4199 A
02128000 2005 9 18 32505.7520 A
02128000 2005 9 19 32598.8605 A
02128000 2005 9 20 32538.6727 A
02128000 2005 9 21 32521.5135 A
02128000 2005 9 22 32539.3103 A
02128000 2005 9 23 32536.8690 A
02128000 2005 9 24 32655.7986 A
02128000 2005 9 25 32610.7578 A
02128000 2005 9 26 32567.2581 A
02128000 2005 9 27 32609.0956 A
02128000 2005 9 28 32582.3783 A
02128000 2005 9 29 32593.1900 A
02128000 2005 9 30 32581.5420 A
02128000 2005 10 1 32570.9602 A
02128000 2005 10 2 32593.5396 A
02128000 2005 10 3 32685.8724 A
02128000 2005 10 4 32594.4027 A
02128000 2005 10 5 32589.2459 A
02128000 2005 10 6 32579.5303 A
02128000 2005 10 7 32599.8837 A
02128000 2005 10 8 32627.4316 A
02128000 2005 10 9 32602.1133 A
02128000 2005 10 10 32628.9302 A
02128000 2005 10 11 32547.7381 A
02128000 2005 10 12 32583.9945 A
02128000 2005 10 13 32600.8639 A
02128000 2005 10 14 32594.9090 A
02128000 2005 10 15 32650.3048 A
02128000 2005 10 16 32633.3641 A
02128000 2005 10 17 32613.4638 A
02128000 2005 10 18 32603.4894 A
02128000 2005 10 19 32701.7380 A
02128000 2005 10 20 32609.4114 A
02128000 2005 10 21 32636.6337 A
02128000 2005 10 22 32617.9968 A
02128000 2005 10 23 32621.2115 A
02128000 2005 10 24 32616.0311 A
02128000 2005 10 25 32624.6915 A
02128000 2005 10 26 32572.2233 A
02128000 2005 10 27 32583.9486 A
02128000 2005 10 28 32577.6683 A
02128000 2005 10 29 32593.4566 A
02128000 2005 10 30 32575.9700 A
02128000 2005 10 31 32618.9406 A
02128000 2005 11 1 32604.8364 A
02128000 2005 11 2 32633.3705 A
02128000 2005 11 3 32618.5958 A
02128000 2005 11 4 32659.8407 A
02128000 2005 11 5 32594.2523 A
02128000 2005 11 6 32577.3162 A
02128000 2005 11 7 32570.7545 A
02128000 2005 11 8 32616.8195 A
02128000 2005 11 9 32620.8737 A
02128000 2005 11 10 32586.5831 A
02128000 2005 11 11 32589.9173 A
02128000 2005 11 12 32607.5076 A
02128000 2005 11 13 32584.3625 A
02128000 2005 11 14 32584.8392 A
02128000 2005 11 15 32561.2242 A
02128000 2005 11 16 32612.5833 A
02128000 2005 11 17 32591.7669 A
02128000 2005 11 18 32593.9197 A
02128000 2005 11 19 32580.9687 A
02128000 2005 11 20 32756.1710 A
02128000 2005 11 21 32624.6116 A
02128000 2005 11 22 32611.9326 A
02128000 2005 11 23 32604.9438 A
02128000 2005 11 24 32617.0890 A
02128000 2005 11 25 32593.9920 A
02128000 2005 11 26 32622.7049 A
02128000 2005 11 27 32630.1480 A
02128000 2005 11 28 32598.9811 A
02128000 2005 11 29 32577.9259 A
02128000 2005 11 30 32591.2097 A
02128000 2005 12 1 32575.3074 A
02128000 2005 12 2 32570.9852 A
02128000 2005 12 3 32564.4378 A
02128000 2005 12 4 32583.0103 A
02128000 2005 12 5 32585.9217 A
02128000 2005 12 6 32661.1276 A
02128000 2005 12 7 32706.8926 A
02128000 2005 12 8 32605.3156 A
02128000 2005 12 9 32600.4089 A
02128000 2005 12 10 32675.6422 A
02128000 2005 12 11 32618.1061 A
02128000 2005 12 12 32625.1256 A
02128000 2005 12 13 32620.5794 A
02128000 2005 12 14 32597.0570 A
02128000 2005 12 15 32605.8026 A
02128000 2005 12 16 32662.5538 A
02128000 2005 12 17 32584.2160 A
02128000 2005 12 18 32616.6139 A
02128000 2005 12 19 32661.4050 A
02128000 2005 12 20 32678.7606 A
02128000 2005 12 21 32622.6224 A
02128000 2005 12 22 32672.3153 A
02128000 2005 12 23 32667.3817 A
02128000 2005 12 24 32652.2341 A
02128000 2005 12 25 32688.8027 A
02128000 2005 12 26 32604.7533 A
02128000 2005 12 27 32649.6962 A
02128000 2005 12 28 32635.0253 A
02128000 2005 12 29 32655.3314 A
02128000 2005 12 30 32664.6297 A
02128000 2005 12 31 32626.0258 A
02128000 2006 1 1 32619.4059 A
02128000 2006 1 2 32643.4906 A
02128000 2006 1 3 32697.3404 A
02128000 2006 1 4 32632.7957 A
02128000 2006 1 5 32636.7461 A
02128000 2006 1 6 32733.9912 A
02128000 2006 1 7 32648.5975 A
02128000 2006 1 8 32617.5231 A
02128000 2006 1 9 32692.2684 A
02128000 2006 1 10 32721.8056 A
02128000 2006 1 11 32685.3843 A
02128000 2006 1 12 32681.7402 A
02128000 2006 1 13 32707.8910 A
02128000 2006 1 14 32713.5390 A
02128000 2006 1 15 32724.1425 A
02128000 2006 1 16 32680.8033 A
02128000 2006 1 17 32705.7958 A
02128000 2006 1 18 32772.2173 A
02128000 2006 1 19 32660.9919 A
02128000 2006 1 20 32737.5918 A
02128000 2006 1 21 32714.6325 A
02128000 2006 1 22 32792.0612 A
02128000 2006 1 23 32817.0297 A
02128000 2006 1 24 32760.5329 A
02128000 2006 1 25 32748.8004 A
02128000 2006 1 26 32760.9034 A
02128000 2006 1 27 32774.7116 A
02128000 2006 1 28 32811.1303 A
02128000 2006 1 29 32751.4904 A
02128000 2006 1 30 32746.0190 A
02128000 2006 1 31 32861.4563 A
02128000 2006 2 1 32742.7198 A
02128000 2006 2 2 32780.3985 A
02128000 2006 2 3 32780.5866 A
02128000 2006 2 4 32794.1579 A
02128000 2006 2 5 32797.8367 A
02128000 2006 2 6 32792.8351 A
02128000 2006 2 7 32769.0167 A
02128000 2006 2 8 32763.3187 A
02128000 2006 2 9 32752.8357 A
02128000 2006 2 10 32823.5250 A
02128000 2006 2 11 32856.8907 A
02128000 2006 2 12 32889.9478 A
02128000 2006 2 13 32896.2471 A
02128000 2006 2 14 32830.9034 A
02128000 2006 2 15 32807.0855 A
02128000 2006 2 16 32805.0937 A
02128000 2006 2 17 32936.7841 A
02128000 2006 2 18 32818.9363 A
02128000 2006 2 19 32851.9830 A
02128000 2006 2 20 32969.3108 A
02128000 2006 2 21 32863.9432 A
02128000 2006 2 22 32889.0117 A
02128000 2006 2 23 32884.9764 A
02128000 2006 2 24 32960.0623 A
02128000 2006 2 25 32904.0331 A
02128000 2006 2 26 32878.5883 A
02128000 2006 2 27 32848.6867 A
02128000 2006 2 28 33089.0508 A
02128000 2006 3 1 32900.2799 A
02128000 2006 3 2 32959.5229 A
02128000 2006 3 3 33063.2358 A
02128000 2006 3 4 32923.9115 A
02128000 2006 3 5 32971.7486 A
02128000 2006 3 6 33006.6225 A
02128000 2006 3 7 32946.5675 A
02128000 2006 3 8 32940.2078 A
02128000 2006 3 9 33030.5485 A
02128000 2006 3 10 32952.8073 A
02128000 2006 3 11 33070.3973 A
02128000 2006 3 12 33010.1464 A
02128000 2006 3 13 33017.0476 A
02128000 2006 3 14 33025.5935 A
02128000 2006 3 15 32991.9353 A
02128000 2006 3 16 33128.3134 A
02128000 2006 3 17 32998.2977 A
02128000 2006 3 18 33109.8583 A
02128000 2006 3 19 33054.3848 A
02128000 2006 3 20 33245.7546 A
02128000 2006 3 21 33046.5368 A
02128000 2006 3 22 33058.9352 A
02128000 2006 3 23 33048.9955 A
02128000 2006 3 24 33066.7415 A
02128000 2006 3 25 33128.2488 A
02128000 2006 3 26 33076.0273 A
02128000 2006 3 27 33425.5849 A
02128000 2006 3 28 33208.7873 A
02128000 2006 3 29 33265.6236 A
02128000 2006 3 30 33165.7305 A
02128000 2006 3 31 33477.8126 A
02128000 2006 4 1 33251.4196 A
02128000 2006 4 2 33228.0622 A
02128000 2006 4 3 33224.5306 A
02128000 2006 4 4 33250.2101 A
02128000 2006 4 5 33273.3909 A
02128000 2006 4 6 33207.4906 A
02128000 2006 4 7 33370.9489 A
02128000 2006 4 8 33340.3727 A
02128000 2006 4 9 33382.6735 A
02128000 2006 4 10 33292.1258 A
02128000 2006 4 11 33454.8193 A
02128000 2006 4 12 33318.9021 A
02128000 2006 4 13 33348.3675 A
02128000 2006 4 14 33361.6479 A
02128000 2006 4 15 33324.8456 A
02128000 2006 4 16 33386.1932 A
02128000 2006 4 17 33371.1965 A
02128000 2006 4 18 33438.9539 A
02128000 2006 4 19 33352.5123 A
02128000 2006 4 20 33412.9910 A
02128000 2006 4 21 33418.5107 A
02128000 2006 4 22 33454.7371 A
02128000 2006 4 23 33704.1958 A
02128000 2006 4 24 33708.0335 A
02128000 2006 4 25 33607.4534 A
02128000 2006 4 26 33592.6581 A
02128000 2006 4 27 33625.6429 A
02128000 2006 4 28 33537.7021 A
02128000 2006 4 29 33520.6912 A
02128000 2006 4 30 33588.4625 A
02128000 2006 5 1 33549.3200 A
02128000 2006 5 2 33639.7969 A
02128000 2006 5 3 33738.3885 A
02128000 2006 5 4 33622.8203 A
02128000 2006 5 5 33592.7842 A
02128000 2006 5 6 33766.8786 A
02128000 2006 5 7 33911.2473 A
02128000 2006 5 8 33958.0152 A
02128000 2006 5 9 34012.4571 A
02128000 2006 5 10 34033.1383 A
02128000 2006 5 11 33865.4186 A
02128000 2006 5 12 33898.7984 A
02128000 2006 5 13 33854.7347 A
02128000 2006 5 14 34154.3394 A
02128000 2006 5 15 33913.9127 A
02128000 2006 5 16 33906.8836 A
02128000 2006 5 17 33883.5265 A
02128000 2006 5 18 33882.8305 A
02128000 2006 5 19 34002.8768 A
02128000 2006 5 20 33957.1797 A
02128000 2006 5 21 33972.4869 A
02128000 2006 5 22 33888.5861 A
02128000 2006 5 23 33933.8840 A
02128000 2006 5 24 33951.8195 A
02128000 2006 5 25 33905.6116 A
02128000 2006 5 26 34075.3049 A
02128000 2006 5 27 34022.3547 A
02128000 2006 5 28 34104.6330 A
02128000 2006 5 29 34115.7488 A
02128000 2006 5 30 34058.6067 A
02128000 2006 5 31 34237.5292 A
02128000 2006 6 1 34093.4339 A
02128000 2006 6 2 34071.1807 A
02128000 2006 6 3 34054.5355 A
02128000 2006 6 4 34191.3212 A
02128000 2006 6 5 34230.9262 A
02128000 2006 6 6 34192.1538 A
02128000 2006 6 7 34149.1230 A
02128000 2006 6 8 34329.3877 A
02128000 2006 6 9 34176.2530 A
02128000 2006 6 10 34317.2342 A
02128000 2006 6 11 34329.7034 A
02128000 2006 6 12 34228.0080 A
02128000 2006 6 13 34329.5060 A
02128000 2006 6 14 34275.5751 A
02128000 2006 6 15 34822.0437 A
02128000 2006 6 16 34489.8068 A
02128000 2006 6 17 34399.2683 A
02128000 2006 6 18 34374.8079 A
02128000 2006 6 19 34647.3468 A
02128000 2006 6 20 34647.9967 A
02128000 2006 6 21 34639.2869 A
02128000 2006 6 22 34570.8568 A
02128000 2006 6 23 34602.3590 A
02128000 2006 6 24 34547.7841 A
02128000 2006 6 25 34620.1806 A
02128000 2006 6 26 34576.6855 A
02128000 2006 6 27 34575.9281 A
02128000 2006 6 28 34709.1387 A
02128000 2006 6 29 34573.0413 A
02128000 2006 6 30 34620.5591 A
02128000 2006 7 1 34676.4183 A
02128000 2006 7 2 34610.2427 A
02128000 2006 7 3 34793.4318 A
02128000 2006 7 4 34772.0908 A
02128000 2006 7 5 34733.0346 A
02128000 2006 7 6 34787.9863 A
02128000 2006 7 7 34700.6056 A
02128000 2006 7 8 34753.2296 A
02128000 2006 7 9 34798.1156 A
02128000 2006 7 10 34726.3598 A
02128000 2006 7 11 34743.2497 A
02128000 2006 7 12 34712.4703 A
02128000 2006 7 13 34807.8283 A
02128000 2006 7 14 34833.7074 A
02128000 2006 7 15 34728.0180 A
02128000 2006 7 16 34807.5936 A
02128000 2006 7 17 34775.9073 A
02128000 2006 7 18 34931.0435 A
02128000 2006 7 19 34935.1738 A
02128000 2006 7 20 35038.1552 A
02128000 2006 7 21 34881.2669 A
02128000 2006 7 22 34926.0288 A
02128000 2006 7 23 34992.8483 A
02128000 2006 7 24 34962.5346 A
02128000 2006 7 25 35012.6046 A
02128000 2006 7 26 34905.3907 A
02128000 2006 7 27 35145.3738 A
02128000 2006 7 28 35143.9239 A
02128000 2006 7 29 35000.8479 A
02128000 2006 7 30 35048.1273 A
02128000 2006 7 31 35127.6730 A
02128000 2006 8 1 35033.2715 A
02128000 2006 8 2 35013.6356 A
02128000 2006 8 3 35047.9257 A
02128000 2006 8 4 35058.9894 A
02128000 2006 8 5 35018.1670 A
02128000 2006 8 6 35011.5223 A
02128000 2006 8 7 35020.8744 A
02128000 2006 8 8 35027.9986 A
02128000 2006 8 9 35117.4483 A
02128000 2006 8 10 35025.2384 A
02128000 2006 8 11 35058.6420 A
02128000 2006 8 12 35136.1534 A
02128000 2006 8 13 35063.4046 A
02128000 2006 8 14 35069.3258 A
02128000 2006 8 15 35090.6615 A
02128000 2006 8 16 35179.7627 A
02128000 2006 8 17 35073.8593 A
02128000 2006 8 18 35057.3536 A
02128000 2006 8 19 35249.9292 A
02128000 2006 8 20 35248.8576 A
02128000 2006 8 21 35210.1366 A
02128000 2006 8 22 35112.6133 A
02128000 2006 8 23 35283.0002 A
02128000 2006 8 24 35128.4354 A
02128000 2006 8 25 35176.1538 A
02128000 2006 8 26 35169.5487 A
02128000 2006 8 27 35131.8225 A
02128000 2006 8 28 35178.7741 A
02128000 2006 8 29 35217.3085 A
02128000 2006 8 30 35341.4728 A
02128000 2006 8 31 35279.2755 A
02128000 2006 9 1 35259.0954 A
02128000 2006 9 2 35211.8313 A
02128000 2006 9 3 35213.2752 A
02128000 2006 9 4 35219.7700 A
02128000 2006 9 5 35266.2390 A
02128000 2006 9 6 35284.1005 A
02128000 2006 9 7 35318.1134 A
02128000 2006 9 8 35453.5895 A
02128000 2006 9 9 35272.3604 A
02128000 2006 9 10 35298.4641 A
02128000 2006 9 11 35270.1558 A
02128000 2006 9 12 35439.0554 A
02128000 2006 9 13 35456.8888 A
02128000 2006 9 14 35372.3046 A
02128000 2006 9 15 35331.9682 A
02128000 2006 9 16 35437.8257 A
02128000 2006 9 17 35359.7224 A
02128000 2006 9 18 35494.3962 A
02128000 2006 9 19 35366.9725 A
02128000 2006 9 20 35382.8170 A
02128000 2006 9 21 35386.6646 A
02128000 2006 9 22 35360.6086 A
02128000 2006 9 23 35386.3087 A
02128000 2006 9 24 35420.2739 A
02128000 2006 9 25 35442.9982 A
02128000 2006 9 26 35397.9987 A
02128000 2006 9 27 35388.0748 A
02128000 2006 9 28 35428.6421 A
02128000 2006 9 29 35444.5893 A
02128000 2006 9 30 35400.9159 A
02128000 2006 10 1 35472.2142 A
02128000 2006 10 2 35425.0908 A
02128000 2006 10 3 35383.8964 A
02128000 2006 10 4 35420.5740 A
02128000 2006 10 5 35431.3401 A
02128000 2006 10 6 35381.8686 A
02128000 2006 10 7 35494.9201 A
02128000 2006 10 8 35438.4062 A
02128000 2006 10 9 35453.5258 A
02128000 2006 10 10 35471.6540 A
02128000 2006 10 11 35435.6993 A
02128000 2006 10 12 35426.8094 A
02128000 2006 10 13 35413.0051 A
02128000 2006 10 14 35444.5639 A
02128000 2006 10 15 35418.6628 A
02128000 2006 10 16 35413.3329 A
02128000 2006 10 17 35467.9944 A
02128000 2006 10 18 35415.7124 A
02128000 2006 10 19 35442.4570 A
02128000 2006 10 20 35424.0856 A
02128000 2006 10 21 35403.8834 A
02128000 2006 10 22 35452.0976 A
02128000 2006 10 23 35416.5999 A
02128000 2006 10 24 35425.6713 A
02128000 2006 10 25 35456.1429 A
02128000 2006 10 26 35461.7623 A
02128000 2006 10 27 35519.7301 A
02128000 2006 10 28 35442.3790 A
02128000 2006 10 29 35437.6174 A
02128000 2006 10 30 35419.8781 A
02128000 2006 10 31 35516.8898 A
02128000 2006 11 1 35422.4623 A
02128000 2006 11 2 35451.9230 A
02128000 2006 11 3 35470.0757 A
02128000 2006 11 4 35447.6080 A
02128000 2006 11 5 35428.9388 A
02128000 2006 11 6 35409.2490 A
02128000 2006 11 7 35433.9251 A
02128000 2006 11 8 35465.4807 A
02128000 2006 11 9 35442.0708 A
02128000 2006 11 10 35463.9904 A
02128000 2006 11 11 35436.6059 A
02128000 2006 11 12 35434.2006 A
02128000 2006 11 13 35444.2028 A
02128000 2006 11 14 35445.0247 A
02128000 2006 11 15 35437.1789 A
02128000 2006 11 16 35444.6039 A
02128000 2006 11 17 35431.0080 A
02128000 2006 11 18 35419.7694 A
02128000 2006 11 19 35446.4650 A
02128000 2006 11 20 35430.9052 A
02128000 2006 11 21 35415.6685 A
02128000 2006 11 22 35417.1456 A
02128000 2006 11 23 35411.0054 A
02128000 2006 11 24 35433.3640 A
02128000 2006 11 25 35427.3345 A
02128000 2006 11 26 35415.1093 A
02128000 2006 11 27 35398.5454 A
02128000 2006 11 28 35387.5788 A
02128000 2006 11 29 35398.6464 A
02128000 2006 11 30 35391.0990 A
02128000 2006 12 1 35377.2087 A
02128000 2006 12 2 35397.3438 A
02128000 2006 12 3 35360.1474 A
02128000 2006 12 4 35382.0722 A
02128000 2006 12 5 35376.7810 A
02128000 2006 12 6 35474.6653 A
02128000 2006 12 7 35511.8035 A
02128000 2006 12 8 35447.8024 A
02128000 2006 12 9 35463.8041 A
02128000 2006 12 10 35429.6693 A
02128000 2006 12 11 35438.4749 A
02128000 2006 12 12 35481.0581 A
02128000 2006 12 13 35441.5321 A
02128000 2006 12 14 35449.6507 A
02128000 2006 12 15 35511.5255 A
02128000 2006 12 16 35456.7815 A
02128000 2006 12 17 35471.9785 A
02128000 2006 12 18 35471.7808 A
02128000 2006 12 19 35457.0638 A
02128000 2006 12 20 35482.6509 A
02128000 2006 12 21 35443.7723 A
02128000 2006 12 22 35531.0526 A
02128000 2006 12 23 35451.3473 A
02128000 2006 12 24 35456.9150 A
02128000 2006 12 25 35446.0539 A
02128000 2006 12 26 35447.6483 A
02128000 2006 12 27 35454.3414 A
02128000 2006 12 28 35458.5808 A
02128000 2006 12 29 35447.7721 A
02128000 2006 12 30 35448.5446 A
02128000 2006 12 31 35463.9600 A
02128000 2007 1 1 35481.1436 A
02128000 2007 1 2 35462.3087 A
02128000 2007 1 3 35456.8510 A
02128000 2007 1 4 35430.3824 A
02128000 2007 1 5 35452.8180 A
02128000 2007 1 6 35518.6937 A
02128000 2007 1 7 35468.7019 A
02128000 2007 1 8 35460.6034 A
02128000 2007 1 9 35458.4390 A
02128000 2007 1 10 35479.0312 A
02128000 2007 1 11 35573.5071 A
02128000 2007 1 12 35508.9947 A
02128000 2007 1 13 35469.4997 A
02128000 2007 1 14 35478.0245 A
02128000 2007 1 15 35510.8216 A
02128000 2007 1 16 35557.3820 A
02128000 2007 1 17 35467.1219 A
02128000 2007 1 18 35467.0542 A
02128000 2007 1 19 35469.4308 A
02128000 2007 1 20 35443.5544 A
02128000 2007 1 21 35479.5768 A
02128000 2007 1 22 35450.7204 A
02128000 2007 1 23 35442.3155 A
02128000 2007 1 24 35621.7144 A
02128000 2007 1 25 35648.4844 A
02128000 2007 1 26 35525.5439 A
02128000 2007 1 27 35576.0118 A
02128000 2007 1 28 35617.2081 A
02128000 2007 1 29 35652.7337 A
02128000 2007 1 30 35635.6021 A
02128000 2007 1 31 35657.4256 A
02128000 2007 2 1 35605.0048 A
02128000 2007 2 2 35570.5606 A
02128000 2007 2 3 35644.7333 A
02128000 2007 2 4 35747.8013 A
02128000 2007 2 5 35630.3592 A
02128000 2007 2 6 35616.6664 A
02128000 2007 2 7 35626.8395 A
02128000 2007 2 8 35686.7979 A
02128000 2007 2 9 35685.3355 A
02128000 2007 2 10 35726.8571 A
02128000 2007 2 11 35649.3277 A
02128000 2007 2 12 35737.8915 A
02128000 2007 2 13 35693.8173 A
02128000 2007 2 14 35744.6525 A
02128000 2007 2 15 35730.4903 A
02128000 2007 2 16 35728.5001 A
02128000 2007 2 17 35689.0054 A
02128000 2007 2 18 35735.7988 A
02128000 2007 2 19 35762.4132 A
02128000 2007 2 20 35717.2686 A
02128000 2007 2 21 35729.9826 A
02128000 2007 2 22 35786.2136 A
02128000 2007 2 23 35930.3776 A
02128000 2007 2 24 35856.2584 A
02128000 2007 2 25 35772.9254 A
02128000 2007 2 26 35937.8144 A
02128000 2007 2 27 35780.9252 A
02128000 2007 2 28 35832.4246 A
02128000 2007 3 1 35802.1565 A
02128000 2007 3 2 35783.9831 A
02128000 2007 3 3 35872.3304 A
02128000 2007 3 4 35858.7996 A
02128000 2007 3 5 35814.0808 A
02128000 2007 3 6 36010.2516 A
02128000 2007 3 7 35873.6010 A
02128000 2007 3 8 36047.8999 A
02128000 2007 3 9 35887.6972 A
02128000 2007 3 10 35977.1931 A
02128000 2007 3 11 35949.0942 A
02128000 2007 3 12 36050.1602 A
02128000 2007 3 13 35937.4285 A
02128000 2007 3 14 36031.7535 A
02128000 2007 3 15 36042.7792 A
02128000 2007 3 16 35984.4737 A
02128000 2007 3 17 36114.4653 A
02128000 2007 3 18 36375.0796 A
02128000 2007 3 19 36068.9222 A
02128000 2007 3 20 36076.8932 A
02128000 2007 3 21 36150.1988 A
02128000 2007 3 22 36038.7514 A
02128000 2007 3 23 36182.2543 A
02128000 2007 3 24 36172.7860 A
02128000 2007 3 25 36264.2736 A
02128000 2007 3 26 36132.6374 A
02128000 2007 3 27 36441.2344 A
02128000 2007 3 28 36231.9020 A
02128000 2007 3 29 36226.4021 A
02128000 2007 3 30 36246.6036 A
02128000 2007 3 31 36328.7453 A
02128000 2007 4 1 36341.0665 A
02128000 2007 4 2 36233.8984 A
02128000 2007 4 3 36236.7907 A
02128000 2007 4 4 36231.5078 A
02128000 2007 4 5 36301.4027 A
02128000 2007 4 6 36399.0895 A
02128000 2007 4 7 36283.9302 A
02128000 2007 4 8 36365.6143 A
02128000 2007 4 9 36301.3594 A
02128000 2007 4 10 36294.8734 A
02128000 2007 4 11 36364.4040 A
02128000 2007 4 12 36289.3904 A
02128000 2007 4 13 36292.5917 A
02128000 2007 4 14 36307.9711 A
02128000 2007 4 15 36651.9689 A
02128000 2007 4 16 36457.0336 A
02128000 2007 4 17 36609.9098 A
02128000 2007 4 18 36464.8162 A
02128000 2007 4 19 36444.8352 A
02128000 2007 4 20 36446.6190 A
02128000 2007 4 21 36417.0125 A
02128000 2007 4 22 36447.2100 A
02128000 2007 4 23 36411.0802 A
02128000 2007 4 24 36476.3881 A
02128000 2007 4 25 36499.4028 A
02128000 2007 4 26 36432.7518 A
02128000 2007 4 27 36415.2375 A
02128000 2007 4 28 36936.5197 A
02128000 2007 4 29 36594.3205 A
02128000 2007 4 30 36641.4155 A
02128000 2007 5 1 37083.6553 A
02128000 2007 5 2 36663.2562 A
02128000 2007 5 3 36936.9521 A
02128000 2007 5 4 36925.4634 A
02128000 2007 5 5 36776.8463 A
02128000 2007 5 6 36867.4198 A
02128000 2007 5 7 36997.6075 A
02128000 2007 5 8 36869.8857 A
02128000 2007 5 9 36959.0691 A
02128000 2007 5 10 36827.1182 A
02128000 2007 5 11 36942.6799 A
02128000 2007 5 12 36848.0280 A
02128000 2007 5 13 37335.3818 A
02128000 2007 5 14 36996.2512 A
02128000 2007 5 15 37312.8211 A
02128000 2007 5 16 37006.6032 A
02128000 2007 5 17 37077.3568 A
02128000 2007 5 18 37087.2265 A
02128000 2007 5 19 37028.6352 A
02128000 2007 5 20 37093.1300 A
02128000 2007 5 21 36997.7798 A
02128000 2007 5 22 37048.7551 A
02128000 2007 5 23 37192.6045 A
02128000 2007 5 24 37131.8166 A
02128000 2007 5 25 37072.5343 A
02128000 2007 5 26 37112.1287 A
02128000 2007 5 27 37238.0123 A
02128000 2007 5 28 37225.7402 A
02128000 2007 5 29 37216.6649 A
02128000 2007 5 30 37134.3435 A
02128000 2007 5 31 37166.9437 A
02128000 2007 6 1 37180.7213 A
02128000 2007 6 2 37367.1205 A
02128000 2007 6 3 37278.2889 A
02128000 2007 6 4 37220.8581 A
02128000 2007 6 5 37289.6703 A
02128000 2007 6 6 37208.7614 A
02128000 2007 6 7 37275.1668 A
02128000 2007 6 8 37347.0290 A
02128000 2007 6 9 37320.1331 A
02128000 2007 6 10 37606.3581 A
02128000 2007 6 11 37289.7877 A
02128000 2007 6 12 37517.9735 A
02128000 2007 6 13 37364.2342 A
02128000 2007 6 14 37977.6449 A
02128000 2007 6 15 37486.2312 A
02128000 2007 6 16 37455.3042 A
02128000 2007 6 17 37522.7783 A
02128000 2007 6 18 37668.1814 A
02128000 2007 6 19 37527.7021 A
02128000 2007 6 20 37704.6533 A
02128000 2007 6 21 37639.5806 A
02128000 2007 6 22 37622.4916 A
02128000 2007 6 23 37667.3229 A
02128000 2007 6 24 37753.8235 A
02128000 2007 6 25 37699.4418 A
02128000 2007 6 26 37983.5231 A
02128000 2007 6 27 37696.5683 A
02128000 2007 6 28 37899.3440 A
02128000 2007 6 29 37715.4348 A
02128000 2007 6 30 37794.8356 A
02128000 2007 7 1 37809.9800 A
02128000 2007 7 2 37887.6726 A
02128000 2007 7 3 37791.6988 A
02128000 2007 7 4 37778.7403 A
02128000 2007 7 5 38045.1305 A
02128000 2007 7 6 37879.7287 A
02128000 2007 7 7 37893.4640 A
02128000 2007 7 8 38206.1872 A
02128000 2007 7 9 38047.6164 A
02128000 2007 7 10 37977.4180 A
02128000 2007 7 11 38010.9887 A
02128000 2007 7 12 37984.9825 A
02128000 2007 7 13 38012.6425 A
02128000 2007 7 14 38148.2724 A
02128000 2007 7 15 38100.2579 A
02128000 2007 7 16 38107.5367 A
02128000 2007 7 17 38135.5569 A
02128000 2007 7 18 38163.5589 A
02128000 2007 7 19 38109.6042 A
02128000 2007 7 20 38084.2677 A
02128000 2007 7 21 38432.7223 A
02128000 2007 7 22 38162.8399 A
02128000 2007 7 23 38238.7846 A
02128000 2007 7 24 38158.8168 A
02128000 2007 7 25 38143.9772 A
02128000 2007 7 26 38204.7722 A
02128000 2007 7 27 38291.0652 A
02128000 2007 7 28 38278.1365 A
02128000 2007 7 29 38184.1501 A
02128000 2007 7 30 38323.9545 A
02128000 2007 7 31 38311.5619 A
02128000 2007 8 1 38296.7613 A
02128000 2007 8 2 38260.9538 A
02128000 2007 8 3 38429.5993 A
02128000 2007 8 4 38369.2946 A
02128000 2007 8 5 38321.7970 A
02128000 2007 8 6 38298.8363 A
02128000 2007 8 7 38293.6572 A
02128000 2007 8 8 38297.2642 A
02128000 2007 8 9 38275.9012 A
02128000 2007 8 10 38336.5193 A
02128000 2007 8 11 38311.0491 A
02128000 2007 8 12 38331.4501 A
02128000 2007 8 13 38439.1133 A
02128000 2007 8 14 38327.9847 A
02128000 2007 8 15 38333.2619 A
02128000 2007 8 16 38353.2937 A
02128000 2007 8 17 38440.6227 A
02128000 2007 8 18 38411.9451 A
02128000 2007 8 19 38348.4753 A
02128000 2007 8 20 38467.0156 A
02128000 2007 8 21 38368.3584 A
02128000 2007 8 22 38429.5144 A
02128000 2007 8 23 38389.2018 A
02128000 2007 8 24 38465.5298 A
02128000 2007 8 25 38437.5183 A
02128000 2007 8 26 38489.6088 A
02128000 2007 8 27 38475.9977 A
02128000 2007 8 28 38423.6609 A
02128000 2007 8 29 38522.4753 A
02128000 2007 8 30 38443.3049 A
02128000 2007 8 31 38441.9145 A
02128000 2007 9 1 38479.5357 A
02128000 2007 9 2 38563.2674 A
02128000 2007 9 3 38504.5690 A
02128000 2007 9 4 38484.1538 A
02128000 2007 9 5 38491.2187 A
02128000 2007 9 6 38484.1922 A
02128000 2007 9 7 38492.7855 A
02128000 2007 9 8 38531.1092 A
02128000 2007 9 9 38587.9261 A
02128000 2007 9 10 38491.0838 A
02128000 2007 9 11 38508.1524 A
02128000 2007 9 12 38512.0817 A
02128000 2007 9 13 38524.7641 A
02128000 2007 9 14 38634.1124 A
02128000 2007 9 15 38606.0711 A
02128000 2007 9 16 38555.7175 A
02128000 2007 9 17 38629.6877 A
02128000 2007 9 18 38527.6481 A
02128000 2007 9 19 38547.8611 A
02128000 2007 9 20 38605.4584 A
02128000 2007 9 21 38628.6390 A
02128000 2007 9 22 38550.4109 A
02128000 2007 9 23 38551.4246 A
02128000 2007 9 24 38566.6352 A
02128000 2007 9 25 38596.8904 A
02128000 2007 9 26 38644.8633 A
02128000 2007 9 27 38588.6488 A
02128000 2007 9 28 38569.6991 A
02128000 2007 9 29 38546.0410 A
02128000 2007 9 30 38695.7874 A
02128000 2007 10 1 38615.0081 A
02128000 2007 10 2 38655.6170 A
02128000 2007 10 3 38627.4277 A
02128000 2007 10 4 38596.4309 A
02128000 2007 10 5 38687.8902 A
02128000 2007 10 6 38741.0974 A
02128000 2007 10 7 38624.4538 A
02128000 2007 10 8 38643.3363 A
02128000 2007 10 9 38626.5448 A
02128000 2007 10 10 38657.6913 A
02128000 2007 10 11 38619.0566 A
02128000 2007 10 12 38650.5314 A
02128000 2007 10 13 38687.7662 A
02128000 2007 10 14 38613.5617 A
02128000 2007 10 15 38635.6451 A
02128000 2007 10 16 38605.6956 A
02128000 2007 10 17 38599.6076 A
02128000 2007 10 18 38599.7248 A
02128000 2007 10 19 38684.7677 A
02128000 2007 10 20 38690.8403 A
02128000 2007 10 21 38603.7685 A
02128000 2007 10 22 38625.6478 A
02128000 2007 10 23 38613.7453 A
02128000 2007 10 24 38616.4715 A
02128000 2007 10 25 38628.7927 A
02128000 2007 10 26 38642.5014 A
02128000 2007 10 27 38603.8554 A
02128000 2007 10 28 38640.3667 A
02128000 2007 10 29 38641.8131 A
02128000 2007 10 30 38635.2659 A
02128000 2007 10 31 38627.9527 A
02128000 2007 11 1 38610.9224 A
02128000 2007 11 2 38593.3576 A
02128000 2007 11 3 38720.6511 A
02128000 2007 11 4 38651.9398 A
02128000 2007 11 5 38629.8231 A
02128000 2007 11 6 38641.4781 A
02128000 2007 11 7 38630.4548 A
02128000 2007 11 8 38618.2911 A
02128000 2007 11 9 38650.0336 A
02128000 2007 11 10 38642.3102 A
02128000 2007 11 11 38602.9167 A
02128000 2007 11 12 38625.0337 A
02128000 2007 11 13 38613.5871 A
02128000 2007 11 14 38626.2773 A
02128000 2007 11 15 38634.9038 A
02128000 2007 11 16 38616.1819 A
02128000 2007 11 17 38606.4895 A
02128000 2007 11 18 38596.9570 A
02128000 2007 11 19 38630.6761 A
02128000 2007 11 20 38589.1018 A
02128000 2007 11 21 38625.6771 A
02128000 2007 11 22 38608.1519 A
02128000 2007 11 23 38612.8006 A
02128000 2007 11 24 38606.1030 A
02128000 2007 11 25 38605.1960 A
02128000 2007 11 26 38609.2267 A
02128000 2007 11 27 38584.2639 A
02128000 2007 11 28 38605.5542 A
02128000 2007 11 29 38598.3847 A
02128000 2007 11 30 38665.5103 A
02128000 2007 12 1 38580.6491 A
02128000 2007 12 2 38700.2727 A
02128000 2007 12 3 38661.8803 A
02128000 2007 12 4 38644.4125 A
02128000 2007 12 5 38668.2592 A
02128000 2007 12 6 38652.9242 A
02128000 2007 12 7 38642.8866 A
02128000 2007 12 8 38706.2978 A
02128000 2007 12 9 38725.7298 A
02128000 2007 12 10 38652.2817 A
02128000 2007 12 11 38688.2581 A
02128000 2007 12 12 38730.5982 A
02128000 2007 12 13 38767.5543 A
02128000 2007 12 14 38670.1292 A
02128000 2007 12 15 38677.2035 A
02128000 2007 12 16 38681.4079 A
02128000 2007 12 17 38665.6558 A
02128000 2007 12 18 38750.0827 A
02128000 2007 12 19 38683.5666 A
02128000 2007 12 20 38686.0689 A
02128000 2007 12 21 38682.0901 A
02128000 2007 12 22 38660.5689 A
02128000 2007 12 23 38668.9929 A
02128000 2007 12 24 38722.8846 A
02128000 2007 12 25 38694.4310 A
02128000 2007 12 26 38675.4113 A
02128000 2007 12 27 38680.8131 A
02128000 2007 12 28 38672.6718 A
02128000 2007 12 29 38699.5221 A
02128000 2007 12 30 38670.6393 A
02128000 2007 12 31 38684.0965 A
02128000 2008 1 1 38719.3199 A
02128000 2008 1 2 38692.4555 A
02128000 2008 1 3 38715.9592 A
02128000 2008 1 4 38691.7464 A
02128000 2008 1 5 38793.0830 A
02128000 2008 1 6 38705.8004 A
02128000 2008 1 7 38801.3587 A
02128000 2008 1 8 38750.9126 A
02128000 2008 1 9 38725.9214 A
02128000 2008 1 10 38729.2516 A
02128000 2008 1 11 38737.4895 A
02128000 2008 1 12 38773.0780 A
02128000 2008 1 13 38727.2365 A
02128000 2008 1 14 38709.5185 A
02128000 2008 1 15 38775.8001 A
02128000 2008 1 16 38730.7143 A
02128000 2008 1 17 38715.4378 A
02128000 2008 1 18 38750.4014 A
02128000 2008 1 19 38747.3002 A
02128000 2008 1 20 38748.2628 A
02128000 2008 1 21 38707.8601 A
02128000 2008 1 22 38757.4937 A
02128000 2008 1 23 38724.3029 A
02128000 2008 1 24 38742.5297 A
02128000 2008 1 25 38730.1356 A
02128000 2008 1 26 38723.2754 A
02128000 2008 1 27 38714.7909 A
02128000 2008 1 28 38712.8911 A
02128000 2008 1 29 38727.9364 A
02128000 2008 1 30 38789.7868 A
02128000 2008 1 31 38771.3001 A
02128000 2008 2 1 38827.9096 A
02128000 2008 2 2 38837.1096 A
02128000 2008 2 3 38738.4765 A
02128000 2008 2 4 38758.3336 A
02128000 2008 2 5 38755.2980 A
02128000 2008 2 6 38818.4965 A
02128000 2008 2 7 38803.6910 A
02128000 2008 2 8 38850.6731 A
02128000 2008 2 9 38808.3431 A
02128000 2008 2 10 38784.6361 A
02128000 2008 2 11 38916.3348 A
02128000 2008 2 12 38808.4004 A
02128000 2008 2 13 38809.7921 A
02128000 2008 2 14 38790.0412 A
02128000 2008 2 15 38836.7832 A
02128000 2008 2 16 38801.1446 A
02128000 2008 2 17 38879.0281 A
02128000 2008 2 18 38813.4187 A
02128000 2008 2 19 38947.1947 A
02128000 2008 2 20 38915.9043 A
02128000 2008 2 21 38912.3936 A
02128000 2008 2 22 38852.2602 A
02128000 2008 2 23 39040.7402 A
02128000 2008 2 24 38941.1164 A
02128000 2008 2 25 38907.8443 A
02128000 2008 2 26 38911.4575 A
02128000 2008 2 27 39250.1497 A
02128000 2008 2 28 39207.7977 A
02128000 2008 2 29 39047.7610 A
02128000 2008 3 1 39077.1938 A
02128000 2008 3 2 39096.2020 A
02128000 2008 3 3 39126.4998 A
02128000 2008 3 4 39087.3166 A
02128000 2008 3 5 39214.8480 A
02128000 2008 3 6 39134.4534 A
02128000 2008 3 7 39088.1775 A
02128000 2008 3 8 39098.2126 A
02128000 2008 3 9 39063.5590 A
02128000 2008 3 10 39123.5444 A
02128000 2008 3 11 39157.1286 A
02128000 2008 3 12 39191.4636 A
02128000 2008 3 13 39237.9667 A
02128000 2008 3 14 39151.9192 A
02128000 2008 3 15 39165.8636 A
02128000 2008 3 16 39369.0127 A
02128000 2008 3 17 39267.1750 A
02128000 2008 3 18 39192.9593 A
02128000 2008 3 19 39263.3721 A
02128000 2008 3 20 39206.7203 A
02128000 2008 3 21 39278.1050 A
02128000 2008 3 22 39426.6957 A
02128000 2008 3 23 39428.4084 A
02128000 2008 3 24 39287.3369 A
02128000 2008 3 25 39327.7848 A
02128000 2008 3 26 39275.3829 A
02128000 2008 3 27 39426.5703 A
02128000 2008 3 28 39344.7952 A
02128000 2008 3 29 39386.4902 A
02128000 2008 3 30 39338.8935 A
02128000 2008 3 31 39449.6137 A
02128000 2008 4 1 39342.5529 A
02128000 2008 4 2 39377.3007 A
02128000 2008 4 3 39662.8631 A
02128000 2008 4 4 39439.4480 A
02128000 2008 4 5 39394.1057 A
02128000 2008 4 6 39388.1628 A
02128000 2008 4 7 39519.7738 A
02128000 2008 4 8 39652.7458 A
02128000 2008 4 9 39448.6099 A
02128000 2008 4 10 39727.7746 A
02128000 2008 4 11 39561.5856 A
02128000 2008 4 12 39666.5651 A
02128000 2008 4 13 39675.9281 A
02128000 2008 4 14 39732.4347 A
02128000 2008 4 15 39654.8691 A
02128000 2008 4 16 39594.2830 A
02128000 2008 4 17 39622.5894 A
02128000 2008 4 18 39686.7334 A
02128000 2008 4 19 39601.6672 A
02128000 2008 4 20 39744.0343 A
02128000 2008 4 21 39652.8657 A
02128000 2008 4 22 39699.0416 A
02128000 2008 4 23 39874.7232 A
02128000 2008 4 24 39713.8633 A
02128000 2008 4 25 39743.6865 A
02128000 2008 4 26 39675.2242 A
02128000 2008 4 27 39733.2935 A
02128000 2008 4 28 39721.2601 A
02128000 2008 4 29 39914.6962 A
02128000 2008 4 30 39925.2545 A
02128000 2008 5 1 39797.1951 A
02128000 2008 5 2 39805.9820 A
02128000 2008 5 3 39821.4110 A
02128000 2008 5 4 39959.6941 A
02128000 2008 5 5 40151.7286 A
02128000 2008 5 6 40028.8964 A
02128000 2008 5 7 39949.2025 A
02128000 2008 5 8 39951.3157 A
02128000 2008 5 9 40005.8985 A
02128000 2008 5 10 40164.3384 A
02128000 2008 5 11 40165.4416 A
02128000 2008 5 12 40056.4092 A
02128000 2008 5 13 40122.7056 A
02128000 2008 5 14 40044.7428 A
02128000 2008 5 15 40264.7385 A
02128000 2008 5 16 40166.5201 A
02128000 2008 5 17 40387.0207 A
02128000 2008 5 18 40257.9401 A
02128000 2008 5 19 40218.9438 A
02128000 2008 5 20 40280.1537 A
02128000 2008 5 21 40277.1599 A
02128000 2008 5 22 40230.4034 A
02128000 2008 5 23 40218.2594 A
02128000 2008 5 24 40247.6478 A
02128000 2008 5 25 40270.3549 A
02128000 2008 5 26 40365.6853 A
02128000 2008 5 27 40217.5412 A
02128000 2008 5 28 40230.2664 A
02128000 2008 5 29 40441.7119 A
02128000 2008 5 30 40399.0481 A
02128000 2008 5 31 40372.0166 A
02128000 2008 6 1 40348.6261 A
02128000 2008 6 2 40316.5876 A
02128000 2008 6 3 40334.1088 A
02128000 2008 6 4 40500.6914 A
02128000 2008 6 5 40437.1528 A
02128000 2008 6 6 40437.0277 A
02128000 2008 6 7 40368.7666 A
02128000 2008 6 8 40492.0280 A
02128000 2008 6 9 40417.3370 A
02128000 2008 6 10 40485.5405 A
02128000 2008 6 11 40510.3626 A
02128000 2008 6 12 40472.7110 A
02128000 2008 6 13 40459.4122 A
02128000 2008 6 14 40479.1241 A
02128000 2008 6 15 40757.8066 A
02128000 2008 6 16 40581.9498 A
02128000 2008 6 17 40547.1608 A
02128000 2008 6 18 40511.5571 A
02128000 2008 6 19 40503.7652 A
02128000 2008 6 20 40537.7126 A
02128000 2008 6 21 40535.2305 A
02128000 2008 6 22 40524.4877 A
02128000 2008 6 23 40577.4207 A
02128000 2008 6 24 40536.6806 A
02128000 2008 6 25 40515.0234 A
02128000 2008 6 26 40595.7414 A
02128000 2008 6 27 40748.5313 A
02128000 2008 6 28 40567.2310 A
02128000 2008 6 29 40556.2354 A
02128000 2008 6 30 40731.0801 A
02128000 2008 7 1 40608.9563 A
02128000 2008 7 2 40600.4926 A
02128000 2008 7 3 40605.1356 A
02128000 2008 7 4 40618.3537 A
02128000 2008 7 5 40622.5318 A
02128000 2008 7 6 40795.6679 A
02128000 2008 7 7 40825.6736 A
02128000 2008 7 8 41046.3479 A
02128000 2008 7 9 40767.1374 A
02128000 2008 7 10 40800.2046 A
02128000 2008 7 11 40738.0497 A
02128000 2008 7 12 40816.1140 A
02128000 2008 7 13 40758.6293 A
02128000 2008 7 14 40754.0197 A
02128000 2008 7 15 40802.4726 A
02128000 2008 7 16 40775.3687 A
02128000 2008 7 17 40874.1528 A
02128000 2008 7 18 40836.3017 A
02128000 2008 7 19 41073.7809 A
02128000 2008 7 20 40876.6756 A
02128000 2008 7 21 41095.7742 A
02128000 2008 7 22 40934.7301 A
02128000 2008 7 23 40968.7548 A
02128000 2008 7 24 40938.2530 A
02128000 2008 7 25 40965.0285 A
02128000 2008 7 26 40964.3294 A
02128000 2008 7 27 41286.1542 A
02128000 2008 7 28 40984.6797 A
02128000 2008 7 29 41005.3286 A
02128000 2008 7 30 41123.8832 A
02128000 2008 7 31 41078.0268 A
02128000 2008 8 1 41047.9224 A
02128000 2008 8 2 41292.8944 A
02128000 2008 8 3 41114.0629 A
02128000 2008 8 4 41414.2416 A
02128000 2008 8 5 41231.7684 A
02128000 2008 8 6 41276.3174 A
02128000 2008 8 7 41285.5203 A
02128000 2008 8 8 41189.9974 A
02128000 2008 8 9 41223.7494 A
02128000 2008 8 10 41253.6462 A
02128000 2008 8 11 41373.5656 A
02128000 2008 8 12 41365.7668 A
02128000 2008 8 13 41258.9919 A
02128000 2008 8 14 41296.6671 A
02128000 2008 8 15 41240.4678 A
02128000 2008 8 16 41262.4536 A
02128000 2008 8 17 41280.4614 A
02128000 2008 8 18 41272.5381 A
02128000 2008 8 19 41247.7811 A
02128000 2008 8 20 41271.9300 A
02128000 2008 8 21 41308.6056 A
02128000 2008 8 22 41398.3143 A
02128000 2008 8 23 41316.4284 A
02128000 2008 8 24 41307.9440 A
02128000 2008 8 25 41367.5475 A
02128000 2008 8 26 41349.2285 A
02128000 2008 8 27 41310.2613 A
02128000 2008 8 28 41318.5685 A
02128000 2008 8 29 41370.7359 A
02128000 2008 8 30 41408.9455 A
02128000 2008 8 31 41311.1971 A
02128000 2008 9 1 41396.8425 A
02128000 2008 9 2 41334.0692 A
02128000 2008 9 3 41435.8982 A
02128000 2008 9 4 41370.6946 A
02128000 2008 9 5 41322.8452 A
02128000 2008 9 6 41379.3760 A
02128000 2008 9 7 41340.3898 A
02128000 2008 9 8 41357.9368 A
02128000 2008 9 9 41335.8675 A
02128000 2008 9 10 41374.1196 A
02128000 2008 9 11 41662.0662 A
02128000 2008 9 12 41400.8986 A
02128000 2008 9 13 41379.2179 A
02128000 2008 9 14 41398.0114 A
02128000 2008 9 15 41481.9594 A
02128000 2008 9 16 41394.4049 A
02128000 2008 9 17 41446.0284 A
02128000 2008 9 18 41524.3738 A
02128000 2008 9 19 41505.2206 A
02128000 2008 9 20 41452.2975 A
02128000 2008 9 21 41427.1339 A
02128000 2008 9 22 41431.8290 A
02128000 2008 9 23 41466.8472 A
02128000 2008 9 24 41533.5924 A
02128000 2008 9 25 41445.2686 A
02128000 2008 9 26 41447.6168 A
02128000 2008 9 27 41475.2090 A
02128000 2008 9 28 41455.3407 A
02128000 2008 9 29 41421.8804 A
02128000 2008 9 30 41475.5877 A
02128000 2008 10 1 41449.6549 A
02128000 2008 10 2 41430.1934 A
02128000 2008 10 3 41500.7446 A
02128000 2008 10 4 41449.9365 A
02128000 2008 10 5 41469.4149 A
02128000 2008 10 6 41577.1986 A
02128000 2008 10 7 41493.3320 A
02128000 2008 10 8 41527.8890 A
02128000 2008 10 9 41554.0581 A
02128000 2008 10 10 41514.7089 A
02128000 2008 10 11 41480.1510 A
02128000 2008 10 12 41538.4691 A
02128000 2008 10 13 41476.0214 A
02128000 2008 10 14 41501.6141 A
02128000 2008 10 15 41525.7423 A
02128000 2008 10 16 41566.0535 A
02128000 2008 10 17 41519.5627 A
02128000 2008 10 18 41544.0538 A
02128000 2008 10 19 41522.8183 A
02128000 2008 10 20 41508.0204 A
02128000 2008 10 21 41529.9209 A
02128000 2008 10 22 41503.7920 A
02128000 2008 10 23 41504.1216 A
02128000 2008 10 24 41487.4287 A
02128000 2008 10 25 41471.2698 A
02128000 2008 10 26 41495.5947 A
02128000 2008 10 27 41476.7356 A
02128000 2008 10 28 41499.0134 A
02128000 2008 10 29 41537.7141 A
02128000 2008 10 30 41500.4995 A
02128000 2008 10 31 41482.7976 A
02128000 2008 11 1 41516.5099 A
02128000 2008 11 2 41468.8718 A
02128000 2008 11 3 41481.8592 A
02128000 2008 11 4 41516.0605 A
02128000 2008 11 5 41553.2214 A
02128000 2008 11 6 41484.7689 A
02128000 2008 11 7 41498.1177 A
02128000 2008 11 8 41534.7049 A
02128000 2008 11 9 41522.3935 A
02128000 2008 11 10 41561.8650 A
02128000 2008 11 11 41516.5668 A
02128000 2008 11 12 41523.6482 A
02128000 2008 11 13 41510.6839 A
02128000 2008 11 14 41522.4902 A
02128000 2008 11 15 41540.9091 A
02128000 2008 11 16 41485.2504 A
02128000 2008 11 17 41528.9212 A
02128000 2008 11 18 41486.1430 A
02128000 2008 11 19 41555.4615 A
02128000 2008 11 20 41515.5590 A
02128000 2008 11 21 41498.1469 A
02128000 2008 11 22 41502.3164 A
02128000 2008 11 23 41540.1699 A
02128000 2008 11 24 41529.7745 A
02128000 2008 11 25 41492.8684 A
02128000 2008 11 26 41504.1890 A
02128000 2008 11 27 41493.9009 A
02128000 2008 11 28 41477.7634 A
02128000 2008 11 29 41490.6244 A
02128000 2008 11 30 41453.6725 A
02128000 2008 12 1 41513.1944 A
02128000 2008 12 2 41520.4298 A
02128000 2008 12 3 41554.7057 A
02128000 2008 12 4 41532.3266 A
02128000 2008 12 5 41494.8603 A
02128000 2008 12 6 41533.4967 A
02128000 2008 12 7 41508.6766 A
02128000 2008 12 8 41489.7183 A
02128000 2008 12 9 41470.8672 A
02128000 2008 12 10 41514.1592 A
02128000 2008 12 11 41494.6849 A
02128000 2008 12 12 41513.7091 A
02128000 2008 12 13 41521.7683 A
02128000 2008 12 14 41485.4073 A
02128000 2008 12 15 41488.5403 A
02128000 2008 12 16 41535.5357 A
02128000 2008 12 17 41602.3790 A
02128000 2008 12 18 41486.8831 A
02128000 2008 12 19 41489.5854 A
02128000 2008 12 20 41480.6839 A
02128000 2008 12 21 41513.2608 A
02128000 2008 12 22 41594.7535 A
02128000 2008 12 23 41511.6539 A
02128000 2008 12 24 41522.8364 A
02128000 2008 12 25 41528.6150 A
02128000 2008 12 26 41546.4451 A
02128000 2008 12 27 41616.7897 A
02128000 2008 12 28 41489.7445 A
02128000 2008 12 29 41556.7834 A
02128000 2008 12 30 41593.6613 A
02128000 2008 12 31 41622.6311 A
02128000 2009 1 1 41583.8241 A
02128000 2009 1 2 41585.5307 A
02128000 2009 1 3 41549.4677 A
02128000 2009 1 4 41562.9203 A
02128000 2009 1 5 41573.5359 A
02128000 2009 1 6 41577.4953 A
02128000 2009 1 7 41547.2135 A
02128000 2009 1 8 41555.3008 A
02128000 2009 1 9 41560.0529 A
02128000 2009 1 10 41614.7326 A
02128000 2009 1 11 41568.4050 A
02128000 2009 1 12 41529.1132 A
02128000 2009 1 13 41599.2068 A
02128000 2009 1 14 41653.9770 A
02128000 2009 1 15 41594.0075 A
02128000 2009 1 16 41705.0204 A
02128000 2009 1 17 41571.1648 A
02128000 2009 1 18 41697.3071 A
02128000 2009 1 19 41637.3161 A
02128000 2009 1 20 41634.8809 A
02128000 2009 1 21 41644.2779 A
02128000 2009 1 22 41660.8893 A
02128000 2009 1 23 41649.4142 A
02128000 2009 1 24 41675.8150 A
02128000 2009 1 25 41665.0067 A
02128000 2009 1 26 41668.6662 A
02128000 2009 1 27 41703.5658 A
02128000 2009 1 28 41672.8066 A
02128000 2009 1 29 41670.7107 A
02128000 2009 1 30 41679.6216 A
02128000 2009 1 31 41679.1517 A
02128000 2009 2 1 41780.7539 A
02128000 2009 2 2 41710.1679 A
02128000 2009 2 3 41692.0067 A
02128000 2009 2 4 41648.8259 A
02128000 2009 2 5 41718.3844 A
02128000 2009 2 6 41683.9313 A
02128000 2009 2 7 41658.6692 A
02128000 2009 2 8 41655.2565 A
02128000 2009 2 9 41746.1896 A
02128000 2009 2 10 41730.1095 A
02128000 2009 2 11 41749.0381 A
02128000 2009 2 12 41779.3583 A
02128000 2009 2 13 41788.4649 A
02128000 2009 2 14 41764.3600 A
02128000 2009 2 15 41875.5765 A
02128000 2009 2 16 41742.8970 A
02128000 2009 2 17 41863.7424 A
02128000 2009 2 18 41779.1050 A
02128000 2009 2 19 41857.0085 A
02128000 2009 2 20 41791.2682 A
02128000 2009 2 21 41825.4429 A
02128000 2009 2 22 41968.3289 A
02128000 2009 2 23 41804.6665 A
02128000 2009 2 24 41846.9974 A
02128000 2009 2 25 41923.3975 A
02128000 2009 2 26 41901.8491 A
02128000 2009 2 27 41862.6059 A
02128000 2009 2 28 41948.4299 A
02128000 2009 3 1 41914.7555 A
02128000 2009 3 2 41940.6894 A
02128000 2009 3 3 41892.1548 A
02128000 2009 3 4 42210.2633 A
02128000 2009 3 5 42115.9164 A
02128000 2009 3 6 42033.1487 A
02128000 2009 3 7 41992.9135 A
02128000 2009 3 8 41990.8823 A
02128000 2009 3 9 42077.5034 A
02128000 2009 3 10 42091.0227 A
02128000 2009 3 11 42000.0919 A
02128000 2009 3 12 42015.9845 A
02128000 2009 3 13 42031.2538 A
02128000 2009 3 14 42154.4620 A
02128000 2009 3 15 42042.7637 A
02128000 2009 3 16 42238.4150 A
02128000 2009 3 17 42087.4238 A
02128000 2009 3 18 42113.2787 A
02128000 2009 3 19 42182.4118 A
02128000 2009 3 20 42112.7249 A
02128000 2009 3 21 42318.2317 A
02128000 2009 3 22 42115.9181 A
02128000 2009 3 23 42432.4955 A
02128000 2009 3 24 42247.5408 A
02128000 2009 3 25 42292.4160 A
02128000 2009 3 26 42410.2732 A
02128000 2009 3 27 42284.2663 A
02128000 2009 3 28 42290.7634 A
02128000 2009 3 29 42502.5716 A
02128000 2009 3 30 42533.8043 A
02128000 2009 3 31 42369.5255 A
02128000 2009 4 1 42370.8750 A
02128000 2009 4 2 42328.1117 A
02128000 2009 4 3 42334.2981 A
02128000 2009 4 4 42529.4335 A
02128000 2009 4 5 42375.1009 A
02128000 2009 4 6 42437.7901 A
02128000 2009 4 7 42412.3708 A
02128000 2009 4 8 42441.3195 A
02128000 2009 4 9 42397.7820 A
02128000 2009 4 10 42419.4023 A
02128000 2009 4 11 42354.2590 A
02128000 2009 4 12 42459.0936 A
02128000 2009 4 13 42433.1905 A
02128000 2009 4 14 42398.2644 A
02128000 2009 4 15 42480.8816 A
02128000 2009 4 16 42550.1422 A
02128000 2009 4 17 42495.3942 A
02128000 2009 4 18 42784.1169 A
02128000 2009 4 19 42602.3984 A
02128000 2009 4 20 42598.8755 A
02128000 2009 4 21 42534.8516 A
02128000 2009 4 22 42632.1925 A
02128000 2009 4 23 42821.1788 A
02128000 2009 4 24 42631.5288 A
02128000 2009 4 25 42858.0386 A
02128000 2009 4 26 42640.6682 A
02128000 2009 4 27 42668.0516 A
02128000 2009 4 28 42649.5907 A
02128000 2009 4 29 42725.7807 A
02128000 2009 4 30 42671.5392 A
02128000 2009 5 1 42637.8043 A
02128000 2009 5 2 42744.6982 A
02128000 2009 5 3 42932.5958 A
02128000 2009 5 4 42695.1013 A
02128000 2009 5 5 42869.3229 A
02128000 2009 5 6 42804.4391 A
02128000 2009 5 7 42736.6279 A
02128000 2009 5 8 42950.9940 A
02128000 2009 5 9 43025.6979 A
02128000 2009 5 10 42846.2831 A
02128000 2009 5 11 42886.3023 A
02128000 2009 5 12 42860.3912 A
02128000 2009 5 13 42913.1148 A
02128000 2009 5 14 42946.8640 A
02128000 2009 5 15 42882.4082 A
02128000 2009 5 16 42915.7365 A
02128000 2009 5 17 42846.0827 A
02128000 2009 5 18 43009.6750 A
02128000 2009 5 19 43005.6852 A
02128000 2009 5 20 43242.0764 A
02128000 2009 5 21 43136.7231 A
02128000 2009 5 22 43175.9726 A
02128000 2009 5 23 43146.5080 A
02128000 2009 5 24 43083.2652 A
02128000 2009 5 25 43125.1125 A
02128000 2009 5 26 43357.4324 A
02128000 2009 5 27 43288.8456 A
02128000 2009 5 28 43206.6136 A
02128000 2009 5 29 43162.3763 A
02128000 2009 5 30 43327.0327 A
02128000 2009 5 31 43223.9780 A
02128000 2009 6 1 43173.1963 A
02128000 2009 6 2 43246.5875 A
02128000 2009 6 3 43229.6081 A
02128000 2009 6 4 43212.6346 A
02128000 2009 6 5 43395.6525 A
02128000 2009 6 6 43252.0956 A
02128000 2009 6 7 43357.0618 A
02128000 2009 6 8 43385.8235 A
02128000 2009 6 9 43249.9753 A
02128000 2009 6 10 43279.3484 A
02128000 2009 6 11 43246.4736 A
02128000 2009 6 12 43257.4806 A
02128000 2009 6 13 43470.3925 A
02128000 2009 6 14 43524.0515 A
02128000 2009 6 15 43383.2074 A
02128000 2009 6 16 43427.5049 A
02128000 2009 6 17 43354.8754 A
02128000 2009 6 18 43440.3729 A
02128000 2009 6 19 43506.3652 A
02128000 2009 6 20 43723.8632 A
02128000 2009 6 21 43682.0197 A
02128000 2009 6 22 43771.4945 A
02128000 2009 6 23 43597.6126 A
02128000 2009 6 24 43596.2474 A
02128000 2009 6 25 43549.9794 A
02128000 2009 6 26 43766.2284 A
02128000 2009 6 27 43592.2681 A
02128000 2009 6 28 43764.3947 A
02128000 2009 6 29 43839.9880 A
02128000 2009 6 30 43708.5643 A
02128000 2009 7 1 43688.9645 A
02128000 2009 7 2 43816.5728 A
02128000 2009 7 3 43670.4474 A
02128000 2009 7 4 43737.1092 A
02128000 2009 7 5 43730.6641 A
02128000 2009 7 6 43742.2889 A
02128000 2009 7 7 43794.9840 A
02128000 2009 7 8 43741.8149 A
02128000 2009 7 9 43880.8105 A
02128000 2009 7 10 43821.2903 A
02128000 2009 7 11 43760.8205 A
02128000 2009 7 12 43874.7053 A
02128000 2009 7 13 43808.1404 A
02128000 2009 7 14 43832.1224 A
02128000 2009 7 15 43780.0933 A
02128000 2009 7 16 43856.5909 A
02128000 2009 7 17 43772.3993 A
02128000 2009 7 18 43838.0858 A
02128000 2009 7 19 43779.2114 A
02128000 2009 7 20 43804.5301 A
02128000 2009 7 21 43840.6628 A
02128000 2009 7 22 43961.8919 A
02128000 2009 7 23 43890.9942 A
02128000 2009 7 24 43990.6764 A
02128000 2009 7 25 43870.3816 A
02128000 2009 7 26 43984.9466 A
02128000 2009 7 27 43905.5805 A
02128000 2009 7 28 43935.9143 A
02128000 2009 7 29 43957.9591 A
02128000 2009 7 30 44013.6843 A
02128000 2009 7 31 43997.5907 A
02128000 2009 8 1 44037.2083 A
02128000 2009 8 2 43915.7891 A
02128000 2009 8 3 44031.8853 A
02128000 2009 8 4 43965.9554 A
02128000 2009 8 5 43982.3557 A
02128000 2009 8 6 44101.7060 A
02128000 2009 8 7 44054.8555 A
02128000 2009 8 8 43992.6177 A
02128000 2009 8 9 44162.9430 A
02128000 2009 8 10 44197.1186 A
02128000 2009 8 11 44076.2019 A
02128000 2009 8 12 44237.0340 A
02128000 2009 8 13 44125.9014 A
02128000 2009 8 14 44220.6071 A
02128000 2009 8 15 44562.6018 A
02128000 2009 8 16 44262.0766 A
02128000 2009 8 17 44208.1525 A
02128000 2009 8 18 44221.2103 A
02128000 2009 8 19 44255.4421 A
02128000 2009 8 20 44239.3758 A
02128000 2009 8 21 44216.0659 A
02128000 2009 8 22 44201.4349 A
02128000 2009 8 23 44260.1430 A
02128000 2009 8 24 44212.6564 A
02128000 2009 8 25 44332.1168 A
02128000 2009 8 26 44251.6887 A
02128000 2009 8 27 44444.4071 A
02128000 2009 8 28 44291.4784 A
02128000 2009 8 29 44291.7437 A
02128000 2009 8 30 44368.9020 A
02128000 2009 8 31 44307.7910 A
02128000 2009 9 1 44276.0110 A
02128000 2009 9 2 44337.4005 A
02128000 2009 9 3 44331.2307 A
02128000 2009 9 4 44284.1949 A
02128000 2009 9 5 44432.3225 A
02128000 2009 9 6 44400.9601 A
02128000 2009 9 7 44314.7672 A
02128000 2009 9 8 44333.4658 A
02128000 2009 9 9 44417.4554 A
02128000 2009 9 10 44323.8667 A
02128000 2009 9 11 44372.4068 A
02128000 2009 9 12 44337.8331 A
02128000 2009 9 13 44380.7073 A
02128000 2009 9 14 44324.3141 A
02128000 2009 9 15 44315.0109 A
02128000 2009 9 16 44316.1612 A
02128000 2009 9 17 44328.6603 A
02128000 2009 9 18 44345.2508 A
02128000 2009 9 19 44319.7518 A
02128000 2009 9 20 44469.7743 A
02128000 2009 9 21 44316.1540 A
02128000 2009 9 22 44348.5591 A
02128000 2009 9 23 44468.7614 A
02128000 2009 9 24 44377.1534 A
02128000 2009 9 25 44400.7878 A
02128000 2009 9 26 44351.8806 A
02128000 2009 9 27 44355.7321 A
02128000 2009 9 28 44361.4859 A
02128000 2009 9 29 44452.8872 A
02128000 2009 9 30 44373.5495 A
02128000 2009 10 1 44374.7309 A
02128000 2009 10 2 44379.0550 A
02128000 2009 10 3 44382.2476 A
02128000 2009 10 4 44377.6589 A
02128000 2009 10 5 44387.9022 A
02128000 2009 10 6 44356.3820 A
02128000 2009 10 7 44369.4683 A
02128000 2009 10 8 44387.9167 A
02128000 2009 10 9 44417.5445 A
02128000 2009 10 10 44371.7108 A
02128000 2009 10 11 44361.2983 A
02128000 2009 10 12 44364.3025 A
02128000 2009 10 13 44398.7983 A
02128000 2009 10 14 44373.7269 A
02128000 2009 10 15 44374.6335 A
02128000 2009 10 16 44412.7935 A
02128000 2009 10 17 44377.3278 A
02128000 2009 10 18 44358.7884 A
02128000 2009 10 19 44462.8229 A
02128000 2009 10 20 44376.8403 A
02128000 2009 10 21 44393.0505 A
02128000 2009 10 22 44386.0429 A
02128000 2009 10 23 44390.5974 A
02128000 2009 10 24 44391.5884 A
02128000 2009 10 25 44367.0047 A
02128000 2009 10 26 44395.2289 A
02128000 2009 10 27 44367.8653 A
02128000 2009 10 28 44388.3943 A
02128000 2009 10 29 44343.8661 A
02128000 2009 10 30 44353.3612 A
02128000 2009 10 31 44399.4792 A
02128000 2009 11 1 44367.8383 A
02128000 2009 11 2 44371.7318 A
02128000 2009 11 3 44366.4407 A
02128000 2009 11 4 44424.1801 A
02128000 2009 11 5 44399.4230 A
02128000 2009 11 6 44361.4836 A
02128000 2009 11 7 44374.2815 A
02128000 2009 11 8 44353.8858 A
02128000 2009 11 9 44376.1827 A
02128000 2009 11 10 44340.3086 A
02128000 2009 11 11 44352.7943 A
02128000 2009 11 12 44410.0893 A
02128000 2009 11 13 44339.5378 A
02128000 2009 11 14 44352.2289 A
02128000 2009 11 15 44337.6897 A
02128000 2009 11 16 44390.1938 A
02128000 2009 11 17 44406.8781 A
02128000 2009 11 18 44383.7310 A
02128000 2009 11 19 44398.9409 A
02128000 2009 11 20 44359.1476 A
02128000 2009 11 21 44407.6056 A
02128000 2009 11 22 44354.4459 A
02128000 2009 11 23 44378.2023 A
02128000 2009 11 24 44346.2631 A
02128000 2009 11 25 44357.3619 A
02128000 2009 11 26 44401.7328 A
02128000 2009 11 27 44352.3309 A
02128000 2009 11 28 44359.1418 A
02128000 2009 11 29 44368.5829 A
02128000 2009 11 30 44383.0824 A
02128000 2009 12 1 44353.3935 A
02128000 2009 12 2 44339.7132 A
02128000 2009 12 3 44367.2627 A
02128000 2009 12 4 44421.2475 A
02128000 2009 12 5 44369.4479 A
02128000 2009 12 6 44378.9832 A
02128000 2009 12 7 44516.5921 A
02128000 2009 12 8 44413.3702 A
02128000 2009 12 9 44428.1003 A
02128000 2009 12 10 44386.9617 A
02128000 2009 12 11 44384.8730 A
02128000 2009 12 12 44403.6560 A
02128000 2009 12 13 44395.0670 A
02128000 2009 12 14 44399.1725 A
02128000 2009 12 15 44380.9493 A
02128000 2009 12 16 44404.4881 A
02128000 2009 12 17 44412.3772 A
02128000 2009 12 18 44396.3532 A
02128000 2009 12 19 44451.8715 A
02128000 2009 12 20 44432.7782 A
02128000 2009 12 21 44411.6064 A
02128000 2009 12 22 44466.8843 A
02128000 2009 12 23 44503.3759 A
02128000 2009 12 24 44436.8409 A
02128000 2009 12 25 44433.8389 A
02128000 2009 12 26 44416.2182 A
02128000 2009 12 27 44408.1212 A
02128000 2009 12 28 44447.9594 A
02128000 2009 12 29 44422.9442 A
02128000 2009 12 30 44417.9309 A
02128000 2009 12 31 44504.3020 A
