11224500 1995 1 1 56.6749 A
11224500 1995 1 2 82.6138 A
11224500 1995 1 3 48.2623 A
11224500 1995 1 4 40.2771 A
11224500 1995 1 5 58.4907 A
11224500 1995 1 6 41.5672 A
11224500 1995 1 7 51.8145 A
11224500 1995 1 8 70.4792 A
11224500 1995 1 9 34.7976 A
11224500 1995 1 10 30.0708 A
11224500 1995 1 11 30.6848 A
11224500 1995 1 12 58.2758 A
11224500 1995 1 13 19.2396 A
11224500 1995 1 14 35.9524 A
11224500 1995 1 15 2.5705 A
11224500 1995 1 16 11.3369 A
11224500 1995 1 17 9.8521 A
11224500 1995 1 18 44.1171 A
11224500 1995 1 19 18.9895 A
11224500 1995 1 20 44.2974 A
11224500 1995 1 21 23.1814 A
11224500 1995 1 22 22.1879 A
11224500 1995 1 23 26.6947 A
11224500 1995 1 24 24.5025 A
11224500 1995 1 25 51.5531 A
11224500 1995 1 26 17.5762 A
11224500 1995 1 27 46.4512 A
11224500 1995 1 28 18.2080 A
11224500 1995 1 29 17.7465 A
11224500 1995 1 30 3.6531 A
11224500 1995 1 31 7.1674 A
11224500 1995 2 1 3.6903 A
11224500 1995 2 2 66.2442 A
11224500 1995 2 3 5.7484 A
11224500 1995 2 4 4.8951 A
11224500 1995 2 5 40.9197 A
11224500 1995 2 6 23.0850 A
11224500 1995 2 7 82.1571 A
11224500 1995 2 8 7.9612 A
11224500 1995 2 9 84.9127 A
11224500 1995 2 10 67.6494 A
11224500 1995 2 11 75.6863 A
11224500 1995 2 12 53.9198 A
11224500 1995 2 13 35.4920 A
11224500 1995 2 14 60.1644 A
11224500 1995 2 15 60.8226 A
11224500 1995 2 16 26.8007 A
11224500 1995 2 17 46.0129 A
11224500 1995 2 18 14.4546 A
11224500 1995 2 19 81.5339 A
11224500 1995 2 20 42.6731 A
11224500 1995 2 21 7.6115 A
11224500 1995 2 22 7.5065 A
11224500 1995 2 23 24.8946 A
11224500 1995 2 24 29.2381 A
11224500 1995 2 25 82.2463 A
11224500 1995 2 26 4.0283 A
11224500 1995 2 27 178.9043 A
11224500 1995 2 28 23.7627 A
11224500 1995 3 1 25.8969 A
11224500 1995 3 2 44.4240 A
11224500 1995 3 3 25.3532 A
11224500 1995 3 4 10.4359 A
11224500 1995 3 5 67.4986 A
11224500 1995 3 6 50.9773 A
11224500 1995 3 7 44.6865 A
11224500 1995 3 8 62.0832 A
11224500 1995 3 9 21.7683 A
11224500 1995 3 10 5.6664 A
11224500 1995 3 11 19.5960 A
11224500 1995 3 12 27.1711 A
11224500 1995 3 13 139.6376 A
11224500 1995 3 14 62.9314 A
11224500 1995 3 15 89.3870 A
11224500 1995 3 16 52.7840 A
11224500 1995 3 17 20.2099 A
11224500 1995 3 18 61.3015 A
11224500 1995 3 19 49.4502 A
11224500 1995 3 20 31.0477 A
11224500 1995 3 21 48.2288 A
11224500 1995 3 22 105.2391 A
11224500 1995 3 23 49.2646 A
11224500 1995 3 24 125.1393 A
11224500 1995 3 25 169.5201 A
11224500 1995 3 26 66.9735 A
11224500 1995 3 27 72.7015 A
11224500 1995 3 28 92.1220 A
11224500 1995 3 29 70.7521 A
11224500 1995 3 30 149.3361 A
11224500 1995 3 31 124.6101 A
11224500 1995 4 1 106.1673 A
11224500 1995 4 2 80.6174 A
11224500 1995 4 3 64.4624 A
11224500 1995 4 4 129.7665 A
11224500 1995 4 5 64.8665 A
11224500 1995 4 6 125.3247 A
11224500 1995 4 7 133.4088 A
11224500 1995 4 8 123.6754 A
11224500 1995 4 9 85.3108 A
11224500 1995 4 10 147.0723 A
11224500 1995 4 11 89.6366 A
11224500 1995 4 12 113.3497 A
11224500 1995 4 13 138.1031 A
11224500 1995 4 14 74.9990 A
11224500 1995 4 15 80.6589 A
11224500 1995 4 16 112.7089 A
11224500 1995 4 17 75.9349 A
11224500 1995 4 18 251.6862 A
11224500 1995 4 19 123.4897 A
11224500 1995 4 20 107.7770 A
11224500 1995 4 21 244.4159 A
11224500 1995 4 22 205.7434 A
11224500 1995 4 23 117.5609 A
11224500 1995 4 24 214.6464 A
11224500 1995 4 25 156.7137 A
11224500 1995 4 26 121.2885 A
11224500 1995 4 27 120.1513 A
11224500 1995 4 28 146.4783 A
11224500 1995 4 29 112.4036 A
11224500 1995 4 30 213.7094 A
11224500 1995 5 1 154.4704 A
11224500 1995 5 2 191.4647 A
11224500 1995 5 3 170.5446 A
11224500 1995 5 4 142.9403 A
11224500 1995 5 5 126.9443 A
11224500 1995 5 6 156.8147 A
11224500 1995 5 7 157.9333 A
11224500 1995 5 8 151.6749 A
11224500 1995 5 9 121.1187 A
11224500 1995 5 10 226.3615 A
11224500 1995 5 11 140.8109 A
11224500 1995 5 12 234.7725 A
11224500 1995 5 13 153.0685 A
11224500 1995 5 14 162.8889 A
11224500 1995 5 15 263.7594 A
11224500 1995 5 16 167.0480 A
11224500 1995 5 17 151.0005 A
11224500 1995 5 18 393.5577 A
11224500 1995 5 19 338.4702 A
11224500 1995 5 20 238.5571 A
11224500 1995 5 21 250.5393 A
11224500 1995 5 22 368.9025 A
11224500 1995 5 23 247.9880 A
11224500 1995 5 24 222.5603 A
11224500 1995 5 25 212.7173 A
11224500 1995 5 26 252.8410 A
11224500 1995 5 27 231.1854 A
11224500 1995 5 28 323.0755 A
11224500 1995 5 29 222.4309 A
11224500 1995 5 30 268.1536 A
11224500 1995 5 31 261.5833 A
11224500 1995 6 1 321.4078 A
11224500 1995 6 2 253.6600 A
11224500 1995 6 3 239.3468 A
11224500 1995 6 4 292.9715 A
11224500 1995 6 5 300.6857 A
11224500 1995 6 6 250.1370 A
11224500 1995 6 7 294.9450 A
11224500 1995 6 8 246.6404 A
11224500 1995 6 9 399.7077 A
11224500 1995 6 10 372.3100 A
11224500 1995 6 11 284.7961 A
11224500 1995 6 12 412.0515 A
11224500 1995 6 13 336.6099 A
11224500 1995 6 14 285.7503 A
11224500 1995 6 15 495.9002 A
11224500 1995 6 16 329.6540 A
11224500 1995 6 17 334.4067 A
11224500 1995 6 18 319.1502 A
11224500 1995 6 19 346.4500 A
11224500 1995 6 20 383.6783 A
11224500 1995 6 21 315.0559 A
11224500 1995 6 22 460.5797 A
11224500 1995 6 23 322.7097 A
11224500 1995 6 24 385.6117 A
11224500 1995 6 25 386.8008 A
11224500 1995 6 26 333.3554 A
11224500 1995 6 27 325.1546 A
11224500 1995 6 28 312.7612 A
11224500 1995 6 29 415.8394 A
11224500 1995 6 30 323.7261 A
11224500 1995 7 1 385.2037 A
11224500 1995 7 2 433.4601 A
11224500 1995 7 3 403.5104 A
11224500 1995 7 4 388.5722 A
11224500 1995 7 5 487.5992 A
11224500 1995 7 6 440.7224 A
11224500 1995 7 7 394.9679 A
11224500 1995 7 8 373.2579 A
11224500 1995 7 9 390.1086 A
11224500 1995 7 10 400.7626 A
11224500 1995 7 11 420.5264 A
11224500 1995 7 12 426.5040 A
11224500 1995 7 13 387.3925 A
11224500 1995 7 14 371.2734 A
11224500 1995 7 15 489.6354 A
11224500 1995 7 16 406.8197 A
11224500 1995 7 17 463.2870 A
11224500 1995 7 18 445.7942 A
11224500 1995 7 19 458.5774 A
11224500 1995 7 20 417.5676 A
11224500 1995 7 21 461.6895 A
11224500 1995 7 22 413.9154 A
11224500 1995 7 23 437.7549 A
11224500 1995 7 24 398.9707 A
11224500 1995 7 25 404.7228 A
11224500 1995 7 26 410.4533 A
11224500 1995 7 27 382.8364 A
11224500 1995 7 28 453.3770 A
11224500 1995 7 29 501.5716 A
11224500 1995 7 30 438.3890 A
11224500 1995 7 31 415.3041 A
11224500 1995 8 1 469.1158 A
11224500 1995 8 2 431.0030 A
11224500 1995 8 3 455.3840 A
11224500 1995 8 4 508.8749 A
11224500 1995 8 5 486.5955 A
11224500 1995 8 6 496.4345 A
11224500 1995 8 7 459.0261 A
11224500 1995 8 8 437.3571 A
11224500 1995 8 9 434.1541 A
11224500 1995 8 10 430.2603 A
11224500 1995 8 11 411.2832 A
11224500 1995 8 12 461.2139 A
11224500 1995 8 13 465.3768 A
11224500 1995 8 14 441.1793 A
11224500 1995 8 15 412.3713 A
11224500 1995 8 16 416.7933 A
11224500 1995 8 17 521.8678 A
11224500 1995 8 18 465.8639 A
11224500 1995 8 19 418.6233 A
11224500 1995 8 20 458.6271 A
11224500 1995 8 21 453.0356 A
11224500 1995 8 22 482.7222 A
11224500 1995 8 23 456.9416 A
11224500 1995 8 24 429.2670 A
11224500 1995 8 25 451.2686 A
11224500 1995 8 26 421.2369 A
11224500 1995 8 27 453.7469 A
11224500 1995 8 28 415.4649 A
11224500 1995 8 29 553.6732 A
11224500 1995 8 30 463.5405 A
11224500 1995 8 31 480.8292 A
11224500 1995 9 1 456.7666 A
11224500 1995 9 2 424.6229 A
11224500 1995 9 3 452.4207 A
11224500 1995 9 4 425.8415 A
11224500 1995 9 5 471.9971 A
11224500 1995 9 6 415.6314 A
11224500 1995 9 7 464.8096 A
11224500 1995 9 8 416.4233 A
11224500 1995 9 9 442.5544 A
11224500 1995 9 10 442.9952 A
11224500 1995 9 11 412.3197 A
11224500 1995 9 12 419.3080 A
11224500 1995 9 13 501.8150 A
11224500 1995 9 14 415.7457 A
11224500 1995 9 15 417.5589 A
11224500 1995 9 16 417.5231 A
11224500 1995 9 17 392.0764 A
11224500 1995 9 18 397.9671 A
11224500 1995 9 19 419.0501 A
11224500 1995 9 20 377.1008 A
11224500 1995 9 21 387.2365 A
11224500 1995 9 22 381.4275 A
11224500 1995 9 23 372.0721 A
11224500 1995 9 24 426.4596 A
11224500 1995 9 25 360.5335 A
11224500 1995 9 26 365.8181 A
11224500 1995 9 27 402.1141 A
11224500 1995 9 28 374.5823 A
11224500 1995 9 29 432.4108 A
11224500 1995 9 30 365.2404 A
11224500 1995 10 1 354.0060 A
11224500 1995 10 2 354.5683 A
11224500 1995 10 3 375.6414 A
11224500 1995 10 4 369.7345 A
11224500 1995 10 5 342.0848 A
11224500 1995 10 6 349.5850 A
11224500 1995 10 7 352.4551 A
11224500 1995 10 8 340.1322 A
11224500 1995 10 9 345.2651 A
11224500 1995 10 10 326.9148 A
11224500 1995 10 11 328.9241 A
11224500 1995 10 12 296.9347 A
11224500 1995 10 13 306.7230 A
11224500 1995 10 14 323.2806 A
11224500 1995 10 15 309.9229 A
11224500 1995 10 16 294.7867 A
11224500 1995 10 17 276.2196 A
11224500 1995 10 18 271.8308 A
11224500 1995 10 19 274.2939 A
11224500 1995 10 20 267.7365 A
11224500 1995 10 21 253.4551 A
11224500 1995 10 22 278.3798 A
11224500 1995 10 23 293.5645 A
11224500 1995 10 24 241.5169 A
11224500 1995 10 25 259.0636 A
11224500 1995 10 26 247.1301 A
11224500 1995 10 27 284.0318 A
11224500 1995 10 28 232.8877 A
11224500 1995 10 29 237.9089 A
11224500 1995 10 30 230.2613 A
11224500 1995 10 31 235.7045 A
11224500 1995 11 1 221.2036 A
11224500 1995 11 2 203.6403 A
11224500 1995 11 3 210.2012 A
11224500 1995 11 4 201.0237 A
11224500 1995 11 5 205.8232 A
11224500 1995 11 6 188.9828 A
11224500 1995 11 7 186.2768 A
11224500 1995 11 8 170.4113 A
11224500 1995 11 9 165.0313 A
11224500 1995 11 10 164.1766 A
11224500 1995 11 11 175.9948 A
11224500 1995 11 12 155.2295 A
11224500 1995 11 13 152.4257 A
11224500 1995 11 14 153.8655 A
11224500 1995 11 15 132.3238 A
11224500 1995 11 16 130.6066 A
11224500 1995 11 17 118.6846 A
11224500 1995 11 18 116.0224 A
11224500 1995 11 19 114.2646 A
11224500 1995 11 20 144.1518 A
11224500 1995 11 21 121.6116 A
11224500 1995 11 22 106.9994 A
11224500 1995 11 23 110.6596 A
11224500 1995 11 24 86.1333 A
11224500 1995 11 25 126.8262 A
11224500 1995 11 26 105.0619 A
11224500 1995 11 27 67.9646 A
11224500 1995 11 28 84.0815 A
11224500 1995 11 29 65.1780 A
11224500 1995 11 30 91.0469 A
11224500 1995 12 1 75.0361 A
11224500 1995 12 2 60.7285 A
11224500 1995 12 3 37.7996 A
11224500 1995 12 4 48.1806 A
11224500 1995 12 5 26.9045 A
11224500 1995 12 6 24.9318 A
11224500 1995 12 7 17.6005 A
11224500 1995 12 8 36.7550 A
11224500 1995 12 9 0.3679 A
11224500 1995 12 10 16.7324 A
11224500 1995 12 11 26.4095 A
11224500 1995 12 12 7.1494 A
11224500 1995 12 13 42.7951 A
11224500 1995 12 14 42.9503 A
11224500 1995 12 15 3.2348 A
11224500 1995 12 16 0.6802 A
11224500 1995 12 17 14.5360 A
11224500 1995 12 18 37.3640 A
11224500 1995 12 19 22.4267 A
11224500 1995 12 20 10.7336 A
11224500 1995 12 21 3.5178 A
11224500 1995 12 22 23.3730 A
11224500 1995 12 23 34.7605 A
11224500 1995 12 24 8.4553 A
11224500 1995 12 25 29.6299 A
11224500 1995 12 26 36.9887 A
11224500 1995 12 27 3.1533 A
11224500 1995 12 28 5.3703 A
11224500 1995 12 29 0.3679 A
11224500 1995 12 30 0.3679 A
11224500 1995 12 31 8.9524 A
11224500 1996 1 1 0.3679 A
11224500 1996 1 2 9.5700 A
11224500 1996 1 3 22.5812 A
11224500 1996 1 4 3.2509 A
11224500 1996 1 5 6.8832 A
11224500 1996 1 6 10.4767 A
11224500 1996 1 7 0.3679 A
11224500 1996 1 8 5.5785 A
11224500 1996 1 9 6.2519 A
11224500 1996 1 10 11.5352 A
11224500 1996 1 11 21.4156 A
11224500 1996 1 12 31.4232 A
11224500 1996 1 13 19.9824 A
11224500 1996 1 14 13.2458 A
11224500 1996 1 15 50.4494 A
11224500 1996 1 16 29.2572 A
11224500 1996 1 17 8.7283 A
11224500 1996 1 18 2.3077 A
11224500 1996 1 19 54.3393 A
11224500 1996 1 20 11.0964 A
11224500 1996 1 21 1.0132 A
11224500 1996 1 22 8.5597 A
11224500 1996 1 23 9.4356 A
11224500 1996 1 24 26.9771 A
11224500 1996 1 25 9.8287 A
11224500 1996 1 26 47.8094 A
11224500 1996 1 27 0.3679 A
11224500 1996 1 28 46.6694 A
11224500 1996 1 29 18.7208 A
11224500 1996 1 30 8.7102 A
11224500 1996 1 31 25.0379 A
11224500 1996 2 1 26.2576 A
11224500 1996 2 2 12.6503 A
11224500 1996 2 3 0.3679 A
11224500 1996 2 4 16.1167 A
11224500 1996 2 5 7.8405 A
11224500 1996 2 6 8.8608 A
11224500 1996 2 7 59.7023 A
11224500 1996 2 8 50.9199 A
11224500 1996 2 9 0.9320 A
11224500 1996 2 10 4.9107 A
11224500 1996 2 11 40.6777 A
11224500 1996 2 12 94.3352 A
11224500 1996 2 13 10.8168 A
11224500 1996 2 14 29.4370 A
11224500 1996 2 15 29.5872 A
11224500 1996 2 16 14.6068 A
11224500 1996 2 17 76.1517 A
11224500 1996 2 18 9.2074 A
11224500 1996 2 19 1.0756 A
11224500 1996 2 20 102.7178 A
11224500 1996 2 21 22.8113 A
11224500 1996 2 22 0.3679 A
11224500 1996 2 23 39.9086 A
11224500 1996 2 24 44.3721 A
11224500 1996 2 25 35.7411 A
11224500 1996 2 26 20.6830 A
11224500 1996 2 27 52.2446 A
11224500 1996 2 28 5.4609 A
11224500 1996 2 29 22.0617 A
11224500 1996 3 1 7.6094 A
11224500 1996 3 2 50.3533 A
11224500 1996 3 3 34.2889 A
11224500 1996 3 4 18.8650 A
11224500 1996 3 5 50.7281 A
11224500 1996 3 6 2.7403 A
11224500 1996 3 7 45.7358 A
11224500 1996 3 8 30.6075 A
11224500 1996 3 9 52.6365 A
11224500 1996 3 10 64.3261 A
11224500 1996 3 11 114.3786 A
11224500 1996 3 12 50.7725 A
11224500 1996 3 13 57.2093 A
11224500 1996 3 14 190.7923 A
11224500 1996 3 15 90.7188 A
11224500 1996 3 16 58.9098 A
11224500 1996 3 17 140.3863 A
11224500 1996 3 18 97.9255 A
11224500 1996 3 19 56.4057 A
11224500 1996 3 20 52.7947 A
11224500 1996 3 21 80.6182 A
11224500 1996 3 22 70.2461 A
11224500 1996 3 23 66.8312 A
11224500 1996 3 24 103.8801 A
11224500 1996 3 25 341.4830 A
11224500 1996 3 26 107.1371 A
11224500 1996 3 27 229.2879 A
11224500 1996 3 28 148.1672 A
11224500 1996 3 29 229.7918 A
11224500 1996 3 30 195.6080 A
11224500 1996 3 31 151.8375 A
11224500 1996 4 1 164.6839 A
11224500 1996 4 2 173.9068 A
11224500 1996 4 3 168.7784 A
11224500 1996 4 4 135.3755 A
11224500 1996 4 5 132.4474 A
11224500 1996 4 6 157.7120 A
11224500 1996 4 7 352.0669 A
11224500 1996 4 8 222.1580 A
11224500 1996 4 9 166.2744 A
11224500 1996 4 10 174.8722 A
11224500 1996 4 11 170.3911 A
11224500 1996 4 12 226.1960 A
11224500 1996 4 13 254.0527 A
11224500 1996 4 14 290.3417 A
11224500 1996 4 15 199.9249 A
11224500 1996 4 16 177.3988 A
11224500 1996 4 17 198.3068 A
11224500 1996 4 18 334.9169 A
11224500 1996 4 19 198.4599 A
11224500 1996 4 20 244.4638 A
11224500 1996 4 21 260.7924 A
11224500 1996 4 22 247.0442 A
11224500 1996 4 23 357.5046 A
11224500 1996 4 24 247.2002 A
11224500 1996 4 25 232.2381 A
11224500 1996 4 26 257.8184 A
11224500 1996 4 27 249.7632 A
11224500 1996 4 28 239.1278 A
11224500 1996 4 29 308.8179 A
11224500 1996 4 30 258.6381 A
11224500 1996 5 1 314.2383 A
11224500 1996 5 2 306.7926 A
11224500 1996 5 3 251.0218 A
11224500 1996 5 4 389.6688 A
11224500 1996 5 5 363.1477 A
11224500 1996 5 6 274.4001 A
11224500 1996 5 7 279.1853 A
11224500 1996 5 8 328.6813 A
11224500 1996 5 9 334.8463 A
11224500 1996 5 10 398.9955 A
11224500 1996 5 11 307.5819 A
11224500 1996 5 12 315.9402 A
11224500 1996 5 13 325.1175 A
11224500 1996 5 14 319.7955 A
11224500 1996 5 15 360.4468 A
11224500 1996 5 16 317.4655 A
11224500 1996 5 17 297.2675 A
11224500 1996 5 18 316.7880 A
11224500 1996 5 19 424.0848 A
11224500 1996 5 20 477.4903 A
11224500 1996 5 21 355.1773 A
11224500 1996 5 22 349.6659 A
11224500 1996 5 23 418.1806 A
11224500 1996 5 24 484.8043 A
11224500 1996 5 25 381.6538 A
11224500 1996 5 26 369.5968 A
11224500 1996 5 27 372.7234 A
11224500 1996 5 28 360.5636 A
11224500 1996 5 29 379.3959 A
11224500 1996 5 30 368.6114 A
11224500 1996 5 31 477.5864 A
11224500 1996 6 1 383.5818 A
11224500 1996 6 2 430.3205 A
11224500 1996 6 3 360.5213 A
11224500 1996 6 4 366.3146 A
11224500 1996 6 5 415.5271 A
11224500 1996 6 6 416.6301 A
11224500 1996 6 7 371.8969 A
11224500 1996 6 8 447.1330 A
11224500 1996 6 9 419.1407 A
11224500 1996 6 10 418.4029 A
11224500 1996 6 11 386.0322 A
11224500 1996 6 12 408.8809 A
11224500 1996 6 13 390.6282 A
11224500 1996 6 14 371.1918 A
11224500 1996 6 15 367.6591 A
11224500 1996 6 16 370.5587 A
11224500 1996 6 17 589.6398 A
11224500 1996 6 18 410.4962 A
11224500 1996 6 19 433.2777 A
11224500 1996 6 20 405.4371 A
11224500 1996 6 21 488.9567 A
11224500 1996 6 22 414.5105 A
11224500 1996 6 23 426.7502 A
11224500 1996 6 24 450.4045 A
11224500 1996 6 25 394.5909 A
11224500 1996 6 26 399.7476 A
11224500 1996 6 27 405.4350 A
11224500 1996 6 28 414.7163 A
11224500 1996 6 29 398.5441 A
11224500 1996 6 30 463.0834 A
11224500 1996 7 1 416.4740 A
11224500 1996 7 2 376.6700 A
11224500 1996 7 3 419.0555 A
11224500 1996 7 4 388.8848 A
11224500 1996 7 5 450.9538 A
11224500 1996 7 6 381.0664 A
11224500 1996 7 7 539.7807 A
11224500 1996 7 8 451.0143 A
11224500 1996 7 9 442.2707 A
11224500 1996 7 10 422.4174 A
11224500 1996 7 11 419.2785 A
11224500 1996 7 12 461.7469 A
11224500 1996 7 13 423.1894 A
11224500 1996 7 14 465.4990 A
11224500 1996 7 15 423.7501 A
11224500 1996 7 16 407.1229 A
11224500 1996 7 17 431.1442 A
11224500 1996 7 18 403.7475 A
11224500 1996 7 19 404.8416 A
11224500 1996 7 20 386.8280 A
11224500 1996 7 21 375.2274 A
11224500 1996 7 22 368.3791 A
11224500 1996 7 23 371.5235 A
11224500 1996 7 24 436.7194 A
11224500 1996 7 25 470.7588 A
11224500 1996 7 26 399.7832 A
11224500 1996 7 27 397.3064 A
11224500 1996 7 28 376.3714 A
11224500 1996 7 29 393.1220 A
11224500 1996 7 30 403.8476 A
11224500 1996 7 31 444.3113 A
11224500 1996 8 1 395.6478 A
11224500 1996 8 2 397.9690 A
11224500 1996 8 3 390.0171 A
11224500 1996 8 4 393.7254 A
11224500 1996 8 5 360.0413 A
11224500 1996 8 6 361.3899 A
11224500 1996 8 7 426.2069 A
11224500 1996 8 8 375.9048 A
11224500 1996 8 9 368.1396 A
11224500 1996 8 10 372.2790 A
11224500 1996 8 11 369.2131 A
11224500 1996 8 12 363.6425 A
11224500 1996 8 13 341.4635 A
11224500 1996 8 14 385.9152 A
11224500 1996 8 15 407.5760 A
11224500 1996 8 16 376.6002 A
11224500 1996 8 17 343.0041 A
11224500 1996 8 18 377.8870 A
11224500 1996 8 19 378.1992 A
11224500 1996 8 20 326.2434 A
11224500 1996 8 21 363.9285 A
11224500 1996 8 22 363.1722 A
11224500 1996 8 23 324.4693 A
11224500 1996 8 24 417.4315 A
11224500 1996 8 25 363.8971 A
11224500 1996 8 26 328.0552 A
11224500 1996 8 27 402.2808 A
11224500 1996 8 28 363.4744 A
11224500 1996 8 29 332.1854 A
11224500 1996 8 30 369.2227 A
11224500 1996 8 31 332.4012 A
11224500 1996 9 1 314.0061 A
11224500 1996 9 2 332.1321 A
11224500 1996 9 3 342.0636 A
11224500 1996 9 4 331.2485 A
11224500 1996 9 5 326.6369 A
11224500 1996 9 6 313.5589 A
11224500 1996 9 7 306.3047 A
11224500 1996 9 8 305.8328 A
11224500 1996 9 9 334.2635 A
11224500 1996 9 10 325.3088 A
11224500 1996 9 11 309.5909 A
11224500 1996 9 12 356.5329 A
11224500 1996 9 13 303.3102 A
11224500 1996 9 14 321.1951 A
11224500 1996 9 15 302.7737 A
11224500 1996 9 16 318.7646 A
11224500 1996 9 17 323.5261 A
11224500 1996 9 18 276.9172 A
11224500 1996 9 19 273.9655 A
11224500 1996 9 20 288.1091 A
11224500 1996 9 21 311.5544 A
11224500 1996 9 22 270.6693 A
11224500 1996 9 23 307.6566 A
11224500 1996 9 24 273.8230 A
11224500 1996 9 25 325.9187 A
11224500 1996 9 26 254.8052 A
11224500 1996 9 27 328.8312 A
11224500 1996 9 28 326.5446 A
11224500 1996 9 29 280.5706 A
11224500 1996 9 30 289.4563 A
11224500 1996 10 1 321.3647 A
11224500 1996 10 2 297.7514 A
11224500 1996 10 3 272.8227 A
11224500 1996 10 4 259.0925 A
11224500 1996 10 5 250.0905 A
11224500 1996 10 6 309.3408 A
11224500 1996 10 7 255.5772 A
11224500 1996 10 8 253.7509 A
11224500 1996 10 9 230.2523 A
11224500 1996 10 10 226.0672 A
11224500 1996 10 11 259.9097 A
11224500 1996 10 12 219.1774 A
11224500 1996 10 13 259.7347 A
11224500 1996 10 14 253.3131 A
11224500 1996 10 15 289.6763 A
11224500 1996 10 16 220.5645 A
11224500 1996 10 17 228.2738 A
11224500 1996 10 18 225.5514 A
11224500 1996 10 19 222.5235 A
11224500 1996 10 20 206.1424 A
11224500 1996 10 21 214.8090 A
11224500 1996 10 22 195.2483 A
11224500 1996 10 23 186.2482 A
11224500 1996 10 24 169.7751 A
11224500 1996 10 25 177.9152 A
11224500 1996 10 26 190.9725 A
11224500 1996 10 27 170.6099 A
11224500 1996 10 28 164.8032 A
11224500 1996 10 29 156.4789 A
11224500 1996 10 30 145.6035 A
11224500 1996 10 31 160.8917 A
11224500 1996 11 1 138.1737 A
11224500 1996 11 2 130.6540 A
11224500 1996 11 3 143.2502 A
11224500 1996 11 4 146.4036 A
11224500 1996 11 5 134.6604 A
11224500 1996 11 6 125.3101 A
11224500 1996 11 7 110.7875 A
11224500 1996 11 8 121.1107 A
11224500 1996 11 9 107.7593 A
11224500 1996 11 10 97.9047 A
11224500 1996 11 11 81.1492 A
11224500 1996 11 12 80.4565 A
11224500 1996 11 13 89.5849 A
11224500 1996 11 14 60.5710 A
11224500 1996 11 15 132.0671 A
11224500 1996 11 16 75.1949 A
11224500 1996 11 17 64.1749 A
11224500 1996 11 18 64.5646 A
11224500 1996 11 19 47.4963 A
11224500 1996 11 20 46.0919 A
11224500 1996 11 21 26.7592 A
11224500 1996 11 22 63.7758 A
11224500 1996 11 23 23.5058 A
11224500 1996 11 24 33.4912 A
11224500 1996 11 25 42.1767 A
11224500 1996 11 26 29.4445 A
11224500 1996 11 27 17.5184 A
11224500 1996 11 28 33.5283 A
11224500 1996 11 29 26.0187 A
11224500 1996 11 30 0.3679 A
11224500 1996 12 1 21.5654 A
11224500 1996 12 2 3.1405 A
11224500 1996 12 3 12.7956 A
11224500 1996 12 4 11.2850 A
11224500 1996 12 5 11.6082 A
11224500 1996 12 6 10.9328 A
11224500 1996 12 7 63.8315 A
11224500 1996 12 8 12.8819 A
11224500 1996 12 9 4.5915 A
11224500 1996 12 10 14.5983 A
11224500 1996 12 11 45.5571 A
11224500 1996 12 12 6.9022 A
11224500 1996 12 13 33.9916 A
11224500 1996 12 14 27.9197 A
11224500 1996 12 15 0.3679 A
11224500 1996 12 16 10.6144 A
11224500 1996 12 17 1.0190 A
11224500 1996 12 18 23.3829 A
11224500 1996 12 19 17.7896 A
11224500 1996 12 20 3.3719 A
11224500 1996 12 21 25.0178 A
11224500 1996 12 22 20.2155 A
11224500 1996 12 23 68.5295 A
11224500 1996 12 24 23.8848 A
11224500 1996 12 25 9.9565 A
11224500 1996 12 26 20.9120 A
11224500 1996 12 27 5.6780 A
11224500 1996 12 28 12.8053 A
11224500 1996 12 29 5.3560 A
11224500 1996 12 30 15.1395 A
11224500 1996 12 31 63.2123 A
11224500 1997 1 1 21.0859 A
11224500 1997 1 2 7.7135 A
11224500 1997 1 3 52.1990 A
11224500 1997 1 4 23.5935 A
11224500 1997 1 5 15.9428 A
11224500 1997 1 6 41.5488 A
11224500 1997 1 7 0.3679 A
11224500 1997 1 8 89.2545 A
11224500 1997 1 9 48.8049 A
11224500 1997 1 10 25.6234 A
11224500 1997 1 11 11.6202 A
11224500 1997 1 12 23.2498 A
11224500 1997 1 13 29.1968 A
11224500 1997 1 14 105.6268 A
11224500 1997 1 15 53.5329 A
11224500 1997 1 16 17.7176 A
11224500 1997 1 17 27.2578 A
11224500 1997 1 18 0.3679 A
11224500 1997 1 19 0.3679 A
11224500 1997 1 20 8.4703 A
11224500 1997 1 21 5.8635 A
11224500 1997 1 22 9.1638 A
11224500 1997 1 23 25.0217 A
11224500 1997 1 24 20.9262 A
11224500 1997 1 25 32.1108 A
11224500 1997 1 26 38.2598 A
11224500 1997 1 27 0.3679 A
11224500 1997 1 28 69.7732 A
11224500 1997 1 29 37.6851 A
11224500 1997 1 30 0.3679 A
11224500 1997 1 31 12.7731 A
11224500 1997 2 1 71.2474 A
11224500 1997 2 2 37.3720 A
11224500 1997 2 3 5.1981 A
11224500 1997 2 4 11.3495 A
11224500 1997 2 5 5.9091 A
11224500 1997 2 6 17.2868 A
11224500 1997 2 7 106.2594 A
11224500 1997 2 8 13.4504 A
11224500 1997 2 9 75.2833 A
11224500 1997 2 10 15.8732 A
11224500 1997 2 11 21.5158 A
11224500 1997 2 12 47.1913 A
11224500 1997 2 13 20.6231 A
11224500 1997 2 14 42.7397 A
11224500 1997 2 15 28.6967 A
11224500 1997 2 16 28.9862 A
11224500 1997 2 17 12.8202 A
11224500 1997 2 18 7.9569 A
11224500 1997 2 19 7.2523 A
11224500 1997 2 20 50.4164 A
11224500 1997 2 21 0.3679 A
11224500 1997 2 22 17.5839 A
11224500 1997 2 23 79.1628 A
11224500 1997 2 24 53.6066 A
11224500 1997 2 25 37.5283 A
11224500 1997 2 26 15.0089 A
11224500 1997 2 27 23.8635 A
11224500 1997 2 28 27.7759 A
11224500 1997 3 1 21.9216 A
11224500 1997 3 2 15.1096 A
11224500 1997 3 3 23.2293 A
11224500 1997 3 4 54.9409 A
11224500 1997 3 5 18.3092 A
11224500 1997 3 6 27.6668 A
11224500 1997 3 7 77.8689 A
11224500 1997 3 8 21.3019 A
11224500 1997 3 9 25.2842 A
11224500 1997 3 10 27.9062 A
11224500 1997 3 11 25.3949 A
11224500 1997 3 12 53.8990 A
11224500 1997 3 13 24.6241 A
11224500 1997 3 14 21.6800 A
11224500 1997 3 15 37.4150 A
11224500 1997 3 16 18.1638 A
11224500 1997 3 17 157.1917 A
11224500 1997 3 18 114.0033 A
11224500 1997 3 19 77.0086 A
11224500 1997 3 20 70.3927 A
11224500 1997 3 21 49.3005 A
11224500 1997 3 22 68.2444 A
11224500 1997 3 23 129.0713 A
11224500 1997 3 24 60.9824 A
11224500 1997 3 25 64.5481 A
11224500 1997 3 26 120.4974 A
11224500 1997 3 27 63.7442 A
11224500 1997 3 28 83.3892 A
11224500 1997 3 29 38.1383 A
11224500 1997 3 30 155.6550 A
11224500 1997 3 31 121.4026 A
11224500 1997 4 1 107.6910 A
11224500 1997 4 2 67.5471 A
11224500 1997 4 3 125.3041 A
11224500 1997 4 4 101.3455 A
11224500 1997 4 5 86.9798 A
11224500 1997 4 6 67.0145 A
11224500 1997 4 7 150.6199 A
11224500 1997 4 8 95.0178 A
11224500 1997 4 9 60.7775 A
11224500 1997 4 10 105.7084 A
11224500 1997 4 11 65.3725 A
11224500 1997 4 12 74.3596 A
11224500 1997 4 13 67.6624 A
11224500 1997 4 14 124.8519 A
11224500 1997 4 15 77.6873 A
11224500 1997 4 16 90.1248 A
11224500 1997 4 17 138.1190 A
11224500 1997 4 18 85.6594 A
11224500 1997 4 19 113.3585 A
11224500 1997 4 20 170.2328 A
11224500 1997 4 21 147.1304 A
11224500 1997 4 22 124.7355 A
11224500 1997 4 23 98.5203 A
11224500 1997 4 24 108.1229 A
11224500 1997 4 25 104.9768 A
11224500 1997 4 26 93.5085 A
11224500 1997 4 27 115.5701 A
11224500 1997 4 28 128.4654 A
11224500 1997 4 29 75.8860 A
11224500 1997 4 30 140.7681 A
11224500 1997 5 1 115.2696 A
11224500 1997 5 2 123.7091 A
11224500 1997 5 3 118.1051 A
11224500 1997 5 4 130.4064 A
11224500 1997 5 5 233.8528 A
11224500 1997 5 6 103.6874 A
11224500 1997 5 7 253.6924 A
11224500 1997 5 8 242.9253 A
11224500 1997 5 9 159.1853 A
11224500 1997 5 10 146.5662 A
11224500 1997 5 11 136.8021 A
11224500 1997 5 12 139.2761 A
11224500 1997 5 13 146.7060 A
11224500 1997 5 14 163.9856 A
11224500 1997 5 15 128.6510 A
11224500 1997 5 16 114.6812 A
11224500 1997 5 17 174.4777 A
11224500 1997 5 18 125.9617 A
11224500 1997 5 19 162.5824 A
11224500 1997 5 20 133.2836 A
11224500 1997 5 21 160.5292 A
11224500 1997 5 22 136.0672 A
11224500 1997 5 23 187.2854 A
11224500 1997 5 24 199.7497 A
11224500 1997 5 25 142.2592 A
11224500 1997 5 26 126.8615 A
11224500 1997 5 27 187.9270 A
11224500 1997 5 28 116.2272 A
11224500 1997 5 29 148.8969 A
11224500 1997 5 30 413.5522 A
11224500 1997 5 31 218.8361 A
11224500 1997 6 1 177.2388 A
11224500 1997 6 2 248.2088 A
11224500 1997 6 3 186.4706 A
11224500 1997 6 4 209.2720 A
11224500 1997 6 5 232.6483 A
11224500 1997 6 6 271.4135 A
11224500 1997 6 7 192.3319 A
11224500 1997 6 8 260.7338 A
11224500 1997 6 9 207.7522 A
11224500 1997 6 10 207.4292 A
11224500 1997 6 11 219.8814 A
11224500 1997 6 12 210.0760 A
11224500 1997 6 13 186.4558 A
11224500 1997 6 14 201.8268 A
11224500 1997 6 15 173.6374 A
11224500 1997 6 16 265.7957 A
11224500 1997 6 17 175.3088 A
11224500 1997 6 18 193.4345 A
11224500 1997 6 19 270.8282 A
11224500 1997 6 20 198.4444 A
11224500 1997 6 21 168.4039 A
11224500 1997 6 22 174.2067 A
11224500 1997 6 23 217.7493 A
11224500 1997 6 24 189.2258 A
11224500 1997 6 25 197.9437 A
11224500 1997 6 26 191.6827 A
11224500 1997 6 27 293.1979 A
11224500 1997 6 28 336.6735 A
11224500 1997 6 29 209.6213 A
11224500 1997 6 30 281.7881 A
11224500 1997 7 1 226.1651 A
11224500 1997 7 2 222.0120 A
11224500 1997 7 3 206.7162 A
11224500 1997 7 4 325.0425 A
11224500 1997 7 5 229.0540 A
11224500 1997 7 6 268.7292 A
11224500 1997 7 7 208.9538 A
11224500 1997 7 8 202.3005 A
11224500 1997 7 9 228.2732 A
11224500 1997 7 10 296.0441 A
11224500 1997 7 11 253.5286 A
11224500 1997 7 12 284.9914 A
11224500 1997 7 13 217.6428 A
11224500 1997 7 14 213.0093 A
11224500 1997 7 15 223.2722 A
11224500 1997 7 16 219.4894 A
11224500 1997 7 17 249.2516 A
11224500 1997 7 18 309.5790 A
11224500 1997 7 19 257.3689 A
11224500 1997 7 20 206.9945 A
11224500 1997 7 21 262.6955 A
11224500 1997 7 22 209.1371 A
11224500 1997 7 23 226.6581 A
11224500 1997 7 24 231.0975 A
11224500 1997 7 25 258.5296 A
11224500 1997 7 26 228.5095 A
11224500 1997 7 27 205.6209 A
11224500 1997 7 28 195.2102 A
11224500 1997 7 29 189.0019 A
11224500 1997 7 30 214.0183 A
11224500 1997 7 31 293.5373 A
11224500 1997 8 1 199.4560 A
11224500 1997 8 2 224.5505 A
11224500 1997 8 3 221.4405 A
11224500 1997 8 4 283.5936 A
11224500 1997 8 5 256.8780 A
11224500 1997 8 6 203.8614 A
11224500 1997 8 7 200.7773 A
11224500 1997 8 8 238.1410 A
11224500 1997 8 9 236.5519 A
11224500 1997 8 10 269.2206 A
11224500 1997 8 11 207.3680 A
11224500 1997 8 12 197.7663 A
11224500 1997 8 13 228.9096 A
11224500 1997 8 14 223.4769 A
11224500 1997 8 15 239.7393 A
11224500 1997 8 16 210.6576 A
11224500 1997 8 17 184.1224 A
11224500 1997 8 18 178.9005 A
11224500 1997 8 19 218.5990 A
11224500 1997 8 20 290.0416 A
11224500 1997 8 21 266.1074 A
11224500 1997 8 22 305.7163 A
11224500 1997 8 23 225.9879 A
11224500 1997 8 24 204.5236 A
11224500 1997 8 25 199.0718 A
11224500 1997 8 26 211.3598 A
11224500 1997 8 27 187.4309 A
11224500 1997 8 28 209.4952 A
11224500 1997 8 29 190.9442 A
11224500 1997 8 30 343.3534 A
11224500 1997 8 31 219.2959 A
11224500 1997 9 1 219.7931 A
11224500 1997 9 2 250.0753 A
11224500 1997 9 3 213.2810 A
11224500 1997 9 4 193.7527 A
11224500 1997 9 5 205.8991 A
11224500 1997 9 6 186.2479 A
11224500 1997 9 7 204.0434 A
11224500 1997 9 8 197.8544 A
11224500 1997 9 9 166.7713 A
11224500 1997 9 10 159.5003 A
11224500 1997 9 11 171.9643 A
11224500 1997 9 12 186.2113 A
11224500 1997 9 13 172.3495 A
11224500 1997 9 14 150.6466 A
11224500 1997 9 15 150.6666 A
11224500 1997 9 16 164.0149 A
11224500 1997 9 17 153.5578 A
11224500 1997 9 18 159.9525 A
11224500 1997 9 19 137.2575 A
11224500 1997 9 20 137.7493 A
11224500 1997 9 21 127.5370 A
11224500 1997 9 22 153.5459 A
11224500 1997 9 23 162.9333 A
11224500 1997 9 24 174.0806 A
11224500 1997 9 25 135.6032 A
11224500 1997 9 26 190.5277 A
11224500 1997 9 27 124.2819 A
11224500 1997 9 28 171.5743 A
11224500 1997 9 29 116.6733 A
11224500 1997 9 30 112.1009 A
11224500 1997 10 1 114.1705 A
11224500 1997 10 2 103.4263 A
11224500 1997 10 3 170.0720 A
11224500 1997 10 4 137.6431 A
11224500 1997 10 5 112.0798 A
11224500 1997 10 6 125.9990 A
11224500 1997 10 7 132.8568 A
11224500 1997 10 8 123.0884 A
11224500 1997 10 9 96.2305 A
11224500 1997 10 10 95.6325 A
11224500 1997 10 11 79.7684 A
11224500 1997 10 12 76.9486 A
11224500 1997 10 13 68.2708 A
11224500 1997 10 14 113.1915 A
11224500 1997 10 15 65.2869 A
11224500 1997 10 16 69.3672 A
11224500 1997 10 17 87.6084 A
11224500 1997 10 18 67.1881 A
11224500 1997 10 19 40.7090 A
11224500 1997 10 20 57.4142 A
11224500 1997 10 21 35.8135 A
11224500 1997 10 22 79.8355 A
11224500 1997 10 23 70.1987 A
11224500 1997 10 24 25.3122 A
11224500 1997 10 25 61.2559 A
11224500 1997 10 26 75.6080 A
11224500 1997 10 27 25.2991 A
11224500 1997 10 28 35.4316 A
11224500 1997 10 29 12.7546 A
11224500 1997 10 30 25.2608 A
11224500 1997 10 31 4.0698 A
11224500 1997 11 1 3.4958 A
11224500 1997 11 2 12.2510 A
11224500 1997 11 3 0.3679 A
11224500 1997 11 4 16.1186 A
11224500 1997 11 5 0.3679 A
11224500 1997 11 6 19.9842 A
11224500 1997 11 7 13.0221 A
11224500 1997 11 8 4.4453 A
11224500 1997 11 9 14.7625 A
11224500 1997 11 10 2.8868 A
11224500 1997 11 11 30.2756 A
11224500 1997 11 12 5.8558 A
11224500 1997 11 13 15.7289 A
11224500 1997 11 14 33.6668 A
11224500 1997 11 15 1.5637 A
11224500 1997 11 16 4.9603 A
11224500 1997 11 17 4.8507 A
11224500 1997 11 18 5.9679 A
11224500 1997 11 19 9.6209 A
11224500 1997 11 20 6.2607 A
11224500 1997 11 21 3.3057 A
11224500 1997 11 22 28.4274 A
11224500 1997 11 23 10.4705 A
11224500 1997 11 24 26.4333 A
11224500 1997 11 25 17.1543 A
11224500 1997 11 26 39.3689 A
11224500 1997 11 27 18.6712 A
11224500 1997 11 28 8.1478 A
11224500 1997 11 29 17.2079 A
11224500 1997 11 30 5.2422 A
11224500 1997 12 1 4.3932 A
11224500 1997 12 2 7.4213 A
11224500 1997 12 3 17.7788 A
11224500 1997 12 4 14.4428 A
11224500 1997 12 5 9.9513 A
11224500 1997 12 6 19.7560 A
11224500 1997 12 7 27.5846 A
11224500 1997 12 8 21.9455 A
11224500 1997 12 9 2.9372 A
11224500 1997 12 10 58.8348 A
11224500 1997 12 11 7.0921 A
11224500 1997 12 12 18.6012 A
11224500 1997 12 13 0.3679 A
11224500 1997 12 14 7.5200 A
11224500 1997 12 15 11.2452 A
11224500 1997 12 16 19.4843 A
11224500 1997 12 17 6.5166 A
11224500 1997 12 18 0.3679 A
11224500 1997 12 19 14.3906 A
11224500 1997 12 20 5.4229 A
11224500 1997 12 21 28.1726 A
11224500 1997 12 22 21.5125 A
11224500 1997 12 23 0.3679 A
11224500 1997 12 24 7.6214 A
11224500 1997 12 25 26.3131 A
11224500 1997 12 26 0.3679 A
11224500 1997 12 27 4.1626 A
11224500 1997 12 28 9.7928 A
11224500 1997 12 29 21.6711 A
11224500 1997 12 30 2.7537 A
11224500 1997 12 31 6.6557 A
11224500 1998 1 1 28.7216 A
11224500 1998 1 2 36.0259 A
11224500 1998 1 3 14.3400 A
11224500 1998 1 4 42.7197 A
11224500 1998 1 5 9.7279 A
11224500 1998 1 6 30.5018 A
11224500 1998 1 7 20.3456 A
11224500 1998 1 8 2.0264 A
11224500 1998 1 9 28.8705 A
11224500 1998 1 10 2.6799 A
11224500 1998 1 11 2.9306 A
11224500 1998 1 12 34.7650 A
11224500 1998 1 13 13.4131 A
11224500 1998 1 14 19.6014 A
11224500 1998 1 15 7.7704 A
11224500 1998 1 16 44.7907 A
11224500 1998 1 17 59.4966 A
11224500 1998 1 18 81.7936 A
11224500 1998 1 19 20.5015 A
11224500 1998 1 20 24.8249 A
11224500 1998 1 21 0.3679 A
11224500 1998 1 22 18.5634 A
11224500 1998 1 23 19.0388 A
11224500 1998 1 24 14.8732 A
11224500 1998 1 25 4.8987 A
11224500 1998 1 26 15.8158 A
11224500 1998 1 27 62.3779 A
11224500 1998 1 28 0.3679 A
11224500 1998 1 29 0.3679 A
11224500 1998 1 30 20.5904 A
11224500 1998 1 31 22.0934 A
11224500 1998 2 1 13.1753 A
11224500 1998 2 2 16.7977 A
11224500 1998 2 3 61.8553 A
11224500 1998 2 4 6.9304 A
11224500 1998 2 5 2.8438 A
11224500 1998 2 6 18.5397 A
11224500 1998 2 7 10.0829 A
11224500 1998 2 8 24.0249 A
11224500 1998 2 9 92.8616 A
11224500 1998 2 10 66.1421 A
11224500 1998 2 11 19.9035 A
11224500 1998 2 12 25.0559 A
11224500 1998 2 13 3.7473 A
11224500 1998 2 14 22.0893 A
11224500 1998 2 15 29.4277 A
11224500 1998 2 16 74.1676 A
11224500 1998 2 17 0.3679 A
11224500 1998 2 18 8.5944 A
11224500 1998 2 19 19.2510 A
11224500 1998 2 20 3.3745 A
11224500 1998 2 21 78.4605 A
11224500 1998 2 22 98.8969 A
11224500 1998 2 23 9.2832 A
11224500 1998 2 24 8.5416 A
11224500 1998 2 25 17.2935 A
11224500 1998 2 26 11.0471 A
11224500 1998 2 27 47.6684 A
11224500 1998 2 28 60.1906 A
11224500 1998 3 1 46.5698 A
11224500 1998 3 2 124.1121 A
11224500 1998 3 3 52.3646 A
11224500 1998 3 4 37.6668 A
11224500 1998 3 5 40.3544 A
11224500 1998 3 6 43.3554 A
11224500 1998 3 7 24.9841 A
11224500 1998 3 8 35.0139 A
11224500 1998 3 9 13.2576 A
11224500 1998 3 10 30.9177 A
11224500 1998 3 11 24.9595 A
11224500 1998 3 12 18.9564 A
11224500 1998 3 13 25.5631 A
11224500 1998 3 14 27.6467 A
11224500 1998 3 15 31.7884 A
11224500 1998 3 16 56.2928 A
11224500 1998 3 17 31.2587 A
11224500 1998 3 18 39.9070 A
11224500 1998 3 19 54.2064 A
11224500 1998 3 20 37.9008 A
11224500 1998 3 21 50.8796 A
11224500 1998 3 22 27.4729 A
11224500 1998 3 23 3.7401 A
11224500 1998 3 24 35.9075 A
11224500 1998 3 25 0.3679 A
11224500 1998 3 26 75.4013 A
11224500 1998 3 27 66.8690 A
11224500 1998 3 28 119.7545 A
11224500 1998 3 29 42.2762 A
11224500 1998 3 30 27.8443 A
11224500 1998 3 31 36.1317 A
11224500 1998 4 1 38.3783 A
11224500 1998 4 2 98.8933 A
11224500 1998 4 3 44.7180 A
11224500 1998 4 4 149.4256 A
11224500 1998 4 5 66.0251 A
11224500 1998 4 6 59.7307 A
11224500 1998 4 7 45.8783 A
11224500 1998 4 8 122.1160 A
11224500 1998 4 9 85.1525 A
11224500 1998 4 10 77.8531 A
11224500 1998 4 11 47.1538 A
11224500 1998 4 12 124.4540 A
11224500 1998 4 13 186.6242 A
11224500 1998 4 14 131.9302 A
11224500 1998 4 15 122.1896 A
11224500 1998 4 16 86.4134 A
11224500 1998 4 17 90.6503 A
11224500 1998 4 18 60.1208 A
11224500 1998 4 19 87.8877 A
11224500 1998 4 20 53.9485 A
11224500 1998 4 21 101.9160 A
11224500 1998 4 22 51.9614 A
11224500 1998 4 23 59.1786 A
11224500 1998 4 24 43.3656 A
11224500 1998 4 25 89.8834 A
11224500 1998 4 26 58.8781 A
11224500 1998 4 27 56.1348 A
11224500 1998 4 28 72.1996 A
11224500 1998 4 29 118.9959 A
11224500 1998 4 30 53.0785 A
11224500 1998 5 1 85.8900 A
11224500 1998 5 2 96.2920 A
11224500 1998 5 3 56.4671 A
11224500 1998 5 4 85.9297 A
11224500 1998 5 5 41.7667 A
11224500 1998 5 6 65.3430 A
11224500 1998 5 7 56.2482 A
11224500 1998 5 8 65.9754 A
11224500 1998 5 9 48.4292 A
11224500 1998 5 10 36.3529 A
11224500 1998 5 11 209.3584 A
11224500 1998 5 12 59.9381 A
11224500 1998 5 13 44.7587 A
11224500 1998 5 14 33.8238 A
11224500 1998 5 15 42.9425 A
11224500 1998 5 16 66.6727 A
11224500 1998 5 17 151.8004 A
11224500 1998 5 18 42.1165 A
11224500 1998 5 19 41.4975 A
11224500 1998 5 20 44.9018 A
11224500 1998 5 21 28.7229 A
11224500 1998 5 22 119.5850 A
11224500 1998 5 23 95.4373 A
11224500 1998 5 24 422.4636 A
11224500 1998 5 25 154.6671 A
11224500 1998 5 26 131.7857 A
11224500 1998 5 27 154.7672 A
11224500 1998 5 28 228.4952 A
11224500 1998 5 29 267.9846 A
11224500 1998 5 30 148.3521 A
11224500 1998 5 31 202.0680 A
11224500 1998 6 1 173.5615 A
11224500 1998 6 2 143.8930 A
11224500 1998 6 3 198.1985 A
11224500 1998 6 4 161.0238 A
11224500 1998 6 5 153.9374 A
11224500 1998 6 6 291.4235 A
11224500 1998 6 7 165.5228 A
11224500 1998 6 8 212.0316 A
11224500 1998 6 9 174.4707 A
11224500 1998 6 10 174.9692 A
11224500 1998 6 11 172.6737 A
11224500 1998 6 12 231.9811 A
11224500 1998 6 13 215.2103 A
11224500 1998 6 14 160.8107 A
11224500 1998 6 15 303.5959 A
11224500 1998 6 16 210.7955 A
11224500 1998 6 17 354.5904 A
11224500 1998 6 18 362.3158 A
11224500 1998 6 19 341.2578 A
11224500 1998 6 20 429.8798 A
11224500 1998 6 21 324.0131 A
11224500 1998 6 22 323.6351 A
11224500 1998 6 23 288.1532 A
11224500 1998 6 24 291.8078 A
11224500 1998 6 25 357.1357 A
11224500 1998 6 26 279.5481 A
11224500 1998 6 27 270.1163 A
11224500 1998 6 28 468.7271 A
11224500 1998 6 29 363.3255 A
11224500 1998 6 30 377.2117 A
11224500 1998 7 1 301.2580 A
11224500 1998 7 2 343.0237 A
11224500 1998 7 3 306.1264 A
11224500 1998 7 4 298.7703 A
11224500 1998 7 5 324.3110 A
11224500 1998 7 6 381.0543 A
11224500 1998 7 7 312.8977 A
11224500 1998 7 8 339.2798 A
11224500 1998 7 9 370.0803 A
11224500 1998 7 10 360.3754 A
11224500 1998 7 11 323.2498 A
11224500 1998 7 12 375.0883 A
11224500 1998 7 13 314.1083 A
11224500 1998 7 14 301.4004 A
11224500 1998 7 15 344.6851 A
11224500 1998 7 16 458.8079 A
11224500 1998 7 17 348.7245 A
11224500 1998 7 18 340.8333 A
11224500 1998 7 19 330.0177 A
11224500 1998 7 20 353.3447 A
11224500 1998 7 21 392.6917 A
11224500 1998 7 22 340.5557 A
11224500 1998 7 23 406.2505 A
11224500 1998 7 24 379.4837 A
11224500 1998 7 25 368.1870 A
11224500 1998 7 26 390.6744 A
11224500 1998 7 27 329.6798 A
11224500 1998 7 28 339.5318 A
11224500 1998 7 29 348.1487 A
11224500 1998 7 30 315.2269 A
11224500 1998 7 31 312.3751 A
11224500 1998 8 1 339.4410 A
11224500 1998 8 2 317.0820 A
11224500 1998 8 3 317.3434 A
11224500 1998 8 4 297.8109 A
11224500 1998 8 5 354.3672 A
11224500 1998 8 6 309.5078 A
11224500 1998 8 7 302.7882 A
11224500 1998 8 8 338.4351 A
11224500 1998 8 9 333.8383 A
11224500 1998 8 10 292.0247 A
11224500 1998 8 11 283.5194 A
11224500 1998 8 12 288.4898 A
11224500 1998 8 13 311.9992 A
11224500 1998 8 14 306.7366 A
11224500 1998 8 15 277.1190 A
11224500 1998 8 16 266.4414 A
11224500 1998 8 17 271.6364 A
11224500 1998 8 18 269.1714 A
11224500 1998 8 19 279.7094 A
11224500 1998 8 20 253.5908 A
11224500 1998 8 21 246.9827 A
11224500 1998 8 22 254.6375 A
11224500 1998 8 23 271.2343 A
11224500 1998 8 24 237.4801 A
11224500 1998 8 25 220.1162 A
11224500 1998 8 26 248.5580 A
11224500 1998 8 27 242.8308 A
11224500 1998 8 28 224.3560 A
11224500 1998 8 29 217.2647 A
11224500 1998 8 30 229.9536 A
11224500 1998 8 31 227.5256 A
11224500 1998 9 1 208.9826 A
11224500 1998 9 2 203.8590 A
11224500 1998 9 3 239.6481 A
11224500 1998 9 4 199.6043 A
11224500 1998 9 5 225.6333 A
11224500 1998 9 6 216.9246 A
11224500 1998 9 7 253.7809 A
11224500 1998 9 8 198.4051 A
11224500 1998 9 9 206.2472 A
11224500 1998 9 10 286.5279 A
11224500 1998 9 11 204.4409 A
11224500 1998 9 12 212.3783 A
11224500 1998 9 13 232.2242 A
11224500 1998 9 14 232.4964 A
11224500 1998 9 15 213.8900 A
11224500 1998 9 16 208.9502 A
11224500 1998 9 17 200.1595 A
11224500 1998 9 18 195.4361 A
11224500 1998 9 19 218.2785 A
11224500 1998 9 20 175.5326 A
11224500 1998 9 21 173.1754 A
11224500 1998 9 22 165.1157 A
11224500 1998 9 23 157.1906 A
11224500 1998 9 24 175.7649 A
11224500 1998 9 25 180.7952 A
11224500 1998 9 26 152.6245 A
11224500 1998 9 27 143.1722 A
11224500 1998 9 28 151.3663 A
11224500 1998 9 29 124.2090 A
11224500 1998 9 30 208.3113 A
11224500 1998 10 1 138.3107 A
11224500 1998 10 2 142.3188 A
11224500 1998 10 3 129.5050 A
11224500 1998 10 4 114.4234 A
11224500 1998 10 5 119.2569 A
11224500 1998 10 6 115.6998 A
11224500 1998 10 7 112.3931 A
11224500 1998 10 8 97.5262 A
11224500 1998 10 9 123.4216 A
11224500 1998 10 10 93.3136 A
11224500 1998 10 11 97.3582 A
11224500 1998 10 12 106.5530 A
11224500 1998 10 13 64.1943 A
11224500 1998 10 14 76.2868 A
11224500 1998 10 15 85.6230 A
11224500 1998 10 16 104.7806 A
11224500 1998 10 17 81.0722 A
11224500 1998 10 18 80.5045 A
11224500 1998 10 19 72.9294 A
11224500 1998 10 20 63.9489 A
11224500 1998 10 21 73.6149 A
11224500 1998 10 22 60.9434 A
11224500 1998 10 23 80.6720 A
11224500 1998 10 24 46.7678 A
11224500 1998 10 25 40.6915 A
11224500 1998 10 26 31.0510 A
11224500 1998 10 27 39.4506 A
11224500 1998 10 28 17.2429 A
11224500 1998 10 29 36.8887 A
11224500 1998 10 30 7.4329 A
11224500 1998 10 31 18.3205 A
11224500 1998 11 1 32.3451 A
11224500 1998 11 2 15.1112 A
11224500 1998 11 3 27.7412 A
11224500 1998 11 4 5.8634 A
11224500 1998 11 5 8.5780 A
11224500 1998 11 6 14.9788 A
11224500 1998 11 7 0.3679 A
11224500 1998 11 8 55.3605 A
11224500 1998 11 9 3.7819 A
11224500 1998 11 10 0.8685 A
11224500 1998 11 11 30.9789 A
11224500 1998 11 12 25.2829 A
11224500 1998 11 13 1.7474 A
11224500 1998 11 14 0.3679 A
11224500 1998 11 15 23.6162 A
11224500 1998 11 16 9.2064 A
11224500 1998 11 17 7.7923 A
11224500 1998 11 18 21.0829 A
11224500 1998 11 19 11.2778 A
11224500 1998 11 20 15.5070 A
11224500 1998 11 21 8.5456 A
11224500 1998 11 22 22.0975 A
11224500 1998 11 23 66.8378 A
11224500 1998 11 24 2.9198 A
11224500 1998 11 25 29.2116 A
11224500 1998 11 26 14.7664 A
11224500 1998 11 27 31.9173 A
11224500 1998 11 28 0.3679 A
11224500 1998 11 29 20.9158 A
11224500 1998 11 30 7.5098 A
11224500 1998 12 1 10.2058 A
11224500 1998 12 2 0.3679 A
11224500 1998 12 3 17.4266 A
11224500 1998 12 4 5.1864 A
11224500 1998 12 5 11.0900 A
11224500 1998 12 6 19.4624 A
11224500 1998 12 7 0.3679 A
11224500 1998 12 8 0.3679 A
11224500 1998 12 9 0.3679 A
11224500 1998 12 10 0.3679 A
11224500 1998 12 11 31.2108 A
11224500 1998 12 12 4.7536 A
11224500 1998 12 13 30.7138 A
11224500 1998 12 14 14.2360 A
11224500 1998 12 15 9.3831 A
11224500 1998 12 16 6.1323 A
11224500 1998 12 17 62.2928 A
11224500 1998 12 18 35.0734 A
11224500 1998 12 19 13.7448 A
11224500 1998 12 20 19.9315 A
11224500 1998 12 21 17.3469 A
11224500 1998 12 22 10.6374 A
11224500 1998 12 23 16.0906 A
11224500 1998 12 24 32.7794 A
11224500 1998 12 25 4.5219 A
11224500 1998 12 26 0.3679 A
11224500 1998 12 27 41.7198 A
11224500 1998 12 28 42.6065 A
11224500 1998 12 29 36.7049 A
11224500 1998 12 30 43.1946 A
11224500 1998 12 31 9.1698 A
11224500 1999 1 1 16.0968 A
11224500 1999 1 2 5.5827 A
11224500 1999 1 3 48.8285 A
11224500 1999 1 4 13.3144 A
11224500 1999 1 5 8.9310 A
11224500 1999 1 6 0.3679 A
11224500 1999 1 7 64.6869 A
11224500 1999 1 8 59.1348 A
11224500 1999 1 9 5.7290 A
11224500 1999 1 10 23.7294 A
11224500 1999 1 11 0.6677 A
11224500 1999 1 12 20.6108 A
11224500 1999 1 13 40.2900 A
11224500 1999 1 14 16.7237 A
11224500 1999 1 15 7.1529 A
11224500 1999 1 16 43.1870 A
11224500 1999 1 17 2.3922 A
11224500 1999 1 18 47.8283 A
11224500 1999 1 19 11.2673 A
11224500 1999 1 20 9.9907 A
11224500 1999 1 21 3.4132 A
11224500 1999 1 22 11.1828 A
11224500 1999 1 23 5.7527 A
11224500 1999 1 24 21.9440 A
11224500 1999 1 25 29.0340 A
11224500 1999 1 26 21.8891 A
11224500 1999 1 27 101.4964 A
11224500 1999 1 28 15.4622 A
11224500 1999 1 29 40.1121 A
11224500 1999 1 30 16.4793 A
11224500 1999 1 31 112.7568 A
11224500 1999 2 1 30.2409 A
11224500 1999 2 2 24.1280 A
11224500 1999 2 3 7.6984 A
11224500 1999 2 4 0.3679 A
11224500 1999 2 5 24.4543 A
11224500 1999 2 6 16.5192 A
11224500 1999 2 7 0.3679 A
11224500 1999 2 8 17.2007 A
11224500 1999 2 9 19.9811 A
11224500 1999 2 10 67.0076 A
11224500 1999 2 11 2.8366 A
11224500 1999 2 12 252.4057 A
11224500 1999 2 13 34.1237 A
11224500 1999 2 14 103.3834 A
11224500 1999 2 15 109.3611 A
11224500 1999 2 16 111.8844 A
11224500 1999 2 17 75.5648 A
11224500 1999 2 18 54.2445 A
11224500 1999 2 19 85.1018 A
11224500 1999 2 20 71.8816 A
11224500 1999 2 21 55.3692 A
11224500 1999 2 22 50.8072 A
11224500 1999 2 23 55.3437 A
11224500 1999 2 24 23.4416 A
11224500 1999 2 25 45.0172 A
11224500 1999 2 26 38.5078 A
11224500 1999 2 27 38.4284 A
11224500 1999 2 28 38.1959 A
11224500 1999 3 1 25.9152 A
11224500 1999 3 2 14.5929 A
11224500 1999 3 3 13.3103 A
11224500 1999 3 4 14.4866 A
11224500 1999 3 5 25.4228 A
11224500 1999 3 6 10.5265 A
11224500 1999 3 7 5.9026 A
11224500 1999 3 8 47.9434 A
11224500 1999 3 9 24.3244 A
11224500 1999 3 10 22.7128 A
11224500 1999 3 11 49.2804 A
11224500 1999 3 12 77.3962 A
11224500 1999 3 13 65.0462 A
11224500 1999 3 14 44.2456 A
11224500 1999 3 15 14.1827 A
11224500 1999 3 16 21.1181 A
11224500 1999 3 17 3.3720 A
11224500 1999 3 18 42.3166 A
11224500 1999 3 19 50.8019 A
11224500 1999 3 20 83.5152 A
11224500 1999 3 21 29.9617 A
11224500 1999 3 22 67.7378 A
11224500 1999 3 23 42.4796 A
11224500 1999 3 24 104.7004 A
11224500 1999 3 25 96.6740 A
11224500 1999 3 26 58.5116 A
11224500 1999 3 27 126.2021 A
11224500 1999 3 28 185.6377 A
11224500 1999 3 29 196.2921 A
11224500 1999 3 30 118.9185 A
11224500 1999 3 31 212.0962 A
11224500 1999 4 1 116.3491 A
11224500 1999 4 2 117.4905 A
11224500 1999 4 3 109.6582 A
11224500 1999 4 4 114.6564 A
11224500 1999 4 5 162.2027 A
11224500 1999 4 6 88.5860 A
11224500 1999 4 7 106.0220 A
11224500 1999 4 8 91.1889 A
11224500 1999 4 9 159.7613 A
11224500 1999 4 10 156.5258 A
11224500 1999 4 11 90.6041 A
11224500 1999 4 12 103.7582 A
11224500 1999 4 13 127.6262 A
11224500 1999 4 14 76.1023 A
11224500 1999 4 15 121.6771 A
11224500 1999 4 16 113.4830 A
11224500 1999 4 17 162.8332 A
11224500 1999 4 18 99.1223 A
11224500 1999 4 19 144.4331 A
11224500 1999 4 20 245.8601 A
11224500 1999 4 21 164.4263 A
11224500 1999 4 22 132.1794 A
11224500 1999 4 23 168.8242 A
11224500 1999 4 24 151.2313 A
11224500 1999 4 25 203.0368 A
11224500 1999 4 26 145.0160 A
11224500 1999 4 27 209.0959 A
11224500 1999 4 28 139.6182 A
11224500 1999 4 29 210.0802 A
11224500 1999 4 30 207.7442 A
11224500 1999 5 1 145.4955 A
11224500 1999 5 2 181.3906 A
11224500 1999 5 3 148.2039 A
11224500 1999 5 4 181.7457 A
11224500 1999 5 5 126.8890 A
11224500 1999 5 6 253.8554 A
11224500 1999 5 7 257.1817 A
11224500 1999 5 8 220.6798 A
11224500 1999 5 9 340.3729 A
11224500 1999 5 10 293.8152 A
11224500 1999 5 11 273.2575 A
11224500 1999 5 12 239.3262 A
11224500 1999 5 13 255.2087 A
11224500 1999 5 14 198.4565 A
11224500 1999 5 15 248.6411 A
11224500 1999 5 16 246.3853 A
11224500 1999 5 17 204.0252 A
11224500 1999 5 18 223.0570 A
11224500 1999 5 19 344.5860 A
11224500 1999 5 20 320.2997 A
11224500 1999 5 21 281.8351 A
11224500 1999 5 22 285.3072 A
11224500 1999 5 23 289.0963 A
11224500 1999 5 24 289.4547 A
11224500 1999 5 25 350.7249 A
11224500 1999 5 26 289.6396 A
11224500 1999 5 27 280.3636 A
11224500 1999 5 28 301.1202 A
11224500 1999 5 29 305.1093 A
11224500 1999 5 30 282.3515 A
11224500 1999 5 31 319.5449 A
11224500 1999 6 1 360.8515 A
11224500 1999 6 2 294.2260 A
11224500 1999 6 3 460.0927 A
11224500 1999 6 4 296.5489 A
11224500 1999 6 5 308.8873 A
11224500 1999 6 6 284.9298 A
11224500 1999 6 7 285.7110 A
11224500 1999 6 8 317.7916 A
11224500 1999 6 9 423.5748 A
11224500 1999 6 10 349.1858 A
11224500 1999 6 11 345.2771 A
11224500 1999 6 12 388.8670 A
11224500 1999 6 13 410.2018 A
11224500 1999 6 14 497.4754 A
11224500 1999 6 15 412.2146 A
11224500 1999 6 16 530.4574 A
11224500 1999 6 17 460.6099 A
11224500 1999 6 18 390.0293 A
11224500 1999 6 19 455.7068 A
11224500 1999 6 20 406.3475 A
11224500 1999 6 21 402.9872 A
11224500 1999 6 22 376.6040 A
11224500 1999 6 23 435.2359 A
11224500 1999 6 24 430.0458 A
11224500 1999 6 25 416.3269 A
11224500 1999 6 26 409.1373 A
11224500 1999 6 27 546.1411 A
11224500 1999 6 28 432.5425 A
11224500 1999 6 29 430.3314 A
11224500 1999 6 30 432.0521 A
11224500 1999 7 1 428.0630 A
11224500 1999 7 2 405.0518 A
11224500 1999 7 3 462.1016 A
11224500 1999 7 4 449.5082 A
11224500 1999 7 5 440.6290 A
11224500 1999 7 6 540.8915 A
11224500 1999 7 7 423.5707 A
11224500 1999 7 8 461.9452 A
11224500 1999 7 9 493.0190 A
11224500 1999 7 10 457.9349 A
11224500 1999 7 11 467.3207 A
11224500 1999 7 12 454.1789 A
11224500 1999 7 13 536.1069 A
11224500 1999 7 14 556.1072 A
11224500 1999 7 15 483.7285 A
11224500 1999 7 16 487.4375 A
11224500 1999 7 17 496.6946 A
11224500 1999 7 18 470.8362 A
11224500 1999 7 19 496.0838 A
11224500 1999 7 20 485.8290 A
11224500 1999 7 21 506.0467 A
11224500 1999 7 22 463.1805 A
11224500 1999 7 23 518.5540 A
11224500 1999 7 24 453.8354 A
11224500 1999 7 25 487.1067 A
11224500 1999 7 26 474.9411 A
11224500 1999 7 27 479.2814 A
11224500 1999 7 28 474.2129 A
11224500 1999 7 29 503.4978 A
11224500 1999 7 30 475.5043 A
11224500 1999 7 31 469.4133 A
11224500 1999 8 1 501.8823 A
11224500 1999 8 2 578.4288 A
11224500 1999 8 3 462.7566 A
11224500 1999 8 4 492.4942 A
11224500 1999 8 5 480.2523 A
11224500 1999 8 6 488.6686 A
11224500 1999 8 7 463.0692 A
11224500 1999 8 8 618.6685 A
11224500 1999 8 9 481.3819 A
11224500 1999 8 10 465.8033 A
11224500 1999 8 11 483.2042 A
11224500 1999 8 12 462.4090 A
11224500 1999 8 13 457.6276 A
11224500 1999 8 14 508.8765 A
11224500 1999 8 15 449.9265 A
11224500 1999 8 16 458.1072 A
11224500 1999 8 17 469.2635 A
11224500 1999 8 18 443.5584 A
11224500 1999 8 19 496.5874 A
11224500 1999 8 20 450.2074 A
11224500 1999 8 21 444.0535 A
11224500 1999 8 22 564.5440 A
11224500 1999 8 23 451.4510 A
11224500 1999 8 24 442.8844 A
11224500 1999 8 25 430.2123 A
11224500 1999 8 26 453.7349 A
11224500 1999 8 27 516.2794 A
11224500 1999 8 28 444.6904 A
11224500 1999 8 29 436.9943 A
11224500 1999 8 30 465.2588 A
11224500 1999 8 31 426.0206 A
11224500 1999 9 1 436.9461 A
11224500 1999 9 2 432.2482 A
11224500 1999 9 3 441.3860 A
11224500 1999 9 4 409.6296 A
11224500 1999 9 5 474.6474 A
11224500 1999 9 6 413.2540 A
11224500 1999 9 7 403.3291 A
11224500 1999 9 8 408.7304 A
11224500 1999 9 9 396.5042 A
11224500 1999 9 10 377.0232 A
11224500 1999 9 11 413.7305 A
11224500 1999 9 12 376.2000 A
11224500 1999 9 13 450.6130 A
11224500 1999 9 14 425.3402 A
11224500 1999 9 15 389.1106 A
11224500 1999 9 16 423.4155 A
11224500 1999 9 17 424.1910 A
11224500 1999 9 18 414.6168 A
11224500 1999 9 19 377.4086 A
11224500 1999 9 20 402.5553 A
11224500 1999 9 21 414.8147 A
11224500 1999 9 22 380.7580 A
11224500 1999 9 23 373.9654 A
11224500 1999 9 24 408.2499 A
11224500 1999 9 25 387.6093 A
11224500 1999 9 26 384.7841 A
11224500 1999 9 27 375.7341 A
11224500 1999 9 28 380.3721 A
11224500 1999 9 29 376.3690 A
11224500 1999 9 30 383.5290 A
11224500 1999 10 1 347.3585 A
11224500 1999 10 2 390.9909 A
11224500 1999 10 3 343.1858 A
11224500 1999 10 4 355.6257 A
11224500 1999 10 5 366.3493 A
11224500 1999 10 6 339.9690 A
11224500 1999 10 7 330.8331 A
11224500 1999 10 8 328.5693 A
11224500 1999 10 9 349.7558 A
11224500 1999 10 10 310.3125 A
11224500 1999 10 11 314.9531 A
11224500 1999 10 12 304.3808 A
11224500 1999 10 13 311.2292 A
11224500 1999 10 14 320.4640 A
11224500 1999 10 15 297.0223 A
11224500 1999 10 16 296.2454 A
11224500 1999 10 17 277.2832 A
11224500 1999 10 18 267.2359 A
11224500 1999 10 19 279.2644 A
11224500 1999 10 20 250.1692 A
11224500 1999 10 21 252.0125 A
11224500 1999 10 22 330.3857 A
11224500 1999 10 23 250.5493 A
11224500 1999 10 24 269.8322 A
11224500 1999 10 25 245.3620 A
11224500 1999 10 26 252.3361 A
11224500 1999 10 27 232.7119 A
11224500 1999 10 28 232.3634 A
11224500 1999 10 29 258.6906 A
11224500 1999 10 30 234.5570 A
11224500 1999 10 31 223.7905 A
11224500 1999 11 1 212.6644 A
11224500 1999 11 2 235.9401 A
11224500 1999 11 3 207.6650 A
11224500 1999 11 4 225.8947 A
11224500 1999 11 5 192.0671 A
11224500 1999 11 6 195.4752 A
11224500 1999 11 7 194.8703 A
11224500 1999 11 8 176.4408 A
11224500 1999 11 9 168.1536 A
11224500 1999 11 10 181.5215 A
11224500 1999 11 11 173.2302 A
11224500 1999 11 12 174.3215 A
11224500 1999 11 13 169.2504 A
11224500 1999 11 14 149.6276 A
11224500 1999 11 15 194.4251 A
11224500 1999 11 16 160.4826 A
11224500 1999 11 17 142.0064 A
11224500 1999 11 18 135.7149 A
11224500 1999 11 19 119.5913 A
11224500 1999 11 20 168.1536 A
11224500 1999 11 21 147.1447 A
11224500 1999 11 22 117.0774 A
11224500 1999 11 23 107.0444 A
11224500 1999 11 24 103.4051 A
11224500 1999 11 25 118.7078 A
11224500 1999 11 26 96.2279 A
11224500 1999 11 27 108.9971 A
11224500 1999 11 28 115.7549 A
11224500 1999 11 29 90.7854 A
11224500 1999 11 30 72.5904 A
11224500 1999 12 1 120.8212 A
11224500 1999 12 2 72.9301 A
11224500 1999 12 3 62.2033 A
11224500 1999 12 4 69.5370 A
11224500 1999 12 5 57.7591 A
11224500 1999 12 6 63.3694 A
11224500 1999 12 7 32.5516 A
11224500 1999 12 8 50.2876 A
11224500 1999 12 9 70.0155 A
11224500 1999 12 10 55.1699 A
11224500 1999 12 11 48.8570 A
11224500 1999 12 12 23.3859 A
11224500 1999 12 13 25.4494 A
11224500 1999 12 14 44.1372 A
11224500 1999 12 15 6.2785 A
11224500 1999 12 16 0.3679 A
11224500 1999 12 17 72.8476 A
11224500 1999 12 18 4.5010 A
11224500 1999 12 19 11.0962 A
11224500 1999 12 20 31.0525 A
11224500 1999 12 21 45.0934 A
11224500 1999 12 22 24.7857 A
11224500 1999 12 23 8.5300 A
11224500 1999 12 24 24.6080 A
11224500 1999 12 25 20.0770 A
11224500 1999 12 26 25.5792 A
11224500 1999 12 27 0.8382 A
11224500 1999 12 28 9.4845 A
11224500 1999 12 29 11.4104 A
11224500 1999 12 30 25.4237 A
11224500 1999 12 31 50.6659 A
11224500 2000 1 1 7.5459 A
11224500 2000 1 2 1.6396 A
11224500 2000 1 3 15.2000 A
11224500 2000 1 4 23.2753 A
11224500 2000 1 5 7.9354 A
11224500 2000 1 6 8.8948 A
11224500 2000 1 7 14.7138 A
11224500 2000 1 8 11.8536 A
11224500 2000 1 9 7.2532 A
11224500 2000 1 10 5.0679 A
11224500 2000 1 11 10.5554 A
11224500 2000 1 12 7.9096 A
11224500 2000 1 13 15.1306 A
11224500 2000 1 14 14.6310 A
11224500 2000 1 15 5.0033 A
11224500 2000 1 16 6.9872 A
11224500 2000 1 17 10.6926 A
11224500 2000 1 18 61.2780 A
11224500 2000 1 19 13.0547 A
11224500 2000 1 20 36.7764 A
11224500 2000 1 21 46.5213 A
11224500 2000 1 22 23.1519 A
11224500 2000 1 23 13.7197 A
11224500 2000 1 24 12.6737 A
11224500 2000 1 25 11.7446 A
11224500 2000 1 26 25.0398 A
11224500 2000 1 27 9.7451 A
11224500 2000 1 28 0.3679 A
11224500 2000 1 29 108.9742 A
11224500 2000 1 30 17.3201 A
11224500 2000 1 31 32.9720 A
11224500 2000 2 1 20.7362 A
11224500 2000 2 2 12.0339 A
11224500 2000 2 3 9.9300 A
11224500 2000 2 4 4.3421 A
11224500 2000 2 5 74.3888 A
11224500 2000 2 6 14.3066 A
11224500 2000 2 7 9.8996 A
11224500 2000 2 8 6.9789 A
11224500 2000 2 9 29.4444 A
11224500 2000 2 10 69.7951 A
11224500 2000 2 11 41.5867 A
11224500 2000 2 12 0.3679 A
11224500 2000 2 13 114.3061 A
11224500 2000 2 14 63.0787 A
11224500 2000 2 15 58.1364 A
11224500 2000 2 16 34.6213 A
11224500 2000 2 17 53.6039 A
11224500 2000 2 18 64.1266 A
11224500 2000 2 19 14.1457 A
11224500 2000 2 20 12.1630 A
11224500 2000 2 21 39.8055 A
11224500 2000 2 22 7.8988 A
11224500 2000 2 23 46.2606 A
11224500 2000 2 24 39.0242 A
11224500 2000 2 25 50.7554 A
11224500 2000 2 26 23.6745 A
11224500 2000 2 27 67.4508 A
11224500 2000 2 28 55.8576 A
11224500 2000 2 29 36.6615 A
11224500 2000 3 1 46.5246 A
11224500 2000 3 2 148.9499 A
11224500 2000 3 3 57.9810 A
11224500 2000 3 4 40.3634 A
11224500 2000 3 5 41.2176 A
11224500 2000 3 6 102.5420 A
11224500 2000 3 7 55.3101 A
11224500 2000 3 8 30.7574 A
11224500 2000 3 9 31.1120 A
11224500 2000 3 10 64.8091 A
11224500 2000 3 11 29.0993 A
11224500 2000 3 12 22.8418 A
11224500 2000 3 13 118.2248 A
11224500 2000 3 14 66.9635 A
11224500 2000 3 15 76.2578 A
11224500 2000 3 16 62.4129 A
11224500 2000 3 17 172.9806 A
11224500 2000 3 18 50.4839 A
11224500 2000 3 19 76.7067 A
11224500 2000 3 20 134.1635 A
11224500 2000 3 21 77.8999 A
11224500 2000 3 22 48.5702 A
11224500 2000 3 23 100.0892 A
11224500 2000 3 24 54.3469 A
11224500 2000 3 25 69.9455 A
11224500 2000 3 26 99.3914 A
11224500 2000 3 27 70.0737 A
11224500 2000 3 28 165.8567 A
11224500 2000 3 29 128.4781 A
11224500 2000 3 30 157.5914 A
11224500 2000 3 31 110.1375 A
11224500 2000 4 1 106.8785 A
11224500 2000 4 2 137.7012 A
11224500 2000 4 3 182.9486 A
11224500 2000 4 4 211.2625 A
11224500 2000 4 5 191.8358 A
11224500 2000 4 6 137.8624 A
11224500 2000 4 7 114.8349 A
11224500 2000 4 8 174.4029 A
11224500 2000 4 9 127.1173 A
11224500 2000 4 10 139.5388 A
11224500 2000 4 11 258.7969 A
11224500 2000 4 12 172.4171 A
11224500 2000 4 13 221.2416 A
11224500 2000 4 14 153.1736 A
11224500 2000 4 15 156.8187 A
11224500 2000 4 16 161.0394 A
11224500 2000 4 17 230.7066 A
11224500 2000 4 18 158.5126 A
11224500 2000 4 19 184.5927 A
11224500 2000 4 20 161.7462 A
11224500 2000 4 21 157.2955 A
11224500 2000 4 22 138.0545 A
11224500 2000 4 23 168.3008 A
11224500 2000 4 24 166.8039 A
11224500 2000 4 25 133.7520 A
11224500 2000 4 26 119.9263 A
11224500 2000 4 27 143.1952 A
11224500 2000 4 28 221.0749 A
11224500 2000 4 29 152.0731 A
11224500 2000 4 30 169.5356 A
11224500 2000 5 1 154.5105 A
11224500 2000 5 2 129.9114 A
11224500 2000 5 3 271.0670 A
11224500 2000 5 4 222.9156 A
11224500 2000 5 5 161.9551 A
11224500 2000 5 6 303.6382 A
11224500 2000 5 7 303.4565 A
11224500 2000 5 8 203.3690 A
11224500 2000 5 9 210.4649 A
11224500 2000 5 10 210.5563 A
11224500 2000 5 11 230.1355 A
11224500 2000 5 12 281.9709 A
11224500 2000 5 13 228.6897 A
11224500 2000 5 14 229.0085 A
11224500 2000 5 15 240.3558 A
11224500 2000 5 16 267.1878 A
11224500 2000 5 17 242.1583 A
11224500 2000 5 18 385.9440 A
11224500 2000 5 19 258.4222 A
11224500 2000 5 20 306.1734 A
11224500 2000 5 21 251.0989 A
11224500 2000 5 22 360.4511 A
11224500 2000 5 23 259.6906 A
11224500 2000 5 24 302.6826 A
11224500 2000 5 25 243.3430 A
11224500 2000 5 26 244.8128 A
11224500 2000 5 27 341.8967 A
11224500 2000 5 28 333.8836 A
11224500 2000 5 29 559.2931 A
11224500 2000 5 30 357.8152 A
11224500 2000 5 31 321.1582 A
11224500 2000 6 1 321.0805 A
11224500 2000 6 2 441.4729 A
11224500 2000 6 3 340.7726 A
11224500 2000 6 4 326.0868 A
11224500 2000 6 5 313.4501 A
11224500 2000 6 6 315.4076 A
11224500 2000 6 7 320.1856 A
11224500 2000 6 8 334.1541 A
11224500 2000 6 9 314.3505 A
11224500 2000 6 10 291.9824 A
11224500 2000 6 11 364.5899 A
11224500 2000 6 12 368.8304 A
11224500 2000 6 13 306.8610 A
11224500 2000 6 14 388.1044 A
11224500 2000 6 15 349.3476 A
11224500 2000 6 16 327.3516 A
11224500 2000 6 17 323.9554 A
11224500 2000 6 18 342.6781 A
11224500 2000 6 19 404.9016 A
11224500 2000 6 20 314.9464 A
11224500 2000 6 21 321.0209 A
11224500 2000 6 22 310.4527 A
11224500 2000 6 23 414.1309 A
11224500 2000 6 24 331.9756 A
11224500 2000 6 25 360.1546 A
11224500 2000 6 26 465.3869 A
11224500 2000 6 27 353.1351 A
11224500 2000 6 28 391.1962 A
11224500 2000 6 29 399.8236 A
11224500 2000 6 30 370.8708 A
11224500 2000 7 1 495.7953 A
11224500 2000 7 2 446.4901 A
11224500 2000 7 3 386.0956 A
11224500 2000 7 4 358.8044 A
11224500 2000 7 5 478.8982 A
11224500 2000 7 6 530.4869 A
11224500 2000 7 7 402.9821 A
11224500 2000 7 8 442.6666 A
11224500 2000 7 9 399.4113 A
11224500 2000 7 10 457.3542 A
11224500 2000 7 11 426.7749 A
11224500 2000 7 12 487.2426 A
11224500 2000 7 13 506.5567 A
11224500 2000 7 14 441.3460 A
11224500 2000 7 15 439.3176 A
11224500 2000 7 16 481.6925 A
11224500 2000 7 17 429.7041 A
11224500 2000 7 18 447.2623 A
11224500 2000 7 19 414.3938 A
11224500 2000 7 20 424.6475 A
11224500 2000 7 21 403.3300 A
11224500 2000 7 22 431.0610 A
11224500 2000 7 23 432.7401 A
11224500 2000 7 24 426.7836 A
11224500 2000 7 25 459.7821 A
11224500 2000 7 26 485.4140 A
11224500 2000 7 27 536.1696 A
11224500 2000 7 28 478.3290 A
11224500 2000 7 29 452.9098 A
11224500 2000 7 30 437.3930 A
11224500 2000 7 31 458.2021 A
11224500 2000 8 1 453.7229 A
11224500 2000 8 2 489.8619 A
11224500 2000 8 3 501.0867 A
11224500 2000 8 4 526.6865 A
11224500 2000 8 5 482.6970 A
11224500 2000 8 6 491.2744 A
11224500 2000 8 7 573.8432 A
11224500 2000 8 8 483.9915 A
11224500 2000 8 9 486.3069 A
11224500 2000 8 10 529.3838 A
11224500 2000 8 11 462.1689 A
11224500 2000 8 12 462.7617 A
11224500 2000 8 13 478.3782 A
11224500 2000 8 14 487.0593 A
11224500 2000 8 15 505.6830 A
11224500 2000 8 16 451.0471 A
11224500 2000 8 17 491.4745 A
11224500 2000 8 18 455.5562 A
11224500 2000 8 19 486.4011 A
11224500 2000 8 20 431.8521 A
11224500 2000 8 21 474.9037 A
11224500 2000 8 22 462.3291 A
11224500 2000 8 23 434.4994 A
11224500 2000 8 24 483.3622 A
11224500 2000 8 25 421.4017 A
11224500 2000 8 26 482.9753 A
11224500 2000 8 27 453.8211 A
11224500 2000 8 28 429.3056 A
11224500 2000 8 29 518.2752 A
11224500 2000 8 30 434.3909 A
11224500 2000 8 31 428.6382 A
11224500 2000 9 1 407.9911 A
11224500 2000 9 2 443.8495 A
11224500 2000 9 3 481.3674 A
11224500 2000 9 4 417.0969 A
11224500 2000 9 5 398.5728 A
11224500 2000 9 6 464.9558 A
11224500 2000 9 7 392.2378 A
11224500 2000 9 8 459.5047 A
11224500 2000 9 9 469.0124 A
11224500 2000 9 10 426.5267 A
11224500 2000 9 11 408.7700 A
11224500 2000 9 12 452.7537 A
11224500 2000 9 13 455.8725 A
11224500 2000 9 14 426.2573 A
11224500 2000 9 15 402.4640 A
11224500 2000 9 16 473.6439 A
11224500 2000 9 17 456.2684 A
11224500 2000 9 18 431.3274 A
11224500 2000 9 19 510.4080 A
11224500 2000 9 20 418.5651 A
11224500 2000 9 21 444.4391 A
11224500 2000 9 22 422.8300 A
11224500 2000 9 23 412.0552 A
11224500 2000 9 24 396.9861 A
11224500 2000 9 25 403.1478 A
11224500 2000 9 26 373.4005 A
11224500 2000 9 27 402.4464 A
11224500 2000 9 28 373.0846 A
11224500 2000 9 29 394.1128 A
11224500 2000 9 30 376.1949 A
11224500 2000 10 1 369.3502 A
11224500 2000 10 2 363.4447 A
11224500 2000 10 3 358.1925 A
11224500 2000 10 4 370.2664 A
11224500 2000 10 5 362.4246 A
11224500 2000 10 6 341.4735 A
11224500 2000 10 7 350.4110 A
11224500 2000 10 8 333.9104 A
11224500 2000 10 9 331.7591 A
11224500 2000 10 10 326.7749 A
11224500 2000 10 11 362.0363 A
11224500 2000 10 12 308.2594 A
11224500 2000 10 13 305.3450 A
11224500 2000 10 14 308.4612 A
11224500 2000 10 15 291.9409 A
11224500 2000 10 16 302.5005 A
11224500 2000 10 17 308.4677 A
11224500 2000 10 18 326.2269 A
11224500 2000 10 19 295.2444 A
11224500 2000 10 20 290.3103 A
11224500 2000 10 21 316.8360 A
11224500 2000 10 22 295.7232 A
11224500 2000 10 23 267.0645 A
11224500 2000 10 24 294.7904 A
11224500 2000 10 25 327.8248 A
11224500 2000 10 26 252.9294 A
11224500 2000 10 27 285.2392 A
11224500 2000 10 28 267.8485 A
11224500 2000 10 29 248.4012 A
11224500 2000 10 30 255.1945 A
11224500 2000 10 31 240.1326 A
11224500 2000 11 1 252.7688 A
11224500 2000 11 2 233.4152 A
11224500 2000 11 3 238.1850 A
11224500 2000 11 4 218.1153 A
11224500 2000 11 5 210.0212 A
11224500 2000 11 6 231.3931 A
11224500 2000 11 7 216.7195 A
11224500 2000 11 8 203.8060 A
11224500 2000 11 9 207.5851 A
11224500 2000 11 10 212.9156 A
11224500 2000 11 11 193.7701 A
11224500 2000 11 12 178.9973 A
11224500 2000 11 13 201.7309 A
11224500 2000 11 14 184.1211 A
11224500 2000 11 15 161.2869 A
11224500 2000 11 16 211.9827 A
11224500 2000 11 17 175.6618 A
11224500 2000 11 18 180.5114 A
11224500 2000 11 19 156.3534 A
11224500 2000 11 20 165.0811 A
11224500 2000 11 21 143.6487 A
11224500 2000 11 22 145.5761 A
11224500 2000 11 23 117.9031 A
11224500 2000 11 24 126.2387 A
11224500 2000 11 25 109.8156 A
11224500 2000 11 26 126.1648 A
11224500 2000 11 27 140.5147 A
11224500 2000 11 28 99.1041 A
11224500 2000 11 29 120.0006 A
11224500 2000 11 30 118.8472 A
11224500 2000 12 1 98.5526 A
11224500 2000 12 2 111.4322 A
11224500 2000 12 3 98.0651 A
11224500 2000 12 4 113.9911 A
11224500 2000 12 5 119.3891 A
11224500 2000 12 6 84.3181 A
11224500 2000 12 7 84.4994 A
11224500 2000 12 8 66.3955 A
11224500 2000 12 9 76.4313 A
11224500 2000 12 10 54.8648 A
11224500 2000 12 11 47.0031 A
11224500 2000 12 12 70.8571 A
11224500 2000 12 13 67.5059 A
11224500 2000 12 14 37.0570 A
11224500 2000 12 15 53.9532 A
11224500 2000 12 16 26.4351 A
11224500 2000 12 17 44.2876 A
11224500 2000 12 18 29.5126 A
11224500 2000 12 19 50.3118 A
11224500 2000 12 20 10.9255 A
11224500 2000 12 21 17.3812 A
11224500 2000 12 22 23.1642 A
11224500 2000 12 23 4.9341 A
11224500 2000 12 24 17.4225 A
11224500 2000 12 25 34.8216 A
11224500 2000 12 26 13.1101 A
11224500 2000 12 27 14.2971 A
11224500 2000 12 28 6.6098 A
11224500 2000 12 29 0.7566 A
11224500 2000 12 30 2.6396 A
11224500 2000 12 31 15.0992 A
11224500 2001 1 1 11.8246 A
11224500 2001 1 2 15.5618 A
11224500 2001 1 3 15.5471 A
11224500 2001 1 4 31.4840 A
11224500 2001 1 5 8.0790 A
11224500 2001 1 6 1.1869 A
11224500 2001 1 7 26.1844 A
11224500 2001 1 8 33.3892 A
11224500 2001 1 9 34.7623 A
11224500 2001 1 10 7.9829 A
11224500 2001 1 11 4.7273 A
11224500 2001 1 12 8.0288 A
11224500 2001 1 13 94.6443 A
11224500 2001 1 14 24.5366 A
11224500 2001 1 15 14.1868 A
11224500 2001 1 16 6.3577 A
11224500 2001 1 17 44.2124 A
11224500 2001 1 18 5.2375 A
11224500 2001 1 19 11.4725 A
11224500 2001 1 20 60.0932 A
11224500 2001 1 21 14.5691 A
11224500 2001 1 22 8.0700 A
11224500 2001 1 23 8.2617 A
11224500 2001 1 24 23.9242 A
11224500 2001 1 25 20.3634 A
11224500 2001 1 26 19.0846 A
11224500 2001 1 27 31.3152 A
11224500 2001 1 28 16.8919 A
11224500 2001 1 29 42.4137 A
11224500 2001 1 30 22.5246 A
11224500 2001 1 31 5.6772 A
11224500 2001 2 1 24.6520 A
11224500 2001 2 2 63.8375 A
11224500 2001 2 3 15.1556 A
11224500 2001 2 4 81.1966 A
11224500 2001 2 5 61.0666 A
11224500 2001 2 6 4.7504 A
11224500 2001 2 7 49.0828 A
11224500 2001 2 8 45.2378 A
11224500 2001 2 9 16.8826 A
11224500 2001 2 10 36.3208 A
11224500 2001 2 11 0.3679 A
11224500 2001 2 12 3.0126 A
11224500 2001 2 13 15.6254 A
11224500 2001 2 14 23.6312 A
11224500 2001 2 15 24.4703 A
11224500 2001 2 16 45.3851 A
11224500 2001 2 17 41.0649 A
11224500 2001 2 18 11.7593 A
11224500 2001 2 19 48.0754 A
11224500 2001 2 20 42.4295 A
11224500 2001 2 21 23.6203 A
11224500 2001 2 22 3.9820 A
11224500 2001 2 23 50.6666 A
11224500 2001 2 24 15.0428 A
11224500 2001 2 25 41.9078 A
11224500 2001 2 26 84.0177 A
11224500 2001 2 27 20.3988 A
11224500 2001 2 28 24.2910 A
11224500 2001 3 1 53.5725 A
11224500 2001 3 2 49.3525 A
11224500 2001 3 3 5.8834 A
11224500 2001 3 4 4.7771 A
11224500 2001 3 5 4.3367 A
11224500 2001 3 6 14.8407 A
11224500 2001 3 7 90.7197 A
11224500 2001 3 8 38.6756 A
11224500 2001 3 9 31.4707 A
11224500 2001 3 10 24.8094 A
11224500 2001 3 11 9.1830 A
11224500 2001 3 12 13.5910 A
11224500 2001 3 13 39.9732 A
11224500 2001 3 14 88.0670 A
11224500 2001 3 15 104.8933 A
11224500 2001 3 16 32.0531 A
11224500 2001 3 17 49.3299 A
11224500 2001 3 18 32.0069 A
11224500 2001 3 19 80.4782 A
11224500 2001 3 20 45.3835 A
11224500 2001 3 21 54.1996 A
11224500 2001 3 22 39.2271 A
11224500 2001 3 23 19.2290 A
11224500 2001 3 24 88.4440 A
11224500 2001 3 25 26.8081 A
11224500 2001 3 26 66.9458 A
11224500 2001 3 27 34.5506 A
11224500 2001 3 28 24.1388 A
11224500 2001 3 29 76.3584 A
11224500 2001 3 30 84.5619 A
11224500 2001 3 31 55.1359 A
11224500 2001 4 1 66.7989 A
11224500 2001 4 2 211.9116 A
11224500 2001 4 3 167.8297 A
11224500 2001 4 4 76.8340 A
11224500 2001 4 5 143.8644 A
11224500 2001 4 6 137.7364 A
11224500 2001 4 7 146.9633 A
11224500 2001 4 8 85.2381 A
11224500 2001 4 9 80.1667 A
11224500 2001 4 10 76.8664 A
11224500 2001 4 11 67.1378 A
11224500 2001 4 12 54.5767 A
11224500 2001 4 13 121.0138 A
11224500 2001 4 14 161.2179 A
11224500 2001 4 15 225.3038 A
11224500 2001 4 16 111.7376 A
11224500 2001 4 17 145.8661 A
11224500 2001 4 18 102.9389 A
11224500 2001 4 19 135.7979 A
11224500 2001 4 20 101.4964 A
11224500 2001 4 21 95.7943 A
11224500 2001 4 22 161.4791 A
11224500 2001 4 23 107.4995 A
11224500 2001 4 24 126.9792 A
11224500 2001 4 25 127.7776 A
11224500 2001 4 26 124.3859 A
11224500 2001 4 27 133.0967 A
11224500 2001 4 28 161.7183 A
11224500 2001 4 29 154.5238 A
11224500 2001 4 30 152.4073 A
11224500 2001 5 1 109.0413 A
11224500 2001 5 2 153.6742 A
11224500 2001 5 3 132.3560 A
11224500 2001 5 4 105.2861 A
11224500 2001 5 5 150.7792 A
11224500 2001 5 6 142.8432 A
11224500 2001 5 7 248.4121 A
11224500 2001 5 8 201.0804 A
11224500 2001 5 9 194.4148 A
11224500 2001 5 10 147.7648 A
11224500 2001 5 11 169.7647 A
11224500 2001 5 12 212.6236 A
11224500 2001 5 13 186.2068 A
11224500 2001 5 14 231.2904 A
11224500 2001 5 15 217.3543 A
11224500 2001 5 16 157.0433 A
11224500 2001 5 17 159.9646 A
11224500 2001 5 18 147.8954 A
11224500 2001 5 19 170.9534 A
11224500 2001 5 20 182.7111 A
11224500 2001 5 21 178.5157 A
11224500 2001 5 22 206.9856 A
11224500 2001 5 23 301.6725 A
11224500 2001 5 24 209.7442 A
11224500 2001 5 25 182.9904 A
11224500 2001 5 26 201.8606 A
11224500 2001 5 27 162.3577 A
11224500 2001 5 28 180.6309 A
11224500 2001 5 29 242.0672 A
11224500 2001 5 30 264.7963 A
11224500 2001 5 31 235.9553 A
11224500 2001 6 1 260.1271 A
11224500 2001 6 2 288.1812 A
11224500 2001 6 3 288.0065 A
11224500 2001 6 4 202.4971 A
11224500 2001 6 5 337.4016 A
11224500 2001 6 6 270.7235 A
11224500 2001 6 7 240.8896 A
11224500 2001 6 8 224.5198 A
11224500 2001 6 9 441.4108 A
11224500 2001 6 10 259.5306 A
11224500 2001 6 11 278.5136 A
11224500 2001 6 12 243.7827 A
11224500 2001 6 13 247.9770 A
11224500 2001 6 14 423.5396 A
11224500 2001 6 15 356.2835 A
11224500 2001 6 16 342.1715 A
11224500 2001 6 17 393.5077 A
11224500 2001 6 18 366.2234 A
11224500 2001 6 19 353.5124 A
11224500 2001 6 20 312.9997 A
11224500 2001 6 21 399.1204 A
11224500 2001 6 22 320.1650 A
11224500 2001 6 23 308.7991 A
11224500 2001 6 24 324.7685 A
11224500 2001 6 25 382.5250 A
11224500 2001 6 26 364.8082 A
11224500 2001 6 27 336.7132 A
11224500 2001 6 28 373.8083 A
11224500 2001 6 29 387.3406 A
11224500 2001 6 30 318.5901 A
11224500 2001 7 1 328.6764 A
11224500 2001 7 2 333.5454 A
11224500 2001 7 3 462.0570 A
11224500 2001 7 4 527.7340 A
11224500 2001 7 5 359.0907 A
11224500 2001 7 6 383.1396 A
11224500 2001 7 7 407.2553 A
11224500 2001 7 8 481.7940 A
11224500 2001 7 9 400.6680 A
11224500 2001 7 10 376.6154 A
11224500 2001 7 11 380.8675 A
11224500 2001 7 12 397.2812 A
11224500 2001 7 13 540.3918 A
11224500 2001 7 14 413.3945 A
11224500 2001 7 15 395.7527 A
11224500 2001 7 16 490.5020 A
11224500 2001 7 17 439.2443 A
11224500 2001 7 18 418.5304 A
11224500 2001 7 19 485.2310 A
11224500 2001 7 20 421.1122 A
11224500 2001 7 21 489.7121 A
11224500 2001 7 22 438.1637 A
11224500 2001 7 23 442.4849 A
11224500 2001 7 24 413.5830 A
11224500 2001 7 25 463.1469 A
11224500 2001 7 26 469.0461 A
11224500 2001 7 27 451.1019 A
11224500 2001 7 28 437.5384 A
11224500 2001 7 29 478.3441 A
11224500 2001 7 30 422.1185 A
11224500 2001 7 31 434.7868 A
11224500 2001 8 1 424.8966 A
11224500 2001 8 2 409.6904 A
11224500 2001 8 3 406.2497 A
11224500 2001 8 4 413.3352 A
11224500 2001 8 5 447.3866 A
11224500 2001 8 6 429.3968 A
11224500 2001 8 7 444.6305 A
11224500 2001 8 8 406.9104 A
11224500 2001 8 9 389.4054 A
11224500 2001 8 10 415.1927 A
11224500 2001 8 11 400.9503 A
11224500 2001 8 12 392.1669 A
11224500 2001 8 13 407.0817 A
11224500 2001 8 14 401.8223 A
11224500 2001 8 15 405.4580 A
11224500 2001 8 16 455.1252 A
11224500 2001 8 17 417.2843 A
11224500 2001 8 18 391.3187 A
11224500 2001 8 19 377.8072 A
11224500 2001 8 20 408.7469 A
11224500 2001 8 21 424.8559 A
11224500 2001 8 22 380.2057 A
11224500 2001 8 23 374.1244 A
11224500 2001 8 24 382.4745 A
11224500 2001 8 25 384.2295 A
11224500 2001 8 26 377.7262 A
11224500 2001 8 27 359.8683 A
11224500 2001 8 28 394.9066 A
11224500 2001 8 29 399.9803 A
11224500 2001 8 30 407.3632 A
11224500 2001 8 31 395.9626 A
11224500 2001 9 1 403.1959 A
11224500 2001 9 2 368.6444 A
11224500 2001 9 3 383.3638 A
11224500 2001 9 4 456.7342 A
11224500 2001 9 5 415.7017 A
11224500 2001 9 6 365.5650 A
11224500 2001 9 7 382.8492 A
11224500 2001 9 8 369.0175 A
11224500 2001 9 9 356.6407 A
11224500 2001 9 10 358.4903 A
11224500 2001 9 11 400.4307 A
11224500 2001 9 12 424.3686 A
11224500 2001 9 13 347.0471 A
11224500 2001 9 14 361.7205 A
11224500 2001 9 15 376.0962 A
11224500 2001 9 16 333.1563 A
11224500 2001 9 17 342.1248 A
11224500 2001 9 18 344.3350 A
11224500 2001 9 19 337.6830 A
11224500 2001 9 20 356.7499 A
11224500 2001 9 21 316.9504 A
11224500 2001 9 22 334.9290 A
11224500 2001 9 23 364.6924 A
11224500 2001 9 24 326.3769 A
11224500 2001 9 25 320.1093 A
11224500 2001 9 26 311.1048 A
11224500 2001 9 27 320.4723 A
11224500 2001 9 28 312.2604 A
11224500 2001 9 29 295.4492 A
11224500 2001 9 30 302.9049 A
11224500 2001 10 1 297.1132 A
11224500 2001 10 2 276.7613 A
11224500 2001 10 3 303.0565 A
11224500 2001 10 4 268.2805 A
11224500 2001 10 5 258.8526 A
11224500 2001 10 6 268.3430 A
11224500 2001 10 7 275.3846 A
11224500 2001 10 8 253.1071 A
11224500 2001 10 9 286.4711 A
11224500 2001 10 10 279.3898 A
11224500 2001 10 11 271.7986 A
11224500 2001 10 12 255.3157 A
11224500 2001 10 13 256.8444 A
11224500 2001 10 14 250.7559 A
11224500 2001 10 15 239.1447 A
11224500 2001 10 16 225.6284 A
11224500 2001 10 17 248.1110 A
11224500 2001 10 18 224.9630 A
11224500 2001 10 19 290.1865 A
11224500 2001 10 20 240.3849 A
11224500 2001 10 21 213.7437 A
11224500 2001 10 22 205.2536 A
11224500 2001 10 23 218.8479 A
11224500 2001 10 24 199.3612 A
11224500 2001 10 25 176.8402 A
11224500 2001 10 26 191.6342 A
11224500 2001 10 27 202.3677 A
11224500 2001 10 28 169.7055 A
11224500 2001 10 29 170.5656 A
11224500 2001 10 30 149.0003 A
11224500 2001 10 31 162.5745 A
11224500 2001 11 1 153.0071 A
11224500 2001 11 2 139.7767 A
11224500 2001 11 3 144.7234 A
11224500 2001 11 4 169.5476 A
11224500 2001 11 5 133.4008 A
11224500 2001 11 6 138.9418 A
11224500 2001 11 7 120.8881 A
11224500 2001 11 8 124.5958 A
11224500 2001 11 9 102.8978 A
11224500 2001 11 10 138.8707 A
11224500 2001 11 11 114.7407 A
11224500 2001 11 12 117.3923 A
11224500 2001 11 13 90.2957 A
11224500 2001 11 14 109.5714 A
11224500 2001 11 15 84.0870 A
11224500 2001 11 16 79.9651 A
11224500 2001 11 17 88.8821 A
11224500 2001 11 18 102.3041 A
11224500 2001 11 19 88.1474 A
11224500 2001 11 20 64.6112 A
11224500 2001 11 21 75.6002 A
11224500 2001 11 22 49.7012 A
11224500 2001 11 23 63.4298 A
11224500 2001 11 24 45.8593 A
11224500 2001 11 25 55.6179 A
11224500 2001 11 26 43.6169 A
11224500 2001 11 27 32.8920 A
11224500 2001 11 28 17.2890 A
11224500 2001 11 29 22.2189 A
11224500 2001 11 30 29.2809 A
11224500 2001 12 1 10.9367 A
11224500 2001 12 2 12.6781 A
11224500 2001 12 3 23.2722 A
11224500 2001 12 4 37.8966 A
11224500 2001 12 5 24.7713 A
11224500 2001 12 6 19.8334 A
11224500 2001 12 7 5.9830 A
11224500 2001 12 8 17.1740 A
11224500 2001 12 9 44.6299 A
11224500 2001 12 10 12.6599 A
11224500 2001 12 11 9.3221 A
11224500 2001 12 12 8.2113 A
11224500 2001 12 13 8.1035 A
11224500 2001 12 14 0.5773 A
11224500 2001 12 15 2.5257 A
11224500 2001 12 16 28.0210 A
11224500 2001 12 17 10.1781 A
11224500 2001 12 18 0.3679 A
11224500 2001 12 19 0.3679 A
11224500 2001 12 20 19.7684 A
11224500 2001 12 21 66.3818 A
11224500 2001 12 22 5.6455 A
11224500 2001 12 23 0.3679 A
11224500 2001 12 24 6.3284 A
11224500 2001 12 25 72.3347 A
11224500 2001 12 26 10.7591 A
11224500 2001 12 27 17.3143 A
11224500 2001 12 28 12.8843 A
11224500 2001 12 29 20.2738 A
11224500 2001 12 30 34.5045 A
11224500 2001 12 31 28.3922 A
11224500 2002 1 1 14.1365 A
11224500 2002 1 2 62.2037 A
11224500 2002 1 3 0.8168 A
11224500 2002 1 4 44.2420 A
11224500 2002 1 5 16.8950 A
11224500 2002 1 6 30.6291 A
11224500 2002 1 7 2.1391 A
11224500 2002 1 8 23.3474 A
11224500 2002 1 9 60.0678 A
11224500 2002 1 10 25.0407 A
11224500 2002 1 11 8.5807 A
11224500 2002 1 12 46.5300 A
11224500 2002 1 13 41.1733 A
11224500 2002 1 14 10.4093 A
11224500 2002 1 15 0.3679 A
11224500 2002 1 16 53.2126 A
11224500 2002 1 17 11.2203 A
11224500 2002 1 18 7.5637 A
11224500 2002 1 19 7.8320 A
11224500 2002 1 20 22.1328 A
11224500 2002 1 21 55.1429 A
11224500 2002 1 22 108.1599 A
11224500 2002 1 23 20.3484 A
11224500 2002 1 24 3.6964 A
11224500 2002 1 25 24.4217 A
11224500 2002 1 26 17.6532 A
11224500 2002 1 27 31.3865 A
11224500 2002 1 28 35.1510 A
11224500 2002 1 29 38.0986 A
11224500 2002 1 30 0.3679 A
11224500 2002 1 31 1.3780 A
11224500 2002 2 1 69.9475 A
11224500 2002 2 2 5.5330 A
11224500 2002 2 3 24.5338 A
11224500 2002 2 4 45.3957 A
11224500 2002 2 5 22.4034 A
11224500 2002 2 6 111.4972 A
11224500 2002 2 7 22.1013 A
11224500 2002 2 8 41.7014 A
11224500 2002 2 9 6.0280 A
11224500 2002 2 10 57.8486 A
11224500 2002 2 11 20.6060 A
11224500 2002 2 12 3.7115 A
11224500 2002 2 13 3.1248 A
11224500 2002 2 14 8.6297 A
11224500 2002 2 15 31.3164 A
11224500 2002 2 16 6.5139 A
11224500 2002 2 17 108.4594 A
11224500 2002 2 18 63.8299 A
11224500 2002 2 19 77.6436 A
11224500 2002 2 20 62.0204 A
11224500 2002 2 21 53.3662 A
11224500 2002 2 22 75.7347 A
11224500 2002 2 23 98.2804 A
11224500 2002 2 24 34.2780 A
11224500 2002 2 25 43.7121 A
11224500 2002 2 26 73.9935 A
11224500 2002 2 27 29.8122 A
11224500 2002 2 28 66.6680 A
11224500 2002 3 1 33.2793 A
11224500 2002 3 2 41.5078 A
11224500 2002 3 3 99.1404 A
11224500 2002 3 4 22.4789 A
11224500 2002 3 5 114.5356 A
11224500 2002 3 6 41.7377 A
11224500 2002 3 7 42.0490 A
11224500 2002 3 8 39.4501 A
11224500 2002 3 9 64.7359 A
11224500 2002 3 10 51.1579 A
11224500 2002 3 11 59.3849 A
11224500 2002 3 12 51.5548 A
11224500 2002 3 13 71.4705 A
11224500 2002 3 14 29.3335 A
11224500 2002 3 15 20.5323 A
11224500 2002 3 16 34.6730 A
11224500 2002 3 17 214.6241 A
11224500 2002 3 18 57.8904 A
11224500 2002 3 19 91.4260 A
11224500 2002 3 20 44.3334 A
11224500 2002 3 21 55.5820 A
11224500 2002 3 22 185.7516 A
11224500 2002 3 23 94.0893 A
11224500 2002 3 24 110.3157 A
11224500 2002 3 25 70.3468 A
11224500 2002 3 26 76.1146 A
11224500 2002 3 27 295.0319 A
11224500 2002 3 28 134.3234 A
11224500 2002 3 29 167.6006 A
11224500 2002 3 30 135.5950 A
11224500 2002 3 31 113.8973 A
11224500 2002 4 1 218.2543 A
11224500 2002 4 2 142.8500 A
11224500 2002 4 3 125.0305 A
11224500 2002 4 4 135.9286 A
11224500 2002 4 5 143.9169 A
11224500 2002 4 6 223.6269 A
11224500 2002 4 7 262.1625 A
11224500 2002 4 8 136.3454 A
11224500 2002 4 9 227.9289 A
11224500 2002 4 10 165.7624 A
11224500 2002 4 11 155.4649 A
11224500 2002 4 12 143.3710 A
11224500 2002 4 13 148.2450 A
11224500 2002 4 14 219.6146 A
11224500 2002 4 15 207.5425 A
11224500 2002 4 16 254.6976 A
11224500 2002 4 17 313.7280 A
11224500 2002 4 18 174.4196 A
11224500 2002 4 19 188.6486 A
11224500 2002 4 20 173.4332 A
11224500 2002 4 21 187.4111 A
11224500 2002 4 22 232.5367 A
11224500 2002 4 23 180.4370 A
11224500 2002 4 24 269.1787 A
11224500 2002 4 25 323.5229 A
11224500 2002 4 26 213.5721 A
11224500 2002 4 27 230.8185 A
11224500 2002 4 28 223.5762 A
11224500 2002 4 29 224.5340 A
11224500 2002 4 30 340.2454 A
11224500 2002 5 1 265.9284 A
11224500 2002 5 2 242.7500 A
11224500 2002 5 3 223.6513 A
11224500 2002 5 4 304.8942 A
11224500 2002 5 5 237.0640 A
11224500 2002 5 6 223.0376 A
11224500 2002 5 7 303.8814 A
11224500 2002 5 8 337.8594 A
11224500 2002 5 9 397.0614 A
11224500 2002 5 10 291.4417 A
11224500 2002 5 11 293.7173 A
11224500 2002 5 12 251.7069 A
11224500 2002 5 13 341.0293 A
11224500 2002 5 14 277.9054 A
11224500 2002 5 15 315.3859 A
11224500 2002 5 16 334.1961 A
11224500 2002 5 17 324.8010 A
11224500 2002 5 18 278.2595 A
11224500 2002 5 19 282.4057 A
11224500 2002 5 20 270.9180 A
11224500 2002 5 21 310.1070 A
11224500 2002 5 22 302.4096 A
11224500 2002 5 23 317.0903 A
11224500 2002 5 24 295.9652 A
11224500 2002 5 25 280.7405 A
11224500 2002 5 26 288.9469 A
11224500 2002 5 27 270.3020 A
11224500 2002 5 28 324.7504 A
11224500 2002 5 29 401.6890 A
11224500 2002 5 30 319.9795 A
11224500 2002 5 31 383.4266 A
11224500 2002 6 1 409.2938 A
11224500 2002 6 2 340.4749 A
11224500 2002 6 3 334.0454 A
11224500 2002 6 4 337.5627 A
11224500 2002 6 5 317.7283 A
11224500 2002 6 6 309.0366 A
11224500 2002 6 7 314.0122 A
11224500 2002 6 8 328.6233 A
11224500 2002 6 9 296.4742 A
11224500 2002 6 10 422.5906 A
11224500 2002 6 11 292.7299 A
11224500 2002 6 12 308.7726 A
11224500 2002 6 13 288.6919 A
11224500 2002 6 14 284.4635 A
11224500 2002 6 15 403.0438 A
11224500 2002 6 16 406.2242 A
11224500 2002 6 17 339.8331 A
11224500 2002 6 18 359.8175 A
11224500 2002 6 19 314.2329 A
11224500 2002 6 20 329.2450 A
11224500 2002 6 21 298.7355 A
11224500 2002 6 22 460.1550 A
11224500 2002 6 23 339.8843 A
11224500 2002 6 24 377.9585 A
11224500 2002 6 25 343.0928 A
11224500 2002 6 26 324.2209 A
11224500 2002 6 27 519.3263 A
11224500 2002 6 28 398.4510 A
11224500 2002 6 29 365.6235 A
11224500 2002 6 30 391.3743 A
11224500 2002 7 1 353.8108 A
11224500 2002 7 2 399.8295 A
11224500 2002 7 3 339.2709 A
11224500 2002 7 4 345.1784 A
11224500 2002 7 5 366.3753 A
11224500 2002 7 6 427.7477 A
11224500 2002 7 7 347.3770 A
11224500 2002 7 8 405.2727 A
11224500 2002 7 9 342.9148 A
11224500 2002 7 10 434.8806 A
11224500 2002 7 11 350.9540 A
11224500 2002 7 12 370.5339 A
11224500 2002 7 13 364.4336 A
11224500 2002 7 14 389.3667 A
11224500 2002 7 15 359.6496 A
11224500 2002 7 16 359.4820 A
11224500 2002 7 17 336.5149 A
11224500 2002 7 18 415.1715 A
11224500 2002 7 19 351.3243 A
11224500 2002 7 20 501.7041 A
11224500 2002 7 21 416.2070 A
11224500 2002 7 22 458.5682 A
11224500 2002 7 23 467.5930 A
11224500 2002 7 24 426.2985 A
11224500 2002 7 25 402.9716 A
11224500 2002 7 26 445.2438 A
11224500 2002 7 27 466.6762 A
11224500 2002 7 28 533.7352 A
11224500 2002 7 29 450.9389 A
11224500 2002 7 30 428.4785 A
11224500 2002 7 31 427.9346 A
11224500 2002 8 1 413.7903 A
11224500 2002 8 2 422.1943 A
11224500 2002 8 3 423.7852 A
11224500 2002 8 4 392.5084 A
11224500 2002 8 5 396.7623 A
11224500 2002 8 6 434.2307 A
11224500 2002 8 7 432.9036 A
11224500 2002 8 8 408.5397 A
11224500 2002 8 9 447.9449 A
11224500 2002 8 10 398.8857 A
11224500 2002 8 11 423.4972 A
11224500 2002 8 12 496.7877 A
11224500 2002 8 13 434.8440 A
11224500 2002 8 14 438.3043 A
11224500 2002 8 15 428.1512 A
11224500 2002 8 16 434.4915 A
11224500 2002 8 17 405.6899 A
11224500 2002 8 18 400.0213 A
11224500 2002 8 19 427.5348 A
11224500 2002 8 20 411.5350 A
11224500 2002 8 21 390.7165 A
11224500 2002 8 22 430.4190 A
11224500 2002 8 23 448.6823 A
11224500 2002 8 24 476.8674 A
11224500 2002 8 25 395.4315 A
11224500 2002 8 26 426.6458 A
11224500 2002 8 27 422.3163 A
11224500 2002 8 28 464.6707 A
11224500 2002 8 29 422.5950 A
11224500 2002 8 30 419.0705 A
11224500 2002 8 31 467.8931 A
11224500 2002 9 1 415.7724 A
11224500 2002 9 2 410.1621 A
11224500 2002 9 3 391.3090 A
11224500 2002 9 4 378.7968 A
11224500 2002 9 5 369.4660 A
11224500 2002 9 6 354.5013 A
11224500 2002 9 7 391.2103 A
11224500 2002 9 8 372.6125 A
11224500 2002 9 9 391.7573 A
11224500 2002 9 10 371.9163 A
11224500 2002 9 11 358.5543 A
11224500 2002 9 12 347.9842 A
11224500 2002 9 13 342.3112 A
11224500 2002 9 14 338.6722 A
11224500 2002 9 15 349.7189 A
11224500 2002 9 16 374.2328 A
11224500 2002 9 17 354.5242 A
11224500 2002 9 18 411.3884 A
11224500 2002 9 19 363.0695 A
11224500 2002 9 20 337.8056 A
11224500 2002 9 21 336.8425 A
11224500 2002 9 22 317.4716 A
11224500 2002 9 23 301.5070 A
11224500 2002 9 24 392.2546 A
11224500 2002 9 25 346.2370 A
11224500 2002 9 26 312.9836 A
11224500 2002 9 27 366.2886 A
11224500 2002 9 28 315.6937 A
11224500 2002 9 29 320.9297 A
11224500 2002 9 30 330.6039 A
11224500 2002 10 1 339.4896 A
11224500 2002 10 2 378.4614 A
11224500 2002 10 3 372.3200 A
11224500 2002 10 4 315.2076 A
11224500 2002 10 5 303.8405 A
11224500 2002 10 6 303.6798 A
11224500 2002 10 7 303.1023 A
11224500 2002 10 8 288.2961 A
11224500 2002 10 9 283.6973 A
11224500 2002 10 10 273.4326 A
11224500 2002 10 11 256.1005 A
11224500 2002 10 12 295.1263 A
11224500 2002 10 13 261.7953 A
11224500 2002 10 14 289.0561 A
11224500 2002 10 15 285.6798 A
11224500 2002 10 16 254.5192 A
11224500 2002 10 17 284.6159 A
11224500 2002 10 18 263.6258 A
11224500 2002 10 19 249.0805 A
11224500 2002 10 20 246.1844 A
11224500 2002 10 21 266.1148 A
11224500 2002 10 22 246.3608 A
11224500 2002 10 23 255.3710 A
11224500 2002 10 24 256.8597 A
11224500 2002 10 25 221.6212 A
11224500 2002 10 26 216.6830 A
11224500 2002 10 27 234.6831 A
11224500 2002 10 28 232.8538 A
11224500 2002 10 29 202.6239 A
11224500 2002 10 30 195.0534 A
11224500 2002 10 31 202.3458 A
11224500 2002 11 1 204.9329 A
11224500 2002 11 2 186.1028 A
11224500 2002 11 3 186.2389 A
11224500 2002 11 4 177.8818 A
11224500 2002 11 5 166.5897 A
11224500 2002 11 6 169.7604 A
11224500 2002 11 7 178.7043 A
11224500 2002 11 8 162.5508 A
11224500 2002 11 9 172.1880 A
11224500 2002 11 10 150.2390 A
11224500 2002 11 11 149.4283 A
11224500 2002 11 12 135.1278 A
11224500 2002 11 13 143.0959 A
11224500 2002 11 14 118.3739 A
11224500 2002 11 15 110.0390 A
11224500 2002 11 16 124.7737 A
11224500 2002 11 17 115.5820 A
11224500 2002 11 18 109.4583 A
11224500 2002 11 19 107.4925 A
11224500 2002 11 20 95.8774 A
11224500 2002 11 21 91.1962 A
11224500 2002 11 22 82.6116 A
11224500 2002 11 23 84.4446 A
11224500 2002 11 24 69.0039 A
11224500 2002 11 25 104.2359 A
11224500 2002 11 26 60.3198 A
11224500 2002 11 27 63.9035 A
11224500 2002 11 28 60.7329 A
11224500 2002 11 29 44.0839 A
11224500 2002 11 30 39.9497 A
11224500 2002 12 1 33.5956 A
11224500 2002 12 2 82.5664 A
11224500 2002 12 3 32.7256 A
11224500 2002 12 4 12.1229 A
11224500 2002 12 5 13.3112 A
11224500 2002 12 6 5.7401 A
11224500 2002 12 7 32.5010 A
11224500 2002 12 8 11.2392 A
11224500 2002 12 9 11.9768 A
11224500 2002 12 10 0.3679 A
11224500 2002 12 11 1.2414 A
11224500 2002 12 12 4.4488 A
11224500 2002 12 13 0.3679 A
11224500 2002 12 14 20.1593 A
11224500 2002 12 15 4.3028 A
11224500 2002 12 16 32.9459 A
11224500 2002 12 17 12.6736 A
11224500 2002 12 18 21.5955 A
11224500 2002 12 19 20.0587 A
11224500 2002 12 20 26.3480 A
11224500 2002 12 21 39.4420 A
11224500 2002 12 22 7.7621 A
11224500 2002 12 23 21.2992 A
11224500 2002 12 24 23.6656 A
11224500 2002 12 25 11.7461 A
11224500 2002 12 26 0.3679 A
11224500 2002 12 27 11.4816 A
11224500 2002 12 28 12.5121 A
11224500 2002 12 29 5.6230 A
11224500 2002 12 30 0.3679 A
11224500 2002 12 31 2.0129 A
11224500 2003 1 1 14.9904 A
11224500 2003 1 2 53.1811 A
11224500 2003 1 3 10.2181 A
11224500 2003 1 4 13.6608 A
11224500 2003 1 5 9.4332 A
11224500 2003 1 6 28.8826 A
11224500 2003 1 7 13.2732 A
11224500 2003 1 8 102.4525 A
11224500 2003 1 9 43.0220 A
11224500 2003 1 10 50.9701 A
11224500 2003 1 11 17.5513 A
11224500 2003 1 12 45.7450 A
11224500 2003 1 13 0.3679 A
11224500 2003 1 14 0.3679 A
11224500 2003 1 15 17.8900 A
11224500 2003 1 16 19.1815 A
11224500 2003 1 17 57.6627 A
11224500 2003 1 18 19.4436 A
11224500 2003 1 19 27.4518 A
11224500 2003 1 20 12.9187 A
11224500 2003 1 21 5.9094 A
11224500 2003 1 22 47.5136 A
11224500 2003 1 23 29.9599 A
11224500 2003 1 24 23.8768 A
11224500 2003 1 25 11.6308 A
11224500 2003 1 26 45.2156 A
11224500 2003 1 27 44.1135 A
11224500 2003 1 28 59.0905 A
11224500 2003 1 29 8.1259 A
11224500 2003 1 30 20.7991 A
11224500 2003 1 31 7.5287 A
11224500 2003 2 1 24.6084 A
11224500 2003 2 2 43.3448 A
11224500 2003 2 3 66.3274 A
11224500 2003 2 4 5.4368 A
11224500 2003 2 5 0.9843 A
11224500 2003 2 6 4.9394 A
11224500 2003 2 7 13.8993 A
11224500 2003 2 8 25.7286 A
11224500 2003 2 9 23.8236 A
11224500 2003 2 10 22.6993 A
11224500 2003 2 11 20.3192 A
11224500 2003 2 12 54.7974 A
11224500 2003 2 13 16.3153 A
11224500 2003 2 14 20.6957 A
11224500 2003 2 15 25.9308 A
11224500 2003 2 16 14.4618 A
11224500 2003 2 17 33.0376 A
11224500 2003 2 18 32.1210 A
11224500 2003 2 19 50.7368 A
11224500 2003 2 20 38.7345 A
11224500 2003 2 21 37.4015 A
11224500 2003 2 22 8.6138 A
11224500 2003 2 23 0.3679 A
11224500 2003 2 24 0.3679 A
11224500 2003 2 25 3.3527 A
11224500 2003 2 26 20.8276 A
11224500 2003 2 27 17.3202 A
11224500 2003 2 28 32.2414 A
11224500 2003 3 1 53.6741 A
11224500 2003 3 2 26.2466 A
11224500 2003 3 3 28.7137 A
11224500 2003 3 4 27.3738 A
11224500 2003 3 5 3.7485 A
11224500 2003 3 6 79.4885 A
11224500 2003 3 7 27.1620 A
11224500 2003 3 8 17.0072 A
11224500 2003 3 9 0.3679 A
11224500 2003 3 10 18.8607 A
11224500 2003 3 11 97.9950 A
11224500 2003 3 12 31.1855 A
11224500 2003 3 13 41.0442 A
11224500 2003 3 14 58.1678 A
11224500 2003 3 15 29.6505 A
11224500 2003 3 16 82.2347 A
11224500 2003 3 17 74.1798 A
11224500 2003 3 18 61.2187 A
11224500 2003 3 19 47.2956 A
11224500 2003 3 20 54.5571 A
11224500 2003 3 21 38.6821 A
11224500 2003 3 22 55.3891 A
11224500 2003 3 23 26.9908 A
11224500 2003 3 24 20.5461 A
11224500 2003 3 25 167.1309 A
11224500 2003 3 26 76.9138 A
11224500 2003 3 27 113.9264 A
11224500 2003 3 28 172.9273 A
11224500 2003 3 29 142.1817 A
11224500 2003 3 30 94.5007 A
11224500 2003 3 31 152.2138 A
11224500 2003 4 1 108.0009 A
11224500 2003 4 2 265.8702 A
11224500 2003 4 3 171.9494 A
11224500 2003 4 4 166.7263 A
11224500 2003 4 5 115.9135 A
11224500 2003 4 6 252.7926 A
11224500 2003 4 7 120.8170 A
11224500 2003 4 8 323.0760 A
11224500 2003 4 9 198.9870 A
11224500 2003 4 10 157.8754 A
11224500 2003 4 11 173.1101 A
11224500 2003 4 12 190.7839 A
11224500 2003 4 13 153.9484 A
11224500 2003 4 14 205.7653 A
11224500 2003 4 15 170.3789 A
11224500 2003 4 16 142.8085 A
11224500 2003 4 17 165.9712 A
11224500 2003 4 18 182.7842 A
11224500 2003 4 19 149.3829 A
11224500 2003 4 20 256.6964 A
11224500 2003 4 21 159.9336 A
11224500 2003 4 22 153.6413 A
11224500 2003 4 23 135.7791 A
11224500 2003 4 24 198.0363 A
11224500 2003 4 25 163.8761 A
11224500 2003 4 26 141.5009 A
11224500 2003 4 27 174.5328 A
11224500 2003 4 28 381.1592 A
11224500 2003 4 29 165.0401 A
11224500 2003 4 30 173.3810 A
11224500 2003 5 1 193.0592 A
11224500 2003 5 2 229.2219 A
11224500 2003 5 3 195.8778 A
11224500 2003 5 4 207.6774 A
11224500 2003 5 5 242.1251 A
11224500 2003 5 6 211.8120 A
11224500 2003 5 7 204.0887 A
11224500 2003 5 8 195.0934 A
11224500 2003 5 9 173.4871 A
11224500 2003 5 10 180.7327 A
11224500 2003 5 11 252.9758 A
11224500 2003 5 12 192.3811 A
11224500 2003 5 13 265.4045 A
11224500 2003 5 14 189.2345 A
11224500 2003 5 15 399.3917 A
11224500 2003 5 16 304.5872 A
11224500 2003 5 17 267.4198 A
11224500 2003 5 18 246.4033 A
11224500 2003 5 19 275.7091 A
11224500 2003 5 20 273.9129 A
11224500 2003 5 21 251.9113 A
11224500 2003 5 22 254.4402 A
11224500 2003 5 23 260.1202 A
11224500 2003 5 24 296.5167 A
11224500 2003 5 25 268.2734 A
11224500 2003 5 26 248.5816 A
11224500 2003 5 27 257.0519 A
11224500 2003 5 28 272.1843 A
11224500 2003 5 29 440.9714 A
11224500 2003 5 30 287.6804 A
11224500 2003 5 31 303.5881 A
11224500 2003 6 1 421.6465 A
11224500 2003 6 2 328.0418 A
11224500 2003 6 3 418.6569 A
11224500 2003 6 4 415.5980 A
11224500 2003 6 5 334.1297 A
11224500 2003 6 6 324.9530 A
11224500 2003 6 7 295.8114 A
11224500 2003 6 8 290.4305 A
11224500 2003 6 9 332.3307 A
11224500 2003 6 10 341.0719 A
11224500 2003 6 11 351.1645 A
11224500 2003 6 12 290.6551 A
11224500 2003 6 13 327.2388 A
11224500 2003 6 14 345.8089 A
11224500 2003 6 15 394.3319 A
11224500 2003 6 16 388.5485 A
11224500 2003 6 17 350.9726 A
11224500 2003 6 18 334.8650 A
11224500 2003 6 19 340.0805 A
11224500 2003 6 20 335.5021 A
11224500 2003 6 21 312.7533 A
11224500 2003 6 22 314.0957 A
11224500 2003 6 23 305.5474 A
11224500 2003 6 24 301.0161 A
11224500 2003 6 25 399.2119 A
11224500 2003 6 26 364.5793 A
11224500 2003 6 27 354.7878 A
11224500 2003 6 28 334.9352 A
11224500 2003 6 29 360.3373 A
11224500 2003 6 30 386.6310 A
11224500 2003 7 1 433.6781 A
11224500 2003 7 2 340.6672 A
11224500 2003 7 3 349.7791 A
11224500 2003 7 4 369.4423 A
11224500 2003 7 5 383.2749 A
11224500 2003 7 6 357.8996 A
11224500 2003 7 7 408.9669 A
11224500 2003 7 8 371.3155 A
11224500 2003 7 9 342.8317 A
11224500 2003 7 10 361.5404 A
11224500 2003 7 11 331.5455 A
11224500 2003 7 12 376.6339 A
11224500 2003 7 13 363.2380 A
11224500 2003 7 14 344.1637 A
11224500 2003 7 15 370.6773 A
11224500 2003 7 16 370.8179 A
11224500 2003 7 17 351.7073 A
11224500 2003 7 18 344.7552 A
11224500 2003 7 19 341.4388 A
11224500 2003 7 20 356.7631 A
11224500 2003 7 21 398.2383 A
11224500 2003 7 22 353.5128 A
11224500 2003 7 23 356.1622 A
11224500 2003 7 24 472.9937 A
11224500 2003 7 25 368.8102 A
11224500 2003 7 26 360.2644 A
11224500 2003 7 27 351.0426 A
11224500 2003 7 28 336.9613 A
11224500 2003 7 29 342.7912 A
11224500 2003 7 30 334.2404 A
11224500 2003 7 31 359.5256 A
11224500 2003 8 1 353.5586 A
11224500 2003 8 2 377.9657 A
11224500 2003 8 3 347.2299 A
11224500 2003 8 4 364.5124 A
11224500 2003 8 5 399.9926 A
11224500 2003 8 6 406.6699 A
11224500 2003 8 7 327.1305 A
11224500 2003 8 8 433.3336 A
11224500 2003 8 9 365.4581 A
11224500 2003 8 10 369.3738 A
11224500 2003 8 11 337.0980 A
11224500 2003 8 12 356.7156 A
11224500 2003 8 13 347.0199 A
11224500 2003 8 14 383.3113 A
11224500 2003 8 15 353.9061 A
11224500 2003 8 16 329.1919 A
11224500 2003 8 17 353.7334 A
11224500 2003 8 18 333.0297 A
11224500 2003 8 19 348.6761 A
11224500 2003 8 20 325.4560 A
11224500 2003 8 21 355.6592 A
11224500 2003 8 22 326.4172 A
11224500 2003 8 23 313.1181 A
11224500 2003 8 24 324.3889 A
11224500 2003 8 25 320.4243 A
11224500 2003 8 26 296.9109 A
11224500 2003 8 27 285.5094 A
11224500 2003 8 28 280.5354 A
11224500 2003 8 29 314.2000 A
11224500 2003 8 30 318.6889 A
11224500 2003 8 31 284.4268 A
11224500 2003 9 1 302.9855 A
11224500 2003 9 2 287.8125 A
11224500 2003 9 3 320.2360 A
11224500 2003 9 4 309.8837 A
11224500 2003 9 5 281.4573 A
11224500 2003 9 6 331.3825 A
11224500 2003 9 7 301.4180 A
11224500 2003 9 8 305.1147 A
11224500 2003 9 9 259.2691 A
11224500 2003 9 10 247.9618 A
11224500 2003 9 11 259.3506 A
11224500 2003 9 12 243.2866 A
11224500 2003 9 13 261.7678 A
11224500 2003 9 14 238.9458 A
11224500 2003 9 15 233.6555 A
11224500 2003 9 16 225.2624 A
11224500 2003 9 17 220.8185 A
11224500 2003 9 18 267.6787 A
11224500 2003 9 19 252.9538 A
11224500 2003 9 20 233.6167 A
11224500 2003 9 21 255.6717 A
11224500 2003 9 22 210.7557 A
11224500 2003 9 23 232.6810 A
11224500 2003 9 24 208.0087 A
11224500 2003 9 25 287.7783 A
11224500 2003 9 26 199.7635 A
11224500 2003 9 27 210.9564 A
11224500 2003 9 28 242.9745 A
11224500 2003 9 29 263.4142 A
11224500 2003 9 30 217.4155 A
11224500 2003 10 1 251.8928 A
11224500 2003 10 2 211.1370 A
11224500 2003 10 3 194.4980 A
11224500 2003 10 4 195.6803 A
11224500 2003 10 5 195.6581 A
11224500 2003 10 6 207.8416 A
11224500 2003 10 7 226.0949 A
11224500 2003 10 8 190.7610 A
11224500 2003 10 9 171.9124 A
11224500 2003 10 10 172.7714 A
11224500 2003 10 11 185.7116 A
11224500 2003 10 12 199.3008 A
11224500 2003 10 13 211.7861 A
11224500 2003 10 14 170.2753 A
11224500 2003 10 15 152.0751 A
11224500 2003 10 16 174.5830 A
11224500 2003 10 17 137.8208 A
11224500 2003 10 18 169.3428 A
11224500 2003 10 19 145.2803 A
11224500 2003 10 20 143.6366 A
11224500 2003 10 21 164.0738 A
11224500 2003 10 22 137.1809 A
11224500 2003 10 23 126.2995 A
11224500 2003 10 24 113.2340 A
11224500 2003 10 25 113.1137 A
11224500 2003 10 26 105.7040 A
11224500 2003 10 27 93.2683 A
11224500 2003 10 28 86.3419 A
11224500 2003 10 29 101.4424 A
11224500 2003 10 30 143.7285 A
11224500 2003 10 31 107.7576 A
11224500 2003 11 1 157.3580 A
11224500 2003 11 2 86.0011 A
11224500 2003 11 3 78.9922 A
11224500 2003 11 4 70.1372 A
11224500 2003 11 5 66.8374 A
11224500 2003 11 6 137.4266 A
11224500 2003 11 7 56.7831 A
11224500 2003 11 8 76.7602 A
11224500 2003 11 9 105.4592 A
11224500 2003 11 10 56.5912 A
11224500 2003 11 11 49.0774 A
11224500 2003 11 12 39.8397 A
11224500 2003 11 13 51.8759 A
11224500 2003 11 14 47.0528 A
11224500 2003 11 15 38.9599 A
11224500 2003 11 16 52.7518 A
11224500 2003 11 17 42.6466 A
11224500 2003 11 18 6.2696 A
11224500 2003 11 19 17.6953 A
11224500 2003 11 20 26.5499 A
11224500 2003 11 21 0.3679 A
11224500 2003 11 22 56.0204 A
11224500 2003 11 23 10.7593 A
11224500 2003 11 24 7.1024 A
11224500 2003 11 25 32.0489 A
11224500 2003 11 26 0.3679 A
11224500 2003 11 27 9.2994 A
11224500 2003 11 28 11.4438 A
11224500 2003 11 29 41.2655 A
11224500 2003 11 30 20.1280 A
11224500 2003 12 1 30.0937 A
11224500 2003 12 2 37.9638 A
11224500 2003 12 3 7.7487 A
11224500 2003 12 4 13.1962 A
11224500 2003 12 5 20.8048 A
11224500 2003 12 6 0.3679 A
11224500 2003 12 7 38.4545 A
11224500 2003 12 8 77.9641 A
11224500 2003 12 9 22.1841 A
11224500 2003 12 10 3.2875 A
11224500 2003 12 11 9.8381 A
11224500 2003 12 12 8.8587 A
11224500 2003 12 13 30.9483 A
11224500 2003 12 14 1.7509 A
11224500 2003 12 15 10.9054 A
11224500 2003 12 16 52.5243 A
11224500 2003 12 17 27.9566 A
11224500 2003 12 18 10.0670 A
11224500 2003 12 19 4.1147 A
11224500 2003 12 20 14.4622 A
11224500 2003 12 21 14.9570 A
11224500 2003 12 22 10.7055 A
11224500 2003 12 23 9.1914 A
11224500 2003 12 24 18.9905 A
11224500 2003 12 25 5.5836 A
11224500 2003 12 26 0.3679 A
11224500 2003 12 27 8.2561 A
11224500 2003 12 28 95.6069 A
11224500 2003 12 29 16.0223 A
11224500 2003 12 30 11.2326 A
11224500 2003 12 31 20.8920 A
11224500 2004 1 1 16.9632 A
11224500 2004 1 2 17.6215 A
11224500 2004 1 3 28.7055 A
11224500 2004 1 4 46.4143 A
11224500 2004 1 5 15.2599 A
11224500 2004 1 6 8.4038 A
11224500 2004 1 7 3.4042 A
11224500 2004 1 8 9.6271 A
11224500 2004 1 9 25.5359 A
11224500 2004 1 10 41.7313 A
11224500 2004 1 11 12.7371 A
11224500 2004 1 12 25.8447 A
11224500 2004 1 13 5.3557 A
11224500 2004 1 14 7.7159 A
11224500 2004 1 15 0.3679 A
11224500 2004 1 16 10.9987 A
11224500 2004 1 17 21.1196 A
11224500 2004 1 18 0.3679 A
11224500 2004 1 19 0.5342 A
11224500 2004 1 20 18.8210 A
11224500 2004 1 21 56.6683 A
11224500 2004 1 22 22.9728 A
11224500 2004 1 23 18.7278 A
11224500 2004 1 24 9.2485 A
11224500 2004 1 25 26.9997 A
11224500 2004 1 26 4.8248 A
11224500 2004 1 27 2.2419 A
11224500 2004 1 28 10.7275 A
11224500 2004 1 29 1.7435 A
11224500 2004 1 30 73.3717 A
11224500 2004 1 31 8.2877 A
11224500 2004 2 1 50.9828 A
11224500 2004 2 2 27.0452 A
11224500 2004 2 3 1.8405 A
11224500 2004 2 4 22.3130 A
11224500 2004 2 5 0.3679 A
11224500 2004 2 6 32.2716 A
11224500 2004 2 7 75.8663 A
11224500 2004 2 8 13.1236 A
11224500 2004 2 9 6.0292 A
11224500 2004 2 10 6.9682 A
11224500 2004 2 11 41.9964 A
11224500 2004 2 12 77.2591 A
11224500 2004 2 13 8.5752 A
11224500 2004 2 14 55.6340 A
11224500 2004 2 15 43.0440 A
11224500 2004 2 16 96.7189 A
11224500 2004 2 17 43.8644 A
11224500 2004 2 18 93.4368 A
11224500 2004 2 19 48.9874 A
11224500 2004 2 20 152.7517 A
11224500 2004 2 21 83.6712 A
11224500 2004 2 22 69.0836 A
11224500 2004 2 23 37.0313 A
11224500 2004 2 24 33.1922 A
11224500 2004 2 25 41.1672 A
11224500 2004 2 26 16.7840 A
11224500 2004 2 27 31.1349 A
11224500 2004 2 28 41.2115 A
11224500 2004 2 29 33.5273 A
11224500 2004 3 1 172.7073 A
11224500 2004 3 2 72.8873 A
11224500 2004 3 3 79.0131 A
11224500 2004 3 4 53.6614 A
11224500 2004 3 5 55.5282 A
11224500 2004 3 6 35.0074 A
11224500 2004 3 7 40.6484 A
11224500 2004 3 8 31.6672 A
11224500 2004 3 9 47.4302 A
11224500 2004 3 10 37.9668 A
11224500 2004 3 11 77.2580 A
11224500 2004 3 12 3.6955 A
11224500 2004 3 13 149.6310 A
11224500 2004 3 14 79.5667 A
11224500 2004 3 15 47.0309 A
11224500 2004 3 16 76.7148 A
11224500 2004 3 17 59.0805 A
11224500 2004 3 18 46.7314 A
11224500 2004 3 19 78.8366 A
11224500 2004 3 20 67.5840 A
11224500 2004 3 21 58.8659 A
11224500 2004 3 22 31.4804 A
11224500 2004 3 23 55.7079 A
11224500 2004 3 24 172.3045 A
11224500 2004 3 25 40.0909 A
11224500 2004 3 26 44.5146 A
11224500 2004 3 27 34.8888 A
11224500 2004 3 28 85.5411 A
11224500 2004 3 29 98.6783 A
11224500 2004 3 30 43.0061 A
11224500 2004 3 31 35.8318 A
11224500 2004 4 1 57.3728 A
11224500 2004 4 2 89.6710 A
11224500 2004 4 3 41.6940 A
11224500 2004 4 4 47.7899 A
11224500 2004 4 5 35.8579 A
11224500 2004 4 6 39.7815 A
11224500 2004 4 7 83.6829 A
11224500 2004 4 8 58.1984 A
11224500 2004 4 9 100.2556 A
11224500 2004 4 10 40.4664 A
11224500 2004 4 11 51.9203 A
11224500 2004 4 12 79.2466 A
11224500 2004 4 13 91.3254 A
11224500 2004 4 14 56.0971 A
11224500 2004 4 15 148.3312 A
11224500 2004 4 16 66.7632 A
11224500 2004 4 17 66.8946 A
11224500 2004 4 18 167.9313 A
11224500 2004 4 19 154.9198 A
11224500 2004 4 20 203.4332 A
11224500 2004 4 21 87.4562 A
11224500 2004 4 22 168.9914 A
11224500 2004 4 23 143.7572 A
11224500 2004 4 24 232.8856 A
11224500 2004 4 25 114.4896 A
11224500 2004 4 26 135.5642 A
11224500 2004 4 27 114.7593 A
11224500 2004 4 28 231.0741 A
11224500 2004 4 29 122.9254 A
11224500 2004 4 30 187.5386 A
11224500 2004 5 1 261.6636 A
11224500 2004 5 2 156.4302 A
11224500 2004 5 3 413.8385 A
11224500 2004 5 4 263.0593 A
11224500 2004 5 5 224.0814 A
11224500 2004 5 6 183.3540 A
11224500 2004 5 7 197.1865 A
11224500 2004 5 8 205.3369 A
11224500 2004 5 9 228.4323 A
11224500 2004 5 10 271.3254 A
11224500 2004 5 11 235.2723 A
11224500 2004 5 12 293.6858 A
11224500 2004 5 13 239.4090 A
11224500 2004 5 14 229.4104 A
11224500 2004 5 15 279.8616 A
11224500 2004 5 16 234.7155 A
11224500 2004 5 17 302.9520 A
11224500 2004 5 18 214.8047 A
11224500 2004 5 19 238.8131 A
11224500 2004 5 20 202.1820 A
11224500 2004 5 21 199.9946 A
11224500 2004 5 22 237.8654 A
11224500 2004 5 23 320.6118 A
11224500 2004 5 24 227.0783 A
11224500 2004 5 25 213.3564 A
11224500 2004 5 26 313.5404 A
11224500 2004 5 27 282.5829 A
11224500 2004 5 28 299.8185 A
11224500 2004 5 29 252.4062 A
11224500 2004 5 30 378.1983 A
11224500 2004 5 31 309.7142 A
11224500 2004 6 1 280.9082 A
11224500 2004 6 2 272.6389 A
11224500 2004 6 3 322.7866 A
11224500 2004 6 4 305.0187 A
11224500 2004 6 5 294.1605 A
11224500 2004 6 6 269.7004 A
11224500 2004 6 7 332.6469 A
11224500 2004 6 8 267.8637 A
11224500 2004 6 9 276.8046 A
11224500 2004 6 10 258.1608 A
11224500 2004 6 11 343.3318 A
11224500 2004 6 12 279.7862 A
11224500 2004 6 13 356.2742 A
11224500 2004 6 14 387.3680 A
11224500 2004 6 15 287.0158 A
11224500 2004 6 16 299.0638 A
11224500 2004 6 17 299.7301 A
11224500 2004 6 18 327.9020 A
11224500 2004 6 19 382.5863 A
11224500 2004 6 20 319.6260 A
11224500 2004 6 21 294.8651 A
11224500 2004 6 22 437.3737 A
11224500 2004 6 23 321.4259 A
11224500 2004 6 24 347.4615 A
11224500 2004 6 25 313.4160 A
11224500 2004 6 26 417.7571 A
11224500 2004 6 27 348.4544 A
11224500 2004 6 28 332.0520 A
11224500 2004 6 29 409.6711 A
11224500 2004 6 30 326.4638 A
11224500 2004 7 1 363.8585 A
11224500 2004 7 2 356.4351 A
11224500 2004 7 3 359.3124 A
11224500 2004 7 4 342.6580 A
11224500 2004 7 5 487.1112 A
11224500 2004 7 6 401.1219 A
11224500 2004 7 7 488.5691 A
11224500 2004 7 8 371.3531 A
11224500 2004 7 9 359.7521 A
11224500 2004 7 10 450.5575 A
11224500 2004 7 11 367.9387 A
11224500 2004 7 12 368.7691 A
11224500 2004 7 13 332.6029 A
11224500 2004 7 14 388.6073 A
11224500 2004 7 15 359.1388 A
11224500 2004 7 16 345.6324 A
11224500 2004 7 17 347.1995 A
11224500 2004 7 18 463.3362 A
11224500 2004 7 19 344.5581 A
11224500 2004 7 20 337.4895 A
11224500 2004 7 21 434.1219 A
11224500 2004 7 22 380.6927 A
11224500 2004 7 23 346.2465 A
11224500 2004 7 24 336.3829 A
11224500 2004 7 25 353.5617 A
11224500 2004 7 26 364.7045 A
11224500 2004 7 27 357.4019 A
11224500 2004 7 28 420.5674 A
11224500 2004 7 29 440.2776 A
11224500 2004 7 30 412.3934 A
11224500 2004 7 31 373.5543 A
11224500 2004 8 1 374.7179 A
11224500 2004 8 2 420.8057 A
11224500 2004 8 3 393.7965 A
11224500 2004 8 4 388.4820 A
11224500 2004 8 5 357.3155 A
11224500 2004 8 6 401.6596 A
11224500 2004 8 7 394.8343 A
11224500 2004 8 8 349.6534 A
11224500 2004 8 9 397.9940 A
11224500 2004 8 10 398.4787 A
11224500 2004 8 11 365.6044 A
11224500 2004 8 12 361.8759 A
11224500 2004 8 13 352.3134 A
11224500 2004 8 14 357.4753 A
11224500 2004 8 15 345.4420 A
11224500 2004 8 16 360.2036 A
11224500 2004 8 17 336.8558 A
11224500 2004 8 18 357.4088 A
11224500 2004 8 19 337.3005 A
11224500 2004 8 20 322.3531 A
11224500 2004 8 21 472.8586 A
11224500 2004 8 22 360.5750 A
11224500 2004 8 23 379.6147 A
11224500 2004 8 24 411.8653 A
11224500 2004 8 25 341.4144 A
11224500 2004 8 26 339.8915 A
11224500 2004 8 27 339.4816 A
11224500 2004 8 28 367.0297 A
11224500 2004 8 29 335.5054 A
11224500 2004 8 30 407.1825 A
11224500 2004 8 31 344.9556 A
11224500 2004 9 1 351.1742 A
11224500 2004 9 2 336.4434 A
11224500 2004 9 3 354.3465 A
11224500 2004 9 4 346.7027 A
11224500 2004 9 5 321.6396 A
11224500 2004 9 6 330.3485 A
11224500 2004 9 7 317.4317 A
11224500 2004 9 8 343.6966 A
11224500 2004 9 9 300.8682 A
11224500 2004 9 10 429.2066 A
11224500 2004 9 11 315.2214 A
11224500 2004 9 12 351.0620 A
11224500 2004 9 13 331.5546 A
11224500 2004 9 14 352.7805 A
11224500 2004 9 15 343.4584 A
11224500 2004 9 16 343.4473 A
11224500 2004 9 17 301.6341 A
11224500 2004 9 18 286.4674 A
11224500 2004 9 19 316.2489 A
11224500 2004 9 20 287.2458 A
11224500 2004 9 21 289.1837 A
11224500 2004 9 22 282.1890 A
11224500 2004 9 23 287.8816 A
11224500 2004 9 24 286.1187 A
11224500 2004 9 25 271.0145 A
11224500 2004 9 26 261.0643 A
11224500 2004 9 27 259.6081 A
11224500 2004 9 28 257.2314 A
11224500 2004 9 29 254.6386 A
11224500 2004 9 30 289.7391 A
11224500 2004 10 1 285.5731 A
11224500 2004 10 2 243.8178 A
11224500 2004 10 3 238.1595 A
11224500 2004 10 4 271.6704 A
11224500 2004 10 5 239.6447 A
11224500 2004 10 6 246.7981 A
11224500 2004 10 7 227.7838 A
11224500 2004 10 8 221.5819 A
11224500 2004 10 9 230.1959 A
11224500 2004 10 10 208.0749 A
11224500 2004 10 11 234.5165 A
11224500 2004 10 12 212.8179 A
11224500 2004 10 13 197.2340 A
11224500 2004 10 14 203.6982 A
11224500 2004 10 15 207.6280 A
11224500 2004 10 16 202.7064 A
11224500 2004 10 17 193.5709 A
11224500 2004 10 18 182.3380 A
11224500 2004 10 19 169.1469 A
11224500 2004 10 20 171.0736 A
11224500 2004 10 21 170.1559 A
11224500 2004 10 22 160.6151 A
11224500 2004 10 23 165.5484 A
11224500 2004 10 24 153.2061 A
11224500 2004 10 25 141.6736 A
11224500 2004 10 26 150.7903 A
11224500 2004 10 27 130.8344 A
11224500 2004 10 28 129.1240 A
11224500 2004 10 29 115.3498 A
11224500 2004 10 30 101.6920 A
11224500 2004 10 31 111.2204 A
11224500 2004 11 1 114.1232 A
11224500 2004 11 2 109.5593 A
11224500 2004 11 3 88.2233 A
11224500 2004 11 4 72.0892 A
11224500 2004 11 5 94.0457 A
11224500 2004 11 6 67.4235 A
11224500 2004 11 7 61.5405 A
11224500 2004 11 8 67.8369 A
11224500 2004 11 9 56.3212 A
11224500 2004 11 10 50.2365 A
11224500 2004 11 11 17.7614 A
11224500 2004 11 12 50.3338 A
11224500 2004 11 13 34.0679 A
11224500 2004 11 14 9.8425 A
11224500 2004 11 15 67.6220 A
11224500 2004 11 16 23.9351 A
11224500 2004 11 17 51.8480 A
11224500 2004 11 18 13.3363 A
11224500 2004 11 19 0.8034 A
11224500 2004 11 20 8.7453 A
11224500 2004 11 21 1.7521 A
11224500 2004 11 22 18.3331 A
11224500 2004 11 23 25.8860 A
11224500 2004 11 24 35.8357 A
11224500 2004 11 25 3.2493 A
11224500 2004 11 26 14.3077 A
11224500 2004 11 27 0.3679 A
11224500 2004 11 28 0.3679 A
11224500 2004 11 29 20.8742 A
11224500 2004 11 30 10.9601 A
11224500 2004 12 1 1.3649 A
11224500 2004 12 2 0.3679 A
11224500 2004 12 3 25.4967 A
11224500 2004 12 4 13.1987 A
11224500 2004 12 5 9.6457 A
11224500 2004 12 6 0.3679 A
11224500 2004 12 7 35.4911 A
11224500 2004 12 8 17.3248 A
11224500 2004 12 9 13.1541 A
11224500 2004 12 10 9.0146 A
11224500 2004 12 11 16.1739 A
11224500 2004 12 12 0.3823 A
11224500 2004 12 13 12.1747 A
11224500 2004 12 14 49.7014 A
11224500 2004 12 15 2.5837 A
11224500 2004 12 16 25.0676 A
11224500 2004 12 17 12.5173 A
11224500 2004 12 18 3.6380 A
11224500 2004 12 19 22.5011 A
11224500 2004 12 20 2.3335 A
11224500 2004 12 21 14.4754 A
11224500 2004 12 22 13.4546 A
11224500 2004 12 23 13.4932 A
11224500 2004 12 24 7.9866 A
11224500 2004 12 25 14.9916 A
11224500 2004 12 26 19.3896 A
11224500 2004 12 27 35.3775 A
11224500 2004 12 28 14.1119 A
11224500 2004 12 29 39.0131 A
11224500 2004 12 30 3.0650 A
11224500 2004 12 31 0.3679 A
11224500 2005 1 1 0.3679 A
11224500 2005 1 2 18.6509 A
11224500 2005 1 3 20.5174 A
11224500 2005 1 4 1.9657 A
11224500 2005 1 5 5.7841 A
11224500 2005 1 6 18.0959 A
11224500 2005 1 7 6.0379 A
11224500 2005 1 8 2.4959 A
11224500 2005 1 9 26.3750 A
11224500 2005 1 10 14.9805 A
11224500 2005 1 11 1.4844 A
11224500 2005 1 12 7.2711 A
11224500 2005 1 13 52.8899 A
11224500 2005 1 14 19.6958 A
11224500 2005 1 15 26.4088 A
11224500 2005 1 16 9.6747 A
11224500 2005 1 17 29.1341 A
11224500 2005 1 18 7.5600 A
11224500 2005 1 19 13.0780 A
11224500 2005 1 20 73.0141 A
11224500 2005 1 21 24.8985 A
11224500 2005 1 22 30.9493 A
11224500 2005 1 23 11.7695 A
11224500 2005 1 24 14.1461 A
11224500 2005 1 25 10.3683 A
11224500 2005 1 26 28.1630 A
11224500 2005 1 27 60.7404 A
11224500 2005 1 28 30.5843 A
11224500 2005 1 29 28.3771 A
11224500 2005 1 30 0.3679 A
11224500 2005 1 31 8.1025 A
11224500 2005 2 1 20.6329 A
11224500 2005 2 2 12.0345 A
11224500 2005 2 3 147.1383 A
11224500 2005 2 4 45.2000 A
11224500 2005 2 5 13.5298 A
11224500 2005 2 6 32.8873 A
11224500 2005 2 7 19.7893 A
11224500 2005 2 8 18.2252 A
11224500 2005 2 9 15.6413 A
11224500 2005 2 10 193.2579 A
11224500 2005 2 11 30.0342 A
11224500 2005 2 12 8.9772 A
11224500 2005 2 13 24.9255 A
11224500 2005 2 14 30.4590 A
11224500 2005 2 15 15.9496 A
11224500 2005 2 16 8.4040 A
11224500 2005 2 17 25.6613 A
11224500 2005 2 18 26.5597 A
11224500 2005 2 19 23.7652 A
11224500 2005 2 20 0.3679 A
11224500 2005 2 21 4.1820 A
11224500 2005 2 22 48.9035 A
11224500 2005 2 23 1.4198 A
11224500 2005 2 24 68.4060 A
11224500 2005 2 25 69.4147 A
11224500 2005 2 26 21.3438 A
11224500 2005 2 27 12.7257 A
11224500 2005 2 28 4.9982 A
11224500 2005 3 1 5.8985 A
11224500 2005 3 2 39.2519 A
11224500 2005 3 3 69.8299 A
11224500 2005 3 4 30.3122 A
11224500 2005 3 5 100.6361 A
11224500 2005 3 6 64.6905 A
11224500 2005 3 7 46.3311 A
11224500 2005 3 8 17.3614 A
11224500 2005 3 9 18.2341 A
11224500 2005 3 10 20.3284 A
11224500 2005 3 11 29.1948 A
11224500 2005 3 12 18.7143 A
11224500 2005 3 13 62.7918 A
11224500 2005 3 14 64.5307 A
11224500 2005 3 15 17.1381 A
11224500 2005 3 16 52.5774 A
11224500 2005 3 17 12.8530 A
11224500 2005 3 18 7.6956 A
11224500 2005 3 19 18.9769 A
11224500 2005 3 20 35.2187 A
11224500 2005 3 21 20.9020 A
11224500 2005 3 22 31.0179 A
11224500 2005 3 23 6.3124 A
11224500 2005 3 24 86.8009 A
11224500 2005 3 25 37.1598 A
11224500 2005 3 26 27.6503 A
11224500 2005 3 27 56.2608 A
11224500 2005 3 28 105.3712 A
11224500 2005 3 29 37.9713 A
11224500 2005 3 30 89.4243 A
11224500 2005 3 31 62.7573 A
11224500 2005 4 1 117.0880 A
11224500 2005 4 2 29.1729 A
11224500 2005 4 3 80.3085 A
11224500 2005 4 4 184.7988 A
11224500 2005 4 5 176.7168 A
11224500 2005 4 6 166.0578 A
11224500 2005 4 7 99.7000 A
11224500 2005 4 8 152.5349 A
11224500 2005 4 9 79.1530 A
11224500 2005 4 10 94.6992 A
11224500 2005 4 11 91.3892 A
11224500 2005 4 12 162.6562 A
11224500 2005 4 13 142.6828 A
11224500 2005 4 14 225.7388 A
11224500 2005 4 15 106.7589 A
11224500 2005 4 16 103.5971 A
11224500 2005 4 17 250.3410 A
11224500 2005 4 18 112.3334 A
11224500 2005 4 19 162.1628 A
11224500 2005 4 20 111.0273 A
11224500 2005 4 21 165.4938 A
11224500 2005 4 22 428.9072 A
11224500 2005 4 23 199.9069 A
11224500 2005 4 24 205.8541 A
11224500 2005 4 25 241.2475 A
11224500 2005 4 26 228.2001 A
11224500 2005 4 27 240.6308 A
11224500 2005 4 28 225.9393 A
11224500 2005 4 29 178.3731 A
11224500 2005 4 30 204.9319 A
11224500 2005 5 1 199.9921 A
11224500 2005 5 2 198.0901 A
11224500 2005 5 3 224.5280 A
11224500 2005 5 4 169.2373 A
11224500 2005 5 5 216.9240 A
11224500 2005 5 6 247.2881 A
11224500 2005 5 7 181.0578 A
11224500 2005 5 8 203.5738 A
11224500 2005 5 9 266.1276 A
11224500 2005 5 10 212.5456 A
11224500 2005 5 11 189.3843 A
11224500 2005 5 12 323.8768 A
11224500 2005 5 13 308.8517 A
11224500 2005 5 14 255.9347 A
11224500 2005 5 15 232.1962 A
11224500 2005 5 16 421.6305 A
11224500 2005 5 17 249.5343 A
11224500 2005 5 18 255.0503 A
11224500 2005 5 19 262.3359 A
11224500 2005 5 20 237.9466 A
11224500 2005 5 21 277.9198 A
11224500 2005 5 22 279.0273 A
11224500 2005 5 23 301.1145 A
11224500 2005 5 24 272.2300 A
11224500 2005 5 25 263.9155 A
11224500 2005 5 26 585.4074 A
11224500 2005 5 27 322.2485 A
11224500 2005 5 28 307.5170 A
11224500 2005 5 29 283.8074 A
11224500 2005 5 30 339.0225 A
11224500 2005 5 31 413.9052 A
11224500 2005 6 1 418.9288 A
11224500 2005 6 2 320.7048 A
11224500 2005 6 3 339.8490 A
11224500 2005 6 4 371.5010 A
11224500 2005 6 5 318.5521 A
11224500 2005 6 6 294.8375 A
11224500 2005 6 7 296.6919 A
11224500 2005 6 8 326.8870 A
11224500 2005 6 9 316.9904 A
11224500 2005 6 10 332.3892 A
11224500 2005 6 11 305.1685 A
11224500 2005 6 12 325.5295 A
11224500 2005 6 13 356.5640 A
11224500 2005 6 14 394.0400 A
11224500 2005 6 15 318.5028 A
11224500 2005 6 16 402.7377 A
11224500 2005 6 17 313.9980 A
11224500 2005 6 18 352.6121 A
11224500 2005 6 19 386.1050 A
11224500 2005 6 20 515.7507 A
11224500 2005 6 21 409.2295 A
11224500 2005 6 22 375.0603 A
11224500 2005 6 23 338.1028 A
11224500 2005 6 24 367.6727 A
11224500 2005 6 25 438.0935 A
11224500 2005 6 26 430.6233 A
11224500 2005 6 27 492.4046 A
11224500 2005 6 28 461.1854 A
11224500 2005 6 29 412.4493 A
11224500 2005 6 30 418.9202 A
11224500 2005 7 1 418.5649 A
11224500 2005 7 2 420.9817 A
11224500 2005 7 3 448.0361 A
11224500 2005 7 4 437.8061 A
11224500 2005 7 5 435.5935 A
11224500 2005 7 6 405.2190 A
11224500 2005 7 7 463.7901 A
11224500 2005 7 8 427.8262 A
11224500 2005 7 9 411.3241 A
11224500 2005 7 10 536.8964 A
11224500 2005 7 11 457.7465 A
11224500 2005 7 12 441.1127 A
11224500 2005 7 13 445.6316 A
11224500 2005 7 14 493.9360 A
11224500 2005 7 15 457.4055 A
11224500 2005 7 16 549.0335 A
11224500 2005 7 17 455.2294 A
11224500 2005 7 18 509.6555 A
11224500 2005 7 19 470.8890 A
11224500 2005 7 20 487.4553 A
11224500 2005 7 21 454.9963 A
11224500 2005 7 22 460.4366 A
11224500 2005 7 23 564.8544 A
11224500 2005 7 24 446.3653 A
11224500 2005 7 25 466.2186 A
11224500 2005 7 26 538.6629 A
11224500 2005 7 27 601.4453 A
11224500 2005 7 28 476.3027 A
11224500 2005 7 29 467.1097 A
11224500 2005 7 30 483.8017 A
11224500 2005 7 31 462.5239 A
11224500 2005 8 1 473.7466 A
11224500 2005 8 2 617.6540 A
11224500 2005 8 3 491.7277 A
11224500 2005 8 4 473.0893 A
11224500 2005 8 5 489.8703 A
11224500 2005 8 6 463.1953 A
11224500 2005 8 7 469.9598 A
11224500 2005 8 8 444.3944 A
11224500 2005 8 9 481.8319 A
11224500 2005 8 10 448.1300 A
11224500 2005 8 11 473.5516 A
11224500 2005 8 12 472.0682 A
11224500 2005 8 13 491.0404 A
11224500 2005 8 14 456.6049 A
11224500 2005 8 15 460.8987 A
11224500 2005 8 16 433.1509 A
11224500 2005 8 17 443.5393 A
11224500 2005 8 18 572.4767 A
11224500 2005 8 19 441.9000 A
11224500 2005 8 20 457.5888 A
11224500 2005 8 21 454.2099 A
11224500 2005 8 22 476.9790 A
11224500 2005 8 23 469.8259 A
11224500 2005 8 24 462.0426 A
11224500 2005 8 25 453.6463 A
11224500 2005 8 26 456.0144 A
11224500 2005 8 27 439.9383 A
11224500 2005 8 28 447.2590 A
11224500 2005 8 29 474.5650 A
11224500 2005 8 30 462.2358 A
11224500 2005 8 31 470.4730 A
11224500 2005 9 1 440.8297 A
11224500 2005 9 2 507.4225 A
11224500 2005 9 3 427.5169 A
11224500 2005 9 4 429.9997 A
11224500 2005 9 5 422.0226 A
11224500 2005 9 6 463.9254 A
11224500 2005 9 7 437.8586 A
11224500 2005 9 8 429.1988 A
11224500 2005 9 9 396.7398 A
11224500 2005 9 10 408.1054 A
11224500 2005 9 11 413.3908 A
11224500 2005 9 12 383.2054 A
11224500 2005 9 13 394.0423 A
11224500 2005 9 14 385.9979 A
11224500 2005 9 15 369.5222 A
11224500 2005 9 16 378.0568 A
11224500 2005 9 17 364.2318 A
11224500 2005 9 18 355.0200 A
11224500 2005 9 19 384.5876 A
11224500 2005 9 20 340.2397 A
11224500 2005 9 21 352.8602 A
11224500 2005 9 22 339.3154 A
11224500 2005 9 23 330.4199 A
11224500 2005 9 24 357.6092 A
11224500 2005 9 25 329.7984 A
11224500 2005 9 26 335.8253 A
11224500 2005 9 27 319.4319 A
11224500 2005 9 28 362.4101 A
11224500 2005 9 29 313.0398 A
11224500 2005 9 30 327.8713 A
11224500 2005 10 1 330.0770 A
11224500 2005 10 2 331.2636 A
11224500 2005 10 3 302.4611 A
11224500 2005 10 4 295.6110 A
11224500 2005 10 5 293.2478 A
11224500 2005 10 6 288.0140 A
11224500 2005 10 7 284.4697 A
11224500 2005 10 8 304.7456 A
11224500 2005 10 9 265.3243 A
11224500 2005 10 10 264.3375 A
11224500 2005 10 11 260.8704 A
11224500 2005 10 12 251.0875 A
11224500 2005 10 13 271.0185 A
11224500 2005 10 14 248.5573 A
11224500 2005 10 15 244.8359 A
11224500 2005 10 16 254.6689 A
11224500 2005 10 17 225.2273 A
11224500 2005 10 18 221.2877 A
11224500 2005 10 19 223.3938 A
11224500 2005 10 20 203.3249 A
11224500 2005 10 21 209.1718 A
11224500 2005 10 22 200.1634 A
11224500 2005 10 23 194.3363 A
11224500 2005 10 24 180.5777 A
11224500 2005 10 25 183.6484 A
11224500 2005 10 26 195.1132 A
11224500 2005 10 27 174.2419 A
11224500 2005 10 28 174.2982 A
11224500 2005 10 29 185.8819 A
11224500 2005 10 30 162.7421 A
11224500 2005 10 31 173.0517 A
11224500 2005 11 1 153.0067 A
11224500 2005 11 2 172.0605 A
11224500 2005 11 3 135.2266 A
11224500 2005 11 4 154.1302 A
11224500 2005 11 5 136.0070 A
11224500 2005 11 6 140.9270 A
11224500 2005 11 7 127.5317 A
11224500 2005 11 8 138.6217 A
11224500 2005 11 9 122.2221 A
11224500 2005 11 10 104.6978 A
11224500 2005 11 11 104.1788 A
11224500 2005 11 12 123.0336 A
11224500 2005 11 13 141.9640 A
11224500 2005 11 14 102.4996 A
11224500 2005 11 15 110.7236 A
11224500 2005 11 16 84.9111 A
11224500 2005 11 17 87.2363 A
11224500 2005 11 18 85.9963 A
11224500 2005 11 19 76.9593 A
11224500 2005 11 20 86.3906 A
11224500 2005 11 21 55.2528 A
11224500 2005 11 22 51.6206 A
11224500 2005 11 23 48.6547 A
11224500 2005 11 24 45.0533 A
11224500 2005 11 25 62.7141 A
11224500 2005 11 26 53.4297 A
11224500 2005 11 27 22.6351 A
11224500 2005 11 28 24.1759 A
11224500 2005 11 29 13.8882 A
11224500 2005 11 30 22.8753 A
11224500 2005 12 1 21.4820 A
11224500 2005 12 2 11.6779 A
11224500 2005 12 3 7.2111 A
11224500 2005 12 4 5.0385 A
11224500 2005 12 5 0.3679 A
11224500 2005 12 6 32.7309 A
11224500 2005 12 7 34.3941 A
11224500 2005 12 8 0.3679 A
11224500 2005 12 9 15.5283 A
11224500 2005 12 10 22.0932 A
11224500 2005 12 11 32.8385 A
11224500 2005 12 12 9.2608 A
11224500 2005 12 13 0.3679 A
11224500 2005 12 14 7.4059 A
11224500 2005 12 15 8.2922 A
11224500 2005 12 16 37.0529 A
11224500 2005 12 17 7.3380 A
11224500 2005 12 18 14.0435 A
11224500 2005 12 19 29.3233 A
11224500 2005 12 20 7.1446 A
11224500 2005 12 21 12.1323 A
11224500 2005 12 22 24.6315 A
11224500 2005 12 23 21.4446 A
11224500 2005 12 24 4.0334 A
11224500 2005 12 25 34.7853 A
11224500 2005 12 26 31.3974 A
11224500 2005 12 27 35.6995 A
11224500 2005 12 28 25.6708 A
11224500 2005 12 29 27.6052 A
11224500 2005 12 30 27.7628 A
11224500 2005 12 31 2.7238 A
11224500 2006 1 1 18.5398 A
11224500 2006 1 2 26.9003 A
11224500 2006 1 3 0.3679 A
11224500 2006 1 4 0.3679 A
11224500 2006 1 5 1.0143 A
11224500 2006 1 6 6.8511 A
11224500 2006 1 7 41.6174 A
11224500 2006 1 8 37.2599 A
11224500 2006 1 9 2.5501 A
11224500 2006 1 10 29.4424 A
11224500 2006 1 11 31.5173 A
11224500 2006 1 12 36.5030 A
11224500 2006 1 13 14.7541 A
11224500 2006 1 14 3.1460 A
11224500 2006 1 15 22.1411 A
11224500 2006 1 16 18.1819 A
11224500 2006 1 17 0.3679 A
11224500 2006 1 18 80.9238 A
11224500 2006 1 19 21.5031 A
11224500 2006 1 20 37.8930 A
11224500 2006 1 21 43.0031 A
11224500 2006 1 22 20.1744 A
11224500 2006 1 23 85.7874 A
11224500 2006 1 24 13.1422 A
11224500 2006 1 25 13.0313 A
11224500 2006 1 26 13.4391 A
11224500 2006 1 27 22.1198 A
11224500 2006 1 28 20.9478 A
11224500 2006 1 29 26.1042 A
11224500 2006 1 30 14.3191 A
11224500 2006 1 31 13.0655 A
11224500 2006 2 1 10.2267 A
11224500 2006 2 2 10.5043 A
11224500 2006 2 3 48.3445 A
11224500 2006 2 4 57.8387 A
11224500 2006 2 5 8.7572 A
11224500 2006 2 6 0.3679 A
11224500 2006 2 7 6.5809 A
11224500 2006 2 8 157.3509 A
11224500 2006 2 9 127.6944 A
11224500 2006 2 10 33.0710 A
11224500 2006 2 11 87.1263 A
11224500 2006 2 12 42.0367 A
11224500 2006 2 13 32.6889 A
11224500 2006 2 14 130.6430 A
11224500 2006 2 15 44.7853 A
11224500 2006 2 16 29.2874 A
11224500 2006 2 17 50.0274 A
11224500 2006 2 18 23.2805 A
11224500 2006 2 19 13.4864 A
11224500 2006 2 20 36.5002 A
11224500 2006 2 21 17.5018 A
11224500 2006 2 22 2.0387 A
11224500 2006 2 23 132.5118 A
11224500 2006 2 24 76.6069 A
11224500 2006 2 25 64.8159 A
11224500 2006 2 26 80.4841 A
11224500 2006 2 27 38.5117 A
11224500 2006 2 28 30.8247 A
11224500 2006 3 1 60.6188 A
11224500 2006 3 2 39.2457 A
11224500 2006 3 3 29.7666 A
11224500 2006 3 4 25.6633 A
11224500 2006 3 5 19.5586 A
11224500 2006 3 6 36.5571 A
11224500 2006 3 7 87.1473 A
11224500 2006 3 8 25.1814 A
11224500 2006 3 9 63.8537 A
11224500 2006 3 10 3.7981 A
11224500 2006 3 11 53.1182 A
11224500 2006 3 12 4.7437 A
11224500 2006 3 13 8.7620 A
11224500 2006 3 14 7.5824 A
11224500 2006 3 15 22.7755 A
11224500 2006 3 16 31.4823 A
11224500 2006 3 17 54.2424 A
11224500 2006 3 18 162.1871 A
11224500 2006 3 19 125.7149 A
11224500 2006 3 20 128.8394 A
11224500 2006 3 21 80.6302 A
11224500 2006 3 22 116.9275 A
11224500 2006 3 23 86.6687 A
11224500 2006 3 24 61.6937 A
11224500 2006 3 25 67.2538 A
11224500 2006 3 26 72.9672 A
11224500 2006 3 27 71.2157 A
11224500 2006 3 28 65.0595 A
11224500 2006 3 29 69.0360 A
11224500 2006 3 30 57.7268 A
11224500 2006 3 31 50.1806 A
11224500 2006 4 1 50.1175 A
11224500 2006 4 2 234.6207 A
11224500 2006 4 3 161.5827 A
11224500 2006 4 4 102.1630 A
11224500 2006 4 5 126.2756 A
11224500 2006 4 6 143.8078 A
11224500 2006 4 7 82.0714 A
11224500 2006 4 8 80.1776 A
11224500 2006 4 9 91.3829 A
11224500 2006 4 10 81.4944 A
11224500 2006 4 11 155.6978 A
11224500 2006 4 12 269.5514 A
11224500 2006 4 13 132.0738 A
11224500 2006 4 14 104.9618 A
11224500 2006 4 15 149.1224 A
11224500 2006 4 16 111.0999 A
11224500 2006 4 17 116.5719 A
11224500 2006 4 18 157.6562 A
11224500 2006 4 19 105.8805 A
11224500 2006 4 20 132.7301 A
11224500 2006 4 21 107.2144 A
11224500 2006 4 22 287.5660 A
11224500 2006 4 23 133.4987 A
11224500 2006 4 24 164.7972 A
11224500 2006 4 25 156.3394 A
11224500 2006 4 26 249.3591 A
11224500 2006 4 27 192.9045 A
11224500 2006 4 28 154.5469 A
11224500 2006 4 29 158.2198 A
11224500 2006 4 30 212.6666 A
11224500 2006 5 1 212.3125 A
11224500 2006 5 2 140.5885 A
11224500 2006 5 3 154.5155 A
11224500 2006 5 4 234.4706 A
11224500 2006 5 5 256.7801 A
11224500 2006 5 6 305.6964 A
11224500 2006 5 7 249.7151 A
11224500 2006 5 8 242.6573 A
11224500 2006 5 9 293.8493 A
11224500 2006 5 10 296.9426 A
11224500 2006 5 11 239.4973 A
11224500 2006 5 12 299.3020 A
11224500 2006 5 13 327.1251 A
11224500 2006 5 14 244.3898 A
11224500 2006 5 15 244.8674 A
11224500 2006 5 16 335.0729 A
11224500 2006 5 17 258.4149 A
11224500 2006 5 18 322.1690 A
11224500 2006 5 19 259.2804 A
11224500 2006 5 20 268.3109 A
11224500 2006 5 21 333.8244 A
11224500 2006 5 22 308.5707 A
11224500 2006 5 23 280.2792 A
11224500 2006 5 24 255.7989 A
11224500 2006 5 25 316.4025 A
11224500 2006 5 26 267.1753 A
11224500 2006 5 27 254.4970 A
11224500 2006 5 28 277.7395 A
11224500 2006 5 29 283.2837 A
11224500 2006 5 30 249.0513 A
11224500 2006 5 31 275.4355 A
11224500 2006 6 1 380.6531 A
11224500 2006 6 2 260.7532 A
11224500 2006 6 3 247.1205 A
11224500 2006 6 4 366.5917 A
11224500 2006 6 5 273.5456 A
11224500 2006 6 6 302.9435 A
11224500 2006 6 7 303.3303 A
11224500 2006 6 8 259.0705 A
11224500 2006 6 9 434.8510 A
11224500 2006 6 10 293.9547 A
11224500 2006 6 11 473.8393 A
11224500 2006 6 12 304.3435 A
11224500 2006 6 13 304.0272 A
11224500 2006 6 14 332.0624 A
11224500 2006 6 15 338.3305 A
11224500 2006 6 16 295.3264 A
11224500 2006 6 17 302.1345 A
11224500 2006 6 18 296.5542 A
11224500 2006 6 19 351.8838 A
11224500 2006 6 20 324.5693 A
11224500 2006 6 21 338.7307 A
11224500 2006 6 22 409.2002 A
11224500 2006 6 23 332.0368 A
11224500 2006 6 24 306.8601 A
11224500 2006 6 25 336.4720 A
11224500 2006 6 26 391.2709 A
11224500 2006 6 27 395.7212 A
11224500 2006 6 28 427.5130 A
11224500 2006 6 29 338.1056 A
11224500 2006 6 30 348.7866 A
11224500 2006 7 1 373.7085 A
11224500 2006 7 2 333.5823 A
11224500 2006 7 3 333.9063 A
11224500 2006 7 4 341.2986 A
11224500 2006 7 5 332.1936 A
11224500 2006 7 6 377.4869 A
11224500 2006 7 7 323.8865 A
11224500 2006 7 8 316.9427 A
11224500 2006 7 9 367.2345 A
11224500 2006 7 10 389.9542 A
11224500 2006 7 11 328.2079 A
11224500 2006 7 12 318.2579 A
11224500 2006 7 13 352.9336 A
11224500 2006 7 14 490.8652 A
11224500 2006 7 15 348.5490 A
11224500 2006 7 16 414.1257 A
11224500 2006 7 17 356.7195 A
11224500 2006 7 18 389.0781 A
11224500 2006 7 19 353.3448 A
11224500 2006 7 20 425.9636 A
11224500 2006 7 21 406.9626 A
11224500 2006 7 22 492.7759 A
11224500 2006 7 23 412.9498 A
11224500 2006 7 24 422.4823 A
11224500 2006 7 25 439.7600 A
11224500 2006 7 26 426.4094 A
11224500 2006 7 27 397.6108 A
11224500 2006 7 28 390.2172 A
11224500 2006 7 29 437.3569 A
11224500 2006 7 30 401.4987 A
11224500 2006 7 31 381.6791 A
11224500 2006 8 1 403.3185 A
11224500 2006 8 2 386.3385 A
11224500 2006 8 3 384.1950 A
11224500 2006 8 4 364.6441 A
11224500 2006 8 5 378.2251 A
11224500 2006 8 6 367.1375 A
11224500 2006 8 7 387.4285 A
11224500 2006 8 8 372.2417 A
11224500 2006 8 9 349.3553 A
11224500 2006 8 10 345.3217 A
11224500 2006 8 11 344.7592 A
11224500 2006 8 12 334.5560 A
11224500 2006 8 13 401.1723 A
11224500 2006 8 14 401.3437 A
11224500 2006 8 15 372.3517 A
11224500 2006 8 16 344.7928 A
11224500 2006 8 17 333.3950 A
11224500 2006 8 18 404.0538 A
11224500 2006 8 19 340.4988 A
11224500 2006 8 20 360.4951 A
11224500 2006 8 21 371.2410 A
11224500 2006 8 22 351.2151 A
11224500 2006 8 23 336.0676 A
11224500 2006 8 24 416.6220 A
11224500 2006 8 25 341.9970 A
11224500 2006 8 26 322.5193 A
11224500 2006 8 27 363.5189 A
11224500 2006 8 28 325.4570 A
11224500 2006 8 29 319.7743 A
11224500 2006 8 30 327.6613 A
11224500 2006 8 31 344.7404 A
11224500 2006 9 1 339.6871 A
11224500 2006 9 2 324.2390 A
11224500 2006 9 3 312.6206 A
11224500 2006 9 4 315.7196 A
11224500 2006 9 5 304.3760 A
11224500 2006 9 6 308.4004 A
11224500 2006 9 7 341.4020 A
11224500 2006 9 8 283.8893 A
11224500 2006 9 9 319.4728 A
11224500 2006 9 10 278.9642 A
11224500 2006 9 11 273.5698 A
11224500 2006 9 12 274.2026 A
11224500 2006 9 13 255.1832 A
11224500 2006 9 14 284.8827 A
11224500 2006 9 15 257.8666 A
11224500 2006 9 16 288.7675 A
11224500 2006 9 17 269.4237 A
11224500 2006 9 18 275.4412 A
11224500 2006 9 19 292.5787 A
11224500 2006 9 20 244.1870 A
11224500 2006 9 21 240.5763 A
11224500 2006 9 22 256.6876 A
11224500 2006 9 23 263.2907 A
11224500 2006 9 24 237.1742 A
11224500 2006 9 25 225.5240 A
11224500 2006 9 26 230.1340 A
11224500 2006 9 27 227.8325 A
11224500 2006 9 28 210.1125 A
11224500 2006 9 29 217.3678 A
11224500 2006 9 30 211.4599 A
11224500 2006 10 1 190.5120 A
11224500 2006 10 2 222.8914 A
11224500 2006 10 3 206.3967 A
11224500 2006 10 4 194.4778 A
11224500 2006 10 5 182.7946 A
11224500 2006 10 6 203.1714 A
11224500 2006 10 7 174.9653 A
11224500 2006 10 8 174.9420 A
11224500 2006 10 9 192.8404 A
11224500 2006 10 10 195.2194 A
11224500 2006 10 11 183.7980 A
11224500 2006 10 12 162.0435 A
11224500 2006 10 13 215.9224 A
11224500 2006 10 14 186.8379 A
11224500 2006 10 15 159.1520 A
11224500 2006 10 16 150.0265 A
11224500 2006 10 17 143.5868 A
11224500 2006 10 18 133.2829 A
11224500 2006 10 19 142.2127 A
11224500 2006 10 20 118.4638 A
11224500 2006 10 21 169.1576 A
11224500 2006 10 22 170.4879 A
11224500 2006 10 23 126.0537 A
11224500 2006 10 24 115.6699 A
11224500 2006 10 25 100.6860 A
11224500 2006 10 26 111.0227 A
11224500 2006 10 27 102.1424 A
11224500 2006 10 28 90.9646 A
11224500 2006 10 29 119.6643 A
11224500 2006 10 30 94.0397 A
11224500 2006 10 31 146.0765 A
11224500 2006 11 1 93.3335 A
11224500 2006 11 2 91.8403 A
11224500 2006 11 3 95.1581 A
11224500 2006 11 4 73.1053 A
11224500 2006 11 5 62.0237 A
11224500 2006 11 6 86.2706 A
11224500 2006 11 7 85.0461 A
11224500 2006 11 8 38.8296 A
11224500 2006 11 9 97.1591 A
11224500 2006 11 10 41.1113 A
11224500 2006 11 11 53.5601 A
11224500 2006 11 12 51.3415 A
11224500 2006 11 13 41.0817 A
11224500 2006 11 14 40.7227 A
11224500 2006 11 15 29.4338 A
11224500 2006 11 16 31.1847 A
11224500 2006 11 17 20.5066 A
11224500 2006 11 18 11.3663 A
11224500 2006 11 19 14.7322 A
11224500 2006 11 20 19.2383 A
11224500 2006 11 21 10.1401 A
11224500 2006 11 22 0.3679 A
11224500 2006 11 23 6.6124 A
11224500 2006 11 24 11.1131 A
11224500 2006 11 25 0.3679 A
11224500 2006 11 26 3.1376 A
11224500 2006 11 27 0.3679 A
11224500 2006 11 28 16.7844 A
11224500 2006 11 29 43.8437 A
11224500 2006 11 30 18.4845 A
11224500 2006 12 1 9.5064 A
11224500 2006 12 2 60.7771 A
11224500 2006 12 3 2.1332 A
11224500 2006 12 4 5.8403 A
11224500 2006 12 5 10.5822 A
11224500 2006 12 6 36.1635 A
11224500 2006 12 7 51.2627 A
11224500 2006 12 8 15.0445 A
11224500 2006 12 9 24.3141 A
11224500 2006 12 10 0.3679 A
11224500 2006 12 11 16.8627 A
11224500 2006 12 12 40.1306 A
11224500 2006 12 13 9.0474 A
11224500 2006 12 14 20.1141 A
11224500 2006 12 15 0.3679 A
11224500 2006 12 16 16.1571 A
11224500 2006 12 17 35.8400 A
11224500 2006 12 18 16.4128 A
11224500 2006 12 19 0.3679 A
11224500 2006 12 20 41.2195 A
11224500 2006 12 21 3.3520 A
11224500 2006 12 22 65.4498 A
11224500 2006 12 23 11.8427 A
11224500 2006 12 24 10.1941 A
11224500 2006 12 25 37.9713 A
11224500 2006 12 26 19.3915 A
11224500 2006 12 27 4.5128 A
11224500 2006 12 28 20.6263 A
11224500 2006 12 29 45.3150 A
11224500 2006 12 30 91.9500 A
11224500 2006 12 31 26.8187 A
11224500 2007 1 1 20.5125 A
11224500 2007 1 2 17.3814 A
11224500 2007 1 3 11.7960 A
11224500 2007 1 4 1.2942 A
11224500 2007 1 5 52.6888 A
11224500 2007 1 6 22.4004 A
11224500 2007 1 7 5.7402 A
11224500 2007 1 8 7.0957 A
11224500 2007 1 9 32.3690 A
11224500 2007 1 10 0.3679 A
11224500 2007 1 11 14.4294 A
11224500 2007 1 12 67.0824 A
11224500 2007 1 13 28.8761 A
11224500 2007 1 14 35.2450 A
11224500 2007 1 15 31.3120 A
11224500 2007 1 16 53.7363 A
11224500 2007 1 17 12.7629 A
11224500 2007 1 18 9.2548 A
11224500 2007 1 19 51.0606 A
11224500 2007 1 20 23.5651 A
11224500 2007 1 21 20.2231 A
11224500 2007 1 22 54.7370 A
11224500 2007 1 23 1.9812 A
11224500 2007 1 24 36.7534 A
11224500 2007 1 25 19.2863 A
11224500 2007 1 26 2.5407 A
11224500 2007 1 27 20.0477 A
11224500 2007 1 28 10.1914 A
11224500 2007 1 29 0.3679 A
11224500 2007 1 30 0.4442 A
11224500 2007 1 31 16.7284 A
11224500 2007 2 1 2.6937 A
11224500 2007 2 2 6.8894 A
11224500 2007 2 3 36.6273 A
11224500 2007 2 4 12.5329 A
11224500 2007 2 5 69.7958 A
11224500 2007 2 6 162.7523 A
11224500 2007 2 7 36.4934 A
11224500 2007 2 8 20.1746 A
11224500 2007 2 9 18.4958 A
11224500 2007 2 10 24.4618 A
11224500 2007 2 11 12.3581 A
11224500 2007 2 12 13.0004 A
11224500 2007 2 13 5.0945 A
11224500 2007 2 14 28.7791 A
11224500 2007 2 15 106.4532 A
11224500 2007 2 16 79.5374 A
11224500 2007 2 17 21.0954 A
11224500 2007 2 18 32.5178 A
11224500 2007 2 19 11.3007 A
11224500 2007 2 20 61.8238 A
11224500 2007 2 21 28.8579 A
11224500 2007 2 22 25.4449 A
11224500 2007 2 23 4.0508 A
11224500 2007 2 24 28.1633 A
11224500 2007 2 25 25.1552 A
11224500 2007 2 26 4.1050 A
11224500 2007 2 27 85.1034 A
11224500 2007 2 28 38.8450 A
11224500 2007 3 1 133.8246 A
11224500 2007 3 2 33.9049 A
11224500 2007 3 3 146.1680 A
11224500 2007 3 4 70.2212 A
11224500 2007 3 5 63.8488 A
11224500 2007 3 6 52.1337 A
11224500 2007 3 7 110.6473 A
11224500 2007 3 8 131.2725 A
11224500 2007 3 9 49.2303 A
11224500 2007 3 10 119.5214 A
11224500 2007 3 11 71.2957 A
11224500 2007 3 12 124.1003 A
11224500 2007 3 13 97.7617 A
11224500 2007 3 14 65.5280 A
11224500 2007 3 15 66.8566 A
11224500 2007 3 16 78.6749 A
11224500 2007 3 17 88.4235 A
11224500 2007 3 18 55.7723 A
11224500 2007 3 19 157.1601 A
11224500 2007 3 20 86.9108 A
11224500 2007 3 21 70.0365 A
11224500 2007 3 22 125.1004 A
11224500 2007 3 23 191.3364 A
11224500 2007 3 24 176.1767 A
11224500 2007 3 25 97.0128 A
11224500 2007 3 26 267.7963 A
11224500 2007 3 27 126.6185 A
11224500 2007 3 28 134.0565 A
11224500 2007 3 29 181.2693 A
11224500 2007 3 30 229.7555 A
11224500 2007 3 31 222.8280 A
11224500 2007 4 1 144.3274 A
11224500 2007 4 2 237.0017 A
11224500 2007 4 3 243.3132 A
11224500 2007 4 4 162.0584 A
11224500 2007 4 5 235.4762 A
11224500 2007 4 6 186.3182 A
11224500 2007 4 7 171.3139 A
11224500 2007 4 8 187.4378 A
11224500 2007 4 9 182.2913 A
11224500 2007 4 10 171.5163 A
11224500 2007 4 11 167.6653 A
11224500 2007 4 12 217.7718 A
11224500 2007 4 13 146.0348 A
11224500 2007 4 14 275.4944 A
11224500 2007 4 15 205.2676 A
11224500 2007 4 16 242.3856 A
11224500 2007 4 17 189.9210 A
11224500 2007 4 18 181.8163 A
11224500 2007 4 19 194.8817 A
11224500 2007 4 20 284.3828 A
11224500 2007 4 21 220.0088 A
11224500 2007 4 22 290.5781 A
11224500 2007 4 23 202.9308 A
11224500 2007 4 24 191.8359 A
11224500 2007 4 25 217.6141 A
11224500 2007 4 26 201.9094 A
11224500 2007 4 27 207.0128 A
11224500 2007 4 28 186.7950 A
11224500 2007 4 29 171.9918 A
11224500 2007 4 30 152.1396 A
11224500 2007 5 1 240.6126 A
11224500 2007 5 2 249.1104 A
11224500 2007 5 3 242.0570 A
11224500 2007 5 4 286.9716 A
11224500 2007 5 5 221.2116 A
11224500 2007 5 6 244.7909 A
11224500 2007 5 7 259.9971 A
11224500 2007 5 8 252.8269 A
11224500 2007 5 9 273.4032 A
11224500 2007 5 10 260.4146 A
11224500 2007 5 11 240.0076 A
11224500 2007 5 12 214.4779 A
11224500 2007 5 13 297.3027 A
11224500 2007 5 14 240.2541 A
11224500 2007 5 15 316.6034 A
11224500 2007 5 16 240.6144 A
11224500 2007 5 17 241.2822 A
11224500 2007 5 18 246.8359 A
11224500 2007 5 19 284.2130 A
11224500 2007 5 20 266.9453 A
11224500 2007 5 21 278.8827 A
11224500 2007 5 22 256.4555 A
11224500 2007 5 23 230.8429 A
11224500 2007 5 24 319.7246 A
11224500 2007 5 25 304.1183 A
11224500 2007 5 26 223.5181 A
11224500 2007 5 27 242.8699 A
11224500 2007 5 28 331.9225 A
11224500 2007 5 29 284.7441 A
11224500 2007 5 30 288.7490 A
11224500 2007 5 31 264.4930 A
11224500 2007 6 1 268.7477 A
11224500 2007 6 2 234.2053 A
11224500 2007 6 3 244.7400 A
11224500 2007 6 4 241.7824 A
11224500 2007 6 5 260.8122 A
11224500 2007 6 6 232.9067 A
11224500 2007 6 7 299.0689 A
11224500 2007 6 8 224.6777 A
11224500 2007 6 9 270.1861 A
11224500 2007 6 10 231.9921 A
11224500 2007 6 11 223.9144 A
11224500 2007 6 12 237.6507 A
11224500 2007 6 13 360.1593 A
11224500 2007 6 14 264.3303 A
11224500 2007 6 15 262.5170 A
11224500 2007 6 16 253.9702 A
11224500 2007 6 17 300.7960 A
11224500 2007 6 18 258.3452 A
11224500 2007 6 19 235.6422 A
11224500 2007 6 20 224.4070 A
11224500 2007 6 21 265.7804 A
11224500 2007 6 22 282.8443 A
11224500 2007 6 23 235.3777 A
11224500 2007 6 24 242.9340 A
11224500 2007 6 25 222.2776 A
11224500 2007 6 26 259.1727 A
11224500 2007 6 27 220.9355 A
11224500 2007 6 28 371.9917 A
11224500 2007 6 29 294.8104 A
11224500 2007 6 30 242.1798 A
11224500 2007 7 1 259.0239 A
11224500 2007 7 2 282.0750 A
11224500 2007 7 3 405.5599 A
11224500 2007 7 4 352.5116 A
11224500 2007 7 5 290.0459 A
11224500 2007 7 6 559.6105 A
11224500 2007 7 7 315.6642 A
11224500 2007 7 8 305.0334 A
11224500 2007 7 9 325.4979 A
11224500 2007 7 10 316.3188 A
11224500 2007 7 11 339.6075 A
11224500 2007 7 12 311.2146 A
11224500 2007 7 13 292.4344 A
11224500 2007 7 14 329.2083 A
11224500 2007 7 15 529.2916 A
11224500 2007 7 16 386.7093 A
11224500 2007 7 17 346.3618 A
11224500 2007 7 18 360.8246 A
11224500 2007 7 19 445.0951 A
11224500 2007 7 20 374.1957 A
11224500 2007 7 21 332.2043 A
11224500 2007 7 22 340.2311 A
11224500 2007 7 23 387.1892 A
11224500 2007 7 24 386.1730 A
11224500 2007 7 25 363.3725 A
11224500 2007 7 26 339.3957 A
11224500 2007 7 27 331.6205 A
11224500 2007 7 28 338.2891 A
11224500 2007 7 29 340.1248 A
11224500 2007 7 30 353.1629 A
11224500 2007 7 31 582.4768 A
11224500 2007 8 1 517.6010 A
11224500 2007 8 2 398.7637 A
11224500 2007 8 3 392.7235 A
11224500 2007 8 4 390.8358 A
11224500 2007 8 5 400.1331 A
11224500 2007 8 6 385.1654 A
11224500 2007 8 7 428.6045 A
11224500 2007 8 8 388.6295 A
11224500 2007 8 9 403.2444 A
11224500 2007 8 10 372.3030 A
11224500 2007 8 11 398.5613 A
11224500 2007 8 12 376.3962 A
11224500 2007 8 13 354.6061 A
11224500 2007 8 14 359.9910 A
11224500 2007 8 15 388.9364 A
11224500 2007 8 16 432.9922 A
11224500 2007 8 17 365.1270 A
11224500 2007 8 18 383.9916 A
11224500 2007 8 19 345.8274 A
11224500 2007 8 20 330.3882 A
11224500 2007 8 21 327.1069 A
11224500 2007 8 22 342.9980 A
11224500 2007 8 23 373.0281 A
11224500 2007 8 24 365.3065 A
11224500 2007 8 25 330.3216 A
11224500 2007 8 26 314.8028 A
11224500 2007 8 27 409.1288 A
11224500 2007 8 28 313.7467 A
11224500 2007 8 29 372.6575 A
11224500 2007 8 30 369.3037 A
11224500 2007 8 31 334.2689 A
11224500 2007 9 1 323.1688 A
11224500 2007 9 2 350.5011 A
11224500 2007 9 3 295.6817 A
11224500 2007 9 4 359.4810 A
11224500 2007 9 5 335.5826 A
11224500 2007 9 6 336.8682 A
11224500 2007 9 7 359.2315 A
11224500 2007 9 8 306.3814 A
11224500 2007 9 9 303.9368 A
11224500 2007 9 10 323.5355 A
11224500 2007 9 11 321.4475 A
11224500 2007 9 12 337.1542 A
11224500 2007 9 13 392.2741 A
11224500 2007 9 14 325.3127 A
11224500 2007 9 15 300.4204 A
11224500 2007 9 16 303.7363 A
11224500 2007 9 17 284.7426 A
11224500 2007 9 18 287.4069 A
11224500 2007 9 19 293.4978 A
11224500 2007 9 20 282.7306 A
11224500 2007 9 21 291.2129 A
11224500 2007 9 22 413.8016 A
11224500 2007 9 23 285.2221 A
11224500 2007 9 24 285.4458 A
11224500 2007 9 25 268.0063 A
11224500 2007 9 26 274.9836 A
11224500 2007 9 27 270.4472 A
11224500 2007 9 28 238.1045 A
11224500 2007 9 29 243.9973 A
11224500 2007 9 30 278.3777 A
11224500 2007 10 1 271.6224 A
11224500 2007 10 2 288.9119 A
11224500 2007 10 3 287.2835 A
11224500 2007 10 4 234.3826 A
11224500 2007 10 5 238.2516 A
11224500 2007 10 6 305.0869 A
11224500 2007 10 7 263.5207 A
11224500 2007 10 8 251.2255 A
11224500 2007 10 9 266.9975 A
11224500 2007 10 10 236.5991 A
11224500 2007 10 11 257.9694 A
11224500 2007 10 12 223.8850 A
11224500 2007 10 13 245.3470 A
11224500 2007 10 14 219.3916 A
11224500 2007 10 15 233.8164 A
11224500 2007 10 16 236.5387 A
11224500 2007 10 17 215.2348 A
11224500 2007 10 18 206.9261 A
11224500 2007 10 19 237.1577 A
11224500 2007 10 20 190.1875 A
11224500 2007 10 21 197.7728 A
11224500 2007 10 22 177.5359 A
11224500 2007 10 23 174.9206 A
11224500 2007 10 24 172.2009 A
11224500 2007 10 25 171.4231 A
11224500 2007 10 26 161.3291 A
11224500 2007 10 27 156.5927 A
11224500 2007 10 28 154.1924 A
11224500 2007 10 29 181.1887 A
11224500 2007 10 30 164.6551 A
11224500 2007 10 31 138.3194 A
11224500 2007 11 1 146.7554 A
11224500 2007 11 2 134.8161 A
11224500 2007 11 3 143.3192 A
11224500 2007 11 4 119.9903 A
11224500 2007 11 5 110.7986 A
11224500 2007 11 6 118.9276 A
11224500 2007 11 7 87.5858 A
11224500 2007 11 8 88.3422 A
11224500 2007 11 9 97.3942 A
11224500 2007 11 10 71.6359 A
11224500 2007 11 11 79.7600 A
11224500 2007 11 12 77.9605 A
11224500 2007 11 13 110.3148 A
11224500 2007 11 14 83.0922 A
11224500 2007 11 15 71.8029 A
11224500 2007 11 16 70.1305 A
11224500 2007 11 17 54.5138 A
11224500 2007 11 18 94.0497 A
11224500 2007 11 19 41.5016 A
11224500 2007 11 20 45.7588 A
11224500 2007 11 21 27.0598 A
11224500 2007 11 22 39.4419 A
11224500 2007 11 23 30.1497 A
11224500 2007 11 24 29.4085 A
11224500 2007 11 25 39.3101 A
11224500 2007 11 26 23.2579 A
11224500 2007 11 27 49.9012 A
11224500 2007 11 28 49.1609 A
11224500 2007 11 29 14.2335 A
11224500 2007 11 30 26.6017 A
11224500 2007 12 1 0.3679 A
11224500 2007 12 2 1.6917 A
11224500 2007 12 3 27.6588 A
11224500 2007 12 4 17.1679 A
11224500 2007 12 5 9.9508 A
11224500 2007 12 6 6.2245 A
11224500 2007 12 7 22.3662 A
11224500 2007 12 8 9.7527 A
11224500 2007 12 9 10.4460 A
11224500 2007 12 10 11.2274 A
11224500 2007 12 11 11.1175 A
11224500 2007 12 12 0.3679 A
11224500 2007 12 13 16.0223 A
11224500 2007 12 14 25.4887 A
11224500 2007 12 15 17.2472 A
11224500 2007 12 16 0.3679 A
11224500 2007 12 17 9.2370 A
11224500 2007 12 18 29.5656 A
11224500 2007 12 19 24.3051 A
11224500 2007 12 20 0.3679 A
11224500 2007 12 21 2.4606 A
11224500 2007 12 22 3.7873 A
11224500 2007 12 23 12.5500 A
11224500 2007 12 24 23.3930 A
11224500 2007 12 25 5.8834 A
11224500 2007 12 26 49.5519 A
11224500 2007 12 27 0.3679 A
11224500 2007 12 28 3.5404 A
11224500 2007 12 29 23.9010 A
11224500 2007 12 30 73.3784 A
11224500 2007 12 31 15.6472 A
11224500 2008 1 1 5.8137 A
11224500 2008 1 2 15.4130 A
11224500 2008 1 3 5.3768 A
11224500 2008 1 4 6.1798 A
11224500 2008 1 5 22.6165 A
11224500 2008 1 6 29.1100 A
11224500 2008 1 7 48.5258 A
11224500 2008 1 8 14.3157 A
11224500 2008 1 9 40.6392 A
11224500 2008 1 10 20.6039 A
11224500 2008 1 11 18.7588 A
11224500 2008 1 12 0.3679 A
11224500 2008 1 13 46.2477 A
11224500 2008 1 14 4.7615 A
11224500 2008 1 15 30.3012 A
11224500 2008 1 16 66.6406 A
11224500 2008 1 17 12.5716 A
11224500 2008 1 18 29.4406 A
11224500 2008 1 19 81.1757 A
11224500 2008 1 20 68.7885 A
11224500 2008 1 21 10.7034 A
11224500 2008 1 22 71.9701 A
11224500 2008 1 23 32.2868 A
11224500 2008 1 24 32.5236 A
11224500 2008 1 25 35.6258 A
11224500 2008 1 26 53.5790 A
11224500 2008 1 27 0.3679 A
11224500 2008 1 28 25.7093 A
11224500 2008 1 29 10.1822 A
11224500 2008 1 30 19.4234 A
11224500 2008 1 31 64.6196 A
11224500 2008 2 1 3.5258 A
11224500 2008 2 2 50.1445 A
11224500 2008 2 3 33.5921 A
11224500 2008 2 4 0.3679 A
11224500 2008 2 5 15.5365 A
11224500 2008 2 6 27.7882 A
11224500 2008 2 7 12.9358 A
11224500 2008 2 8 44.2971 A
11224500 2008 2 9 36.6801 A
11224500 2008 2 10 30.0876 A
11224500 2008 2 11 4.7656 A
11224500 2008 2 12 8.5505 A
11224500 2008 2 13 51.6023 A
11224500 2008 2 14 43.5734 A
11224500 2008 2 15 58.7087 A
11224500 2008 2 16 40.6119 A
11224500 2008 2 17 10.6729 A
11224500 2008 2 18 0.3679 A
11224500 2008 2 19 79.5959 A
11224500 2008 2 20 48.3641 A
11224500 2008 2 21 26.7161 A
11224500 2008 2 22 36.5618 A
11224500 2008 2 23 1.0782 A
11224500 2008 2 24 18.5159 A
11224500 2008 2 25 136.9005 A
11224500 2008 2 26 46.5991 A
11224500 2008 2 27 18.5451 A
11224500 2008 2 28 3.5862 A
11224500 2008 2 29 8.9087 A
11224500 2008 3 1 70.3309 A
11224500 2008 3 2 0.3679 A
11224500 2008 3 3 52.0157 A
11224500 2008 3 4 127.6771 A
11224500 2008 3 5 43.5954 A
11224500 2008 3 6 79.3885 A
11224500 2008 3 7 42.9995 A
11224500 2008 3 8 33.8174 A
11224500 2008 3 9 60.1312 A
11224500 2008 3 10 28.4405 A
11224500 2008 3 11 23.7748 A
11224500 2008 3 12 68.9549 A
11224500 2008 3 13 40.4894 A
11224500 2008 3 14 22.0603 A
11224500 2008 3 15 34.1424 A
11224500 2008 3 16 20.8357 A
11224500 2008 3 17 17.8502 A
11224500 2008 3 18 58.3648 A
11224500 2008 3 19 40.5900 A
11224500 2008 3 20 21.3966 A
11224500 2008 3 21 26.4438 A
11224500 2008 3 22 123.9712 A
11224500 2008 3 23 31.4305 A
11224500 2008 3 24 37.9971 A
11224500 2008 3 25 29.1144 A
11224500 2008 3 26 16.9841 A
11224500 2008 3 27 151.6707 A
11224500 2008 3 28 50.6767 A
11224500 2008 3 29 71.0664 A
11224500 2008 3 30 29.1093 A
11224500 2008 3 31 114.3870 A
11224500 2008 4 1 41.3768 A
11224500 2008 4 2 66.1704 A
11224500 2008 4 3 59.6907 A
11224500 2008 4 4 273.6733 A
11224500 2008 4 5 129.1985 A
11224500 2008 4 6 80.1022 A
11224500 2008 4 7 71.9866 A
11224500 2008 4 8 169.7594 A
11224500 2008 4 9 74.1908 A
11224500 2008 4 10 71.4331 A
11224500 2008 4 11 215.3271 A
11224500 2008 4 12 127.9733 A
11224500 2008 4 13 124.3626 A
11224500 2008 4 14 118.3755 A
11224500 2008 4 15 89.1909 A
11224500 2008 4 16 264.2018 A
11224500 2008 4 17 158.8079 A
11224500 2008 4 18 119.4056 A
11224500 2008 4 19 129.6130 A
11224500 2008 4 20 124.2062 A
11224500 2008 4 21 140.0061 A
11224500 2008 4 22 104.5119 A
11224500 2008 4 23 100.3621 A
11224500 2008 4 24 79.7124 A
11224500 2008 4 25 152.2529 A
11224500 2008 4 26 138.7329 A
11224500 2008 4 27 126.0132 A
11224500 2008 4 28 288.7200 A
11224500 2008 4 29 139.5155 A
11224500 2008 4 30 115.5993 A
11224500 2008 5 1 150.4875 A
11224500 2008 5 2 144.0146 A
11224500 2008 5 3 241.9890 A
11224500 2008 5 4 157.1087 A
11224500 2008 5 5 166.8760 A
11224500 2008 5 6 152.6550 A
11224500 2008 5 7 241.5453 A
11224500 2008 5 8 174.9354 A
11224500 2008 5 9 158.1336 A
11224500 2008 5 10 135.8972 A
11224500 2008 5 11 172.7706 A
11224500 2008 5 12 259.4625 A
11224500 2008 5 13 213.2230 A
11224500 2008 5 14 150.3422 A
11224500 2008 5 15 179.4339 A
11224500 2008 5 16 157.2967 A
11224500 2008 5 17 258.4300 A
11224500 2008 5 18 182.9678 A
11224500 2008 5 19 160.9350 A
11224500 2008 5 20 201.6562 A
11224500 2008 5 21 190.5452 A
11224500 2008 5 22 199.5638 A
11224500 2008 5 23 189.0981 A
11224500 2008 5 24 190.4771 A
11224500 2008 5 25 218.6575 A
11224500 2008 5 26 250.4073 A
11224500 2008 5 27 174.6663 A
11224500 2008 5 28 221.0466 A
11224500 2008 5 29 181.6341 A
11224500 2008 5 30 173.1001 A
11224500 2008 5 31 310.3114 A
11224500 2008 6 1 199.5934 A
11224500 2008 6 2 178.1968 A
11224500 2008 6 3 203.1412 A
11224500 2008 6 4 214.3343 A
11224500 2008 6 5 176.5625 A
11224500 2008 6 6 174.2036 A
11224500 2008 6 7 204.4314 A
11224500 2008 6 8 156.9902 A
11224500 2008 6 9 186.3706 A
11224500 2008 6 10 310.1174 A
11224500 2008 6 11 231.9488 A
11224500 2008 6 12 202.6098 A
11224500 2008 6 13 269.6264 A
11224500 2008 6 14 199.1974 A
11224500 2008 6 15 203.3124 A
11224500 2008 6 16 228.1848 A
11224500 2008 6 17 236.7681 A
11224500 2008 6 18 224.3380 A
11224500 2008 6 19 206.8483 A
11224500 2008 6 20 178.8856 A
11224500 2008 6 21 197.4257 A
11224500 2008 6 22 255.2591 A
11224500 2008 6 23 282.4117 A
11224500 2008 6 24 332.4673 A
11224500 2008 6 25 225.4400 A
11224500 2008 6 26 207.6556 A
11224500 2008 6 27 249.5561 A
11224500 2008 6 28 216.5954 A
11224500 2008 6 29 230.3205 A
11224500 2008 6 30 245.1851 A
11224500 2008 7 1 262.9010 A
11224500 2008 7 2 322.4684 A
11224500 2008 7 3 238.7262 A
11224500 2008 7 4 321.0955 A
11224500 2008 7 5 231.6718 A
11224500 2008 7 6 230.8121 A
11224500 2008 7 7 241.4812 A
11224500 2008 7 8 222.2021 A
11224500 2008 7 9 224.8090 A
11224500 2008 7 10 247.9970 A
11224500 2008 7 11 219.0979 A
11224500 2008 7 12 245.1548 A
11224500 2008 7 13 210.4300 A
11224500 2008 7 14 236.9126 A
11224500 2008 7 15 199.3585 A
11224500 2008 7 16 208.0435 A
11224500 2008 7 17 225.3471 A
11224500 2008 7 18 245.4051 A
11224500 2008 7 19 204.9579 A
11224500 2008 7 20 314.8523 A
11224500 2008 7 21 265.6885 A
11224500 2008 7 22 310.0184 A
11224500 2008 7 23 236.5746 A
11224500 2008 7 24 227.1875 A
11224500 2008 7 25 211.3217 A
11224500 2008 7 26 222.3505 A
11224500 2008 7 27 235.0569 A
11224500 2008 7 28 245.2483 A
11224500 2008 7 29 209.6300 A
11224500 2008 7 30 186.5307 A
11224500 2008 7 31 210.3217 A
11224500 2008 8 1 198.4645 A
11224500 2008 8 2 298.3440 A
11224500 2008 8 3 192.1007 A
11224500 2008 8 4 188.0508 A
11224500 2008 8 5 257.7171 A
11224500 2008 8 6 184.0480 A
11224500 2008 8 7 197.5865 A
11224500 2008 8 8 216.6616 A
11224500 2008 8 9 239.1081 A
11224500 2008 8 10 192.7388 A
11224500 2008 8 11 187.9468 A
11224500 2008 8 12 192.6493 A
11224500 2008 8 13 195.5777 A
11224500 2008 8 14 165.4503 A
11224500 2008 8 15 174.3970 A
11224500 2008 8 16 147.1669 A
11224500 2008 8 17 143.7038 A
11224500 2008 8 18 215.7026 A
11224500 2008 8 19 214.0881 A
11224500 2008 8 20 147.2356 A
11224500 2008 8 21 167.6661 A
11224500 2008 8 22 160.6630 A
11224500 2008 8 23 154.6798 A
11224500 2008 8 24 142.6074 A
11224500 2008 8 25 132.9292 A
11224500 2008 8 26 123.1122 A
11224500 2008 8 27 136.4156 A
11224500 2008 8 28 135.8287 A
11224500 2008 8 29 130.6241 A
11224500 2008 8 30 136.9622 A
11224500 2008 8 31 120.8628 A
11224500 2008 9 1 196.1966 A
11224500 2008 9 2 152.5863 A
11224500 2008 9 3 150.6594 A
11224500 2008 9 4 182.5578 A
11224500 2008 9 5 126.6272 A
11224500 2008 9 6 137.0443 A
11224500 2008 9 7 138.2890 A
11224500 2008 9 8 125.9628 A
11224500 2008 9 9 107.8651 A
11224500 2008 9 10 122.6308 A
11224500 2008 9 11 92.8779 A
11224500 2008 9 12 119.0147 A
11224500 2008 9 13 137.1055 A
11224500 2008 9 14 82.9513 A
11224500 2008 9 15 89.8916 A
11224500 2008 9 16 117.1743 A
11224500 2008 9 17 100.7783 A
11224500 2008 9 18 78.2008 A
11224500 2008 9 19 65.0798 A
11224500 2008 9 20 68.1277 A
11224500 2008 9 21 57.8882 A
11224500 2008 9 22 63.9147 A
11224500 2008 9 23 67.9806 A
11224500 2008 9 24 84.0623 A
11224500 2008 9 25 59.4922 A
11224500 2008 9 26 68.6393 A
11224500 2008 9 27 50.4153 A
11224500 2008 9 28 38.4966 A
11224500 2008 9 29 52.0348 A
11224500 2008 9 30 27.1372 A
11224500 2008 10 1 22.5260 A
11224500 2008 10 2 21.8781 A
11224500 2008 10 3 53.1591 A
11224500 2008 10 4 15.3404 A
11224500 2008 10 5 30.1265 A
11224500 2008 10 6 15.9628 A
11224500 2008 10 7 0.3679 A
11224500 2008 10 8 16.4849 A
11224500 2008 10 9 18.0232 A
11224500 2008 10 10 0.3679 A
11224500 2008 10 11 5.3368 A
11224500 2008 10 12 24.7413 A
11224500 2008 10 13 28.7126 A
11224500 2008 10 14 41.9569 A
11224500 2008 10 15 3.9872 A
11224500 2008 10 16 23.9504 A
11224500 2008 10 17 6.7280 A
11224500 2008 10 18 35.4921 A
11224500 2008 10 19 23.8497 A
11224500 2008 10 20 24.2010 A
11224500 2008 10 21 12.8241 A
11224500 2008 10 22 1.1617 A
11224500 2008 10 23 38.9351 A
11224500 2008 10 24 17.5901 A
11224500 2008 10 25 1.1889 A
11224500 2008 10 26 0.3679 A
11224500 2008 10 27 10.1760 A
11224500 2008 10 28 1.6850 A
11224500 2008 10 29 10.1119 A
11224500 2008 10 30 0.3679 A
11224500 2008 10 31 4.1953 A
11224500 2008 11 1 5.9925 A
11224500 2008 11 2 23.6336 A
11224500 2008 11 3 16.5344 A
11224500 2008 11 4 15.8960 A
11224500 2008 11 5 15.0956 A
11224500 2008 11 6 12.2773 A
11224500 2008 11 7 3.8936 A
11224500 2008 11 8 12.1747 A
11224500 2008 11 9 0.3679 A
11224500 2008 11 10 5.4919 A
11224500 2008 11 11 4.2857 A
11224500 2008 11 12 7.9182 A
11224500 2008 11 13 18.0124 A
11224500 2008 11 14 9.2620 A
11224500 2008 11 15 5.3727 A
11224500 2008 11 16 20.0802 A
11224500 2008 11 17 25.9626 A
11224500 2008 11 18 13.6229 A
11224500 2008 11 19 2.1995 A
11224500 2008 11 20 37.9256 A
11224500 2008 11 21 7.1612 A
11224500 2008 11 22 0.3679 A
11224500 2008 11 23 18.2821 A
11224500 2008 11 24 61.6433 A
11224500 2008 11 25 0.3679 A
11224500 2008 11 26 0.3679 A
11224500 2008 11 27 14.1267 A
11224500 2008 11 28 0.3679 A
11224500 2008 11 29 27.0174 A
11224500 2008 11 30 3.6960 A
11224500 2008 12 1 8.5185 A
11224500 2008 12 2 7.7848 A
11224500 2008 12 3 14.0131 A
11224500 2008 12 4 57.9842 A
11224500 2008 12 5 1.8541 A
11224500 2008 12 6 2.4505 A
11224500 2008 12 7 28.7577 A
11224500 2008 12 8 22.5753 A
11224500 2008 12 9 8.9242 A
11224500 2008 12 10 10.7191 A
11224500 2008 12 11 44.4234 A
11224500 2008 12 12 20.9767 A
11224500 2008 12 13 12.0333 A
11224500 2008 12 14 10.2354 A
11224500 2008 12 15 9.7129 A
11224500 2008 12 16 0.3679 A
11224500 2008 12 17 0.3679 A
11224500 2008 12 18 9.8111 A
11224500 2008 12 19 25.7789 A
11224500 2008 12 20 32.8445 A
11224500 2008 12 21 45.9338 A
11224500 2008 12 22 0.3679 A
11224500 2008 12 23 39.4048 A
11224500 2008 12 24 0.3679 A
11224500 2008 12 25 12.4716 A
11224500 2008 12 26 14.8963 A
11224500 2008 12 27 21.8702 A
11224500 2008 12 28 26.3634 A
11224500 2008 12 29 2.3126 A
11224500 2008 12 30 3.2025 A
11224500 2008 12 31 0.3679 A
11224500 2009 1 1 4.9212 A
11224500 2009 1 2 64.9504 A
11224500 2009 1 3 29.3497 A
11224500 2009 1 4 9.7055 A
11224500 2009 1 5 6.3623 A
11224500 2009 1 6 15.9439 A
11224500 2009 1 7 29.5057 A
11224500 2009 1 8 137.3423 A
11224500 2009 1 9 60.7163 A
11224500 2009 1 10 38.4890 A
11224500 2009 1 11 22.4213 A
11224500 2009 1 12 16.9593 A
11224500 2009 1 13 10.0220 A
11224500 2009 1 14 51.4900 A
11224500 2009 1 15 0.7516 A
11224500 2009 1 16 22.6792 A
11224500 2009 1 17 1.0247 A
11224500 2009 1 18 3.1847 A
11224500 2009 1 19 32.5995 A
11224500 2009 1 20 27.9351 A
11224500 2009 1 21 23.9934 A
11224500 2009 1 22 10.0149 A
11224500 2009 1 23 0.3679 A
11224500 2009 1 24 26.6696 A
11224500 2009 1 25 1.2261 A
11224500 2009 1 26 114.2775 A
11224500 2009 1 27 33.5896 A
11224500 2009 1 28 113.4112 A
11224500 2009 1 29 67.1122 A
11224500 2009 1 30 34.0744 A
11224500 2009 1 31 55.4304 A
11224500 2009 2 1 43.8928 A
11224500 2009 2 2 21.0397 A
11224500 2009 2 3 17.2368 A
11224500 2009 2 4 21.0376 A
11224500 2009 2 5 11.9946 A
11224500 2009 2 6 0.3679 A
11224500 2009 2 7 71.2691 A
11224500 2009 2 8 51.3695 A
11224500 2009 2 9 38.9616 A
11224500 2009 2 10 13.0836 A
11224500 2009 2 11 4.4267 A
11224500 2009 2 12 0.3679 A
11224500 2009 2 13 28.4573 A
11224500 2009 2 14 111.6529 A
11224500 2009 2 15 14.1718 A
11224500 2009 2 16 60.3118 A
11224500 2009 2 17 66.9161 A
11224500 2009 2 18 9.7320 A
11224500 2009 2 19 18.2103 A
11224500 2009 2 20 4.5943 A
11224500 2009 2 21 34.1381 A
11224500 2009 2 22 42.9719 A
11224500 2009 2 23 35.6448 A
11224500 2009 2 24 0.3679 A
11224500 2009 2 25 25.2379 A
11224500 2009 2 26 31.6115 A
11224500 2009 2 27 12.4214 A
11224500 2009 2 28 0.3679 A
11224500 2009 3 1 95.9040 A
11224500 2009 3 2 38.9503 A
11224500 2009 3 3 144.3232 A
11224500 2009 3 4 26.6834 A
11224500 2009 3 5 66.2747 A
11224500 2009 3 6 78.1075 A
11224500 2009 3 7 172.4688 A
11224500 2009 3 8 64.5374 A
11224500 2009 3 9 39.4719 A
11224500 2009 3 10 66.6414 A
11224500 2009 3 11 47.0358 A
11224500 2009 3 12 98.4152 A
11224500 2009 3 13 71.0299 A
11224500 2009 3 14 66.4605 A
11224500 2009 3 15 135.1627 A
11224500 2009 3 16 69.7558 A
11224500 2009 3 17 95.7303 A
11224500 2009 3 18 58.8797 A
11224500 2009 3 19 57.7857 A
11224500 2009 3 20 60.8498 A
11224500 2009 3 21 46.7082 A
11224500 2009 3 22 56.1910 A
11224500 2009 3 23 40.3577 A
11224500 2009 3 24 63.8309 A
11224500 2009 3 25 37.6408 A
11224500 2009 3 26 56.8602 A
11224500 2009 3 27 61.2618 A
11224500 2009 3 28 34.4830 A
11224500 2009 3 29 78.2697 A
11224500 2009 3 30 51.6706 A
11224500 2009 3 31 117.7915 A
11224500 2009 4 1 46.4894 A
11224500 2009 4 2 34.7970 A
11224500 2009 4 3 76.5268 A
11224500 2009 4 4 84.7891 A
11224500 2009 4 5 60.4276 A
11224500 2009 4 6 234.2762 A
11224500 2009 4 7 98.1990 A
11224500 2009 4 8 86.4092 A
11224500 2009 4 9 72.7197 A
11224500 2009 4 10 186.1817 A
11224500 2009 4 11 89.9170 A
11224500 2009 4 12 59.7407 A
11224500 2009 4 13 99.2069 A
11224500 2009 4 14 131.6431 A
11224500 2009 4 15 132.2564 A
11224500 2009 4 16 105.5013 A
11224500 2009 4 17 126.0498 A
11224500 2009 4 18 84.6966 A
11224500 2009 4 19 90.1460 A
11224500 2009 4 20 75.4172 A
11224500 2009 4 21 50.4837 A
11224500 2009 4 22 163.5773 A
11224500 2009 4 23 159.8678 A
11224500 2009 4 24 232.6629 A
11224500 2009 4 25 109.3675 A
11224500 2009 4 26 92.9860 A
11224500 2009 4 27 122.9572 A
11224500 2009 4 28 167.1736 A
11224500 2009 4 29 237.7143 A
11224500 2009 4 30 194.6319 A
11224500 2009 5 1 180.4015 A
11224500 2009 5 2 560.5059 A
11224500 2009 5 3 300.2528 A
11224500 2009 5 4 225.4776 A
11224500 2009 5 5 211.6177 A
11224500 2009 5 6 231.4611 A
11224500 2009 5 7 193.6505 A
11224500 2009 5 8 213.7919 A
11224500 2009 5 9 226.0360 A
11224500 2009 5 10 188.9394 A
11224500 2009 5 11 343.3513 A
11224500 2009 5 12 274.0084 A
11224500 2009 5 13 253.4731 A
11224500 2009 5 14 264.4486 A
11224500 2009 5 15 248.6532 A
11224500 2009 5 16 258.8223 A
11224500 2009 5 17 279.4523 A
11224500 2009 5 18 285.6515 A
11224500 2009 5 19 264.0184 A
11224500 2009 5 20 291.0975 A
11224500 2009 5 21 246.3860 A
11224500 2009 5 22 250.4721 A
11224500 2009 5 23 230.2006 A
11224500 2009 5 24 248.3138 A
11224500 2009 5 25 345.7357 A
11224500 2009 5 26 285.7622 A
11224500 2009 5 27 233.8269 A
11224500 2009 5 28 313.6022 A
11224500 2009 5 29 256.1269 A
11224500 2009 5 30 237.0494 A
11224500 2009 5 31 267.1539 A
11224500 2009 6 1 271.2693 A
11224500 2009 6 2 362.9787 A
11224500 2009 6 3 339.1763 A
11224500 2009 6 4 293.3884 A
11224500 2009 6 5 396.2930 A
11224500 2009 6 6 371.5313 A
11224500 2009 6 7 317.5458 A
11224500 2009 6 8 341.5784 A
11224500 2009 6 9 288.8414 A
11224500 2009 6 10 365.9440 A
11224500 2009 6 11 470.7341 A
11224500 2009 6 12 320.9745 A
11224500 2009 6 13 330.0869 A
11224500 2009 6 14 406.4562 A
11224500 2009 6 15 341.1307 A
11224500 2009 6 16 363.2077 A
11224500 2009 6 17 370.4206 A
11224500 2009 6 18 385.3986 A
11224500 2009 6 19 337.9290 A
11224500 2009 6 20 356.6174 A
11224500 2009 6 21 427.8945 A
11224500 2009 6 22 476.2391 A
11224500 2009 6 23 365.4823 A
11224500 2009 6 24 468.0082 A
11224500 2009 6 25 396.8325 A
11224500 2009 6 26 363.1484 A
11224500 2009 6 27 457.8153 A
11224500 2009 6 28 385.5676 A
11224500 2009 6 29 354.3646 A
11224500 2009 6 30 436.9881 A
11224500 2009 7 1 364.5704 A
11224500 2009 7 2 515.9741 A
11224500 2009 7 3 469.7350 A
11224500 2009 7 4 437.3748 A
11224500 2009 7 5 437.9027 A
11224500 2009 7 6 566.2796 A
11224500 2009 7 7 558.0561 A
11224500 2009 7 8 611.1717 A
11224500 2009 7 9 475.3299 A
11224500 2009 7 10 451.5357 A
11224500 2009 7 11 507.5514 A
11224500 2009 7 12 467.4129 A
11224500 2009 7 13 563.7924 A
11224500 2009 7 14 464.9251 A
11224500 2009 7 15 471.8701 A
11224500 2009 7 16 495.2320 A
11224500 2009 7 17 551.9305 A
11224500 2009 7 18 555.7834 A
11224500 2009 7 19 474.2815 A
11224500 2009 7 20 474.6187 A
11224500 2009 7 21 509.8364 A
11224500 2009 7 22 504.6741 A
11224500 2009 7 23 478.8299 A
11224500 2009 7 24 476.8581 A
11224500 2009 7 25 467.8364 A
11224500 2009 7 26 451.6130 A
11224500 2009 7 27 500.1593 A
11224500 2009 7 28 505.4982 A
11224500 2009 7 29 444.0150 A
11224500 2009 7 30 489.4939 A
11224500 2009 7 31 445.7115 A
11224500 2009 8 1 480.5317 A
11224500 2009 8 2 464.8219 A
11224500 2009 8 3 495.5412 A
11224500 2009 8 4 495.2557 A
11224500 2009 8 5 448.5844 A
11224500 2009 8 6 465.5959 A
11224500 2009 8 7 461.0077 A
11224500 2009 8 8 440.6461 A
11224500 2009 8 9 444.3664 A
11224500 2009 8 10 488.2121 A
11224500 2009 8 11 465.9933 A
11224500 2009 8 12 427.1312 A
11224500 2009 8 13 427.7655 A
11224500 2009 8 14 447.5587 A
11224500 2009 8 15 456.8780 A
11224500 2009 8 16 450.7582 A
11224500 2009 8 17 465.6463 A
11224500 2009 8 18 462.8301 A
11224500 2009 8 19 429.9724 A
11224500 2009 8 20 441.2935 A
11224500 2009 8 21 426.7949 A
11224500 2009 8 22 405.0452 A
11224500 2009 8 23 401.0212 A
11224500 2009 8 24 413.7239 A
11224500 2009 8 25 415.8386 A
11224500 2009 8 26 403.9930 A
11224500 2009 8 27 387.2478 A
11224500 2009 8 28 394.4424 A
11224500 2009 8 29 420.3869 A
11224500 2009 8 30 417.9525 A
11224500 2009 8 31 430.5156 A
11224500 2009 9 1 401.8838 A
11224500 2009 9 2 440.0270 A
11224500 2009 9 3 389.1297 A
11224500 2009 9 4 387.2137 A
11224500 2009 9 5 406.5073 A
11224500 2009 9 6 385.7472 A
11224500 2009 9 7 384.8859 A
11224500 2009 9 8 368.2261 A
11224500 2009 9 9 396.3809 A
11224500 2009 9 10 385.9987 A
11224500 2009 9 11 346.7272 A
11224500 2009 9 12 358.4626 A
11224500 2009 9 13 344.2379 A
11224500 2009 9 14 345.8479 A
11224500 2009 9 15 327.5760 A
11224500 2009 9 16 351.4785 A
11224500 2009 9 17 333.7752 A
11224500 2009 9 18 391.7795 A
11224500 2009 9 19 344.4610 A
11224500 2009 9 20 359.3280 A
11224500 2009 9 21 326.9051 A
11224500 2009 9 22 354.0593 A
11224500 2009 9 23 337.4178 A
11224500 2009 9 24 322.4626 A
11224500 2009 9 25 332.1746 A
11224500 2009 9 26 312.3597 A
11224500 2009 9 27 330.9615 A
11224500 2009 9 28 336.5889 A
11224500 2009 9 29 297.7320 A
11224500 2009 9 30 303.7219 A
11224500 2009 10 1 290.6828 A
11224500 2009 10 2 280.6104 A
11224500 2009 10 3 299.5038 A
11224500 2009 10 4 272.1456 A
11224500 2009 10 5 281.6495 A
11224500 2009 10 6 257.3136 A
11224500 2009 10 7 272.6836 A
11224500 2009 10 8 254.0498 A
11224500 2009 10 9 245.3135 A
11224500 2009 10 10 248.5989 A
11224500 2009 10 11 266.5300 A
11224500 2009 10 12 232.4431 A
11224500 2009 10 13 222.4852 A
11224500 2009 10 14 236.5801 A
11224500 2009 10 15 221.0267 A
11224500 2009 10 16 206.4268 A
11224500 2009 10 17 233.9831 A
11224500 2009 10 18 214.3447 A
11224500 2009 10 19 188.5166 A
11224500 2009 10 20 198.6378 A
11224500 2009 10 21 176.7545 A
11224500 2009 10 22 201.2506 A
11224500 2009 10 23 186.7082 A
11224500 2009 10 24 199.0161 A
11224500 2009 10 25 198.4330 A
11224500 2009 10 26 196.8871 A
11224500 2009 10 27 164.2521 A
11224500 2009 10 28 168.6294 A
11224500 2009 10 29 161.7956 A
11224500 2009 10 30 147.6802 A
11224500 2009 10 31 136.8879 A
11224500 2009 11 1 128.5125 A
11224500 2009 11 2 123.9934 A
11224500 2009 11 3 161.2863 A
11224500 2009 11 4 128.1036 A
11224500 2009 11 5 123.9942 A
11224500 2009 11 6 104.1340 A
11224500 2009 11 7 139.6928 A
11224500 2009 11 8 104.9901 A
11224500 2009 11 9 104.6487 A
11224500 2009 11 10 122.3334 A
11224500 2009 11 11 80.3799 A
11224500 2009 11 12 123.6970 A
11224500 2009 11 13 90.5081 A
11224500 2009 11 14 68.3796 A
11224500 2009 11 15 56.9846 A
11224500 2009 11 16 68.5766 A
11224500 2009 11 17 53.9413 A
11224500 2009 11 18 64.5656 A
11224500 2009 11 19 47.5497 A
11224500 2009 11 20 34.2300 A
11224500 2009 11 21 38.5147 A
11224500 2009 11 22 20.8437 A
11224500 2009 11 23 42.4399 A
11224500 2009 11 24 24.3807 A
11224500 2009 11 25 14.8124 A
11224500 2009 11 26 41.8829 A
11224500 2009 11 27 24.4524 A
11224500 2009 11 28 17.6105 A
11224500 2009 11 29 1.7234 A
11224500 2009 11 30 11.7065 A
11224500 2009 12 1 10.8467 A
11224500 2009 12 2 17.4145 A
11224500 2009 12 3 32.7624 A
11224500 2009 12 4 36.6373 A
11224500 2009 12 5 4.4323 A
11224500 2009 12 6 9.9004 A
11224500 2009 12 7 0.3679 A
11224500 2009 12 8 59.5704 A
11224500 2009 12 9 52.7713 A
11224500 2009 12 10 37.0800 A
11224500 2009 12 11 14.1810 A
11224500 2009 12 12 48.8653 A
11224500 2009 12 13 12.5192 A
11224500 2009 12 14 31.0660 A
11224500 2009 12 15 14.0302 A
11224500 2009 12 16 12.8958 A
11224500 2009 12 17 8.6274 A
11224500 2009 12 18 11.6391 A
11224500 2009 12 19 10.4934 A
11224500 2009 12 20 14.3203 A
11224500 2009 12 21 4.6156 A
11224500 2009 12 22 19.1153 A
11224500 2009 12 23 6.6856 A
11224500 2009 12 24 19.7416 A
11224500 2009 12 25 16.1150 A
11224500 2009 12 26 40.7311 A
11224500 2009 12 27 11.9420 A
11224500 2009 12 28 0.3679 A
11224500 2009 12 29 26.0041 A
11224500 2009 12 30 14.8197 A
11224500 2009 12 31 8.1743 A
