11264500 1995 1 1 334.7756 A
11264500 1995 1 2 360.4181 A
11264500 1995 1 3 341.3775 A
11264500 1995 1 4 286.2927 A
11264500 1995 1 5 313.5100 A
11264500 1995 1 6 283.8277 A
11264500 1995 1 7 290.9406 A
11264500 1995 1 8 253.2768 A
11264500 1995 1 9 334.3375 A
11264500 1995 1 10 245.2843 A
11264500 1995 1 11 316.5413 A
11264500 1995 1 12 240.0473 A
11264500 1995 1 13 261.3968 A
11264500 1995 1 14 210.0965 A
11264500 1995 1 15 200.0661 A
11264500 1995 1 16 292.9111 A
11264500 1995 1 17 237.8920 A
11264500 1995 1 18 169.3871 A
11264500 1995 1 19 195.6495 A
11264500 1995 1 20 79.4520 A
11264500 1995 1 21 121.0981 A
11264500 1995 1 22 142.3173 A
11264500 1995 1 23 164.0634 A
11264500 1995 1 24 152.7723 A
11264500 1995 1 25 153.8761 A
11264500 1995 1 26 58.8210 A
11264500 1995 1 27 94.9193 A
11264500 1995 1 28 76.8980 A
11264500 1995 1 29 29.8304 A
11264500 1995 1 30 78.7294 A
11264500 1995 1 31 75.1712 A
11264500 1995 2 1 50.4115 A
11264500 1995 2 2 38.8323 A
11264500 1995 2 3 27.0735 A
11264500 1995 2 4 1.8802 A
11264500 1995 2 5 45.9511 A
11264500 1995 2 6 42.7159 A
11264500 1995 2 7 24.8528 A
11264500 1995 2 8 79.8475 A
11264500 1995 2 9 61.9983 A
11264500 1995 2 10 11.2374 A
11264500 1995 2 11 31.7382 A
11264500 1995 2 12 1.8802 A
11264500 1995 2 13 27.1952 A
11264500 1995 2 14 51.5814 A
11264500 1995 2 15 32.9378 A
11264500 1995 2 16 1.8802 A
11264500 1995 2 17 1.8802 A
11264500 1995 2 18 1.8802 A
11264500 1995 2 19 17.1511 A
11264500 1995 2 20 1.8802 A
11264500 1995 2 21 1.8802 A
11264500 1995 2 22 32.8994 A
11264500 1995 2 23 48.1289 A
11264500 1995 2 24 50.7526 A
11264500 1995 2 25 34.7994 A
11264500 1995 2 26 73.6298 A
11264500 1995 2 27 110.6703 A
11264500 1995 2 28 19.8046 A
11264500 1995 3 1 74.1410 A
11264500 1995 3 2 58.3731 A
11264500 1995 3 3 108.9985 A
11264500 1995 3 4 2.5454 A
11264500 1995 3 5 34.9112 A
11264500 1995 3 6 78.2159 A
11264500 1995 3 7 12.9297 A
11264500 1995 3 8 32.6815 A
11264500 1995 3 9 117.4891 A
11264500 1995 3 10 51.6583 A
11264500 1995 3 11 1.8802 A
11264500 1995 3 12 16.7202 A
11264500 1995 3 13 16.7140 A
11264500 1995 3 14 119.2470 A
11264500 1995 3 15 3.9044 A
11264500 1995 3 16 1.8802 A
11264500 1995 3 17 1.8802 A
11264500 1995 3 18 14.0530 A
11264500 1995 3 19 45.8918 A
11264500 1995 3 20 1.8802 A
11264500 1995 3 21 136.4323 A
11264500 1995 3 22 87.9808 A
11264500 1995 3 23 103.4297 A
11264500 1995 3 24 1.8802 A
11264500 1995 3 25 1.8802 A
11264500 1995 3 26 1.8802 A
11264500 1995 3 27 22.8515 A
11264500 1995 3 28 114.6304 A
11264500 1995 3 29 2.3795 A
11264500 1995 3 30 108.2698 A
11264500 1995 3 31 19.9924 A
11264500 1995 4 1 37.5758 A
11264500 1995 4 2 1.8802 A
11264500 1995 4 3 1.8802 A
11264500 1995 4 4 174.4994 A
11264500 1995 4 5 7.1888 A
11264500 1995 4 6 1.8802 A
11264500 1995 4 7 37.0731 A
11264500 1995 4 8 28.7756 A
11264500 1995 4 9 60.7071 A
11264500 1995 4 10 45.3334 A
11264500 1995 4 11 1.8802 A
11264500 1995 4 12 44.3618 A
11264500 1995 4 13 36.3532 A
11264500 1995 4 14 45.2575 A
11264500 1995 4 15 21.7347 A
11264500 1995 4 16 217.6661 A
11264500 1995 4 17 69.5445 A
11264500 1995 4 18 31.5864 A
11264500 1995 4 19 649.1206 A
11264500 1995 4 20 122.3390 A
11264500 1995 4 21 592.9248 A
11264500 1995 4 22 184.4939 A
11264500 1995 4 23 831.6497 A
11264500 1995 4 24 782.8602 A
11264500 1995 4 25 619.9292 A
11264500 1995 4 26 457.7818 A
11264500 1995 4 27 383.8545 A
11264500 1995 4 28 666.2183 A
11264500 1995 4 29 1202.2838 A
11264500 1995 4 30 818.3110 A
11264500 1995 5 1 1144.2555 A
11264500 1995 5 2 977.0135 A
11264500 1995 5 3 1253.7966 A
11264500 1995 5 4 1383.7245 A
11264500 1995 5 5 1609.9094 A
11264500 1995 5 6 1667.6658 A
11264500 1995 5 7 1558.5762 A
11264500 1995 5 8 1876.2542 A
11264500 1995 5 9 1872.1522 A
11264500 1995 5 10 1908.0918 A
11264500 1995 5 11 2720.8070 A
11264500 1995 5 12 2560.3334 A
11264500 1995 5 13 2253.3237 A
11264500 1995 5 14 2800.0512 A
11264500 1995 5 15 3289.1638 A
11264500 1995 5 16 3116.4003 A
11264500 1995 5 17 4222.5529 A
11264500 1995 5 18 3646.4161 A
11264500 1995 5 19 4215.5996 A
11264500 1995 5 20 4750.1848 A
11264500 1995 5 21 4767.4239 A
11264500 1995 5 22 4565.8141 A
11264500 1995 5 23 4849.3845 A
11264500 1995 5 24 5673.8812 A
11264500 1995 5 25 5424.1955 A
11264500 1995 5 26 6164.1056 A
11264500 1995 5 27 6140.7553 A
11264500 1995 5 28 6475.0888 A
11264500 1995 5 29 6382.6954 A
11264500 1995 5 30 6769.8923 A
11264500 1995 5 31 7073.9186 A
11264500 1995 6 1 7660.9597 A
11264500 1995 6 2 7867.8632 A
11264500 1995 6 3 8291.1779 A
11264500 1995 6 4 7727.9797 A
11264500 1995 6 5 7321.6750 A
11264500 1995 6 6 7539.5808 A
11264500 1995 6 7 7383.1979 A
11264500 1995 6 8 7290.1622 A
11264500 1995 6 9 7443.8951 A
11264500 1995 6 10 7396.0818 A
11264500 1995 6 11 7354.5539 A
11264500 1995 6 12 7458.9116 A
11264500 1995 6 13 7432.9819 A
11264500 1995 6 14 7370.9809 A
11264500 1995 6 15 7349.3324 A
11264500 1995 6 16 7517.1621 A
11264500 1995 6 17 7291.7187 A
11264500 1995 6 18 7325.0255 A
11264500 1995 6 19 7379.4939 A
11264500 1995 6 20 7424.3853 A
11264500 1995 6 21 7397.2023 A
11264500 1995 6 22 7469.4078 A
11264500 1995 6 23 7489.7673 A
11264500 1995 6 24 7657.1080 A
11264500 1995 6 25 7594.7522 A
11264500 1995 6 26 7596.1062 A
11264500 1995 6 27 7536.4884 A
11264500 1995 6 28 7532.0946 A
11264500 1995 6 29 7474.6008 A
11264500 1995 6 30 7600.3719 A
11264500 1995 7 1 7494.1551 A
11264500 1995 7 2 7762.2974 A
11264500 1995 7 3 7474.0805 A
11264500 1995 7 4 7606.9303 A
11264500 1995 7 5 7707.2448 A
11264500 1995 7 6 7697.8534 A
11264500 1995 7 7 7981.5320 A
11264500 1995 7 8 7569.9782 A
11264500 1995 7 9 7621.0155 A
11264500 1995 7 10 7768.5465 A
11264500 1995 7 11 7559.7383 A
11264500 1995 7 12 7601.3510 A
11264500 1995 7 13 7661.7993 A
11264500 1995 7 14 7637.5426 A
11264500 1995 7 15 7593.0665 A
11264500 1995 7 16 7617.5138 A
11264500 1995 7 17 7645.3740 A
11264500 1995 7 18 7547.3893 A
11264500 1995 7 19 7587.5893 A
11264500 1995 7 20 7590.6874 A
11264500 1995 7 21 7606.3908 A
11264500 1995 7 22 7639.6962 A
11264500 1995 7 23 7543.4407 A
11264500 1995 7 24 7520.6829 A
11264500 1995 7 25 7584.4597 A
11264500 1995 7 26 7619.7311 A
11264500 1995 7 27 7688.0817 A
11264500 1995 7 28 7546.7104 A
11264500 1995 7 29 7577.7198 A
11264500 1995 7 30 7526.4134 A
11264500 1995 7 31 7557.7410 A
11264500 1995 8 1 7540.7327 A
11264500 1995 8 2 7595.9859 A
11264500 1995 8 3 7505.3002 A
11264500 1995 8 4 7473.9625 A
11264500 1995 8 5 7524.4572 A
11264500 1995 8 6 7542.6319 A
11264500 1995 8 7 7479.1914 A
11264500 1995 8 8 7465.3146 A
11264500 1995 8 9 7468.4706 A
11264500 1995 8 10 7520.5309 A
11264500 1995 8 11 7511.8009 A
11264500 1995 8 12 7528.8112 A
11264500 1995 8 13 7555.7242 A
11264500 1995 8 14 7439.6896 A
11264500 1995 8 15 7668.3319 A
11264500 1995 8 16 7473.9132 A
11264500 1995 8 17 7642.0639 A
11264500 1995 8 18 7454.9746 A
11264500 1995 8 19 7556.8639 A
11264500 1995 8 20 7460.9293 A
11264500 1995 8 21 7391.8568 A
11264500 1995 8 22 7496.9672 A
11264500 1995 8 23 7484.9417 A
11264500 1995 8 24 7450.4320 A
11264500 1995 8 25 7387.0859 A
11264500 1995 8 26 7458.6338 A
11264500 1995 8 27 7496.7324 A
11264500 1995 8 28 7454.4204 A
11264500 1995 8 29 7503.4677 A
11264500 1995 8 30 7407.6009 A
11264500 1995 8 31 7330.3259 A
11264500 1995 9 1 7392.3293 A
11264500 1995 9 2 7343.7611 A
11264500 1995 9 3 7465.3714 A
11264500 1995 9 4 7453.0458 A
11264500 1995 9 5 7349.0276 A
11264500 1995 9 6 7331.2443 A
11264500 1995 9 7 7336.1243 A
11264500 1995 9 8 7450.5658 A
11264500 1995 9 9 7374.9352 A
11264500 1995 9 10 7320.7247 A
11264500 1995 9 11 7405.4790 A
11264500 1995 9 12 7327.4735 A
11264500 1995 9 13 7272.7695 A
11264500 1995 9 14 7345.9886 A
11264500 1995 9 15 7328.4182 A
11264500 1995 9 16 7280.8400 A
11264500 1995 9 17 7433.9666 A
11264500 1995 9 18 7262.7830 A
11264500 1995 9 19 7324.8932 A
11264500 1995 9 20 7287.2786 A
11264500 1995 9 21 7278.7111 A
11264500 1995 9 22 7476.0638 A
11264500 1995 9 23 7313.7742 A
11264500 1995 9 24 7338.3590 A
11264500 1995 9 25 7388.2642 A
11264500 1995 9 26 7394.0467 A
11264500 1995 9 27 7308.8599 A
11264500 1995 9 28 7284.0736 A
11264500 1995 9 29 7274.4682 A
11264500 1995 9 30 7349.9028 A
11264500 1995 10 1 7255.9700 A
11264500 1995 10 2 7326.1235 A
11264500 1995 10 3 7340.7738 A
11264500 1995 10 4 7553.4200 A
11264500 1995 10 5 7294.9208 A
11264500 1995 10 6 7276.8492 A
11264500 1995 10 7 7270.6912 A
11264500 1995 10 8 7324.7650 A
11264500 1995 10 9 7312.5666 A
11264500 1995 10 10 7366.1815 A
11264500 1995 10 11 7257.4139 A
11264500 1995 10 12 7299.2275 A
11264500 1995 10 13 7276.7671 A
11264500 1995 10 14 7291.6167 A
11264500 1995 10 15 7242.5175 A
11264500 1995 10 16 7419.8010 A
11264500 1995 10 17 7436.0817 A
11264500 1995 10 18 7254.7601 A
11264500 1995 10 19 7278.6928 A
11264500 1995 10 20 7654.3714 A
11264500 1995 10 21 7285.8983 A
11264500 1995 10 22 7303.8410 A
11264500 1995 10 23 7267.9792 A
11264500 1995 10 24 7410.4649 A
11264500 1995 10 25 7490.1587 A
11264500 1995 10 26 7289.1153 A
11264500 1995 10 27 7323.0728 A
11264500 1995 10 28 7342.7890 A
11264500 1995 10 29 7283.9500 A
11264500 1995 10 30 7277.1253 A
11264500 1995 10 31 7213.7594 A
11264500 1995 11 1 7341.0470 A
11264500 1995 11 2 7183.5433 A
11264500 1995 11 3 7179.4196 A
11264500 1995 11 4 7185.2351 A
11264500 1995 11 5 7282.0708 A
11264500 1995 11 6 7159.6284 A
11264500 1995 11 7 7166.6838 A
11264500 1995 11 8 7124.7076 A
11264500 1995 11 9 7145.0425 A
11264500 1995 11 10 7251.1958 A
11264500 1995 11 11 7098.3815 A
11264500 1995 11 12 7120.9789 A
11264500 1995 11 13 7109.8681 A
11264500 1995 11 14 7157.7146 A
11264500 1995 11 15 7049.2607 A
11264500 1995 11 16 7062.2698 A
11264500 1995 11 17 7034.9408 A
11264500 1995 11 18 7033.4870 A
11264500 1995 11 19 7095.8747 A
11264500 1995 11 20 6993.4138 A
11264500 1995 11 21 6935.5202 A
11264500 1995 11 22 6986.6207 A
11264500 1995 11 23 6966.8665 A
11264500 1995 11 24 6956.1367 A
11264500 1995 11 25 6923.9896 A
11264500 1995 11 26 6880.2874 A
11264500 1995 11 27 6996.3774 A
11264500 1995 11 28 6928.7415 A
11264500 1995 11 29 6877.6348 A
11264500 1995 11 30 6956.2767 A
11264500 1995 12 1 6862.9786 A
11264500 1995 12 2 6894.9181 A
11264500 1995 12 3 6849.0436 A
11264500 1995 12 4 6919.7598 A
11264500 1995 12 5 6806.4473 A
11264500 1995 12 6 6874.5836 A
11264500 1995 12 7 6873.0039 A
11264500 1995 12 8 6826.5178 A
11264500 1995 12 9 6777.9951 A
11264500 1995 12 10 6784.7550 A
11264500 1995 12 11 6774.0791 A
11264500 1995 12 12 6777.3299 A
11264500 1995 12 13 6841.1927 A
11264500 1995 12 14 6775.7106 A
11264500 1995 12 15 6775.5501 A
11264500 1995 12 16 6697.0676 A
11264500 1995 12 17 6682.0653 A
11264500 1995 12 18 6691.6765 A
11264500 1995 12 19 6689.3246 A
11264500 1995 12 20 6637.6717 A
11264500 1995 12 21 6618.1215 A
11264500 1995 12 22 6660.4907 A
11264500 1995 12 23 6620.2205 A
11264500 1995 12 24 6620.6255 A
11264500 1995 12 25 6601.9700 A
11264500 1995 12 26 6591.9063 A
11264500 1995 12 27 6585.9133 A
11264500 1995 12 28 6550.8451 A
11264500 1995 12 29 6613.5982 A
11264500 1995 12 30 6580.5915 A
11264500 1995 12 31 6529.1698 A
11264500 1996 1 1 6573.3529 A
11264500 1996 1 2 6538.8188 A
11264500 1996 1 3 6543.8682 A
11264500 1996 1 4 6641.0299 A
11264500 1996 1 5 6504.1948 A
11264500 1996 1 6 6516.9511 A
11264500 1996 1 7 6496.5273 A
11264500 1996 1 8 6642.4784 A
11264500 1996 1 9 6489.3081 A
11264500 1996 1 10 6486.7879 A
11264500 1996 1 11 6554.7070 A
11264500 1996 1 12 6512.5540 A
11264500 1996 1 13 6437.3595 A
11264500 1996 1 14 6423.7927 A
11264500 1996 1 15 6434.3165 A
11264500 1996 1 16 6553.6858 A
11264500 1996 1 17 6459.0612 A
11264500 1996 1 18 6474.7450 A
11264500 1996 1 19 6387.6463 A
11264500 1996 1 20 6387.7938 A
11264500 1996 1 21 6390.0567 A
11264500 1996 1 22 6501.8918 A
11264500 1996 1 23 6414.9255 A
11264500 1996 1 24 6385.4299 A
11264500 1996 1 25 6310.4429 A
11264500 1996 1 26 6289.1233 A
11264500 1996 1 27 6393.9958 A
11264500 1996 1 28 6298.4589 A
11264500 1996 1 29 6341.1278 A
11264500 1996 1 30 6417.1629 A
11264500 1996 1 31 6367.4867 A
11264500 1996 2 1 6344.1931 A
11264500 1996 2 2 6405.8501 A
11264500 1996 2 3 6332.3543 A
11264500 1996 2 4 6242.8143 A
11264500 1996 2 5 6324.9714 A
11264500 1996 2 6 6341.1475 A
11264500 1996 2 7 6321.2888 A
11264500 1996 2 8 6249.5767 A
11264500 1996 2 9 6242.0528 A
11264500 1996 2 10 6278.3680 A
11264500 1996 2 11 6228.7132 A
11264500 1996 2 12 6253.6334 A
11264500 1996 2 13 6268.6632 A
11264500 1996 2 14 6246.2432 A
11264500 1996 2 15 6157.5038 A
11264500 1996 2 16 6178.4744 A
11264500 1996 2 17 6165.6742 A
11264500 1996 2 18 6366.2754 A
11264500 1996 2 19 6336.5462 A
11264500 1996 2 20 6259.7279 A
11264500 1996 2 21 6220.6939 A
11264500 1996 2 22 6196.6037 A
11264500 1996 2 23 6167.9305 A
11264500 1996 2 24 6197.2048 A
11264500 1996 2 25 6210.7357 A
11264500 1996 2 26 6160.1824 A
11264500 1996 2 27 6156.4774 A
11264500 1996 2 28 6119.7758 A
11264500 1996 2 29 6105.9982 A
11264500 1996 3 1 6124.5289 A
11264500 1996 3 2 6108.4811 A
11264500 1996 3 3 6111.9346 A
11264500 1996 3 4 6126.0114 A
11264500 1996 3 5 6057.2748 A
11264500 1996 3 6 6049.7441 A
11264500 1996 3 7 6016.1428 A
11264500 1996 3 8 6077.3749 A
11264500 1996 3 9 6059.9764 A
11264500 1996 3 10 6019.2642 A
11264500 1996 3 11 6091.6479 A
11264500 1996 3 12 5960.7512 A
11264500 1996 3 13 6015.0932 A
11264500 1996 3 14 5994.3525 A
11264500 1996 3 15 5981.2696 A
11264500 1996 3 16 6015.6979 A
11264500 1996 3 17 6020.7578 A
11264500 1996 3 18 5916.1337 A
11264500 1996 3 19 5887.3466 A
11264500 1996 3 20 5924.9753 A
11264500 1996 3 21 5893.4934 A
11264500 1996 3 22 5855.8866 A
11264500 1996 3 23 5952.0991 A
11264500 1996 3 24 5908.8417 A
11264500 1996 3 25 5968.9392 A
11264500 1996 3 26 5922.2246 A
11264500 1996 3 27 5887.7255 A
11264500 1996 3 28 5921.6625 A
11264500 1996 3 29 5903.1674 A
11264500 1996 3 30 5887.0292 A
11264500 1996 3 31 5842.1345 A
11264500 1996 4 1 5871.6239 A
11264500 1996 4 2 5901.3328 A
11264500 1996 4 3 5858.6946 A
11264500 1996 4 4 5812.8698 A
11264500 1996 4 5 5881.3457 A
11264500 1996 4 6 5780.2933 A
11264500 1996 4 7 5790.6300 A
11264500 1996 4 8 5800.6800 A
11264500 1996 4 9 5763.5215 A
11264500 1996 4 10 5756.7360 A
11264500 1996 4 11 5728.2605 A
11264500 1996 4 12 5799.4487 A
11264500 1996 4 13 5755.3338 A
11264500 1996 4 14 6321.4863 A
11264500 1996 4 15 5882.1417 A
11264500 1996 4 16 6167.1494 A
11264500 1996 4 17 5831.3811 A
11264500 1996 4 18 5859.0600 A
11264500 1996 4 19 6482.9716 A
11264500 1996 4 20 5956.4761 A
11264500 1996 4 21 6289.8281 A
11264500 1996 4 22 5994.4679 A
11264500 1996 4 23 6193.9427 A
11264500 1996 4 24 6235.7348 A
11264500 1996 4 25 6182.7394 A
11264500 1996 4 26 6467.1049 A
11264500 1996 4 27 6161.9156 A
11264500 1996 4 28 6558.0961 A
11264500 1996 4 29 6606.0631 A
11264500 1996 4 30 6443.3771 A
11264500 1996 5 1 7329.0496 A
11264500 1996 5 2 7072.8284 A
11264500 1996 5 3 7173.8187 A
11264500 1996 5 4 7216.0611 A
11264500 1996 5 5 7436.8310 A
11264500 1996 5 6 7988.3210 A
11264500 1996 5 7 8495.5167 A
11264500 1996 5 8 8335.9623 A
11264500 1996 5 9 8663.6250 A
11264500 1996 5 10 9130.7666 A
11264500 1996 5 11 8983.1033 A
11264500 1996 5 12 9517.9715 A
11264500 1996 5 13 9552.0082 A
11264500 1996 5 14 9619.4828 A
11264500 1996 5 15 9929.4431 A
11264500 1996 5 16 9646.0855 A
11264500 1996 5 17 10333.7071 A
11264500 1996 5 18 10031.4877 A
11264500 1996 5 19 10169.1575 A
11264500 1996 5 20 10919.4057 A
11264500 1996 5 21 10771.6280 A
11264500 1996 5 22 11234.9157 A
11264500 1996 5 23 11581.7877 A
11264500 1996 5 24 11817.0060 A
11264500 1996 5 25 11869.4265 A
11264500 1996 5 26 12600.8986 A
11264500 1996 5 27 12561.5144 A
11264500 1996 5 28 13007.2245 A
11264500 1996 5 29 12866.2682 A
11264500 1996 5 30 13393.3641 A
11264500 1996 5 31 14078.8320 A
11264500 1996 6 1 14279.3633 A
11264500 1996 6 2 14213.2658 A
11264500 1996 6 3 14550.2658 A
11264500 1996 6 4 13715.2198 A
11264500 1996 6 5 13461.1816 A
11264500 1996 6 6 13419.0773 A
11264500 1996 6 7 13402.7423 A
11264500 1996 6 8 13731.8969 A
11264500 1996 6 9 13488.2387 A
11264500 1996 6 10 13468.7615 A
11264500 1996 6 11 13456.1579 A
11264500 1996 6 12 13762.6140 A
11264500 1996 6 13 13482.7269 A
11264500 1996 6 14 13599.8567 A
11264500 1996 6 15 13651.9251 A
11264500 1996 6 16 13561.3724 A
11264500 1996 6 17 13482.9210 A
11264500 1996 6 18 13669.1109 A
11264500 1996 6 19 13532.5416 A
11264500 1996 6 20 13645.6175 A
11264500 1996 6 21 13576.5174 A
11264500 1996 6 22 13641.0969 A
11264500 1996 6 23 13789.0631 A
11264500 1996 6 24 13711.7903 A
11264500 1996 6 25 13758.5175 A
11264500 1996 6 26 13743.7424 A
11264500 1996 6 27 13575.0708 A
11264500 1996 6 28 13773.8463 A
11264500 1996 6 29 13712.1014 A
11264500 1996 6 30 13654.8291 A
11264500 1996 7 1 13668.5172 A
11264500 1996 7 2 13636.6267 A
11264500 1996 7 3 13623.4175 A
11264500 1996 7 4 13643.2751 A
11264500 1996 7 5 13588.1917 A
11264500 1996 7 6 13603.5242 A
11264500 1996 7 7 13625.9980 A
11264500 1996 7 8 13626.7246 A
11264500 1996 7 9 13776.5739 A
11264500 1996 7 10 13794.0201 A
11264500 1996 7 11 13679.1816 A
11264500 1996 7 12 13649.6748 A
11264500 1996 7 13 13596.5838 A
11264500 1996 7 14 13630.8536 A
11264500 1996 7 15 13667.4019 A
11264500 1996 7 16 13630.7845 A
11264500 1996 7 17 13705.2608 A
11264500 1996 7 18 13709.1864 A
11264500 1996 7 19 13611.4392 A
11264500 1996 7 20 13695.2913 A
11264500 1996 7 21 13750.7593 A
11264500 1996 7 22 13602.3181 A
11264500 1996 7 23 13631.1281 A
11264500 1996 7 24 13622.8456 A
11264500 1996 7 25 13642.8522 A
11264500 1996 7 26 13793.8927 A
11264500 1996 7 27 13638.1035 A
11264500 1996 7 28 13576.1130 A
11264500 1996 7 29 13572.5648 A
11264500 1996 7 30 13559.3824 A
11264500 1996 7 31 13548.6595 A
11264500 1996 8 1 13604.6210 A
11264500 1996 8 2 13652.4962 A
11264500 1996 8 3 13599.8747 A
11264500 1996 8 4 13551.2115 A
11264500 1996 8 5 13539.7019 A
11264500 1996 8 6 13558.5019 A
11264500 1996 8 7 13665.7588 A
11264500 1996 8 8 13604.1369 A
11264500 1996 8 9 13721.8502 A
11264500 1996 8 10 13515.5069 A
11264500 1996 8 11 13550.2245 A
11264500 1996 8 12 13566.2642 A
11264500 1996 8 13 13542.3095 A
11264500 1996 8 14 13500.9513 A
11264500 1996 8 15 13441.6894 A
11264500 1996 8 16 13533.1910 A
11264500 1996 8 17 13469.2051 A
11264500 1996 8 18 13452.5067 A
11264500 1996 8 19 13490.3343 A
11264500 1996 8 20 13373.2501 A
11264500 1996 8 21 13504.4462 A
11264500 1996 8 22 13564.7915 A
11264500 1996 8 23 13511.0997 A
11264500 1996 8 24 13489.6232 A
11264500 1996 8 25 13456.9974 A
11264500 1996 8 26 13500.1800 A
11264500 1996 8 27 13395.2764 A
11264500 1996 8 28 13431.4100 A
11264500 1996 8 29 13409.6380 A
11264500 1996 8 30 13462.5178 A
11264500 1996 8 31 13562.3878 A
11264500 1996 9 1 13388.3496 A
11264500 1996 9 2 13412.9807 A
11264500 1996 9 3 13443.6771 A
11264500 1996 9 4 13363.4151 A
11264500 1996 9 5 13345.3327 A
11264500 1996 9 6 13496.2336 A
11264500 1996 9 7 13392.4804 A
11264500 1996 9 8 13336.6967 A
11264500 1996 9 9 13366.9104 A
11264500 1996 9 10 13361.6209 A
11264500 1996 9 11 13339.9566 A
11264500 1996 9 12 13331.6025 A
11264500 1996 9 13 13332.5807 A
11264500 1996 9 14 13432.6326 A
11264500 1996 9 15 13400.1230 A
11264500 1996 9 16 13492.2576 A
11264500 1996 9 17 13409.6381 A
11264500 1996 9 18 13344.2272 A
11264500 1996 9 19 13552.6507 A
11264500 1996 9 20 13370.0864 A
11264500 1996 9 21 13313.4122 A
11264500 1996 9 22 13384.3735 A
11264500 1996 9 23 13367.4738 A
11264500 1996 9 24 13309.0714 A
11264500 1996 9 25 13418.2014 A
11264500 1996 9 26 13323.7590 A
11264500 1996 9 27 13283.9782 A
11264500 1996 9 28 13376.5654 A
11264500 1996 9 29 13335.4918 A
11264500 1996 9 30 13311.2392 A
11264500 1996 10 1 13444.5693 A
11264500 1996 10 2 13516.9840 A
11264500 1996 10 3 13342.2539 A
11264500 1996 10 4 13459.5213 A
11264500 1996 10 5 13407.0602 A
11264500 1996 10 6 13607.3144 A
11264500 1996 10 7 13438.8803 A
11264500 1996 10 8 13574.2716 A
11264500 1996 10 9 13521.4066 A
11264500 1996 10 10 13398.5105 A
11264500 1996 10 11 13537.1393 A
11264500 1996 10 12 13382.3590 A
11264500 1996 10 13 13520.3772 A
11264500 1996 10 14 13376.9302 A
11264500 1996 10 15 13476.5793 A
11264500 1996 10 16 13683.0749 A
11264500 1996 10 17 13573.4765 A
11264500 1996 10 18 13443.3410 A
11264500 1996 10 19 13612.4018 A
11264500 1996 10 20 13467.2209 A
11264500 1996 10 21 13970.1312 A
11264500 1996 10 22 13565.4462 A
11264500 1996 10 23 13503.2544 A
11264500 1996 10 24 13615.2147 A
11264500 1996 10 25 13490.3741 A
11264500 1996 10 26 13493.3919 A
11264500 1996 10 27 13516.9380 A
11264500 1996 10 28 13456.4553 A
11264500 1996 10 29 13482.2599 A
11264500 1996 10 30 13452.2888 A
11264500 1996 10 31 13428.3982 A
11264500 1996 11 1 13431.1812 A
11264500 1996 11 2 13440.1117 A
11264500 1996 11 3 13410.2788 A
11264500 1996 11 4 13416.9283 A
11264500 1996 11 5 13384.8759 A
11264500 1996 11 6 13371.1364 A
11264500 1996 11 7 13395.7899 A
11264500 1996 11 8 13357.3128 A
11264500 1996 11 9 13363.6799 A
11264500 1996 11 10 13329.6292 A
11264500 1996 11 11 13331.8844 A
11264500 1996 11 12 13250.8269 A
11264500 1996 11 13 13316.5165 A
11264500 1996 11 14 13288.7304 A
11264500 1996 11 15 13239.3112 A
11264500 1996 11 16 13257.8079 A
11264500 1996 11 17 13270.6386 A
11264500 1996 11 18 13181.6464 A
11264500 1996 11 19 13238.3237 A
11264500 1996 11 20 13201.0151 A
11264500 1996 11 21 13187.6041 A
11264500 1996 11 22 13216.4884 A
11264500 1996 11 23 13258.9244 A
11264500 1996 11 24 13208.2068 A
11264500 1996 11 25 13196.2483 A
11264500 1996 11 26 13174.1721 A
11264500 1996 11 27 13178.4058 A
11264500 1996 11 28 13170.2505 A
11264500 1996 11 29 13181.0472 A
11264500 1996 11 30 13141.5102 A
11264500 1996 12 1 13092.1869 A
11264500 1996 12 2 13087.9025 A
11264500 1996 12 3 13115.3689 A
11264500 1996 12 4 13041.8050 A
11264500 1996 12 5 13069.9742 A
11264500 1996 12 6 13034.9001 A
11264500 1996 12 7 13023.1260 A
11264500 1996 12 8 13167.3677 A
11264500 1996 12 9 13071.2224 A
11264500 1996 12 10 13037.0820 A
11264500 1996 12 11 13015.3723 A
11264500 1996 12 12 13113.9033 A
11264500 1996 12 13 13087.6300 A
11264500 1996 12 14 13074.5282 A
11264500 1996 12 15 13046.9522 A
11264500 1996 12 16 13040.5255 A
11264500 1996 12 17 13070.1881 A
11264500 1996 12 18 12928.9909 A
11264500 1996 12 19 12948.5767 A
11264500 1996 12 20 12935.5657 A
11264500 1996 12 21 12957.7155 A
11264500 1996 12 22 12968.4005 A
11264500 1996 12 23 12953.7600 A
11264500 1996 12 24 12947.3721 A
11264500 1996 12 25 12907.6797 A
11264500 1996 12 26 12934.6224 A
11264500 1996 12 27 12957.2101 A
11264500 1996 12 28 12975.0649 A
11264500 1996 12 29 12839.9484 A
11264500 1996 12 30 12904.4978 A
11264500 1996 12 31 12858.8662 A
11264500 1997 1 1 12884.0679 A
11264500 1997 1 2 12875.4950 A
11264500 1997 1 3 12860.6989 A
11264500 1997 1 4 12899.0047 A
11264500 1997 1 5 12800.0759 A
11264500 1997 1 6 12950.2139 A
11264500 1997 1 7 12860.0880 A
11264500 1997 1 8 12856.6224 A
11264500 1997 1 9 12725.5785 A
11264500 1997 1 10 12775.9286 A
11264500 1997 1 11 12777.2111 A
11264500 1997 1 12 12744.1507 A
11264500 1997 1 13 12735.5328 A
11264500 1997 1 14 12770.1572 A
11264500 1997 1 15 12727.8151 A
11264500 1997 1 16 12705.0100 A
11264500 1997 1 17 12744.8529 A
11264500 1997 1 18 12819.6592 A
11264500 1997 1 19 12845.0227 A
11264500 1997 1 20 12773.2567 A
11264500 1997 1 21 12703.0771 A
11264500 1997 1 22 12702.7283 A
11264500 1997 1 23 12755.9614 A
11264500 1997 1 24 12734.3144 A
11264500 1997 1 25 12642.4127 A
11264500 1997 1 26 12722.7951 A
11264500 1997 1 27 12648.3024 A
11264500 1997 1 28 12631.3301 A
11264500 1997 1 29 12611.8267 A
11264500 1997 1 30 12633.5077 A
11264500 1997 1 31 12667.3586 A
11264500 1997 2 1 12579.3729 A
11264500 1997 2 2 12584.3900 A
11264500 1997 2 3 12560.1795 A
11264500 1997 2 4 12557.2773 A
11264500 1997 2 5 12582.6296 A
11264500 1997 2 6 12520.4470 A
11264500 1997 2 7 12577.3833 A
11264500 1997 2 8 12521.4723 A
11264500 1997 2 9 12562.5652 A
11264500 1997 2 10 12440.2743 A
11264500 1997 2 11 12560.4408 A
11264500 1997 2 12 12517.1827 A
11264500 1997 2 13 12478.1079 A
11264500 1997 2 14 12404.6552 A
11264500 1997 2 15 12411.2240 A
11264500 1997 2 16 12429.4100 A
11264500 1997 2 17 12416.8441 A
11264500 1997 2 18 12419.3398 A
11264500 1997 2 19 12473.6315 A
11264500 1997 2 20 12579.4771 A
11264500 1997 2 21 12417.8465 A
11264500 1997 2 22 12442.0342 A
11264500 1997 2 23 12415.9400 A
11264500 1997 2 24 12367.8702 A
11264500 1997 2 25 12352.5795 A
11264500 1997 2 26 12410.9419 A
11264500 1997 2 27 12339.1244 A
11264500 1997 2 28 12341.4408 A
11264500 1997 3 1 12328.2239 A
11264500 1997 3 2 12377.4164 A
11264500 1997 3 3 12413.4356 A
11264500 1997 3 4 12332.1060 A
11264500 1997 3 5 12297.8081 A
11264500 1997 3 6 12310.1493 A
11264500 1997 3 7 12260.4887 A
11264500 1997 3 8 12277.4684 A
11264500 1997 3 9 12320.3091 A
11264500 1997 3 10 12205.8195 A
11264500 1997 3 11 12253.7525 A
11264500 1997 3 12 12233.5459 A
11264500 1997 3 13 12228.4941 A
11264500 1997 3 14 12202.4375 A
11264500 1997 3 15 12199.1230 A
11264500 1997 3 16 12172.4656 A
11264500 1997 3 17 12194.2214 A
11264500 1997 3 18 12170.0448 A
11264500 1997 3 19 12133.2239 A
11264500 1997 3 20 12208.1304 A
11264500 1997 3 21 12192.3021 A
11264500 1997 3 22 12336.2338 A
11264500 1997 3 23 12180.3290 A
11264500 1997 3 24 12217.4786 A
11264500 1997 3 25 12126.1955 A
11264500 1997 3 26 12167.7370 A
11264500 1997 3 27 12137.8106 A
11264500 1997 3 28 12111.4425 A
11264500 1997 3 29 12083.2233 A
11264500 1997 3 30 12156.9973 A
11264500 1997 3 31 12050.7558 A
11264500 1997 4 1 12061.2084 A
11264500 1997 4 2 12055.9742 A
11264500 1997 4 3 12044.7132 A
11264500 1997 4 4 12048.0299 A
11264500 1997 4 5 12051.5363 A
11264500 1997 4 6 12224.4901 A
11264500 1997 4 7 12076.7425 A
11264500 1997 4 8 12024.7971 A
11264500 1997 4 9 12097.7358 A
11264500 1997 4 10 12173.8923 A
11264500 1997 4 11 12062.4786 A
11264500 1997 4 12 12531.3683 A
11264500 1997 4 13 12534.2540 A
11264500 1997 4 14 12235.8885 A
11264500 1997 4 15 12181.1420 A
11264500 1997 4 16 12676.6251 A
11264500 1997 4 17 12236.4797 A
11264500 1997 4 18 12243.1604 A
11264500 1997 4 19 12202.7434 A
11264500 1997 4 20 12191.9781 A
11264500 1997 4 21 12404.8892 A
11264500 1997 4 22 12422.9141 A
11264500 1997 4 23 12712.1463 A
11264500 1997 4 24 12433.7585 A
11264500 1997 4 25 12358.5696 A
11264500 1997 4 26 12290.8271 A
11264500 1997 4 27 12815.9808 A
11264500 1997 4 28 12859.9446 A
11264500 1997 4 29 12853.4379 A
11264500 1997 4 30 13008.9816 A
11264500 1997 5 1 13228.8098 A
11264500 1997 5 2 13608.0580 A
11264500 1997 5 3 13357.1440 A
11264500 1997 5 4 13648.0911 A
11264500 1997 5 5 13995.9560 A
11264500 1997 5 6 13809.9215 A
11264500 1997 5 7 14081.1375 A
11264500 1997 5 8 14356.3955 A
11264500 1997 5 9 14112.0569 A
11264500 1997 5 10 14538.5436 A
11264500 1997 5 11 14684.8580 A
11264500 1997 5 12 15056.6138 A
11264500 1997 5 13 14861.7678 A
11264500 1997 5 14 15474.6629 A
11264500 1997 5 15 15901.3537 A
11264500 1997 5 16 16412.6107 A
11264500 1997 5 17 16629.9059 A
11264500 1997 5 18 16175.0293 A
11264500 1997 5 19 16789.3353 A
11264500 1997 5 20 16846.5242 A
11264500 1997 5 21 17203.1947 A
11264500 1997 5 22 17157.9077 A
11264500 1997 5 23 17196.8756 A
11264500 1997 5 24 17709.4573 A
11264500 1997 5 25 18337.3479 A
11264500 1997 5 26 18474.9830 A
11264500 1997 5 27 18786.0879 A
11264500 1997 5 28 18963.0556 A
11264500 1997 5 29 19364.6743 A
11264500 1997 5 30 19669.3890 A
11264500 1997 5 31 19810.1721 A
11264500 1997 6 1 20211.3490 A
11264500 1997 6 2 20976.5041 A
11264500 1997 6 3 20883.7268 A
11264500 1997 6 4 21159.8351 A
11264500 1997 6 5 21538.4876 A
11264500 1997 6 6 21851.1455 A
11264500 1997 6 7 20876.2506 A
11264500 1997 6 8 20729.9646 A
11264500 1997 6 9 20779.7226 A
11264500 1997 6 10 20766.4157 A
11264500 1997 6 11 20676.3064 A
11264500 1997 6 12 20707.1745 A
11264500 1997 6 13 20752.1937 A
11264500 1997 6 14 20724.4808 A
11264500 1997 6 15 20696.8468 A
11264500 1997 6 16 20614.5715 A
11264500 1997 6 17 20713.2435 A
11264500 1997 6 18 20634.8117 A
11264500 1997 6 19 20618.8082 A
11264500 1997 6 20 20751.3384 A
11264500 1997 6 21 20721.3131 A
11264500 1997 6 22 20772.7069 A
11264500 1997 6 23 20654.1365 A
11264500 1997 6 24 20816.8961 A
11264500 1997 6 25 20687.5754 A
11264500 1997 6 26 20698.3656 A
11264500 1997 6 27 20818.3347 A
11264500 1997 6 28 20762.3469 A
11264500 1997 6 29 20846.7490 A
11264500 1997 6 30 20735.7833 A
11264500 1997 7 1 20640.0949 A
11264500 1997 7 2 20708.2169 A
11264500 1997 7 3 20639.6689 A
11264500 1997 7 4 20963.3892 A
11264500 1997 7 5 20678.2417 A
11264500 1997 7 6 20911.3455 A
11264500 1997 7 7 20857.3456 A
11264500 1997 7 8 20772.1916 A
11264500 1997 7 9 20790.6664 A
11264500 1997 7 10 20851.4212 A
11264500 1997 7 11 20761.0523 A
11264500 1997 7 12 20718.5932 A
11264500 1997 7 13 20693.0774 A
11264500 1997 7 14 20763.4640 A
11264500 1997 7 15 20618.7827 A
11264500 1997 7 16 20823.7966 A
11264500 1997 7 17 20724.6610 A
11264500 1997 7 18 20695.3517 A
11264500 1997 7 19 20771.9128 A
11264500 1997 7 20 20761.0771 A
11264500 1997 7 21 20778.0251 A
11264500 1997 7 22 20823.4589 A
11264500 1997 7 23 20729.8945 A
11264500 1997 7 24 20695.5916 A
11264500 1997 7 25 20691.0427 A
11264500 1997 7 26 20656.4843 A
11264500 1997 7 27 20679.9926 A
11264500 1997 7 28 20593.6385 A
11264500 1997 7 29 20752.0308 A
11264500 1997 7 30 20618.8593 A
11264500 1997 7 31 20626.8020 A
11264500 1997 8 1 20592.5544 A
11264500 1997 8 2 20625.2983 A
11264500 1997 8 3 20613.5934 A
11264500 1997 8 4 20537.3108 A
11264500 1997 8 5 20573.3226 A
11264500 1997 8 6 20514.9950 A
11264500 1997 8 7 20537.1844 A
11264500 1997 8 8 20550.3692 A
11264500 1997 8 9 20527.4174 A
11264500 1997 8 10 20593.7344 A
11264500 1997 8 11 20502.6002 A
11264500 1997 8 12 20519.6612 A
11264500 1997 8 13 20513.0307 A
11264500 1997 8 14 20484.9422 A
11264500 1997 8 15 20450.7714 A
11264500 1997 8 16 20478.9201 A
11264500 1997 8 17 20456.0955 A
11264500 1997 8 18 20458.9416 A
11264500 1997 8 19 20387.6824 A
11264500 1997 8 20 20398.2739 A
11264500 1997 8 21 20539.4393 A
11264500 1997 8 22 20487.4246 A
11264500 1997 8 23 20388.6199 A
11264500 1997 8 24 20373.4220 A
11264500 1997 8 25 20396.8040 A
11264500 1997 8 26 20388.2647 A
11264500 1997 8 27 20451.1966 A
11264500 1997 8 28 20419.0606 A
11264500 1997 8 29 20360.7430 A
11264500 1997 8 30 20384.6612 A
11264500 1997 8 31 20331.6215 A
11264500 1997 9 1 20359.7386 A
11264500 1997 9 2 20365.3523 A
11264500 1997 9 3 20305.9737 A
11264500 1997 9 4 20446.6301 A
11264500 1997 9 5 20428.2664 A
11264500 1997 9 6 20355.1541 A
11264500 1997 9 7 20323.2279 A
11264500 1997 9 8 20320.6111 A
11264500 1997 9 9 20244.1392 A
11264500 1997 9 10 20264.4549 A
11264500 1997 9 11 20267.5819 A
11264500 1997 9 12 20267.9455 A
11264500 1997 9 13 20280.7845 A
11264500 1997 9 14 20252.7976 A
11264500 1997 9 15 20347.4932 A
11264500 1997 9 16 20373.3682 A
11264500 1997 9 17 20288.8696 A
11264500 1997 9 18 20296.1887 A
11264500 1997 9 19 20193.0326 A
11264500 1997 9 20 20269.0108 A
11264500 1997 9 21 20264.4238 A
11264500 1997 9 22 20170.8553 A
11264500 1997 9 23 20200.7855 A
11264500 1997 9 24 20191.8338 A
11264500 1997 9 25 20204.1356 A
11264500 1997 9 26 20176.8049 A
11264500 1997 9 27 20179.5244 A
11264500 1997 9 28 20236.2762 A
11264500 1997 9 29 20205.3704 A
11264500 1997 9 30 20281.8634 A
11264500 1997 10 1 20218.5162 A
11264500 1997 10 2 20153.3242 A
11264500 1997 10 3 20117.2197 A
11264500 1997 10 4 20242.1280 A
11264500 1997 10 5 20170.2878 A
11264500 1997 10 6 20112.9613 A
11264500 1997 10 7 20240.2168 A
11264500 1997 10 8 20116.5997 A
11264500 1997 10 9 20245.5275 A
11264500 1997 10 10 20186.7431 A
11264500 1997 10 11 20118.5451 A
11264500 1997 10 12 20187.4951 A
11264500 1997 10 13 20190.5138 A
11264500 1997 10 14 20160.4505 A
11264500 1997 10 15 20273.1171 A
11264500 1997 10 16 20255.5826 A
11264500 1997 10 17 20124.5071 A
11264500 1997 10 18 20148.5941 A
11264500 1997 10 19 20386.9585 A
11264500 1997 10 20 20227.0423 A
11264500 1997 10 21 20115.7760 A
11264500 1997 10 22 20415.5849 A
11264500 1997 10 23 20288.6508 A
11264500 1997 10 24 20210.8756 A
11264500 1997 10 25 20414.3331 A
11264500 1997 10 26 20163.5767 A
11264500 1997 10 27 20333.7744 A
11264500 1997 10 28 20188.1987 A
11264500 1997 10 29 20221.6619 A
11264500 1997 10 30 20202.7106 A
11264500 1997 10 31 20143.1493 A
11264500 1997 11 1 20178.8186 A
11264500 1997 11 2 20269.0314 A
11264500 1997 11 3 20220.0974 A
11264500 1997 11 4 20146.8053 A
11264500 1997 11 5 20127.7084 A
11264500 1997 11 6 20217.7197 A
11264500 1997 11 7 20167.3009 A
11264500 1997 11 8 20072.9013 A
11264500 1997 11 9 20069.0196 A
11264500 1997 11 10 20084.8267 A
11264500 1997 11 11 20069.6814 A
11264500 1997 11 12 20090.5833 A
11264500 1997 11 13 20043.8622 A
11264500 1997 11 14 20105.0056 A
11264500 1997 11 15 20007.3875 A
11264500 1997 11 16 20033.5564 A
11264500 1997 11 17 20000.4666 A
11264500 1997 11 18 19972.9342 A
11264500 1997 11 19 19945.8813 A
11264500 1997 11 20 19992.6414 A
11264500 1997 11 21 19943.9450 A
11264500 1997 11 22 19962.0914 A
11264500 1997 11 23 19931.0233 A
11264500 1997 11 24 19995.0944 A
11264500 1997 11 25 19968.3179 A
11264500 1997 11 26 20060.7266 A
11264500 1997 11 27 19989.3264 A
11264500 1997 11 28 19866.0972 A
11264500 1997 11 29 19875.7403 A
11264500 1997 11 30 19949.5864 A
11264500 1997 12 1 19873.2731 A
11264500 1997 12 2 19822.9382 A
11264500 1997 12 3 19891.7799 A
11264500 1997 12 4 19888.8590 A
11264500 1997 12 5 19849.5717 A
11264500 1997 12 6 19786.3034 A
11264500 1997 12 7 19839.8220 A
11264500 1997 12 8 19894.4803 A
11264500 1997 12 9 19779.1414 A
11264500 1997 12 10 19834.4621 A
11264500 1997 12 11 19737.0720 A
11264500 1997 12 12 19773.5782 A
11264500 1997 12 13 19812.1830 A
11264500 1997 12 14 19699.9672 A
11264500 1997 12 15 19749.7550 A
11264500 1997 12 16 19866.8579 A
11264500 1997 12 17 19758.0773 A
11264500 1997 12 18 19701.3983 A
11264500 1997 12 19 19672.1801 A
11264500 1997 12 20 19705.7358 A
11264500 1997 12 21 19668.2970 A
11264500 1997 12 22 19690.2878 A
11264500 1997 12 23 19681.6959 A
11264500 1997 12 24 19651.7148 A
11264500 1997 12 25 19586.3867 A
11264500 1997 12 26 19618.1584 A
11264500 1997 12 27 19578.7790 A
11264500 1997 12 28 19630.0934 A
11264500 1997 12 29 19615.9947 A
11264500 1997 12 30 19627.4814 A
11264500 1997 12 31 19683.2169 A
11264500 1998 1 1 19566.6682 A
11264500 1998 1 2 19541.2714 A
11264500 1998 1 3 19560.2392 A
11264500 1998 1 4 19591.3899 A
11264500 1998 1 5 19515.1380 A
11264500 1998 1 6 19538.4994 A
11264500 1998 1 7 19499.7818 A
11264500 1998 1 8 19509.4796 A
11264500 1998 1 9 19563.1820 A
11264500 1998 1 10 19531.4236 A
11264500 1998 1 11 19582.9017 A
11264500 1998 1 12 19507.9408 A
11264500 1998 1 13 19491.8769 A
11264500 1998 1 14 19584.7727 A
11264500 1998 1 15 19571.7261 A
11264500 1998 1 16 19560.0477 A
11264500 1998 1 17 19557.8064 A
11264500 1998 1 18 19475.6596 A
11264500 1998 1 19 19457.2938 A
11264500 1998 1 20 19487.6768 A
11264500 1998 1 21 19602.4983 A
11264500 1998 1 22 19587.2801 A
11264500 1998 1 23 19497.4156 A
11264500 1998 1 24 19551.1600 A
11264500 1998 1 25 19493.5595 A
11264500 1998 1 26 19488.3530 A
11264500 1998 1 27 19688.3113 A
11264500 1998 1 28 19525.3474 A
11264500 1998 1 29 19554.7706 A
11264500 1998 1 30 19464.3874 A
11264500 1998 1 31 19499.0267 A
11264500 1998 2 1 19492.5418 A
11264500 1998 2 2 19396.9665 A
11264500 1998 2 3 19427.8609 A
11264500 1998 2 4 19578.9608 A
11264500 1998 2 5 19530.5400 A
11264500 1998 2 6 19553.8459 A
11264500 1998 2 7 19406.1351 A
11264500 1998 2 8 19404.4062 A
11264500 1998 2 9 19430.7807 A
11264500 1998 2 10 19525.0180 A
11264500 1998 2 11 19462.8957 A
11264500 1998 2 12 19411.1205 A
11264500 1998 2 13 19366.3925 A
11264500 1998 2 14 19409.6530 A
11264500 1998 2 15 19442.3112 A
11264500 1998 2 16 19410.7367 A
11264500 1998 2 17 19594.5645 A
11264500 1998 2 18 19430.0322 A
11264500 1998 2 19 19399.7888 A
11264500 1998 2 20 19388.9124 A
11264500 1998 2 21 19431.3596 A
11264500 1998 2 22 19393.8154 A
11264500 1998 2 23 19365.0432 A
11264500 1998 2 24 19404.0068 A
11264500 1998 2 25 19304.2905 A
11264500 1998 2 26 19310.0802 A
11264500 1998 2 27 19379.7450 A
11264500 1998 2 28 19330.6496 A
11264500 1998 3 1 19421.4911 A
11264500 1998 3 2 19309.7880 A
11264500 1998 3 3 19255.3305 A
11264500 1998 3 4 19268.5352 A
11264500 1998 3 5 19254.1254 A
11264500 1998 3 6 19210.4657 A
11264500 1998 3 7 19218.7455 A
11264500 1998 3 8 19286.1725 A
11264500 1998 3 9 19210.9681 A
11264500 1998 3 10 19272.1419 A
11264500 1998 3 11 19139.9283 A
11264500 1998 3 12 19136.7181 A
11264500 1998 3 13 19235.7753 A
11264500 1998 3 14 19165.4525 A
11264500 1998 3 15 19176.5880 A
11264500 1998 3 16 19136.4557 A
11264500 1998 3 17 19247.9127 A
11264500 1998 3 18 19103.2495 A
11264500 1998 3 19 19149.9215 A
11264500 1998 3 20 19118.6353 A
11264500 1998 3 21 19086.5638 A
11264500 1998 3 22 19028.7263 A
11264500 1998 3 23 19044.7873 A
11264500 1998 3 24 19125.0177 A
11264500 1998 3 25 19039.8456 A
11264500 1998 3 26 19053.8295 A
11264500 1998 3 27 19096.5613 A
11264500 1998 3 28 19026.4993 A
11264500 1998 3 29 19057.8218 A
11264500 1998 3 30 19008.2511 A
11264500 1998 3 31 19027.8949 A
11264500 1998 4 1 18950.4751 A
11264500 1998 4 2 19022.7186 A
11264500 1998 4 3 18956.1615 A
11264500 1998 4 4 18982.1530 A
11264500 1998 4 5 18967.9832 A
11264500 1998 4 6 18965.1618 A
11264500 1998 4 7 18875.8069 A
11264500 1998 4 8 18933.2227 A
11264500 1998 4 9 18955.3099 A
11264500 1998 4 10 18888.1495 A
11264500 1998 4 11 19091.7585 A
11264500 1998 4 12 18944.5684 A
11264500 1998 4 13 19127.6135 A
11264500 1998 4 14 19327.3122 A
11264500 1998 4 15 19183.0741 A
11264500 1998 4 16 19034.3317 A
11264500 1998 4 17 19024.4431 A
11264500 1998 4 18 19018.9626 A
11264500 1998 4 19 19197.3862 A
11264500 1998 4 20 19310.6081 A
11264500 1998 4 21 19165.8041 A
11264500 1998 4 22 19070.4214 A
11264500 1998 4 23 19103.0990 A
11264500 1998 4 24 19415.0606 A
11264500 1998 4 25 19982.1099 A
11264500 1998 4 26 19416.4465 A
11264500 1998 4 27 19562.5096 A
11264500 1998 4 28 19512.8418 A
11264500 1998 4 29 19988.4592 A
11264500 1998 4 30 20032.4476 A
11264500 1998 5 1 19826.9993 A
11264500 1998 5 2 20080.3064 A
11264500 1998 5 3 20075.6444 A
11264500 1998 5 4 20481.1964 A
11264500 1998 5 5 21257.8544 A
11264500 1998 5 6 21050.0358 A
11264500 1998 5 7 21043.2700 A
11264500 1998 5 8 21079.4233 A
11264500 1998 5 9 21018.8449 A
11264500 1998 5 10 21638.6085 A
11264500 1998 5 11 21871.9710 A
11264500 1998 5 12 21732.3356 A
11264500 1998 5 13 22384.6184 A
11264500 1998 5 14 22403.4230 A
11264500 1998 5 15 22826.8343 A
11264500 1998 5 16 22937.4406 A
11264500 1998 5 17 23021.0150 A
11264500 1998 5 18 23083.3442 A
11264500 1998 5 19 23487.4184 A
11264500 1998 5 20 23932.8159 A
11264500 1998 5 21 23823.1025 A
11264500 1998 5 22 24402.7171 A
11264500 1998 5 23 24214.7216 A
11264500 1998 5 24 24908.2172 A
11264500 1998 5 25 25248.4429 A
11264500 1998 5 26 24988.4271 A
11264500 1998 5 27 25527.8930 A
11264500 1998 5 28 26157.3993 A
11264500 1998 5 29 25842.7676 A
11264500 1998 5 30 26105.0887 A
11264500 1998 5 31 26637.3789 A
11264500 1998 6 1 27511.1181 A
11264500 1998 6 2 27230.8228 A
11264500 1998 6 3 27897.5168 A
11264500 1998 6 4 28113.4789 A
11264500 1998 6 5 28263.6654 A
11264500 1998 6 6 28860.1392 A
11264500 1998 6 7 28958.8587 A
11264500 1998 6 8 29422.8626 A
11264500 1998 6 9 29206.8398 A
11264500 1998 6 10 29930.6241 A
11264500 1998 6 11 29855.5520 A
11264500 1998 6 12 28961.2677 A
11264500 1998 6 13 29155.9639 A
11264500 1998 6 14 28931.1139 A
11264500 1998 6 15 28807.7098 A
11264500 1998 6 16 28887.5928 A
11264500 1998 6 17 28789.1306 A
11264500 1998 6 18 28971.7060 A
11264500 1998 6 19 28833.9418 A
11264500 1998 6 20 28834.3474 A
11264500 1998 6 21 28988.6717 A
11264500 1998 6 22 29195.0612 A
11264500 1998 6 23 28923.3993 A
11264500 1998 6 24 28968.1955 A
11264500 1998 6 25 28987.4395 A
11264500 1998 6 26 29173.8093 A
11264500 1998 6 27 29019.0672 A
11264500 1998 6 28 28946.7742 A
11264500 1998 6 29 29013.5591 A
11264500 1998 6 30 29189.0809 A
11264500 1998 7 1 28930.0566 A
11264500 1998 7 2 28958.0163 A
11264500 1998 7 3 28971.6907 A
11264500 1998 7 4 28924.4511 A
11264500 1998 7 5 28941.4794 A
11264500 1998 7 6 28909.3486 A
11264500 1998 7 7 29330.2369 A
11264500 1998 7 8 28977.4606 A
11264500 1998 7 9 28999.9122 A
11264500 1998 7 10 28934.6231 A
11264500 1998 7 11 29017.8174 A
11264500 1998 7 12 28929.7701 A
11264500 1998 7 13 28889.1653 A
11264500 1998 7 14 28964.8736 A
11264500 1998 7 15 28951.4986 A
11264500 1998 7 16 28950.4553 A
11264500 1998 7 17 29066.5221 A
11264500 1998 7 18 29002.9345 A
11264500 1998 7 19 29027.6816 A
11264500 1998 7 20 28973.2899 A
11264500 1998 7 21 29038.6217 A
11264500 1998 7 22 28943.1001 A
11264500 1998 7 23 28946.3786 A
11264500 1998 7 24 28951.0864 A
11264500 1998 7 25 28942.7842 A
11264500 1998 7 26 28937.3925 A
11264500 1998 7 27 28897.5265 A
11264500 1998 7 28 29016.3574 A
11264500 1998 7 29 28934.6212 A
11264500 1998 7 30 28854.5535 A
11264500 1998 7 31 28853.4770 A
11264500 1998 8 1 28977.8035 A
11264500 1998 8 2 28846.7239 A
11264500 1998 8 3 28918.2806 A
11264500 1998 8 4 28898.8349 A
11264500 1998 8 5 28894.1031 A
11264500 1998 8 6 28900.1004 A
11264500 1998 8 7 28891.2999 A
11264500 1998 8 8 28911.6496 A
11264500 1998 8 9 28857.0223 A
11264500 1998 8 10 28830.9513 A
11264500 1998 8 11 28823.3151 A
11264500 1998 8 12 28791.0615 A
11264500 1998 8 13 28952.0143 A
11264500 1998 8 14 28968.5029 A
11264500 1998 8 15 28868.4991 A
11264500 1998 8 16 28757.6016 A
11264500 1998 8 17 29022.6840 A
11264500 1998 8 18 28860.4831 A
11264500 1998 8 19 28812.9203 A
11264500 1998 8 20 28926.8983 A
11264500 1998 8 21 28965.3723 A
11264500 1998 8 22 28818.3200 A
11264500 1998 8 23 28764.0346 A
11264500 1998 8 24 28806.6578 A
11264500 1998 8 25 28806.3012 A
11264500 1998 8 26 28775.8794 A
11264500 1998 8 27 28831.6040 A
11264500 1998 8 28 28859.8950 A
11264500 1998 8 29 28756.3447 A
11264500 1998 8 30 28869.6022 A
11264500 1998 8 31 28777.2994 A
11264500 1998 9 1 28918.0422 A
11264500 1998 9 2 28859.9054 A
11264500 1998 9 3 28785.6512 A
11264500 1998 9 4 28815.7858 A
11264500 1998 9 5 29081.4479 A
11264500 1998 9 6 28778.9877 A
11264500 1998 9 7 28774.9634 A
11264500 1998 9 8 28810.9645 A
11264500 1998 9 9 28853.6947 A
11264500 1998 9 10 28820.9294 A
11264500 1998 9 11 28820.3409 A
11264500 1998 9 12 28771.7038 A
11264500 1998 9 13 28751.0641 A
11264500 1998 9 14 28748.6163 A
11264500 1998 9 15 28770.3422 A
11264500 1998 9 16 28738.9088 A
11264500 1998 9 17 28697.5563 A
11264500 1998 9 18 28821.8429 A
11264500 1998 9 19 28679.9032 A
11264500 1998 9 20 28751.0866 A
11264500 1998 9 21 28716.3099 A
11264500 1998 9 22 28707.7650 A
11264500 1998 9 23 28654.1153 A
11264500 1998 9 24 28654.3050 A
11264500 1998 9 25 28686.9605 A
11264500 1998 9 26 28765.7075 A
11264500 1998 9 27 28744.0714 A
11264500 1998 9 28 28706.1957 A
11264500 1998 9 29 28654.0061 A
11264500 1998 9 30 28626.5724 A
11264500 1998 10 1 28940.3405 A
11264500 1998 10 2 29129.8586 A
11264500 1998 10 3 28875.8940 A
11264500 1998 10 4 28715.8159 A
11264500 1998 10 5 28825.4901 A
11264500 1998 10 6 28814.1565 A
11264500 1998 10 7 28816.4124 A
11264500 1998 10 8 28873.9297 A
11264500 1998 10 9 28846.6886 A
11264500 1998 10 10 28778.4891 A
11264500 1998 10 11 28800.1090 A
11264500 1998 10 12 28723.9685 A
11264500 1998 10 13 29138.1345 A
11264500 1998 10 14 28834.7191 A
11264500 1998 10 15 29067.0946 A
11264500 1998 10 16 28907.1166 A
11264500 1998 10 17 28862.5213 A
11264500 1998 10 18 28811.9595 A
11264500 1998 10 19 28952.2118 A
11264500 1998 10 20 29126.1082 A
11264500 1998 10 21 28913.1695 A
11264500 1998 10 22 29030.8416 A
11264500 1998 10 23 28883.9842 A
11264500 1998 10 24 28898.3337 A
11264500 1998 10 25 28810.3714 A
11264500 1998 10 26 28835.1835 A
11264500 1998 10 27 28803.1756 A
11264500 1998 10 28 28825.9338 A
11264500 1998 10 29 28819.7998 A
11264500 1998 10 30 28816.0572 A
11264500 1998 10 31 28753.4522 A
11264500 1998 11 1 28729.2168 A
11264500 1998 11 2 28736.6948 A
11264500 1998 11 3 28691.5620 A
11264500 1998 11 4 28698.3574 A
11264500 1998 11 5 28738.3425 A
11264500 1998 11 6 28690.1006 A
11264500 1998 11 7 28690.9613 A
11264500 1998 11 8 28652.3793 A
11264500 1998 11 9 28677.2889 A
11264500 1998 11 10 28648.6412 A
11264500 1998 11 11 28683.8024 A
11264500 1998 11 12 28576.0555 A
11264500 1998 11 13 28621.5640 A
11264500 1998 11 14 28631.6548 A
11264500 1998 11 15 28640.8215 A
11264500 1998 11 16 28581.1333 A
11264500 1998 11 17 28533.2681 A
11264500 1998 11 18 28589.7243 A
11264500 1998 11 19 28582.6988 A
11264500 1998 11 20 28562.9012 A
11264500 1998 11 21 28568.5695 A
11264500 1998 11 22 28567.9939 A
11264500 1998 11 23 28566.0205 A
11264500 1998 11 24 28532.7690 A
11264500 1998 11 25 28552.4153 A
11264500 1998 11 26 28501.1902 A
11264500 1998 11 27 28531.3798 A
11264500 1998 11 28 28519.4194 A
11264500 1998 11 29 28511.9460 A
11264500 1998 11 30 28486.0702 A
11264500 1998 12 1 28447.6316 A
11264500 1998 12 2 28409.9382 A
11264500 1998 12 3 28478.2174 A
11264500 1998 12 4 28392.5720 A
11264500 1998 12 5 28449.0734 A
11264500 1998 12 6 28408.2575 A
11264500 1998 12 7 28492.6245 A
11264500 1998 12 8 28511.0596 A
11264500 1998 12 9 28466.1621 A
11264500 1998 12 10 28380.0866 A
11264500 1998 12 11 28353.2020 A
11264500 1998 12 12 28363.5721 A
11264500 1998 12 13 28293.6523 A
11264500 1998 12 14 28331.7977 A
11264500 1998 12 15 28297.1076 A
11264500 1998 12 16 28277.4687 A
11264500 1998 12 17 28390.0260 A
11264500 1998 12 18 28400.8898 A
11264500 1998 12 19 28371.4396 A
11264500 1998 12 20 28403.2803 A
11264500 1998 12 21 28450.4911 A
11264500 1998 12 22 28385.4688 A
11264500 1998 12 23 28473.1341 A
11264500 1998 12 24 28310.5694 A
11264500 1998 12 25 28374.9167 A
11264500 1998 12 26 28340.8807 A
11264500 1998 12 27 28329.8851 A
11264500 1998 12 28 28292.6018 A
11264500 1998 12 29 28253.6638 A
11264500 1998 12 30 28270.4038 A
11264500 1998 12 31 28259.4065 A
11264500 1999 1 1 28264.5656 A
11264500 1999 1 2 28327.9138 A
11264500 1999 1 3 28240.5206 A
11264500 1999 1 4 28260.6498 A
11264500 1999 1 5 28267.8327 A
11264500 1999 1 6 28266.4962 A
11264500 1999 1 7 28290.0801 A
11264500 1999 1 8 28268.3860 A
11264500 1999 1 9 28214.7237 A
11264500 1999 1 10 28170.9956 A
11264500 1999 1 11 28167.1414 A
11264500 1999 1 12 28124.8421 A
11264500 1999 1 13 28159.5127 A
11264500 1999 1 14 28185.0657 A
11264500 1999 1 15 28251.8610 A
11264500 1999 1 16 28137.2627 A
11264500 1999 1 17 28165.3842 A
11264500 1999 1 18 28132.1346 A
11264500 1999 1 19 28069.8286 A
11264500 1999 1 20 28075.6796 A
11264500 1999 1 21 28095.7009 A
11264500 1999 1 22 28066.4172 A
11264500 1999 1 23 28064.4175 A
11264500 1999 1 24 28087.9445 A
11264500 1999 1 25 28029.0631 A
11264500 1999 1 26 28048.8179 A
11264500 1999 1 27 28042.1947 A
11264500 1999 1 28 28020.9467 A
11264500 1999 1 29 27995.3471 A
11264500 1999 1 30 28032.5807 A
11264500 1999 1 31 27936.6327 A
11264500 1999 2 1 28003.8838 A
11264500 1999 2 2 28056.8283 A
11264500 1999 2 3 27951.9042 A
11264500 1999 2 4 27994.6700 A
11264500 1999 2 5 27964.6781 A
11264500 1999 2 6 27932.6371 A
11264500 1999 2 7 27902.2405 A
11264500 1999 2 8 27968.5669 A
11264500 1999 2 9 27870.4812 A
11264500 1999 2 10 27933.5904 A
11264500 1999 2 11 27909.5159 A
11264500 1999 2 12 27896.6135 A
11264500 1999 2 13 27874.8525 A
11264500 1999 2 14 27968.0181 A
11264500 1999 2 15 27863.3913 A
11264500 1999 2 16 27903.9087 A
11264500 1999 2 17 27911.4816 A
11264500 1999 2 18 27806.5382 A
11264500 1999 2 19 27824.9021 A
11264500 1999 2 20 27791.1008 A
11264500 1999 2 21 27852.7386 A
11264500 1999 2 22 27853.8309 A
11264500 1999 2 23 27845.3379 A
11264500 1999 2 24 27757.3036 A
11264500 1999 2 25 27773.9766 A
11264500 1999 2 26 27758.2775 A
11264500 1999 2 27 27824.1778 A
11264500 1999 2 28 27874.9926 A
11264500 1999 3 1 28068.9128 A
11264500 1999 3 2 27813.0975 A
11264500 1999 3 3 27780.9847 A
11264500 1999 3 4 27826.0821 A
11264500 1999 3 5 27814.2417 A
11264500 1999 3 6 27784.9410 A
11264500 1999 3 7 27758.3805 A
11264500 1999 3 8 27763.4466 A
11264500 1999 3 9 27773.5761 A
11264500 1999 3 10 27771.5673 A
11264500 1999 3 11 27776.2977 A
11264500 1999 3 12 27766.0943 A
11264500 1999 3 13 27694.8291 A
11264500 1999 3 14 27690.9718 A
11264500 1999 3 15 27630.8931 A
11264500 1999 3 16 27692.9689 A
11264500 1999 3 17 27736.5053 A
11264500 1999 3 18 27608.8804 A
11264500 1999 3 19 27595.0362 A
11264500 1999 3 20 27684.2701 A
11264500 1999 3 21 27588.9002 A
11264500 1999 3 22 27669.2771 A
11264500 1999 3 23 27555.0419 A
11264500 1999 3 24 27569.8042 A
11264500 1999 3 25 27592.6777 A
11264500 1999 3 26 27513.4738 A
11264500 1999 3 27 27526.5921 A
11264500 1999 3 28 27604.8500 A
11264500 1999 3 29 27515.6804 A
11264500 1999 3 30 27525.4113 A
11264500 1999 3 31 27579.1965 A
11264500 1999 4 1 27590.3699 A
11264500 1999 4 2 27560.9491 A
11264500 1999 4 3 27595.0301 A
11264500 1999 4 4 27496.7282 A
11264500 1999 4 5 27480.5932 A
11264500 1999 4 6 27923.3849 A
11264500 1999 4 7 27652.7917 A
11264500 1999 4 8 27666.6436 A
11264500 1999 4 9 27620.2623 A
11264500 1999 4 10 27606.0826 A
11264500 1999 4 11 27491.5534 A
11264500 1999 4 12 27502.8879 A
11264500 1999 4 13 27514.2753 A
11264500 1999 4 14 27807.3994 A
11264500 1999 4 15 27813.4678 A
11264500 1999 4 16 27642.2345 A
11264500 1999 4 17 27629.3579 A
11264500 1999 4 18 27900.4622 A
11264500 1999 4 19 27654.7409 A
11264500 1999 4 20 27795.4473 A
11264500 1999 4 21 27926.6455 A
11264500 1999 4 22 28120.9487 A
11264500 1999 4 23 28122.2606 A
11264500 1999 4 24 27908.6363 A
11264500 1999 4 25 28058.4374 A
11264500 1999 4 26 27938.5619 A
11264500 1999 4 27 27904.7917 A
11264500 1999 4 28 28276.8703 A
11264500 1999 4 29 28690.5150 A
11264500 1999 4 30 28175.5790 A
11264500 1999 5 1 28630.0852 A
11264500 1999 5 2 29054.7363 A
11264500 1999 5 3 28484.3319 A
11264500 1999 5 4 28958.5505 A
11264500 1999 5 5 29520.1088 A
11264500 1999 5 6 29469.2975 A
11264500 1999 5 7 29080.5194 A
11264500 1999 5 8 29764.4620 A
11264500 1999 5 9 29628.5701 A
11264500 1999 5 10 30132.6995 A
11264500 1999 5 11 30074.6870 A
11264500 1999 5 12 30393.8159 A
11264500 1999 5 13 30445.2880 A
11264500 1999 5 14 30779.8672 A
11264500 1999 5 15 30759.4815 A
11264500 1999 5 16 31016.1807 A
11264500 1999 5 17 31044.6651 A
11264500 1999 5 18 31690.8401 A
11264500 1999 5 19 31725.7995 A
11264500 1999 5 20 31589.5799 A
11264500 1999 5 21 32396.7504 A
11264500 1999 5 22 32419.0617 A
11264500 1999 5 23 32793.3445 A
11264500 1999 5 24 33199.9453 A
11264500 1999 5 25 33379.0937 A
11264500 1999 5 26 33958.9510 A
11264500 1999 5 27 33934.9286 A
11264500 1999 5 28 34440.2793 A
11264500 1999 5 29 34603.9530 A
11264500 1999 5 30 34952.0398 A
11264500 1999 5 31 35362.7115 A
11264500 1999 6 1 35821.0019 A
11264500 1999 6 2 36113.6041 A
11264500 1999 6 3 36083.5744 A
11264500 1999 6 4 36259.5869 A
11264500 1999 6 5 36762.8157 A
11264500 1999 6 6 36879.6994 A
11264500 1999 6 7 37094.1807 A
11264500 1999 6 8 37066.1683 A
11264500 1999 6 9 37026.0073 A
11264500 1999 6 10 36581.8868 A
11264500 1999 6 11 36427.1320 A
11264500 1999 6 12 36446.8733 A
11264500 1999 6 13 36341.9174 A
11264500 1999 6 14 36488.4900 A
11264500 1999 6 15 36351.5265 A
11264500 1999 6 16 36641.5484 A
11264500 1999 6 17 36382.9538 A
11264500 1999 6 18 36429.1289 A
11264500 1999 6 19 36483.3352 A
11264500 1999 6 20 36486.7522 A
11264500 1999 6 21 36454.3023 A
11264500 1999 6 22 36457.7649 A
11264500 1999 6 23 36409.1815 A
11264500 1999 6 24 36297.8551 A
11264500 1999 6 25 36448.9838 A
11264500 1999 6 26 36532.2661 A
11264500 1999 6 27 36415.9250 A
11264500 1999 6 28 36428.4436 A
11264500 1999 6 29 36769.6946 A
11264500 1999 6 30 36490.5344 A
11264500 1999 7 1 36512.8338 A
11264500 1999 7 2 36398.2567 A
11264500 1999 7 3 36403.8930 A
11264500 1999 7 4 36367.1116 A
11264500 1999 7 5 36489.5332 A
11264500 1999 7 6 36404.5149 A
11264500 1999 7 7 36487.1995 A
11264500 1999 7 8 36356.9758 A
11264500 1999 7 9 36355.7298 A
11264500 1999 7 10 36495.7505 A
11264500 1999 7 11 36445.0499 A
11264500 1999 7 12 36441.6339 A
11264500 1999 7 13 36376.0340 A
11264500 1999 7 14 36403.0918 A
11264500 1999 7 15 36341.4135 A
11264500 1999 7 16 36375.4314 A
11264500 1999 7 17 36368.8216 A
11264500 1999 7 18 36372.1336 A
11264500 1999 7 19 36512.2223 A
11264500 1999 7 20 36401.1144 A
11264500 1999 7 21 36592.0167 A
11264500 1999 7 22 36415.6049 A
11264500 1999 7 23 36369.8989 A
11264500 1999 7 24 36370.2475 A
11264500 1999 7 25 36383.4036 A
11264500 1999 7 26 36581.4524 A
11264500 1999 7 27 36397.1913 A
11264500 1999 7 28 36535.6557 A
11264500 1999 7 29 36398.4898 A
11264500 1999 7 30 36404.3203 A
11264500 1999 7 31 36387.0683 A
11264500 1999 8 1 36612.1590 A
11264500 1999 8 2 36508.7436 A
11264500 1999 8 3 36444.0241 A
11264500 1999 8 4 36446.4528 A
11264500 1999 8 5 36439.4421 A
11264500 1999 8 6 36375.5744 A
11264500 1999 8 7 36381.7506 A
11264500 1999 8 8 36489.5002 A
11264500 1999 8 9 36527.7325 A
11264500 1999 8 10 36338.8953 A
11264500 1999 8 11 36509.6042 A
11264500 1999 8 12 36370.6671 A
11264500 1999 8 13 36296.7741 A
11264500 1999 8 14 36449.1407 A
11264500 1999 8 15 36361.1292 A
11264500 1999 8 16 36441.0213 A
11264500 1999 8 17 36480.1441 A
11264500 1999 8 18 36447.5001 A
11264500 1999 8 19 36351.8013 A
11264500 1999 8 20 36299.7526 A
11264500 1999 8 21 36344.0290 A
11264500 1999 8 22 36468.6891 A
11264500 1999 8 23 36462.1960 A
11264500 1999 8 24 36409.6388 A
11264500 1999 8 25 36400.8738 A
11264500 1999 8 26 36377.0819 A
11264500 1999 8 27 36385.2796 A
11264500 1999 8 28 36348.2031 A
11264500 1999 8 29 36336.3179 A
11264500 1999 8 30 36309.7583 A
11264500 1999 8 31 36311.0815 A
11264500 1999 9 1 36296.7682 A
11264500 1999 9 2 36316.9593 A
11264500 1999 9 3 36293.9122 A
11264500 1999 9 4 36283.8764 A
11264500 1999 9 5 36315.0281 A
11264500 1999 9 6 36250.5655 A
11264500 1999 9 7 36277.0455 A
11264500 1999 9 8 36165.1435 A
11264500 1999 9 9 36399.3619 A
11264500 1999 9 10 36376.2364 A
11264500 1999 9 11 36296.8213 A
11264500 1999 9 12 36383.4093 A
11264500 1999 9 13 36316.9480 A
11264500 1999 9 14 36284.3659 A
11264500 1999 9 15 36274.1547 A
11264500 1999 9 16 36252.1709 A
11264500 1999 9 17 36256.2710 A
11264500 1999 9 18 36242.1521 A
11264500 1999 9 19 36363.9720 A
11264500 1999 9 20 36348.4256 A
11264500 1999 9 21 36253.4430 A
11264500 1999 9 22 36294.2330 A
11264500 1999 9 23 36332.8831 A
11264500 1999 9 24 36216.0707 A
11264500 1999 9 25 36394.1470 A
11264500 1999 9 26 36349.7997 A
11264500 1999 9 27 36325.0566 A
11264500 1999 9 28 36356.2353 A
11264500 1999 9 29 36299.0374 A
11264500 1999 9 30 36330.2662 A
11264500 1999 10 1 36273.5743 A
11264500 1999 10 2 36246.8624 A
11264500 1999 10 3 36542.5352 A
11264500 1999 10 4 36352.0719 A
11264500 1999 10 5 36630.7798 A
11264500 1999 10 6 36388.8506 A
11264500 1999 10 7 36383.4975 A
11264500 1999 10 8 36521.2939 A
11264500 1999 10 9 36459.1291 A
11264500 1999 10 10 36794.6743 A
11264500 1999 10 11 36460.5068 A
11264500 1999 10 12 36624.1374 A
11264500 1999 10 13 36698.5212 A
11264500 1999 10 14 36626.3633 A
11264500 1999 10 15 36783.2284 A
11264500 1999 10 16 36570.0584 A
11264500 1999 10 17 36627.5788 A
11264500 1999 10 18 36508.6349 A
11264500 1999 10 19 36596.2628 A
11264500 1999 10 20 36530.9420 A
11264500 1999 10 21 36568.8680 A
11264500 1999 10 22 36506.0708 A
11264500 1999 10 23 36672.7711 A
11264500 1999 10 24 36719.3367 A
11264500 1999 10 25 36654.1676 A
11264500 1999 10 26 36673.0334 A
11264500 1999 10 27 36557.3378 A
11264500 1999 10 28 36646.8553 A
11264500 1999 10 29 36622.0736 A
11264500 1999 10 30 36500.9798 A
11264500 1999 10 31 36590.8971 A
11264500 1999 11 1 36498.5090 A
11264500 1999 11 2 36541.2571 A
11264500 1999 11 3 36475.2928 A
11264500 1999 11 4 36490.5800 A
11264500 1999 11 5 36475.4456 A
11264500 1999 11 6 36468.4888 A
11264500 1999 11 7 36437.7318 A
11264500 1999 11 8 36471.4637 A
11264500 1999 11 9 36421.2265 A
11264500 1999 11 10 36490.1644 A
11264500 1999 11 11 36417.0493 A
11264500 1999 11 12 36369.6698 A
11264500 1999 11 13 36461.4765 A
11264500 1999 11 14 36385.1086 A
11264500 1999 11 15 36360.7009 A
11264500 1999 11 16 36367.5725 A
11264500 1999 11 17 36414.2356 A
11264500 1999 11 18 36346.2623 A
11264500 1999 11 19 36406.0758 A
11264500 1999 11 20 36316.0448 A
11264500 1999 11 21 36296.7676 A
11264500 1999 11 22 36262.8617 A
11264500 1999 11 23 36270.3656 A
11264500 1999 11 24 36300.8970 A
11264500 1999 11 25 36293.9764 A
11264500 1999 11 26 36321.0798 A
11264500 1999 11 27 36235.4490 A
11264500 1999 11 28 36236.3161 A
11264500 1999 11 29 36233.3876 A
11264500 1999 11 30 36143.1754 A
11264500 1999 12 1 36187.0530 A
11264500 1999 12 2 36224.9150 A
11264500 1999 12 3 36144.5448 A
11264500 1999 12 4 36076.4582 A
11264500 1999 12 5 36136.1747 A
11264500 1999 12 6 36074.5940 A
11264500 1999 12 7 36123.5433 A
11264500 1999 12 8 36079.7652 A
11264500 1999 12 9 36110.7643 A
11264500 1999 12 10 36122.4780 A
11264500 1999 12 11 36095.8833 A
11264500 1999 12 12 36126.8206 A
11264500 1999 12 13 36079.5690 A
11264500 1999 12 14 36119.4514 A
11264500 1999 12 15 36140.5382 A
11264500 1999 12 16 36073.6634 A
11264500 1999 12 17 36081.7651 A
11264500 1999 12 18 36002.4424 A
11264500 1999 12 19 35997.9708 A
11264500 1999 12 20 36054.2888 A
11264500 1999 12 21 36046.3169 A
11264500 1999 12 22 35936.6369 A
11264500 1999 12 23 36032.8877 A
11264500 1999 12 24 35983.7850 A
11264500 1999 12 25 35956.4695 A
11264500 1999 12 26 36054.1712 A
11264500 1999 12 27 35938.5943 A
11264500 1999 12 28 35941.0933 A
11264500 1999 12 29 35940.1265 A
11264500 1999 12 30 35902.2526 A
11264500 1999 12 31 35927.1165 A
11264500 2000 1 1 35884.2217 A
11264500 2000 1 2 35883.8567 A
11264500 2000 1 3 35853.7628 A
11264500 2000 1 4 35942.2132 A
11264500 2000 1 5 35926.5776 A
11264500 2000 1 6 35868.1471 A
11264500 2000 1 7 35866.3735 A
11264500 2000 1 8 35907.0824 A
11264500 2000 1 9 35810.2677 A
11264500 2000 1 10 35814.7759 A
11264500 2000 1 11 35890.4406 A
11264500 2000 1 12 35822.5792 A
11264500 2000 1 13 35779.9709 A
11264500 2000 1 14 35860.4201 A
11264500 2000 1 15 35742.1008 A
11264500 2000 1 16 35762.0013 A
11264500 2000 1 17 35808.9272 A
11264500 2000 1 18 35752.5394 A
11264500 2000 1 19 35761.8184 A
11264500 2000 1 20 35738.4355 A
11264500 2000 1 21 35717.9404 A
11264500 2000 1 22 35776.1109 A
11264500 2000 1 23 35729.8257 A
11264500 2000 1 24 35710.4465 A
11264500 2000 1 25 35673.6053 A
11264500 2000 1 26 35684.4773 A
11264500 2000 1 27 35732.8626 A
11264500 2000 1 28 35732.8709 A
11264500 2000 1 29 35690.9888 A
11264500 2000 1 30 35646.5404 A
11264500 2000 1 31 35642.8602 A
11264500 2000 2 1 35678.5886 A
11264500 2000 2 2 35629.3559 A
11264500 2000 2 3 35614.9994 A
11264500 2000 2 4 35664.7205 A
11264500 2000 2 5 35696.9676 A
11264500 2000 2 6 35645.7271 A
11264500 2000 2 7 35616.3709 A
11264500 2000 2 8 35593.5216 A
11264500 2000 2 9 35641.3149 A
11264500 2000 2 10 35592.9659 A
11264500 2000 2 11 35570.3054 A
11264500 2000 2 12 35579.3176 A
11264500 2000 2 13 35610.1641 A
11264500 2000 2 14 35503.2083 A
11264500 2000 2 15 35520.9338 A
11264500 2000 2 16 35510.4592 A
11264500 2000 2 17 35548.3384 A
11264500 2000 2 18 35497.6126 A
11264500 2000 2 19 35461.3900 A
11264500 2000 2 20 35466.6351 A
11264500 2000 2 21 35526.0246 A
11264500 2000 2 22 35461.6369 A
11264500 2000 2 23 35429.3085 A
11264500 2000 2 24 35426.4205 A
11264500 2000 2 25 35399.4028 A
11264500 2000 2 26 35405.4214 A
11264500 2000 2 27 35399.8671 A
11264500 2000 2 28 35464.5655 A
11264500 2000 2 29 35443.3231 A
11264500 2000 3 1 35375.2187 A
11264500 2000 3 2 35412.6549 A
11264500 2000 3 3 35384.4024 A
11264500 2000 3 4 35318.7218 A
11264500 2000 3 5 35355.7227 A
11264500 2000 3 6 35364.8121 A
11264500 2000 3 7 35357.4192 A
11264500 2000 3 8 35288.7826 A
11264500 2000 3 9 35524.8116 A
11264500 2000 3 10 35372.8217 A
11264500 2000 3 11 35300.9445 A
11264500 2000 3 12 35535.1450 A
11264500 2000 3 13 35306.2691 A
11264500 2000 3 14 35344.0733 A
11264500 2000 3 15 35291.7717 A
11264500 2000 3 16 35250.3227 A
11264500 2000 3 17 35263.8909 A
11264500 2000 3 18 35317.0962 A
11264500 2000 3 19 35352.8013 A
11264500 2000 3 20 35242.3177 A
11264500 2000 3 21 35241.0960 A
11264500 2000 3 22 35265.8331 A
11264500 2000 3 23 35344.8012 A
11264500 2000 3 24 35294.4326 A
11264500 2000 3 25 35236.1226 A
11264500 2000 3 26 35271.8556 A
11264500 2000 3 27 35174.0115 A
11264500 2000 3 28 35247.1450 A
11264500 2000 3 29 35283.3037 A
11264500 2000 3 30 35264.3669 A
11264500 2000 3 31 35224.3165 A
11264500 2000 4 1 35153.8891 A
11264500 2000 4 2 35214.0723 A
11264500 2000 4 3 35173.1856 A
11264500 2000 4 4 35122.7018 A
11264500 2000 4 5 35131.3528 A
11264500 2000 4 6 35202.1679 A
11264500 2000 4 7 35178.3727 A
11264500 2000 4 8 35166.0412 A
11264500 2000 4 9 35137.1964 A
11264500 2000 4 10 35360.8398 A
11264500 2000 4 11 35263.8239 A
11264500 2000 4 12 35152.2384 A
11264500 2000 4 13 35083.8810 A
11264500 2000 4 14 35147.5331 A
11264500 2000 4 15 35673.5567 A
11264500 2000 4 16 35269.2388 A
11264500 2000 4 17 35328.9742 A
11264500 2000 4 18 35457.4515 A
11264500 2000 4 19 35309.0526 A
11264500 2000 4 20 35292.1719 A
11264500 2000 4 21 35322.2521 A
11264500 2000 4 22 35390.1070 A
11264500 2000 4 23 35428.5614 A
11264500 2000 4 24 36014.9666 A
11264500 2000 4 25 35797.7942 A
11264500 2000 4 26 35776.8347 A
11264500 2000 4 27 35938.8217 A
11264500 2000 4 28 36310.7305 A
11264500 2000 4 29 36169.7550 A
11264500 2000 4 30 36527.3252 A
11264500 2000 5 1 36145.0982 A
11264500 2000 5 2 36906.2503 A
11264500 2000 5 3 36801.9571 A
11264500 2000 5 4 36974.6291 A
11264500 2000 5 5 36944.2449 A
11264500 2000 5 6 36959.4805 A
11264500 2000 5 7 36819.5739 A
11264500 2000 5 8 37187.5779 A
11264500 2000 5 9 37622.7580 A
11264500 2000 5 10 37524.3754 A
11264500 2000 5 11 37461.3859 A
11264500 2000 5 12 37787.1094 A
11264500 2000 5 13 38095.7045 A
11264500 2000 5 14 38346.0501 A
11264500 2000 5 15 38486.6837 A
11264500 2000 5 16 39019.7951 A
11264500 2000 5 17 39427.7175 A
11264500 2000 5 18 39903.7222 A
11264500 2000 5 19 39255.1308 A
11264500 2000 5 20 39586.5501 A
11264500 2000 5 21 40362.7636 A
11264500 2000 5 22 40325.7521 A
11264500 2000 5 23 40870.2533 A
11264500 2000 5 24 41045.6716 A
11264500 2000 5 25 41755.3205 A
11264500 2000 5 26 41885.0407 A
11264500 2000 5 27 42181.0310 A
11264500 2000 5 28 42066.7410 A
11264500 2000 5 29 42463.6298 A
11264500 2000 5 30 42696.9470 A
11264500 2000 5 31 42719.5212 A
11264500 2000 6 1 43715.1178 A
11264500 2000 6 2 43899.2200 A
11264500 2000 6 3 43952.5948 A
11264500 2000 6 4 44865.4550 A
11264500 2000 6 5 43631.7142 A
11264500 2000 6 6 43453.7109 A
11264500 2000 6 7 43214.0222 A
11264500 2000 6 8 43228.5939 A
11264500 2000 6 9 43878.0616 A
11264500 2000 6 10 43279.5896 A
11264500 2000 6 11 43520.4547 A
11264500 2000 6 12 43493.2413 A
11264500 2000 6 13 43477.7810 A
11264500 2000 6 14 43527.8200 A
11264500 2000 6 15 43375.8354 A
11264500 2000 6 16 43408.4188 A
11264500 2000 6 17 43671.8864 A
11264500 2000 6 18 43576.6777 A
11264500 2000 6 19 43451.2850 A
11264500 2000 6 20 43440.7454 A
11264500 2000 6 21 43698.5842 A
11264500 2000 6 22 43440.7917 A
11264500 2000 6 23 43453.8484 A
11264500 2000 6 24 43384.4514 A
11264500 2000 6 25 43594.7844 A
11264500 2000 6 26 43637.5457 A
11264500 2000 6 27 43508.2281 A
11264500 2000 6 28 43650.1340 A
11264500 2000 6 29 43564.6614 A
11264500 2000 6 30 43556.7486 A
11264500 2000 7 1 43730.0919 A
11264500 2000 7 2 43518.1088 A
11264500 2000 7 3 43512.1039 A
11264500 2000 7 4 43559.7157 A
11264500 2000 7 5 43514.3322 A
11264500 2000 7 6 43476.6079 A
11264500 2000 7 7 43847.9227 A
11264500 2000 7 8 43500.3522 A
11264500 2000 7 9 43719.7794 A
11264500 2000 7 10 43473.7782 A
11264500 2000 7 11 43528.2806 A
11264500 2000 7 12 43698.2622 A
11264500 2000 7 13 43594.0218 A
11264500 2000 7 14 43573.4509 A
11264500 2000 7 15 43545.2527 A
11264500 2000 7 16 43530.7666 A
11264500 2000 7 17 43514.6225 A
11264500 2000 7 18 43561.3287 A
11264500 2000 7 19 43606.0790 A
11264500 2000 7 20 43489.9074 A
11264500 2000 7 21 43494.2757 A
11264500 2000 7 22 43577.1067 A
11264500 2000 7 23 43510.5910 A
11264500 2000 7 24 43558.8075 A
11264500 2000 7 25 43798.7730 A
11264500 2000 7 26 43540.3854 A
11264500 2000 7 27 43560.2315 A
11264500 2000 7 28 43811.8086 A
11264500 2000 7 29 43661.9930 A
11264500 2000 7 30 43526.0497 A
11264500 2000 7 31 43507.0581 A
11264500 2000 8 1 43525.2479 A
11264500 2000 8 2 43536.7577 A
11264500 2000 8 3 43754.9524 A
11264500 2000 8 4 43642.3823 A
11264500 2000 8 5 43687.1768 A
11264500 2000 8 6 43573.9805 A
11264500 2000 8 7 43555.8164 A
11264500 2000 8 8 43525.7124 A
11264500 2000 8 9 43566.5781 A
11264500 2000 8 10 43670.7233 A
11264500 2000 8 11 43682.5469 A
11264500 2000 8 12 43690.9954 A
11264500 2000 8 13 44014.4717 A
11264500 2000 8 14 43590.0453 A
11264500 2000 8 15 43626.9333 A
11264500 2000 8 16 43580.3162 A
11264500 2000 8 17 43725.2833 A
11264500 2000 8 18 43609.0887 A
11264500 2000 8 19 43741.5658 A
11264500 2000 8 20 43590.2132 A
11264500 2000 8 21 43576.1355 A
11264500 2000 8 22 43628.3461 A
11264500 2000 8 23 43546.5256 A
11264500 2000 8 24 43535.4244 A
11264500 2000 8 25 43617.8334 A
11264500 2000 8 26 43567.6233 A
11264500 2000 8 27 43529.9736 A
11264500 2000 8 28 43535.2398 A
11264500 2000 8 29 43566.5575 A
11264500 2000 8 30 43532.3001 A
11264500 2000 8 31 43451.4489 A
11264500 2000 9 1 43629.8434 A
11264500 2000 9 2 43577.2108 A
11264500 2000 9 3 43564.5679 A
11264500 2000 9 4 43448.5738 A
11264500 2000 9 5 43480.3660 A
11264500 2000 9 6 43569.6999 A
11264500 2000 9 7 43454.5278 A
11264500 2000 9 8 43484.1915 A
11264500 2000 9 9 43525.4731 A
11264500 2000 9 10 43550.6393 A
11264500 2000 9 11 43534.9814 A
11264500 2000 9 12 43555.0103 A
11264500 2000 9 13 43495.5151 A
11264500 2000 9 14 43530.6190 A
11264500 2000 9 15 43450.4416 A
11264500 2000 9 16 43450.8826 A
11264500 2000 9 17 43447.5119 A
11264500 2000 9 18 43378.4922 A
11264500 2000 9 19 43456.8873 A
11264500 2000 9 20 43420.8761 A
11264500 2000 9 21 43633.7406 A
11264500 2000 9 22 43457.9575 A
11264500 2000 9 23 43440.0046 A
11264500 2000 9 24 43442.6735 A
11264500 2000 9 25 43495.6723 A
11264500 2000 9 26 43472.0944 A
11264500 2000 9 27 43440.7954 A
11264500 2000 9 28 43412.4474 A
11264500 2000 9 29 43407.5731 A
11264500 2000 9 30 43493.9771 A
11264500 2000 10 1 43347.7687 A
11264500 2000 10 2 43385.3615 A
11264500 2000 10 3 43325.8568 A
11264500 2000 10 4 43312.4154 A
11264500 2000 10 5 43464.1104 A
11264500 2000 10 6 43454.3531 A
11264500 2000 10 7 43432.9833 A
11264500 2000 10 8 43839.5000 A
11264500 2000 10 9 43488.2893 A
11264500 2000 10 10 43601.8661 A
11264500 2000 10 11 43468.4270 A
11264500 2000 10 12 43468.7194 A
11264500 2000 10 13 43555.5867 A
11264500 2000 10 14 43448.1364 A
11264500 2000 10 15 43396.0663 A
11264500 2000 10 16 43564.6137 A
11264500 2000 10 17 43496.5787 A
11264500 2000 10 18 43498.5861 A
11264500 2000 10 19 43416.9834 A
11264500 2000 10 20 43527.5447 A
11264500 2000 10 21 43461.1188 A
11264500 2000 10 22 43457.5717 A
11264500 2000 10 23 43445.9742 A
11264500 2000 10 24 43453.8768 A
11264500 2000 10 25 43384.1040 A
11264500 2000 10 26 43617.1983 A
11264500 2000 10 27 43401.4788 A
11264500 2000 10 28 43379.5939 A
11264500 2000 10 29 43577.2600 A
11264500 2000 10 30 43380.0404 A
11264500 2000 10 31 43357.9866 A
11264500 2000 11 1 43417.6949 A
11264500 2000 11 2 43404.2933 A
11264500 2000 11 3 43377.7811 A
11264500 2000 11 4 43360.3500 A
11264500 2000 11 5 43331.0509 A
11264500 2000 11 6 43562.5010 A
11264500 2000 11 7 43340.7237 A
11264500 2000 11 8 43335.1020 A
11264500 2000 11 9 43316.4842 A
11264500 2000 11 10 43257.9950 A
11264500 2000 11 11 43275.5714 A
11264500 2000 11 12 43276.2056 A
11264500 2000 11 13 43273.0465 A
11264500 2000 11 14 43274.7422 A
11264500 2000 11 15 43214.4760 A
11264500 2000 11 16 43269.8152 A
11264500 2000 11 17 43229.0314 A
11264500 2000 11 18 43246.2880 A
11264500 2000 11 19 43241.7523 A
11264500 2000 11 20 43206.3907 A
11264500 2000 11 21 43212.2377 A
11264500 2000 11 22 43145.7020 A
11264500 2000 11 23 43098.4848 A
11264500 2000 11 24 43108.5123 A
11264500 2000 11 25 43129.6267 A
11264500 2000 11 26 43116.2315 A
11264500 2000 11 27 43124.0311 A
11264500 2000 11 28 43125.8426 A
11264500 2000 11 29 43113.7356 A
11264500 2000 11 30 43093.6586 A
11264500 2000 12 1 43047.6722 A
11264500 2000 12 2 43039.2183 A
11264500 2000 12 3 43011.1746 A
11264500 2000 12 4 43036.2749 A
11264500 2000 12 5 43009.7385 A
11264500 2000 12 6 43005.3866 A
11264500 2000 12 7 42957.6842 A
11264500 2000 12 8 43016.5754 A
11264500 2000 12 9 43147.6980 A
11264500 2000 12 10 42935.0642 A
11264500 2000 12 11 42985.1031 A
11264500 2000 12 12 42952.9450 A
11264500 2000 12 13 42940.2794 A
11264500 2000 12 14 42963.1746 A
11264500 2000 12 15 42853.4497 A
11264500 2000 12 16 42916.0820 A
11264500 2000 12 17 42912.6191 A
11264500 2000 12 18 42952.8753 A
11264500 2000 12 19 42870.3034 A
11264500 2000 12 20 42857.9054 A
11264500 2000 12 21 42856.2138 A
11264500 2000 12 22 42794.4770 A
11264500 2000 12 23 42828.6862 A
11264500 2000 12 24 42783.3077 A
11264500 2000 12 25 42803.4523 A
11264500 2000 12 26 42746.0838 A
11264500 2000 12 27 42740.9435 A
11264500 2000 12 28 42738.4879 A
11264500 2000 12 29 42755.8679 A
11264500 2000 12 30 42809.4658 A
11264500 2000 12 31 42789.8622 A
11264500 2001 1 1 42734.2839 A
11264500 2001 1 2 42793.2803 A
11264500 2001 1 3 42727.5832 A
11264500 2001 1 4 42703.0930 A
11264500 2001 1 5 42736.5424 A
11264500 2001 1 6 42688.5205 A
11264500 2001 1 7 42725.8791 A
11264500 2001 1 8 42630.9307 A
11264500 2001 1 9 42668.6417 A
11264500 2001 1 10 42669.6666 A
11264500 2001 1 11 42669.1202 A
11264500 2001 1 12 42642.9416 A
11264500 2001 1 13 42564.5450 A
11264500 2001 1 14 42620.5457 A
11264500 2001 1 15 42656.4211 A
11264500 2001 1 16 42608.7083 A
11264500 2001 1 17 42590.8456 A
11264500 2001 1 18 42626.8555 A
11264500 2001 1 19 42596.3875 A
11264500 2001 1 20 42583.3598 A
11264500 2001 1 21 42565.4851 A
11264500 2001 1 22 42522.4386 A
11264500 2001 1 23 42491.2173 A
11264500 2001 1 24 42533.2378 A
11264500 2001 1 25 42487.4140 A
11264500 2001 1 26 42572.8218 A
11264500 2001 1 27 42459.3103 A
11264500 2001 1 28 42587.4075 A
11264500 2001 1 29 42551.7118 A
11264500 2001 1 30 42549.6035 A
11264500 2001 1 31 42484.5727 A
11264500 2001 2 1 42501.2541 A
11264500 2001 2 2 42525.9860 A
11264500 2001 2 3 42480.4912 A
11264500 2001 2 4 42492.1248 A
11264500 2001 2 5 42453.3971 A
11264500 2001 2 6 42481.3219 A
11264500 2001 2 7 42442.2671 A
11264500 2001 2 8 42485.6000 A
11264500 2001 2 9 42476.5750 A
11264500 2001 2 10 42565.5896 A
11264500 2001 2 11 42464.7397 A
11264500 2001 2 12 42537.3418 A
11264500 2001 2 13 42441.3559 A
11264500 2001 2 14 42523.7878 A
11264500 2001 2 15 42414.3055 A
11264500 2001 2 16 42461.6224 A
11264500 2001 2 17 42483.6489 A
11264500 2001 2 18 42497.6144 A
11264500 2001 2 19 42569.8118 A
11264500 2001 2 20 42455.6168 A
11264500 2001 2 21 42469.0353 A
11264500 2001 2 22 42406.4777 A
11264500 2001 2 23 42450.1303 A
11264500 2001 2 24 42372.1094 A
11264500 2001 2 25 42563.6566 A
11264500 2001 2 26 42439.2588 A
11264500 2001 2 27 42533.8254 A
11264500 2001 2 28 42385.1498 A
11264500 2001 3 1 42476.0143 A
11264500 2001 3 2 42382.6081 A
11264500 2001 3 3 42396.9251 A
11264500 2001 3 4 42408.8018 A
11264500 2001 3 5 42453.5057 A
11264500 2001 3 6 42325.6186 A
11264500 2001 3 7 42280.9300 A
11264500 2001 3 8 42318.1679 A
11264500 2001 3 9 42323.5958 A
11264500 2001 3 10 42205.2654 A
11264500 2001 3 11 42309.9371 A
11264500 2001 3 12 42230.4713 A
11264500 2001 3 13 42293.7252 A
11264500 2001 3 14 42185.0052 A
11264500 2001 3 15 42186.9885 A
11264500 2001 3 16 42245.4274 A
11264500 2001 3 17 42309.9091 A
11264500 2001 3 18 42209.8828 A
11264500 2001 3 19 42276.1034 A
11264500 2001 3 20 42174.7747 A
11264500 2001 3 21 42138.1601 A
11264500 2001 3 22 42156.9752 A
11264500 2001 3 23 42198.1377 A
11264500 2001 3 24 42208.2874 A
11264500 2001 3 25 42117.5521 A
11264500 2001 3 26 42157.9699 A
11264500 2001 3 27 42174.1451 A
11264500 2001 3 28 42185.2410 A
11264500 2001 3 29 42122.3523 A
11264500 2001 3 30 42099.6479 A
11264500 2001 3 31 42211.4697 A
11264500 2001 4 1 42088.7578 A
11264500 2001 4 2 42068.9764 A
11264500 2001 4 3 42010.8808 A
11264500 2001 4 4 42062.8406 A
11264500 2001 4 5 42126.8881 A
11264500 2001 4 6 42063.1909 A
11264500 2001 4 7 42020.2425 A
11264500 2001 4 8 42018.4845 A
11264500 2001 4 9 42555.4749 A
11264500 2001 4 10 42150.4868 A
11264500 2001 4 11 42232.3743 A
11264500 2001 4 12 42190.2854 A
11264500 2001 4 13 42128.9587 A
11264500 2001 4 14 42061.7305 A
11264500 2001 4 15 42405.8943 A
11264500 2001 4 16 42297.9323 A
11264500 2001 4 17 42346.9455 A
11264500 2001 4 18 42221.6728 A
11264500 2001 4 19 42503.5229 A
11264500 2001 4 20 42470.1366 A
11264500 2001 4 21 42463.3557 A
11264500 2001 4 22 42602.3065 A
11264500 2001 4 23 42525.0889 A
11264500 2001 4 24 42563.7574 A
11264500 2001 4 25 42794.2188 A
11264500 2001 4 26 42687.5753 A
11264500 2001 4 27 43438.1643 A
11264500 2001 4 28 43353.7129 A
11264500 2001 4 29 42999.4379 A
11264500 2001 4 30 43832.9100 A
11264500 2001 5 1 43450.1196 A
11264500 2001 5 2 43705.0980 A
11264500 2001 5 3 44052.9984 A
11264500 2001 5 4 43484.2582 A
11264500 2001 5 5 43981.6681 A
11264500 2001 5 6 44108.6451 A
11264500 2001 5 7 44372.8440 A
11264500 2001 5 8 44593.8336 A
11264500 2001 5 9 44609.5111 A
11264500 2001 5 10 44834.2542 A
11264500 2001 5 11 45400.9326 A
11264500 2001 5 12 45369.8753 A
11264500 2001 5 13 45501.5511 A
11264500 2001 5 14 45743.0606 A
11264500 2001 5 15 46568.6267 A
11264500 2001 5 16 46275.2858 A
11264500 2001 5 17 46330.3075 A
11264500 2001 5 18 46120.6043 A
11264500 2001 5 19 46455.6418 A
11264500 2001 5 20 46928.6555 A
11264500 2001 5 21 47182.7770 A
11264500 2001 5 22 47290.1939 A
11264500 2001 5 23 47771.5930 A
11264500 2001 5 24 47824.3244 A
11264500 2001 5 25 47891.7477 A
11264500 2001 5 26 48648.6207 A
11264500 2001 5 27 49098.2392 A
11264500 2001 5 28 48784.2470 A
11264500 2001 5 29 49365.0436 A
11264500 2001 5 30 49086.1748 A
11264500 2001 5 31 49377.2380 A
11264500 2001 6 1 49830.9648 A
11264500 2001 6 2 51023.8068 A
11264500 2001 6 3 50500.6017 A
11264500 2001 6 4 50764.4690 A
11264500 2001 6 5 51275.4353 A
11264500 2001 6 6 51682.5143 A
11264500 2001 6 7 51830.3302 A
11264500 2001 6 8 51288.3945 A
11264500 2001 6 9 50706.9177 A
11264500 2001 6 10 51023.4432 A
11264500 2001 6 11 50980.4803 A
11264500 2001 6 12 50803.4120 A
11264500 2001 6 13 51030.1537 A
11264500 2001 6 14 50809.4389 A
11264500 2001 6 15 50790.8099 A
11264500 2001 6 16 50753.5635 A
11264500 2001 6 17 50784.2678 A
11264500 2001 6 18 50992.8997 A
11264500 2001 6 19 50912.6180 A
11264500 2001 6 20 50765.1024 A
11264500 2001 6 21 50845.7668 A
11264500 2001 6 22 50955.9051 A
11264500 2001 6 23 50797.8046 A
11264500 2001 6 24 50822.5555 A
11264500 2001 6 25 51187.8252 A
11264500 2001 6 26 50917.5086 A
11264500 2001 6 27 50847.6655 A
11264500 2001 6 28 50824.8914 A
11264500 2001 6 29 50838.2606 A
11264500 2001 6 30 51000.5342 A
11264500 2001 7 1 50820.2452 A
11264500 2001 7 2 50804.0594 A
11264500 2001 7 3 51270.9564 A
11264500 2001 7 4 50883.1512 A
11264500 2001 7 5 50850.1538 A
11264500 2001 7 6 50871.0083 A
11264500 2001 7 7 51005.2244 A
11264500 2001 7 8 50999.3417 A
11264500 2001 7 9 50878.9466 A
11264500 2001 7 10 50877.5372 A
11264500 2001 7 11 50963.6046 A
11264500 2001 7 12 50845.8605 A
11264500 2001 7 13 50915.5688 A
11264500 2001 7 14 50924.2718 A
11264500 2001 7 15 50855.4324 A
11264500 2001 7 16 50881.9618 A
11264500 2001 7 17 50910.1658 A
11264500 2001 7 18 50881.2321 A
11264500 2001 7 19 50869.7709 A
11264500 2001 7 20 51096.1831 A
11264500 2001 7 21 51038.8865 A
11264500 2001 7 22 50887.6114 A
11264500 2001 7 23 50914.6809 A
11264500 2001 7 24 50908.2742 A
11264500 2001 7 25 51002.0996 A
11264500 2001 7 26 50950.5681 A
11264500 2001 7 27 50853.0185 A
11264500 2001 7 28 50901.1132 A
11264500 2001 7 29 50865.2379 A
11264500 2001 7 30 50968.8790 A
11264500 2001 7 31 51009.7840 A
11264500 2001 8 1 50983.2382 A
11264500 2001 8 2 51113.0809 A
11264500 2001 8 3 50954.7193 A
11264500 2001 8 4 50914.7000 A
11264500 2001 8 5 50945.4602 A
11264500 2001 8 6 50924.5501 A
11264500 2001 8 7 50919.6381 A
11264500 2001 8 8 50860.4019 A
11264500 2001 8 9 50973.9008 A
11264500 2001 8 10 50884.8823 A
11264500 2001 8 11 50955.7496 A
11264500 2001 8 12 50927.2748 A
11264500 2001 8 13 51002.6057 A
11264500 2001 8 14 50895.4922 A
11264500 2001 8 15 50929.5564 A
11264500 2001 8 16 50799.6927 A
11264500 2001 8 17 50884.8837 A
11264500 2001 8 18 50888.9215 A
11264500 2001 8 19 50834.5727 A
11264500 2001 8 20 50809.8971 A
11264500 2001 8 21 50875.1014 A
11264500 2001 8 22 50785.1941 A
11264500 2001 8 23 50874.6821 A
11264500 2001 8 24 50977.5603 A
11264500 2001 8 25 50855.3455 A
11264500 2001 8 26 50815.2230 A
11264500 2001 8 27 50719.8318 A
11264500 2001 8 28 50764.7852 A
11264500 2001 8 29 50745.3075 A
11264500 2001 8 30 50758.1527 A
11264500 2001 8 31 50738.6911 A
11264500 2001 9 1 50768.3751 A
11264500 2001 9 2 50694.9191 A
11264500 2001 9 3 50734.9211 A
11264500 2001 9 4 50699.2325 A
11264500 2001 9 5 50666.6343 A
11264500 2001 9 6 50691.8445 A
11264500 2001 9 7 50677.4803 A
11264500 2001 9 8 50721.9611 A
11264500 2001 9 9 50650.1619 A
11264500 2001 9 10 50628.0962 A
11264500 2001 9 11 50666.5135 A
11264500 2001 9 12 50645.4087 A
11264500 2001 9 13 50708.2265 A
11264500 2001 9 14 50746.6124 A
11264500 2001 9 15 50653.5099 A
11264500 2001 9 16 50602.7897 A
11264500 2001 9 17 50596.0861 A
11264500 2001 9 18 50654.9379 A
11264500 2001 9 19 50635.0685 A
11264500 2001 9 20 50573.4064 A
11264500 2001 9 21 50580.0431 A
11264500 2001 9 22 50583.3087 A
11264500 2001 9 23 50576.4030 A
11264500 2001 9 24 50554.0336 A
11264500 2001 9 25 50688.1052 A
11264500 2001 9 26 50560.2702 A
11264500 2001 9 27 50585.9837 A
11264500 2001 9 28 50589.1619 A
11264500 2001 9 29 50678.5324 A
11264500 2001 9 30 50584.0404 A
11264500 2001 10 1 50604.8422 A
11264500 2001 10 2 50604.0849 A
11264500 2001 10 3 50514.4120 A
11264500 2001 10 4 50501.5664 A
11264500 2001 10 5 50557.4981 A
11264500 2001 10 6 50542.4660 A
11264500 2001 10 7 50512.8791 A
11264500 2001 10 8 50815.9609 A
11264500 2001 10 9 50757.8895 A
11264500 2001 10 10 50633.9635 A
11264500 2001 10 11 50700.0851 A
11264500 2001 10 12 50580.6597 A
11264500 2001 10 13 50607.7808 A
11264500 2001 10 14 50736.8178 A
11264500 2001 10 15 50555.9123 A
11264500 2001 10 16 50646.6610 A
11264500 2001 10 17 50604.1348 A
11264500 2001 10 18 50492.6723 A
11264500 2001 10 19 50862.3162 A
11264500 2001 10 20 50566.1584 A
11264500 2001 10 21 50576.5566 A
11264500 2001 10 22 50628.7198 A
11264500 2001 10 23 50617.6618 A
11264500 2001 10 24 50576.0562 A
11264500 2001 10 25 50550.5141 A
11264500 2001 10 26 50820.0698 A
11264500 2001 10 27 50503.1819 A
11264500 2001 10 28 50595.9778 A
11264500 2001 10 29 50562.1810 A
11264500 2001 10 30 50529.4499 A
11264500 2001 10 31 50569.2500 A
11264500 2001 11 1 50671.8609 A
11264500 2001 11 2 50488.7640 A
11264500 2001 11 3 50541.0510 A
11264500 2001 11 4 50490.9586 A
11264500 2001 11 5 50501.6065 A
11264500 2001 11 6 50497.9444 A
11264500 2001 11 7 50492.3693 A
11264500 2001 11 8 50473.8319 A
11264500 2001 11 9 50447.0153 A
11264500 2001 11 10 50430.7956 A
11264500 2001 11 11 50408.3883 A
11264500 2001 11 12 50407.0123 A
11264500 2001 11 13 50488.8007 A
11264500 2001 11 14 50356.1712 A
11264500 2001 11 15 50384.7109 A
11264500 2001 11 16 50396.1301 A
11264500 2001 11 17 50375.2167 A
11264500 2001 11 18 50384.8788 A
11264500 2001 11 19 50392.1672 A
11264500 2001 11 20 50282.9972 A
11264500 2001 11 21 50268.3222 A
11264500 2001 11 22 50326.6113 A
11264500 2001 11 23 50339.4116 A
11264500 2001 11 24 50273.3186 A
11264500 2001 11 25 50356.4786 A
11264500 2001 11 26 50386.8568 A
11264500 2001 11 27 50265.9749 A
11264500 2001 11 28 50245.2819 A
11264500 2001 11 29 50226.2239 A
11264500 2001 11 30 50281.1706 A
11264500 2001 12 1 50269.5971 A
11264500 2001 12 2 50193.4691 A
11264500 2001 12 3 50182.6763 A
11264500 2001 12 4 50230.9360 A
11264500 2001 12 5 50173.5908 A
11264500 2001 12 6 50223.1544 A
11264500 2001 12 7 50145.5670 A
11264500 2001 12 8 50119.5189 A
11264500 2001 12 9 50186.1981 A
11264500 2001 12 10 50103.4730 A
11264500 2001 12 11 50127.1611 A
11264500 2001 12 12 50055.4675 A
11264500 2001 12 13 50112.7938 A
11264500 2001 12 14 50157.1911 A
11264500 2001 12 15 50016.6456 A
11264500 2001 12 16 50036.2296 A
11264500 2001 12 17 50130.7585 A
11264500 2001 12 18 50048.9095 A
11264500 2001 12 19 50058.3337 A
11264500 2001 12 20 49990.7630 A
11264500 2001 12 21 49987.0429 A
11264500 2001 12 22 50004.6716 A
11264500 2001 12 23 49949.6345 A
11264500 2001 12 24 50084.2906 A
11264500 2001 12 25 49938.0990 A
11264500 2001 12 26 50005.5515 A
11264500 2001 12 27 49923.8012 A
11264500 2001 12 28 49981.9490 A
11264500 2001 12 29 49956.3492 A
11264500 2001 12 30 49964.4701 A
11264500 2001 12 31 49940.5793 A
11264500 2002 1 1 49899.5809 A
11264500 2002 1 2 49888.1151 A
11264500 2002 1 3 49979.6430 A
11264500 2002 1 4 49926.2676 A
11264500 2002 1 5 49881.9316 A
11264500 2002 1 6 49880.2154 A
11264500 2002 1 7 49878.6554 A
11264500 2002 1 8 49887.3158 A
11264500 2002 1 9 49869.8066 A
11264500 2002 1 10 49837.4690 A
11264500 2002 1 11 49849.0480 A
11264500 2002 1 12 49899.3866 A
11264500 2002 1 13 49829.1786 A
11264500 2002 1 14 49776.2738 A
11264500 2002 1 15 49790.5141 A
11264500 2002 1 16 49806.4808 A
11264500 2002 1 17 49771.2623 A
11264500 2002 1 18 49696.9258 A
11264500 2002 1 19 49732.0908 A
11264500 2002 1 20 49737.1501 A
11264500 2002 1 21 49738.5820 A
11264500 2002 1 22 49767.9862 A
11264500 2002 1 23 49787.1272 A
11264500 2002 1 24 49725.8326 A
11264500 2002 1 25 49656.0158 A
11264500 2002 1 26 49721.3930 A
11264500 2002 1 27 49692.2362 A
11264500 2002 1 28 49723.2528 A
11264500 2002 1 29 49773.9557 A
11264500 2002 1 30 49659.4002 A
11264500 2002 1 31 49725.0717 A
11264500 2002 2 1 49673.1634 A
11264500 2002 2 2 49659.6414 A
11264500 2002 2 3 49578.5016 A
11264500 2002 2 4 49670.3752 A
11264500 2002 2 5 49614.7765 A
11264500 2002 2 6 49686.2913 A
11264500 2002 2 7 49647.1930 A
11264500 2002 2 8 49609.8870 A
11264500 2002 2 9 49759.7289 A
11264500 2002 2 10 49641.3731 A
11264500 2002 2 11 49635.6441 A
11264500 2002 2 12 49609.8457 A
11264500 2002 2 13 49666.1244 A
11264500 2002 2 14 49615.4238 A
11264500 2002 2 15 49663.3980 A
11264500 2002 2 16 49527.2291 A
11264500 2002 2 17 49599.7053 A
11264500 2002 2 18 49576.0928 A
11264500 2002 2 19 49541.7250 A
11264500 2002 2 20 49534.2618 A
11264500 2002 2 21 49474.7035 A
11264500 2002 2 22 49536.5531 A
11264500 2002 2 23 49597.5757 A
11264500 2002 2 24 49518.1517 A
11264500 2002 2 25 49521.8750 A
11264500 2002 2 26 49485.9729 A
11264500 2002 2 27 49483.1845 A
11264500 2002 2 28 49649.9523 A
11264500 2002 3 1 49603.9415 A
11264500 2002 3 2 49655.9436 A
11264500 2002 3 3 49482.3027 A
11264500 2002 3 4 49472.1686 A
11264500 2002 3 5 49556.1901 A
11264500 2002 3 6 49536.7376 A
11264500 2002 3 7 49534.5112 A
11264500 2002 3 8 49433.1660 A
11264500 2002 3 9 49537.7000 A
11264500 2002 3 10 49520.9796 A
11264500 2002 3 11 49473.3050 A
11264500 2002 3 12 49433.5263 A
11264500 2002 3 13 49413.9319 A
11264500 2002 3 14 49390.3386 A
11264500 2002 3 15 49486.9655 A
11264500 2002 3 16 49456.2143 A
11264500 2002 3 17 49473.6065 A
11264500 2002 3 18 49359.8425 A
11264500 2002 3 19 49299.8194 A
11264500 2002 3 20 49366.1293 A
11264500 2002 3 21 49396.5413 A
11264500 2002 3 22 49305.7414 A
11264500 2002 3 23 49392.3036 A
11264500 2002 3 24 49277.9625 A
11264500 2002 3 25 49362.8389 A
11264500 2002 3 26 49338.5599 A
11264500 2002 3 27 49359.7016 A
11264500 2002 3 28 49373.9384 A
11264500 2002 3 29 49231.3617 A
11264500 2002 3 30 49334.8420 A
11264500 2002 3 31 49228.5299 A
11264500 2002 4 1 49295.8581 A
11264500 2002 4 2 49249.7786 A
11264500 2002 4 3 49263.3563 A
11264500 2002 4 4 49249.1275 A
11264500 2002 4 5 49212.2105 A
11264500 2002 4 6 49227.6829 A
11264500 2002 4 7 49235.1570 A
11264500 2002 4 8 49173.8741 A
11264500 2002 4 9 49291.0602 A
11264500 2002 4 10 49132.7662 A
11264500 2002 4 11 49430.9232 A
11264500 2002 4 12 49393.6123 A
11264500 2002 4 13 49290.4067 A
11264500 2002 4 14 49220.9354 A
11264500 2002 4 15 49252.6169 A
11264500 2002 4 16 49306.3081 A
11264500 2002 4 17 49251.0099 A
11264500 2002 4 18 49238.4649 A
11264500 2002 4 19 49924.5822 A
11264500 2002 4 20 49561.5571 A
11264500 2002 4 21 49688.9579 A
11264500 2002 4 22 49862.7472 A
11264500 2002 4 23 49798.1060 A
11264500 2002 4 24 50504.9494 A
11264500 2002 4 25 49856.3460 A
11264500 2002 4 26 49928.3762 A
11264500 2002 4 27 49944.0823 A
11264500 2002 4 28 50697.5445 A
11264500 2002 4 29 50690.3014 A
11264500 2002 4 30 50440.2670 A
11264500 2002 5 1 50420.0756 A
11264500 2002 5 2 51105.5375 A
11264500 2002 5 3 51051.6773 A
11264500 2002 5 4 51459.1005 A
11264500 2002 5 5 51331.0071 A
11264500 2002 5 6 51616.9161 A
11264500 2002 5 7 51748.6608 A
11264500 2002 5 8 51716.8638 A
11264500 2002 5 9 51915.7052 A
11264500 2002 5 10 51860.2329 A
11264500 2002 5 11 52385.9490 A
11264500 2002 5 12 52663.1360 A
11264500 2002 5 13 52967.8415 A
11264500 2002 5 14 53113.4350 A
11264500 2002 5 15 53214.0946 A
11264500 2002 5 16 53898.7991 A
11264500 2002 5 17 53945.9809 A
11264500 2002 5 18 54405.4904 A
11264500 2002 5 19 54690.3174 A
11264500 2002 5 20 54600.8685 A
11264500 2002 5 21 54962.3029 A
11264500 2002 5 22 55363.0700 A
11264500 2002 5 23 55096.6777 A
11264500 2002 5 24 55258.5098 A
11264500 2002 5 25 55455.6527 A
11264500 2002 5 26 55962.2366 A
11264500 2002 5 27 56228.3466 A
11264500 2002 5 28 56186.7925 A
11264500 2002 5 29 56887.6236 A
11264500 2002 5 30 57035.0481 A
11264500 2002 5 31 57734.8994 A
11264500 2002 6 1 58481.5127 A
11264500 2002 6 2 58333.0248 A
11264500 2002 6 3 58387.4133 A
11264500 2002 6 4 58465.0206 A
11264500 2002 6 5 57847.3414 A
11264500 2002 6 6 57555.1431 A
11264500 2002 6 7 57460.1574 A
11264500 2002 6 8 57828.5602 A
11264500 2002 6 9 57594.8216 A
11264500 2002 6 10 57747.9597 A
11264500 2002 6 11 57532.4885 A
11264500 2002 6 12 57798.0539 A
11264500 2002 6 13 57729.1446 A
11264500 2002 6 14 57644.1552 A
11264500 2002 6 15 57765.1755 A
11264500 2002 6 16 58002.4319 A
11264500 2002 6 17 57653.3184 A
11264500 2002 6 18 57671.7842 A
11264500 2002 6 19 57686.7372 A
11264500 2002 6 20 57735.8628 A
11264500 2002 6 21 57846.3065 A
11264500 2002 6 22 57789.1775 A
11264500 2002 6 23 57773.3116 A
11264500 2002 6 24 57781.6485 A
11264500 2002 6 25 58044.1625 A
11264500 2002 6 26 57893.7251 A
11264500 2002 6 27 57829.8949 A
11264500 2002 6 28 57816.8173 A
11264500 2002 6 29 57878.4985 A
11264500 2002 6 30 57893.1263 A
11264500 2002 7 1 57795.5759 A
11264500 2002 7 2 57909.1181 A
11264500 2002 7 3 57820.0394 A
11264500 2002 7 4 57857.5113 A
11264500 2002 7 5 58334.6266 A
11264500 2002 7 6 57967.6534 A
11264500 2002 7 7 57939.4296 A
11264500 2002 7 8 57912.4098 A
11264500 2002 7 9 58042.8997 A
11264500 2002 7 10 57976.3142 A
11264500 2002 7 11 57855.8254 A
11264500 2002 7 12 57927.6303 A
11264500 2002 7 13 57949.6531 A
11264500 2002 7 14 57874.3958 A
11264500 2002 7 15 57917.6721 A
11264500 2002 7 16 58000.5035 A
11264500 2002 7 17 58033.3420 A
11264500 2002 7 18 57874.5699 A
11264500 2002 7 19 57943.0875 A
11264500 2002 7 20 57942.5145 A
11264500 2002 7 21 57849.5688 A
11264500 2002 7 22 57942.0888 A
11264500 2002 7 23 57970.6914 A
11264500 2002 7 24 57913.9216 A
11264500 2002 7 25 58000.7749 A
11264500 2002 7 26 57956.7340 A
11264500 2002 7 27 57900.1571 A
11264500 2002 7 28 57849.3043 A
11264500 2002 7 29 57894.5432 A
11264500 2002 7 30 57854.9210 A
11264500 2002 7 31 57812.6214 A
11264500 2002 8 1 57900.1584 A
11264500 2002 8 2 57869.4458 A
11264500 2002 8 3 57753.2687 A
11264500 2002 8 4 57782.6436 A
11264500 2002 8 5 57940.0624 A
11264500 2002 8 6 57902.6755 A
11264500 2002 8 7 57960.2804 A
11264500 2002 8 8 57757.4975 A
11264500 2002 8 9 57910.4594 A
11264500 2002 8 10 57885.8787 A
11264500 2002 8 11 57764.5146 A
11264500 2002 8 12 57811.0060 A
11264500 2002 8 13 57897.0930 A
11264500 2002 8 14 57751.6269 A
11264500 2002 8 15 57875.1566 A
11264500 2002 8 16 57830.0260 A
11264500 2002 8 17 57817.4425 A
11264500 2002 8 18 57808.7742 A
11264500 2002 8 19 57710.8078 A
11264500 2002 8 20 57778.7456 A
11264500 2002 8 21 57824.3928 A
11264500 2002 8 22 57794.5895 A
11264500 2002 8 23 57793.1912 A
11264500 2002 8 24 57813.5522 A
11264500 2002 8 25 57783.7858 A
11264500 2002 8 26 57831.4630 A
11264500 2002 8 27 57698.4317 A
11264500 2002 8 28 57829.2209 A
11264500 2002 8 29 57705.6763 A
11264500 2002 8 30 57775.2847 A
11264500 2002 8 31 57676.8114 A
11264500 2002 9 1 57781.7645 A
11264500 2002 9 2 57728.7902 A
11264500 2002 9 3 57736.7761 A
11264500 2002 9 4 57685.1570 A
11264500 2002 9 5 57670.2490 A
11264500 2002 9 6 57657.6891 A
11264500 2002 9 7 57768.6795 A
11264500 2002 9 8 57639.9144 A
11264500 2002 9 9 57683.2386 A
11264500 2002 9 10 57715.3077 A
11264500 2002 9 11 57870.2892 A
11264500 2002 9 12 57706.4143 A
11264500 2002 9 13 57692.5510 A
11264500 2002 9 14 57624.6034 A
11264500 2002 9 15 57697.4877 A
11264500 2002 9 16 57735.2918 A
11264500 2002 9 17 57713.1506 A
11264500 2002 9 18 57976.2032 A
11264500 2002 9 19 57695.0293 A
11264500 2002 9 20 57904.9918 A
11264500 2002 9 21 57684.7516 A
11264500 2002 9 22 57667.2348 A
11264500 2002 9 23 57701.3332 A
11264500 2002 9 24 57743.5719 A
11264500 2002 9 25 57704.0090 A
11264500 2002 9 26 57814.6220 A
11264500 2002 9 27 57727.3558 A
11264500 2002 9 28 57680.4000 A
11264500 2002 9 29 57963.8408 A
11264500 2002 9 30 57732.3384 A
11264500 2002 10 1 57724.6868 A
11264500 2002 10 2 57781.6076 A
11264500 2002 10 3 57784.1641 A
11264500 2002 10 4 57707.7668 A
11264500 2002 10 5 57720.2562 A
11264500 2002 10 6 57829.9185 A
11264500 2002 10 7 57868.3401 A
11264500 2002 10 8 57930.5488 A
11264500 2002 10 9 57816.8284 A
11264500 2002 10 10 57812.1055 A
11264500 2002 10 11 57732.2601 A
11264500 2002 10 12 57800.7433 A
11264500 2002 10 13 57730.6728 A
11264500 2002 10 14 57887.9628 A
11264500 2002 10 15 57760.8837 A
11264500 2002 10 16 57726.9572 A
11264500 2002 10 17 57789.1745 A
11264500 2002 10 18 57810.9159 A
11264500 2002 10 19 57732.5595 A
11264500 2002 10 20 57724.3481 A
11264500 2002 10 21 57753.1120 A
11264500 2002 10 22 57885.6180 A
11264500 2002 10 23 57738.2910 A
11264500 2002 10 24 57716.0536 A
11264500 2002 10 25 58054.5278 A
11264500 2002 10 26 57774.6431 A
11264500 2002 10 27 57706.5088 A
11264500 2002 10 28 57738.1526 A
11264500 2002 10 29 57686.9494 A
11264500 2002 10 30 57751.6234 A
11264500 2002 10 31 57712.9586 A
11264500 2002 11 1 57679.9477 A
11264500 2002 11 2 57666.5236 A
11264500 2002 11 3 57676.6605 A
11264500 2002 11 4 57651.8975 A
11264500 2002 11 5 57648.5806 A
11264500 2002 11 6 57681.6504 A
11264500 2002 11 7 57623.0235 A
11264500 2002 11 8 57593.5561 A
11264500 2002 11 9 57557.7258 A
11264500 2002 11 10 57619.2859 A
11264500 2002 11 11 57568.4966 A
11264500 2002 11 12 57590.2555 A
11264500 2002 11 13 57524.3350 A
11264500 2002 11 14 57521.7653 A
11264500 2002 11 15 57504.9306 A
11264500 2002 11 16 57552.7227 A
11264500 2002 11 17 57498.6486 A
11264500 2002 11 18 57531.9322 A
11264500 2002 11 19 57471.4312 A
11264500 2002 11 20 57493.9970 A
11264500 2002 11 21 57478.8395 A
11264500 2002 11 22 57525.1838 A
11264500 2002 11 23 57455.2216 A
11264500 2002 11 24 57465.8860 A
11264500 2002 11 25 57470.4625 A
11264500 2002 11 26 57418.6751 A
11264500 2002 11 27 57454.0061 A
11264500 2002 11 28 57405.6376 A
11264500 2002 11 29 57428.4679 A
11264500 2002 11 30 57431.8679 A
11264500 2002 12 1 57519.5614 A
11264500 2002 12 2 57361.0163 A
11264500 2002 12 3 57370.2542 A
11264500 2002 12 4 57389.2010 A
11264500 2002 12 5 57395.1055 A
11264500 2002 12 6 57346.4256 A
11264500 2002 12 7 57376.7053 A
11264500 2002 12 8 57317.3596 A
11264500 2002 12 9 57338.8479 A
11264500 2002 12 10 57274.6068 A
11264500 2002 12 11 57334.9152 A
11264500 2002 12 12 57321.2087 A
11264500 2002 12 13 57287.6063 A
11264500 2002 12 14 57336.3809 A
11264500 2002 12 15 57239.2261 A
11264500 2002 12 16 57251.5224 A
11264500 2002 12 17 57247.1371 A
11264500 2002 12 18 57203.4963 A
11264500 2002 12 19 57193.5045 A
11264500 2002 12 20 57258.4521 A
11264500 2002 12 21 57332.2420 A
11264500 2002 12 22 57179.8164 A
11264500 2002 12 23 57195.2716 A
11264500 2002 12 24 57206.2926 A
11264500 2002 12 25 57177.1758 A
11264500 2002 12 26 57253.2865 A
11264500 2002 12 27 57151.2653 A
11264500 2002 12 28 57175.9183 A
11264500 2002 12 29 57113.0994 A
11264500 2002 12 30 57128.3700 A
11264500 2002 12 31 57102.2394 A
11264500 2003 1 1 57166.0183 A
11264500 2003 1 2 57090.0873 A
11264500 2003 1 3 57053.4974 A
11264500 2003 1 4 57079.2091 A
11264500 2003 1 5 57058.7666 A
11264500 2003 1 6 57066.9930 A
11264500 2003 1 7 57114.3547 A
11264500 2003 1 8 57064.2015 A
11264500 2003 1 9 57009.5096 A
11264500 2003 1 10 57026.0248 A
11264500 2003 1 11 57025.4220 A
11264500 2003 1 12 57009.0347 A
11264500 2003 1 13 56971.8491 A
11264500 2003 1 14 56984.4672 A
11264500 2003 1 15 56932.3991 A
11264500 2003 1 16 56964.2778 A
11264500 2003 1 17 56906.2587 A
11264500 2003 1 18 56898.9619 A
11264500 2003 1 19 56880.7719 A
11264500 2003 1 20 56954.4586 A
11264500 2003 1 21 56882.5307 A
11264500 2003 1 22 56981.2693 A
11264500 2003 1 23 56891.8246 A
11264500 2003 1 24 56863.0744 A
11264500 2003 1 25 56790.5348 A
11264500 2003 1 26 57068.5379 A
11264500 2003 1 27 56815.8523 A
11264500 2003 1 28 56903.9938 A
11264500 2003 1 29 56879.0192 A
11264500 2003 1 30 56924.6122 A
11264500 2003 1 31 56821.1945 A
11264500 2003 2 1 56814.1413 A
11264500 2003 2 2 56873.5885 A
11264500 2003 2 3 56771.7178 A
11264500 2003 2 4 56791.4841 A
11264500 2003 2 5 56803.3733 A
11264500 2003 2 6 56835.8158 A
11264500 2003 2 7 56754.9467 A
11264500 2003 2 8 56857.0654 A
11264500 2003 2 9 56819.4168 A
11264500 2003 2 10 56691.0368 A
11264500 2003 2 11 56771.6754 A
11264500 2003 2 12 56756.7929 A
11264500 2003 2 13 56734.0598 A
11264500 2003 2 14 56890.3022 A
11264500 2003 2 15 56902.1259 A
11264500 2003 2 16 56720.3331 A
11264500 2003 2 17 56820.3999 A
11264500 2003 2 18 56649.8614 A
11264500 2003 2 19 56741.6046 A
11264500 2003 2 20 56837.2746 A
11264500 2003 2 21 56727.6922 A
11264500 2003 2 22 56760.6572 A
11264500 2003 2 23 56699.6864 A
11264500 2003 2 24 56816.3602 A
11264500 2003 2 25 56765.1870 A
11264500 2003 2 26 56670.8732 A
11264500 2003 2 27 56631.9589 A
11264500 2003 2 28 56702.4575 A
11264500 2003 3 1 56659.4362 A
11264500 2003 3 2 56759.5499 A
11264500 2003 3 3 56659.2125 A
11264500 2003 3 4 56702.5583 A
11264500 2003 3 5 56676.3990 A
11264500 2003 3 6 56613.1586 A
11264500 2003 3 7 56651.8801 A
11264500 2003 3 8 56775.0125 A
11264500 2003 3 9 56714.1321 A
11264500 2003 3 10 56665.5569 A
11264500 2003 3 11 56661.0430 A
11264500 2003 3 12 56702.9265 A
11264500 2003 3 13 56651.0247 A
11264500 2003 3 14 56597.1153 A
11264500 2003 3 15 56652.0666 A
11264500 2003 3 16 56583.9770 A
11264500 2003 3 17 56607.4346 A
11264500 2003 3 18 56674.0367 A
11264500 2003 3 19 56765.6378 A
11264500 2003 3 20 56642.7583 A
11264500 2003 3 21 56585.9758 A
11264500 2003 3 22 56549.5680 A
11264500 2003 3 23 56601.6440 A
11264500 2003 3 24 56485.8305 A
11264500 2003 3 25 56718.7657 A
11264500 2003 3 26 56577.6887 A
11264500 2003 3 27 56510.4405 A
11264500 2003 3 28 56576.6675 A
11264500 2003 3 29 56534.6167 A
11264500 2003 3 30 56661.2220 A
11264500 2003 3 31 56582.5215 A
11264500 2003 4 1 56580.8969 A
11264500 2003 4 2 56537.9391 A
11264500 2003 4 3 56509.1925 A
11264500 2003 4 4 56584.0813 A
11264500 2003 4 5 56480.9113 A
11264500 2003 4 6 56565.8359 A
11264500 2003 4 7 56514.2395 A
11264500 2003 4 8 56557.8298 A
11264500 2003 4 9 56503.3719 A
11264500 2003 4 10 56683.9049 A
11264500 2003 4 11 56477.9157 A
11264500 2003 4 12 56440.0823 A
11264500 2003 4 13 56476.2201 A
11264500 2003 4 14 56483.9088 A
11264500 2003 4 15 56600.2458 A
11264500 2003 4 16 56776.8670 A
11264500 2003 4 17 56587.1058 A
11264500 2003 4 18 56531.6791 A
11264500 2003 4 19 56533.3357 A
11264500 2003 4 20 57515.2343 A
11264500 2003 4 21 57035.0194 A
11264500 2003 4 22 56982.0832 A
11264500 2003 4 23 57193.4349 A
11264500 2003 4 24 56888.1350 A
11264500 2003 4 25 57017.7271 A
11264500 2003 4 26 57758.6102 A
11264500 2003 4 27 57731.3154 A
11264500 2003 4 28 57364.1744 A
11264500 2003 4 29 57369.5490 A
11264500 2003 4 30 57536.8519 A
11264500 2003 5 1 57764.1230 A
11264500 2003 5 2 58443.5651 A
11264500 2003 5 3 58098.4960 A
11264500 2003 5 4 57982.1827 A
11264500 2003 5 5 58295.6427 A
11264500 2003 5 6 58520.8076 A
11264500 2003 5 7 58388.6105 A
11264500 2003 5 8 58884.2150 A
11264500 2003 5 9 59328.7330 A
11264500 2003 5 10 59297.7247 A
11264500 2003 5 11 59239.7329 A
11264500 2003 5 12 59450.4990 A
11264500 2003 5 13 59304.3528 A
11264500 2003 5 14 59797.5804 A
11264500 2003 5 15 60105.0857 A
11264500 2003 5 16 60046.7131 A
11264500 2003 5 17 60966.6606 A
11264500 2003 5 18 60951.6052 A
11264500 2003 5 19 60582.3881 A
11264500 2003 5 20 60744.7922 A
11264500 2003 5 21 61061.8273 A
11264500 2003 5 22 62028.1809 A
11264500 2003 5 23 62183.6788 A
11264500 2003 5 24 62778.3051 A
11264500 2003 5 25 62593.1769 A
11264500 2003 5 26 62742.1293 A
11264500 2003 5 27 62801.5703 A
11264500 2003 5 28 63458.8643 A
11264500 2003 5 29 63624.5884 A
11264500 2003 5 30 63844.4395 A
11264500 2003 5 31 64636.1832 A
11264500 2003 6 1 64594.1619 A
11264500 2003 6 2 65187.3186 A
11264500 2003 6 3 64822.2206 A
11264500 2003 6 4 66424.5035 A
11264500 2003 6 5 65961.1994 A
11264500 2003 6 6 66527.3161 A
11264500 2003 6 7 67014.5417 A
11264500 2003 6 8 66890.3462 A
11264500 2003 6 9 67708.9654 A
11264500 2003 6 10 66647.1902 A
11264500 2003 6 11 66600.9689 A
11264500 2003 6 12 66278.9685 A
11264500 2003 6 13 66188.6622 A
11264500 2003 6 14 66151.3976 A
11264500 2003 6 15 66249.8550 A
11264500 2003 6 16 66296.8304 A
11264500 2003 6 17 66238.8167 A
11264500 2003 6 18 66387.4151 A
11264500 2003 6 19 66514.8795 A
11264500 2003 6 20 66302.7605 A
11264500 2003 6 21 66206.7557 A
11264500 2003 6 22 66361.3352 A
11264500 2003 6 23 66487.2509 A
11264500 2003 6 24 66302.4049 A
11264500 2003 6 25 66513.4643 A
11264500 2003 6 26 66349.6024 A
11264500 2003 6 27 66390.3044 A
11264500 2003 6 28 66453.3195 A
11264500 2003 6 29 66436.0889 A
11264500 2003 6 30 66734.5301 A
11264500 2003 7 1 66678.9656 A
11264500 2003 7 2 66566.5647 A
11264500 2003 7 3 66677.1390 A
11264500 2003 7 4 66589.4729 A
11264500 2003 7 5 66570.6322 A
11264500 2003 7 6 66503.4484 A
11264500 2003 7 7 66518.5302 A
11264500 2003 7 8 66716.2890 A
11264500 2003 7 9 66922.2128 A
11264500 2003 7 10 66591.4071 A
11264500 2003 7 11 66567.1704 A
11264500 2003 7 12 66712.8561 A
11264500 2003 7 13 66612.5869 A
11264500 2003 7 14 66560.8484 A
11264500 2003 7 15 66515.5240 A
11264500 2003 7 16 66824.0855 A
11264500 2003 7 17 66532.6881 A
11264500 2003 7 18 66633.8112 A
11264500 2003 7 19 66537.8976 A
11264500 2003 7 20 66526.1479 A
11264500 2003 7 21 66608.3963 A
11264500 2003 7 22 66504.9705 A
11264500 2003 7 23 66645.6808 A
11264500 2003 7 24 66495.0064 A
11264500 2003 7 25 66496.9599 A
11264500 2003 7 26 66622.4242 A
11264500 2003 7 27 66543.1161 A
11264500 2003 7 28 66486.3455 A
11264500 2003 7 29 66597.9925 A
11264500 2003 7 30 66497.7996 A
11264500 2003 7 31 66450.9424 A
11264500 2003 8 1 66576.6476 A
11264500 2003 8 2 66678.2507 A
11264500 2003 8 3 66519.1816 A
11264500 2003 8 4 66522.2936 A
11264500 2003 8 5 66633.1576 A
11264500 2003 8 6 66647.7970 A
11264500 2003 8 7 66476.4031 A
11264500 2003 8 8 66561.3941 A
11264500 2003 8 9 66527.6016 A
11264500 2003 8 10 66587.6171 A
11264500 2003 8 11 66535.4892 A
11264500 2003 8 12 66536.9299 A
11264500 2003 8 13 66634.0137 A
11264500 2003 8 14 66497.4494 A
11264500 2003 8 15 66650.4562 A
11264500 2003 8 16 66524.7219 A
11264500 2003 8 17 66541.5509 A
11264500 2003 8 18 66456.4183 A
11264500 2003 8 19 66534.4918 A
11264500 2003 8 20 66589.0858 A
11264500 2003 8 21 66492.1671 A
11264500 2003 8 22 66597.7652 A
11264500 2003 8 23 66456.9498 A
11264500 2003 8 24 66529.0615 A
11264500 2003 8 25 66506.7641 A
11264500 2003 8 26 66786.0465 A
11264500 2003 8 27 66580.8855 A
11264500 2003 8 28 66546.5169 A
11264500 2003 8 29 66488.1579 A
11264500 2003 8 30 66512.0191 A
11264500 2003 8 31 66476.6583 A
11264500 2003 9 1 66496.3230 A
11264500 2003 9 2 66434.0815 A
11264500 2003 9 3 66493.6351 A
11264500 2003 9 4 66497.5445 A
11264500 2003 9 5 66427.5155 A
11264500 2003 9 6 66501.5195 A
11264500 2003 9 7 66437.6079 A
11264500 2003 9 8 66461.2389 A
11264500 2003 9 9 66386.8083 A
11264500 2003 9 10 66466.5253 A
11264500 2003 9 11 66520.6731 A
11264500 2003 9 12 66797.9000 A
11264500 2003 9 13 66496.8413 A
11264500 2003 9 14 66470.9211 A
11264500 2003 9 15 66392.0705 A
11264500 2003 9 16 66406.6890 A
11264500 2003 9 17 66497.0391 A
11264500 2003 9 18 66480.0133 A
11264500 2003 9 19 66472.9637 A
11264500 2003 9 20 66504.3459 A
11264500 2003 9 21 66540.9387 A
11264500 2003 9 22 66446.0215 A
11264500 2003 9 23 66567.0884 A
11264500 2003 9 24 66585.9920 A
11264500 2003 9 25 66495.4876 A
11264500 2003 9 26 66578.4237 A
11264500 2003 9 27 66469.0840 A
11264500 2003 9 28 66381.3650 A
11264500 2003 9 29 66449.6201 A
11264500 2003 9 30 66414.4703 A
11264500 2003 10 1 66494.1068 A
11264500 2003 10 2 66434.5952 A
11264500 2003 10 3 66449.8880 A
11264500 2003 10 4 66420.5829 A
11264500 2003 10 5 66392.3444 A
11264500 2003 10 6 66417.2841 A
11264500 2003 10 7 66441.0413 A
11264500 2003 10 8 66355.3401 A
11264500 2003 10 9 66371.8610 A
11264500 2003 10 10 66292.4962 A
11264500 2003 10 11 66371.8027 A
11264500 2003 10 12 66451.3410 A
11264500 2003 10 13 66372.2498 A
11264500 2003 10 14 66323.9449 A
11264500 2003 10 15 66511.9332 A
11264500 2003 10 16 66336.1462 A
11264500 2003 10 17 66325.6919 A
11264500 2003 10 18 66293.2361 A
11264500 2003 10 19 66357.1619 A
11264500 2003 10 20 66311.4963 A
11264500 2003 10 21 66291.8388 A
11264500 2003 10 22 66388.1220 A
11264500 2003 10 23 66266.0804 A
11264500 2003 10 24 66332.6150 A
11264500 2003 10 25 66340.4655 A
11264500 2003 10 26 66377.6316 A
11264500 2003 10 27 66292.4000 A
11264500 2003 10 28 66245.2363 A
11264500 2003 10 29 66239.9991 A
11264500 2003 10 30 66523.2279 A
11264500 2003 10 31 66321.8904 A
11264500 2003 11 1 66472.3429 A
11264500 2003 11 2 66279.2776 A
11264500 2003 11 3 66296.6995 A
11264500 2003 11 4 66238.0405 A
11264500 2003 11 5 66241.3775 A
11264500 2003 11 6 66270.8745 A
11264500 2003 11 7 66292.7630 A
11264500 2003 11 8 66203.1298 A
11264500 2003 11 9 66222.8312 A
11264500 2003 11 10 66298.7898 A
11264500 2003 11 11 66139.8340 A
11264500 2003 11 12 66194.0189 A
11264500 2003 11 13 66159.5196 A
11264500 2003 11 14 66207.1824 A
11264500 2003 11 15 66181.7795 A
11264500 2003 11 16 66145.4526 A
11264500 2003 11 17 66149.3417 A
11264500 2003 11 18 66123.7842 A
11264500 2003 11 19 66144.8392 A
11264500 2003 11 20 66082.2400 A
11264500 2003 11 21 66095.7823 A
11264500 2003 11 22 66081.9519 A
11264500 2003 11 23 66051.7074 A
11264500 2003 11 24 66035.2328 A
11264500 2003 11 25 65998.2192 A
11264500 2003 11 26 66042.0434 A
11264500 2003 11 27 66016.6332 A
11264500 2003 11 28 66027.0182 A
11264500 2003 11 29 66060.3928 A
11264500 2003 11 30 65977.6481 A
11264500 2003 12 1 65954.6499 A
11264500 2003 12 2 65947.5308 A
11264500 2003 12 3 65996.9240 A
11264500 2003 12 4 65900.8241 A
11264500 2003 12 5 66028.3132 A
11264500 2003 12 6 65925.3092 A
11264500 2003 12 7 65894.8897 A
11264500 2003 12 8 65887.0218 A
11264500 2003 12 9 65872.0977 A
11264500 2003 12 10 65818.9373 A
11264500 2003 12 11 65948.9253 A
11264500 2003 12 12 65918.4490 A
11264500 2003 12 13 65844.4483 A
11264500 2003 12 14 65863.9087 A
11264500 2003 12 15 65820.0213 A
11264500 2003 12 16 65833.3007 A
11264500 2003 12 17 65785.4339 A
11264500 2003 12 18 65781.6463 A
11264500 2003 12 19 65787.2502 A
11264500 2003 12 20 65723.2078 A
11264500 2003 12 21 65755.8502 A
11264500 2003 12 22 65703.0975 A
11264500 2003 12 23 65823.6541 A
11264500 2003 12 24 65724.1554 A
11264500 2003 12 25 65701.0466 A
11264500 2003 12 26 65695.3963 A
11264500 2003 12 27 65641.3776 A
11264500 2003 12 28 65728.6634 A
11264500 2003 12 29 65684.5657 A
11264500 2003 12 30 65704.3341 A
11264500 2003 12 31 65690.0528 A
11264500 2004 1 1 65718.1761 A
11264500 2004 1 2 65666.0685 A
11264500 2004 1 3 65660.5904 A
11264500 2004 1 4 65708.3560 A
11264500 2004 1 5 65633.6308 A
11264500 2004 1 6 65620.6844 A
11264500 2004 1 7 65600.7649 A
11264500 2004 1 8 65612.1322 A
11264500 2004 1 9 65605.3962 A
11264500 2004 1 10 65624.6284 A
11264500 2004 1 11 65587.3971 A
11264500 2004 1 12 65545.9180 A
11264500 2004 1 13 65635.7968 A
11264500 2004 1 14 65544.9995 A
11264500 2004 1 15 65606.8086 A
11264500 2004 1 16 65574.9128 A
11264500 2004 1 17 65513.7895 A
11264500 2004 1 18 65532.5601 A
11264500 2004 1 19 65649.4590 A
11264500 2004 1 20 65625.6491 A
11264500 2004 1 21 65618.0092 A
11264500 2004 1 22 65541.2301 A
11264500 2004 1 23 65488.3949 A
11264500 2004 1 24 65457.9295 A
11264500 2004 1 25 65535.3784 A
11264500 2004 1 26 65438.8417 A
11264500 2004 1 27 65469.0069 A
11264500 2004 1 28 65418.8531 A
11264500 2004 1 29 65515.7576 A
11264500 2004 1 30 65453.5490 A
11264500 2004 1 31 65474.3590 A
11264500 2004 2 1 65441.4348 A
11264500 2004 2 2 65413.7310 A
11264500 2004 2 3 65421.8511 A
11264500 2004 2 4 65450.7235 A
11264500 2004 2 5 65395.8337 A
11264500 2004 2 6 65467.0211 A
11264500 2004 2 7 65434.7993 A
11264500 2004 2 8 65427.7808 A
11264500 2004 2 9 65381.0860 A
11264500 2004 2 10 65410.0274 A
11264500 2004 2 11 65305.8471 A
11264500 2004 2 12 65323.1060 A
11264500 2004 2 13 65316.7559 A
11264500 2004 2 14 65508.5761 A
11264500 2004 2 15 65364.1006 A
11264500 2004 2 16 65309.9582 A
11264500 2004 2 17 65295.6184 A
11264500 2004 2 18 65349.7278 A
11264500 2004 2 19 65288.9941 A
11264500 2004 2 20 65320.1165 A
11264500 2004 2 21 65387.5428 A
11264500 2004 2 22 65443.7334 A
11264500 2004 2 23 65365.7173 A
11264500 2004 2 24 65361.3030 A
11264500 2004 2 25 65322.7581 A
11264500 2004 2 26 65392.7998 A
11264500 2004 2 27 65443.4771 A
11264500 2004 2 28 65302.3737 A
11264500 2004 2 29 65296.0199 A
11264500 2004 3 1 65401.3904 A
11264500 2004 3 2 65377.7854 A
11264500 2004 3 3 65264.7840 A
11264500 2004 3 4 65246.6001 A
11264500 2004 3 5 65313.0714 A
11264500 2004 3 6 65296.7146 A
11264500 2004 3 7 65320.6405 A
11264500 2004 3 8 65269.6341 A
11264500 2004 3 9 65292.1676 A
11264500 2004 3 10 65293.2881 A
11264500 2004 3 11 65223.0971 A
11264500 2004 3 12 65272.5393 A
11264500 2004 3 13 65160.3430 A
11264500 2004 3 14 65204.9157 A
11264500 2004 3 15 65192.8760 A
11264500 2004 3 16 65209.4205 A
11264500 2004 3 17 65236.2031 A
11264500 2004 3 18 65141.4592 A
11264500 2004 3 19 65244.9665 A
11264500 2004 3 20 65072.5120 A
11264500 2004 3 21 65152.5076 A
11264500 2004 3 22 65076.9441 A
11264500 2004 3 23 65084.3558 A
11264500 2004 3 24 65081.3320 A
11264500 2004 3 25 65098.0792 A
11264500 2004 3 26 65117.3874 A
11264500 2004 3 27 65016.9494 A
11264500 2004 3 28 65095.6522 A
11264500 2004 3 29 65142.9010 A
11264500 2004 3 30 64999.1980 A
11264500 2004 3 31 65004.1986 A
11264500 2004 4 1 65014.3515 A
11264500 2004 4 2 65106.1098 A
11264500 2004 4 3 65021.7251 A
11264500 2004 4 4 64986.8178 A
11264500 2004 4 5 64937.3164 A
11264500 2004 4 6 64989.4793 A
11264500 2004 4 7 65206.8405 A
11264500 2004 4 8 64947.4279 A
11264500 2004 4 9 65023.7257 A
11264500 2004 4 10 65262.1228 A
11264500 2004 4 11 65081.1323 A
11264500 2004 4 12 64982.7390 A
11264500 2004 4 13 65110.4533 A
11264500 2004 4 14 65194.8001 A
11264500 2004 4 15 65258.7525 A
11264500 2004 4 16 65056.6271 A
11264500 2004 4 17 65433.5154 A
11264500 2004 4 18 65455.5750 A
11264500 2004 4 19 65761.9979 A
11264500 2004 4 20 65904.1562 A
11264500 2004 4 21 65667.0480 A
11264500 2004 4 22 65423.7332 A
11264500 2004 4 23 66214.5901 A
11264500 2004 4 24 65713.8564 A
11264500 2004 4 25 66175.8867 A
11264500 2004 4 26 66116.2905 A
11264500 2004 4 27 66031.9177 A
11264500 2004 4 28 66545.7677 A
11264500 2004 4 29 66567.3766 A
11264500 2004 4 30 66800.1898 A
11264500 2004 5 1 66542.0306 A
11264500 2004 5 2 66780.3888 A
11264500 2004 5 3 66753.0444 A
11264500 2004 5 4 67033.6896 A
11264500 2004 5 5 67184.5506 A
11264500 2004 5 6 67829.6288 A
11264500 2004 5 7 67556.0347 A
11264500 2004 5 8 67220.9493 A
11264500 2004 5 9 68223.4002 A
11264500 2004 5 10 68202.5497 A
11264500 2004 5 11 68267.9154 A
11264500 2004 5 12 68325.4662 A
11264500 2004 5 13 68394.8960 A
11264500 2004 5 14 69338.5365 A
11264500 2004 5 15 69077.4728 A
11264500 2004 5 16 68944.6721 A
11264500 2004 5 17 69622.8423 A
11264500 2004 5 18 70098.5662 A
11264500 2004 5 19 70119.1240 A
11264500 2004 5 20 70035.9629 A
11264500 2004 5 21 70207.2953 A
11264500 2004 5 22 70552.6655 A
11264500 2004 5 23 71370.0844 A
11264500 2004 5 24 71317.4775 A
11264500 2004 5 25 71187.3285 A
11264500 2004 5 26 71797.5438 A
11264500 2004 5 27 72048.3712 A
11264500 2004 5 28 72161.8549 A
11264500 2004 5 29 72256.6848 A
11264500 2004 5 30 72571.8634 A
11264500 2004 5 31 73691.2988 A
11264500 2004 6 1 73578.9143 A
11264500 2004 6 2 74090.3891 A
11264500 2004 6 3 74311.8592 A
11264500 2004 6 4 74961.8904 A
11264500 2004 6 5 75114.1042 A
11264500 2004 6 6 75152.7724 A
11264500 2004 6 7 74445.4723 A
11264500 2004 6 8 74101.2580 A
11264500 2004 6 9 74020.8850 A
11264500 2004 6 10 74008.0236 A
11264500 2004 6 11 74095.8600 A
11264500 2004 6 12 74091.8556 A
11264500 2004 6 13 74209.7102 A
11264500 2004 6 14 74094.1674 A
11264500 2004 6 15 74035.4473 A
11264500 2004 6 16 74135.4975 A
11264500 2004 6 17 74286.6470 A
11264500 2004 6 18 74262.3836 A
11264500 2004 6 19 74168.3974 A
11264500 2004 6 20 74163.4316 A
11264500 2004 6 21 74208.4921 A
11264500 2004 6 22 74113.0256 A
11264500 2004 6 23 74364.3908 A
11264500 2004 6 24 74177.4421 A
11264500 2004 6 25 74213.5729 A
11264500 2004 6 26 74084.4088 A
11264500 2004 6 27 74316.9709 A
11264500 2004 6 28 74219.7269 A
11264500 2004 6 29 74197.1062 A
11264500 2004 6 30 74255.5534 A
11264500 2004 7 1 74324.7107 A
11264500 2004 7 2 74256.6122 A
11264500 2004 7 3 74231.0919 A
11264500 2004 7 4 74181.4517 A
11264500 2004 7 5 74199.8101 A
11264500 2004 7 6 74188.3383 A
11264500 2004 7 7 74203.7618 A
11264500 2004 7 8 74256.2160 A
11264500 2004 7 9 74200.4666 A
11264500 2004 7 10 74118.1657 A
11264500 2004 7 11 74203.9633 A
11264500 2004 7 12 74148.1627 A
11264500 2004 7 13 74592.6429 A
11264500 2004 7 14 74225.5993 A
11264500 2004 7 15 74265.5762 A
11264500 2004 7 16 74323.1472 A
11264500 2004 7 17 74306.9070 A
11264500 2004 7 18 74248.2450 A
11264500 2004 7 19 74325.8038 A
11264500 2004 7 20 74279.7427 A
11264500 2004 7 21 74281.3998 A
11264500 2004 7 22 74252.1599 A
11264500 2004 7 23 74336.4342 A
11264500 2004 7 24 74265.7449 A
11264500 2004 7 25 74165.6630 A
11264500 2004 7 26 74272.7405 A
11264500 2004 7 27 74222.4401 A
11264500 2004 7 28 74296.0958 A
11264500 2004 7 29 74186.8841 A
11264500 2004 7 30 74409.0622 A
11264500 2004 7 31 74244.7031 A
11264500 2004 8 1 74164.9234 A
11264500 2004 8 2 74361.4959 A
11264500 2004 8 3 74210.1148 A
11264500 2004 8 4 74244.8544 A
11264500 2004 8 5 74240.3624 A
11264500 2004 8 6 74200.7350 A
11264500 2004 8 7 74232.3530 A
11264500 2004 8 8 74242.2864 A
11264500 2004 8 9 74227.6095 A
11264500 2004 8 10 74198.7798 A
11264500 2004 8 11 74224.9246 A
11264500 2004 8 12 74263.8211 A
11264500 2004 8 13 74168.5945 A
11264500 2004 8 14 74241.7138 A
11264500 2004 8 15 74222.2547 A
11264500 2004 8 16 74173.4696 A
11264500 2004 8 17 74151.1865 A
11264500 2004 8 18 74233.6368 A
11264500 2004 8 19 74108.9227 A
11264500 2004 8 20 74107.3314 A
11264500 2004 8 21 74087.6059 A
11264500 2004 8 22 74088.7083 A
11264500 2004 8 23 74114.4178 A
11264500 2004 8 24 74144.7806 A
11264500 2004 8 25 74084.9918 A
11264500 2004 8 26 74086.6319 A
11264500 2004 8 27 74040.8597 A
11264500 2004 8 28 74083.1153 A
11264500 2004 8 29 74140.7883 A
11264500 2004 8 30 74113.4523 A
11264500 2004 8 31 74092.9677 A
11264500 2004 9 1 74171.5162 A
11264500 2004 9 2 74056.5179 A
11264500 2004 9 3 74018.1629 A
11264500 2004 9 4 74009.8338 A
11264500 2004 9 5 74052.2324 A
11264500 2004 9 6 74038.8003 A
11264500 2004 9 7 73984.4795 A
11264500 2004 9 8 74007.5146 A
11264500 2004 9 9 74039.5260 A
11264500 2004 9 10 73981.8088 A
11264500 2004 9 11 73990.2403 A
11264500 2004 9 12 73948.0481 A
11264500 2004 9 13 74094.6035 A
11264500 2004 9 14 73951.2343 A
11264500 2004 9 15 74018.6169 A
11264500 2004 9 16 74028.9847 A
11264500 2004 9 17 74054.9804 A
11264500 2004 9 18 74049.8297 A
11264500 2004 9 19 74027.5662 A
11264500 2004 9 20 73919.5650 A
11264500 2004 9 21 73950.0395 A
11264500 2004 9 22 74052.1024 A
11264500 2004 9 23 73938.8584 A
11264500 2004 9 24 73979.6935 A
11264500 2004 9 25 74021.2440 A
11264500 2004 9 26 74148.7288 A
11264500 2004 9 27 74136.5202 A
11264500 2004 9 28 73989.3388 A
11264500 2004 9 29 74001.0768 A
11264500 2004 9 30 74033.7880 A
11264500 2004 10 1 74008.9114 A
11264500 2004 10 2 74042.8491 A
11264500 2004 10 3 73961.1927 A
11264500 2004 10 4 73978.5998 A
11264500 2004 10 5 73989.6107 A
11264500 2004 10 6 73996.0753 A
11264500 2004 10 7 73915.1723 A
11264500 2004 10 8 74138.8973 A
11264500 2004 10 9 74079.6895 A
11264500 2004 10 10 73964.7098 A
11264500 2004 10 11 73995.1984 A
11264500 2004 10 12 74013.7646 A
11264500 2004 10 13 73893.4561 A
11264500 2004 10 14 74057.4986 A
11264500 2004 10 15 74166.9697 A
11264500 2004 10 16 74063.4401 A
11264500 2004 10 17 74049.1065 A
11264500 2004 10 18 74013.1833 A
11264500 2004 10 19 74101.6553 A
11264500 2004 10 20 74503.2684 A
11264500 2004 10 21 74035.9019 A
11264500 2004 10 22 73982.3257 A
11264500 2004 10 23 74100.5300 A
11264500 2004 10 24 73961.4458 A
11264500 2004 10 25 73990.8633 A
11264500 2004 10 26 73959.6242 A
11264500 2004 10 27 74159.6534 A
11264500 2004 10 28 74007.6734 A
11264500 2004 10 29 74385.2935 A
11264500 2004 10 30 74006.9246 A
11264500 2004 10 31 74117.7239 A
11264500 2004 11 1 74113.0146 A
11264500 2004 11 2 74051.5593 A
11264500 2004 11 3 74043.4771 A
11264500 2004 11 4 74010.9957 A
11264500 2004 11 5 74067.3661 A
11264500 2004 11 6 74033.8713 A
11264500 2004 11 7 74034.4243 A
11264500 2004 11 8 73897.3296 A
11264500 2004 11 9 73979.4547 A
11264500 2004 11 10 73935.7339 A
11264500 2004 11 11 73890.1708 A
11264500 2004 11 12 73875.4789 A
11264500 2004 11 13 73888.2515 A
11264500 2004 11 14 73846.9690 A
11264500 2004 11 15 73856.8099 A
11264500 2004 11 16 73848.3971 A
11264500 2004 11 17 73864.4898 A
11264500 2004 11 18 73827.1328 A
11264500 2004 11 19 73814.8861 A
11264500 2004 11 20 73870.8667 A
11264500 2004 11 21 73758.4319 A
11264500 2004 11 22 73859.5003 A
11264500 2004 11 23 73790.5978 A
11264500 2004 11 24 73785.5479 A
11264500 2004 11 25 73741.3513 A
11264500 2004 11 26 73728.4897 A
11264500 2004 11 27 73769.0998 A
11264500 2004 11 28 73683.6169 A
11264500 2004 11 29 73666.1701 A
11264500 2004 11 30 73678.5779 A
11264500 2004 12 1 73657.4261 A
11264500 2004 12 2 73704.4303 A
11264500 2004 12 3 73630.3614 A
11264500 2004 12 4 73669.0340 A
11264500 2004 12 5 73681.3969 A
11264500 2004 12 6 73669.9455 A
11264500 2004 12 7 73681.6840 A
11264500 2004 12 8 73575.1050 A
11264500 2004 12 9 73596.0713 A
11264500 2004 12 10 73653.1491 A
11264500 2004 12 11 73585.1039 A
11264500 2004 12 12 73536.4125 A
11264500 2004 12 13 73560.8930 A
11264500 2004 12 14 73609.9638 A
11264500 2004 12 15 73535.8998 A
11264500 2004 12 16 73525.2138 A
11264500 2004 12 17 73493.8502 A
11264500 2004 12 18 73505.4475 A
11264500 2004 12 19 73484.5002 A
11264500 2004 12 20 73488.6056 A
11264500 2004 12 21 73496.2611 A
11264500 2004 12 22 73463.4877 A
11264500 2004 12 23 73488.3328 A
11264500 2004 12 24 73433.0258 A
11264500 2004 12 25 73412.6881 A
11264500 2004 12 26 73418.7586 A
11264500 2004 12 27 73407.9948 A
11264500 2004 12 28 73479.9567 A
11264500 2004 12 29 73410.0281 A
11264500 2004 12 30 73393.0183 A
11264500 2004 12 31 73416.8148 A
11264500 2005 1 1 73354.6247 A
11264500 2005 1 2 73345.7296 A
11264500 2005 1 3 73334.9971 A
11264500 2005 1 4 73343.5750 A
11264500 2005 1 5 73309.5260 A
11264500 2005 1 6 73263.1480 A
11264500 2005 1 7 73245.4934 A
11264500 2005 1 8 73288.7589 A
11264500 2005 1 9 73242.5133 A
11264500 2005 1 10 73250.9986 A
11264500 2005 1 11 73201.3897 A
11264500 2005 1 12 73205.9295 A
11264500 2005 1 13 73244.0018 A
11264500 2005 1 14 73229.8165 A
11264500 2005 1 15 73244.9723 A
11264500 2005 1 16 73131.3952 A
11264500 2005 1 17 73217.0847 A
11264500 2005 1 18 73137.5706 A
11264500 2005 1 19 73166.3119 A
11264500 2005 1 20 73190.6227 A
11264500 2005 1 21 73241.4920 A
11264500 2005 1 22 73106.2263 A
11264500 2005 1 23 73224.7538 A
11264500 2005 1 24 73116.1190 A
11264500 2005 1 25 73186.8978 A
11264500 2005 1 26 73186.2549 A
11264500 2005 1 27 73186.4514 A
11264500 2005 1 28 73118.3076 A
11264500 2005 1 29 73110.0946 A
11264500 2005 1 30 73084.4153 A
11264500 2005 1 31 73190.0698 A
11264500 2005 2 1 73121.3805 A
11264500 2005 2 2 73057.0333 A
11264500 2005 2 3 73126.1876 A
11264500 2005 2 4 73108.2652 A
11264500 2005 2 5 73058.9825 A
11264500 2005 2 6 73144.0086 A
11264500 2005 2 7 73140.3781 A
11264500 2005 2 8 73009.7076 A
11264500 2005 2 9 73035.8470 A
11264500 2005 2 10 73055.2044 A
11264500 2005 2 11 73000.0911 A
11264500 2005 2 12 73029.7136 A
11264500 2005 2 13 73043.6650 A
11264500 2005 2 14 73039.9163 A
11264500 2005 2 15 72993.2472 A
11264500 2005 2 16 72965.2796 A
11264500 2005 2 17 72993.4293 A
11264500 2005 2 18 73017.8423 A
11264500 2005 2 19 72955.2567 A
11264500 2005 2 20 72966.6428 A
11264500 2005 2 21 72875.4180 A
11264500 2005 2 22 73098.1300 A
11264500 2005 2 23 73001.5049 A
11264500 2005 2 24 72956.7224 A
11264500 2005 2 25 72918.8873 A
11264500 2005 2 26 72944.7281 A
11264500 2005 2 27 72953.0265 A
11264500 2005 2 28 72861.1117 A
11264500 2005 3 1 72873.7795 A
11264500 2005 3 2 72885.9654 A
11264500 2005 3 3 72870.3755 A
11264500 2005 3 4 72829.1093 A
11264500 2005 3 5 72860.3299 A
11264500 2005 3 6 72816.1578 A
11264500 2005 3 7 72756.3941 A
11264500 2005 3 8 72895.9284 A
11264500 2005 3 9 72796.1318 A
11264500 2005 3 10 72804.2794 A
11264500 2005 3 11 72824.5345 A
11264500 2005 3 12 72731.9837 A
11264500 2005 3 13 72766.9848 A
11264500 2005 3 14 72742.1382 A
11264500 2005 3 15 72719.1964 A
11264500 2005 3 16 72766.2244 A
11264500 2005 3 17 72732.9873 A
11264500 2005 3 18 72740.9614 A
11264500 2005 3 19 72720.7467 A
11264500 2005 3 20 72799.9125 A
11264500 2005 3 21 72694.9674 A
11264500 2005 3 22 72733.3916 A
11264500 2005 3 23 72758.2525 A
11264500 2005 3 24 72634.2432 A
11264500 2005 3 25 72667.4266 A
11264500 2005 3 26 72701.1967 A
11264500 2005 3 27 72641.3938 A
11264500 2005 3 28 72617.3734 A
11264500 2005 3 29 72693.0544 A
11264500 2005 3 30 72602.2551 A
11264500 2005 3 31 72690.9179 A
11264500 2005 4 1 72595.2060 A
11264500 2005 4 2 72811.4652 A
11264500 2005 4 3 72665.6628 A
11264500 2005 4 4 72579.0678 A
11264500 2005 4 5 72614.6397 A
11264500 2005 4 6 72526.1568 A
11264500 2005 4 7 72561.8651 A
11264500 2005 4 8 72615.9805 A
11264500 2005 4 9 72473.2856 A
11264500 2005 4 10 72522.7618 A
11264500 2005 4 11 72510.8690 A
11264500 2005 4 12 72454.8331 A
11264500 2005 4 13 72468.8583 A
11264500 2005 4 14 72524.7075 A
11264500 2005 4 15 72750.0176 A
11264500 2005 4 16 72899.4280 A
11264500 2005 4 17 72872.6597 A
11264500 2005 4 18 72821.5305 A
11264500 2005 4 19 72852.5479 A
11264500 2005 4 20 72926.5029 A
11264500 2005 4 21 73067.2925 A
11264500 2005 4 22 73088.3977 A
11264500 2005 4 23 72844.2082 A
11264500 2005 4 24 72876.8180 A
11264500 2005 4 25 72914.1813 A
11264500 2005 4 26 73564.2907 A
11264500 2005 4 27 73780.6913 A
11264500 2005 4 28 73152.9373 A
11264500 2005 4 29 74030.2960 A
11264500 2005 4 30 73779.0112 A
11264500 2005 5 1 74193.2826 A
11264500 2005 5 2 74194.9452 A
11264500 2005 5 3 74625.3263 A
11264500 2005 5 4 74465.7875 A
11264500 2005 5 5 74199.2655 A
11264500 2005 5 6 74752.8107 A
11264500 2005 5 7 74997.5654 A
11264500 2005 5 8 74997.3599 A
11264500 2005 5 9 75364.0942 A
11264500 2005 5 10 75333.1471 A
11264500 2005 5 11 75440.4939 A
11264500 2005 5 12 75409.1861 A
11264500 2005 5 13 75773.0004 A
11264500 2005 5 14 76156.2956 A
11264500 2005 5 15 75776.7074 A
11264500 2005 5 16 76221.0300 A
11264500 2005 5 17 76117.3065 A
11264500 2005 5 18 76542.3138 A
11264500 2005 5 19 77184.2441 A
11264500 2005 5 20 76881.9441 A
11264500 2005 5 21 77654.5895 A
11264500 2005 5 22 78386.6861 A
11264500 2005 5 23 78478.8833 A
11264500 2005 5 24 78451.3428 A
11264500 2005 5 25 78872.9379 A
11264500 2005 5 26 78569.4721 A
11264500 2005 5 27 78782.3282 A
11264500 2005 5 28 79417.4100 A
11264500 2005 5 29 79692.0592 A
11264500 2005 5 30 80264.9475 A
11264500 2005 5 31 80078.5252 A
11264500 2005 6 1 80595.9786 A
11264500 2005 6 2 80860.9729 A
11264500 2005 6 3 80844.2992 A
11264500 2005 6 4 79787.7331 A
11264500 2005 6 5 80084.4616 A
11264500 2005 6 6 79976.5380 A
11264500 2005 6 7 79986.2314 A
11264500 2005 6 8 79834.9813 A
11264500 2005 6 9 80077.0957 A
11264500 2005 6 10 79904.9535 A
11264500 2005 6 11 80258.3433 A
11264500 2005 6 12 80202.6340 A
11264500 2005 6 13 80376.5943 A
11264500 2005 6 14 80128.3031 A
11264500 2005 6 15 80113.9081 A
11264500 2005 6 16 80096.8614 A
11264500 2005 6 17 80525.2802 A
11264500 2005 6 18 80254.7512 A
11264500 2005 6 19 80081.9621 A
11264500 2005 6 20 80407.5493 A
11264500 2005 6 21 80257.6843 A
11264500 2005 6 22 80196.5428 A
11264500 2005 6 23 80343.8559 A
11264500 2005 6 24 80305.3879 A
11264500 2005 6 25 80335.1394 A
11264500 2005 6 26 80456.1786 A
11264500 2005 6 27 80179.3588 A
11264500 2005 6 28 80267.2574 A
11264500 2005 6 29 80240.0605 A
11264500 2005 6 30 80393.0433 A
11264500 2005 7 1 80257.6696 A
11264500 2005 7 2 80241.4707 A
11264500 2005 7 3 80270.6201 A
11264500 2005 7 4 80222.4794 A
11264500 2005 7 5 80254.2750 A
11264500 2005 7 6 80241.6949 A
11264500 2005 7 7 80216.3321 A
11264500 2005 7 8 80312.6532 A
11264500 2005 7 9 80271.3859 A
11264500 2005 7 10 80285.9028 A
11264500 2005 7 11 80378.7120 A
11264500 2005 7 12 80242.0027 A
11264500 2005 7 13 80208.7113 A
11264500 2005 7 14 80309.3905 A
11264500 2005 7 15 80194.8866 A
11264500 2005 7 16 80136.7405 A
11264500 2005 7 17 80182.1303 A
11264500 2005 7 18 80233.9500 A
11264500 2005 7 19 80492.0154 A
11264500 2005 7 20 80379.1413 A
11264500 2005 7 21 80229.9518 A
11264500 2005 7 22 80310.5378 A
11264500 2005 7 23 80189.5990 A
11264500 2005 7 24 80240.6194 A
11264500 2005 7 25 80190.3146 A
11264500 2005 7 26 80175.7358 A
11264500 2005 7 27 80251.0566 A
11264500 2005 7 28 80562.8034 A
11264500 2005 7 29 80385.4295 A
11264500 2005 7 30 80214.3342 A
11264500 2005 7 31 80199.1072 A
11264500 2005 8 1 80188.0784 A
11264500 2005 8 2 80158.9415 A
11264500 2005 8 3 80202.4880 A
11264500 2005 8 4 80190.9454 A
11264500 2005 8 5 80167.9901 A
11264500 2005 8 6 80240.0357 A
11264500 2005 8 7 80243.6791 A
11264500 2005 8 8 80178.8741 A
11264500 2005 8 9 80123.2277 A
11264500 2005 8 10 80178.1225 A
11264500 2005 8 11 80268.6724 A
11264500 2005 8 12 80313.1825 A
11264500 2005 8 13 80203.0774 A
11264500 2005 8 14 80141.1906 A
11264500 2005 8 15 80168.3960 A
11264500 2005 8 16 80112.5414 A
11264500 2005 8 17 80058.1030 A
11264500 2005 8 18 80109.4644 A
11264500 2005 8 19 80084.4715 A
11264500 2005 8 20 80149.8432 A
11264500 2005 8 21 80204.2207 A
11264500 2005 8 22 80143.5105 A
11264500 2005 8 23 80153.4558 A
11264500 2005 8 24 80140.9501 A
11264500 2005 8 25 80102.4330 A
11264500 2005 8 26 80096.7075 A
11264500 2005 8 27 80112.3518 A
11264500 2005 8 28 80030.2738 A
11264500 2005 8 29 80001.7130 A
11264500 2005 8 30 80107.0432 A
11264500 2005 8 31 80027.1019 A
11264500 2005 9 1 80047.3215 A
11264500 2005 9 2 80029.4737 A
11264500 2005 9 3 79980.3904 A
11264500 2005 9 4 80193.4114 A
11264500 2005 9 5 80075.4775 A
11264500 2005 9 6 80064.8737 A
11264500 2005 9 7 80040.3654 A
11264500 2005 9 8 79994.6550 A
11264500 2005 9 9 79972.3834 A
11264500 2005 9 10 79947.6175 A
11264500 2005 9 11 79985.1322 A
11264500 2005 9 12 79890.8994 A
11264500 2005 9 13 79894.9382 A
11264500 2005 9 14 80025.9810 A
11264500 2005 9 15 80116.7386 A
11264500 2005 9 16 79956.9480 A
11264500 2005 9 17 79884.6553 A
11264500 2005 9 18 79940.7813 A
11264500 2005 9 19 79989.5958 A
11264500 2005 9 20 80014.6751 A
11264500 2005 9 21 79969.8649 A
11264500 2005 9 22 79960.3726 A
11264500 2005 9 23 79955.3518 A
11264500 2005 9 24 79840.6857 A
11264500 2005 9 25 80137.3012 A
11264500 2005 9 26 79944.8479 A
11264500 2005 9 27 79852.1197 A
11264500 2005 9 28 79944.1054 A
11264500 2005 9 29 79874.1078 A
11264500 2005 9 30 79992.8225 A
11264500 2005 10 1 80038.1533 A
11264500 2005 10 2 80020.7513 A
11264500 2005 10 3 79905.1782 A
11264500 2005 10 4 80074.5623 A
11264500 2005 10 5 80120.3743 A
11264500 2005 10 6 79946.4384 A
11264500 2005 10 7 80087.1032 A
11264500 2005 10 8 79935.1362 A
11264500 2005 10 9 79975.6097 A
11264500 2005 10 10 79934.5683 A
11264500 2005 10 11 80136.6104 A
11264500 2005 10 12 80155.2169 A
11264500 2005 10 13 79956.9917 A
11264500 2005 10 14 80200.4297 A
11264500 2005 10 15 80023.9403 A
11264500 2005 10 16 79960.4800 A
11264500 2005 10 17 80033.5832 A
11264500 2005 10 18 80108.5764 A
11264500 2005 10 19 79979.0561 A
11264500 2005 10 20 80049.7772 A
11264500 2005 10 21 79968.4741 A
11264500 2005 10 22 79985.6318 A
11264500 2005 10 23 80030.7587 A
11264500 2005 10 24 79971.0996 A
11264500 2005 10 25 80281.0046 A
11264500 2005 10 26 79996.7898 A
11264500 2005 10 27 79991.6708 A
11264500 2005 10 28 79914.9574 A
11264500 2005 10 29 79967.7616 A
11264500 2005 10 30 79886.8159 A
11264500 2005 10 31 79935.2142 A
11264500 2005 11 1 79938.3734 A
11264500 2005 11 2 79911.0238 A
11264500 2005 11 3 79914.9465 A
11264500 2005 11 4 79920.4000 A
11264500 2005 11 5 79808.4780 A
11264500 2005 11 6 79926.3884 A
11264500 2005 11 7 79865.6955 A
11264500 2005 11 8 79896.6387 A
11264500 2005 11 9 79831.0866 A
11264500 2005 11 10 79805.1609 A
11264500 2005 11 11 79835.6088 A
11264500 2005 11 12 79879.5536 A
11264500 2005 11 13 79808.1702 A
11264500 2005 11 14 79835.7562 A
11264500 2005 11 15 79708.1681 A
11264500 2005 11 16 79801.0362 A
11264500 2005 11 17 79789.7296 A
11264500 2005 11 18 79666.1318 A
11264500 2005 11 19 79772.9970 A
11264500 2005 11 20 79651.3960 A
11264500 2005 11 21 79703.3272 A
11264500 2005 11 22 79706.4535 A
11264500 2005 11 23 79663.0183 A
11264500 2005 11 24 79802.2056 A
11264500 2005 11 25 79675.6200 A
11264500 2005 11 26 79642.6348 A
11264500 2005 11 27 79665.4239 A
11264500 2005 11 28 79616.2682 A
11264500 2005 11 29 79632.5541 A
11264500 2005 11 30 79600.3857 A
11264500 2005 12 1 79589.6510 A
11264500 2005 12 2 79622.3962 A
11264500 2005 12 3 79566.1878 A
11264500 2005 12 4 79537.0258 A
11264500 2005 12 5 79600.4658 A
11264500 2005 12 6 79515.4260 A
11264500 2005 12 7 79607.9902 A
11264500 2005 12 8 79531.5196 A
11264500 2005 12 9 79566.7066 A
11264500 2005 12 10 79575.9680 A
11264500 2005 12 11 79493.9693 A
11264500 2005 12 12 79528.0003 A
11264500 2005 12 13 79469.1422 A
11264500 2005 12 14 79578.5782 A
11264500 2005 12 15 79459.6404 A
11264500 2005 12 16 79421.5645 A
11264500 2005 12 17 79425.4049 A
11264500 2005 12 18 79511.6489 A
11264500 2005 12 19 79396.5632 A
11264500 2005 12 20 79371.3844 A
11264500 2005 12 21 79426.4398 A
11264500 2005 12 22 79379.2005 A
11264500 2005 12 23 79370.8272 A
11264500 2005 12 24 79421.1806 A
11264500 2005 12 25 79395.5847 A
11264500 2005 12 26 79362.9508 A
11264500 2005 12 27 79355.7294 A
11264500 2005 12 28 79406.2842 A
11264500 2005 12 29 79311.7257 A
11264500 2005 12 30 79345.4562 A
11264500 2005 12 31 79304.2767 A
11264500 2006 1 1 79234.0635 A
11264500 2006 1 2 79251.1255 A
11264500 2006 1 3 79289.4319 A
11264500 2006 1 4 79306.8592 A
11264500 2006 1 5 79203.1008 A
11264500 2006 1 6 79284.6675 A
11264500 2006 1 7 79238.4298 A
11264500 2006 1 8 79216.7639 A
11264500 2006 1 9 79195.5071 A
11264500 2006 1 10 79194.4319 A
11264500 2006 1 11 79216.8144 A
11264500 2006 1 12 79181.5995 A
11264500 2006 1 13 79188.9218 A
11264500 2006 1 14 79168.1499 A
11264500 2006 1 15 79198.4866 A
11264500 2006 1 16 79157.9330 A
11264500 2006 1 17 79174.1589 A
11264500 2006 1 18 79162.0676 A
11264500 2006 1 19 79109.3781 A
11264500 2006 1 20 79169.9559 A
11264500 2006 1 21 79137.7506 A
11264500 2006 1 22 79049.6473 A
11264500 2006 1 23 79119.6611 A
11264500 2006 1 24 79056.0973 A
11264500 2006 1 25 79083.5842 A
11264500 2006 1 26 79139.7279 A
11264500 2006 1 27 79052.6135 A
11264500 2006 1 28 79043.0485 A
11264500 2006 1 29 79037.7067 A
11264500 2006 1 30 79019.2497 A
11264500 2006 1 31 79102.4741 A
11264500 2006 2 1 79083.5036 A
11264500 2006 2 2 79027.0059 A
11264500 2006 2 3 79002.2106 A
11264500 2006 2 4 78960.7469 A
11264500 2006 2 5 79063.8615 A
11264500 2006 2 6 78945.9991 A
11264500 2006 2 7 78983.5037 A
11264500 2006 2 8 78981.2967 A
11264500 2006 2 9 78874.1871 A
11264500 2006 2 10 78966.3179 A
11264500 2006 2 11 78956.1828 A
11264500 2006 2 12 78896.3559 A
11264500 2006 2 13 79117.2503 A
11264500 2006 2 14 79036.2614 A
11264500 2006 2 15 78974.7066 A
11264500 2006 2 16 78938.3057 A
11264500 2006 2 17 78984.1124 A
11264500 2006 2 18 78936.5752 A
11264500 2006 2 19 78883.9030 A
11264500 2006 2 20 78928.9707 A
11264500 2006 2 21 78950.1278 A
11264500 2006 2 22 78886.0708 A
11264500 2006 2 23 78921.7617 A
11264500 2006 2 24 78838.2888 A
11264500 2006 2 25 78801.4361 A
11264500 2006 2 26 78987.0728 A
11264500 2006 2 27 78840.5895 A
11264500 2006 2 28 78832.5571 A
11264500 2006 3 1 78838.5549 A
11264500 2006 3 2 78823.1063 A
11264500 2006 3 3 78787.1667 A
11264500 2006 3 4 78739.5000 A
11264500 2006 3 5 78801.5284 A
11264500 2006 3 6 78849.3370 A
11264500 2006 3 7 78847.7058 A
11264500 2006 3 8 78780.8948 A
11264500 2006 3 9 78933.4185 A
11264500 2006 3 10 78774.3214 A
11264500 2006 3 11 78742.3077 A
11264500 2006 3 12 78742.6961 A
11264500 2006 3 13 78834.4847 A
11264500 2006 3 14 78847.0007 A
11264500 2006 3 15 78721.4358 A
11264500 2006 3 16 78732.8891 A
11264500 2006 3 17 78765.4730 A
11264500 2006 3 18 78733.4137 A
11264500 2006 3 19 78717.9233 A
11264500 2006 3 20 78765.7791 A
11264500 2006 3 21 78682.1804 A
11264500 2006 3 22 78752.2461 A
11264500 2006 3 23 78705.4232 A
11264500 2006 3 24 78720.1169 A
11264500 2006 3 25 78710.3040 A
11264500 2006 3 26 78631.6567 A
11264500 2006 3 27 78729.4880 A
11264500 2006 3 28 78764.4092 A
11264500 2006 3 29 78674.1539 A
11264500 2006 3 30 78817.5335 A
11264500 2006 3 31 78679.0895 A
11264500 2006 4 1 78702.3954 A
11264500 2006 4 2 78607.7339 A
11264500 2006 4 3 78758.0794 A
11264500 2006 4 4 78647.9885 A
11264500 2006 4 5 78646.8431 A
11264500 2006 4 6 78758.5875 A
11264500 2006 4 7 78678.8713 A
11264500 2006 4 8 78683.8163 A
11264500 2006 4 9 78660.2088 A
11264500 2006 4 10 78755.7412 A
11264500 2006 4 11 78693.2096 A
11264500 2006 4 12 78724.3373 A
11264500 2006 4 13 78860.9905 A
11264500 2006 4 14 78683.9560 A
11264500 2006 4 15 78816.3083 A
11264500 2006 4 16 78677.0687 A
11264500 2006 4 17 78874.1763 A
11264500 2006 4 18 78668.7451 A
11264500 2006 4 19 78807.5693 A
11264500 2006 4 20 79029.8565 A
11264500 2006 4 21 79156.5397 A
11264500 2006 4 22 79001.8106 A
11264500 2006 4 23 78971.7612 A
11264500 2006 4 24 79591.8599 A
11264500 2006 4 25 79472.6518 A
11264500 2006 4 26 79359.7646 A
11264500 2006 4 27 79357.0324 A
11264500 2006 4 28 79888.4332 A
11264500 2006 4 29 79770.5657 A
11264500 2006 4 30 79822.4116 A
11264500 2006 5 1 80040.3910 A
11264500 2006 5 2 80157.2628 A
11264500 2006 5 3 80280.3720 A
11264500 2006 5 4 80687.4579 A
11264500 2006 5 5 80975.3070 A
11264500 2006 5 6 80986.1970 A
11264500 2006 5 7 81377.0742 A
11264500 2006 5 8 81293.3796 A
11264500 2006 5 9 81596.9868 A
11264500 2006 5 10 81892.6299 A
11264500 2006 5 11 82075.8241 A
11264500 2006 5 12 82336.9918 A
11264500 2006 5 13 82487.1329 A
11264500 2006 5 14 83025.2796 A
11264500 2006 5 15 82687.0476 A
11264500 2006 5 16 83042.9063 A
11264500 2006 5 17 83213.9997 A
11264500 2006 5 18 83349.9330 A
11264500 2006 5 19 83175.8440 A
11264500 2006 5 20 84366.4460 A
11264500 2006 5 21 83940.2365 A
11264500 2006 5 22 84414.3022 A
11264500 2006 5 23 84308.0519 A
11264500 2006 5 24 84963.6621 A
11264500 2006 5 25 84921.9173 A
11264500 2006 5 26 85073.6949 A
11264500 2006 5 27 85679.0520 A
11264500 2006 5 28 85687.3214 A
11264500 2006 5 29 85952.3545 A
11264500 2006 5 30 86614.9397 A
11264500 2006 5 31 86899.8357 A
11264500 2006 6 1 86850.5625 A
11264500 2006 6 2 87063.4122 A
11264500 2006 6 3 87571.2356 A
11264500 2006 6 4 88188.1394 A
11264500 2006 6 5 88666.6472 A
11264500 2006 6 6 87862.6311 A
11264500 2006 6 7 87409.9591 A
11264500 2006 6 8 87181.7797 A
11264500 2006 6 9 87255.5550 A
11264500 2006 6 10 87143.6354 A
11264500 2006 6 11 87107.0655 A
11264500 2006 6 12 87092.4483 A
11264500 2006 6 13 87114.0805 A
11264500 2006 6 14 87131.9028 A
11264500 2006 6 15 87530.4891 A
11264500 2006 6 16 87110.9864 A
11264500 2006 6 17 87128.9827 A
11264500 2006 6 18 87176.2303 A
11264500 2006 6 19 87220.6441 A
11264500 2006 6 20 87320.4630 A
11264500 2006 6 21 87211.0825 A
11264500 2006 6 22 87238.6396 A
11264500 2006 6 23 87189.7484 A
11264500 2006 6 24 87215.0273 A
11264500 2006 6 25 87242.9930 A
11264500 2006 6 26 87305.7351 A
11264500 2006 6 27 87198.1342 A
11264500 2006 6 28 87226.7359 A
11264500 2006 6 29 87632.2048 A
11264500 2006 6 30 87273.1121 A
11264500 2006 7 1 87278.0166 A
11264500 2006 7 2 87264.7546 A
11264500 2006 7 3 87260.6737 A
11264500 2006 7 4 87432.7458 A
11264500 2006 7 5 87287.3410 A
11264500 2006 7 6 87143.1200 A
11264500 2006 7 7 87266.1668 A
11264500 2006 7 8 87293.6287 A
11264500 2006 7 9 87266.4018 A
11264500 2006 7 10 87242.6123 A
11264500 2006 7 11 87215.9056 A
11264500 2006 7 12 87207.5934 A
11264500 2006 7 13 87324.0990 A
11264500 2006 7 14 87329.0318 A
11264500 2006 7 15 87231.3295 A
11264500 2006 7 16 87272.8447 A
11264500 2006 7 17 87234.1577 A
11264500 2006 7 18 87222.4873 A
11264500 2006 7 19 87198.2447 A
11264500 2006 7 20 87277.2826 A
11264500 2006 7 21 87196.1939 A
11264500 2006 7 22 87174.3068 A
11264500 2006 7 23 87238.8391 A
11264500 2006 7 24 87154.0796 A
11264500 2006 7 25 87227.2811 A
11264500 2006 7 26 87244.4575 A
11264500 2006 7 27 87167.0063 A
11264500 2006 7 28 87182.3718 A
11264500 2006 7 29 87134.0134 A
11264500 2006 7 30 87175.5221 A
11264500 2006 7 31 87250.6358 A
11264500 2006 8 1 87197.3587 A
11264500 2006 8 2 87238.3086 A
11264500 2006 8 3 87123.3178 A
11264500 2006 8 4 87157.4232 A
11264500 2006 8 5 87231.7437 A
11264500 2006 8 6 87437.4489 A
11264500 2006 8 7 87155.1015 A
11264500 2006 8 8 87183.1821 A
11264500 2006 8 9 87171.2098 A
11264500 2006 8 10 87134.4693 A
11264500 2006 8 11 87180.1017 A
11264500 2006 8 12 87307.8930 A
11264500 2006 8 13 87266.4072 A
11264500 2006 8 14 87120.2289 A
11264500 2006 8 15 87188.5476 A
11264500 2006 8 16 87112.8797 A
11264500 2006 8 17 87132.3249 A
11264500 2006 8 18 87087.5881 A
11264500 2006 8 19 87072.1327 A
11264500 2006 8 20 87173.0851 A
11264500 2006 8 21 87055.7678 A
11264500 2006 8 22 87075.2113 A
11264500 2006 8 23 87168.2091 A
11264500 2006 8 24 87066.8332 A
11264500 2006 8 25 87088.3039 A
11264500 2006 8 26 87086.7674 A
11264500 2006 8 27 87190.7267 A
11264500 2006 8 28 87121.1874 A
11264500 2006 8 29 87185.5989 A
11264500 2006 8 30 87145.9406 A
11264500 2006 8 31 87083.9595 A
11264500 2006 9 1 87059.5109 A
11264500 2006 9 2 87211.7018 A
11264500 2006 9 3 87138.4431 A
11264500 2006 9 4 87086.4282 A
11264500 2006 9 5 87029.2822 A
11264500 2006 9 6 87100.1198 A
11264500 2006 9 7 87002.9916 A
11264500 2006 9 8 86999.7843 A
11264500 2006 9 9 86959.0805 A
11264500 2006 9 10 86987.9992 A
11264500 2006 9 11 87106.1011 A
11264500 2006 9 12 87059.1983 A
11264500 2006 9 13 87005.2732 A
11264500 2006 9 14 86972.6588 A
11264500 2006 9 15 86993.8687 A
11264500 2006 9 16 87010.8082 A
11264500 2006 9 17 86988.9553 A
11264500 2006 9 18 87033.1650 A
11264500 2006 9 19 86906.7371 A
11264500 2006 9 20 86906.3210 A
11264500 2006 9 21 86886.4005 A
11264500 2006 9 22 86943.0267 A
11264500 2006 9 23 86972.7036 A
11264500 2006 9 24 86954.8848 A
11264500 2006 9 25 86961.1356 A
11264500 2006 9 26 87123.4086 A
11264500 2006 9 27 86975.9087 A
11264500 2006 9 28 87073.1846 A
11264500 2006 9 29 87092.9580 A
11264500 2006 9 30 86972.8761 A
11264500 2006 10 1 87062.4533 A
11264500 2006 10 2 86967.7235 A
11264500 2006 10 3 87166.2853 A
11264500 2006 10 4 87011.8937 A
11264500 2006 10 5 87054.5799 A
11264500 2006 10 6 87276.1903 A
11264500 2006 10 7 87123.9645 A
11264500 2006 10 8 87048.7747 A
11264500 2006 10 9 87014.2913 A
11264500 2006 10 10 86982.4152 A
11264500 2006 10 11 87095.6192 A
11264500 2006 10 12 87024.3099 A
11264500 2006 10 13 86958.2146 A
11264500 2006 10 14 87088.2615 A
11264500 2006 10 15 86975.9439 A
11264500 2006 10 16 86934.3241 A
11264500 2006 10 17 87039.4987 A
11264500 2006 10 18 87188.9955 A
11264500 2006 10 19 87085.7628 A
11264500 2006 10 20 87243.6777 A
11264500 2006 10 21 87015.6666 A
11264500 2006 10 22 87130.3463 A
11264500 2006 10 23 87247.5563 A
11264500 2006 10 24 87018.3843 A
11264500 2006 10 25 87075.2154 A
11264500 2006 10 26 87020.8132 A
11264500 2006 10 27 86952.1732 A
11264500 2006 10 28 87037.4592 A
11264500 2006 10 29 86978.2654 A
11264500 2006 10 30 86961.2874 A
11264500 2006 10 31 86973.3518 A
11264500 2006 11 1 86930.9123 A
11264500 2006 11 2 86953.8305 A
11264500 2006 11 3 86927.9333 A
11264500 2006 11 4 86922.1898 A
11264500 2006 11 5 86955.3149 A
11264500 2006 11 6 86872.4159 A
11264500 2006 11 7 86882.5716 A
11264500 2006 11 8 86828.8713 A
11264500 2006 11 9 86813.8963 A
11264500 2006 11 10 86849.9087 A
11264500 2006 11 11 86869.1053 A
11264500 2006 11 12 86899.6521 A
11264500 2006 11 13 86827.6902 A
11264500 2006 11 14 86761.9341 A
11264500 2006 11 15 86836.8703 A
11264500 2006 11 16 86814.9706 A
11264500 2006 11 17 86803.0067 A
11264500 2006 11 18 86812.6975 A
11264500 2006 11 19 86778.2705 A
11264500 2006 11 20 86727.8560 A
11264500 2006 11 21 86814.1410 A
11264500 2006 11 22 86776.5699 A
11264500 2006 11 23 86703.0049 A
11264500 2006 11 24 86710.5504 A
11264500 2006 11 25 86684.9242 A
11264500 2006 11 26 86678.9914 A
11264500 2006 11 27 86658.3240 A
11264500 2006 11 28 86693.9891 A
11264500 2006 11 29 86618.3749 A
11264500 2006 11 30 86677.1323 A
11264500 2006 12 1 86646.3612 A
11264500 2006 12 2 86619.2546 A
11264500 2006 12 3 86577.9789 A
11264500 2006 12 4 86594.2716 A
11264500 2006 12 5 86648.7138 A
11264500 2006 12 6 86622.0813 A
11264500 2006 12 7 86548.9739 A
11264500 2006 12 8 86611.0137 A
11264500 2006 12 9 86620.5654 A
11264500 2006 12 10 86596.9928 A
11264500 2006 12 11 86562.6563 A
11264500 2006 12 12 86591.4367 A
11264500 2006 12 13 86549.0082 A
11264500 2006 12 14 86527.7352 A
11264500 2006 12 15 86503.7467 A
11264500 2006 12 16 86490.3713 A
11264500 2006 12 17 86452.1978 A
11264500 2006 12 18 86472.0858 A
11264500 2006 12 19 86461.4722 A
11264500 2006 12 20 86555.8319 A
11264500 2006 12 21 86469.5855 A
11264500 2006 12 22 86414.3923 A
11264500 2006 12 23 86422.8079 A
11264500 2006 12 24 86418.7013 A
11264500 2006 12 25 86438.4896 A
11264500 2006 12 26 86477.0677 A
11264500 2006 12 27 86370.0483 A
11264500 2006 12 28 86400.2793 A
11264500 2006 12 29 86276.8775 A
11264500 2006 12 30 86397.3071 A
11264500 2006 12 31 86346.8737 A
11264500 2007 1 1 86323.0566 A
11264500 2007 1 2 86317.7318 A
11264500 2007 1 3 86361.0723 A
11264500 2007 1 4 86347.9359 A
11264500 2007 1 5 86274.3507 A
11264500 2007 1 6 86382.7764 A
11264500 2007 1 7 86287.5726 A
11264500 2007 1 8 86299.5604 A
11264500 2007 1 9 86245.6287 A
11264500 2007 1 10 86279.5764 A
11264500 2007 1 11 86215.7771 A
11264500 2007 1 12 86309.7035 A
11264500 2007 1 13 86225.3124 A
11264500 2007 1 14 86238.5585 A
11264500 2007 1 15 86238.9409 A
11264500 2007 1 16 86366.9921 A
11264500 2007 1 17 86265.2809 A
11264500 2007 1 18 86226.8216 A
11264500 2007 1 19 86251.8112 A
11264500 2007 1 20 86214.1308 A
11264500 2007 1 21 86299.2103 A
11264500 2007 1 22 86273.8651 A
11264500 2007 1 23 86236.4689 A
11264500 2007 1 24 86179.2863 A
11264500 2007 1 25 86265.6206 A
11264500 2007 1 26 86169.1572 A
11264500 2007 1 27 86192.8283 A
11264500 2007 1 28 86231.8477 A
11264500 2007 1 29 86196.4971 A
11264500 2007 1 30 86100.4618 A
11264500 2007 1 31 86143.0882 A
11264500 2007 2 1 86131.4294 A
11264500 2007 2 2 86262.6628 A
11264500 2007 2 3 86131.7242 A
11264500 2007 2 4 86198.7696 A
11264500 2007 2 5 86149.8816 A
11264500 2007 2 6 86055.5410 A
11264500 2007 2 7 86205.6033 A
11264500 2007 2 8 86090.4892 A
11264500 2007 2 9 86109.0841 A
11264500 2007 2 10 86071.5109 A
11264500 2007 2 11 86085.3112 A
11264500 2007 2 12 86007.4795 A
11264500 2007 2 13 86055.5219 A
11264500 2007 2 14 86044.8849 A
11264500 2007 2 15 85994.2964 A
11264500 2007 2 16 85977.0632 A
11264500 2007 2 17 85967.8434 A
11264500 2007 2 18 85924.7297 A
11264500 2007 2 19 85947.6091 A
11264500 2007 2 20 86023.9791 A
11264500 2007 2 21 85959.6742 A
11264500 2007 2 22 85910.7158 A
11264500 2007 2 23 85941.2614 A
11264500 2007 2 24 85980.7129 A
11264500 2007 2 25 85928.4539 A
11264500 2007 2 26 85847.8265 A
11264500 2007 2 27 85966.3521 A
11264500 2007 2 28 85885.7775 A
11264500 2007 3 1 85926.8285 A
11264500 2007 3 2 85920.4052 A
11264500 2007 3 3 85886.7555 A
11264500 2007 3 4 85867.0112 A
11264500 2007 3 5 85860.6163 A
11264500 2007 3 6 85820.3583 A
11264500 2007 3 7 85784.7000 A
11264500 2007 3 8 85887.9022 A
11264500 2007 3 9 85800.3659 A
11264500 2007 3 10 85820.0638 A
11264500 2007 3 11 85830.6129 A
11264500 2007 3 12 85806.7919 A
11264500 2007 3 13 85879.3389 A
11264500 2007 3 14 85755.9971 A
11264500 2007 3 15 85769.1838 A
11264500 2007 3 16 85714.3818 A
11264500 2007 3 17 85820.7015 A
11264500 2007 3 18 85749.8366 A
11264500 2007 3 19 85786.6791 A
11264500 2007 3 20 85693.9571 A
11264500 2007 3 21 85787.9230 A
11264500 2007 3 22 85638.6487 A
11264500 2007 3 23 85723.7253 A
11264500 2007 3 24 85696.0520 A
11264500 2007 3 25 85782.4587 A
11264500 2007 3 26 85767.2625 A
11264500 2007 3 27 85684.2137 A
11264500 2007 3 28 85705.8006 A
11264500 2007 3 29 85673.4000 A
11264500 2007 3 30 85754.7988 A
11264500 2007 3 31 85576.3702 A
11264500 2007 4 1 85685.2273 A
11264500 2007 4 2 85715.7658 A
11264500 2007 4 3 85637.8923 A
11264500 2007 4 4 85677.0558 A
11264500 2007 4 5 85651.1474 A
11264500 2007 4 6 85727.8619 A
11264500 2007 4 7 85644.4995 A
11264500 2007 4 8 85598.0668 A
11264500 2007 4 9 85572.8343 A
11264500 2007 4 10 85593.8793 A
11264500 2007 4 11 85589.3144 A
11264500 2007 4 12 85593.0044 A
11264500 2007 4 13 85596.3263 A
11264500 2007 4 14 85497.0038 A
11264500 2007 4 15 85655.9056 A
11264500 2007 4 16 85769.6518 A
11264500 2007 4 17 85610.2690 A
11264500 2007 4 18 85593.5278 A
11264500 2007 4 19 85898.6111 A
11264500 2007 4 20 85824.1919 A
11264500 2007 4 21 85762.5742 A
11264500 2007 4 22 85982.9525 A
11264500 2007 4 23 85829.5724 A
11264500 2007 4 24 85886.6767 A
11264500 2007 4 25 85907.1322 A
11264500 2007 4 26 86022.2267 A
11264500 2007 4 27 86358.8525 A
11264500 2007 4 28 86419.4827 A
11264500 2007 4 29 86851.7624 A
11264500 2007 4 30 86990.0005 A
11264500 2007 5 1 87396.8298 A
11264500 2007 5 2 87214.0547 A
11264500 2007 5 3 87343.1873 A
11264500 2007 5 4 87288.9014 A
11264500 2007 5 5 87736.8585 A
11264500 2007 5 6 87490.7375 A
11264500 2007 5 7 87489.2177 A
11264500 2007 5 8 88559.2308 A
11264500 2007 5 9 87892.9644 A
11264500 2007 5 10 88418.0940 A
11264500 2007 5 11 88281.0977 A
11264500 2007 5 12 88972.3961 A
11264500 2007 5 13 89256.2497 A
11264500 2007 5 14 89342.8855 A
11264500 2007 5 15 89762.9602 A
11264500 2007 5 16 89688.4918 A
11264500 2007 5 17 90519.5126 A
11264500 2007 5 18 90466.6914 A
11264500 2007 5 19 90346.9900 A
11264500 2007 5 20 90714.1973 A
11264500 2007 5 21 90899.1426 A
11264500 2007 5 22 91095.2369 A
11264500 2007 5 23 90998.5588 A
11264500 2007 5 24 91693.6836 A
11264500 2007 5 25 91506.3368 A
11264500 2007 5 26 91435.2832 A
11264500 2007 5 27 92174.1625 A
11264500 2007 5 28 92306.2086 A
11264500 2007 5 29 92521.8980 A
11264500 2007 5 30 92148.3104 A
11264500 2007 5 31 92959.4665 A
11264500 2007 6 1 93412.7682 A
11264500 2007 6 2 93540.0729 A
11264500 2007 6 3 94147.6368 A
11264500 2007 6 4 94668.7460 A
11264500 2007 6 5 94821.2391 A
11264500 2007 6 6 95289.0201 A
11264500 2007 6 7 95813.7600 A
11264500 2007 6 8 94673.8034 A
11264500 2007 6 9 94154.5299 A
11264500 2007 6 10 94208.9527 A
11264500 2007 6 11 94605.7193 A
11264500 2007 6 12 94386.8687 A
11264500 2007 6 13 94366.7464 A
11264500 2007 6 14 94254.3298 A
11264500 2007 6 15 94285.1784 A
11264500 2007 6 16 94236.6518 A
11264500 2007 6 17 94217.3034 A
11264500 2007 6 18 94372.7454 A
11264500 2007 6 19 94321.1745 A
11264500 2007 6 20 94297.4626 A
11264500 2007 6 21 94243.3109 A
11264500 2007 6 22 94314.7238 A
11264500 2007 6 23 94221.1523 A
11264500 2007 6 24 94316.8371 A
11264500 2007 6 25 94335.9390 A
11264500 2007 6 26 94254.9067 A
11264500 2007 6 27 94289.2444 A
11264500 2007 6 28 94250.2460 A
11264500 2007 6 29 94204.1669 A
11264500 2007 6 30 94224.4283 A
11264500 2007 7 1 94162.6425 A
11264500 2007 7 2 94437.5451 A
11264500 2007 7 3 94424.0358 A
11264500 2007 7 4 94287.7059 A
11264500 2007 7 5 94307.7941 A
11264500 2007 7 6 94326.2019 A
11264500 2007 7 7 94306.0606 A
11264500 2007 7 8 94255.4878 A
11264500 2007 7 9 94339.1561 A
11264500 2007 7 10 94279.7882 A
11264500 2007 7 11 94320.9636 A
11264500 2007 7 12 94233.4705 A
11264500 2007 7 13 94263.3882 A
11264500 2007 7 14 94717.5010 A
11264500 2007 7 15 94463.1636 A
11264500 2007 7 16 94396.2344 A
11264500 2007 7 17 94309.8257 A
11264500 2007 7 18 94397.6759 A
11264500 2007 7 19 94418.8890 A
11264500 2007 7 20 94357.8477 A
11264500 2007 7 21 94297.0289 A
11264500 2007 7 22 94378.7257 A
11264500 2007 7 23 94200.3431 A
11264500 2007 7 24 94321.2872 A
11264500 2007 7 25 94301.2606 A
11264500 2007 7 26 94367.4281 A
11264500 2007 7 27 94323.8308 A
11264500 2007 7 28 94322.0354 A
11264500 2007 7 29 94389.4462 A
11264500 2007 7 30 94514.5547 A
11264500 2007 7 31 94307.1034 A
11264500 2007 8 1 94297.9718 A
11264500 2007 8 2 94294.7587 A
11264500 2007 8 3 94287.9035 A
11264500 2007 8 4 94247.2907 A
11264500 2007 8 5 94259.9102 A
11264500 2007 8 6 94283.7314 A
11264500 2007 8 7 94249.4393 A
11264500 2007 8 8 94320.7252 A
11264500 2007 8 9 94269.9278 A
11264500 2007 8 10 94240.5560 A
11264500 2007 8 11 94260.5374 A
11264500 2007 8 12 94336.5009 A
11264500 2007 8 13 94248.0423 A
11264500 2007 8 14 94302.1329 A
11264500 2007 8 15 94319.3417 A
11264500 2007 8 16 94319.6067 A
11264500 2007 8 17 94355.3479 A
11264500 2007 8 18 94439.9554 A
11264500 2007 8 19 94276.4250 A
11264500 2007 8 20 94230.9780 A
11264500 2007 8 21 94152.5996 A
11264500 2007 8 22 94283.2119 A
11264500 2007 8 23 94235.2814 A
11264500 2007 8 24 94228.5347 A
11264500 2007 8 25 94259.7262 A
11264500 2007 8 26 94195.7295 A
11264500 2007 8 27 94170.0553 A
11264500 2007 8 28 94279.1660 A
11264500 2007 8 29 94153.3134 A
11264500 2007 8 30 94168.4677 A
11264500 2007 8 31 94207.0520 A
11264500 2007 9 1 94133.4427 A
11264500 2007 9 2 94200.8900 A
11264500 2007 9 3 94127.2813 A
11264500 2007 9 4 94104.9848 A
11264500 2007 9 5 94318.7190 A
11264500 2007 9 6 94197.3086 A
11264500 2007 9 7 94149.3263 A
11264500 2007 9 8 94219.5599 A
11264500 2007 9 9 94185.0397 A
11264500 2007 9 10 94110.0062 A
11264500 2007 9 11 94195.8631 A
11264500 2007 9 12 94190.5268 A
11264500 2007 9 13 94077.9277 A
11264500 2007 9 14 94150.2096 A
11264500 2007 9 15 94077.6295 A
11264500 2007 9 16 94047.8384 A
11264500 2007 9 17 94092.0168 A
11264500 2007 9 18 94096.9247 A
11264500 2007 9 19 94040.8961 A
11264500 2007 9 20 94062.2254 A
11264500 2007 9 21 94236.6479 A
11264500 2007 9 22 94114.5420 A
11264500 2007 9 23 94142.2246 A
11264500 2007 9 24 94107.7164 A
11264500 2007 9 25 94099.9722 A
11264500 2007 9 26 94163.8775 A
11264500 2007 9 27 94064.6466 A
11264500 2007 9 28 94036.0768 A
11264500 2007 9 29 94174.3637 A
11264500 2007 9 30 94074.0000 A
11264500 2007 10 1 94121.0609 A
11264500 2007 10 2 94041.7667 A
11264500 2007 10 3 94093.2960 A
11264500 2007 10 4 94053.7795 A
11264500 2007 10 5 94042.2579 A
11264500 2007 10 6 94041.6191 A
11264500 2007 10 7 94053.7212 A
11264500 2007 10 8 93985.7688 A
11264500 2007 10 9 93963.1202 A
11264500 2007 10 10 94062.7870 A
11264500 2007 10 11 94256.1249 A
11264500 2007 10 12 94264.3410 A
11264500 2007 10 13 94054.9706 A
11264500 2007 10 14 94011.4299 A
11264500 2007 10 15 94076.9552 A
11264500 2007 10 16 94084.8218 A
11264500 2007 10 17 93985.6572 A
11264500 2007 10 18 94141.5806 A
11264500 2007 10 19 94043.2645 A
11264500 2007 10 20 94048.3868 A
11264500 2007 10 21 94054.8535 A
11264500 2007 10 22 94012.6570 A
11264500 2007 10 23 94010.9706 A
11264500 2007 10 24 93948.2709 A
11264500 2007 10 25 93926.2703 A
11264500 2007 10 26 93974.8527 A
11264500 2007 10 27 93888.5792 A
11264500 2007 10 28 93970.6149 A
11264500 2007 10 29 93931.3912 A
11264500 2007 10 30 94036.2768 A
11264500 2007 10 31 93889.2121 A
11264500 2007 11 1 94306.0471 A
11264500 2007 11 2 93942.9703 A
11264500 2007 11 3 93952.3523 A
11264500 2007 11 4 93963.8772 A
11264500 2007 11 5 93955.3205 A
11264500 2007 11 6 94005.0803 A
11264500 2007 11 7 93987.1396 A
11264500 2007 11 8 93939.9837 A
11264500 2007 11 9 93880.4347 A
11264500 2007 11 10 93895.3048 A
11264500 2007 11 11 93873.4809 A
11264500 2007 11 12 93882.1341 A
11264500 2007 11 13 93840.9773 A
11264500 2007 11 14 93862.0072 A
11264500 2007 11 15 93815.4836 A
11264500 2007 11 16 93855.4385 A
11264500 2007 11 17 93790.5042 A
11264500 2007 11 18 93803.0817 A
11264500 2007 11 19 93821.7179 A
11264500 2007 11 20 93834.2966 A
11264500 2007 11 21 93789.7058 A
11264500 2007 11 22 93824.9042 A
11264500 2007 11 23 93713.2894 A
11264500 2007 11 24 93717.3116 A
11264500 2007 11 25 93739.8647 A
11264500 2007 11 26 93701.5254 A
11264500 2007 11 27 93707.7826 A
11264500 2007 11 28 93692.3476 A
11264500 2007 11 29 93664.9816 A
11264500 2007 11 30 93691.8895 A
11264500 2007 12 1 93712.6986 A
11264500 2007 12 2 93631.1193 A
11264500 2007 12 3 93693.2335 A
11264500 2007 12 4 93630.9763 A
11264500 2007 12 5 93666.3801 A
11264500 2007 12 6 93658.6261 A
11264500 2007 12 7 93636.3236 A
11264500 2007 12 8 93678.7968 A
11264500 2007 12 9 93692.8112 A
11264500 2007 12 10 93624.9543 A
11264500 2007 12 11 93584.5623 A
11264500 2007 12 12 93641.7326 A
11264500 2007 12 13 93573.1708 A
11264500 2007 12 14 93574.8333 A
11264500 2007 12 15 93658.6346 A
11264500 2007 12 16 93579.6830 A
11264500 2007 12 17 93526.7230 A
11264500 2007 12 18 93588.4506 A
11264500 2007 12 19 93544.5159 A
11264500 2007 12 20 93520.7801 A
11264500 2007 12 21 93553.9398 A
11264500 2007 12 22 93508.2233 A
11264500 2007 12 23 93546.3324 A
11264500 2007 12 24 93596.8920 A
11264500 2007 12 25 93520.7664 A
11264500 2007 12 26 93460.9831 A
11264500 2007 12 27 93513.5588 A
11264500 2007 12 28 93449.6218 A
11264500 2007 12 29 93500.3214 A
11264500 2007 12 30 93489.6269 A
11264500 2007 12 31 93472.8273 A
11264500 2008 1 1 93498.7227 A
11264500 2008 1 2 93405.2467 A
11264500 2008 1 3 93459.1012 A
11264500 2008 1 4 93505.4311 A
11264500 2008 1 5 93450.5963 A
11264500 2008 1 6 93497.3443 A
11264500 2008 1 7 93595.4021 A
11264500 2008 1 8 93491.4151 A
11264500 2008 1 9 93445.5684 A
11264500 2008 1 10 93494.1691 A
11264500 2008 1 11 93416.9405 A
11264500 2008 1 12 93411.9849 A
11264500 2008 1 13 93380.4272 A
11264500 2008 1 14 93350.6870 A
11264500 2008 1 15 93440.2252 A
11264500 2008 1 16 93381.6893 A
11264500 2008 1 17 93335.3197 A
11264500 2008 1 18 93295.5946 A
11264500 2008 1 19 93361.8566 A
11264500 2008 1 20 93439.4427 A
11264500 2008 1 21 93366.7254 A
11264500 2008 1 22 93348.5716 A
11264500 2008 1 23 93333.8093 A
11264500 2008 1 24 93315.5745 A
11264500 2008 1 25 93358.5118 A
11264500 2008 1 26 93303.5077 A
11264500 2008 1 27 93288.9869 A
11264500 2008 1 28 93314.7589 A
11264500 2008 1 29 93257.0500 A
11264500 2008 1 30 93280.3310 A
11264500 2008 1 31 93244.9525 A
11264500 2008 2 1 93356.0522 A
11264500 2008 2 2 93195.1381 A
11264500 2008 2 3 93193.8726 A
11264500 2008 2 4 93227.5389 A
11264500 2008 2 5 93216.7404 A
11264500 2008 2 6 93154.5126 A
11264500 2008 2 7 93190.9408 A
11264500 2008 2 8 93155.8200 A
11264500 2008 2 9 93178.8677 A
11264500 2008 2 10 93147.5383 A
11264500 2008 2 11 93175.5238 A
11264500 2008 2 12 93161.6574 A
11264500 2008 2 13 93094.5736 A
11264500 2008 2 14 93136.8786 A
11264500 2008 2 15 93030.7984 A
11264500 2008 2 16 93114.6735 A
11264500 2008 2 17 93077.6213 A
11264500 2008 2 18 93098.5969 A
11264500 2008 2 19 93064.9169 A
11264500 2008 2 20 93029.1570 A
11264500 2008 2 21 93084.7178 A
11264500 2008 2 22 93076.9453 A
11264500 2008 2 23 93051.0990 A
11264500 2008 2 24 92994.2211 A
11264500 2008 2 25 92990.1645 A
11264500 2008 2 26 93049.5905 A
11264500 2008 2 27 93000.3418 A
11264500 2008 2 28 92934.2232 A
11264500 2008 2 29 92921.0926 A
11264500 2008 3 1 93053.5844 A
11264500 2008 3 2 92958.7766 A
11264500 2008 3 3 92960.8993 A
11264500 2008 3 4 92940.6037 A
11264500 2008 3 5 92903.8647 A
11264500 2008 3 6 92894.6492 A
11264500 2008 3 7 92979.4151 A
11264500 2008 3 8 92928.7706 A
11264500 2008 3 9 92884.8542 A
11264500 2008 3 10 92847.1003 A
11264500 2008 3 11 92917.5443 A
11264500 2008 3 12 92864.5830 A
11264500 2008 3 13 92911.0536 A
11264500 2008 3 14 92862.8063 A
11264500 2008 3 15 92984.9713 A
11264500 2008 3 16 92908.8307 A
11264500 2008 3 17 92877.1163 A
11264500 2008 3 18 92910.5722 A
11264500 2008 3 19 92922.1243 A
11264500 2008 3 20 93071.5762 A
11264500 2008 3 21 92834.9741 A
11264500 2008 3 22 92816.7044 A
11264500 2008 3 23 92847.9948 A
11264500 2008 3 24 92881.9178 A
11264500 2008 3 25 92811.6815 A
11264500 2008 3 26 92808.6546 A
11264500 2008 3 27 92903.3321 A
11264500 2008 3 28 92788.5044 A
11264500 2008 3 29 92838.0453 A
11264500 2008 3 30 92798.5815 A
11264500 2008 3 31 92843.7372 A
11264500 2008 4 1 92781.2265 A
11264500 2008 4 2 92760.8683 A
11264500 2008 4 3 92737.0643 A
11264500 2008 4 4 92732.9392 A
11264500 2008 4 5 92732.0372 A
11264500 2008 4 6 92703.8577 A
11264500 2008 4 7 92722.9375 A
11264500 2008 4 8 92767.5506 A
11264500 2008 4 9 92786.8698 A
11264500 2008 4 10 92720.9050 A
11264500 2008 4 11 92952.9604 A
11264500 2008 4 12 92762.8391 A
11264500 2008 4 13 92769.9283 A
11264500 2008 4 14 92736.7953 A
11264500 2008 4 15 92731.4725 A
11264500 2008 4 16 93100.5185 A
11264500 2008 4 17 92760.1447 A
11264500 2008 4 18 93152.3510 A
11264500 2008 4 19 93043.9384 A
11264500 2008 4 20 93357.2129 A
11264500 2008 4 21 93218.6250 A
11264500 2008 4 22 92978.7255 A
11264500 2008 4 23 93305.4673 A
11264500 2008 4 24 93740.0054 A
11264500 2008 4 25 93699.6934 A
11264500 2008 4 26 93643.5539 A
11264500 2008 4 27 94413.0244 A
11264500 2008 4 28 94265.7217 A
11264500 2008 4 29 94366.4843 A
11264500 2008 4 30 94365.7748 A
11264500 2008 5 1 94643.2405 A
11264500 2008 5 2 94897.8443 A
11264500 2008 5 3 94180.6775 A
11264500 2008 5 4 94917.7844 A
11264500 2008 5 5 94915.3062 A
11264500 2008 5 6 95065.3758 A
11264500 2008 5 7 95331.2953 A
11264500 2008 5 8 95033.7177 A
11264500 2008 5 9 95120.3306 A
11264500 2008 5 10 96021.3471 A
11264500 2008 5 11 95991.7155 A
11264500 2008 5 12 95530.8407 A
11264500 2008 5 13 96033.1638 A
11264500 2008 5 14 96640.8758 A
11264500 2008 5 15 96542.5253 A
11264500 2008 5 16 97209.8414 A
11264500 2008 5 17 97415.6724 A
11264500 2008 5 18 97059.5121 A
11264500 2008 5 19 97629.9744 A
11264500 2008 5 20 97760.2839 A
11264500 2008 5 21 97677.8527 A
11264500 2008 5 22 97839.2843 A
11264500 2008 5 23 98228.5835 A
11264500 2008 5 24 98490.9530 A
11264500 2008 5 25 99043.1753 A
11264500 2008 5 26 99476.4280 A
11264500 2008 5 27 99705.0655 A
11264500 2008 5 28 100057.0064 A
11264500 2008 5 29 100083.8389 A
11264500 2008 5 30 100611.4733 A
11264500 2008 5 31 100889.9007 A
11264500 2008 6 1 100976.6890 A
11264500 2008 6 2 101863.7879 A
11264500 2008 6 3 101197.9278 A
11264500 2008 6 4 101427.9520 A
11264500 2008 6 5 102315.6637 A
11264500 2008 6 6 102494.4300 A
11264500 2008 6 7 102525.2194 A
11264500 2008 6 8 103044.7434 A
11264500 2008 6 9 102029.2901 A
11264500 2008 6 10 101664.9336 A
11264500 2008 6 11 102094.1453 A
11264500 2008 6 12 101844.4433 A
11264500 2008 6 13 101799.7100 A
11264500 2008 6 14 101911.6761 A
11264500 2008 6 15 101732.4465 A
11264500 2008 6 16 101821.7959 A
11264500 2008 6 17 101754.6730 A
11264500 2008 6 18 101856.7600 A
11264500 2008 6 19 101820.8381 A
11264500 2008 6 20 101873.4475 A
11264500 2008 6 21 101776.5842 A
11264500 2008 6 22 101816.7714 A
11264500 2008 6 23 101724.4790 A
11264500 2008 6 24 101695.3600 A
11264500 2008 6 25 101679.3517 A
11264500 2008 6 26 101674.0264 A
11264500 2008 6 27 101821.8743 A
11264500 2008 6 28 101675.9690 A
11264500 2008 6 29 101708.2055 A
11264500 2008 6 30 101618.1698 A
11264500 2008 7 1 101700.1986 A
11264500 2008 7 2 101732.0931 A
11264500 2008 7 3 101679.9113 A
11264500 2008 7 4 101789.0106 A
11264500 2008 7 5 101692.2906 A
11264500 2008 7 6 101801.5023 A
11264500 2008 7 7 101896.8395 A
11264500 2008 7 8 101729.0427 A
11264500 2008 7 9 101715.1595 A
11264500 2008 7 10 101825.6834 A
11264500 2008 7 11 101733.6399 A
11264500 2008 7 12 101709.1080 A
11264500 2008 7 13 101794.2864 A
11264500 2008 7 14 101732.4563 A
11264500 2008 7 15 101687.5236 A
11264500 2008 7 16 102105.7329 A
11264500 2008 7 17 101803.9501 A
11264500 2008 7 18 101894.4778 A
11264500 2008 7 19 101830.4332 A
11264500 2008 7 20 101909.0882 A
11264500 2008 7 21 101848.7770 A
11264500 2008 7 22 101888.4068 A
11264500 2008 7 23 101768.2949 A
11264500 2008 7 24 101793.7504 A
11264500 2008 7 25 101724.6724 A
11264500 2008 7 26 101782.0228 A
11264500 2008 7 27 101782.7713 A
11264500 2008 7 28 101771.2730 A
11264500 2008 7 29 101764.0058 A
11264500 2008 7 30 101665.2468 A
11264500 2008 7 31 101688.3055 A
11264500 2008 8 1 101662.4561 A
11264500 2008 8 2 101793.1921 A
11264500 2008 8 3 101732.1506 A
11264500 2008 8 4 101691.5985 A
11264500 2008 8 5 101660.4228 A
11264500 2008 8 6 101669.1061 A
11264500 2008 8 7 102009.6628 A
11264500 2008 8 8 101686.1235 A
11264500 2008 8 9 101749.3339 A
11264500 2008 8 10 101695.3305 A
11264500 2008 8 11 101691.5100 A
11264500 2008 8 12 101722.2623 A
11264500 2008 8 13 101610.2756 A
11264500 2008 8 14 101612.4075 A
11264500 2008 8 15 101809.4028 A
11264500 2008 8 16 101682.3771 A
11264500 2008 8 17 101596.4689 A
11264500 2008 8 18 101723.6256 A
11264500 2008 8 19 101633.9226 A
11264500 2008 8 20 101594.0917 A
11264500 2008 8 21 101620.1726 A
11264500 2008 8 22 101637.9765 A
11264500 2008 8 23 101612.0997 A
11264500 2008 8 24 101672.8213 A
11264500 2008 8 25 101520.1453 A
11264500 2008 8 26 101547.3403 A
11264500 2008 8 27 101554.8742 A
11264500 2008 8 28 101649.4161 A
11264500 2008 8 29 101528.6666 A
11264500 2008 8 30 101680.7058 A
11264500 2008 8 31 101601.8901 A
11264500 2008 9 1 101588.1491 A
11264500 2008 9 2 101531.7907 A
11264500 2008 9 3 101579.3840 A
11264500 2008 9 4 101622.9188 A
11264500 2008 9 5 101510.7688 A
11264500 2008 9 6 101618.5348 A
11264500 2008 9 7 101568.7587 A
11264500 2008 9 8 101746.0581 A
11264500 2008 9 9 101572.2368 A
11264500 2008 9 10 101617.2499 A
11264500 2008 9 11 101524.2073 A
11264500 2008 9 12 101544.4823 A
11264500 2008 9 13 101522.4106 A
11264500 2008 9 14 101571.3536 A
11264500 2008 9 15 101479.4494 A
11264500 2008 9 16 101614.0002 A
11264500 2008 9 17 101687.6649 A
11264500 2008 9 18 101517.4852 A
11264500 2008 9 19 101455.1038 A
11264500 2008 9 20 101483.3946 A
11264500 2008 9 21 101510.1962 A
11264500 2008 9 22 101618.6077 A
11264500 2008 9 23 101673.6676 A
11264500 2008 9 24 101496.3800 A
11264500 2008 9 25 101594.3647 A
11264500 2008 9 26 101646.3760 A
11264500 2008 9 27 101591.0798 A
11264500 2008 9 28 101514.1584 A
11264500 2008 9 29 101528.6395 A
11264500 2008 9 30 101635.6939 A
11264500 2008 10 1 101423.0051 A
11264500 2008 10 2 101508.8981 A
11264500 2008 10 3 101440.3969 A
11264500 2008 10 4 101429.9452 A
11264500 2008 10 5 101467.2395 A
11264500 2008 10 6 101476.4430 A
11264500 2008 10 7 101448.7268 A
11264500 2008 10 8 101652.8554 A
11264500 2008 10 9 101579.5359 A
11264500 2008 10 10 101532.5264 A
11264500 2008 10 11 101433.0843 A
11264500 2008 10 12 101805.5220 A
11264500 2008 10 13 101631.1869 A
11264500 2008 10 14 101553.2827 A
11264500 2008 10 15 101732.0830 A
11264500 2008 10 16 101594.9366 A
11264500 2008 10 17 101667.1091 A
11264500 2008 10 18 101493.5336 A
11264500 2008 10 19 101533.1640 A
11264500 2008 10 20 101518.2826 A
11264500 2008 10 21 101492.3082 A
11264500 2008 10 22 101700.2890 A
11264500 2008 10 23 101638.4935 A
11264500 2008 10 24 101518.1688 A
11264500 2008 10 25 101469.2704 A
11264500 2008 10 26 101476.5637 A
11264500 2008 10 27 101518.5118 A
11264500 2008 10 28 101452.7806 A
11264500 2008 10 29 101473.4309 A
11264500 2008 10 30 101471.6285 A
11264500 2008 10 31 101496.6258 A
11264500 2008 11 1 101460.3179 A
11264500 2008 11 2 101427.3335 A
11264500 2008 11 3 101455.9709 A
11264500 2008 11 4 101414.2553 A
11264500 2008 11 5 101440.3300 A
11264500 2008 11 6 101324.1882 A
11264500 2008 11 7 101391.1141 A
11264500 2008 11 8 101314.8097 A
11264500 2008 11 9 101281.7127 A
11264500 2008 11 10 101306.4026 A
11264500 2008 11 11 101330.0503 A
11264500 2008 11 12 101368.5324 A
11264500 2008 11 13 101303.0758 A
11264500 2008 11 14 101260.5088 A
11264500 2008 11 15 101288.0190 A
11264500 2008 11 16 101246.6305 A
11264500 2008 11 17 101226.7963 A
11264500 2008 11 18 101216.6267 A
11264500 2008 11 19 101300.7415 A
11264500 2008 11 20 101214.9372 A
11264500 2008 11 21 101159.8756 A
11264500 2008 11 22 101236.7471 A
11264500 2008 11 23 101174.2151 A
11264500 2008 11 24 101205.4352 A
11264500 2008 11 25 101178.6712 A
11264500 2008 11 26 101137.3087 A
11264500 2008 11 27 101146.9863 A
11264500 2008 11 28 101066.0268 A
11264500 2008 11 29 101140.7293 A
11264500 2008 11 30 101130.3054 A
11264500 2008 12 1 101163.8411 A
11264500 2008 12 2 101061.0076 A
11264500 2008 12 3 101067.8260 A
11264500 2008 12 4 101074.4526 A
11264500 2008 12 5 101053.4898 A
11264500 2008 12 6 101030.6271 A
11264500 2008 12 7 101061.7773 A
11264500 2008 12 8 101072.2478 A
11264500 2008 12 9 101011.7124 A
11264500 2008 12 10 101007.3010 A
11264500 2008 12 11 101088.5656 A
11264500 2008 12 12 101036.1280 A
11264500 2008 12 13 100927.2908 A
11264500 2008 12 14 100995.2100 A
11264500 2008 12 15 101099.0389 A
11264500 2008 12 16 101039.8213 A
11264500 2008 12 17 100976.7280 A
11264500 2008 12 18 101010.0653 A
11264500 2008 12 19 101028.3389 A
11264500 2008 12 20 100965.2598 A
11264500 2008 12 21 100898.9177 A
11264500 2008 12 22 100956.6681 A
11264500 2008 12 23 100959.2884 A
11264500 2008 12 24 100851.4550 A
11264500 2008 12 25 100892.8544 A
11264500 2008 12 26 100965.6519 A
11264500 2008 12 27 100908.0421 A
11264500 2008 12 28 100899.3807 A
11264500 2008 12 29 100910.4993 A
11264500 2008 12 30 100863.1657 A
11264500 2008 12 31 101003.1704 A
11264500 2009 1 1 100903.0447 A
11264500 2009 1 2 100840.3322 A
11264500 2009 1 3 100859.1235 A
11264500 2009 1 4 100870.9509 A
11264500 2009 1 5 100869.7704 A
11264500 2009 1 6 100811.9823 A
11264500 2009 1 7 100802.7415 A
11264500 2009 1 8 100801.1775 A
11264500 2009 1 9 100830.5837 A
11264500 2009 1 10 100731.8335 A
11264500 2009 1 11 100769.7604 A
11264500 2009 1 12 100760.3092 A
11264500 2009 1 13 100800.7153 A
11264500 2009 1 14 100769.7944 A
11264500 2009 1 15 100722.3347 A
11264500 2009 1 16 100692.3572 A
11264500 2009 1 17 100860.9201 A
11264500 2009 1 18 100739.0374 A
11264500 2009 1 19 100784.7450 A
11264500 2009 1 20 100729.4463 A
11264500 2009 1 21 100688.0043 A
11264500 2009 1 22 100690.1036 A
11264500 2009 1 23 100676.3466 A
11264500 2009 1 24 100686.2096 A
11264500 2009 1 25 100745.6760 A
11264500 2009 1 26 100688.9090 A
11264500 2009 1 27 100640.8972 A
11264500 2009 1 28 100606.2286 A
11264500 2009 1 29 100660.1732 A
11264500 2009 1 30 100578.3290 A
11264500 2009 1 31 100690.6906 A
11264500 2009 2 1 100616.6555 A
11264500 2009 2 2 100571.4426 A
11264500 2009 2 3 100534.4011 A
11264500 2009 2 4 100580.1857 A
11264500 2009 2 5 100521.8872 A
11264500 2009 2 6 100596.2774 A
11264500 2009 2 7 100484.1637 A
11264500 2009 2 8 100487.9959 A
11264500 2009 2 9 100572.9922 A
11264500 2009 2 10 100526.1190 A
11264500 2009 2 11 100528.3163 A
11264500 2009 2 12 100412.6774 A
11264500 2009 2 13 100556.6038 A
11264500 2009 2 14 100431.9841 A
11264500 2009 2 15 100441.8400 A
11264500 2009 2 16 100573.4156 A
11264500 2009 2 17 100407.1835 A
11264500 2009 2 18 100482.2857 A
11264500 2009 2 19 100459.3234 A
11264500 2009 2 20 100487.9664 A
11264500 2009 2 21 100430.9221 A
11264500 2009 2 22 100446.8734 A
11264500 2009 2 23 100494.5816 A
11264500 2009 2 24 100401.0677 A
11264500 2009 2 25 100448.4944 A
11264500 2009 2 26 100459.0861 A
11264500 2009 2 27 100452.3131 A
11264500 2009 2 28 100476.7954 A
11264500 2009 3 1 100390.7264 A
11264500 2009 3 2 100431.4557 A
11264500 2009 3 3 100363.3407 A
11264500 2009 3 4 100438.9589 A
11264500 2009 3 5 100332.8357 A
11264500 2009 3 6 100395.3876 A
11264500 2009 3 7 100404.0779 A
11264500 2009 3 8 100432.8252 A
11264500 2009 3 9 100380.0443 A
11264500 2009 3 10 100350.9579 A
11264500 2009 3 11 100321.2755 A
11264500 2009 3 12 100281.7956 A
11264500 2009 3 13 100287.6293 A
11264500 2009 3 14 100366.9817 A
11264500 2009 3 15 100380.0869 A
11264500 2009 3 16 100272.6688 A
11264500 2009 3 17 100229.4852 A
11264500 2009 3 18 100267.1798 A
11264500 2009 3 19 100286.4747 A
11264500 2009 3 20 100267.8014 A
11264500 2009 3 21 100283.2054 A
11264500 2009 3 22 100323.5938 A
11264500 2009 3 23 100313.7788 A
11264500 2009 3 24 100263.7052 A
11264500 2009 3 25 100141.6013 A
11264500 2009 3 26 100349.6761 A
11264500 2009 3 27 100166.8296 A
11264500 2009 3 28 100218.3386 A
11264500 2009 3 29 100213.6531 A
11264500 2009 3 30 100192.3922 A
11264500 2009 3 31 100187.8992 A
11264500 2009 4 1 100135.4703 A
11264500 2009 4 2 100125.1377 A
11264500 2009 4 3 100157.2215 A
11264500 2009 4 4 100121.3005 A
11264500 2009 4 5 100123.5132 A
11264500 2009 4 6 100115.5952 A
11264500 2009 4 7 100121.1487 A
11264500 2009 4 8 100126.5704 A
11264500 2009 4 9 100089.5135 A
11264500 2009 4 10 100085.2099 A
11264500 2009 4 11 100118.6414 A
11264500 2009 4 12 100052.4787 A
11264500 2009 4 13 100079.2171 A
11264500 2009 4 14 100416.4229 A
11264500 2009 4 15 100096.9404 A
11264500 2009 4 16 100116.2835 A
11264500 2009 4 17 100109.1217 A
11264500 2009 4 18 100065.3326 A
11264500 2009 4 19 100152.8081 A
11264500 2009 4 20 100147.8537 A
11264500 2009 4 21 100442.3732 A
11264500 2009 4 22 100727.7625 A
11264500 2009 4 23 100729.7142 A
11264500 2009 4 24 100832.7037 A
11264500 2009 4 25 100450.0858 A
11264500 2009 4 26 100782.8866 A
11264500 2009 4 27 100981.6793 A
11264500 2009 4 28 101179.9673 A
11264500 2009 4 29 101621.5104 A
11264500 2009 4 30 101618.5626 A
11264500 2009 5 1 101840.4898 A
11264500 2009 5 2 102380.6657 A
11264500 2009 5 3 101931.3984 A
11264500 2009 5 4 101991.2122 A
11264500 2009 5 5 102283.2173 A
11264500 2009 5 6 102112.5680 A
11264500 2009 5 7 102545.5991 A
11264500 2009 5 8 102264.8695 A
11264500 2009 5 9 102658.0371 A
11264500 2009 5 10 102845.5523 A
11264500 2009 5 11 103308.4491 A
11264500 2009 5 12 103588.8736 A
11264500 2009 5 13 103277.2341 A
11264500 2009 5 14 104395.2227 A
11264500 2009 5 15 104117.6962 A
11264500 2009 5 16 104378.4846 A
11264500 2009 5 17 104078.3584 A
11264500 2009 5 18 104467.3627 A
11264500 2009 5 19 105207.4770 A
11264500 2009 5 20 105116.0744 A
11264500 2009 5 21 105480.3410 A
11264500 2009 5 22 105717.2581 A
11264500 2009 5 23 105521.4171 A
11264500 2009 5 24 106083.7273 A
11264500 2009 5 25 106697.0118 A
11264500 2009 5 26 106978.7962 A
11264500 2009 5 27 107041.8592 A
11264500 2009 5 28 107722.3349 A
11264500 2009 5 29 107337.9518 A
11264500 2009 5 30 107605.0908 A
11264500 2009 5 31 108629.8745 A
11264500 2009 6 1 108720.0687 A
11264500 2009 6 2 108727.0136 A
11264500 2009 6 3 109379.5123 A
11264500 2009 6 4 109281.9663 A
11264500 2009 6 5 109820.9573 A
11264500 2009 6 6 109048.7055 A
11264500 2009 6 7 109140.1553 A
11264500 2009 6 8 108821.6275 A
11264500 2009 6 9 108633.9191 A
11264500 2009 6 10 108742.3716 A
11264500 2009 6 11 108693.2851 A
11264500 2009 6 12 108723.5128 A
11264500 2009 6 13 108671.2999 A
11264500 2009 6 14 108819.5250 A
11264500 2009 6 15 108766.6971 A
11264500 2009 6 16 108713.3383 A
11264500 2009 6 17 109011.7793 A
11264500 2009 6 18 108713.2837 A
11264500 2009 6 19 108718.0356 A
11264500 2009 6 20 108794.2249 A
11264500 2009 6 21 108987.0421 A
11264500 2009 6 22 108807.6590 A
11264500 2009 6 23 108659.3289 A
11264500 2009 6 24 108757.8035 A
11264500 2009 6 25 108883.9601 A
11264500 2009 6 26 108831.4151 A
11264500 2009 6 27 108830.0193 A
11264500 2009 6 28 108977.7131 A
11264500 2009 6 29 108812.9885 A
11264500 2009 6 30 108849.5445 A
11264500 2009 7 1 108837.6114 A
11264500 2009 7 2 108847.6873 A
11264500 2009 7 3 108787.4631 A
11264500 2009 7 4 108869.6627 A
11264500 2009 7 5 108776.4349 A
11264500 2009 7 6 108839.4929 A
11264500 2009 7 7 108818.8021 A
11264500 2009 7 8 108786.7456 A
11264500 2009 7 9 108771.0260 A
11264500 2009 7 10 108781.4858 A
11264500 2009 7 11 108779.2902 A
11264500 2009 7 12 108825.8105 A
11264500 2009 7 13 108743.5042 A
11264500 2009 7 14 108783.9837 A
11264500 2009 7 15 108742.0179 A
11264500 2009 7 16 108743.5660 A
11264500 2009 7 17 108809.1310 A
11264500 2009 7 18 108855.9318 A
11264500 2009 7 19 108788.1333 A
11264500 2009 7 20 108686.8678 A
11264500 2009 7 21 108940.6148 A
11264500 2009 7 22 108867.9465 A
11264500 2009 7 23 108795.7482 A
11264500 2009 7 24 108754.4280 A
11264500 2009 7 25 108829.8000 A
11264500 2009 7 26 108738.3844 A
11264500 2009 7 27 108955.0034 A
11264500 2009 7 28 108827.0532 A
11264500 2009 7 29 108789.9057 A
11264500 2009 7 30 108943.5150 A
11264500 2009 7 31 108873.9841 A
11264500 2009 8 1 108759.5120 A
11264500 2009 8 2 108674.7131 A
11264500 2009 8 3 108744.2753 A
11264500 2009 8 4 108982.4337 A
11264500 2009 8 5 109033.6491 A
11264500 2009 8 6 108860.7615 A
11264500 2009 8 7 108894.8794 A
11264500 2009 8 8 108837.1740 A
11264500 2009 8 9 108868.9606 A
11264500 2009 8 10 108829.6220 A
11264500 2009 8 11 108856.3776 A
11264500 2009 8 12 108905.1268 A
11264500 2009 8 13 108848.9564 A
11264500 2009 8 14 108863.0138 A
11264500 2009 8 15 108763.8776 A
11264500 2009 8 16 108939.5884 A
11264500 2009 8 17 108949.7760 A
11264500 2009 8 18 108788.3716 A
11264500 2009 8 19 109061.8293 A
11264500 2009 8 20 108771.7871 A
11264500 2009 8 21 108923.8262 A
11264500 2009 8 22 108888.8909 A
11264500 2009 8 23 108809.4890 A
11264500 2009 8 24 108789.1797 A
11264500 2009 8 25 108815.4292 A
11264500 2009 8 26 108790.6649 A
11264500 2009 8 27 108944.6413 A
11264500 2009 8 28 108813.3793 A
11264500 2009 8 29 108827.1448 A
11264500 2009 8 30 108983.5156 A
11264500 2009 8 31 108845.0509 A
11264500 2009 9 1 108866.2726 A
11264500 2009 9 2 108966.3543 A
11264500 2009 9 3 108899.0793 A
11264500 2009 9 4 108823.2172 A
11264500 2009 9 5 108869.8312 A
11264500 2009 9 6 108807.5961 A
11264500 2009 9 7 108802.2871 A
11264500 2009 9 8 108795.7941 A
11264500 2009 9 9 108929.2652 A
11264500 2009 9 10 108820.0306 A
11264500 2009 9 11 108787.2226 A
11264500 2009 9 12 108739.8018 A
11264500 2009 9 13 108814.1921 A
11264500 2009 9 14 108859.1218 A
11264500 2009 9 15 108986.3330 A
11264500 2009 9 16 108825.5430 A
11264500 2009 9 17 108764.0339 A
11264500 2009 9 18 108933.6212 A
11264500 2009 9 19 108858.9816 A
11264500 2009 9 20 108968.4997 A
11264500 2009 9 21 108803.5356 A
11264500 2009 9 22 108807.2803 A
11264500 2009 9 23 108823.1370 A
11264500 2009 9 24 108841.0244 A
11264500 2009 9 25 108767.2537 A
11264500 2009 9 26 108811.2012 A
11264500 2009 9 27 108832.9507 A
11264500 2009 9 28 108798.5917 A
11264500 2009 9 29 108959.5524 A
11264500 2009 9 30 109023.8954 A
11264500 2009 10 1 108929.7556 A
11264500 2009 10 2 108852.1480 A
11264500 2009 10 3 108878.3867 A
11264500 2009 10 4 108868.2752 A
11264500 2009 10 5 108897.1582 A
11264500 2009 10 6 108839.0474 A
11264500 2009 10 7 108993.8319 A
11264500 2009 10 8 108816.2191 A
11264500 2009 10 9 109036.2715 A
11264500 2009 10 10 109267.3463 A
11264500 2009 10 11 109135.4067 A
11264500 2009 10 12 109077.2027 A
11264500 2009 10 13 109013.7942 A
11264500 2009 10 14 108978.4407 A
11264500 2009 10 15 108964.6049 A
11264500 2009 10 16 109031.8863 A
11264500 2009 10 17 108967.0840 A
11264500 2009 10 18 109142.6041 A
11264500 2009 10 19 109000.0656 A
11264500 2009 10 20 108924.1847 A
11264500 2009 10 21 109172.2574 A
11264500 2009 10 22 109311.0158 A
11264500 2009 10 23 109098.7131 A
11264500 2009 10 24 109095.1906 A
11264500 2009 10 25 109175.5491 A
11264500 2009 10 26 109033.3270 A
11264500 2009 10 27 109112.4381 A
11264500 2009 10 28 109007.9976 A
11264500 2009 10 29 109001.0337 A
11264500 2009 10 30 109216.4213 A
11264500 2009 10 31 109000.6100 A
11264500 2009 11 1 108994.9360 A
11264500 2009 11 2 108973.3841 A
11264500 2009 11 3 108998.7920 A
11264500 2009 11 4 108990.2481 A
11264500 2009 11 5 109019.1022 A
11264500 2009 11 6 108904.2922 A
11264500 2009 11 7 108918.7548 A
11264500 2009 11 8 108959.5105 A
11264500 2009 11 9 108872.0747 A
11264500 2009 11 10 108983.6461 A
11264500 2009 11 11 109011.3024 A
11264500 2009 11 12 108909.2002 A
11264500 2009 11 13 108864.1395 A
11264500 2009 11 14 108865.2819 A
11264500 2009 11 15 108846.4215 A
11264500 2009 11 16 108793.5837 A
11264500 2009 11 17 108752.8668 A
11264500 2009 11 18 108795.2260 A
11264500 2009 11 19 108785.6421 A
11264500 2009 11 20 108852.7316 A
11264500 2009 11 21 108814.7905 A
11264500 2009 11 22 108784.7654 A
11264500 2009 11 23 108746.4377 A
11264500 2009 11 24 108701.8547 A
11264500 2009 11 25 108654.7706 A
11264500 2009 11 26 108732.2461 A
11264500 2009 11 27 108652.2702 A
11264500 2009 11 28 108598.8414 A
11264500 2009 11 29 108689.1128 A
11264500 2009 11 30 108745.9694 A
11264500 2009 12 1 108594.4456 A
11264500 2009 12 2 108645.2671 A
11264500 2009 12 3 108626.6200 A
11264500 2009 12 4 108629.1402 A
11264500 2009 12 5 108558.3640 A
11264500 2009 12 6 108622.7745 A
11264500 2009 12 7 108539.9342 A
11264500 2009 12 8 108506.4245 A
11264500 2009 12 9 108517.9512 A
11264500 2009 12 10 108550.5972 A
11264500 2009 12 11 108515.9210 A
11264500 2009 12 12 108541.9531 A
11264500 2009 12 13 108512.8135 A
11264500 2009 12 14 108513.2735 A
11264500 2009 12 15 108403.1265 A
11264500 2009 12 16 108518.5544 A
11264500 2009 12 17 108512.8044 A
11264500 2009 12 18 108582.2818 A
11264500 2009 12 19 108445.8569 A
11264500 2009 12 20 108602.0859 A
11264500 2009 12 21 108424.7347 A
11264500 2009 12 22 108436.2823 A
11264500 2009 12 23 108422.8365 A
11264500 2009 12 24 108552.7528 A
11264500 2009 12 25 108443.6838 A
11264500 2009 12 26 108446.7311 A
11264500 2009 12 27 108445.1068 A
11264500 2009 12 28 108418.4542 A
11264500 2009 12 29 108376.9046 A
11264500 2009 12 30 108347.0100 A
11264500 2009 12 31 108349.1238 A
